code,time,target,score,predcit_time
sh.600000,2025-06-16,2025-06-23,0.2027587890625,2025-06-16 20:04:23.571672
sh.600009,2025-06-16,2025-06-23,0.2225341796875,2025-06-16 20:04:23.571672
sh.600010,2025-06-16,2025-06-23,0.081787109375,2025-06-16 20:04:23.571672
sh.600011,2025-06-16,2025-06-23,0.0894775390625,2025-06-16 20:04:23.571672
sh.600015,2025-06-16,2025-06-23,0.1998291015625,2025-06-16 20:04:23.571672
sh.600016,2025-06-16,2025-06-23,0.2958984375,2025-06-16 20:04:23.571672
sh.600018,2025-06-16,2025-06-23,0.144287109375,2025-06-16 20:04:23.571672
sh.600019,2025-06-16,2025-06-23,0.1300048828125,2025-06-16 20:04:23.571672
sh.600023,2025-06-16,2025-06-23,0.140625,2025-06-16 20:04:23.571672
sh.600025,2025-06-16,2025-06-23,0.22607421875,2025-06-16 20:04:23.571672
sh.600026,2025-06-16,2025-06-23,0.1190185546875,2025-06-16 20:04:23.571672
sh.600027,2025-06-16,2025-06-23,0.11199951171875,2025-06-16 20:04:23.571672
sh.600028,2025-06-16,2025-06-23,0.16748046875,2025-06-16 20:04:23.571672
sh.600029,2025-06-16,2025-06-23,0.119384765625,2025-06-16 20:04:23.571672
sh.600030,2025-06-16,2025-06-23,0.1636962890625,2025-06-16 20:04:23.571672
sh.600031,2025-06-16,2025-06-23,0.169189453125,2025-06-16 20:04:23.571672
sh.600036,2025-06-16,2025-06-23,0.2349853515625,2025-06-16 20:04:23.571672
sh.600039,2025-06-16,2025-06-23,0.177001953125,2025-06-16 20:04:23.571672
sh.600048,2025-06-16,2025-06-23,0.151611328125,2025-06-16 20:04:23.571672
sh.600050,2025-06-16,2025-06-23,0.203125,2025-06-16 20:04:23.571672
sh.600061,2025-06-16,2025-06-23,0.17333984375,2025-06-16 20:04:23.571672
sh.600066,2025-06-16,2025-06-23,0.1400146484375,2025-06-16 20:04:23.571672
sh.600085,2025-06-16,2025-06-23,0.1259765625,2025-06-16 20:04:23.571672
sh.600089,2025-06-16,2025-06-23,0.080078125,2025-06-16 20:04:23.571672
sh.600104,2025-06-16,2025-06-23,0.10577392578125,2025-06-16 20:04:23.571672
sh.600111,2025-06-16,2025-06-23,0.134765625,2025-06-16 20:04:23.571672
sh.600115,2025-06-16,2025-06-23,0.12054443359375,2025-06-16 20:04:23.571672
sh.600150,2025-06-16,2025-06-23,0.08465576171875,2025-06-16 20:04:23.571672
sh.600160,2025-06-16,2025-06-23,0.1339111328125,2025-06-16 20:04:23.571672
sh.600161,2025-06-16,2025-06-23,0.1121826171875,2025-06-16 20:04:23.571672
sh.600176,2025-06-16,2025-06-23,0.15576171875,2025-06-16 20:04:23.571672
sh.600183,2025-06-16,2025-06-23,0.140380859375,2025-06-16 20:04:23.571672
sh.600188,2025-06-16,2025-06-23,0.13623046875,2025-06-16 20:04:23.571672
sh.600196,2025-06-16,2025-06-23,0.11962890625,2025-06-16 20:04:23.571672
sh.600219,2025-06-16,2025-06-23,0.12249755859375,2025-06-16 20:04:23.571672
sh.600233,2025-06-16,2025-06-23,0.0701904296875,2025-06-16 20:04:23.571672
sh.600276,2025-06-16,2025-06-23,0.1214599609375,2025-06-16 20:04:23.571672
sh.600309,2025-06-16,2025-06-23,0.1007080078125,2025-06-16 20:04:23.571672
sh.600332,2025-06-16,2025-06-23,0.1231689453125,2025-06-16 20:04:23.571672
sh.600346,2025-06-16,2025-06-23,0.126220703125,2025-06-16 20:04:23.571672
sh.600362,2025-06-16,2025-06-23,0.1190185546875,2025-06-16 20:04:23.571672
sh.600372,2025-06-16,2025-06-23,0.138427734375,2025-06-16 20:04:23.571672
sh.600377,2025-06-16,2025-06-23,0.1346435546875,2025-06-16 20:04:23.571672
sh.600406,2025-06-16,2025-06-23,0.09771728515625,2025-06-16 20:04:23.571672
sh.600415,2025-06-16,2025-06-23,0.14453125,2025-06-16 20:04:23.571672
sh.600426,2025-06-16,2025-06-23,0.143798828125,2025-06-16 20:04:23.571672
sh.600436,2025-06-16,2025-06-23,0.26806640625,2025-06-16 20:04:23.571672
sh.600438,2025-06-16,2025-06-23,0.1884765625,2025-06-16 20:04:23.571672
sh.600460,2025-06-16,2025-06-23,0.2156982421875,2025-06-16 20:04:23.571672
sh.600482,2025-06-16,2025-06-23,0.11102294921875,2025-06-16 20:04:23.571672
sh.600489,2025-06-16,2025-06-23,0.1533203125,2025-06-16 20:04:23.571672
sh.600515,2025-06-16,2025-06-23,0.327392578125,2025-06-16 20:04:23.571672
sh.600519,2025-06-16,2025-06-23,0.476806640625,2025-06-16 20:04:23.571672
sh.600547,2025-06-16,2025-06-23,0.1334228515625,2025-06-16 20:04:23.571672
sh.600570,2025-06-16,2025-06-23,0.1756591796875,2025-06-16 20:04:23.571672
sh.600584,2025-06-16,2025-06-23,0.10394287109375,2025-06-16 20:04:23.571672
sh.600585,2025-06-16,2025-06-23,0.254150390625,2025-06-16 20:04:23.571672
sh.600588,2025-06-16,2025-06-23,0.09515380859375,2025-06-16 20:04:23.571672
sh.600600,2025-06-16,2025-06-23,0.341796875,2025-06-16 20:04:23.571672
sh.600660,2025-06-16,2025-06-23,0.1748046875,2025-06-16 20:04:23.571672
sh.600674,2025-06-16,2025-06-23,0.1923828125,2025-06-16 20:04:23.571672
sh.600690,2025-06-16,2025-06-23,0.2098388671875,2025-06-16 20:04:23.571672
sh.600741,2025-06-16,2025-06-23,0.1334228515625,2025-06-16 20:04:23.571672
sh.600760,2025-06-16,2025-06-23,0.1993408203125,2025-06-16 20:04:23.571672
sh.600795,2025-06-16,2025-06-23,0.1845703125,2025-06-16 20:04:23.571672
sh.600803,2025-06-16,2025-06-23,0.1387939453125,2025-06-16 20:04:23.571672
sh.600809,2025-06-16,2025-06-23,0.298095703125,2025-06-16 20:04:23.571672
sh.600845,2025-06-16,2025-06-23,0.343994140625,2025-06-16 20:04:23.571672
sh.600875,2025-06-16,2025-06-23,0.1502685546875,2025-06-16 20:04:23.571672
sh.600886,2025-06-16,2025-06-23,0.1376953125,2025-06-16 20:04:23.571672
sh.600887,2025-06-16,2025-06-23,0.09027099609375,2025-06-16 20:04:23.571672
sh.600893,2025-06-16,2025-06-23,0.1351318359375,2025-06-16 20:04:23.571672
sh.600900,2025-06-16,2025-06-23,0.1435546875,2025-06-16 20:04:23.571672
sh.600905,2025-06-16,2025-06-23,0.115966796875,2025-06-16 20:04:23.571672
sh.600918,2025-06-16,2025-06-23,0.357421875,2025-06-16 20:04:23.571672
sh.600919,2025-06-16,2025-06-23,0.280517578125,2025-06-16 20:04:23.571672
sh.600926,2025-06-16,2025-06-23,0.216552734375,2025-06-16 20:04:23.571672
sh.600938,2025-06-16,2025-06-23,0.1466064453125,2025-06-16 20:04:23.571672
sh.600941,2025-06-16,2025-06-23,0.313720703125,2025-06-16 20:04:23.571672
sh.600958,2025-06-16,2025-06-23,0.2274169921875,2025-06-16 20:04:23.571672
sh.600989,2025-06-16,2025-06-23,0.129150390625,2025-06-16 20:04:23.571672
sh.600999,2025-06-16,2025-06-23,0.27001953125,2025-06-16 20:04:23.571672
sh.601006,2025-06-16,2025-06-23,0.078369140625,2025-06-16 20:04:23.571672
sh.601009,2025-06-16,2025-06-23,0.23828125,2025-06-16 20:04:23.571672
sh.601012,2025-06-16,2025-06-23,0.2083740234375,2025-06-16 20:04:23.571672
sh.601021,2025-06-16,2025-06-23,0.1324462890625,2025-06-16 20:04:23.571672
sh.601058,2025-06-16,2025-06-23,0.115966796875,2025-06-16 20:04:23.571672
sh.601066,2025-06-16,2025-06-23,0.2017822265625,2025-06-16 20:04:23.571672
sh.601077,2022-10-31,2022-11-07,0.163818359375,2025-06-16 20:04:23.571672
sh.601077,2022-11-01,2022-11-08,0.177978515625,2025-06-16 20:04:23.571672
sh.601077,2022-11-02,2022-11-09,0.1942138671875,2025-06-16 20:04:23.571672
sh.601077,2022-11-03,2022-11-10,0.18408203125,2025-06-16 20:04:23.571672
sh.601077,2022-11-04,2022-11-11,0.15234375,2025-06-16 20:04:23.571672
sh.601077,2022-11-07,2022-11-14,0.19873046875,2025-06-16 20:04:23.571672
sh.601077,2022-11-08,2022-11-15,0.2318115234375,2025-06-16 20:04:23.571672
sh.601077,2022-11-09,2022-11-16,0.19287109375,2025-06-16 20:04:23.571672
sh.601077,2022-11-10,2022-11-17,0.240966796875,2025-06-16 20:04:23.571672
sh.601077,2022-11-11,2022-11-18,0.10821533203125,2025-06-16 20:04:23.571672
sh.601077,2022-11-14,2022-11-21,0.1124267578125,2025-06-16 20:04:23.571672
sh.601077,2022-11-15,2022-11-22,0.1015625,2025-06-16 20:04:23.571672
sh.601077,2022-11-16,2022-11-23,0.1634521484375,2025-06-16 20:04:23.571672
sh.601077,2022-11-17,2022-11-24,0.218505859375,2025-06-16 20:04:23.571672
sh.601077,2022-11-18,2022-11-25,0.1685791015625,2025-06-16 20:04:23.571672
sh.601077,2022-11-21,2022-11-28,0.190673828125,2025-06-16 20:04:23.571672
sh.601077,2022-11-22,2022-11-29,0.106689453125,2025-06-16 20:04:23.571672
sh.601077,2022-11-23,2022-11-30,0.0809326171875,2025-06-16 20:04:23.571672
sh.601077,2022-11-24,2022-12-01,0.1767578125,2025-06-16 20:04:23.571672
sh.601077,2022-11-25,2022-12-02,0.253173828125,2025-06-16 20:04:23.571672
sh.601077,2022-11-28,2022-12-05,0.1383056640625,2025-06-16 20:04:23.571672
sh.601077,2022-11-29,2022-12-06,0.07275390625,2025-06-16 20:04:23.571672
sh.601077,2022-11-30,2022-12-07,0.137939453125,2025-06-16 20:04:23.571672
sh.601077,2022-12-01,2022-12-08,0.13134765625,2025-06-16 20:04:23.571672
sh.601077,2022-12-02,2022-12-09,0.1517333984375,2025-06-16 20:04:23.571672
sh.601077,2022-12-05,2022-12-12,0.1246337890625,2025-06-16 20:04:23.571672
sh.601077,2022-12-06,2022-12-13,0.1444091796875,2025-06-16 20:04:23.571672
sh.601077,2022-12-07,2022-12-14,0.1455078125,2025-06-16 20:04:23.571672
sh.601077,2022-12-08,2022-12-15,0.15869140625,2025-06-16 20:04:23.571672
sh.601077,2022-12-09,2022-12-16,0.13525390625,2025-06-16 20:04:23.571672
sh.601077,2022-12-12,2022-12-19,0.1453857421875,2025-06-16 20:04:23.571672
sh.601077,2022-12-13,2022-12-20,0.11456298828125,2025-06-16 20:04:23.571672
sh.601077,2022-12-14,2022-12-21,0.158203125,2025-06-16 20:04:23.571672
sh.601077,2022-12-15,2022-12-22,0.131591796875,2025-06-16 20:04:23.571672
sh.601077,2022-12-16,2022-12-23,0.159423828125,2025-06-16 20:04:23.571672
sh.601077,2022-12-19,2022-12-26,0.133056640625,2025-06-16 20:04:23.571672
sh.601077,2022-12-20,2022-12-27,0.137939453125,2025-06-16 20:04:23.571672
sh.601077,2022-12-21,2022-12-28,0.145263671875,2025-06-16 20:04:23.571672
sh.601077,2022-12-22,2022-12-29,0.1458740234375,2025-06-16 20:04:23.571672
sh.601077,2022-12-23,2022-12-30,0.16259765625,2025-06-16 20:04:23.571672
sh.601077,2022-12-26,2023-01-02,0.21240234375,2025-06-16 20:04:23.571672
sh.601077,2022-12-27,2023-01-03,0.14697265625,2025-06-16 20:04:23.571672
sh.601077,2022-12-28,2023-01-04,0.11029052734375,2025-06-16 20:04:23.571672
sh.601077,2022-12-29,2023-01-05,0.155517578125,2025-06-16 20:04:23.571672
sh.601077,2022-12-30,2023-01-06,0.120849609375,2025-06-16 20:04:23.571672
sh.601077,2023-01-03,2023-01-10,0.1439208984375,2025-06-16 20:04:23.571672
sh.601077,2023-01-04,2023-01-11,0.20556640625,2025-06-16 20:04:23.571672
sh.601077,2023-01-05,2023-01-12,0.1279296875,2025-06-16 20:04:23.571672
sh.601077,2023-01-06,2023-01-13,0.1484375,2025-06-16 20:04:23.571672
sh.601077,2023-01-09,2023-01-16,0.136474609375,2025-06-16 20:04:23.571672
sh.601077,2023-01-10,2023-01-17,0.141845703125,2025-06-16 20:04:23.571672
sh.601077,2023-01-11,2023-01-18,0.154052734375,2025-06-16 20:04:23.571672
sh.601077,2023-01-12,2023-01-19,0.1376953125,2025-06-16 20:04:23.571672
sh.601077,2023-01-13,2023-01-20,0.463134765625,2025-06-16 20:04:23.571672
sh.601077,2023-01-16,2023-01-23,0.09686279296875,2025-06-16 20:04:23.571672
sh.601077,2023-01-17,2023-01-24,0.13232421875,2025-06-16 20:04:23.571672
sh.601077,2023-01-18,2023-01-25,0.07696533203125,2025-06-16 20:04:23.571672
sh.601077,2023-01-19,2023-01-26,0.142578125,2025-06-16 20:04:23.571672
sh.601077,2023-01-20,2023-01-27,0.172119140625,2025-06-16 20:04:23.571672
sh.601077,2023-01-30,2023-02-06,0.131591796875,2025-06-16 20:04:23.571672
sh.601077,2023-01-31,2023-02-07,0.1553955078125,2025-06-16 20:04:23.571672
sh.601077,2023-02-01,2023-02-08,0.1334228515625,2025-06-16 20:04:23.571672
sh.601077,2023-02-02,2023-02-09,0.139892578125,2025-06-16 20:04:23.571672
sh.601077,2023-02-03,2023-02-10,0.1407470703125,2025-06-16 20:04:23.571672
sh.601077,2023-02-06,2023-02-13,0.1314697265625,2025-06-16 20:04:23.571672
sh.601077,2023-02-07,2023-02-14,0.1307373046875,2025-06-16 20:04:23.571672
sh.601077,2023-02-08,2023-02-15,0.133544921875,2025-06-16 20:04:23.571672
sh.601077,2023-02-09,2023-02-16,0.419189453125,2025-06-16 20:04:23.571672
sh.601077,2023-02-10,2023-02-17,0.12890625,2025-06-16 20:04:23.571672
sh.601077,2023-02-13,2023-02-20,0.1474609375,2025-06-16 20:04:23.571672
sh.601077,2023-02-14,2023-02-21,0.1297607421875,2025-06-16 20:04:23.571672
sh.601077,2023-02-15,2023-02-22,0.1376953125,2025-06-16 20:04:23.571672
sh.601077,2023-02-16,2023-02-23,0.11517333984375,2025-06-16 20:04:23.571672
sh.601077,2023-02-17,2023-02-24,0.1422119140625,2025-06-16 20:04:23.571672
sh.601077,2023-02-20,2023-02-27,0.09979248046875,2025-06-16 20:04:23.571672
sh.601077,2023-02-21,2023-02-28,0.4560546875,2025-06-16 20:04:23.571672
sh.601077,2023-02-22,2023-03-01,0.1488037109375,2025-06-16 20:04:23.571672
sh.601077,2023-02-23,2023-03-02,0.134033203125,2025-06-16 20:04:23.571672
sh.601077,2023-02-24,2023-03-03,0.1334228515625,2025-06-16 20:04:23.571672
sh.601077,2023-02-27,2023-03-06,0.1424560546875,2025-06-16 20:04:23.571672
sh.601077,2023-02-28,2023-03-07,0.1903076171875,2025-06-16 20:04:23.571672
sh.601077,2023-03-01,2023-03-08,0.11968994140625,2025-06-16 20:04:23.571672
sh.601077,2023-03-02,2023-03-09,0.12841796875,2025-06-16 20:04:23.571672
sh.601077,2023-03-03,2023-03-10,0.13720703125,2025-06-16 20:04:23.571672
sh.601077,2023-03-06,2023-03-13,0.1376953125,2025-06-16 20:04:23.571672
sh.601077,2023-03-07,2023-03-14,0.08477783203125,2025-06-16 20:04:23.571672
sh.601077,2023-03-08,2023-03-15,0.13427734375,2025-06-16 20:04:23.571672
sh.601077,2023-03-09,2023-03-16,0.1251220703125,2025-06-16 20:04:23.571672
sh.601077,2023-03-10,2023-03-17,0.1285400390625,2025-06-16 20:04:23.571672
sh.601077,2023-03-13,2023-03-20,0.217529296875,2025-06-16 20:04:23.571672
sh.601077,2023-03-14,2023-03-21,0.1248779296875,2025-06-16 20:04:23.571672
sh.601077,2023-03-15,2023-03-22,0.1282958984375,2025-06-16 20:04:23.571672
sh.601077,2023-03-16,2023-03-23,0.08599853515625,2025-06-16 20:04:23.571672
sh.601077,2023-03-17,2023-03-24,0.155029296875,2025-06-16 20:04:23.571672
sh.601077,2023-03-20,2023-03-27,0.1094970703125,2025-06-16 20:04:23.571672
sh.601077,2023-03-21,2023-03-28,0.11920166015625,2025-06-16 20:04:23.571672
sh.601077,2023-03-22,2023-03-29,0.24853515625,2025-06-16 20:04:23.571672
sh.601077,2023-03-23,2023-03-30,0.1453857421875,2025-06-16 20:04:23.571672
sh.601077,2023-03-24,2023-03-31,0.163330078125,2025-06-16 20:04:23.571672
sh.601077,2023-03-27,2023-04-03,0.1319580078125,2025-06-16 20:04:23.571672
sh.601077,2023-03-28,2023-04-04,0.1326904296875,2025-06-16 20:04:23.571672
sh.601077,2023-03-29,2023-04-05,0.1314697265625,2025-06-16 20:04:23.571672
sh.601077,2023-03-30,2023-04-06,0.1953125,2025-06-16 20:04:23.571672
sh.601077,2023-03-31,2023-04-07,0.0823974609375,2025-06-16 20:04:23.571672
sh.601077,2023-04-03,2023-04-10,0.1343994140625,2025-06-16 20:04:23.571672
sh.601077,2023-04-04,2023-04-11,0.22216796875,2025-06-16 20:04:23.571672
sh.601077,2023-04-06,2023-04-13,0.1474609375,2025-06-16 20:04:23.571672
sh.601077,2023-04-07,2023-04-14,0.17138671875,2025-06-16 20:04:23.571672
sh.601077,2023-04-10,2023-04-17,0.1656494140625,2025-06-16 20:04:23.571672
sh.601077,2023-04-11,2023-04-18,0.1474609375,2025-06-16 20:04:23.571672
sh.601077,2023-04-12,2023-04-19,0.1593017578125,2025-06-16 20:04:23.571672
sh.601077,2023-04-13,2023-04-20,0.2841796875,2025-06-16 20:04:23.571672
sh.601077,2023-04-14,2023-04-21,0.191650390625,2025-06-16 20:04:23.571672
sh.601077,2023-04-17,2023-04-24,0.296142578125,2025-06-16 20:04:23.571672
sh.601077,2023-04-18,2023-04-25,0.204833984375,2025-06-16 20:04:23.571672
sh.601077,2023-04-19,2023-04-26,0.16357421875,2025-06-16 20:04:23.571672
sh.601077,2023-04-20,2023-04-27,0.2005615234375,2025-06-16 20:04:23.571672
sh.601077,2023-04-21,2023-04-28,0.11968994140625,2025-06-16 20:04:23.571672
sh.601077,2023-04-24,2023-05-01,0.1143798828125,2025-06-16 20:04:23.571672
sh.601077,2023-04-25,2023-05-02,0.2445068359375,2025-06-16 20:04:23.571672
sh.601077,2023-04-26,2023-05-03,0.1693115234375,2025-06-16 20:04:23.571672
sh.601077,2023-04-27,2023-05-04,0.2298583984375,2025-06-16 20:04:23.571672
sh.601077,2023-04-28,2023-05-05,0.251220703125,2025-06-16 20:04:23.571672
sh.601077,2023-05-04,2023-05-11,0.194580078125,2025-06-16 20:04:23.571672
sh.601077,2023-05-05,2023-05-12,0.2379150390625,2025-06-16 20:04:23.571672
sh.601077,2023-05-08,2023-05-15,0.22119140625,2025-06-16 20:04:23.571672
sh.601077,2023-05-09,2023-05-16,0.2354736328125,2025-06-16 20:04:23.571672
sh.601077,2023-05-10,2023-05-17,0.2276611328125,2025-06-16 20:04:23.571672
sh.601077,2023-05-11,2023-05-18,0.11932373046875,2025-06-16 20:04:23.571672
sh.601077,2023-05-12,2023-05-19,0.138427734375,2025-06-16 20:04:23.571672
sh.601077,2023-05-15,2023-05-22,0.1353759765625,2025-06-16 20:04:23.571672
sh.601077,2023-05-16,2023-05-23,0.1134033203125,2025-06-16 20:04:23.571672
sh.601077,2023-05-17,2023-05-24,0.141845703125,2025-06-16 20:04:23.571672
sh.601077,2023-05-18,2023-05-25,0.1015625,2025-06-16 20:04:23.571672
sh.601077,2023-05-19,2023-05-26,0.1466064453125,2025-06-16 20:04:23.571672
sh.601077,2023-05-22,2023-05-29,0.11962890625,2025-06-16 20:04:23.571672
sh.601077,2023-05-23,2023-05-30,0.135498046875,2025-06-16 20:04:23.571672
sh.601077,2023-05-24,2023-05-31,0.1361083984375,2025-06-16 20:04:23.571672
sh.601077,2023-05-25,2023-06-01,0.1763916015625,2025-06-16 20:04:23.571672
sh.601077,2023-05-26,2023-06-02,0.1334228515625,2025-06-16 20:04:23.571672
sh.601077,2023-05-29,2023-06-05,0.11517333984375,2025-06-16 20:04:23.571672
sh.601077,2023-05-30,2023-06-06,0.1533203125,2025-06-16 20:04:23.571672
sh.601077,2023-05-31,2023-06-07,0.1500244140625,2025-06-16 20:04:23.571672
sh.601077,2023-06-01,2023-06-08,0.168701171875,2025-06-16 20:04:23.571672
sh.601077,2023-06-02,2023-06-09,0.216552734375,2025-06-16 20:04:23.571672
sh.601077,2023-06-05,2023-06-12,0.1624755859375,2025-06-16 20:04:23.571672
sh.601077,2023-06-06,2023-06-13,0.140869140625,2025-06-16 20:04:23.571672
sh.601077,2023-06-07,2023-06-14,0.1478271484375,2025-06-16 20:04:23.571672
sh.601077,2023-06-08,2023-06-15,0.199462890625,2025-06-16 20:04:23.571672
sh.601077,2023-06-09,2023-06-16,0.142578125,2025-06-16 20:04:23.571672
sh.601077,2023-06-12,2023-06-19,0.142333984375,2025-06-16 20:04:23.571672
sh.601077,2023-06-13,2023-06-20,0.24169921875,2025-06-16 20:04:23.571672
sh.601077,2023-06-14,2023-06-21,0.155517578125,2025-06-16 20:04:23.571672
sh.601077,2023-06-15,2023-06-22,0.283935546875,2025-06-16 20:04:23.571672
sh.601077,2023-06-16,2023-06-23,0.2239990234375,2025-06-16 20:04:23.571672
sh.601077,2023-06-19,2023-06-26,0.20263671875,2025-06-16 20:04:23.571672
sh.601077,2023-06-20,2023-06-27,0.27685546875,2025-06-16 20:04:23.571672
sh.601077,2023-06-21,2023-06-28,0.323486328125,2025-06-16 20:04:23.571672
sh.601077,2023-06-26,2023-07-03,0.303955078125,2025-06-16 20:04:23.571672
sh.601077,2023-06-27,2023-07-04,0.344482421875,2025-06-16 20:04:23.571672
sh.601077,2023-06-28,2023-07-05,0.30322265625,2025-06-16 20:04:23.571672
sh.601077,2023-06-29,2023-07-06,0.26806640625,2025-06-16 20:04:23.571672
sh.601077,2023-06-30,2023-07-07,0.418212890625,2025-06-16 20:04:23.571672
sh.601077,2023-07-03,2023-07-10,0.2113037109375,2025-06-16 20:04:23.571672
sh.601077,2023-07-04,2023-07-11,0.2001953125,2025-06-16 20:04:23.571672
sh.601077,2023-07-05,2023-07-12,0.1893310546875,2025-06-16 20:04:23.571672
sh.601077,2023-07-06,2023-07-13,0.20166015625,2025-06-16 20:04:23.571672
sh.601077,2023-07-07,2023-07-14,0.30419921875,2025-06-16 20:04:23.571672
sh.601077,2023-07-10,2023-07-17,0.22802734375,2025-06-16 20:04:23.571672
sh.601077,2023-07-11,2023-07-18,0.293701171875,2025-06-16 20:04:23.571672
sh.601077,2023-07-12,2023-07-19,0.218994140625,2025-06-16 20:04:23.571672
sh.601077,2023-07-13,2023-07-20,0.1495361328125,2025-06-16 20:04:23.571672
sh.601077,2023-07-14,2023-07-21,0.150146484375,2025-06-16 20:04:23.571672
sh.601077,2023-07-17,2023-07-24,0.1678466796875,2025-06-16 20:04:23.571672
sh.601077,2023-07-18,2023-07-25,0.1947021484375,2025-06-16 20:04:23.571672
sh.601077,2023-07-19,2023-07-26,0.138671875,2025-06-16 20:04:23.571672
sh.601077,2023-07-20,2023-07-27,0.153076171875,2025-06-16 20:04:23.571672
sh.601077,2023-07-21,2023-07-28,0.152099609375,2025-06-16 20:04:23.571672
sh.601077,2023-07-24,2023-07-31,0.122314453125,2025-06-16 20:04:23.571672
sh.601077,2023-07-25,2023-08-01,0.07574462890625,2025-06-16 20:04:23.571672
sh.601077,2023-07-26,2023-08-02,0.12347412109375,2025-06-16 20:04:23.571672
sh.601077,2023-07-27,2023-08-03,0.0794677734375,2025-06-16 20:04:23.571672
sh.601077,2023-07-28,2023-08-04,0.28076171875,2025-06-16 20:04:23.571672
sh.601077,2023-07-31,2023-08-07,0.10284423828125,2025-06-16 20:04:23.571672
sh.601077,2023-08-01,2023-08-08,0.15087890625,2025-06-16 20:04:23.571672
sh.601077,2023-08-02,2023-08-09,0.1356201171875,2025-06-16 20:04:23.571672
sh.601077,2023-08-03,2023-08-10,0.2119140625,2025-06-16 20:04:23.571672
sh.601077,2023-08-04,2023-08-11,0.13916015625,2025-06-16 20:04:23.571672
sh.601077,2023-08-07,2023-08-14,0.140869140625,2025-06-16 20:04:23.571672
sh.601077,2023-08-08,2023-08-15,0.1300048828125,2025-06-16 20:04:23.571672
sh.601077,2023-08-09,2023-08-16,0.11676025390625,2025-06-16 20:04:23.571672
sh.601077,2023-08-10,2023-08-17,0.18359375,2025-06-16 20:04:23.571672
sh.601077,2023-08-11,2023-08-18,0.1331787109375,2025-06-16 20:04:23.571672
sh.601077,2023-08-14,2023-08-21,0.1373291015625,2025-06-16 20:04:23.571672
sh.601077,2023-08-15,2023-08-22,0.08123779296875,2025-06-16 20:04:23.571672
sh.601077,2023-08-16,2023-08-23,0.1259765625,2025-06-16 20:04:23.571672
sh.601077,2023-08-17,2023-08-24,0.1326904296875,2025-06-16 20:04:23.571672
sh.601077,2023-08-18,2023-08-25,0.07684326171875,2025-06-16 20:04:23.571672
sh.601077,2023-08-21,2023-08-28,0.13037109375,2025-06-16 20:04:23.571672
sh.601077,2023-08-22,2023-08-29,0.142578125,2025-06-16 20:04:23.571672
sh.601077,2023-08-23,2023-08-30,0.11029052734375,2025-06-16 20:04:23.571672
sh.601077,2023-08-24,2023-08-31,0.12249755859375,2025-06-16 20:04:23.571672
sh.601077,2023-08-25,2023-09-01,0.08197021484375,2025-06-16 20:04:23.571672
sh.601077,2023-08-28,2023-09-04,0.1270751953125,2025-06-16 20:04:23.571672
sh.601077,2023-08-29,2023-09-05,0.1343994140625,2025-06-16 20:04:23.571672
sh.601077,2023-08-30,2023-09-06,0.1302490234375,2025-06-16 20:04:23.571672
sh.601077,2023-08-31,2023-09-07,0.11083984375,2025-06-16 20:04:23.571672
sh.601077,2023-09-01,2023-09-08,0.089599609375,2025-06-16 20:04:23.571672
sh.601077,2023-09-04,2023-09-11,0.381103515625,2025-06-16 20:04:23.571672
sh.601077,2023-09-05,2023-09-12,0.145263671875,2025-06-16 20:04:23.571672
sh.601077,2023-09-06,2023-09-13,0.130859375,2025-06-16 20:04:23.571672
sh.601077,2023-09-07,2023-09-14,0.11029052734375,2025-06-16 20:04:23.571672
sh.601077,2023-09-08,2023-09-15,0.1282958984375,2025-06-16 20:04:23.571672
sh.601077,2023-09-11,2023-09-18,0.09136962890625,2025-06-16 20:04:23.571672
sh.601077,2023-09-12,2023-09-19,0.13134765625,2025-06-16 20:04:23.571672
sh.601077,2023-09-13,2023-09-20,0.0987548828125,2025-06-16 20:04:23.571672
sh.601077,2023-09-14,2023-09-21,0.212890625,2025-06-16 20:04:23.571672
sh.601077,2023-09-15,2023-09-22,0.12841796875,2025-06-16 20:04:23.571672
sh.601077,2023-09-18,2023-09-25,0.2120361328125,2025-06-16 20:04:23.571672
sh.601077,2023-09-19,2023-09-26,0.18359375,2025-06-16 20:04:23.571672
sh.601077,2023-09-20,2023-09-27,0.182373046875,2025-06-16 20:04:23.571672
sh.601077,2023-09-21,2023-09-28,0.1878662109375,2025-06-16 20:04:23.571672
sh.601077,2023-09-22,2023-09-29,0.1436767578125,2025-06-16 20:04:23.571672
sh.601077,2023-09-25,2023-10-02,0.20703125,2025-06-16 20:04:23.571672
sh.601077,2023-09-26,2023-10-03,0.1419677734375,2025-06-16 20:04:23.571672
sh.601077,2023-09-27,2023-10-04,0.1365966796875,2025-06-16 20:04:23.571672
sh.601077,2023-09-28,2023-10-05,0.1776123046875,2025-06-16 20:04:23.571672
sh.601077,2023-10-09,2023-10-16,0.205078125,2025-06-16 20:04:23.571672
sh.601077,2023-10-10,2023-10-17,0.1978759765625,2025-06-16 20:04:23.571672
sh.601077,2023-10-11,2023-10-18,0.1806640625,2025-06-16 20:04:23.571672
sh.601077,2023-10-12,2023-10-19,0.2069091796875,2025-06-16 20:04:23.571672
sh.601077,2023-10-13,2023-10-20,0.2578125,2025-06-16 20:04:23.571672
sh.601077,2023-10-16,2023-10-23,0.302978515625,2025-06-16 20:04:23.571672
sh.601077,2023-10-17,2023-10-24,0.285888671875,2025-06-16 20:04:23.571672
sh.601077,2023-10-18,2023-10-25,0.2327880859375,2025-06-16 20:04:23.571672
sh.601077,2023-10-19,2023-10-26,0.149169921875,2025-06-16 20:04:23.571672
sh.601077,2023-10-20,2023-10-27,0.2080078125,2025-06-16 20:04:23.571672
sh.601077,2023-10-23,2023-10-30,0.2049560546875,2025-06-16 20:04:23.571672
sh.601077,2023-10-24,2023-10-31,0.177001953125,2025-06-16 20:04:23.571672
sh.601077,2023-10-25,2023-11-01,0.1683349609375,2025-06-16 20:04:23.571672
sh.601077,2023-10-26,2023-11-02,0.15625,2025-06-16 20:04:23.571672
sh.601077,2023-10-27,2023-11-03,0.2021484375,2025-06-16 20:04:23.571672
sh.601077,2023-10-30,2023-11-06,0.193115234375,2025-06-16 20:04:23.571672
sh.601077,2023-10-31,2023-11-07,0.1959228515625,2025-06-16 20:04:23.571672
sh.601077,2023-11-01,2023-11-08,0.184326171875,2025-06-16 20:04:23.571672
sh.601077,2023-11-02,2023-11-09,0.1658935546875,2025-06-16 20:04:23.571672
sh.601077,2023-11-03,2023-11-10,0.1646728515625,2025-06-16 20:04:23.571672
sh.601077,2023-11-06,2023-11-13,0.1358642578125,2025-06-16 20:04:23.571672
sh.601077,2023-11-07,2023-11-14,0.21630859375,2025-06-16 20:04:23.571672
sh.601077,2023-11-08,2023-11-15,0.17236328125,2025-06-16 20:04:23.571672
sh.601077,2023-11-09,2023-11-16,0.1873779296875,2025-06-16 20:04:23.571672
sh.601077,2023-11-10,2023-11-17,0.1649169921875,2025-06-16 20:04:23.571672
sh.601077,2023-11-13,2023-11-20,0.1734619140625,2025-06-16 20:04:23.571672
sh.601077,2023-11-14,2023-11-21,0.22119140625,2025-06-16 20:04:23.571672
sh.601077,2023-11-15,2023-11-22,0.163818359375,2025-06-16 20:04:23.571672
sh.601077,2023-11-16,2023-11-23,0.2022705078125,2025-06-16 20:04:23.571672
sh.601077,2023-11-17,2023-11-24,0.314453125,2025-06-16 20:04:23.571672
sh.601077,2023-11-20,2023-11-27,0.39111328125,2025-06-16 20:04:23.571672
sh.601077,2023-11-21,2023-11-28,0.453369140625,2025-06-16 20:04:23.571672
sh.601077,2023-11-22,2023-11-29,0.417724609375,2025-06-16 20:04:23.571672
sh.601077,2023-11-23,2023-11-30,0.4404296875,2025-06-16 20:04:23.571672
sh.601077,2023-11-24,2023-12-01,0.4560546875,2025-06-16 20:04:23.571672
sh.601077,2023-11-27,2023-12-04,0.1929931640625,2025-06-16 20:04:23.571672
sh.601077,2023-11-28,2023-12-05,0.2420654296875,2025-06-16 20:04:23.571672
sh.601077,2023-11-29,2023-12-06,0.3251953125,2025-06-16 20:04:23.571672
sh.601077,2023-11-30,2023-12-07,0.371337890625,2025-06-16 20:04:23.571672
sh.601077,2023-12-01,2023-12-08,0.321044921875,2025-06-16 20:04:23.571672
sh.601077,2023-12-04,2023-12-11,0.285888671875,2025-06-16 20:04:23.571672
sh.601077,2023-12-05,2023-12-12,0.166259765625,2025-06-16 20:04:23.571672
sh.601077,2023-12-06,2023-12-13,0.2119140625,2025-06-16 20:04:23.571672
sh.601077,2023-12-07,2023-12-14,0.1842041015625,2025-06-16 20:04:23.571672
sh.601077,2023-12-08,2023-12-15,0.1326904296875,2025-06-16 20:04:23.571672
sh.601077,2023-12-11,2023-12-18,0.11358642578125,2025-06-16 20:04:23.571672
sh.601077,2023-12-12,2023-12-19,0.1231689453125,2025-06-16 20:04:23.571672
sh.601077,2023-12-13,2023-12-20,0.1611328125,2025-06-16 20:04:23.571672
sh.601077,2023-12-14,2023-12-21,0.1585693359375,2025-06-16 20:04:23.571672
sh.601077,2023-12-15,2023-12-22,0.156005859375,2025-06-16 20:04:23.571672
sh.601077,2023-12-18,2023-12-25,0.10302734375,2025-06-16 20:04:23.571672
sh.601077,2023-12-19,2023-12-26,0.18603515625,2025-06-16 20:04:23.571672
sh.601077,2023-12-20,2023-12-27,0.134033203125,2025-06-16 20:04:23.571672
sh.601077,2023-12-21,2023-12-28,0.1781005859375,2025-06-16 20:04:23.571672
sh.601077,2023-12-22,2023-12-29,0.159423828125,2025-06-16 20:04:23.571672
sh.601077,2023-12-25,2024-01-01,0.172607421875,2025-06-16 20:04:23.571672
sh.601077,2023-12-26,2024-01-02,0.2386474609375,2025-06-16 20:04:23.571672
sh.601077,2023-12-27,2024-01-03,0.20654296875,2025-06-16 20:04:23.571672
sh.601077,2023-12-28,2024-01-04,0.144775390625,2025-06-16 20:04:23.571672
sh.601077,2023-12-29,2024-01-05,0.250244140625,2025-06-16 20:04:23.571672
sh.601077,2024-01-02,2024-01-09,0.139892578125,2025-06-16 20:04:23.571672
sh.601077,2024-01-03,2024-01-10,0.37060546875,2025-06-16 20:04:23.571672
sh.601077,2024-01-04,2024-01-11,0.1270751953125,2025-06-16 20:04:23.571672
sh.601077,2024-01-05,2024-01-12,0.08538818359375,2025-06-16 20:04:23.571672
sh.601077,2024-01-08,2024-01-15,0.133056640625,2025-06-16 20:04:23.571672
sh.601077,2024-01-09,2024-01-16,0.1361083984375,2025-06-16 20:04:23.571672
sh.601077,2024-01-10,2024-01-17,0.141845703125,2025-06-16 20:04:23.571672
sh.601077,2024-01-11,2024-01-18,0.1070556640625,2025-06-16 20:04:23.571672
sh.601077,2024-01-12,2024-01-19,0.0999755859375,2025-06-16 20:04:23.571672
sh.601077,2024-01-15,2024-01-22,0.1287841796875,2025-06-16 20:04:23.571672
sh.601077,2024-01-16,2024-01-23,0.282470703125,2025-06-16 20:04:23.571672
sh.601077,2024-01-17,2024-01-24,0.1077880859375,2025-06-16 20:04:23.571672
sh.601077,2024-01-18,2024-01-25,0.1251220703125,2025-06-16 20:04:23.571672
sh.601077,2024-01-19,2024-01-26,0.128173828125,2025-06-16 20:04:23.571672
sh.601077,2024-01-22,2024-01-29,0.1368408203125,2025-06-16 20:04:23.571672
sh.601077,2024-01-23,2024-01-30,0.21240234375,2025-06-16 20:04:23.571672
sh.601077,2024-01-24,2024-01-31,0.263916015625,2025-06-16 20:04:23.571672
sh.601077,2024-01-25,2024-02-01,0.08831787109375,2025-06-16 20:04:23.571672
sh.601077,2024-01-26,2024-02-02,0.0830078125,2025-06-16 20:04:23.571672
sh.601077,2024-01-29,2024-02-05,0.07965087890625,2025-06-16 20:04:23.571672
sh.601077,2024-01-30,2024-02-06,0.12042236328125,2025-06-16 20:04:23.571672
sh.601077,2024-01-31,2024-02-07,0.10247802734375,2025-06-16 20:04:23.571672
sh.601077,2024-02-01,2024-02-08,0.1236572265625,2025-06-16 20:04:23.571672
sh.601077,2024-02-02,2024-02-09,0.0943603515625,2025-06-16 20:04:23.571672
sh.601077,2024-02-05,2024-02-12,0.11553955078125,2025-06-16 20:04:23.571672
sh.601077,2024-02-06,2024-02-13,0.2110595703125,2025-06-16 20:04:23.571672
sh.601077,2024-02-07,2024-02-14,0.1329345703125,2025-06-16 20:04:23.571672
sh.601077,2024-02-08,2024-02-15,0.08331298828125,2025-06-16 20:04:23.571672
sh.601077,2024-02-19,2024-02-26,0.1602783203125,2025-06-16 20:04:23.571672
sh.601077,2024-02-20,2024-02-27,0.1346435546875,2025-06-16 20:04:23.571672
sh.601077,2024-02-21,2024-02-28,0.09088134765625,2025-06-16 20:04:23.571672
sh.601077,2024-02-22,2024-02-29,0.1444091796875,2025-06-16 20:04:23.571672
sh.601077,2024-02-23,2024-03-01,0.1910400390625,2025-06-16 20:04:23.571672
sh.601077,2024-02-26,2024-03-04,0.132080078125,2025-06-16 20:04:23.571672
sh.601077,2024-02-27,2024-03-05,0.1673583984375,2025-06-16 20:04:23.571672
sh.601077,2024-02-28,2024-03-06,0.1231689453125,2025-06-16 20:04:23.571672
sh.601077,2024-02-29,2024-03-07,0.26025390625,2025-06-16 20:04:23.571672
sh.601077,2024-03-01,2024-03-08,0.1773681640625,2025-06-16 20:04:23.571672
sh.601077,2024-03-04,2024-03-11,0.15625,2025-06-16 20:04:23.571672
sh.601077,2024-03-05,2024-03-12,0.22802734375,2025-06-16 20:04:23.571672
sh.601077,2024-03-06,2024-03-13,0.1400146484375,2025-06-16 20:04:23.571672
sh.601077,2024-03-07,2024-03-14,0.1474609375,2025-06-16 20:04:23.571672
sh.601077,2024-03-08,2024-03-15,0.41650390625,2025-06-16 20:04:23.571672
sh.601077,2024-03-11,2024-03-18,0.20947265625,2025-06-16 20:04:23.571672
sh.601077,2024-03-12,2024-03-19,0.1370849609375,2025-06-16 20:04:23.571672
sh.601077,2024-03-13,2024-03-20,0.14892578125,2025-06-16 20:04:23.571672
sh.601077,2024-03-14,2024-03-21,0.175537109375,2025-06-16 20:04:23.571672
sh.601077,2024-03-15,2024-03-22,0.268798828125,2025-06-16 20:04:23.571672
sh.601077,2024-03-18,2024-03-25,0.1461181640625,2025-06-16 20:04:23.571672
sh.601077,2024-03-19,2024-03-26,0.1685791015625,2025-06-16 20:04:23.571672
sh.601077,2024-03-20,2024-03-27,0.1456298828125,2025-06-16 20:04:23.571672
sh.601077,2024-03-21,2024-03-28,0.12115478515625,2025-06-16 20:04:23.571672
sh.601077,2024-03-22,2024-03-29,0.1787109375,2025-06-16 20:04:23.571672
sh.601077,2024-03-25,2024-04-01,0.2047119140625,2025-06-16 20:04:23.571672
sh.601077,2024-03-26,2024-04-02,0.227294921875,2025-06-16 20:04:23.571672
sh.601077,2024-03-27,2024-04-03,0.1370849609375,2025-06-16 20:04:23.571672
sh.601077,2024-03-28,2024-04-04,0.15087890625,2025-06-16 20:04:23.571672
sh.601077,2024-03-29,2024-04-05,0.14306640625,2025-06-16 20:04:23.571672
sh.601077,2024-04-01,2024-04-08,0.1553955078125,2025-06-16 20:04:23.571672
sh.601077,2024-04-02,2024-04-09,0.157470703125,2025-06-16 20:04:23.571672
sh.601077,2024-04-03,2024-04-10,0.2430419921875,2025-06-16 20:04:23.571672
sh.601077,2024-04-08,2024-04-15,0.181640625,2025-06-16 20:04:23.571672
sh.601077,2024-04-09,2024-04-16,0.146484375,2025-06-16 20:04:23.571672
sh.601077,2024-04-10,2024-04-17,0.136962890625,2025-06-16 20:04:23.571672
sh.601077,2024-04-11,2024-04-18,0.1517333984375,2025-06-16 20:04:23.571672
sh.601077,2024-04-12,2024-04-19,0.1444091796875,2025-06-16 20:04:23.571672
sh.601077,2024-04-15,2024-04-22,0.1544189453125,2025-06-16 20:04:23.571672
sh.601077,2024-04-16,2024-04-23,0.1483154296875,2025-06-16 20:04:23.571672
sh.601077,2024-04-17,2024-04-24,0.2274169921875,2025-06-16 20:04:23.571672
sh.601077,2024-04-18,2024-04-25,0.12347412109375,2025-06-16 20:04:23.571672
sh.601077,2024-04-19,2024-04-26,0.1669921875,2025-06-16 20:04:23.571672
sh.601077,2024-04-22,2024-04-29,0.1488037109375,2025-06-16 20:04:23.571672
sh.601077,2024-04-23,2024-04-30,0.1414794921875,2025-06-16 20:04:23.571672
sh.601077,2024-04-24,2024-05-01,0.178955078125,2025-06-16 20:04:23.571672
sh.601077,2024-04-25,2024-05-02,0.239013671875,2025-06-16 20:04:23.571672
sh.601077,2024-04-26,2024-05-03,0.1455078125,2025-06-16 20:04:23.571672
sh.601077,2024-04-29,2024-05-06,0.097900390625,2025-06-16 20:04:23.571672
sh.601077,2024-04-30,2024-05-07,0.249755859375,2025-06-16 20:04:23.571672
sh.601077,2024-05-06,2024-05-13,0.17626953125,2025-06-16 20:04:23.571672
sh.601077,2024-05-07,2024-05-14,0.15673828125,2025-06-16 20:04:23.571672
sh.601077,2024-05-08,2024-05-15,0.1834716796875,2025-06-16 20:04:23.571672
sh.601077,2024-05-09,2024-05-16,0.25048828125,2025-06-16 20:04:23.571672
sh.601077,2024-05-10,2024-05-17,0.2310791015625,2025-06-16 20:04:23.571672
sh.601077,2024-05-13,2024-05-20,0.2607421875,2025-06-16 20:04:23.571672
sh.601077,2024-05-14,2024-05-21,0.14501953125,2025-06-16 20:04:23.571672
sh.601077,2024-05-15,2024-05-22,0.190673828125,2025-06-16 20:04:23.571672
sh.601077,2024-05-16,2024-05-23,0.2197265625,2025-06-16 20:04:23.571672
sh.601077,2024-05-17,2024-05-24,0.2958984375,2025-06-16 20:04:23.571672
sh.601077,2024-05-20,2024-05-27,0.1689453125,2025-06-16 20:04:23.571672
sh.601077,2024-05-21,2024-05-28,0.273193359375,2025-06-16 20:04:23.571672
sh.601077,2024-05-22,2024-05-29,0.25341796875,2025-06-16 20:04:23.571672
sh.601077,2024-05-23,2024-05-30,0.26708984375,2025-06-16 20:04:23.571672
sh.601077,2024-05-24,2024-05-31,0.2218017578125,2025-06-16 20:04:23.571672
sh.601077,2024-05-27,2024-06-03,0.2744140625,2025-06-16 20:04:23.571672
sh.601077,2024-05-28,2024-06-04,0.2509765625,2025-06-16 20:04:23.571672
sh.601077,2024-05-29,2024-06-05,0.24853515625,2025-06-16 20:04:23.571672
sh.601077,2024-05-30,2024-06-06,0.2197265625,2025-06-16 20:04:23.571672
sh.601077,2024-05-31,2024-06-07,0.302490234375,2025-06-16 20:04:23.571672
sh.601077,2024-06-03,2024-06-10,0.1485595703125,2025-06-16 20:04:23.571672
sh.601077,2024-06-04,2024-06-11,0.348388671875,2025-06-16 20:04:23.571672
sh.601077,2024-06-05,2024-06-12,0.24853515625,2025-06-16 20:04:23.571672
sh.601077,2024-06-06,2024-06-13,0.286376953125,2025-06-16 20:04:23.571672
sh.601077,2024-06-07,2024-06-14,0.359375,2025-06-16 20:04:23.571672
sh.601077,2024-06-11,2024-06-18,0.305419921875,2025-06-16 20:04:23.571672
sh.601077,2024-06-12,2024-06-19,0.1905517578125,2025-06-16 20:04:23.571672
sh.601077,2024-06-13,2024-06-20,0.1771240234375,2025-06-16 20:04:23.571672
sh.601077,2024-06-14,2024-06-21,0.40087890625,2025-06-16 20:04:23.571672
sh.601077,2024-06-17,2024-06-24,0.3017578125,2025-06-16 20:04:23.571672
sh.601077,2024-06-18,2024-06-25,0.411376953125,2025-06-16 20:04:23.571672
sh.601077,2024-06-19,2024-06-26,0.374267578125,2025-06-16 20:04:23.571672
sh.601077,2024-06-20,2024-06-27,0.230712890625,2025-06-16 20:04:23.571672
sh.601077,2024-06-21,2024-06-28,0.297119140625,2025-06-16 20:04:23.571672
sh.601077,2024-06-24,2024-07-01,0.361572265625,2025-06-16 20:04:23.571672
sh.601077,2024-06-25,2024-07-02,0.26904296875,2025-06-16 20:04:23.571672
sh.601077,2024-06-26,2024-07-03,0.21533203125,2025-06-16 20:04:23.571672
sh.601077,2024-06-27,2024-07-04,0.1165771484375,2025-06-16 20:04:23.571672
sh.601077,2024-06-28,2024-07-05,0.08587646484375,2025-06-16 20:04:23.571672
sh.601077,2024-07-01,2024-07-08,0.0843505859375,2025-06-16 20:04:23.571672
sh.601077,2024-07-02,2024-07-09,0.1636962890625,2025-06-16 20:04:23.571672
sh.601077,2024-07-03,2024-07-10,0.12493896484375,2025-06-16 20:04:23.571672
sh.601077,2024-07-04,2024-07-11,0.11614990234375,2025-06-16 20:04:23.571672
sh.601077,2024-07-05,2024-07-12,0.12200927734375,2025-06-16 20:04:23.571672
sh.601077,2024-07-08,2024-07-15,0.09967041015625,2025-06-16 20:04:23.571672
sh.601077,2024-07-09,2024-07-16,0.1300048828125,2025-06-16 20:04:23.571672
sh.601077,2024-07-10,2024-07-17,0.12939453125,2025-06-16 20:04:23.571672
sh.601077,2024-07-11,2024-07-18,0.1251220703125,2025-06-16 20:04:23.571672
sh.601077,2024-07-12,2024-07-19,0.100341796875,2025-06-16 20:04:23.571672
sh.601077,2024-07-15,2024-07-22,0.1611328125,2025-06-16 20:04:23.571672
sh.601077,2024-07-16,2024-07-23,0.1427001953125,2025-06-16 20:04:23.571672
sh.601077,2024-07-17,2024-07-24,0.15576171875,2025-06-16 20:04:23.571672
sh.601077,2024-07-18,2024-07-25,0.1456298828125,2025-06-16 20:04:23.571672
sh.601077,2024-07-19,2024-07-26,0.1334228515625,2025-06-16 20:04:23.571672
sh.601077,2024-07-22,2024-07-29,0.1385498046875,2025-06-16 20:04:23.571672
sh.601077,2024-07-23,2024-07-30,0.1033935546875,2025-06-16 20:04:23.571672
sh.601077,2024-07-24,2024-07-31,0.11798095703125,2025-06-16 20:04:23.571672
sh.601077,2024-07-25,2024-08-01,0.1334228515625,2025-06-16 20:04:23.571672
sh.601077,2024-07-26,2024-08-02,0.1259765625,2025-06-16 20:04:23.571672
sh.601077,2024-07-29,2024-08-05,0.30224609375,2025-06-16 20:04:23.571672
sh.601077,2024-07-30,2024-08-06,0.12420654296875,2025-06-16 20:04:23.571672
sh.601077,2024-07-31,2024-08-07,0.131591796875,2025-06-16 20:04:23.571672
sh.601077,2024-08-01,2024-08-08,0.0975341796875,2025-06-16 20:04:23.571672
sh.601077,2024-08-02,2024-08-09,0.08123779296875,2025-06-16 20:04:23.571672
sh.601077,2024-08-05,2024-08-12,0.12939453125,2025-06-16 20:04:23.571672
sh.601077,2024-08-06,2024-08-13,0.1202392578125,2025-06-16 20:04:23.571672
sh.601077,2024-08-07,2024-08-14,0.114990234375,2025-06-16 20:04:23.571672
sh.601077,2024-08-08,2024-08-15,0.138427734375,2025-06-16 20:04:23.571672
sh.601077,2024-08-09,2024-08-16,0.1356201171875,2025-06-16 20:04:23.571672
sh.601077,2024-08-12,2024-08-19,0.13720703125,2025-06-16 20:04:23.571672
sh.601077,2024-08-13,2024-08-20,0.07135009765625,2025-06-16 20:04:23.571672
sh.601077,2024-08-14,2024-08-21,0.11358642578125,2025-06-16 20:04:23.571672
sh.601077,2024-08-15,2024-08-22,0.2467041015625,2025-06-16 20:04:23.571672
sh.601077,2024-08-16,2024-08-23,0.11279296875,2025-06-16 20:04:23.571672
sh.601077,2024-08-19,2024-08-26,0.32080078125,2025-06-16 20:04:23.571672
sh.601077,2024-08-20,2024-08-27,0.140869140625,2025-06-16 20:04:23.571672
sh.601077,2024-08-21,2024-08-28,0.1396484375,2025-06-16 20:04:23.571672
sh.601077,2024-08-22,2024-08-29,0.11798095703125,2025-06-16 20:04:23.571672
sh.601077,2024-08-23,2024-08-30,0.1324462890625,2025-06-16 20:04:23.571672
sh.601077,2024-08-26,2024-09-02,0.1466064453125,2025-06-16 20:04:23.571672
sh.601077,2024-08-27,2024-09-03,0.1063232421875,2025-06-16 20:04:23.571672
sh.601077,2024-08-28,2024-09-04,0.1361083984375,2025-06-16 20:04:23.571672
sh.601077,2024-08-29,2024-09-05,0.12420654296875,2025-06-16 20:04:23.571672
sh.601077,2024-08-30,2024-09-06,0.11456298828125,2025-06-16 20:04:23.571672
sh.601077,2024-09-02,2024-09-09,0.1324462890625,2025-06-16 20:04:23.571672
sh.601077,2024-09-03,2024-09-10,0.1287841796875,2025-06-16 20:04:23.571672
sh.601077,2024-09-04,2024-09-11,0.0762939453125,2025-06-16 20:04:23.571672
sh.601077,2024-09-05,2024-09-12,0.1309814453125,2025-06-16 20:04:23.571672
sh.601077,2024-09-06,2024-09-13,0.1055908203125,2025-06-16 20:04:23.571672
sh.601077,2024-09-09,2024-09-16,0.10211181640625,2025-06-16 20:04:23.571672
sh.601077,2024-09-10,2024-09-17,0.077392578125,2025-06-16 20:04:23.571672
sh.601077,2024-09-11,2024-09-18,0.1339111328125,2025-06-16 20:04:23.571672
sh.601077,2024-09-12,2024-09-19,0.169677734375,2025-06-16 20:04:23.571672
sh.601077,2024-09-13,2024-09-20,0.137451171875,2025-06-16 20:04:23.571672
sh.601077,2024-09-18,2024-09-25,0.29296875,2025-06-16 20:04:23.571672
sh.601077,2024-09-19,2024-09-26,0.1787109375,2025-06-16 20:04:23.571672
sh.601077,2024-09-20,2024-09-27,0.25927734375,2025-06-16 20:04:23.571672
sh.601077,2024-09-23,2024-09-30,0.21728515625,2025-06-16 20:04:23.571672
sh.601077,2024-09-24,2024-10-01,0.2783203125,2025-06-16 20:04:23.571672
sh.601077,2024-09-25,2024-10-02,0.0889892578125,2025-06-16 20:04:23.571672
sh.601077,2024-09-26,2024-10-03,0.1922607421875,2025-06-16 20:04:23.571672
sh.601077,2024-09-27,2024-10-04,0.1202392578125,2025-06-16 20:04:23.571672
sh.601077,2024-09-30,2024-10-07,0.1026611328125,2025-06-16 20:04:23.571672
sh.601077,2024-10-08,2024-10-15,0.1458740234375,2025-06-16 20:04:23.571672
sh.601077,2024-10-09,2024-10-16,0.1295166015625,2025-06-16 20:04:23.571672
sh.601077,2024-10-10,2024-10-17,0.087890625,2025-06-16 20:04:23.571672
sh.601077,2024-10-11,2024-10-18,0.08538818359375,2025-06-16 20:04:23.571672
sh.601077,2024-10-14,2024-10-21,0.1917724609375,2025-06-16 20:04:23.571672
sh.601077,2024-10-15,2024-10-22,0.1253662109375,2025-06-16 20:04:23.571672
sh.601077,2024-10-16,2024-10-23,0.179931640625,2025-06-16 20:04:23.571672
sh.601077,2024-10-17,2024-10-24,0.1488037109375,2025-06-16 20:04:23.571672
sh.601077,2024-10-18,2024-10-25,0.1837158203125,2025-06-16 20:04:23.571672
sh.601077,2024-10-21,2024-10-28,0.20263671875,2025-06-16 20:04:23.571672
sh.601077,2024-10-22,2024-10-29,0.20263671875,2025-06-16 20:04:23.571672
sh.601077,2024-10-23,2024-10-30,0.2340087890625,2025-06-16 20:04:23.571672
sh.601077,2024-10-24,2024-10-31,0.1845703125,2025-06-16 20:04:23.571672
sh.601077,2024-10-25,2024-11-01,0.181640625,2025-06-16 20:04:23.571672
sh.601077,2024-10-28,2024-11-04,0.1737060546875,2025-06-16 20:04:23.571672
sh.601077,2024-10-29,2024-11-05,0.16259765625,2025-06-16 20:04:23.571672
sh.601077,2024-10-30,2024-11-06,0.1322021484375,2025-06-16 20:04:23.571672
sh.601077,2024-10-31,2024-11-07,0.1485595703125,2025-06-16 20:04:23.571672
sh.601077,2024-11-01,2024-11-08,0.1639404296875,2025-06-16 20:04:23.571672
sh.601077,2024-11-04,2024-11-11,0.271240234375,2025-06-16 20:04:23.571672
sh.601077,2024-11-05,2024-11-12,0.2529296875,2025-06-16 20:04:23.571672
sh.601077,2024-11-06,2024-11-13,0.183837890625,2025-06-16 20:04:23.571672
sh.601077,2024-11-07,2024-11-14,0.2349853515625,2025-06-16 20:04:23.571672
sh.601077,2024-11-08,2024-11-15,0.140869140625,2025-06-16 20:04:23.571672
sh.601077,2024-11-11,2024-11-18,0.142578125,2025-06-16 20:04:23.571672
sh.601077,2024-11-12,2024-11-19,0.1748046875,2025-06-16 20:04:23.571672
sh.601077,2024-11-13,2024-11-20,0.18505859375,2025-06-16 20:04:23.571672
sh.601077,2024-11-14,2024-11-21,0.1510009765625,2025-06-16 20:04:23.571672
sh.601077,2024-11-15,2024-11-22,0.1507568359375,2025-06-16 20:04:23.571672
sh.601077,2024-11-18,2024-11-25,0.10858154296875,2025-06-16 20:04:23.571672
sh.601077,2024-11-19,2024-11-26,0.1568603515625,2025-06-16 20:04:23.571672
sh.601077,2024-11-20,2024-11-27,0.19482421875,2025-06-16 20:04:23.571672
sh.601077,2024-11-21,2024-11-28,0.26123046875,2025-06-16 20:04:23.571672
sh.601077,2024-11-22,2024-11-29,0.1416015625,2025-06-16 20:04:23.571672
sh.601077,2024-11-25,2024-12-02,0.134521484375,2025-06-16 20:04:23.571672
sh.601077,2024-11-26,2024-12-03,0.233154296875,2025-06-16 20:04:23.571672
sh.601077,2024-11-27,2024-12-04,0.274658203125,2025-06-16 20:04:23.571672
sh.601077,2024-11-28,2024-12-05,0.1961669921875,2025-06-16 20:04:23.571672
sh.601077,2024-11-29,2024-12-06,0.1414794921875,2025-06-16 20:04:23.571672
sh.601077,2024-12-02,2024-12-09,0.150634765625,2025-06-16 20:04:23.571672
sh.601077,2024-12-03,2024-12-10,0.349609375,2025-06-16 20:04:23.571672
sh.601077,2024-12-04,2024-12-11,0.2069091796875,2025-06-16 20:04:23.571672
sh.601077,2024-12-05,2024-12-12,0.251953125,2025-06-16 20:04:23.571672
sh.601077,2024-12-06,2024-12-13,0.25732421875,2025-06-16 20:04:23.571672
sh.601077,2024-12-09,2024-12-16,0.0994873046875,2025-06-16 20:04:23.571672
sh.601077,2024-12-10,2024-12-17,0.1326904296875,2025-06-16 20:04:23.571672
sh.601077,2024-12-11,2024-12-18,0.1500244140625,2025-06-16 20:04:23.571672
sh.601077,2024-12-12,2024-12-19,0.2646484375,2025-06-16 20:04:23.571672
sh.601077,2024-12-13,2024-12-20,0.183837890625,2025-06-16 20:04:23.571672
sh.601077,2024-12-16,2024-12-23,0.1478271484375,2025-06-16 20:04:23.571672
sh.601077,2024-12-17,2024-12-24,0.1405029296875,2025-06-16 20:04:23.571672
sh.601077,2024-12-18,2024-12-25,0.1597900390625,2025-06-16 20:04:23.571672
sh.601077,2024-12-19,2024-12-26,0.136474609375,2025-06-16 20:04:23.571672
sh.601077,2024-12-20,2024-12-27,0.195556640625,2025-06-16 20:04:23.571672
sh.601077,2024-12-23,2024-12-30,0.2188720703125,2025-06-16 20:04:23.571672
sh.601077,2024-12-24,2024-12-31,0.11029052734375,2025-06-16 20:04:23.571672
sh.601077,2024-12-25,2025-01-01,0.1177978515625,2025-06-16 20:04:23.571672
sh.601077,2024-12-26,2025-01-02,0.11993408203125,2025-06-16 20:04:23.571672
sh.601077,2024-12-27,2025-01-03,0.1187744140625,2025-06-16 20:04:23.571672
sh.601077,2024-12-30,2025-01-06,0.269287109375,2025-06-16 20:04:23.571672
sh.601077,2024-12-31,2025-01-07,0.1070556640625,2025-06-16 20:04:23.571672
sh.601077,2025-01-02,2025-01-09,0.11199951171875,2025-06-16 20:04:23.571672
sh.601077,2025-01-03,2025-01-10,0.12274169921875,2025-06-16 20:04:23.571672
sh.601077,2025-01-06,2025-01-13,0.126220703125,2025-06-16 20:04:23.571672
sh.601077,2025-01-07,2025-01-14,0.109130859375,2025-06-16 20:04:23.571672
sh.601077,2025-01-08,2025-01-15,0.313232421875,2025-06-16 20:04:23.571672
sh.601077,2025-01-09,2025-01-16,0.09637451171875,2025-06-16 20:04:23.571672
sh.601077,2025-01-10,2025-01-17,0.1083984375,2025-06-16 20:04:23.571672
sh.601077,2025-01-13,2025-01-20,0.130859375,2025-06-16 20:04:23.571672
sh.601077,2025-01-14,2025-01-21,0.178955078125,2025-06-16 20:04:23.571672
sh.601077,2025-01-15,2025-01-22,0.0802001953125,2025-06-16 20:04:23.571672
sh.601077,2025-01-16,2025-01-23,0.1236572265625,2025-06-16 20:04:23.571672
sh.601077,2025-01-17,2025-01-24,0.1181640625,2025-06-16 20:04:23.571672
sh.601077,2025-01-20,2025-01-27,0.1209716796875,2025-06-16 20:04:23.571672
sh.601077,2025-01-21,2025-01-28,0.1026611328125,2025-06-16 20:04:23.571672
sh.601077,2025-01-22,2025-01-29,0.12432861328125,2025-06-16 20:04:23.571672
sh.601077,2025-01-23,2025-01-30,0.2078857421875,2025-06-16 20:04:23.571672
sh.601077,2025-01-24,2025-01-31,0.10577392578125,2025-06-16 20:04:23.571672
sh.601077,2025-01-27,2025-02-03,0.1893310546875,2025-06-16 20:04:23.571672
sh.601077,2025-02-05,2025-02-12,0.1339111328125,2025-06-16 20:04:23.571672
sh.601077,2025-02-06,2025-02-13,0.10894775390625,2025-06-16 20:04:23.571672
sh.601077,2025-02-07,2025-02-14,0.12451171875,2025-06-16 20:04:23.571672
sh.601077,2025-02-10,2025-02-17,0.11968994140625,2025-06-16 20:04:23.571672
sh.601077,2025-02-11,2025-02-18,0.2125244140625,2025-06-16 20:04:23.571672
sh.601077,2025-02-12,2025-02-19,0.11358642578125,2025-06-16 20:04:23.571672
sh.601077,2025-02-13,2025-02-20,0.1358642578125,2025-06-16 20:04:23.571672
sh.601077,2025-02-14,2025-02-21,0.134033203125,2025-06-16 20:04:23.571672
sh.601077,2025-02-17,2025-02-24,0.1475830078125,2025-06-16 20:04:23.571672
sh.601077,2025-02-18,2025-02-25,0.09686279296875,2025-06-16 20:04:23.571672
sh.601077,2025-02-19,2025-02-26,0.142333984375,2025-06-16 20:04:23.571672
sh.601077,2025-02-20,2025-02-27,0.14404296875,2025-06-16 20:04:23.571672
sh.601077,2025-02-21,2025-02-28,0.1322021484375,2025-06-16 20:04:23.571672
sh.601077,2025-02-24,2025-03-03,0.140869140625,2025-06-16 20:04:23.571672
sh.601077,2025-02-25,2025-03-04,0.1422119140625,2025-06-16 20:04:23.571672
sh.601077,2025-02-26,2025-03-05,0.16162109375,2025-06-16 20:04:23.571672
sh.601077,2025-02-27,2025-03-06,0.1983642578125,2025-06-16 20:04:23.571672
sh.601077,2025-02-28,2025-03-07,0.1217041015625,2025-06-16 20:04:23.571672
sh.601077,2025-03-03,2025-03-10,0.1444091796875,2025-06-16 20:04:23.571672
sh.601077,2025-03-04,2025-03-11,0.1812744140625,2025-06-16 20:04:23.571672
sh.601077,2025-03-05,2025-03-12,0.1893310546875,2025-06-16 20:04:23.571672
sh.601077,2025-03-06,2025-03-13,0.146728515625,2025-06-16 20:04:23.571672
sh.601077,2025-03-07,2025-03-14,0.1456298828125,2025-06-16 20:04:23.571672
sh.601077,2025-03-10,2025-03-17,0.313720703125,2025-06-16 20:04:23.571672
sh.601077,2025-03-11,2025-03-18,0.276611328125,2025-06-16 20:04:23.571672
sh.601077,2025-03-12,2025-03-19,0.153564453125,2025-06-16 20:04:23.571672
sh.601077,2025-03-13,2025-03-20,0.1610107421875,2025-06-16 20:04:23.571672
sh.601077,2025-03-14,2025-03-21,0.11199951171875,2025-06-16 20:04:23.571672
sh.601077,2025-03-17,2025-03-24,0.137939453125,2025-06-16 20:04:23.571672
sh.601077,2025-03-18,2025-03-25,0.170654296875,2025-06-16 20:04:23.571672
sh.601077,2025-03-19,2025-03-26,0.337890625,2025-06-16 20:04:23.571672
sh.601077,2025-03-20,2025-03-27,0.1268310546875,2025-06-16 20:04:23.571672
sh.601077,2025-03-21,2025-03-28,0.1429443359375,2025-06-16 20:04:23.571672
sh.601077,2025-03-24,2025-03-31,0.1495361328125,2025-06-16 20:04:23.571672
sh.601077,2025-03-25,2025-04-01,0.2271728515625,2025-06-16 20:04:23.571672
sh.601077,2025-03-26,2025-04-02,0.1265869140625,2025-06-16 20:04:23.571672
sh.601077,2025-03-27,2025-04-03,0.140869140625,2025-06-16 20:04:23.571672
sh.601077,2025-03-28,2025-04-04,0.11553955078125,2025-06-16 20:04:23.571672
sh.601077,2025-03-31,2025-04-07,0.10992431640625,2025-06-16 20:04:23.571672
sh.601077,2025-04-01,2025-04-08,0.1485595703125,2025-06-16 20:04:23.571672
sh.601077,2025-04-02,2025-04-09,0.336669921875,2025-06-16 20:04:23.571672
sh.601077,2025-04-03,2025-04-10,0.163818359375,2025-06-16 20:04:23.571672
sh.601077,2025-04-07,2025-04-14,0.126953125,2025-06-16 20:04:23.571672
sh.601077,2025-04-08,2025-04-15,0.10595703125,2025-06-16 20:04:23.571672
sh.601077,2025-04-09,2025-04-16,0.1322021484375,2025-06-16 20:04:23.571672
sh.601077,2025-04-10,2025-04-17,0.1317138671875,2025-06-16 20:04:23.571672
sh.601077,2025-04-11,2025-04-18,0.10015869140625,2025-06-16 20:04:23.571672
sh.601077,2025-04-14,2025-04-21,0.11395263671875,2025-06-16 20:04:23.571672
sh.601077,2025-04-15,2025-04-22,0.37841796875,2025-06-16 20:04:23.571672
sh.601077,2025-04-16,2025-04-23,0.2017822265625,2025-06-16 20:04:23.571672
sh.601077,2025-04-17,2025-04-24,0.2359619140625,2025-06-16 20:04:23.571672
sh.601077,2025-04-18,2025-04-25,0.2132568359375,2025-06-16 20:04:23.571672
sh.601077,2025-04-21,2025-04-28,0.1474609375,2025-06-16 20:04:23.571672
sh.601077,2025-04-22,2025-04-29,0.147705078125,2025-06-16 20:04:23.571672
sh.601077,2025-04-23,2025-04-30,0.1910400390625,2025-06-16 20:04:23.571672
sh.601077,2025-04-24,2025-05-01,0.188232421875,2025-06-16 20:04:23.571672
sh.601077,2025-04-25,2025-05-02,0.2276611328125,2025-06-16 20:04:23.571672
sh.601077,2025-04-28,2025-05-05,0.1751708984375,2025-06-16 20:04:23.571672
sh.601077,2025-04-29,2025-05-06,0.3359375,2025-06-16 20:04:23.571672
sh.601077,2025-04-30,2025-05-07,0.2132568359375,2025-06-16 20:04:23.571672
sh.601077,2025-05-06,2025-05-13,0.1622314453125,2025-06-16 20:04:23.571672
sh.601077,2025-05-07,2025-05-14,0.252685546875,2025-06-16 20:04:23.571672
sh.601077,2025-05-08,2025-05-15,0.259521484375,2025-06-16 20:04:23.571672
sh.601077,2025-05-09,2025-05-16,0.360107421875,2025-06-16 20:04:23.571672
sh.601077,2025-05-12,2025-05-19,0.217041015625,2025-06-16 20:04:23.571672
sh.601077,2025-05-13,2025-05-20,0.2359619140625,2025-06-16 20:04:23.571672
sh.601077,2025-05-14,2025-05-21,0.268310546875,2025-06-16 20:04:23.571672
sh.601077,2025-05-15,2025-05-22,0.31787109375,2025-06-16 20:04:23.571672
sh.601077,2025-05-16,2025-05-23,0.252685546875,2025-06-16 20:04:23.571672
sh.601077,2025-05-19,2025-05-26,0.300537109375,2025-06-16 20:04:23.571672
sh.601077,2025-05-20,2025-05-27,0.337646484375,2025-06-16 20:04:23.571672
sh.601077,2025-05-21,2025-05-28,0.29833984375,2025-06-16 20:04:23.571672
sh.601077,2025-05-22,2025-05-29,0.34423828125,2025-06-16 20:04:23.571672
sh.601077,2025-05-23,2025-05-30,0.2158203125,2025-06-16 20:04:23.571672
sh.601077,2025-05-26,2025-06-02,0.2120361328125,2025-06-16 20:04:23.571672
sh.601077,2025-05-27,2025-06-03,0.229736328125,2025-06-16 20:04:23.571672
sh.601077,2025-05-28,2025-06-04,0.20751953125,2025-06-16 20:04:23.571672
sh.601077,2025-05-29,2025-06-05,0.224853515625,2025-06-16 20:04:23.571672
sh.601077,2025-05-30,2025-06-06,0.2666015625,2025-06-16 20:04:23.571672
sh.601077,2025-06-03,2025-06-10,0.276611328125,2025-06-16 20:04:23.571672
sh.601077,2025-06-04,2025-06-11,0.29541015625,2025-06-16 20:04:23.571672
sh.601077,2025-06-05,2025-06-12,0.19189453125,2025-06-16 20:04:23.571672
sh.601077,2025-06-06,2025-06-13,0.2327880859375,2025-06-16 20:04:23.571672
sh.601077,2025-06-09,2025-06-16,0.2587890625,2025-06-16 20:04:23.571672
sh.601077,2025-06-10,2025-06-17,0.264892578125,2025-06-16 20:04:23.571672
sh.601077,2025-06-11,2025-06-18,0.308349609375,2025-06-16 20:04:23.571672
sh.601077,2025-06-12,2025-06-19,0.2626953125,2025-06-16 20:04:23.571672
sh.601077,2025-06-13,2025-06-20,0.201171875,2025-06-16 20:04:23.571672
sh.601077,2025-06-16,2025-06-23,0.383056640625,2025-06-16 20:04:23.571672
sh.601088,2025-06-16,2025-06-23,0.1348876953125,2025-06-16 20:04:23.571672
sh.601100,2025-06-16,2025-06-23,0.1409912109375,2025-06-16 20:04:23.571672
sh.601111,2025-06-16,2025-06-23,0.1422119140625,2025-06-16 20:04:23.571672
sh.601117,2025-06-16,2025-06-23,0.162109375,2025-06-16 20:04:23.571672
sh.601127,2025-06-16,2025-06-23,0.0880126953125,2025-06-16 20:04:23.571672
sh.601138,2025-06-16,2025-06-23,0.10968017578125,2025-06-16 20:04:23.571672
sh.601166,2025-06-16,2025-06-23,0.259521484375,2025-06-16 20:04:23.571672
sh.601169,2025-06-16,2025-06-23,0.1947021484375,2025-06-16 20:04:23.571672
sh.601186,2025-06-16,2025-06-23,0.126220703125,2025-06-16 20:04:23.571672
sh.601211,2025-06-16,2025-06-23,0.1890869140625,2025-06-16 20:04:23.571672
sh.601225,2025-06-16,2025-06-23,0.116943359375,2025-06-16 20:04:23.571672
sh.601229,2025-06-16,2025-06-23,0.0872802734375,2025-06-16 20:04:23.571672
sh.601236,2025-06-16,2025-06-23,0.322509765625,2025-06-16 20:04:23.571672
sh.601238,2025-06-16,2025-06-23,0.260498046875,2025-06-16 20:04:23.571672
sh.601288,2025-06-16,2025-06-23,0.142822265625,2025-06-16 20:04:23.571672
sh.601318,2025-06-16,2025-06-23,0.1600341796875,2025-06-16 20:04:23.571672
sh.601319,2025-06-16,2025-06-23,0.26708984375,2025-06-16 20:04:23.571672
sh.601328,2025-06-16,2025-06-23,0.1737060546875,2025-06-16 20:04:23.571672
sh.601336,2025-06-16,2025-06-23,0.232666015625,2025-06-16 20:04:23.571672
sh.601360,2025-06-16,2025-06-23,0.1715087890625,2025-06-16 20:04:23.571672
sh.601377,2025-06-16,2025-06-23,0.2474365234375,2025-06-16 20:04:23.571672
sh.601390,2025-06-16,2025-06-23,0.131103515625,2025-06-16 20:04:23.571672
sh.601398,2025-06-16,2025-06-23,0.10992431640625,2025-06-16 20:04:23.571672
sh.601600,2025-06-16,2025-06-23,0.136474609375,2025-06-16 20:04:23.571672
sh.601601,2025-06-16,2025-06-23,0.271240234375,2025-06-16 20:04:23.571672
sh.601607,2025-06-16,2025-06-23,0.15576171875,2025-06-16 20:04:23.571672
sh.601618,2025-06-16,2025-06-23,0.1134033203125,2025-06-16 20:04:23.571672
sh.601628,2025-06-16,2025-06-23,0.1578369140625,2025-06-16 20:04:23.571672
sh.601633,2025-06-16,2025-06-23,0.3134765625,2025-06-16 20:04:23.571672
sh.601658,2025-06-16,2025-06-23,0.19091796875,2025-06-16 20:04:23.571672
sh.601668,2025-06-16,2025-06-23,0.19189453125,2025-06-16 20:04:23.571672
sh.601669,2025-06-16,2025-06-23,0.097900390625,2025-06-16 20:04:23.571672
sh.601688,2025-06-16,2025-06-23,0.194091796875,2025-06-16 20:04:23.571672
sh.601689,2025-06-16,2025-06-23,0.2218017578125,2025-06-16 20:04:23.571672
sh.601698,2025-06-16,2025-06-23,0.148681640625,2025-06-16 20:04:23.571672
sh.601699,2025-06-16,2025-06-23,0.12261962890625,2025-06-16 20:04:23.571672
sh.601728,2025-06-16,2025-06-23,0.327880859375,2025-06-16 20:04:23.571672
sh.601766,2025-06-16,2025-06-23,0.1314697265625,2025-06-16 20:04:23.571672
sh.601788,2025-06-16,2025-06-23,0.2265625,2025-06-16 20:04:23.571672
sh.601799,2025-06-16,2025-06-23,0.12139892578125,2025-06-16 20:04:23.571672
sh.601800,2025-06-16,2025-06-23,0.11968994140625,2025-06-16 20:04:23.571672
sh.601808,2025-06-16,2025-06-23,0.1265869140625,2025-06-16 20:04:23.571672
sh.601816,2025-06-16,2025-06-23,0.11932373046875,2025-06-16 20:04:23.571672
sh.601818,2025-06-16,2025-06-23,0.226806640625,2025-06-16 20:04:23.571672
sh.601825,2024-08-22,2024-08-29,0.316650390625,2025-06-16 20:04:23.571672
sh.601825,2024-08-23,2024-08-30,0.318603515625,2025-06-16 20:04:23.571672
sh.601825,2024-08-26,2024-09-02,0.2666015625,2025-06-16 20:04:23.571672
sh.601825,2024-08-27,2024-09-03,0.2410888671875,2025-06-16 20:04:23.571672
sh.601825,2024-08-28,2024-09-04,0.3759765625,2025-06-16 20:04:23.571672
sh.601825,2024-08-29,2024-09-05,0.237060546875,2025-06-16 20:04:23.571672
sh.601825,2024-08-30,2024-09-06,0.34326171875,2025-06-16 20:04:23.571672
sh.601825,2024-09-02,2024-09-09,0.432861328125,2025-06-16 20:04:23.571672
sh.601825,2024-09-03,2024-09-10,0.47705078125,2025-06-16 20:04:23.571672
sh.601825,2024-09-04,2024-09-11,0.50537109375,2025-06-16 20:04:23.571672
sh.601825,2024-09-05,2024-09-12,0.50341796875,2025-06-16 20:04:23.571672
sh.601825,2024-09-06,2024-09-13,0.52197265625,2025-06-16 20:04:23.571672
sh.601825,2024-09-09,2024-09-16,0.50732421875,2025-06-16 20:04:23.571672
sh.601825,2024-09-10,2024-09-17,0.495849609375,2025-06-16 20:04:23.571672
sh.601825,2024-09-11,2024-09-18,0.45458984375,2025-06-16 20:04:23.571672
sh.601825,2024-09-12,2024-09-19,0.482666015625,2025-06-16 20:04:23.571672
sh.601825,2024-09-13,2024-09-20,0.496337890625,2025-06-16 20:04:23.571672
sh.601825,2024-09-18,2024-09-25,0.52197265625,2025-06-16 20:04:23.571672
sh.601825,2024-09-19,2024-09-26,0.484619140625,2025-06-16 20:04:23.571672
sh.601825,2024-09-20,2024-09-27,0.489501953125,2025-06-16 20:04:23.571672
sh.601825,2024-09-23,2024-09-30,0.484619140625,2025-06-16 20:04:23.571672
sh.601825,2024-09-24,2024-10-01,0.389404296875,2025-06-16 20:04:23.571672
sh.601825,2024-09-25,2024-10-02,0.2064208984375,2025-06-16 20:04:23.571672
sh.601825,2024-09-26,2024-10-03,0.335205078125,2025-06-16 20:04:23.571672
sh.601825,2024-09-27,2024-10-04,0.12408447265625,2025-06-16 20:04:23.571672
sh.601825,2024-09-30,2024-10-07,0.1007080078125,2025-06-16 20:04:23.571672
sh.601825,2024-10-08,2024-10-15,0.132080078125,2025-06-16 20:04:23.571672
sh.601825,2024-10-09,2024-10-16,0.1014404296875,2025-06-16 20:04:23.571672
sh.601825,2024-10-10,2024-10-17,0.0831298828125,2025-06-16 20:04:23.571672
sh.601825,2024-10-11,2024-10-18,0.07196044921875,2025-06-16 20:04:23.571672
sh.601825,2024-10-14,2024-10-21,0.09686279296875,2025-06-16 20:04:23.571672
sh.601825,2024-10-15,2024-10-22,0.08709716796875,2025-06-16 20:04:23.571672
sh.601825,2024-10-16,2024-10-23,0.115966796875,2025-06-16 20:04:23.571672
sh.601825,2024-10-17,2024-10-24,0.131103515625,2025-06-16 20:04:23.571672
sh.601825,2024-10-18,2024-10-25,0.1331787109375,2025-06-16 20:04:23.571672
sh.601825,2024-10-21,2024-10-28,0.1475830078125,2025-06-16 20:04:23.571672
sh.601825,2024-10-22,2024-10-29,0.1214599609375,2025-06-16 20:04:23.571672
sh.601825,2024-10-23,2024-10-30,0.11065673828125,2025-06-16 20:04:23.571672
sh.601825,2024-10-24,2024-10-31,0.1390380859375,2025-06-16 20:04:23.571672
sh.601825,2024-10-25,2024-11-01,0.137939453125,2025-06-16 20:04:23.571672
sh.601825,2024-10-28,2024-11-04,0.1322021484375,2025-06-16 20:04:23.571672
sh.601825,2024-10-29,2024-11-05,0.163818359375,2025-06-16 20:04:23.571672
sh.601825,2024-10-30,2024-11-06,0.12158203125,2025-06-16 20:04:23.571672
sh.601825,2024-10-31,2024-11-07,0.14501953125,2025-06-16 20:04:23.571672
sh.601825,2024-11-01,2024-11-08,0.0850830078125,2025-06-16 20:04:23.571672
sh.601825,2024-11-04,2024-11-11,0.137939453125,2025-06-16 20:04:23.571672
sh.601825,2024-11-05,2024-11-12,0.14208984375,2025-06-16 20:04:23.571672
sh.601825,2024-11-06,2024-11-13,0.2454833984375,2025-06-16 20:04:23.571672
sh.601825,2024-11-07,2024-11-14,0.3193359375,2025-06-16 20:04:23.571672
sh.601825,2024-11-08,2024-11-15,0.136962890625,2025-06-16 20:04:23.571672
sh.601825,2024-11-11,2024-11-18,0.1383056640625,2025-06-16 20:04:23.571672
sh.601825,2024-11-12,2024-11-19,0.1143798828125,2025-06-16 20:04:23.571672
sh.601825,2024-11-13,2024-11-20,0.255859375,2025-06-16 20:04:23.571672
sh.601825,2024-11-14,2024-11-21,0.1361083984375,2025-06-16 20:04:23.571672
sh.601825,2024-11-15,2024-11-22,0.08868408203125,2025-06-16 20:04:23.571672
sh.601825,2024-11-18,2024-11-25,0.089111328125,2025-06-16 20:04:23.571672
sh.601825,2024-11-19,2024-11-26,0.13525390625,2025-06-16 20:04:23.571672
sh.601825,2024-11-20,2024-11-27,0.3525390625,2025-06-16 20:04:23.571672
sh.601825,2024-11-21,2024-11-28,0.16943359375,2025-06-16 20:04:23.571672
sh.601825,2024-11-22,2024-11-29,0.12249755859375,2025-06-16 20:04:23.571672
sh.601825,2024-11-25,2024-12-02,0.1104736328125,2025-06-16 20:04:23.571672
sh.601825,2024-11-26,2024-12-03,0.1536865234375,2025-06-16 20:04:23.571672
sh.601825,2024-11-27,2024-12-04,0.28759765625,2025-06-16 20:04:23.571672
sh.601825,2024-11-28,2024-12-05,0.2225341796875,2025-06-16 20:04:23.571672
sh.601825,2024-11-29,2024-12-06,0.1270751953125,2025-06-16 20:04:23.571672
sh.601825,2024-12-02,2024-12-09,0.1357421875,2025-06-16 20:04:23.571672
sh.601825,2024-12-03,2024-12-10,0.245849609375,2025-06-16 20:04:23.571672
sh.601825,2024-12-04,2024-12-11,0.1617431640625,2025-06-16 20:04:23.571672
sh.601825,2024-12-05,2024-12-12,0.2286376953125,2025-06-16 20:04:23.571672
sh.601825,2024-12-06,2024-12-13,0.2305908203125,2025-06-16 20:04:23.571672
sh.601825,2024-12-09,2024-12-16,0.1798095703125,2025-06-16 20:04:23.571672
sh.601825,2024-12-10,2024-12-17,0.171875,2025-06-16 20:04:23.571672
sh.601825,2024-12-11,2024-12-18,0.194091796875,2025-06-16 20:04:23.571672
sh.601825,2024-12-12,2024-12-19,0.1370849609375,2025-06-16 20:04:23.571672
sh.601825,2024-12-13,2024-12-20,0.1236572265625,2025-06-16 20:04:23.571672
sh.601825,2024-12-16,2024-12-23,0.2421875,2025-06-16 20:04:23.571672
sh.601825,2024-12-17,2024-12-24,0.14453125,2025-06-16 20:04:23.571672
sh.601825,2024-12-18,2024-12-25,0.245849609375,2025-06-16 20:04:23.571672
sh.601825,2024-12-19,2024-12-26,0.1346435546875,2025-06-16 20:04:23.571672
sh.601825,2024-12-20,2024-12-27,0.140380859375,2025-06-16 20:04:23.571672
sh.601825,2024-12-23,2024-12-30,0.1715087890625,2025-06-16 20:04:23.571672
sh.601825,2024-12-24,2024-12-31,0.23193359375,2025-06-16 20:04:23.571672
sh.601825,2024-12-25,2025-01-01,0.15673828125,2025-06-16 20:04:23.571672
sh.601825,2024-12-26,2025-01-02,0.252685546875,2025-06-16 20:04:23.571672
sh.601825,2024-12-27,2025-01-03,0.2230224609375,2025-06-16 20:04:23.571672
sh.601825,2024-12-30,2025-01-06,0.23583984375,2025-06-16 20:04:23.571672
sh.601825,2024-12-31,2025-01-07,0.14794921875,2025-06-16 20:04:23.571672
sh.601825,2025-01-02,2025-01-09,0.139404296875,2025-06-16 20:04:23.571672
sh.601825,2025-01-03,2025-01-10,0.1439208984375,2025-06-16 20:04:23.571672
sh.601825,2025-01-06,2025-01-13,0.1553955078125,2025-06-16 20:04:23.571672
sh.601825,2025-01-07,2025-01-14,0.2470703125,2025-06-16 20:04:23.571672
sh.601825,2025-01-08,2025-01-15,0.263427734375,2025-06-16 20:04:23.571672
sh.601825,2025-01-09,2025-01-16,0.17529296875,2025-06-16 20:04:23.571672
sh.601825,2025-01-10,2025-01-17,0.1563720703125,2025-06-16 20:04:23.571672
sh.601825,2025-01-13,2025-01-20,0.154052734375,2025-06-16 20:04:23.571672
sh.601825,2025-01-14,2025-01-21,0.2010498046875,2025-06-16 20:04:23.571672
sh.601825,2025-01-15,2025-01-22,0.16357421875,2025-06-16 20:04:23.571672
sh.601825,2025-01-16,2025-01-23,0.1934814453125,2025-06-16 20:04:23.571672
sh.601825,2025-01-17,2025-01-24,0.17626953125,2025-06-16 20:04:23.571672
sh.601825,2025-01-20,2025-01-27,0.1707763671875,2025-06-16 20:04:23.571672
sh.601825,2025-01-21,2025-01-28,0.18505859375,2025-06-16 20:04:23.571672
sh.601825,2025-01-22,2025-01-29,0.145263671875,2025-06-16 20:04:23.571672
sh.601825,2025-01-23,2025-01-30,0.20263671875,2025-06-16 20:04:23.571672
sh.601825,2025-01-24,2025-01-31,0.2021484375,2025-06-16 20:04:23.571672
sh.601825,2025-01-27,2025-02-03,0.1611328125,2025-06-16 20:04:23.571672
sh.601825,2025-02-05,2025-02-12,0.1494140625,2025-06-16 20:04:23.571672
sh.601825,2025-02-06,2025-02-13,0.1746826171875,2025-06-16 20:04:23.571672
sh.601825,2025-02-07,2025-02-14,0.15185546875,2025-06-16 20:04:23.571672
sh.601825,2025-02-10,2025-02-17,0.223876953125,2025-06-16 20:04:23.571672
sh.601825,2025-02-11,2025-02-18,0.22216796875,2025-06-16 20:04:23.571672
sh.601825,2025-02-12,2025-02-19,0.250732421875,2025-06-16 20:04:23.571672
sh.601825,2025-02-13,2025-02-20,0.147705078125,2025-06-16 20:04:23.571672
sh.601825,2025-02-14,2025-02-21,0.1973876953125,2025-06-16 20:04:23.571672
sh.601825,2025-02-17,2025-02-24,0.2252197265625,2025-06-16 20:04:23.571672
sh.601825,2025-02-18,2025-02-25,0.169189453125,2025-06-16 20:04:23.571672
sh.601825,2025-02-19,2025-02-26,0.1912841796875,2025-06-16 20:04:23.571672
sh.601825,2025-02-20,2025-02-27,0.29345703125,2025-06-16 20:04:23.571672
sh.601825,2025-02-21,2025-02-28,0.1602783203125,2025-06-16 20:04:23.571672
sh.601825,2025-02-24,2025-03-03,0.22216796875,2025-06-16 20:04:23.571672
sh.601825,2025-02-25,2025-03-04,0.1630859375,2025-06-16 20:04:23.571672
sh.601825,2025-02-26,2025-03-05,0.1492919921875,2025-06-16 20:04:23.571672
sh.601825,2025-02-27,2025-03-06,0.195556640625,2025-06-16 20:04:23.571672
sh.601825,2025-02-28,2025-03-07,0.1746826171875,2025-06-16 20:04:23.571672
sh.601825,2025-03-03,2025-03-10,0.194580078125,2025-06-16 20:04:23.571672
sh.601825,2025-03-04,2025-03-11,0.1856689453125,2025-06-16 20:04:23.571672
sh.601825,2025-03-05,2025-03-12,0.2059326171875,2025-06-16 20:04:23.571672
sh.601825,2025-03-06,2025-03-13,0.1705322265625,2025-06-16 20:04:23.571672
sh.601825,2025-03-07,2025-03-14,0.1617431640625,2025-06-16 20:04:23.571672
sh.601825,2025-03-10,2025-03-17,0.2034912109375,2025-06-16 20:04:23.571672
sh.601825,2025-03-11,2025-03-18,0.263916015625,2025-06-16 20:04:23.571672
sh.601825,2025-03-12,2025-03-19,0.16748046875,2025-06-16 20:04:23.571672
sh.601825,2025-03-13,2025-03-20,0.17041015625,2025-06-16 20:04:23.571672
sh.601825,2025-03-14,2025-03-21,0.18212890625,2025-06-16 20:04:23.571672
sh.601825,2025-03-17,2025-03-24,0.2666015625,2025-06-16 20:04:23.571672
sh.601825,2025-03-18,2025-03-25,0.229736328125,2025-06-16 20:04:23.571672
sh.601825,2025-03-19,2025-03-26,0.224853515625,2025-06-16 20:04:23.571672
sh.601825,2025-03-20,2025-03-27,0.2034912109375,2025-06-16 20:04:23.571672
sh.601825,2025-03-21,2025-03-28,0.151611328125,2025-06-16 20:04:23.571672
sh.601825,2025-03-24,2025-03-31,0.2010498046875,2025-06-16 20:04:23.571672
sh.601825,2025-03-25,2025-04-01,0.324951171875,2025-06-16 20:04:23.571672
sh.601825,2025-03-26,2025-04-02,0.1790771484375,2025-06-16 20:04:23.571672
sh.601825,2025-03-27,2025-04-03,0.0782470703125,2025-06-16 20:04:23.571672
sh.601825,2025-03-28,2025-04-04,0.151611328125,2025-06-16 20:04:23.571672
sh.601825,2025-03-31,2025-04-07,0.07684326171875,2025-06-16 20:04:23.571672
sh.601825,2025-04-01,2025-04-08,0.09619140625,2025-06-16 20:04:23.571672
sh.601825,2025-04-02,2025-04-09,0.14208984375,2025-06-16 20:04:23.571672
sh.601825,2025-04-03,2025-04-10,0.1278076171875,2025-06-16 20:04:23.571672
sh.601825,2025-04-07,2025-04-14,0.11083984375,2025-06-16 20:04:23.571672
sh.601825,2025-04-08,2025-04-15,0.08447265625,2025-06-16 20:04:23.571672
sh.601825,2025-04-09,2025-04-16,0.1380615234375,2025-06-16 20:04:23.571672
sh.601825,2025-04-10,2025-04-17,0.134033203125,2025-06-16 20:04:23.571672
sh.601825,2025-04-11,2025-04-18,0.10821533203125,2025-06-16 20:04:23.571672
sh.601825,2025-04-14,2025-04-21,0.092529296875,2025-06-16 20:04:23.571672
sh.601825,2025-04-15,2025-04-22,0.08197021484375,2025-06-16 20:04:23.571672
sh.601825,2025-04-16,2025-04-23,0.1026611328125,2025-06-16 20:04:23.571672
sh.601825,2025-04-17,2025-04-24,0.140380859375,2025-06-16 20:04:23.571672
sh.601825,2025-04-18,2025-04-25,0.09686279296875,2025-06-16 20:04:23.571672
sh.601825,2025-04-21,2025-04-28,0.1239013671875,2025-06-16 20:04:23.571672
sh.601825,2025-04-22,2025-04-29,0.1334228515625,2025-06-16 20:04:23.571672
sh.601825,2025-04-23,2025-04-30,0.137939453125,2025-06-16 20:04:23.571672
sh.601825,2025-04-24,2025-05-01,0.07666015625,2025-06-16 20:04:23.571672
sh.601825,2025-04-25,2025-05-02,0.249267578125,2025-06-16 20:04:23.571672
sh.601825,2025-04-28,2025-05-05,0.18701171875,2025-06-16 20:04:23.571672
sh.601825,2025-04-29,2025-05-06,0.155517578125,2025-06-16 20:04:23.571672
sh.601825,2025-04-30,2025-05-07,0.130126953125,2025-06-16 20:04:23.571672
sh.601825,2025-05-06,2025-05-13,0.139892578125,2025-06-16 20:04:23.571672
sh.601825,2025-05-07,2025-05-14,0.160888671875,2025-06-16 20:04:23.571672
sh.601825,2025-05-08,2025-05-15,0.11083984375,2025-06-16 20:04:23.571672
sh.601825,2025-05-09,2025-05-16,0.4326171875,2025-06-16 20:04:23.571672
sh.601825,2025-05-12,2025-05-19,0.1268310546875,2025-06-16 20:04:23.571672
sh.601825,2025-05-13,2025-05-20,0.11553955078125,2025-06-16 20:04:23.571672
sh.601825,2025-05-14,2025-05-21,0.11517333984375,2025-06-16 20:04:23.571672
sh.601825,2025-05-15,2025-05-22,0.116943359375,2025-06-16 20:04:23.571672
sh.601825,2025-05-16,2025-05-23,0.143310546875,2025-06-16 20:04:23.571672
sh.601825,2025-05-19,2025-05-26,0.10931396484375,2025-06-16 20:04:23.571672
sh.601825,2025-05-20,2025-05-27,0.41357421875,2025-06-16 20:04:23.571672
sh.601825,2025-05-21,2025-05-28,0.2091064453125,2025-06-16 20:04:23.571672
sh.601825,2025-05-22,2025-05-29,0.1925048828125,2025-06-16 20:04:23.571672
sh.601825,2025-05-23,2025-05-30,0.1265869140625,2025-06-16 20:04:23.571672
sh.601825,2025-05-26,2025-06-02,0.1434326171875,2025-06-16 20:04:23.571672
sh.601825,2025-05-27,2025-06-03,0.12274169921875,2025-06-16 20:04:23.571672
sh.601825,2025-05-28,2025-06-04,0.1444091796875,2025-06-16 20:04:23.571672
sh.601825,2025-05-29,2025-06-05,0.152587890625,2025-06-16 20:04:23.571672
sh.601825,2025-05-30,2025-06-06,0.1834716796875,2025-06-16 20:04:23.571672
sh.601825,2025-06-03,2025-06-10,0.2362060546875,2025-06-16 20:04:23.571672
sh.601825,2025-06-04,2025-06-11,0.202880859375,2025-06-16 20:04:23.571672
sh.601825,2025-06-05,2025-06-12,0.170654296875,2025-06-16 20:04:23.571672
sh.601825,2025-06-06,2025-06-13,0.244873046875,2025-06-16 20:04:23.571672
sh.601825,2025-06-09,2025-06-16,0.258056640625,2025-06-16 20:04:23.571672
sh.601825,2025-06-10,2025-06-17,0.267333984375,2025-06-16 20:04:23.571672
sh.601825,2025-06-11,2025-06-18,0.255126953125,2025-06-16 20:04:23.571672
sh.601825,2025-06-12,2025-06-19,0.269287109375,2025-06-16 20:04:23.571672
sh.601825,2025-06-13,2025-06-20,0.1697998046875,2025-06-16 20:04:23.571672
sh.601825,2025-06-16,2025-06-23,0.252685546875,2025-06-16 20:04:23.571672
sh.601838,2025-06-16,2025-06-23,0.2073974609375,2025-06-16 20:04:23.571672
sh.601857,2025-06-16,2025-06-23,0.2315673828125,2025-06-16 20:04:23.571672
sh.601865,2025-06-16,2025-06-23,0.185791015625,2025-06-16 20:04:23.571672
sh.601868,2025-06-16,2025-06-23,0.09271240234375,2025-06-16 20:04:23.571672
sh.601872,2025-06-16,2025-06-23,0.2059326171875,2025-06-16 20:04:23.571672
sh.601877,2025-06-16,2025-06-23,0.09722900390625,2025-06-16 20:04:23.571672
sh.601878,2025-06-16,2025-06-23,0.1683349609375,2025-06-16 20:04:23.571672
sh.601881,2025-06-16,2025-06-23,0.2059326171875,2025-06-16 20:04:23.571672
sh.601888,2025-06-16,2025-06-23,0.189208984375,2025-06-16 20:04:23.571672
sh.601898,2025-06-16,2025-06-23,0.10284423828125,2025-06-16 20:04:23.571672
sh.601899,2025-06-16,2025-06-23,0.1624755859375,2025-06-16 20:04:23.571672
sh.601901,2025-06-16,2025-06-23,0.1300048828125,2025-06-16 20:04:23.571672
sh.601916,2025-06-16,2025-06-23,0.304931640625,2025-06-16 20:04:23.571672
sh.601919,2025-06-16,2025-06-23,0.1734619140625,2025-06-16 20:04:23.571672
sh.601939,2025-06-16,2025-06-23,0.1431884765625,2025-06-16 20:04:23.571672
sh.601985,2025-06-16,2025-06-23,0.13134765625,2025-06-16 20:04:23.571672
sh.601988,2025-06-16,2025-06-23,0.2178955078125,2025-06-16 20:04:23.571672
sh.601989,2025-06-16,2025-06-23,0.1483154296875,2025-06-16 20:04:23.571672
sh.601995,2025-06-16,2025-06-23,0.11553955078125,2025-06-16 20:04:23.571672
sh.601998,2025-06-16,2025-06-23,0.2315673828125,2025-06-16 20:04:23.571672
sh.603019,2025-06-16,2025-06-23,0.126953125,2025-06-16 20:04:23.571672
sh.603195,2025-06-16,2025-06-23,0.115966796875,2025-06-16 20:04:23.571672
sh.603259,2025-06-16,2025-06-23,0.180419921875,2025-06-16 20:04:23.571672
sh.603260,2025-06-16,2025-06-23,0.457275390625,2025-06-16 20:04:23.571672
sh.603288,2025-06-16,2025-06-23,0.184814453125,2025-06-16 20:04:23.571672
sh.603369,2025-06-16,2025-06-23,0.379638671875,2025-06-16 20:04:23.571672
sh.603392,2025-06-16,2025-06-23,0.1478271484375,2025-06-16 20:04:23.571672
sh.603501,2025-06-16,2025-06-23,0.18505859375,2025-06-16 20:04:23.571672
sh.603799,2025-06-16,2025-06-23,0.1656494140625,2025-06-16 20:04:23.571672
sh.603806,2025-06-16,2025-06-23,0.1177978515625,2025-06-16 20:04:23.571672
sh.603833,2025-06-16,2025-06-23,0.453857421875,2025-06-16 20:04:23.571672
sh.603986,2025-06-16,2025-06-23,0.08135986328125,2025-06-16 20:04:23.571672
sh.603993,2025-06-16,2025-06-23,0.14892578125,2025-06-16 20:04:23.571672
sh.605117,2025-06-16,2025-06-23,0.1214599609375,2025-06-16 20:04:23.571672
sh.605499,2025-06-16,2025-06-23,0.08538818359375,2025-06-16 20:04:23.571672
sh.688008,2025-06-16,2025-06-23,0.093994140625,2025-06-16 20:04:23.571672
sh.688009,2025-06-16,2025-06-23,0.203369140625,2025-06-16 20:04:23.571672
sh.688012,2025-06-16,2025-06-23,0.2271728515625,2025-06-16 20:04:23.571672
sh.688036,2025-06-16,2025-06-23,0.115966796875,2025-06-16 20:04:23.571672
sh.688082,2025-06-16,2025-06-23,0.08123779296875,2025-06-16 20:04:23.571672
sh.688111,2025-06-16,2025-06-23,0.2216796875,2025-06-16 20:04:23.571672
sh.688126,2025-06-16,2025-06-23,0.12493896484375,2025-06-16 20:04:23.571672
sh.688169,2025-06-16,2025-06-23,0.14208984375,2025-06-16 20:04:23.571672
sh.688187,2025-06-16,2025-06-23,0.265380859375,2025-06-16 20:04:23.571672
sh.688223,2025-06-16,2025-06-23,0.367919921875,2025-06-16 20:04:23.571672
sh.688256,2025-06-16,2025-06-23,0.1705322265625,2025-06-16 20:04:23.571672
sh.688303,2025-06-16,2025-06-23,0.10211181640625,2025-06-16 20:04:23.571672
sh.688396,2025-06-16,2025-06-23,0.2607421875,2025-06-16 20:04:23.571672
sh.688599,2025-06-16,2025-06-23,0.11419677734375,2025-06-16 20:04:23.571672
sh.688981,2025-06-16,2025-06-23,0.412353515625,2025-06-16 20:04:23.571672
sz.000001,2025-06-16,2025-06-23,0.2459716796875,2025-06-16 20:04:23.571672
sz.000002,2025-06-16,2025-06-23,0.12274169921875,2025-06-16 20:04:23.571672
sz.000063,2025-06-16,2025-06-23,0.0782470703125,2025-06-16 20:04:23.571672
sz.000100,2025-06-16,2025-06-23,0.11578369140625,2025-06-16 20:04:23.571672
sz.000157,2025-06-16,2025-06-23,0.150634765625,2025-06-16 20:04:23.571672
sz.000166,2025-06-16,2025-06-23,0.15966796875,2025-06-16 20:04:23.571672
sz.000301,2025-06-16,2025-06-23,0.134765625,2025-06-16 20:04:23.571672
sz.000333,2025-06-16,2025-06-23,0.1319580078125,2025-06-16 20:04:23.571672
sz.000338,2025-06-16,2025-06-23,0.1302490234375,2025-06-16 20:04:23.571672
sz.000408,2025-06-16,2025-06-23,0.148193359375,2025-06-16 20:04:23.571672
sz.000425,2025-06-16,2025-06-23,0.144287109375,2025-06-16 20:04:23.571672
sz.000538,2025-06-16,2025-06-23,0.134033203125,2025-06-16 20:04:23.571672
sz.000568,2025-06-16,2025-06-23,0.42333984375,2025-06-16 20:04:23.571672
sz.000596,2025-06-16,2025-06-23,0.38330078125,2025-06-16 20:04:23.571672
sz.000617,2025-06-16,2025-06-23,0.0994873046875,2025-06-16 20:04:23.571672
sz.000625,2025-06-16,2025-06-23,0.12054443359375,2025-06-16 20:04:23.571672
sz.000630,2025-06-16,2025-06-23,0.10894775390625,2025-06-16 20:04:23.571672
sz.000651,2025-06-16,2025-06-23,0.12359619140625,2025-06-16 20:04:23.571672
sz.000661,2025-06-16,2025-06-23,0.1292724609375,2025-06-16 20:04:23.571672
sz.000708,2025-06-16,2025-06-23,0.11932373046875,2025-06-16 20:04:23.571672
sz.000725,2025-06-16,2025-06-23,0.0948486328125,2025-06-16 20:04:23.571672
sz.000768,2025-06-16,2025-06-23,0.1749267578125,2025-06-16 20:04:23.571672
sz.000776,2025-06-16,2025-06-23,0.20263671875,2025-06-16 20:04:23.571672
sz.000786,2025-06-16,2025-06-23,0.182861328125,2025-06-16 20:04:23.571672
sz.000792,2025-06-16,2025-06-23,0.09271240234375,2025-06-16 20:04:23.571672
sz.000800,2025-06-16,2025-06-23,0.2095947265625,2025-06-16 20:04:23.571672
sz.000807,2025-06-16,2025-06-23,0.1407470703125,2025-06-16 20:04:23.571672
sz.000858,2025-06-16,2025-06-23,0.4794921875,2025-06-16 20:04:23.571672
sz.000876,2025-06-16,2025-06-23,0.1165771484375,2025-06-16 20:04:23.571672
sz.000895,2025-06-16,2025-06-23,0.122314453125,2025-06-16 20:04:23.571672
sz.000938,2025-06-16,2025-06-23,0.2117919921875,2025-06-16 20:04:23.571672
sz.000963,2025-06-16,2025-06-23,0.139892578125,2025-06-16 20:04:23.571672
sz.000975,2025-06-16,2025-06-23,0.1268310546875,2025-06-16 20:04:23.571672
sz.000977,2025-06-16,2025-06-23,0.1195068359375,2025-06-16 20:04:23.571672
sz.000983,2025-06-16,2025-06-23,0.2010498046875,2025-06-16 20:04:23.571672
sz.000999,2025-06-16,2025-06-23,0.150146484375,2025-06-16 20:04:23.571672
sz.001289,2025-06-16,2025-06-23,0.12445068359375,2025-06-16 20:04:23.571672
sz.001965,2025-06-16,2025-06-23,0.2978515625,2025-06-16 20:04:23.571672
sz.001979,2025-06-16,2025-06-23,0.1259765625,2025-06-16 20:04:23.571672
sz.002001,2025-06-16,2025-06-23,0.11981201171875,2025-06-16 20:04:23.571672
sz.002027,2025-06-16,2025-06-23,0.144287109375,2025-06-16 20:04:23.571672
sz.002028,2025-06-16,2025-06-23,0.08740234375,2025-06-16 20:04:23.571672
sz.002049,2025-06-16,2025-06-23,0.1998291015625,2025-06-16 20:04:23.571672
sz.002050,2025-06-16,2025-06-23,0.11029052734375,2025-06-16 20:04:23.571672
sz.002074,2025-06-16,2025-06-23,0.32275390625,2025-06-16 20:04:23.571672
sz.002129,2025-06-16,2025-06-23,0.21337890625,2025-06-16 20:04:23.571672
sz.002142,2025-06-16,2025-06-23,0.194091796875,2025-06-16 20:04:23.571672
sz.002179,2025-06-16,2025-06-23,0.1357421875,2025-06-16 20:04:23.571672
sz.002180,2025-06-16,2025-06-23,0.07080078125,2025-06-16 20:04:23.571672
sz.002230,2025-06-16,2025-06-23,0.0869140625,2025-06-16 20:04:23.571672
sz.002236,2025-06-16,2025-06-23,0.1805419921875,2025-06-16 20:04:23.571672
sz.002241,2025-06-16,2025-06-23,0.09222412109375,2025-06-16 20:04:23.571672
sz.002252,2025-06-16,2025-06-23,0.126953125,2025-06-16 20:04:23.571672
sz.002304,2025-06-16,2025-06-23,0.233154296875,2025-06-16 20:04:23.571672
sz.002311,2025-06-16,2025-06-23,0.1397705078125,2025-06-16 20:04:23.571672
sz.002352,2025-06-16,2025-06-23,0.188232421875,2025-06-16 20:04:23.571672
sz.002371,2025-06-16,2025-06-23,0.2044677734375,2025-06-16 20:04:23.571672
sz.002415,2025-06-16,2025-06-23,0.11163330078125,2025-06-16 20:04:23.571672
sz.002422,2025-06-16,2025-06-23,0.140625,2025-06-16 20:04:23.571672
sz.002459,2025-06-16,2025-06-23,0.07275390625,2025-06-16 20:04:23.571672
sz.002460,2025-06-16,2025-06-23,0.1171875,2025-06-16 20:04:23.571672
sz.002463,2025-06-16,2025-06-23,0.250244140625,2025-06-16 20:04:23.571672
sz.002466,2025-06-16,2025-06-23,0.143798828125,2025-06-16 20:04:23.571672
sz.002475,2025-06-16,2025-06-23,0.22021484375,2025-06-16 20:04:23.571672
sz.002493,2025-06-16,2025-06-23,0.130615234375,2025-06-16 20:04:23.571672
sz.002594,2025-06-16,2025-06-23,0.1572265625,2025-06-16 20:04:23.571672
sz.002600,2020-01-02,2020-01-09,0.188720703125,2025-06-16 20:04:23.571672
sz.002600,2020-01-03,2020-01-10,0.1339111328125,2025-06-16 20:04:23.571672
sz.002600,2020-01-06,2020-01-13,0.148193359375,2025-06-16 20:04:23.571672
sz.002600,2020-01-07,2020-01-14,0.2132568359375,2025-06-16 20:04:23.571672
sz.002600,2020-01-08,2020-01-15,0.1143798828125,2025-06-16 20:04:23.571672
sz.002600,2020-01-09,2020-01-16,0.2509765625,2025-06-16 20:04:23.571672
sz.002600,2020-01-10,2020-01-17,0.143798828125,2025-06-16 20:04:23.571672
sz.002600,2020-01-13,2020-01-20,0.304931640625,2025-06-16 20:04:23.571672
sz.002600,2020-01-14,2020-01-21,0.1622314453125,2025-06-16 20:04:23.571672
sz.002600,2020-01-15,2020-01-22,0.2880859375,2025-06-16 20:04:23.571672
sz.002600,2020-01-16,2020-01-23,0.174072265625,2025-06-16 20:04:23.571672
sz.002600,2020-01-17,2020-01-24,0.1461181640625,2025-06-16 20:04:23.571672
sz.002600,2020-01-20,2020-01-27,0.20166015625,2025-06-16 20:04:23.571672
sz.002600,2020-01-21,2020-01-28,0.2305908203125,2025-06-16 20:04:23.571672
sz.002600,2020-01-22,2020-01-29,0.20166015625,2025-06-16 20:04:23.571672
sz.002600,2020-01-23,2020-01-30,0.1414794921875,2025-06-16 20:04:23.571672
sz.002600,2020-02-03,2020-02-10,0.462646484375,2025-06-16 20:04:23.571672
sz.002600,2020-02-04,2020-02-11,0.135498046875,2025-06-16 20:04:23.571672
sz.002600,2020-02-05,2020-02-12,0.1195068359375,2025-06-16 20:04:23.571672
sz.002600,2020-02-06,2020-02-13,0.160400390625,2025-06-16 20:04:23.571672
sz.002600,2020-02-07,2020-02-14,0.1480712890625,2025-06-16 20:04:23.571672
sz.002600,2020-02-10,2020-02-17,0.1290283203125,2025-06-16 20:04:23.571672
sz.002600,2020-02-11,2020-02-18,0.11083984375,2025-06-16 20:04:23.571672
sz.002600,2020-02-12,2020-02-19,0.273193359375,2025-06-16 20:04:23.571672
sz.002600,2020-02-13,2020-02-20,0.167236328125,2025-06-16 20:04:23.571672
sz.002600,2020-02-14,2020-02-21,0.142333984375,2025-06-16 20:04:23.571672
sz.002600,2020-02-17,2020-02-24,0.1885986328125,2025-06-16 20:04:23.571672
sz.002600,2020-02-18,2020-02-25,0.218994140625,2025-06-16 20:04:23.571672
sz.002600,2020-02-19,2020-02-26,0.189697265625,2025-06-16 20:04:23.571672
sz.002600,2020-02-20,2020-02-27,0.216796875,2025-06-16 20:04:23.571672
sz.002600,2020-02-21,2020-02-28,0.1519775390625,2025-06-16 20:04:23.571672
sz.002600,2020-02-24,2020-03-02,0.264404296875,2025-06-16 20:04:23.571672
sz.002600,2020-02-25,2020-03-03,0.20654296875,2025-06-16 20:04:23.571672
sz.002600,2020-02-26,2020-03-04,0.1455078125,2025-06-16 20:04:23.571672
sz.002600,2020-02-27,2020-03-05,0.173095703125,2025-06-16 20:04:23.571672
sz.002600,2020-02-28,2020-03-06,0.1295166015625,2025-06-16 20:04:23.571672
sz.002600,2020-03-02,2020-03-09,0.1988525390625,2025-06-16 20:04:23.571672
sz.002600,2020-03-03,2020-03-10,0.1312255859375,2025-06-16 20:04:23.571672
sz.002600,2020-03-04,2020-03-11,0.1922607421875,2025-06-16 20:04:23.571672
sz.002600,2020-03-05,2020-03-12,0.1700439453125,2025-06-16 20:04:23.571672
sz.002600,2020-03-06,2020-03-13,0.1707763671875,2025-06-16 20:04:23.571672
sz.002600,2020-03-09,2020-03-16,0.1378173828125,2025-06-16 20:04:23.571672
sz.002600,2020-03-10,2020-03-17,0.157958984375,2025-06-16 20:04:23.571672
sz.002600,2020-03-11,2020-03-18,0.142578125,2025-06-16 20:04:23.571672
sz.002600,2020-03-12,2020-03-19,0.131103515625,2025-06-16 20:04:23.571672
sz.002600,2020-03-13,2020-03-20,0.07196044921875,2025-06-16 20:04:23.571672
sz.002600,2020-03-16,2020-03-23,0.131591796875,2025-06-16 20:04:23.571672
sz.002600,2020-03-17,2020-03-24,0.12158203125,2025-06-16 20:04:23.571672
sz.002600,2020-03-18,2020-03-25,0.106689453125,2025-06-16 20:04:23.571672
sz.002600,2020-03-19,2020-03-26,0.1390380859375,2025-06-16 20:04:23.571672
sz.002600,2020-03-20,2020-03-27,0.1458740234375,2025-06-16 20:04:23.571672
sz.002600,2020-03-23,2020-03-30,0.1744384765625,2025-06-16 20:04:23.571672
sz.002600,2020-03-24,2020-03-31,0.1988525390625,2025-06-16 20:04:23.571672
sz.002600,2020-03-25,2020-04-01,0.13134765625,2025-06-16 20:04:23.571672
sz.002600,2020-03-26,2020-04-02,0.2064208984375,2025-06-16 20:04:23.571672
sz.002600,2020-03-27,2020-04-03,0.1890869140625,2025-06-16 20:04:23.571672
sz.002600,2020-03-30,2020-04-06,0.298095703125,2025-06-16 20:04:23.571672
sz.002600,2020-03-31,2020-04-07,0.289794921875,2025-06-16 20:04:23.571672
sz.002600,2020-04-01,2020-04-08,0.32568359375,2025-06-16 20:04:23.571672
sz.002600,2020-04-02,2020-04-09,0.3701171875,2025-06-16 20:04:23.571672
sz.002600,2020-04-03,2020-04-10,0.2047119140625,2025-06-16 20:04:23.571672
sz.002600,2020-04-07,2020-04-14,0.171875,2025-06-16 20:04:23.571672
sz.002600,2020-04-08,2020-04-15,0.171875,2025-06-16 20:04:23.571672
sz.002600,2020-04-09,2020-04-16,0.20703125,2025-06-16 20:04:23.571672
sz.002600,2020-04-10,2020-04-17,0.1734619140625,2025-06-16 20:04:23.571672
sz.002600,2020-04-13,2020-04-20,0.31103515625,2025-06-16 20:04:23.571672
sz.002600,2020-04-14,2020-04-21,0.414306640625,2025-06-16 20:04:23.571672
sz.002600,2020-04-15,2020-04-22,0.125244140625,2025-06-16 20:04:23.571672
sz.002600,2020-04-16,2020-04-23,0.1468505859375,2025-06-16 20:04:23.571672
sz.002600,2020-04-17,2020-04-24,0.1419677734375,2025-06-16 20:04:23.571672
sz.002600,2020-04-20,2020-04-27,0.179931640625,2025-06-16 20:04:23.571672
sz.002600,2020-04-21,2020-04-28,0.1805419921875,2025-06-16 20:04:23.571672
sz.002600,2020-04-22,2020-04-29,0.3720703125,2025-06-16 20:04:23.571672
sz.002600,2020-04-23,2020-04-30,0.1988525390625,2025-06-16 20:04:23.571672
sz.002600,2020-04-24,2020-05-01,0.2330322265625,2025-06-16 20:04:23.571672
sz.002600,2020-04-27,2020-05-04,0.286376953125,2025-06-16 20:04:23.571672
sz.002600,2020-04-28,2020-05-05,0.2098388671875,2025-06-16 20:04:23.571672
sz.002600,2020-04-29,2020-05-06,0.279541015625,2025-06-16 20:04:23.571672
sz.002600,2020-04-30,2020-05-07,0.235595703125,2025-06-16 20:04:23.571672
sz.002600,2020-05-06,2020-05-13,0.11260986328125,2025-06-16 20:04:23.571672
sz.002600,2020-05-07,2020-05-14,0.1181640625,2025-06-16 20:04:23.571672
sz.002600,2020-05-08,2020-05-15,0.1290283203125,2025-06-16 20:04:23.571672
sz.002600,2020-05-11,2020-05-18,0.1357421875,2025-06-16 20:04:23.571672
sz.002600,2020-05-12,2020-05-19,0.1190185546875,2025-06-16 20:04:23.571672
sz.002600,2020-05-13,2020-05-20,0.12322998046875,2025-06-16 20:04:23.571672
sz.002600,2020-05-14,2020-05-21,0.08331298828125,2025-06-16 20:04:23.571672
sz.002600,2020-05-15,2020-05-22,0.1063232421875,2025-06-16 20:04:23.571672
sz.002600,2020-05-18,2020-05-25,0.1385498046875,2025-06-16 20:04:23.571672
sz.002600,2020-05-19,2020-05-26,0.11260986328125,2025-06-16 20:04:23.571672
sz.002600,2020-05-20,2020-05-27,0.092529296875,2025-06-16 20:04:23.571672
sz.002600,2020-05-21,2020-05-28,0.1224365234375,2025-06-16 20:04:23.571672
sz.002600,2020-05-22,2020-05-29,0.154052734375,2025-06-16 20:04:23.571672
sz.002600,2020-05-25,2020-06-01,0.16455078125,2025-06-16 20:04:23.571672
sz.002600,2020-05-26,2020-06-02,0.289794921875,2025-06-16 20:04:23.571672
sz.002600,2020-05-27,2020-06-03,0.17138671875,2025-06-16 20:04:23.571672
sz.002600,2020-05-28,2020-06-04,0.19287109375,2025-06-16 20:04:23.571672
sz.002600,2020-05-29,2020-06-05,0.2298583984375,2025-06-16 20:04:23.571672
sz.002600,2020-06-01,2020-06-08,0.482421875,2025-06-16 20:04:23.571672
sz.002600,2020-06-02,2020-06-09,0.118408203125,2025-06-16 20:04:23.571672
sz.002600,2020-06-03,2020-06-10,0.081787109375,2025-06-16 20:04:23.571672
sz.002600,2020-06-04,2020-06-11,0.1121826171875,2025-06-16 20:04:23.571672
sz.002600,2020-06-05,2020-06-12,0.0966796875,2025-06-16 20:04:23.571672
sz.002600,2020-06-08,2020-06-15,0.1258544921875,2025-06-16 20:04:23.571672
sz.002600,2020-06-09,2020-06-16,0.2083740234375,2025-06-16 20:04:23.571672
sz.002600,2020-06-10,2020-06-17,0.142333984375,2025-06-16 20:04:23.571672
sz.002600,2020-06-11,2020-06-18,0.1190185546875,2025-06-16 20:04:23.571672
sz.002600,2020-06-12,2020-06-19,0.1202392578125,2025-06-16 20:04:23.571672
sz.002600,2020-06-15,2020-06-22,0.1246337890625,2025-06-16 20:04:23.571672
sz.002600,2020-06-16,2020-06-23,0.128662109375,2025-06-16 20:04:23.571672
sz.002600,2020-06-17,2020-06-24,0.1265869140625,2025-06-16 20:04:23.571672
sz.002600,2020-06-18,2020-06-25,0.136962890625,2025-06-16 20:04:23.571672
sz.002600,2020-06-19,2020-06-26,0.11181640625,2025-06-16 20:04:23.571672
sz.002600,2020-06-22,2020-06-29,0.12249755859375,2025-06-16 20:04:23.571672
sz.002600,2020-06-23,2020-06-30,0.1494140625,2025-06-16 20:04:23.571672
sz.002600,2020-06-24,2020-07-01,0.0975341796875,2025-06-16 20:04:23.571672
sz.002600,2020-06-29,2020-07-06,0.132568359375,2025-06-16 20:04:23.571672
sz.002600,2020-06-30,2020-07-07,0.1336669921875,2025-06-16 20:04:23.571672
sz.002600,2020-07-01,2020-07-08,0.1312255859375,2025-06-16 20:04:23.571672
sz.002600,2020-07-02,2020-07-09,0.34033203125,2025-06-16 20:04:23.571672
sz.002600,2020-07-03,2020-07-10,0.136474609375,2025-06-16 20:04:23.571672
sz.002600,2020-07-06,2020-07-13,0.163818359375,2025-06-16 20:04:23.571672
sz.002600,2020-07-07,2020-07-14,0.10357666015625,2025-06-16 20:04:23.571672
sz.002600,2020-07-08,2020-07-15,0.2440185546875,2025-06-16 20:04:23.571672
sz.002600,2020-07-09,2020-07-16,0.1834716796875,2025-06-16 20:04:23.571672
sz.002600,2020-07-10,2020-07-17,0.1964111328125,2025-06-16 20:04:23.571672
sz.002600,2020-07-13,2020-07-20,0.288330078125,2025-06-16 20:04:23.571672
sz.002600,2020-07-14,2020-07-21,0.1551513671875,2025-06-16 20:04:23.571672
sz.002600,2020-07-15,2020-07-22,0.1419677734375,2025-06-16 20:04:23.571672
sz.002600,2020-07-16,2020-07-23,0.1292724609375,2025-06-16 20:04:23.571672
sz.002600,2020-07-17,2020-07-24,0.204345703125,2025-06-16 20:04:23.571672
sz.002600,2020-07-20,2020-07-27,0.2010498046875,2025-06-16 20:04:23.571672
sz.002600,2020-07-21,2020-07-28,0.197021484375,2025-06-16 20:04:23.571672
sz.002600,2020-07-22,2020-07-29,0.1533203125,2025-06-16 20:04:23.571672
sz.002600,2020-07-23,2020-07-30,0.1412353515625,2025-06-16 20:04:23.571672
sz.002600,2020-07-24,2020-07-31,0.1671142578125,2025-06-16 20:04:23.571672
sz.002600,2020-07-27,2020-08-03,0.328125,2025-06-16 20:04:23.571672
sz.002600,2020-07-28,2020-08-04,0.42724609375,2025-06-16 20:04:23.571672
sz.002600,2020-07-29,2020-08-05,0.288330078125,2025-06-16 20:04:23.571672
sz.002600,2020-07-30,2020-08-06,0.2437744140625,2025-06-16 20:04:23.571672
sz.002600,2020-07-31,2020-08-07,0.40966796875,2025-06-16 20:04:23.571672
sz.002600,2020-08-03,2020-08-10,0.2230224609375,2025-06-16 20:04:23.571672
sz.002600,2020-08-04,2020-08-11,0.12493896484375,2025-06-16 20:04:23.571672
sz.002600,2020-08-05,2020-08-12,0.130615234375,2025-06-16 20:04:23.571672
sz.002600,2020-08-06,2020-08-13,0.1361083984375,2025-06-16 20:04:23.571672
sz.002600,2020-08-07,2020-08-14,0.1300048828125,2025-06-16 20:04:23.571672
sz.002600,2020-08-10,2020-08-17,0.1666259765625,2025-06-16 20:04:23.571672
sz.002600,2020-08-11,2020-08-18,0.1143798828125,2025-06-16 20:04:23.571672
sz.002600,2020-08-12,2020-08-19,0.3564453125,2025-06-16 20:04:23.571672
sz.002600,2020-08-13,2020-08-20,0.140869140625,2025-06-16 20:04:23.571672
sz.002600,2020-08-14,2020-08-21,0.1131591796875,2025-06-16 20:04:23.571672
sz.002600,2020-08-17,2020-08-24,0.09271240234375,2025-06-16 20:04:23.571672
sz.002600,2020-08-18,2020-08-25,0.1295166015625,2025-06-16 20:04:23.571672
sz.002600,2020-08-19,2020-08-26,0.14501953125,2025-06-16 20:04:23.571672
sz.002600,2020-08-20,2020-08-27,0.127197265625,2025-06-16 20:04:23.571672
sz.002600,2020-08-21,2020-08-28,0.092529296875,2025-06-16 20:04:23.571672
sz.002600,2020-08-24,2020-08-31,0.09588623046875,2025-06-16 20:04:23.571672
sz.002600,2020-08-25,2020-09-01,0.1251220703125,2025-06-16 20:04:23.571672
sz.002600,2020-08-26,2020-09-02,0.1181640625,2025-06-16 20:04:23.571672
sz.002600,2020-08-27,2020-09-03,0.07720947265625,2025-06-16 20:04:23.571672
sz.002600,2020-08-28,2020-09-04,0.0938720703125,2025-06-16 20:04:23.571672
sz.002600,2020-08-31,2020-09-07,0.110107421875,2025-06-16 20:04:23.571672
sz.002600,2020-09-01,2020-09-08,0.10302734375,2025-06-16 20:04:23.571672
sz.002600,2020-09-02,2020-09-09,0.11083984375,2025-06-16 20:04:23.571672
sz.002600,2020-09-03,2020-09-10,0.128662109375,2025-06-16 20:04:23.571672
sz.002600,2020-09-04,2020-09-11,0.0938720703125,2025-06-16 20:04:23.571672
sz.002600,2020-09-07,2020-09-14,0.12445068359375,2025-06-16 20:04:23.571672
sz.002600,2020-09-08,2020-09-15,0.11920166015625,2025-06-16 20:04:23.571672
sz.002600,2020-09-09,2020-09-16,0.1456298828125,2025-06-16 20:04:23.571672
sz.002600,2020-09-10,2020-09-17,0.16259765625,2025-06-16 20:04:23.571672
sz.002600,2020-09-11,2020-09-18,0.24072265625,2025-06-16 20:04:23.571672
sz.002600,2020-09-14,2020-09-21,0.11163330078125,2025-06-16 20:04:23.571672
sz.002600,2020-09-15,2020-09-22,0.1304931640625,2025-06-16 20:04:23.571672
sz.002600,2020-09-16,2020-09-23,0.1470947265625,2025-06-16 20:04:23.571672
sz.002600,2020-09-17,2020-09-24,0.1048583984375,2025-06-16 20:04:23.571672
sz.002600,2020-09-18,2020-09-25,0.2288818359375,2025-06-16 20:04:23.571672
sz.002600,2020-09-21,2020-09-28,0.0994873046875,2025-06-16 20:04:23.571672
sz.002600,2020-09-22,2020-09-29,0.12103271484375,2025-06-16 20:04:23.571672
sz.002600,2020-09-23,2020-09-30,0.11199951171875,2025-06-16 20:04:23.571672
sz.002600,2020-09-24,2020-10-01,0.156982421875,2025-06-16 20:04:23.571672
sz.002600,2020-09-25,2020-10-02,0.216064453125,2025-06-16 20:04:23.571672
sz.002600,2020-09-28,2020-10-05,0.1737060546875,2025-06-16 20:04:23.571672
sz.002600,2020-09-29,2020-10-06,0.13330078125,2025-06-16 20:04:23.571672
sz.002600,2020-09-30,2020-10-07,0.1531982421875,2025-06-16 20:04:23.571672
sz.002600,2020-10-09,2020-10-16,0.2509765625,2025-06-16 20:04:23.571672
sz.002600,2020-10-12,2020-10-19,0.2288818359375,2025-06-16 20:04:23.571672
sz.002600,2020-10-13,2020-10-20,0.1270751953125,2025-06-16 20:04:23.571672
sz.002600,2020-10-14,2020-10-21,0.123779296875,2025-06-16 20:04:23.571672
sz.002600,2020-10-15,2020-10-22,0.07794189453125,2025-06-16 20:04:23.571672
sz.002600,2020-10-16,2020-10-23,0.126220703125,2025-06-16 20:04:23.571672
sz.002600,2020-10-19,2020-10-26,0.09857177734375,2025-06-16 20:04:23.571672
sz.002600,2020-10-20,2020-10-27,0.13037109375,2025-06-16 20:04:23.571672
sz.002600,2020-10-21,2020-10-28,0.1165771484375,2025-06-16 20:04:23.571672
sz.002600,2020-10-22,2020-10-29,0.11553955078125,2025-06-16 20:04:23.571672
sz.002600,2020-10-23,2020-10-30,0.11279296875,2025-06-16 20:04:23.571672
sz.002600,2020-10-26,2020-11-02,0.2430419921875,2025-06-16 20:04:23.571672
sz.002600,2020-10-27,2020-11-03,0.18798828125,2025-06-16 20:04:23.571672
sz.002600,2020-10-28,2020-11-04,0.15673828125,2025-06-16 20:04:23.571672
sz.002600,2020-10-29,2020-11-05,0.12646484375,2025-06-16 20:04:23.571672
sz.002600,2020-10-30,2020-11-06,0.127197265625,2025-06-16 20:04:23.571672
sz.002600,2020-11-02,2020-11-09,0.1475830078125,2025-06-16 20:04:23.571672
sz.002600,2020-11-03,2020-11-10,0.1392822265625,2025-06-16 20:04:23.571672
sz.002600,2020-11-04,2020-11-11,0.140625,2025-06-16 20:04:23.571672
sz.002600,2020-11-05,2020-11-12,0.1175537109375,2025-06-16 20:04:23.571672
sz.002600,2020-11-06,2020-11-13,0.144775390625,2025-06-16 20:04:23.571672
sz.002600,2020-11-09,2020-11-16,0.1654052734375,2025-06-16 20:04:23.571672
sz.002600,2020-11-10,2020-11-17,0.255859375,2025-06-16 20:04:23.571672
sz.002600,2020-11-11,2020-11-18,0.1361083984375,2025-06-16 20:04:23.571672
sz.002600,2020-11-12,2020-11-19,0.1424560546875,2025-06-16 20:04:23.571672
sz.002600,2020-11-13,2020-11-20,0.1334228515625,2025-06-16 20:04:23.571672
sz.002600,2020-11-16,2020-11-23,0.1270751953125,2025-06-16 20:04:23.571672
sz.002600,2020-11-17,2020-11-24,0.13134765625,2025-06-16 20:04:23.571672
sz.002600,2020-11-18,2020-11-25,0.144775390625,2025-06-16 20:04:23.571672
sz.002600,2020-11-19,2020-11-26,0.173583984375,2025-06-16 20:04:23.571672
sz.002600,2020-11-20,2020-11-27,0.131591796875,2025-06-16 20:04:23.571672
sz.002600,2020-11-23,2020-11-30,0.1634521484375,2025-06-16 20:04:23.571672
sz.002600,2020-11-24,2020-12-01,0.1363525390625,2025-06-16 20:04:23.571672
sz.002600,2020-11-25,2020-12-02,0.12066650390625,2025-06-16 20:04:23.571672
sz.002600,2020-11-26,2020-12-03,0.12890625,2025-06-16 20:04:23.571672
sz.002600,2020-11-27,2020-12-04,0.1754150390625,2025-06-16 20:04:23.571672
sz.002600,2020-11-30,2020-12-07,0.151611328125,2025-06-16 20:04:23.571672
sz.002600,2020-12-01,2020-12-08,0.250244140625,2025-06-16 20:04:23.571672
sz.002600,2020-12-02,2020-12-09,0.2049560546875,2025-06-16 20:04:23.571672
sz.002600,2020-12-03,2020-12-10,0.1834716796875,2025-06-16 20:04:23.571672
sz.002600,2020-12-04,2020-12-11,0.1998291015625,2025-06-16 20:04:23.571672
sz.002600,2020-12-07,2020-12-14,0.154541015625,2025-06-16 20:04:23.571672
sz.002600,2020-12-08,2020-12-15,0.228271484375,2025-06-16 20:04:23.571672
sz.002600,2020-12-09,2020-12-16,0.12890625,2025-06-16 20:04:23.571672
sz.002600,2020-12-10,2020-12-17,0.1756591796875,2025-06-16 20:04:23.571672
sz.002600,2020-12-11,2020-12-18,0.1318359375,2025-06-16 20:04:23.571672
sz.002600,2020-12-14,2020-12-21,0.16064453125,2025-06-16 20:04:23.571672
sz.002600,2020-12-15,2020-12-22,0.219970703125,2025-06-16 20:04:23.571672
sz.002600,2020-12-16,2020-12-23,0.1231689453125,2025-06-16 20:04:23.571672
sz.002600,2020-12-17,2020-12-24,0.145751953125,2025-06-16 20:04:23.571672
sz.002600,2020-12-18,2020-12-25,0.14990234375,2025-06-16 20:04:23.571672
sz.002600,2020-12-21,2020-12-28,0.1572265625,2025-06-16 20:04:23.571672
sz.002600,2020-12-22,2020-12-29,0.09844970703125,2025-06-16 20:04:23.571672
sz.002600,2020-12-23,2020-12-30,0.1427001953125,2025-06-16 20:04:23.571672
sz.002600,2020-12-24,2020-12-31,0.1424560546875,2025-06-16 20:04:23.571672
sz.002600,2020-12-25,2021-01-01,0.158447265625,2025-06-16 20:04:23.571672
sz.002600,2020-12-28,2021-01-04,0.1368408203125,2025-06-16 20:04:23.571672
sz.002600,2020-12-29,2021-01-05,0.10931396484375,2025-06-16 20:04:23.571672
sz.002600,2020-12-30,2021-01-06,0.12890625,2025-06-16 20:04:23.571672
sz.002600,2020-12-31,2021-01-07,0.11859130859375,2025-06-16 20:04:23.571672
sz.002600,2021-01-04,2021-01-11,0.1297607421875,2025-06-16 20:04:23.571672
sz.002600,2021-01-05,2021-01-12,0.2191162109375,2025-06-16 20:04:23.571672
sz.002600,2021-01-06,2021-01-13,0.1287841796875,2025-06-16 20:04:23.571672
sz.002600,2021-01-07,2021-01-14,0.10125732421875,2025-06-16 20:04:23.571672
sz.002600,2021-01-08,2021-01-15,0.2171630859375,2025-06-16 20:04:23.571672
sz.002600,2021-01-11,2021-01-18,0.1407470703125,2025-06-16 20:04:23.571672
sz.002600,2021-01-12,2021-01-19,0.1007080078125,2025-06-16 20:04:23.571672
sz.002600,2021-01-13,2021-01-20,0.1287841796875,2025-06-16 20:04:23.571672
sz.002600,2021-01-14,2021-01-21,0.1199951171875,2025-06-16 20:04:23.571672
sz.002600,2021-01-15,2021-01-22,0.1251220703125,2025-06-16 20:04:23.571672
sz.002600,2021-01-18,2021-01-25,0.09185791015625,2025-06-16 20:04:23.571672
sz.002600,2021-01-19,2021-01-26,0.1358642578125,2025-06-16 20:04:23.571672
sz.002600,2021-01-20,2021-01-27,0.10540771484375,2025-06-16 20:04:23.571672
sz.002600,2021-01-21,2021-01-28,0.245849609375,2025-06-16 20:04:23.571672
sz.002600,2021-01-22,2021-01-29,0.2447509765625,2025-06-16 20:04:23.571672
sz.002600,2021-01-25,2021-02-01,0.2125244140625,2025-06-16 20:04:23.571672
sz.002600,2021-01-26,2021-02-02,0.1600341796875,2025-06-16 20:04:23.571672
sz.002600,2021-01-27,2021-02-03,0.1719970703125,2025-06-16 20:04:23.571672
sz.002600,2021-01-28,2021-02-04,0.1376953125,2025-06-16 20:04:23.571672
sz.002600,2021-01-29,2021-02-05,0.14794921875,2025-06-16 20:04:23.571672
sz.002600,2021-02-01,2021-02-08,0.19482421875,2025-06-16 20:04:23.571672
sz.002600,2021-02-02,2021-02-09,0.22216796875,2025-06-16 20:04:23.571672
sz.002600,2021-02-03,2021-02-10,0.1524658203125,2025-06-16 20:04:23.571672
sz.002600,2021-02-04,2021-02-11,0.159423828125,2025-06-16 20:04:23.571672
sz.002600,2021-02-05,2021-02-12,0.143798828125,2025-06-16 20:04:23.571672
sz.002600,2021-02-08,2021-02-15,0.17041015625,2025-06-16 20:04:23.571672
sz.002600,2021-02-09,2021-02-16,0.1905517578125,2025-06-16 20:04:23.571672
sz.002600,2021-02-10,2021-02-17,0.17822265625,2025-06-16 20:04:23.571672
sz.002600,2021-02-18,2021-02-25,0.1556396484375,2025-06-16 20:04:23.571672
sz.002600,2021-02-19,2021-02-26,0.2430419921875,2025-06-16 20:04:23.571672
sz.002600,2021-02-22,2021-03-01,0.1890869140625,2025-06-16 20:04:23.571672
sz.002600,2021-02-23,2021-03-02,0.1766357421875,2025-06-16 20:04:23.571672
sz.002600,2021-02-24,2021-03-03,0.2099609375,2025-06-16 20:04:23.571672
sz.002600,2021-02-25,2021-03-04,0.156982421875,2025-06-16 20:04:23.571672
sz.002600,2021-02-26,2021-03-05,0.1787109375,2025-06-16 20:04:23.571672
sz.002600,2021-03-01,2021-03-08,0.264404296875,2025-06-16 20:04:23.571672
sz.002600,2021-03-02,2021-03-09,0.196533203125,2025-06-16 20:04:23.571672
sz.002600,2021-03-03,2021-03-10,0.256591796875,2025-06-16 20:04:23.571672
sz.002600,2021-03-04,2021-03-11,0.161865234375,2025-06-16 20:04:23.571672
sz.002600,2021-03-05,2021-03-12,0.198974609375,2025-06-16 20:04:23.571672
sz.002600,2021-03-08,2021-03-15,0.134765625,2025-06-16 20:04:23.571672
sz.002600,2021-03-09,2021-03-16,0.11395263671875,2025-06-16 20:04:23.571672
sz.002600,2021-03-10,2021-03-17,0.13916015625,2025-06-16 20:04:23.571672
sz.002600,2021-03-11,2021-03-18,0.1827392578125,2025-06-16 20:04:23.571672
sz.002600,2021-03-12,2021-03-19,0.1890869140625,2025-06-16 20:04:23.571672
sz.002600,2021-03-15,2021-03-22,0.159423828125,2025-06-16 20:04:23.571672
sz.002600,2021-03-16,2021-03-23,0.151611328125,2025-06-16 20:04:23.571672
sz.002600,2021-03-17,2021-03-24,0.135986328125,2025-06-16 20:04:23.571672
sz.002600,2021-03-18,2021-03-25,0.135009765625,2025-06-16 20:04:23.571672
sz.002600,2021-03-19,2021-03-26,0.1131591796875,2025-06-16 20:04:23.571672
sz.002600,2021-03-22,2021-03-29,0.13134765625,2025-06-16 20:04:23.571672
sz.002600,2021-03-23,2021-03-30,0.12054443359375,2025-06-16 20:04:23.571672
sz.002600,2021-03-24,2021-03-31,0.1165771484375,2025-06-16 20:04:23.571672
sz.002600,2021-03-25,2021-04-01,0.1259765625,2025-06-16 20:04:23.571672
sz.002600,2021-03-26,2021-04-02,0.10540771484375,2025-06-16 20:04:23.571672
sz.002600,2021-03-29,2021-04-05,0.1455078125,2025-06-16 20:04:23.571672
sz.002600,2021-03-30,2021-04-06,0.08447265625,2025-06-16 20:04:23.571672
sz.002600,2021-03-31,2021-04-07,0.124755859375,2025-06-16 20:04:23.571672
sz.002600,2021-04-01,2021-04-08,0.079345703125,2025-06-16 20:04:23.571672
sz.002600,2021-04-02,2021-04-09,0.10687255859375,2025-06-16 20:04:23.571672
sz.002600,2021-04-06,2021-04-13,0.083740234375,2025-06-16 20:04:23.571672
sz.002600,2021-04-07,2021-04-14,0.134765625,2025-06-16 20:04:23.571672
sz.002600,2021-04-08,2021-04-15,0.1458740234375,2025-06-16 20:04:23.571672
sz.002600,2021-04-09,2021-04-16,0.11932373046875,2025-06-16 20:04:23.571672
sz.002600,2021-04-12,2021-04-19,0.12274169921875,2025-06-16 20:04:23.571672
sz.002600,2021-04-13,2021-04-20,0.0849609375,2025-06-16 20:04:23.571672
sz.002600,2021-04-14,2021-04-21,0.135009765625,2025-06-16 20:04:23.571672
sz.002600,2021-04-15,2021-04-22,0.14794921875,2025-06-16 20:04:23.571672
sz.002600,2021-04-16,2021-04-23,0.1483154296875,2025-06-16 20:04:23.571672
sz.002600,2021-04-19,2021-04-26,0.07965087890625,2025-06-16 20:04:23.571672
sz.002600,2021-04-20,2021-04-27,0.130126953125,2025-06-16 20:04:23.571672
sz.002600,2021-04-21,2021-04-28,0.1358642578125,2025-06-16 20:04:23.571672
sz.002600,2021-04-22,2021-04-29,0.0850830078125,2025-06-16 20:04:23.571672
sz.002600,2021-04-23,2021-04-30,0.1458740234375,2025-06-16 20:04:23.571672
sz.002600,2021-04-26,2021-05-03,0.12158203125,2025-06-16 20:04:23.571672
sz.002600,2021-04-27,2021-05-04,0.1412353515625,2025-06-16 20:04:23.571672
sz.002600,2021-04-28,2021-05-05,0.1322021484375,2025-06-16 20:04:23.571672
sz.002600,2021-04-29,2021-05-06,0.12939453125,2025-06-16 20:04:23.571672
sz.002600,2021-04-30,2021-05-07,0.130126953125,2025-06-16 20:04:23.571672
sz.002600,2021-05-06,2021-05-13,0.08868408203125,2025-06-16 20:04:23.571672
sz.002600,2021-05-07,2021-05-14,0.1380615234375,2025-06-16 20:04:23.571672
sz.002600,2021-05-10,2021-05-17,0.1448974609375,2025-06-16 20:04:23.571672
sz.002600,2021-05-11,2021-05-18,0.161376953125,2025-06-16 20:04:23.571672
sz.002600,2021-05-12,2021-05-19,0.1534423828125,2025-06-16 20:04:23.571672
sz.002600,2021-05-13,2021-05-20,0.0965576171875,2025-06-16 20:04:23.571672
sz.002600,2021-05-14,2021-05-21,0.145263671875,2025-06-16 20:04:23.571672
sz.002600,2021-05-17,2021-05-24,0.12322998046875,2025-06-16 20:04:23.571672
sz.002600,2021-05-18,2021-05-25,0.1517333984375,2025-06-16 20:04:23.571672
sz.002600,2021-05-19,2021-05-26,0.12335205078125,2025-06-16 20:04:23.571672
sz.002600,2021-05-20,2021-05-27,0.1651611328125,2025-06-16 20:04:23.571672
sz.002600,2021-05-21,2021-05-28,0.07781982421875,2025-06-16 20:04:23.571672
sz.002600,2021-05-24,2021-05-31,0.144775390625,2025-06-16 20:04:23.571672
sz.002600,2021-05-25,2021-06-01,0.1221923828125,2025-06-16 20:04:23.571672
sz.002600,2021-05-26,2021-06-02,0.11578369140625,2025-06-16 20:04:23.571672
sz.002600,2021-05-27,2021-06-03,0.230712890625,2025-06-16 20:04:23.571672
sz.002600,2021-05-28,2021-06-04,0.1507568359375,2025-06-16 20:04:23.571672
sz.002600,2021-05-31,2021-06-07,0.1466064453125,2025-06-16 20:04:23.571672
sz.002600,2021-06-01,2021-06-08,0.1629638671875,2025-06-16 20:04:23.571672
sz.002600,2021-06-02,2021-06-09,0.14208984375,2025-06-16 20:04:23.571672
sz.002600,2021-06-03,2021-06-10,0.11932373046875,2025-06-16 20:04:23.571672
sz.002600,2021-06-04,2021-06-11,0.1324462890625,2025-06-16 20:04:23.571672
sz.002600,2021-06-07,2021-06-14,0.09417724609375,2025-06-16 20:04:23.571672
sz.002600,2021-06-08,2021-06-15,0.1463623046875,2025-06-16 20:04:23.571672
sz.002600,2021-06-09,2021-06-16,0.1287841796875,2025-06-16 20:04:23.571672
sz.002600,2021-06-10,2021-06-17,0.149169921875,2025-06-16 20:04:23.571672
sz.002600,2021-06-11,2021-06-18,0.1553955078125,2025-06-16 20:04:23.571672
sz.002600,2021-06-15,2021-06-22,0.12841796875,2025-06-16 20:04:23.571672
sz.002600,2021-06-16,2021-06-23,0.1473388671875,2025-06-16 20:04:23.571672
sz.002600,2021-06-17,2021-06-24,0.12127685546875,2025-06-16 20:04:23.571672
sz.002600,2021-06-18,2021-06-25,0.10540771484375,2025-06-16 20:04:23.571672
sz.002600,2021-06-21,2021-06-28,0.0869140625,2025-06-16 20:04:23.571672
sz.002600,2021-06-22,2021-06-29,0.14111328125,2025-06-16 20:04:23.571672
sz.002600,2021-06-23,2021-06-30,0.387939453125,2025-06-16 20:04:23.571672
sz.002600,2021-06-24,2021-07-01,0.08343505859375,2025-06-16 20:04:23.571672
sz.002600,2021-06-25,2021-07-02,0.127685546875,2025-06-16 20:04:23.571672
sz.002600,2021-06-28,2021-07-05,0.1778564453125,2025-06-16 20:04:23.571672
sz.002600,2021-06-29,2021-07-06,0.14111328125,2025-06-16 20:04:23.571672
sz.002600,2021-06-30,2021-07-07,0.1026611328125,2025-06-16 20:04:23.571672
sz.002600,2021-07-01,2021-07-08,0.148681640625,2025-06-16 20:04:23.571672
sz.002600,2021-07-02,2021-07-09,0.1414794921875,2025-06-16 20:04:23.571672
sz.002600,2021-07-05,2021-07-12,0.142578125,2025-06-16 20:04:23.571672
sz.002600,2021-07-06,2021-07-13,0.1529541015625,2025-06-16 20:04:23.571672
sz.002600,2021-07-07,2021-07-14,0.092529296875,2025-06-16 20:04:23.571672
sz.002600,2021-07-08,2021-07-15,0.12890625,2025-06-16 20:04:23.571672
sz.002600,2021-07-09,2021-07-16,0.16064453125,2025-06-16 20:04:23.571672
sz.002600,2021-07-12,2021-07-19,0.1195068359375,2025-06-16 20:04:23.571672
sz.002600,2021-07-13,2021-07-20,0.14892578125,2025-06-16 20:04:23.571672
sz.002600,2021-07-14,2021-07-21,0.1873779296875,2025-06-16 20:04:23.571672
sz.002600,2021-07-15,2021-07-22,0.217041015625,2025-06-16 20:04:23.571672
sz.002600,2021-07-16,2021-07-23,0.247314453125,2025-06-16 20:04:23.571672
sz.002600,2021-07-19,2021-07-26,0.2125244140625,2025-06-16 20:04:23.571672
sz.002600,2021-07-20,2021-07-27,0.464111328125,2025-06-16 20:04:23.571672
sz.002600,2021-07-21,2021-07-28,0.35986328125,2025-06-16 20:04:23.571672
sz.002600,2021-07-22,2021-07-29,0.2489013671875,2025-06-16 20:04:23.571672
sz.002600,2021-07-23,2021-07-30,0.346435546875,2025-06-16 20:04:23.571672
sz.002600,2021-07-26,2021-08-02,0.27587890625,2025-06-16 20:04:23.571672
sz.002600,2021-07-27,2021-08-03,0.415771484375,2025-06-16 20:04:23.571672
sz.002600,2021-07-28,2021-08-04,0.3212890625,2025-06-16 20:04:23.571672
sz.002600,2021-07-29,2021-08-05,0.46240234375,2025-06-16 20:04:23.571672
sz.002600,2021-07-30,2021-08-06,0.482177734375,2025-06-16 20:04:23.571672
sz.002600,2021-08-02,2021-08-09,0.417236328125,2025-06-16 20:04:23.571672
sz.002600,2021-08-03,2021-08-10,0.107421875,2025-06-16 20:04:23.571672
sz.002600,2021-08-04,2021-08-11,0.1153564453125,2025-06-16 20:04:23.571672
sz.002600,2021-08-05,2021-08-12,0.12890625,2025-06-16 20:04:23.571672
sz.002600,2021-08-06,2021-08-13,0.11083984375,2025-06-16 20:04:23.571672
sz.002600,2021-08-09,2021-08-16,0.1417236328125,2025-06-16 20:04:23.571672
sz.002600,2021-08-10,2021-08-17,0.1309814453125,2025-06-16 20:04:23.571672
sz.002600,2021-08-11,2021-08-18,0.126953125,2025-06-16 20:04:23.571672
sz.002600,2021-08-12,2021-08-19,0.07861328125,2025-06-16 20:04:23.571672
sz.002600,2021-08-13,2021-08-20,0.116943359375,2025-06-16 20:04:23.571672
sz.002600,2021-08-16,2021-08-23,0.150390625,2025-06-16 20:04:23.571672
sz.002600,2021-08-17,2021-08-24,0.12451171875,2025-06-16 20:04:23.571672
sz.002600,2021-08-18,2021-08-25,0.142822265625,2025-06-16 20:04:23.571672
sz.002600,2021-08-19,2021-08-26,0.11163330078125,2025-06-16 20:04:23.571672
sz.002600,2021-08-20,2021-08-27,0.1474609375,2025-06-16 20:04:23.571672
sz.002600,2021-08-23,2021-08-30,0.1942138671875,2025-06-16 20:04:23.571672
sz.002600,2021-08-24,2021-08-31,0.14599609375,2025-06-16 20:04:23.571672
sz.002600,2021-08-25,2021-09-01,0.160400390625,2025-06-16 20:04:23.571672
sz.002600,2021-08-26,2021-09-02,0.1392822265625,2025-06-16 20:04:23.571672
sz.002600,2021-08-27,2021-09-03,0.12249755859375,2025-06-16 20:04:23.571672
sz.002600,2021-08-30,2021-09-06,0.1322021484375,2025-06-16 20:04:23.571672
sz.002600,2021-08-31,2021-09-07,0.11859130859375,2025-06-16 20:04:23.571672
sz.002600,2021-09-01,2021-09-08,0.1458740234375,2025-06-16 20:04:23.571672
sz.002600,2021-09-02,2021-09-09,0.1177978515625,2025-06-16 20:04:23.571672
sz.002600,2021-09-03,2021-09-10,0.1776123046875,2025-06-16 20:04:23.571672
sz.002600,2021-09-06,2021-09-13,0.09368896484375,2025-06-16 20:04:23.571672
sz.002600,2021-09-07,2021-09-14,0.1153564453125,2025-06-16 20:04:23.571672
sz.002600,2021-09-08,2021-09-15,0.126708984375,2025-06-16 20:04:23.571672
sz.002600,2021-09-09,2021-09-16,0.142822265625,2025-06-16 20:04:23.571672
sz.002600,2021-09-10,2021-09-17,0.1678466796875,2025-06-16 20:04:23.571672
sz.002600,2021-09-13,2021-09-20,0.1705322265625,2025-06-16 20:04:23.571672
sz.002600,2021-09-14,2021-09-21,0.145263671875,2025-06-16 20:04:23.571672
sz.002600,2021-09-15,2021-09-22,0.1319580078125,2025-06-16 20:04:23.571672
sz.002600,2021-09-16,2021-09-23,0.10125732421875,2025-06-16 20:04:23.571672
sz.002600,2021-09-17,2021-09-24,0.097900390625,2025-06-16 20:04:23.571672
sz.002600,2021-09-22,2021-09-29,0.10089111328125,2025-06-16 20:04:23.571672
sz.002600,2021-09-23,2021-09-30,0.08123779296875,2025-06-16 20:04:23.571672
sz.002600,2021-09-24,2021-10-01,0.11920166015625,2025-06-16 20:04:23.571672
sz.002600,2021-09-27,2021-10-04,0.1268310546875,2025-06-16 20:04:23.571672
sz.002600,2021-09-28,2021-10-05,0.11126708984375,2025-06-16 20:04:23.571672
sz.002600,2021-09-29,2021-10-06,0.132080078125,2025-06-16 20:04:23.571672
sz.002600,2021-09-30,2021-10-07,0.12322998046875,2025-06-16 20:04:23.571672
sz.002600,2021-10-08,2021-10-15,0.0843505859375,2025-06-16 20:04:23.571672
sz.002600,2021-10-11,2021-10-18,0.11376953125,2025-06-16 20:04:23.571672
sz.002600,2021-10-12,2021-10-19,0.13623046875,2025-06-16 20:04:23.571672
sz.002600,2021-10-13,2021-10-20,0.147216796875,2025-06-16 20:04:23.571672
sz.002600,2021-10-14,2021-10-21,0.1387939453125,2025-06-16 20:04:23.571672
sz.002600,2021-10-15,2021-10-22,0.169677734375,2025-06-16 20:04:23.571672
sz.002600,2021-10-18,2021-10-25,0.2474365234375,2025-06-16 20:04:23.571672
sz.002600,2021-10-19,2021-10-26,0.456298828125,2025-06-16 20:04:23.571672
sz.002600,2021-10-20,2021-10-27,0.37841796875,2025-06-16 20:04:23.571672
sz.002600,2021-10-21,2021-10-28,0.375244140625,2025-06-16 20:04:23.571672
sz.002600,2021-10-22,2021-10-29,0.52197265625,2025-06-16 20:04:23.571672
sz.002600,2021-10-25,2021-11-01,0.47509765625,2025-06-16 20:04:23.571672
sz.002600,2021-10-26,2021-11-02,0.29052734375,2025-06-16 20:04:23.571672
sz.002600,2021-10-27,2021-11-03,0.07489013671875,2025-06-16 20:04:23.571672
sz.002600,2021-10-28,2021-11-04,0.0869140625,2025-06-16 20:04:23.571672
sz.002600,2021-10-29,2021-11-05,0.07598876953125,2025-06-16 20:04:23.571672
sz.002600,2021-11-01,2021-11-08,0.12200927734375,2025-06-16 20:04:23.571672
sz.002600,2021-11-02,2021-11-09,0.1270751953125,2025-06-16 20:04:23.571672
sz.002600,2021-11-03,2021-11-10,0.09912109375,2025-06-16 20:04:23.571672
sz.002600,2021-11-04,2021-11-11,0.08209228515625,2025-06-16 20:04:23.571672
sz.002600,2021-11-05,2021-11-12,0.06719970703125,2025-06-16 20:04:23.571672
sz.002600,2021-11-08,2021-11-15,0.12286376953125,2025-06-16 20:04:23.571672
sz.002600,2021-11-09,2021-11-16,0.1353759765625,2025-06-16 20:04:23.571672
sz.002600,2021-11-10,2021-11-17,0.07879638671875,2025-06-16 20:04:23.571672
sz.002600,2021-11-11,2021-11-18,0.1949462890625,2025-06-16 20:04:23.571672
sz.002600,2021-11-12,2021-11-19,0.0782470703125,2025-06-16 20:04:23.571672
sz.002600,2021-11-15,2021-11-22,0.08331298828125,2025-06-16 20:04:23.571672
sz.002600,2021-11-16,2021-11-23,0.1153564453125,2025-06-16 20:04:23.571672
sz.002600,2021-11-17,2021-11-24,0.09552001953125,2025-06-16 20:04:23.571672
sz.002600,2021-11-18,2021-11-25,0.12158203125,2025-06-16 20:04:23.571672
sz.002600,2021-11-19,2021-11-26,0.06781005859375,2025-06-16 20:04:23.571672
sz.002600,2021-11-22,2021-11-29,0.1971435546875,2025-06-16 20:04:23.571672
sz.002600,2021-11-23,2021-11-30,0.1322021484375,2025-06-16 20:04:23.571672
sz.002600,2021-11-24,2021-12-01,0.09844970703125,2025-06-16 20:04:23.571672
sz.002600,2021-11-25,2021-12-02,0.1397705078125,2025-06-16 20:04:23.571672
sz.002600,2021-11-26,2021-12-03,0.1063232421875,2025-06-16 20:04:23.571672
sz.002600,2021-11-29,2021-12-06,0.1474609375,2025-06-16 20:04:23.571672
sz.002600,2021-11-30,2021-12-07,0.1229248046875,2025-06-16 20:04:23.571672
sz.002600,2021-12-01,2021-12-08,0.21044921875,2025-06-16 20:04:23.571672
sz.002600,2021-12-02,2021-12-09,0.3486328125,2025-06-16 20:04:23.571672
sz.002600,2021-12-03,2021-12-10,0.1783447265625,2025-06-16 20:04:23.571672
sz.002600,2021-12-06,2021-12-13,0.141357421875,2025-06-16 20:04:23.571672
sz.002600,2021-12-07,2021-12-14,0.1865234375,2025-06-16 20:04:23.571672
sz.002600,2021-12-08,2021-12-15,0.165283203125,2025-06-16 20:04:23.571672
sz.002600,2021-12-09,2021-12-16,0.1319580078125,2025-06-16 20:04:23.571672
sz.002600,2021-12-10,2021-12-17,0.1981201171875,2025-06-16 20:04:23.571672
sz.002600,2021-12-13,2021-12-20,0.1231689453125,2025-06-16 20:04:23.571672
sz.002600,2021-12-14,2021-12-21,0.124755859375,2025-06-16 20:04:23.571672
sz.002600,2021-12-15,2021-12-22,0.1512451171875,2025-06-16 20:04:23.571672
sz.002600,2021-12-16,2021-12-23,0.223876953125,2025-06-16 20:04:23.571672
sz.002600,2021-12-17,2021-12-24,0.1409912109375,2025-06-16 20:04:23.571672
sz.002600,2021-12-20,2021-12-27,0.12200927734375,2025-06-16 20:04:23.571672
sz.002600,2021-12-21,2021-12-28,0.1998291015625,2025-06-16 20:04:23.571672
sz.002600,2021-12-22,2021-12-29,0.181884765625,2025-06-16 20:04:23.571672
sz.002600,2021-12-23,2021-12-30,0.130615234375,2025-06-16 20:04:23.571672
sz.002600,2021-12-24,2021-12-31,0.1015625,2025-06-16 20:04:23.571672
sz.002600,2021-12-27,2022-01-03,0.12744140625,2025-06-16 20:04:23.571672
sz.002600,2021-12-28,2022-01-04,0.16845703125,2025-06-16 20:04:23.571672
sz.002600,2021-12-29,2022-01-05,0.11737060546875,2025-06-16 20:04:23.571672
sz.002600,2021-12-30,2022-01-06,0.156005859375,2025-06-16 20:04:23.571672
sz.002600,2021-12-31,2022-01-07,0.1683349609375,2025-06-16 20:04:23.571672
sz.002600,2022-01-04,2022-01-11,0.2161865234375,2025-06-16 20:04:23.571672
sz.002600,2022-01-05,2022-01-12,0.1396484375,2025-06-16 20:04:23.571672
sz.002600,2022-01-06,2022-01-13,0.1737060546875,2025-06-16 20:04:23.571672
sz.002600,2022-01-07,2022-01-14,0.142333984375,2025-06-16 20:04:23.571672
sz.002600,2022-01-10,2022-01-17,0.137939453125,2025-06-16 20:04:23.571672
sz.002600,2022-01-11,2022-01-18,0.1409912109375,2025-06-16 20:04:23.571672
sz.002600,2022-01-12,2022-01-19,0.14453125,2025-06-16 20:04:23.571672
sz.002600,2022-01-13,2022-01-20,0.157958984375,2025-06-16 20:04:23.571672
sz.002600,2022-01-14,2022-01-21,0.1328125,2025-06-16 20:04:23.571672
sz.002600,2022-01-17,2022-01-24,0.10723876953125,2025-06-16 20:04:23.571672
sz.002600,2022-01-18,2022-01-25,0.08990478515625,2025-06-16 20:04:23.571672
sz.002600,2022-01-19,2022-01-26,0.1407470703125,2025-06-16 20:04:23.571672
sz.002600,2022-01-20,2022-01-27,0.1318359375,2025-06-16 20:04:23.571672
sz.002600,2022-01-21,2022-01-28,0.1259765625,2025-06-16 20:04:23.571672
sz.002600,2022-01-24,2022-01-31,0.1319580078125,2025-06-16 20:04:23.571672
sz.002600,2022-01-25,2022-02-01,0.1494140625,2025-06-16 20:04:23.571672
sz.002600,2022-01-26,2022-02-02,0.265380859375,2025-06-16 20:04:23.571672
sz.002600,2022-01-27,2022-02-03,0.2352294921875,2025-06-16 20:04:23.571672
sz.002600,2022-01-28,2022-02-04,0.3544921875,2025-06-16 20:04:23.571672
sz.002600,2022-02-07,2022-02-14,0.29248046875,2025-06-16 20:04:23.571672
sz.002600,2022-02-08,2022-02-15,0.2288818359375,2025-06-16 20:04:23.571672
sz.002600,2022-02-09,2022-02-16,0.30322265625,2025-06-16 20:04:23.571672
sz.002600,2022-02-10,2022-02-17,0.240234375,2025-06-16 20:04:23.571672
sz.002600,2022-02-11,2022-02-18,0.276611328125,2025-06-16 20:04:23.571672
sz.002600,2022-02-14,2022-02-21,0.412109375,2025-06-16 20:04:23.571672
sz.002600,2022-02-15,2022-02-22,0.43310546875,2025-06-16 20:04:23.571672
sz.002600,2022-02-16,2022-02-23,0.2587890625,2025-06-16 20:04:23.571672
sz.002600,2022-02-17,2022-02-24,0.294189453125,2025-06-16 20:04:23.571672
sz.002600,2022-02-18,2022-02-25,0.314208984375,2025-06-16 20:04:23.571672
sz.002600,2022-02-21,2022-02-28,0.34228515625,2025-06-16 20:04:23.571672
sz.002600,2022-02-22,2022-03-01,0.2432861328125,2025-06-16 20:04:23.571672
sz.002600,2022-02-23,2022-03-02,0.328369140625,2025-06-16 20:04:23.571672
sz.002600,2022-02-24,2022-03-03,0.15966796875,2025-06-16 20:04:23.571672
sz.002600,2022-02-25,2022-03-04,0.2286376953125,2025-06-16 20:04:23.571672
sz.002600,2022-02-28,2022-03-07,0.222900390625,2025-06-16 20:04:23.571672
sz.002600,2022-03-01,2022-03-08,0.318603515625,2025-06-16 20:04:23.571672
sz.002600,2022-03-02,2022-03-09,0.32275390625,2025-06-16 20:04:23.571672
sz.002600,2022-03-03,2022-03-10,0.248291015625,2025-06-16 20:04:23.571672
sz.002600,2022-03-04,2022-03-11,0.2208251953125,2025-06-16 20:04:23.571672
sz.002600,2022-03-07,2022-03-14,0.1514892578125,2025-06-16 20:04:23.571672
sz.002600,2022-03-08,2022-03-15,0.1492919921875,2025-06-16 20:04:23.571672
sz.002600,2022-03-09,2022-03-16,0.1357421875,2025-06-16 20:04:23.571672
sz.002600,2022-03-10,2022-03-17,0.1580810546875,2025-06-16 20:04:23.571672
sz.002600,2022-03-11,2022-03-18,0.204345703125,2025-06-16 20:04:23.571672
sz.002600,2022-03-14,2022-03-21,0.1351318359375,2025-06-16 20:04:23.571672
sz.002600,2022-03-15,2022-03-22,0.13720703125,2025-06-16 20:04:23.571672
sz.002600,2022-03-16,2022-03-23,0.1373291015625,2025-06-16 20:04:23.571672
sz.002600,2022-03-17,2022-03-24,0.1483154296875,2025-06-16 20:04:23.571672
sz.002600,2022-03-18,2022-03-25,0.212890625,2025-06-16 20:04:23.571672
sz.002600,2022-03-21,2022-03-28,0.1429443359375,2025-06-16 20:04:23.571672
sz.002600,2022-03-22,2022-03-29,0.1849365234375,2025-06-16 20:04:23.571672
sz.002600,2022-03-23,2022-03-30,0.2247314453125,2025-06-16 20:04:23.571672
sz.002600,2022-03-24,2022-03-31,0.1527099609375,2025-06-16 20:04:23.571672
sz.002600,2022-03-25,2022-04-01,0.1348876953125,2025-06-16 20:04:23.571672
sz.002600,2022-03-28,2022-04-04,0.146728515625,2025-06-16 20:04:23.571672
sz.002600,2022-03-29,2022-04-05,0.139404296875,2025-06-16 20:04:23.571672
sz.002600,2022-03-30,2022-04-06,0.20947265625,2025-06-16 20:04:23.571672
sz.002600,2022-03-31,2022-04-07,0.144287109375,2025-06-16 20:04:23.571672
sz.002600,2022-04-01,2022-04-08,0.15869140625,2025-06-16 20:04:23.571672
sz.002600,2022-04-06,2022-04-13,0.1878662109375,2025-06-16 20:04:23.571672
sz.002600,2022-04-07,2022-04-14,0.14111328125,2025-06-16 20:04:23.571672
sz.002600,2022-04-08,2022-04-15,0.1278076171875,2025-06-16 20:04:23.571672
sz.002600,2022-04-11,2022-04-18,0.1318359375,2025-06-16 20:04:23.571672
sz.002600,2022-04-12,2022-04-19,0.11419677734375,2025-06-16 20:04:23.571672
sz.002600,2022-04-13,2022-04-20,0.09893798828125,2025-06-16 20:04:23.571672
sz.002600,2022-04-14,2022-04-21,0.1580810546875,2025-06-16 20:04:23.571672
sz.002600,2022-04-15,2022-04-22,0.1571044921875,2025-06-16 20:04:23.571672
sz.002600,2022-04-18,2022-04-25,0.09320068359375,2025-06-16 20:04:23.571672
sz.002600,2022-04-19,2022-04-26,0.1270751953125,2025-06-16 20:04:23.571672
sz.002600,2022-04-20,2022-04-27,0.092529296875,2025-06-16 20:04:23.571672
sz.002600,2022-04-21,2022-04-28,0.10595703125,2025-06-16 20:04:23.571672
sz.002600,2022-04-22,2022-04-29,0.1439208984375,2025-06-16 20:04:23.571672
sz.002600,2022-04-25,2022-05-02,0.258544921875,2025-06-16 20:04:23.571672
sz.002600,2022-04-26,2022-05-03,0.424072265625,2025-06-16 20:04:23.571672
sz.002600,2022-04-27,2022-05-04,0.4375,2025-06-16 20:04:23.571672
sz.002600,2022-04-28,2022-05-05,0.44921875,2025-06-16 20:04:23.571672
sz.002600,2022-04-29,2022-05-06,0.371337890625,2025-06-16 20:04:23.571672
sz.002600,2022-05-05,2022-05-12,0.323974609375,2025-06-16 20:04:23.571672
sz.002600,2022-05-06,2022-05-13,0.385009765625,2025-06-16 20:04:23.571672
sz.002600,2022-05-09,2022-05-16,0.394775390625,2025-06-16 20:04:23.571672
sz.002600,2022-05-10,2022-05-17,0.34228515625,2025-06-16 20:04:23.571672
sz.002600,2022-05-11,2022-05-18,0.10211181640625,2025-06-16 20:04:23.571672
sz.002600,2022-05-12,2022-05-19,0.2333984375,2025-06-16 20:04:23.571672
sz.002600,2022-05-13,2022-05-20,0.1807861328125,2025-06-16 20:04:23.571672
sz.002600,2022-05-16,2022-05-23,0.1800537109375,2025-06-16 20:04:23.571672
sz.002600,2022-05-17,2022-05-24,0.26611328125,2025-06-16 20:04:23.571672
sz.002600,2022-05-18,2022-05-25,0.400390625,2025-06-16 20:04:23.571672
sz.002600,2022-05-19,2022-05-26,0.082275390625,2025-06-16 20:04:23.571672
sz.002600,2022-05-20,2022-05-27,0.11474609375,2025-06-16 20:04:23.571672
sz.002600,2022-05-23,2022-05-30,0.1312255859375,2025-06-16 20:04:23.571672
sz.002600,2022-05-24,2022-05-31,0.1334228515625,2025-06-16 20:04:23.571672
sz.002600,2022-05-25,2022-06-01,0.164794921875,2025-06-16 20:04:23.571672
sz.002600,2022-05-26,2022-06-02,0.094482421875,2025-06-16 20:04:23.571672
sz.002600,2022-05-27,2022-06-03,0.137939453125,2025-06-16 20:04:23.571672
sz.002600,2022-05-30,2022-06-06,0.1517333984375,2025-06-16 20:04:23.571672
sz.002600,2022-05-31,2022-06-07,0.095703125,2025-06-16 20:04:23.571672
sz.002600,2022-06-01,2022-06-08,0.1435546875,2025-06-16 20:04:23.571672
sz.002600,2022-06-02,2022-06-09,0.1190185546875,2025-06-16 20:04:23.571672
sz.002600,2022-06-06,2022-06-13,0.1640625,2025-06-16 20:04:23.571672
sz.002600,2022-06-07,2022-06-14,0.1419677734375,2025-06-16 20:04:23.571672
sz.002600,2022-06-08,2022-06-15,0.1253662109375,2025-06-16 20:04:23.571672
sz.002600,2022-06-09,2022-06-16,0.1441650390625,2025-06-16 20:04:23.571672
sz.002600,2022-06-10,2022-06-17,0.273193359375,2025-06-16 20:04:23.571672
sz.002600,2022-06-13,2022-06-20,0.11968994140625,2025-06-16 20:04:23.571672
sz.002600,2022-06-14,2022-06-21,0.11859130859375,2025-06-16 20:04:23.571672
sz.002600,2022-06-15,2022-06-22,0.0802001953125,2025-06-16 20:04:23.571672
sz.002600,2022-06-16,2022-06-23,0.1317138671875,2025-06-16 20:04:23.571672
sz.002600,2022-06-17,2022-06-24,0.12322998046875,2025-06-16 20:04:23.571672
sz.002600,2022-06-20,2022-06-27,0.136474609375,2025-06-16 20:04:23.571672
sz.002600,2022-06-21,2022-06-28,0.09124755859375,2025-06-16 20:04:23.571672
sz.002600,2022-06-22,2022-06-29,0.1348876953125,2025-06-16 20:04:23.571672
sz.002600,2022-06-23,2022-06-30,0.1083984375,2025-06-16 20:04:23.571672
sz.002600,2022-06-24,2022-07-01,0.07861328125,2025-06-16 20:04:23.571672
sz.002600,2022-06-27,2022-07-04,0.144775390625,2025-06-16 20:04:23.571672
sz.002600,2022-06-28,2022-07-05,0.11199951171875,2025-06-16 20:04:23.571672
sz.002600,2022-06-29,2022-07-06,0.091552734375,2025-06-16 20:04:23.571672
sz.002600,2022-06-30,2022-07-07,0.1304931640625,2025-06-16 20:04:23.571672
sz.002600,2022-07-01,2022-07-08,0.12042236328125,2025-06-16 20:04:23.571672
sz.002600,2022-07-04,2022-07-11,0.1556396484375,2025-06-16 20:04:23.571672
sz.002600,2022-07-05,2022-07-12,0.1427001953125,2025-06-16 20:04:23.571672
sz.002600,2022-07-06,2022-07-13,0.1527099609375,2025-06-16 20:04:23.571672
sz.002600,2022-07-07,2022-07-14,0.1302490234375,2025-06-16 20:04:23.571672
sz.002600,2022-07-08,2022-07-15,0.075439453125,2025-06-16 20:04:23.571672
sz.002600,2022-07-11,2022-07-18,0.14306640625,2025-06-16 20:04:23.571672
sz.002600,2022-07-12,2022-07-19,0.140869140625,2025-06-16 20:04:23.571672
sz.002600,2022-07-13,2022-07-20,0.144287109375,2025-06-16 20:04:23.571672
sz.002600,2022-07-14,2022-07-21,0.1800537109375,2025-06-16 20:04:23.571672
sz.002600,2022-07-15,2022-07-22,0.1375732421875,2025-06-16 20:04:23.571672
sz.002600,2022-07-18,2022-07-25,0.258056640625,2025-06-16 20:04:23.571672
sz.002600,2022-07-19,2022-07-26,0.1673583984375,2025-06-16 20:04:23.571672
sz.002600,2022-07-20,2022-07-27,0.152587890625,2025-06-16 20:04:23.571672
sz.002600,2022-07-21,2022-07-28,0.08740234375,2025-06-16 20:04:23.571672
sz.002600,2022-07-22,2022-07-29,0.1385498046875,2025-06-16 20:04:23.571672
sz.002600,2022-07-25,2022-08-01,0.132080078125,2025-06-16 20:04:23.571672
sz.002600,2022-07-26,2022-08-02,0.1724853515625,2025-06-16 20:04:23.571672
sz.002600,2022-07-27,2022-08-03,0.1708984375,2025-06-16 20:04:23.571672
sz.002600,2022-07-28,2022-08-04,0.130615234375,2025-06-16 20:04:23.571672
sz.002600,2022-07-29,2022-08-05,0.1468505859375,2025-06-16 20:04:23.571672
sz.002600,2022-08-01,2022-08-08,0.1239013671875,2025-06-16 20:04:23.571672
sz.002600,2022-08-02,2022-08-09,0.138671875,2025-06-16 20:04:23.571672
sz.002600,2022-08-03,2022-08-10,0.0850830078125,2025-06-16 20:04:23.571672
sz.002600,2022-08-04,2022-08-11,0.1436767578125,2025-06-16 20:04:23.571672
sz.002600,2022-08-05,2022-08-12,0.2080078125,2025-06-16 20:04:23.571672
sz.002600,2022-08-08,2022-08-15,0.166259765625,2025-06-16 20:04:23.571672
sz.002600,2022-08-09,2022-08-16,0.181640625,2025-06-16 20:04:23.571672
sz.002600,2022-08-10,2022-08-17,0.090576171875,2025-06-16 20:04:23.571672
sz.002600,2022-08-11,2022-08-18,0.234619140625,2025-06-16 20:04:23.571672
sz.002600,2022-08-12,2022-08-19,0.1517333984375,2025-06-16 20:04:23.571672
sz.002600,2022-08-15,2022-08-22,0.1484375,2025-06-16 20:04:23.571672
sz.002600,2022-08-16,2022-08-23,0.1915283203125,2025-06-16 20:04:23.571672
sz.002600,2022-08-17,2022-08-24,0.2374267578125,2025-06-16 20:04:23.571672
sz.002600,2022-08-18,2022-08-25,0.1322021484375,2025-06-16 20:04:23.571672
sz.002600,2022-08-19,2022-08-26,0.1307373046875,2025-06-16 20:04:23.571672
sz.002600,2022-08-22,2022-08-29,0.1549072265625,2025-06-16 20:04:23.571672
sz.002600,2022-08-23,2022-08-30,0.2005615234375,2025-06-16 20:04:23.571672
sz.002600,2022-08-24,2022-08-31,0.159912109375,2025-06-16 20:04:23.571672
sz.002600,2022-08-25,2022-09-01,0.1436767578125,2025-06-16 20:04:23.571672
sz.002600,2022-08-26,2022-09-02,0.11676025390625,2025-06-16 20:04:23.571672
sz.002600,2022-08-29,2022-09-05,0.18603515625,2025-06-16 20:04:23.571672
sz.002600,2022-08-30,2022-09-06,0.13525390625,2025-06-16 20:04:23.571672
sz.002600,2022-08-31,2022-09-07,0.1856689453125,2025-06-16 20:04:23.571672
sz.002600,2022-09-01,2022-09-08,0.1375732421875,2025-06-16 20:04:23.571672
sz.002600,2022-09-02,2022-09-09,0.18603515625,2025-06-16 20:04:23.571672
sz.002600,2022-09-05,2022-09-12,0.1827392578125,2025-06-16 20:04:23.571672
sz.002600,2022-09-06,2022-09-13,0.293212890625,2025-06-16 20:04:23.571672
sz.002600,2022-09-07,2022-09-14,0.2086181640625,2025-06-16 20:04:23.571672
sz.002600,2022-09-08,2022-09-15,0.136962890625,2025-06-16 20:04:23.571672
sz.002600,2022-09-09,2022-09-16,0.1756591796875,2025-06-16 20:04:23.571672
sz.002600,2022-09-13,2022-09-20,0.1214599609375,2025-06-16 20:04:23.571672
sz.002600,2022-09-14,2022-09-21,0.15380859375,2025-06-16 20:04:23.571672
sz.002600,2022-09-15,2022-09-22,0.133544921875,2025-06-16 20:04:23.571672
sz.002600,2022-09-16,2022-09-23,0.12841796875,2025-06-16 20:04:23.571672
sz.002600,2022-09-19,2022-09-26,0.1312255859375,2025-06-16 20:04:23.571672
sz.002600,2022-09-20,2022-09-27,0.1279296875,2025-06-16 20:04:23.571672
sz.002600,2022-09-21,2022-09-28,0.12359619140625,2025-06-16 20:04:23.571672
sz.002600,2022-09-22,2022-09-29,0.1229248046875,2025-06-16 20:04:23.571672
sz.002600,2022-09-23,2022-09-30,0.1365966796875,2025-06-16 20:04:23.571672
sz.002600,2022-09-26,2022-10-03,0.1600341796875,2025-06-16 20:04:23.571672
sz.002600,2022-09-27,2022-10-04,0.27783203125,2025-06-16 20:04:23.571672
sz.002600,2022-09-28,2022-10-05,0.159423828125,2025-06-16 20:04:23.571672
sz.002600,2022-09-29,2022-10-06,0.16845703125,2025-06-16 20:04:23.571672
sz.002600,2022-09-30,2022-10-07,0.24658203125,2025-06-16 20:04:23.571672
sz.002600,2022-10-10,2022-10-17,0.192138671875,2025-06-16 20:04:23.571672
sz.002600,2022-10-11,2022-10-18,0.431640625,2025-06-16 20:04:23.571672
sz.002600,2022-10-12,2022-10-19,0.292724609375,2025-06-16 20:04:23.571672
sz.002600,2022-10-13,2022-10-20,0.1983642578125,2025-06-16 20:04:23.571672
sz.002600,2022-10-14,2022-10-21,0.145751953125,2025-06-16 20:04:23.571672
sz.002600,2022-10-17,2022-10-24,0.329345703125,2025-06-16 20:04:23.571672
sz.002600,2022-10-18,2022-10-25,0.1353759765625,2025-06-16 20:04:23.571672
sz.002600,2022-10-19,2022-10-26,0.137939453125,2025-06-16 20:04:23.571672
sz.002600,2022-10-20,2022-10-27,0.09283447265625,2025-06-16 20:04:23.571672
sz.002600,2022-10-21,2022-10-28,0.1568603515625,2025-06-16 20:04:23.571672
sz.002600,2022-10-24,2022-10-31,0.127685546875,2025-06-16 20:04:23.571672
sz.002600,2022-10-25,2022-11-01,0.15380859375,2025-06-16 20:04:23.571672
sz.002600,2022-10-26,2022-11-02,0.14208984375,2025-06-16 20:04:23.571672
sz.002600,2022-10-27,2022-11-03,0.0740966796875,2025-06-16 20:04:23.571672
sz.002600,2022-10-28,2022-11-04,0.136962890625,2025-06-16 20:04:23.571672
sz.002600,2022-10-31,2022-11-07,0.1187744140625,2025-06-16 20:04:23.571672
sz.002600,2022-11-01,2022-11-08,0.10394287109375,2025-06-16 20:04:23.571672
sz.002600,2022-11-02,2022-11-09,0.118408203125,2025-06-16 20:04:23.571672
sz.002600,2022-11-03,2022-11-10,0.1044921875,2025-06-16 20:04:23.571672
sz.002600,2022-11-04,2022-11-11,0.168701171875,2025-06-16 20:04:23.571672
sz.002600,2022-11-07,2022-11-14,0.10174560546875,2025-06-16 20:04:23.571672
sz.002600,2022-11-08,2022-11-15,0.1395263671875,2025-06-16 20:04:23.571672
sz.002600,2022-11-09,2022-11-16,0.1429443359375,2025-06-16 20:04:23.571672
sz.002600,2022-11-10,2022-11-17,0.1514892578125,2025-06-16 20:04:23.571672
sz.002600,2022-11-11,2022-11-18,0.129638671875,2025-06-16 20:04:23.571672
sz.002600,2022-11-14,2022-11-21,0.071044921875,2025-06-16 20:04:23.571672
sz.002600,2022-11-15,2022-11-22,0.1859130859375,2025-06-16 20:04:23.571672
sz.002600,2022-11-16,2022-11-23,0.137939453125,2025-06-16 20:04:23.571672
sz.002600,2022-11-17,2022-11-24,0.157470703125,2025-06-16 20:04:23.571672
sz.002600,2022-11-18,2022-11-25,0.13427734375,2025-06-16 20:04:23.571672
sz.002600,2022-11-21,2022-11-28,0.1177978515625,2025-06-16 20:04:23.571672
sz.002600,2022-11-22,2022-11-29,0.11297607421875,2025-06-16 20:04:23.571672
sz.002600,2022-11-23,2022-11-30,0.1385498046875,2025-06-16 20:04:23.571672
sz.002600,2022-11-24,2022-12-01,0.1326904296875,2025-06-16 20:04:23.571672
sz.002600,2022-11-25,2022-12-02,0.1534423828125,2025-06-16 20:04:23.571672
sz.002600,2022-11-28,2022-12-05,0.1392822265625,2025-06-16 20:04:23.571672
sz.002600,2022-11-29,2022-12-06,0.405517578125,2025-06-16 20:04:23.571672
sz.002600,2022-11-30,2022-12-07,0.08758544921875,2025-06-16 20:04:23.571672
sz.002600,2022-12-01,2022-12-08,0.14208984375,2025-06-16 20:04:23.571672
sz.002600,2022-12-02,2022-12-09,0.133544921875,2025-06-16 20:04:23.571672
sz.002600,2022-12-05,2022-12-12,0.1361083984375,2025-06-16 20:04:23.571672
sz.002600,2022-12-06,2022-12-13,0.11962890625,2025-06-16 20:04:23.571672
sz.002600,2022-12-07,2022-12-14,0.14111328125,2025-06-16 20:04:23.571672
sz.002600,2022-12-08,2022-12-15,0.142578125,2025-06-16 20:04:23.571672
sz.002600,2022-12-09,2022-12-16,0.1298828125,2025-06-16 20:04:23.571672
sz.002600,2022-12-12,2022-12-19,0.08343505859375,2025-06-16 20:04:23.571672
sz.002600,2022-12-13,2022-12-20,0.1390380859375,2025-06-16 20:04:23.571672
sz.002600,2022-12-14,2022-12-21,0.1298828125,2025-06-16 20:04:23.571672
sz.002600,2022-12-15,2022-12-22,0.080078125,2025-06-16 20:04:23.571672
sz.002600,2022-12-16,2022-12-23,0.1434326171875,2025-06-16 20:04:23.571672
sz.002600,2022-12-19,2022-12-26,0.132568359375,2025-06-16 20:04:23.571672
sz.002600,2022-12-20,2022-12-27,0.0982666015625,2025-06-16 20:04:23.571672
sz.002600,2022-12-21,2022-12-28,0.179443359375,2025-06-16 20:04:23.571672
sz.002600,2022-12-22,2022-12-29,0.1607666015625,2025-06-16 20:04:23.571672
sz.002600,2022-12-23,2022-12-30,0.264892578125,2025-06-16 20:04:23.571672
sz.002600,2022-12-26,2023-01-02,0.3681640625,2025-06-16 20:04:23.571672
sz.002600,2022-12-27,2023-01-03,0.279541015625,2025-06-16 20:04:23.571672
sz.002600,2022-12-28,2023-01-04,0.1923828125,2025-06-16 20:04:23.571672
sz.002600,2022-12-29,2023-01-05,0.251220703125,2025-06-16 20:04:23.571672
sz.002600,2022-12-30,2023-01-06,0.153564453125,2025-06-16 20:04:23.571672
sz.002600,2023-01-03,2023-01-10,0.1466064453125,2025-06-16 20:04:23.571672
sz.002600,2023-01-04,2023-01-11,0.1405029296875,2025-06-16 20:04:23.571672
sz.002600,2023-01-05,2023-01-12,0.08050537109375,2025-06-16 20:04:23.571672
sz.002600,2023-01-06,2023-01-13,0.08447265625,2025-06-16 20:04:23.571672
sz.002600,2023-01-09,2023-01-16,0.0802001953125,2025-06-16 20:04:23.571672
sz.002600,2023-01-10,2023-01-17,0.1456298828125,2025-06-16 20:04:23.571672
sz.002600,2023-01-11,2023-01-18,0.12261962890625,2025-06-16 20:04:23.571672
sz.002600,2023-01-12,2023-01-19,0.083740234375,2025-06-16 20:04:23.571672
sz.002600,2023-01-13,2023-01-20,0.11279296875,2025-06-16 20:04:23.571672
sz.002600,2023-01-16,2023-01-23,0.07464599609375,2025-06-16 20:04:23.571672
sz.002600,2023-01-17,2023-01-24,0.1195068359375,2025-06-16 20:04:23.571672
sz.002600,2023-01-18,2023-01-25,0.129638671875,2025-06-16 20:04:23.571672
sz.002600,2023-01-19,2023-01-26,0.1737060546875,2025-06-16 20:04:23.571672
sz.002600,2023-01-20,2023-01-27,0.1309814453125,2025-06-16 20:04:23.571672
sz.002600,2023-01-30,2023-02-06,0.1796875,2025-06-16 20:04:23.571672
sz.002600,2023-01-31,2023-02-07,0.11859130859375,2025-06-16 20:04:23.571672
sz.002600,2023-02-01,2023-02-08,0.17919921875,2025-06-16 20:04:23.571672
sz.002600,2023-02-02,2023-02-09,0.1541748046875,2025-06-16 20:04:23.571672
sz.002600,2023-02-03,2023-02-10,0.18408203125,2025-06-16 20:04:23.571672
sz.002600,2023-02-06,2023-02-13,0.219482421875,2025-06-16 20:04:23.571672
sz.002600,2023-02-07,2023-02-14,0.1884765625,2025-06-16 20:04:23.571672
sz.002600,2023-02-08,2023-02-15,0.2021484375,2025-06-16 20:04:23.571672
sz.002600,2023-02-09,2023-02-16,0.229248046875,2025-06-16 20:04:23.571672
sz.002600,2023-02-10,2023-02-17,0.26611328125,2025-06-16 20:04:23.571672
sz.002600,2023-02-13,2023-02-20,0.189208984375,2025-06-16 20:04:23.571672
sz.002600,2023-02-14,2023-02-21,0.2509765625,2025-06-16 20:04:23.571672
sz.002600,2023-02-15,2023-02-22,0.21337890625,2025-06-16 20:04:23.571672
sz.002600,2023-02-16,2023-02-23,0.138427734375,2025-06-16 20:04:23.571672
sz.002600,2023-02-17,2023-02-24,0.1624755859375,2025-06-16 20:04:23.571672
sz.002600,2023-02-20,2023-02-27,0.27734375,2025-06-16 20:04:23.571672
sz.002600,2023-02-21,2023-02-28,0.2362060546875,2025-06-16 20:04:23.571672
sz.002600,2023-02-22,2023-03-01,0.277099609375,2025-06-16 20:04:23.571672
sz.002600,2023-02-23,2023-03-02,0.2091064453125,2025-06-16 20:04:23.571672
sz.002600,2023-02-24,2023-03-03,0.172119140625,2025-06-16 20:04:23.571672
sz.002600,2023-02-27,2023-03-06,0.182373046875,2025-06-16 20:04:23.571672
sz.002600,2023-02-28,2023-03-07,0.182373046875,2025-06-16 20:04:23.571672
sz.002600,2023-03-01,2023-03-08,0.2496337890625,2025-06-16 20:04:23.571672
sz.002600,2023-03-02,2023-03-09,0.1898193359375,2025-06-16 20:04:23.571672
sz.002600,2023-03-03,2023-03-10,0.2379150390625,2025-06-16 20:04:23.571672
sz.002600,2023-03-06,2023-03-13,0.1900634765625,2025-06-16 20:04:23.571672
sz.002600,2023-03-07,2023-03-14,0.2076416015625,2025-06-16 20:04:23.571672
sz.002600,2023-03-08,2023-03-15,0.39501953125,2025-06-16 20:04:23.571672
sz.002600,2023-03-09,2023-03-16,0.18115234375,2025-06-16 20:04:23.571672
sz.002600,2023-03-10,2023-03-17,0.27392578125,2025-06-16 20:04:23.571672
sz.002600,2023-03-13,2023-03-20,0.419189453125,2025-06-16 20:04:23.571672
sz.002600,2023-03-14,2023-03-21,0.2095947265625,2025-06-16 20:04:23.571672
sz.002600,2023-03-15,2023-03-22,0.138671875,2025-06-16 20:04:23.571672
sz.002600,2023-03-16,2023-03-23,0.2076416015625,2025-06-16 20:04:23.571672
sz.002600,2023-03-17,2023-03-24,0.1597900390625,2025-06-16 20:04:23.571672
sz.002600,2023-03-20,2023-03-27,0.1202392578125,2025-06-16 20:04:23.571672
sz.002600,2023-03-21,2023-03-28,0.06927490234375,2025-06-16 20:04:23.571672
sz.002600,2023-03-22,2023-03-29,0.10968017578125,2025-06-16 20:04:23.571672
sz.002600,2023-03-23,2023-03-30,0.0782470703125,2025-06-16 20:04:23.571672
sz.002600,2023-03-24,2023-03-31,0.09173583984375,2025-06-16 20:04:23.571672
sz.002600,2023-03-27,2023-04-03,0.1302490234375,2025-06-16 20:04:23.571672
sz.002600,2023-03-28,2023-04-04,0.132568359375,2025-06-16 20:04:23.571672
sz.002600,2023-03-29,2023-04-05,0.116943359375,2025-06-16 20:04:23.571672
sz.002600,2023-03-30,2023-04-06,0.08135986328125,2025-06-16 20:04:23.571672
sz.002600,2023-03-31,2023-04-07,0.114990234375,2025-06-16 20:04:23.571672
sz.002600,2023-04-03,2023-04-10,0.1337890625,2025-06-16 20:04:23.571672
sz.002600,2023-04-04,2023-04-11,0.1302490234375,2025-06-16 20:04:23.571672
sz.002600,2023-04-06,2023-04-13,0.093505859375,2025-06-16 20:04:23.571672
sz.002600,2023-04-07,2023-04-14,0.137939453125,2025-06-16 20:04:23.571672
sz.002600,2023-04-10,2023-04-17,0.08477783203125,2025-06-16 20:04:23.571672
sz.002600,2023-04-11,2023-04-18,0.130859375,2025-06-16 20:04:23.571672
sz.002600,2023-04-12,2023-04-19,0.11126708984375,2025-06-16 20:04:23.571672
sz.002600,2023-04-13,2023-04-20,0.133544921875,2025-06-16 20:04:23.571672
sz.002600,2023-04-14,2023-04-21,0.125732421875,2025-06-16 20:04:23.571672
sz.002600,2023-04-17,2023-04-24,0.1358642578125,2025-06-16 20:04:23.571672
sz.002600,2023-04-18,2023-04-25,0.129638671875,2025-06-16 20:04:23.571672
sz.002600,2023-04-19,2023-04-26,0.08990478515625,2025-06-16 20:04:23.571672
sz.002600,2023-04-20,2023-04-27,0.306884765625,2025-06-16 20:04:23.571672
sz.002600,2023-04-21,2023-04-28,0.1341552734375,2025-06-16 20:04:23.571672
sz.002600,2023-04-24,2023-05-01,0.09844970703125,2025-06-16 20:04:23.571672
sz.002600,2023-04-25,2023-05-02,0.140869140625,2025-06-16 20:04:23.571672
sz.002600,2023-04-26,2023-05-03,0.2135009765625,2025-06-16 20:04:23.571672
sz.002600,2023-04-27,2023-05-04,0.272705078125,2025-06-16 20:04:23.571672
sz.002600,2023-04-28,2023-05-05,0.287109375,2025-06-16 20:04:23.571672
sz.002600,2023-05-04,2023-05-11,0.1187744140625,2025-06-16 20:04:23.571672
sz.002600,2023-05-05,2023-05-12,0.116943359375,2025-06-16 20:04:23.571672
sz.002600,2023-05-08,2023-05-15,0.1363525390625,2025-06-16 20:04:23.571672
sz.002600,2023-05-09,2023-05-16,0.0816650390625,2025-06-16 20:04:23.571672
sz.002600,2023-05-10,2023-05-17,0.08197021484375,2025-06-16 20:04:23.571672
sz.002600,2023-05-11,2023-05-18,0.06744384765625,2025-06-16 20:04:23.571672
sz.002600,2023-05-12,2023-05-19,0.1285400390625,2025-06-16 20:04:23.571672
sz.002600,2023-05-15,2023-05-22,0.10467529296875,2025-06-16 20:04:23.571672
sz.002600,2023-05-16,2023-05-23,0.1044921875,2025-06-16 20:04:23.571672
sz.002600,2023-05-17,2023-05-24,0.08599853515625,2025-06-16 20:04:23.571672
sz.002600,2023-05-18,2023-05-25,0.090576171875,2025-06-16 20:04:23.571672
sz.002600,2023-05-19,2023-05-26,0.092529296875,2025-06-16 20:04:23.571672
sz.002600,2023-05-22,2023-05-29,0.143310546875,2025-06-16 20:04:23.571672
sz.002600,2023-05-23,2023-05-30,0.12646484375,2025-06-16 20:04:23.571672
sz.002600,2023-05-24,2023-05-31,0.1282958984375,2025-06-16 20:04:23.571672
sz.002600,2023-05-25,2023-06-01,0.116943359375,2025-06-16 20:04:23.571672
sz.002600,2023-05-26,2023-06-02,0.090576171875,2025-06-16 20:04:23.571672
sz.002600,2023-05-29,2023-06-05,0.107421875,2025-06-16 20:04:23.571672
sz.002600,2023-05-30,2023-06-06,0.116943359375,2025-06-16 20:04:23.571672
sz.002600,2023-05-31,2023-06-07,0.0863037109375,2025-06-16 20:04:23.571672
sz.002600,2023-06-01,2023-06-08,0.08447265625,2025-06-16 20:04:23.571672
sz.002600,2023-06-02,2023-06-09,0.13232421875,2025-06-16 20:04:23.571672
sz.002600,2023-06-05,2023-06-12,0.14306640625,2025-06-16 20:04:23.571672
sz.002600,2023-06-06,2023-06-13,0.12939453125,2025-06-16 20:04:23.571672
sz.002600,2023-06-07,2023-06-14,0.0966796875,2025-06-16 20:04:23.571672
sz.002600,2023-06-08,2023-06-15,0.139892578125,2025-06-16 20:04:23.571672
sz.002600,2023-06-09,2023-06-16,0.18408203125,2025-06-16 20:04:23.571672
sz.002600,2023-06-12,2023-06-19,0.1044921875,2025-06-16 20:04:23.571672
sz.002600,2023-06-13,2023-06-20,0.16943359375,2025-06-16 20:04:23.571672
sz.002600,2023-06-14,2023-06-21,0.1778564453125,2025-06-16 20:04:23.571672
sz.002600,2023-06-15,2023-06-22,0.1427001953125,2025-06-16 20:04:23.571672
sz.002600,2023-06-16,2023-06-23,0.1468505859375,2025-06-16 20:04:23.571672
sz.002600,2023-06-19,2023-06-26,0.212890625,2025-06-16 20:04:23.571672
sz.002600,2023-06-20,2023-06-27,0.160888671875,2025-06-16 20:04:23.571672
sz.002600,2023-06-21,2023-06-28,0.1300048828125,2025-06-16 20:04:23.571672
sz.002600,2023-06-26,2023-07-03,0.1239013671875,2025-06-16 20:04:23.571672
sz.002600,2023-06-27,2023-07-04,0.1490478515625,2025-06-16 20:04:23.571672
sz.002600,2023-06-28,2023-07-05,0.158203125,2025-06-16 20:04:23.571672
sz.002600,2023-06-29,2023-07-06,0.11920166015625,2025-06-16 20:04:23.571672
sz.002600,2023-06-30,2023-07-07,0.12286376953125,2025-06-16 20:04:23.571672
sz.002600,2023-07-03,2023-07-10,0.12188720703125,2025-06-16 20:04:23.571672
sz.002600,2023-07-04,2023-07-11,0.18994140625,2025-06-16 20:04:23.571672
sz.002600,2023-07-05,2023-07-12,0.1605224609375,2025-06-16 20:04:23.571672
sz.002600,2023-07-06,2023-07-13,0.1837158203125,2025-06-16 20:04:23.571672
sz.002600,2023-07-07,2023-07-14,0.1556396484375,2025-06-16 20:04:23.571672
sz.002600,2023-07-10,2023-07-17,0.1702880859375,2025-06-16 20:04:23.571672
sz.002600,2023-07-11,2023-07-18,0.251953125,2025-06-16 20:04:23.571672
sz.002600,2023-07-12,2023-07-19,0.1259765625,2025-06-16 20:04:23.571672
sz.002600,2023-07-13,2023-07-20,0.1954345703125,2025-06-16 20:04:23.571672
sz.002600,2023-07-14,2023-07-21,0.2861328125,2025-06-16 20:04:23.571672
sz.002600,2023-07-17,2023-07-24,0.2161865234375,2025-06-16 20:04:23.571672
sz.002600,2023-07-18,2023-07-25,0.20703125,2025-06-16 20:04:23.571672
sz.002600,2023-07-19,2023-07-26,0.21337890625,2025-06-16 20:04:23.571672
sz.002600,2023-07-20,2023-07-27,0.14404296875,2025-06-16 20:04:23.571672
sz.002600,2023-07-21,2023-07-28,0.1363525390625,2025-06-16 20:04:23.571672
sz.002600,2023-07-24,2023-07-31,0.1480712890625,2025-06-16 20:04:23.571672
sz.002600,2023-07-25,2023-08-01,0.1312255859375,2025-06-16 20:04:23.571672
sz.002600,2023-07-26,2023-08-02,0.1451416015625,2025-06-16 20:04:23.571672
sz.002600,2023-07-27,2023-08-03,0.116943359375,2025-06-16 20:04:23.571672
sz.002600,2023-07-28,2023-08-04,0.11920166015625,2025-06-16 20:04:23.571672
sz.002600,2023-07-31,2023-08-07,0.109130859375,2025-06-16 20:04:23.571672
sz.002600,2023-08-01,2023-08-08,0.1357421875,2025-06-16 20:04:23.571672
sz.002600,2023-08-02,2023-08-09,0.140380859375,2025-06-16 20:04:23.571672
sz.002600,2023-08-03,2023-08-10,0.11395263671875,2025-06-16 20:04:23.571672
sz.002600,2023-08-04,2023-08-11,0.1873779296875,2025-06-16 20:04:23.571672
sz.002600,2023-08-07,2023-08-14,0.12841796875,2025-06-16 20:04:23.571672
sz.002600,2023-08-08,2023-08-15,0.11553955078125,2025-06-16 20:04:23.571672
sz.002600,2023-08-09,2023-08-16,0.1263427734375,2025-06-16 20:04:23.571672
sz.002600,2023-08-10,2023-08-17,0.131591796875,2025-06-16 20:04:23.571672
sz.002600,2023-08-11,2023-08-18,0.124755859375,2025-06-16 20:04:23.571672
sz.002600,2023-08-14,2023-08-21,0.11614990234375,2025-06-16 20:04:23.571672
sz.002600,2023-08-15,2023-08-22,0.122314453125,2025-06-16 20:04:23.571672
sz.002600,2023-08-16,2023-08-23,0.1341552734375,2025-06-16 20:04:23.571672
sz.002600,2023-08-17,2023-08-24,0.095703125,2025-06-16 20:04:23.571672
sz.002600,2023-08-18,2023-08-25,0.12249755859375,2025-06-16 20:04:23.571672
sz.002600,2023-08-21,2023-08-28,0.1070556640625,2025-06-16 20:04:23.571672
sz.002600,2023-08-22,2023-08-29,0.11199951171875,2025-06-16 20:04:23.571672
sz.002600,2023-08-23,2023-08-30,0.1396484375,2025-06-16 20:04:23.571672
sz.002600,2023-08-24,2023-08-31,0.137939453125,2025-06-16 20:04:23.571672
sz.002600,2023-08-25,2023-09-01,0.157470703125,2025-06-16 20:04:23.571672
sz.002600,2023-08-28,2023-09-04,0.12890625,2025-06-16 20:04:23.571672
sz.002600,2023-08-29,2023-09-05,0.36181640625,2025-06-16 20:04:23.571672
sz.002600,2023-08-30,2023-09-06,0.1181640625,2025-06-16 20:04:23.571672
sz.002600,2023-08-31,2023-09-07,0.07318115234375,2025-06-16 20:04:23.571672
sz.002600,2023-09-01,2023-09-08,0.11614990234375,2025-06-16 20:04:23.571672
sz.002600,2023-09-04,2023-09-11,0.44775390625,2025-06-16 20:04:23.571672
sz.002600,2023-09-05,2023-09-12,0.10174560546875,2025-06-16 20:04:23.571672
sz.002600,2023-09-06,2023-09-13,0.10052490234375,2025-06-16 20:04:23.571672
sz.002600,2023-09-07,2023-09-14,0.1199951171875,2025-06-16 20:04:23.571672
sz.002600,2023-09-08,2023-09-15,0.093994140625,2025-06-16 20:04:23.571672
sz.002600,2023-09-11,2023-09-18,0.1763916015625,2025-06-16 20:04:23.571672
sz.002600,2023-09-12,2023-09-19,0.1754150390625,2025-06-16 20:04:23.571672
sz.002600,2023-09-13,2023-09-20,0.142822265625,2025-06-16 20:04:23.571672
sz.002600,2023-09-14,2023-09-21,0.150390625,2025-06-16 20:04:23.571672
sz.002600,2023-09-15,2023-09-22,0.1551513671875,2025-06-16 20:04:23.571672
sz.002600,2023-09-18,2023-09-25,0.1077880859375,2025-06-16 20:04:23.571672
sz.002600,2023-09-19,2023-09-26,0.14208984375,2025-06-16 20:04:23.571672
sz.002600,2023-09-20,2023-09-27,0.1759033203125,2025-06-16 20:04:23.571672
sz.002600,2023-09-21,2023-09-28,0.1539306640625,2025-06-16 20:04:23.571672
sz.002600,2023-09-22,2023-09-29,0.172607421875,2025-06-16 20:04:23.571672
sz.002600,2023-09-25,2023-10-02,0.155029296875,2025-06-16 20:04:23.571672
sz.002600,2023-09-26,2023-10-03,0.1566162109375,2025-06-16 20:04:23.571672
sz.002600,2023-09-27,2023-10-04,0.1778564453125,2025-06-16 20:04:23.571672
sz.002600,2023-09-28,2023-10-05,0.11199951171875,2025-06-16 20:04:23.571672
sz.002600,2023-10-09,2023-10-16,0.10858154296875,2025-06-16 20:04:23.571672
sz.002600,2023-10-10,2023-10-17,0.1568603515625,2025-06-16 20:04:23.571672
sz.002600,2023-10-11,2023-10-18,0.1326904296875,2025-06-16 20:04:23.571672
sz.002600,2023-10-12,2023-10-19,0.1673583984375,2025-06-16 20:04:23.571672
sz.002600,2023-10-13,2023-10-20,0.13818359375,2025-06-16 20:04:23.571672
sz.002600,2023-10-16,2023-10-23,0.146728515625,2025-06-16 20:04:23.571672
sz.002600,2023-10-17,2023-10-24,0.1405029296875,2025-06-16 20:04:23.571672
sz.002600,2023-10-18,2023-10-25,0.147705078125,2025-06-16 20:04:23.571672
sz.002600,2023-10-19,2023-10-26,0.1165771484375,2025-06-16 20:04:23.571672
sz.002600,2023-10-20,2023-10-27,0.138427734375,2025-06-16 20:04:23.571672
sz.002600,2023-10-23,2023-10-30,0.1431884765625,2025-06-16 20:04:23.571672
sz.002600,2023-10-24,2023-10-31,0.1412353515625,2025-06-16 20:04:23.571672
sz.002600,2023-10-25,2023-11-01,0.1114501953125,2025-06-16 20:04:23.571672
sz.002600,2023-10-26,2023-11-02,0.20556640625,2025-06-16 20:04:23.571672
sz.002600,2023-10-27,2023-11-03,0.193603515625,2025-06-16 20:04:23.571672
sz.002600,2023-10-30,2023-11-06,0.1300048828125,2025-06-16 20:04:23.571672
sz.002600,2023-10-31,2023-11-07,0.12158203125,2025-06-16 20:04:23.571672
sz.002600,2023-11-01,2023-11-08,0.146484375,2025-06-16 20:04:23.571672
sz.002600,2023-11-02,2023-11-09,0.142578125,2025-06-16 20:04:23.571672
sz.002600,2023-11-03,2023-11-10,0.2119140625,2025-06-16 20:04:23.571672
sz.002600,2023-11-06,2023-11-13,0.285888671875,2025-06-16 20:04:23.571672
sz.002600,2023-11-07,2023-11-14,0.1947021484375,2025-06-16 20:04:23.571672
sz.002600,2023-11-08,2023-11-15,0.1951904296875,2025-06-16 20:04:23.571672
sz.002600,2023-11-09,2023-11-16,0.165771484375,2025-06-16 20:04:23.571672
sz.002600,2023-11-10,2023-11-17,0.2310791015625,2025-06-16 20:04:23.571672
sz.002600,2023-11-13,2023-11-20,0.1419677734375,2025-06-16 20:04:23.571672
sz.002600,2023-11-14,2023-11-21,0.2000732421875,2025-06-16 20:04:23.571672
sz.002600,2023-11-15,2023-11-22,0.1171875,2025-06-16 20:04:23.571672
sz.002600,2023-11-16,2023-11-23,0.1873779296875,2025-06-16 20:04:23.571672
sz.002600,2023-11-17,2023-11-24,0.1995849609375,2025-06-16 20:04:23.571672
sz.002600,2023-11-20,2023-11-27,0.1983642578125,2025-06-16 20:04:23.571672
sz.002600,2023-11-21,2023-11-28,0.1556396484375,2025-06-16 20:04:23.571672
sz.002600,2023-11-22,2023-11-29,0.15625,2025-06-16 20:04:23.571672
sz.002600,2023-11-23,2023-11-30,0.24853515625,2025-06-16 20:04:23.571672
sz.002600,2023-11-24,2023-12-01,0.2069091796875,2025-06-16 20:04:23.571672
sz.002600,2023-11-27,2023-12-04,0.23828125,2025-06-16 20:04:23.571672
sz.002600,2023-11-28,2023-12-05,0.150634765625,2025-06-16 20:04:23.571672
sz.002600,2023-11-29,2023-12-06,0.162353515625,2025-06-16 20:04:23.571672
sz.002600,2023-11-30,2023-12-07,0.22607421875,2025-06-16 20:04:23.571672
sz.002600,2023-12-01,2023-12-08,0.247802734375,2025-06-16 20:04:23.571672
sz.002600,2023-12-04,2023-12-11,0.1534423828125,2025-06-16 20:04:23.571672
sz.002600,2023-12-05,2023-12-12,0.1485595703125,2025-06-16 20:04:23.571672
sz.002600,2023-12-06,2023-12-13,0.2347412109375,2025-06-16 20:04:23.571672
sz.002600,2023-12-07,2023-12-14,0.1680908203125,2025-06-16 20:04:23.571672
sz.002600,2023-12-08,2023-12-15,0.1488037109375,2025-06-16 20:04:23.571672
sz.002600,2023-12-11,2023-12-18,0.2252197265625,2025-06-16 20:04:23.571672
sz.002600,2023-12-12,2023-12-19,0.26806640625,2025-06-16 20:04:23.571672
sz.002600,2023-12-13,2023-12-20,0.185791015625,2025-06-16 20:04:23.571672
sz.002600,2023-12-14,2023-12-21,0.1485595703125,2025-06-16 20:04:23.571672
sz.002600,2023-12-15,2023-12-22,0.14111328125,2025-06-16 20:04:23.571672
sz.002600,2023-12-18,2023-12-25,0.182373046875,2025-06-16 20:04:23.571672
sz.002600,2023-12-19,2023-12-26,0.241455078125,2025-06-16 20:04:23.571672
sz.002600,2023-12-20,2023-12-27,0.1551513671875,2025-06-16 20:04:23.571672
sz.002600,2023-12-21,2023-12-28,0.1851806640625,2025-06-16 20:04:23.571672
sz.002600,2023-12-22,2023-12-29,0.148681640625,2025-06-16 20:04:23.571672
sz.002600,2023-12-25,2024-01-01,0.203857421875,2025-06-16 20:04:23.571672
sz.002600,2023-12-26,2024-01-02,0.15283203125,2025-06-16 20:04:23.571672
sz.002600,2023-12-27,2024-01-03,0.21240234375,2025-06-16 20:04:23.571672
sz.002600,2023-12-28,2024-01-04,0.1910400390625,2025-06-16 20:04:23.571672
sz.002600,2023-12-29,2024-01-05,0.2039794921875,2025-06-16 20:04:23.571672
sz.002600,2024-01-02,2024-01-09,0.243408203125,2025-06-16 20:04:23.571672
sz.002600,2024-01-03,2024-01-10,0.1400146484375,2025-06-16 20:04:23.571672
sz.002600,2024-01-04,2024-01-11,0.13623046875,2025-06-16 20:04:23.571672
sz.002600,2024-01-05,2024-01-12,0.10968017578125,2025-06-16 20:04:23.571672
sz.002600,2024-01-08,2024-01-15,0.1292724609375,2025-06-16 20:04:23.571672
sz.002600,2024-01-09,2024-01-16,0.12274169921875,2025-06-16 20:04:23.571672
sz.002600,2024-01-10,2024-01-17,0.137451171875,2025-06-16 20:04:23.571672
sz.002600,2024-01-11,2024-01-18,0.10797119140625,2025-06-16 20:04:23.571672
sz.002600,2024-01-12,2024-01-19,0.1375732421875,2025-06-16 20:04:23.571672
sz.002600,2024-01-15,2024-01-22,0.1087646484375,2025-06-16 20:04:23.571672
sz.002600,2024-01-16,2024-01-23,0.12188720703125,2025-06-16 20:04:23.571672
sz.002600,2024-01-17,2024-01-24,0.132568359375,2025-06-16 20:04:23.571672
sz.002600,2024-01-18,2024-01-25,0.130859375,2025-06-16 20:04:23.571672
sz.002600,2024-01-19,2024-01-26,0.1495361328125,2025-06-16 20:04:23.571672
sz.002600,2024-01-22,2024-01-29,0.141357421875,2025-06-16 20:04:23.571672
sz.002600,2024-01-23,2024-01-30,0.290283203125,2025-06-16 20:04:23.571672
sz.002600,2024-01-24,2024-01-31,0.1453857421875,2025-06-16 20:04:23.571672
sz.002600,2024-01-25,2024-02-01,0.189697265625,2025-06-16 20:04:23.571672
sz.002600,2024-01-26,2024-02-02,0.1591796875,2025-06-16 20:04:23.571672
sz.002600,2024-01-29,2024-02-05,0.185302734375,2025-06-16 20:04:23.571672
sz.002600,2024-01-30,2024-02-06,0.258056640625,2025-06-16 20:04:23.571672
sz.002600,2024-01-31,2024-02-07,0.341064453125,2025-06-16 20:04:23.571672
sz.002600,2024-02-01,2024-02-08,0.41748046875,2025-06-16 20:04:23.571672
sz.002600,2024-02-02,2024-02-09,0.328857421875,2025-06-16 20:04:23.571672
sz.002600,2024-02-05,2024-02-12,0.432373046875,2025-06-16 20:04:23.571672
sz.002600,2024-02-06,2024-02-13,0.339599609375,2025-06-16 20:04:23.571672
sz.002600,2024-02-07,2024-02-14,0.2454833984375,2025-06-16 20:04:23.571672
sz.002600,2024-02-08,2024-02-15,0.089599609375,2025-06-16 20:04:23.571672
sz.002600,2024-02-19,2024-02-26,0.139892578125,2025-06-16 20:04:23.571672
sz.002600,2024-02-20,2024-02-27,0.25537109375,2025-06-16 20:04:23.571672
sz.002600,2024-02-21,2024-02-28,0.139892578125,2025-06-16 20:04:23.571672
sz.002600,2024-02-22,2024-02-29,0.294189453125,2025-06-16 20:04:23.571672
sz.002600,2024-02-23,2024-03-01,0.203125,2025-06-16 20:04:23.571672
sz.002600,2024-02-26,2024-03-04,0.092041015625,2025-06-16 20:04:23.571672
sz.002600,2024-02-27,2024-03-05,0.362548828125,2025-06-16 20:04:23.571672
sz.002600,2024-02-28,2024-03-06,0.1292724609375,2025-06-16 20:04:23.571672
sz.002600,2024-02-29,2024-03-07,0.385498046875,2025-06-16 20:04:23.571672
sz.002600,2024-03-01,2024-03-08,0.1282958984375,2025-06-16 20:04:23.571672
sz.002600,2024-03-04,2024-03-11,0.114990234375,2025-06-16 20:04:23.571672
sz.002600,2024-03-05,2024-03-12,0.0953369140625,2025-06-16 20:04:23.571672
sz.002600,2024-03-06,2024-03-13,0.09686279296875,2025-06-16 20:04:23.571672
sz.002600,2024-03-07,2024-03-14,0.10430908203125,2025-06-16 20:04:23.571672
sz.002600,2024-03-08,2024-03-15,0.279541015625,2025-06-16 20:04:23.571672
sz.002600,2024-03-11,2024-03-18,0.11859130859375,2025-06-16 20:04:23.571672
sz.002600,2024-03-12,2024-03-19,0.110107421875,2025-06-16 20:04:23.571672
sz.002600,2024-03-13,2024-03-20,0.1026611328125,2025-06-16 20:04:23.571672
sz.002600,2024-03-14,2024-03-21,0.12322998046875,2025-06-16 20:04:23.571672
sz.002600,2024-03-15,2024-03-22,0.283203125,2025-06-16 20:04:23.571672
sz.002600,2024-03-18,2024-03-25,0.30712890625,2025-06-16 20:04:23.571672
sz.002600,2024-03-19,2024-03-26,0.08416748046875,2025-06-16 20:04:23.571672
sz.002600,2024-03-20,2024-03-27,0.123046875,2025-06-16 20:04:23.571672
sz.002600,2024-03-21,2024-03-28,0.11920166015625,2025-06-16 20:04:23.571672
sz.002600,2024-03-22,2024-03-29,0.10968017578125,2025-06-16 20:04:23.571672
sz.002600,2024-03-25,2024-04-01,0.10760498046875,2025-06-16 20:04:23.571672
sz.002600,2024-03-26,2024-04-02,0.165771484375,2025-06-16 20:04:23.571672
sz.002600,2024-03-27,2024-04-03,0.151611328125,2025-06-16 20:04:23.571672
sz.002600,2024-03-28,2024-04-04,0.08831787109375,2025-06-16 20:04:23.571672
sz.002600,2024-03-29,2024-04-05,0.1878662109375,2025-06-16 20:04:23.571672
sz.002600,2024-04-01,2024-04-08,0.166015625,2025-06-16 20:04:23.571672
sz.002600,2024-04-02,2024-04-09,0.160888671875,2025-06-16 20:04:23.571672
sz.002600,2024-04-03,2024-04-10,0.16845703125,2025-06-16 20:04:23.571672
sz.002600,2024-04-08,2024-04-15,0.162353515625,2025-06-16 20:04:23.571672
sz.002600,2024-04-09,2024-04-16,0.2281494140625,2025-06-16 20:04:23.571672
sz.002600,2024-04-10,2024-04-17,0.1624755859375,2025-06-16 20:04:23.571672
sz.002600,2024-04-11,2024-04-18,0.2049560546875,2025-06-16 20:04:23.571672
sz.002600,2024-04-12,2024-04-19,0.194580078125,2025-06-16 20:04:23.571672
sz.002600,2024-04-15,2024-04-22,0.2032470703125,2025-06-16 20:04:23.571672
sz.002600,2024-04-16,2024-04-23,0.1630859375,2025-06-16 20:04:23.571672
sz.002600,2024-04-17,2024-04-24,0.396728515625,2025-06-16 20:04:23.571672
sz.002600,2024-04-18,2024-04-25,0.173095703125,2025-06-16 20:04:23.571672
sz.002600,2024-04-19,2024-04-26,0.1893310546875,2025-06-16 20:04:23.571672
sz.002600,2024-04-22,2024-04-29,0.18896484375,2025-06-16 20:04:23.571672
sz.002600,2024-04-23,2024-04-30,0.2235107421875,2025-06-16 20:04:23.571672
sz.002600,2024-04-24,2024-05-01,0.263427734375,2025-06-16 20:04:23.571672
sz.002600,2024-04-25,2024-05-02,0.204833984375,2025-06-16 20:04:23.571672
sz.002600,2024-04-26,2024-05-03,0.2626953125,2025-06-16 20:04:23.571672
sz.002600,2024-04-29,2024-05-06,0.2113037109375,2025-06-16 20:04:23.571672
sz.002600,2024-04-30,2024-05-07,0.1505126953125,2025-06-16 20:04:23.571672
sz.002600,2024-05-06,2024-05-13,0.1500244140625,2025-06-16 20:04:23.571672
sz.002600,2024-05-07,2024-05-14,0.17919921875,2025-06-16 20:04:23.571672
sz.002600,2024-05-08,2024-05-15,0.194091796875,2025-06-16 20:04:23.571672
sz.002600,2024-05-09,2024-05-16,0.276611328125,2025-06-16 20:04:23.571672
sz.002600,2024-05-10,2024-05-17,0.2039794921875,2025-06-16 20:04:23.571672
sz.002600,2024-05-13,2024-05-20,0.27490234375,2025-06-16 20:04:23.571672
sz.002600,2024-05-14,2024-05-21,0.250244140625,2025-06-16 20:04:23.571672
sz.002600,2024-05-15,2024-05-22,0.3310546875,2025-06-16 20:04:23.571672
sz.002600,2024-05-16,2024-05-23,0.30517578125,2025-06-16 20:04:23.571672
sz.002600,2024-05-17,2024-05-24,0.417724609375,2025-06-16 20:04:23.571672
sz.002600,2024-05-20,2024-05-27,0.364501953125,2025-06-16 20:04:23.571672
sz.002600,2024-05-21,2024-05-28,0.305908203125,2025-06-16 20:04:23.571672
sz.002600,2024-05-22,2024-05-29,0.43115234375,2025-06-16 20:04:23.571672
sz.002600,2024-05-23,2024-05-30,0.28271484375,2025-06-16 20:04:23.571672
sz.002600,2024-05-24,2024-05-31,0.32080078125,2025-06-16 20:04:23.571672
sz.002600,2024-05-27,2024-06-03,0.41015625,2025-06-16 20:04:23.571672
sz.002600,2024-05-28,2024-06-04,0.378173828125,2025-06-16 20:04:23.571672
sz.002600,2024-05-29,2024-06-05,0.45849609375,2025-06-16 20:04:23.571672
sz.002600,2024-05-30,2024-06-06,0.36181640625,2025-06-16 20:04:23.571672
sz.002600,2024-05-31,2024-06-07,0.15673828125,2025-06-16 20:04:23.571672
sz.002600,2024-06-03,2024-06-10,0.22119140625,2025-06-16 20:04:23.571672
sz.002600,2024-06-04,2024-06-11,0.2381591796875,2025-06-16 20:04:23.571672
sz.002600,2024-06-05,2024-06-12,0.357666015625,2025-06-16 20:04:23.571672
sz.002600,2024-06-06,2024-06-13,0.278076171875,2025-06-16 20:04:23.571672
sz.002600,2024-06-07,2024-06-14,0.243408203125,2025-06-16 20:04:23.571672
sz.002600,2024-06-11,2024-06-18,0.420654296875,2025-06-16 20:04:23.571672
sz.002600,2024-06-12,2024-06-19,0.437255859375,2025-06-16 20:04:23.571672
sz.002600,2024-06-13,2024-06-20,0.1331787109375,2025-06-16 20:04:23.571672
sz.002600,2024-06-14,2024-06-21,0.1510009765625,2025-06-16 20:04:23.571672
sz.002600,2024-06-17,2024-06-24,0.447998046875,2025-06-16 20:04:23.571672
sz.002600,2024-06-18,2024-06-25,0.09320068359375,2025-06-16 20:04:23.571672
sz.002600,2024-06-19,2024-06-26,0.12420654296875,2025-06-16 20:04:23.571672
sz.002600,2024-06-20,2024-06-27,0.1153564453125,2025-06-16 20:04:23.571672
sz.002600,2024-06-21,2024-06-28,0.07879638671875,2025-06-16 20:04:23.571672
sz.002600,2024-06-24,2024-07-01,0.10321044921875,2025-06-16 20:04:23.571672
sz.002600,2024-06-25,2024-07-02,0.07806396484375,2025-06-16 20:04:23.571672
sz.002600,2024-06-26,2024-07-03,0.13720703125,2025-06-16 20:04:23.571672
sz.002600,2024-06-27,2024-07-04,0.1357421875,2025-06-16 20:04:23.571672
sz.002600,2024-06-28,2024-07-05,0.286376953125,2025-06-16 20:04:23.571672
sz.002600,2024-07-01,2024-07-08,0.1412353515625,2025-06-16 20:04:23.571672
sz.002600,2024-07-02,2024-07-09,0.1348876953125,2025-06-16 20:04:23.571672
sz.002600,2024-07-03,2024-07-10,0.12420654296875,2025-06-16 20:04:23.571672
sz.002600,2024-07-04,2024-07-11,0.12841796875,2025-06-16 20:04:23.571672
sz.002600,2024-07-05,2024-07-12,0.1337890625,2025-06-16 20:04:23.571672
sz.002600,2024-07-08,2024-07-15,0.2379150390625,2025-06-16 20:04:23.571672
sz.002600,2024-07-09,2024-07-16,0.1439208984375,2025-06-16 20:04:23.571672
sz.002600,2024-07-10,2024-07-17,0.20654296875,2025-06-16 20:04:23.571672
sz.002600,2024-07-11,2024-07-18,0.1754150390625,2025-06-16 20:04:23.571672
sz.002600,2024-07-12,2024-07-19,0.2218017578125,2025-06-16 20:04:23.571672
sz.002600,2024-07-15,2024-07-22,0.156982421875,2025-06-16 20:04:23.571672
sz.002600,2024-07-16,2024-07-23,0.201171875,2025-06-16 20:04:23.571672
sz.002600,2024-07-17,2024-07-24,0.15234375,2025-06-16 20:04:23.571672
sz.002600,2024-07-18,2024-07-25,0.206298828125,2025-06-16 20:04:23.571672
sz.002600,2024-07-19,2024-07-26,0.1351318359375,2025-06-16 20:04:23.571672
sz.002600,2024-07-22,2024-07-29,0.1748046875,2025-06-16 20:04:23.571672
sz.002600,2024-07-23,2024-07-30,0.1378173828125,2025-06-16 20:04:23.571672
sz.002600,2024-07-24,2024-07-31,0.132568359375,2025-06-16 20:04:23.571672
sz.002600,2024-07-25,2024-08-01,0.1519775390625,2025-06-16 20:04:23.571672
sz.002600,2024-07-26,2024-08-02,0.132568359375,2025-06-16 20:04:23.571672
sz.002600,2024-07-29,2024-08-05,0.1131591796875,2025-06-16 20:04:23.571672
sz.002600,2024-07-30,2024-08-06,0.1551513671875,2025-06-16 20:04:23.571672
sz.002600,2024-07-31,2024-08-07,0.1934814453125,2025-06-16 20:04:23.571672
sz.002600,2024-08-01,2024-08-08,0.1937255859375,2025-06-16 20:04:23.571672
sz.002600,2024-08-02,2024-08-09,0.1207275390625,2025-06-16 20:04:23.571672
sz.002600,2024-08-05,2024-08-12,0.1329345703125,2025-06-16 20:04:23.571672
sz.002600,2024-08-06,2024-08-13,0.15771484375,2025-06-16 20:04:23.571672
sz.002600,2024-08-07,2024-08-14,0.1583251953125,2025-06-16 20:04:23.571672
sz.002600,2024-08-08,2024-08-15,0.1094970703125,2025-06-16 20:04:23.571672
sz.002600,2024-08-09,2024-08-16,0.1468505859375,2025-06-16 20:04:23.571672
sz.002600,2024-08-12,2024-08-19,0.12420654296875,2025-06-16 20:04:23.571672
sz.002600,2024-08-13,2024-08-20,0.1900634765625,2025-06-16 20:04:23.571672
sz.002600,2024-08-14,2024-08-21,0.1728515625,2025-06-16 20:04:23.571672
sz.002600,2024-08-15,2024-08-22,0.1510009765625,2025-06-16 20:04:23.571672
sz.002600,2024-08-16,2024-08-23,0.138916015625,2025-06-16 20:04:23.571672
sz.002600,2024-08-19,2024-08-26,0.1287841796875,2025-06-16 20:04:23.571672
sz.002600,2024-08-20,2024-08-27,0.151123046875,2025-06-16 20:04:23.571672
sz.002600,2024-08-21,2024-08-28,0.278564453125,2025-06-16 20:04:23.571672
sz.002600,2024-08-22,2024-08-29,0.1634521484375,2025-06-16 20:04:23.571672
sz.002600,2024-08-23,2024-08-30,0.1695556640625,2025-06-16 20:04:23.571672
sz.002600,2024-08-26,2024-09-02,0.1624755859375,2025-06-16 20:04:23.571672
sz.002600,2024-08-27,2024-09-03,0.143310546875,2025-06-16 20:04:23.571672
sz.002600,2024-08-28,2024-09-04,0.16943359375,2025-06-16 20:04:23.571672
sz.002600,2024-08-29,2024-09-05,0.2467041015625,2025-06-16 20:04:23.571672
sz.002600,2024-08-30,2024-09-06,0.262939453125,2025-06-16 20:04:23.571672
sz.002600,2024-09-02,2024-09-09,0.173828125,2025-06-16 20:04:23.571672
sz.002600,2024-09-03,2024-09-10,0.249267578125,2025-06-16 20:04:23.571672
sz.002600,2024-09-04,2024-09-11,0.1650390625,2025-06-16 20:04:23.571672
sz.002600,2024-09-05,2024-09-12,0.2587890625,2025-06-16 20:04:23.571672
sz.002600,2024-09-06,2024-09-13,0.143798828125,2025-06-16 20:04:23.571672
sz.002600,2024-09-09,2024-09-16,0.1724853515625,2025-06-16 20:04:23.571672
sz.002600,2024-09-10,2024-09-17,0.1536865234375,2025-06-16 20:04:23.571672
sz.002600,2024-09-11,2024-09-18,0.1363525390625,2025-06-16 20:04:23.571672
sz.002600,2024-09-12,2024-09-19,0.135986328125,2025-06-16 20:04:23.571672
sz.002600,2024-09-13,2024-09-20,0.1240234375,2025-06-16 20:04:23.571672
sz.002600,2024-09-18,2024-09-25,0.134521484375,2025-06-16 20:04:23.571672
sz.002600,2024-09-19,2024-09-26,0.16259765625,2025-06-16 20:04:23.571672
sz.002600,2024-09-20,2024-09-27,0.110107421875,2025-06-16 20:04:23.571672
sz.002600,2024-09-23,2024-09-30,0.1236572265625,2025-06-16 20:04:23.571672
sz.002600,2024-09-24,2024-10-01,0.1644287109375,2025-06-16 20:04:23.571672
sz.002600,2024-09-25,2024-10-02,0.12451171875,2025-06-16 20:04:23.571672
sz.002600,2024-09-26,2024-10-03,0.2314453125,2025-06-16 20:04:23.571672
sz.002600,2024-09-27,2024-10-04,0.162109375,2025-06-16 20:04:23.571672
sz.002600,2024-09-30,2024-10-07,0.2225341796875,2025-06-16 20:04:23.571672
sz.002600,2024-10-08,2024-10-15,0.25146484375,2025-06-16 20:04:23.571672
sz.002600,2024-10-09,2024-10-16,0.1676025390625,2025-06-16 20:04:23.571672
sz.002600,2024-10-10,2024-10-17,0.273681640625,2025-06-16 20:04:23.571672
sz.002600,2024-10-11,2024-10-18,0.20751953125,2025-06-16 20:04:23.571672
sz.002600,2024-10-14,2024-10-21,0.292724609375,2025-06-16 20:04:23.571672
sz.002600,2024-10-15,2024-10-22,0.1077880859375,2025-06-16 20:04:23.571672
sz.002600,2024-10-16,2024-10-23,0.09893798828125,2025-06-16 20:04:23.571672
sz.002600,2024-10-17,2024-10-24,0.115966796875,2025-06-16 20:04:23.571672
sz.002600,2024-10-18,2024-10-25,0.07977294921875,2025-06-16 20:04:23.571672
sz.002600,2024-10-21,2024-10-28,0.09503173828125,2025-06-16 20:04:23.571672
sz.002600,2024-10-22,2024-10-29,0.10284423828125,2025-06-16 20:04:23.571672
sz.002600,2024-10-23,2024-10-30,0.0775146484375,2025-06-16 20:04:23.571672
sz.002600,2024-10-24,2024-10-31,0.1259765625,2025-06-16 20:04:23.571672
sz.002600,2024-10-25,2024-11-01,0.09417724609375,2025-06-16 20:04:23.571672
sz.002600,2024-10-28,2024-11-04,0.10125732421875,2025-06-16 20:04:23.571672
sz.002600,2024-10-29,2024-11-05,0.08331298828125,2025-06-16 20:04:23.571672
sz.002600,2024-10-30,2024-11-06,0.1224365234375,2025-06-16 20:04:23.571672
sz.002600,2024-10-31,2024-11-07,0.1358642578125,2025-06-16 20:04:23.571672
sz.002600,2024-11-01,2024-11-08,0.125244140625,2025-06-16 20:04:23.571672
sz.002600,2024-11-04,2024-11-11,0.09234619140625,2025-06-16 20:04:23.571672
sz.002600,2024-11-05,2024-11-12,0.1510009765625,2025-06-16 20:04:23.571672
sz.002600,2024-11-06,2024-11-13,0.130615234375,2025-06-16 20:04:23.571672
sz.002600,2024-11-07,2024-11-14,0.125244140625,2025-06-16 20:04:23.571672
sz.002600,2024-11-08,2024-11-15,0.10723876953125,2025-06-16 20:04:23.571672
sz.002600,2024-11-11,2024-11-18,0.1229248046875,2025-06-16 20:04:23.571672
sz.002600,2024-11-12,2024-11-19,0.0794677734375,2025-06-16 20:04:23.571672
sz.002600,2024-11-13,2024-11-20,0.1661376953125,2025-06-16 20:04:23.571672
sz.002600,2024-11-14,2024-11-21,0.11297607421875,2025-06-16 20:04:23.571672
sz.002600,2024-11-15,2024-11-22,0.0987548828125,2025-06-16 20:04:23.571672
sz.002600,2024-11-18,2024-11-25,0.12890625,2025-06-16 20:04:23.571672
sz.002600,2024-11-19,2024-11-26,0.281005859375,2025-06-16 20:04:23.571672
sz.002600,2024-11-20,2024-11-27,0.08050537109375,2025-06-16 20:04:23.571672
sz.002600,2024-11-21,2024-11-28,0.10430908203125,2025-06-16 20:04:23.571672
sz.002600,2024-11-22,2024-11-29,0.08197021484375,2025-06-16 20:04:23.571672
sz.002600,2024-11-25,2024-12-02,0.12139892578125,2025-06-16 20:04:23.571672
sz.002600,2024-11-26,2024-12-03,0.10687255859375,2025-06-16 20:04:23.571672
sz.002600,2024-11-27,2024-12-04,0.10302734375,2025-06-16 20:04:23.571672
sz.002600,2024-11-28,2024-12-05,0.10357666015625,2025-06-16 20:04:23.571672
sz.002600,2024-11-29,2024-12-06,0.2493896484375,2025-06-16 20:04:23.571672
sz.002600,2024-12-02,2024-12-09,0.1134033203125,2025-06-16 20:04:23.571672
sz.002600,2024-12-03,2024-12-10,0.12213134765625,2025-06-16 20:04:23.571672
sz.002600,2024-12-04,2024-12-11,0.08660888671875,2025-06-16 20:04:23.571672
sz.002600,2024-12-05,2024-12-12,0.103759765625,2025-06-16 20:04:23.571672
sz.002600,2024-12-06,2024-12-13,0.18359375,2025-06-16 20:04:23.571672
sz.002600,2024-12-09,2024-12-16,0.1346435546875,2025-06-16 20:04:23.571672
sz.002600,2024-12-10,2024-12-17,0.08929443359375,2025-06-16 20:04:23.571672
sz.002600,2024-12-11,2024-12-18,0.1134033203125,2025-06-16 20:04:23.571672
sz.002600,2024-12-12,2024-12-19,0.1412353515625,2025-06-16 20:04:23.571672
sz.002600,2024-12-13,2024-12-20,0.11395263671875,2025-06-16 20:04:23.571672
sz.002600,2024-12-16,2024-12-23,0.1380615234375,2025-06-16 20:04:23.571672
sz.002600,2024-12-17,2024-12-24,0.09979248046875,2025-06-16 20:04:23.571672
sz.002600,2024-12-18,2024-12-25,0.1324462890625,2025-06-16 20:04:23.571672
sz.002600,2024-12-19,2024-12-26,0.1373291015625,2025-06-16 20:04:23.571672
sz.002600,2024-12-20,2024-12-27,0.0999755859375,2025-06-16 20:04:23.571672
sz.002600,2024-12-23,2024-12-30,0.1279296875,2025-06-16 20:04:23.571672
sz.002600,2024-12-24,2024-12-31,0.10540771484375,2025-06-16 20:04:23.571672
sz.002600,2024-12-25,2025-01-01,0.1300048828125,2025-06-16 20:04:23.571672
sz.002600,2024-12-26,2025-01-02,0.244140625,2025-06-16 20:04:23.571672
sz.002600,2024-12-27,2025-01-03,0.09722900390625,2025-06-16 20:04:23.571672
sz.002600,2024-12-30,2025-01-06,0.1334228515625,2025-06-16 20:04:23.571672
sz.002600,2024-12-31,2025-01-07,0.13134765625,2025-06-16 20:04:23.571672
sz.002600,2025-01-02,2025-01-09,0.12274169921875,2025-06-16 20:04:23.571672
sz.002600,2025-01-03,2025-01-10,0.16259765625,2025-06-16 20:04:23.571672
sz.002600,2025-01-06,2025-01-13,0.1900634765625,2025-06-16 20:04:23.571672
sz.002600,2025-01-07,2025-01-14,0.341064453125,2025-06-16 20:04:23.571672
sz.002600,2025-01-08,2025-01-15,0.2109375,2025-06-16 20:04:23.571672
sz.002600,2025-01-09,2025-01-16,0.2939453125,2025-06-16 20:04:23.571672
sz.002600,2025-01-10,2025-01-17,0.2188720703125,2025-06-16 20:04:23.571672
sz.002600,2025-01-13,2025-01-20,0.280517578125,2025-06-16 20:04:23.571672
sz.002600,2025-01-14,2025-01-21,0.300537109375,2025-06-16 20:04:23.571672
sz.002600,2025-01-15,2025-01-22,0.125732421875,2025-06-16 20:04:23.571672
sz.002600,2025-01-16,2025-01-23,0.136962890625,2025-06-16 20:04:23.571672
sz.002600,2025-01-17,2025-01-24,0.1300048828125,2025-06-16 20:04:23.571672
sz.002600,2025-01-20,2025-01-27,0.07135009765625,2025-06-16 20:04:23.571672
sz.002600,2025-01-21,2025-01-28,0.0975341796875,2025-06-16 20:04:23.571672
sz.002600,2025-01-22,2025-01-29,0.09686279296875,2025-06-16 20:04:23.571672
sz.002600,2025-01-23,2025-01-30,0.1324462890625,2025-06-16 20:04:23.571672
sz.002600,2025-01-24,2025-01-31,0.180419921875,2025-06-16 20:04:23.571672
sz.002600,2025-01-27,2025-02-03,0.137939453125,2025-06-16 20:04:23.571672
sz.002600,2025-02-05,2025-02-12,0.09600830078125,2025-06-16 20:04:23.571672
sz.002600,2025-02-06,2025-02-13,0.278564453125,2025-06-16 20:04:23.571672
sz.002600,2025-02-07,2025-02-14,0.1292724609375,2025-06-16 20:04:23.571672
sz.002600,2025-02-10,2025-02-17,0.1500244140625,2025-06-16 20:04:23.571672
sz.002600,2025-02-11,2025-02-18,0.1766357421875,2025-06-16 20:04:23.571672
sz.002600,2025-02-12,2025-02-19,0.1807861328125,2025-06-16 20:04:23.571672
sz.002600,2025-02-13,2025-02-20,0.140625,2025-06-16 20:04:23.571672
sz.002600,2025-02-14,2025-02-21,0.11260986328125,2025-06-16 20:04:23.571672
sz.002600,2025-02-17,2025-02-24,0.2265625,2025-06-16 20:04:23.571672
sz.002600,2025-02-18,2025-02-25,0.127197265625,2025-06-16 20:04:23.571672
sz.002600,2025-02-19,2025-02-26,0.2452392578125,2025-06-16 20:04:23.571672
sz.002600,2025-02-20,2025-02-27,0.147705078125,2025-06-16 20:04:23.571672
sz.002600,2025-02-21,2025-02-28,0.1298828125,2025-06-16 20:04:23.571672
sz.002600,2025-02-24,2025-03-03,0.143310546875,2025-06-16 20:04:23.571672
sz.002600,2025-02-25,2025-03-04,0.142333984375,2025-06-16 20:04:23.571672
sz.002600,2025-02-26,2025-03-05,0.1571044921875,2025-06-16 20:04:23.571672
sz.002600,2025-02-27,2025-03-06,0.163818359375,2025-06-16 20:04:23.571672
sz.002600,2025-02-28,2025-03-07,0.1458740234375,2025-06-16 20:04:23.571672
sz.002600,2025-03-03,2025-03-10,0.1495361328125,2025-06-16 20:04:23.571672
sz.002600,2025-03-04,2025-03-11,0.1766357421875,2025-06-16 20:04:23.571672
sz.002600,2025-03-05,2025-03-12,0.311767578125,2025-06-16 20:04:23.571672
sz.002600,2025-03-06,2025-03-13,0.1798095703125,2025-06-16 20:04:23.571672
sz.002600,2025-03-07,2025-03-14,0.149169921875,2025-06-16 20:04:23.571672
sz.002600,2025-03-10,2025-03-17,0.1494140625,2025-06-16 20:04:23.571672
sz.002600,2025-03-11,2025-03-18,0.1910400390625,2025-06-16 20:04:23.571672
sz.002600,2025-03-12,2025-03-19,0.1856689453125,2025-06-16 20:04:23.571672
sz.002600,2025-03-13,2025-03-20,0.149169921875,2025-06-16 20:04:23.571672
sz.002600,2025-03-14,2025-03-21,0.21142578125,2025-06-16 20:04:23.571672
sz.002600,2025-03-17,2025-03-24,0.2440185546875,2025-06-16 20:04:23.571672
sz.002600,2025-03-18,2025-03-25,0.20654296875,2025-06-16 20:04:23.571672
sz.002600,2025-03-19,2025-03-26,0.203125,2025-06-16 20:04:23.571672
sz.002600,2025-03-20,2025-03-27,0.191650390625,2025-06-16 20:04:23.571672
sz.002600,2025-03-21,2025-03-28,0.143798828125,2025-06-16 20:04:23.571672
sz.002600,2025-03-24,2025-03-31,0.1300048828125,2025-06-16 20:04:23.571672
sz.002600,2025-03-25,2025-04-01,0.16064453125,2025-06-16 20:04:23.571672
sz.002600,2025-03-26,2025-04-02,0.245849609375,2025-06-16 20:04:23.571672
sz.002600,2025-03-27,2025-04-03,0.1461181640625,2025-06-16 20:04:23.571672
sz.002600,2025-03-28,2025-04-04,0.243408203125,2025-06-16 20:04:23.571672
sz.002600,2025-03-31,2025-04-07,0.1934814453125,2025-06-16 20:04:23.571672
sz.002600,2025-04-01,2025-04-08,0.1553955078125,2025-06-16 20:04:23.571672
sz.002600,2025-04-02,2025-04-09,0.165283203125,2025-06-16 20:04:23.571672
sz.002600,2025-04-03,2025-04-10,0.134521484375,2025-06-16 20:04:23.571672
sz.002600,2025-04-07,2025-04-14,0.4677734375,2025-06-16 20:04:23.571672
sz.002600,2025-04-08,2025-04-15,0.49072265625,2025-06-16 20:04:23.571672
sz.002600,2025-04-09,2025-04-16,0.402099609375,2025-06-16 20:04:23.571672
sz.002600,2025-04-10,2025-04-17,0.34619140625,2025-06-16 20:04:23.571672
sz.002600,2025-04-11,2025-04-18,0.380615234375,2025-06-16 20:04:23.571672
sz.002600,2025-04-14,2025-04-21,0.218505859375,2025-06-16 20:04:23.571672
sz.002600,2025-04-15,2025-04-22,0.32958984375,2025-06-16 20:04:23.571672
sz.002600,2025-04-16,2025-04-23,0.4296875,2025-06-16 20:04:23.571672
sz.002600,2025-04-17,2025-04-24,0.5224609375,2025-06-16 20:04:23.571672
sz.002600,2025-04-18,2025-04-25,0.5029296875,2025-06-16 20:04:23.571672
sz.002600,2025-04-21,2025-04-28,0.11395263671875,2025-06-16 20:04:23.571672
sz.002600,2025-04-22,2025-04-29,0.2166748046875,2025-06-16 20:04:23.571672
sz.002600,2025-04-23,2025-04-30,0.07574462890625,2025-06-16 20:04:23.571672
sz.002600,2025-04-24,2025-05-01,0.1270751953125,2025-06-16 20:04:23.571672
sz.002600,2025-04-25,2025-05-02,0.09686279296875,2025-06-16 20:04:23.571672
sz.002600,2025-04-28,2025-05-05,0.181640625,2025-06-16 20:04:23.571672
sz.002600,2025-04-29,2025-05-06,0.10321044921875,2025-06-16 20:04:23.571672
sz.002600,2025-04-30,2025-05-07,0.12139892578125,2025-06-16 20:04:23.571672
sz.002600,2025-05-06,2025-05-13,0.151611328125,2025-06-16 20:04:23.571672
sz.002600,2025-05-07,2025-05-14,0.1337890625,2025-06-16 20:04:23.571672
sz.002600,2025-05-08,2025-05-15,0.1668701171875,2025-06-16 20:04:23.571672
sz.002600,2025-05-09,2025-05-16,0.1397705078125,2025-06-16 20:04:23.571672
sz.002600,2025-05-12,2025-05-19,0.2076416015625,2025-06-16 20:04:23.571672
sz.002600,2025-05-13,2025-05-20,0.1287841796875,2025-06-16 20:04:23.571672
sz.002600,2025-05-14,2025-05-21,0.14306640625,2025-06-16 20:04:23.571672
sz.002600,2025-05-15,2025-05-22,0.1461181640625,2025-06-16 20:04:23.571672
sz.002600,2025-05-16,2025-05-23,0.11737060546875,2025-06-16 20:04:23.571672
sz.002600,2025-05-19,2025-05-26,0.1324462890625,2025-06-16 20:04:23.571672
sz.002600,2025-05-20,2025-05-27,0.2034912109375,2025-06-16 20:04:23.571672
sz.002600,2025-05-21,2025-05-28,0.1759033203125,2025-06-16 20:04:23.571672
sz.002600,2025-05-22,2025-05-29,0.1319580078125,2025-06-16 20:04:23.571672
sz.002600,2025-05-23,2025-05-30,0.11029052734375,2025-06-16 20:04:23.571672
sz.002600,2025-05-26,2025-06-02,0.10992431640625,2025-06-16 20:04:23.571672
sz.002600,2025-05-27,2025-06-03,0.1295166015625,2025-06-16 20:04:23.571672
sz.002600,2025-05-28,2025-06-04,0.1070556640625,2025-06-16 20:04:23.571672
sz.002600,2025-05-29,2025-06-05,0.2366943359375,2025-06-16 20:04:23.571672
sz.002600,2025-05-30,2025-06-06,0.1358642578125,2025-06-16 20:04:23.571672
sz.002600,2025-06-03,2025-06-10,0.08978271484375,2025-06-16 20:04:23.571672
sz.002600,2025-06-04,2025-06-11,0.1287841796875,2025-06-16 20:04:23.571672
sz.002600,2025-06-05,2025-06-12,0.17919921875,2025-06-16 20:04:23.571672
sz.002600,2025-06-06,2025-06-13,0.165771484375,2025-06-16 20:04:23.571672
sz.002600,2025-06-09,2025-06-16,0.290771484375,2025-06-16 20:04:23.571672
sz.002600,2025-06-10,2025-06-17,0.1527099609375,2025-06-16 20:04:23.571672
sz.002600,2025-06-11,2025-06-18,0.11029052734375,2025-06-16 20:04:23.571672
sz.002600,2025-06-12,2025-06-19,0.1304931640625,2025-06-16 20:04:23.571672
sz.002600,2025-06-13,2025-06-20,0.135498046875,2025-06-16 20:04:23.571672
sz.002600,2025-06-16,2025-06-23,0.1055908203125,2025-06-16 20:04:23.571672
sz.002601,2025-06-16,2025-06-23,0.134521484375,2025-06-16 20:04:23.571672
sz.002648,2025-06-16,2025-06-23,0.13623046875,2025-06-16 20:04:23.571672
sz.002709,2025-06-16,2025-06-23,0.1063232421875,2025-06-16 20:04:23.571672
sz.002714,2025-06-16,2025-06-23,0.159423828125,2025-06-16 20:04:23.571672
sz.002736,2025-06-16,2025-06-23,0.12493896484375,2025-06-16 20:04:23.571672
sz.002916,2025-06-16,2025-06-23,0.12274169921875,2025-06-16 20:04:23.571672
sz.002920,2025-06-16,2025-06-23,0.169677734375,2025-06-16 20:04:23.571672
sz.002938,2025-06-16,2025-06-23,0.08209228515625,2025-06-16 20:04:23.571672
sz.003816,2025-06-16,2025-06-23,0.12249755859375,2025-06-16 20:04:23.571672
sz.300014,2025-06-16,2025-06-23,0.11181640625,2025-06-16 20:04:23.571672
sz.300015,2025-06-16,2025-06-23,0.239013671875,2025-06-16 20:04:23.571672
sz.300033,2025-06-16,2025-06-23,0.33984375,2025-06-16 20:04:23.571672
sz.300059,2025-06-16,2025-06-23,0.2257080078125,2025-06-16 20:04:23.571672
sz.300122,2025-06-16,2025-06-23,0.1278076171875,2025-06-16 20:04:23.571672
sz.300124,2025-06-16,2025-06-23,0.14453125,2025-06-16 20:04:23.571672
sz.300274,2025-06-16,2025-06-23,0.092041015625,2025-06-16 20:04:23.571672
sz.300308,2025-06-16,2025-06-23,0.2081298828125,2025-06-16 20:04:23.571672
sz.300316,2025-06-16,2025-06-23,0.1973876953125,2025-06-16 20:04:23.571672
sz.300347,2025-06-16,2025-06-23,0.1190185546875,2025-06-16 20:04:23.571672
sz.300394,2025-06-16,2025-06-23,0.2315673828125,2025-06-16 20:04:23.571672
sz.300408,2025-06-16,2025-06-23,0.193359375,2025-06-16 20:04:23.571672
sz.300413,2025-06-16,2025-06-23,0.0802001953125,2025-06-16 20:04:23.571672
sz.300418,2025-06-16,2025-06-23,0.184814453125,2025-06-16 20:04:23.571672
sz.300433,2025-06-16,2025-06-23,0.0816650390625,2025-06-16 20:04:23.571672
sz.300442,2025-06-16,2025-06-23,0.0743408203125,2025-06-16 20:04:23.571672
sz.300498,2025-06-16,2025-06-23,0.137939453125,2025-06-16 20:04:23.571672
sz.300502,2025-06-16,2025-06-23,0.2342529296875,2025-06-16 20:04:23.571672
sz.300628,2025-06-16,2025-06-23,0.09368896484375,2025-06-16 20:04:23.571672
sz.300661,2025-06-16,2025-06-23,0.141357421875,2025-06-16 20:04:23.571672
sz.300750,2025-06-16,2025-06-23,0.142333984375,2025-06-16 20:04:23.571672
sz.300759,2025-06-16,2025-06-23,0.11102294921875,2025-06-16 20:04:23.571672
sz.300760,2025-06-16,2025-06-23,0.114990234375,2025-06-16 20:04:23.571672
sz.300782,2025-06-16,2025-06-23,0.455078125,2025-06-16 20:04:23.571672
sz.300832,2025-06-16,2025-06-23,0.140869140625,2025-06-16 20:04:23.571672
sz.300896,2025-06-16,2025-06-23,0.1104736328125,2025-06-16 20:04:23.571672
sz.300979,2025-06-16,2025-06-23,0.09515380859375,2025-06-16 20:04:23.571672
sz.300999,2025-06-16,2025-06-23,0.2081298828125,2025-06-16 20:04:23.571672
sz.301236,2025-03-19,2025-03-26,0.2044677734375,2025-06-16 20:04:23.571672
sz.301236,2025-03-20,2025-03-27,0.1983642578125,2025-06-16 20:04:23.571672
sz.301236,2025-03-21,2025-03-28,0.152587890625,2025-06-16 20:04:23.571672
sz.301236,2025-03-24,2025-03-31,0.164794921875,2025-06-16 20:04:23.571672
sz.301236,2025-03-25,2025-04-01,0.1416015625,2025-06-16 20:04:23.571672
sz.301236,2025-03-26,2025-04-02,0.1307373046875,2025-06-16 20:04:23.571672
sz.301236,2025-03-27,2025-04-03,0.11126708984375,2025-06-16 20:04:23.571672
sz.301236,2025-03-28,2025-04-04,0.1329345703125,2025-06-16 20:04:23.571672
sz.301236,2025-03-31,2025-04-07,0.1307373046875,2025-06-16 20:04:23.571672
sz.301236,2025-04-01,2025-04-08,0.1240234375,2025-06-16 20:04:23.571672
sz.301236,2025-04-02,2025-04-09,0.1439208984375,2025-06-16 20:04:23.571672
sz.301236,2025-04-03,2025-04-10,0.10595703125,2025-06-16 20:04:23.571672
sz.301236,2025-04-07,2025-04-14,0.154541015625,2025-06-16 20:04:23.571672
sz.301236,2025-04-08,2025-04-15,0.263671875,2025-06-16 20:04:23.571672
sz.301236,2025-04-09,2025-04-16,0.1649169921875,2025-06-16 20:04:23.571672
sz.301236,2025-04-10,2025-04-17,0.119384765625,2025-06-16 20:04:23.571672
sz.301236,2025-04-11,2025-04-18,0.0966796875,2025-06-16 20:04:23.571672
sz.301236,2025-04-14,2025-04-21,0.10858154296875,2025-06-16 20:04:23.571672
sz.301236,2025-04-15,2025-04-22,0.1380615234375,2025-06-16 20:04:23.571672
sz.301236,2025-04-16,2025-04-23,0.12347412109375,2025-06-16 20:04:23.571672
sz.301236,2025-04-17,2025-04-24,0.07879638671875,2025-06-16 20:04:23.571672
sz.301236,2025-04-18,2025-04-25,0.09600830078125,2025-06-16 20:04:23.571672
sz.301236,2025-04-21,2025-04-28,0.1015625,2025-06-16 20:04:23.571672
sz.301236,2025-04-22,2025-04-29,0.1287841796875,2025-06-16 20:04:23.571672
sz.301236,2025-04-23,2025-04-30,0.0709228515625,2025-06-16 20:04:23.571672
sz.301236,2025-04-24,2025-05-01,0.1248779296875,2025-06-16 20:04:23.571672
sz.301236,2025-04-25,2025-05-02,0.11297607421875,2025-06-16 20:04:23.571672
sz.301236,2025-04-28,2025-05-05,0.075439453125,2025-06-16 20:04:23.571672
sz.301236,2025-04-29,2025-05-06,0.12335205078125,2025-06-16 20:04:23.571672
sz.301236,2025-04-30,2025-05-07,0.2462158203125,2025-06-16 20:04:23.571672
sz.301236,2025-05-06,2025-05-13,0.1087646484375,2025-06-16 20:04:23.571672
sz.301236,2025-05-07,2025-05-14,0.144775390625,2025-06-16 20:04:23.571672
sz.301236,2025-05-08,2025-05-15,0.1077880859375,2025-06-16 20:04:23.571672
sz.301236,2025-05-09,2025-05-16,0.089111328125,2025-06-16 20:04:23.571672
sz.301236,2025-05-12,2025-05-19,0.1553955078125,2025-06-16 20:04:23.571672
sz.301236,2025-05-13,2025-05-20,0.1431884765625,2025-06-16 20:04:23.571672
sz.301236,2025-05-14,2025-05-21,0.1827392578125,2025-06-16 20:04:23.571672
sz.301236,2025-05-15,2025-05-22,0.1424560546875,2025-06-16 20:04:23.571672
sz.301236,2025-05-16,2025-05-23,0.0982666015625,2025-06-16 20:04:23.571672
sz.301236,2025-05-19,2025-05-26,0.138427734375,2025-06-16 20:04:23.571672
sz.301236,2025-05-20,2025-05-27,0.1375732421875,2025-06-16 20:04:23.571672
sz.301236,2025-05-21,2025-05-28,0.11029052734375,2025-06-16 20:04:23.571672
sz.301236,2025-05-22,2025-05-29,0.1259765625,2025-06-16 20:04:23.571672
sz.301236,2025-05-23,2025-05-30,0.129638671875,2025-06-16 20:04:23.571672
sz.301236,2025-05-26,2025-06-02,0.0836181640625,2025-06-16 20:04:23.571672
sz.301236,2025-05-27,2025-06-03,0.13232421875,2025-06-16 20:04:23.571672
sz.301236,2025-05-28,2025-06-04,0.1458740234375,2025-06-16 20:04:23.571672
sz.301236,2025-05-29,2025-06-05,0.152099609375,2025-06-16 20:04:23.571672
sz.301236,2025-05-30,2025-06-06,0.1474609375,2025-06-16 20:04:23.571672
sz.301236,2025-06-03,2025-06-10,0.07720947265625,2025-06-16 20:04:23.571672
sz.301236,2025-06-04,2025-06-11,0.11083984375,2025-06-16 20:04:23.571672
sz.301236,2025-06-05,2025-06-12,0.0948486328125,2025-06-16 20:04:23.571672
sz.301236,2025-06-06,2025-06-13,0.1431884765625,2025-06-16 20:04:23.571672
sz.301236,2025-06-09,2025-06-16,0.1346435546875,2025-06-16 20:04:23.571672
sz.301236,2025-06-10,2025-06-17,0.130126953125,2025-06-16 20:04:23.571672
sz.301236,2025-06-11,2025-06-18,0.115966796875,2025-06-16 20:04:23.571672
sz.301236,2025-06-12,2025-06-19,0.1375732421875,2025-06-16 20:04:23.571672
sz.301236,2025-06-13,2025-06-20,0.0889892578125,2025-06-16 20:04:23.571672
sz.301236,2025-06-16,2025-06-23,0.12213134765625,2025-06-16 20:04:23.571672
sz.302132,2020-01-02,2020-01-09,0.1605224609375,2025-06-16 20:04:23.571672
sz.302132,2020-01-03,2020-01-10,0.28759765625,2025-06-16 20:04:23.571672
sz.302132,2020-01-06,2020-01-13,0.1312255859375,2025-06-16 20:04:23.571672
sz.302132,2020-01-07,2020-01-14,0.2039794921875,2025-06-16 20:04:23.571672
sz.302132,2020-01-08,2020-01-15,0.1263427734375,2025-06-16 20:04:23.571672
sz.302132,2020-01-09,2020-01-16,0.2083740234375,2025-06-16 20:04:23.571672
sz.302132,2020-01-10,2020-01-17,0.154541015625,2025-06-16 20:04:23.571672
sz.302132,2020-01-13,2020-01-20,0.277587890625,2025-06-16 20:04:23.571672
sz.302132,2020-01-14,2020-01-21,0.156982421875,2025-06-16 20:04:23.571672
sz.302132,2020-01-15,2020-01-22,0.165283203125,2025-06-16 20:04:23.571672
sz.302132,2020-01-16,2020-01-23,0.126220703125,2025-06-16 20:04:23.571672
sz.302132,2020-01-17,2020-01-24,0.1405029296875,2025-06-16 20:04:23.571672
sz.302132,2020-01-20,2020-01-27,0.136474609375,2025-06-16 20:04:23.571672
sz.302132,2020-01-21,2020-01-28,0.1446533203125,2025-06-16 20:04:23.571672
sz.302132,2020-01-22,2020-01-29,0.135009765625,2025-06-16 20:04:23.571672
sz.302132,2020-01-23,2020-01-30,0.123046875,2025-06-16 20:04:23.571672
sz.302132,2020-02-03,2020-02-10,0.56298828125,2025-06-16 20:04:23.571672
sz.302132,2020-02-04,2020-02-11,0.339599609375,2025-06-16 20:04:23.571672
sz.302132,2020-02-05,2020-02-12,0.246337890625,2025-06-16 20:04:23.571672
sz.302132,2020-02-06,2020-02-13,0.1473388671875,2025-06-16 20:04:23.571672
sz.302132,2020-02-07,2020-02-14,0.140869140625,2025-06-16 20:04:23.571672
sz.302132,2020-02-10,2020-02-17,0.08758544921875,2025-06-16 20:04:23.571672
sz.302132,2020-02-11,2020-02-18,0.1318359375,2025-06-16 20:04:23.571672
sz.302132,2020-02-12,2020-02-19,0.2232666015625,2025-06-16 20:04:23.571672
sz.302132,2020-02-13,2020-02-20,0.08209228515625,2025-06-16 20:04:23.571672
sz.302132,2020-02-14,2020-02-21,0.10052490234375,2025-06-16 20:04:23.571672
sz.302132,2020-02-17,2020-02-24,0.302978515625,2025-06-16 20:04:23.571672
sz.302132,2020-02-18,2020-02-25,0.1478271484375,2025-06-16 20:04:23.571672
sz.302132,2020-02-19,2020-02-26,0.1324462890625,2025-06-16 20:04:23.571672
sz.302132,2020-02-20,2020-02-27,0.179931640625,2025-06-16 20:04:23.571672
sz.302132,2020-02-21,2020-02-28,0.1844482421875,2025-06-16 20:04:23.571672
sz.302132,2020-02-24,2020-03-02,0.173095703125,2025-06-16 20:04:23.571672
sz.302132,2020-02-25,2020-03-03,0.193359375,2025-06-16 20:04:23.571672
sz.302132,2020-02-26,2020-03-04,0.140625,2025-06-16 20:04:23.571672
sz.302132,2020-02-27,2020-03-05,0.141357421875,2025-06-16 20:04:23.571672
sz.302132,2020-02-28,2020-03-06,0.123779296875,2025-06-16 20:04:23.571672
sz.302132,2020-03-02,2020-03-09,0.1083984375,2025-06-16 20:04:23.571672
sz.302132,2020-03-03,2020-03-10,0.103759765625,2025-06-16 20:04:23.571672
sz.302132,2020-03-04,2020-03-11,0.158935546875,2025-06-16 20:04:23.571672
sz.302132,2020-03-05,2020-03-12,0.1512451171875,2025-06-16 20:04:23.571672
sz.302132,2020-03-06,2020-03-13,0.1605224609375,2025-06-16 20:04:23.571672
sz.302132,2020-03-09,2020-03-16,0.138671875,2025-06-16 20:04:23.571672
sz.302132,2020-03-10,2020-03-17,0.2298583984375,2025-06-16 20:04:23.571672
sz.302132,2020-03-11,2020-03-18,0.10992431640625,2025-06-16 20:04:23.571672
sz.302132,2020-03-12,2020-03-19,0.1259765625,2025-06-16 20:04:23.571672
sz.302132,2020-03-13,2020-03-20,0.1322021484375,2025-06-16 20:04:23.571672
sz.302132,2020-03-16,2020-03-23,0.133056640625,2025-06-16 20:04:23.571672
sz.302132,2020-03-17,2020-03-24,0.1177978515625,2025-06-16 20:04:23.571672
sz.302132,2020-03-18,2020-03-25,0.1265869140625,2025-06-16 20:04:23.571672
sz.302132,2020-03-19,2020-03-26,0.1270751953125,2025-06-16 20:04:23.571672
sz.302132,2020-03-20,2020-03-27,0.11676025390625,2025-06-16 20:04:23.571672
sz.302132,2020-03-23,2020-03-30,0.1549072265625,2025-06-16 20:04:23.571672
sz.302132,2020-03-24,2020-03-31,0.1492919921875,2025-06-16 20:04:23.571672
sz.302132,2020-03-25,2020-04-01,0.1416015625,2025-06-16 20:04:23.571672
sz.302132,2020-03-26,2020-04-02,0.151123046875,2025-06-16 20:04:23.571672
sz.302132,2020-03-27,2020-04-03,0.15576171875,2025-06-16 20:04:23.571672
sz.302132,2020-03-30,2020-04-06,0.2132568359375,2025-06-16 20:04:23.571672
sz.302132,2020-03-31,2020-04-07,0.25634765625,2025-06-16 20:04:23.571672
sz.302132,2020-04-01,2020-04-08,0.1405029296875,2025-06-16 20:04:23.571672
sz.302132,2020-04-02,2020-04-09,0.3193359375,2025-06-16 20:04:23.571672
sz.302132,2020-04-03,2020-04-10,0.141845703125,2025-06-16 20:04:23.571672
sz.302132,2020-04-07,2020-04-14,0.09808349609375,2025-06-16 20:04:23.571672
sz.302132,2020-04-08,2020-04-15,0.07720947265625,2025-06-16 20:04:23.571672
sz.302132,2020-04-09,2020-04-16,0.1163330078125,2025-06-16 20:04:23.571672
sz.302132,2020-04-10,2020-04-17,0.130859375,2025-06-16 20:04:23.571672
sz.302132,2020-04-13,2020-04-20,0.1397705078125,2025-06-16 20:04:23.571672
sz.302132,2020-04-14,2020-04-21,0.1422119140625,2025-06-16 20:04:23.571672
sz.302132,2020-04-15,2020-04-22,0.1229248046875,2025-06-16 20:04:23.571672
sz.302132,2020-04-16,2020-04-23,0.11614990234375,2025-06-16 20:04:23.571672
sz.302132,2020-04-17,2020-04-24,0.08038330078125,2025-06-16 20:04:23.571672
sz.302132,2020-04-20,2020-04-27,0.124755859375,2025-06-16 20:04:23.571672
sz.302132,2020-04-21,2020-04-28,0.1375732421875,2025-06-16 20:04:23.571672
sz.302132,2020-04-22,2020-04-29,0.09893798828125,2025-06-16 20:04:23.571672
sz.302132,2020-04-23,2020-04-30,0.08758544921875,2025-06-16 20:04:23.571672
sz.302132,2020-04-24,2020-05-01,0.12493896484375,2025-06-16 20:04:23.571672
sz.302132,2020-04-27,2020-05-04,0.1318359375,2025-06-16 20:04:23.571672
sz.302132,2020-04-28,2020-05-05,0.132568359375,2025-06-16 20:04:23.571672
sz.302132,2020-04-29,2020-05-06,0.2259521484375,2025-06-16 20:04:23.571672
sz.302132,2020-04-30,2020-05-07,0.154296875,2025-06-16 20:04:23.571672
sz.302132,2020-05-06,2020-05-13,0.266357421875,2025-06-16 20:04:23.571672
sz.302132,2020-05-07,2020-05-14,0.13037109375,2025-06-16 20:04:23.571672
sz.302132,2020-05-08,2020-05-15,0.07421875,2025-06-16 20:04:23.571672
sz.302132,2020-05-11,2020-05-18,0.1187744140625,2025-06-16 20:04:23.571672
sz.302132,2020-05-12,2020-05-19,0.1343994140625,2025-06-16 20:04:23.571672
sz.302132,2020-05-13,2020-05-20,0.12939453125,2025-06-16 20:04:23.571672
sz.302132,2020-05-14,2020-05-21,0.07806396484375,2025-06-16 20:04:23.571672
sz.302132,2020-05-15,2020-05-22,0.1400146484375,2025-06-16 20:04:23.571672
sz.302132,2020-05-18,2020-05-25,0.09027099609375,2025-06-16 20:04:23.571672
sz.302132,2020-05-19,2020-05-26,0.136474609375,2025-06-16 20:04:23.571672
sz.302132,2020-05-20,2020-05-27,0.1251220703125,2025-06-16 20:04:23.571672
sz.302132,2020-05-21,2020-05-28,0.1165771484375,2025-06-16 20:04:23.571672
sz.302132,2020-05-22,2020-05-29,0.11920166015625,2025-06-16 20:04:23.571672
sz.302132,2020-05-25,2020-06-01,0.125244140625,2025-06-16 20:04:23.571672
sz.302132,2020-05-26,2020-06-02,0.394287109375,2025-06-16 20:04:23.571672
sz.302132,2020-05-27,2020-06-03,0.1202392578125,2025-06-16 20:04:23.571672
sz.302132,2020-05-28,2020-06-04,0.1236572265625,2025-06-16 20:04:23.571672
sz.302132,2020-05-29,2020-06-05,0.147705078125,2025-06-16 20:04:23.571672
sz.302132,2020-06-01,2020-06-08,0.2340087890625,2025-06-16 20:04:23.571672
sz.302132,2020-06-02,2020-06-09,0.09173583984375,2025-06-16 20:04:23.571672
sz.302132,2020-06-03,2020-06-10,0.126708984375,2025-06-16 20:04:23.571672
sz.302132,2020-06-04,2020-06-11,0.1063232421875,2025-06-16 20:04:23.571672
sz.302132,2020-06-05,2020-06-12,0.302001953125,2025-06-16 20:04:23.571672
sz.302132,2020-06-08,2020-06-15,0.1334228515625,2025-06-16 20:04:23.571672
sz.302132,2020-06-09,2020-06-16,0.1260986328125,2025-06-16 20:04:23.571672
sz.302132,2020-06-10,2020-06-17,0.1351318359375,2025-06-16 20:04:23.571672
sz.302132,2020-06-11,2020-06-18,0.12066650390625,2025-06-16 20:04:23.571672
sz.302132,2020-06-12,2020-06-19,0.07720947265625,2025-06-16 20:04:23.571672
sz.302132,2020-06-15,2020-06-22,0.0869140625,2025-06-16 20:04:23.571672
sz.302132,2020-06-16,2020-06-23,0.42626953125,2025-06-16 20:04:23.571672
sz.302132,2020-06-17,2020-06-24,0.1163330078125,2025-06-16 20:04:23.571672
sz.302132,2020-06-18,2020-06-25,0.1353759765625,2025-06-16 20:04:23.571672
sz.302132,2020-06-19,2020-06-26,0.1676025390625,2025-06-16 20:04:23.571672
sz.302132,2020-06-22,2020-06-29,0.116943359375,2025-06-16 20:04:23.571672
sz.302132,2020-06-23,2020-06-30,0.11260986328125,2025-06-16 20:04:23.571672
sz.302132,2020-06-24,2020-07-01,0.1461181640625,2025-06-16 20:04:23.571672
sz.302132,2020-06-29,2020-07-06,0.0885009765625,2025-06-16 20:04:23.571672
sz.302132,2020-06-30,2020-07-07,0.161865234375,2025-06-16 20:04:23.571672
sz.302132,2020-07-01,2020-07-08,0.11181640625,2025-06-16 20:04:23.571672
sz.302132,2020-07-02,2020-07-09,0.17626953125,2025-06-16 20:04:23.571672
sz.302132,2020-07-03,2020-07-10,0.30078125,2025-06-16 20:04:23.571672
sz.302132,2020-07-06,2020-07-13,0.1539306640625,2025-06-16 20:04:23.571672
sz.302132,2020-07-07,2020-07-14,0.15673828125,2025-06-16 20:04:23.571672
sz.302132,2020-07-08,2020-07-15,0.2235107421875,2025-06-16 20:04:23.571672
sz.302132,2020-07-09,2020-07-16,0.21435546875,2025-06-16 20:04:23.571672
sz.302132,2020-07-10,2020-07-17,0.1900634765625,2025-06-16 20:04:23.571672
sz.302132,2020-07-13,2020-07-20,0.2413330078125,2025-06-16 20:04:23.571672
sz.302132,2020-07-14,2020-07-21,0.2252197265625,2025-06-16 20:04:23.571672
sz.302132,2020-07-15,2020-07-22,0.19189453125,2025-06-16 20:04:23.571672
sz.302132,2020-07-16,2020-07-23,0.25927734375,2025-06-16 20:04:23.571672
sz.302132,2020-07-17,2020-07-24,0.336669921875,2025-06-16 20:04:23.571672
sz.302132,2020-07-20,2020-07-27,0.2049560546875,2025-06-16 20:04:23.571672
sz.302132,2020-07-21,2020-07-28,0.1748046875,2025-06-16 20:04:23.571672
sz.302132,2020-07-22,2020-07-29,0.134033203125,2025-06-16 20:04:23.571672
sz.302132,2020-07-23,2020-07-30,0.092041015625,2025-06-16 20:04:23.571672
sz.302132,2020-07-24,2020-07-31,0.132080078125,2025-06-16 20:04:23.571672
sz.302132,2020-07-27,2020-08-03,0.1912841796875,2025-06-16 20:04:23.571672
sz.302132,2020-07-28,2020-08-04,0.2122802734375,2025-06-16 20:04:23.571672
sz.302132,2020-07-29,2020-08-05,0.235595703125,2025-06-16 20:04:23.571672
sz.302132,2020-07-30,2020-08-06,0.133544921875,2025-06-16 20:04:23.571672
sz.302132,2020-07-31,2020-08-07,0.13427734375,2025-06-16 20:04:23.571672
sz.302132,2020-08-03,2020-08-10,0.34326171875,2025-06-16 20:04:23.571672
sz.302132,2020-08-04,2020-08-11,0.105224609375,2025-06-16 20:04:23.571672
sz.302132,2020-08-05,2020-08-12,0.09967041015625,2025-06-16 20:04:23.571672
sz.302132,2020-08-06,2020-08-13,0.10357666015625,2025-06-16 20:04:23.571672
sz.302132,2020-08-07,2020-08-14,0.09912109375,2025-06-16 20:04:23.571672
sz.302132,2020-08-10,2020-08-17,0.10357666015625,2025-06-16 20:04:23.571672
sz.302132,2020-08-11,2020-08-18,0.1195068359375,2025-06-16 20:04:23.571672
sz.302132,2020-08-12,2020-08-19,0.13671875,2025-06-16 20:04:23.571672
sz.302132,2020-08-13,2020-08-20,0.194091796875,2025-06-16 20:04:23.571672
sz.302132,2020-08-14,2020-08-21,0.282470703125,2025-06-16 20:04:23.571672
sz.302132,2020-08-17,2020-08-24,0.188232421875,2025-06-16 20:04:23.571672
sz.302132,2020-08-18,2020-08-25,0.132568359375,2025-06-16 20:04:23.571672
sz.302132,2020-08-19,2020-08-26,0.1279296875,2025-06-16 20:04:23.571672
sz.302132,2020-08-20,2020-08-27,0.1285400390625,2025-06-16 20:04:23.571672
sz.302132,2020-08-21,2020-08-28,0.085693359375,2025-06-16 20:04:23.571672
sz.302132,2020-08-24,2020-08-31,0.08770751953125,2025-06-16 20:04:23.571672
sz.302132,2020-08-25,2020-09-01,0.123046875,2025-06-16 20:04:23.571672
sz.302132,2020-08-26,2020-09-02,0.06646728515625,2025-06-16 20:04:23.571672
sz.302132,2020-08-27,2020-09-03,0.122314453125,2025-06-16 20:04:23.571672
sz.302132,2020-08-28,2020-09-04,0.0823974609375,2025-06-16 20:04:23.571672
sz.302132,2020-08-31,2020-09-07,0.082275390625,2025-06-16 20:04:23.571672
sz.302132,2020-09-01,2020-09-08,0.1063232421875,2025-06-16 20:04:23.571672
sz.302132,2020-09-02,2020-09-09,0.161376953125,2025-06-16 20:04:23.571672
sz.302132,2020-09-03,2020-09-10,0.142822265625,2025-06-16 20:04:23.571672
sz.302132,2020-09-04,2020-09-11,0.2476806640625,2025-06-16 20:04:23.571672
sz.302132,2020-09-07,2020-09-14,0.13330078125,2025-06-16 20:04:23.571672
sz.302132,2020-09-08,2020-09-15,0.1324462890625,2025-06-16 20:04:23.571672
sz.302132,2020-09-09,2020-09-16,0.08062744140625,2025-06-16 20:04:23.571672
sz.302132,2020-09-10,2020-09-17,0.1461181640625,2025-06-16 20:04:23.571672
sz.302132,2020-09-11,2020-09-18,0.08831787109375,2025-06-16 20:04:23.571672
sz.302132,2020-09-14,2020-09-21,0.08331298828125,2025-06-16 20:04:23.571672
sz.302132,2020-09-15,2020-09-22,0.09417724609375,2025-06-16 20:04:23.571672
sz.302132,2020-09-16,2020-09-23,0.1248779296875,2025-06-16 20:04:23.571672
sz.302132,2020-09-17,2020-09-24,0.132568359375,2025-06-16 20:04:23.571672
sz.302132,2020-09-18,2020-09-25,0.09368896484375,2025-06-16 20:04:23.571672
sz.302132,2020-09-21,2020-09-28,0.08978271484375,2025-06-16 20:04:23.571672
sz.302132,2020-09-22,2020-09-29,0.11102294921875,2025-06-16 20:04:23.571672
sz.302132,2020-09-23,2020-09-30,0.153076171875,2025-06-16 20:04:23.571672
sz.302132,2020-09-24,2020-10-01,0.1383056640625,2025-06-16 20:04:23.571672
sz.302132,2020-09-25,2020-10-02,0.12286376953125,2025-06-16 20:04:23.571672
sz.302132,2020-09-28,2020-10-05,0.1370849609375,2025-06-16 20:04:23.571672
sz.302132,2020-09-29,2020-10-06,0.15283203125,2025-06-16 20:04:23.571672
sz.302132,2020-09-30,2020-10-07,0.1551513671875,2025-06-16 20:04:23.571672
sz.302132,2020-10-09,2020-10-16,0.1561279296875,2025-06-16 20:04:23.571672
sz.302132,2020-10-12,2020-10-19,0.204345703125,2025-06-16 20:04:23.571672
sz.302132,2020-10-13,2020-10-20,0.269775390625,2025-06-16 20:04:23.571672
sz.302132,2020-10-14,2020-10-21,0.11376953125,2025-06-16 20:04:23.571672
sz.302132,2020-10-15,2020-10-22,0.1514892578125,2025-06-16 20:04:23.571672
sz.302132,2020-10-16,2020-10-23,0.15966796875,2025-06-16 20:04:23.571672
sz.302132,2020-10-19,2020-10-26,0.1685791015625,2025-06-16 20:04:23.571672
sz.302132,2020-10-20,2020-10-27,0.2548828125,2025-06-16 20:04:23.571672
sz.302132,2020-10-21,2020-10-28,0.1435546875,2025-06-16 20:04:23.571672
sz.302132,2020-10-22,2020-10-29,0.18359375,2025-06-16 20:04:23.571672
sz.302132,2020-10-23,2020-10-30,0.1199951171875,2025-06-16 20:04:23.571672
sz.302132,2020-10-26,2020-11-02,0.132568359375,2025-06-16 20:04:23.571672
sz.302132,2020-10-27,2020-11-03,0.1285400390625,2025-06-16 20:04:23.571672
sz.302132,2020-10-28,2020-11-04,0.263427734375,2025-06-16 20:04:23.571672
sz.302132,2020-10-29,2020-11-05,0.1414794921875,2025-06-16 20:04:23.571672
sz.302132,2020-10-30,2020-11-06,0.100341796875,2025-06-16 20:04:23.571672
sz.302132,2020-11-02,2020-11-09,0.133056640625,2025-06-16 20:04:23.571672
sz.302132,2020-11-03,2020-11-10,0.1165771484375,2025-06-16 20:04:23.571672
sz.302132,2020-11-04,2020-11-11,0.12322998046875,2025-06-16 20:04:23.571672
sz.302132,2020-11-05,2020-11-12,0.11456298828125,2025-06-16 20:04:23.571672
sz.302132,2020-11-06,2020-11-13,0.12420654296875,2025-06-16 20:04:23.571672
sz.302132,2020-11-09,2020-11-16,0.091552734375,2025-06-16 20:04:23.571672
sz.302132,2020-11-10,2020-11-17,0.0982666015625,2025-06-16 20:04:23.571672
sz.302132,2020-11-11,2020-11-18,0.09222412109375,2025-06-16 20:04:23.571672
sz.302132,2020-11-12,2020-11-19,0.12432861328125,2025-06-16 20:04:23.571672
sz.302132,2020-11-13,2020-11-20,0.093994140625,2025-06-16 20:04:23.571672
sz.302132,2020-11-16,2020-11-23,0.10894775390625,2025-06-16 20:04:23.571672
sz.302132,2020-11-17,2020-11-24,0.1278076171875,2025-06-16 20:04:23.571672
sz.302132,2020-11-18,2020-11-25,0.11029052734375,2025-06-16 20:04:23.571672
sz.302132,2020-11-19,2020-11-26,0.1700439453125,2025-06-16 20:04:23.571672
sz.302132,2020-11-20,2020-11-27,0.1251220703125,2025-06-16 20:04:23.571672
sz.302132,2020-11-23,2020-11-30,0.11676025390625,2025-06-16 20:04:23.571672
sz.302132,2020-11-24,2020-12-01,0.08197021484375,2025-06-16 20:04:23.571672
sz.302132,2020-11-25,2020-12-02,0.1307373046875,2025-06-16 20:04:23.571672
sz.302132,2020-11-26,2020-12-03,0.079345703125,2025-06-16 20:04:23.571672
sz.302132,2020-11-27,2020-12-04,0.0810546875,2025-06-16 20:04:23.571672
sz.302132,2020-11-30,2020-12-07,0.10430908203125,2025-06-16 20:04:23.571672
sz.302132,2020-12-01,2020-12-08,0.08880615234375,2025-06-16 20:04:23.571672
sz.302132,2020-12-02,2020-12-09,0.2724609375,2025-06-16 20:04:23.571672
sz.302132,2020-12-03,2020-12-10,0.123779296875,2025-06-16 20:04:23.571672
sz.302132,2020-12-04,2020-12-11,0.10968017578125,2025-06-16 20:04:23.571672
sz.302132,2020-12-07,2020-12-14,0.11456298828125,2025-06-16 20:04:23.571672
sz.302132,2020-12-08,2020-12-15,0.09808349609375,2025-06-16 20:04:23.571672
sz.302132,2020-12-09,2020-12-16,0.13134765625,2025-06-16 20:04:23.571672
sz.302132,2020-12-10,2020-12-17,0.12249755859375,2025-06-16 20:04:23.571672
sz.302132,2020-12-11,2020-12-18,0.1514892578125,2025-06-16 20:04:23.571672
sz.302132,2020-12-14,2020-12-21,0.13037109375,2025-06-16 20:04:23.571672
sz.302132,2020-12-15,2020-12-22,0.2017822265625,2025-06-16 20:04:23.571672
sz.302132,2020-12-16,2020-12-23,0.1783447265625,2025-06-16 20:04:23.571672
sz.302132,2020-12-17,2020-12-24,0.17138671875,2025-06-16 20:04:23.571672
sz.302132,2020-12-18,2020-12-25,0.1231689453125,2025-06-16 20:04:23.571672
sz.302132,2020-12-21,2020-12-28,0.2890625,2025-06-16 20:04:23.571672
sz.302132,2020-12-22,2020-12-29,0.1383056640625,2025-06-16 20:04:23.571672
sz.302132,2020-12-23,2020-12-30,0.329833984375,2025-06-16 20:04:23.571672
sz.302132,2020-12-24,2020-12-31,0.0765380859375,2025-06-16 20:04:23.571672
sz.302132,2020-12-25,2021-01-01,0.07330322265625,2025-06-16 20:04:23.571672
sz.302132,2020-12-28,2021-01-04,0.07171630859375,2025-06-16 20:04:23.571672
sz.302132,2020-12-29,2021-01-05,0.1165771484375,2025-06-16 20:04:23.571672
sz.302132,2020-12-30,2021-01-06,0.100341796875,2025-06-16 20:04:23.571672
sz.302132,2020-12-31,2021-01-07,0.1759033203125,2025-06-16 20:04:23.571672
sz.302132,2021-01-04,2021-01-11,0.10430908203125,2025-06-16 20:04:23.571672
sz.302132,2021-01-05,2021-01-12,0.110107421875,2025-06-16 20:04:23.571672
sz.302132,2021-01-06,2021-01-13,0.1453857421875,2025-06-16 20:04:23.571672
sz.302132,2021-01-07,2021-01-14,0.11614990234375,2025-06-16 20:04:23.571672
sz.302132,2021-01-08,2021-01-15,0.11260986328125,2025-06-16 20:04:23.571672
sz.302132,2021-01-11,2021-01-18,0.11553955078125,2025-06-16 20:04:23.571672
sz.302132,2021-01-12,2021-01-19,0.15771484375,2025-06-16 20:04:23.571672
sz.302132,2021-01-13,2021-01-20,0.1251220703125,2025-06-16 20:04:23.571672
sz.302132,2021-01-14,2021-01-21,0.1337890625,2025-06-16 20:04:23.571672
sz.302132,2021-01-15,2021-01-22,0.09466552734375,2025-06-16 20:04:23.571672
sz.302132,2021-01-18,2021-01-25,0.19287109375,2025-06-16 20:04:23.571672
sz.302132,2021-01-19,2021-01-26,0.13427734375,2025-06-16 20:04:23.571672
sz.302132,2021-01-20,2021-01-27,0.208984375,2025-06-16 20:04:23.571672
sz.302132,2021-01-21,2021-01-28,0.17529296875,2025-06-16 20:04:23.571672
sz.302132,2021-01-22,2021-01-29,0.1480712890625,2025-06-16 20:04:23.571672
sz.302132,2021-01-25,2021-02-01,0.1318359375,2025-06-16 20:04:23.571672
sz.302132,2021-01-26,2021-02-02,0.1307373046875,2025-06-16 20:04:23.571672
sz.302132,2021-01-27,2021-02-03,0.1279296875,2025-06-16 20:04:23.571672
sz.302132,2021-01-28,2021-02-04,0.070068359375,2025-06-16 20:04:23.571672
sz.302132,2021-01-29,2021-02-05,0.1268310546875,2025-06-16 20:04:23.571672
sz.302132,2021-02-01,2021-02-08,0.1153564453125,2025-06-16 20:04:23.571672
sz.302132,2021-02-02,2021-02-09,0.1326904296875,2025-06-16 20:04:23.571672
sz.302132,2021-02-03,2021-02-10,0.150390625,2025-06-16 20:04:23.571672
sz.302132,2021-02-04,2021-02-11,0.1717529296875,2025-06-16 20:04:23.571672
sz.302132,2021-02-05,2021-02-12,0.1708984375,2025-06-16 20:04:23.571672
sz.302132,2021-02-08,2021-02-15,0.33447265625,2025-06-16 20:04:23.571672
sz.302132,2021-02-09,2021-02-16,0.2288818359375,2025-06-16 20:04:23.571672
sz.302132,2021-02-10,2021-02-17,0.299560546875,2025-06-16 20:04:23.571672
sz.302132,2021-02-18,2021-02-25,0.1143798828125,2025-06-16 20:04:23.571672
sz.302132,2021-02-19,2021-02-26,0.115966796875,2025-06-16 20:04:23.571672
sz.302132,2021-02-22,2021-03-01,0.09088134765625,2025-06-16 20:04:23.571672
sz.302132,2021-02-23,2021-03-02,0.09967041015625,2025-06-16 20:04:23.571672
sz.302132,2021-02-24,2021-03-03,0.11517333984375,2025-06-16 20:04:23.571672
sz.302132,2021-02-25,2021-03-04,0.1356201171875,2025-06-16 20:04:23.571672
sz.302132,2021-02-26,2021-03-05,0.0894775390625,2025-06-16 20:04:23.571672
sz.302132,2021-03-01,2021-03-08,0.1318359375,2025-06-16 20:04:23.571672
sz.302132,2021-03-02,2021-03-09,0.13525390625,2025-06-16 20:04:23.571672
sz.302132,2021-03-03,2021-03-10,0.140869140625,2025-06-16 20:04:23.571672
sz.302132,2021-03-04,2021-03-11,0.1007080078125,2025-06-16 20:04:23.571672
sz.302132,2021-03-05,2021-03-12,0.0843505859375,2025-06-16 20:04:23.571672
sz.302132,2021-03-08,2021-03-15,0.131591796875,2025-06-16 20:04:23.571672
sz.302132,2021-03-09,2021-03-16,0.143310546875,2025-06-16 20:04:23.571672
sz.302132,2021-03-10,2021-03-17,0.165283203125,2025-06-16 20:04:23.571672
sz.302132,2021-03-11,2021-03-18,0.217529296875,2025-06-16 20:04:23.571672
sz.302132,2021-03-12,2021-03-19,0.2161865234375,2025-06-16 20:04:23.571672
sz.302132,2021-03-15,2021-03-22,0.244873046875,2025-06-16 20:04:23.571672
sz.302132,2021-03-16,2021-03-23,0.26416015625,2025-06-16 20:04:23.571672
sz.302132,2021-03-17,2021-03-24,0.17822265625,2025-06-16 20:04:23.571672
sz.302132,2021-03-18,2021-03-25,0.0943603515625,2025-06-16 20:04:23.571672
sz.302132,2021-03-19,2021-03-26,0.0762939453125,2025-06-16 20:04:23.571672
sz.302132,2021-03-22,2021-03-29,0.0943603515625,2025-06-16 20:04:23.571672
sz.302132,2021-03-23,2021-03-30,0.1273193359375,2025-06-16 20:04:23.571672
sz.302132,2021-03-24,2021-03-31,0.1153564453125,2025-06-16 20:04:23.571672
sz.302132,2021-03-25,2021-04-01,0.10540771484375,2025-06-16 20:04:23.571672
sz.302132,2021-03-26,2021-04-02,0.12548828125,2025-06-16 20:04:23.571672
sz.302132,2021-03-29,2021-04-05,0.0810546875,2025-06-16 20:04:23.571672
sz.302132,2021-03-30,2021-04-06,0.08404541015625,2025-06-16 20:04:23.571672
sz.302132,2021-03-31,2021-04-07,0.1400146484375,2025-06-16 20:04:23.571672
sz.302132,2021-04-01,2021-04-08,0.1461181640625,2025-06-16 20:04:23.571672
sz.302132,2021-04-02,2021-04-09,0.1400146484375,2025-06-16 20:04:23.571672
sz.302132,2021-04-06,2021-04-13,0.2783203125,2025-06-16 20:04:23.571672
sz.302132,2021-04-07,2021-04-14,0.1495361328125,2025-06-16 20:04:23.571672
sz.302132,2021-04-08,2021-04-15,0.133544921875,2025-06-16 20:04:23.571672
sz.302132,2021-04-09,2021-04-16,0.07476806640625,2025-06-16 20:04:23.571672
sz.302132,2021-04-12,2021-04-19,0.10687255859375,2025-06-16 20:04:23.571672
sz.302132,2021-04-13,2021-04-20,0.128662109375,2025-06-16 20:04:23.571672
sz.302132,2021-04-14,2021-04-21,0.103759765625,2025-06-16 20:04:23.571672
sz.302132,2021-04-15,2021-04-22,0.1165771484375,2025-06-16 20:04:23.571672
sz.302132,2021-04-16,2021-04-23,0.120361328125,2025-06-16 20:04:23.571672
sz.302132,2021-04-19,2021-04-26,0.1307373046875,2025-06-16 20:04:23.571672
sz.302132,2021-04-20,2021-04-27,0.1422119140625,2025-06-16 20:04:23.571672
sz.302132,2021-04-21,2021-04-28,0.14306640625,2025-06-16 20:04:23.571672
sz.302132,2021-04-22,2021-04-29,0.12445068359375,2025-06-16 20:04:23.571672
sz.302132,2021-04-23,2021-04-30,0.133056640625,2025-06-16 20:04:23.571672
sz.302132,2021-04-26,2021-05-03,0.08154296875,2025-06-16 20:04:23.571672
sz.302132,2021-04-27,2021-05-04,0.13671875,2025-06-16 20:04:23.571672
sz.302132,2021-04-28,2021-05-05,0.1331787109375,2025-06-16 20:04:23.571672
sz.302132,2021-04-29,2021-05-06,0.12249755859375,2025-06-16 20:04:23.571672
sz.302132,2021-04-30,2021-05-07,0.1361083984375,2025-06-16 20:04:23.571672
sz.302132,2021-05-06,2021-05-13,0.09619140625,2025-06-16 20:04:23.571672
sz.302132,2021-05-07,2021-05-14,0.1302490234375,2025-06-16 20:04:23.571672
sz.302132,2021-05-10,2021-05-17,0.1461181640625,2025-06-16 20:04:23.571672
sz.302132,2021-05-11,2021-05-18,0.11279296875,2025-06-16 20:04:23.571672
sz.302132,2021-05-12,2021-05-19,0.1435546875,2025-06-16 20:04:23.571672
sz.302132,2021-05-13,2021-05-20,0.145751953125,2025-06-16 20:04:23.571672
sz.302132,2021-05-14,2021-05-21,0.1207275390625,2025-06-16 20:04:23.571672
sz.302132,2021-05-17,2021-05-24,0.1326904296875,2025-06-16 20:04:23.571672
sz.302132,2021-05-18,2021-05-25,0.0999755859375,2025-06-16 20:04:23.571672
sz.302132,2021-05-19,2021-05-26,0.13134765625,2025-06-16 20:04:23.571672
sz.302132,2021-05-20,2021-05-27,0.1304931640625,2025-06-16 20:04:23.571672
sz.302132,2021-05-21,2021-05-28,0.138916015625,2025-06-16 20:04:23.571672
sz.302132,2021-05-24,2021-05-31,0.19482421875,2025-06-16 20:04:23.571672
sz.302132,2021-05-25,2021-06-01,0.10894775390625,2025-06-16 20:04:23.571672
sz.302132,2021-05-26,2021-06-02,0.0740966796875,2025-06-16 20:04:23.571672
sz.302132,2021-05-27,2021-06-03,0.115966796875,2025-06-16 20:04:23.571672
sz.302132,2021-05-28,2021-06-04,0.12420654296875,2025-06-16 20:04:23.571672
sz.302132,2021-05-31,2021-06-07,0.420166015625,2025-06-16 20:04:23.571672
sz.302132,2021-06-01,2021-06-08,0.1358642578125,2025-06-16 20:04:23.571672
sz.302132,2021-06-02,2021-06-09,0.1357421875,2025-06-16 20:04:23.571672
sz.302132,2021-06-03,2021-06-10,0.08740234375,2025-06-16 20:04:23.571672
sz.302132,2021-06-04,2021-06-11,0.1734619140625,2025-06-16 20:04:23.571672
sz.302132,2021-06-07,2021-06-14,0.1187744140625,2025-06-16 20:04:23.571672
sz.302132,2021-06-08,2021-06-15,0.1990966796875,2025-06-16 20:04:23.571672
sz.302132,2021-06-09,2021-06-16,0.1513671875,2025-06-16 20:04:23.571672
sz.302132,2021-06-10,2021-06-17,0.1763916015625,2025-06-16 20:04:23.571672
sz.302132,2021-06-11,2021-06-18,0.154541015625,2025-06-16 20:04:23.571672
sz.302132,2021-06-15,2021-06-22,0.154296875,2025-06-16 20:04:23.571672
sz.302132,2021-06-16,2021-06-23,0.180419921875,2025-06-16 20:04:23.571672
sz.302132,2021-06-17,2021-06-24,0.168212890625,2025-06-16 20:04:23.571672
sz.302132,2021-06-18,2021-06-25,0.134765625,2025-06-16 20:04:23.571672
sz.302132,2021-06-21,2021-06-28,0.2247314453125,2025-06-16 20:04:23.571672
sz.302132,2021-06-22,2021-06-29,0.152099609375,2025-06-16 20:04:23.571672
sz.302132,2021-06-23,2021-06-30,0.1644287109375,2025-06-16 20:04:23.571672
sz.302132,2021-06-24,2021-07-01,0.1563720703125,2025-06-16 20:04:23.571672
sz.302132,2021-06-25,2021-07-02,0.16650390625,2025-06-16 20:04:23.571672
sz.302132,2021-06-28,2021-07-05,0.18798828125,2025-06-16 20:04:23.571672
sz.302132,2021-06-29,2021-07-06,0.132080078125,2025-06-16 20:04:23.571672
sz.302132,2021-06-30,2021-07-07,0.2178955078125,2025-06-16 20:04:23.571672
sz.302132,2021-07-01,2021-07-08,0.1375732421875,2025-06-16 20:04:23.571672
sz.302132,2021-07-02,2021-07-09,0.1767578125,2025-06-16 20:04:23.571672
sz.302132,2021-07-05,2021-07-12,0.2340087890625,2025-06-16 20:04:23.571672
sz.302132,2021-07-06,2021-07-13,0.15869140625,2025-06-16 20:04:23.571672
sz.302132,2021-07-07,2021-07-14,0.13623046875,2025-06-16 20:04:23.571672
sz.302132,2021-07-08,2021-07-15,0.1685791015625,2025-06-16 20:04:23.571672
sz.302132,2021-07-09,2021-07-16,0.168212890625,2025-06-16 20:04:23.571672
sz.302132,2021-07-12,2021-07-19,0.165283203125,2025-06-16 20:04:23.571672
sz.302132,2021-07-13,2021-07-20,0.1685791015625,2025-06-16 20:04:23.571672
sz.302132,2021-07-14,2021-07-21,0.16650390625,2025-06-16 20:04:23.571672
sz.302132,2021-07-15,2021-07-22,0.1845703125,2025-06-16 20:04:23.571672
sz.302132,2021-07-16,2021-07-23,0.1485595703125,2025-06-16 20:04:23.571672
sz.302132,2021-07-19,2021-07-26,0.130615234375,2025-06-16 20:04:23.571672
sz.302132,2021-07-20,2021-07-27,0.167236328125,2025-06-16 20:04:23.571672
sz.302132,2021-07-21,2021-07-28,0.273193359375,2025-06-16 20:04:23.571672
sz.302132,2021-07-22,2021-07-29,0.1988525390625,2025-06-16 20:04:23.571672
sz.302132,2021-07-23,2021-07-30,0.226806640625,2025-06-16 20:04:23.571672
sz.302132,2021-07-26,2021-08-02,0.193359375,2025-06-16 20:04:23.571672
sz.302132,2021-07-27,2021-08-03,0.1300048828125,2025-06-16 20:04:23.571672
sz.302132,2021-07-28,2021-08-04,0.1392822265625,2025-06-16 20:04:23.571672
sz.302132,2021-07-29,2021-08-05,0.1275634765625,2025-06-16 20:04:23.571672
sz.302132,2021-07-30,2021-08-06,0.2181396484375,2025-06-16 20:04:23.571672
sz.302132,2021-08-02,2021-08-09,0.2091064453125,2025-06-16 20:04:23.571672
sz.302132,2021-08-03,2021-08-10,0.12890625,2025-06-16 20:04:23.571672
sz.302132,2021-08-04,2021-08-11,0.2069091796875,2025-06-16 20:04:23.571672
sz.302132,2021-08-05,2021-08-12,0.11376953125,2025-06-16 20:04:23.571672
sz.302132,2021-08-06,2021-08-13,0.1585693359375,2025-06-16 20:04:23.571672
sz.302132,2021-08-09,2021-08-16,0.09930419921875,2025-06-16 20:04:23.571672
sz.302132,2021-08-10,2021-08-17,0.120361328125,2025-06-16 20:04:23.571672
sz.302132,2021-08-11,2021-08-18,0.1519775390625,2025-06-16 20:04:23.571672
sz.302132,2021-08-12,2021-08-19,0.123779296875,2025-06-16 20:04:23.571672
sz.302132,2021-08-13,2021-08-20,0.14306640625,2025-06-16 20:04:23.571672
sz.302132,2021-08-16,2021-08-23,0.1070556640625,2025-06-16 20:04:23.571672
sz.302132,2021-08-17,2021-08-24,0.12066650390625,2025-06-16 20:04:23.571672
sz.302132,2021-08-18,2021-08-25,0.1348876953125,2025-06-16 20:04:23.571672
sz.302132,2021-08-19,2021-08-26,0.1734619140625,2025-06-16 20:04:23.571672
sz.302132,2021-08-20,2021-08-27,0.1583251953125,2025-06-16 20:04:23.571672
sz.302132,2021-08-23,2021-08-30,0.206787109375,2025-06-16 20:04:23.571672
sz.302132,2021-08-24,2021-08-31,0.2391357421875,2025-06-16 20:04:23.571672
sz.302132,2021-08-25,2021-09-01,0.1519775390625,2025-06-16 20:04:23.571672
sz.302132,2021-08-26,2021-09-02,0.12548828125,2025-06-16 20:04:23.571672
sz.302132,2021-08-27,2021-09-03,0.1534423828125,2025-06-16 20:04:23.571672
sz.302132,2021-08-30,2021-09-06,0.183837890625,2025-06-16 20:04:23.571672
sz.302132,2021-08-31,2021-09-07,0.1729736328125,2025-06-16 20:04:23.571672
sz.302132,2021-09-01,2021-09-08,0.1505126953125,2025-06-16 20:04:23.571672
sz.302132,2021-09-02,2021-09-09,0.242431640625,2025-06-16 20:04:23.571672
sz.302132,2021-09-03,2021-09-10,0.1456298828125,2025-06-16 20:04:23.571672
sz.302132,2021-09-06,2021-09-13,0.1876220703125,2025-06-16 20:04:23.571672
sz.302132,2021-09-07,2021-09-14,0.14599609375,2025-06-16 20:04:23.571672
sz.302132,2021-09-08,2021-09-15,0.1373291015625,2025-06-16 20:04:23.571672
sz.302132,2021-09-09,2021-09-16,0.2232666015625,2025-06-16 20:04:23.571672
sz.302132,2021-09-10,2021-09-17,0.1649169921875,2025-06-16 20:04:23.571672
sz.302132,2021-09-13,2021-09-20,0.144287109375,2025-06-16 20:04:23.571672
sz.302132,2021-09-14,2021-09-21,0.110107421875,2025-06-16 20:04:23.571672
sz.302132,2021-09-15,2021-09-22,0.1285400390625,2025-06-16 20:04:23.571672
sz.302132,2021-09-16,2021-09-23,0.1282958984375,2025-06-16 20:04:23.571672
sz.302132,2021-09-17,2021-09-24,0.1171875,2025-06-16 20:04:23.571672
sz.302132,2021-09-22,2021-09-29,0.1317138671875,2025-06-16 20:04:23.571672
sz.302132,2021-09-23,2021-09-30,0.1201171875,2025-06-16 20:04:23.571672
sz.302132,2021-09-24,2021-10-01,0.1304931640625,2025-06-16 20:04:23.571672
sz.302132,2021-09-27,2021-10-04,0.12286376953125,2025-06-16 20:04:23.571672
sz.302132,2021-09-28,2021-10-05,0.10357666015625,2025-06-16 20:04:23.571672
sz.302132,2021-09-29,2021-10-06,0.12420654296875,2025-06-16 20:04:23.571672
sz.302132,2021-09-30,2021-10-07,0.1488037109375,2025-06-16 20:04:23.571672
sz.302132,2021-10-08,2021-10-15,0.08331298828125,2025-06-16 20:04:23.571672
sz.302132,2021-10-11,2021-10-18,0.0802001953125,2025-06-16 20:04:23.571672
sz.302132,2021-10-12,2021-10-19,0.1287841796875,2025-06-16 20:04:23.571672
sz.302132,2021-10-13,2021-10-20,0.1788330078125,2025-06-16 20:04:23.571672
sz.302132,2021-10-14,2021-10-21,0.1143798828125,2025-06-16 20:04:23.571672
sz.302132,2021-10-15,2021-10-22,0.1334228515625,2025-06-16 20:04:23.571672
sz.302132,2021-10-18,2021-10-25,0.11517333984375,2025-06-16 20:04:23.571672
sz.302132,2021-10-19,2021-10-26,0.13818359375,2025-06-16 20:04:23.571672
sz.302132,2021-10-20,2021-10-27,0.12127685546875,2025-06-16 20:04:23.571672
sz.302132,2021-10-21,2021-10-28,0.1534423828125,2025-06-16 20:04:23.571672
sz.302132,2021-10-22,2021-10-29,0.17529296875,2025-06-16 20:04:23.571672
sz.302132,2021-10-25,2021-11-01,0.10614013671875,2025-06-16 20:04:23.571672
sz.302132,2021-10-26,2021-11-02,0.11517333984375,2025-06-16 20:04:23.571672
sz.302132,2021-10-27,2021-11-03,0.1407470703125,2025-06-16 20:04:23.571672
sz.302132,2021-10-28,2021-11-04,0.298583984375,2025-06-16 20:04:23.571672
sz.302132,2021-10-29,2021-11-05,0.4130859375,2025-06-16 20:04:23.571672
sz.302132,2021-11-01,2021-11-08,0.336669921875,2025-06-16 20:04:23.571672
sz.302132,2021-11-02,2021-11-09,0.1407470703125,2025-06-16 20:04:23.571672
sz.302132,2021-11-03,2021-11-10,0.1380615234375,2025-06-16 20:04:23.571672
sz.302132,2021-11-04,2021-11-11,0.09967041015625,2025-06-16 20:04:23.571672
sz.302132,2021-11-05,2021-11-12,0.10687255859375,2025-06-16 20:04:23.571672
sz.302132,2021-11-08,2021-11-15,0.1331787109375,2025-06-16 20:04:23.571672
sz.302132,2021-11-09,2021-11-16,0.2452392578125,2025-06-16 20:04:23.571672
sz.302132,2021-11-10,2021-11-17,0.146484375,2025-06-16 20:04:23.571672
sz.302132,2021-11-11,2021-11-18,0.11920166015625,2025-06-16 20:04:23.571672
sz.302132,2021-11-12,2021-11-19,0.1524658203125,2025-06-16 20:04:23.571672
sz.302132,2021-11-15,2021-11-22,0.12347412109375,2025-06-16 20:04:23.571672
sz.302132,2021-11-16,2021-11-23,0.1279296875,2025-06-16 20:04:23.571672
sz.302132,2021-11-17,2021-11-24,0.0872802734375,2025-06-16 20:04:23.571672
sz.302132,2021-11-18,2021-11-25,0.0823974609375,2025-06-16 20:04:23.571672
sz.302132,2021-11-19,2021-11-26,0.44189453125,2025-06-16 20:04:23.571672
sz.302132,2021-11-22,2021-11-29,0.1143798828125,2025-06-16 20:04:23.571672
sz.302132,2021-11-23,2021-11-30,0.095703125,2025-06-16 20:04:23.571672
sz.302132,2021-11-24,2021-12-01,0.1348876953125,2025-06-16 20:04:23.571672
sz.302132,2021-11-25,2021-12-02,0.1309814453125,2025-06-16 20:04:23.571672
sz.302132,2021-11-26,2021-12-03,0.127685546875,2025-06-16 20:04:23.571672
sz.302132,2021-11-29,2021-12-06,0.280029296875,2025-06-16 20:04:23.571672
sz.302132,2021-11-30,2021-12-07,0.1317138671875,2025-06-16 20:04:23.571672
sz.302132,2021-12-01,2021-12-08,0.146728515625,2025-06-16 20:04:23.571672
sz.302132,2021-12-02,2021-12-09,0.1455078125,2025-06-16 20:04:23.571672
sz.302132,2021-12-03,2021-12-10,0.32275390625,2025-06-16 20:04:23.571672
sz.302132,2021-12-06,2021-12-13,0.1470947265625,2025-06-16 20:04:23.571672
sz.302132,2021-12-07,2021-12-14,0.130859375,2025-06-16 20:04:23.571672
sz.302132,2021-12-08,2021-12-15,0.1275634765625,2025-06-16 20:04:23.571672
sz.302132,2021-12-09,2021-12-16,0.14453125,2025-06-16 20:04:23.571672
sz.302132,2021-12-10,2021-12-17,0.1556396484375,2025-06-16 20:04:23.571672
sz.302132,2021-12-13,2021-12-20,0.1715087890625,2025-06-16 20:04:23.571672
sz.302132,2021-12-14,2021-12-21,0.13330078125,2025-06-16 20:04:23.571672
sz.302132,2021-12-15,2021-12-22,0.128173828125,2025-06-16 20:04:23.571672
sz.302132,2021-12-16,2021-12-23,0.2197265625,2025-06-16 20:04:23.571672
sz.302132,2021-12-17,2021-12-24,0.1383056640625,2025-06-16 20:04:23.571672
sz.302132,2021-12-20,2021-12-27,0.13232421875,2025-06-16 20:04:23.571672
sz.302132,2021-12-21,2021-12-28,0.147216796875,2025-06-16 20:04:23.571672
sz.302132,2021-12-22,2021-12-29,0.11614990234375,2025-06-16 20:04:23.571672
sz.302132,2021-12-23,2021-12-30,0.120361328125,2025-06-16 20:04:23.571672
sz.302132,2021-12-24,2021-12-31,0.1383056640625,2025-06-16 20:04:23.571672
sz.302132,2021-12-27,2022-01-03,0.13427734375,2025-06-16 20:04:23.571672
sz.302132,2021-12-28,2022-01-04,0.145751953125,2025-06-16 20:04:23.571672
sz.302132,2021-12-29,2022-01-05,0.11297607421875,2025-06-16 20:04:23.571672
sz.302132,2021-12-30,2022-01-06,0.11181640625,2025-06-16 20:04:23.571672
sz.302132,2021-12-31,2022-01-07,0.17138671875,2025-06-16 20:04:23.571672
sz.302132,2022-01-04,2022-01-11,0.14208984375,2025-06-16 20:04:23.571672
sz.302132,2022-01-05,2022-01-12,0.1390380859375,2025-06-16 20:04:23.571672
sz.302132,2022-01-06,2022-01-13,0.12890625,2025-06-16 20:04:23.571672
sz.302132,2022-01-07,2022-01-14,0.1318359375,2025-06-16 20:04:23.571672
sz.302132,2022-01-10,2022-01-17,0.09808349609375,2025-06-16 20:04:23.571672
sz.302132,2022-01-11,2022-01-18,0.14111328125,2025-06-16 20:04:23.571672
sz.302132,2022-01-12,2022-01-19,0.1087646484375,2025-06-16 20:04:23.571672
sz.302132,2022-01-13,2022-01-20,0.142333984375,2025-06-16 20:04:23.571672
sz.302132,2022-01-14,2022-01-21,0.1453857421875,2025-06-16 20:04:23.571672
sz.302132,2022-01-17,2022-01-24,0.077392578125,2025-06-16 20:04:23.571672
sz.302132,2022-01-18,2022-01-25,0.1492919921875,2025-06-16 20:04:23.571672
sz.302132,2022-01-19,2022-01-26,0.1446533203125,2025-06-16 20:04:23.571672
sz.302132,2022-01-20,2022-01-27,0.164794921875,2025-06-16 20:04:23.571672
sz.302132,2022-01-21,2022-01-28,0.159423828125,2025-06-16 20:04:23.571672
sz.302132,2022-01-24,2022-01-31,0.243408203125,2025-06-16 20:04:23.571672
sz.302132,2022-01-25,2022-02-01,0.1539306640625,2025-06-16 20:04:23.571672
sz.302132,2022-01-26,2022-02-02,0.3896484375,2025-06-16 20:04:23.571672
sz.302132,2022-01-27,2022-02-03,0.364990234375,2025-06-16 20:04:23.571672
sz.302132,2022-01-28,2022-02-04,0.260009765625,2025-06-16 20:04:23.571672
sz.302132,2022-02-07,2022-02-14,0.2489013671875,2025-06-16 20:04:23.571672
sz.302132,2022-02-08,2022-02-15,0.299072265625,2025-06-16 20:04:23.571672
sz.302132,2022-02-09,2022-02-16,0.265380859375,2025-06-16 20:04:23.571672
sz.302132,2022-02-10,2022-02-17,0.17822265625,2025-06-16 20:04:23.571672
sz.302132,2022-02-11,2022-02-18,0.196533203125,2025-06-16 20:04:23.571672
sz.302132,2022-02-14,2022-02-21,0.27587890625,2025-06-16 20:04:23.571672
sz.302132,2022-02-15,2022-02-22,0.41015625,2025-06-16 20:04:23.571672
sz.302132,2022-02-16,2022-02-23,0.3193359375,2025-06-16 20:04:23.571672
sz.302132,2022-02-17,2022-02-24,0.253662109375,2025-06-16 20:04:23.571672
sz.302132,2022-02-18,2022-02-25,0.315185546875,2025-06-16 20:04:23.571672
sz.302132,2022-02-21,2022-02-28,0.354248046875,2025-06-16 20:04:23.571672
sz.302132,2022-02-22,2022-03-01,0.2197265625,2025-06-16 20:04:23.571672
sz.302132,2022-02-23,2022-03-02,0.306396484375,2025-06-16 20:04:23.571672
sz.302132,2022-02-24,2022-03-03,0.245849609375,2025-06-16 20:04:23.571672
sz.302132,2022-02-25,2022-03-04,0.3017578125,2025-06-16 20:04:23.571672
sz.302132,2022-02-28,2022-03-07,0.26904296875,2025-06-16 20:04:23.571672
sz.302132,2022-03-01,2022-03-08,0.312255859375,2025-06-16 20:04:23.571672
sz.302132,2022-03-02,2022-03-09,0.302978515625,2025-06-16 20:04:23.571672
sz.302132,2022-03-03,2022-03-10,0.2259521484375,2025-06-16 20:04:23.571672
sz.302132,2022-03-04,2022-03-11,0.17822265625,2025-06-16 20:04:23.571672
sz.302132,2022-03-07,2022-03-14,0.227294921875,2025-06-16 20:04:23.571672
sz.302132,2022-03-08,2022-03-15,0.1541748046875,2025-06-16 20:04:23.571672
sz.302132,2022-03-09,2022-03-16,0.15673828125,2025-06-16 20:04:23.571672
sz.302132,2022-03-10,2022-03-17,0.1444091796875,2025-06-16 20:04:23.571672
sz.302132,2022-03-11,2022-03-18,0.2288818359375,2025-06-16 20:04:23.571672
sz.302132,2022-03-14,2022-03-21,0.12261962890625,2025-06-16 20:04:23.571672
sz.302132,2022-03-15,2022-03-22,0.1365966796875,2025-06-16 20:04:23.571672
sz.302132,2022-03-16,2022-03-23,0.161376953125,2025-06-16 20:04:23.571672
sz.302132,2022-03-17,2022-03-24,0.1492919921875,2025-06-16 20:04:23.571672
sz.302132,2022-03-18,2022-03-25,0.2476806640625,2025-06-16 20:04:23.571672
sz.302132,2022-03-21,2022-03-28,0.3173828125,2025-06-16 20:04:23.571672
sz.302132,2022-03-22,2022-03-29,0.1654052734375,2025-06-16 20:04:23.571672
sz.302132,2022-03-23,2022-03-30,0.1806640625,2025-06-16 20:04:23.571672
sz.302132,2022-03-24,2022-03-31,0.1658935546875,2025-06-16 20:04:23.571672
sz.302132,2022-03-25,2022-04-01,0.1536865234375,2025-06-16 20:04:23.571672
sz.302132,2022-03-28,2022-04-04,0.1466064453125,2025-06-16 20:04:23.571672
sz.302132,2022-03-29,2022-04-05,0.1397705078125,2025-06-16 20:04:23.571672
sz.302132,2022-03-30,2022-04-06,0.35791015625,2025-06-16 20:04:23.571672
sz.302132,2022-03-31,2022-04-07,0.154541015625,2025-06-16 20:04:23.571672
sz.302132,2022-04-01,2022-04-08,0.203125,2025-06-16 20:04:23.571672
sz.302132,2022-04-06,2022-04-13,0.292724609375,2025-06-16 20:04:23.571672
sz.302132,2022-04-07,2022-04-14,0.14697265625,2025-06-16 20:04:23.571672
sz.302132,2022-04-08,2022-04-15,0.1588134765625,2025-06-16 20:04:23.571672
sz.302132,2022-04-11,2022-04-18,0.14794921875,2025-06-16 20:04:23.571672
sz.302132,2022-04-12,2022-04-19,0.2269287109375,2025-06-16 20:04:23.571672
sz.302132,2022-04-13,2022-04-20,0.1634521484375,2025-06-16 20:04:23.571672
sz.302132,2022-04-14,2022-04-21,0.2161865234375,2025-06-16 20:04:23.571672
sz.302132,2022-04-15,2022-04-22,0.293212890625,2025-06-16 20:04:23.571672
sz.302132,2022-04-18,2022-04-25,0.2462158203125,2025-06-16 20:04:23.571672
sz.302132,2022-04-19,2022-04-26,0.353515625,2025-06-16 20:04:23.571672
sz.302132,2022-04-20,2022-04-27,0.15478515625,2025-06-16 20:04:23.571672
sz.302132,2022-04-21,2022-04-28,0.137939453125,2025-06-16 20:04:23.571672
sz.302132,2022-04-22,2022-04-29,0.13525390625,2025-06-16 20:04:23.571672
sz.302132,2022-04-25,2022-05-02,0.13330078125,2025-06-16 20:04:23.571672
sz.302132,2022-04-26,2022-05-03,0.1302490234375,2025-06-16 20:04:23.571672
sz.302132,2022-04-27,2022-05-04,0.1561279296875,2025-06-16 20:04:23.571672
sz.302132,2022-04-28,2022-05-05,0.1783447265625,2025-06-16 20:04:23.571672
sz.302132,2022-04-29,2022-05-06,0.48291015625,2025-06-16 20:04:23.571672
sz.302132,2022-05-05,2022-05-12,0.33984375,2025-06-16 20:04:23.571672
sz.302132,2022-05-06,2022-05-13,0.38330078125,2025-06-16 20:04:23.571672
sz.302132,2022-05-09,2022-05-16,0.4384765625,2025-06-16 20:04:23.571672
sz.302132,2022-05-10,2022-05-17,0.48779296875,2025-06-16 20:04:23.571672
sz.302132,2022-05-11,2022-05-18,0.360595703125,2025-06-16 20:04:23.571672
sz.302132,2022-05-12,2022-05-19,0.385498046875,2025-06-16 20:04:23.571672
sz.302132,2022-05-13,2022-05-20,0.4560546875,2025-06-16 20:04:23.571672
sz.302132,2022-05-16,2022-05-23,0.332275390625,2025-06-16 20:04:23.571672
sz.302132,2022-05-17,2022-05-24,0.138916015625,2025-06-16 20:04:23.571672
sz.302132,2022-05-18,2022-05-25,0.1759033203125,2025-06-16 20:04:23.571672
sz.302132,2022-05-19,2022-05-26,0.41748046875,2025-06-16 20:04:23.571672
sz.302132,2022-05-20,2022-05-27,0.193603515625,2025-06-16 20:04:23.571672
sz.302132,2022-05-23,2022-05-30,0.2318115234375,2025-06-16 20:04:23.571672
sz.302132,2022-05-24,2022-05-31,0.14013671875,2025-06-16 20:04:23.571672
sz.302132,2022-05-25,2022-06-01,0.37646484375,2025-06-16 20:04:23.571672
sz.302132,2022-05-26,2022-06-02,0.092041015625,2025-06-16 20:04:23.571672
sz.302132,2022-05-27,2022-06-03,0.135009765625,2025-06-16 20:04:23.571672
sz.302132,2022-05-30,2022-06-06,0.14111328125,2025-06-16 20:04:23.571672
sz.302132,2022-05-31,2022-06-07,0.152587890625,2025-06-16 20:04:23.571672
sz.302132,2022-06-01,2022-06-08,0.0987548828125,2025-06-16 20:04:23.571672
sz.302132,2022-06-02,2022-06-09,0.1177978515625,2025-06-16 20:04:23.571672
sz.302132,2022-06-06,2022-06-13,0.11083984375,2025-06-16 20:04:23.571672
sz.302132,2022-06-07,2022-06-14,0.139404296875,2025-06-16 20:04:23.571672
sz.302132,2022-06-08,2022-06-15,0.13427734375,2025-06-16 20:04:23.571672
sz.302132,2022-06-09,2022-06-16,0.140869140625,2025-06-16 20:04:23.571672
sz.302132,2022-06-10,2022-06-17,0.17333984375,2025-06-16 20:04:23.571672
sz.302132,2022-06-13,2022-06-20,0.11737060546875,2025-06-16 20:04:23.571672
sz.302132,2022-06-14,2022-06-21,0.1312255859375,2025-06-16 20:04:23.571672
sz.302132,2022-06-15,2022-06-22,0.09844970703125,2025-06-16 20:04:23.571672
sz.302132,2022-06-16,2022-06-23,0.14306640625,2025-06-16 20:04:23.571672
sz.302132,2022-06-17,2022-06-24,0.1494140625,2025-06-16 20:04:23.571672
sz.302132,2022-06-20,2022-06-27,0.1544189453125,2025-06-16 20:04:23.571672
sz.302132,2022-06-21,2022-06-28,0.138916015625,2025-06-16 20:04:23.571672
sz.302132,2022-06-22,2022-06-29,0.1171875,2025-06-16 20:04:23.571672
sz.302132,2022-06-23,2022-06-30,0.42919921875,2025-06-16 20:04:23.571672
sz.302132,2022-06-24,2022-07-01,0.07684326171875,2025-06-16 20:04:23.571672
sz.302132,2022-06-27,2022-07-04,0.1357421875,2025-06-16 20:04:23.571672
sz.302132,2022-06-28,2022-07-05,0.407958984375,2025-06-16 20:04:23.571672
sz.302132,2022-06-29,2022-07-06,0.126953125,2025-06-16 20:04:23.571672
sz.302132,2022-06-30,2022-07-07,0.1572265625,2025-06-16 20:04:23.571672
sz.302132,2022-07-01,2022-07-08,0.11737060546875,2025-06-16 20:04:23.571672
sz.302132,2022-07-04,2022-07-11,0.1270751953125,2025-06-16 20:04:23.571672
sz.302132,2022-07-05,2022-07-12,0.1385498046875,2025-06-16 20:04:23.571672
sz.302132,2022-07-06,2022-07-13,0.1322021484375,2025-06-16 20:04:23.571672
sz.302132,2022-07-07,2022-07-14,0.1326904296875,2025-06-16 20:04:23.571672
sz.302132,2022-07-08,2022-07-15,0.077392578125,2025-06-16 20:04:23.571672
sz.302132,2022-07-11,2022-07-18,0.1334228515625,2025-06-16 20:04:23.571672
sz.302132,2022-07-12,2022-07-19,0.138427734375,2025-06-16 20:04:23.571672
sz.302132,2022-07-13,2022-07-20,0.1407470703125,2025-06-16 20:04:23.571672
sz.302132,2022-07-14,2022-07-21,0.0953369140625,2025-06-16 20:04:23.571672
sz.302132,2022-07-15,2022-07-22,0.1435546875,2025-06-16 20:04:23.571672
sz.302132,2022-07-18,2022-07-25,0.3740234375,2025-06-16 20:04:23.571672
sz.302132,2022-07-19,2022-07-26,0.1585693359375,2025-06-16 20:04:23.571672
sz.302132,2022-07-20,2022-07-27,0.1033935546875,2025-06-16 20:04:23.571672
sz.302132,2022-07-21,2022-07-28,0.1444091796875,2025-06-16 20:04:23.571672
sz.302132,2022-07-22,2022-07-29,0.1336669921875,2025-06-16 20:04:23.571672
sz.302132,2022-07-25,2022-08-01,0.138427734375,2025-06-16 20:04:23.571672
sz.302132,2022-07-26,2022-08-02,0.1446533203125,2025-06-16 20:04:23.571672
sz.302132,2022-07-27,2022-08-03,0.097412109375,2025-06-16 20:04:23.571672
sz.302132,2022-07-28,2022-08-04,0.08270263671875,2025-06-16 20:04:23.571672
sz.302132,2022-07-29,2022-08-05,0.15185546875,2025-06-16 20:04:23.571672
sz.302132,2022-08-01,2022-08-08,0.12890625,2025-06-16 20:04:23.571672
sz.302132,2022-08-02,2022-08-09,0.128662109375,2025-06-16 20:04:23.571672
sz.302132,2022-08-03,2022-08-10,0.0743408203125,2025-06-16 20:04:23.571672
sz.302132,2022-08-04,2022-08-11,0.1412353515625,2025-06-16 20:04:23.571672
sz.302132,2022-08-05,2022-08-12,0.1368408203125,2025-06-16 20:04:23.571672
sz.302132,2022-08-08,2022-08-15,0.1806640625,2025-06-16 20:04:23.571672
sz.302132,2022-08-09,2022-08-16,0.2286376953125,2025-06-16 20:04:23.571672
sz.302132,2022-08-10,2022-08-17,0.172607421875,2025-06-16 20:04:23.571672
sz.302132,2022-08-11,2022-08-18,0.187255859375,2025-06-16 20:04:23.571672
sz.302132,2022-08-12,2022-08-19,0.1502685546875,2025-06-16 20:04:23.571672
sz.302132,2022-08-15,2022-08-22,0.215576171875,2025-06-16 20:04:23.571672
sz.302132,2022-08-16,2022-08-23,0.169921875,2025-06-16 20:04:23.571672
sz.302132,2022-08-17,2022-08-24,0.1661376953125,2025-06-16 20:04:23.571672
sz.302132,2022-08-18,2022-08-25,0.201171875,2025-06-16 20:04:23.571672
sz.302132,2022-08-19,2022-08-26,0.141357421875,2025-06-16 20:04:23.571672
sz.302132,2022-08-22,2022-08-29,0.15185546875,2025-06-16 20:04:23.571672
sz.302132,2022-08-23,2022-08-30,0.254150390625,2025-06-16 20:04:23.571672
sz.302132,2022-08-24,2022-08-31,0.1949462890625,2025-06-16 20:04:23.571672
sz.302132,2022-08-25,2022-09-01,0.23095703125,2025-06-16 20:04:23.571672
sz.302132,2022-08-26,2022-09-02,0.2469482421875,2025-06-16 20:04:23.571672
sz.302132,2022-08-29,2022-09-05,0.30078125,2025-06-16 20:04:23.571672
sz.302132,2022-08-30,2022-09-06,0.297119140625,2025-06-16 20:04:23.571672
sz.302132,2022-08-31,2022-09-07,0.2437744140625,2025-06-16 20:04:23.571672
sz.302132,2022-09-01,2022-09-08,0.28076171875,2025-06-16 20:04:23.571672
sz.302132,2022-09-02,2022-09-09,0.323974609375,2025-06-16 20:04:23.571672
sz.302132,2022-09-05,2022-09-12,0.30078125,2025-06-16 20:04:23.571672
sz.302132,2022-09-06,2022-09-13,0.33056640625,2025-06-16 20:04:23.571672
sz.302132,2022-09-07,2022-09-14,0.33349609375,2025-06-16 20:04:23.571672
sz.302132,2022-09-08,2022-09-15,0.31494140625,2025-06-16 20:04:23.571672
sz.302132,2022-09-09,2022-09-16,0.31787109375,2025-06-16 20:04:23.571672
sz.302132,2022-09-13,2022-09-20,0.329345703125,2025-06-16 20:04:23.571672
sz.302132,2022-09-14,2022-09-21,0.32470703125,2025-06-16 20:04:23.571672
sz.302132,2022-09-15,2022-09-22,0.2374267578125,2025-06-16 20:04:23.571672
sz.302132,2022-09-16,2022-09-23,0.23828125,2025-06-16 20:04:23.571672
sz.302132,2022-09-19,2022-09-26,0.26220703125,2025-06-16 20:04:23.571672
sz.302132,2022-09-20,2022-09-27,0.33349609375,2025-06-16 20:04:23.571672
sz.302132,2022-09-21,2022-09-28,0.3125,2025-06-16 20:04:23.571672
sz.302132,2022-09-22,2022-09-29,0.32177734375,2025-06-16 20:04:23.571672
sz.302132,2022-09-23,2022-09-30,0.2509765625,2025-06-16 20:04:23.571672
sz.302132,2022-09-26,2022-10-03,0.26904296875,2025-06-16 20:04:23.571672
sz.302132,2022-09-27,2022-10-04,0.3671875,2025-06-16 20:04:23.571672
sz.302132,2022-09-28,2022-10-05,0.2578125,2025-06-16 20:04:23.571672
sz.302132,2022-09-29,2022-10-06,0.3056640625,2025-06-16 20:04:23.571672
sz.302132,2022-09-30,2022-10-07,0.288330078125,2025-06-16 20:04:23.571672
sz.302132,2022-10-10,2022-10-17,0.275390625,2025-06-16 20:04:23.571672
sz.302132,2022-10-11,2022-10-18,0.3515625,2025-06-16 20:04:23.571672
sz.302132,2022-10-12,2022-10-19,0.352294921875,2025-06-16 20:04:23.571672
sz.302132,2022-10-13,2022-10-20,0.353759765625,2025-06-16 20:04:23.571672
sz.302132,2022-10-14,2022-10-21,0.37353515625,2025-06-16 20:04:23.571672
sz.302132,2022-10-17,2022-10-24,0.36865234375,2025-06-16 20:04:23.571672
sz.302132,2022-10-18,2022-10-25,0.331298828125,2025-06-16 20:04:23.571672
sz.302132,2022-10-19,2022-10-26,0.3447265625,2025-06-16 20:04:23.571672
sz.302132,2022-10-20,2022-10-27,0.335693359375,2025-06-16 20:04:23.571672
sz.302132,2022-10-21,2022-10-28,0.353515625,2025-06-16 20:04:23.571672
sz.302132,2022-10-24,2022-10-31,0.299072265625,2025-06-16 20:04:23.571672
sz.302132,2022-10-25,2022-11-01,0.356689453125,2025-06-16 20:04:23.571672
sz.302132,2022-10-26,2022-11-02,0.308837890625,2025-06-16 20:04:23.571672
sz.302132,2022-10-27,2022-11-03,0.326904296875,2025-06-16 20:04:23.571672
sz.302132,2022-10-28,2022-11-04,0.286376953125,2025-06-16 20:04:23.571672
sz.302132,2022-10-31,2022-11-07,0.3525390625,2025-06-16 20:04:23.571672
sz.302132,2022-11-01,2022-11-08,0.350830078125,2025-06-16 20:04:23.571672
sz.302132,2022-11-02,2022-11-09,0.34716796875,2025-06-16 20:04:23.571672
sz.302132,2022-11-03,2022-11-10,0.3837890625,2025-06-16 20:04:23.571672
sz.302132,2022-11-04,2022-11-11,0.369140625,2025-06-16 20:04:23.571672
sz.302132,2022-11-07,2022-11-14,0.3251953125,2025-06-16 20:04:23.571672
sz.302132,2022-11-08,2022-11-15,0.395263671875,2025-06-16 20:04:23.571672
sz.302132,2022-11-09,2022-11-16,0.32421875,2025-06-16 20:04:23.571672
sz.302132,2022-11-10,2022-11-17,0.326171875,2025-06-16 20:04:23.571672
sz.302132,2022-11-11,2022-11-18,0.313720703125,2025-06-16 20:04:23.571672
sz.302132,2022-11-14,2022-11-21,0.32666015625,2025-06-16 20:04:23.571672
sz.302132,2022-11-15,2022-11-22,0.380126953125,2025-06-16 20:04:23.571672
sz.302132,2022-11-16,2022-11-23,0.34423828125,2025-06-16 20:04:23.571672
sz.302132,2022-11-17,2022-11-24,0.38330078125,2025-06-16 20:04:23.571672
sz.302132,2022-11-18,2022-11-25,0.27001953125,2025-06-16 20:04:23.571672
sz.302132,2022-11-21,2022-11-28,0.3349609375,2025-06-16 20:04:23.571672
sz.302132,2022-11-22,2022-11-29,0.284423828125,2025-06-16 20:04:23.571672
sz.302132,2022-11-23,2022-11-30,0.34375,2025-06-16 20:04:23.571672
sz.302132,2022-11-24,2022-12-01,0.2115478515625,2025-06-16 20:04:23.571672
sz.302132,2022-11-25,2022-12-02,0.273681640625,2025-06-16 20:04:23.571672
sz.302132,2022-11-28,2022-12-05,0.323486328125,2025-06-16 20:04:23.571672
sz.302132,2022-11-29,2022-12-06,0.353515625,2025-06-16 20:04:23.571672
sz.302132,2022-11-30,2022-12-07,0.367431640625,2025-06-16 20:04:23.571672
sz.302132,2022-12-01,2022-12-08,0.3701171875,2025-06-16 20:04:23.571672
sz.302132,2022-12-02,2022-12-09,0.32275390625,2025-06-16 20:04:23.571672
sz.302132,2022-12-05,2022-12-12,0.360595703125,2025-06-16 20:04:23.571672
sz.302132,2022-12-06,2022-12-13,0.358154296875,2025-06-16 20:04:23.571672
sz.302132,2022-12-07,2022-12-14,0.330322265625,2025-06-16 20:04:23.571672
sz.302132,2022-12-08,2022-12-15,0.2919921875,2025-06-16 20:04:23.571672
sz.302132,2022-12-09,2022-12-16,0.37353515625,2025-06-16 20:04:23.571672
sz.302132,2022-12-12,2022-12-19,0.30126953125,2025-06-16 20:04:23.571672
sz.302132,2022-12-13,2022-12-20,0.288818359375,2025-06-16 20:04:23.571672
sz.302132,2022-12-14,2022-12-21,0.276123046875,2025-06-16 20:04:23.571672
sz.302132,2022-12-15,2022-12-22,0.32275390625,2025-06-16 20:04:23.571672
sz.302132,2022-12-16,2022-12-23,0.277587890625,2025-06-16 20:04:23.571672
sz.302132,2022-12-19,2022-12-26,0.2705078125,2025-06-16 20:04:23.571672
sz.302132,2022-12-20,2022-12-27,0.34814453125,2025-06-16 20:04:23.571672
sz.302132,2022-12-21,2022-12-28,0.254150390625,2025-06-16 20:04:23.571672
sz.302132,2022-12-22,2022-12-29,0.30322265625,2025-06-16 20:04:23.571672
sz.302132,2022-12-23,2022-12-30,0.339111328125,2025-06-16 20:04:23.571672
sz.302132,2022-12-26,2023-01-02,0.381103515625,2025-06-16 20:04:23.571672
sz.302132,2022-12-27,2023-01-03,0.341796875,2025-06-16 20:04:23.571672
sz.302132,2022-12-28,2023-01-04,0.3291015625,2025-06-16 20:04:23.571672
sz.302132,2022-12-29,2023-01-05,0.34423828125,2025-06-16 20:04:23.571672
sz.302132,2022-12-30,2023-01-06,0.30078125,2025-06-16 20:04:23.571672
sz.302132,2023-01-03,2023-01-10,0.368896484375,2025-06-16 20:04:23.571672
sz.302132,2023-01-04,2023-01-11,0.35302734375,2025-06-16 20:04:23.571672
sz.302132,2023-01-05,2023-01-12,0.38525390625,2025-06-16 20:04:23.571672
sz.302132,2023-01-06,2023-01-13,0.335693359375,2025-06-16 20:04:23.571672
sz.302132,2023-01-09,2023-01-16,0.31494140625,2025-06-16 20:04:23.571672
sz.302132,2023-01-10,2023-01-17,0.32177734375,2025-06-16 20:04:23.571672
sz.302132,2023-01-11,2023-01-18,0.32861328125,2025-06-16 20:04:23.571672
sz.302132,2023-02-02,2023-02-09,0.400634765625,2025-06-16 20:04:23.571672
sz.302132,2023-02-03,2023-02-10,0.409423828125,2025-06-16 20:04:23.571672
sz.302132,2023-02-06,2023-02-13,0.4228515625,2025-06-16 20:04:23.571672
sz.302132,2023-02-07,2023-02-14,0.449951171875,2025-06-16 20:04:23.571672
sz.302132,2023-02-08,2023-02-15,0.4580078125,2025-06-16 20:04:23.571672
sz.302132,2023-02-09,2023-02-16,0.447998046875,2025-06-16 20:04:23.571672
sz.302132,2023-02-10,2023-02-17,0.425048828125,2025-06-16 20:04:23.571672
sz.302132,2023-02-13,2023-02-20,0.40185546875,2025-06-16 20:04:23.571672
sz.302132,2023-02-14,2023-02-21,0.2255859375,2025-06-16 20:04:23.571672
sz.302132,2023-02-15,2023-02-22,0.25634765625,2025-06-16 20:04:23.571672
sz.302132,2023-02-16,2023-02-23,0.216552734375,2025-06-16 20:04:23.571672
sz.302132,2023-02-17,2023-02-24,0.305419921875,2025-06-16 20:04:23.571672
sz.302132,2023-02-20,2023-02-27,0.283447265625,2025-06-16 20:04:23.571672
sz.302132,2023-02-21,2023-02-28,0.30908203125,2025-06-16 20:04:23.571672
sz.302132,2023-02-22,2023-03-01,0.3076171875,2025-06-16 20:04:23.571672
sz.302132,2023-02-23,2023-03-02,0.20556640625,2025-06-16 20:04:23.571672
sz.302132,2023-02-24,2023-03-03,0.29150390625,2025-06-16 20:04:23.571672
sz.302132,2023-02-27,2023-03-06,0.255615234375,2025-06-16 20:04:23.571672
sz.302132,2023-02-28,2023-03-07,0.3173828125,2025-06-16 20:04:23.571672
sz.302132,2023-03-01,2023-03-08,0.2587890625,2025-06-16 20:04:23.571672
sz.302132,2023-03-02,2023-03-09,0.33203125,2025-06-16 20:04:23.571672
sz.302132,2023-03-03,2023-03-10,0.283935546875,2025-06-16 20:04:23.571672
sz.302132,2023-03-06,2023-03-13,0.25146484375,2025-06-16 20:04:23.571672
sz.302132,2023-03-07,2023-03-14,0.280029296875,2025-06-16 20:04:23.571672
sz.302132,2023-03-08,2023-03-15,0.30126953125,2025-06-16 20:04:23.571672
sz.302132,2023-03-09,2023-03-16,0.326171875,2025-06-16 20:04:23.571672
sz.302132,2023-03-10,2023-03-17,0.15478515625,2025-06-16 20:04:23.571672
sz.302132,2023-03-13,2023-03-20,0.28173828125,2025-06-16 20:04:23.571672
sz.302132,2023-03-14,2023-03-21,0.2734375,2025-06-16 20:04:23.571672
sz.302132,2023-03-15,2023-03-22,0.34375,2025-06-16 20:04:23.571672
sz.302132,2023-03-16,2023-03-23,0.239501953125,2025-06-16 20:04:23.571672
sz.302132,2023-03-17,2023-03-24,0.314697265625,2025-06-16 20:04:23.571672
sz.302132,2023-03-20,2023-03-27,0.334716796875,2025-06-16 20:04:23.571672
sz.302132,2023-03-21,2023-03-28,0.0830078125,2025-06-16 20:04:23.571672
sz.302132,2023-03-22,2023-03-29,0.1309814453125,2025-06-16 20:04:23.571672
sz.302132,2023-03-23,2023-03-30,0.12451171875,2025-06-16 20:04:23.571672
sz.302132,2023-03-24,2023-03-31,0.19189453125,2025-06-16 20:04:23.571672
sz.302132,2023-03-27,2023-04-03,0.2076416015625,2025-06-16 20:04:23.571672
sz.302132,2023-03-28,2023-04-04,0.1209716796875,2025-06-16 20:04:23.571672
sz.302132,2023-03-29,2023-04-05,0.1441650390625,2025-06-16 20:04:23.571672
sz.302132,2023-03-30,2023-04-06,0.1329345703125,2025-06-16 20:04:23.571672
sz.302132,2023-03-31,2023-04-07,0.14306640625,2025-06-16 20:04:23.571672
sz.302132,2023-04-03,2023-04-10,0.134033203125,2025-06-16 20:04:23.571672
sz.302132,2023-04-04,2023-04-11,0.1470947265625,2025-06-16 20:04:23.571672
sz.302132,2023-04-06,2023-04-13,0.1201171875,2025-06-16 20:04:23.571672
sz.302132,2023-04-07,2023-04-14,0.138916015625,2025-06-16 20:04:23.571672
sz.302132,2023-04-10,2023-04-17,0.09930419921875,2025-06-16 20:04:23.571672
sz.302132,2023-04-11,2023-04-18,0.144775390625,2025-06-16 20:04:23.571672
sz.302132,2023-04-12,2023-04-19,0.1441650390625,2025-06-16 20:04:23.571672
sz.302132,2023-04-13,2023-04-20,0.0953369140625,2025-06-16 20:04:23.571672
sz.302132,2023-04-14,2023-04-21,0.11083984375,2025-06-16 20:04:23.571672
sz.302132,2023-04-17,2023-04-24,0.09234619140625,2025-06-16 20:04:23.571672
sz.302132,2023-04-18,2023-04-25,0.1614990234375,2025-06-16 20:04:23.571672
sz.302132,2023-04-19,2023-04-26,0.13134765625,2025-06-16 20:04:23.571672
sz.302132,2023-04-20,2023-04-27,0.1248779296875,2025-06-16 20:04:23.571672
sz.302132,2023-04-21,2023-04-28,0.0723876953125,2025-06-16 20:04:23.571672
sz.302132,2023-04-24,2023-05-01,0.1224365234375,2025-06-16 20:04:23.571672
sz.302132,2023-04-25,2023-05-02,0.11358642578125,2025-06-16 20:04:23.571672
sz.302132,2023-04-26,2023-05-03,0.1468505859375,2025-06-16 20:04:23.571672
sz.302132,2023-04-27,2023-05-04,0.12646484375,2025-06-16 20:04:23.571672
sz.302132,2023-04-28,2023-05-05,0.11578369140625,2025-06-16 20:04:23.571672
sz.302132,2023-05-04,2023-05-11,0.1307373046875,2025-06-16 20:04:23.571672
sz.302132,2023-05-05,2023-05-12,0.07574462890625,2025-06-16 20:04:23.571672
sz.302132,2023-05-08,2023-05-15,0.09503173828125,2025-06-16 20:04:23.571672
sz.302132,2023-05-09,2023-05-16,0.09173583984375,2025-06-16 20:04:23.571672
sz.302132,2023-05-10,2023-05-17,0.136962890625,2025-06-16 20:04:23.571672
sz.302132,2023-05-11,2023-05-18,0.105224609375,2025-06-16 20:04:23.571672
sz.302132,2023-05-12,2023-05-19,0.1187744140625,2025-06-16 20:04:23.571672
sz.302132,2023-05-15,2023-05-22,0.1171875,2025-06-16 20:04:23.571672
sz.302132,2023-05-16,2023-05-23,0.12347412109375,2025-06-16 20:04:23.571672
sz.302132,2023-05-17,2023-05-24,0.09088134765625,2025-06-16 20:04:23.571672
sz.302132,2023-05-18,2023-05-25,0.0982666015625,2025-06-16 20:04:23.571672
sz.302132,2023-05-19,2023-05-26,0.10797119140625,2025-06-16 20:04:23.571672
sz.302132,2023-05-22,2023-05-29,0.1256103515625,2025-06-16 20:04:23.571672
sz.302132,2023-05-23,2023-05-30,0.1114501953125,2025-06-16 20:04:23.571672
sz.302132,2023-05-24,2023-05-31,0.132080078125,2025-06-16 20:04:23.571672
sz.302132,2023-05-25,2023-06-01,0.08477783203125,2025-06-16 20:04:23.571672
sz.302132,2023-05-26,2023-06-02,0.08868408203125,2025-06-16 20:04:23.571672
sz.302132,2023-05-29,2023-06-05,0.1317138671875,2025-06-16 20:04:23.571672
sz.302132,2023-05-30,2023-06-06,0.11676025390625,2025-06-16 20:04:23.571672
sz.302132,2023-05-31,2023-06-07,0.1358642578125,2025-06-16 20:04:23.571672
sz.302132,2023-06-01,2023-06-08,0.106689453125,2025-06-16 20:04:23.571672
sz.302132,2023-06-02,2023-06-09,0.07586669921875,2025-06-16 20:04:23.571672
sz.302132,2023-06-05,2023-06-12,0.12841796875,2025-06-16 20:04:23.571672
sz.302132,2023-06-06,2023-06-13,0.11260986328125,2025-06-16 20:04:23.571672
sz.302132,2023-06-07,2023-06-14,0.1104736328125,2025-06-16 20:04:23.571672
sz.302132,2023-06-08,2023-06-15,0.0889892578125,2025-06-16 20:04:23.571672
sz.302132,2023-06-09,2023-06-16,0.07861328125,2025-06-16 20:04:23.571672
sz.302132,2023-06-12,2023-06-19,0.126953125,2025-06-16 20:04:23.571672
sz.302132,2023-06-13,2023-06-20,0.091064453125,2025-06-16 20:04:23.571672
sz.302132,2023-06-14,2023-06-21,0.1265869140625,2025-06-16 20:04:23.571672
sz.302132,2023-06-15,2023-06-22,0.135009765625,2025-06-16 20:04:23.571672
sz.302132,2023-06-16,2023-06-23,0.07342529296875,2025-06-16 20:04:23.571672
sz.302132,2023-06-19,2023-06-26,0.10992431640625,2025-06-16 20:04:23.571672
sz.302132,2023-06-20,2023-06-27,0.081787109375,2025-06-16 20:04:23.571672
sz.302132,2023-06-21,2023-06-28,0.12115478515625,2025-06-16 20:04:23.571672
sz.302132,2023-06-26,2023-07-03,0.08154296875,2025-06-16 20:04:23.571672
sz.302132,2023-06-27,2023-07-04,0.106689453125,2025-06-16 20:04:23.571672
sz.302132,2023-06-28,2023-07-05,0.11614990234375,2025-06-16 20:04:23.571672
sz.302132,2023-06-29,2023-07-06,0.1041259765625,2025-06-16 20:04:23.571672
sz.302132,2023-06-30,2023-07-07,0.08282470703125,2025-06-16 20:04:23.571672
sz.302132,2023-07-03,2023-07-10,0.09637451171875,2025-06-16 20:04:23.571672
sz.302132,2023-07-04,2023-07-11,0.17041015625,2025-06-16 20:04:23.571672
sz.302132,2023-07-05,2023-07-12,0.1177978515625,2025-06-16 20:04:23.571672
sz.302132,2023-07-06,2023-07-13,0.12890625,2025-06-16 20:04:23.571672
sz.302132,2023-07-07,2023-07-14,0.1304931640625,2025-06-16 20:04:23.571672
sz.302132,2023-07-10,2023-07-17,0.12408447265625,2025-06-16 20:04:23.571672
sz.302132,2023-07-11,2023-07-18,0.271728515625,2025-06-16 20:04:23.571672
sz.302132,2023-07-12,2023-07-19,0.12548828125,2025-06-16 20:04:23.571672
sz.302132,2023-07-13,2023-07-20,0.08660888671875,2025-06-16 20:04:23.571672
sz.302132,2023-07-14,2023-07-21,0.1263427734375,2025-06-16 20:04:23.571672
sz.302132,2023-07-17,2023-07-24,0.1251220703125,2025-06-16 20:04:23.571672
sz.302132,2023-07-18,2023-07-25,0.07489013671875,2025-06-16 20:04:23.571672
sz.302132,2023-07-19,2023-07-26,0.12274169921875,2025-06-16 20:04:23.571672
sz.302132,2023-07-20,2023-07-27,0.12890625,2025-06-16 20:04:23.571672
sz.302132,2023-07-21,2023-07-28,0.0706787109375,2025-06-16 20:04:23.571672
sz.302132,2023-07-24,2023-07-31,0.10504150390625,2025-06-16 20:04:23.571672
sz.302132,2023-07-25,2023-08-01,0.08660888671875,2025-06-16 20:04:23.571672
sz.302132,2023-07-26,2023-08-02,0.0810546875,2025-06-16 20:04:23.571672
sz.302132,2023-07-27,2023-08-03,0.275390625,2025-06-16 20:04:23.571672
sz.302132,2023-07-28,2023-08-04,0.140625,2025-06-16 20:04:23.571672
sz.302132,2023-07-31,2023-08-07,0.173828125,2025-06-16 20:04:23.571672
sz.302132,2023-08-01,2023-08-08,0.138671875,2025-06-16 20:04:23.571672
sz.302132,2023-08-02,2023-08-09,0.138671875,2025-06-16 20:04:23.571672
sz.302132,2023-08-03,2023-08-10,0.12249755859375,2025-06-16 20:04:23.571672
sz.302132,2023-08-04,2023-08-11,0.11181640625,2025-06-16 20:04:23.571672
sz.302132,2023-08-07,2023-08-14,0.1190185546875,2025-06-16 20:04:23.571672
sz.302132,2023-08-08,2023-08-15,0.13134765625,2025-06-16 20:04:23.571672
sz.302132,2023-08-09,2023-08-16,0.10931396484375,2025-06-16 20:04:23.571672
sz.302132,2023-08-10,2023-08-17,0.1304931640625,2025-06-16 20:04:23.571672
sz.302132,2023-08-11,2023-08-18,0.12188720703125,2025-06-16 20:04:23.571672
sz.302132,2023-08-14,2023-08-21,0.12103271484375,2025-06-16 20:04:23.571672
sz.302132,2023-08-15,2023-08-22,0.1318359375,2025-06-16 20:04:23.571672
sz.302132,2023-08-16,2023-08-23,0.1329345703125,2025-06-16 20:04:23.571672
sz.302132,2023-08-17,2023-08-24,0.230224609375,2025-06-16 20:04:23.571672
sz.302132,2023-08-18,2023-08-25,0.118408203125,2025-06-16 20:04:23.571672
sz.302132,2023-08-21,2023-08-28,0.1131591796875,2025-06-16 20:04:23.571672
sz.302132,2023-08-22,2023-08-29,0.08538818359375,2025-06-16 20:04:23.571672
sz.302132,2023-08-23,2023-08-30,0.135009765625,2025-06-16 20:04:23.571672
sz.302132,2023-08-24,2023-08-31,0.2022705078125,2025-06-16 20:04:23.571672
sz.302132,2023-08-25,2023-09-01,0.31591796875,2025-06-16 20:04:23.571672
sz.302132,2023-08-28,2023-09-04,0.192138671875,2025-06-16 20:04:23.571672
sz.302132,2023-08-29,2023-09-05,0.2113037109375,2025-06-16 20:04:23.571672
sz.302132,2023-08-30,2023-09-06,0.340576171875,2025-06-16 20:04:23.571672
sz.302132,2023-08-31,2023-09-07,0.272216796875,2025-06-16 20:04:23.571672
sz.302132,2023-09-01,2023-09-08,0.2237548828125,2025-06-16 20:04:23.571672
sz.302132,2023-09-04,2023-09-11,0.353759765625,2025-06-16 20:04:23.571672
sz.302132,2023-09-05,2023-09-12,0.251953125,2025-06-16 20:04:23.571672
sz.302132,2023-09-06,2023-09-13,0.2705078125,2025-06-16 20:04:23.571672
sz.302132,2023-09-07,2023-09-14,0.1558837890625,2025-06-16 20:04:23.571672
sz.302132,2023-09-08,2023-09-15,0.2314453125,2025-06-16 20:04:23.571672
sz.302132,2023-09-11,2023-09-18,0.228515625,2025-06-16 20:04:23.571672
sz.302132,2023-09-12,2023-09-19,0.203369140625,2025-06-16 20:04:23.571672
sz.302132,2023-09-13,2023-09-20,0.242919921875,2025-06-16 20:04:23.571672
sz.302132,2023-09-14,2023-09-21,0.35546875,2025-06-16 20:04:23.571672
sz.302132,2023-09-15,2023-09-22,0.37451171875,2025-06-16 20:04:23.571672
sz.302132,2023-09-18,2023-09-25,0.414306640625,2025-06-16 20:04:23.571672
sz.302132,2023-09-19,2023-09-26,0.25830078125,2025-06-16 20:04:23.571672
sz.302132,2023-09-20,2023-09-27,0.454345703125,2025-06-16 20:04:23.571672
sz.302132,2023-09-21,2023-09-28,0.43310546875,2025-06-16 20:04:23.571672
sz.302132,2023-09-22,2023-09-29,0.39990234375,2025-06-16 20:04:23.571672
sz.302132,2023-09-25,2023-10-02,0.139404296875,2025-06-16 20:04:23.571672
sz.302132,2023-09-26,2023-10-03,0.10467529296875,2025-06-16 20:04:23.571672
sz.302132,2023-09-27,2023-10-04,0.158447265625,2025-06-16 20:04:23.571672
sz.302132,2023-09-28,2023-10-05,0.30517578125,2025-06-16 20:04:23.571672
sz.302132,2023-10-09,2023-10-16,0.1412353515625,2025-06-16 20:04:23.571672
sz.302132,2023-10-10,2023-10-17,0.11676025390625,2025-06-16 20:04:23.571672
sz.302132,2023-10-11,2023-10-18,0.1190185546875,2025-06-16 20:04:23.571672
sz.302132,2023-10-12,2023-10-19,0.171142578125,2025-06-16 20:04:23.571672
sz.302132,2023-10-13,2023-10-20,0.1419677734375,2025-06-16 20:04:23.571672
sz.302132,2023-10-16,2023-10-23,0.09503173828125,2025-06-16 20:04:23.571672
sz.302132,2023-10-17,2023-10-24,0.139892578125,2025-06-16 20:04:23.571672
sz.302132,2023-10-18,2023-10-25,0.139892578125,2025-06-16 20:04:23.571672
sz.302132,2023-10-19,2023-10-26,0.12103271484375,2025-06-16 20:04:23.571672
sz.302132,2023-10-20,2023-10-27,0.18798828125,2025-06-16 20:04:23.571672
sz.302132,2023-10-23,2023-10-30,0.09027099609375,2025-06-16 20:04:23.571672
sz.302132,2023-10-24,2023-10-31,0.1435546875,2025-06-16 20:04:23.571672
sz.302132,2023-10-25,2023-11-01,0.118408203125,2025-06-16 20:04:23.571672
sz.302132,2023-10-26,2023-11-02,0.191650390625,2025-06-16 20:04:23.571672
sz.302132,2023-10-27,2023-11-03,0.162353515625,2025-06-16 20:04:23.571672
sz.302132,2023-10-30,2023-11-06,0.193115234375,2025-06-16 20:04:23.571672
sz.302132,2023-10-31,2023-11-07,0.152099609375,2025-06-16 20:04:23.571672
sz.302132,2023-11-01,2023-11-08,0.1590576171875,2025-06-16 20:04:23.571672
sz.302132,2023-11-02,2023-11-09,0.0948486328125,2025-06-16 20:04:23.571672
sz.302132,2023-11-03,2023-11-10,0.1878662109375,2025-06-16 20:04:23.571672
sz.302132,2023-11-06,2023-11-13,0.2474365234375,2025-06-16 20:04:23.571672
sz.302132,2023-11-07,2023-11-14,0.20263671875,2025-06-16 20:04:23.571672
sz.302132,2023-11-08,2023-11-15,0.21728515625,2025-06-16 20:04:23.571672
sz.302132,2023-11-09,2023-11-16,0.1588134765625,2025-06-16 20:04:23.571672
sz.302132,2023-11-10,2023-11-17,0.161376953125,2025-06-16 20:04:23.571672
sz.302132,2023-11-13,2023-11-20,0.2384033203125,2025-06-16 20:04:23.571672
sz.302132,2023-11-14,2023-11-21,0.250244140625,2025-06-16 20:04:23.571672
sz.302132,2023-11-15,2023-11-22,0.263671875,2025-06-16 20:04:23.571672
sz.302132,2023-11-16,2023-11-23,0.17041015625,2025-06-16 20:04:23.571672
sz.302132,2023-11-17,2023-11-24,0.157470703125,2025-06-16 20:04:23.571672
sz.302132,2023-11-20,2023-11-27,0.1748046875,2025-06-16 20:04:23.571672
sz.302132,2023-11-21,2023-11-28,0.1632080078125,2025-06-16 20:04:23.571672
sz.302132,2023-11-22,2023-11-29,0.2183837890625,2025-06-16 20:04:23.571672
sz.302132,2023-11-23,2023-11-30,0.28857421875,2025-06-16 20:04:23.571672
sz.302132,2023-11-24,2023-12-01,0.20751953125,2025-06-16 20:04:23.571672
sz.302132,2023-11-27,2023-12-04,0.1885986328125,2025-06-16 20:04:23.571672
sz.302132,2023-11-28,2023-12-05,0.200927734375,2025-06-16 20:04:23.571672
sz.302132,2023-11-29,2023-12-06,0.1915283203125,2025-06-16 20:04:23.571672
sz.302132,2023-11-30,2023-12-07,0.139892578125,2025-06-16 20:04:23.571672
sz.302132,2023-12-01,2023-12-08,0.11798095703125,2025-06-16 20:04:23.571672
sz.302132,2023-12-04,2023-12-11,0.1724853515625,2025-06-16 20:04:23.571672
sz.302132,2023-12-05,2023-12-12,0.1766357421875,2025-06-16 20:04:23.571672
sz.302132,2023-12-06,2023-12-13,0.148193359375,2025-06-16 20:04:23.571672
sz.302132,2023-12-07,2023-12-14,0.222900390625,2025-06-16 20:04:23.571672
sz.302132,2023-12-08,2023-12-15,0.268798828125,2025-06-16 20:04:23.571672
sz.302132,2023-12-11,2023-12-18,0.264892578125,2025-06-16 20:04:23.571672
sz.302132,2023-12-12,2023-12-19,0.155029296875,2025-06-16 20:04:23.571672
sz.302132,2023-12-13,2023-12-20,0.1717529296875,2025-06-16 20:04:23.571672
sz.302132,2023-12-14,2023-12-21,0.150146484375,2025-06-16 20:04:23.571672
sz.302132,2023-12-15,2023-12-22,0.1634521484375,2025-06-16 20:04:23.571672
sz.302132,2023-12-18,2023-12-25,0.141357421875,2025-06-16 20:04:23.571672
sz.302132,2023-12-19,2023-12-26,0.1287841796875,2025-06-16 20:04:23.571672
sz.302132,2023-12-20,2023-12-27,0.135986328125,2025-06-16 20:04:23.571672
sz.302132,2023-12-21,2023-12-28,0.1678466796875,2025-06-16 20:04:23.571672
sz.302132,2023-12-22,2023-12-29,0.09771728515625,2025-06-16 20:04:23.571672
sz.302132,2023-12-25,2024-01-01,0.08154296875,2025-06-16 20:04:23.571672
sz.302132,2023-12-26,2024-01-02,0.152099609375,2025-06-16 20:04:23.571672
sz.302132,2023-12-27,2024-01-03,0.130615234375,2025-06-16 20:04:23.571672
sz.302132,2023-12-28,2024-01-04,0.1439208984375,2025-06-16 20:04:23.571672
sz.302132,2023-12-29,2024-01-05,0.181396484375,2025-06-16 20:04:23.571672
sz.302132,2024-01-02,2024-01-09,0.09283447265625,2025-06-16 20:04:23.571672
sz.302132,2024-01-03,2024-01-10,0.14453125,2025-06-16 20:04:23.571672
sz.302132,2024-01-04,2024-01-11,0.11962890625,2025-06-16 20:04:23.571672
sz.302132,2024-01-05,2024-01-12,0.1312255859375,2025-06-16 20:04:23.571672
sz.302132,2024-01-08,2024-01-15,0.1319580078125,2025-06-16 20:04:23.571672
sz.302132,2024-01-09,2024-01-16,0.1304931640625,2025-06-16 20:04:23.571672
sz.302132,2024-01-10,2024-01-17,0.1588134765625,2025-06-16 20:04:23.571672
sz.302132,2024-01-11,2024-01-18,0.31689453125,2025-06-16 20:04:23.571672
sz.302132,2024-01-12,2024-01-19,0.09686279296875,2025-06-16 20:04:23.571672
sz.302132,2024-01-15,2024-01-22,0.1240234375,2025-06-16 20:04:23.571672
sz.302132,2024-01-16,2024-01-23,0.135986328125,2025-06-16 20:04:23.571672
sz.302132,2024-01-17,2024-01-24,0.1356201171875,2025-06-16 20:04:23.571672
sz.302132,2024-01-18,2024-01-25,0.15576171875,2025-06-16 20:04:23.571672
sz.302132,2024-01-19,2024-01-26,0.39208984375,2025-06-16 20:04:23.571672
sz.302132,2024-01-22,2024-01-29,0.3544921875,2025-06-16 20:04:23.571672
sz.302132,2024-01-23,2024-01-30,0.497314453125,2025-06-16 20:04:23.571672
sz.302132,2024-01-24,2024-01-31,0.432373046875,2025-06-16 20:04:23.571672
sz.302132,2024-01-25,2024-02-01,0.260009765625,2025-06-16 20:04:23.571672
sz.302132,2024-01-26,2024-02-02,0.269287109375,2025-06-16 20:04:23.571672
sz.302132,2024-01-29,2024-02-05,0.2015380859375,2025-06-16 20:04:23.571672
sz.302132,2024-01-30,2024-02-06,0.335205078125,2025-06-16 20:04:23.571672
sz.302132,2024-01-31,2024-02-07,0.1988525390625,2025-06-16 20:04:23.571672
sz.302132,2024-02-01,2024-02-08,0.315185546875,2025-06-16 20:04:23.571672
sz.302132,2024-02-02,2024-02-09,0.33642578125,2025-06-16 20:04:23.571672
sz.302132,2024-02-05,2024-02-12,0.4091796875,2025-06-16 20:04:23.571672
sz.302132,2024-02-06,2024-02-13,0.3359375,2025-06-16 20:04:23.571672
sz.302132,2024-02-07,2024-02-14,0.226806640625,2025-06-16 20:04:23.571672
sz.302132,2024-02-08,2024-02-15,0.077392578125,2025-06-16 20:04:23.571672
sz.302132,2024-02-19,2024-02-26,0.1468505859375,2025-06-16 20:04:23.571672
sz.302132,2024-02-20,2024-02-27,0.109130859375,2025-06-16 20:04:23.571672
sz.302132,2024-02-21,2024-02-28,0.07891845703125,2025-06-16 20:04:23.571672
sz.302132,2024-02-22,2024-02-29,0.1790771484375,2025-06-16 20:04:23.571672
sz.302132,2024-02-23,2024-03-01,0.10125732421875,2025-06-16 20:04:23.571672
sz.302132,2024-02-26,2024-03-04,0.13037109375,2025-06-16 20:04:23.571672
sz.302132,2024-02-27,2024-03-05,0.11083984375,2025-06-16 20:04:23.571672
sz.302132,2024-02-28,2024-03-06,0.116943359375,2025-06-16 20:04:23.571672
sz.302132,2024-02-29,2024-03-07,0.41845703125,2025-06-16 20:04:23.571672
sz.302132,2024-03-01,2024-03-08,0.193359375,2025-06-16 20:04:23.571672
sz.302132,2024-03-04,2024-03-11,0.09979248046875,2025-06-16 20:04:23.571672
sz.302132,2024-03-05,2024-03-12,0.1953125,2025-06-16 20:04:23.571672
sz.302132,2024-03-06,2024-03-13,0.12890625,2025-06-16 20:04:23.571672
sz.302132,2024-03-07,2024-03-14,0.1175537109375,2025-06-16 20:04:23.571672
sz.302132,2024-03-08,2024-03-15,0.1055908203125,2025-06-16 20:04:23.571672
sz.302132,2024-03-11,2024-03-18,0.09844970703125,2025-06-16 20:04:23.571672
sz.302132,2024-03-12,2024-03-19,0.10284423828125,2025-06-16 20:04:23.571672
sz.302132,2024-03-13,2024-03-20,0.07708740234375,2025-06-16 20:04:23.571672
sz.302132,2024-03-14,2024-03-21,0.0855712890625,2025-06-16 20:04:23.571672
sz.302132,2024-03-15,2024-03-22,0.1463623046875,2025-06-16 20:04:23.571672
sz.302132,2024-03-18,2024-03-25,0.1319580078125,2025-06-16 20:04:23.571672
sz.302132,2024-03-19,2024-03-26,0.09027099609375,2025-06-16 20:04:23.571672
sz.302132,2024-03-20,2024-03-27,0.16845703125,2025-06-16 20:04:23.571672
sz.302132,2024-03-21,2024-03-28,0.2490234375,2025-06-16 20:04:23.571672
sz.302132,2024-03-22,2024-03-29,0.1297607421875,2025-06-16 20:04:23.571672
sz.302132,2024-03-25,2024-04-01,0.12646484375,2025-06-16 20:04:23.571672
sz.302132,2024-03-26,2024-04-02,0.10992431640625,2025-06-16 20:04:23.571672
sz.302132,2024-03-27,2024-04-03,0.11260986328125,2025-06-16 20:04:23.571672
sz.302132,2024-03-28,2024-04-04,0.160888671875,2025-06-16 20:04:23.571672
sz.302132,2024-03-29,2024-04-05,0.100341796875,2025-06-16 20:04:23.571672
sz.302132,2024-04-01,2024-04-08,0.118408203125,2025-06-16 20:04:23.571672
sz.302132,2024-04-02,2024-04-09,0.0823974609375,2025-06-16 20:04:23.571672
sz.302132,2024-04-03,2024-04-10,0.11279296875,2025-06-16 20:04:23.571672
sz.302132,2024-04-08,2024-04-15,0.1175537109375,2025-06-16 20:04:23.571672
sz.302132,2024-04-09,2024-04-16,0.0863037109375,2025-06-16 20:04:23.571672
sz.302132,2024-04-10,2024-04-17,0.1258544921875,2025-06-16 20:04:23.571672
sz.302132,2024-04-11,2024-04-18,0.22607421875,2025-06-16 20:04:23.571672
sz.302132,2024-04-12,2024-04-19,0.170654296875,2025-06-16 20:04:23.571672
sz.302132,2024-04-15,2024-04-22,0.12103271484375,2025-06-16 20:04:23.571672
sz.302132,2024-04-16,2024-04-23,0.152587890625,2025-06-16 20:04:23.571672
sz.302132,2024-04-17,2024-04-24,0.223388671875,2025-06-16 20:04:23.571672
sz.302132,2024-04-18,2024-04-25,0.1605224609375,2025-06-16 20:04:23.571672
sz.302132,2024-04-19,2024-04-26,0.1876220703125,2025-06-16 20:04:23.571672
sz.302132,2024-04-22,2024-04-29,0.12188720703125,2025-06-16 20:04:23.571672
sz.302132,2024-04-23,2024-04-30,0.2210693359375,2025-06-16 20:04:23.571672
sz.302132,2024-04-24,2024-05-01,0.2230224609375,2025-06-16 20:04:23.571672
sz.302132,2024-04-25,2024-05-02,0.2379150390625,2025-06-16 20:04:23.571672
sz.302132,2024-04-26,2024-05-03,0.27880859375,2025-06-16 20:04:23.571672
sz.302132,2024-04-29,2024-05-06,0.21728515625,2025-06-16 20:04:23.571672
sz.302132,2024-04-30,2024-05-07,0.165283203125,2025-06-16 20:04:23.571672
sz.302132,2024-05-06,2024-05-13,0.192138671875,2025-06-16 20:04:23.571672
sz.302132,2024-05-07,2024-05-14,0.1153564453125,2025-06-16 20:04:23.571672
sz.302132,2024-05-08,2024-05-15,0.1717529296875,2025-06-16 20:04:23.571672
sz.302132,2024-05-09,2024-05-16,0.1424560546875,2025-06-16 20:04:23.571672
sz.302132,2024-05-10,2024-05-17,0.18310546875,2025-06-16 20:04:23.571672
sz.302132,2024-05-13,2024-05-20,0.175537109375,2025-06-16 20:04:23.571672
sz.302132,2024-05-14,2024-05-21,0.177978515625,2025-06-16 20:04:23.571672
sz.302132,2024-05-15,2024-05-22,0.0999755859375,2025-06-16 20:04:23.571672
sz.302132,2024-05-16,2024-05-23,0.1982421875,2025-06-16 20:04:23.571672
sz.302132,2024-05-17,2024-05-24,0.2183837890625,2025-06-16 20:04:23.571672
sz.302132,2024-05-20,2024-05-27,0.1611328125,2025-06-16 20:04:23.571672
sz.302132,2024-05-21,2024-05-28,0.199462890625,2025-06-16 20:04:23.571672
sz.302132,2024-05-22,2024-05-29,0.25244140625,2025-06-16 20:04:23.571672
sz.302132,2024-05-23,2024-05-30,0.20654296875,2025-06-16 20:04:23.571672
sz.302132,2024-05-24,2024-05-31,0.21240234375,2025-06-16 20:04:23.571672
sz.302132,2024-05-27,2024-06-03,0.18798828125,2025-06-16 20:04:23.571672
sz.302132,2024-05-28,2024-06-04,0.21533203125,2025-06-16 20:04:23.571672
sz.302132,2024-05-29,2024-06-05,0.28955078125,2025-06-16 20:04:23.571672
sz.302132,2024-05-30,2024-06-06,0.21630859375,2025-06-16 20:04:23.571672
sz.302132,2024-05-31,2024-06-07,0.2362060546875,2025-06-16 20:04:23.571672
sz.302132,2024-06-03,2024-06-10,0.141845703125,2025-06-16 20:04:23.571672
sz.302132,2024-06-04,2024-06-11,0.25146484375,2025-06-16 20:04:23.571672
sz.302132,2024-06-05,2024-06-12,0.09222412109375,2025-06-16 20:04:23.571672
sz.302132,2024-06-06,2024-06-13,0.167724609375,2025-06-16 20:04:23.571672
sz.302132,2024-06-07,2024-06-14,0.1610107421875,2025-06-16 20:04:23.571672
sz.302132,2024-06-11,2024-06-18,0.1903076171875,2025-06-16 20:04:23.571672
sz.302132,2024-06-12,2024-06-19,0.24072265625,2025-06-16 20:04:23.571672
sz.302132,2024-06-13,2024-06-20,0.1966552734375,2025-06-16 20:04:23.571672
sz.302132,2024-06-14,2024-06-21,0.235595703125,2025-06-16 20:04:23.571672
sz.302132,2024-06-17,2024-06-24,0.25732421875,2025-06-16 20:04:23.571672
sz.302132,2024-06-18,2024-06-25,0.342529296875,2025-06-16 20:04:23.571672
sz.302132,2024-06-19,2024-06-26,0.19482421875,2025-06-16 20:04:23.571672
sz.302132,2024-06-20,2024-06-27,0.18212890625,2025-06-16 20:04:23.571672
sz.302132,2024-06-21,2024-06-28,0.1993408203125,2025-06-16 20:04:23.571672
sz.302132,2024-06-24,2024-07-01,0.09930419921875,2025-06-16 20:04:23.571672
sz.302132,2024-06-25,2024-07-02,0.1400146484375,2025-06-16 20:04:23.571672
sz.302132,2024-06-26,2024-07-03,0.1322021484375,2025-06-16 20:04:23.571672
sz.302132,2024-06-27,2024-07-04,0.07989501953125,2025-06-16 20:04:23.571672
sz.302132,2024-06-28,2024-07-05,0.11859130859375,2025-06-16 20:04:23.571672
sz.302132,2024-07-01,2024-07-08,0.1407470703125,2025-06-16 20:04:23.571672
sz.302132,2024-07-02,2024-07-09,0.1343994140625,2025-06-16 20:04:23.571672
sz.302132,2024-07-03,2024-07-10,0.10797119140625,2025-06-16 20:04:23.571672
sz.302132,2024-07-04,2024-07-11,0.10821533203125,2025-06-16 20:04:23.571672
sz.302132,2024-07-05,2024-07-12,0.152587890625,2025-06-16 20:04:23.571672
sz.302132,2024-07-08,2024-07-15,0.13427734375,2025-06-16 20:04:23.571672
sz.302132,2024-07-09,2024-07-16,0.173583984375,2025-06-16 20:04:23.571672
sz.302132,2024-07-10,2024-07-17,0.1407470703125,2025-06-16 20:04:23.571672
sz.302132,2024-07-11,2024-07-18,0.1346435546875,2025-06-16 20:04:23.571672
sz.302132,2024-07-12,2024-07-19,0.1019287109375,2025-06-16 20:04:23.571672
sz.302132,2024-07-15,2024-07-22,0.2100830078125,2025-06-16 20:04:23.571672
sz.302132,2024-07-16,2024-07-23,0.1903076171875,2025-06-16 20:04:23.571672
sz.302132,2024-07-17,2024-07-24,0.1456298828125,2025-06-16 20:04:23.571672
sz.302132,2024-07-18,2024-07-25,0.18505859375,2025-06-16 20:04:23.571672
sz.302132,2024-07-19,2024-07-26,0.244384765625,2025-06-16 20:04:23.571672
sz.302132,2024-07-22,2024-07-29,0.203125,2025-06-16 20:04:23.571672
sz.302132,2024-07-23,2024-07-30,0.138427734375,2025-06-16 20:04:23.571672
sz.302132,2024-07-24,2024-07-31,0.1328125,2025-06-16 20:04:23.571672
sz.302132,2024-07-25,2024-08-01,0.1533203125,2025-06-16 20:04:23.571672
sz.302132,2024-07-26,2024-08-02,0.2078857421875,2025-06-16 20:04:23.571672
sz.302132,2024-07-29,2024-08-05,0.2374267578125,2025-06-16 20:04:23.571672
sz.302132,2024-07-30,2024-08-06,0.200927734375,2025-06-16 20:04:23.571672
sz.302132,2024-07-31,2024-08-07,0.256103515625,2025-06-16 20:04:23.571672
sz.302132,2024-08-01,2024-08-08,0.1553955078125,2025-06-16 20:04:23.571672
sz.302132,2024-08-02,2024-08-09,0.1805419921875,2025-06-16 20:04:23.571672
sz.302132,2024-08-05,2024-08-12,0.1361083984375,2025-06-16 20:04:23.571672
sz.302132,2024-08-06,2024-08-13,0.25341796875,2025-06-16 20:04:23.571672
sz.302132,2024-08-07,2024-08-14,0.125244140625,2025-06-16 20:04:23.571672
sz.302132,2024-08-08,2024-08-15,0.1365966796875,2025-06-16 20:04:23.571672
sz.302132,2024-08-09,2024-08-16,0.18408203125,2025-06-16 20:04:23.571672
sz.302132,2024-08-12,2024-08-19,0.1671142578125,2025-06-16 20:04:23.571672
sz.302132,2024-08-13,2024-08-20,0.255615234375,2025-06-16 20:04:23.571672
sz.302132,2024-08-14,2024-08-21,0.1461181640625,2025-06-16 20:04:23.571672
sz.302132,2024-08-15,2024-08-22,0.136962890625,2025-06-16 20:04:23.571672
sz.302132,2024-08-16,2024-08-23,0.1513671875,2025-06-16 20:04:23.571672
sz.302132,2024-08-19,2024-08-26,0.161865234375,2025-06-16 20:04:23.571672
sz.302132,2024-08-20,2024-08-27,0.138427734375,2025-06-16 20:04:23.571672
sz.302132,2024-08-21,2024-08-28,0.1627197265625,2025-06-16 20:04:23.571672
sz.302132,2024-08-22,2024-08-29,0.13623046875,2025-06-16 20:04:23.571672
sz.302132,2024-08-23,2024-08-30,0.1605224609375,2025-06-16 20:04:23.571672
sz.302132,2024-08-26,2024-09-02,0.1456298828125,2025-06-16 20:04:23.571672
sz.302132,2024-08-27,2024-09-03,0.1683349609375,2025-06-16 20:04:23.571672
sz.302132,2024-08-28,2024-09-04,0.09857177734375,2025-06-16 20:04:23.571672
sz.302132,2024-08-29,2024-09-05,0.08062744140625,2025-06-16 20:04:23.571672
sz.302132,2024-08-30,2024-09-06,0.08648681640625,2025-06-16 20:04:23.571672
sz.302132,2024-09-02,2024-09-09,0.138916015625,2025-06-16 20:04:23.571672
sz.302132,2024-09-03,2024-09-10,0.12451171875,2025-06-16 20:04:23.571672
sz.302132,2024-09-04,2024-09-11,0.135498046875,2025-06-16 20:04:23.571672
sz.302132,2024-09-05,2024-09-12,0.1461181640625,2025-06-16 20:04:23.571672
sz.302132,2024-09-06,2024-09-13,0.14013671875,2025-06-16 20:04:23.571672
sz.302132,2024-09-09,2024-09-16,0.1202392578125,2025-06-16 20:04:23.571672
sz.302132,2024-09-10,2024-09-17,0.14404296875,2025-06-16 20:04:23.571672
sz.302132,2024-09-11,2024-09-18,0.1702880859375,2025-06-16 20:04:23.571672
sz.302132,2024-09-12,2024-09-19,0.1434326171875,2025-06-16 20:04:23.571672
sz.302132,2024-09-13,2024-09-20,0.13525390625,2025-06-16 20:04:23.571672
sz.302132,2024-09-18,2024-09-25,0.1431884765625,2025-06-16 20:04:23.571672
sz.302132,2024-09-19,2024-09-26,0.12420654296875,2025-06-16 20:04:23.571672
sz.302132,2024-09-20,2024-09-27,0.1610107421875,2025-06-16 20:04:23.571672
sz.302132,2024-09-23,2024-09-30,0.14404296875,2025-06-16 20:04:23.571672
sz.302132,2024-09-24,2024-10-01,0.10595703125,2025-06-16 20:04:23.571672
sz.302132,2024-09-25,2024-10-02,0.08929443359375,2025-06-16 20:04:23.571672
sz.302132,2024-09-26,2024-10-03,0.264404296875,2025-06-16 20:04:23.571672
sz.302132,2024-09-27,2024-10-04,0.35107421875,2025-06-16 20:04:23.571672
sz.302132,2024-09-30,2024-10-07,0.1820068359375,2025-06-16 20:04:23.571672
sz.302132,2024-10-08,2024-10-15,0.271240234375,2025-06-16 20:04:23.571672
sz.302132,2024-10-09,2024-10-16,0.11553955078125,2025-06-16 20:04:23.571672
sz.302132,2024-10-10,2024-10-17,0.1915283203125,2025-06-16 20:04:23.571672
sz.302132,2024-10-11,2024-10-18,0.135986328125,2025-06-16 20:04:23.571672
sz.302132,2024-10-14,2024-10-21,0.270263671875,2025-06-16 20:04:23.571672
sz.302132,2024-10-15,2024-10-22,0.1776123046875,2025-06-16 20:04:23.571672
sz.302132,2024-10-16,2024-10-23,0.245849609375,2025-06-16 20:04:23.571672
sz.302132,2024-10-17,2024-10-24,0.2900390625,2025-06-16 20:04:23.571672
sz.302132,2024-10-18,2024-10-25,0.2183837890625,2025-06-16 20:04:23.571672
sz.302132,2024-10-21,2024-10-28,0.199462890625,2025-06-16 20:04:23.571672
sz.302132,2024-10-22,2024-10-29,0.2347412109375,2025-06-16 20:04:23.571672
sz.302132,2024-10-23,2024-10-30,0.285888671875,2025-06-16 20:04:23.571672
sz.302132,2024-10-24,2024-10-31,0.31396484375,2025-06-16 20:04:23.571672
sz.302132,2024-10-25,2024-11-01,0.331298828125,2025-06-16 20:04:23.571672
sz.302132,2024-10-28,2024-11-04,0.33154296875,2025-06-16 20:04:23.571672
sz.302132,2024-10-29,2024-11-05,0.35986328125,2025-06-16 20:04:23.571672
sz.302132,2024-10-30,2024-11-06,0.265869140625,2025-06-16 20:04:23.571672
sz.302132,2024-10-31,2024-11-07,0.289794921875,2025-06-16 20:04:23.571672
sz.302132,2024-11-01,2024-11-08,0.23828125,2025-06-16 20:04:23.571672
sz.302132,2024-11-04,2024-11-11,0.27001953125,2025-06-16 20:04:23.571672
sz.302132,2024-11-05,2024-11-12,0.268310546875,2025-06-16 20:04:23.571672
sz.302132,2024-11-06,2024-11-13,0.189208984375,2025-06-16 20:04:23.571672
sz.302132,2024-11-07,2024-11-14,0.25830078125,2025-06-16 20:04:23.571672
sz.302132,2024-11-08,2024-11-15,0.321533203125,2025-06-16 20:04:23.571672
sz.302132,2024-11-11,2024-11-18,0.308837890625,2025-06-16 20:04:23.571672
sz.302132,2024-11-12,2024-11-19,0.233154296875,2025-06-16 20:04:23.571672
sz.302132,2024-11-13,2024-11-20,0.374267578125,2025-06-16 20:04:23.571672
sz.302132,2024-11-14,2024-11-21,0.27587890625,2025-06-16 20:04:23.571672
sz.302132,2024-11-15,2024-11-22,0.250732421875,2025-06-16 20:04:23.571672
sz.302132,2024-11-18,2024-11-25,0.263671875,2025-06-16 20:04:23.571672
sz.302132,2024-11-19,2024-11-26,0.396484375,2025-06-16 20:04:23.571672
sz.302132,2024-11-20,2024-11-27,0.406494140625,2025-06-16 20:04:23.571672
sz.302132,2024-11-21,2024-11-28,0.37744140625,2025-06-16 20:04:23.571672
sz.302132,2024-11-22,2024-11-29,0.303955078125,2025-06-16 20:04:23.571672
sz.302132,2024-11-25,2024-12-02,0.3134765625,2025-06-16 20:04:23.571672
sz.302132,2024-11-26,2024-12-03,0.40869140625,2025-06-16 20:04:23.571672
sz.302132,2024-11-27,2024-12-04,0.3720703125,2025-06-16 20:04:23.571672
sz.302132,2024-11-28,2024-12-05,0.371826171875,2025-06-16 20:04:23.571672
sz.302132,2024-11-29,2024-12-06,0.411865234375,2025-06-16 20:04:23.571672
sz.302132,2024-12-02,2024-12-09,0.4345703125,2025-06-16 20:04:23.571672
sz.302132,2024-12-03,2024-12-10,0.373046875,2025-06-16 20:04:23.571672
sz.302132,2024-12-04,2024-12-11,0.402587890625,2025-06-16 20:04:23.571672
sz.302132,2024-12-05,2024-12-12,0.402587890625,2025-06-16 20:04:23.571672
sz.302132,2024-12-06,2024-12-13,0.435302734375,2025-06-16 20:04:23.571672
sz.302132,2024-12-09,2024-12-16,0.3740234375,2025-06-16 20:04:23.571672
sz.302132,2024-12-10,2024-12-17,0.357177734375,2025-06-16 20:04:23.571672
sz.302132,2024-12-11,2024-12-18,0.448486328125,2025-06-16 20:04:23.571672
sz.302132,2024-12-12,2024-12-19,0.437744140625,2025-06-16 20:04:23.571672
sz.302132,2024-12-13,2024-12-20,0.3720703125,2025-06-16 20:04:23.571672
sz.302132,2024-12-16,2024-12-23,0.336181640625,2025-06-16 20:04:23.571672
sz.302132,2024-12-17,2024-12-24,0.366455078125,2025-06-16 20:04:23.571672
sz.302132,2024-12-18,2024-12-25,0.31689453125,2025-06-16 20:04:23.571672
sz.302132,2024-12-19,2024-12-26,0.3759765625,2025-06-16 20:04:23.571672
sz.302132,2024-12-20,2024-12-27,0.397705078125,2025-06-16 20:04:23.571672
sz.302132,2024-12-23,2024-12-30,0.34765625,2025-06-16 20:04:23.571672
sz.302132,2024-12-24,2024-12-31,0.188232421875,2025-06-16 20:04:23.571672
sz.302132,2024-12-25,2025-01-01,0.384033203125,2025-06-16 20:04:23.571672
sz.302132,2024-12-26,2025-01-02,0.343994140625,2025-06-16 20:04:23.571672
sz.302132,2024-12-27,2025-01-03,0.2198486328125,2025-06-16 20:04:23.571672
sz.302132,2024-12-30,2025-01-06,0.247802734375,2025-06-16 20:04:23.571672
sz.302132,2024-12-31,2025-01-07,0.322021484375,2025-06-16 20:04:23.571672
sz.302132,2025-01-02,2025-01-09,0.270751953125,2025-06-16 20:04:23.571672
sz.302132,2025-01-03,2025-01-10,0.287353515625,2025-06-16 20:04:23.571672
sz.302132,2025-01-06,2025-01-13,0.371826171875,2025-06-16 20:04:23.571672
sz.302132,2025-01-07,2025-01-14,0.423095703125,2025-06-16 20:04:23.571672
sz.302132,2025-01-08,2025-01-15,0.36865234375,2025-06-16 20:04:23.571672
sz.302132,2025-01-09,2025-01-16,0.395263671875,2025-06-16 20:04:23.571672
sz.302132,2025-01-10,2025-01-17,0.3525390625,2025-06-16 20:04:23.571672
sz.302132,2025-01-13,2025-01-20,0.318359375,2025-06-16 20:04:23.571672
sz.302132,2025-01-14,2025-01-21,0.456787109375,2025-06-16 20:04:23.571672
sz.302132,2025-01-15,2025-01-22,0.390380859375,2025-06-16 20:04:23.571672
sz.302132,2025-01-16,2025-01-23,0.391845703125,2025-06-16 20:04:23.571672
sz.302132,2025-01-17,2025-01-24,0.344482421875,2025-06-16 20:04:23.571672
sz.302132,2025-01-20,2025-01-27,0.400146484375,2025-06-16 20:04:23.571672
sz.302132,2025-01-21,2025-01-28,0.33349609375,2025-06-16 20:04:23.571672
sz.302132,2025-01-22,2025-01-29,0.33544921875,2025-06-16 20:04:23.571672
sz.302132,2025-01-23,2025-01-30,0.298095703125,2025-06-16 20:04:23.571672
sz.302132,2025-01-24,2025-01-31,0.391357421875,2025-06-16 20:04:23.571672
sz.302132,2025-01-27,2025-02-03,0.307373046875,2025-06-16 20:04:23.571672
sz.302132,2025-02-05,2025-02-12,0.367919921875,2025-06-16 20:04:23.571672
sz.302132,2025-02-06,2025-02-13,0.418212890625,2025-06-16 20:04:23.571672
sz.302132,2025-02-07,2025-02-14,0.3759765625,2025-06-16 20:04:23.571672
sz.302132,2025-02-10,2025-02-17,0.4013671875,2025-06-16 20:04:23.571672
sz.302132,2025-02-11,2025-02-18,0.350830078125,2025-06-16 20:04:23.571672
sz.302132,2025-02-12,2025-02-19,0.44970703125,2025-06-16 20:04:23.571672
sz.302132,2025-02-13,2025-02-20,0.37255859375,2025-06-16 20:04:23.571672
sz.302132,2025-02-14,2025-02-21,0.3544921875,2025-06-16 20:04:23.571672
sz.302132,2025-02-17,2025-02-24,0.2088623046875,2025-06-16 20:04:23.571672
sz.302132,2025-02-18,2025-02-25,0.2027587890625,2025-06-16 20:04:23.571672
sz.302132,2025-02-19,2025-02-26,0.305908203125,2025-06-16 20:04:23.571672
sz.302132,2025-02-20,2025-02-27,0.33837890625,2025-06-16 20:04:23.571672
sz.302132,2025-02-21,2025-02-28,0.33154296875,2025-06-16 20:04:23.571672
sz.302132,2025-02-24,2025-03-03,0.2998046875,2025-06-16 20:04:23.571672
sz.302132,2025-02-25,2025-03-04,0.347900390625,2025-06-16 20:04:23.571672
sz.302132,2025-02-26,2025-03-05,0.343994140625,2025-06-16 20:04:23.571672
sz.302132,2025-02-27,2025-03-06,0.27587890625,2025-06-16 20:04:23.571672
sz.302132,2025-02-28,2025-03-07,0.289794921875,2025-06-16 20:04:23.571672
sz.302132,2025-03-03,2025-03-10,0.2454833984375,2025-06-16 20:04:23.571672
sz.302132,2025-03-04,2025-03-11,0.33251953125,2025-06-16 20:04:23.571672
sz.302132,2025-03-05,2025-03-12,0.362548828125,2025-06-16 20:04:23.571672
sz.302132,2025-03-06,2025-03-13,0.368896484375,2025-06-16 20:04:23.571672
sz.302132,2025-03-07,2025-03-14,0.283203125,2025-06-16 20:04:23.571672
sz.302132,2025-03-10,2025-03-17,0.280029296875,2025-06-16 20:04:23.571672
sz.302132,2025-03-11,2025-03-18,0.347900390625,2025-06-16 20:04:23.571672
sz.302132,2025-03-12,2025-03-19,0.30126953125,2025-06-16 20:04:23.571672
sz.302132,2025-03-13,2025-03-20,0.30078125,2025-06-16 20:04:23.571672
sz.302132,2025-03-14,2025-03-21,0.36279296875,2025-06-16 20:04:23.571672
sz.302132,2025-03-17,2025-03-24,0.357666015625,2025-06-16 20:04:23.571672
sz.302132,2025-03-18,2025-03-25,0.359130859375,2025-06-16 20:04:23.571672
sz.302132,2025-03-19,2025-03-26,0.33447265625,2025-06-16 20:04:23.571672
sz.302132,2025-03-20,2025-03-27,0.3193359375,2025-06-16 20:04:23.571672
sz.302132,2025-03-21,2025-03-28,0.298583984375,2025-06-16 20:04:23.571672
sz.302132,2025-03-24,2025-03-31,0.27392578125,2025-06-16 20:04:23.571672
sz.302132,2025-03-25,2025-04-01,0.359130859375,2025-06-16 20:04:23.571672
sz.302132,2025-03-26,2025-04-02,0.3955078125,2025-06-16 20:04:23.571672
sz.302132,2025-03-27,2025-04-03,0.38818359375,2025-06-16 20:04:23.571672
sz.302132,2025-03-28,2025-04-04,0.294677734375,2025-06-16 20:04:23.571672
sz.302132,2025-03-31,2025-04-07,0.338623046875,2025-06-16 20:04:23.571672
sz.302132,2025-04-01,2025-04-08,0.3779296875,2025-06-16 20:04:23.571672
sz.302132,2025-04-02,2025-04-09,0.332763671875,2025-06-16 20:04:23.571672
sz.302132,2025-04-03,2025-04-10,0.3642578125,2025-06-16 20:04:23.571672
sz.302132,2025-04-07,2025-04-14,0.1505126953125,2025-06-16 20:04:23.571672
sz.302132,2025-04-08,2025-04-15,0.368896484375,2025-06-16 20:04:23.571672
sz.302132,2025-04-09,2025-04-16,0.335693359375,2025-06-16 20:04:23.571672
sz.302132,2025-04-10,2025-04-17,0.322265625,2025-06-16 20:04:23.571672
sz.302132,2025-04-11,2025-04-18,0.344482421875,2025-06-16 20:04:23.571672
sz.302132,2025-04-14,2025-04-21,0.385986328125,2025-06-16 20:04:23.571672
sz.302132,2025-04-15,2025-04-22,0.331298828125,2025-06-16 20:04:23.571672
sz.302132,2025-04-16,2025-04-23,0.310546875,2025-06-16 20:04:23.571672
sz.302132,2025-04-17,2025-04-24,0.363037109375,2025-06-16 20:04:23.571672
sz.302132,2025-04-18,2025-04-25,0.31982421875,2025-06-16 20:04:23.571672
sz.302132,2025-04-21,2025-04-28,0.361572265625,2025-06-16 20:04:23.571672
sz.302132,2025-04-22,2025-04-29,0.3603515625,2025-06-16 20:04:23.571672
sz.302132,2025-04-23,2025-04-30,0.3974609375,2025-06-16 20:04:23.571672
sz.302132,2025-04-24,2025-05-01,0.303955078125,2025-06-16 20:04:23.571672
sz.302132,2025-04-25,2025-05-02,0.353759765625,2025-06-16 20:04:23.571672
sz.302132,2025-04-28,2025-05-05,0.348876953125,2025-06-16 20:04:23.571672
sz.302132,2025-04-29,2025-05-06,0.283447265625,2025-06-16 20:04:23.571672
sz.302132,2025-04-30,2025-05-07,0.3876953125,2025-06-16 20:04:23.571672
sz.302132,2025-05-06,2025-05-13,0.5703125,2025-06-16 20:04:23.571672
sz.302132,2025-05-07,2025-05-14,0.20751953125,2025-06-16 20:04:23.571672
sz.302132,2025-05-08,2025-05-15,0.2418212890625,2025-06-16 20:04:23.571672
sz.302132,2025-05-09,2025-05-16,0.1385498046875,2025-06-16 20:04:23.571672
sz.302132,2025-05-12,2025-05-19,0.1392822265625,2025-06-16 20:04:23.571672
sz.302132,2025-05-13,2025-05-20,0.13818359375,2025-06-16 20:04:23.571672
sz.302132,2025-05-14,2025-05-21,0.1094970703125,2025-06-16 20:04:23.571672
sz.302132,2025-05-15,2025-05-22,0.10992431640625,2025-06-16 20:04:23.571672
sz.302132,2025-05-16,2025-05-23,0.10125732421875,2025-06-16 20:04:23.571672
sz.302132,2025-05-19,2025-05-26,0.10650634765625,2025-06-16 20:04:23.571672
sz.302132,2025-05-20,2025-05-27,0.133056640625,2025-06-16 20:04:23.571672
sz.302132,2025-05-21,2025-05-28,0.0982666015625,2025-06-16 20:04:23.571672
sz.302132,2025-05-22,2025-05-29,0.09771728515625,2025-06-16 20:04:23.571672
sz.302132,2025-05-23,2025-05-30,0.134765625,2025-06-16 20:04:23.571672
sz.302132,2025-05-26,2025-06-02,0.139404296875,2025-06-16 20:04:23.571672
sz.302132,2025-05-27,2025-06-03,0.1383056640625,2025-06-16 20:04:23.571672
sz.302132,2025-05-28,2025-06-04,0.12213134765625,2025-06-16 20:04:23.571672
sz.302132,2025-05-29,2025-06-05,0.0999755859375,2025-06-16 20:04:23.571672
sz.302132,2025-05-30,2025-06-06,0.138427734375,2025-06-16 20:04:23.571672
sz.302132,2025-06-03,2025-06-10,0.080810546875,2025-06-16 20:04:23.571672
sz.302132,2025-06-04,2025-06-11,0.1292724609375,2025-06-16 20:04:23.571672
sz.302132,2025-06-05,2025-06-12,0.0740966796875,2025-06-16 20:04:23.571672
sz.302132,2025-06-06,2025-06-13,0.08135986328125,2025-06-16 20:04:23.571672
sz.302132,2025-06-09,2025-06-16,0.08343505859375,2025-06-16 20:04:23.571672
sz.302132,2025-06-10,2025-06-17,0.1414794921875,2025-06-16 20:04:23.571672
sz.302132,2025-06-11,2025-06-18,0.1187744140625,2025-06-16 20:04:23.571672
sz.302132,2025-06-12,2025-06-19,0.140625,2025-06-16 20:04:23.571672
sz.302132,2025-06-13,2025-06-20,0.08038330078125,2025-06-16 20:04:23.571672
sz.302132,2025-06-16,2025-06-23,0.10247802734375,2025-06-16 20:04:23.571672
