code,time,target,score,predcit_time
sh.600000,2025-08-25,2025-09-01,0.281494140625,2025-08-29 20:02:12.066298
sh.600000,2025-08-26,2025-09-02,0.2093505859375,2025-08-29 20:02:12.066298
sh.600000,2025-08-26,2025-09-02,0.2095947265625,2025-08-29 20:02:12.066298
sh.600000,2025-08-26,2025-09-02,0.2103271484375,2025-08-29 20:02:12.066298
sh.600000,2025-08-27,2025-09-03,0.1748046875,2025-08-29 20:02:12.066298
sh.600000,2025-08-27,2025-09-03,0.17529296875,2025-08-29 20:02:12.066298
sh.600000,2025-08-27,2025-09-03,0.1759033203125,2025-08-29 20:02:12.066298
sh.600000,2025-08-28,2025-09-04,0.1927490234375,2025-08-29 20:02:12.066298
sh.600000,2025-08-28,2025-09-04,0.193359375,2025-08-29 20:02:12.066298
sh.600000,2025-08-28,2025-09-04,0.193603515625,2025-08-29 20:02:12.066298
sh.600000,2025-08-29,2025-09-05,0.1497802734375,2025-08-29 20:02:12.066298
sh.600009,2025-08-25,2025-09-01,0.2384033203125,2025-08-29 20:02:12.066298
sh.600009,2025-08-26,2025-09-02,0.16015625,2025-08-29 20:02:12.066298
sh.600009,2025-08-26,2025-09-02,0.16015625,2025-08-29 20:02:12.066298
sh.600009,2025-08-26,2025-09-02,0.16015625,2025-08-29 20:02:12.066298
sh.600009,2025-08-27,2025-09-03,0.1258544921875,2025-08-29 20:02:12.066298
sh.600009,2025-08-27,2025-09-03,0.1258544921875,2025-08-29 20:02:12.066298
sh.600009,2025-08-27,2025-09-03,0.125732421875,2025-08-29 20:02:12.066298
sh.600009,2025-08-28,2025-09-04,0.09332275390625,2025-08-29 20:02:12.066298
sh.600009,2025-08-28,2025-09-04,0.09332275390625,2025-08-29 20:02:12.066298
sh.600009,2025-08-28,2025-09-04,0.093505859375,2025-08-29 20:02:12.066298
sh.600009,2025-08-29,2025-09-05,0.10089111328125,2025-08-29 20:02:12.066298
sh.600010,2025-08-25,2025-09-01,0.262939453125,2025-08-29 20:02:12.066298
sh.600010,2025-08-26,2025-09-02,0.1546630859375,2025-08-29 20:02:12.066298
sh.600010,2025-08-26,2025-09-02,0.1546630859375,2025-08-29 20:02:12.066298
sh.600010,2025-08-26,2025-09-02,0.1546630859375,2025-08-29 20:02:12.066298
sh.600010,2025-08-27,2025-09-03,0.1663818359375,2025-08-29 20:02:12.066298
sh.600010,2025-08-27,2025-09-03,0.1666259765625,2025-08-29 20:02:12.066298
sh.600010,2025-08-27,2025-09-03,0.1666259765625,2025-08-29 20:02:12.066298
sh.600010,2025-08-28,2025-09-04,0.1868896484375,2025-08-29 20:02:12.066298
sh.600010,2025-08-28,2025-09-04,0.187255859375,2025-08-29 20:02:12.066298
sh.600010,2025-08-28,2025-09-04,0.187744140625,2025-08-29 20:02:12.066298
sh.600010,2025-08-29,2025-09-05,0.1619873046875,2025-08-29 20:02:12.066298
sh.600011,2025-08-25,2025-09-01,0.255615234375,2025-08-29 20:02:12.066298
sh.600011,2025-08-26,2025-09-02,0.1707763671875,2025-08-29 20:02:12.066298
sh.600011,2025-08-26,2025-09-02,0.1707763671875,2025-08-29 20:02:12.066298
sh.600011,2025-08-27,2025-09-03,0.1239013671875,2025-08-29 20:02:12.066298
sh.600011,2025-08-27,2025-09-03,0.1240234375,2025-08-29 20:02:12.066298
sh.600011,2025-08-27,2025-09-03,0.12408447265625,2025-08-29 20:02:12.066298
sh.600011,2025-08-28,2025-09-04,0.1400146484375,2025-08-29 20:02:12.066298
sh.600011,2025-08-28,2025-09-04,0.14013671875,2025-08-29 20:02:12.066298
sh.600011,2025-08-28,2025-09-04,0.14013671875,2025-08-29 20:02:12.066298
sh.600011,2025-08-29,2025-09-05,0.09503173828125,2025-08-29 20:02:12.066298
sh.600015,2025-08-25,2025-09-01,0.1903076171875,2025-08-29 20:02:12.066298
sh.600015,2025-08-26,2025-09-02,0.1688232421875,2025-08-29 20:02:12.066298
sh.600015,2025-08-26,2025-09-02,0.1697998046875,2025-08-29 20:02:12.066298
sh.600015,2025-08-27,2025-09-03,0.15185546875,2025-08-29 20:02:12.066298
sh.600015,2025-08-27,2025-09-03,0.1524658203125,2025-08-29 20:02:12.066298
sh.600015,2025-08-27,2025-09-03,0.15283203125,2025-08-29 20:02:12.066298
sh.600015,2025-08-28,2025-09-04,0.1412353515625,2025-08-29 20:02:12.066298
sh.600015,2025-08-28,2025-09-04,0.1422119140625,2025-08-29 20:02:12.066298
sh.600015,2025-08-28,2025-09-04,0.1436767578125,2025-08-29 20:02:12.066298
sh.600015,2025-08-29,2025-09-05,0.12103271484375,2025-08-29 20:02:12.066298
sh.600016,2025-08-25,2025-09-01,0.171142578125,2025-08-29 20:02:12.066298
sh.600016,2025-08-26,2025-09-02,0.1829833984375,2025-08-29 20:02:12.066298
sh.600016,2025-08-26,2025-09-02,0.183837890625,2025-08-29 20:02:12.066298
sh.600016,2025-08-27,2025-09-03,0.154296875,2025-08-29 20:02:12.066298
sh.600016,2025-08-27,2025-09-03,0.154541015625,2025-08-29 20:02:12.066298
sh.600016,2025-08-27,2025-09-03,0.1549072265625,2025-08-29 20:02:12.066298
sh.600016,2025-08-28,2025-09-04,0.13134765625,2025-08-29 20:02:12.066298
sh.600016,2025-08-28,2025-09-04,0.1324462890625,2025-08-29 20:02:12.066298
sh.600016,2025-08-28,2025-09-04,0.1331787109375,2025-08-29 20:02:12.066298
sh.600016,2025-08-29,2025-09-05,0.134033203125,2025-08-29 20:02:12.066298
sh.600018,2025-08-25,2025-09-01,0.19091796875,2025-08-29 20:02:12.066298
sh.600018,2025-08-26,2025-09-02,0.1636962890625,2025-08-29 20:02:12.066298
sh.600018,2025-08-26,2025-09-02,0.1639404296875,2025-08-29 20:02:12.066298
sh.600018,2025-08-26,2025-09-02,0.163818359375,2025-08-29 20:02:12.066298
sh.600018,2025-08-27,2025-09-03,0.1385498046875,2025-08-29 20:02:12.066298
sh.600018,2025-08-27,2025-09-03,0.138671875,2025-08-29 20:02:12.066298
sh.600018,2025-08-27,2025-09-03,0.1387939453125,2025-08-29 20:02:12.066298
sh.600018,2025-08-28,2025-09-04,0.12548828125,2025-08-29 20:02:12.066298
sh.600018,2025-08-28,2025-09-04,0.1256103515625,2025-08-29 20:02:12.066298
sh.600018,2025-08-28,2025-09-04,0.125732421875,2025-08-29 20:02:12.066298
sh.600018,2025-08-29,2025-09-05,0.115966796875,2025-08-29 20:02:12.066298
sh.600019,2025-08-25,2025-09-01,0.1392822265625,2025-08-29 20:02:12.066298
sh.600019,2025-08-26,2025-09-02,0.1812744140625,2025-08-29 20:02:12.066298
sh.600019,2025-08-26,2025-09-02,0.1815185546875,2025-08-29 20:02:12.066298
sh.600019,2025-08-26,2025-09-02,0.18212890625,2025-08-29 20:02:12.066298
sh.600019,2025-08-27,2025-09-03,0.1385498046875,2025-08-29 20:02:12.066298
sh.600019,2025-08-27,2025-09-03,0.1387939453125,2025-08-29 20:02:12.066298
sh.600019,2025-08-27,2025-09-03,0.138916015625,2025-08-29 20:02:12.066298
sh.600019,2025-08-28,2025-09-04,0.1778564453125,2025-08-29 20:02:12.066298
sh.600019,2025-08-28,2025-09-04,0.1773681640625,2025-08-29 20:02:12.066298
sh.600019,2025-08-28,2025-09-04,0.1776123046875,2025-08-29 20:02:12.066298
sh.600019,2025-08-29,2025-09-05,0.10107421875,2025-08-29 20:02:12.066298
sh.600023,2025-08-25,2025-09-01,0.286376953125,2025-08-29 20:02:12.066298
sh.600023,2025-08-26,2025-09-02,0.224609375,2025-08-29 20:02:12.066298
sh.600023,2025-08-26,2025-09-02,0.224609375,2025-08-29 20:02:12.066298
sh.600023,2025-08-27,2025-09-03,0.12420654296875,2025-08-29 20:02:12.066298
sh.600023,2025-08-27,2025-09-03,0.12445068359375,2025-08-29 20:02:12.066298
sh.600023,2025-08-27,2025-09-03,0.12445068359375,2025-08-29 20:02:12.066298
sh.600023,2025-08-28,2025-09-04,0.12493896484375,2025-08-29 20:02:12.066298
sh.600023,2025-08-28,2025-09-04,0.1251220703125,2025-08-29 20:02:12.066298
sh.600023,2025-08-28,2025-09-04,0.1253662109375,2025-08-29 20:02:12.066298
sh.600023,2025-08-29,2025-09-05,0.10931396484375,2025-08-29 20:02:12.066298
sh.600025,2025-08-25,2025-09-01,0.462890625,2025-08-29 20:02:12.066298
sh.600025,2025-08-26,2025-09-02,0.1405029296875,2025-08-29 20:02:12.066298
sh.600025,2025-08-26,2025-09-02,0.1407470703125,2025-08-29 20:02:12.066298
sh.600025,2025-08-27,2025-09-03,0.1209716796875,2025-08-29 20:02:12.066298
sh.600025,2025-08-27,2025-09-03,0.12127685546875,2025-08-29 20:02:12.066298
sh.600025,2025-08-27,2025-09-03,0.12158203125,2025-08-29 20:02:12.066298
sh.600025,2025-08-28,2025-09-04,0.1529541015625,2025-08-29 20:02:12.066298
sh.600025,2025-08-28,2025-09-04,0.1533203125,2025-08-29 20:02:12.066298
sh.600025,2025-08-28,2025-09-04,0.1539306640625,2025-08-29 20:02:12.066298
sh.600025,2025-08-29,2025-09-05,0.11163330078125,2025-08-29 20:02:12.066298
sh.600026,2025-08-25,2025-09-01,0.2274169921875,2025-08-29 20:02:12.066298
sh.600026,2025-08-26,2025-09-02,0.14453125,2025-08-29 20:02:12.066298
sh.600026,2025-08-26,2025-09-02,0.144775390625,2025-08-29 20:02:12.066298
sh.600026,2025-08-26,2025-09-02,0.1448974609375,2025-08-29 20:02:12.066298
sh.600026,2025-08-27,2025-09-03,0.1419677734375,2025-08-29 20:02:12.066298
sh.600026,2025-08-27,2025-09-03,0.1419677734375,2025-08-29 20:02:12.066298
sh.600026,2025-08-27,2025-09-03,0.14208984375,2025-08-29 20:02:12.066298
sh.600026,2025-08-28,2025-09-04,0.0982666015625,2025-08-29 20:02:12.066298
sh.600026,2025-08-28,2025-09-04,0.0982666015625,2025-08-29 20:02:12.066298
sh.600026,2025-08-28,2025-09-04,0.09844970703125,2025-08-29 20:02:12.066298
sh.600026,2025-08-29,2025-09-05,0.12200927734375,2025-08-29 20:02:12.066298
sh.600027,2025-08-25,2025-09-01,0.2203369140625,2025-08-29 20:02:12.066298
sh.600027,2025-08-26,2025-09-02,0.1309814453125,2025-08-29 20:02:12.066298
sh.600027,2025-08-26,2025-09-02,0.1312255859375,2025-08-29 20:02:12.066298
sh.600027,2025-08-26,2025-09-02,0.1314697265625,2025-08-29 20:02:12.066298
sh.600027,2025-08-27,2025-09-03,0.1259765625,2025-08-29 20:02:12.066298
sh.600027,2025-08-27,2025-09-03,0.1259765625,2025-08-29 20:02:12.066298
sh.600027,2025-08-27,2025-09-03,0.1259765625,2025-08-29 20:02:12.066298
sh.600027,2025-08-28,2025-09-04,0.1307373046875,2025-08-29 20:02:12.066298
sh.600027,2025-08-28,2025-09-04,0.130859375,2025-08-29 20:02:12.066298
sh.600027,2025-08-28,2025-09-04,0.1309814453125,2025-08-29 20:02:12.066298
sh.600027,2025-08-29,2025-09-05,0.10577392578125,2025-08-29 20:02:12.066298
sh.600028,2025-08-25,2025-09-01,0.1590576171875,2025-08-29 20:02:12.066298
sh.600028,2025-08-26,2025-09-02,0.12286376953125,2025-08-29 20:02:12.066298
sh.600028,2025-08-26,2025-09-02,0.1231689453125,2025-08-29 20:02:12.066298
sh.600028,2025-08-27,2025-09-03,0.1259765625,2025-08-29 20:02:12.066298
sh.600028,2025-08-27,2025-09-03,0.1260986328125,2025-08-29 20:02:12.066298
sh.600028,2025-08-27,2025-09-03,0.1263427734375,2025-08-29 20:02:12.066298
sh.600028,2025-08-28,2025-09-04,0.10723876953125,2025-08-29 20:02:12.066298
sh.600028,2025-08-28,2025-09-04,0.107421875,2025-08-29 20:02:12.066298
sh.600028,2025-08-28,2025-09-04,0.10797119140625,2025-08-29 20:02:12.066298
sh.600028,2025-08-29,2025-09-05,0.10992431640625,2025-08-29 20:02:12.066298
sh.600029,2025-08-25,2025-09-01,0.27587890625,2025-08-29 20:02:12.066298
sh.600029,2025-08-26,2025-09-02,0.10540771484375,2025-08-29 20:02:12.066298
sh.600029,2025-08-26,2025-09-02,0.1055908203125,2025-08-29 20:02:12.066298
sh.600029,2025-08-26,2025-09-02,0.1055908203125,2025-08-29 20:02:12.066298
sh.600029,2025-08-27,2025-09-03,0.1070556640625,2025-08-29 20:02:12.066298
sh.600029,2025-08-27,2025-09-03,0.10723876953125,2025-08-29 20:02:12.066298
sh.600029,2025-08-27,2025-09-03,0.10723876953125,2025-08-29 20:02:12.066298
sh.600029,2025-08-28,2025-09-04,0.11578369140625,2025-08-29 20:02:12.066298
sh.600029,2025-08-28,2025-09-04,0.11578369140625,2025-08-29 20:02:12.066298
sh.600029,2025-08-28,2025-09-04,0.115966796875,2025-08-29 20:02:12.066298
sh.600029,2025-08-29,2025-09-05,0.10089111328125,2025-08-29 20:02:12.066298
sh.600030,2025-08-25,2025-09-01,0.23974609375,2025-08-29 20:02:12.066298
sh.600030,2025-08-26,2025-09-02,0.2294921875,2025-08-29 20:02:12.066298
sh.600030,2025-08-26,2025-09-02,0.2294921875,2025-08-29 20:02:12.066298
sh.600030,2025-08-26,2025-09-02,0.2298583984375,2025-08-29 20:02:12.066298
sh.600030,2025-08-27,2025-09-03,0.1378173828125,2025-08-29 20:02:12.066298
sh.600030,2025-08-27,2025-09-03,0.137939453125,2025-08-29 20:02:12.066298
sh.600030,2025-08-27,2025-09-03,0.1380615234375,2025-08-29 20:02:12.066298
sh.600030,2025-08-28,2025-09-04,0.29833984375,2025-08-29 20:02:12.066298
sh.600030,2025-08-28,2025-09-04,0.298828125,2025-08-29 20:02:12.066298
sh.600030,2025-08-28,2025-09-04,0.29833984375,2025-08-29 20:02:12.066298
sh.600030,2025-08-29,2025-09-05,0.185791015625,2025-08-29 20:02:12.066298
sh.600031,2025-08-25,2025-09-01,0.306884765625,2025-08-29 20:02:12.066298
sh.600031,2025-08-26,2025-09-02,0.2430419921875,2025-08-29 20:02:12.066298
sh.600031,2025-08-26,2025-09-02,0.242919921875,2025-08-29 20:02:12.066298
sh.600031,2025-08-26,2025-09-02,0.243408203125,2025-08-29 20:02:12.066298
sh.600031,2025-08-27,2025-09-03,0.1279296875,2025-08-29 20:02:12.066298
sh.600031,2025-08-27,2025-09-03,0.128173828125,2025-08-29 20:02:12.066298
sh.600031,2025-08-27,2025-09-03,0.128173828125,2025-08-29 20:02:12.066298
sh.600031,2025-08-28,2025-09-04,0.17822265625,2025-08-29 20:02:12.066298
sh.600031,2025-08-28,2025-09-04,0.178466796875,2025-08-29 20:02:12.066298
sh.600031,2025-08-28,2025-09-04,0.178466796875,2025-08-29 20:02:12.066298
sh.600031,2025-08-29,2025-09-05,0.1444091796875,2025-08-29 20:02:12.066298
sh.600036,2025-08-25,2025-09-01,0.2109375,2025-08-29 20:02:12.066298
sh.600036,2025-08-26,2025-09-02,0.13525390625,2025-08-29 20:02:12.066298
sh.600036,2025-08-26,2025-09-02,0.1353759765625,2025-08-29 20:02:12.066298
sh.600036,2025-08-26,2025-09-02,0.135498046875,2025-08-29 20:02:12.066298
sh.600036,2025-08-27,2025-09-03,0.1300048828125,2025-08-29 20:02:12.066298
sh.600036,2025-08-27,2025-09-03,0.1300048828125,2025-08-29 20:02:12.066298
sh.600036,2025-08-27,2025-09-03,0.1302490234375,2025-08-29 20:02:12.066298
sh.600036,2025-08-28,2025-09-04,0.1143798828125,2025-08-29 20:02:12.066298
sh.600036,2025-08-28,2025-09-04,0.11474609375,2025-08-29 20:02:12.066298
sh.600036,2025-08-28,2025-09-04,0.114990234375,2025-08-29 20:02:12.066298
sh.600036,2025-08-29,2025-09-05,0.092529296875,2025-08-29 20:02:12.066298
sh.600039,2025-08-25,2025-09-01,0.29345703125,2025-08-29 20:02:12.066298
sh.600039,2025-08-26,2025-09-02,0.1279296875,2025-08-29 20:02:12.066298
sh.600039,2025-08-26,2025-09-02,0.1275634765625,2025-08-29 20:02:12.066298
sh.600039,2025-08-26,2025-09-02,0.1273193359375,2025-08-29 20:02:12.066298
sh.600039,2025-08-27,2025-09-03,0.1263427734375,2025-08-29 20:02:12.066298
sh.600039,2025-08-27,2025-09-03,0.12646484375,2025-08-29 20:02:12.066298
sh.600039,2025-08-27,2025-09-03,0.1263427734375,2025-08-29 20:02:12.066298
sh.600039,2025-08-28,2025-09-04,0.1275634765625,2025-08-29 20:02:12.066298
sh.600039,2025-08-28,2025-09-04,0.127685546875,2025-08-29 20:02:12.066298
sh.600039,2025-08-28,2025-09-04,0.1279296875,2025-08-29 20:02:12.066298
sh.600039,2025-08-29,2025-09-05,0.2015380859375,2025-08-29 20:02:12.066298
sh.600048,2025-08-25,2025-09-01,0.080810546875,2025-08-29 20:02:12.066298
sh.600048,2025-08-26,2025-09-02,0.14599609375,2025-08-29 20:02:12.066298
sh.600048,2025-08-26,2025-09-02,0.14599609375,2025-08-29 20:02:12.066298
sh.600048,2025-08-26,2025-09-02,0.145751953125,2025-08-29 20:02:12.066298
sh.600048,2025-08-27,2025-09-03,0.128173828125,2025-08-29 20:02:12.066298
sh.600048,2025-08-27,2025-09-03,0.1280517578125,2025-08-29 20:02:12.066298
sh.600048,2025-08-27,2025-09-03,0.1279296875,2025-08-29 20:02:12.066298
sh.600048,2025-08-28,2025-09-04,0.105224609375,2025-08-29 20:02:12.066298
sh.600048,2025-08-28,2025-09-04,0.10504150390625,2025-08-29 20:02:12.066298
sh.600048,2025-08-28,2025-09-04,0.10504150390625,2025-08-29 20:02:12.066298
sh.600048,2025-08-29,2025-09-05,0.11260986328125,2025-08-29 20:02:12.066298
sh.600050,2025-08-25,2025-09-01,0.2208251953125,2025-08-29 20:02:12.066298
sh.600050,2025-08-26,2025-09-02,0.2032470703125,2025-08-29 20:02:12.066298
sh.600050,2025-08-26,2025-09-02,0.2032470703125,2025-08-29 20:02:12.066298
sh.600050,2025-08-26,2025-09-02,0.2034912109375,2025-08-29 20:02:12.066298
sh.600050,2025-08-27,2025-09-03,0.1510009765625,2025-08-29 20:02:12.066298
sh.600050,2025-08-27,2025-09-03,0.151123046875,2025-08-29 20:02:12.066298
sh.600050,2025-08-27,2025-09-03,0.151123046875,2025-08-29 20:02:12.066298
sh.600050,2025-08-28,2025-09-04,0.181396484375,2025-08-29 20:02:12.066298
sh.600050,2025-08-28,2025-09-04,0.181396484375,2025-08-29 20:02:12.066298
sh.600050,2025-08-28,2025-09-04,0.181640625,2025-08-29 20:02:12.066298
sh.600050,2025-08-29,2025-09-05,0.18701171875,2025-08-29 20:02:12.066298
sh.600061,2025-08-25,2025-09-01,0.291259765625,2025-08-29 20:02:12.066298
sh.600061,2025-08-26,2025-09-02,0.2646484375,2025-08-29 20:02:12.066298
sh.600061,2025-08-26,2025-09-02,0.2646484375,2025-08-29 20:02:12.066298
sh.600061,2025-08-26,2025-09-02,0.2646484375,2025-08-29 20:02:12.066298
sh.600061,2025-08-27,2025-09-03,0.1541748046875,2025-08-29 20:02:12.066298
sh.600061,2025-08-27,2025-09-03,0.1544189453125,2025-08-29 20:02:12.066298
sh.600061,2025-08-27,2025-09-03,0.154541015625,2025-08-29 20:02:12.066298
sh.600061,2025-08-28,2025-09-04,0.267333984375,2025-08-29 20:02:12.066298
sh.600061,2025-08-28,2025-09-04,0.267822265625,2025-08-29 20:02:12.066298
sh.600061,2025-08-28,2025-09-04,0.267578125,2025-08-29 20:02:12.066298
sh.600061,2025-08-29,2025-09-05,0.161865234375,2025-08-29 20:02:12.066298
sh.600066,2025-08-25,2025-09-01,0.270751953125,2025-08-29 20:02:12.066298
sh.600066,2025-08-26,2025-09-02,0.1807861328125,2025-08-29 20:02:12.066298
sh.600066,2025-08-26,2025-09-02,0.1812744140625,2025-08-29 20:02:12.066298
sh.600066,2025-08-26,2025-09-02,0.1815185546875,2025-08-29 20:02:12.066298
sh.600066,2025-08-27,2025-09-03,0.1240234375,2025-08-29 20:02:12.066298
sh.600066,2025-08-27,2025-09-03,0.12432861328125,2025-08-29 20:02:12.066298
sh.600066,2025-08-27,2025-09-03,0.1246337890625,2025-08-29 20:02:12.066298
sh.600066,2025-08-28,2025-09-04,0.1611328125,2025-08-29 20:02:12.066298
sh.600066,2025-08-28,2025-09-04,0.161865234375,2025-08-29 20:02:12.066298
sh.600066,2025-08-28,2025-09-04,0.1627197265625,2025-08-29 20:02:12.066298
sh.600066,2025-08-29,2025-09-05,0.1571044921875,2025-08-29 20:02:12.066298
sh.600085,2025-08-25,2025-09-01,0.2218017578125,2025-08-29 20:02:12.066298
sh.600085,2025-08-26,2025-09-02,0.141845703125,2025-08-29 20:02:12.066298
sh.600085,2025-08-26,2025-09-02,0.141845703125,2025-08-29 20:02:12.066298
sh.600085,2025-08-27,2025-09-03,0.1436767578125,2025-08-29 20:02:12.066298
sh.600085,2025-08-27,2025-09-03,0.1436767578125,2025-08-29 20:02:12.066298
sh.600085,2025-08-27,2025-09-03,0.1436767578125,2025-08-29 20:02:12.066298
sh.600085,2025-08-28,2025-09-04,0.11993408203125,2025-08-29 20:02:12.066298
sh.600085,2025-08-28,2025-09-04,0.11993408203125,2025-08-29 20:02:12.066298
sh.600085,2025-08-28,2025-09-04,0.11993408203125,2025-08-29 20:02:12.066298
sh.600085,2025-08-29,2025-09-05,0.10858154296875,2025-08-29 20:02:12.066298
sh.600089,2025-08-25,2025-09-01,0.281494140625,2025-08-29 20:02:12.066298
sh.600089,2025-08-26,2025-09-02,0.2474365234375,2025-08-29 20:02:12.066298
sh.600089,2025-08-26,2025-09-02,0.247314453125,2025-08-29 20:02:12.066298
sh.600089,2025-08-26,2025-09-02,0.247314453125,2025-08-29 20:02:12.066298
sh.600089,2025-08-27,2025-09-03,0.1580810546875,2025-08-29 20:02:12.066298
sh.600089,2025-08-27,2025-09-03,0.1580810546875,2025-08-29 20:02:12.066298
sh.600089,2025-08-27,2025-09-03,0.1580810546875,2025-08-29 20:02:12.066298
sh.600089,2025-08-28,2025-09-04,0.25537109375,2025-08-29 20:02:12.066298
sh.600089,2025-08-28,2025-09-04,0.2548828125,2025-08-29 20:02:12.066298
sh.600089,2025-08-28,2025-09-04,0.254638671875,2025-08-29 20:02:12.066298
sh.600089,2025-08-29,2025-09-05,0.23583984375,2025-08-29 20:02:12.066298
sh.600104,2025-08-25,2025-09-01,0.30078125,2025-08-29 20:02:12.066298
sh.600104,2025-08-26,2025-09-02,0.17822265625,2025-08-29 20:02:12.066298
sh.600104,2025-08-26,2025-09-02,0.1781005859375,2025-08-29 20:02:12.066298
sh.600104,2025-08-26,2025-09-02,0.1783447265625,2025-08-29 20:02:12.066298
sh.600104,2025-08-27,2025-09-03,0.13330078125,2025-08-29 20:02:12.066298
sh.600104,2025-08-27,2025-09-03,0.1334228515625,2025-08-29 20:02:12.066298
sh.600104,2025-08-27,2025-09-03,0.133544921875,2025-08-29 20:02:12.066298
sh.600104,2025-08-28,2025-09-04,0.20654296875,2025-08-29 20:02:12.066298
sh.600104,2025-08-28,2025-09-04,0.2060546875,2025-08-29 20:02:12.066298
sh.600104,2025-08-28,2025-09-04,0.20703125,2025-08-29 20:02:12.066298
sh.600104,2025-08-29,2025-09-05,0.1392822265625,2025-08-29 20:02:12.066298
sh.600111,2025-08-25,2025-09-01,0.290771484375,2025-08-29 20:02:12.066298
sh.600111,2025-08-26,2025-09-02,0.1922607421875,2025-08-29 20:02:12.066298
sh.600111,2025-08-26,2025-09-02,0.192138671875,2025-08-29 20:02:12.066298
sh.600111,2025-08-27,2025-09-03,0.261474609375,2025-08-29 20:02:12.066298
sh.600111,2025-08-27,2025-09-03,0.26123046875,2025-08-29 20:02:12.066298
sh.600111,2025-08-27,2025-09-03,0.26123046875,2025-08-29 20:02:12.066298
sh.600111,2025-08-28,2025-09-04,0.26513671875,2025-08-29 20:02:12.066298
sh.600111,2025-08-28,2025-09-04,0.264892578125,2025-08-29 20:02:12.066298
sh.600111,2025-08-28,2025-09-04,0.2646484375,2025-08-29 20:02:12.066298
sh.600111,2025-08-29,2025-09-05,0.2493896484375,2025-08-29 20:02:12.066298
sh.600115,2025-08-25,2025-09-01,0.23583984375,2025-08-29 20:02:12.066298
sh.600115,2025-08-26,2025-09-02,0.1683349609375,2025-08-29 20:02:12.066298
sh.600115,2025-08-26,2025-09-02,0.1683349609375,2025-08-29 20:02:12.066298
sh.600115,2025-08-26,2025-09-02,0.168212890625,2025-08-29 20:02:12.066298
sh.600115,2025-08-27,2025-09-03,0.1175537109375,2025-08-29 20:02:12.066298
sh.600115,2025-08-27,2025-09-03,0.11737060546875,2025-08-29 20:02:12.066298
sh.600115,2025-08-27,2025-09-03,0.11737060546875,2025-08-29 20:02:12.066298
sh.600115,2025-08-28,2025-09-04,0.1475830078125,2025-08-29 20:02:12.066298
sh.600115,2025-08-28,2025-09-04,0.1478271484375,2025-08-29 20:02:12.066298
sh.600115,2025-08-28,2025-09-04,0.147705078125,2025-08-29 20:02:12.066298
sh.600115,2025-08-29,2025-09-05,0.1177978515625,2025-08-29 20:02:12.066298
sh.600150,2025-08-25,2025-09-01,0.185546875,2025-08-29 20:02:12.066298
sh.600150,2025-08-26,2025-09-02,0.193359375,2025-08-29 20:02:12.066298
sh.600150,2025-08-26,2025-09-02,0.1937255859375,2025-08-29 20:02:12.066298
sh.600150,2025-08-26,2025-09-02,0.1942138671875,2025-08-29 20:02:12.066298
sh.600150,2025-08-27,2025-09-03,0.154296875,2025-08-29 20:02:12.066298
sh.600150,2025-08-27,2025-09-03,0.1549072265625,2025-08-29 20:02:12.066298
sh.600150,2025-08-27,2025-09-03,0.1556396484375,2025-08-29 20:02:12.066298
sh.600150,2025-08-28,2025-09-04,0.270263671875,2025-08-29 20:02:12.066298
sh.600150,2025-08-28,2025-09-04,0.2705078125,2025-08-29 20:02:12.066298
sh.600150,2025-08-28,2025-09-04,0.2705078125,2025-08-29 20:02:12.066298
sh.600150,2025-08-29,2025-09-05,0.2890625,2025-08-29 20:02:12.066298
sh.600160,2025-08-25,2025-09-01,0.1378173828125,2025-08-29 20:02:12.066298
sh.600160,2025-08-26,2025-09-02,0.217529296875,2025-08-29 20:02:12.066298
sh.600160,2025-08-26,2025-09-02,0.218017578125,2025-08-29 20:02:12.066298
sh.600160,2025-08-26,2025-09-02,0.218017578125,2025-08-29 20:02:12.066298
sh.600160,2025-08-27,2025-09-03,0.21044921875,2025-08-29 20:02:12.066298
sh.600160,2025-08-27,2025-09-03,0.2103271484375,2025-08-29 20:02:12.066298
sh.600160,2025-08-27,2025-09-03,0.2108154296875,2025-08-29 20:02:12.066298
sh.600160,2025-08-28,2025-09-04,0.311767578125,2025-08-29 20:02:12.066298
sh.600160,2025-08-28,2025-09-04,0.312255859375,2025-08-29 20:02:12.066298
sh.600160,2025-08-28,2025-09-04,0.3125,2025-08-29 20:02:12.066298
sh.600160,2025-08-29,2025-09-05,0.2330322265625,2025-08-29 20:02:12.066298
sh.600161,2025-08-25,2025-09-01,0.2327880859375,2025-08-29 20:02:12.066298
sh.600161,2025-08-26,2025-09-02,0.1729736328125,2025-08-29 20:02:12.066298
sh.600161,2025-08-26,2025-09-02,0.1734619140625,2025-08-29 20:02:12.066298
sh.600161,2025-08-26,2025-09-02,0.1734619140625,2025-08-29 20:02:12.066298
sh.600161,2025-08-27,2025-09-03,0.14208984375,2025-08-29 20:02:12.066298
sh.600161,2025-08-27,2025-09-03,0.1422119140625,2025-08-29 20:02:12.066298
sh.600161,2025-08-27,2025-09-03,0.142333984375,2025-08-29 20:02:12.066298
sh.600161,2025-08-28,2025-09-04,0.1334228515625,2025-08-29 20:02:12.066298
sh.600161,2025-08-28,2025-09-04,0.1336669921875,2025-08-29 20:02:12.066298
sh.600161,2025-08-28,2025-09-04,0.1336669921875,2025-08-29 20:02:12.066298
sh.600161,2025-08-29,2025-09-05,0.1416015625,2025-08-29 20:02:12.066298
sh.600176,2025-08-25,2025-09-01,0.23193359375,2025-08-29 20:02:12.066298
sh.600176,2025-08-26,2025-09-02,0.1644287109375,2025-08-29 20:02:12.066298
sh.600176,2025-08-26,2025-09-02,0.1646728515625,2025-08-29 20:02:12.066298
sh.600176,2025-08-26,2025-09-02,0.16455078125,2025-08-29 20:02:12.066298
sh.600176,2025-08-27,2025-09-03,0.137939453125,2025-08-29 20:02:12.066298
sh.600176,2025-08-27,2025-09-03,0.137939453125,2025-08-29 20:02:12.066298
sh.600176,2025-08-27,2025-09-03,0.1380615234375,2025-08-29 20:02:12.066298
sh.600176,2025-08-28,2025-09-04,0.2366943359375,2025-08-29 20:02:12.066298
sh.600176,2025-08-28,2025-09-04,0.2366943359375,2025-08-29 20:02:12.066298
sh.600176,2025-08-28,2025-09-04,0.236572265625,2025-08-29 20:02:12.066298
sh.600176,2025-08-29,2025-09-05,0.37890625,2025-08-29 20:02:12.066298
sh.600183,2025-08-25,2025-09-01,0.31298828125,2025-08-29 20:02:12.066298
sh.600183,2025-08-26,2025-09-02,0.20556640625,2025-08-29 20:02:12.066298
sh.600183,2025-08-26,2025-09-02,0.2060546875,2025-08-29 20:02:12.066298
sh.600183,2025-08-27,2025-09-03,0.19287109375,2025-08-29 20:02:12.066298
sh.600183,2025-08-27,2025-09-03,0.193359375,2025-08-29 20:02:12.066298
sh.600183,2025-08-27,2025-09-03,0.1939697265625,2025-08-29 20:02:12.066298
sh.600183,2025-08-28,2025-09-04,0.270263671875,2025-08-29 20:02:12.066298
sh.600183,2025-08-28,2025-09-04,0.270263671875,2025-08-29 20:02:12.066298
sh.600183,2025-08-28,2025-09-04,0.270751953125,2025-08-29 20:02:12.066298
sh.600183,2025-08-29,2025-09-05,0.302490234375,2025-08-29 20:02:12.066298
sh.600188,2025-08-25,2025-09-01,0.2213134765625,2025-08-29 20:02:12.066298
sh.600188,2025-08-26,2025-09-02,0.1800537109375,2025-08-29 20:02:12.066298
sh.600188,2025-08-26,2025-09-02,0.1802978515625,2025-08-29 20:02:12.066298
sh.600188,2025-08-26,2025-09-02,0.1805419921875,2025-08-29 20:02:12.066298
sh.600188,2025-08-27,2025-09-03,0.142333984375,2025-08-29 20:02:12.066298
sh.600188,2025-08-27,2025-09-03,0.142333984375,2025-08-29 20:02:12.066298
sh.600188,2025-08-27,2025-09-03,0.142333984375,2025-08-29 20:02:12.066298
sh.600188,2025-08-28,2025-09-04,0.1617431640625,2025-08-29 20:02:12.066298
sh.600188,2025-08-28,2025-09-04,0.1614990234375,2025-08-29 20:02:12.066298
sh.600188,2025-08-28,2025-09-04,0.1617431640625,2025-08-29 20:02:12.066298
sh.600188,2025-08-29,2025-09-05,0.1240234375,2025-08-29 20:02:12.066298
sh.600196,2025-08-25,2025-09-01,0.25244140625,2025-08-29 20:02:12.066298
sh.600196,2025-08-26,2025-09-02,0.164794921875,2025-08-29 20:02:12.066298
sh.600196,2025-08-26,2025-09-02,0.164794921875,2025-08-29 20:02:12.066298
sh.600196,2025-08-26,2025-09-02,0.164794921875,2025-08-29 20:02:12.066298
sh.600196,2025-08-27,2025-09-03,0.12042236328125,2025-08-29 20:02:12.066298
sh.600196,2025-08-27,2025-09-03,0.12054443359375,2025-08-29 20:02:12.066298
sh.600196,2025-08-27,2025-09-03,0.12054443359375,2025-08-29 20:02:12.066298
sh.600196,2025-08-28,2025-09-04,0.166259765625,2025-08-29 20:02:12.066298
sh.600196,2025-08-28,2025-09-04,0.1661376953125,2025-08-29 20:02:12.066298
sh.600196,2025-08-28,2025-09-04,0.1661376953125,2025-08-29 20:02:12.066298
sh.600196,2025-08-29,2025-09-05,0.1954345703125,2025-08-29 20:02:12.066298
sh.600219,2025-08-25,2025-09-01,0.27490234375,2025-08-29 20:02:12.066298
sh.600219,2025-08-26,2025-09-02,0.2420654296875,2025-08-29 20:02:12.066298
sh.600219,2025-08-26,2025-09-02,0.24169921875,2025-08-29 20:02:12.066298
sh.600219,2025-08-26,2025-09-02,0.2420654296875,2025-08-29 20:02:12.066298
sh.600219,2025-08-27,2025-09-03,0.1478271484375,2025-08-29 20:02:12.066298
sh.600219,2025-08-27,2025-09-03,0.14794921875,2025-08-29 20:02:12.066298
sh.600219,2025-08-27,2025-09-03,0.1480712890625,2025-08-29 20:02:12.066298
sh.600219,2025-08-28,2025-09-04,0.1715087890625,2025-08-29 20:02:12.066298
sh.600219,2025-08-28,2025-09-04,0.171630859375,2025-08-29 20:02:12.066298
sh.600219,2025-08-28,2025-09-04,0.1717529296875,2025-08-29 20:02:12.066298
sh.600219,2025-08-29,2025-09-05,0.150390625,2025-08-29 20:02:12.066298
sh.600233,2025-08-25,2025-09-01,0.20263671875,2025-08-29 20:02:12.066298
sh.600233,2025-08-26,2025-09-02,0.2012939453125,2025-08-29 20:02:12.066298
sh.600233,2025-08-26,2025-09-02,0.2017822265625,2025-08-29 20:02:12.066298
sh.600233,2025-08-26,2025-09-02,0.2015380859375,2025-08-29 20:02:12.066298
sh.600233,2025-08-27,2025-09-03,0.193359375,2025-08-29 20:02:12.066298
sh.600233,2025-08-27,2025-09-03,0.193603515625,2025-08-29 20:02:12.066298
sh.600233,2025-08-27,2025-09-03,0.193115234375,2025-08-29 20:02:12.066298
sh.600233,2025-08-28,2025-09-04,0.27001953125,2025-08-29 20:02:12.066298
sh.600233,2025-08-28,2025-09-04,0.270263671875,2025-08-29 20:02:12.066298
sh.600233,2025-08-28,2025-09-04,0.27001953125,2025-08-29 20:02:12.066298
sh.600233,2025-08-29,2025-09-05,0.1483154296875,2025-08-29 20:02:12.066298
sh.600276,2025-08-25,2025-09-01,0.287841796875,2025-08-29 20:02:12.066298
sh.600276,2025-08-26,2025-09-02,0.23583984375,2025-08-29 20:02:12.066298
sh.600276,2025-08-26,2025-09-02,0.2352294921875,2025-08-29 20:02:12.066298
sh.600276,2025-08-26,2025-09-02,0.23583984375,2025-08-29 20:02:12.066298
sh.600276,2025-08-27,2025-09-03,0.143798828125,2025-08-29 20:02:12.066298
sh.600276,2025-08-27,2025-09-03,0.1439208984375,2025-08-29 20:02:12.066298
sh.600276,2025-08-27,2025-09-03,0.1441650390625,2025-08-29 20:02:12.066298
sh.600276,2025-08-28,2025-09-04,0.2413330078125,2025-08-29 20:02:12.066298
sh.600276,2025-08-28,2025-09-04,0.2421875,2025-08-29 20:02:12.066298
sh.600276,2025-08-28,2025-09-04,0.24169921875,2025-08-29 20:02:12.066298
sh.600276,2025-08-29,2025-09-05,0.21337890625,2025-08-29 20:02:12.066298
sh.600309,2025-08-25,2025-09-01,0.2366943359375,2025-08-29 20:02:12.066298
sh.600309,2025-08-26,2025-09-02,0.2108154296875,2025-08-29 20:02:12.066298
sh.600309,2025-08-26,2025-09-02,0.2108154296875,2025-08-29 20:02:12.066298
sh.600309,2025-08-26,2025-09-02,0.2108154296875,2025-08-29 20:02:12.066298
sh.600309,2025-08-27,2025-09-03,0.174072265625,2025-08-29 20:02:12.066298
sh.600309,2025-08-27,2025-09-03,0.174072265625,2025-08-29 20:02:12.066298
sh.600309,2025-08-27,2025-09-03,0.17431640625,2025-08-29 20:02:12.066298
sh.600309,2025-08-28,2025-09-04,0.203857421875,2025-08-29 20:02:12.066298
sh.600309,2025-08-28,2025-09-04,0.2034912109375,2025-08-29 20:02:12.066298
sh.600309,2025-08-28,2025-09-04,0.203857421875,2025-08-29 20:02:12.066298
sh.600309,2025-08-29,2025-09-05,0.280517578125,2025-08-29 20:02:12.066298
sh.600332,2025-08-25,2025-09-01,0.297119140625,2025-08-29 20:02:12.066298
sh.600332,2025-08-26,2025-09-02,0.22265625,2025-08-29 20:02:12.066298
sh.600332,2025-08-26,2025-09-02,0.22265625,2025-08-29 20:02:12.066298
sh.600332,2025-08-26,2025-09-02,0.2225341796875,2025-08-29 20:02:12.066298
sh.600332,2025-08-27,2025-09-03,0.144775390625,2025-08-29 20:02:12.066298
sh.600332,2025-08-27,2025-09-03,0.144775390625,2025-08-29 20:02:12.066298
sh.600332,2025-08-27,2025-09-03,0.144775390625,2025-08-29 20:02:12.066298
sh.600332,2025-08-28,2025-09-04,0.1175537109375,2025-08-29 20:02:12.066298
sh.600332,2025-08-28,2025-09-04,0.1175537109375,2025-08-29 20:02:12.066298
sh.600332,2025-08-28,2025-09-04,0.11737060546875,2025-08-29 20:02:12.066298
sh.600332,2025-08-29,2025-09-05,0.1104736328125,2025-08-29 20:02:12.066298
sh.600346,2025-08-25,2025-09-01,0.165283203125,2025-08-29 20:02:12.066298
sh.600346,2025-08-26,2025-09-02,0.172119140625,2025-08-29 20:02:12.066298
sh.600346,2025-08-26,2025-09-02,0.172119140625,2025-08-29 20:02:12.066298
sh.600346,2025-08-26,2025-09-02,0.17236328125,2025-08-29 20:02:12.066298
sh.600346,2025-08-27,2025-09-03,0.1707763671875,2025-08-29 20:02:12.066298
sh.600346,2025-08-27,2025-09-03,0.170654296875,2025-08-29 20:02:12.066298
sh.600346,2025-08-27,2025-09-03,0.1708984375,2025-08-29 20:02:12.066298
sh.600346,2025-08-28,2025-09-04,0.280029296875,2025-08-29 20:02:12.066298
sh.600346,2025-08-28,2025-09-04,0.280029296875,2025-08-29 20:02:12.066298
sh.600346,2025-08-28,2025-09-04,0.280029296875,2025-08-29 20:02:12.066298
sh.600346,2025-08-29,2025-09-05,0.2489013671875,2025-08-29 20:02:12.066298
sh.600362,2025-08-25,2025-09-01,0.2005615234375,2025-08-29 20:02:12.066298
sh.600362,2025-08-26,2025-09-02,0.27587890625,2025-08-29 20:02:12.066298
sh.600362,2025-08-26,2025-09-02,0.27587890625,2025-08-29 20:02:12.066298
sh.600362,2025-08-26,2025-09-02,0.276611328125,2025-08-29 20:02:12.066298
sh.600362,2025-08-27,2025-09-03,0.177001953125,2025-08-29 20:02:12.066298
sh.600362,2025-08-27,2025-09-03,0.1771240234375,2025-08-29 20:02:12.066298
sh.600362,2025-08-27,2025-09-03,0.177490234375,2025-08-29 20:02:12.066298
sh.600362,2025-08-28,2025-09-04,0.251953125,2025-08-29 20:02:12.066298
sh.600362,2025-08-28,2025-09-04,0.251953125,2025-08-29 20:02:12.066298
sh.600362,2025-08-28,2025-09-04,0.25244140625,2025-08-29 20:02:12.066298
sh.600362,2025-08-29,2025-09-05,0.2047119140625,2025-08-29 20:02:12.066298
sh.600372,2025-08-25,2025-09-01,0.24365234375,2025-08-29 20:02:12.066298
sh.600372,2025-08-26,2025-09-02,0.187255859375,2025-08-29 20:02:12.066298
sh.600372,2025-08-26,2025-09-02,0.18701171875,2025-08-29 20:02:12.066298
sh.600372,2025-08-26,2025-09-02,0.1865234375,2025-08-29 20:02:12.066298
sh.600372,2025-08-27,2025-09-03,0.128662109375,2025-08-29 20:02:12.066298
sh.600372,2025-08-27,2025-09-03,0.128662109375,2025-08-29 20:02:12.066298
sh.600372,2025-08-27,2025-09-03,0.1285400390625,2025-08-29 20:02:12.066298
sh.600372,2025-08-28,2025-09-04,0.167236328125,2025-08-29 20:02:12.066298
sh.600372,2025-08-28,2025-09-04,0.1666259765625,2025-08-29 20:02:12.066298
sh.600372,2025-08-28,2025-09-04,0.1668701171875,2025-08-29 20:02:12.066298
sh.600372,2025-08-29,2025-09-05,0.2142333984375,2025-08-29 20:02:12.066298
sh.600377,2025-08-25,2025-09-01,0.493896484375,2025-08-29 20:02:12.066298
sh.600377,2025-08-26,2025-09-02,0.32958984375,2025-08-29 20:02:12.066298
sh.600377,2025-08-26,2025-09-02,0.33056640625,2025-08-29 20:02:12.066298
sh.600377,2025-08-27,2025-09-03,0.29345703125,2025-08-29 20:02:12.066298
sh.600377,2025-08-27,2025-09-03,0.294921875,2025-08-29 20:02:12.066298
sh.600377,2025-08-27,2025-09-03,0.295654296875,2025-08-29 20:02:12.066298
sh.600377,2025-08-28,2025-09-04,0.325439453125,2025-08-29 20:02:12.066298
sh.600377,2025-08-28,2025-09-04,0.326171875,2025-08-29 20:02:12.066298
sh.600377,2025-08-28,2025-09-04,0.32666015625,2025-08-29 20:02:12.066298
sh.600377,2025-08-29,2025-09-05,0.5,2025-08-29 20:02:12.066298
sh.600406,2025-08-25,2025-09-01,0.218017578125,2025-08-29 20:02:12.066298
sh.600406,2025-08-26,2025-09-02,0.10687255859375,2025-08-29 20:02:12.066298
sh.600406,2025-08-26,2025-09-02,0.1070556640625,2025-08-29 20:02:12.066298
sh.600406,2025-08-26,2025-09-02,0.1070556640625,2025-08-29 20:02:12.066298
sh.600406,2025-08-27,2025-09-03,0.1319580078125,2025-08-29 20:02:12.066298
sh.600406,2025-08-27,2025-09-03,0.132080078125,2025-08-29 20:02:12.066298
sh.600406,2025-08-27,2025-09-03,0.132080078125,2025-08-29 20:02:12.066298
sh.600406,2025-08-28,2025-09-04,0.08154296875,2025-08-29 20:02:12.066298
sh.600406,2025-08-28,2025-09-04,0.08154296875,2025-08-29 20:02:12.066298
sh.600406,2025-08-28,2025-09-04,0.0816650390625,2025-08-29 20:02:12.066298
sh.600406,2025-08-29,2025-09-05,0.1251220703125,2025-08-29 20:02:12.066298
sh.600415,2025-08-25,2025-09-01,0.2127685546875,2025-08-29 20:02:12.066298
sh.600415,2025-08-26,2025-09-02,0.147705078125,2025-08-29 20:02:12.066298
sh.600415,2025-08-26,2025-09-02,0.1480712890625,2025-08-29 20:02:12.066298
sh.600415,2025-08-26,2025-09-02,0.1484375,2025-08-29 20:02:12.066298
sh.600415,2025-08-27,2025-09-03,0.1424560546875,2025-08-29 20:02:12.066298
sh.600415,2025-08-27,2025-09-03,0.1427001953125,2025-08-29 20:02:12.066298
sh.600415,2025-08-27,2025-09-03,0.143310546875,2025-08-29 20:02:12.066298
sh.600415,2025-08-28,2025-09-04,0.2310791015625,2025-08-29 20:02:12.066298
sh.600415,2025-08-28,2025-09-04,0.232177734375,2025-08-29 20:02:12.066298
sh.600415,2025-08-28,2025-09-04,0.2322998046875,2025-08-29 20:02:12.066298
sh.600415,2025-08-29,2025-09-05,0.247314453125,2025-08-29 20:02:12.066298
sh.600426,2025-08-25,2025-09-01,0.2255859375,2025-08-29 20:02:12.066298
sh.600426,2025-08-26,2025-09-02,0.1868896484375,2025-08-29 20:02:12.066298
sh.600426,2025-08-26,2025-09-02,0.1868896484375,2025-08-29 20:02:12.066298
sh.600426,2025-08-26,2025-09-02,0.1866455078125,2025-08-29 20:02:12.066298
sh.600426,2025-08-27,2025-09-03,0.1923828125,2025-08-29 20:02:12.066298
sh.600426,2025-08-27,2025-09-03,0.1927490234375,2025-08-29 20:02:12.066298
sh.600426,2025-08-27,2025-09-03,0.1925048828125,2025-08-29 20:02:12.066298
sh.600426,2025-08-28,2025-09-04,0.2225341796875,2025-08-29 20:02:12.066298
sh.600426,2025-08-28,2025-09-04,0.222412109375,2025-08-29 20:02:12.066298
sh.600426,2025-08-28,2025-09-04,0.22265625,2025-08-29 20:02:12.066298
sh.600426,2025-08-29,2025-09-05,0.29248046875,2025-08-29 20:02:12.066298
sh.600436,2025-08-25,2025-09-01,0.2310791015625,2025-08-29 20:02:12.066298
sh.600436,2025-08-26,2025-09-02,0.1319580078125,2025-08-29 20:02:12.066298
sh.600436,2025-08-26,2025-09-02,0.1317138671875,2025-08-29 20:02:12.066298
sh.600436,2025-08-26,2025-09-02,0.1318359375,2025-08-29 20:02:12.066298
sh.600436,2025-08-27,2025-09-03,0.1175537109375,2025-08-29 20:02:12.066298
sh.600436,2025-08-27,2025-09-03,0.11737060546875,2025-08-29 20:02:12.066298
sh.600436,2025-08-27,2025-09-03,0.11737060546875,2025-08-29 20:02:12.066298
sh.600436,2025-08-28,2025-09-04,0.1273193359375,2025-08-29 20:02:12.066298
sh.600436,2025-08-28,2025-09-04,0.127197265625,2025-08-29 20:02:12.066298
sh.600436,2025-08-28,2025-09-04,0.127197265625,2025-08-29 20:02:12.066298
sh.600436,2025-08-29,2025-09-05,0.1845703125,2025-08-29 20:02:12.066298
sh.600438,2025-08-25,2025-09-01,0.172607421875,2025-08-29 20:02:12.066298
sh.600438,2025-08-26,2025-09-02,0.12841796875,2025-08-29 20:02:12.066298
sh.600438,2025-08-26,2025-09-02,0.1282958984375,2025-08-29 20:02:12.066298
sh.600438,2025-08-26,2025-09-02,0.1285400390625,2025-08-29 20:02:12.066298
sh.600438,2025-08-27,2025-09-03,0.11474609375,2025-08-29 20:02:12.066298
sh.600438,2025-08-27,2025-09-03,0.11474609375,2025-08-29 20:02:12.066298
sh.600438,2025-08-27,2025-09-03,0.11474609375,2025-08-29 20:02:12.066298
sh.600438,2025-08-28,2025-09-04,0.1580810546875,2025-08-29 20:02:12.066298
sh.600438,2025-08-28,2025-09-04,0.158203125,2025-08-29 20:02:12.066298
sh.600438,2025-08-28,2025-09-04,0.1580810546875,2025-08-29 20:02:12.066298
sh.600438,2025-08-29,2025-09-05,0.2064208984375,2025-08-29 20:02:12.066298
sh.600460,2025-08-25,2025-09-01,0.11376953125,2025-08-29 20:02:12.066298
sh.600460,2025-08-26,2025-09-02,0.15869140625,2025-08-29 20:02:12.066298
sh.600460,2025-08-26,2025-09-02,0.1588134765625,2025-08-29 20:02:12.066298
sh.600460,2025-08-26,2025-09-02,0.1588134765625,2025-08-29 20:02:12.066298
sh.600460,2025-08-27,2025-09-03,0.140869140625,2025-08-29 20:02:12.066298
sh.600460,2025-08-27,2025-09-03,0.140869140625,2025-08-29 20:02:12.066298
sh.600460,2025-08-27,2025-09-03,0.1409912109375,2025-08-29 20:02:12.066298
sh.600460,2025-08-28,2025-09-04,0.254150390625,2025-08-29 20:02:12.066298
sh.600460,2025-08-28,2025-09-04,0.25439453125,2025-08-29 20:02:12.066298
sh.600460,2025-08-28,2025-09-04,0.2548828125,2025-08-29 20:02:12.066298
sh.600460,2025-08-29,2025-09-05,0.26123046875,2025-08-29 20:02:12.066298
sh.600482,2025-08-25,2025-09-01,0.308837890625,2025-08-29 20:02:12.066298
sh.600482,2025-08-26,2025-09-02,0.161865234375,2025-08-29 20:02:12.066298
sh.600482,2025-08-26,2025-09-02,0.1624755859375,2025-08-29 20:02:12.066298
sh.600482,2025-08-26,2025-09-02,0.16259765625,2025-08-29 20:02:12.066298
sh.600482,2025-08-27,2025-09-03,0.1444091796875,2025-08-29 20:02:12.066298
sh.600482,2025-08-27,2025-09-03,0.1444091796875,2025-08-29 20:02:12.066298
sh.600482,2025-08-27,2025-09-03,0.1448974609375,2025-08-29 20:02:12.066298
sh.600482,2025-08-28,2025-09-04,0.1845703125,2025-08-29 20:02:12.066298
sh.600482,2025-08-28,2025-09-04,0.185302734375,2025-08-29 20:02:12.066298
sh.600482,2025-08-28,2025-09-04,0.185302734375,2025-08-29 20:02:12.066298
sh.600482,2025-08-29,2025-09-05,0.1942138671875,2025-08-29 20:02:12.066298
sh.600489,2025-08-25,2025-09-01,0.28857421875,2025-08-29 20:02:12.066298
sh.600489,2025-08-26,2025-09-02,0.2305908203125,2025-08-29 20:02:12.066298
sh.600489,2025-08-26,2025-09-02,0.2305908203125,2025-08-29 20:02:12.066298
sh.600489,2025-08-26,2025-09-02,0.2310791015625,2025-08-29 20:02:12.066298
sh.600489,2025-08-27,2025-09-03,0.1484375,2025-08-29 20:02:12.066298
sh.600489,2025-08-27,2025-09-03,0.1488037109375,2025-08-29 20:02:12.066298
sh.600489,2025-08-27,2025-09-03,0.1490478515625,2025-08-29 20:02:12.066298
sh.600489,2025-08-28,2025-09-04,0.149658203125,2025-08-29 20:02:12.066298
sh.600489,2025-08-28,2025-09-04,0.1500244140625,2025-08-29 20:02:12.066298
sh.600489,2025-08-28,2025-09-04,0.150634765625,2025-08-29 20:02:12.066298
sh.600489,2025-08-29,2025-09-05,0.26904296875,2025-08-29 20:02:12.066298
sh.600515,2025-08-25,2025-09-01,0.281494140625,2025-08-29 20:02:12.066298
sh.600515,2025-08-26,2025-09-02,0.17333984375,2025-08-29 20:02:12.066298
sh.600515,2025-08-26,2025-09-02,0.17333984375,2025-08-29 20:02:12.066298
sh.600515,2025-08-26,2025-09-02,0.173095703125,2025-08-29 20:02:12.066298
sh.600515,2025-08-27,2025-09-03,0.1346435546875,2025-08-29 20:02:12.066298
sh.600515,2025-08-27,2025-09-03,0.1343994140625,2025-08-29 20:02:12.066298
sh.600515,2025-08-27,2025-09-03,0.1343994140625,2025-08-29 20:02:12.066298
sh.600515,2025-08-28,2025-09-04,0.13818359375,2025-08-29 20:02:12.066298
sh.600515,2025-08-28,2025-09-04,0.1380615234375,2025-08-29 20:02:12.066298
sh.600515,2025-08-28,2025-09-04,0.1383056640625,2025-08-29 20:02:12.066298
sh.600515,2025-08-29,2025-09-05,0.1385498046875,2025-08-29 20:02:12.066298
sh.600519,2025-08-25,2025-09-01,0.15087890625,2025-08-29 20:02:12.066298
sh.600519,2025-08-26,2025-09-02,0.138916015625,2025-08-29 20:02:12.066298
sh.600519,2025-08-26,2025-09-02,0.1387939453125,2025-08-29 20:02:12.066298
sh.600519,2025-08-27,2025-09-03,0.129150390625,2025-08-29 20:02:12.066298
sh.600519,2025-08-27,2025-09-03,0.129150390625,2025-08-29 20:02:12.066298
sh.600519,2025-08-27,2025-09-03,0.129150390625,2025-08-29 20:02:12.066298
sh.600519,2025-08-28,2025-09-04,0.1087646484375,2025-08-29 20:02:12.066298
sh.600519,2025-08-28,2025-09-04,0.1087646484375,2025-08-29 20:02:12.066298
sh.600519,2025-08-28,2025-09-04,0.1087646484375,2025-08-29 20:02:12.066298
sh.600519,2025-08-29,2025-09-05,0.327880859375,2025-08-29 20:02:12.066298
sh.600547,2025-08-25,2025-09-01,0.291015625,2025-08-29 20:02:12.066298
sh.600547,2025-08-26,2025-09-02,0.2239990234375,2025-08-29 20:02:12.066298
sh.600547,2025-08-26,2025-09-02,0.2235107421875,2025-08-29 20:02:12.066298
sh.600547,2025-08-26,2025-09-02,0.2242431640625,2025-08-29 20:02:12.066298
sh.600547,2025-08-27,2025-09-03,0.140380859375,2025-08-29 20:02:12.066298
sh.600547,2025-08-27,2025-09-03,0.1407470703125,2025-08-29 20:02:12.066298
sh.600547,2025-08-27,2025-09-03,0.140869140625,2025-08-29 20:02:12.066298
sh.600547,2025-08-28,2025-09-04,0.1207275390625,2025-08-29 20:02:12.066298
sh.600547,2025-08-28,2025-09-04,0.12103271484375,2025-08-29 20:02:12.066298
sh.600547,2025-08-28,2025-09-04,0.12139892578125,2025-08-29 20:02:12.066298
sh.600547,2025-08-29,2025-09-05,0.1585693359375,2025-08-29 20:02:12.066298
sh.600570,2025-08-25,2025-09-01,0.1727294921875,2025-08-29 20:02:12.066298
sh.600570,2025-08-26,2025-09-02,0.224609375,2025-08-29 20:02:12.066298
sh.600570,2025-08-26,2025-09-02,0.2235107421875,2025-08-29 20:02:12.066298
sh.600570,2025-08-26,2025-09-02,0.2242431640625,2025-08-29 20:02:12.066298
sh.600570,2025-08-27,2025-09-03,0.1348876953125,2025-08-29 20:02:12.066298
sh.600570,2025-08-27,2025-09-03,0.1348876953125,2025-08-29 20:02:12.066298
sh.600570,2025-08-27,2025-09-03,0.135009765625,2025-08-29 20:02:12.066298
sh.600570,2025-08-28,2025-09-04,0.25732421875,2025-08-29 20:02:12.066298
sh.600570,2025-08-28,2025-09-04,0.25732421875,2025-08-29 20:02:12.066298
sh.600570,2025-08-28,2025-09-04,0.25634765625,2025-08-29 20:02:12.066298
sh.600570,2025-08-29,2025-09-05,0.193603515625,2025-08-29 20:02:12.066298
sh.600584,2025-08-25,2025-09-01,0.1676025390625,2025-08-29 20:02:12.066298
sh.600584,2025-08-26,2025-09-02,0.1903076171875,2025-08-29 20:02:12.066298
sh.600584,2025-08-26,2025-09-02,0.1903076171875,2025-08-29 20:02:12.066298
sh.600584,2025-08-26,2025-09-02,0.1905517578125,2025-08-29 20:02:12.066298
sh.600584,2025-08-27,2025-09-03,0.126953125,2025-08-29 20:02:12.066298
sh.600584,2025-08-27,2025-09-03,0.1270751953125,2025-08-29 20:02:12.066298
sh.600584,2025-08-27,2025-09-03,0.12744140625,2025-08-29 20:02:12.066298
sh.600584,2025-08-28,2025-09-04,0.252685546875,2025-08-29 20:02:12.066298
sh.600584,2025-08-28,2025-09-04,0.2529296875,2025-08-29 20:02:12.066298
sh.600584,2025-08-28,2025-09-04,0.2529296875,2025-08-29 20:02:12.066298
sh.600584,2025-08-29,2025-09-05,0.216552734375,2025-08-29 20:02:12.066298
sh.600585,2025-08-25,2025-09-01,0.212890625,2025-08-29 20:02:12.066298
sh.600585,2025-08-26,2025-09-02,0.1845703125,2025-08-29 20:02:12.066298
sh.600585,2025-08-26,2025-09-02,0.1844482421875,2025-08-29 20:02:12.066298
sh.600585,2025-08-27,2025-09-03,0.1153564453125,2025-08-29 20:02:12.066298
sh.600585,2025-08-27,2025-09-03,0.11517333984375,2025-08-29 20:02:12.066298
sh.600585,2025-08-27,2025-09-03,0.1153564453125,2025-08-29 20:02:12.066298
sh.600585,2025-08-28,2025-09-04,0.1519775390625,2025-08-29 20:02:12.066298
sh.600585,2025-08-28,2025-09-04,0.1519775390625,2025-08-29 20:02:12.066298
sh.600585,2025-08-28,2025-09-04,0.15185546875,2025-08-29 20:02:12.066298
sh.600585,2025-08-29,2025-09-05,0.12249755859375,2025-08-29 20:02:12.066298
sh.600588,2025-08-25,2025-09-01,0.2447509765625,2025-08-29 20:02:12.066298
sh.600588,2025-08-26,2025-09-02,0.18603515625,2025-08-29 20:02:12.066298
sh.600588,2025-08-26,2025-09-02,0.185791015625,2025-08-29 20:02:12.066298
sh.600588,2025-08-26,2025-09-02,0.185791015625,2025-08-29 20:02:12.066298
sh.600588,2025-08-27,2025-09-03,0.1395263671875,2025-08-29 20:02:12.066298
sh.600588,2025-08-27,2025-09-03,0.1395263671875,2025-08-29 20:02:12.066298
sh.600588,2025-08-27,2025-09-03,0.1395263671875,2025-08-29 20:02:12.066298
sh.600588,2025-08-28,2025-09-04,0.252197265625,2025-08-29 20:02:12.066298
sh.600588,2025-08-28,2025-09-04,0.25244140625,2025-08-29 20:02:12.066298
sh.600588,2025-08-28,2025-09-04,0.25146484375,2025-08-29 20:02:12.066298
sh.600588,2025-08-29,2025-09-05,0.1602783203125,2025-08-29 20:02:12.066298
sh.600600,2025-08-25,2025-09-01,0.13720703125,2025-08-29 20:02:12.066298
sh.600600,2025-08-26,2025-09-02,0.0975341796875,2025-08-29 20:02:12.066298
sh.600600,2025-08-26,2025-09-02,0.0975341796875,2025-08-29 20:02:12.066298
sh.600600,2025-08-27,2025-09-03,0.1275634765625,2025-08-29 20:02:12.066298
sh.600600,2025-08-27,2025-09-03,0.12744140625,2025-08-29 20:02:12.066298
sh.600600,2025-08-27,2025-09-03,0.1273193359375,2025-08-29 20:02:12.066298
sh.600600,2025-08-28,2025-09-04,0.11553955078125,2025-08-29 20:02:12.066298
sh.600600,2025-08-28,2025-09-04,0.1153564453125,2025-08-29 20:02:12.066298
sh.600600,2025-08-28,2025-09-04,0.11517333984375,2025-08-29 20:02:12.066298
sh.600600,2025-08-29,2025-09-05,0.10015869140625,2025-08-29 20:02:12.066298
sh.600660,2025-08-25,2025-09-01,0.21484375,2025-08-29 20:02:12.066298
sh.600660,2025-08-26,2025-09-02,0.1922607421875,2025-08-29 20:02:12.066298
sh.600660,2025-08-26,2025-09-02,0.1927490234375,2025-08-29 20:02:12.066298
sh.600660,2025-08-27,2025-09-03,0.1771240234375,2025-08-29 20:02:12.066298
sh.600660,2025-08-27,2025-09-03,0.177490234375,2025-08-29 20:02:12.066298
sh.600660,2025-08-27,2025-09-03,0.1776123046875,2025-08-29 20:02:12.066298
sh.600660,2025-08-28,2025-09-04,0.309814453125,2025-08-29 20:02:12.066298
sh.600660,2025-08-28,2025-09-04,0.310302734375,2025-08-29 20:02:12.066298
sh.600660,2025-08-28,2025-09-04,0.310791015625,2025-08-29 20:02:12.066298
sh.600660,2025-08-29,2025-09-05,0.278076171875,2025-08-29 20:02:12.066298
sh.600674,2025-08-25,2025-09-01,0.1798095703125,2025-08-29 20:02:12.066298
sh.600674,2025-08-26,2025-09-02,0.177490234375,2025-08-29 20:02:12.066298
sh.600674,2025-08-26,2025-09-02,0.177978515625,2025-08-29 20:02:12.066298
sh.600674,2025-08-27,2025-09-03,0.1573486328125,2025-08-29 20:02:12.066298
sh.600674,2025-08-27,2025-09-03,0.157470703125,2025-08-29 20:02:12.066298
sh.600674,2025-08-27,2025-09-03,0.1578369140625,2025-08-29 20:02:12.066298
sh.600674,2025-08-28,2025-09-04,0.19677734375,2025-08-29 20:02:12.066298
sh.600674,2025-08-28,2025-09-04,0.1973876953125,2025-08-29 20:02:12.066298
sh.600674,2025-08-28,2025-09-04,0.1976318359375,2025-08-29 20:02:12.066298
sh.600674,2025-08-29,2025-09-05,0.2125244140625,2025-08-29 20:02:12.066298
sh.600690,2025-08-25,2025-09-01,0.2481689453125,2025-08-29 20:02:12.066298
sh.600690,2025-08-26,2025-09-02,0.1658935546875,2025-08-29 20:02:12.066298
sh.600690,2025-08-26,2025-09-02,0.1661376953125,2025-08-29 20:02:12.066298
sh.600690,2025-08-26,2025-09-02,0.16650390625,2025-08-29 20:02:12.066298
sh.600690,2025-08-27,2025-09-03,0.12335205078125,2025-08-29 20:02:12.066298
sh.600690,2025-08-27,2025-09-03,0.12335205078125,2025-08-29 20:02:12.066298
sh.600690,2025-08-27,2025-09-03,0.12347412109375,2025-08-29 20:02:12.066298
sh.600690,2025-08-28,2025-09-04,0.1671142578125,2025-08-29 20:02:12.066298
sh.600690,2025-08-28,2025-09-04,0.1673583984375,2025-08-29 20:02:12.066298
sh.600690,2025-08-28,2025-09-04,0.1673583984375,2025-08-29 20:02:12.066298
sh.600690,2025-08-29,2025-09-05,0.1190185546875,2025-08-29 20:02:12.066298
sh.600741,2025-08-25,2025-09-01,0.262939453125,2025-08-29 20:02:12.066298
sh.600741,2025-08-26,2025-09-02,0.176513671875,2025-08-29 20:02:12.066298
sh.600741,2025-08-26,2025-09-02,0.1763916015625,2025-08-29 20:02:12.066298
sh.600741,2025-08-26,2025-09-02,0.176513671875,2025-08-29 20:02:12.066298
sh.600741,2025-08-27,2025-09-03,0.1370849609375,2025-08-29 20:02:12.066298
sh.600741,2025-08-27,2025-09-03,0.13720703125,2025-08-29 20:02:12.066298
sh.600741,2025-08-27,2025-09-03,0.13720703125,2025-08-29 20:02:12.066298
sh.600741,2025-08-28,2025-09-04,0.15185546875,2025-08-29 20:02:12.066298
sh.600741,2025-08-28,2025-09-04,0.1519775390625,2025-08-29 20:02:12.066298
sh.600741,2025-08-28,2025-09-04,0.1519775390625,2025-08-29 20:02:12.066298
sh.600741,2025-08-29,2025-09-05,0.1571044921875,2025-08-29 20:02:12.066298
sh.600760,2025-08-25,2025-09-01,0.2425537109375,2025-08-29 20:02:12.066298
sh.600760,2025-08-26,2025-09-02,0.1734619140625,2025-08-29 20:02:12.066298
sh.600760,2025-08-26,2025-09-02,0.1739501953125,2025-08-29 20:02:12.066298
sh.600760,2025-08-26,2025-09-02,0.1739501953125,2025-08-29 20:02:12.066298
sh.600760,2025-08-27,2025-09-03,0.1614990234375,2025-08-29 20:02:12.066298
sh.600760,2025-08-27,2025-09-03,0.1619873046875,2025-08-29 20:02:12.066298
sh.600760,2025-08-27,2025-09-03,0.162109375,2025-08-29 20:02:12.066298
sh.600760,2025-08-28,2025-09-04,0.2152099609375,2025-08-29 20:02:12.066298
sh.600760,2025-08-28,2025-09-04,0.2149658203125,2025-08-29 20:02:12.066298
sh.600760,2025-08-28,2025-09-04,0.2158203125,2025-08-29 20:02:12.066298
sh.600760,2025-08-29,2025-09-05,0.30859375,2025-08-29 20:02:12.066298
sh.600795,2025-08-25,2025-09-01,0.296142578125,2025-08-29 20:02:12.066298
sh.600795,2025-08-26,2025-09-02,0.236328125,2025-08-29 20:02:12.066298
sh.600795,2025-08-26,2025-09-02,0.2366943359375,2025-08-29 20:02:12.066298
sh.600795,2025-08-26,2025-09-02,0.236572265625,2025-08-29 20:02:12.066298
sh.600795,2025-08-27,2025-09-03,0.10107421875,2025-08-29 20:02:12.066298
sh.600795,2025-08-27,2025-09-03,0.10125732421875,2025-08-29 20:02:12.066298
sh.600795,2025-08-27,2025-09-03,0.10125732421875,2025-08-29 20:02:12.066298
sh.600795,2025-08-28,2025-09-04,0.2347412109375,2025-08-29 20:02:12.066298
sh.600795,2025-08-28,2025-09-04,0.235595703125,2025-08-29 20:02:12.066298
sh.600795,2025-08-28,2025-09-04,0.2352294921875,2025-08-29 20:02:12.066298
sh.600795,2025-08-29,2025-09-05,0.1104736328125,2025-08-29 20:02:12.066298
sh.600803,2025-08-25,2025-09-01,0.169189453125,2025-08-29 20:02:12.066298
sh.600803,2025-08-26,2025-09-02,0.11376953125,2025-08-29 20:02:12.066298
sh.600803,2025-08-26,2025-09-02,0.11395263671875,2025-08-29 20:02:12.066298
sh.600803,2025-08-26,2025-09-02,0.11395263671875,2025-08-29 20:02:12.066298
sh.600803,2025-08-27,2025-09-03,0.1356201171875,2025-08-29 20:02:12.066298
sh.600803,2025-08-27,2025-09-03,0.1356201171875,2025-08-29 20:02:12.066298
sh.600803,2025-08-27,2025-09-03,0.1357421875,2025-08-29 20:02:12.066298
sh.600803,2025-08-28,2025-09-04,0.10321044921875,2025-08-29 20:02:12.066298
sh.600803,2025-08-28,2025-09-04,0.10321044921875,2025-08-29 20:02:12.066298
sh.600803,2025-08-28,2025-09-04,0.10321044921875,2025-08-29 20:02:12.066298
sh.600803,2025-08-29,2025-09-05,0.10931396484375,2025-08-29 20:02:12.066298
sh.600809,2025-08-25,2025-09-01,0.2078857421875,2025-08-29 20:02:12.066298
sh.600809,2025-08-26,2025-09-02,0.288818359375,2025-08-29 20:02:12.066298
sh.600809,2025-08-26,2025-09-02,0.2890625,2025-08-29 20:02:12.066298
sh.600809,2025-08-26,2025-09-02,0.28857421875,2025-08-29 20:02:12.066298
sh.600809,2025-08-27,2025-09-03,0.1441650390625,2025-08-29 20:02:12.066298
sh.600809,2025-08-27,2025-09-03,0.144287109375,2025-08-29 20:02:12.066298
sh.600809,2025-08-27,2025-09-03,0.1441650390625,2025-08-29 20:02:12.066298
sh.600809,2025-08-28,2025-09-04,0.1312255859375,2025-08-29 20:02:12.066298
sh.600809,2025-08-28,2025-09-04,0.1312255859375,2025-08-29 20:02:12.066298
sh.600809,2025-08-28,2025-09-04,0.1312255859375,2025-08-29 20:02:12.066298
sh.600809,2025-08-29,2025-09-05,0.181396484375,2025-08-29 20:02:12.066298
sh.600845,2025-08-25,2025-09-01,0.133056640625,2025-08-29 20:02:12.066298
sh.600845,2025-08-26,2025-09-02,0.1202392578125,2025-08-29 20:02:12.066298
sh.600845,2025-08-26,2025-09-02,0.12042236328125,2025-08-29 20:02:12.066298
sh.600845,2025-08-26,2025-09-02,0.12054443359375,2025-08-29 20:02:12.066298
sh.600845,2025-08-27,2025-09-03,0.10540771484375,2025-08-29 20:02:12.066298
sh.600845,2025-08-27,2025-09-03,0.10540771484375,2025-08-29 20:02:12.066298
sh.600845,2025-08-27,2025-09-03,0.1055908203125,2025-08-29 20:02:12.066298
sh.600845,2025-08-28,2025-09-04,0.161865234375,2025-08-29 20:02:12.066298
sh.600845,2025-08-28,2025-09-04,0.1617431640625,2025-08-29 20:02:12.066298
sh.600845,2025-08-28,2025-09-04,0.1619873046875,2025-08-29 20:02:12.066298
sh.600845,2025-08-29,2025-09-05,0.1390380859375,2025-08-29 20:02:12.066298
sh.600875,2025-08-25,2025-09-01,0.3349609375,2025-08-29 20:02:12.066298
sh.600875,2025-08-26,2025-09-02,0.2176513671875,2025-08-29 20:02:12.066298
sh.600875,2025-08-26,2025-09-02,0.21728515625,2025-08-29 20:02:12.066298
sh.600875,2025-08-26,2025-09-02,0.217529296875,2025-08-29 20:02:12.066298
sh.600875,2025-08-27,2025-09-03,0.1407470703125,2025-08-29 20:02:12.066298
sh.600875,2025-08-27,2025-09-03,0.140869140625,2025-08-29 20:02:12.066298
sh.600875,2025-08-27,2025-09-03,0.140869140625,2025-08-29 20:02:12.066298
sh.600875,2025-08-28,2025-09-04,0.2445068359375,2025-08-29 20:02:12.066298
sh.600875,2025-08-28,2025-09-04,0.244384765625,2025-08-29 20:02:12.066298
sh.600875,2025-08-28,2025-09-04,0.2437744140625,2025-08-29 20:02:12.066298
sh.600875,2025-08-29,2025-09-05,0.17626953125,2025-08-29 20:02:12.066298
sh.600886,2025-08-25,2025-09-01,0.205322265625,2025-08-29 20:02:12.066298
sh.600886,2025-08-26,2025-09-02,0.1488037109375,2025-08-29 20:02:12.066298
sh.600886,2025-08-26,2025-09-02,0.1490478515625,2025-08-29 20:02:12.066298
sh.600886,2025-08-26,2025-09-02,0.149658203125,2025-08-29 20:02:12.066298
sh.600886,2025-08-27,2025-09-03,0.1328125,2025-08-29 20:02:12.066298
sh.600886,2025-08-27,2025-09-03,0.1329345703125,2025-08-29 20:02:12.066298
sh.600886,2025-08-27,2025-09-03,0.133056640625,2025-08-29 20:02:12.066298
sh.600886,2025-08-28,2025-09-04,0.11859130859375,2025-08-29 20:02:12.066298
sh.600886,2025-08-28,2025-09-04,0.1187744140625,2025-08-29 20:02:12.066298
sh.600886,2025-08-28,2025-09-04,0.1190185546875,2025-08-29 20:02:12.066298
sh.600886,2025-08-29,2025-09-05,0.11474609375,2025-08-29 20:02:12.066298
sh.600887,2025-08-25,2025-09-01,0.394287109375,2025-08-29 20:02:12.066298
sh.600887,2025-08-26,2025-09-02,0.07574462890625,2025-08-29 20:02:12.066298
sh.600887,2025-08-26,2025-09-02,0.07586669921875,2025-08-29 20:02:12.066298
sh.600887,2025-08-26,2025-09-02,0.07586669921875,2025-08-29 20:02:12.066298
sh.600887,2025-08-27,2025-09-03,0.1300048828125,2025-08-29 20:02:12.066298
sh.600887,2025-08-27,2025-09-03,0.1300048828125,2025-08-29 20:02:12.066298
sh.600887,2025-08-27,2025-09-03,0.1298828125,2025-08-29 20:02:12.066298
sh.600887,2025-08-28,2025-09-04,0.1026611328125,2025-08-29 20:02:12.066298
sh.600887,2025-08-28,2025-09-04,0.1026611328125,2025-08-29 20:02:12.066298
sh.600887,2025-08-28,2025-09-04,0.10247802734375,2025-08-29 20:02:12.066298
sh.600887,2025-08-29,2025-09-05,0.08599853515625,2025-08-29 20:02:12.066298
sh.600893,2025-08-25,2025-09-01,0.222900390625,2025-08-29 20:02:12.066298
sh.600893,2025-08-26,2025-09-02,0.166259765625,2025-08-29 20:02:12.066298
sh.600893,2025-08-26,2025-09-02,0.166015625,2025-08-29 20:02:12.066298
sh.600893,2025-08-26,2025-09-02,0.165771484375,2025-08-29 20:02:12.066298
sh.600893,2025-08-27,2025-09-03,0.1441650390625,2025-08-29 20:02:12.066298
sh.600893,2025-08-27,2025-09-03,0.1441650390625,2025-08-29 20:02:12.066298
sh.600893,2025-08-27,2025-09-03,0.1439208984375,2025-08-29 20:02:12.066298
sh.600893,2025-08-28,2025-09-04,0.1961669921875,2025-08-29 20:02:12.066298
sh.600893,2025-08-28,2025-09-04,0.195556640625,2025-08-29 20:02:12.066298
sh.600893,2025-08-28,2025-09-04,0.1949462890625,2025-08-29 20:02:12.066298
sh.600893,2025-08-29,2025-09-05,0.177001953125,2025-08-29 20:02:12.066298
sh.600900,2025-08-25,2025-09-01,0.08538818359375,2025-08-29 20:02:12.066298
sh.600900,2025-08-26,2025-09-02,0.1697998046875,2025-08-29 20:02:12.066298
sh.600900,2025-08-26,2025-09-02,0.1702880859375,2025-08-29 20:02:12.066298
sh.600900,2025-08-26,2025-09-02,0.171142578125,2025-08-29 20:02:12.066298
sh.600900,2025-08-27,2025-09-03,0.1605224609375,2025-08-29 20:02:12.066298
sh.600900,2025-08-27,2025-09-03,0.1607666015625,2025-08-29 20:02:12.066298
sh.600900,2025-08-27,2025-09-03,0.16162109375,2025-08-29 20:02:12.066298
sh.600900,2025-08-28,2025-09-04,0.219970703125,2025-08-29 20:02:12.066298
sh.600900,2025-08-28,2025-09-04,0.220703125,2025-08-29 20:02:12.066298
sh.600900,2025-08-28,2025-09-04,0.22119140625,2025-08-29 20:02:12.066298
sh.600900,2025-08-29,2025-09-05,0.2032470703125,2025-08-29 20:02:12.066298
sh.600905,2025-08-25,2025-09-01,0.11553955078125,2025-08-29 20:02:12.066298
sh.600905,2025-08-26,2025-09-02,0.1746826171875,2025-08-29 20:02:12.066298
sh.600905,2025-08-26,2025-09-02,0.17431640625,2025-08-29 20:02:12.066298
sh.600905,2025-08-27,2025-09-03,0.13427734375,2025-08-29 20:02:12.066298
sh.600905,2025-08-27,2025-09-03,0.1341552734375,2025-08-29 20:02:12.066298
sh.600905,2025-08-27,2025-09-03,0.134033203125,2025-08-29 20:02:12.066298
sh.600905,2025-08-28,2025-09-04,0.09979248046875,2025-08-29 20:02:12.066298
sh.600905,2025-08-28,2025-09-04,0.09967041015625,2025-08-29 20:02:12.066298
sh.600905,2025-08-28,2025-09-04,0.09967041015625,2025-08-29 20:02:12.066298
sh.600905,2025-08-29,2025-09-05,0.0880126953125,2025-08-29 20:02:12.066298
sh.600918,2025-08-25,2025-09-01,0.1553955078125,2025-08-29 20:02:12.066298
sh.600918,2025-08-26,2025-09-02,0.1541748046875,2025-08-29 20:02:12.066298
sh.600918,2025-08-26,2025-09-02,0.154296875,2025-08-29 20:02:12.066298
sh.600918,2025-08-27,2025-09-03,0.130126953125,2025-08-29 20:02:12.066298
sh.600918,2025-08-27,2025-09-03,0.1302490234375,2025-08-29 20:02:12.066298
sh.600918,2025-08-27,2025-09-03,0.13037109375,2025-08-29 20:02:12.066298
sh.600918,2025-08-28,2025-09-04,0.1583251953125,2025-08-29 20:02:12.066298
sh.600918,2025-08-28,2025-09-04,0.1585693359375,2025-08-29 20:02:12.066298
sh.600918,2025-08-28,2025-09-04,0.15869140625,2025-08-29 20:02:12.066298
sh.600918,2025-08-29,2025-09-05,0.1444091796875,2025-08-29 20:02:12.066298
sh.600919,2025-08-25,2025-09-01,0.1409912109375,2025-08-29 20:02:12.066298
sh.600919,2025-08-26,2025-09-02,0.15771484375,2025-08-29 20:02:12.066298
sh.600919,2025-08-26,2025-09-02,0.1580810546875,2025-08-29 20:02:12.066298
sh.600919,2025-08-26,2025-09-02,0.1588134765625,2025-08-29 20:02:12.066298
sh.600919,2025-08-27,2025-09-03,0.14013671875,2025-08-29 20:02:12.066298
sh.600919,2025-08-27,2025-09-03,0.140380859375,2025-08-29 20:02:12.066298
sh.600919,2025-08-27,2025-09-03,0.140869140625,2025-08-29 20:02:12.066298
sh.600919,2025-08-28,2025-09-04,0.0855712890625,2025-08-29 20:02:12.066298
sh.600919,2025-08-28,2025-09-04,0.08538818359375,2025-08-29 20:02:12.066298
sh.600919,2025-08-28,2025-09-04,0.08447265625,2025-08-29 20:02:12.066298
sh.600919,2025-08-29,2025-09-05,0.130615234375,2025-08-29 20:02:12.066298
sh.600926,2025-08-25,2025-09-01,0.1510009765625,2025-08-29 20:02:12.066298
sh.600926,2025-08-26,2025-09-02,0.142822265625,2025-08-29 20:02:12.066298
sh.600926,2025-08-26,2025-09-02,0.1429443359375,2025-08-29 20:02:12.066298
sh.600926,2025-08-27,2025-09-03,0.12445068359375,2025-08-29 20:02:12.066298
sh.600926,2025-08-27,2025-09-03,0.1246337890625,2025-08-29 20:02:12.066298
sh.600926,2025-08-27,2025-09-03,0.12493896484375,2025-08-29 20:02:12.066298
sh.600926,2025-08-28,2025-09-04,0.229248046875,2025-08-29 20:02:12.066298
sh.600926,2025-08-28,2025-09-04,0.2294921875,2025-08-29 20:02:12.066298
sh.600926,2025-08-28,2025-09-04,0.22802734375,2025-08-29 20:02:12.066298
sh.600926,2025-08-29,2025-09-05,0.123046875,2025-08-29 20:02:12.066298
sh.600938,2025-08-25,2025-09-01,0.1812744140625,2025-08-29 20:02:12.066298
sh.600938,2025-08-26,2025-09-02,0.1590576171875,2025-08-29 20:02:12.066298
sh.600938,2025-08-26,2025-09-02,0.159423828125,2025-08-29 20:02:12.066298
sh.600938,2025-08-27,2025-09-03,0.1390380859375,2025-08-29 20:02:12.066298
sh.600938,2025-08-27,2025-09-03,0.1392822265625,2025-08-29 20:02:12.066298
sh.600938,2025-08-27,2025-09-03,0.1396484375,2025-08-29 20:02:12.066298
sh.600938,2025-08-28,2025-09-04,0.174072265625,2025-08-29 20:02:12.066298
sh.600938,2025-08-28,2025-09-04,0.173828125,2025-08-29 20:02:12.066298
sh.600938,2025-08-28,2025-09-04,0.173583984375,2025-08-29 20:02:12.066298
sh.600938,2025-08-29,2025-09-05,0.1055908203125,2025-08-29 20:02:12.066298
sh.600941,2025-08-25,2025-09-01,0.1270751953125,2025-08-29 20:02:12.066298
sh.600941,2025-08-26,2025-09-02,0.148193359375,2025-08-29 20:02:12.066298
sh.600941,2025-08-26,2025-09-02,0.1485595703125,2025-08-29 20:02:12.066298
sh.600941,2025-08-27,2025-09-03,0.128662109375,2025-08-29 20:02:12.066298
sh.600941,2025-08-27,2025-09-03,0.12890625,2025-08-29 20:02:12.066298
sh.600941,2025-08-27,2025-09-03,0.12890625,2025-08-29 20:02:12.066298
sh.600941,2025-08-28,2025-09-04,0.11456298828125,2025-08-29 20:02:12.066298
sh.600941,2025-08-28,2025-09-04,0.114990234375,2025-08-29 20:02:12.066298
sh.600941,2025-08-28,2025-09-04,0.1153564453125,2025-08-29 20:02:12.066298
sh.600941,2025-08-29,2025-09-05,0.0738525390625,2025-08-29 20:02:12.066298
sh.600958,2025-08-25,2025-09-01,0.2685546875,2025-08-29 20:02:12.066298
sh.600958,2025-08-26,2025-09-02,0.17041015625,2025-08-29 20:02:12.066298
sh.600958,2025-08-26,2025-09-02,0.1705322265625,2025-08-29 20:02:12.066298
sh.600958,2025-08-27,2025-09-03,0.148193359375,2025-08-29 20:02:12.066298
sh.600958,2025-08-27,2025-09-03,0.14794921875,2025-08-29 20:02:12.066298
sh.600958,2025-08-27,2025-09-03,0.1480712890625,2025-08-29 20:02:12.066298
sh.600958,2025-08-28,2025-09-04,0.258056640625,2025-08-29 20:02:12.066298
sh.600958,2025-08-28,2025-09-04,0.2587890625,2025-08-29 20:02:12.066298
sh.600958,2025-08-28,2025-09-04,0.25732421875,2025-08-29 20:02:12.066298
sh.600958,2025-08-29,2025-09-05,0.1591796875,2025-08-29 20:02:12.066298
sh.600989,2025-08-25,2025-09-01,0.382080078125,2025-08-29 20:02:12.066298
sh.600989,2025-08-26,2025-09-02,0.14794921875,2025-08-29 20:02:12.066298
sh.600989,2025-08-26,2025-09-02,0.1480712890625,2025-08-29 20:02:12.066298
sh.600989,2025-08-27,2025-09-03,0.12103271484375,2025-08-29 20:02:12.066298
sh.600989,2025-08-27,2025-09-03,0.1214599609375,2025-08-29 20:02:12.066298
sh.600989,2025-08-27,2025-09-03,0.12176513671875,2025-08-29 20:02:12.066298
sh.600989,2025-08-28,2025-09-04,0.1588134765625,2025-08-29 20:02:12.066298
sh.600989,2025-08-28,2025-09-04,0.1591796875,2025-08-29 20:02:12.066298
sh.600989,2025-08-28,2025-09-04,0.15966796875,2025-08-29 20:02:12.066298
sh.600989,2025-08-29,2025-09-05,0.151611328125,2025-08-29 20:02:12.066298
sh.600999,2025-08-25,2025-09-01,0.192138671875,2025-08-29 20:02:12.066298
sh.600999,2025-08-26,2025-09-02,0.2398681640625,2025-08-29 20:02:12.066298
sh.600999,2025-08-26,2025-09-02,0.240478515625,2025-08-29 20:02:12.066298
sh.600999,2025-08-27,2025-09-03,0.1456298828125,2025-08-29 20:02:12.066298
sh.600999,2025-08-27,2025-09-03,0.145751953125,2025-08-29 20:02:12.066298
sh.600999,2025-08-27,2025-09-03,0.1461181640625,2025-08-29 20:02:12.066298
sh.600999,2025-08-28,2025-09-04,0.282958984375,2025-08-29 20:02:12.066298
sh.600999,2025-08-28,2025-09-04,0.282958984375,2025-08-29 20:02:12.066298
sh.600999,2025-08-28,2025-09-04,0.2841796875,2025-08-29 20:02:12.066298
sh.600999,2025-08-29,2025-09-05,0.1927490234375,2025-08-29 20:02:12.066298
sh.601006,2025-08-25,2025-09-01,0.4326171875,2025-08-29 20:02:12.066298
sh.601006,2025-08-26,2025-09-02,0.1336669921875,2025-08-29 20:02:12.066298
sh.601006,2025-08-26,2025-09-02,0.1339111328125,2025-08-29 20:02:12.066298
sh.601006,2025-08-27,2025-09-03,0.1439208984375,2025-08-29 20:02:12.066298
sh.601006,2025-08-27,2025-09-03,0.1439208984375,2025-08-29 20:02:12.066298
sh.601006,2025-08-27,2025-09-03,0.14404296875,2025-08-29 20:02:12.066298
sh.601006,2025-08-28,2025-09-04,0.1705322265625,2025-08-29 20:02:12.066298
sh.601006,2025-08-28,2025-09-04,0.17041015625,2025-08-29 20:02:12.066298
sh.601006,2025-08-28,2025-09-04,0.1705322265625,2025-08-29 20:02:12.066298
sh.601006,2025-08-29,2025-09-05,0.262939453125,2025-08-29 20:02:12.066298
sh.601009,2025-08-25,2025-09-01,0.1683349609375,2025-08-29 20:02:12.066298
sh.601009,2025-08-26,2025-09-02,0.1357421875,2025-08-29 20:02:12.066298
sh.601009,2025-08-26,2025-09-02,0.1358642578125,2025-08-29 20:02:12.066298
sh.601009,2025-08-27,2025-09-03,0.12322998046875,2025-08-29 20:02:12.066298
sh.601009,2025-08-27,2025-09-03,0.12322998046875,2025-08-29 20:02:12.066298
sh.601009,2025-08-27,2025-09-03,0.12335205078125,2025-08-29 20:02:12.066298
sh.601009,2025-08-28,2025-09-04,0.08447265625,2025-08-29 20:02:12.066298
sh.601009,2025-08-28,2025-09-04,0.0843505859375,2025-08-29 20:02:12.066298
sh.601009,2025-08-28,2025-09-04,0.08447265625,2025-08-29 20:02:12.066298
sh.601009,2025-08-29,2025-09-05,0.11395263671875,2025-08-29 20:02:12.066298
sh.601012,2025-08-25,2025-09-01,0.151123046875,2025-08-29 20:02:12.066298
sh.601012,2025-08-26,2025-09-02,0.1573486328125,2025-08-29 20:02:12.066298
sh.601012,2025-08-26,2025-09-02,0.1571044921875,2025-08-29 20:02:12.066298
sh.601012,2025-08-27,2025-09-03,0.10174560546875,2025-08-29 20:02:12.066298
sh.601012,2025-08-27,2025-09-03,0.10174560546875,2025-08-29 20:02:12.066298
sh.601012,2025-08-27,2025-09-03,0.10174560546875,2025-08-29 20:02:12.066298
sh.601012,2025-08-28,2025-09-04,0.165283203125,2025-08-29 20:02:12.066298
sh.601012,2025-08-28,2025-09-04,0.1651611328125,2025-08-29 20:02:12.066298
sh.601012,2025-08-28,2025-09-04,0.1650390625,2025-08-29 20:02:12.066298
sh.601012,2025-08-29,2025-09-05,0.1982421875,2025-08-29 20:02:12.066298
sh.601021,2025-08-25,2025-09-01,0.2452392578125,2025-08-29 20:02:12.066298
sh.601021,2025-08-26,2025-09-02,0.07806396484375,2025-08-29 20:02:12.066298
sh.601021,2025-08-26,2025-09-02,0.07806396484375,2025-08-29 20:02:12.066298
sh.601021,2025-08-27,2025-09-03,0.09912109375,2025-08-29 20:02:12.066298
sh.601021,2025-08-27,2025-09-03,0.09912109375,2025-08-29 20:02:12.066298
sh.601021,2025-08-27,2025-09-03,0.09912109375,2025-08-29 20:02:12.066298
sh.601021,2025-08-28,2025-09-04,0.1055908203125,2025-08-29 20:02:12.066298
sh.601021,2025-08-28,2025-09-04,0.1055908203125,2025-08-29 20:02:12.066298
sh.601021,2025-08-28,2025-09-04,0.1055908203125,2025-08-29 20:02:12.066298
sh.601021,2025-08-29,2025-09-05,0.1190185546875,2025-08-29 20:02:12.066298
sh.601058,2025-08-25,2025-09-01,0.1439208984375,2025-08-29 20:02:12.066298
sh.601058,2025-08-26,2025-09-02,0.1737060546875,2025-08-29 20:02:12.066298
sh.601058,2025-08-26,2025-09-02,0.173583984375,2025-08-29 20:02:12.066298
sh.601058,2025-08-27,2025-09-03,0.1695556640625,2025-08-29 20:02:12.066298
sh.601058,2025-08-27,2025-09-03,0.1697998046875,2025-08-29 20:02:12.066298
sh.601058,2025-08-27,2025-09-03,0.169921875,2025-08-29 20:02:12.066298
sh.601058,2025-08-28,2025-09-04,0.2381591796875,2025-08-29 20:02:12.066298
sh.601058,2025-08-28,2025-09-04,0.23876953125,2025-08-29 20:02:12.066298
sh.601058,2025-08-28,2025-09-04,0.23876953125,2025-08-29 20:02:12.066298
sh.601058,2025-08-29,2025-09-05,0.184326171875,2025-08-29 20:02:12.066298
sh.601066,2025-08-25,2025-09-01,0.250732421875,2025-08-29 20:02:12.066298
sh.601066,2025-08-26,2025-09-02,0.240966796875,2025-08-29 20:02:12.066298
sh.601066,2025-08-26,2025-09-02,0.2410888671875,2025-08-29 20:02:12.066298
sh.601066,2025-08-27,2025-09-03,0.139892578125,2025-08-29 20:02:12.066298
sh.601066,2025-08-27,2025-09-03,0.139892578125,2025-08-29 20:02:12.066298
sh.601066,2025-08-27,2025-09-03,0.14013671875,2025-08-29 20:02:12.066298
sh.601066,2025-08-28,2025-09-04,0.281494140625,2025-08-29 20:02:12.066298
sh.601066,2025-08-28,2025-09-04,0.281005859375,2025-08-29 20:02:12.066298
sh.601066,2025-08-28,2025-09-04,0.281005859375,2025-08-29 20:02:12.066298
sh.601066,2025-08-29,2025-09-05,0.07342529296875,2025-08-29 20:02:12.066298
sh.601077,2025-08-25,2025-09-01,0.251953125,2025-08-29 20:02:12.066298
sh.601077,2025-08-26,2025-09-02,0.23828125,2025-08-29 20:02:12.066298
sh.601077,2025-08-26,2025-09-02,0.239013671875,2025-08-29 20:02:12.066298
sh.601077,2025-08-27,2025-09-03,0.21337890625,2025-08-29 20:02:12.066298
sh.601077,2025-08-27,2025-09-03,0.21435546875,2025-08-29 20:02:12.066298
sh.601077,2025-08-27,2025-09-03,0.2156982421875,2025-08-29 20:02:12.066298
sh.601077,2025-08-28,2025-09-04,0.3525390625,2025-08-29 20:02:12.066298
sh.601077,2025-08-28,2025-09-04,0.353271484375,2025-08-29 20:02:12.066298
sh.601077,2025-08-28,2025-09-04,0.35400390625,2025-08-29 20:02:12.066298
sh.601077,2025-08-29,2025-09-05,0.23779296875,2025-08-29 20:02:12.066298
sh.601088,2025-08-25,2025-09-01,0.223388671875,2025-08-29 20:02:12.066298
sh.601088,2025-08-26,2025-09-02,0.166015625,2025-08-29 20:02:12.066298
sh.601088,2025-08-26,2025-09-02,0.1666259765625,2025-08-29 20:02:12.066298
sh.601088,2025-08-27,2025-09-03,0.154296875,2025-08-29 20:02:12.066298
sh.601088,2025-08-27,2025-09-03,0.1546630859375,2025-08-29 20:02:12.066298
sh.601088,2025-08-27,2025-09-03,0.1549072265625,2025-08-29 20:02:12.066298
sh.601088,2025-08-28,2025-09-04,0.1495361328125,2025-08-29 20:02:12.066298
sh.601088,2025-08-28,2025-09-04,0.1500244140625,2025-08-29 20:02:12.066298
sh.601088,2025-08-28,2025-09-04,0.1502685546875,2025-08-29 20:02:12.066298
sh.601088,2025-08-29,2025-09-05,0.1201171875,2025-08-29 20:02:12.066298
sh.601100,2025-08-25,2025-09-01,0.205810546875,2025-08-29 20:02:12.066298
sh.601100,2025-08-26,2025-09-02,0.234619140625,2025-08-29 20:02:12.066298
sh.601100,2025-08-26,2025-09-02,0.234375,2025-08-29 20:02:12.066298
sh.601100,2025-08-27,2025-09-03,0.1597900390625,2025-08-29 20:02:12.066298
sh.601100,2025-08-27,2025-09-03,0.159912109375,2025-08-29 20:02:12.066298
sh.601100,2025-08-27,2025-09-03,0.159912109375,2025-08-29 20:02:12.066298
sh.601100,2025-08-28,2025-09-04,0.293701171875,2025-08-29 20:02:12.066298
sh.601100,2025-08-28,2025-09-04,0.29345703125,2025-08-29 20:02:12.066298
sh.601100,2025-08-28,2025-09-04,0.2939453125,2025-08-29 20:02:12.066298
sh.601100,2025-08-29,2025-09-05,0.2073974609375,2025-08-29 20:02:12.066298
sh.601111,2025-08-25,2025-09-01,0.410888671875,2025-08-29 20:02:12.066298
sh.601111,2025-08-26,2025-09-02,0.08416748046875,2025-08-29 20:02:12.066298
sh.601111,2025-08-26,2025-09-02,0.08416748046875,2025-08-29 20:02:12.066298
sh.601111,2025-08-27,2025-09-03,0.09844970703125,2025-08-29 20:02:12.066298
sh.601111,2025-08-27,2025-09-03,0.09844970703125,2025-08-29 20:02:12.066298
sh.601111,2025-08-27,2025-09-03,0.0982666015625,2025-08-29 20:02:12.066298
sh.601111,2025-08-28,2025-09-04,0.10284423828125,2025-08-29 20:02:12.066298
sh.601111,2025-08-28,2025-09-04,0.1026611328125,2025-08-29 20:02:12.066298
sh.601111,2025-08-28,2025-09-04,0.1026611328125,2025-08-29 20:02:12.066298
sh.601111,2025-08-29,2025-09-05,0.0953369140625,2025-08-29 20:02:12.066298
sh.601117,2025-08-25,2025-09-01,0.236572265625,2025-08-29 20:02:12.066298
sh.601117,2025-08-26,2025-09-02,0.205810546875,2025-08-29 20:02:12.066298
sh.601117,2025-08-26,2025-09-02,0.2059326171875,2025-08-29 20:02:12.066298
sh.601117,2025-08-27,2025-09-03,0.1473388671875,2025-08-29 20:02:12.066298
sh.601117,2025-08-27,2025-09-03,0.1474609375,2025-08-29 20:02:12.066298
sh.601117,2025-08-27,2025-09-03,0.1473388671875,2025-08-29 20:02:12.066298
sh.601117,2025-08-28,2025-09-04,0.1668701171875,2025-08-29 20:02:12.066298
sh.601117,2025-08-28,2025-09-04,0.1669921875,2025-08-29 20:02:12.066298
sh.601117,2025-08-28,2025-09-04,0.1668701171875,2025-08-29 20:02:12.066298
sh.601117,2025-08-29,2025-09-05,0.11932373046875,2025-08-29 20:02:12.066298
sh.601127,2025-08-25,2025-09-01,0.103759765625,2025-08-29 20:02:12.066298
sh.601127,2025-08-26,2025-09-02,0.1324462890625,2025-08-29 20:02:12.066298
sh.601127,2025-08-26,2025-09-02,0.1324462890625,2025-08-29 20:02:12.066298
sh.601127,2025-08-27,2025-09-03,0.1165771484375,2025-08-29 20:02:12.066298
sh.601127,2025-08-27,2025-09-03,0.11676025390625,2025-08-29 20:02:12.066298
sh.601127,2025-08-27,2025-09-03,0.11676025390625,2025-08-29 20:02:12.066298
sh.601127,2025-08-28,2025-09-04,0.11102294921875,2025-08-29 20:02:12.066298
sh.601127,2025-08-28,2025-09-04,0.11126708984375,2025-08-29 20:02:12.066298
sh.601127,2025-08-28,2025-09-04,0.1114501953125,2025-08-29 20:02:12.066298
sh.601127,2025-08-29,2025-09-05,0.0970458984375,2025-08-29 20:02:12.066298
sh.601138,2025-08-25,2025-09-01,0.3408203125,2025-08-29 20:02:12.066298
sh.601138,2025-08-26,2025-09-02,0.313720703125,2025-08-29 20:02:12.066298
sh.601138,2025-08-26,2025-09-02,0.1357421875,2025-08-29 20:02:12.066298
sh.601138,2025-08-27,2025-09-03,0.07421875,2025-08-29 20:02:12.066298
sh.601138,2025-08-27,2025-09-03,0.0740966796875,2025-08-29 20:02:12.066298
sh.601138,2025-08-27,2025-09-03,0.0740966796875,2025-08-29 20:02:12.066298
sh.601138,2025-08-28,2025-09-04,0.10107421875,2025-08-29 20:02:12.066298
sh.601138,2025-08-28,2025-09-04,0.1007080078125,2025-08-29 20:02:12.066298
sh.601138,2025-08-28,2025-09-04,0.10052490234375,2025-08-29 20:02:12.066298
sh.601138,2025-08-29,2025-09-05,0.152587890625,2025-08-29 20:02:12.066298
sh.601166,2025-08-25,2025-09-01,0.2384033203125,2025-08-29 20:02:12.066298
sh.601166,2025-08-26,2025-09-02,0.1602783203125,2025-08-29 20:02:12.066298
sh.601166,2025-08-26,2025-09-02,0.160888671875,2025-08-29 20:02:12.066298
sh.601166,2025-08-27,2025-09-03,0.135986328125,2025-08-29 20:02:12.066298
sh.601166,2025-08-27,2025-09-03,0.13623046875,2025-08-29 20:02:12.066298
sh.601166,2025-08-27,2025-09-03,0.1365966796875,2025-08-29 20:02:12.066298
sh.601166,2025-08-28,2025-09-04,0.1171875,2025-08-29 20:02:12.066298
sh.601166,2025-08-28,2025-09-04,0.1175537109375,2025-08-29 20:02:12.066298
sh.601166,2025-08-28,2025-09-04,0.118408203125,2025-08-29 20:02:12.066298
sh.601166,2025-08-29,2025-09-05,0.1343994140625,2025-08-29 20:02:12.066298
sh.601169,2025-08-25,2025-09-01,0.09619140625,2025-08-29 20:02:12.066298
sh.601169,2025-08-26,2025-09-02,0.1614990234375,2025-08-29 20:02:12.066298
sh.601169,2025-08-26,2025-09-02,0.1619873046875,2025-08-29 20:02:12.066298
sh.601169,2025-08-27,2025-09-03,0.148193359375,2025-08-29 20:02:12.066298
sh.601169,2025-08-27,2025-09-03,0.148681640625,2025-08-29 20:02:12.066298
sh.601169,2025-08-27,2025-09-03,0.1490478515625,2025-08-29 20:02:12.066298
sh.601169,2025-08-28,2025-09-04,0.1783447265625,2025-08-29 20:02:12.066298
sh.601169,2025-08-28,2025-09-04,0.1805419921875,2025-08-29 20:02:12.066298
sh.601169,2025-08-28,2025-09-04,0.182373046875,2025-08-29 20:02:12.066298
sh.601169,2025-08-29,2025-09-05,0.13720703125,2025-08-29 20:02:12.066298
sh.601186,2025-08-25,2025-09-01,0.273193359375,2025-08-29 20:02:12.066298
sh.601186,2025-08-26,2025-09-02,0.2132568359375,2025-08-29 20:02:12.066298
sh.601186,2025-08-26,2025-09-02,0.2132568359375,2025-08-29 20:02:12.066298
sh.601186,2025-08-27,2025-09-03,0.14306640625,2025-08-29 20:02:12.066298
sh.601186,2025-08-27,2025-09-03,0.14306640625,2025-08-29 20:02:12.066298
sh.601186,2025-08-27,2025-09-03,0.1431884765625,2025-08-29 20:02:12.066298
sh.601186,2025-08-28,2025-09-04,0.1708984375,2025-08-29 20:02:12.066298
sh.601186,2025-08-28,2025-09-04,0.171142578125,2025-08-29 20:02:12.066298
sh.601186,2025-08-28,2025-09-04,0.1715087890625,2025-08-29 20:02:12.066298
sh.601186,2025-08-29,2025-09-05,0.10931396484375,2025-08-29 20:02:12.066298
sh.601211,2025-08-25,2025-09-01,0.219970703125,2025-08-29 20:02:12.066298
sh.601211,2025-08-26,2025-09-02,0.207275390625,2025-08-29 20:02:12.066298
sh.601211,2025-08-26,2025-09-02,0.2076416015625,2025-08-29 20:02:12.066298
sh.601211,2025-08-27,2025-09-03,0.1446533203125,2025-08-29 20:02:12.066298
sh.601211,2025-08-27,2025-09-03,0.14501953125,2025-08-29 20:02:12.066298
sh.601211,2025-08-27,2025-09-03,0.145263671875,2025-08-29 20:02:12.066298
sh.601211,2025-08-28,2025-09-04,0.286376953125,2025-08-29 20:02:12.066298
sh.601211,2025-08-28,2025-09-04,0.2861328125,2025-08-29 20:02:12.066298
sh.601211,2025-08-28,2025-09-04,0.286376953125,2025-08-29 20:02:12.066298
sh.601211,2025-08-29,2025-09-05,0.1602783203125,2025-08-29 20:02:12.066298
sh.601225,2025-08-25,2025-09-01,0.2724609375,2025-08-29 20:02:12.066298
sh.601225,2025-08-26,2025-09-02,0.1905517578125,2025-08-29 20:02:12.066298
sh.601225,2025-08-26,2025-09-02,0.190673828125,2025-08-29 20:02:12.066298
sh.601225,2025-08-27,2025-09-03,0.165283203125,2025-08-29 20:02:12.066298
sh.601225,2025-08-27,2025-09-03,0.165771484375,2025-08-29 20:02:12.066298
sh.601225,2025-08-27,2025-09-03,0.1661376953125,2025-08-29 20:02:12.066298
sh.601225,2025-08-28,2025-09-04,0.1571044921875,2025-08-29 20:02:12.066298
sh.601225,2025-08-28,2025-09-04,0.1573486328125,2025-08-29 20:02:12.066298
sh.601225,2025-08-28,2025-09-04,0.15771484375,2025-08-29 20:02:12.066298
sh.601225,2025-08-29,2025-09-05,0.12127685546875,2025-08-29 20:02:12.066298
sh.601229,2025-08-25,2025-09-01,0.2330322265625,2025-08-29 20:02:12.066298
sh.601229,2025-08-26,2025-09-02,0.21728515625,2025-08-29 20:02:12.066298
sh.601229,2025-08-26,2025-09-02,0.218017578125,2025-08-29 20:02:12.066298
sh.601229,2025-08-27,2025-09-03,0.327880859375,2025-08-29 20:02:12.066298
sh.601229,2025-08-27,2025-09-03,0.32861328125,2025-08-29 20:02:12.066298
sh.601229,2025-08-27,2025-09-03,0.328857421875,2025-08-29 20:02:12.066298
sh.601229,2025-08-28,2025-09-04,0.431640625,2025-08-29 20:02:12.066298
sh.601229,2025-08-28,2025-09-04,0.431884765625,2025-08-29 20:02:12.066298
sh.601229,2025-08-28,2025-09-04,0.4326171875,2025-08-29 20:02:12.066298
sh.601229,2025-08-29,2025-09-05,0.2430419921875,2025-08-29 20:02:12.066298
sh.601236,2025-08-25,2025-09-01,0.1751708984375,2025-08-29 20:02:12.066298
sh.601236,2025-08-26,2025-09-02,0.203857421875,2025-08-29 20:02:12.066298
sh.601236,2025-08-26,2025-09-02,0.204345703125,2025-08-29 20:02:12.066298
sh.601236,2025-08-27,2025-09-03,0.1468505859375,2025-08-29 20:02:12.066298
sh.601236,2025-08-27,2025-09-03,0.1468505859375,2025-08-29 20:02:12.066298
sh.601236,2025-08-27,2025-09-03,0.14697265625,2025-08-29 20:02:12.066298
sh.601236,2025-08-28,2025-09-04,0.263671875,2025-08-29 20:02:12.066298
sh.601236,2025-08-28,2025-09-04,0.2646484375,2025-08-29 20:02:12.066298
sh.601236,2025-08-28,2025-09-04,0.2646484375,2025-08-29 20:02:12.066298
sh.601236,2025-08-29,2025-09-05,0.1868896484375,2025-08-29 20:02:12.066298
sh.601238,2025-08-25,2025-09-01,0.1796875,2025-08-29 20:02:12.066298
sh.601238,2025-08-26,2025-09-02,0.148681640625,2025-08-29 20:02:12.066298
sh.601238,2025-08-26,2025-09-02,0.148681640625,2025-08-29 20:02:12.066298
sh.601238,2025-08-27,2025-09-03,0.1258544921875,2025-08-29 20:02:12.066298
sh.601238,2025-08-27,2025-09-03,0.125732421875,2025-08-29 20:02:12.066298
sh.601238,2025-08-27,2025-09-03,0.1256103515625,2025-08-29 20:02:12.066298
sh.601238,2025-08-28,2025-09-04,0.1380615234375,2025-08-29 20:02:12.066298
sh.601238,2025-08-28,2025-09-04,0.137939453125,2025-08-29 20:02:12.066298
sh.601238,2025-08-28,2025-09-04,0.137939453125,2025-08-29 20:02:12.066298
sh.601238,2025-08-29,2025-09-05,0.10821533203125,2025-08-29 20:02:12.066298
sh.601288,2025-08-25,2025-09-01,0.325927734375,2025-08-29 20:02:12.066298
sh.601288,2025-08-26,2025-09-02,0.305419921875,2025-08-29 20:02:12.066298
sh.601288,2025-08-26,2025-09-02,0.306884765625,2025-08-29 20:02:12.066298
sh.601288,2025-08-27,2025-09-03,0.254150390625,2025-08-29 20:02:12.066298
sh.601288,2025-08-27,2025-09-03,0.2548828125,2025-08-29 20:02:12.066298
sh.601288,2025-08-27,2025-09-03,0.256591796875,2025-08-29 20:02:12.066298
sh.601288,2025-08-28,2025-09-04,0.278076171875,2025-08-29 20:02:12.066298
sh.601288,2025-08-28,2025-09-04,0.27880859375,2025-08-29 20:02:12.066298
sh.601288,2025-08-28,2025-09-04,0.280517578125,2025-08-29 20:02:12.066298
sh.601288,2025-08-29,2025-09-05,0.293212890625,2025-08-29 20:02:12.066298
sh.601318,2025-08-25,2025-09-01,0.30126953125,2025-08-29 20:02:12.066298
sh.601318,2025-08-26,2025-09-02,0.2386474609375,2025-08-29 20:02:12.066298
sh.601318,2025-08-26,2025-09-02,0.2393798828125,2025-08-29 20:02:12.066298
sh.601318,2025-08-27,2025-09-03,0.150634765625,2025-08-29 20:02:12.066298
sh.601318,2025-08-27,2025-09-03,0.15087890625,2025-08-29 20:02:12.066298
sh.601318,2025-08-27,2025-09-03,0.151123046875,2025-08-29 20:02:12.066298
sh.601318,2025-08-28,2025-09-04,0.224609375,2025-08-29 20:02:12.066298
sh.601318,2025-08-28,2025-09-04,0.2254638671875,2025-08-29 20:02:12.066298
sh.601318,2025-08-28,2025-09-04,0.224853515625,2025-08-29 20:02:12.066298
sh.601318,2025-08-29,2025-09-05,0.12841796875,2025-08-29 20:02:12.066298
sh.601319,2025-08-25,2025-09-01,0.185791015625,2025-08-29 20:02:12.066298
sh.601319,2025-08-26,2025-09-02,0.1400146484375,2025-08-29 20:02:12.066298
sh.601319,2025-08-26,2025-09-02,0.1400146484375,2025-08-29 20:02:12.066298
sh.601319,2025-08-27,2025-09-03,0.1343994140625,2025-08-29 20:02:12.066298
sh.601319,2025-08-27,2025-09-03,0.1343994140625,2025-08-29 20:02:12.066298
sh.601319,2025-08-27,2025-09-03,0.134521484375,2025-08-29 20:02:12.066298
sh.601319,2025-08-28,2025-09-04,0.1702880859375,2025-08-29 20:02:12.066298
sh.601319,2025-08-28,2025-09-04,0.169677734375,2025-08-29 20:02:12.066298
sh.601319,2025-08-28,2025-09-04,0.1689453125,2025-08-29 20:02:12.066298
sh.601319,2025-08-29,2025-09-05,0.1187744140625,2025-08-29 20:02:12.066298
sh.601328,2025-08-25,2025-09-01,0.1224365234375,2025-08-29 20:02:12.066298
sh.601328,2025-08-26,2025-09-02,0.138427734375,2025-08-29 20:02:12.066298
sh.601328,2025-08-26,2025-09-02,0.1392822265625,2025-08-29 20:02:12.066298
sh.601328,2025-08-27,2025-09-03,0.150390625,2025-08-29 20:02:12.066298
sh.601328,2025-08-27,2025-09-03,0.1507568359375,2025-08-29 20:02:12.066298
sh.601328,2025-08-27,2025-09-03,0.1512451171875,2025-08-29 20:02:12.066298
sh.601328,2025-08-28,2025-09-04,0.2001953125,2025-08-29 20:02:12.066298
sh.601328,2025-08-28,2025-09-04,0.2010498046875,2025-08-29 20:02:12.066298
sh.601328,2025-08-28,2025-09-04,0.2020263671875,2025-08-29 20:02:12.066298
sh.601328,2025-08-29,2025-09-05,0.1905517578125,2025-08-29 20:02:12.066298
sh.601336,2025-08-25,2025-09-01,0.212890625,2025-08-29 20:02:12.066298
sh.601336,2025-08-26,2025-09-02,0.1593017578125,2025-08-29 20:02:12.066298
sh.601336,2025-08-26,2025-09-02,0.16015625,2025-08-29 20:02:12.066298
sh.601336,2025-08-27,2025-09-03,0.1568603515625,2025-08-29 20:02:12.066298
sh.601336,2025-08-27,2025-09-03,0.1572265625,2025-08-29 20:02:12.066298
sh.601336,2025-08-27,2025-09-03,0.157470703125,2025-08-29 20:02:12.066298
sh.601336,2025-08-28,2025-09-04,0.294677734375,2025-08-29 20:02:12.066298
sh.601336,2025-08-28,2025-09-04,0.29541015625,2025-08-29 20:02:12.066298
sh.601336,2025-08-28,2025-09-04,0.29541015625,2025-08-29 20:02:12.066298
sh.601336,2025-08-29,2025-09-05,0.1429443359375,2025-08-29 20:02:12.066298
sh.601360,2025-08-25,2025-09-01,0.159912109375,2025-08-29 20:02:12.066298
sh.601360,2025-08-26,2025-09-02,0.15087890625,2025-08-29 20:02:12.066298
sh.601360,2025-08-26,2025-09-02,0.151123046875,2025-08-29 20:02:12.066298
sh.601360,2025-08-27,2025-09-03,0.14013671875,2025-08-29 20:02:12.066298
sh.601360,2025-08-27,2025-09-03,0.1402587890625,2025-08-29 20:02:12.066298
sh.601360,2025-08-27,2025-09-03,0.1405029296875,2025-08-29 20:02:12.066298
sh.601360,2025-08-28,2025-09-04,0.2425537109375,2025-08-29 20:02:12.066298
sh.601360,2025-08-28,2025-09-04,0.242919921875,2025-08-29 20:02:12.066298
sh.601360,2025-08-28,2025-09-04,0.242919921875,2025-08-29 20:02:12.066298
sh.601360,2025-08-29,2025-09-05,0.19091796875,2025-08-29 20:02:12.066298
sh.601377,2025-08-25,2025-09-01,0.2381591796875,2025-08-29 20:02:12.066298
sh.601377,2025-08-26,2025-09-02,0.21142578125,2025-08-29 20:02:12.066298
sh.601377,2025-08-26,2025-09-02,0.21142578125,2025-08-29 20:02:12.066298
sh.601377,2025-08-27,2025-09-03,0.1279296875,2025-08-29 20:02:12.066298
sh.601377,2025-08-27,2025-09-03,0.1279296875,2025-08-29 20:02:12.066298
sh.601377,2025-08-27,2025-09-03,0.128173828125,2025-08-29 20:02:12.066298
sh.601377,2025-08-28,2025-09-04,0.2607421875,2025-08-29 20:02:12.066298
sh.601377,2025-08-28,2025-09-04,0.26171875,2025-08-29 20:02:12.066298
sh.601377,2025-08-28,2025-09-04,0.261474609375,2025-08-29 20:02:12.066298
sh.601377,2025-08-29,2025-09-05,0.1461181640625,2025-08-29 20:02:12.066298
sh.601390,2025-08-25,2025-09-01,0.2335205078125,2025-08-29 20:02:12.066298
sh.601390,2025-08-26,2025-09-02,0.197021484375,2025-08-29 20:02:12.066298
sh.601390,2025-08-26,2025-09-02,0.197265625,2025-08-29 20:02:12.066298
sh.601390,2025-08-27,2025-09-03,0.135498046875,2025-08-29 20:02:12.066298
sh.601390,2025-08-27,2025-09-03,0.135498046875,2025-08-29 20:02:12.066298
sh.601390,2025-08-27,2025-09-03,0.135498046875,2025-08-29 20:02:12.066298
sh.601390,2025-08-28,2025-09-04,0.156005859375,2025-08-29 20:02:12.066298
sh.601390,2025-08-28,2025-09-04,0.156005859375,2025-08-29 20:02:12.066298
sh.601390,2025-08-28,2025-09-04,0.1561279296875,2025-08-29 20:02:12.066298
sh.601390,2025-08-29,2025-09-05,0.11065673828125,2025-08-29 20:02:12.066298
sh.601398,2025-08-25,2025-09-01,0.255615234375,2025-08-29 20:02:12.066298
sh.601398,2025-08-26,2025-09-02,0.1787109375,2025-08-29 20:02:12.066298
sh.601398,2025-08-26,2025-09-02,0.1796875,2025-08-29 20:02:12.066298
sh.601398,2025-08-27,2025-09-03,0.1614990234375,2025-08-29 20:02:12.066298
sh.601398,2025-08-27,2025-09-03,0.161865234375,2025-08-29 20:02:12.066298
sh.601398,2025-08-27,2025-09-03,0.16259765625,2025-08-29 20:02:12.066298
sh.601398,2025-08-28,2025-09-04,0.163330078125,2025-08-29 20:02:12.066298
sh.601398,2025-08-28,2025-09-04,0.163818359375,2025-08-29 20:02:12.066298
sh.601398,2025-08-28,2025-09-04,0.1651611328125,2025-08-29 20:02:12.066298
sh.601398,2025-08-29,2025-09-05,0.10931396484375,2025-08-29 20:02:12.066298
sh.601600,2025-08-25,2025-09-01,0.255126953125,2025-08-29 20:02:12.066298
sh.601600,2025-08-26,2025-09-02,0.269287109375,2025-08-29 20:02:12.066298
sh.601600,2025-08-26,2025-09-02,0.26953125,2025-08-29 20:02:12.066298
sh.601600,2025-08-27,2025-09-03,0.1544189453125,2025-08-29 20:02:12.066298
sh.601600,2025-08-27,2025-09-03,0.15478515625,2025-08-29 20:02:12.066298
sh.601600,2025-08-27,2025-09-03,0.155029296875,2025-08-29 20:02:12.066298
sh.601600,2025-08-28,2025-09-04,0.265380859375,2025-08-29 20:02:12.066298
sh.601600,2025-08-28,2025-09-04,0.265869140625,2025-08-29 20:02:12.066298
sh.601600,2025-08-28,2025-09-04,0.266357421875,2025-08-29 20:02:12.066298
sh.601600,2025-08-29,2025-09-05,0.1331787109375,2025-08-29 20:02:12.066298
sh.601601,2025-08-25,2025-09-01,0.282958984375,2025-08-29 20:02:12.066298
sh.601601,2025-08-26,2025-09-02,0.237548828125,2025-08-29 20:02:12.066298
sh.601601,2025-08-26,2025-09-02,0.2379150390625,2025-08-29 20:02:12.066298
sh.601601,2025-08-27,2025-09-03,0.1597900390625,2025-08-29 20:02:12.066298
sh.601601,2025-08-27,2025-09-03,0.1600341796875,2025-08-29 20:02:12.066298
sh.601601,2025-08-27,2025-09-03,0.160400390625,2025-08-29 20:02:12.066298
sh.601601,2025-08-28,2025-09-04,0.309326171875,2025-08-29 20:02:12.066298
sh.601601,2025-08-28,2025-09-04,0.31005859375,2025-08-29 20:02:12.066298
sh.601601,2025-08-28,2025-09-04,0.310791015625,2025-08-29 20:02:12.066298
sh.601601,2025-08-29,2025-09-05,0.123046875,2025-08-29 20:02:12.066298
sh.601607,2025-08-25,2025-09-01,0.26171875,2025-08-29 20:02:12.066298
sh.601607,2025-08-26,2025-09-02,0.2020263671875,2025-08-29 20:02:12.066298
sh.601607,2025-08-26,2025-09-02,0.2020263671875,2025-08-29 20:02:12.066298
sh.601607,2025-08-27,2025-09-03,0.1351318359375,2025-08-29 20:02:12.066298
sh.601607,2025-08-27,2025-09-03,0.1353759765625,2025-08-29 20:02:12.066298
sh.601607,2025-08-27,2025-09-03,0.135498046875,2025-08-29 20:02:12.066298
sh.601607,2025-08-28,2025-09-04,0.14208984375,2025-08-29 20:02:12.066298
sh.601607,2025-08-28,2025-09-04,0.1422119140625,2025-08-29 20:02:12.066298
sh.601607,2025-08-28,2025-09-04,0.1422119140625,2025-08-29 20:02:12.066298
sh.601607,2025-08-29,2025-09-05,0.1083984375,2025-08-29 20:02:12.066298
sh.601618,2025-08-25,2025-09-01,0.229248046875,2025-08-29 20:02:12.066298
sh.601618,2025-08-26,2025-09-02,0.264404296875,2025-08-29 20:02:12.066298
sh.601618,2025-08-26,2025-09-02,0.264404296875,2025-08-29 20:02:12.066298
sh.601618,2025-08-27,2025-09-03,0.1558837890625,2025-08-29 20:02:12.066298
sh.601618,2025-08-27,2025-09-03,0.1558837890625,2025-08-29 20:02:12.066298
sh.601618,2025-08-27,2025-09-03,0.156005859375,2025-08-29 20:02:12.066298
sh.601618,2025-08-28,2025-09-04,0.2127685546875,2025-08-29 20:02:12.066298
sh.601618,2025-08-28,2025-09-04,0.212890625,2025-08-29 20:02:12.066298
sh.601618,2025-08-28,2025-09-04,0.2125244140625,2025-08-29 20:02:12.066298
sh.601618,2025-08-29,2025-09-05,0.233154296875,2025-08-29 20:02:12.066298
sh.601628,2025-08-25,2025-09-01,0.2088623046875,2025-08-29 20:02:12.066298
sh.601628,2025-08-26,2025-09-02,0.1810302734375,2025-08-29 20:02:12.066298
sh.601628,2025-08-26,2025-09-02,0.18115234375,2025-08-29 20:02:12.066298
sh.601628,2025-08-27,2025-09-03,0.1474609375,2025-08-29 20:02:12.066298
sh.601628,2025-08-27,2025-09-03,0.147705078125,2025-08-29 20:02:12.066298
sh.601628,2025-08-27,2025-09-03,0.1478271484375,2025-08-29 20:02:12.066298
sh.601628,2025-08-28,2025-09-04,0.1898193359375,2025-08-29 20:02:12.066298
sh.601628,2025-08-28,2025-09-04,0.1900634765625,2025-08-29 20:02:12.066298
sh.601628,2025-08-28,2025-09-04,0.1898193359375,2025-08-29 20:02:12.066298
sh.601628,2025-08-29,2025-09-05,0.09283447265625,2025-08-29 20:02:12.066298
sh.601633,2025-08-25,2025-09-01,0.2108154296875,2025-08-29 20:02:12.066298
sh.601633,2025-08-26,2025-09-02,0.2420654296875,2025-08-29 20:02:12.066298
sh.601633,2025-08-26,2025-09-02,0.2420654296875,2025-08-29 20:02:12.066298
sh.601633,2025-08-27,2025-09-03,0.1591796875,2025-08-29 20:02:12.066298
sh.601633,2025-08-27,2025-09-03,0.158935546875,2025-08-29 20:02:12.066298
sh.601633,2025-08-27,2025-09-03,0.1590576171875,2025-08-29 20:02:12.066298
sh.601633,2025-08-28,2025-09-04,0.2340087890625,2025-08-29 20:02:12.066298
sh.601633,2025-08-28,2025-09-04,0.23388671875,2025-08-29 20:02:12.066298
sh.601633,2025-08-28,2025-09-04,0.2340087890625,2025-08-29 20:02:12.066298
sh.601633,2025-08-29,2025-09-05,0.24853515625,2025-08-29 20:02:12.066298
sh.601658,2025-08-25,2025-09-01,0.1607666015625,2025-08-29 20:02:12.066298
sh.601658,2025-08-26,2025-09-02,0.0999755859375,2025-08-29 20:02:12.066298
sh.601658,2025-08-26,2025-09-02,0.10015869140625,2025-08-29 20:02:12.066298
sh.601658,2025-08-27,2025-09-03,0.151611328125,2025-08-29 20:02:12.066298
sh.601658,2025-08-27,2025-09-03,0.1517333984375,2025-08-29 20:02:12.066298
sh.601658,2025-08-27,2025-09-03,0.1519775390625,2025-08-29 20:02:12.066298
sh.601658,2025-08-28,2025-09-04,0.11181640625,2025-08-29 20:02:12.066298
sh.601658,2025-08-28,2025-09-04,0.1121826171875,2025-08-29 20:02:12.066298
sh.601658,2025-08-28,2025-09-04,0.1124267578125,2025-08-29 20:02:12.066298
sh.601658,2025-08-29,2025-09-05,0.0723876953125,2025-08-29 20:02:12.066298
sh.601668,2025-08-25,2025-09-01,0.212890625,2025-08-29 20:02:12.066298
sh.601668,2025-08-26,2025-09-02,0.2086181640625,2025-08-29 20:02:12.066298
sh.601668,2025-08-26,2025-09-02,0.2091064453125,2025-08-29 20:02:12.066298
sh.601668,2025-08-27,2025-09-03,0.1368408203125,2025-08-29 20:02:12.066298
sh.601668,2025-08-27,2025-09-03,0.1368408203125,2025-08-29 20:02:12.066298
sh.601668,2025-08-27,2025-09-03,0.136962890625,2025-08-29 20:02:12.066298
sh.601668,2025-08-28,2025-09-04,0.1153564453125,2025-08-29 20:02:12.066298
sh.601668,2025-08-28,2025-09-04,0.11553955078125,2025-08-29 20:02:12.066298
sh.601668,2025-08-28,2025-09-04,0.115966796875,2025-08-29 20:02:12.066298
sh.601668,2025-08-29,2025-09-05,0.093994140625,2025-08-29 20:02:12.066298
sh.601669,2025-08-25,2025-09-01,0.26513671875,2025-08-29 20:02:12.066298
sh.601669,2025-08-26,2025-09-02,0.2337646484375,2025-08-29 20:02:12.066298
sh.601669,2025-08-26,2025-09-02,0.23388671875,2025-08-29 20:02:12.066298
sh.601669,2025-08-27,2025-09-03,0.1590576171875,2025-08-29 20:02:12.066298
sh.601669,2025-08-27,2025-09-03,0.158935546875,2025-08-29 20:02:12.066298
sh.601669,2025-08-27,2025-09-03,0.1588134765625,2025-08-29 20:02:12.066298
sh.601669,2025-08-28,2025-09-04,0.2335205078125,2025-08-29 20:02:12.066298
sh.601669,2025-08-28,2025-09-04,0.233154296875,2025-08-29 20:02:12.066298
sh.601669,2025-08-28,2025-09-04,0.233154296875,2025-08-29 20:02:12.066298
sh.601669,2025-08-29,2025-09-05,0.1429443359375,2025-08-29 20:02:12.066298
sh.601688,2025-08-25,2025-09-01,0.2420654296875,2025-08-29 20:02:12.066298
sh.601688,2025-08-26,2025-09-02,0.2410888671875,2025-08-29 20:02:12.066298
sh.601688,2025-08-26,2025-09-02,0.241455078125,2025-08-29 20:02:12.066298
sh.601688,2025-08-27,2025-09-03,0.162109375,2025-08-29 20:02:12.066298
sh.601688,2025-08-27,2025-09-03,0.162353515625,2025-08-29 20:02:12.066298
sh.601688,2025-08-27,2025-09-03,0.1627197265625,2025-08-29 20:02:12.066298
sh.601688,2025-08-28,2025-09-04,0.3203125,2025-08-29 20:02:12.066298
sh.601688,2025-08-28,2025-09-04,0.321044921875,2025-08-29 20:02:12.066298
sh.601688,2025-08-28,2025-09-04,0.321533203125,2025-08-29 20:02:12.066298
sh.601688,2025-08-29,2025-09-05,0.1829833984375,2025-08-29 20:02:12.066298
sh.601689,2025-08-25,2025-09-01,0.1510009765625,2025-08-29 20:02:12.066298
sh.601689,2025-08-26,2025-09-02,0.216552734375,2025-08-29 20:02:12.066298
sh.601689,2025-08-26,2025-09-02,0.216552734375,2025-08-29 20:02:12.066298
sh.601689,2025-08-27,2025-09-03,0.129150390625,2025-08-29 20:02:12.066298
sh.601689,2025-08-27,2025-09-03,0.12939453125,2025-08-29 20:02:12.066298
sh.601689,2025-08-27,2025-09-03,0.12939453125,2025-08-29 20:02:12.066298
sh.601689,2025-08-28,2025-09-04,0.2314453125,2025-08-29 20:02:12.066298
sh.601689,2025-08-28,2025-09-04,0.2313232421875,2025-08-29 20:02:12.066298
sh.601689,2025-08-28,2025-09-04,0.2314453125,2025-08-29 20:02:12.066298
sh.601689,2025-08-29,2025-09-05,0.1927490234375,2025-08-29 20:02:12.066298
sh.601698,2025-08-25,2025-09-01,0.183837890625,2025-08-29 20:02:12.066298
sh.601698,2025-08-26,2025-09-02,0.1806640625,2025-08-29 20:02:12.066298
sh.601698,2025-08-26,2025-09-02,0.0880126953125,2025-08-29 20:02:12.066298
sh.601698,2025-08-27,2025-09-03,0.12420654296875,2025-08-29 20:02:12.066298
sh.601698,2025-08-27,2025-09-03,0.123779296875,2025-08-29 20:02:12.066298
sh.601698,2025-08-27,2025-09-03,0.12347412109375,2025-08-29 20:02:12.066298
sh.601698,2025-08-28,2025-09-04,0.075439453125,2025-08-29 20:02:12.066298
sh.601698,2025-08-28,2025-09-04,0.075439453125,2025-08-29 20:02:12.066298
sh.601698,2025-08-28,2025-09-04,0.0755615234375,2025-08-29 20:02:12.066298
sh.601698,2025-08-29,2025-09-05,0.1318359375,2025-08-29 20:02:12.066298
sh.601699,2025-08-25,2025-09-01,0.1917724609375,2025-08-29 20:02:12.066298
sh.601699,2025-08-26,2025-09-02,0.224365234375,2025-08-29 20:02:12.066298
sh.601699,2025-08-26,2025-09-02,0.22509765625,2025-08-29 20:02:12.066298
sh.601699,2025-08-27,2025-09-03,0.15625,2025-08-29 20:02:12.066298
sh.601699,2025-08-27,2025-09-03,0.156494140625,2025-08-29 20:02:12.066298
sh.601699,2025-08-27,2025-09-03,0.1566162109375,2025-08-29 20:02:12.066298
sh.601699,2025-08-28,2025-09-04,0.175537109375,2025-08-29 20:02:12.066298
sh.601699,2025-08-28,2025-09-04,0.1766357421875,2025-08-29 20:02:12.066298
sh.601699,2025-08-28,2025-09-04,0.1773681640625,2025-08-29 20:02:12.066298
sh.601699,2025-08-29,2025-09-05,0.1446533203125,2025-08-29 20:02:12.066298
sh.601728,2025-08-25,2025-09-01,0.10247802734375,2025-08-29 20:02:12.066298
sh.601728,2025-08-26,2025-09-02,0.13134765625,2025-08-29 20:02:12.066298
sh.601728,2025-08-26,2025-09-02,0.1314697265625,2025-08-29 20:02:12.066298
sh.601728,2025-08-27,2025-09-03,0.1412353515625,2025-08-29 20:02:12.066298
sh.601728,2025-08-27,2025-09-03,0.1414794921875,2025-08-29 20:02:12.066298
sh.601728,2025-08-27,2025-09-03,0.141845703125,2025-08-29 20:02:12.066298
sh.601728,2025-08-28,2025-09-04,0.30029296875,2025-08-29 20:02:12.066298
sh.601728,2025-08-28,2025-09-04,0.299560546875,2025-08-29 20:02:12.066298
sh.601728,2025-08-28,2025-09-04,0.29638671875,2025-08-29 20:02:12.066298
sh.601728,2025-08-29,2025-09-05,0.09185791015625,2025-08-29 20:02:12.066298
sh.601766,2025-08-25,2025-09-01,0.1951904296875,2025-08-29 20:02:12.066298
sh.601766,2025-08-26,2025-09-02,0.247314453125,2025-08-29 20:02:12.066298
sh.601766,2025-08-26,2025-09-02,0.2476806640625,2025-08-29 20:02:12.066298
sh.601766,2025-08-27,2025-09-03,0.1563720703125,2025-08-29 20:02:12.066298
sh.601766,2025-08-27,2025-09-03,0.156494140625,2025-08-29 20:02:12.066298
sh.601766,2025-08-27,2025-09-03,0.1568603515625,2025-08-29 20:02:12.066298
sh.601766,2025-08-28,2025-09-04,0.2138671875,2025-08-29 20:02:12.066298
sh.601766,2025-08-28,2025-09-04,0.2147216796875,2025-08-29 20:02:12.066298
sh.601766,2025-08-28,2025-09-04,0.21435546875,2025-08-29 20:02:12.066298
sh.601766,2025-08-29,2025-09-05,0.1923828125,2025-08-29 20:02:12.066298
sh.601788,2025-08-25,2025-09-01,0.15087890625,2025-08-29 20:02:12.066298
sh.601788,2025-08-26,2025-09-02,0.1806640625,2025-08-29 20:02:12.066298
sh.601788,2025-08-26,2025-09-02,0.1807861328125,2025-08-29 20:02:12.066298
sh.601788,2025-08-27,2025-09-03,0.13427734375,2025-08-29 20:02:12.066298
sh.601788,2025-08-27,2025-09-03,0.1346435546875,2025-08-29 20:02:12.066298
sh.601788,2025-08-27,2025-09-03,0.134765625,2025-08-29 20:02:12.066298
sh.601788,2025-08-28,2025-09-04,0.293212890625,2025-08-29 20:02:12.066298
sh.601788,2025-08-28,2025-09-04,0.293212890625,2025-08-29 20:02:12.066298
sh.601788,2025-08-28,2025-09-04,0.293701171875,2025-08-29 20:02:12.066298
sh.601788,2025-08-29,2025-09-05,0.1707763671875,2025-08-29 20:02:12.066298
sh.601799,2025-08-25,2025-09-01,0.401611328125,2025-08-29 20:02:12.066298
sh.601799,2025-08-26,2025-09-02,0.1700439453125,2025-08-29 20:02:12.066298
sh.601799,2025-08-26,2025-09-02,0.17041015625,2025-08-29 20:02:12.066298
sh.601799,2025-08-27,2025-09-03,0.10858154296875,2025-08-29 20:02:12.066298
sh.601799,2025-08-27,2025-09-03,0.1087646484375,2025-08-29 20:02:12.066298
sh.601799,2025-08-27,2025-09-03,0.10894775390625,2025-08-29 20:02:12.066298
sh.601799,2025-08-28,2025-09-04,0.1251220703125,2025-08-29 20:02:12.066298
sh.601799,2025-08-28,2025-09-04,0.12493896484375,2025-08-29 20:02:12.066298
sh.601799,2025-08-28,2025-09-04,0.12493896484375,2025-08-29 20:02:12.066298
sh.601799,2025-08-29,2025-09-05,0.133056640625,2025-08-29 20:02:12.066298
sh.601800,2025-08-25,2025-09-01,0.2476806640625,2025-08-29 20:02:12.066298
sh.601800,2025-08-26,2025-09-02,0.196533203125,2025-08-29 20:02:12.066298
sh.601800,2025-08-26,2025-09-02,0.196533203125,2025-08-29 20:02:12.066298
sh.601800,2025-08-27,2025-09-03,0.140869140625,2025-08-29 20:02:12.066298
sh.601800,2025-08-27,2025-09-03,0.140869140625,2025-08-29 20:02:12.066298
sh.601800,2025-08-27,2025-09-03,0.1409912109375,2025-08-29 20:02:12.066298
sh.601800,2025-08-28,2025-09-04,0.15966796875,2025-08-29 20:02:12.066298
sh.601800,2025-08-28,2025-09-04,0.159912109375,2025-08-29 20:02:12.066298
sh.601800,2025-08-28,2025-09-04,0.159912109375,2025-08-29 20:02:12.066298
sh.601800,2025-08-29,2025-09-05,0.1104736328125,2025-08-29 20:02:12.066298
sh.601808,2025-08-25,2025-09-01,0.2197265625,2025-08-29 20:02:12.066298
sh.601808,2025-08-26,2025-09-02,0.254150390625,2025-08-29 20:02:12.066298
sh.601808,2025-08-26,2025-09-02,0.25439453125,2025-08-29 20:02:12.066298
sh.601808,2025-08-27,2025-09-03,0.140869140625,2025-08-29 20:02:12.066298
sh.601808,2025-08-27,2025-09-03,0.1409912109375,2025-08-29 20:02:12.066298
sh.601808,2025-08-27,2025-09-03,0.1409912109375,2025-08-29 20:02:12.066298
sh.601808,2025-08-28,2025-09-04,0.09637451171875,2025-08-29 20:02:12.066298
sh.601808,2025-08-28,2025-09-04,0.0965576171875,2025-08-29 20:02:12.066298
sh.601808,2025-08-28,2025-09-04,0.0965576171875,2025-08-29 20:02:12.066298
sh.601808,2025-08-29,2025-09-05,0.1229248046875,2025-08-29 20:02:12.066298
sh.601816,2025-08-25,2025-09-01,0.251708984375,2025-08-29 20:02:12.066298
sh.601816,2025-08-26,2025-09-02,0.1978759765625,2025-08-29 20:02:12.066298
sh.601816,2025-08-26,2025-09-02,0.198486328125,2025-08-29 20:02:12.066298
sh.601816,2025-08-26,2025-09-02,0.1988525390625,2025-08-29 20:02:12.066298
sh.601816,2025-08-27,2025-09-03,0.1829833984375,2025-08-29 20:02:12.066298
sh.601816,2025-08-27,2025-09-03,0.1829833984375,2025-08-29 20:02:12.066298
sh.601816,2025-08-27,2025-09-03,0.183349609375,2025-08-29 20:02:12.066298
sh.601816,2025-08-28,2025-09-04,0.290771484375,2025-08-29 20:02:12.066298
sh.601816,2025-08-28,2025-09-04,0.291015625,2025-08-29 20:02:12.066298
sh.601816,2025-08-28,2025-09-04,0.29150390625,2025-08-29 20:02:12.066298
sh.601816,2025-08-29,2025-09-05,0.1890869140625,2025-08-29 20:02:12.066298
sh.601818,2025-08-25,2025-09-01,0.1187744140625,2025-08-29 20:02:12.066298
sh.601818,2025-08-26,2025-09-02,0.151123046875,2025-08-29 20:02:12.066298
sh.601818,2025-08-26,2025-09-02,0.151611328125,2025-08-29 20:02:12.066298
sh.601818,2025-08-27,2025-09-03,0.13671875,2025-08-29 20:02:12.066298
sh.601818,2025-08-27,2025-09-03,0.1370849609375,2025-08-29 20:02:12.066298
sh.601818,2025-08-27,2025-09-03,0.1373291015625,2025-08-29 20:02:12.066298
sh.601818,2025-08-28,2025-09-04,0.134521484375,2025-08-29 20:02:12.066298
sh.601818,2025-08-28,2025-09-04,0.13525390625,2025-08-29 20:02:12.066298
sh.601818,2025-08-28,2025-09-04,0.1358642578125,2025-08-29 20:02:12.066298
sh.601818,2025-08-29,2025-09-05,0.11981201171875,2025-08-29 20:02:12.066298
sh.601825,2025-08-25,2025-09-01,0.20703125,2025-08-29 20:02:12.066298
sh.601825,2025-08-26,2025-09-02,0.17919921875,2025-08-29 20:02:12.066298
sh.601825,2025-08-26,2025-09-02,0.1802978515625,2025-08-29 20:02:12.066298
sh.601825,2025-08-27,2025-09-03,0.1697998046875,2025-08-29 20:02:12.066298
sh.601825,2025-08-27,2025-09-03,0.1708984375,2025-08-29 20:02:12.066298
sh.601825,2025-08-27,2025-09-03,0.1717529296875,2025-08-29 20:02:12.066298
sh.601825,2025-08-28,2025-09-04,0.177001953125,2025-08-29 20:02:12.066298
sh.601825,2025-08-28,2025-09-04,0.1787109375,2025-08-29 20:02:12.066298
sh.601825,2025-08-28,2025-09-04,0.1826171875,2025-08-29 20:02:12.066298
sh.601825,2025-08-29,2025-09-05,0.13232421875,2025-08-29 20:02:12.066298
sh.601838,2025-08-25,2025-09-01,0.0948486328125,2025-08-29 20:02:12.066298
sh.601838,2025-08-26,2025-09-02,0.1302490234375,2025-08-29 20:02:12.066298
sh.601838,2025-08-26,2025-09-02,0.1302490234375,2025-08-29 20:02:12.066298
sh.601838,2025-08-27,2025-09-03,0.0889892578125,2025-08-29 20:02:12.066298
sh.601838,2025-08-27,2025-09-03,0.089111328125,2025-08-29 20:02:12.066298
sh.601838,2025-08-27,2025-09-03,0.0894775390625,2025-08-29 20:02:12.066298
sh.601838,2025-08-28,2025-09-04,0.0794677734375,2025-08-29 20:02:12.066298
sh.601838,2025-08-28,2025-09-04,0.079345703125,2025-08-29 20:02:12.066298
sh.601838,2025-08-28,2025-09-04,0.079345703125,2025-08-29 20:02:12.066298
sh.601838,2025-08-29,2025-09-05,0.11126708984375,2025-08-29 20:02:12.066298
sh.601857,2025-08-25,2025-09-01,0.26708984375,2025-08-29 20:02:12.066298
sh.601857,2025-08-26,2025-09-02,0.14501953125,2025-08-29 20:02:12.066298
sh.601857,2025-08-26,2025-09-02,0.145751953125,2025-08-29 20:02:12.066298
sh.601857,2025-08-27,2025-09-03,0.1455078125,2025-08-29 20:02:12.066298
sh.601857,2025-08-27,2025-09-03,0.1458740234375,2025-08-29 20:02:12.066298
sh.601857,2025-08-27,2025-09-03,0.146240234375,2025-08-29 20:02:12.066298
sh.601857,2025-08-28,2025-09-04,0.1787109375,2025-08-29 20:02:12.066298
sh.601857,2025-08-28,2025-09-04,0.178955078125,2025-08-29 20:02:12.066298
sh.601857,2025-08-28,2025-09-04,0.17919921875,2025-08-29 20:02:12.066298
sh.601857,2025-08-29,2025-09-05,0.114990234375,2025-08-29 20:02:12.066298
sh.601865,2025-08-25,2025-09-01,0.1539306640625,2025-08-29 20:02:12.066298
sh.601865,2025-08-26,2025-09-02,0.1533203125,2025-08-29 20:02:12.066298
sh.601865,2025-08-26,2025-09-02,0.1529541015625,2025-08-29 20:02:12.066298
sh.601865,2025-08-26,2025-09-02,0.1531982421875,2025-08-29 20:02:12.066298
sh.601865,2025-08-27,2025-09-03,0.11376953125,2025-08-29 20:02:12.066298
sh.601865,2025-08-27,2025-09-03,0.11376953125,2025-08-29 20:02:12.066298
sh.601865,2025-08-27,2025-09-03,0.11376953125,2025-08-29 20:02:12.066298
sh.601865,2025-08-28,2025-09-04,0.1923828125,2025-08-29 20:02:12.066298
sh.601865,2025-08-28,2025-09-04,0.1923828125,2025-08-29 20:02:12.066298
sh.601865,2025-08-28,2025-09-04,0.1923828125,2025-08-29 20:02:12.066298
sh.601865,2025-08-29,2025-09-05,0.1656494140625,2025-08-29 20:02:12.066298
sh.601868,2025-08-25,2025-09-01,0.27392578125,2025-08-29 20:02:12.066298
sh.601868,2025-08-26,2025-09-02,0.2509765625,2025-08-29 20:02:12.066298
sh.601868,2025-08-26,2025-09-02,0.25,2025-08-29 20:02:12.066298
sh.601868,2025-08-27,2025-09-03,0.1473388671875,2025-08-29 20:02:12.066298
sh.601868,2025-08-27,2025-09-03,0.1473388671875,2025-08-29 20:02:12.066298
sh.601868,2025-08-27,2025-09-03,0.1475830078125,2025-08-29 20:02:12.066298
sh.601868,2025-08-28,2025-09-04,0.1671142578125,2025-08-29 20:02:12.066298
sh.601868,2025-08-28,2025-09-04,0.1669921875,2025-08-29 20:02:12.066298
sh.601868,2025-08-28,2025-09-04,0.1669921875,2025-08-29 20:02:12.066298
sh.601868,2025-08-29,2025-09-05,0.11126708984375,2025-08-29 20:02:12.066298
sh.601872,2025-08-25,2025-09-01,0.25244140625,2025-08-29 20:02:12.066298
sh.601872,2025-08-26,2025-09-02,0.245849609375,2025-08-29 20:02:12.066298
sh.601872,2025-08-26,2025-09-02,0.2452392578125,2025-08-29 20:02:12.066298
sh.601872,2025-08-27,2025-09-03,0.138427734375,2025-08-29 20:02:12.066298
sh.601872,2025-08-27,2025-09-03,0.138427734375,2025-08-29 20:02:12.066298
sh.601872,2025-08-27,2025-09-03,0.1385498046875,2025-08-29 20:02:12.066298
sh.601872,2025-08-28,2025-09-04,0.1656494140625,2025-08-29 20:02:12.066298
sh.601872,2025-08-28,2025-09-04,0.1656494140625,2025-08-29 20:02:12.066298
sh.601872,2025-08-28,2025-09-04,0.165771484375,2025-08-29 20:02:12.066298
sh.601872,2025-08-29,2025-09-05,0.1466064453125,2025-08-29 20:02:12.066298
sh.601877,2025-08-25,2025-09-01,0.271484375,2025-08-29 20:02:12.066298
sh.601877,2025-08-26,2025-09-02,0.12420654296875,2025-08-29 20:02:12.066298
sh.601877,2025-08-26,2025-09-02,0.1240234375,2025-08-29 20:02:12.066298
sh.601877,2025-08-27,2025-09-03,0.11737060546875,2025-08-29 20:02:12.066298
sh.601877,2025-08-27,2025-09-03,0.11737060546875,2025-08-29 20:02:12.066298
sh.601877,2025-08-27,2025-09-03,0.11737060546875,2025-08-29 20:02:12.066298
sh.601877,2025-08-28,2025-09-04,0.259521484375,2025-08-29 20:02:12.066298
sh.601877,2025-08-28,2025-09-04,0.259521484375,2025-08-29 20:02:12.066298
sh.601877,2025-08-28,2025-09-04,0.259521484375,2025-08-29 20:02:12.066298
sh.601877,2025-08-29,2025-09-05,0.25048828125,2025-08-29 20:02:12.066298
sh.601878,2025-08-25,2025-09-01,0.226806640625,2025-08-29 20:02:12.066298
sh.601878,2025-08-26,2025-09-02,0.2474365234375,2025-08-29 20:02:12.066298
sh.601878,2025-08-26,2025-09-02,0.247802734375,2025-08-29 20:02:12.066298
sh.601878,2025-08-27,2025-09-03,0.1339111328125,2025-08-29 20:02:12.066298
sh.601878,2025-08-27,2025-09-03,0.134033203125,2025-08-29 20:02:12.066298
sh.601878,2025-08-27,2025-09-03,0.1341552734375,2025-08-29 20:02:12.066298
sh.601878,2025-08-28,2025-09-04,0.265380859375,2025-08-29 20:02:12.066298
sh.601878,2025-08-28,2025-09-04,0.265625,2025-08-29 20:02:12.066298
sh.601878,2025-08-28,2025-09-04,0.26611328125,2025-08-29 20:02:12.066298
sh.601878,2025-08-29,2025-09-05,0.1983642578125,2025-08-29 20:02:12.066298
sh.601881,2025-08-25,2025-09-01,0.2120361328125,2025-08-29 20:02:12.066298
sh.601881,2025-08-26,2025-09-02,0.1737060546875,2025-08-29 20:02:12.066298
sh.601881,2025-08-26,2025-09-02,0.173828125,2025-08-29 20:02:12.066298
sh.601881,2025-08-27,2025-09-03,0.14111328125,2025-08-29 20:02:12.066298
sh.601881,2025-08-27,2025-09-03,0.141357421875,2025-08-29 20:02:12.066298
sh.601881,2025-08-27,2025-09-03,0.1416015625,2025-08-29 20:02:12.066298
sh.601881,2025-08-28,2025-09-04,0.243408203125,2025-08-29 20:02:12.066298
sh.601881,2025-08-28,2025-09-04,0.2440185546875,2025-08-29 20:02:12.066298
sh.601881,2025-08-28,2025-09-04,0.244384765625,2025-08-29 20:02:12.066298
sh.601881,2025-08-29,2025-09-05,0.1766357421875,2025-08-29 20:02:12.066298
sh.601888,2025-08-25,2025-09-01,0.259033203125,2025-08-29 20:02:12.066298
sh.601888,2025-08-26,2025-09-02,0.1510009765625,2025-08-29 20:02:12.066298
sh.601888,2025-08-26,2025-09-02,0.151123046875,2025-08-29 20:02:12.066298
sh.601888,2025-08-26,2025-09-02,0.151123046875,2025-08-29 20:02:12.066298
sh.601888,2025-08-27,2025-09-03,0.1317138671875,2025-08-29 20:02:12.066298
sh.601888,2025-08-27,2025-09-03,0.1318359375,2025-08-29 20:02:12.066298
sh.601888,2025-08-27,2025-09-03,0.1317138671875,2025-08-29 20:02:12.066298
sh.601888,2025-08-28,2025-09-04,0.1529541015625,2025-08-29 20:02:12.066298
sh.601888,2025-08-28,2025-09-04,0.1529541015625,2025-08-29 20:02:12.066298
sh.601888,2025-08-28,2025-09-04,0.1529541015625,2025-08-29 20:02:12.066298
sh.601888,2025-08-29,2025-09-05,0.1357421875,2025-08-29 20:02:12.066298
sh.601898,2025-08-25,2025-09-01,0.2666015625,2025-08-29 20:02:12.066298
sh.601898,2025-08-26,2025-09-02,0.1807861328125,2025-08-29 20:02:12.066298
sh.601898,2025-08-26,2025-09-02,0.181396484375,2025-08-29 20:02:12.066298
sh.601898,2025-08-27,2025-09-03,0.14599609375,2025-08-29 20:02:12.066298
sh.601898,2025-08-27,2025-09-03,0.1494140625,2025-08-29 20:02:12.066298
sh.601898,2025-08-27,2025-09-03,0.1466064453125,2025-08-29 20:02:12.066298
sh.601898,2025-08-28,2025-09-04,0.1593017578125,2025-08-29 20:02:12.066298
sh.601898,2025-08-28,2025-09-04,0.159423828125,2025-08-29 20:02:12.066298
sh.601898,2025-08-28,2025-09-04,0.159912109375,2025-08-29 20:02:12.066298
sh.601898,2025-08-29,2025-09-05,0.1312255859375,2025-08-29 20:02:12.066298
sh.601899,2025-08-25,2025-09-01,0.25,2025-08-29 20:02:12.066298
sh.601899,2025-08-26,2025-09-02,0.264892578125,2025-08-29 20:02:12.066298
sh.601899,2025-08-26,2025-09-02,0.265625,2025-08-29 20:02:12.066298
sh.601899,2025-08-27,2025-09-03,0.1650390625,2025-08-29 20:02:12.066298
sh.601899,2025-08-27,2025-09-03,0.1654052734375,2025-08-29 20:02:12.066298
sh.601899,2025-08-27,2025-09-03,0.1656494140625,2025-08-29 20:02:12.066298
sh.601899,2025-08-28,2025-09-04,0.2264404296875,2025-08-29 20:02:12.066298
sh.601899,2025-08-28,2025-09-04,0.2265625,2025-08-29 20:02:12.066298
sh.601899,2025-08-28,2025-09-04,0.227294921875,2025-08-29 20:02:12.066298
sh.601899,2025-08-29,2025-09-05,0.2381591796875,2025-08-29 20:02:12.066298
sh.601901,2025-08-25,2025-09-01,0.2225341796875,2025-08-29 20:02:12.066298
sh.601901,2025-08-26,2025-09-02,0.26611328125,2025-08-29 20:02:12.066298
sh.601901,2025-08-26,2025-09-02,0.266357421875,2025-08-29 20:02:12.066298
sh.601901,2025-08-27,2025-09-03,0.12890625,2025-08-29 20:02:12.066298
sh.601901,2025-08-27,2025-09-03,0.12890625,2025-08-29 20:02:12.066298
sh.601901,2025-08-27,2025-09-03,0.129150390625,2025-08-29 20:02:12.066298
sh.601901,2025-08-28,2025-09-04,0.26953125,2025-08-29 20:02:12.066298
sh.601901,2025-08-28,2025-09-04,0.270751953125,2025-08-29 20:02:12.066298
sh.601901,2025-08-28,2025-09-04,0.270263671875,2025-08-29 20:02:12.066298
sh.601901,2025-08-29,2025-09-05,0.1578369140625,2025-08-29 20:02:12.066298
sh.601916,2025-08-25,2025-09-01,0.1044921875,2025-08-29 20:02:12.066298
sh.601916,2025-08-26,2025-09-02,0.13427734375,2025-08-29 20:02:12.066298
sh.601916,2025-08-26,2025-09-02,0.1343994140625,2025-08-29 20:02:12.066298
sh.601916,2025-08-27,2025-09-03,0.1396484375,2025-08-29 20:02:12.066298
sh.601916,2025-08-27,2025-09-03,0.1396484375,2025-08-29 20:02:12.066298
sh.601916,2025-08-27,2025-09-03,0.139892578125,2025-08-29 20:02:12.066298
sh.601916,2025-08-28,2025-09-04,0.1424560546875,2025-08-29 20:02:12.066298
sh.601916,2025-08-28,2025-09-04,0.142822265625,2025-08-29 20:02:12.066298
sh.601916,2025-08-28,2025-09-04,0.143798828125,2025-08-29 20:02:12.066298
sh.601916,2025-08-29,2025-09-05,0.1395263671875,2025-08-29 20:02:12.066298
sh.601919,2025-08-25,2025-09-01,0.31103515625,2025-08-29 20:02:12.066298
sh.601919,2025-08-26,2025-09-02,0.194580078125,2025-08-29 20:02:12.066298
sh.601919,2025-08-26,2025-09-02,0.1949462890625,2025-08-29 20:02:12.066298
sh.601919,2025-08-27,2025-09-03,0.1456298828125,2025-08-29 20:02:12.066298
sh.601919,2025-08-27,2025-09-03,0.14599609375,2025-08-29 20:02:12.066298
sh.601919,2025-08-27,2025-09-03,0.146484375,2025-08-29 20:02:12.066298
sh.601919,2025-08-28,2025-09-04,0.34423828125,2025-08-29 20:02:12.066298
sh.601919,2025-08-28,2025-09-04,0.34375,2025-08-29 20:02:12.066298
sh.601919,2025-08-28,2025-09-04,0.345703125,2025-08-29 20:02:12.066298
sh.601919,2025-08-29,2025-09-05,0.15234375,2025-08-29 20:02:12.066298
sh.601939,2025-08-25,2025-09-01,0.143798828125,2025-08-29 20:02:12.066298
sh.601939,2025-08-26,2025-09-02,0.1402587890625,2025-08-29 20:02:12.066298
sh.601939,2025-08-26,2025-09-02,0.140869140625,2025-08-29 20:02:12.066298
sh.601939,2025-08-27,2025-09-03,0.154052734375,2025-08-29 20:02:12.066298
sh.601939,2025-08-27,2025-09-03,0.1546630859375,2025-08-29 20:02:12.066298
sh.601939,2025-08-27,2025-09-03,0.1553955078125,2025-08-29 20:02:12.066298
sh.601939,2025-08-28,2025-09-04,0.1563720703125,2025-08-29 20:02:12.066298
sh.601939,2025-08-28,2025-09-04,0.1572265625,2025-08-29 20:02:12.066298
sh.601939,2025-08-28,2025-09-04,0.158447265625,2025-08-29 20:02:12.066298
sh.601939,2025-08-29,2025-09-05,0.1259765625,2025-08-29 20:02:12.066298
sh.601985,2025-08-25,2025-09-01,0.2421875,2025-08-29 20:02:12.066298
sh.601985,2025-08-26,2025-09-02,0.14990234375,2025-08-29 20:02:12.066298
sh.601985,2025-08-26,2025-09-02,0.1502685546875,2025-08-29 20:02:12.066298
sh.601985,2025-08-27,2025-09-03,0.1279296875,2025-08-29 20:02:12.066298
sh.601985,2025-08-27,2025-09-03,0.1280517578125,2025-08-29 20:02:12.066298
sh.601985,2025-08-27,2025-09-03,0.1282958984375,2025-08-29 20:02:12.066298
sh.601985,2025-08-28,2025-09-04,0.1689453125,2025-08-29 20:02:12.066298
sh.601985,2025-08-28,2025-09-04,0.16943359375,2025-08-29 20:02:12.066298
sh.601985,2025-08-28,2025-09-04,0.1695556640625,2025-08-29 20:02:12.066298
sh.601985,2025-08-29,2025-09-05,0.181396484375,2025-08-29 20:02:12.066298
sh.601988,2025-08-25,2025-09-01,0.1702880859375,2025-08-29 20:02:12.066298
sh.601988,2025-08-26,2025-09-02,0.134521484375,2025-08-29 20:02:12.066298
sh.601988,2025-08-26,2025-09-02,0.1353759765625,2025-08-29 20:02:12.066298
sh.601988,2025-08-27,2025-09-03,0.1422119140625,2025-08-29 20:02:12.066298
sh.601988,2025-08-27,2025-09-03,0.142578125,2025-08-29 20:02:12.066298
sh.601988,2025-08-27,2025-09-03,0.1429443359375,2025-08-29 20:02:12.066298
sh.601988,2025-08-28,2025-09-04,0.1246337890625,2025-08-29 20:02:12.066298
sh.601988,2025-08-28,2025-09-04,0.1251220703125,2025-08-29 20:02:12.066298
sh.601988,2025-08-28,2025-09-04,0.1256103515625,2025-08-29 20:02:12.066298
sh.601988,2025-08-29,2025-09-05,0.1026611328125,2025-08-29 20:02:12.066298
sh.601995,2025-08-25,2025-09-01,0.1671142578125,2025-08-29 20:02:12.066298
sh.601995,2025-08-26,2025-09-02,0.16015625,2025-08-29 20:02:12.066298
sh.601995,2025-08-26,2025-09-02,0.1600341796875,2025-08-29 20:02:12.066298
sh.601995,2025-08-27,2025-09-03,0.1341552734375,2025-08-29 20:02:12.066298
sh.601995,2025-08-27,2025-09-03,0.1341552734375,2025-08-29 20:02:12.066298
sh.601995,2025-08-27,2025-09-03,0.1341552734375,2025-08-29 20:02:12.066298
sh.601995,2025-08-28,2025-09-04,0.259521484375,2025-08-29 20:02:12.066298
sh.601995,2025-08-28,2025-09-04,0.259033203125,2025-08-29 20:02:12.066298
sh.601995,2025-08-28,2025-09-04,0.259033203125,2025-08-29 20:02:12.066298
sh.601995,2025-08-29,2025-09-05,0.141845703125,2025-08-29 20:02:12.066298
sh.601998,2025-08-25,2025-09-01,0.1934814453125,2025-08-29 20:02:12.066298
sh.601998,2025-08-26,2025-09-02,0.1656494140625,2025-08-29 20:02:12.066298
sh.601998,2025-08-26,2025-09-02,0.166259765625,2025-08-29 20:02:12.066298
sh.601998,2025-08-27,2025-09-03,0.1497802734375,2025-08-29 20:02:12.066298
sh.601998,2025-08-27,2025-09-03,0.1502685546875,2025-08-29 20:02:12.066298
sh.601998,2025-08-27,2025-09-03,0.150634765625,2025-08-29 20:02:12.066298
sh.601998,2025-08-28,2025-09-04,0.11517333984375,2025-08-29 20:02:12.066298
sh.601998,2025-08-28,2025-09-04,0.11578369140625,2025-08-29 20:02:12.066298
sh.601998,2025-08-28,2025-09-04,0.11614990234375,2025-08-29 20:02:12.066298
sh.601998,2025-08-29,2025-09-05,0.11578369140625,2025-08-29 20:02:12.066298
sh.603019,2025-08-25,2025-09-01,0.382080078125,2025-08-29 20:02:12.066298
sh.603019,2025-08-26,2025-09-02,0.25,2025-08-29 20:02:12.066298
sh.603019,2025-08-26,2025-09-02,0.250244140625,2025-08-29 20:02:12.066298
sh.603019,2025-08-27,2025-09-03,0.1851806640625,2025-08-29 20:02:12.066298
sh.603019,2025-08-27,2025-09-03,0.185302734375,2025-08-29 20:02:12.066298
sh.603019,2025-08-27,2025-09-03,0.185791015625,2025-08-29 20:02:12.066298
sh.603019,2025-08-28,2025-09-04,0.275390625,2025-08-29 20:02:12.066298
sh.603019,2025-08-28,2025-09-04,0.275634765625,2025-08-29 20:02:12.066298
sh.603019,2025-08-28,2025-09-04,0.2763671875,2025-08-29 20:02:12.066298
sh.603019,2025-08-29,2025-09-05,0.2210693359375,2025-08-29 20:02:12.066298
sh.603195,2025-08-25,2025-09-01,0.08978271484375,2025-08-29 20:02:12.066298
sh.603195,2025-08-26,2025-09-02,0.06878662109375,2025-08-29 20:02:12.066298
sh.603195,2025-08-26,2025-09-02,0.06878662109375,2025-08-29 20:02:12.066298
sh.603195,2025-08-27,2025-09-03,0.1251220703125,2025-08-29 20:02:12.066298
sh.603195,2025-08-27,2025-09-03,0.1251220703125,2025-08-29 20:02:12.066298
sh.603195,2025-08-27,2025-09-03,0.1251220703125,2025-08-29 20:02:12.066298
sh.603195,2025-08-28,2025-09-04,0.120849609375,2025-08-29 20:02:12.066298
sh.603195,2025-08-28,2025-09-04,0.120849609375,2025-08-29 20:02:12.066298
sh.603195,2025-08-28,2025-09-04,0.120849609375,2025-08-29 20:02:12.066298
sh.603195,2025-08-29,2025-09-05,0.1646728515625,2025-08-29 20:02:12.066298
sh.603259,2025-08-25,2025-09-01,0.17822265625,2025-08-29 20:02:12.066298
sh.603259,2025-08-26,2025-09-02,0.144775390625,2025-08-29 20:02:12.066298
sh.603259,2025-08-26,2025-09-02,0.144775390625,2025-08-29 20:02:12.066298
sh.603259,2025-08-27,2025-09-03,0.116943359375,2025-08-29 20:02:12.066298
sh.603259,2025-08-27,2025-09-03,0.116943359375,2025-08-29 20:02:12.066298
sh.603259,2025-08-27,2025-09-03,0.1171875,2025-08-29 20:02:12.066298
sh.603259,2025-08-28,2025-09-04,0.126953125,2025-08-29 20:02:12.066298
sh.603259,2025-08-28,2025-09-04,0.1268310546875,2025-08-29 20:02:12.066298
sh.603259,2025-08-28,2025-09-04,0.126953125,2025-08-29 20:02:12.066298
sh.603259,2025-08-29,2025-09-05,0.1397705078125,2025-08-29 20:02:12.066298
sh.603260,2025-08-25,2025-09-01,0.09320068359375,2025-08-29 20:02:12.066298
sh.603260,2025-08-26,2025-09-02,0.12890625,2025-08-29 20:02:12.066298
sh.603260,2025-08-26,2025-09-02,0.1285400390625,2025-08-29 20:02:12.066298
sh.603260,2025-08-27,2025-09-03,0.10284423828125,2025-08-29 20:02:12.066298
sh.603260,2025-08-27,2025-09-03,0.1026611328125,2025-08-29 20:02:12.066298
sh.603260,2025-08-27,2025-09-03,0.10247802734375,2025-08-29 20:02:12.066298
sh.603260,2025-08-28,2025-09-04,0.1143798828125,2025-08-29 20:02:12.066298
sh.603260,2025-08-28,2025-09-04,0.11395263671875,2025-08-29 20:02:12.066298
sh.603260,2025-08-28,2025-09-04,0.11358642578125,2025-08-29 20:02:12.066298
sh.603260,2025-08-29,2025-09-05,0.11126708984375,2025-08-29 20:02:12.066298
sh.603288,2025-08-25,2025-09-01,0.384521484375,2025-08-29 20:02:12.066298
sh.603288,2025-08-26,2025-09-02,0.10015869140625,2025-08-29 20:02:12.066298
sh.603288,2025-08-26,2025-09-02,0.10015869140625,2025-08-29 20:02:12.066298
sh.603288,2025-08-27,2025-09-03,0.1187744140625,2025-08-29 20:02:12.066298
sh.603288,2025-08-27,2025-09-03,0.1187744140625,2025-08-29 20:02:12.066298
sh.603288,2025-08-27,2025-09-03,0.11859130859375,2025-08-29 20:02:12.066298
sh.603288,2025-08-28,2025-09-04,0.10931396484375,2025-08-29 20:02:12.066298
sh.603288,2025-08-28,2025-09-04,0.10931396484375,2025-08-29 20:02:12.066298
sh.603288,2025-08-28,2025-09-04,0.1094970703125,2025-08-29 20:02:12.066298
sh.603288,2025-08-29,2025-09-05,0.1810302734375,2025-08-29 20:02:12.066298
sh.603369,2025-08-25,2025-09-01,0.15234375,2025-08-29 20:02:12.066298
sh.603369,2025-08-26,2025-09-02,0.091552734375,2025-08-29 20:02:12.066298
sh.603369,2025-08-26,2025-09-02,0.09173583984375,2025-08-29 20:02:12.066298
sh.603369,2025-08-27,2025-09-03,0.140869140625,2025-08-29 20:02:12.066298
sh.603369,2025-08-27,2025-09-03,0.1407470703125,2025-08-29 20:02:12.066298
sh.603369,2025-08-27,2025-09-03,0.1407470703125,2025-08-29 20:02:12.066298
sh.603369,2025-08-28,2025-09-04,0.1177978515625,2025-08-29 20:02:12.066298
sh.603369,2025-08-28,2025-09-04,0.1177978515625,2025-08-29 20:02:12.066298
sh.603369,2025-08-28,2025-09-04,0.11798095703125,2025-08-29 20:02:12.066298
sh.603369,2025-08-29,2025-09-05,0.10107421875,2025-08-29 20:02:12.066298
sh.603392,2025-08-25,2025-09-01,0.1282958984375,2025-08-29 20:02:12.066298
sh.603392,2025-08-26,2025-09-02,0.1392822265625,2025-08-29 20:02:12.066298
sh.603392,2025-08-26,2025-09-02,0.13916015625,2025-08-29 20:02:12.066298
sh.603392,2025-08-27,2025-09-03,0.1258544921875,2025-08-29 20:02:12.066298
sh.603392,2025-08-27,2025-09-03,0.125732421875,2025-08-29 20:02:12.066298
sh.603392,2025-08-27,2025-09-03,0.12548828125,2025-08-29 20:02:12.066298
sh.603392,2025-08-28,2025-09-04,0.1143798828125,2025-08-29 20:02:12.066298
sh.603392,2025-08-28,2025-09-04,0.1143798828125,2025-08-29 20:02:12.066298
sh.603392,2025-08-28,2025-09-04,0.1143798828125,2025-08-29 20:02:12.066298
sh.603392,2025-08-29,2025-09-05,0.07598876953125,2025-08-29 20:02:12.066298
sh.603501,2025-08-25,2025-09-01,0.114990234375,2025-08-29 20:02:12.066298
sh.603501,2025-08-26,2025-09-02,0.1695556640625,2025-08-29 20:02:12.066298
sh.603501,2025-08-26,2025-09-02,0.169677734375,2025-08-29 20:02:12.066298
sh.603501,2025-08-27,2025-09-03,0.15576171875,2025-08-29 20:02:12.066298
sh.603501,2025-08-27,2025-09-03,0.156005859375,2025-08-29 20:02:12.066298
sh.603501,2025-08-27,2025-09-03,0.1561279296875,2025-08-29 20:02:12.066298
sh.603501,2025-08-28,2025-09-04,0.259033203125,2025-08-29 20:02:12.066298
sh.603501,2025-08-28,2025-09-04,0.25927734375,2025-08-29 20:02:12.066298
sh.603501,2025-08-28,2025-09-04,0.259521484375,2025-08-29 20:02:12.066298
sh.603501,2025-08-29,2025-09-05,0.295654296875,2025-08-29 20:02:12.066298
sh.603799,2025-08-25,2025-09-01,0.2203369140625,2025-08-29 20:02:12.066298
sh.603799,2025-08-26,2025-09-02,0.1900634765625,2025-08-29 20:02:12.066298
sh.603799,2025-08-26,2025-09-02,0.18994140625,2025-08-29 20:02:12.066298
sh.603799,2025-08-27,2025-09-03,0.1475830078125,2025-08-29 20:02:12.066298
sh.603799,2025-08-27,2025-09-03,0.1475830078125,2025-08-29 20:02:12.066298
sh.603799,2025-08-27,2025-09-03,0.1475830078125,2025-08-29 20:02:12.066298
sh.603799,2025-08-28,2025-09-04,0.275390625,2025-08-29 20:02:12.066298
sh.603799,2025-08-28,2025-09-04,0.27490234375,2025-08-29 20:02:12.066298
sh.603799,2025-08-28,2025-09-04,0.274169921875,2025-08-29 20:02:12.066298
sh.603799,2025-08-29,2025-09-05,0.19580078125,2025-08-29 20:02:12.066298
sh.603806,2025-08-25,2025-09-01,0.239501953125,2025-08-29 20:02:12.066298
sh.603806,2025-08-26,2025-09-02,0.2391357421875,2025-08-29 20:02:12.066298
sh.603806,2025-08-26,2025-09-02,0.2384033203125,2025-08-29 20:02:12.066298
sh.603806,2025-08-27,2025-09-03,0.1368408203125,2025-08-29 20:02:12.066298
sh.603806,2025-08-27,2025-09-03,0.1368408203125,2025-08-29 20:02:12.066298
sh.603806,2025-08-27,2025-09-03,0.13671875,2025-08-29 20:02:12.066298
sh.603806,2025-08-28,2025-09-04,0.263671875,2025-08-29 20:02:12.066298
sh.603806,2025-08-28,2025-09-04,0.263427734375,2025-08-29 20:02:12.066298
sh.603806,2025-08-28,2025-09-04,0.262939453125,2025-08-29 20:02:12.066298
sh.603806,2025-08-29,2025-09-05,0.226806640625,2025-08-29 20:02:12.066298
sh.603833,2025-08-25,2025-09-01,0.110107421875,2025-08-29 20:02:12.066298
sh.603833,2025-08-26,2025-09-02,0.126953125,2025-08-29 20:02:12.066298
sh.603833,2025-08-26,2025-09-02,0.1265869140625,2025-08-29 20:02:12.066298
sh.603833,2025-08-27,2025-09-03,0.11920166015625,2025-08-29 20:02:12.066298
sh.603833,2025-08-27,2025-09-03,0.1190185546875,2025-08-29 20:02:12.066298
sh.603833,2025-08-27,2025-09-03,0.1187744140625,2025-08-29 20:02:12.066298
sh.603833,2025-08-28,2025-09-04,0.0999755859375,2025-08-29 20:02:12.066298
sh.603833,2025-08-28,2025-09-04,0.09979248046875,2025-08-29 20:02:12.066298
sh.603833,2025-08-28,2025-09-04,0.09979248046875,2025-08-29 20:02:12.066298
sh.603833,2025-08-29,2025-09-05,0.0953369140625,2025-08-29 20:02:12.066298
sh.603986,2025-08-25,2025-09-01,0.2091064453125,2025-08-29 20:02:12.066298
sh.603986,2025-08-26,2025-09-02,0.249755859375,2025-08-29 20:02:12.066298
sh.603986,2025-08-26,2025-09-02,0.25,2025-08-29 20:02:12.066298
sh.603986,2025-08-27,2025-09-03,0.165283203125,2025-08-29 20:02:12.066298
sh.603986,2025-08-27,2025-09-03,0.165283203125,2025-08-29 20:02:12.066298
sh.603986,2025-08-27,2025-09-03,0.1654052734375,2025-08-29 20:02:12.066298
sh.603986,2025-08-28,2025-09-04,0.29052734375,2025-08-29 20:02:12.066298
sh.603986,2025-08-28,2025-09-04,0.290771484375,2025-08-29 20:02:12.066298
sh.603986,2025-08-28,2025-09-04,0.290771484375,2025-08-29 20:02:12.066298
sh.603986,2025-08-29,2025-09-05,0.280517578125,2025-08-29 20:02:12.066298
sh.603993,2025-08-25,2025-09-01,0.297119140625,2025-08-29 20:02:12.066298
sh.603993,2025-08-26,2025-09-02,0.28955078125,2025-08-29 20:02:12.066298
sh.603993,2025-08-26,2025-09-02,0.289794921875,2025-08-29 20:02:12.066298
sh.603993,2025-08-27,2025-09-03,0.219970703125,2025-08-29 20:02:12.066298
sh.603993,2025-08-27,2025-09-03,0.22021484375,2025-08-29 20:02:12.066298
sh.603993,2025-08-27,2025-09-03,0.220458984375,2025-08-29 20:02:12.066298
sh.603993,2025-08-28,2025-09-04,0.331787109375,2025-08-29 20:02:12.066298
sh.603993,2025-08-28,2025-09-04,0.3330078125,2025-08-29 20:02:12.066298
sh.603993,2025-08-28,2025-09-04,0.333251953125,2025-08-29 20:02:12.066298
sh.603993,2025-08-29,2025-09-05,0.271728515625,2025-08-29 20:02:12.066298
sh.605117,2025-08-25,2025-09-01,0.190673828125,2025-08-29 20:02:12.066298
sh.605117,2025-08-26,2025-09-02,0.145263671875,2025-08-29 20:02:12.066298
sh.605117,2025-08-26,2025-09-02,0.14501953125,2025-08-29 20:02:12.066298
sh.605117,2025-08-27,2025-09-03,0.0938720703125,2025-08-29 20:02:12.066298
sh.605117,2025-08-27,2025-09-03,0.093994140625,2025-08-29 20:02:12.066298
sh.605117,2025-08-27,2025-09-03,0.093994140625,2025-08-29 20:02:12.066298
sh.605117,2025-08-28,2025-09-04,0.1865234375,2025-08-29 20:02:12.066298
sh.605117,2025-08-28,2025-09-04,0.1864013671875,2025-08-29 20:02:12.066298
sh.605117,2025-08-28,2025-09-04,0.1864013671875,2025-08-29 20:02:12.066298
sh.605117,2025-08-29,2025-09-05,0.1895751953125,2025-08-29 20:02:12.066298
sh.605499,2025-08-25,2025-09-01,0.12286376953125,2025-08-29 20:02:12.066298
sh.605499,2025-08-26,2025-09-02,0.07904052734375,2025-08-29 20:02:12.066298
sh.605499,2025-08-26,2025-09-02,0.0792236328125,2025-08-29 20:02:12.066298
sh.605499,2025-08-27,2025-09-03,0.1201171875,2025-08-29 20:02:12.066298
sh.605499,2025-08-27,2025-09-03,0.120361328125,2025-08-29 20:02:12.066298
sh.605499,2025-08-27,2025-09-03,0.12066650390625,2025-08-29 20:02:12.066298
sh.605499,2025-08-28,2025-09-04,0.11065673828125,2025-08-29 20:02:12.066298
sh.605499,2025-08-28,2025-09-04,0.11102294921875,2025-08-29 20:02:12.066298
sh.605499,2025-08-28,2025-09-04,0.1114501953125,2025-08-29 20:02:12.066298
sh.605499,2025-08-29,2025-09-05,0.0948486328125,2025-08-29 20:02:12.066298
sh.688008,2025-08-25,2025-09-01,0.154296875,2025-08-29 20:02:12.066298
sh.688008,2025-08-26,2025-09-02,0.1942138671875,2025-08-29 20:02:12.066298
sh.688008,2025-08-26,2025-09-02,0.194091796875,2025-08-29 20:02:12.066298
sh.688008,2025-08-27,2025-09-03,0.1544189453125,2025-08-29 20:02:12.066298
sh.688008,2025-08-27,2025-09-03,0.154541015625,2025-08-29 20:02:12.066298
sh.688008,2025-08-27,2025-09-03,0.1546630859375,2025-08-29 20:02:12.066298
sh.688008,2025-08-28,2025-09-04,0.265869140625,2025-08-29 20:02:12.066298
sh.688008,2025-08-28,2025-09-04,0.26611328125,2025-08-29 20:02:12.066298
sh.688008,2025-08-28,2025-09-04,0.266357421875,2025-08-29 20:02:12.066298
sh.688008,2025-08-29,2025-09-05,0.25341796875,2025-08-29 20:02:12.066298
sh.688009,2025-08-25,2025-09-01,0.132568359375,2025-08-29 20:02:12.066298
sh.688009,2025-08-26,2025-09-02,0.2327880859375,2025-08-29 20:02:12.066298
sh.688009,2025-08-26,2025-09-02,0.232666015625,2025-08-29 20:02:12.066298
sh.688009,2025-08-27,2025-09-03,0.14013671875,2025-08-29 20:02:12.066298
sh.688009,2025-08-27,2025-09-03,0.1402587890625,2025-08-29 20:02:12.066298
sh.688009,2025-08-27,2025-09-03,0.1405029296875,2025-08-29 20:02:12.066298
sh.688009,2025-08-28,2025-09-04,0.22021484375,2025-08-29 20:02:12.066298
sh.688009,2025-08-28,2025-09-04,0.2203369140625,2025-08-29 20:02:12.066298
sh.688009,2025-08-28,2025-09-04,0.219970703125,2025-08-29 20:02:12.066298
sh.688009,2025-08-29,2025-09-05,0.1610107421875,2025-08-29 20:02:12.066298
sh.688012,2025-08-25,2025-09-01,0.13671875,2025-08-29 20:02:12.066298
sh.688012,2025-08-26,2025-09-02,0.142333984375,2025-08-29 20:02:12.066298
sh.688012,2025-08-26,2025-09-02,0.1424560546875,2025-08-29 20:02:12.066298
sh.688012,2025-08-27,2025-09-03,0.11126708984375,2025-08-29 20:02:12.066298
sh.688012,2025-08-27,2025-09-03,0.1114501953125,2025-08-29 20:02:12.066298
sh.688012,2025-08-27,2025-09-03,0.11163330078125,2025-08-29 20:02:12.066298
sh.688012,2025-08-28,2025-09-04,0.2034912109375,2025-08-29 20:02:12.066298
sh.688012,2025-08-28,2025-09-04,0.2037353515625,2025-08-29 20:02:12.066298
sh.688012,2025-08-28,2025-09-04,0.203857421875,2025-08-29 20:02:12.066298
sh.688012,2025-08-29,2025-09-05,0.19091796875,2025-08-29 20:02:12.066298
sh.688036,2025-08-25,2025-09-01,0.15087890625,2025-08-29 20:02:12.066298
sh.688036,2025-08-26,2025-09-02,0.147216796875,2025-08-29 20:02:12.066298
sh.688036,2025-08-26,2025-09-02,0.1478271484375,2025-08-29 20:02:12.066298
sh.688036,2025-08-27,2025-09-03,0.100341796875,2025-08-29 20:02:12.066298
sh.688036,2025-08-27,2025-09-03,0.10052490234375,2025-08-29 20:02:12.066298
sh.688036,2025-08-27,2025-09-03,0.1007080078125,2025-08-29 20:02:12.066298
sh.688036,2025-08-28,2025-09-04,0.10504150390625,2025-08-29 20:02:12.066298
sh.688036,2025-08-28,2025-09-04,0.105224609375,2025-08-29 20:02:12.066298
sh.688036,2025-08-28,2025-09-04,0.1055908203125,2025-08-29 20:02:12.066298
sh.688036,2025-08-29,2025-09-05,0.169921875,2025-08-29 20:02:12.066298
sh.688041,2025-08-27,2025-09-03,0.135009765625,2025-08-29 20:02:12.066298
sh.688041,2025-08-27,2025-09-03,0.134765625,2025-08-29 20:02:12.066298
sh.688041,2025-08-28,2025-09-04,0.137451171875,2025-08-29 20:02:12.066298
sh.688041,2025-08-28,2025-09-04,0.137451171875,2025-08-29 20:02:12.066298
sh.688041,2025-08-28,2025-09-04,0.1370849609375,2025-08-29 20:02:12.066298
sh.688041,2025-08-29,2025-09-05,0.1385498046875,2025-08-29 20:02:12.066298
sh.688047,2025-08-25,2025-09-01,0.1070556640625,2025-08-29 20:02:12.066298
sh.688047,2025-08-26,2025-09-02,0.134033203125,2025-08-29 20:02:12.066298
sh.688047,2025-08-26,2025-09-02,0.1341552734375,2025-08-29 20:02:12.066298
sh.688047,2025-08-27,2025-09-03,0.09600830078125,2025-08-29 20:02:12.066298
sh.688047,2025-08-27,2025-09-03,0.09619140625,2025-08-29 20:02:12.066298
sh.688047,2025-08-27,2025-09-03,0.09637451171875,2025-08-29 20:02:12.066298
sh.688047,2025-08-28,2025-09-04,0.128662109375,2025-08-29 20:02:12.066298
sh.688047,2025-08-28,2025-09-04,0.128662109375,2025-08-29 20:02:12.066298
sh.688047,2025-08-28,2025-09-04,0.1287841796875,2025-08-29 20:02:12.066298
sh.688047,2025-08-29,2025-09-05,0.15380859375,2025-08-29 20:02:12.066298
sh.688082,2025-08-25,2025-09-01,0.1285400390625,2025-08-29 20:02:12.066298
sh.688082,2025-08-26,2025-09-02,0.2039794921875,2025-08-29 20:02:12.066298
sh.688082,2025-08-26,2025-09-02,0.2042236328125,2025-08-29 20:02:12.066298
sh.688082,2025-08-27,2025-09-03,0.1739501953125,2025-08-29 20:02:12.066298
sh.688082,2025-08-27,2025-09-03,0.173828125,2025-08-29 20:02:12.066298
sh.688082,2025-08-27,2025-09-03,0.1744384765625,2025-08-29 20:02:12.066298
sh.688082,2025-08-28,2025-09-04,0.283203125,2025-08-29 20:02:12.066298
sh.688082,2025-08-28,2025-09-04,0.283203125,2025-08-29 20:02:12.066298
sh.688082,2025-08-28,2025-09-04,0.283447265625,2025-08-29 20:02:12.066298
sh.688082,2025-08-29,2025-09-05,0.1776123046875,2025-08-29 20:02:12.066298
sh.688111,2025-08-25,2025-09-01,0.1317138671875,2025-08-29 20:02:12.066298
sh.688111,2025-08-26,2025-09-02,0.1187744140625,2025-08-29 20:02:12.066298
sh.688111,2025-08-26,2025-09-02,0.1190185546875,2025-08-29 20:02:12.066298
sh.688111,2025-08-27,2025-09-03,0.128662109375,2025-08-29 20:02:12.066298
sh.688111,2025-08-27,2025-09-03,0.1287841796875,2025-08-29 20:02:12.066298
sh.688111,2025-08-27,2025-09-03,0.12890625,2025-08-29 20:02:12.066298
sh.688111,2025-08-28,2025-09-04,0.18505859375,2025-08-29 20:02:12.066298
sh.688111,2025-08-28,2025-09-04,0.18505859375,2025-08-29 20:02:12.066298
sh.688111,2025-08-28,2025-09-04,0.18505859375,2025-08-29 20:02:12.066298
sh.688111,2025-08-29,2025-09-05,0.1429443359375,2025-08-29 20:02:12.066298
sh.688126,2025-08-25,2025-09-01,0.1434326171875,2025-08-29 20:02:12.066298
sh.688126,2025-08-26,2025-09-02,0.124755859375,2025-08-29 20:02:12.066298
sh.688126,2025-08-26,2025-09-02,0.1248779296875,2025-08-29 20:02:12.066298
sh.688126,2025-08-27,2025-09-03,0.1041259765625,2025-08-29 20:02:12.066298
sh.688126,2025-08-27,2025-09-03,0.1041259765625,2025-08-29 20:02:12.066298
sh.688126,2025-08-27,2025-09-03,0.1041259765625,2025-08-29 20:02:12.066298
sh.688126,2025-08-28,2025-09-04,0.1966552734375,2025-08-29 20:02:12.066298
sh.688126,2025-08-28,2025-09-04,0.1966552734375,2025-08-29 20:02:12.066298
sh.688126,2025-08-28,2025-09-04,0.196533203125,2025-08-29 20:02:12.066298
sh.688126,2025-08-29,2025-09-05,0.1796875,2025-08-29 20:02:12.066298
sh.688169,2025-08-25,2025-09-01,0.2188720703125,2025-08-29 20:02:12.066298
sh.688169,2025-08-26,2025-09-02,0.2181396484375,2025-08-29 20:02:12.066298
sh.688169,2025-08-26,2025-09-02,0.2188720703125,2025-08-29 20:02:12.066298
sh.688169,2025-08-27,2025-09-03,0.17724609375,2025-08-29 20:02:12.066298
sh.688169,2025-08-27,2025-09-03,0.1778564453125,2025-08-29 20:02:12.066298
sh.688169,2025-08-27,2025-09-03,0.1781005859375,2025-08-29 20:02:12.066298
sh.688169,2025-08-28,2025-09-04,0.2110595703125,2025-08-29 20:02:12.066298
sh.688169,2025-08-28,2025-09-04,0.2115478515625,2025-08-29 20:02:12.066298
sh.688169,2025-08-28,2025-09-04,0.21240234375,2025-08-29 20:02:12.066298
sh.688169,2025-08-29,2025-09-05,0.291015625,2025-08-29 20:02:12.066298
sh.688187,2025-08-25,2025-09-01,0.222900390625,2025-08-29 20:02:12.066298
sh.688187,2025-08-26,2025-09-02,0.265625,2025-08-29 20:02:12.066298
sh.688187,2025-08-26,2025-09-02,0.265625,2025-08-29 20:02:12.066298
sh.688187,2025-08-27,2025-09-03,0.13037109375,2025-08-29 20:02:12.066298
sh.688187,2025-08-27,2025-09-03,0.1302490234375,2025-08-29 20:02:12.066298
sh.688187,2025-08-27,2025-09-03,0.1304931640625,2025-08-29 20:02:12.066298
sh.688187,2025-08-28,2025-09-04,0.19189453125,2025-08-29 20:02:12.066298
sh.688187,2025-08-28,2025-09-04,0.1917724609375,2025-08-29 20:02:12.066298
sh.688187,2025-08-28,2025-09-04,0.191650390625,2025-08-29 20:02:12.066298
sh.688187,2025-08-29,2025-09-05,0.1734619140625,2025-08-29 20:02:12.066298
sh.688223,2025-08-25,2025-09-01,0.09124755859375,2025-08-29 20:02:12.066298
sh.688223,2025-08-26,2025-09-02,0.116943359375,2025-08-29 20:02:12.066298
sh.688223,2025-08-26,2025-09-02,0.1165771484375,2025-08-29 20:02:12.066298
sh.688223,2025-08-27,2025-09-03,0.1259765625,2025-08-29 20:02:12.066298
sh.688223,2025-08-27,2025-09-03,0.1258544921875,2025-08-29 20:02:12.066298
sh.688223,2025-08-27,2025-09-03,0.1256103515625,2025-08-29 20:02:12.066298
sh.688223,2025-08-28,2025-09-04,0.0867919921875,2025-08-29 20:02:12.066298
sh.688223,2025-08-28,2025-09-04,0.08660888671875,2025-08-29 20:02:12.066298
sh.688223,2025-08-28,2025-09-04,0.08648681640625,2025-08-29 20:02:12.066298
sh.688223,2025-08-29,2025-09-05,0.08990478515625,2025-08-29 20:02:12.066298
sh.688256,2025-08-25,2025-09-01,0.324951171875,2025-08-29 20:02:12.066298
sh.688256,2025-08-26,2025-09-02,0.3330078125,2025-08-29 20:02:12.066298
sh.688256,2025-08-26,2025-09-02,0.333740234375,2025-08-29 20:02:12.066298
sh.688256,2025-08-27,2025-09-03,0.09234619140625,2025-08-29 20:02:12.066298
sh.688256,2025-08-27,2025-09-03,0.092041015625,2025-08-29 20:02:12.066298
sh.688256,2025-08-27,2025-09-03,0.09173583984375,2025-08-29 20:02:12.066298
sh.688256,2025-08-28,2025-09-04,0.1258544921875,2025-08-29 20:02:12.066298
sh.688256,2025-08-28,2025-09-04,0.125732421875,2025-08-29 20:02:12.066298
sh.688256,2025-08-28,2025-09-04,0.1256103515625,2025-08-29 20:02:12.066298
sh.688256,2025-08-29,2025-09-05,0.10284423828125,2025-08-29 20:02:12.066298
sh.688271,2025-08-25,2025-09-01,0.0838623046875,2025-08-29 20:02:12.066298
sh.688271,2025-08-26,2025-09-02,0.08123779296875,2025-08-29 20:02:12.066298
sh.688271,2025-08-26,2025-09-02,0.0809326171875,2025-08-29 20:02:12.066298
sh.688271,2025-08-27,2025-09-03,0.1383056640625,2025-08-29 20:02:12.066298
sh.688271,2025-08-27,2025-09-03,0.1380615234375,2025-08-29 20:02:12.066298
sh.688271,2025-08-27,2025-09-03,0.137939453125,2025-08-29 20:02:12.066298
sh.688271,2025-08-28,2025-09-04,0.09027099609375,2025-08-29 20:02:12.066298
sh.688271,2025-08-28,2025-09-04,0.090087890625,2025-08-29 20:02:12.066298
sh.688271,2025-08-28,2025-09-04,0.08990478515625,2025-08-29 20:02:12.066298
sh.688271,2025-08-29,2025-09-05,0.10894775390625,2025-08-29 20:02:12.066298
sh.688303,2025-08-25,2025-09-01,0.08197021484375,2025-08-29 20:02:12.066298
sh.688303,2025-08-26,2025-09-02,0.1446533203125,2025-08-29 20:02:12.066298
sh.688303,2025-08-26,2025-09-02,0.14404296875,2025-08-29 20:02:12.066298
sh.688303,2025-08-27,2025-09-03,0.1273193359375,2025-08-29 20:02:12.066298
sh.688303,2025-08-27,2025-09-03,0.1270751953125,2025-08-29 20:02:12.066298
sh.688303,2025-08-27,2025-09-03,0.126953125,2025-08-29 20:02:12.066298
sh.688303,2025-08-28,2025-09-04,0.19091796875,2025-08-29 20:02:12.066298
sh.688303,2025-08-28,2025-09-04,0.190673828125,2025-08-29 20:02:12.066298
sh.688303,2025-08-28,2025-09-04,0.1898193359375,2025-08-29 20:02:12.066298
sh.688303,2025-08-29,2025-09-05,0.1571044921875,2025-08-29 20:02:12.066298
sh.688396,2025-08-25,2025-09-01,0.1329345703125,2025-08-29 20:02:12.066298
sh.688396,2025-08-26,2025-09-02,0.1514892578125,2025-08-29 20:02:12.066298
sh.688396,2025-08-26,2025-09-02,0.1514892578125,2025-08-29 20:02:12.066298
sh.688396,2025-08-27,2025-09-03,0.1273193359375,2025-08-29 20:02:12.066298
sh.688396,2025-08-27,2025-09-03,0.1273193359375,2025-08-29 20:02:12.066298
sh.688396,2025-08-27,2025-09-03,0.12744140625,2025-08-29 20:02:12.066298
sh.688396,2025-08-28,2025-09-04,0.2218017578125,2025-08-29 20:02:12.066298
sh.688396,2025-08-28,2025-09-04,0.2220458984375,2025-08-29 20:02:12.066298
sh.688396,2025-08-28,2025-09-04,0.2220458984375,2025-08-29 20:02:12.066298
sh.688396,2025-08-29,2025-09-05,0.19482421875,2025-08-29 20:02:12.066298
sh.688599,2025-08-25,2025-09-01,0.091064453125,2025-08-29 20:02:12.066298
sh.688599,2025-08-26,2025-09-02,0.11065673828125,2025-08-29 20:02:12.066298
sh.688599,2025-08-26,2025-09-02,0.11029052734375,2025-08-29 20:02:12.066298
sh.688599,2025-08-27,2025-09-03,0.11614990234375,2025-08-29 20:02:12.066298
sh.688599,2025-08-27,2025-09-03,0.115966796875,2025-08-29 20:02:12.066298
sh.688599,2025-08-27,2025-09-03,0.11578369140625,2025-08-29 20:02:12.066298
sh.688599,2025-08-28,2025-09-04,0.09515380859375,2025-08-29 20:02:12.066298
sh.688599,2025-08-28,2025-09-04,0.09515380859375,2025-08-29 20:02:12.066298
sh.688599,2025-08-28,2025-09-04,0.09503173828125,2025-08-29 20:02:12.066298
sh.688599,2025-08-29,2025-09-05,0.1026611328125,2025-08-29 20:02:12.066298
sh.688981,2025-08-25,2025-09-01,0.16015625,2025-08-29 20:02:12.066298
sh.688981,2025-08-26,2025-09-02,0.130859375,2025-08-29 20:02:12.066298
sh.688981,2025-08-26,2025-09-02,0.1287841796875,2025-08-29 20:02:12.066298
sh.688981,2025-08-27,2025-09-03,0.09844970703125,2025-08-29 20:02:12.066298
sh.688981,2025-08-27,2025-09-03,0.09808349609375,2025-08-29 20:02:12.066298
sh.688981,2025-08-27,2025-09-03,0.097900390625,2025-08-29 20:02:12.066298
sh.688981,2025-08-28,2025-09-04,0.1444091796875,2025-08-29 20:02:12.066298
sh.688981,2025-08-28,2025-09-04,0.1444091796875,2025-08-29 20:02:12.066298
sh.688981,2025-08-28,2025-09-04,0.1444091796875,2025-08-29 20:02:12.066298
sh.688981,2025-08-29,2025-09-05,0.1668701171875,2025-08-29 20:02:12.066298
sz.000001,2025-08-25,2025-09-01,0.1912841796875,2025-08-29 20:02:12.066298
sz.000001,2025-08-26,2025-09-02,0.1510009765625,2025-08-29 20:02:12.066298
sz.000001,2025-08-26,2025-09-02,0.151123046875,2025-08-29 20:02:12.066298
sz.000001,2025-08-27,2025-09-03,0.1346435546875,2025-08-29 20:02:12.066298
sz.000001,2025-08-27,2025-09-03,0.1346435546875,2025-08-29 20:02:12.066298
sz.000001,2025-08-27,2025-09-03,0.134765625,2025-08-29 20:02:12.066298
sz.000001,2025-08-28,2025-09-04,0.156005859375,2025-08-29 20:02:12.066298
sz.000001,2025-08-28,2025-09-04,0.156982421875,2025-08-29 20:02:12.066298
sz.000001,2025-08-28,2025-09-04,0.156494140625,2025-08-29 20:02:12.066298
sz.000001,2025-08-29,2025-09-05,0.115966796875,2025-08-29 20:02:12.066298
sz.000002,2025-08-25,2025-09-01,0.125244140625,2025-08-29 20:02:12.066298
sz.000002,2025-08-26,2025-09-02,0.15869140625,2025-08-29 20:02:12.066298
sz.000002,2025-08-26,2025-09-02,0.15869140625,2025-08-29 20:02:12.066298
sz.000002,2025-08-27,2025-09-03,0.1251220703125,2025-08-29 20:02:12.066298
sz.000002,2025-08-27,2025-09-03,0.12493896484375,2025-08-29 20:02:12.066298
sz.000002,2025-08-27,2025-09-03,0.1248779296875,2025-08-29 20:02:12.066298
sz.000002,2025-08-28,2025-09-04,0.11358642578125,2025-08-29 20:02:12.066298
sz.000002,2025-08-28,2025-09-04,0.11358642578125,2025-08-29 20:02:12.066298
sz.000002,2025-08-28,2025-09-04,0.11358642578125,2025-08-29 20:02:12.066298
sz.000002,2025-08-29,2025-09-05,0.12322998046875,2025-08-29 20:02:12.066298
sz.000063,2025-08-25,2025-09-01,0.22802734375,2025-08-29 20:02:12.066298
sz.000063,2025-08-26,2025-09-02,0.25341796875,2025-08-29 20:02:12.066298
sz.000063,2025-08-26,2025-09-02,0.253662109375,2025-08-29 20:02:12.066298
sz.000063,2025-08-27,2025-09-03,0.171875,2025-08-29 20:02:12.066298
sz.000063,2025-08-27,2025-09-03,0.172119140625,2025-08-29 20:02:12.066298
sz.000063,2025-08-27,2025-09-03,0.1724853515625,2025-08-29 20:02:12.066298
sz.000063,2025-08-28,2025-09-04,0.2646484375,2025-08-29 20:02:12.066298
sz.000063,2025-08-28,2025-09-04,0.2646484375,2025-08-29 20:02:12.066298
sz.000063,2025-08-28,2025-09-04,0.26513671875,2025-08-29 20:02:12.066298
sz.000063,2025-08-29,2025-09-05,0.279541015625,2025-08-29 20:02:12.066298
sz.000100,2025-08-25,2025-09-01,0.1563720703125,2025-08-29 20:02:12.066298
sz.000100,2025-08-26,2025-09-02,0.24658203125,2025-08-29 20:02:12.066298
sz.000100,2025-08-26,2025-09-02,0.246337890625,2025-08-29 20:02:12.066298
sz.000100,2025-08-27,2025-09-03,0.12286376953125,2025-08-29 20:02:12.066298
sz.000100,2025-08-27,2025-09-03,0.1229248046875,2025-08-29 20:02:12.066298
sz.000100,2025-08-27,2025-09-03,0.1231689453125,2025-08-29 20:02:12.066298
sz.000100,2025-08-28,2025-09-04,0.2203369140625,2025-08-29 20:02:12.066298
sz.000100,2025-08-28,2025-09-04,0.2208251953125,2025-08-29 20:02:12.066298
sz.000100,2025-08-28,2025-09-04,0.22119140625,2025-08-29 20:02:12.066298
sz.000100,2025-08-29,2025-09-05,0.1551513671875,2025-08-29 20:02:12.066298
sz.000157,2025-08-25,2025-09-01,0.3349609375,2025-08-29 20:02:12.066298
sz.000157,2025-08-26,2025-09-02,0.280029296875,2025-08-29 20:02:12.066298
sz.000157,2025-08-26,2025-09-02,0.280029296875,2025-08-29 20:02:12.066298
sz.000157,2025-08-27,2025-09-03,0.1400146484375,2025-08-29 20:02:12.066298
sz.000157,2025-08-27,2025-09-03,0.140380859375,2025-08-29 20:02:12.066298
sz.000157,2025-08-27,2025-09-03,0.140625,2025-08-29 20:02:12.066298
sz.000157,2025-08-28,2025-09-04,0.1610107421875,2025-08-29 20:02:12.066298
sz.000157,2025-08-28,2025-09-04,0.16162109375,2025-08-29 20:02:12.066298
sz.000157,2025-08-28,2025-09-04,0.1617431640625,2025-08-29 20:02:12.066298
sz.000157,2025-08-29,2025-09-05,0.1317138671875,2025-08-29 20:02:12.066298
sz.000166,2025-08-25,2025-09-01,0.2467041015625,2025-08-29 20:02:12.066298
sz.000166,2025-08-26,2025-09-02,0.2548828125,2025-08-29 20:02:12.066298
sz.000166,2025-08-26,2025-09-02,0.2548828125,2025-08-29 20:02:12.066298
sz.000166,2025-08-27,2025-09-03,0.1429443359375,2025-08-29 20:02:12.066298
sz.000166,2025-08-27,2025-09-03,0.14306640625,2025-08-29 20:02:12.066298
sz.000166,2025-08-27,2025-09-03,0.143310546875,2025-08-29 20:02:12.066298
sz.000166,2025-08-28,2025-09-04,0.2529296875,2025-08-29 20:02:12.066298
sz.000166,2025-08-28,2025-09-04,0.2529296875,2025-08-29 20:02:12.066298
sz.000166,2025-08-28,2025-09-04,0.253662109375,2025-08-29 20:02:12.066298
sz.000166,2025-08-29,2025-09-05,0.142333984375,2025-08-29 20:02:12.066298
sz.000301,2025-08-25,2025-09-01,0.180419921875,2025-08-29 20:02:12.066298
sz.000301,2025-08-26,2025-09-02,0.1676025390625,2025-08-29 20:02:12.066298
sz.000301,2025-08-26,2025-09-02,0.16748046875,2025-08-29 20:02:12.066298
sz.000301,2025-08-27,2025-09-03,0.11920166015625,2025-08-29 20:02:12.066298
sz.000301,2025-08-27,2025-09-03,0.11932373046875,2025-08-29 20:02:12.066298
sz.000301,2025-08-27,2025-09-03,0.11932373046875,2025-08-29 20:02:12.066298
sz.000301,2025-08-28,2025-09-04,0.19580078125,2025-08-29 20:02:12.066298
sz.000301,2025-08-28,2025-09-04,0.1953125,2025-08-29 20:02:12.066298
sz.000301,2025-08-28,2025-09-04,0.1953125,2025-08-29 20:02:12.066298
sz.000301,2025-08-29,2025-09-05,0.203369140625,2025-08-29 20:02:12.066298
sz.000333,2025-08-25,2025-09-01,0.16455078125,2025-08-29 20:02:12.066298
sz.000333,2025-08-26,2025-09-02,0.11083984375,2025-08-29 20:02:12.066298
sz.000333,2025-08-26,2025-09-02,0.11126708984375,2025-08-29 20:02:12.066298
sz.000333,2025-08-27,2025-09-03,0.12451171875,2025-08-29 20:02:12.066298
sz.000333,2025-08-27,2025-09-03,0.124755859375,2025-08-29 20:02:12.066298
sz.000333,2025-08-27,2025-09-03,0.1248779296875,2025-08-29 20:02:12.066298
sz.000333,2025-08-28,2025-09-04,0.09039306640625,2025-08-29 20:02:12.066298
sz.000333,2025-08-28,2025-09-04,0.09075927734375,2025-08-29 20:02:12.066298
sz.000333,2025-08-28,2025-09-04,0.09075927734375,2025-08-29 20:02:12.066298
sz.000333,2025-08-29,2025-09-05,0.090576171875,2025-08-29 20:02:12.066298
sz.000338,2025-08-25,2025-09-01,0.274169921875,2025-08-29 20:02:12.066298
sz.000338,2025-08-26,2025-09-02,0.1934814453125,2025-08-29 20:02:12.066298
sz.000338,2025-08-26,2025-09-02,0.1942138671875,2025-08-29 20:02:12.066298
sz.000338,2025-08-27,2025-09-03,0.1517333984375,2025-08-29 20:02:12.066298
sz.000338,2025-08-27,2025-09-03,0.1519775390625,2025-08-29 20:02:12.066298
sz.000338,2025-08-27,2025-09-03,0.152099609375,2025-08-29 20:02:12.066298
sz.000338,2025-08-28,2025-09-04,0.1251220703125,2025-08-29 20:02:12.066298
sz.000338,2025-08-28,2025-09-04,0.1253662109375,2025-08-29 20:02:12.066298
sz.000338,2025-08-28,2025-09-04,0.1256103515625,2025-08-29 20:02:12.066298
sz.000338,2025-08-29,2025-09-05,0.1019287109375,2025-08-29 20:02:12.066298
sz.000408,2025-08-25,2025-09-01,0.28564453125,2025-08-29 20:02:12.066298
sz.000408,2025-08-26,2025-09-02,0.270263671875,2025-08-29 20:02:12.066298
sz.000408,2025-08-26,2025-09-02,0.270263671875,2025-08-29 20:02:12.066298
sz.000408,2025-08-27,2025-09-03,0.1622314453125,2025-08-29 20:02:12.066298
sz.000408,2025-08-27,2025-09-03,0.1624755859375,2025-08-29 20:02:12.066298
sz.000408,2025-08-27,2025-09-03,0.16259765625,2025-08-29 20:02:12.066298
sz.000408,2025-08-28,2025-09-04,0.355712890625,2025-08-29 20:02:12.066298
sz.000408,2025-08-28,2025-09-04,0.35498046875,2025-08-29 20:02:12.066298
sz.000408,2025-08-28,2025-09-04,0.35400390625,2025-08-29 20:02:12.066298
sz.000408,2025-08-29,2025-09-05,0.245849609375,2025-08-29 20:02:12.066298
sz.000425,2025-08-25,2025-09-01,0.21728515625,2025-08-29 20:02:12.066298
sz.000425,2025-08-26,2025-09-02,0.2401123046875,2025-08-29 20:02:12.066298
sz.000425,2025-08-26,2025-09-02,0.240234375,2025-08-29 20:02:12.066298
sz.000425,2025-08-27,2025-09-03,0.1407470703125,2025-08-29 20:02:12.066298
sz.000425,2025-08-27,2025-09-03,0.1412353515625,2025-08-29 20:02:12.066298
sz.000425,2025-08-27,2025-09-03,0.141357421875,2025-08-29 20:02:12.066298
sz.000425,2025-08-28,2025-09-04,0.241455078125,2025-08-29 20:02:12.066298
sz.000425,2025-08-28,2025-09-04,0.2418212890625,2025-08-29 20:02:12.066298
sz.000425,2025-08-28,2025-09-04,0.2418212890625,2025-08-29 20:02:12.066298
sz.000425,2025-08-29,2025-09-05,0.212890625,2025-08-29 20:02:12.066298
sz.000538,2025-08-25,2025-09-01,0.286865234375,2025-08-29 20:02:12.066298
sz.000538,2025-08-26,2025-09-02,0.173095703125,2025-08-29 20:02:12.066298
sz.000538,2025-08-26,2025-09-02,0.173095703125,2025-08-29 20:02:12.066298
sz.000538,2025-08-27,2025-09-03,0.1513671875,2025-08-29 20:02:12.066298
sz.000538,2025-08-27,2025-09-03,0.1514892578125,2025-08-29 20:02:12.066298
sz.000538,2025-08-27,2025-09-03,0.1514892578125,2025-08-29 20:02:12.066298
sz.000538,2025-08-28,2025-09-04,0.15185546875,2025-08-29 20:02:12.066298
sz.000538,2025-08-28,2025-09-04,0.1519775390625,2025-08-29 20:02:12.066298
sz.000538,2025-08-28,2025-09-04,0.1517333984375,2025-08-29 20:02:12.066298
sz.000538,2025-08-29,2025-09-05,0.09979248046875,2025-08-29 20:02:12.066298
sz.000568,2025-08-25,2025-09-01,0.2401123046875,2025-08-29 20:02:12.066298
sz.000568,2025-08-26,2025-09-02,0.2115478515625,2025-08-29 20:02:12.066298
sz.000568,2025-08-26,2025-09-02,0.2113037109375,2025-08-29 20:02:12.066298
sz.000568,2025-08-27,2025-09-03,0.156005859375,2025-08-29 20:02:12.066298
sz.000568,2025-08-27,2025-09-03,0.1558837890625,2025-08-29 20:02:12.066298
sz.000568,2025-08-27,2025-09-03,0.15576171875,2025-08-29 20:02:12.066298
sz.000568,2025-08-28,2025-09-04,0.20654296875,2025-08-29 20:02:12.066298
sz.000568,2025-08-28,2025-09-04,0.205810546875,2025-08-29 20:02:12.066298
sz.000568,2025-08-28,2025-09-04,0.2059326171875,2025-08-29 20:02:12.066298
sz.000568,2025-08-29,2025-09-05,0.2193603515625,2025-08-29 20:02:12.066298
sz.000596,2025-08-25,2025-09-01,0.1925048828125,2025-08-29 20:02:12.066298
sz.000596,2025-08-26,2025-09-02,0.18603515625,2025-08-29 20:02:12.066298
sz.000596,2025-08-26,2025-09-02,0.1856689453125,2025-08-29 20:02:12.066298
sz.000596,2025-08-27,2025-09-03,0.1358642578125,2025-08-29 20:02:12.066298
sz.000596,2025-08-27,2025-09-03,0.1358642578125,2025-08-29 20:02:12.066298
sz.000596,2025-08-27,2025-09-03,0.1358642578125,2025-08-29 20:02:12.066298
sz.000596,2025-08-28,2025-09-04,0.147216796875,2025-08-29 20:02:12.066298
sz.000596,2025-08-28,2025-09-04,0.1473388671875,2025-08-29 20:02:12.066298
sz.000596,2025-08-28,2025-09-04,0.1474609375,2025-08-29 20:02:12.066298
sz.000596,2025-08-29,2025-09-05,0.217041015625,2025-08-29 20:02:12.066298
sz.000617,2025-08-25,2025-09-01,0.26220703125,2025-08-29 20:02:12.066298
sz.000617,2025-08-26,2025-09-02,0.1763916015625,2025-08-29 20:02:12.066298
sz.000617,2025-08-26,2025-09-02,0.1763916015625,2025-08-29 20:02:12.066298
sz.000617,2025-08-27,2025-09-03,0.18603515625,2025-08-29 20:02:12.066298
sz.000617,2025-08-27,2025-09-03,0.1864013671875,2025-08-29 20:02:12.066298
sz.000617,2025-08-27,2025-09-03,0.1865234375,2025-08-29 20:02:12.066298
sz.000617,2025-08-28,2025-09-04,0.270751953125,2025-08-29 20:02:12.066298
sz.000617,2025-08-28,2025-09-04,0.271240234375,2025-08-29 20:02:12.066298
sz.000617,2025-08-28,2025-09-04,0.271728515625,2025-08-29 20:02:12.066298
sz.000617,2025-08-29,2025-09-05,0.29150390625,2025-08-29 20:02:12.066298
sz.000625,2025-08-25,2025-09-01,0.2020263671875,2025-08-29 20:02:12.066298
sz.000625,2025-08-26,2025-09-02,0.2108154296875,2025-08-29 20:02:12.066298
sz.000625,2025-08-26,2025-09-02,0.2105712890625,2025-08-29 20:02:12.066298
sz.000625,2025-08-27,2025-09-03,0.1280517578125,2025-08-29 20:02:12.066298
sz.000625,2025-08-27,2025-09-03,0.1280517578125,2025-08-29 20:02:12.066298
sz.000625,2025-08-27,2025-09-03,0.128173828125,2025-08-29 20:02:12.066298
sz.000625,2025-08-28,2025-09-04,0.132080078125,2025-08-29 20:02:12.066298
sz.000625,2025-08-28,2025-09-04,0.132080078125,2025-08-29 20:02:12.066298
sz.000625,2025-08-28,2025-09-04,0.1322021484375,2025-08-29 20:02:12.066298
sz.000625,2025-08-29,2025-09-05,0.11517333984375,2025-08-29 20:02:12.066298
sz.000630,2025-08-25,2025-09-01,0.2469482421875,2025-08-29 20:02:12.066298
sz.000630,2025-08-26,2025-09-02,0.27880859375,2025-08-29 20:02:12.066298
sz.000630,2025-08-26,2025-09-02,0.27880859375,2025-08-29 20:02:12.066298
sz.000630,2025-08-27,2025-09-03,0.1610107421875,2025-08-29 20:02:12.066298
sz.000630,2025-08-27,2025-09-03,0.1611328125,2025-08-29 20:02:12.066298
sz.000630,2025-08-27,2025-09-03,0.1614990234375,2025-08-29 20:02:12.066298
sz.000630,2025-08-28,2025-09-04,0.2587890625,2025-08-29 20:02:12.066298
sz.000630,2025-08-28,2025-09-04,0.2587890625,2025-08-29 20:02:12.066298
sz.000630,2025-08-28,2025-09-04,0.259521484375,2025-08-29 20:02:12.066298
sz.000630,2025-08-29,2025-09-05,0.266845703125,2025-08-29 20:02:12.066298
sz.000651,2025-08-25,2025-09-01,0.2379150390625,2025-08-29 20:02:12.066298
sz.000651,2025-08-26,2025-09-02,0.198486328125,2025-08-29 20:02:12.066298
sz.000651,2025-08-26,2025-09-02,0.1988525390625,2025-08-29 20:02:12.066298
sz.000651,2025-08-27,2025-09-03,0.1319580078125,2025-08-29 20:02:12.066298
sz.000651,2025-08-27,2025-09-03,0.132080078125,2025-08-29 20:02:12.066298
sz.000651,2025-08-27,2025-09-03,0.13232421875,2025-08-29 20:02:12.066298
sz.000651,2025-08-28,2025-09-04,0.1163330078125,2025-08-29 20:02:12.066298
sz.000651,2025-08-28,2025-09-04,0.11676025390625,2025-08-29 20:02:12.066298
sz.000651,2025-08-28,2025-09-04,0.1171875,2025-08-29 20:02:12.066298
sz.000651,2025-08-29,2025-09-05,0.416015625,2025-08-29 20:02:12.066298
sz.000661,2025-08-25,2025-09-01,0.24560546875,2025-08-29 20:02:12.066298
sz.000661,2025-08-26,2025-09-02,0.161865234375,2025-08-29 20:02:12.066298
sz.000661,2025-08-26,2025-09-02,0.1617431640625,2025-08-29 20:02:12.066298
sz.000661,2025-08-27,2025-09-03,0.1282958984375,2025-08-29 20:02:12.066298
sz.000661,2025-08-27,2025-09-03,0.1280517578125,2025-08-29 20:02:12.066298
sz.000661,2025-08-27,2025-09-03,0.1280517578125,2025-08-29 20:02:12.066298
sz.000661,2025-08-28,2025-09-04,0.1324462890625,2025-08-29 20:02:12.066298
sz.000661,2025-08-28,2025-09-04,0.13232421875,2025-08-29 20:02:12.066298
sz.000661,2025-08-28,2025-09-04,0.1322021484375,2025-08-29 20:02:12.066298
sz.000661,2025-08-29,2025-09-05,0.11395263671875,2025-08-29 20:02:12.066298
sz.000708,2025-08-25,2025-09-01,0.1724853515625,2025-08-29 20:02:12.066298
sz.000708,2025-08-26,2025-09-02,0.1754150390625,2025-08-29 20:02:12.066298
sz.000708,2025-08-26,2025-09-02,0.17529296875,2025-08-29 20:02:12.066298
sz.000708,2025-08-27,2025-09-03,0.1312255859375,2025-08-29 20:02:12.066298
sz.000708,2025-08-27,2025-09-03,0.1312255859375,2025-08-29 20:02:12.066298
sz.000708,2025-08-27,2025-09-03,0.1312255859375,2025-08-29 20:02:12.066298
sz.000708,2025-08-28,2025-09-04,0.1929931640625,2025-08-29 20:02:12.066298
sz.000708,2025-08-28,2025-09-04,0.193359375,2025-08-29 20:02:12.066298
sz.000708,2025-08-28,2025-09-04,0.1927490234375,2025-08-29 20:02:12.066298
sz.000708,2025-08-29,2025-09-05,0.148193359375,2025-08-29 20:02:12.066298
sz.000725,2025-08-25,2025-09-01,0.153564453125,2025-08-29 20:02:12.066298
sz.000725,2025-08-26,2025-09-02,0.1739501953125,2025-08-29 20:02:12.066298
sz.000725,2025-08-26,2025-09-02,0.174072265625,2025-08-29 20:02:12.066298
sz.000725,2025-08-27,2025-09-03,0.10247802734375,2025-08-29 20:02:12.066298
sz.000725,2025-08-27,2025-09-03,0.1026611328125,2025-08-29 20:02:12.066298
sz.000725,2025-08-27,2025-09-03,0.10284423828125,2025-08-29 20:02:12.066298
sz.000725,2025-08-28,2025-09-04,0.23876953125,2025-08-29 20:02:12.066298
sz.000725,2025-08-28,2025-09-04,0.23876953125,2025-08-29 20:02:12.066298
sz.000725,2025-08-28,2025-09-04,0.23876953125,2025-08-29 20:02:12.066298
sz.000725,2025-08-29,2025-09-05,0.2060546875,2025-08-29 20:02:12.066298
sz.000768,2025-08-25,2025-09-01,0.206787109375,2025-08-29 20:02:12.066298
sz.000768,2025-08-26,2025-09-02,0.188720703125,2025-08-29 20:02:12.066298
sz.000768,2025-08-26,2025-09-02,0.18896484375,2025-08-29 20:02:12.066298
sz.000768,2025-08-26,2025-09-02,0.1884765625,2025-08-29 20:02:12.066298
sz.000768,2025-08-27,2025-09-03,0.1358642578125,2025-08-29 20:02:12.066298
sz.000768,2025-08-27,2025-09-03,0.1358642578125,2025-08-29 20:02:12.066298
sz.000768,2025-08-27,2025-09-03,0.1358642578125,2025-08-29 20:02:12.066298
sz.000768,2025-08-28,2025-09-04,0.185302734375,2025-08-29 20:02:12.066298
sz.000768,2025-08-28,2025-09-04,0.185546875,2025-08-29 20:02:12.066298
sz.000768,2025-08-28,2025-09-04,0.1856689453125,2025-08-29 20:02:12.066298
sz.000768,2025-08-29,2025-09-05,0.1885986328125,2025-08-29 20:02:12.066298
sz.000776,2025-08-25,2025-09-01,0.2607421875,2025-08-29 20:02:12.066298
sz.000776,2025-08-26,2025-09-02,0.27783203125,2025-08-29 20:02:12.066298
sz.000776,2025-08-26,2025-09-02,0.27783203125,2025-08-29 20:02:12.066298
sz.000776,2025-08-27,2025-09-03,0.16015625,2025-08-29 20:02:12.066298
sz.000776,2025-08-27,2025-09-03,0.16015625,2025-08-29 20:02:12.066298
sz.000776,2025-08-27,2025-09-03,0.1605224609375,2025-08-29 20:02:12.066298
sz.000776,2025-08-28,2025-09-04,0.29248046875,2025-08-29 20:02:12.066298
sz.000776,2025-08-28,2025-09-04,0.29296875,2025-08-29 20:02:12.066298
sz.000776,2025-08-28,2025-09-04,0.292724609375,2025-08-29 20:02:12.066298
sz.000776,2025-08-29,2025-09-05,0.26123046875,2025-08-29 20:02:12.066298
sz.000786,2025-08-25,2025-09-01,0.09075927734375,2025-08-29 20:02:12.066298
sz.000786,2025-08-26,2025-09-02,0.093505859375,2025-08-29 20:02:12.066298
sz.000786,2025-08-26,2025-09-02,0.093505859375,2025-08-29 20:02:12.066298
sz.000786,2025-08-27,2025-09-03,0.1295166015625,2025-08-29 20:02:12.066298
sz.000786,2025-08-27,2025-09-03,0.1295166015625,2025-08-29 20:02:12.066298
sz.000786,2025-08-27,2025-09-03,0.1295166015625,2025-08-29 20:02:12.066298
sz.000786,2025-08-28,2025-09-04,0.11199951171875,2025-08-29 20:02:12.066298
sz.000786,2025-08-28,2025-09-04,0.1121826171875,2025-08-29 20:02:12.066298
sz.000786,2025-08-28,2025-09-04,0.1121826171875,2025-08-29 20:02:12.066298
sz.000786,2025-08-29,2025-09-05,0.082275390625,2025-08-29 20:02:12.066298
sz.000792,2025-08-25,2025-09-01,0.1492919921875,2025-08-29 20:02:12.066298
sz.000792,2025-08-26,2025-09-02,0.133544921875,2025-08-29 20:02:12.066298
sz.000792,2025-08-26,2025-09-02,0.1336669921875,2025-08-29 20:02:12.066298
sz.000792,2025-08-27,2025-09-03,0.1251220703125,2025-08-29 20:02:12.066298
sz.000792,2025-08-27,2025-09-03,0.12493896484375,2025-08-29 20:02:12.066298
sz.000792,2025-08-27,2025-09-03,0.124755859375,2025-08-29 20:02:12.066298
sz.000792,2025-08-28,2025-09-04,0.1629638671875,2025-08-29 20:02:12.066298
sz.000792,2025-08-28,2025-09-04,0.1622314453125,2025-08-29 20:02:12.066298
sz.000792,2025-08-28,2025-09-04,0.1619873046875,2025-08-29 20:02:12.066298
sz.000792,2025-08-29,2025-09-05,0.16015625,2025-08-29 20:02:12.066298
sz.000800,2025-08-25,2025-09-01,0.1829833984375,2025-08-29 20:02:12.066298
sz.000800,2025-08-26,2025-09-02,0.220458984375,2025-08-29 20:02:12.066298
sz.000800,2025-08-26,2025-09-02,0.22021484375,2025-08-29 20:02:12.066298
sz.000800,2025-08-27,2025-09-03,0.1358642578125,2025-08-29 20:02:12.066298
sz.000800,2025-08-27,2025-09-03,0.1358642578125,2025-08-29 20:02:12.066298
sz.000800,2025-08-27,2025-09-03,0.1358642578125,2025-08-29 20:02:12.066298
sz.000800,2025-08-28,2025-09-04,0.12548828125,2025-08-29 20:02:12.066298
sz.000800,2025-08-28,2025-09-04,0.12548828125,2025-08-29 20:02:12.066298
sz.000800,2025-08-28,2025-09-04,0.1256103515625,2025-08-29 20:02:12.066298
sz.000800,2025-08-29,2025-09-05,0.1015625,2025-08-29 20:02:12.066298
sz.000807,2025-08-25,2025-09-01,0.2313232421875,2025-08-29 20:02:12.066298
sz.000807,2025-08-26,2025-09-02,0.2039794921875,2025-08-29 20:02:12.066298
sz.000807,2025-08-26,2025-09-02,0.204345703125,2025-08-29 20:02:12.066298
sz.000807,2025-08-26,2025-09-02,0.2042236328125,2025-08-29 20:02:12.066298
sz.000807,2025-08-27,2025-09-03,0.1702880859375,2025-08-29 20:02:12.066298
sz.000807,2025-08-27,2025-09-03,0.1700439453125,2025-08-29 20:02:12.066298
sz.000807,2025-08-27,2025-09-03,0.1705322265625,2025-08-29 20:02:12.066298
sz.000807,2025-08-28,2025-09-04,0.2459716796875,2025-08-29 20:02:12.066298
sz.000807,2025-08-28,2025-09-04,0.2462158203125,2025-08-29 20:02:12.066298
sz.000807,2025-08-28,2025-09-04,0.24658203125,2025-08-29 20:02:12.066298
sz.000807,2025-08-29,2025-09-05,0.26806640625,2025-08-29 20:02:12.066298
sz.000858,2025-08-25,2025-09-01,0.228271484375,2025-08-29 20:02:12.066298
sz.000858,2025-08-26,2025-09-02,0.11859130859375,2025-08-29 20:02:12.066298
sz.000858,2025-08-26,2025-09-02,0.1187744140625,2025-08-29 20:02:12.066298
sz.000858,2025-08-27,2025-09-03,0.139404296875,2025-08-29 20:02:12.066298
sz.000858,2025-08-27,2025-09-03,0.1392822265625,2025-08-29 20:02:12.066298
sz.000858,2025-08-27,2025-09-03,0.13916015625,2025-08-29 20:02:12.066298
sz.000858,2025-08-28,2025-09-04,0.1260986328125,2025-08-29 20:02:12.066298
sz.000858,2025-08-28,2025-09-04,0.1260986328125,2025-08-29 20:02:12.066298
sz.000858,2025-08-28,2025-09-04,0.1259765625,2025-08-29 20:02:12.066298
sz.000858,2025-08-29,2025-09-05,0.21728515625,2025-08-29 20:02:12.066298
sz.000876,2025-08-25,2025-09-01,0.2340087890625,2025-08-29 20:02:12.066298
sz.000876,2025-08-26,2025-09-02,0.1387939453125,2025-08-29 20:02:12.066298
sz.000876,2025-08-26,2025-09-02,0.1387939453125,2025-08-29 20:02:12.066298
sz.000876,2025-08-27,2025-09-03,0.11102294921875,2025-08-29 20:02:12.066298
sz.000876,2025-08-27,2025-09-03,0.11083984375,2025-08-29 20:02:12.066298
sz.000876,2025-08-27,2025-09-03,0.11102294921875,2025-08-29 20:02:12.066298
sz.000876,2025-08-28,2025-09-04,0.1485595703125,2025-08-29 20:02:12.066298
sz.000876,2025-08-28,2025-09-04,0.1485595703125,2025-08-29 20:02:12.066298
sz.000876,2025-08-28,2025-09-04,0.1484375,2025-08-29 20:02:12.066298
sz.000876,2025-08-29,2025-09-05,0.11920166015625,2025-08-29 20:02:12.066298
sz.000895,2025-08-25,2025-09-01,0.2076416015625,2025-08-29 20:02:12.066298
sz.000895,2025-08-26,2025-09-02,0.135009765625,2025-08-29 20:02:12.066298
sz.000895,2025-08-26,2025-09-02,0.1356201171875,2025-08-29 20:02:12.066298
sz.000895,2025-08-27,2025-09-03,0.1387939453125,2025-08-29 20:02:12.066298
sz.000895,2025-08-27,2025-09-03,0.13916015625,2025-08-29 20:02:12.066298
sz.000895,2025-08-27,2025-09-03,0.139404296875,2025-08-29 20:02:12.066298
sz.000895,2025-08-28,2025-09-04,0.132080078125,2025-08-29 20:02:12.066298
sz.000895,2025-08-28,2025-09-04,0.13232421875,2025-08-29 20:02:12.066298
sz.000895,2025-08-28,2025-09-04,0.1324462890625,2025-08-29 20:02:12.066298
sz.000895,2025-08-29,2025-09-05,0.142822265625,2025-08-29 20:02:12.066298
sz.000938,2025-08-25,2025-09-01,0.2269287109375,2025-08-29 20:02:12.066298
sz.000938,2025-08-26,2025-09-02,0.18115234375,2025-08-29 20:02:12.066298
sz.000938,2025-08-26,2025-09-02,0.18115234375,2025-08-29 20:02:12.066298
sz.000938,2025-08-27,2025-09-03,0.1390380859375,2025-08-29 20:02:12.066298
sz.000938,2025-08-27,2025-09-03,0.13916015625,2025-08-29 20:02:12.066298
sz.000938,2025-08-27,2025-09-03,0.1392822265625,2025-08-29 20:02:12.066298
sz.000938,2025-08-28,2025-09-04,0.25341796875,2025-08-29 20:02:12.066298
sz.000938,2025-08-28,2025-09-04,0.25341796875,2025-08-29 20:02:12.066298
sz.000938,2025-08-28,2025-09-04,0.25341796875,2025-08-29 20:02:12.066298
sz.000938,2025-08-29,2025-09-05,0.2286376953125,2025-08-29 20:02:12.066298
sz.000963,2025-08-25,2025-09-01,0.2127685546875,2025-08-29 20:02:12.066298
sz.000963,2025-08-26,2025-09-02,0.1500244140625,2025-08-29 20:02:12.066298
sz.000963,2025-08-26,2025-09-02,0.1497802734375,2025-08-29 20:02:12.066298
sz.000963,2025-08-27,2025-09-03,0.1405029296875,2025-08-29 20:02:12.066298
sz.000963,2025-08-27,2025-09-03,0.1405029296875,2025-08-29 20:02:12.066298
sz.000963,2025-08-27,2025-09-03,0.140380859375,2025-08-29 20:02:12.066298
sz.000963,2025-08-28,2025-09-04,0.1312255859375,2025-08-29 20:02:12.066298
sz.000963,2025-08-28,2025-09-04,0.1312255859375,2025-08-29 20:02:12.066298
sz.000963,2025-08-28,2025-09-04,0.1312255859375,2025-08-29 20:02:12.066298
sz.000963,2025-08-29,2025-09-05,0.11029052734375,2025-08-29 20:02:12.066298
sz.000975,2025-08-25,2025-09-01,0.36083984375,2025-08-29 20:02:12.066298
sz.000975,2025-08-26,2025-09-02,0.08465576171875,2025-08-29 20:02:12.066298
sz.000975,2025-08-26,2025-09-02,0.08477783203125,2025-08-29 20:02:12.066298
sz.000975,2025-08-27,2025-09-03,0.1373291015625,2025-08-29 20:02:12.066298
sz.000975,2025-08-27,2025-09-03,0.1375732421875,2025-08-29 20:02:12.066298
sz.000975,2025-08-27,2025-09-03,0.1378173828125,2025-08-29 20:02:12.066298
sz.000975,2025-08-28,2025-09-04,0.08831787109375,2025-08-29 20:02:12.066298
sz.000975,2025-08-28,2025-09-04,0.0885009765625,2025-08-29 20:02:12.066298
sz.000975,2025-08-28,2025-09-04,0.08868408203125,2025-08-29 20:02:12.066298
sz.000975,2025-08-29,2025-09-05,0.07794189453125,2025-08-29 20:02:12.066298
sz.000977,2025-08-25,2025-09-01,0.2109375,2025-08-29 20:02:12.066298
sz.000977,2025-08-26,2025-09-02,0.1900634765625,2025-08-29 20:02:12.066298
sz.000977,2025-08-26,2025-09-02,0.1903076171875,2025-08-29 20:02:12.066298
sz.000977,2025-08-27,2025-09-03,0.1695556640625,2025-08-29 20:02:12.066298
sz.000977,2025-08-27,2025-09-03,0.1697998046875,2025-08-29 20:02:12.066298
sz.000977,2025-08-27,2025-09-03,0.1700439453125,2025-08-29 20:02:12.066298
sz.000977,2025-08-28,2025-09-04,0.29248046875,2025-08-29 20:02:12.066298
sz.000977,2025-08-28,2025-09-04,0.29248046875,2025-08-29 20:02:12.066298
sz.000977,2025-08-28,2025-09-04,0.293212890625,2025-08-29 20:02:12.066298
sz.000977,2025-08-29,2025-09-05,0.2265625,2025-08-29 20:02:12.066298
sz.000983,2025-08-25,2025-09-01,0.2451171875,2025-08-29 20:02:12.066298
sz.000983,2025-08-26,2025-09-02,0.2015380859375,2025-08-29 20:02:12.066298
sz.000983,2025-08-26,2025-09-02,0.2015380859375,2025-08-29 20:02:12.066298
sz.000983,2025-08-27,2025-09-03,0.14892578125,2025-08-29 20:02:12.066298
sz.000983,2025-08-27,2025-09-03,0.14892578125,2025-08-29 20:02:12.066298
sz.000983,2025-08-27,2025-09-03,0.1490478515625,2025-08-29 20:02:12.066298
sz.000983,2025-08-28,2025-09-04,0.17138671875,2025-08-29 20:02:12.066298
sz.000983,2025-08-28,2025-09-04,0.171630859375,2025-08-29 20:02:12.066298
sz.000983,2025-08-28,2025-09-04,0.17138671875,2025-08-29 20:02:12.066298
sz.000983,2025-08-29,2025-09-05,0.1512451171875,2025-08-29 20:02:12.066298
sz.000999,2025-08-25,2025-09-01,0.1240234375,2025-08-29 20:02:12.066298
sz.000999,2025-08-26,2025-09-02,0.1351318359375,2025-08-29 20:02:12.066298
sz.000999,2025-08-26,2025-09-02,0.135498046875,2025-08-29 20:02:12.066298
sz.000999,2025-08-27,2025-09-03,0.1513671875,2025-08-29 20:02:12.066298
sz.000999,2025-08-27,2025-09-03,0.1513671875,2025-08-29 20:02:12.066298
sz.000999,2025-08-27,2025-09-03,0.1514892578125,2025-08-29 20:02:12.066298
sz.000999,2025-08-28,2025-09-04,0.2127685546875,2025-08-29 20:02:12.066298
sz.000999,2025-08-28,2025-09-04,0.2130126953125,2025-08-29 20:02:12.066298
sz.000999,2025-08-28,2025-09-04,0.2135009765625,2025-08-29 20:02:12.066298
sz.000999,2025-08-29,2025-09-05,0.304931640625,2025-08-29 20:02:12.066298
sz.001289,2025-08-25,2025-09-01,0.10504150390625,2025-08-29 20:02:12.066298
sz.001289,2025-08-26,2025-09-02,0.13330078125,2025-08-29 20:02:12.066298
sz.001289,2025-08-26,2025-09-02,0.1331787109375,2025-08-29 20:02:12.066298
sz.001289,2025-08-27,2025-09-03,0.12158203125,2025-08-29 20:02:12.066298
sz.001289,2025-08-27,2025-09-03,0.12158203125,2025-08-29 20:02:12.066298
sz.001289,2025-08-27,2025-09-03,0.1214599609375,2025-08-29 20:02:12.066298
sz.001289,2025-08-28,2025-09-04,0.0987548828125,2025-08-29 20:02:12.066298
sz.001289,2025-08-28,2025-09-04,0.0987548828125,2025-08-29 20:02:12.066298
sz.001289,2025-08-28,2025-09-04,0.09857177734375,2025-08-29 20:02:12.066298
sz.001289,2025-08-29,2025-09-05,0.090087890625,2025-08-29 20:02:12.066298
sz.001965,2025-08-25,2025-09-01,0.478759765625,2025-08-29 20:02:12.066298
sz.001965,2025-08-26,2025-09-02,0.3671875,2025-08-29 20:02:12.066298
sz.001965,2025-08-26,2025-09-02,0.367919921875,2025-08-29 20:02:12.066298
sz.001965,2025-08-26,2025-09-02,0.36669921875,2025-08-29 20:02:12.066298
sz.001965,2025-08-27,2025-09-03,0.205322265625,2025-08-29 20:02:12.066298
sz.001965,2025-08-27,2025-09-03,0.205810546875,2025-08-29 20:02:12.066298
sz.001965,2025-08-27,2025-09-03,0.2064208984375,2025-08-29 20:02:12.066298
sz.001965,2025-08-28,2025-09-04,0.30908203125,2025-08-29 20:02:12.066298
sz.001965,2025-08-28,2025-09-04,0.31005859375,2025-08-29 20:02:12.066298
sz.001965,2025-08-28,2025-09-04,0.310302734375,2025-08-29 20:02:12.066298
sz.001965,2025-08-29,2025-09-05,0.43603515625,2025-08-29 20:02:12.066298
sz.001979,2025-08-25,2025-09-01,0.12359619140625,2025-08-29 20:02:12.066298
sz.001979,2025-08-26,2025-09-02,0.2147216796875,2025-08-29 20:02:12.066298
sz.001979,2025-08-26,2025-09-02,0.2144775390625,2025-08-29 20:02:12.066298
sz.001979,2025-08-27,2025-09-03,0.137939453125,2025-08-29 20:02:12.066298
sz.001979,2025-08-27,2025-09-03,0.137939453125,2025-08-29 20:02:12.066298
sz.001979,2025-08-27,2025-09-03,0.137939453125,2025-08-29 20:02:12.066298
sz.001979,2025-08-28,2025-09-04,0.1514892578125,2025-08-29 20:02:12.066298
sz.001979,2025-08-28,2025-09-04,0.1514892578125,2025-08-29 20:02:12.066298
sz.001979,2025-08-28,2025-09-04,0.1513671875,2025-08-29 20:02:12.066298
sz.001979,2025-08-29,2025-09-05,0.12939453125,2025-08-29 20:02:12.066298
sz.002001,2025-08-25,2025-09-01,0.298583984375,2025-08-29 20:02:12.066298
sz.002001,2025-08-26,2025-09-02,0.19189453125,2025-08-29 20:02:12.066298
sz.002001,2025-08-26,2025-09-02,0.192138671875,2025-08-29 20:02:12.066298
sz.002001,2025-08-27,2025-09-03,0.1593017578125,2025-08-29 20:02:12.066298
sz.002001,2025-08-27,2025-09-03,0.15966796875,2025-08-29 20:02:12.066298
sz.002001,2025-08-27,2025-09-03,0.1597900390625,2025-08-29 20:02:12.066298
sz.002001,2025-08-28,2025-09-04,0.2252197265625,2025-08-29 20:02:12.066298
sz.002001,2025-08-28,2025-09-04,0.2254638671875,2025-08-29 20:02:12.066298
sz.002001,2025-08-28,2025-09-04,0.2257080078125,2025-08-29 20:02:12.066298
sz.002001,2025-08-29,2025-09-05,0.242431640625,2025-08-29 20:02:12.066298
sz.002027,2025-08-25,2025-09-01,0.26513671875,2025-08-29 20:02:12.066298
sz.002027,2025-08-26,2025-09-02,0.2098388671875,2025-08-29 20:02:12.066298
sz.002027,2025-08-26,2025-09-02,0.2105712890625,2025-08-29 20:02:12.066298
sz.002027,2025-08-27,2025-09-03,0.17919921875,2025-08-29 20:02:12.066298
sz.002027,2025-08-27,2025-09-03,0.179443359375,2025-08-29 20:02:12.066298
sz.002027,2025-08-27,2025-09-03,0.1800537109375,2025-08-29 20:02:12.066298
sz.002027,2025-08-28,2025-09-04,0.2012939453125,2025-08-29 20:02:12.066298
sz.002027,2025-08-28,2025-09-04,0.2017822265625,2025-08-29 20:02:12.066298
sz.002027,2025-08-28,2025-09-04,0.2021484375,2025-08-29 20:02:12.066298
sz.002027,2025-08-29,2025-09-05,0.2293701171875,2025-08-29 20:02:12.066298
sz.002028,2025-08-25,2025-09-01,0.1845703125,2025-08-29 20:02:12.066298
sz.002028,2025-08-26,2025-09-02,0.1982421875,2025-08-29 20:02:12.066298
sz.002028,2025-08-26,2025-09-02,0.198974609375,2025-08-29 20:02:12.066298
sz.002028,2025-08-27,2025-09-03,0.168701171875,2025-08-29 20:02:12.066298
sz.002028,2025-08-27,2025-09-03,0.1693115234375,2025-08-29 20:02:12.066298
sz.002028,2025-08-27,2025-09-03,0.1697998046875,2025-08-29 20:02:12.066298
sz.002028,2025-08-28,2025-09-04,0.1966552734375,2025-08-29 20:02:12.066298
sz.002028,2025-08-28,2025-09-04,0.1976318359375,2025-08-29 20:02:12.066298
sz.002028,2025-08-28,2025-09-04,0.1981201171875,2025-08-29 20:02:12.066298
sz.002028,2025-08-29,2025-09-05,0.327880859375,2025-08-29 20:02:12.066298
sz.002049,2025-08-25,2025-09-01,0.169189453125,2025-08-29 20:02:12.066298
sz.002049,2025-08-26,2025-09-02,0.23193359375,2025-08-29 20:02:12.066298
sz.002049,2025-08-26,2025-09-02,0.2310791015625,2025-08-29 20:02:12.066298
sz.002049,2025-08-26,2025-09-02,0.2314453125,2025-08-29 20:02:12.066298
sz.002049,2025-08-27,2025-09-03,0.1317138671875,2025-08-29 20:02:12.066298
sz.002049,2025-08-27,2025-09-03,0.1317138671875,2025-08-29 20:02:12.066298
sz.002049,2025-08-27,2025-09-03,0.1317138671875,2025-08-29 20:02:12.066298
sz.002049,2025-08-28,2025-09-04,0.262939453125,2025-08-29 20:02:12.066298
sz.002049,2025-08-28,2025-09-04,0.262939453125,2025-08-29 20:02:12.066298
sz.002049,2025-08-28,2025-09-04,0.262451171875,2025-08-29 20:02:12.066298
sz.002049,2025-08-29,2025-09-05,0.2047119140625,2025-08-29 20:02:12.066298
sz.002050,2025-08-25,2025-09-01,0.2069091796875,2025-08-29 20:02:12.066298
sz.002050,2025-08-26,2025-09-02,0.21142578125,2025-08-29 20:02:12.066298
sz.002050,2025-08-26,2025-09-02,0.2113037109375,2025-08-29 20:02:12.066298
sz.002050,2025-08-27,2025-09-03,0.134521484375,2025-08-29 20:02:12.066298
sz.002050,2025-08-27,2025-09-03,0.134765625,2025-08-29 20:02:12.066298
sz.002050,2025-08-27,2025-09-03,0.1346435546875,2025-08-29 20:02:12.066298
sz.002050,2025-08-28,2025-09-04,0.263427734375,2025-08-29 20:02:12.066298
sz.002050,2025-08-28,2025-09-04,0.263427734375,2025-08-29 20:02:12.066298
sz.002050,2025-08-28,2025-09-04,0.263671875,2025-08-29 20:02:12.066298
sz.002050,2025-08-29,2025-09-05,0.18359375,2025-08-29 20:02:12.066298
sz.002074,2025-08-25,2025-09-01,0.183837890625,2025-08-29 20:02:12.066298
sz.002074,2025-08-26,2025-09-02,0.1368408203125,2025-08-29 20:02:12.066298
sz.002074,2025-08-26,2025-09-02,0.13623046875,2025-08-29 20:02:12.066298
sz.002074,2025-08-27,2025-09-03,0.1224365234375,2025-08-29 20:02:12.066298
sz.002074,2025-08-27,2025-09-03,0.12249755859375,2025-08-29 20:02:12.066298
sz.002074,2025-08-27,2025-09-03,0.12286376953125,2025-08-29 20:02:12.066298
sz.002074,2025-08-28,2025-09-04,0.20751953125,2025-08-29 20:02:12.066298
sz.002074,2025-08-28,2025-09-04,0.20654296875,2025-08-29 20:02:12.066298
sz.002074,2025-08-28,2025-09-04,0.20654296875,2025-08-29 20:02:12.066298
sz.002074,2025-08-29,2025-09-05,0.2274169921875,2025-08-29 20:02:12.066298
sz.002129,2025-08-25,2025-09-01,0.1370849609375,2025-08-29 20:02:12.066298
sz.002129,2025-08-26,2025-09-02,0.136474609375,2025-08-29 20:02:12.066298
sz.002129,2025-08-26,2025-09-02,0.1365966796875,2025-08-29 20:02:12.066298
sz.002129,2025-08-27,2025-09-03,0.09173583984375,2025-08-29 20:02:12.066298
sz.002129,2025-08-27,2025-09-03,0.09173583984375,2025-08-29 20:02:12.066298
sz.002129,2025-08-27,2025-09-03,0.09173583984375,2025-08-29 20:02:12.066298
sz.002129,2025-08-28,2025-09-04,0.141357421875,2025-08-29 20:02:12.066298
sz.002129,2025-08-28,2025-09-04,0.1409912109375,2025-08-29 20:02:12.066298
sz.002129,2025-08-28,2025-09-04,0.1409912109375,2025-08-29 20:02:12.066298
sz.002129,2025-08-29,2025-09-05,0.11083984375,2025-08-29 20:02:12.066298
sz.002142,2025-08-25,2025-09-01,0.2059326171875,2025-08-29 20:02:12.066298
sz.002142,2025-08-26,2025-09-02,0.171630859375,2025-08-29 20:02:12.066298
sz.002142,2025-08-26,2025-09-02,0.171630859375,2025-08-29 20:02:12.066298
sz.002142,2025-08-27,2025-09-03,0.1385498046875,2025-08-29 20:02:12.066298
sz.002142,2025-08-27,2025-09-03,0.1385498046875,2025-08-29 20:02:12.066298
sz.002142,2025-08-27,2025-09-03,0.138916015625,2025-08-29 20:02:12.066298
sz.002142,2025-08-28,2025-09-04,0.268310546875,2025-08-29 20:02:12.066298
sz.002142,2025-08-28,2025-09-04,0.2685546875,2025-08-29 20:02:12.066298
sz.002142,2025-08-28,2025-09-04,0.26806640625,2025-08-29 20:02:12.066298
sz.002142,2025-08-29,2025-09-05,0.128173828125,2025-08-29 20:02:12.066298
sz.002179,2025-08-25,2025-09-01,0.2247314453125,2025-08-29 20:02:12.066298
sz.002179,2025-08-26,2025-09-02,0.1790771484375,2025-08-29 20:02:12.066298
sz.002179,2025-08-26,2025-09-02,0.178955078125,2025-08-29 20:02:12.066298
sz.002179,2025-08-27,2025-09-03,0.1263427734375,2025-08-29 20:02:12.066298
sz.002179,2025-08-27,2025-09-03,0.1263427734375,2025-08-29 20:02:12.066298
sz.002179,2025-08-27,2025-09-03,0.1263427734375,2025-08-29 20:02:12.066298
sz.002179,2025-08-28,2025-09-04,0.1951904296875,2025-08-29 20:02:12.066298
sz.002179,2025-08-28,2025-09-04,0.1951904296875,2025-08-29 20:02:12.066298
sz.002179,2025-08-28,2025-09-04,0.1949462890625,2025-08-29 20:02:12.066298
sz.002179,2025-08-29,2025-09-05,0.1749267578125,2025-08-29 20:02:12.066298
sz.002180,2025-08-25,2025-09-01,0.2098388671875,2025-08-29 20:02:12.066298
sz.002180,2025-08-26,2025-09-02,0.168701171875,2025-08-29 20:02:12.066298
sz.002180,2025-08-26,2025-09-02,0.16845703125,2025-08-29 20:02:12.066298
sz.002180,2025-08-27,2025-09-03,0.11993408203125,2025-08-29 20:02:12.066298
sz.002180,2025-08-27,2025-09-03,0.1199951171875,2025-08-29 20:02:12.066298
sz.002180,2025-08-27,2025-09-03,0.11993408203125,2025-08-29 20:02:12.066298
sz.002180,2025-08-28,2025-09-04,0.2142333984375,2025-08-29 20:02:12.066298
sz.002180,2025-08-28,2025-09-04,0.2139892578125,2025-08-29 20:02:12.066298
sz.002180,2025-08-28,2025-09-04,0.21337890625,2025-08-29 20:02:12.066298
sz.002180,2025-08-29,2025-09-05,0.138671875,2025-08-29 20:02:12.066298
sz.002230,2025-08-25,2025-09-01,0.170654296875,2025-08-29 20:02:12.066298
sz.002230,2025-08-26,2025-09-02,0.19287109375,2025-08-29 20:02:12.066298
sz.002230,2025-08-26,2025-09-02,0.1927490234375,2025-08-29 20:02:12.066298
sz.002230,2025-08-27,2025-09-03,0.1279296875,2025-08-29 20:02:12.066298
sz.002230,2025-08-27,2025-09-03,0.1279296875,2025-08-29 20:02:12.066298
sz.002230,2025-08-27,2025-09-03,0.1279296875,2025-08-29 20:02:12.066298
sz.002230,2025-08-28,2025-09-04,0.2493896484375,2025-08-29 20:02:12.066298
sz.002230,2025-08-28,2025-09-04,0.249267578125,2025-08-29 20:02:12.066298
sz.002230,2025-08-28,2025-09-04,0.249267578125,2025-08-29 20:02:12.066298
sz.002230,2025-08-29,2025-09-05,0.1964111328125,2025-08-29 20:02:12.066298
sz.002236,2025-08-25,2025-09-01,0.2054443359375,2025-08-29 20:02:12.066298
sz.002236,2025-08-26,2025-09-02,0.26025390625,2025-08-29 20:02:12.066298
sz.002236,2025-08-26,2025-09-02,0.260498046875,2025-08-29 20:02:12.066298
sz.002236,2025-08-27,2025-09-03,0.1431884765625,2025-08-29 20:02:12.066298
sz.002236,2025-08-27,2025-09-03,0.1431884765625,2025-08-29 20:02:12.066298
sz.002236,2025-08-27,2025-09-03,0.143310546875,2025-08-29 20:02:12.066298
sz.002236,2025-08-28,2025-09-04,0.2666015625,2025-08-29 20:02:12.066298
sz.002236,2025-08-28,2025-09-04,0.266845703125,2025-08-29 20:02:12.066298
sz.002236,2025-08-28,2025-09-04,0.266845703125,2025-08-29 20:02:12.066298
sz.002236,2025-08-29,2025-09-05,0.27294921875,2025-08-29 20:02:12.066298
sz.002241,2025-08-25,2025-09-01,0.1893310546875,2025-08-29 20:02:12.066298
sz.002241,2025-08-26,2025-09-02,0.240966796875,2025-08-29 20:02:12.066298
sz.002241,2025-08-26,2025-09-02,0.240966796875,2025-08-29 20:02:12.066298
sz.002241,2025-08-27,2025-09-03,0.2108154296875,2025-08-29 20:02:12.066298
sz.002241,2025-08-27,2025-09-03,0.2109375,2025-08-29 20:02:12.066298
sz.002241,2025-08-27,2025-09-03,0.2110595703125,2025-08-29 20:02:12.066298
sz.002241,2025-08-28,2025-09-04,0.318603515625,2025-08-29 20:02:12.066298
sz.002241,2025-08-28,2025-09-04,0.31884765625,2025-08-29 20:02:12.066298
sz.002241,2025-08-28,2025-09-04,0.319091796875,2025-08-29 20:02:12.066298
sz.002241,2025-08-29,2025-09-05,0.268310546875,2025-08-29 20:02:12.066298
sz.002252,2025-08-25,2025-09-01,0.26904296875,2025-08-29 20:02:12.066298
sz.002252,2025-08-26,2025-09-02,0.15478515625,2025-08-29 20:02:12.066298
sz.002252,2025-08-26,2025-09-02,0.155029296875,2025-08-29 20:02:12.066298
sz.002252,2025-08-27,2025-09-03,0.1319580078125,2025-08-29 20:02:12.066298
sz.002252,2025-08-27,2025-09-03,0.132080078125,2025-08-29 20:02:12.066298
sz.002252,2025-08-27,2025-09-03,0.1322021484375,2025-08-29 20:02:12.066298
sz.002252,2025-08-28,2025-09-04,0.1402587890625,2025-08-29 20:02:12.066298
sz.002252,2025-08-28,2025-09-04,0.140380859375,2025-08-29 20:02:12.066298
sz.002252,2025-08-28,2025-09-04,0.1405029296875,2025-08-29 20:02:12.066298
sz.002252,2025-08-29,2025-09-05,0.1297607421875,2025-08-29 20:02:12.066298
sz.002304,2025-08-25,2025-09-01,0.1915283203125,2025-08-29 20:02:12.066298
sz.002304,2025-08-26,2025-09-02,0.1998291015625,2025-08-29 20:02:12.066298
sz.002304,2025-08-26,2025-09-02,0.1995849609375,2025-08-29 20:02:12.066298
sz.002304,2025-08-27,2025-09-03,0.14794921875,2025-08-29 20:02:12.066298
sz.002304,2025-08-27,2025-09-03,0.1478271484375,2025-08-29 20:02:12.066298
sz.002304,2025-08-27,2025-09-03,0.1475830078125,2025-08-29 20:02:12.066298
sz.002304,2025-08-28,2025-09-04,0.1485595703125,2025-08-29 20:02:12.066298
sz.002304,2025-08-28,2025-09-04,0.1484375,2025-08-29 20:02:12.066298
sz.002304,2025-08-28,2025-09-04,0.1484375,2025-08-29 20:02:12.066298
sz.002304,2025-08-29,2025-09-05,0.2073974609375,2025-08-29 20:02:12.066298
sz.002311,2025-08-25,2025-09-01,0.1610107421875,2025-08-29 20:02:12.066298
sz.002311,2025-08-26,2025-09-02,0.1495361328125,2025-08-29 20:02:12.066298
sz.002311,2025-08-26,2025-09-02,0.1495361328125,2025-08-29 20:02:12.066298
sz.002311,2025-08-27,2025-09-03,0.12493896484375,2025-08-29 20:02:12.066298
sz.002311,2025-08-27,2025-09-03,0.12493896484375,2025-08-29 20:02:12.066298
sz.002311,2025-08-27,2025-09-03,0.1251220703125,2025-08-29 20:02:12.066298
sz.002311,2025-08-28,2025-09-04,0.1370849609375,2025-08-29 20:02:12.066298
sz.002311,2025-08-28,2025-09-04,0.136962890625,2025-08-29 20:02:12.066298
sz.002311,2025-08-28,2025-09-04,0.1368408203125,2025-08-29 20:02:12.066298
sz.002311,2025-08-29,2025-09-05,0.1341552734375,2025-08-29 20:02:12.066298
sz.002352,2025-08-25,2025-09-01,0.145751953125,2025-08-29 20:02:12.066298
sz.002352,2025-08-26,2025-09-02,0.1114501953125,2025-08-29 20:02:12.066298
sz.002352,2025-08-26,2025-09-02,0.11181640625,2025-08-29 20:02:12.066298
sz.002352,2025-08-27,2025-09-03,0.1351318359375,2025-08-29 20:02:12.066298
sz.002352,2025-08-27,2025-09-03,0.1351318359375,2025-08-29 20:02:12.066298
sz.002352,2025-08-27,2025-09-03,0.13525390625,2025-08-29 20:02:12.066298
sz.002352,2025-08-28,2025-09-04,0.2247314453125,2025-08-29 20:02:12.066298
sz.002352,2025-08-28,2025-09-04,0.2247314453125,2025-08-29 20:02:12.066298
sz.002352,2025-08-28,2025-09-04,0.224365234375,2025-08-29 20:02:12.066298
sz.002352,2025-08-29,2025-09-05,0.142333984375,2025-08-29 20:02:12.066298
sz.002371,2025-08-25,2025-09-01,0.15380859375,2025-08-29 20:02:12.066298
sz.002371,2025-08-26,2025-09-02,0.2113037109375,2025-08-29 20:02:12.066298
sz.002371,2025-08-26,2025-09-02,0.21142578125,2025-08-29 20:02:12.066298
sz.002371,2025-08-27,2025-09-03,0.138916015625,2025-08-29 20:02:12.066298
sz.002371,2025-08-27,2025-09-03,0.13916015625,2025-08-29 20:02:12.066298
sz.002371,2025-08-27,2025-09-03,0.1392822265625,2025-08-29 20:02:12.066298
sz.002371,2025-08-28,2025-09-04,0.22119140625,2025-08-29 20:02:12.066298
sz.002371,2025-08-28,2025-09-04,0.22119140625,2025-08-29 20:02:12.066298
sz.002371,2025-08-28,2025-09-04,0.2215576171875,2025-08-29 20:02:12.066298
sz.002371,2025-08-29,2025-09-05,0.1883544921875,2025-08-29 20:02:12.066298
sz.002415,2025-08-25,2025-09-01,0.2247314453125,2025-08-29 20:02:12.066298
sz.002415,2025-08-26,2025-09-02,0.2430419921875,2025-08-29 20:02:12.066298
sz.002415,2025-08-26,2025-09-02,0.242919921875,2025-08-29 20:02:12.066298
sz.002415,2025-08-27,2025-09-03,0.1298828125,2025-08-29 20:02:12.066298
sz.002415,2025-08-27,2025-09-03,0.1298828125,2025-08-29 20:02:12.066298
sz.002415,2025-08-27,2025-09-03,0.1300048828125,2025-08-29 20:02:12.066298
sz.002415,2025-08-28,2025-09-04,0.2340087890625,2025-08-29 20:02:12.066298
sz.002415,2025-08-28,2025-09-04,0.2340087890625,2025-08-29 20:02:12.066298
sz.002415,2025-08-28,2025-09-04,0.2340087890625,2025-08-29 20:02:12.066298
sz.002415,2025-08-29,2025-09-05,0.2022705078125,2025-08-29 20:02:12.066298
sz.002422,2025-08-25,2025-09-01,0.219970703125,2025-08-29 20:02:12.066298
sz.002422,2025-08-26,2025-09-02,0.1373291015625,2025-08-29 20:02:12.066298
sz.002422,2025-08-26,2025-09-02,0.1375732421875,2025-08-29 20:02:12.066298
sz.002422,2025-08-27,2025-09-03,0.1300048828125,2025-08-29 20:02:12.066298
sz.002422,2025-08-27,2025-09-03,0.1300048828125,2025-08-29 20:02:12.066298
sz.002422,2025-08-27,2025-09-03,0.1300048828125,2025-08-29 20:02:12.066298
sz.002422,2025-08-28,2025-09-04,0.138916015625,2025-08-29 20:02:12.066298
sz.002422,2025-08-28,2025-09-04,0.1390380859375,2025-08-29 20:02:12.066298
sz.002422,2025-08-28,2025-09-04,0.13916015625,2025-08-29 20:02:12.066298
sz.002422,2025-08-29,2025-09-05,0.0948486328125,2025-08-29 20:02:12.066298
sz.002459,2025-08-25,2025-09-01,0.185791015625,2025-08-29 20:02:12.066298
sz.002459,2025-08-26,2025-09-02,0.1737060546875,2025-08-29 20:02:12.066298
sz.002459,2025-08-26,2025-09-02,0.17333984375,2025-08-29 20:02:12.066298
sz.002459,2025-08-27,2025-09-03,0.1246337890625,2025-08-29 20:02:12.066298
sz.002459,2025-08-27,2025-09-03,0.12451171875,2025-08-29 20:02:12.066298
sz.002459,2025-08-27,2025-09-03,0.12451171875,2025-08-29 20:02:12.066298
sz.002459,2025-08-28,2025-09-04,0.2469482421875,2025-08-29 20:02:12.066298
sz.002459,2025-08-28,2025-09-04,0.2467041015625,2025-08-29 20:02:12.066298
sz.002459,2025-08-28,2025-09-04,0.24560546875,2025-08-29 20:02:12.066298
sz.002459,2025-08-29,2025-09-05,0.1541748046875,2025-08-29 20:02:12.066298
sz.002460,2025-08-25,2025-09-01,0.2142333984375,2025-08-29 20:02:12.066298
sz.002460,2025-08-26,2025-09-02,0.1900634765625,2025-08-29 20:02:12.066298
sz.002460,2025-08-26,2025-09-02,0.1898193359375,2025-08-29 20:02:12.066298
sz.002460,2025-08-27,2025-09-03,0.11920166015625,2025-08-29 20:02:12.066298
sz.002460,2025-08-27,2025-09-03,0.11920166015625,2025-08-29 20:02:12.066298
sz.002460,2025-08-27,2025-09-03,0.11920166015625,2025-08-29 20:02:12.066298
sz.002460,2025-08-28,2025-09-04,0.196533203125,2025-08-29 20:02:12.066298
sz.002460,2025-08-28,2025-09-04,0.1959228515625,2025-08-29 20:02:12.066298
sz.002460,2025-08-28,2025-09-04,0.196044921875,2025-08-29 20:02:12.066298
sz.002460,2025-08-29,2025-09-05,0.188232421875,2025-08-29 20:02:12.066298
sz.002463,2025-08-25,2025-09-01,0.25439453125,2025-08-29 20:02:12.066298
sz.002463,2025-08-26,2025-09-02,0.2110595703125,2025-08-29 20:02:12.066298
sz.002463,2025-08-26,2025-09-02,0.2109375,2025-08-29 20:02:12.066298
sz.002463,2025-08-27,2025-09-03,0.1707763671875,2025-08-29 20:02:12.066298
sz.002463,2025-08-27,2025-09-03,0.1715087890625,2025-08-29 20:02:12.066298
sz.002463,2025-08-27,2025-09-03,0.172119140625,2025-08-29 20:02:12.066298
sz.002463,2025-08-28,2025-09-04,0.288818359375,2025-08-29 20:02:12.066298
sz.002463,2025-08-28,2025-09-04,0.28857421875,2025-08-29 20:02:12.066298
sz.002463,2025-08-28,2025-09-04,0.289794921875,2025-08-29 20:02:12.066298
sz.002463,2025-08-29,2025-09-05,0.254150390625,2025-08-29 20:02:12.066298
sz.002466,2025-08-25,2025-09-01,0.2427978515625,2025-08-29 20:02:12.066298
sz.002466,2025-08-26,2025-09-02,0.22509765625,2025-08-29 20:02:12.066298
sz.002466,2025-08-26,2025-09-02,0.2247314453125,2025-08-29 20:02:12.066298
sz.002466,2025-08-26,2025-09-02,0.224365234375,2025-08-29 20:02:12.066298
sz.002466,2025-08-27,2025-09-03,0.1458740234375,2025-08-29 20:02:12.066298
sz.002466,2025-08-27,2025-09-03,0.145751953125,2025-08-29 20:02:12.066298
sz.002466,2025-08-27,2025-09-03,0.145751953125,2025-08-29 20:02:12.066298
sz.002466,2025-08-28,2025-09-04,0.280029296875,2025-08-29 20:02:12.066298
sz.002466,2025-08-28,2025-09-04,0.27978515625,2025-08-29 20:02:12.066298
sz.002466,2025-08-28,2025-09-04,0.279052734375,2025-08-29 20:02:12.066298
sz.002466,2025-08-29,2025-09-05,0.23095703125,2025-08-29 20:02:12.066298
sz.002475,2025-08-25,2025-09-01,0.1707763671875,2025-08-29 20:02:12.066298
sz.002475,2025-08-26,2025-09-02,0.1953125,2025-08-29 20:02:12.066298
sz.002475,2025-08-26,2025-09-02,0.1951904296875,2025-08-29 20:02:12.066298
sz.002475,2025-08-27,2025-09-03,0.172607421875,2025-08-29 20:02:12.066298
sz.002475,2025-08-27,2025-09-03,0.1728515625,2025-08-29 20:02:12.066298
sz.002475,2025-08-27,2025-09-03,0.1728515625,2025-08-29 20:02:12.066298
sz.002475,2025-08-28,2025-09-04,0.31396484375,2025-08-29 20:02:12.066298
sz.002475,2025-08-28,2025-09-04,0.3134765625,2025-08-29 20:02:12.066298
sz.002475,2025-08-28,2025-09-04,0.313720703125,2025-08-29 20:02:12.066298
sz.002475,2025-08-29,2025-09-05,0.219970703125,2025-08-29 20:02:12.066298
sz.002493,2025-08-25,2025-09-01,0.17236328125,2025-08-29 20:02:12.066298
sz.002493,2025-08-26,2025-09-02,0.1773681640625,2025-08-29 20:02:12.066298
sz.002493,2025-08-26,2025-09-02,0.1773681640625,2025-08-29 20:02:12.066298
sz.002493,2025-08-27,2025-09-03,0.150390625,2025-08-29 20:02:12.066298
sz.002493,2025-08-27,2025-09-03,0.150390625,2025-08-29 20:02:12.066298
sz.002493,2025-08-27,2025-09-03,0.150390625,2025-08-29 20:02:12.066298
sz.002493,2025-08-28,2025-09-04,0.2138671875,2025-08-29 20:02:12.066298
sz.002493,2025-08-28,2025-09-04,0.2138671875,2025-08-29 20:02:12.066298
sz.002493,2025-08-28,2025-09-04,0.2132568359375,2025-08-29 20:02:12.066298
sz.002493,2025-08-29,2025-09-05,0.2362060546875,2025-08-29 20:02:12.066298
sz.002594,2025-08-25,2025-09-01,0.09930419921875,2025-08-29 20:02:12.066298
sz.002594,2025-08-26,2025-09-02,0.0855712890625,2025-08-29 20:02:12.066298
sz.002594,2025-08-26,2025-09-02,0.085693359375,2025-08-29 20:02:12.066298
sz.002594,2025-08-27,2025-09-03,0.1298828125,2025-08-29 20:02:12.066298
sz.002594,2025-08-27,2025-09-03,0.1297607421875,2025-08-29 20:02:12.066298
sz.002594,2025-08-27,2025-09-03,0.1297607421875,2025-08-29 20:02:12.066298
sz.002594,2025-08-28,2025-09-04,0.11083984375,2025-08-29 20:02:12.066298
sz.002594,2025-08-28,2025-09-04,0.11083984375,2025-08-29 20:02:12.066298
sz.002594,2025-08-28,2025-09-04,0.11102294921875,2025-08-29 20:02:12.066298
sz.002594,2025-08-29,2025-09-05,0.09222412109375,2025-08-29 20:02:12.066298
sz.002600,2025-08-25,2025-09-01,0.266845703125,2025-08-29 20:02:12.066298
sz.002600,2025-08-26,2025-09-02,0.30517578125,2025-08-29 20:02:12.066298
sz.002600,2025-08-26,2025-09-02,0.305419921875,2025-08-29 20:02:12.066298
sz.002600,2025-08-27,2025-09-03,0.191162109375,2025-08-29 20:02:12.066298
sz.002600,2025-08-27,2025-09-03,0.1915283203125,2025-08-29 20:02:12.066298
sz.002600,2025-08-27,2025-09-03,0.191650390625,2025-08-29 20:02:12.066298
sz.002600,2025-08-28,2025-09-04,0.26904296875,2025-08-29 20:02:12.066298
sz.002600,2025-08-28,2025-09-04,0.269287109375,2025-08-29 20:02:12.066298
sz.002600,2025-08-28,2025-09-04,0.26953125,2025-08-29 20:02:12.066298
sz.002600,2025-08-29,2025-09-05,0.27685546875,2025-08-29 20:02:12.066298
sz.002601,2025-08-25,2025-09-01,0.2093505859375,2025-08-29 20:02:12.066298
sz.002601,2025-08-26,2025-09-02,0.1761474609375,2025-08-29 20:02:12.066298
sz.002601,2025-08-26,2025-09-02,0.1761474609375,2025-08-29 20:02:12.066298
sz.002601,2025-08-26,2025-09-02,0.17626953125,2025-08-29 20:02:12.066298
sz.002601,2025-08-27,2025-09-03,0.1614990234375,2025-08-29 20:02:12.066298
sz.002601,2025-08-27,2025-09-03,0.16162109375,2025-08-29 20:02:12.066298
sz.002601,2025-08-27,2025-09-03,0.1617431640625,2025-08-29 20:02:12.066298
sz.002601,2025-08-28,2025-09-04,0.1827392578125,2025-08-29 20:02:12.066298
sz.002601,2025-08-28,2025-09-04,0.1826171875,2025-08-29 20:02:12.066298
sz.002601,2025-08-28,2025-09-04,0.1827392578125,2025-08-29 20:02:12.066298
sz.002601,2025-08-29,2025-09-05,0.1829833984375,2025-08-29 20:02:12.066298
sz.002648,2025-08-25,2025-09-01,0.216064453125,2025-08-29 20:02:12.066298
sz.002648,2025-08-26,2025-09-02,0.1710205078125,2025-08-29 20:02:12.066298
sz.002648,2025-08-26,2025-09-02,0.1710205078125,2025-08-29 20:02:12.066298
sz.002648,2025-08-27,2025-09-03,0.1585693359375,2025-08-29 20:02:12.066298
sz.002648,2025-08-27,2025-09-03,0.1588134765625,2025-08-29 20:02:12.066298
sz.002648,2025-08-27,2025-09-03,0.1588134765625,2025-08-29 20:02:12.066298
sz.002648,2025-08-28,2025-09-04,0.2548828125,2025-08-29 20:02:12.066298
sz.002648,2025-08-28,2025-09-04,0.255126953125,2025-08-29 20:02:12.066298
sz.002648,2025-08-28,2025-09-04,0.2548828125,2025-08-29 20:02:12.066298
sz.002648,2025-08-29,2025-09-05,0.1937255859375,2025-08-29 20:02:12.066298
sz.002709,2025-08-25,2025-09-01,0.17431640625,2025-08-29 20:02:12.066298
sz.002709,2025-08-26,2025-09-02,0.251953125,2025-08-29 20:02:12.066298
sz.002709,2025-08-26,2025-09-02,0.251953125,2025-08-29 20:02:12.066298
sz.002709,2025-08-27,2025-09-03,0.11163330078125,2025-08-29 20:02:12.066298
sz.002709,2025-08-27,2025-09-03,0.11163330078125,2025-08-29 20:02:12.066298
sz.002709,2025-08-27,2025-09-03,0.11163330078125,2025-08-29 20:02:12.066298
sz.002709,2025-08-28,2025-09-04,0.19775390625,2025-08-29 20:02:12.066298
sz.002709,2025-08-28,2025-09-04,0.1973876953125,2025-08-29 20:02:12.066298
sz.002709,2025-08-28,2025-09-04,0.19677734375,2025-08-29 20:02:12.066298
sz.002709,2025-08-29,2025-09-05,0.17919921875,2025-08-29 20:02:12.066298
sz.002714,2025-08-25,2025-09-01,0.292236328125,2025-08-29 20:02:12.066298
sz.002714,2025-08-26,2025-09-02,0.1771240234375,2025-08-29 20:02:12.066298
sz.002714,2025-08-26,2025-09-02,0.1771240234375,2025-08-29 20:02:12.066298
sz.002714,2025-08-27,2025-09-03,0.2098388671875,2025-08-29 20:02:12.066298
sz.002714,2025-08-27,2025-09-03,0.20947265625,2025-08-29 20:02:12.066298
sz.002714,2025-08-27,2025-09-03,0.2095947265625,2025-08-29 20:02:12.066298
sz.002714,2025-08-28,2025-09-04,0.290283203125,2025-08-29 20:02:12.066298
sz.002714,2025-08-28,2025-09-04,0.290283203125,2025-08-29 20:02:12.066298
sz.002714,2025-08-28,2025-09-04,0.289794921875,2025-08-29 20:02:12.066298
sz.002714,2025-08-29,2025-09-05,0.279296875,2025-08-29 20:02:12.066298
sz.002736,2025-08-25,2025-09-01,0.1981201171875,2025-08-29 20:02:12.066298
sz.002736,2025-08-26,2025-09-02,0.1661376953125,2025-08-29 20:02:12.066298
sz.002736,2025-08-26,2025-09-02,0.16650390625,2025-08-29 20:02:12.066298
sz.002736,2025-08-27,2025-09-03,0.16650390625,2025-08-29 20:02:12.066298
sz.002736,2025-08-27,2025-09-03,0.1668701171875,2025-08-29 20:02:12.066298
sz.002736,2025-08-27,2025-09-03,0.1669921875,2025-08-29 20:02:12.066298
sz.002736,2025-08-28,2025-09-04,0.322998046875,2025-08-29 20:02:12.066298
sz.002736,2025-08-28,2025-09-04,0.3232421875,2025-08-29 20:02:12.066298
sz.002736,2025-08-28,2025-09-04,0.323974609375,2025-08-29 20:02:12.066298
sz.002736,2025-08-29,2025-09-05,0.22119140625,2025-08-29 20:02:12.066298
sz.002916,2025-08-25,2025-09-01,0.220703125,2025-08-29 20:02:12.066298
sz.002916,2025-08-26,2025-09-02,0.271728515625,2025-08-29 20:02:12.066298
sz.002916,2025-08-26,2025-09-02,0.271484375,2025-08-29 20:02:12.066298
sz.002916,2025-08-27,2025-09-03,0.18798828125,2025-08-29 20:02:12.066298
sz.002916,2025-08-27,2025-09-03,0.18798828125,2025-08-29 20:02:12.066298
sz.002916,2025-08-27,2025-09-03,0.188232421875,2025-08-29 20:02:12.066298
sz.002916,2025-08-28,2025-09-04,0.2939453125,2025-08-29 20:02:12.066298
sz.002916,2025-08-28,2025-09-04,0.29443359375,2025-08-29 20:02:12.066298
sz.002916,2025-08-28,2025-09-04,0.294677734375,2025-08-29 20:02:12.066298
sz.002916,2025-08-29,2025-09-05,0.2998046875,2025-08-29 20:02:12.066298
sz.002920,2025-08-25,2025-09-01,0.17724609375,2025-08-29 20:02:12.066298
sz.002920,2025-08-26,2025-09-02,0.1893310546875,2025-08-29 20:02:12.066298
sz.002920,2025-08-26,2025-09-02,0.1893310546875,2025-08-29 20:02:12.066298
sz.002920,2025-08-27,2025-09-03,0.158203125,2025-08-29 20:02:12.066298
sz.002920,2025-08-27,2025-09-03,0.158203125,2025-08-29 20:02:12.066298
sz.002920,2025-08-27,2025-09-03,0.158203125,2025-08-29 20:02:12.066298
sz.002920,2025-08-28,2025-09-04,0.25341796875,2025-08-29 20:02:12.066298
sz.002920,2025-08-28,2025-09-04,0.253662109375,2025-08-29 20:02:12.066298
sz.002920,2025-08-28,2025-09-04,0.25341796875,2025-08-29 20:02:12.066298
sz.002920,2025-08-29,2025-09-05,0.200439453125,2025-08-29 20:02:12.066298
sz.002938,2025-08-25,2025-09-01,0.2386474609375,2025-08-29 20:02:12.066298
sz.002938,2025-08-26,2025-09-02,0.194580078125,2025-08-29 20:02:12.066298
sz.002938,2025-08-26,2025-09-02,0.1947021484375,2025-08-29 20:02:12.066298
sz.002938,2025-08-27,2025-09-03,0.12176513671875,2025-08-29 20:02:12.066298
sz.002938,2025-08-27,2025-09-03,0.12188720703125,2025-08-29 20:02:12.066298
sz.002938,2025-08-27,2025-09-03,0.1221923828125,2025-08-29 20:02:12.066298
sz.002938,2025-08-28,2025-09-04,0.254150390625,2025-08-29 20:02:12.066298
sz.002938,2025-08-28,2025-09-04,0.25439453125,2025-08-29 20:02:12.066298
sz.002938,2025-08-28,2025-09-04,0.253662109375,2025-08-29 20:02:12.066298
sz.002938,2025-08-29,2025-09-05,0.2269287109375,2025-08-29 20:02:12.066298
sz.003816,2025-08-25,2025-09-01,0.1600341796875,2025-08-29 20:02:12.066298
sz.003816,2025-08-26,2025-09-02,0.219482421875,2025-08-29 20:02:12.066298
sz.003816,2025-08-26,2025-09-02,0.220458984375,2025-08-29 20:02:12.066298
sz.003816,2025-08-27,2025-09-03,0.13330078125,2025-08-29 20:02:12.066298
sz.003816,2025-08-27,2025-09-03,0.1336669921875,2025-08-29 20:02:12.066298
sz.003816,2025-08-27,2025-09-03,0.134033203125,2025-08-29 20:02:12.066298
sz.003816,2025-08-28,2025-09-04,0.247314453125,2025-08-29 20:02:12.066298
sz.003816,2025-08-28,2025-09-04,0.248046875,2025-08-29 20:02:12.066298
sz.003816,2025-08-28,2025-09-04,0.248291015625,2025-08-29 20:02:12.066298
sz.003816,2025-08-29,2025-09-05,0.12103271484375,2025-08-29 20:02:12.066298
sz.300014,2025-08-25,2025-09-01,0.1251220703125,2025-08-29 20:02:12.066298
sz.300014,2025-08-26,2025-09-02,0.12066650390625,2025-08-29 20:02:12.066298
sz.300014,2025-08-26,2025-09-02,0.1207275390625,2025-08-29 20:02:12.066298
sz.300014,2025-08-27,2025-09-03,0.1351318359375,2025-08-29 20:02:12.066298
sz.300014,2025-08-27,2025-09-03,0.13525390625,2025-08-29 20:02:12.066298
sz.300014,2025-08-27,2025-09-03,0.13525390625,2025-08-29 20:02:12.066298
sz.300014,2025-08-28,2025-09-04,0.186279296875,2025-08-29 20:02:12.066298
sz.300014,2025-08-28,2025-09-04,0.18603515625,2025-08-29 20:02:12.066298
sz.300014,2025-08-28,2025-09-04,0.1865234375,2025-08-29 20:02:12.066298
sz.300014,2025-08-29,2025-09-05,0.188232421875,2025-08-29 20:02:12.066298
sz.300015,2025-08-25,2025-09-01,0.16357421875,2025-08-29 20:02:12.066298
sz.300015,2025-08-26,2025-09-02,0.2022705078125,2025-08-29 20:02:12.066298
sz.300015,2025-08-26,2025-09-02,0.2021484375,2025-08-29 20:02:12.066298
sz.300015,2025-08-27,2025-09-03,0.12066650390625,2025-08-29 20:02:12.066298
sz.300015,2025-08-27,2025-09-03,0.12066650390625,2025-08-29 20:02:12.066298
sz.300015,2025-08-27,2025-09-03,0.12066650390625,2025-08-29 20:02:12.066298
sz.300015,2025-08-28,2025-09-04,0.1561279296875,2025-08-29 20:02:12.066298
sz.300015,2025-08-28,2025-09-04,0.156005859375,2025-08-29 20:02:12.066298
sz.300015,2025-08-28,2025-09-04,0.156005859375,2025-08-29 20:02:12.066298
sz.300015,2025-08-29,2025-09-05,0.12139892578125,2025-08-29 20:02:12.066298
sz.300033,2025-08-25,2025-09-01,0.1796875,2025-08-29 20:02:12.066298
sz.300033,2025-08-26,2025-09-02,0.2333984375,2025-08-29 20:02:12.066298
sz.300033,2025-08-26,2025-09-02,0.2333984375,2025-08-29 20:02:12.066298
sz.300033,2025-08-27,2025-09-03,0.188232421875,2025-08-29 20:02:12.066298
sz.300033,2025-08-27,2025-09-03,0.188232421875,2025-08-29 20:02:12.066298
sz.300033,2025-08-27,2025-09-03,0.1884765625,2025-08-29 20:02:12.066298
sz.300033,2025-08-28,2025-09-04,0.3046875,2025-08-29 20:02:12.066298
sz.300033,2025-08-28,2025-09-04,0.3046875,2025-08-29 20:02:12.066298
sz.300033,2025-08-28,2025-09-04,0.305419921875,2025-08-29 20:02:12.066298
sz.300033,2025-08-29,2025-09-05,0.2470703125,2025-08-29 20:02:12.066298
sz.300059,2025-08-25,2025-09-01,0.2032470703125,2025-08-29 20:02:12.066298
sz.300059,2025-08-26,2025-09-02,0.235595703125,2025-08-29 20:02:12.066298
sz.300059,2025-08-26,2025-09-02,0.2354736328125,2025-08-29 20:02:12.066298
sz.300059,2025-08-27,2025-09-03,0.1448974609375,2025-08-29 20:02:12.066298
sz.300059,2025-08-27,2025-09-03,0.14501953125,2025-08-29 20:02:12.066298
sz.300059,2025-08-27,2025-09-03,0.1451416015625,2025-08-29 20:02:12.066298
sz.300059,2025-08-28,2025-09-04,0.279541015625,2025-08-29 20:02:12.066298
sz.300059,2025-08-28,2025-09-04,0.27978515625,2025-08-29 20:02:12.066298
sz.300059,2025-08-28,2025-09-04,0.280029296875,2025-08-29 20:02:12.066298
sz.300059,2025-08-29,2025-09-05,0.223876953125,2025-08-29 20:02:12.066298
sz.300122,2025-08-25,2025-09-01,0.18798828125,2025-08-29 20:02:12.066298
sz.300122,2025-08-26,2025-09-02,0.198486328125,2025-08-29 20:02:12.066298
sz.300122,2025-08-26,2025-09-02,0.1983642578125,2025-08-29 20:02:12.066298
sz.300122,2025-08-27,2025-09-03,0.1265869140625,2025-08-29 20:02:12.066298
sz.300122,2025-08-27,2025-09-03,0.1265869140625,2025-08-29 20:02:12.066298
sz.300122,2025-08-27,2025-09-03,0.1265869140625,2025-08-29 20:02:12.066298
sz.300122,2025-08-28,2025-09-04,0.1441650390625,2025-08-29 20:02:12.066298
sz.300122,2025-08-28,2025-09-04,0.14404296875,2025-08-29 20:02:12.066298
sz.300122,2025-08-28,2025-09-04,0.14404296875,2025-08-29 20:02:12.066298
sz.300122,2025-08-29,2025-09-05,0.1412353515625,2025-08-29 20:02:12.066298
sz.300124,2025-08-25,2025-09-01,0.2188720703125,2025-08-29 20:02:12.066298
sz.300124,2025-08-26,2025-09-02,0.14013671875,2025-08-29 20:02:12.066298
sz.300124,2025-08-26,2025-09-02,0.139892578125,2025-08-29 20:02:12.066298
sz.300124,2025-08-27,2025-09-03,0.120849609375,2025-08-29 20:02:12.066298
sz.300124,2025-08-27,2025-09-03,0.1209716796875,2025-08-29 20:02:12.066298
sz.300124,2025-08-27,2025-09-03,0.1209716796875,2025-08-29 20:02:12.066298
sz.300124,2025-08-28,2025-09-04,0.26171875,2025-08-29 20:02:12.066298
sz.300124,2025-08-28,2025-09-04,0.261474609375,2025-08-29 20:02:12.066298
sz.300124,2025-08-28,2025-09-04,0.26123046875,2025-08-29 20:02:12.066298
sz.300124,2025-08-29,2025-09-05,0.2225341796875,2025-08-29 20:02:12.066298
sz.300274,2025-08-25,2025-09-01,0.2939453125,2025-08-29 20:02:12.066298
sz.300274,2025-08-26,2025-09-02,0.1905517578125,2025-08-29 20:02:12.066298
sz.300274,2025-08-26,2025-09-02,0.1904296875,2025-08-29 20:02:12.066298
sz.300274,2025-08-27,2025-09-03,0.1715087890625,2025-08-29 20:02:12.066298
sz.300274,2025-08-27,2025-09-03,0.171630859375,2025-08-29 20:02:12.066298
sz.300274,2025-08-27,2025-09-03,0.171630859375,2025-08-29 20:02:12.066298
sz.300274,2025-08-28,2025-09-04,0.258544921875,2025-08-29 20:02:12.066298
sz.300274,2025-08-28,2025-09-04,0.259033203125,2025-08-29 20:02:12.066298
sz.300274,2025-08-28,2025-09-04,0.2587890625,2025-08-29 20:02:12.066298
sz.300274,2025-08-29,2025-09-05,0.20947265625,2025-08-29 20:02:12.066298
sz.300308,2025-08-25,2025-09-01,0.3154296875,2025-08-29 20:02:12.066298
sz.300308,2025-08-26,2025-09-02,0.284423828125,2025-08-29 20:02:12.066298
sz.300308,2025-08-26,2025-09-02,0.284912109375,2025-08-29 20:02:12.066298
sz.300308,2025-08-27,2025-09-03,0.2147216796875,2025-08-29 20:02:12.066298
sz.300308,2025-08-27,2025-09-03,0.2152099609375,2025-08-29 20:02:12.066298
sz.300308,2025-08-27,2025-09-03,0.216064453125,2025-08-29 20:02:12.066298
sz.300308,2025-08-28,2025-09-04,0.308349609375,2025-08-29 20:02:12.066298
sz.300308,2025-08-28,2025-09-04,0.309326171875,2025-08-29 20:02:12.066298
sz.300308,2025-08-28,2025-09-04,0.31005859375,2025-08-29 20:02:12.066298
sz.300308,2025-08-29,2025-09-05,0.290283203125,2025-08-29 20:02:12.066298
sz.300316,2025-08-25,2025-09-01,0.1328125,2025-08-29 20:02:12.066298
sz.300316,2025-08-26,2025-09-02,0.11920166015625,2025-08-29 20:02:12.066298
sz.300316,2025-08-26,2025-09-02,0.11920166015625,2025-08-29 20:02:12.066298
sz.300316,2025-08-26,2025-09-02,0.11920166015625,2025-08-29 20:02:12.066298
sz.300316,2025-08-27,2025-09-03,0.10357666015625,2025-08-29 20:02:12.066298
sz.300316,2025-08-27,2025-09-03,0.10357666015625,2025-08-29 20:02:12.066298
sz.300316,2025-08-27,2025-09-03,0.1033935546875,2025-08-29 20:02:12.066298
sz.300316,2025-08-28,2025-09-04,0.16650390625,2025-08-29 20:02:12.066298
sz.300316,2025-08-28,2025-09-04,0.1666259765625,2025-08-29 20:02:12.066298
sz.300316,2025-08-28,2025-09-04,0.16650390625,2025-08-29 20:02:12.066298
sz.300316,2025-08-29,2025-09-05,0.1680908203125,2025-08-29 20:02:12.066298
sz.300347,2025-08-25,2025-09-01,0.302490234375,2025-08-29 20:02:12.066298
sz.300347,2025-08-26,2025-09-02,0.1463623046875,2025-08-29 20:02:12.066298
sz.300347,2025-08-26,2025-09-02,0.1461181640625,2025-08-29 20:02:12.066298
sz.300347,2025-08-27,2025-09-03,0.1373291015625,2025-08-29 20:02:12.066298
sz.300347,2025-08-27,2025-09-03,0.137451171875,2025-08-29 20:02:12.066298
sz.300347,2025-08-27,2025-09-03,0.13720703125,2025-08-29 20:02:12.066298
sz.300347,2025-08-28,2025-09-04,0.178466796875,2025-08-29 20:02:12.066298
sz.300347,2025-08-28,2025-09-04,0.1781005859375,2025-08-29 20:02:12.066298
sz.300347,2025-08-28,2025-09-04,0.1787109375,2025-08-29 20:02:12.066298
sz.300347,2025-08-29,2025-09-05,0.1484375,2025-08-29 20:02:12.066298
sz.300394,2025-08-25,2025-09-01,0.252197265625,2025-08-29 20:02:12.066298
sz.300394,2025-08-26,2025-09-02,0.1942138671875,2025-08-29 20:02:12.066298
sz.300394,2025-08-26,2025-09-02,0.19482421875,2025-08-29 20:02:12.066298
sz.300394,2025-08-27,2025-09-03,0.2286376953125,2025-08-29 20:02:12.066298
sz.300394,2025-08-27,2025-09-03,0.2293701171875,2025-08-29 20:02:12.066298
sz.300394,2025-08-27,2025-09-03,0.2301025390625,2025-08-29 20:02:12.066298
sz.300394,2025-08-28,2025-09-04,0.277587890625,2025-08-29 20:02:12.066298
sz.300394,2025-08-28,2025-09-04,0.278076171875,2025-08-29 20:02:12.066298
sz.300394,2025-08-28,2025-09-04,0.27880859375,2025-08-29 20:02:12.066298
sz.300394,2025-08-29,2025-09-05,0.3193359375,2025-08-29 20:02:12.066298
sz.300408,2025-08-25,2025-09-01,0.183349609375,2025-08-29 20:02:12.066298
sz.300408,2025-08-26,2025-09-02,0.2359619140625,2025-08-29 20:02:12.066298
sz.300408,2025-08-26,2025-09-02,0.23583984375,2025-08-29 20:02:12.066298
sz.300408,2025-08-27,2025-09-03,0.160400390625,2025-08-29 20:02:12.066298
sz.300408,2025-08-27,2025-09-03,0.16064453125,2025-08-29 20:02:12.066298
sz.300408,2025-08-27,2025-09-03,0.16064453125,2025-08-29 20:02:12.066298
sz.300408,2025-08-28,2025-09-04,0.28564453125,2025-08-29 20:02:12.066298
sz.300408,2025-08-28,2025-09-04,0.285400390625,2025-08-29 20:02:12.066298
sz.300408,2025-08-28,2025-09-04,0.285888671875,2025-08-29 20:02:12.066298
sz.300408,2025-08-29,2025-09-05,0.2216796875,2025-08-29 20:02:12.066298
sz.300413,2025-08-25,2025-09-01,0.20703125,2025-08-29 20:02:12.066298
sz.300413,2025-08-26,2025-09-02,0.26123046875,2025-08-29 20:02:12.066298
sz.300413,2025-08-26,2025-09-02,0.260498046875,2025-08-29 20:02:12.066298
sz.300413,2025-08-27,2025-09-03,0.1422119140625,2025-08-29 20:02:12.066298
sz.300413,2025-08-27,2025-09-03,0.14208984375,2025-08-29 20:02:12.066298
sz.300413,2025-08-27,2025-09-03,0.14208984375,2025-08-29 20:02:12.066298
sz.300413,2025-08-28,2025-09-04,0.192138671875,2025-08-29 20:02:12.066298
sz.300413,2025-08-28,2025-09-04,0.19189453125,2025-08-29 20:02:12.066298
sz.300413,2025-08-28,2025-09-04,0.1917724609375,2025-08-29 20:02:12.066298
sz.300413,2025-08-29,2025-09-05,0.1561279296875,2025-08-29 20:02:12.066298
sz.300418,2025-08-25,2025-09-01,0.22216796875,2025-08-29 20:02:12.066298
sz.300418,2025-08-26,2025-09-02,0.2197265625,2025-08-29 20:02:12.066298
sz.300418,2025-08-26,2025-09-02,0.22021484375,2025-08-29 20:02:12.066298
sz.300418,2025-08-27,2025-09-03,0.1490478515625,2025-08-29 20:02:12.066298
sz.300418,2025-08-27,2025-09-03,0.1492919921875,2025-08-29 20:02:12.066298
sz.300418,2025-08-27,2025-09-03,0.1494140625,2025-08-29 20:02:12.066298
sz.300418,2025-08-28,2025-09-04,0.1890869140625,2025-08-29 20:02:12.066298
sz.300418,2025-08-28,2025-09-04,0.1890869140625,2025-08-29 20:02:12.066298
sz.300418,2025-08-28,2025-09-04,0.1893310546875,2025-08-29 20:02:12.066298
sz.300418,2025-08-29,2025-09-05,0.1800537109375,2025-08-29 20:02:12.066298
sz.300433,2025-08-25,2025-09-01,0.2437744140625,2025-08-29 20:02:12.066298
sz.300433,2025-08-26,2025-09-02,0.154052734375,2025-08-29 20:02:12.066298
sz.300433,2025-08-26,2025-09-02,0.154052734375,2025-08-29 20:02:12.066298
sz.300433,2025-08-27,2025-09-03,0.1939697265625,2025-08-29 20:02:12.066298
sz.300433,2025-08-27,2025-09-03,0.194091796875,2025-08-29 20:02:12.066298
sz.300433,2025-08-27,2025-09-03,0.1942138671875,2025-08-29 20:02:12.066298
sz.300433,2025-08-28,2025-09-04,0.2958984375,2025-08-29 20:02:12.066298
sz.300433,2025-08-28,2025-09-04,0.296142578125,2025-08-29 20:02:12.066298
sz.300433,2025-08-28,2025-09-04,0.296630859375,2025-08-29 20:02:12.066298
sz.300433,2025-08-29,2025-09-05,0.2587890625,2025-08-29 20:02:12.066298
sz.300442,2025-08-25,2025-09-01,0.1485595703125,2025-08-29 20:02:12.066298
sz.300442,2025-08-26,2025-09-02,0.173828125,2025-08-29 20:02:12.066298
sz.300442,2025-08-26,2025-09-02,0.17431640625,2025-08-29 20:02:12.066298
sz.300442,2025-08-27,2025-09-03,0.1494140625,2025-08-29 20:02:12.066298
sz.300442,2025-08-27,2025-09-03,0.1494140625,2025-08-29 20:02:12.066298
sz.300442,2025-08-27,2025-09-03,0.149658203125,2025-08-29 20:02:12.066298
sz.300442,2025-08-28,2025-09-04,0.27880859375,2025-08-29 20:02:12.066298
sz.300442,2025-08-28,2025-09-04,0.279052734375,2025-08-29 20:02:12.066298
sz.300442,2025-08-28,2025-09-04,0.279296875,2025-08-29 20:02:12.066298
sz.300442,2025-08-29,2025-09-05,0.217529296875,2025-08-29 20:02:12.066298
sz.300498,2025-08-25,2025-09-01,0.20703125,2025-08-29 20:02:12.066298
sz.300498,2025-08-26,2025-09-02,0.14453125,2025-08-29 20:02:12.066298
sz.300498,2025-08-26,2025-09-02,0.14453125,2025-08-29 20:02:12.066298
sz.300498,2025-08-27,2025-09-03,0.12213134765625,2025-08-29 20:02:12.066298
sz.300498,2025-08-27,2025-09-03,0.1221923828125,2025-08-29 20:02:12.066298
sz.300498,2025-08-27,2025-09-03,0.122314453125,2025-08-29 20:02:12.066298
sz.300498,2025-08-28,2025-09-04,0.1922607421875,2025-08-29 20:02:12.066298
sz.300498,2025-08-28,2025-09-04,0.1922607421875,2025-08-29 20:02:12.066298
sz.300498,2025-08-28,2025-09-04,0.1923828125,2025-08-29 20:02:12.066298
sz.300498,2025-08-29,2025-09-05,0.1531982421875,2025-08-29 20:02:12.066298
sz.300502,2025-08-25,2025-09-01,0.26318359375,2025-08-29 20:02:12.066298
sz.300502,2025-08-26,2025-09-02,0.2188720703125,2025-08-29 20:02:12.066298
sz.300502,2025-08-26,2025-09-02,0.219482421875,2025-08-29 20:02:12.066298
sz.300502,2025-08-27,2025-09-03,0.23095703125,2025-08-29 20:02:12.066298
sz.300502,2025-08-27,2025-09-03,0.2315673828125,2025-08-29 20:02:12.066298
sz.300502,2025-08-27,2025-09-03,0.2318115234375,2025-08-29 20:02:12.066298
sz.300502,2025-08-28,2025-09-04,0.281494140625,2025-08-29 20:02:12.066298
sz.300502,2025-08-28,2025-09-04,0.281982421875,2025-08-29 20:02:12.066298
sz.300502,2025-08-28,2025-09-04,0.28271484375,2025-08-29 20:02:12.066298
sz.300502,2025-08-29,2025-09-05,0.29443359375,2025-08-29 20:02:12.066298
sz.300628,2025-08-25,2025-09-01,0.09515380859375,2025-08-29 20:02:12.066298
sz.300628,2025-08-26,2025-09-02,0.16015625,2025-08-29 20:02:12.066298
sz.300628,2025-08-26,2025-09-02,0.16015625,2025-08-29 20:02:12.066298
sz.300628,2025-08-27,2025-09-03,0.125732421875,2025-08-29 20:02:12.066298
sz.300628,2025-08-27,2025-09-03,0.125732421875,2025-08-29 20:02:12.066298
sz.300628,2025-08-27,2025-09-03,0.1258544921875,2025-08-29 20:02:12.066298
sz.300628,2025-08-28,2025-09-04,0.1842041015625,2025-08-29 20:02:12.066298
sz.300628,2025-08-28,2025-09-04,0.1844482421875,2025-08-29 20:02:12.066298
sz.300628,2025-08-28,2025-09-04,0.1845703125,2025-08-29 20:02:12.066298
sz.300628,2025-08-29,2025-09-05,0.1915283203125,2025-08-29 20:02:12.066298
sz.300661,2025-08-25,2025-09-01,0.11676025390625,2025-08-29 20:02:12.066298
sz.300661,2025-08-26,2025-09-02,0.1451416015625,2025-08-29 20:02:12.066298
sz.300661,2025-08-26,2025-09-02,0.14501953125,2025-08-29 20:02:12.066298
sz.300661,2025-08-27,2025-09-03,0.09857177734375,2025-08-29 20:02:12.066298
sz.300661,2025-08-27,2025-09-03,0.09857177734375,2025-08-29 20:02:12.066298
sz.300661,2025-08-27,2025-09-03,0.09857177734375,2025-08-29 20:02:12.066298
sz.300661,2025-08-28,2025-09-04,0.1553955078125,2025-08-29 20:02:12.066298
sz.300661,2025-08-28,2025-09-04,0.155517578125,2025-08-29 20:02:12.066298
sz.300661,2025-08-28,2025-09-04,0.1553955078125,2025-08-29 20:02:12.066298
sz.300661,2025-08-29,2025-09-05,0.14306640625,2025-08-29 20:02:12.066298
sz.300750,2025-08-25,2025-09-01,0.2127685546875,2025-08-29 20:02:12.066298
sz.300750,2025-08-26,2025-09-02,0.2646484375,2025-08-29 20:02:12.066298
sz.300750,2025-08-26,2025-09-02,0.264404296875,2025-08-29 20:02:12.066298
sz.300750,2025-08-26,2025-09-02,0.1275634765625,2025-08-29 20:02:12.066298
sz.300750,2025-08-27,2025-09-03,0.140869140625,2025-08-29 20:02:12.066298
sz.300750,2025-08-27,2025-09-03,0.1407470703125,2025-08-29 20:02:12.066298
sz.300750,2025-08-27,2025-09-03,0.140380859375,2025-08-29 20:02:12.066298
sz.300750,2025-08-28,2025-09-04,0.1007080078125,2025-08-29 20:02:12.066298
sz.300750,2025-08-28,2025-09-04,0.09967041015625,2025-08-29 20:02:12.066298
sz.300750,2025-08-28,2025-09-04,0.09930419921875,2025-08-29 20:02:12.066298
sz.300750,2025-08-29,2025-09-05,0.11474609375,2025-08-29 20:02:12.066298
sz.300759,2025-08-25,2025-09-01,0.267333984375,2025-08-29 20:02:12.066298
sz.300759,2025-08-26,2025-09-02,0.1715087890625,2025-08-29 20:02:12.066298
sz.300759,2025-08-26,2025-09-02,0.17138671875,2025-08-29 20:02:12.066298
sz.300759,2025-08-27,2025-09-03,0.1357421875,2025-08-29 20:02:12.066298
sz.300759,2025-08-27,2025-09-03,0.1357421875,2025-08-29 20:02:12.066298
sz.300759,2025-08-27,2025-09-03,0.1357421875,2025-08-29 20:02:12.066298
sz.300759,2025-08-28,2025-09-04,0.1783447265625,2025-08-29 20:02:12.066298
sz.300759,2025-08-28,2025-09-04,0.17822265625,2025-08-29 20:02:12.066298
sz.300759,2025-08-28,2025-09-04,0.1783447265625,2025-08-29 20:02:12.066298
sz.300759,2025-08-29,2025-09-05,0.2022705078125,2025-08-29 20:02:12.066298
sz.300760,2025-08-25,2025-09-01,0.1876220703125,2025-08-29 20:02:12.066298
sz.300760,2025-08-26,2025-09-02,0.13720703125,2025-08-29 20:02:12.066298
sz.300760,2025-08-26,2025-09-02,0.13720703125,2025-08-29 20:02:12.066298
sz.300760,2025-08-27,2025-09-03,0.10504150390625,2025-08-29 20:02:12.066298
sz.300760,2025-08-27,2025-09-03,0.105224609375,2025-08-29 20:02:12.066298
sz.300760,2025-08-27,2025-09-03,0.105224609375,2025-08-29 20:02:12.066298
sz.300760,2025-08-28,2025-09-04,0.1165771484375,2025-08-29 20:02:12.066298
sz.300760,2025-08-28,2025-09-04,0.1165771484375,2025-08-29 20:02:12.066298
sz.300760,2025-08-28,2025-09-04,0.11676025390625,2025-08-29 20:02:12.066298
sz.300760,2025-08-29,2025-09-05,0.1312255859375,2025-08-29 20:02:12.066298
sz.300782,2025-08-25,2025-09-01,0.093017578125,2025-08-29 20:02:12.066298
sz.300782,2025-08-26,2025-09-02,0.09808349609375,2025-08-29 20:02:12.066298
sz.300782,2025-08-26,2025-09-02,0.097900390625,2025-08-29 20:02:12.066298
sz.300782,2025-08-27,2025-09-03,0.0948486328125,2025-08-29 20:02:12.066298
sz.300782,2025-08-27,2025-09-03,0.0948486328125,2025-08-29 20:02:12.066298
sz.300782,2025-08-27,2025-09-03,0.0948486328125,2025-08-29 20:02:12.066298
sz.300782,2025-08-28,2025-09-04,0.08465576171875,2025-08-29 20:02:12.066298
sz.300782,2025-08-28,2025-09-04,0.08477783203125,2025-08-29 20:02:12.066298
sz.300782,2025-08-28,2025-09-04,0.0849609375,2025-08-29 20:02:12.066298
sz.300782,2025-08-29,2025-09-05,0.140380859375,2025-08-29 20:02:12.066298
sz.300832,2025-08-25,2025-09-01,0.2010498046875,2025-08-29 20:02:12.066298
sz.300832,2025-08-26,2025-09-02,0.1461181640625,2025-08-29 20:02:12.066298
sz.300832,2025-08-26,2025-09-02,0.146240234375,2025-08-29 20:02:12.066298
sz.300832,2025-08-27,2025-09-03,0.0943603515625,2025-08-29 20:02:12.066298
sz.300832,2025-08-27,2025-09-03,0.0943603515625,2025-08-29 20:02:12.066298
sz.300832,2025-08-27,2025-09-03,0.094482421875,2025-08-29 20:02:12.066298
sz.300832,2025-08-28,2025-09-04,0.1300048828125,2025-08-29 20:02:12.066298
sz.300832,2025-08-28,2025-09-04,0.1302490234375,2025-08-29 20:02:12.066298
sz.300832,2025-08-28,2025-09-04,0.1304931640625,2025-08-29 20:02:12.066298
sz.300832,2025-08-29,2025-09-05,0.1761474609375,2025-08-29 20:02:12.066298
sz.300896,2025-08-25,2025-09-01,0.1727294921875,2025-08-29 20:02:12.066298
sz.300896,2025-08-26,2025-09-02,0.1431884765625,2025-08-29 20:02:12.066298
sz.300896,2025-08-26,2025-09-02,0.1434326171875,2025-08-29 20:02:12.066298
sz.300896,2025-08-26,2025-09-02,0.1435546875,2025-08-29 20:02:12.066298
sz.300896,2025-08-27,2025-09-03,0.12188720703125,2025-08-29 20:02:12.066298
sz.300896,2025-08-27,2025-09-03,0.12188720703125,2025-08-29 20:02:12.066298
sz.300896,2025-08-27,2025-09-03,0.12176513671875,2025-08-29 20:02:12.066298
sz.300896,2025-08-28,2025-09-04,0.1304931640625,2025-08-29 20:02:12.066298
sz.300896,2025-08-28,2025-09-04,0.13037109375,2025-08-29 20:02:12.066298
sz.300896,2025-08-28,2025-09-04,0.1302490234375,2025-08-29 20:02:12.066298
sz.300896,2025-08-29,2025-09-05,0.141845703125,2025-08-29 20:02:12.066298
sz.300979,2025-08-25,2025-09-01,0.13330078125,2025-08-29 20:02:12.066298
sz.300979,2025-08-26,2025-09-02,0.11163330078125,2025-08-29 20:02:12.066298
sz.300979,2025-08-26,2025-09-02,0.11181640625,2025-08-29 20:02:12.066298
sz.300979,2025-08-27,2025-09-03,0.132568359375,2025-08-29 20:02:12.066298
sz.300979,2025-08-27,2025-09-03,0.132568359375,2025-08-29 20:02:12.066298
sz.300979,2025-08-27,2025-09-03,0.132568359375,2025-08-29 20:02:12.066298
sz.300979,2025-08-28,2025-09-04,0.08209228515625,2025-08-29 20:02:12.066298
sz.300979,2025-08-28,2025-09-04,0.082275390625,2025-08-29 20:02:12.066298
sz.300979,2025-08-28,2025-09-04,0.0823974609375,2025-08-29 20:02:12.066298
sz.300979,2025-08-29,2025-09-05,0.0830078125,2025-08-29 20:02:12.066298
sz.300999,2025-08-25,2025-09-01,0.268798828125,2025-08-29 20:02:12.066298
sz.300999,2025-08-26,2025-09-02,0.2144775390625,2025-08-29 20:02:12.066298
sz.300999,2025-08-26,2025-09-02,0.21435546875,2025-08-29 20:02:12.066298
sz.300999,2025-08-27,2025-09-03,0.139892578125,2025-08-29 20:02:12.066298
sz.300999,2025-08-27,2025-09-03,0.139892578125,2025-08-29 20:02:12.066298
sz.300999,2025-08-27,2025-09-03,0.1396484375,2025-08-29 20:02:12.066298
sz.300999,2025-08-28,2025-09-04,0.1845703125,2025-08-29 20:02:12.066298
sz.300999,2025-08-28,2025-09-04,0.18408203125,2025-08-29 20:02:12.066298
sz.300999,2025-08-28,2025-09-04,0.18408203125,2025-08-29 20:02:12.066298
sz.300999,2025-08-29,2025-09-05,0.1568603515625,2025-08-29 20:02:12.066298
sz.301236,2025-08-25,2025-09-01,0.1524658203125,2025-08-29 20:02:12.066298
sz.301236,2025-08-26,2025-09-02,0.1131591796875,2025-08-29 20:02:12.066298
sz.301236,2025-08-26,2025-09-02,0.1131591796875,2025-08-29 20:02:12.066298
sz.301236,2025-08-27,2025-09-03,0.1331787109375,2025-08-29 20:02:12.066298
sz.301236,2025-08-27,2025-09-03,0.1334228515625,2025-08-29 20:02:12.066298
sz.301236,2025-08-27,2025-09-03,0.133544921875,2025-08-29 20:02:12.066298
sz.301236,2025-08-28,2025-09-04,0.1812744140625,2025-08-29 20:02:12.066298
sz.301236,2025-08-28,2025-09-04,0.1815185546875,2025-08-29 20:02:12.066298
sz.301236,2025-08-28,2025-09-04,0.1820068359375,2025-08-29 20:02:12.066298
sz.301236,2025-08-29,2025-09-05,0.1456298828125,2025-08-29 20:02:12.066298
sz.301269,2025-08-25,2025-09-01,0.13916015625,2025-08-29 20:02:12.066298
sz.301269,2025-08-26,2025-09-02,0.114990234375,2025-08-29 20:02:12.066298
sz.301269,2025-08-26,2025-09-02,0.11474609375,2025-08-29 20:02:12.066298
sz.301269,2025-08-27,2025-09-03,0.085693359375,2025-08-29 20:02:12.066298
sz.301269,2025-08-27,2025-09-03,0.085693359375,2025-08-29 20:02:12.066298
sz.301269,2025-08-27,2025-09-03,0.085693359375,2025-08-29 20:02:12.066298
sz.301269,2025-08-28,2025-09-04,0.15771484375,2025-08-29 20:02:12.066298
sz.301269,2025-08-28,2025-09-04,0.1573486328125,2025-08-29 20:02:12.066298
sz.301269,2025-08-28,2025-09-04,0.15673828125,2025-08-29 20:02:12.066298
sz.301269,2025-08-29,2025-09-05,0.1427001953125,2025-08-29 20:02:12.066298
sz.302132,2025-08-25,2025-09-01,0.1358642578125,2025-08-29 20:02:12.066298
sz.302132,2025-08-26,2025-09-02,0.155517578125,2025-08-29 20:02:12.066298
sz.302132,2025-08-26,2025-09-02,0.155517578125,2025-08-29 20:02:12.066298
sz.302132,2025-08-27,2025-09-03,0.1629638671875,2025-08-29 20:02:12.066298
sz.302132,2025-08-27,2025-09-03,0.1630859375,2025-08-29 20:02:12.066298
sz.302132,2025-08-27,2025-09-03,0.1632080078125,2025-08-29 20:02:12.066298
sz.302132,2025-08-28,2025-09-04,0.1737060546875,2025-08-29 20:02:12.066298
sz.302132,2025-08-28,2025-09-04,0.1739501953125,2025-08-29 20:02:12.066298
sz.302132,2025-08-28,2025-09-04,0.1744384765625,2025-08-29 20:02:12.066298
sz.302132,2025-08-29,2025-09-05,0.1953125,2025-08-29 20:02:12.066298
