code,time,target,score,predcit_time
sh.600000,2025-09-15,2025-09-22,0.150390625,2025-09-17 20:02:30.138484
sh.600000,2025-09-16,2025-09-23,0.161376953125,2025-09-17 20:02:30.138484
sh.600000,2025-09-16,2025-09-23,0.1617431640625,2025-09-17 20:02:30.138484
sh.600000,2025-09-16,2025-09-23,0.1624755859375,2025-09-17 20:02:30.138484
sh.600000,2025-09-17,2025-09-24,0.1527099609375,2025-09-17 20:02:30.138484
sh.600009,2025-09-15,2025-09-22,0.09185791015625,2025-09-17 20:02:30.138484
sh.600009,2025-09-16,2025-09-23,0.10247802734375,2025-09-17 20:02:30.138484
sh.600009,2025-09-16,2025-09-23,0.10247802734375,2025-09-17 20:02:30.138484
sh.600009,2025-09-16,2025-09-23,0.102294921875,2025-09-17 20:02:30.138484
sh.600009,2025-09-17,2025-09-24,0.089111328125,2025-09-17 20:02:30.138484
sh.600010,2025-09-15,2025-09-22,0.1844482421875,2025-09-17 20:02:30.138484
sh.600010,2025-09-16,2025-09-23,0.2073974609375,2025-09-17 20:02:30.138484
sh.600010,2025-09-16,2025-09-23,0.2073974609375,2025-09-17 20:02:30.138484
sh.600010,2025-09-16,2025-09-23,0.207275390625,2025-09-17 20:02:30.138484
sh.600010,2025-09-17,2025-09-24,0.318603515625,2025-09-17 20:02:30.138484
sh.600011,2025-09-15,2025-09-22,0.1654052734375,2025-09-17 20:02:30.138484
sh.600011,2025-09-16,2025-09-23,0.156494140625,2025-09-17 20:02:30.138484
sh.600011,2025-09-16,2025-09-23,0.156494140625,2025-09-17 20:02:30.138484
sh.600011,2025-09-16,2025-09-23,0.1566162109375,2025-09-17 20:02:30.138484
sh.600011,2025-09-17,2025-09-24,0.1751708984375,2025-09-17 20:02:30.138484
sh.600015,2025-09-15,2025-09-22,0.20166015625,2025-09-17 20:02:30.138484
sh.600015,2025-09-16,2025-09-23,0.2315673828125,2025-09-17 20:02:30.138484
sh.600015,2025-09-16,2025-09-23,0.2325439453125,2025-09-17 20:02:30.138484
sh.600015,2025-09-16,2025-09-23,0.233154296875,2025-09-17 20:02:30.138484
sh.600015,2025-09-17,2025-09-24,0.41259765625,2025-09-17 20:02:30.138484
sh.600016,2025-09-15,2025-09-22,0.1478271484375,2025-09-17 20:02:30.138484
sh.600016,2025-09-16,2025-09-23,0.130859375,2025-09-17 20:02:30.138484
sh.600016,2025-09-16,2025-09-23,0.1434326171875,2025-09-17 20:02:30.138484
sh.600016,2025-09-16,2025-09-23,0.1439208984375,2025-09-17 20:02:30.138484
sh.600016,2025-09-17,2025-09-24,0.190673828125,2025-09-17 20:02:30.138484
sh.600018,2025-09-15,2025-09-22,0.097412109375,2025-09-17 20:02:30.138484
sh.600018,2025-09-16,2025-09-23,0.1171875,2025-09-17 20:02:30.138484
sh.600018,2025-09-16,2025-09-23,0.1171875,2025-09-17 20:02:30.138484
sh.600018,2025-09-16,2025-09-23,0.1171875,2025-09-17 20:02:30.138484
sh.600018,2025-09-17,2025-09-24,0.1314697265625,2025-09-17 20:02:30.138484
sh.600019,2025-09-15,2025-09-22,0.1524658203125,2025-09-17 20:02:30.138484
sh.600019,2025-09-16,2025-09-23,0.11859130859375,2025-09-17 20:02:30.138484
sh.600019,2025-09-16,2025-09-23,0.1187744140625,2025-09-17 20:02:30.138484
sh.600019,2025-09-16,2025-09-23,0.1190185546875,2025-09-17 20:02:30.138484
sh.600019,2025-09-17,2025-09-24,0.093994140625,2025-09-17 20:02:30.138484
sh.600023,2025-09-15,2025-09-22,0.1328125,2025-09-17 20:02:30.138484
sh.600023,2025-09-16,2025-09-23,0.14013671875,2025-09-17 20:02:30.138484
sh.600023,2025-09-16,2025-09-23,0.1405029296875,2025-09-17 20:02:30.138484
sh.600023,2025-09-16,2025-09-23,0.1405029296875,2025-09-17 20:02:30.138484
sh.600023,2025-09-17,2025-09-24,0.10540771484375,2025-09-17 20:02:30.138484
sh.600025,2025-09-15,2025-09-22,0.165283203125,2025-09-17 20:02:30.138484
sh.600025,2025-09-16,2025-09-23,0.133544921875,2025-09-17 20:02:30.138484
sh.600025,2025-09-16,2025-09-23,0.1339111328125,2025-09-17 20:02:30.138484
sh.600025,2025-09-16,2025-09-23,0.13427734375,2025-09-17 20:02:30.138484
sh.600025,2025-09-17,2025-09-24,0.08465576171875,2025-09-17 20:02:30.138484
sh.600026,2025-09-15,2025-09-22,0.2119140625,2025-09-17 20:02:30.138484
sh.600026,2025-09-16,2025-09-23,0.1845703125,2025-09-17 20:02:30.138484
sh.600026,2025-09-16,2025-09-23,0.1845703125,2025-09-17 20:02:30.138484
sh.600026,2025-09-16,2025-09-23,0.184814453125,2025-09-17 20:02:30.138484
sh.600026,2025-09-17,2025-09-24,0.222900390625,2025-09-17 20:02:30.138484
sh.600027,2025-09-15,2025-09-22,0.1259765625,2025-09-17 20:02:30.138484
sh.600027,2025-09-16,2025-09-23,0.1337890625,2025-09-17 20:02:30.138484
sh.600027,2025-09-16,2025-09-23,0.1339111328125,2025-09-17 20:02:30.138484
sh.600027,2025-09-16,2025-09-23,0.134033203125,2025-09-17 20:02:30.138484
sh.600027,2025-09-17,2025-09-24,0.144775390625,2025-09-17 20:02:30.138484
sh.600028,2025-09-15,2025-09-22,0.12322998046875,2025-09-17 20:02:30.138484
sh.600028,2025-09-16,2025-09-23,0.12939453125,2025-09-17 20:02:30.138484
sh.600028,2025-09-16,2025-09-23,0.129638671875,2025-09-17 20:02:30.138484
sh.600028,2025-09-16,2025-09-23,0.1297607421875,2025-09-17 20:02:30.138484
sh.600028,2025-09-17,2025-09-24,0.153076171875,2025-09-17 20:02:30.138484
sh.600029,2025-09-15,2025-09-22,0.11419677734375,2025-09-17 20:02:30.138484
sh.600029,2025-09-16,2025-09-23,0.09979248046875,2025-09-17 20:02:30.138484
sh.600029,2025-09-16,2025-09-23,0.0999755859375,2025-09-17 20:02:30.138484
sh.600029,2025-09-16,2025-09-23,0.0999755859375,2025-09-17 20:02:30.138484
sh.600029,2025-09-17,2025-09-24,0.165283203125,2025-09-17 20:02:30.138484
sh.600030,2025-09-15,2025-09-22,0.1439208984375,2025-09-17 20:02:30.138484
sh.600030,2025-09-16,2025-09-23,0.1441650390625,2025-09-17 20:02:30.138484
sh.600030,2025-09-16,2025-09-23,0.144775390625,2025-09-17 20:02:30.138484
sh.600030,2025-09-16,2025-09-23,0.1453857421875,2025-09-17 20:02:30.138484
sh.600030,2025-09-17,2025-09-24,0.149658203125,2025-09-17 20:02:30.138484
sh.600031,2025-09-15,2025-09-22,0.1448974609375,2025-09-17 20:02:30.138484
sh.600031,2025-09-16,2025-09-23,0.1744384765625,2025-09-17 20:02:30.138484
sh.600031,2025-09-16,2025-09-23,0.1749267578125,2025-09-17 20:02:30.138484
sh.600031,2025-09-16,2025-09-23,0.1754150390625,2025-09-17 20:02:30.138484
sh.600031,2025-09-17,2025-09-24,0.229736328125,2025-09-17 20:02:30.138484
sh.600036,2025-09-15,2025-09-22,0.1175537109375,2025-09-17 20:02:30.138484
sh.600036,2025-09-16,2025-09-23,0.132568359375,2025-09-17 20:02:30.138484
sh.600036,2025-09-16,2025-09-23,0.1328125,2025-09-17 20:02:30.138484
sh.600036,2025-09-16,2025-09-23,0.133056640625,2025-09-17 20:02:30.138484
sh.600036,2025-09-17,2025-09-24,0.1187744140625,2025-09-17 20:02:30.138484
sh.600039,2025-09-15,2025-09-22,0.1171875,2025-09-17 20:02:30.138484
sh.600039,2025-09-16,2025-09-23,0.08868408203125,2025-09-17 20:02:30.138484
sh.600039,2025-09-16,2025-09-23,0.0889892578125,2025-09-17 20:02:30.138484
sh.600039,2025-09-16,2025-09-23,0.089599609375,2025-09-17 20:02:30.138484
sh.600039,2025-09-17,2025-09-24,0.07147216796875,2025-09-17 20:02:30.138484
sh.600048,2025-09-15,2025-09-22,0.1346435546875,2025-09-17 20:02:30.138484
sh.600048,2025-09-16,2025-09-23,0.08831787109375,2025-09-17 20:02:30.138484
sh.600048,2025-09-16,2025-09-23,0.08831787109375,2025-09-17 20:02:30.138484
sh.600048,2025-09-16,2025-09-23,0.08831787109375,2025-09-17 20:02:30.138484
sh.600048,2025-09-17,2025-09-24,0.091064453125,2025-09-17 20:02:30.138484
sh.600050,2025-09-15,2025-09-22,0.1456298828125,2025-09-17 20:02:30.138484
sh.600050,2025-09-16,2025-09-23,0.145263671875,2025-09-17 20:02:30.138484
sh.600050,2025-09-16,2025-09-23,0.1453857421875,2025-09-17 20:02:30.138484
sh.600050,2025-09-16,2025-09-23,0.145751953125,2025-09-17 20:02:30.138484
sh.600050,2025-09-17,2025-09-24,0.09600830078125,2025-09-17 20:02:30.138484
sh.600061,2025-09-15,2025-09-22,0.16259765625,2025-09-17 20:02:30.138484
sh.600061,2025-09-16,2025-09-23,0.165771484375,2025-09-17 20:02:30.138484
sh.600061,2025-09-16,2025-09-23,0.1658935546875,2025-09-17 20:02:30.138484
sh.600061,2025-09-16,2025-09-23,0.1666259765625,2025-09-17 20:02:30.138484
sh.600061,2025-09-17,2025-09-24,0.160400390625,2025-09-17 20:02:30.138484
sh.600066,2025-09-15,2025-09-22,0.16259765625,2025-09-17 20:02:30.138484
sh.600066,2025-09-16,2025-09-23,0.1761474609375,2025-09-17 20:02:30.138484
sh.600066,2025-09-16,2025-09-23,0.176513671875,2025-09-17 20:02:30.138484
sh.600066,2025-09-16,2025-09-23,0.1773681640625,2025-09-17 20:02:30.138484
sh.600066,2025-09-17,2025-09-24,0.1710205078125,2025-09-17 20:02:30.138484
sh.600085,2025-09-15,2025-09-22,0.234619140625,2025-09-17 20:02:30.138484
sh.600085,2025-09-16,2025-09-23,0.3251953125,2025-09-17 20:02:30.138484
sh.600085,2025-09-16,2025-09-23,0.324951171875,2025-09-17 20:02:30.138484
sh.600085,2025-09-16,2025-09-23,0.325439453125,2025-09-17 20:02:30.138484
sh.600085,2025-09-17,2025-09-24,0.38330078125,2025-09-17 20:02:30.138484
sh.600089,2025-09-15,2025-09-22,0.2247314453125,2025-09-17 20:02:30.138484
sh.600089,2025-09-16,2025-09-23,0.1820068359375,2025-09-17 20:02:30.138484
sh.600089,2025-09-16,2025-09-23,0.1820068359375,2025-09-17 20:02:30.138484
sh.600089,2025-09-16,2025-09-23,0.18212890625,2025-09-17 20:02:30.138484
sh.600089,2025-09-17,2025-09-24,0.224609375,2025-09-17 20:02:30.138484
sh.600104,2025-09-15,2025-09-22,0.223388671875,2025-09-17 20:02:30.138484
sh.600104,2025-09-16,2025-09-23,0.1199951171875,2025-09-17 20:02:30.138484
sh.600104,2025-09-16,2025-09-23,0.1202392578125,2025-09-17 20:02:30.138484
sh.600104,2025-09-16,2025-09-23,0.1207275390625,2025-09-17 20:02:30.138484
sh.600104,2025-09-17,2025-09-24,0.1478271484375,2025-09-17 20:02:30.138484
sh.600111,2025-09-15,2025-09-22,0.2276611328125,2025-09-17 20:02:30.138484
sh.600111,2025-09-16,2025-09-23,0.2039794921875,2025-09-17 20:02:30.138484
sh.600111,2025-09-16,2025-09-23,0.2034912109375,2025-09-17 20:02:30.138484
sh.600111,2025-09-16,2025-09-23,0.204345703125,2025-09-17 20:02:30.138484
sh.600111,2025-09-17,2025-09-24,0.31787109375,2025-09-17 20:02:30.138484
sh.600115,2025-09-15,2025-09-22,0.09930419921875,2025-09-17 20:02:30.138484
sh.600115,2025-09-16,2025-09-23,0.0823974609375,2025-09-17 20:02:30.138484
sh.600115,2025-09-16,2025-09-23,0.08251953125,2025-09-17 20:02:30.138484
sh.600115,2025-09-16,2025-09-23,0.08251953125,2025-09-17 20:02:30.138484
sh.600115,2025-09-17,2025-09-24,0.1446533203125,2025-09-17 20:02:30.138484
sh.600150,2025-09-15,2025-09-22,0.227783203125,2025-09-17 20:02:30.138484
sh.600150,2025-09-16,2025-09-23,0.1680908203125,2025-09-17 20:02:30.138484
sh.600150,2025-09-16,2025-09-23,0.168212890625,2025-09-17 20:02:30.138484
sh.600150,2025-09-16,2025-09-23,0.16845703125,2025-09-17 20:02:30.138484
sh.600150,2025-09-17,2025-09-24,0.1668701171875,2025-09-17 20:02:30.138484
sh.600160,2025-09-15,2025-09-22,0.24658203125,2025-09-17 20:02:30.138484
sh.600160,2025-09-16,2025-09-23,0.224365234375,2025-09-17 20:02:30.138484
sh.600160,2025-09-16,2025-09-23,0.224853515625,2025-09-17 20:02:30.138484
sh.600160,2025-09-16,2025-09-23,0.224853515625,2025-09-17 20:02:30.138484
sh.600160,2025-09-17,2025-09-24,0.248291015625,2025-09-17 20:02:30.138484
sh.600161,2025-09-15,2025-09-22,0.1407470703125,2025-09-17 20:02:30.138484
sh.600161,2025-09-16,2025-09-23,0.12261962890625,2025-09-17 20:02:30.138484
sh.600161,2025-09-16,2025-09-23,0.12274169921875,2025-09-17 20:02:30.138484
sh.600161,2025-09-16,2025-09-23,0.1229248046875,2025-09-17 20:02:30.138484
sh.600161,2025-09-17,2025-09-24,0.1578369140625,2025-09-17 20:02:30.138484
sh.600176,2025-09-15,2025-09-22,0.24072265625,2025-09-17 20:02:30.138484
sh.600176,2025-09-16,2025-09-23,0.2362060546875,2025-09-17 20:02:30.138484
sh.600176,2025-09-16,2025-09-23,0.236572265625,2025-09-17 20:02:30.138484
sh.600176,2025-09-16,2025-09-23,0.2366943359375,2025-09-17 20:02:30.138484
sh.600176,2025-09-17,2025-09-24,0.236328125,2025-09-17 20:02:30.138484
sh.600183,2025-09-15,2025-09-22,0.25341796875,2025-09-17 20:02:30.138484
sh.600183,2025-09-16,2025-09-23,0.239501953125,2025-09-17 20:02:30.138484
sh.600183,2025-09-16,2025-09-23,0.2398681640625,2025-09-17 20:02:30.138484
sh.600183,2025-09-16,2025-09-23,0.2406005859375,2025-09-17 20:02:30.138484
sh.600183,2025-09-17,2025-09-24,0.2548828125,2025-09-17 20:02:30.138484
sh.600188,2025-09-15,2025-09-22,0.2083740234375,2025-09-17 20:02:30.138484
sh.600188,2025-09-16,2025-09-23,0.2425537109375,2025-09-17 20:02:30.138484
sh.600188,2025-09-16,2025-09-23,0.2149658203125,2025-09-17 20:02:30.138484
sh.600188,2025-09-16,2025-09-23,0.21484375,2025-09-17 20:02:30.138484
sh.600188,2025-09-17,2025-09-24,0.2410888671875,2025-09-17 20:02:30.138484
sh.600196,2025-09-15,2025-09-22,0.2352294921875,2025-09-17 20:02:30.138484
sh.600196,2025-09-16,2025-09-23,0.2734375,2025-09-17 20:02:30.138484
sh.600196,2025-09-16,2025-09-23,0.273193359375,2025-09-17 20:02:30.138484
sh.600196,2025-09-16,2025-09-23,0.273193359375,2025-09-17 20:02:30.138484
sh.600196,2025-09-17,2025-09-24,0.247314453125,2025-09-17 20:02:30.138484
sh.600219,2025-09-15,2025-09-22,0.144775390625,2025-09-17 20:02:30.138484
sh.600219,2025-09-16,2025-09-23,0.136962890625,2025-09-17 20:02:30.138484
sh.600219,2025-09-16,2025-09-23,0.136962890625,2025-09-17 20:02:30.138484
sh.600219,2025-09-16,2025-09-23,0.136962890625,2025-09-17 20:02:30.138484
sh.600219,2025-09-17,2025-09-24,0.187744140625,2025-09-17 20:02:30.138484
sh.600233,2025-09-15,2025-09-22,0.2252197265625,2025-09-17 20:02:30.138484
sh.600233,2025-09-16,2025-09-23,0.240234375,2025-09-17 20:02:30.138484
sh.600233,2025-09-16,2025-09-23,0.24072265625,2025-09-17 20:02:30.138484
sh.600233,2025-09-16,2025-09-23,0.2406005859375,2025-09-17 20:02:30.138484
sh.600233,2025-09-17,2025-09-24,0.26318359375,2025-09-17 20:02:30.138484
sh.600276,2025-09-15,2025-09-22,0.27392578125,2025-09-17 20:02:30.138484
sh.600276,2025-09-16,2025-09-23,0.32275390625,2025-09-17 20:02:30.138484
sh.600276,2025-09-16,2025-09-23,0.322998046875,2025-09-17 20:02:30.138484
sh.600276,2025-09-16,2025-09-23,0.322998046875,2025-09-17 20:02:30.138484
sh.600276,2025-09-17,2025-09-24,0.28369140625,2025-09-17 20:02:30.138484
sh.600309,2025-09-15,2025-09-22,0.182861328125,2025-09-17 20:02:30.138484
sh.600309,2025-09-16,2025-09-23,0.1700439453125,2025-09-17 20:02:30.138484
sh.600309,2025-09-16,2025-09-23,0.1700439453125,2025-09-17 20:02:30.138484
sh.600309,2025-09-16,2025-09-23,0.1700439453125,2025-09-17 20:02:30.138484
sh.600309,2025-09-17,2025-09-24,0.2418212890625,2025-09-17 20:02:30.138484
sh.600332,2025-09-15,2025-09-22,0.100341796875,2025-09-17 20:02:30.138484
sh.600332,2025-09-16,2025-09-23,0.1263427734375,2025-09-17 20:02:30.138484
sh.600332,2025-09-16,2025-09-23,0.1263427734375,2025-09-17 20:02:30.138484
sh.600332,2025-09-16,2025-09-23,0.1263427734375,2025-09-17 20:02:30.138484
sh.600332,2025-09-17,2025-09-24,0.184326171875,2025-09-17 20:02:30.138484
sh.600346,2025-09-15,2025-09-22,0.186279296875,2025-09-17 20:02:30.138484
sh.600346,2025-09-16,2025-09-23,0.1143798828125,2025-09-17 20:02:30.138484
sh.600346,2025-09-16,2025-09-23,0.1143798828125,2025-09-17 20:02:30.138484
sh.600346,2025-09-16,2025-09-23,0.11456298828125,2025-09-17 20:02:30.138484
sh.600346,2025-09-17,2025-09-24,0.20703125,2025-09-17 20:02:30.138484
sh.600362,2025-09-15,2025-09-22,0.257568359375,2025-09-17 20:02:30.138484
sh.600362,2025-09-16,2025-09-23,0.2156982421875,2025-09-17 20:02:30.138484
sh.600362,2025-09-16,2025-09-23,0.21630859375,2025-09-17 20:02:30.138484
sh.600362,2025-09-16,2025-09-23,0.216552734375,2025-09-17 20:02:30.138484
sh.600362,2025-09-17,2025-09-24,0.25341796875,2025-09-17 20:02:30.138484
sh.600372,2025-09-15,2025-09-22,0.1278076171875,2025-09-17 20:02:30.138484
sh.600372,2025-09-16,2025-09-23,0.12359619140625,2025-09-17 20:02:30.138484
sh.600372,2025-09-16,2025-09-23,0.12335205078125,2025-09-17 20:02:30.138484
sh.600372,2025-09-16,2025-09-23,0.1231689453125,2025-09-17 20:02:30.138484
sh.600372,2025-09-17,2025-09-24,0.10430908203125,2025-09-17 20:02:30.138484
sh.600377,2025-09-15,2025-09-22,0.50634765625,2025-09-17 20:02:30.138484
sh.600377,2025-09-16,2025-09-23,0.50732421875,2025-09-17 20:02:30.138484
sh.600377,2025-09-16,2025-09-23,0.5078125,2025-09-17 20:02:30.138484
sh.600377,2025-09-16,2025-09-23,0.50830078125,2025-09-17 20:02:30.138484
sh.600377,2025-09-17,2025-09-24,0.53369140625,2025-09-17 20:02:30.138484
sh.600406,2025-09-15,2025-09-22,0.08416748046875,2025-09-17 20:02:30.138484
sh.600406,2025-09-16,2025-09-23,0.1376953125,2025-09-17 20:02:30.138484
sh.600406,2025-09-16,2025-09-23,0.1378173828125,2025-09-17 20:02:30.138484
sh.600406,2025-09-16,2025-09-23,0.137939453125,2025-09-17 20:02:30.138484
sh.600406,2025-09-17,2025-09-24,0.29736328125,2025-09-17 20:02:30.138484
sh.600415,2025-09-15,2025-09-22,0.17529296875,2025-09-17 20:02:30.138484
sh.600415,2025-09-16,2025-09-23,0.1822509765625,2025-09-17 20:02:30.138484
sh.600415,2025-09-16,2025-09-23,0.18310546875,2025-09-17 20:02:30.138484
sh.600415,2025-09-16,2025-09-23,0.1837158203125,2025-09-17 20:02:30.138484
sh.600415,2025-09-17,2025-09-24,0.2060546875,2025-09-17 20:02:30.138484
sh.600426,2025-09-15,2025-09-22,0.2178955078125,2025-09-17 20:02:30.138484
sh.600426,2025-09-16,2025-09-23,0.15771484375,2025-09-17 20:02:30.138484
sh.600426,2025-09-16,2025-09-23,0.1578369140625,2025-09-17 20:02:30.138484
sh.600426,2025-09-16,2025-09-23,0.157958984375,2025-09-17 20:02:30.138484
sh.600426,2025-09-17,2025-09-24,0.251708984375,2025-09-17 20:02:30.138484
sh.600436,2025-09-15,2025-09-22,0.132080078125,2025-09-17 20:02:30.138484
sh.600436,2025-09-16,2025-09-23,0.11376953125,2025-09-17 20:02:30.138484
sh.600436,2025-09-16,2025-09-23,0.11376953125,2025-09-17 20:02:30.138484
sh.600436,2025-09-16,2025-09-23,0.11376953125,2025-09-17 20:02:30.138484
sh.600436,2025-09-17,2025-09-24,0.09332275390625,2025-09-17 20:02:30.138484
sh.600438,2025-09-15,2025-09-22,0.1826171875,2025-09-17 20:02:30.138484
sh.600438,2025-09-16,2025-09-23,0.15087890625,2025-09-17 20:02:30.138484
sh.600438,2025-09-16,2025-09-23,0.1510009765625,2025-09-17 20:02:30.138484
sh.600438,2025-09-16,2025-09-23,0.15087890625,2025-09-17 20:02:30.138484
sh.600438,2025-09-17,2025-09-24,0.2257080078125,2025-09-17 20:02:30.138484
sh.600460,2025-09-15,2025-09-22,0.1474609375,2025-09-17 20:02:30.138484
sh.600460,2025-09-16,2025-09-23,0.228515625,2025-09-17 20:02:30.138484
sh.600460,2025-09-16,2025-09-23,0.228515625,2025-09-17 20:02:30.138484
sh.600460,2025-09-16,2025-09-23,0.2281494140625,2025-09-17 20:02:30.138484
sh.600460,2025-09-17,2025-09-24,0.19775390625,2025-09-17 20:02:30.138484
sh.600482,2025-09-15,2025-09-22,0.1104736328125,2025-09-17 20:02:30.138484
sh.600482,2025-09-16,2025-09-23,0.1407470703125,2025-09-17 20:02:30.138484
sh.600482,2025-09-16,2025-09-23,0.140869140625,2025-09-17 20:02:30.138484
sh.600482,2025-09-16,2025-09-23,0.1409912109375,2025-09-17 20:02:30.138484
sh.600482,2025-09-17,2025-09-24,0.13134765625,2025-09-17 20:02:30.138484
sh.600489,2025-09-15,2025-09-22,0.293701171875,2025-09-17 20:02:30.138484
sh.600489,2025-09-16,2025-09-23,0.27099609375,2025-09-17 20:02:30.138484
sh.600489,2025-09-16,2025-09-23,0.271484375,2025-09-17 20:02:30.138484
sh.600489,2025-09-16,2025-09-23,0.271728515625,2025-09-17 20:02:30.138484
sh.600489,2025-09-17,2025-09-24,0.26318359375,2025-09-17 20:02:30.138484
sh.600515,2025-09-15,2025-09-22,0.1519775390625,2025-09-17 20:02:30.138484
sh.600515,2025-09-16,2025-09-23,0.250244140625,2025-09-17 20:02:30.138484
sh.600515,2025-09-16,2025-09-23,0.250244140625,2025-09-17 20:02:30.138484
sh.600515,2025-09-16,2025-09-23,0.249755859375,2025-09-17 20:02:30.138484
sh.600515,2025-09-17,2025-09-24,0.285888671875,2025-09-17 20:02:30.138484
sh.600519,2025-09-15,2025-09-22,0.1981201171875,2025-09-17 20:02:30.138484
sh.600519,2025-09-16,2025-09-23,0.132568359375,2025-09-17 20:02:30.138484
sh.600519,2025-09-16,2025-09-23,0.1328125,2025-09-17 20:02:30.138484
sh.600519,2025-09-16,2025-09-23,0.1328125,2025-09-17 20:02:30.138484
sh.600519,2025-09-17,2025-09-24,0.12188720703125,2025-09-17 20:02:30.138484
sh.600547,2025-09-15,2025-09-22,0.234619140625,2025-09-17 20:02:30.138484
sh.600547,2025-09-16,2025-09-23,0.1983642578125,2025-09-17 20:02:30.138484
sh.600547,2025-09-16,2025-09-23,0.19873046875,2025-09-17 20:02:30.138484
sh.600547,2025-09-16,2025-09-23,0.198974609375,2025-09-17 20:02:30.138484
sh.600547,2025-09-17,2025-09-24,0.2447509765625,2025-09-17 20:02:30.138484
sh.600570,2025-09-15,2025-09-22,0.1807861328125,2025-09-17 20:02:30.138484
sh.600570,2025-09-16,2025-09-23,0.2213134765625,2025-09-17 20:02:30.138484
sh.600570,2025-09-16,2025-09-23,0.2208251953125,2025-09-17 20:02:30.138484
sh.600570,2025-09-16,2025-09-23,0.219970703125,2025-09-17 20:02:30.138484
sh.600570,2025-09-17,2025-09-24,0.2144775390625,2025-09-17 20:02:30.138484
sh.600584,2025-09-15,2025-09-22,0.1546630859375,2025-09-17 20:02:30.138484
sh.600584,2025-09-16,2025-09-23,0.21533203125,2025-09-17 20:02:30.138484
sh.600584,2025-09-16,2025-09-23,0.21533203125,2025-09-17 20:02:30.138484
sh.600584,2025-09-16,2025-09-23,0.2152099609375,2025-09-17 20:02:30.138484
sh.600584,2025-09-17,2025-09-24,0.224853515625,2025-09-17 20:02:30.138484
sh.600585,2025-09-15,2025-09-22,0.1259765625,2025-09-17 20:02:30.138484
sh.600585,2025-09-16,2025-09-23,0.12939453125,2025-09-17 20:02:30.138484
sh.600585,2025-09-16,2025-09-23,0.1292724609375,2025-09-17 20:02:30.138484
sh.600585,2025-09-16,2025-09-23,0.1292724609375,2025-09-17 20:02:30.138484
sh.600585,2025-09-17,2025-09-24,0.1597900390625,2025-09-17 20:02:30.138484
sh.600588,2025-09-15,2025-09-22,0.1474609375,2025-09-17 20:02:30.138484
sh.600588,2025-09-16,2025-09-23,0.12322998046875,2025-09-17 20:02:30.138484
sh.600588,2025-09-16,2025-09-23,0.12335205078125,2025-09-17 20:02:30.138484
sh.600588,2025-09-16,2025-09-23,0.12335205078125,2025-09-17 20:02:30.138484
sh.600588,2025-09-17,2025-09-24,0.18994140625,2025-09-17 20:02:30.138484
sh.600600,2025-09-15,2025-09-22,0.1474609375,2025-09-17 20:02:30.138484
sh.600600,2025-09-16,2025-09-23,0.125732421875,2025-09-17 20:02:30.138484
sh.600600,2025-09-16,2025-09-23,0.1256103515625,2025-09-17 20:02:30.138484
sh.600600,2025-09-16,2025-09-23,0.125732421875,2025-09-17 20:02:30.138484
sh.600600,2025-09-17,2025-09-24,0.1343994140625,2025-09-17 20:02:30.138484
sh.600660,2025-09-15,2025-09-22,0.320068359375,2025-09-17 20:02:30.138484
sh.600660,2025-09-16,2025-09-23,0.332275390625,2025-09-17 20:02:30.138484
sh.600660,2025-09-16,2025-09-23,0.332763671875,2025-09-17 20:02:30.138484
sh.600660,2025-09-16,2025-09-23,0.33349609375,2025-09-17 20:02:30.138484
sh.600660,2025-09-17,2025-09-24,0.31201171875,2025-09-17 20:02:30.138484
sh.600674,2025-09-15,2025-09-22,0.413818359375,2025-09-17 20:02:30.138484
sh.600674,2025-09-16,2025-09-23,0.479248046875,2025-09-17 20:02:30.138484
sh.600674,2025-09-16,2025-09-23,0.4794921875,2025-09-17 20:02:30.138484
sh.600674,2025-09-16,2025-09-23,0.479248046875,2025-09-17 20:02:30.138484
sh.600674,2025-09-17,2025-09-24,0.52197265625,2025-09-17 20:02:30.138484
sh.600690,2025-09-15,2025-09-22,0.1644287109375,2025-09-17 20:02:30.138484
sh.600690,2025-09-16,2025-09-23,0.1634521484375,2025-09-17 20:02:30.138484
sh.600690,2025-09-16,2025-09-23,0.1636962890625,2025-09-17 20:02:30.138484
sh.600690,2025-09-16,2025-09-23,0.163818359375,2025-09-17 20:02:30.138484
sh.600690,2025-09-17,2025-09-24,0.2281494140625,2025-09-17 20:02:30.138484
sh.600741,2025-09-15,2025-09-22,0.1868896484375,2025-09-17 20:02:30.138484
sh.600741,2025-09-16,2025-09-23,0.17529296875,2025-09-17 20:02:30.138484
sh.600741,2025-09-16,2025-09-23,0.1756591796875,2025-09-17 20:02:30.138484
sh.600741,2025-09-16,2025-09-23,0.1759033203125,2025-09-17 20:02:30.138484
sh.600741,2025-09-17,2025-09-24,0.271240234375,2025-09-17 20:02:30.138484
sh.600760,2025-09-15,2025-09-22,0.184326171875,2025-09-17 20:02:30.138484
sh.600760,2025-09-16,2025-09-23,0.1868896484375,2025-09-17 20:02:30.138484
sh.600760,2025-09-16,2025-09-23,0.187255859375,2025-09-17 20:02:30.138484
sh.600760,2025-09-16,2025-09-23,0.1878662109375,2025-09-17 20:02:30.138484
sh.600760,2025-09-17,2025-09-24,0.288330078125,2025-09-17 20:02:30.138484
sh.600795,2025-09-15,2025-09-22,0.1669921875,2025-09-17 20:02:30.138484
sh.600795,2025-09-16,2025-09-23,0.2568359375,2025-09-17 20:02:30.138484
sh.600795,2025-09-16,2025-09-23,0.25732421875,2025-09-17 20:02:30.138484
sh.600795,2025-09-16,2025-09-23,0.25732421875,2025-09-17 20:02:30.138484
sh.600795,2025-09-17,2025-09-24,0.2379150390625,2025-09-17 20:02:30.138484
sh.600803,2025-09-15,2025-09-22,0.1318359375,2025-09-17 20:02:30.138484
sh.600803,2025-09-16,2025-09-23,0.11920166015625,2025-09-17 20:02:30.138484
sh.600803,2025-09-16,2025-09-23,0.11920166015625,2025-09-17 20:02:30.138484
sh.600803,2025-09-16,2025-09-23,0.1195068359375,2025-09-17 20:02:30.138484
sh.600803,2025-09-17,2025-09-24,0.13427734375,2025-09-17 20:02:30.138484
sh.600809,2025-09-15,2025-09-22,0.1639404296875,2025-09-17 20:02:30.138484
sh.600809,2025-09-16,2025-09-23,0.2607421875,2025-09-17 20:02:30.138484
sh.600809,2025-09-16,2025-09-23,0.260498046875,2025-09-17 20:02:30.138484
sh.600809,2025-09-16,2025-09-23,0.260498046875,2025-09-17 20:02:30.138484
sh.600809,2025-09-17,2025-09-24,0.1505126953125,2025-09-17 20:02:30.138484
sh.600845,2025-09-15,2025-09-22,0.140625,2025-09-17 20:02:30.138484
sh.600845,2025-09-16,2025-09-23,0.1370849609375,2025-09-17 20:02:30.138484
sh.600845,2025-09-16,2025-09-23,0.137451171875,2025-09-17 20:02:30.138484
sh.600845,2025-09-16,2025-09-23,0.137451171875,2025-09-17 20:02:30.138484
sh.600845,2025-09-17,2025-09-24,0.1568603515625,2025-09-17 20:02:30.138484
sh.600875,2025-09-15,2025-09-22,0.205078125,2025-09-17 20:02:30.138484
sh.600875,2025-09-16,2025-09-23,0.159423828125,2025-09-17 20:02:30.138484
sh.600875,2025-09-16,2025-09-23,0.159423828125,2025-09-17 20:02:30.138484
sh.600875,2025-09-16,2025-09-23,0.1593017578125,2025-09-17 20:02:30.138484
sh.600875,2025-09-17,2025-09-24,0.27099609375,2025-09-17 20:02:30.138484
sh.600886,2025-09-15,2025-09-22,0.304443359375,2025-09-17 20:02:30.138484
sh.600886,2025-09-16,2025-09-23,0.382568359375,2025-09-17 20:02:30.138484
sh.600886,2025-09-16,2025-09-23,0.382568359375,2025-09-17 20:02:30.138484
sh.600886,2025-09-16,2025-09-23,0.383056640625,2025-09-17 20:02:30.138484
sh.600886,2025-09-17,2025-09-24,0.5302734375,2025-09-17 20:02:30.138484
sh.600887,2025-09-15,2025-09-22,0.08648681640625,2025-09-17 20:02:30.138484
sh.600887,2025-09-16,2025-09-23,0.122314453125,2025-09-17 20:02:30.138484
sh.600887,2025-09-16,2025-09-23,0.1221923828125,2025-09-17 20:02:30.138484
sh.600887,2025-09-16,2025-09-23,0.12213134765625,2025-09-17 20:02:30.138484
sh.600887,2025-09-17,2025-09-24,0.09893798828125,2025-09-17 20:02:30.138484
sh.600893,2025-09-15,2025-09-22,0.11962890625,2025-09-17 20:02:30.138484
sh.600893,2025-09-16,2025-09-23,0.134033203125,2025-09-17 20:02:30.138484
sh.600893,2025-09-16,2025-09-23,0.1339111328125,2025-09-17 20:02:30.138484
sh.600893,2025-09-16,2025-09-23,0.134033203125,2025-09-17 20:02:30.138484
sh.600893,2025-09-17,2025-09-24,0.138671875,2025-09-17 20:02:30.138484
sh.600900,2025-09-15,2025-09-22,0.260498046875,2025-09-17 20:02:30.138484
sh.600900,2025-09-16,2025-09-23,0.30859375,2025-09-17 20:02:30.138484
sh.600900,2025-09-16,2025-09-23,0.31005859375,2025-09-17 20:02:30.138484
sh.600900,2025-09-16,2025-09-23,0.310546875,2025-09-17 20:02:30.138484
sh.600900,2025-09-17,2025-09-24,0.326904296875,2025-09-17 20:02:30.138484
sh.600905,2025-09-15,2025-09-22,0.09857177734375,2025-09-17 20:02:30.138484
sh.600905,2025-09-16,2025-09-23,0.11737060546875,2025-09-17 20:02:30.138484
sh.600905,2025-09-16,2025-09-23,0.1171875,2025-09-17 20:02:30.138484
sh.600905,2025-09-16,2025-09-23,0.116943359375,2025-09-17 20:02:30.138484
sh.600905,2025-09-17,2025-09-24,0.09222412109375,2025-09-17 20:02:30.138484
sh.600918,2025-09-15,2025-09-22,0.1195068359375,2025-09-17 20:02:30.138484
sh.600918,2025-09-16,2025-09-23,0.12286376953125,2025-09-17 20:02:30.138484
sh.600918,2025-09-16,2025-09-23,0.12274169921875,2025-09-17 20:02:30.138484
sh.600918,2025-09-16,2025-09-23,0.123046875,2025-09-17 20:02:30.138484
sh.600918,2025-09-17,2025-09-24,0.10430908203125,2025-09-17 20:02:30.138484
sh.600919,2025-09-15,2025-09-22,0.1923828125,2025-09-17 20:02:30.138484
sh.600919,2025-09-16,2025-09-23,0.2467041015625,2025-09-17 20:02:30.138484
sh.600919,2025-09-16,2025-09-23,0.248291015625,2025-09-17 20:02:30.138484
sh.600919,2025-09-16,2025-09-23,0.2476806640625,2025-09-17 20:02:30.138484
sh.600919,2025-09-17,2025-09-24,0.290771484375,2025-09-17 20:02:30.138484
sh.600926,2025-09-15,2025-09-22,0.11859130859375,2025-09-17 20:02:30.138484
sh.600926,2025-09-16,2025-09-23,0.12841796875,2025-09-17 20:02:30.138484
sh.600926,2025-09-16,2025-09-23,0.1287841796875,2025-09-17 20:02:30.138484
sh.600926,2025-09-16,2025-09-23,0.1287841796875,2025-09-17 20:02:30.138484
sh.600926,2025-09-17,2025-09-24,0.13330078125,2025-09-17 20:02:30.138484
sh.600938,2025-09-15,2025-09-22,0.1827392578125,2025-09-17 20:02:30.138484
sh.600938,2025-09-16,2025-09-23,0.2216796875,2025-09-17 20:02:30.138484
sh.600938,2025-09-16,2025-09-23,0.2225341796875,2025-09-17 20:02:30.138484
sh.600938,2025-09-16,2025-09-23,0.2235107421875,2025-09-17 20:02:30.138484
sh.600938,2025-09-17,2025-09-24,0.218994140625,2025-09-17 20:02:30.138484
sh.600941,2025-09-15,2025-09-22,0.15869140625,2025-09-17 20:02:30.138484
sh.600941,2025-09-16,2025-09-23,0.11737060546875,2025-09-17 20:02:30.138484
sh.600941,2025-09-16,2025-09-23,0.1177978515625,2025-09-17 20:02:30.138484
sh.600941,2025-09-16,2025-09-23,0.1181640625,2025-09-17 20:02:30.138484
sh.600941,2025-09-17,2025-09-24,0.12213134765625,2025-09-17 20:02:30.138484
sh.600958,2025-09-15,2025-09-22,0.1551513671875,2025-09-17 20:02:30.138484
sh.600958,2025-09-16,2025-09-23,0.141357421875,2025-09-17 20:02:30.138484
sh.600958,2025-09-16,2025-09-23,0.1414794921875,2025-09-17 20:02:30.138484
sh.600958,2025-09-16,2025-09-23,0.1417236328125,2025-09-17 20:02:30.138484
sh.600958,2025-09-17,2025-09-24,0.1806640625,2025-09-17 20:02:30.138484
sh.600989,2025-09-15,2025-09-22,0.1915283203125,2025-09-17 20:02:30.138484
sh.600989,2025-09-16,2025-09-23,0.1480712890625,2025-09-17 20:02:30.138484
sh.600989,2025-09-16,2025-09-23,0.1483154296875,2025-09-17 20:02:30.138484
sh.600989,2025-09-16,2025-09-23,0.1485595703125,2025-09-17 20:02:30.138484
sh.600989,2025-09-17,2025-09-24,0.14697265625,2025-09-17 20:02:30.138484
sh.600999,2025-09-15,2025-09-22,0.1444091796875,2025-09-17 20:02:30.138484
sh.600999,2025-09-16,2025-09-23,0.14111328125,2025-09-17 20:02:30.138484
sh.600999,2025-09-16,2025-09-23,0.1414794921875,2025-09-17 20:02:30.138484
sh.600999,2025-09-16,2025-09-23,0.141845703125,2025-09-17 20:02:30.138484
sh.600999,2025-09-17,2025-09-24,0.1488037109375,2025-09-17 20:02:30.138484
sh.601006,2025-09-15,2025-09-22,0.53271484375,2025-09-17 20:02:30.138484
sh.601006,2025-09-16,2025-09-23,0.5400390625,2025-09-17 20:02:30.138484
sh.601006,2025-09-16,2025-09-23,0.5400390625,2025-09-17 20:02:30.138484
sh.601006,2025-09-16,2025-09-23,0.5400390625,2025-09-17 20:02:30.138484
sh.601006,2025-09-17,2025-09-24,0.453857421875,2025-09-17 20:02:30.138484
sh.601009,2025-09-15,2025-09-22,0.103759765625,2025-09-17 20:02:30.138484
sh.601009,2025-09-16,2025-09-23,0.125732421875,2025-09-17 20:02:30.138484
sh.601009,2025-09-16,2025-09-23,0.1256103515625,2025-09-17 20:02:30.138484
sh.601009,2025-09-16,2025-09-23,0.125732421875,2025-09-17 20:02:30.138484
sh.601009,2025-09-17,2025-09-24,0.1302490234375,2025-09-17 20:02:30.138484
sh.601012,2025-09-15,2025-09-22,0.1357421875,2025-09-17 20:02:30.138484
sh.601012,2025-09-16,2025-09-23,0.125732421875,2025-09-17 20:02:30.138484
sh.601012,2025-09-16,2025-09-23,0.125732421875,2025-09-17 20:02:30.138484
sh.601012,2025-09-16,2025-09-23,0.125732421875,2025-09-17 20:02:30.138484
sh.601012,2025-09-17,2025-09-24,0.16357421875,2025-09-17 20:02:30.138484
sh.601021,2025-09-15,2025-09-22,0.1319580078125,2025-09-17 20:02:30.138484
sh.601021,2025-09-16,2025-09-23,0.08648681640625,2025-09-17 20:02:30.138484
sh.601021,2025-09-16,2025-09-23,0.08648681640625,2025-09-17 20:02:30.138484
sh.601021,2025-09-16,2025-09-23,0.0863037109375,2025-09-17 20:02:30.138484
sh.601021,2025-09-17,2025-09-24,0.06756591796875,2025-09-17 20:02:30.138484
sh.601058,2025-09-15,2025-09-22,0.23681640625,2025-09-17 20:02:30.138484
sh.601058,2025-09-16,2025-09-23,0.2022705078125,2025-09-17 20:02:30.138484
sh.601058,2025-09-16,2025-09-23,0.20263671875,2025-09-17 20:02:30.138484
sh.601058,2025-09-16,2025-09-23,0.202880859375,2025-09-17 20:02:30.138484
sh.601058,2025-09-17,2025-09-24,0.333740234375,2025-09-17 20:02:30.138484
sh.601066,2025-09-15,2025-09-22,0.0938720703125,2025-09-17 20:02:30.138484
sh.601066,2025-09-16,2025-09-23,0.08990478515625,2025-09-17 20:02:30.138484
sh.601066,2025-09-16,2025-09-23,0.08978271484375,2025-09-17 20:02:30.138484
sh.601066,2025-09-16,2025-09-23,0.08978271484375,2025-09-17 20:02:30.138484
sh.601066,2025-09-17,2025-09-24,0.0794677734375,2025-09-17 20:02:30.138484
sh.601077,2025-09-15,2025-09-22,0.1884765625,2025-09-17 20:02:30.138484
sh.601077,2025-09-16,2025-09-23,0.1434326171875,2025-09-17 20:02:30.138484
sh.601077,2025-09-16,2025-09-23,0.14501953125,2025-09-17 20:02:30.138484
sh.601077,2025-09-16,2025-09-23,0.14599609375,2025-09-17 20:02:30.138484
sh.601077,2025-09-17,2025-09-24,0.2303466796875,2025-09-17 20:02:30.138484
sh.601088,2025-09-15,2025-09-22,0.1951904296875,2025-09-17 20:02:30.138484
sh.601088,2025-09-16,2025-09-23,0.10650634765625,2025-09-17 20:02:30.138484
sh.601088,2025-09-16,2025-09-23,0.10687255859375,2025-09-17 20:02:30.138484
sh.601088,2025-09-16,2025-09-23,0.107421875,2025-09-17 20:02:30.138484
sh.601088,2025-09-17,2025-09-24,0.1693115234375,2025-09-17 20:02:30.138484
sh.601100,2025-09-15,2025-09-22,0.207275390625,2025-09-17 20:02:30.138484
sh.601100,2025-09-16,2025-09-23,0.1689453125,2025-09-17 20:02:30.138484
sh.601100,2025-09-16,2025-09-23,0.1689453125,2025-09-17 20:02:30.138484
sh.601100,2025-09-16,2025-09-23,0.1693115234375,2025-09-17 20:02:30.138484
sh.601100,2025-09-17,2025-09-24,0.2763671875,2025-09-17 20:02:30.138484
sh.601111,2025-09-15,2025-09-22,0.09967041015625,2025-09-17 20:02:30.138484
sh.601111,2025-09-16,2025-09-23,0.1334228515625,2025-09-17 20:02:30.138484
sh.601111,2025-09-16,2025-09-23,0.1331787109375,2025-09-17 20:02:30.138484
sh.601111,2025-09-16,2025-09-23,0.13330078125,2025-09-17 20:02:30.138484
sh.601111,2025-09-17,2025-09-24,0.2032470703125,2025-09-17 20:02:30.138484
sh.601117,2025-09-15,2025-09-22,0.1094970703125,2025-09-17 20:02:30.138484
sh.601117,2025-09-16,2025-09-23,0.11126708984375,2025-09-17 20:02:30.138484
sh.601117,2025-09-16,2025-09-23,0.11126708984375,2025-09-17 20:02:30.138484
sh.601117,2025-09-16,2025-09-23,0.11126708984375,2025-09-17 20:02:30.138484
sh.601117,2025-09-17,2025-09-24,0.09088134765625,2025-09-17 20:02:30.138484
sh.601127,2025-09-15,2025-09-22,0.13623046875,2025-09-17 20:02:30.138484
sh.601127,2025-09-16,2025-09-23,0.1676025390625,2025-09-17 20:02:30.138484
sh.601127,2025-09-16,2025-09-23,0.1680908203125,2025-09-17 20:02:30.138484
sh.601127,2025-09-16,2025-09-23,0.16845703125,2025-09-17 20:02:30.138484
sh.601127,2025-09-17,2025-09-24,0.1964111328125,2025-09-17 20:02:30.138484
sh.601138,2025-09-15,2025-09-22,0.1370849609375,2025-09-17 20:02:30.138484
sh.601138,2025-09-16,2025-09-23,0.1143798828125,2025-09-17 20:02:30.138484
sh.601138,2025-09-16,2025-09-23,0.11474609375,2025-09-17 20:02:30.138484
sh.601138,2025-09-16,2025-09-23,0.11578369140625,2025-09-17 20:02:30.138484
sh.601138,2025-09-17,2025-09-24,0.1041259765625,2025-09-17 20:02:30.138484
sh.601166,2025-09-15,2025-09-22,0.152099609375,2025-09-17 20:02:30.138484
sh.601166,2025-09-16,2025-09-23,0.1512451171875,2025-09-17 20:02:30.138484
sh.601166,2025-09-16,2025-09-23,0.1514892578125,2025-09-17 20:02:30.138484
sh.601166,2025-09-16,2025-09-23,0.1517333984375,2025-09-17 20:02:30.138484
sh.601166,2025-09-17,2025-09-24,0.1922607421875,2025-09-17 20:02:30.138484
sh.601169,2025-09-15,2025-09-22,0.19189453125,2025-09-17 20:02:30.138484
sh.601169,2025-09-16,2025-09-23,0.1995849609375,2025-09-17 20:02:30.138484
sh.601169,2025-09-16,2025-09-23,0.200439453125,2025-09-17 20:02:30.138484
sh.601169,2025-09-16,2025-09-23,0.2005615234375,2025-09-17 20:02:30.138484
sh.601169,2025-09-17,2025-09-24,0.382080078125,2025-09-17 20:02:30.138484
sh.601186,2025-09-15,2025-09-22,0.1558837890625,2025-09-17 20:02:30.138484
sh.601186,2025-09-16,2025-09-23,0.1929931640625,2025-09-17 20:02:30.138484
sh.601186,2025-09-16,2025-09-23,0.19287109375,2025-09-17 20:02:30.138484
sh.601186,2025-09-16,2025-09-23,0.1929931640625,2025-09-17 20:02:30.138484
sh.601186,2025-09-17,2025-09-24,0.180419921875,2025-09-17 20:02:30.138484
sh.601211,2025-09-15,2025-09-22,0.1282958984375,2025-09-17 20:02:30.138484
sh.601211,2025-09-16,2025-09-23,0.141845703125,2025-09-17 20:02:30.138484
sh.601211,2025-09-16,2025-09-23,0.14208984375,2025-09-17 20:02:30.138484
sh.601211,2025-09-16,2025-09-23,0.1424560546875,2025-09-17 20:02:30.138484
sh.601211,2025-09-17,2025-09-24,0.1409912109375,2025-09-17 20:02:30.138484
sh.601225,2025-09-15,2025-09-22,0.147216796875,2025-09-17 20:02:30.138484
sh.601225,2025-09-16,2025-09-23,0.1419677734375,2025-09-17 20:02:30.138484
sh.601225,2025-09-16,2025-09-23,0.1422119140625,2025-09-17 20:02:30.138484
sh.601225,2025-09-16,2025-09-23,0.1424560546875,2025-09-17 20:02:30.138484
sh.601225,2025-09-17,2025-09-24,0.1165771484375,2025-09-17 20:02:30.138484
sh.601229,2025-09-15,2025-09-22,0.495849609375,2025-09-17 20:02:30.138484
sh.601229,2025-09-16,2025-09-23,0.50634765625,2025-09-17 20:02:30.138484
sh.601229,2025-09-16,2025-09-23,0.50634765625,2025-09-17 20:02:30.138484
sh.601229,2025-09-16,2025-09-23,0.50634765625,2025-09-17 20:02:30.138484
sh.601229,2025-09-17,2025-09-24,0.53271484375,2025-09-17 20:02:30.138484
sh.601236,2025-09-15,2025-09-22,0.10107421875,2025-09-17 20:02:30.138484
sh.601236,2025-09-16,2025-09-23,0.09368896484375,2025-09-17 20:02:30.138484
sh.601236,2025-09-16,2025-09-23,0.093505859375,2025-09-17 20:02:30.138484
sh.601236,2025-09-16,2025-09-23,0.09332275390625,2025-09-17 20:02:30.138484
sh.601236,2025-09-17,2025-09-24,0.07977294921875,2025-09-17 20:02:30.138484
sh.601238,2025-09-15,2025-09-22,0.08868408203125,2025-09-17 20:02:30.138484
sh.601238,2025-09-16,2025-09-23,0.077392578125,2025-09-17 20:02:30.138484
sh.601238,2025-09-16,2025-09-23,0.077392578125,2025-09-17 20:02:30.138484
sh.601238,2025-09-16,2025-09-23,0.077392578125,2025-09-17 20:02:30.138484
sh.601238,2025-09-17,2025-09-24,0.1279296875,2025-09-17 20:02:30.138484
sh.601288,2025-09-15,2025-09-22,0.29296875,2025-09-17 20:02:30.138484
sh.601288,2025-09-16,2025-09-23,0.23974609375,2025-09-17 20:02:30.138484
sh.601288,2025-09-16,2025-09-23,0.241455078125,2025-09-17 20:02:30.138484
sh.601288,2025-09-16,2025-09-23,0.2421875,2025-09-17 20:02:30.138484
sh.601288,2025-09-17,2025-09-24,0.26953125,2025-09-17 20:02:30.138484
sh.601298,2025-09-15,2025-09-22,0.090576171875,2025-09-17 20:02:30.138484
sh.601298,2025-09-16,2025-09-23,0.25146484375,2025-09-17 20:02:30.138484
sh.601298,2025-09-16,2025-09-23,0.251220703125,2025-09-17 20:02:30.138484
sh.601298,2025-09-16,2025-09-23,0.249755859375,2025-09-17 20:02:30.138484
sh.601298,2025-09-17,2025-09-24,0.10467529296875,2025-09-17 20:02:30.138484
sh.601318,2025-09-15,2025-09-22,0.1580810546875,2025-09-17 20:02:30.138484
sh.601318,2025-09-16,2025-09-23,0.15673828125,2025-09-17 20:02:30.138484
sh.601318,2025-09-16,2025-09-23,0.1568603515625,2025-09-17 20:02:30.138484
sh.601318,2025-09-16,2025-09-23,0.1573486328125,2025-09-17 20:02:30.138484
sh.601318,2025-09-17,2025-09-24,0.1837158203125,2025-09-17 20:02:30.138484
sh.601319,2025-09-15,2025-09-22,0.1358642578125,2025-09-17 20:02:30.138484
sh.601319,2025-09-16,2025-09-23,0.1505126953125,2025-09-17 20:02:30.138484
sh.601319,2025-09-16,2025-09-23,0.1512451171875,2025-09-17 20:02:30.138484
sh.601319,2025-09-16,2025-09-23,0.1519775390625,2025-09-17 20:02:30.138484
sh.601319,2025-09-17,2025-09-24,0.170654296875,2025-09-17 20:02:30.138484
sh.601328,2025-09-15,2025-09-22,0.3837890625,2025-09-17 20:02:30.138484
sh.601328,2025-09-16,2025-09-23,0.405517578125,2025-09-17 20:02:30.138484
sh.601328,2025-09-16,2025-09-23,0.40625,2025-09-17 20:02:30.138484
sh.601328,2025-09-16,2025-09-23,0.40673828125,2025-09-17 20:02:30.138484
sh.601328,2025-09-17,2025-09-24,0.51025390625,2025-09-17 20:02:30.138484
sh.601336,2025-09-15,2025-09-22,0.1663818359375,2025-09-17 20:02:30.138484
sh.601336,2025-09-16,2025-09-23,0.1845703125,2025-09-17 20:02:30.138484
sh.601336,2025-09-16,2025-09-23,0.185302734375,2025-09-17 20:02:30.138484
sh.601336,2025-09-16,2025-09-23,0.1864013671875,2025-09-17 20:02:30.138484
sh.601336,2025-09-17,2025-09-24,0.1827392578125,2025-09-17 20:02:30.138484
sh.601360,2025-09-15,2025-09-22,0.1484375,2025-09-17 20:02:30.138484
sh.601360,2025-09-16,2025-09-23,0.2064208984375,2025-09-17 20:02:30.138484
sh.601360,2025-09-16,2025-09-23,0.2060546875,2025-09-17 20:02:30.138484
sh.601360,2025-09-16,2025-09-23,0.2064208984375,2025-09-17 20:02:30.138484
sh.601360,2025-09-17,2025-09-24,0.1781005859375,2025-09-17 20:02:30.138484
sh.601377,2025-09-15,2025-09-22,0.1461181640625,2025-09-17 20:02:30.138484
sh.601377,2025-09-16,2025-09-23,0.1644287109375,2025-09-17 20:02:30.138484
sh.601377,2025-09-16,2025-09-23,0.1644287109375,2025-09-17 20:02:30.138484
sh.601377,2025-09-16,2025-09-23,0.1650390625,2025-09-17 20:02:30.138484
sh.601377,2025-09-17,2025-09-24,0.2100830078125,2025-09-17 20:02:30.138484
sh.601390,2025-09-15,2025-09-22,0.11474609375,2025-09-17 20:02:30.138484
sh.601390,2025-09-16,2025-09-23,0.14013671875,2025-09-17 20:02:30.138484
sh.601390,2025-09-16,2025-09-23,0.140380859375,2025-09-17 20:02:30.138484
sh.601390,2025-09-16,2025-09-23,0.1405029296875,2025-09-17 20:02:30.138484
sh.601390,2025-09-17,2025-09-24,0.1356201171875,2025-09-17 20:02:30.138484
sh.601398,2025-09-15,2025-09-22,0.1519775390625,2025-09-17 20:02:30.138484
sh.601398,2025-09-16,2025-09-23,0.1796875,2025-09-17 20:02:30.138484
sh.601398,2025-09-16,2025-09-23,0.181640625,2025-09-17 20:02:30.138484
sh.601398,2025-09-16,2025-09-23,0.18408203125,2025-09-17 20:02:30.138484
sh.601398,2025-09-17,2025-09-24,0.333740234375,2025-09-17 20:02:30.138484
sh.601600,2025-09-15,2025-09-22,0.22509765625,2025-09-17 20:02:30.138484
sh.601600,2025-09-16,2025-09-23,0.1585693359375,2025-09-17 20:02:30.138484
sh.601600,2025-09-16,2025-09-23,0.1590576171875,2025-09-17 20:02:30.138484
sh.601600,2025-09-16,2025-09-23,0.1591796875,2025-09-17 20:02:30.138484
sh.601600,2025-09-17,2025-09-24,0.250244140625,2025-09-17 20:02:30.138484
sh.601601,2025-09-15,2025-09-22,0.1727294921875,2025-09-17 20:02:30.138484
sh.601601,2025-09-16,2025-09-23,0.1544189453125,2025-09-17 20:02:30.138484
sh.601601,2025-09-16,2025-09-23,0.154541015625,2025-09-17 20:02:30.138484
sh.601601,2025-09-16,2025-09-23,0.1549072265625,2025-09-17 20:02:30.138484
sh.601601,2025-09-17,2025-09-24,0.1407470703125,2025-09-17 20:02:30.138484
sh.601607,2025-09-15,2025-09-22,0.08404541015625,2025-09-17 20:02:30.138484
sh.601607,2025-09-16,2025-09-23,0.1153564453125,2025-09-17 20:02:30.138484
sh.601607,2025-09-16,2025-09-23,0.11553955078125,2025-09-17 20:02:30.138484
sh.601607,2025-09-16,2025-09-23,0.11578369140625,2025-09-17 20:02:30.138484
sh.601607,2025-09-17,2025-09-24,0.11676025390625,2025-09-17 20:02:30.138484
sh.601618,2025-09-15,2025-09-22,0.2080078125,2025-09-17 20:02:30.138484
sh.601618,2025-09-16,2025-09-23,0.160888671875,2025-09-17 20:02:30.138484
sh.601618,2025-09-16,2025-09-23,0.160888671875,2025-09-17 20:02:30.138484
sh.601618,2025-09-16,2025-09-23,0.1611328125,2025-09-17 20:02:30.138484
sh.601618,2025-09-17,2025-09-24,0.2183837890625,2025-09-17 20:02:30.138484
sh.601628,2025-09-15,2025-09-22,0.139892578125,2025-09-17 20:02:30.138484
sh.601628,2025-09-16,2025-09-23,0.13671875,2025-09-17 20:02:30.138484
sh.601628,2025-09-16,2025-09-23,0.1373291015625,2025-09-17 20:02:30.138484
sh.601628,2025-09-16,2025-09-23,0.1375732421875,2025-09-17 20:02:30.138484
sh.601628,2025-09-17,2025-09-24,0.1796875,2025-09-17 20:02:30.138484
sh.601633,2025-09-15,2025-09-22,0.16357421875,2025-09-17 20:02:30.138484
sh.601633,2025-09-16,2025-09-23,0.2100830078125,2025-09-17 20:02:30.138484
sh.601633,2025-09-16,2025-09-23,0.2098388671875,2025-09-17 20:02:30.138484
sh.601633,2025-09-16,2025-09-23,0.20947265625,2025-09-17 20:02:30.138484
sh.601633,2025-09-17,2025-09-24,0.2447509765625,2025-09-17 20:02:30.138484
sh.601658,2025-09-15,2025-09-22,0.12066650390625,2025-09-17 20:02:30.138484
sh.601658,2025-09-16,2025-09-23,0.1309814453125,2025-09-17 20:02:30.138484
sh.601658,2025-09-16,2025-09-23,0.13134765625,2025-09-17 20:02:30.138484
sh.601658,2025-09-16,2025-09-23,0.1317138671875,2025-09-17 20:02:30.138484
sh.601658,2025-09-17,2025-09-24,0.12347412109375,2025-09-17 20:02:30.138484
sh.601668,2025-09-15,2025-09-22,0.11676025390625,2025-09-17 20:02:30.138484
sh.601668,2025-09-16,2025-09-23,0.10125732421875,2025-09-17 20:02:30.138484
sh.601668,2025-09-16,2025-09-23,0.10107421875,2025-09-17 20:02:30.138484
sh.601668,2025-09-16,2025-09-23,0.1019287109375,2025-09-17 20:02:30.138484
sh.601668,2025-09-17,2025-09-24,0.157470703125,2025-09-17 20:02:30.138484
sh.601669,2025-09-15,2025-09-22,0.1513671875,2025-09-17 20:02:30.138484
sh.601669,2025-09-16,2025-09-23,0.1600341796875,2025-09-17 20:02:30.138484
sh.601669,2025-09-16,2025-09-23,0.1597900390625,2025-09-17 20:02:30.138484
sh.601669,2025-09-16,2025-09-23,0.1600341796875,2025-09-17 20:02:30.138484
sh.601669,2025-09-17,2025-09-24,0.302734375,2025-09-17 20:02:30.138484
sh.601688,2025-09-15,2025-09-22,0.20849609375,2025-09-17 20:02:30.138484
sh.601688,2025-09-16,2025-09-23,0.1868896484375,2025-09-17 20:02:30.138484
sh.601688,2025-09-16,2025-09-23,0.187255859375,2025-09-17 20:02:30.138484
sh.601688,2025-09-16,2025-09-23,0.1883544921875,2025-09-17 20:02:30.138484
sh.601688,2025-09-17,2025-09-24,0.2496337890625,2025-09-17 20:02:30.138484
sh.601689,2025-09-15,2025-09-22,0.197265625,2025-09-17 20:02:30.138484
sh.601689,2025-09-16,2025-09-23,0.2447509765625,2025-09-17 20:02:30.138484
sh.601689,2025-09-16,2025-09-23,0.244873046875,2025-09-17 20:02:30.138484
sh.601689,2025-09-16,2025-09-23,0.244873046875,2025-09-17 20:02:30.138484
sh.601689,2025-09-17,2025-09-24,0.2451171875,2025-09-17 20:02:30.138484
sh.601698,2025-09-15,2025-09-22,0.1334228515625,2025-09-17 20:02:30.138484
sh.601698,2025-09-16,2025-09-23,0.09039306640625,2025-09-17 20:02:30.138484
sh.601698,2025-09-16,2025-09-23,0.09088134765625,2025-09-17 20:02:30.138484
sh.601698,2025-09-16,2025-09-23,0.092041015625,2025-09-17 20:02:30.138484
sh.601698,2025-09-17,2025-09-24,0.1573486328125,2025-09-17 20:02:30.138484
sh.601699,2025-09-15,2025-09-22,0.312744140625,2025-09-17 20:02:30.138484
sh.601699,2025-09-16,2025-09-23,0.154541015625,2025-09-17 20:02:30.138484
sh.601699,2025-09-16,2025-09-23,0.15478515625,2025-09-17 20:02:30.138484
sh.601699,2025-09-16,2025-09-23,0.1551513671875,2025-09-17 20:02:30.138484
sh.601699,2025-09-17,2025-09-24,0.199462890625,2025-09-17 20:02:30.138484
sh.601728,2025-09-15,2025-09-22,0.143798828125,2025-09-17 20:02:30.138484
sh.601728,2025-09-16,2025-09-23,0.1353759765625,2025-09-17 20:02:30.138484
sh.601728,2025-09-16,2025-09-23,0.135498046875,2025-09-17 20:02:30.138484
sh.601728,2025-09-16,2025-09-23,0.1356201171875,2025-09-17 20:02:30.138484
sh.601728,2025-09-17,2025-09-24,0.1397705078125,2025-09-17 20:02:30.138484
sh.601766,2025-09-15,2025-09-22,0.183349609375,2025-09-17 20:02:30.138484
sh.601766,2025-09-16,2025-09-23,0.184326171875,2025-09-17 20:02:30.138484
sh.601766,2025-09-16,2025-09-23,0.1845703125,2025-09-17 20:02:30.138484
sh.601766,2025-09-16,2025-09-23,0.1849365234375,2025-09-17 20:02:30.138484
sh.601766,2025-09-17,2025-09-24,0.2178955078125,2025-09-17 20:02:30.138484
sh.601788,2025-09-15,2025-09-22,0.1622314453125,2025-09-17 20:02:30.138484
sh.601788,2025-09-16,2025-09-23,0.159423828125,2025-09-17 20:02:30.138484
sh.601788,2025-09-16,2025-09-23,0.15966796875,2025-09-17 20:02:30.138484
sh.601788,2025-09-16,2025-09-23,0.159912109375,2025-09-17 20:02:30.138484
sh.601788,2025-09-17,2025-09-24,0.19091796875,2025-09-17 20:02:30.138484
sh.601799,2025-09-15,2025-09-22,0.09088134765625,2025-09-17 20:02:30.138484
sh.601799,2025-09-16,2025-09-23,0.080810546875,2025-09-17 20:02:30.138484
sh.601799,2025-09-16,2025-09-23,0.0810546875,2025-09-17 20:02:30.138484
sh.601799,2025-09-16,2025-09-23,0.08135986328125,2025-09-17 20:02:30.138484
sh.601799,2025-09-17,2025-09-24,0.447265625,2025-09-17 20:02:30.138484
sh.601800,2025-09-15,2025-09-22,0.11181640625,2025-09-17 20:02:30.138484
sh.601800,2025-09-16,2025-09-23,0.127685546875,2025-09-17 20:02:30.138484
sh.601800,2025-09-16,2025-09-23,0.1278076171875,2025-09-17 20:02:30.138484
sh.601800,2025-09-16,2025-09-23,0.1278076171875,2025-09-17 20:02:30.138484
sh.601800,2025-09-17,2025-09-24,0.0849609375,2025-09-17 20:02:30.138484
sh.601808,2025-09-15,2025-09-22,0.1314697265625,2025-09-17 20:02:30.138484
sh.601808,2025-09-16,2025-09-23,0.133544921875,2025-09-17 20:02:30.138484
sh.601808,2025-09-16,2025-09-23,0.133544921875,2025-09-17 20:02:30.138484
sh.601808,2025-09-16,2025-09-23,0.1336669921875,2025-09-17 20:02:30.138484
sh.601808,2025-09-17,2025-09-24,0.173828125,2025-09-17 20:02:30.138484
sh.601816,2025-09-15,2025-09-22,0.1370849609375,2025-09-17 20:02:30.138484
sh.601816,2025-09-16,2025-09-23,0.07305908203125,2025-09-17 20:02:30.138484
sh.601816,2025-09-16,2025-09-23,0.07318115234375,2025-09-17 20:02:30.138484
sh.601816,2025-09-16,2025-09-23,0.07330322265625,2025-09-17 20:02:30.138484
sh.601816,2025-09-17,2025-09-24,0.10015869140625,2025-09-17 20:02:30.138484
sh.601818,2025-09-15,2025-09-22,0.2452392578125,2025-09-17 20:02:30.138484
sh.601818,2025-09-16,2025-09-23,0.304931640625,2025-09-17 20:02:30.138484
sh.601818,2025-09-16,2025-09-23,0.30517578125,2025-09-17 20:02:30.138484
sh.601818,2025-09-16,2025-09-23,0.305908203125,2025-09-17 20:02:30.138484
sh.601818,2025-09-17,2025-09-24,0.4921875,2025-09-17 20:02:30.138484
sh.601825,2025-09-15,2025-09-22,0.1328125,2025-09-17 20:02:30.138484
sh.601825,2025-09-16,2025-09-23,0.1214599609375,2025-09-17 20:02:30.138484
sh.601825,2025-09-16,2025-09-23,0.12158203125,2025-09-17 20:02:30.138484
sh.601825,2025-09-16,2025-09-23,0.12200927734375,2025-09-17 20:02:30.138484
sh.601825,2025-09-17,2025-09-24,0.138427734375,2025-09-17 20:02:30.138484
sh.601838,2025-09-15,2025-09-22,0.12841796875,2025-09-17 20:02:30.138484
sh.601838,2025-09-16,2025-09-23,0.1319580078125,2025-09-17 20:02:30.138484
sh.601838,2025-09-16,2025-09-23,0.1319580078125,2025-09-17 20:02:30.138484
sh.601838,2025-09-16,2025-09-23,0.13232421875,2025-09-17 20:02:30.138484
sh.601838,2025-09-17,2025-09-24,0.1331787109375,2025-09-17 20:02:30.138484
sh.601857,2025-09-15,2025-09-22,0.2015380859375,2025-09-17 20:02:30.138484
sh.601857,2025-09-16,2025-09-23,0.158203125,2025-09-17 20:02:30.138484
sh.601857,2025-09-16,2025-09-23,0.1585693359375,2025-09-17 20:02:30.138484
sh.601857,2025-09-16,2025-09-23,0.158935546875,2025-09-17 20:02:30.138484
sh.601857,2025-09-17,2025-09-24,0.130126953125,2025-09-17 20:02:30.138484
sh.601865,2025-09-15,2025-09-22,0.2032470703125,2025-09-17 20:02:30.138484
sh.601865,2025-09-16,2025-09-23,0.2469482421875,2025-09-17 20:02:30.138484
sh.601865,2025-09-16,2025-09-23,0.2467041015625,2025-09-17 20:02:30.138484
sh.601865,2025-09-16,2025-09-23,0.24658203125,2025-09-17 20:02:30.138484
sh.601865,2025-09-17,2025-09-24,0.25146484375,2025-09-17 20:02:30.138484
sh.601868,2025-09-15,2025-09-22,0.1436767578125,2025-09-17 20:02:30.138484
sh.601868,2025-09-16,2025-09-23,0.158935546875,2025-09-17 20:02:30.138484
sh.601868,2025-09-16,2025-09-23,0.1597900390625,2025-09-17 20:02:30.138484
sh.601868,2025-09-16,2025-09-23,0.159912109375,2025-09-17 20:02:30.138484
sh.601868,2025-09-17,2025-09-24,0.235107421875,2025-09-17 20:02:30.138484
sh.601872,2025-09-15,2025-09-22,0.251220703125,2025-09-17 20:02:30.138484
sh.601872,2025-09-16,2025-09-23,0.2276611328125,2025-09-17 20:02:30.138484
sh.601872,2025-09-16,2025-09-23,0.227783203125,2025-09-17 20:02:30.138484
sh.601872,2025-09-16,2025-09-23,0.22802734375,2025-09-17 20:02:30.138484
sh.601872,2025-09-17,2025-09-24,0.253173828125,2025-09-17 20:02:30.138484
sh.601877,2025-09-15,2025-09-22,0.219970703125,2025-09-17 20:02:30.138484
sh.601877,2025-09-16,2025-09-23,0.223876953125,2025-09-17 20:02:30.138484
sh.601877,2025-09-16,2025-09-23,0.2235107421875,2025-09-17 20:02:30.138484
sh.601877,2025-09-16,2025-09-23,0.223388671875,2025-09-17 20:02:30.138484
sh.601877,2025-09-17,2025-09-24,0.26513671875,2025-09-17 20:02:30.138484
sh.601878,2025-09-15,2025-09-22,0.1827392578125,2025-09-17 20:02:30.138484
sh.601878,2025-09-16,2025-09-23,0.2073974609375,2025-09-17 20:02:30.138484
sh.601878,2025-09-16,2025-09-23,0.2076416015625,2025-09-17 20:02:30.138484
sh.601878,2025-09-16,2025-09-23,0.20849609375,2025-09-17 20:02:30.138484
sh.601878,2025-09-17,2025-09-24,0.2109375,2025-09-17 20:02:30.138484
sh.601881,2025-09-15,2025-09-22,0.153564453125,2025-09-17 20:02:30.138484
sh.601881,2025-09-16,2025-09-23,0.1373291015625,2025-09-17 20:02:30.138484
sh.601881,2025-09-16,2025-09-23,0.137939453125,2025-09-17 20:02:30.138484
sh.601881,2025-09-16,2025-09-23,0.1383056640625,2025-09-17 20:02:30.138484
sh.601881,2025-09-17,2025-09-24,0.16015625,2025-09-17 20:02:30.138484
sh.601888,2025-09-15,2025-09-22,0.176513671875,2025-09-17 20:02:30.138484
sh.601888,2025-09-16,2025-09-23,0.2310791015625,2025-09-17 20:02:30.138484
sh.601888,2025-09-16,2025-09-23,0.2305908203125,2025-09-17 20:02:30.138484
sh.601888,2025-09-16,2025-09-23,0.230712890625,2025-09-17 20:02:30.138484
sh.601888,2025-09-17,2025-09-24,0.199951171875,2025-09-17 20:02:30.138484
sh.601898,2025-09-15,2025-09-22,0.174560546875,2025-09-17 20:02:30.138484
sh.601898,2025-09-16,2025-09-23,0.1529541015625,2025-09-17 20:02:30.138484
sh.601898,2025-09-16,2025-09-23,0.1534423828125,2025-09-17 20:02:30.138484
sh.601898,2025-09-16,2025-09-23,0.153564453125,2025-09-17 20:02:30.138484
sh.601898,2025-09-17,2025-09-24,0.1439208984375,2025-09-17 20:02:30.138484
sh.601899,2025-09-15,2025-09-22,0.247314453125,2025-09-17 20:02:30.138484
sh.601899,2025-09-16,2025-09-23,0.22802734375,2025-09-17 20:02:30.138484
sh.601899,2025-09-16,2025-09-23,0.228515625,2025-09-17 20:02:30.138484
sh.601899,2025-09-16,2025-09-23,0.22900390625,2025-09-17 20:02:30.138484
sh.601899,2025-09-17,2025-09-24,0.309326171875,2025-09-17 20:02:30.138484
sh.601901,2025-09-15,2025-09-22,0.15283203125,2025-09-17 20:02:30.138484
sh.601901,2025-09-16,2025-09-23,0.1571044921875,2025-09-17 20:02:30.138484
sh.601901,2025-09-16,2025-09-23,0.1571044921875,2025-09-17 20:02:30.138484
sh.601901,2025-09-16,2025-09-23,0.1580810546875,2025-09-17 20:02:30.138484
sh.601901,2025-09-17,2025-09-24,0.22509765625,2025-09-17 20:02:30.138484
sh.601916,2025-09-15,2025-09-22,0.2313232421875,2025-09-17 20:02:30.138484
sh.601916,2025-09-16,2025-09-23,0.2420654296875,2025-09-17 20:02:30.138484
sh.601916,2025-09-16,2025-09-23,0.243408203125,2025-09-17 20:02:30.138484
sh.601916,2025-09-16,2025-09-23,0.24365234375,2025-09-17 20:02:30.138484
sh.601916,2025-09-17,2025-09-24,0.255615234375,2025-09-17 20:02:30.138484
sh.601919,2025-09-15,2025-09-22,0.174072265625,2025-09-17 20:02:30.138484
sh.601919,2025-09-16,2025-09-23,0.167724609375,2025-09-17 20:02:30.138484
sh.601919,2025-09-16,2025-09-23,0.1688232421875,2025-09-17 20:02:30.138484
sh.601919,2025-09-16,2025-09-23,0.169921875,2025-09-17 20:02:30.138484
sh.601919,2025-09-17,2025-09-24,0.1649169921875,2025-09-17 20:02:30.138484
sh.601939,2025-09-15,2025-09-22,0.1497802734375,2025-09-17 20:02:30.138484
sh.601939,2025-09-16,2025-09-23,0.151123046875,2025-09-17 20:02:30.138484
sh.601939,2025-09-16,2025-09-23,0.15185546875,2025-09-17 20:02:30.138484
sh.601939,2025-09-16,2025-09-23,0.1531982421875,2025-09-17 20:02:30.138484
sh.601939,2025-09-17,2025-09-24,0.18896484375,2025-09-17 20:02:30.138484
sh.601985,2025-09-15,2025-09-22,0.41455078125,2025-09-17 20:02:30.138484
sh.601985,2025-09-16,2025-09-23,0.3369140625,2025-09-17 20:02:30.138484
sh.601985,2025-09-16,2025-09-23,0.337646484375,2025-09-17 20:02:30.138484
sh.601985,2025-09-16,2025-09-23,0.337646484375,2025-09-17 20:02:30.138484
sh.601985,2025-09-17,2025-09-24,0.350830078125,2025-09-17 20:02:30.138484
sh.601988,2025-09-15,2025-09-22,0.161865234375,2025-09-17 20:02:30.138484
sh.601988,2025-09-16,2025-09-23,0.1890869140625,2025-09-17 20:02:30.138484
sh.601988,2025-09-16,2025-09-23,0.1895751953125,2025-09-17 20:02:30.138484
sh.601988,2025-09-16,2025-09-23,0.1900634765625,2025-09-17 20:02:30.138484
sh.601988,2025-09-17,2025-09-24,0.24560546875,2025-09-17 20:02:30.138484
sh.601995,2025-09-15,2025-09-22,0.13232421875,2025-09-17 20:02:30.138484
sh.601995,2025-09-16,2025-09-23,0.1300048828125,2025-09-17 20:02:30.138484
sh.601995,2025-09-16,2025-09-23,0.130126953125,2025-09-17 20:02:30.138484
sh.601995,2025-09-16,2025-09-23,0.1302490234375,2025-09-17 20:02:30.138484
sh.601995,2025-09-17,2025-09-24,0.1348876953125,2025-09-17 20:02:30.138484
sh.601998,2025-09-15,2025-09-22,0.1451416015625,2025-09-17 20:02:30.138484
sh.601998,2025-09-16,2025-09-23,0.1446533203125,2025-09-17 20:02:30.138484
sh.601998,2025-09-16,2025-09-23,0.1451416015625,2025-09-17 20:02:30.138484
sh.601998,2025-09-16,2025-09-23,0.1455078125,2025-09-17 20:02:30.138484
sh.601998,2025-09-17,2025-09-24,0.1624755859375,2025-09-17 20:02:30.138484
sh.603019,2025-09-15,2025-09-22,0.260498046875,2025-09-17 20:02:30.138484
sh.603019,2025-09-16,2025-09-23,0.28125,2025-09-17 20:02:30.138484
sh.603019,2025-09-16,2025-09-23,0.28173828125,2025-09-17 20:02:30.138484
sh.603019,2025-09-16,2025-09-23,0.2822265625,2025-09-17 20:02:30.138484
sh.603019,2025-09-17,2025-09-24,0.31884765625,2025-09-17 20:02:30.138484
sh.603195,2025-09-15,2025-09-22,0.29736328125,2025-09-17 20:02:30.138484
sh.603195,2025-09-16,2025-09-23,0.279052734375,2025-09-17 20:02:30.138484
sh.603195,2025-09-16,2025-09-23,0.279541015625,2025-09-17 20:02:30.138484
sh.603195,2025-09-16,2025-09-23,0.279296875,2025-09-17 20:02:30.138484
sh.603195,2025-09-17,2025-09-24,0.4599609375,2025-09-17 20:02:30.138484
sh.603259,2025-09-15,2025-09-22,0.1270751953125,2025-09-17 20:02:30.138484
sh.603259,2025-09-16,2025-09-23,0.2254638671875,2025-09-17 20:02:30.138484
sh.603259,2025-09-16,2025-09-23,0.2257080078125,2025-09-17 20:02:30.138484
sh.603259,2025-09-16,2025-09-23,0.2255859375,2025-09-17 20:02:30.138484
sh.603259,2025-09-17,2025-09-24,0.1458740234375,2025-09-17 20:02:30.138484
sh.603260,2025-09-15,2025-09-22,0.0948486328125,2025-09-17 20:02:30.138484
sh.603260,2025-09-16,2025-09-23,0.1134033203125,2025-09-17 20:02:30.138484
sh.603260,2025-09-16,2025-09-23,0.1134033203125,2025-09-17 20:02:30.138484
sh.603260,2025-09-16,2025-09-23,0.1134033203125,2025-09-17 20:02:30.138484
sh.603260,2025-09-17,2025-09-24,0.1409912109375,2025-09-17 20:02:30.138484
sh.603288,2025-09-15,2025-09-22,0.122314453125,2025-09-17 20:02:30.138484
sh.603288,2025-09-16,2025-09-23,0.122314453125,2025-09-17 20:02:30.138484
sh.603288,2025-09-16,2025-09-23,0.122314453125,2025-09-17 20:02:30.138484
sh.603288,2025-09-16,2025-09-23,0.1221923828125,2025-09-17 20:02:30.138484
sh.603288,2025-09-17,2025-09-24,0.100341796875,2025-09-17 20:02:30.138484
sh.603369,2025-09-15,2025-09-22,0.1405029296875,2025-09-17 20:02:30.138484
sh.603369,2025-09-16,2025-09-23,0.15576171875,2025-09-17 20:02:30.138484
sh.603369,2025-09-16,2025-09-23,0.1563720703125,2025-09-17 20:02:30.138484
sh.603369,2025-09-16,2025-09-23,0.15576171875,2025-09-17 20:02:30.138484
sh.603369,2025-09-17,2025-09-24,0.1337890625,2025-09-17 20:02:30.138484
sh.603392,2025-09-15,2025-09-22,0.1231689453125,2025-09-17 20:02:30.138484
sh.603392,2025-09-16,2025-09-23,0.11553955078125,2025-09-17 20:02:30.138484
sh.603392,2025-09-16,2025-09-23,0.11553955078125,2025-09-17 20:02:30.138484
sh.603392,2025-09-16,2025-09-23,0.11578369140625,2025-09-17 20:02:30.138484
sh.603392,2025-09-17,2025-09-24,0.0728759765625,2025-09-17 20:02:30.138484
sh.603501,2025-09-15,2025-09-22,0.1600341796875,2025-09-17 20:02:30.138484
sh.603501,2025-09-16,2025-09-23,0.149658203125,2025-09-17 20:02:30.138484
sh.603501,2025-09-16,2025-09-23,0.1495361328125,2025-09-17 20:02:30.138484
sh.603501,2025-09-16,2025-09-23,0.1495361328125,2025-09-17 20:02:30.138484
sh.603501,2025-09-17,2025-09-24,0.21533203125,2025-09-17 20:02:30.138484
sh.603799,2025-09-15,2025-09-22,0.1654052734375,2025-09-17 20:02:30.138484
sh.603799,2025-09-16,2025-09-23,0.222412109375,2025-09-17 20:02:30.138484
sh.603799,2025-09-16,2025-09-23,0.2225341796875,2025-09-17 20:02:30.138484
sh.603799,2025-09-16,2025-09-23,0.22216796875,2025-09-17 20:02:30.138484
sh.603799,2025-09-17,2025-09-24,0.26513671875,2025-09-17 20:02:30.138484
sh.603806,2025-09-15,2025-09-22,0.223876953125,2025-09-17 20:02:30.138484
sh.603806,2025-09-16,2025-09-23,0.174560546875,2025-09-17 20:02:30.138484
sh.603806,2025-09-16,2025-09-23,0.174560546875,2025-09-17 20:02:30.138484
sh.603806,2025-09-16,2025-09-23,0.174560546875,2025-09-17 20:02:30.138484
sh.603806,2025-09-17,2025-09-24,0.296630859375,2025-09-17 20:02:30.138484
sh.603833,2025-09-15,2025-09-22,0.13134765625,2025-09-17 20:02:30.138484
sh.603833,2025-09-16,2025-09-23,0.1416015625,2025-09-17 20:02:30.138484
sh.603833,2025-09-16,2025-09-23,0.1414794921875,2025-09-17 20:02:30.138484
sh.603833,2025-09-16,2025-09-23,0.141357421875,2025-09-17 20:02:30.138484
sh.603833,2025-09-17,2025-09-24,0.107421875,2025-09-17 20:02:30.138484
sh.603986,2025-09-15,2025-09-22,0.3046875,2025-09-17 20:02:30.138484
sh.603986,2025-09-16,2025-09-23,0.2384033203125,2025-09-17 20:02:30.138484
sh.603986,2025-09-16,2025-09-23,0.2386474609375,2025-09-17 20:02:30.138484
sh.603986,2025-09-16,2025-09-23,0.23876953125,2025-09-17 20:02:30.138484
sh.603986,2025-09-17,2025-09-24,0.257568359375,2025-09-17 20:02:30.138484
sh.603993,2025-09-15,2025-09-22,0.30810546875,2025-09-17 20:02:30.138484
sh.603993,2025-09-16,2025-09-23,0.2044677734375,2025-09-17 20:02:30.138484
sh.603993,2025-09-16,2025-09-23,0.2049560546875,2025-09-17 20:02:30.138484
sh.603993,2025-09-16,2025-09-23,0.205322265625,2025-09-17 20:02:30.138484
sh.603993,2025-09-17,2025-09-24,0.317626953125,2025-09-17 20:02:30.138484
sh.605117,2025-09-15,2025-09-22,0.158935546875,2025-09-17 20:02:30.138484
sh.605117,2025-09-16,2025-09-23,0.2105712890625,2025-09-17 20:02:30.138484
sh.605117,2025-09-16,2025-09-23,0.2109375,2025-09-17 20:02:30.138484
sh.605117,2025-09-16,2025-09-23,0.2108154296875,2025-09-17 20:02:30.138484
sh.605117,2025-09-17,2025-09-24,0.22265625,2025-09-17 20:02:30.138484
sh.605499,2025-09-15,2025-09-22,0.128662109375,2025-09-17 20:02:30.138484
sh.605499,2025-09-16,2025-09-23,0.1134033203125,2025-09-17 20:02:30.138484
sh.605499,2025-09-16,2025-09-23,0.11163330078125,2025-09-17 20:02:30.138484
sh.605499,2025-09-16,2025-09-23,0.11102294921875,2025-09-17 20:02:30.138484
sh.605499,2025-09-17,2025-09-24,0.262939453125,2025-09-17 20:02:30.138484
sh.688008,2025-09-15,2025-09-22,0.2462158203125,2025-09-17 20:02:30.138484
sh.688008,2025-09-16,2025-09-23,0.228271484375,2025-09-17 20:02:30.138484
sh.688008,2025-09-16,2025-09-23,0.228515625,2025-09-17 20:02:30.138484
sh.688008,2025-09-16,2025-09-23,0.07183837890625,2025-09-17 20:02:30.138484
sh.688008,2025-09-17,2025-09-24,0.1265869140625,2025-09-17 20:02:30.138484
sh.688009,2025-09-15,2025-09-22,0.11920166015625,2025-09-17 20:02:30.138484
sh.688009,2025-09-16,2025-09-23,0.1590576171875,2025-09-17 20:02:30.138484
sh.688009,2025-09-16,2025-09-23,0.1590576171875,2025-09-17 20:02:30.138484
sh.688009,2025-09-16,2025-09-23,0.14892578125,2025-09-17 20:02:30.138484
sh.688009,2025-09-17,2025-09-24,0.07977294921875,2025-09-17 20:02:30.138484
sh.688012,2025-09-15,2025-09-22,0.1981201171875,2025-09-17 20:02:30.138484
sh.688012,2025-09-16,2025-09-23,0.2418212890625,2025-09-17 20:02:30.138484
sh.688012,2025-09-16,2025-09-23,0.242431640625,2025-09-17 20:02:30.138484
sh.688012,2025-09-16,2025-09-23,0.1357421875,2025-09-17 20:02:30.138484
sh.688012,2025-09-17,2025-09-24,0.089599609375,2025-09-17 20:02:30.138484
sh.688036,2025-09-15,2025-09-22,0.124755859375,2025-09-17 20:02:30.138484
sh.688036,2025-09-16,2025-09-23,0.11920166015625,2025-09-17 20:02:30.138484
sh.688036,2025-09-16,2025-09-23,0.119384765625,2025-09-17 20:02:30.138484
sh.688036,2025-09-16,2025-09-23,0.11968994140625,2025-09-17 20:02:30.138484
sh.688036,2025-09-17,2025-09-24,0.131591796875,2025-09-17 20:02:30.138484
sh.688041,2025-09-15,2025-09-22,0.1190185546875,2025-09-17 20:02:30.138484
sh.688041,2025-09-16,2025-09-23,0.12939453125,2025-09-17 20:02:30.138484
sh.688041,2025-09-16,2025-09-23,0.1297607421875,2025-09-17 20:02:30.138484
sh.688041,2025-09-16,2025-09-23,0.13037109375,2025-09-17 20:02:30.138484
sh.688041,2025-09-17,2025-09-24,0.223388671875,2025-09-17 20:02:30.138484
sh.688047,2025-09-15,2025-09-22,0.12200927734375,2025-09-17 20:02:30.138484
sh.688047,2025-09-16,2025-09-23,0.11614990234375,2025-09-17 20:02:30.138484
sh.688047,2025-09-16,2025-09-23,0.1163330078125,2025-09-17 20:02:30.138484
sh.688047,2025-09-16,2025-09-23,0.1163330078125,2025-09-17 20:02:30.138484
sh.688047,2025-09-17,2025-09-24,0.144287109375,2025-09-17 20:02:30.138484
sh.688082,2025-09-15,2025-09-22,0.167236328125,2025-09-17 20:02:30.138484
sh.688082,2025-09-16,2025-09-23,0.1806640625,2025-09-17 20:02:30.138484
sh.688082,2025-09-16,2025-09-23,0.1815185546875,2025-09-17 20:02:30.138484
sh.688082,2025-09-16,2025-09-23,0.181884765625,2025-09-17 20:02:30.138484
sh.688082,2025-09-17,2025-09-24,0.174560546875,2025-09-17 20:02:30.138484
sh.688111,2025-09-15,2025-09-22,0.10614013671875,2025-09-17 20:02:30.138484
sh.688111,2025-09-16,2025-09-23,0.09503173828125,2025-09-17 20:02:30.138484
sh.688111,2025-09-16,2025-09-23,0.09515380859375,2025-09-17 20:02:30.138484
sh.688111,2025-09-16,2025-09-23,0.09552001953125,2025-09-17 20:02:30.138484
sh.688111,2025-09-17,2025-09-24,0.1341552734375,2025-09-17 20:02:30.138484
sh.688126,2025-09-15,2025-09-22,0.142822265625,2025-09-17 20:02:30.138484
sh.688126,2025-09-16,2025-09-23,0.1300048828125,2025-09-17 20:02:30.138484
sh.688126,2025-09-16,2025-09-23,0.130126953125,2025-09-17 20:02:30.138484
sh.688126,2025-09-16,2025-09-23,0.1302490234375,2025-09-17 20:02:30.138484
sh.688126,2025-09-17,2025-09-24,0.13916015625,2025-09-17 20:02:30.138484
sh.688169,2025-09-15,2025-09-22,0.196044921875,2025-09-17 20:02:30.138484
sh.688169,2025-09-16,2025-09-23,0.322509765625,2025-09-17 20:02:30.138484
sh.688169,2025-09-16,2025-09-23,0.323974609375,2025-09-17 20:02:30.138484
sh.688169,2025-09-16,2025-09-23,0.324462890625,2025-09-17 20:02:30.138484
sh.688169,2025-09-17,2025-09-24,0.271728515625,2025-09-17 20:02:30.138484
sh.688187,2025-09-15,2025-09-22,0.13623046875,2025-09-17 20:02:30.138484
sh.688187,2025-09-16,2025-09-23,0.1922607421875,2025-09-17 20:02:30.138484
sh.688187,2025-09-16,2025-09-23,0.192138671875,2025-09-17 20:02:30.138484
sh.688187,2025-09-16,2025-09-23,0.192138671875,2025-09-17 20:02:30.138484
sh.688187,2025-09-17,2025-09-24,0.194580078125,2025-09-17 20:02:30.138484
sh.688223,2025-09-15,2025-09-22,0.1114501953125,2025-09-17 20:02:30.138484
sh.688223,2025-09-16,2025-09-23,0.1083984375,2025-09-17 20:02:30.138484
sh.688223,2025-09-16,2025-09-23,0.10821533203125,2025-09-17 20:02:30.138484
sh.688223,2025-09-16,2025-09-23,0.10821533203125,2025-09-17 20:02:30.138484
sh.688223,2025-09-17,2025-09-24,0.07965087890625,2025-09-17 20:02:30.138484
sh.688256,2025-09-15,2025-09-22,0.1309814453125,2025-09-17 20:02:30.138484
sh.688256,2025-09-16,2025-09-23,0.10760498046875,2025-09-17 20:02:30.138484
sh.688256,2025-09-16,2025-09-23,0.1077880859375,2025-09-17 20:02:30.138484
sh.688256,2025-09-16,2025-09-23,0.1083984375,2025-09-17 20:02:30.138484
sh.688256,2025-09-17,2025-09-24,0.09912109375,2025-09-17 20:02:30.138484
sh.688271,2025-09-15,2025-09-22,0.10992431640625,2025-09-17 20:02:30.138484
sh.688271,2025-09-16,2025-09-23,0.153076171875,2025-09-17 20:02:30.138484
sh.688271,2025-09-16,2025-09-23,0.1529541015625,2025-09-17 20:02:30.138484
sh.688271,2025-09-16,2025-09-23,0.1529541015625,2025-09-17 20:02:30.138484
sh.688271,2025-09-17,2025-09-24,0.1363525390625,2025-09-17 20:02:30.138484
sh.688303,2025-09-15,2025-09-22,0.1041259765625,2025-09-17 20:02:30.138484
sh.688303,2025-09-16,2025-09-23,0.131591796875,2025-09-17 20:02:30.138484
sh.688303,2025-09-16,2025-09-23,0.1314697265625,2025-09-17 20:02:30.138484
sh.688303,2025-09-16,2025-09-23,0.13134765625,2025-09-17 20:02:30.138484
sh.688303,2025-09-17,2025-09-24,0.1314697265625,2025-09-17 20:02:30.138484
sh.688396,2025-09-15,2025-09-22,0.1385498046875,2025-09-17 20:02:30.138484
sh.688396,2025-09-16,2025-09-23,0.09967041015625,2025-09-17 20:02:30.138484
sh.688396,2025-09-16,2025-09-23,0.09979248046875,2025-09-17 20:02:30.138484
sh.688396,2025-09-16,2025-09-23,0.09979248046875,2025-09-17 20:02:30.138484
sh.688396,2025-09-17,2025-09-24,0.10760498046875,2025-09-17 20:02:30.138484
sh.688599,2025-09-15,2025-09-22,0.09124755859375,2025-09-17 20:02:30.138484
sh.688599,2025-09-16,2025-09-23,0.10858154296875,2025-09-17 20:02:30.138484
sh.688599,2025-09-16,2025-09-23,0.10858154296875,2025-09-17 20:02:30.138484
sh.688599,2025-09-16,2025-09-23,0.1083984375,2025-09-17 20:02:30.138484
sh.688599,2025-09-17,2025-09-24,0.1541748046875,2025-09-17 20:02:30.138484
sh.688981,2025-09-15,2025-09-22,0.1175537109375,2025-09-17 20:02:30.138484
sh.688981,2025-09-16,2025-09-23,0.091064453125,2025-09-17 20:02:30.138484
sh.688981,2025-09-16,2025-09-23,0.09173583984375,2025-09-17 20:02:30.138484
sh.688981,2025-09-16,2025-09-23,0.09271240234375,2025-09-17 20:02:30.138484
sh.688981,2025-09-17,2025-09-24,0.1063232421875,2025-09-17 20:02:30.138484
sz.000001,2025-09-15,2025-09-22,0.13916015625,2025-09-17 20:02:30.138484
sz.000001,2025-09-16,2025-09-23,0.1268310546875,2025-09-17 20:02:30.138484
sz.000001,2025-09-16,2025-09-23,0.12744140625,2025-09-17 20:02:30.138484
sz.000001,2025-09-16,2025-09-23,0.1280517578125,2025-09-17 20:02:30.138484
sz.000001,2025-09-17,2025-09-24,0.139892578125,2025-09-17 20:02:30.138484
sz.000002,2025-09-15,2025-09-22,0.1131591796875,2025-09-17 20:02:30.138484
sz.000002,2025-09-16,2025-09-23,0.1971435546875,2025-09-17 20:02:30.138484
sz.000002,2025-09-16,2025-09-23,0.19677734375,2025-09-17 20:02:30.138484
sz.000002,2025-09-16,2025-09-23,0.197021484375,2025-09-17 20:02:30.138484
sz.000002,2025-09-17,2025-09-24,0.1795654296875,2025-09-17 20:02:30.138484
sz.000063,2025-09-15,2025-09-22,0.2210693359375,2025-09-17 20:02:30.138484
sz.000063,2025-09-16,2025-09-23,0.253173828125,2025-09-17 20:02:30.138484
sz.000063,2025-09-16,2025-09-23,0.25390625,2025-09-17 20:02:30.138484
sz.000063,2025-09-17,2025-09-24,0.2109375,2025-09-17 20:02:30.138484
sz.000100,2025-09-15,2025-09-22,0.1422119140625,2025-09-17 20:02:30.138484
sz.000100,2025-09-16,2025-09-23,0.136474609375,2025-09-17 20:02:30.138484
sz.000100,2025-09-16,2025-09-23,0.1365966796875,2025-09-17 20:02:30.138484
sz.000100,2025-09-17,2025-09-24,0.08740234375,2025-09-17 20:02:30.138484
sz.000157,2025-09-15,2025-09-22,0.1910400390625,2025-09-17 20:02:30.138484
sz.000157,2025-09-16,2025-09-23,0.1705322265625,2025-09-17 20:02:30.138484
sz.000157,2025-09-16,2025-09-23,0.169677734375,2025-09-17 20:02:30.138484
sz.000157,2025-09-17,2025-09-24,0.19482421875,2025-09-17 20:02:30.138484
sz.000166,2025-09-15,2025-09-22,0.2099609375,2025-09-17 20:02:30.138484
sz.000166,2025-09-16,2025-09-23,0.206787109375,2025-09-17 20:02:30.138484
sz.000166,2025-09-16,2025-09-23,0.2069091796875,2025-09-17 20:02:30.138484
sz.000166,2025-09-17,2025-09-24,0.275390625,2025-09-17 20:02:30.138484
sz.000301,2025-09-15,2025-09-22,0.20068359375,2025-09-17 20:02:30.138484
sz.000301,2025-09-16,2025-09-23,0.1553955078125,2025-09-17 20:02:30.138484
sz.000301,2025-09-16,2025-09-23,0.1551513671875,2025-09-17 20:02:30.138484
sz.000301,2025-09-17,2025-09-24,0.2060546875,2025-09-17 20:02:30.138484
sz.000333,2025-09-15,2025-09-22,0.1278076171875,2025-09-17 20:02:30.138484
sz.000333,2025-09-16,2025-09-23,0.1578369140625,2025-09-17 20:02:30.138484
sz.000333,2025-09-16,2025-09-23,0.1583251953125,2025-09-17 20:02:30.138484
sz.000333,2025-09-17,2025-09-24,0.10650634765625,2025-09-17 20:02:30.138484
sz.000338,2025-09-15,2025-09-22,0.317138671875,2025-09-17 20:02:30.138484
sz.000338,2025-09-16,2025-09-23,0.418701171875,2025-09-17 20:02:30.138484
sz.000338,2025-09-16,2025-09-23,0.418701171875,2025-09-17 20:02:30.138484
sz.000338,2025-09-17,2025-09-24,0.272216796875,2025-09-17 20:02:30.138484
sz.000408,2025-09-15,2025-09-22,0.2646484375,2025-09-17 20:02:30.138484
sz.000408,2025-09-16,2025-09-23,0.1982421875,2025-09-17 20:02:30.138484
sz.000408,2025-09-16,2025-09-23,0.198486328125,2025-09-17 20:02:30.138484
sz.000408,2025-09-17,2025-09-24,0.325927734375,2025-09-17 20:02:30.138484
sz.000425,2025-09-15,2025-09-22,0.2327880859375,2025-09-17 20:02:30.138484
sz.000425,2025-09-16,2025-09-23,0.181640625,2025-09-17 20:02:30.138484
sz.000425,2025-09-16,2025-09-23,0.1820068359375,2025-09-17 20:02:30.138484
sz.000425,2025-09-17,2025-09-24,0.2427978515625,2025-09-17 20:02:30.138484
sz.000538,2025-09-15,2025-09-22,0.2120361328125,2025-09-17 20:02:30.138484
sz.000538,2025-09-16,2025-09-23,0.186279296875,2025-09-17 20:02:30.138484
sz.000538,2025-09-16,2025-09-23,0.186279296875,2025-09-17 20:02:30.138484
sz.000538,2025-09-17,2025-09-24,0.1431884765625,2025-09-17 20:02:30.138484
sz.000568,2025-09-15,2025-09-22,0.275146484375,2025-09-17 20:02:30.138484
sz.000568,2025-09-16,2025-09-23,0.2440185546875,2025-09-17 20:02:30.138484
sz.000568,2025-09-16,2025-09-23,0.2440185546875,2025-09-17 20:02:30.138484
sz.000568,2025-09-17,2025-09-24,0.1893310546875,2025-09-17 20:02:30.138484
sz.000596,2025-09-15,2025-09-22,0.16748046875,2025-09-17 20:02:30.138484
sz.000596,2025-09-16,2025-09-23,0.255126953125,2025-09-17 20:02:30.138484
sz.000596,2025-09-16,2025-09-23,0.255615234375,2025-09-17 20:02:30.138484
sz.000596,2025-09-17,2025-09-24,0.1461181640625,2025-09-17 20:02:30.138484
sz.000617,2025-09-15,2025-09-22,0.1993408203125,2025-09-17 20:02:30.138484
sz.000617,2025-09-16,2025-09-23,0.2958984375,2025-09-17 20:02:30.138484
sz.000617,2025-09-16,2025-09-23,0.296142578125,2025-09-17 20:02:30.138484
sz.000617,2025-09-17,2025-09-24,0.271484375,2025-09-17 20:02:30.138484
sz.000625,2025-09-15,2025-09-22,0.131103515625,2025-09-17 20:02:30.138484
sz.000625,2025-09-16,2025-09-23,0.1329345703125,2025-09-17 20:02:30.138484
sz.000625,2025-09-16,2025-09-23,0.133056640625,2025-09-17 20:02:30.138484
sz.000625,2025-09-17,2025-09-24,0.1251220703125,2025-09-17 20:02:30.138484
sz.000630,2025-09-15,2025-09-22,0.2281494140625,2025-09-17 20:02:30.138484
sz.000630,2025-09-16,2025-09-23,0.1895751953125,2025-09-17 20:02:30.138484
sz.000630,2025-09-16,2025-09-23,0.189697265625,2025-09-17 20:02:30.138484
sz.000630,2025-09-17,2025-09-24,0.27392578125,2025-09-17 20:02:30.138484
sz.000651,2025-09-15,2025-09-22,0.443115234375,2025-09-17 20:02:30.138484
sz.000651,2025-09-16,2025-09-23,0.45751953125,2025-09-17 20:02:30.138484
sz.000651,2025-09-16,2025-09-23,0.45751953125,2025-09-17 20:02:30.138484
sz.000651,2025-09-17,2025-09-24,0.501953125,2025-09-17 20:02:30.138484
sz.000661,2025-09-15,2025-09-22,0.1856689453125,2025-09-17 20:02:30.138484
sz.000661,2025-09-16,2025-09-23,0.1995849609375,2025-09-17 20:02:30.138484
sz.000661,2025-09-16,2025-09-23,0.1995849609375,2025-09-17 20:02:30.138484
sz.000661,2025-09-17,2025-09-24,0.2315673828125,2025-09-17 20:02:30.138484
sz.000708,2025-09-15,2025-09-22,0.1478271484375,2025-09-17 20:02:30.138484
sz.000708,2025-09-16,2025-09-23,0.137939453125,2025-09-17 20:02:30.138484
sz.000708,2025-09-16,2025-09-23,0.13818359375,2025-09-17 20:02:30.138484
sz.000708,2025-09-17,2025-09-24,0.240966796875,2025-09-17 20:02:30.138484
sz.000725,2025-09-15,2025-09-22,0.1114501953125,2025-09-17 20:02:30.138484
sz.000725,2025-09-16,2025-09-23,0.1536865234375,2025-09-17 20:02:30.138484
sz.000725,2025-09-16,2025-09-23,0.1536865234375,2025-09-17 20:02:30.138484
sz.000725,2025-09-17,2025-09-24,0.17333984375,2025-09-17 20:02:30.138484
sz.000768,2025-09-15,2025-09-22,0.1190185546875,2025-09-17 20:02:30.138484
sz.000768,2025-09-16,2025-09-23,0.137939453125,2025-09-17 20:02:30.138484
sz.000768,2025-09-16,2025-09-23,0.137939453125,2025-09-17 20:02:30.138484
sz.000768,2025-09-17,2025-09-24,0.1435546875,2025-09-17 20:02:30.138484
sz.000776,2025-09-15,2025-09-22,0.188232421875,2025-09-17 20:02:30.138484
sz.000776,2025-09-16,2025-09-23,0.21337890625,2025-09-17 20:02:30.138484
sz.000776,2025-09-16,2025-09-23,0.2137451171875,2025-09-17 20:02:30.138484
sz.000776,2025-09-17,2025-09-24,0.254150390625,2025-09-17 20:02:30.138484
sz.000786,2025-09-15,2025-09-22,0.429931640625,2025-09-17 20:02:30.138484
sz.000786,2025-09-16,2025-09-23,0.326904296875,2025-09-17 20:02:30.138484
sz.000786,2025-09-16,2025-09-23,0.326904296875,2025-09-17 20:02:30.138484
sz.000786,2025-09-17,2025-09-24,0.37109375,2025-09-17 20:02:30.138484
sz.000792,2025-09-15,2025-09-22,0.142822265625,2025-09-17 20:02:30.138484
sz.000792,2025-09-16,2025-09-23,0.1385498046875,2025-09-17 20:02:30.138484
sz.000792,2025-09-16,2025-09-23,0.138427734375,2025-09-17 20:02:30.138484
sz.000792,2025-09-17,2025-09-24,0.198974609375,2025-09-17 20:02:30.138484
sz.000800,2025-09-15,2025-09-22,0.1966552734375,2025-09-17 20:02:30.138484
sz.000800,2025-09-16,2025-09-23,0.16162109375,2025-09-17 20:02:30.138484
sz.000800,2025-09-16,2025-09-23,0.16162109375,2025-09-17 20:02:30.138484
sz.000800,2025-09-17,2025-09-24,0.12200927734375,2025-09-17 20:02:30.138484
sz.000807,2025-09-15,2025-09-22,0.258056640625,2025-09-17 20:02:30.138484
sz.000807,2025-09-16,2025-09-23,0.2459716796875,2025-09-17 20:02:30.138484
sz.000807,2025-09-16,2025-09-23,0.246337890625,2025-09-17 20:02:30.138484
sz.000807,2025-09-17,2025-09-24,0.30517578125,2025-09-17 20:02:30.138484
sz.000858,2025-09-15,2025-09-22,0.16357421875,2025-09-17 20:02:30.138484
sz.000858,2025-09-16,2025-09-23,0.1383056640625,2025-09-17 20:02:30.138484
sz.000858,2025-09-16,2025-09-23,0.138427734375,2025-09-17 20:02:30.138484
sz.000858,2025-09-17,2025-09-24,0.1473388671875,2025-09-17 20:02:30.138484
sz.000876,2025-09-15,2025-09-22,0.2138671875,2025-09-17 20:02:30.138484
sz.000876,2025-09-16,2025-09-23,0.152587890625,2025-09-17 20:02:30.138484
sz.000876,2025-09-16,2025-09-23,0.1524658203125,2025-09-17 20:02:30.138484
sz.000876,2025-09-17,2025-09-24,0.12213134765625,2025-09-17 20:02:30.138484
sz.000895,2025-09-15,2025-09-22,0.191650390625,2025-09-17 20:02:30.138484
sz.000895,2025-09-16,2025-09-23,0.1739501953125,2025-09-17 20:02:30.138484
sz.000895,2025-09-16,2025-09-23,0.17431640625,2025-09-17 20:02:30.138484
sz.000895,2025-09-17,2025-09-24,0.14013671875,2025-09-17 20:02:30.138484
sz.000938,2025-09-15,2025-09-22,0.2073974609375,2025-09-17 20:02:30.138484
sz.000938,2025-09-16,2025-09-23,0.23779296875,2025-09-17 20:02:30.138484
sz.000938,2025-09-16,2025-09-23,0.2379150390625,2025-09-17 20:02:30.138484
sz.000938,2025-09-17,2025-09-24,0.2474365234375,2025-09-17 20:02:30.138484
sz.000963,2025-09-15,2025-09-22,0.10052490234375,2025-09-17 20:02:30.138484
sz.000963,2025-09-16,2025-09-23,0.1331787109375,2025-09-17 20:02:30.138484
sz.000963,2025-09-16,2025-09-23,0.1331787109375,2025-09-17 20:02:30.138484
sz.000963,2025-09-17,2025-09-24,0.1077880859375,2025-09-17 20:02:30.138484
sz.000975,2025-09-15,2025-09-22,0.190673828125,2025-09-17 20:02:30.138484
sz.000975,2025-09-16,2025-09-23,0.1939697265625,2025-09-17 20:02:30.138484
sz.000975,2025-09-16,2025-09-23,0.1943359375,2025-09-17 20:02:30.138484
sz.000975,2025-09-17,2025-09-24,0.1573486328125,2025-09-17 20:02:30.138484
sz.000977,2025-09-15,2025-09-22,0.1807861328125,2025-09-17 20:02:30.138484
sz.000977,2025-09-16,2025-09-23,0.228515625,2025-09-17 20:02:30.138484
sz.000977,2025-09-16,2025-09-23,0.229248046875,2025-09-17 20:02:30.138484
sz.000977,2025-09-17,2025-09-24,0.20849609375,2025-09-17 20:02:30.138484
sz.000983,2025-09-15,2025-09-22,0.1475830078125,2025-09-17 20:02:30.138484
sz.000983,2025-09-16,2025-09-23,0.14306640625,2025-09-17 20:02:30.138484
sz.000983,2025-09-16,2025-09-23,0.14306640625,2025-09-17 20:02:30.138484
sz.000983,2025-09-17,2025-09-24,0.18359375,2025-09-17 20:02:30.138484
sz.000999,2025-09-15,2025-09-22,0.40478515625,2025-09-17 20:02:30.138484
sz.000999,2025-09-16,2025-09-23,0.411865234375,2025-09-17 20:02:30.138484
sz.000999,2025-09-16,2025-09-23,0.41259765625,2025-09-17 20:02:30.138484
sz.000999,2025-09-17,2025-09-24,0.4765625,2025-09-17 20:02:30.138484
sz.001289,2025-09-15,2025-09-22,0.1224365234375,2025-09-17 20:02:30.138484
sz.001289,2025-09-16,2025-09-23,0.127197265625,2025-09-17 20:02:30.138484
sz.001289,2025-09-16,2025-09-23,0.1270751953125,2025-09-17 20:02:30.138484
sz.001289,2025-09-17,2025-09-24,0.137939453125,2025-09-17 20:02:30.138484
sz.001965,2025-09-15,2025-09-22,0.495849609375,2025-09-17 20:02:30.138484
sz.001965,2025-09-16,2025-09-23,0.52587890625,2025-09-17 20:02:30.138484
sz.001965,2025-09-16,2025-09-23,0.5263671875,2025-09-17 20:02:30.138484
sz.001965,2025-09-17,2025-09-24,0.53564453125,2025-09-17 20:02:30.138484
sz.001979,2025-09-15,2025-09-22,0.2001953125,2025-09-17 20:02:30.138484
sz.001979,2025-09-16,2025-09-23,0.216796875,2025-09-17 20:02:30.138484
sz.001979,2025-09-16,2025-09-23,0.216796875,2025-09-17 20:02:30.138484
sz.001979,2025-09-17,2025-09-24,0.22509765625,2025-09-17 20:02:30.138484
sz.002001,2025-09-15,2025-09-22,0.177001953125,2025-09-17 20:02:30.138484
sz.002001,2025-09-16,2025-09-23,0.17236328125,2025-09-17 20:02:30.138484
sz.002001,2025-09-16,2025-09-23,0.1728515625,2025-09-17 20:02:30.138484
sz.002001,2025-09-17,2025-09-24,0.2578125,2025-09-17 20:02:30.138484
sz.002027,2025-09-15,2025-09-22,0.20068359375,2025-09-17 20:02:30.138484
sz.002027,2025-09-16,2025-09-23,0.27392578125,2025-09-17 20:02:30.138484
sz.002027,2025-09-16,2025-09-23,0.274169921875,2025-09-17 20:02:30.138484
sz.002027,2025-09-17,2025-09-24,0.285888671875,2025-09-17 20:02:30.138484
sz.002028,2025-09-15,2025-09-22,0.227294921875,2025-09-17 20:02:30.138484
sz.002028,2025-09-16,2025-09-23,0.26416015625,2025-09-17 20:02:30.138484
sz.002028,2025-09-16,2025-09-23,0.26513671875,2025-09-17 20:02:30.138484
sz.002028,2025-09-17,2025-09-24,0.27685546875,2025-09-17 20:02:30.138484
sz.002049,2025-09-15,2025-09-22,0.14794921875,2025-09-17 20:02:30.138484
sz.002049,2025-09-16,2025-09-23,0.20751953125,2025-09-17 20:02:30.138484
sz.002049,2025-09-16,2025-09-23,0.2081298828125,2025-09-17 20:02:30.138484
sz.002049,2025-09-17,2025-09-24,0.16064453125,2025-09-17 20:02:30.138484
sz.002050,2025-09-15,2025-09-22,0.195556640625,2025-09-17 20:02:30.138484
sz.002050,2025-09-16,2025-09-23,0.262451171875,2025-09-17 20:02:30.138484
sz.002050,2025-09-16,2025-09-23,0.2626953125,2025-09-17 20:02:30.138484
sz.002050,2025-09-17,2025-09-24,0.32373046875,2025-09-17 20:02:30.138484
sz.002074,2025-09-15,2025-09-22,0.19189453125,2025-09-17 20:02:30.138484
sz.002074,2025-09-16,2025-09-23,0.310302734375,2025-09-17 20:02:30.138484
sz.002074,2025-09-16,2025-09-23,0.31005859375,2025-09-17 20:02:30.138484
sz.002074,2025-09-17,2025-09-24,0.2427978515625,2025-09-17 20:02:30.138484
sz.002129,2025-09-15,2025-09-22,0.102294921875,2025-09-17 20:02:30.138484
sz.002129,2025-09-16,2025-09-23,0.11676025390625,2025-09-17 20:02:30.138484
sz.002129,2025-09-16,2025-09-23,0.11676025390625,2025-09-17 20:02:30.138484
sz.002129,2025-09-17,2025-09-24,0.1268310546875,2025-09-17 20:02:30.138484
sz.002142,2025-09-15,2025-09-22,0.1439208984375,2025-09-17 20:02:30.138484
sz.002142,2025-09-16,2025-09-23,0.1385498046875,2025-09-17 20:02:30.138484
sz.002142,2025-09-16,2025-09-23,0.138671875,2025-09-17 20:02:30.138484
sz.002142,2025-09-17,2025-09-24,0.1348876953125,2025-09-17 20:02:30.138484
sz.002179,2025-09-15,2025-09-22,0.1282958984375,2025-09-17 20:02:30.138484
sz.002179,2025-09-16,2025-09-23,0.11297607421875,2025-09-17 20:02:30.138484
sz.002179,2025-09-16,2025-09-23,0.11279296875,2025-09-17 20:02:30.138484
sz.002179,2025-09-17,2025-09-24,0.23828125,2025-09-17 20:02:30.138484
sz.002180,2025-09-15,2025-09-22,0.1221923828125,2025-09-17 20:02:30.138484
sz.002180,2025-09-16,2025-09-23,0.167236328125,2025-09-17 20:02:30.138484
sz.002180,2025-09-16,2025-09-23,0.167236328125,2025-09-17 20:02:30.138484
sz.002180,2025-09-17,2025-09-24,0.08990478515625,2025-09-17 20:02:30.138484
sz.002230,2025-09-15,2025-09-22,0.1644287109375,2025-09-17 20:02:30.138484
sz.002230,2025-09-16,2025-09-23,0.194580078125,2025-09-17 20:02:30.138484
sz.002230,2025-09-16,2025-09-23,0.194580078125,2025-09-17 20:02:30.138484
sz.002230,2025-09-17,2025-09-24,0.212890625,2025-09-17 20:02:30.138484
sz.002236,2025-09-15,2025-09-22,0.200439453125,2025-09-17 20:02:30.138484
sz.002236,2025-09-16,2025-09-23,0.2305908203125,2025-09-17 20:02:30.138484
sz.002236,2025-09-16,2025-09-23,0.2305908203125,2025-09-17 20:02:30.138484
sz.002236,2025-09-17,2025-09-24,0.275634765625,2025-09-17 20:02:30.138484
sz.002241,2025-09-15,2025-09-22,0.27685546875,2025-09-17 20:02:30.138484
sz.002241,2025-09-16,2025-09-23,0.24365234375,2025-09-17 20:02:30.138484
sz.002241,2025-09-16,2025-09-23,0.2437744140625,2025-09-17 20:02:30.138484
sz.002241,2025-09-17,2025-09-24,0.2255859375,2025-09-17 20:02:30.138484
sz.002252,2025-09-15,2025-09-22,0.1279296875,2025-09-17 20:02:30.138484
sz.002252,2025-09-16,2025-09-23,0.0723876953125,2025-09-17 20:02:30.138484
sz.002252,2025-09-16,2025-09-23,0.0723876953125,2025-09-17 20:02:30.138484
sz.002252,2025-09-17,2025-09-24,0.13427734375,2025-09-17 20:02:30.138484
sz.002304,2025-09-15,2025-09-22,0.1651611328125,2025-09-17 20:02:30.138484
sz.002304,2025-09-16,2025-09-23,0.15771484375,2025-09-17 20:02:30.138484
sz.002304,2025-09-16,2025-09-23,0.1573486328125,2025-09-17 20:02:30.138484
sz.002304,2025-09-17,2025-09-24,0.1553955078125,2025-09-17 20:02:30.138484
sz.002311,2025-09-15,2025-09-22,0.206298828125,2025-09-17 20:02:30.138484
sz.002311,2025-09-16,2025-09-23,0.17236328125,2025-09-17 20:02:30.138484
sz.002311,2025-09-16,2025-09-23,0.1724853515625,2025-09-17 20:02:30.138484
sz.002311,2025-09-17,2025-09-24,0.1463623046875,2025-09-17 20:02:30.138484
sz.002352,2025-09-15,2025-09-22,0.45068359375,2025-09-17 20:02:30.138484
sz.002352,2025-09-16,2025-09-23,0.440673828125,2025-09-17 20:02:30.138484
sz.002352,2025-09-16,2025-09-23,0.4833984375,2025-09-17 20:02:30.138484
sz.002352,2025-09-17,2025-09-24,0.430908203125,2025-09-17 20:02:30.138484
sz.002371,2025-09-15,2025-09-22,0.26123046875,2025-09-17 20:02:30.138484
sz.002371,2025-09-16,2025-09-23,0.2193603515625,2025-09-17 20:02:30.138484
sz.002371,2025-09-16,2025-09-23,0.22021484375,2025-09-17 20:02:30.138484
sz.002371,2025-09-17,2025-09-24,0.18603515625,2025-09-17 20:02:30.138484
sz.002415,2025-09-15,2025-09-22,0.1600341796875,2025-09-17 20:02:30.138484
sz.002415,2025-09-16,2025-09-23,0.23681640625,2025-09-17 20:02:30.138484
sz.002415,2025-09-16,2025-09-23,0.237060546875,2025-09-17 20:02:30.138484
sz.002415,2025-09-17,2025-09-24,0.2099609375,2025-09-17 20:02:30.138484
sz.002422,2025-09-15,2025-09-22,0.093994140625,2025-09-17 20:02:30.138484
sz.002422,2025-09-16,2025-09-23,0.130615234375,2025-09-17 20:02:30.138484
sz.002422,2025-09-16,2025-09-23,0.1307373046875,2025-09-17 20:02:30.138484
sz.002422,2025-09-17,2025-09-24,0.14599609375,2025-09-17 20:02:30.138484
sz.002459,2025-09-15,2025-09-22,0.154296875,2025-09-17 20:02:30.138484
sz.002459,2025-09-16,2025-09-23,0.20947265625,2025-09-17 20:02:30.138484
sz.002459,2025-09-16,2025-09-23,0.208984375,2025-09-17 20:02:30.138484
sz.002459,2025-09-17,2025-09-24,0.2274169921875,2025-09-17 20:02:30.138484
sz.002460,2025-09-15,2025-09-22,0.21142578125,2025-09-17 20:02:30.138484
sz.002460,2025-09-16,2025-09-23,0.2462158203125,2025-09-17 20:02:30.138484
sz.002460,2025-09-16,2025-09-23,0.2459716796875,2025-09-17 20:02:30.138484
sz.002460,2025-09-17,2025-09-24,0.2230224609375,2025-09-17 20:02:30.138484
sz.002463,2025-09-15,2025-09-22,0.265625,2025-09-17 20:02:30.138484
sz.002463,2025-09-16,2025-09-23,0.2467041015625,2025-09-17 20:02:30.138484
sz.002463,2025-09-16,2025-09-23,0.247314453125,2025-09-17 20:02:30.138484
sz.002463,2025-09-17,2025-09-24,0.269287109375,2025-09-17 20:02:30.138484
sz.002466,2025-09-15,2025-09-22,0.2337646484375,2025-09-17 20:02:30.138484
sz.002466,2025-09-16,2025-09-23,0.1707763671875,2025-09-17 20:02:30.138484
sz.002466,2025-09-16,2025-09-23,0.1708984375,2025-09-17 20:02:30.138484
sz.002466,2025-09-17,2025-09-24,0.2137451171875,2025-09-17 20:02:30.138484
sz.002475,2025-09-15,2025-09-22,0.255615234375,2025-09-17 20:02:30.138484
sz.002475,2025-09-16,2025-09-23,0.2459716796875,2025-09-17 20:02:30.138484
sz.002475,2025-09-16,2025-09-23,0.2459716796875,2025-09-17 20:02:30.138484
sz.002475,2025-09-17,2025-09-24,0.290771484375,2025-09-17 20:02:30.138484
sz.002493,2025-09-15,2025-09-22,0.149658203125,2025-09-17 20:02:30.138484
sz.002493,2025-09-16,2025-09-23,0.130859375,2025-09-17 20:02:30.138484
sz.002493,2025-09-16,2025-09-23,0.1307373046875,2025-09-17 20:02:30.138484
sz.002493,2025-09-17,2025-09-24,0.1705322265625,2025-09-17 20:02:30.138484
sz.002594,2025-09-15,2025-09-22,0.09039306640625,2025-09-17 20:02:30.138484
sz.002594,2025-09-16,2025-09-23,0.134033203125,2025-09-17 20:02:30.138484
sz.002594,2025-09-16,2025-09-23,0.134033203125,2025-09-17 20:02:30.138484
sz.002594,2025-09-17,2025-09-24,0.1710205078125,2025-09-17 20:02:30.138484
sz.002600,2025-09-15,2025-09-22,0.28271484375,2025-09-17 20:02:30.138484
sz.002600,2025-09-16,2025-09-23,0.311279296875,2025-09-17 20:02:30.138484
sz.002600,2025-09-16,2025-09-23,0.311767578125,2025-09-17 20:02:30.138484
sz.002600,2025-09-17,2025-09-24,0.287353515625,2025-09-17 20:02:30.138484
sz.002601,2025-09-15,2025-09-22,0.18896484375,2025-09-17 20:02:30.138484
sz.002601,2025-09-16,2025-09-23,0.2264404296875,2025-09-17 20:02:30.138484
sz.002601,2025-09-16,2025-09-23,0.2265625,2025-09-17 20:02:30.138484
sz.002601,2025-09-17,2025-09-24,0.324462890625,2025-09-17 20:02:30.138484
sz.002648,2025-09-15,2025-09-22,0.1322021484375,2025-09-17 20:02:30.138484
sz.002648,2025-09-16,2025-09-23,0.15185546875,2025-09-17 20:02:30.138484
sz.002648,2025-09-16,2025-09-23,0.152099609375,2025-09-17 20:02:30.138484
sz.002648,2025-09-17,2025-09-24,0.25732421875,2025-09-17 20:02:30.138484
sz.002709,2025-09-15,2025-09-22,0.26904296875,2025-09-17 20:02:30.138484
sz.002709,2025-09-16,2025-09-23,0.270263671875,2025-09-17 20:02:30.138484
sz.002709,2025-09-16,2025-09-23,0.270263671875,2025-09-17 20:02:30.138484
sz.002709,2025-09-17,2025-09-24,0.276611328125,2025-09-17 20:02:30.138484
sz.002714,2025-09-15,2025-09-22,0.24658203125,2025-09-17 20:02:30.138484
sz.002714,2025-09-16,2025-09-23,0.2235107421875,2025-09-17 20:02:30.138484
sz.002714,2025-09-16,2025-09-23,0.2235107421875,2025-09-17 20:02:30.138484
sz.002714,2025-09-17,2025-09-24,0.2113037109375,2025-09-17 20:02:30.138484
sz.002736,2025-09-15,2025-09-22,0.1820068359375,2025-09-17 20:02:30.138484
sz.002736,2025-09-16,2025-09-23,0.167724609375,2025-09-17 20:02:30.138484
sz.002736,2025-09-16,2025-09-23,0.16845703125,2025-09-17 20:02:30.138484
sz.002736,2025-09-17,2025-09-24,0.199462890625,2025-09-17 20:02:30.138484
sz.002916,2025-09-15,2025-09-22,0.1602783203125,2025-09-17 20:02:30.138484
sz.002916,2025-09-16,2025-09-23,0.08154296875,2025-09-17 20:02:30.138484
sz.002916,2025-09-16,2025-09-23,0.08154296875,2025-09-17 20:02:30.138484
sz.002916,2025-09-17,2025-09-24,0.11517333984375,2025-09-17 20:02:30.138484
sz.002920,2025-09-15,2025-09-22,0.15576171875,2025-09-17 20:02:30.138484
sz.002920,2025-09-16,2025-09-23,0.2218017578125,2025-09-17 20:02:30.138484
sz.002920,2025-09-16,2025-09-23,0.2220458984375,2025-09-17 20:02:30.138484
sz.002920,2025-09-17,2025-09-24,0.2125244140625,2025-09-17 20:02:30.138484
sz.002938,2025-09-15,2025-09-22,0.1788330078125,2025-09-17 20:02:30.138484
sz.002938,2025-09-16,2025-09-23,0.1416015625,2025-09-17 20:02:30.138484
sz.002938,2025-09-16,2025-09-23,0.141845703125,2025-09-17 20:02:30.138484
sz.002938,2025-09-17,2025-09-24,0.19189453125,2025-09-17 20:02:30.138484
sz.003816,2025-09-15,2025-09-22,0.156982421875,2025-09-17 20:02:30.138484
sz.003816,2025-09-16,2025-09-23,0.15576171875,2025-09-17 20:02:30.138484
sz.003816,2025-09-16,2025-09-23,0.1563720703125,2025-09-17 20:02:30.138484
sz.003816,2025-09-17,2025-09-24,0.21044921875,2025-09-17 20:02:30.138484
sz.300014,2025-09-15,2025-09-22,0.177490234375,2025-09-17 20:02:30.138484
sz.300014,2025-09-16,2025-09-23,0.293212890625,2025-09-17 20:02:30.138484
sz.300014,2025-09-16,2025-09-23,0.293212890625,2025-09-17 20:02:30.138484
sz.300014,2025-09-17,2025-09-24,0.260498046875,2025-09-17 20:02:30.138484
sz.300015,2025-09-15,2025-09-22,0.10284423828125,2025-09-17 20:02:30.138484
sz.300015,2025-09-16,2025-09-23,0.126708984375,2025-09-17 20:02:30.138484
sz.300015,2025-09-16,2025-09-23,0.12646484375,2025-09-17 20:02:30.138484
sz.300015,2025-09-17,2025-09-24,0.1710205078125,2025-09-17 20:02:30.138484
sz.300033,2025-09-15,2025-09-22,0.2333984375,2025-09-17 20:02:30.138484
sz.300033,2025-09-16,2025-09-23,0.2467041015625,2025-09-17 20:02:30.138484
sz.300033,2025-09-16,2025-09-23,0.248046875,2025-09-17 20:02:30.138484
sz.300033,2025-09-17,2025-09-24,0.2432861328125,2025-09-17 20:02:30.138484
sz.300059,2025-09-15,2025-09-22,0.2147216796875,2025-09-17 20:02:30.138484
sz.300059,2025-09-16,2025-09-23,0.2293701171875,2025-09-17 20:02:30.138484
sz.300059,2025-09-16,2025-09-23,0.229248046875,2025-09-17 20:02:30.138484
sz.300059,2025-09-17,2025-09-24,0.2386474609375,2025-09-17 20:02:30.138484
sz.300122,2025-09-15,2025-09-22,0.1773681640625,2025-09-17 20:02:30.138484
sz.300122,2025-09-16,2025-09-23,0.1588134765625,2025-09-17 20:02:30.138484
sz.300122,2025-09-16,2025-09-23,0.15966796875,2025-09-17 20:02:30.138484
sz.300122,2025-09-17,2025-09-24,0.1527099609375,2025-09-17 20:02:30.138484
sz.300124,2025-09-15,2025-09-22,0.201171875,2025-09-17 20:02:30.138484
sz.300124,2025-09-16,2025-09-23,0.1998291015625,2025-09-17 20:02:30.138484
sz.300124,2025-09-16,2025-09-23,0.1998291015625,2025-09-17 20:02:30.138484
sz.300124,2025-09-17,2025-09-24,0.320556640625,2025-09-17 20:02:30.138484
sz.300274,2025-09-15,2025-09-22,0.1905517578125,2025-09-17 20:02:30.138484
sz.300274,2025-09-16,2025-09-23,0.293212890625,2025-09-17 20:02:30.138484
sz.300274,2025-09-16,2025-09-23,0.293701171875,2025-09-17 20:02:30.138484
sz.300274,2025-09-17,2025-09-24,0.29638671875,2025-09-17 20:02:30.138484
sz.300308,2025-09-15,2025-09-22,0.299560546875,2025-09-17 20:02:30.138484
sz.300308,2025-09-16,2025-09-23,0.302001953125,2025-09-17 20:02:30.138484
sz.300308,2025-09-16,2025-09-23,0.302734375,2025-09-17 20:02:30.138484
sz.300308,2025-09-17,2025-09-24,0.323486328125,2025-09-17 20:02:30.138484
sz.300316,2025-09-15,2025-09-22,0.174560546875,2025-09-17 20:02:30.138484
sz.300316,2025-09-16,2025-09-23,0.25732421875,2025-09-17 20:02:30.138484
sz.300316,2025-09-16,2025-09-23,0.25732421875,2025-09-17 20:02:30.138484
sz.300316,2025-09-17,2025-09-24,0.268310546875,2025-09-17 20:02:30.138484
sz.300347,2025-09-15,2025-09-22,0.132568359375,2025-09-17 20:02:30.138484
sz.300347,2025-09-16,2025-09-23,0.1580810546875,2025-09-17 20:02:30.138484
sz.300347,2025-09-16,2025-09-23,0.1583251953125,2025-09-17 20:02:30.138484
sz.300347,2025-09-17,2025-09-24,0.1719970703125,2025-09-17 20:02:30.138484
sz.300394,2025-09-15,2025-09-22,0.304443359375,2025-09-17 20:02:30.138484
sz.300394,2025-09-16,2025-09-23,0.27001953125,2025-09-17 20:02:30.138484
sz.300394,2025-09-16,2025-09-23,0.271240234375,2025-09-17 20:02:30.138484
sz.300394,2025-09-17,2025-09-24,0.332275390625,2025-09-17 20:02:30.138484
sz.300408,2025-09-15,2025-09-22,0.1719970703125,2025-09-17 20:02:30.138484
sz.300408,2025-09-16,2025-09-23,0.276611328125,2025-09-17 20:02:30.138484
sz.300408,2025-09-16,2025-09-23,0.275390625,2025-09-17 20:02:30.138484
sz.300408,2025-09-17,2025-09-24,0.1800537109375,2025-09-17 20:02:30.138484
sz.300413,2025-09-15,2025-09-22,0.23388671875,2025-09-17 20:02:30.138484
sz.300413,2025-09-16,2025-09-23,0.1829833984375,2025-09-17 20:02:30.138484
sz.300413,2025-09-16,2025-09-23,0.18310546875,2025-09-17 20:02:30.138484
sz.300413,2025-09-17,2025-09-24,0.262939453125,2025-09-17 20:02:30.138484
sz.300418,2025-09-15,2025-09-22,0.192138671875,2025-09-17 20:02:30.138484
sz.300418,2025-09-16,2025-09-23,0.2203369140625,2025-09-17 20:02:30.138484
sz.300418,2025-09-16,2025-09-23,0.22021484375,2025-09-17 20:02:30.138484
sz.300418,2025-09-17,2025-09-24,0.250244140625,2025-09-17 20:02:30.138484
sz.300433,2025-09-15,2025-09-22,0.199951171875,2025-09-17 20:02:30.138484
sz.300433,2025-09-16,2025-09-23,0.318359375,2025-09-17 20:02:30.138484
sz.300433,2025-09-16,2025-09-23,0.3193359375,2025-09-17 20:02:30.138484
sz.300433,2025-09-17,2025-09-24,0.2474365234375,2025-09-17 20:02:30.138484
sz.300442,2025-09-15,2025-09-22,0.1441650390625,2025-09-17 20:02:30.138484
sz.300442,2025-09-16,2025-09-23,0.16845703125,2025-09-17 20:02:30.138484
sz.300442,2025-09-16,2025-09-23,0.1688232421875,2025-09-17 20:02:30.138484
sz.300442,2025-09-17,2025-09-24,0.2130126953125,2025-09-17 20:02:30.138484
sz.300498,2025-09-15,2025-09-22,0.252685546875,2025-09-17 20:02:30.138484
sz.300498,2025-09-16,2025-09-23,0.1971435546875,2025-09-17 20:02:30.138484
sz.300498,2025-09-16,2025-09-23,0.1973876953125,2025-09-17 20:02:30.138484
sz.300498,2025-09-17,2025-09-24,0.268310546875,2025-09-17 20:02:30.138484
sz.300502,2025-09-15,2025-09-22,0.324462890625,2025-09-17 20:02:30.138484
sz.300502,2025-09-16,2025-09-23,0.27001953125,2025-09-17 20:02:30.138484
sz.300502,2025-09-16,2025-09-23,0.271240234375,2025-09-17 20:02:30.138484
sz.300502,2025-09-17,2025-09-24,0.3349609375,2025-09-17 20:02:30.138484
sz.300628,2025-09-15,2025-09-22,0.139892578125,2025-09-17 20:02:30.138484
sz.300628,2025-09-16,2025-09-23,0.1708984375,2025-09-17 20:02:30.138484
sz.300628,2025-09-16,2025-09-23,0.1708984375,2025-09-17 20:02:30.138484
sz.300628,2025-09-17,2025-09-24,0.1883544921875,2025-09-17 20:02:30.138484
sz.300661,2025-09-15,2025-09-22,0.303955078125,2025-09-17 20:02:30.138484
sz.300661,2025-09-16,2025-09-23,0.1519775390625,2025-09-17 20:02:30.138484
sz.300661,2025-09-16,2025-09-23,0.1519775390625,2025-09-17 20:02:30.138484
sz.300661,2025-09-17,2025-09-24,0.1256103515625,2025-09-17 20:02:30.138484
sz.300750,2025-09-15,2025-09-22,0.09552001953125,2025-09-17 20:02:30.138484
sz.300750,2025-09-16,2025-09-23,0.1689453125,2025-09-17 20:02:30.138484
sz.300750,2025-09-16,2025-09-23,0.1689453125,2025-09-17 20:02:30.138484
sz.300750,2025-09-17,2025-09-24,0.1826171875,2025-09-17 20:02:30.138484
sz.300759,2025-09-15,2025-09-22,0.2044677734375,2025-09-17 20:02:30.138484
sz.300759,2025-09-16,2025-09-23,0.281494140625,2025-09-17 20:02:30.138484
sz.300759,2025-09-16,2025-09-23,0.28173828125,2025-09-17 20:02:30.138484
sz.300759,2025-09-17,2025-09-24,0.2437744140625,2025-09-17 20:02:30.138484
sz.300760,2025-09-15,2025-09-22,0.144287109375,2025-09-17 20:02:30.138484
sz.300760,2025-09-16,2025-09-23,0.1279296875,2025-09-17 20:02:30.138484
sz.300760,2025-09-16,2025-09-23,0.1280517578125,2025-09-17 20:02:30.138484
sz.300760,2025-09-17,2025-09-24,0.11993408203125,2025-09-17 20:02:30.138484
sz.300782,2025-09-15,2025-09-22,0.14697265625,2025-09-17 20:02:30.138484
sz.300782,2025-09-16,2025-09-23,0.100341796875,2025-09-17 20:02:30.138484
sz.300782,2025-09-16,2025-09-23,0.1007080078125,2025-09-17 20:02:30.138484
sz.300782,2025-09-17,2025-09-24,0.0948486328125,2025-09-17 20:02:30.138484
sz.300832,2025-09-15,2025-09-22,0.2459716796875,2025-09-17 20:02:30.138484
sz.300832,2025-09-16,2025-09-23,0.298095703125,2025-09-17 20:02:30.138484
sz.300832,2025-09-16,2025-09-23,0.298583984375,2025-09-17 20:02:30.138484
sz.300832,2025-09-17,2025-09-24,0.232177734375,2025-09-17 20:02:30.138484
sz.300896,2025-09-15,2025-09-22,0.1376953125,2025-09-17 20:02:30.138484
sz.300896,2025-09-16,2025-09-23,0.139404296875,2025-09-17 20:02:30.138484
sz.300896,2025-09-16,2025-09-23,0.1395263671875,2025-09-17 20:02:30.138484
sz.300896,2025-09-17,2025-09-24,0.12646484375,2025-09-17 20:02:30.138484
sz.300979,2025-09-15,2025-09-22,0.10540771484375,2025-09-17 20:02:30.138484
sz.300979,2025-09-16,2025-09-23,0.1326904296875,2025-09-17 20:02:30.138484
sz.300979,2025-09-16,2025-09-23,0.1329345703125,2025-09-17 20:02:30.138484
sz.300979,2025-09-17,2025-09-24,0.22119140625,2025-09-17 20:02:30.138484
sz.300999,2025-09-15,2025-09-22,0.2120361328125,2025-09-17 20:02:30.138484
sz.300999,2025-09-16,2025-09-23,0.134033203125,2025-09-17 20:02:30.138484
sz.300999,2025-09-16,2025-09-23,0.134033203125,2025-09-17 20:02:30.138484
sz.300999,2025-09-17,2025-09-24,0.10125732421875,2025-09-17 20:02:30.138484
sz.301236,2025-09-15,2025-09-22,0.07080078125,2025-09-17 20:02:30.138484
sz.301236,2025-09-16,2025-09-23,0.09600830078125,2025-09-17 20:02:30.138484
sz.301236,2025-09-16,2025-09-23,0.095703125,2025-09-17 20:02:30.138484
sz.301236,2025-09-17,2025-09-24,0.1329345703125,2025-09-17 20:02:30.138484
sz.301269,2025-09-15,2025-09-22,0.131103515625,2025-09-17 20:02:30.138484
sz.301269,2025-09-16,2025-09-23,0.07501220703125,2025-09-17 20:02:30.138484
sz.301269,2025-09-16,2025-09-23,0.0762939453125,2025-09-17 20:02:30.138484
sz.301269,2025-09-17,2025-09-24,0.12432861328125,2025-09-17 20:02:30.138484
sz.302132,2025-09-15,2025-09-22,0.1456298828125,2025-09-17 20:02:30.138484
sz.302132,2025-09-16,2025-09-23,0.12042236328125,2025-09-17 20:02:30.138484
sz.302132,2025-09-16,2025-09-23,0.12139892578125,2025-09-17 20:02:30.138484
sz.302132,2025-09-17,2025-09-24,0.1590576171875,2025-09-17 20:02:30.138484
