code,time,target,score,predcit_time
sh.600000,2025-11-19,2025-11-26,0.081787109375,2025-11-21 20:04:23.923410
sh.600000,2025-11-19,2025-11-26,0.08135986328125,2025-11-21 20:04:23.923410
sh.600000,2025-11-19,2025-11-26,0.0810546875,2025-11-21 20:04:23.923410
sh.600000,2025-11-20,2025-11-27,0.0704345703125,2025-11-21 20:04:23.923410
sh.600000,2025-11-20,2025-11-27,0.070556640625,2025-11-21 20:04:23.923410
sh.600000,2025-11-20,2025-11-27,0.070556640625,2025-11-21 20:04:23.923410
sh.600000,2025-11-21,2025-11-28,0.129150390625,2025-11-21 20:04:23.923410
sh.600009,2025-11-19,2025-11-26,0.1302490234375,2025-11-21 20:04:23.923410
sh.600009,2025-11-19,2025-11-26,0.130126953125,2025-11-21 20:04:23.923410
sh.600009,2025-11-19,2025-11-26,0.1300048828125,2025-11-21 20:04:23.923410
sh.600009,2025-11-20,2025-11-27,0.110107421875,2025-11-21 20:04:23.923410
sh.600009,2025-11-20,2025-11-27,0.10992431640625,2025-11-21 20:04:23.923410
sh.600009,2025-11-20,2025-11-27,0.10992431640625,2025-11-21 20:04:23.923410
sh.600009,2025-11-21,2025-11-28,0.10992431640625,2025-11-21 20:04:23.923410
sh.600010,2025-11-19,2025-11-26,0.1356201171875,2025-11-21 20:04:23.923410
sh.600010,2025-11-19,2025-11-26,0.1353759765625,2025-11-21 20:04:23.923410
sh.600010,2025-11-19,2025-11-26,0.1353759765625,2025-11-21 20:04:23.923410
sh.600010,2025-11-20,2025-11-27,0.13232421875,2025-11-21 20:04:23.923410
sh.600010,2025-11-20,2025-11-27,0.132568359375,2025-11-21 20:04:23.923410
sh.600010,2025-11-20,2025-11-27,0.1329345703125,2025-11-21 20:04:23.923410
sh.600010,2025-11-21,2025-11-28,0.3642578125,2025-11-21 20:04:23.923410
sh.600011,2025-11-19,2025-11-26,0.09600830078125,2025-11-21 20:04:23.923410
sh.600011,2025-11-19,2025-11-26,0.09619140625,2025-11-21 20:04:23.923410
sh.600011,2025-11-19,2025-11-26,0.09600830078125,2025-11-21 20:04:23.923410
sh.600011,2025-11-20,2025-11-27,0.128173828125,2025-11-21 20:04:23.923410
sh.600011,2025-11-20,2025-11-27,0.1285400390625,2025-11-21 20:04:23.923410
sh.600011,2025-11-20,2025-11-27,0.1287841796875,2025-11-21 20:04:23.923410
sh.600011,2025-11-21,2025-11-28,0.18408203125,2025-11-21 20:04:23.923410
sh.600015,2025-11-19,2025-11-26,0.08758544921875,2025-11-21 20:04:23.923410
sh.600015,2025-11-19,2025-11-26,0.08758544921875,2025-11-21 20:04:23.923410
sh.600015,2025-11-19,2025-11-26,0.08709716796875,2025-11-21 20:04:23.923410
sh.600015,2025-11-20,2025-11-27,0.11126708984375,2025-11-21 20:04:23.923410
sh.600015,2025-11-20,2025-11-27,0.11126708984375,2025-11-21 20:04:23.923410
sh.600015,2025-11-20,2025-11-27,0.1114501953125,2025-11-21 20:04:23.923410
sh.600015,2025-11-21,2025-11-28,0.1427001953125,2025-11-21 20:04:23.923410
sh.600016,2025-11-19,2025-11-26,0.1121826171875,2025-11-21 20:04:23.923410
sh.600016,2025-11-19,2025-11-26,0.1121826171875,2025-11-21 20:04:23.923410
sh.600016,2025-11-19,2025-11-26,0.11199951171875,2025-11-21 20:04:23.923410
sh.600016,2025-11-20,2025-11-27,0.132080078125,2025-11-21 20:04:23.923410
sh.600016,2025-11-20,2025-11-27,0.1322021484375,2025-11-21 20:04:23.923410
sh.600016,2025-11-20,2025-11-27,0.13232421875,2025-11-21 20:04:23.923410
sh.600016,2025-11-21,2025-11-28,0.1265869140625,2025-11-21 20:04:23.923410
sh.600018,2025-11-19,2025-11-26,0.1070556640625,2025-11-21 20:04:23.923410
sh.600018,2025-11-19,2025-11-26,0.1070556640625,2025-11-21 20:04:23.923410
sh.600018,2025-11-19,2025-11-26,0.10723876953125,2025-11-21 20:04:23.923410
sh.600018,2025-11-20,2025-11-27,0.0782470703125,2025-11-21 20:04:23.923410
sh.600018,2025-11-20,2025-11-27,0.078369140625,2025-11-21 20:04:23.923410
sh.600018,2025-11-20,2025-11-27,0.0784912109375,2025-11-21 20:04:23.923410
sh.600018,2025-11-21,2025-11-28,0.17138671875,2025-11-21 20:04:23.923410
sh.600019,2025-11-19,2025-11-26,0.12127685546875,2025-11-21 20:04:23.923410
sh.600019,2025-11-19,2025-11-26,0.12139892578125,2025-11-21 20:04:23.923410
sh.600019,2025-11-19,2025-11-26,0.1217041015625,2025-11-21 20:04:23.923410
sh.600019,2025-11-20,2025-11-27,0.09771728515625,2025-11-21 20:04:23.923410
sh.600019,2025-11-20,2025-11-27,0.0982666015625,2025-11-21 20:04:23.923410
sh.600019,2025-11-20,2025-11-27,0.0987548828125,2025-11-21 20:04:23.923410
sh.600019,2025-11-21,2025-11-28,0.134033203125,2025-11-21 20:04:23.923410
sh.600023,2025-11-19,2025-11-26,0.2161865234375,2025-11-21 20:04:23.923410
sh.600023,2025-11-19,2025-11-26,0.216796875,2025-11-21 20:04:23.923410
sh.600023,2025-11-19,2025-11-26,0.21728515625,2025-11-21 20:04:23.923410
sh.600023,2025-11-20,2025-11-27,0.16650390625,2025-11-21 20:04:23.923410
sh.600023,2025-11-20,2025-11-27,0.1669921875,2025-11-21 20:04:23.923410
sh.600023,2025-11-20,2025-11-27,0.1673583984375,2025-11-21 20:04:23.923410
sh.600023,2025-11-21,2025-11-28,0.259033203125,2025-11-21 20:04:23.923410
sh.600025,2025-11-19,2025-11-26,0.1644287109375,2025-11-21 20:04:23.923410
sh.600025,2025-11-19,2025-11-26,0.1654052734375,2025-11-21 20:04:23.923410
sh.600025,2025-11-19,2025-11-26,0.1663818359375,2025-11-21 20:04:23.923410
sh.600025,2025-11-20,2025-11-27,0.08465576171875,2025-11-21 20:04:23.923410
sh.600025,2025-11-20,2025-11-27,0.08538818359375,2025-11-21 20:04:23.923410
sh.600025,2025-11-20,2025-11-27,0.08587646484375,2025-11-21 20:04:23.923410
sh.600025,2025-11-21,2025-11-28,0.16357421875,2025-11-21 20:04:23.923410
sh.600026,2025-11-19,2025-11-26,0.10394287109375,2025-11-21 20:04:23.923410
sh.600026,2025-11-19,2025-11-26,0.10394287109375,2025-11-21 20:04:23.923410
sh.600026,2025-11-19,2025-11-26,0.1041259765625,2025-11-21 20:04:23.923410
sh.600026,2025-11-20,2025-11-27,0.1231689453125,2025-11-21 20:04:23.923410
sh.600026,2025-11-20,2025-11-27,0.1231689453125,2025-11-21 20:04:23.923410
sh.600026,2025-11-20,2025-11-27,0.12322998046875,2025-11-21 20:04:23.923410
sh.600026,2025-11-21,2025-11-28,0.1258544921875,2025-11-21 20:04:23.923410
sh.600027,2025-11-19,2025-11-26,0.26220703125,2025-11-21 20:04:23.923410
sh.600027,2025-11-19,2025-11-26,0.262451171875,2025-11-21 20:04:23.923410
sh.600027,2025-11-19,2025-11-26,0.2626953125,2025-11-21 20:04:23.923410
sh.600027,2025-11-20,2025-11-27,0.16943359375,2025-11-21 20:04:23.923410
sh.600027,2025-11-20,2025-11-27,0.1697998046875,2025-11-21 20:04:23.923410
sh.600027,2025-11-20,2025-11-27,0.169921875,2025-11-21 20:04:23.923410
sh.600027,2025-11-21,2025-11-28,0.325439453125,2025-11-21 20:04:23.923410
sh.600028,2025-11-19,2025-11-26,0.1566162109375,2025-11-21 20:04:23.923410
sh.600028,2025-11-19,2025-11-26,0.1566162109375,2025-11-21 20:04:23.923410
sh.600028,2025-11-19,2025-11-26,0.156982421875,2025-11-21 20:04:23.923410
sh.600028,2025-11-20,2025-11-27,0.1788330078125,2025-11-21 20:04:23.923410
sh.600028,2025-11-20,2025-11-27,0.17919921875,2025-11-21 20:04:23.923410
sh.600028,2025-11-20,2025-11-27,0.1795654296875,2025-11-21 20:04:23.923410
sh.600028,2025-11-21,2025-11-28,0.1614990234375,2025-11-21 20:04:23.923410
sh.600029,2025-11-19,2025-11-26,0.102294921875,2025-11-21 20:04:23.923410
sh.600029,2025-11-19,2025-11-26,0.102294921875,2025-11-21 20:04:23.923410
sh.600029,2025-11-19,2025-11-26,0.102294921875,2025-11-21 20:04:23.923410
sh.600029,2025-11-20,2025-11-27,0.11968994140625,2025-11-21 20:04:23.923410
sh.600029,2025-11-20,2025-11-27,0.11968994140625,2025-11-21 20:04:23.923410
sh.600029,2025-11-20,2025-11-27,0.11968994140625,2025-11-21 20:04:23.923410
sh.600029,2025-11-21,2025-11-28,0.1224365234375,2025-11-21 20:04:23.923410
sh.600030,2025-11-19,2025-11-26,0.2264404296875,2025-11-21 20:04:23.923410
sh.600030,2025-11-19,2025-11-26,0.22607421875,2025-11-21 20:04:23.923410
sh.600030,2025-11-19,2025-11-26,0.226806640625,2025-11-21 20:04:23.923410
sh.600030,2025-11-20,2025-11-27,0.1314697265625,2025-11-21 20:04:23.923410
sh.600030,2025-11-20,2025-11-27,0.1314697265625,2025-11-21 20:04:23.923410
sh.600030,2025-11-20,2025-11-27,0.131591796875,2025-11-21 20:04:23.923410
sh.600030,2025-11-21,2025-11-28,0.325927734375,2025-11-21 20:04:23.923410
sh.600031,2025-11-19,2025-11-26,0.13671875,2025-11-21 20:04:23.923410
sh.600031,2025-11-19,2025-11-26,0.1368408203125,2025-11-21 20:04:23.923410
sh.600031,2025-11-19,2025-11-26,0.136962890625,2025-11-21 20:04:23.923410
sh.600031,2025-11-20,2025-11-27,0.0966796875,2025-11-21 20:04:23.923410
sh.600031,2025-11-20,2025-11-27,0.097412109375,2025-11-21 20:04:23.923410
sh.600031,2025-11-20,2025-11-27,0.09808349609375,2025-11-21 20:04:23.923410
sh.600031,2025-11-21,2025-11-28,0.1868896484375,2025-11-21 20:04:23.923410
sh.600036,2025-11-19,2025-11-26,0.0999755859375,2025-11-21 20:04:23.923410
sh.600036,2025-11-19,2025-11-26,0.10015869140625,2025-11-21 20:04:23.923410
sh.600036,2025-11-19,2025-11-26,0.10052490234375,2025-11-21 20:04:23.923410
sh.600036,2025-11-20,2025-11-27,0.09637451171875,2025-11-21 20:04:23.923410
sh.600036,2025-11-20,2025-11-27,0.0966796875,2025-11-21 20:04:23.923410
sh.600036,2025-11-20,2025-11-27,0.0970458984375,2025-11-21 20:04:23.923410
sh.600036,2025-11-21,2025-11-28,0.1187744140625,2025-11-21 20:04:23.923410
sh.600039,2025-11-19,2025-11-26,0.12335205078125,2025-11-21 20:04:23.923410
sh.600039,2025-11-19,2025-11-26,0.12322998046875,2025-11-21 20:04:23.923410
sh.600039,2025-11-19,2025-11-26,0.12335205078125,2025-11-21 20:04:23.923410
sh.600039,2025-11-20,2025-11-27,0.12335205078125,2025-11-21 20:04:23.923410
sh.600039,2025-11-20,2025-11-27,0.12347412109375,2025-11-21 20:04:23.923410
sh.600039,2025-11-20,2025-11-27,0.1239013671875,2025-11-21 20:04:23.923410
sh.600039,2025-11-21,2025-11-28,0.170654296875,2025-11-21 20:04:23.923410
sh.600048,2025-11-19,2025-11-26,0.2099609375,2025-11-21 20:04:23.923410
sh.600048,2025-11-19,2025-11-26,0.2099609375,2025-11-21 20:04:23.923410
sh.600048,2025-11-19,2025-11-26,0.2098388671875,2025-11-21 20:04:23.923410
sh.600048,2025-11-20,2025-11-27,0.10357666015625,2025-11-21 20:04:23.923410
sh.600048,2025-11-20,2025-11-27,0.10357666015625,2025-11-21 20:04:23.923410
sh.600048,2025-11-20,2025-11-27,0.10357666015625,2025-11-21 20:04:23.923410
sh.600048,2025-11-21,2025-11-28,0.2744140625,2025-11-21 20:04:23.923410
sh.600050,2025-11-19,2025-11-26,0.08038330078125,2025-11-21 20:04:23.923410
sh.600050,2025-11-19,2025-11-26,0.08050537109375,2025-11-21 20:04:23.923410
sh.600050,2025-11-19,2025-11-26,0.08062744140625,2025-11-21 20:04:23.923410
sh.600050,2025-11-20,2025-11-27,0.07763671875,2025-11-21 20:04:23.923410
sh.600050,2025-11-20,2025-11-27,0.0775146484375,2025-11-21 20:04:23.923410
sh.600050,2025-11-20,2025-11-27,0.0775146484375,2025-11-21 20:04:23.923410
sh.600050,2025-11-21,2025-11-28,0.14306640625,2025-11-21 20:04:23.923410
sh.600061,2025-11-19,2025-11-26,0.17724609375,2025-11-21 20:04:23.923410
sh.600061,2025-11-19,2025-11-26,0.17724609375,2025-11-21 20:04:23.923410
sh.600061,2025-11-19,2025-11-26,0.177490234375,2025-11-21 20:04:23.923410
sh.600061,2025-11-20,2025-11-27,0.1514892578125,2025-11-21 20:04:23.923410
sh.600061,2025-11-20,2025-11-27,0.1514892578125,2025-11-21 20:04:23.923410
sh.600061,2025-11-20,2025-11-27,0.1517333984375,2025-11-21 20:04:23.923410
sh.600061,2025-11-21,2025-11-28,0.44140625,2025-11-21 20:04:23.923410
sh.600066,2025-11-19,2025-11-26,0.10760498046875,2025-11-21 20:04:23.923410
sh.600066,2025-11-19,2025-11-26,0.1077880859375,2025-11-21 20:04:23.923410
sh.600066,2025-11-19,2025-11-26,0.1077880859375,2025-11-21 20:04:23.923410
sh.600066,2025-11-20,2025-11-27,0.11578369140625,2025-11-21 20:04:23.923410
sh.600066,2025-11-20,2025-11-27,0.1163330078125,2025-11-21 20:04:23.923410
sh.600066,2025-11-20,2025-11-27,0.11676025390625,2025-11-21 20:04:23.923410
sh.600066,2025-11-21,2025-11-28,0.137939453125,2025-11-21 20:04:23.923410
sh.600085,2025-11-19,2025-11-26,0.1373291015625,2025-11-21 20:04:23.923410
sh.600085,2025-11-19,2025-11-26,0.1373291015625,2025-11-21 20:04:23.923410
sh.600085,2025-11-19,2025-11-26,0.1370849609375,2025-11-21 20:04:23.923410
sh.600085,2025-11-20,2025-11-27,0.1253662109375,2025-11-21 20:04:23.923410
sh.600085,2025-11-20,2025-11-27,0.1253662109375,2025-11-21 20:04:23.923410
sh.600085,2025-11-20,2025-11-27,0.1251220703125,2025-11-21 20:04:23.923410
sh.600085,2025-11-21,2025-11-28,0.12445068359375,2025-11-21 20:04:23.923410
sh.600089,2025-11-19,2025-11-26,0.10211181640625,2025-11-21 20:04:23.923410
sh.600089,2025-11-19,2025-11-26,0.102294921875,2025-11-21 20:04:23.923410
sh.600089,2025-11-19,2025-11-26,0.10302734375,2025-11-21 20:04:23.923410
sh.600089,2025-11-20,2025-11-27,0.10858154296875,2025-11-21 20:04:23.923410
sh.600089,2025-11-20,2025-11-27,0.10894775390625,2025-11-21 20:04:23.923410
sh.600089,2025-11-20,2025-11-27,0.1094970703125,2025-11-21 20:04:23.923410
sh.600089,2025-11-21,2025-11-28,0.126220703125,2025-11-21 20:04:23.923410
sh.600104,2025-11-19,2025-11-26,0.1783447265625,2025-11-21 20:04:23.923410
sh.600104,2025-11-19,2025-11-26,0.1783447265625,2025-11-21 20:04:23.923410
sh.600104,2025-11-19,2025-11-26,0.1787109375,2025-11-21 20:04:23.923410
sh.600104,2025-11-20,2025-11-27,0.219482421875,2025-11-21 20:04:23.923410
sh.600104,2025-11-20,2025-11-27,0.2197265625,2025-11-21 20:04:23.923410
sh.600104,2025-11-20,2025-11-27,0.219970703125,2025-11-21 20:04:23.923410
sh.600104,2025-11-21,2025-11-28,0.448974609375,2025-11-21 20:04:23.923410
sh.600111,2025-11-19,2025-11-26,0.07977294921875,2025-11-21 20:04:23.923410
sh.600111,2025-11-19,2025-11-26,0.07989501953125,2025-11-21 20:04:23.923410
sh.600111,2025-11-19,2025-11-26,0.0802001953125,2025-11-21 20:04:23.923410
sh.600111,2025-11-20,2025-11-27,0.080078125,2025-11-21 20:04:23.923410
sh.600111,2025-11-20,2025-11-27,0.0802001953125,2025-11-21 20:04:23.923410
sh.600111,2025-11-20,2025-11-27,0.08038330078125,2025-11-21 20:04:23.923410
sh.600111,2025-11-21,2025-11-28,0.1754150390625,2025-11-21 20:04:23.923410
sh.600115,2025-11-19,2025-11-26,0.10760498046875,2025-11-21 20:04:23.923410
sh.600115,2025-11-19,2025-11-26,0.10760498046875,2025-11-21 20:04:23.923410
sh.600115,2025-11-19,2025-11-26,0.10760498046875,2025-11-21 20:04:23.923410
sh.600115,2025-11-20,2025-11-27,0.102294921875,2025-11-21 20:04:23.923410
sh.600115,2025-11-20,2025-11-27,0.10247802734375,2025-11-21 20:04:23.923410
sh.600115,2025-11-20,2025-11-27,0.10284423828125,2025-11-21 20:04:23.923410
sh.600115,2025-11-21,2025-11-28,0.11126708984375,2025-11-21 20:04:23.923410
sh.600150,2025-11-19,2025-11-26,0.23876953125,2025-11-21 20:04:23.923410
sh.600150,2025-11-19,2025-11-26,0.2381591796875,2025-11-21 20:04:23.923410
sh.600150,2025-11-19,2025-11-26,0.2374267578125,2025-11-21 20:04:23.923410
sh.600150,2025-11-20,2025-11-27,0.1336669921875,2025-11-21 20:04:23.923410
sh.600150,2025-11-20,2025-11-27,0.1339111328125,2025-11-21 20:04:23.923410
sh.600150,2025-11-20,2025-11-27,0.1341552734375,2025-11-21 20:04:23.923410
sh.600150,2025-11-21,2025-11-28,0.09503173828125,2025-11-21 20:04:23.923410
sh.600160,2025-11-19,2025-11-26,0.06854248046875,2025-11-21 20:04:23.923410
sh.600160,2025-11-19,2025-11-26,0.06878662109375,2025-11-21 20:04:23.923410
sh.600160,2025-11-19,2025-11-26,0.06890869140625,2025-11-21 20:04:23.923410
sh.600160,2025-11-20,2025-11-27,0.10723876953125,2025-11-21 20:04:23.923410
sh.600160,2025-11-20,2025-11-27,0.107421875,2025-11-21 20:04:23.923410
sh.600160,2025-11-20,2025-11-27,0.1077880859375,2025-11-21 20:04:23.923410
sh.600160,2025-11-21,2025-11-28,0.166259765625,2025-11-21 20:04:23.923410
sh.600161,2025-11-19,2025-11-26,0.140625,2025-11-21 20:04:23.923410
sh.600161,2025-11-19,2025-11-26,0.140625,2025-11-21 20:04:23.923410
sh.600161,2025-11-19,2025-11-26,0.1405029296875,2025-11-21 20:04:23.923410
sh.600161,2025-11-20,2025-11-27,0.26513671875,2025-11-21 20:04:23.923410
sh.600161,2025-11-20,2025-11-27,0.265380859375,2025-11-21 20:04:23.923410
sh.600161,2025-11-20,2025-11-27,0.265380859375,2025-11-21 20:04:23.923410
sh.600161,2025-11-21,2025-11-28,0.4658203125,2025-11-21 20:04:23.923410
sh.600176,2025-11-19,2025-11-26,0.1285400390625,2025-11-21 20:04:23.923410
sh.600176,2025-11-19,2025-11-26,0.1285400390625,2025-11-21 20:04:23.923410
sh.600176,2025-11-19,2025-11-26,0.1285400390625,2025-11-21 20:04:23.923410
sh.600176,2025-11-20,2025-11-27,0.11419677734375,2025-11-21 20:04:23.923410
sh.600176,2025-11-20,2025-11-27,0.11419677734375,2025-11-21 20:04:23.923410
sh.600176,2025-11-20,2025-11-27,0.1143798828125,2025-11-21 20:04:23.923410
sh.600176,2025-11-21,2025-11-28,0.292236328125,2025-11-21 20:04:23.923410
sh.600183,2025-11-19,2025-11-26,0.18798828125,2025-11-21 20:04:23.923410
sh.600183,2025-11-19,2025-11-26,0.188720703125,2025-11-21 20:04:23.923410
sh.600183,2025-11-19,2025-11-26,0.189697265625,2025-11-21 20:04:23.923410
sh.600183,2025-11-20,2025-11-27,0.1485595703125,2025-11-21 20:04:23.923410
sh.600183,2025-11-20,2025-11-27,0.14892578125,2025-11-21 20:04:23.923410
sh.600183,2025-11-20,2025-11-27,0.1492919921875,2025-11-21 20:04:23.923410
sh.600183,2025-11-21,2025-11-28,0.265625,2025-11-21 20:04:23.923410
sh.600188,2025-11-19,2025-11-26,0.1217041015625,2025-11-21 20:04:23.923410
sh.600188,2025-11-19,2025-11-26,0.12176513671875,2025-11-21 20:04:23.923410
sh.600188,2025-11-19,2025-11-26,0.12139892578125,2025-11-21 20:04:23.923410
sh.600188,2025-11-20,2025-11-27,0.1505126953125,2025-11-21 20:04:23.923410
sh.600188,2025-11-20,2025-11-27,0.1507568359375,2025-11-21 20:04:23.923410
sh.600188,2025-11-20,2025-11-27,0.1510009765625,2025-11-21 20:04:23.923410
sh.600188,2025-11-21,2025-11-28,0.34716796875,2025-11-21 20:04:23.923410
sh.600196,2025-11-19,2025-11-26,0.13427734375,2025-11-21 20:04:23.923410
sh.600196,2025-11-19,2025-11-26,0.1341552734375,2025-11-21 20:04:23.923410
sh.600196,2025-11-19,2025-11-26,0.1341552734375,2025-11-21 20:04:23.923410
sh.600196,2025-11-20,2025-11-27,0.2142333984375,2025-11-21 20:04:23.923410
sh.600196,2025-11-20,2025-11-27,0.21435546875,2025-11-21 20:04:23.923410
sh.600196,2025-11-20,2025-11-27,0.21435546875,2025-11-21 20:04:23.923410
sh.600196,2025-11-21,2025-11-28,0.38818359375,2025-11-21 20:04:23.923410
sh.600219,2025-11-19,2025-11-26,0.126220703125,2025-11-21 20:04:23.923410
sh.600219,2025-11-19,2025-11-26,0.12646484375,2025-11-21 20:04:23.923410
sh.600219,2025-11-19,2025-11-26,0.12744140625,2025-11-21 20:04:23.923410
sh.600219,2025-11-20,2025-11-27,0.1397705078125,2025-11-21 20:04:23.923410
sh.600219,2025-11-20,2025-11-27,0.1397705078125,2025-11-21 20:04:23.923410
sh.600219,2025-11-20,2025-11-27,0.14013671875,2025-11-21 20:04:23.923410
sh.600219,2025-11-21,2025-11-28,0.132568359375,2025-11-21 20:04:23.923410
sh.600233,2025-11-19,2025-11-26,0.0863037109375,2025-11-21 20:04:23.923410
sh.600233,2025-11-19,2025-11-26,0.0863037109375,2025-11-21 20:04:23.923410
sh.600233,2025-11-19,2025-11-26,0.08660888671875,2025-11-21 20:04:23.923410
sh.600233,2025-11-20,2025-11-27,0.08819580078125,2025-11-21 20:04:23.923410
sh.600233,2025-11-20,2025-11-27,0.0880126953125,2025-11-21 20:04:23.923410
sh.600233,2025-11-20,2025-11-27,0.087890625,2025-11-21 20:04:23.923410
sh.600233,2025-11-21,2025-11-28,0.07318115234375,2025-11-21 20:04:23.923410
sh.600276,2025-11-19,2025-11-26,0.1298828125,2025-11-21 20:04:23.923410
sh.600276,2025-11-19,2025-11-26,0.130126953125,2025-11-21 20:04:23.923410
sh.600276,2025-11-19,2025-11-26,0.1300048828125,2025-11-21 20:04:23.923410
sh.600276,2025-11-20,2025-11-27,0.1353759765625,2025-11-21 20:04:23.923410
sh.600276,2025-11-20,2025-11-27,0.1356201171875,2025-11-21 20:04:23.923410
sh.600276,2025-11-20,2025-11-27,0.1357421875,2025-11-21 20:04:23.923410
sh.600276,2025-11-21,2025-11-28,0.192138671875,2025-11-21 20:04:23.923410
sh.600309,2025-11-19,2025-11-26,0.12158203125,2025-11-21 20:04:23.923410
sh.600309,2025-11-19,2025-11-26,0.1217041015625,2025-11-21 20:04:23.923410
sh.600309,2025-11-19,2025-11-26,0.12249755859375,2025-11-21 20:04:23.923410
sh.600309,2025-11-20,2025-11-27,0.1259765625,2025-11-21 20:04:23.923410
sh.600309,2025-11-20,2025-11-27,0.1259765625,2025-11-21 20:04:23.923410
sh.600309,2025-11-20,2025-11-27,0.1260986328125,2025-11-21 20:04:23.923410
sh.600309,2025-11-21,2025-11-28,0.126220703125,2025-11-21 20:04:23.923410
sh.600332,2025-11-19,2025-11-26,0.1278076171875,2025-11-21 20:04:23.923410
sh.600332,2025-11-19,2025-11-26,0.1275634765625,2025-11-21 20:04:23.923410
sh.600332,2025-11-19,2025-11-26,0.1275634765625,2025-11-21 20:04:23.923410
sh.600332,2025-11-20,2025-11-27,0.1251220703125,2025-11-21 20:04:23.923410
sh.600332,2025-11-20,2025-11-27,0.1251220703125,2025-11-21 20:04:23.923410
sh.600332,2025-11-20,2025-11-27,0.1251220703125,2025-11-21 20:04:23.923410
sh.600332,2025-11-21,2025-11-28,0.1251220703125,2025-11-21 20:04:23.923410
sh.600346,2025-11-19,2025-11-26,0.158203125,2025-11-21 20:04:23.923410
sh.600346,2025-11-19,2025-11-26,0.1583251953125,2025-11-21 20:04:23.923410
sh.600346,2025-11-19,2025-11-26,0.1585693359375,2025-11-21 20:04:23.923410
sh.600346,2025-11-20,2025-11-27,0.139892578125,2025-11-21 20:04:23.923410
sh.600346,2025-11-20,2025-11-27,0.139892578125,2025-11-21 20:04:23.923410
sh.600346,2025-11-20,2025-11-27,0.139892578125,2025-11-21 20:04:23.923410
sh.600346,2025-11-21,2025-11-28,0.1221923828125,2025-11-21 20:04:23.923410
sh.600362,2025-11-19,2025-11-26,0.157958984375,2025-11-21 20:04:23.923410
sh.600362,2025-11-19,2025-11-26,0.1583251953125,2025-11-21 20:04:23.923410
sh.600362,2025-11-19,2025-11-26,0.1593017578125,2025-11-21 20:04:23.923410
sh.600362,2025-11-20,2025-11-27,0.1510009765625,2025-11-21 20:04:23.923410
sh.600362,2025-11-20,2025-11-27,0.1514892578125,2025-11-21 20:04:23.923410
sh.600362,2025-11-20,2025-11-27,0.1517333984375,2025-11-21 20:04:23.923410
sh.600362,2025-11-21,2025-11-28,0.396728515625,2025-11-21 20:04:23.923410
sh.600372,2025-11-19,2025-11-26,0.10174560546875,2025-11-21 20:04:23.923410
sh.600372,2025-11-19,2025-11-26,0.10174560546875,2025-11-21 20:04:23.923410
sh.600372,2025-11-19,2025-11-26,0.10174560546875,2025-11-21 20:04:23.923410
sh.600372,2025-11-20,2025-11-27,0.1368408203125,2025-11-21 20:04:23.923410
sh.600372,2025-11-20,2025-11-27,0.13671875,2025-11-21 20:04:23.923410
sh.600372,2025-11-20,2025-11-27,0.13671875,2025-11-21 20:04:23.923410
sh.600372,2025-11-21,2025-11-28,0.11181640625,2025-11-21 20:04:23.923410
sh.600377,2025-11-19,2025-11-26,0.1488037109375,2025-11-21 20:04:23.923410
sh.600377,2025-11-19,2025-11-26,0.1497802734375,2025-11-21 20:04:23.923410
sh.600377,2025-11-19,2025-11-26,0.1502685546875,2025-11-21 20:04:23.923410
sh.600377,2025-11-20,2025-11-27,0.2076416015625,2025-11-21 20:04:23.923410
sh.600377,2025-11-20,2025-11-27,0.2081298828125,2025-11-21 20:04:23.923410
sh.600377,2025-11-20,2025-11-27,0.208984375,2025-11-21 20:04:23.923410
sh.600377,2025-11-21,2025-11-28,0.167236328125,2025-11-21 20:04:23.923410
sh.600406,2025-11-19,2025-11-26,0.1866455078125,2025-11-21 20:04:23.923410
sh.600406,2025-11-19,2025-11-26,0.1868896484375,2025-11-21 20:04:23.923410
sh.600406,2025-11-19,2025-11-26,0.187255859375,2025-11-21 20:04:23.923410
sh.600406,2025-11-20,2025-11-27,0.2139892578125,2025-11-21 20:04:23.923410
sh.600406,2025-11-20,2025-11-27,0.21435546875,2025-11-21 20:04:23.923410
sh.600406,2025-11-20,2025-11-27,0.2144775390625,2025-11-21 20:04:23.923410
sh.600406,2025-11-21,2025-11-28,0.405517578125,2025-11-21 20:04:23.923410
sh.600415,2025-11-19,2025-11-26,0.1474609375,2025-11-21 20:04:23.923410
sh.600415,2025-11-19,2025-11-26,0.147705078125,2025-11-21 20:04:23.923410
sh.600415,2025-11-19,2025-11-26,0.1480712890625,2025-11-21 20:04:23.923410
sh.600415,2025-11-20,2025-11-27,0.2366943359375,2025-11-21 20:04:23.923410
sh.600415,2025-11-20,2025-11-27,0.23681640625,2025-11-21 20:04:23.923410
sh.600415,2025-11-20,2025-11-27,0.23779296875,2025-11-21 20:04:23.923410
sh.600415,2025-11-21,2025-11-28,0.35888671875,2025-11-21 20:04:23.923410
sh.600426,2025-11-19,2025-11-26,0.1422119140625,2025-11-21 20:04:23.923410
sh.600426,2025-11-19,2025-11-26,0.1422119140625,2025-11-21 20:04:23.923410
sh.600426,2025-11-19,2025-11-26,0.1424560546875,2025-11-21 20:04:23.923410
sh.600426,2025-11-20,2025-11-27,0.109130859375,2025-11-21 20:04:23.923410
sh.600426,2025-11-20,2025-11-27,0.10931396484375,2025-11-21 20:04:23.923410
sh.600426,2025-11-20,2025-11-27,0.1094970703125,2025-11-21 20:04:23.923410
sh.600426,2025-11-21,2025-11-28,0.12127685546875,2025-11-21 20:04:23.923410
sh.600436,2025-11-19,2025-11-26,0.120849609375,2025-11-21 20:04:23.923410
sh.600436,2025-11-19,2025-11-26,0.12066650390625,2025-11-21 20:04:23.923410
sh.600436,2025-11-19,2025-11-26,0.120361328125,2025-11-21 20:04:23.923410
sh.600436,2025-11-20,2025-11-27,0.09619140625,2025-11-21 20:04:23.923410
sh.600436,2025-11-20,2025-11-27,0.09619140625,2025-11-21 20:04:23.923410
sh.600436,2025-11-20,2025-11-27,0.09619140625,2025-11-21 20:04:23.923410
sh.600436,2025-11-21,2025-11-28,0.08331298828125,2025-11-21 20:04:23.923410
sh.600438,2025-11-19,2025-11-26,0.1259765625,2025-11-21 20:04:23.923410
sh.600438,2025-11-19,2025-11-26,0.1258544921875,2025-11-21 20:04:23.923410
sh.600438,2025-11-19,2025-11-26,0.125732421875,2025-11-21 20:04:23.923410
sh.600438,2025-11-20,2025-11-27,0.12890625,2025-11-21 20:04:23.923410
sh.600438,2025-11-20,2025-11-27,0.1287841796875,2025-11-21 20:04:23.923410
sh.600438,2025-11-20,2025-11-27,0.1287841796875,2025-11-21 20:04:23.923410
sh.600438,2025-11-21,2025-11-28,0.1558837890625,2025-11-21 20:04:23.923410
sh.600460,2025-11-19,2025-11-26,0.13623046875,2025-11-21 20:04:23.923410
sh.600460,2025-11-19,2025-11-26,0.1361083984375,2025-11-21 20:04:23.923410
sh.600460,2025-11-19,2025-11-26,0.135986328125,2025-11-21 20:04:23.923410
sh.600460,2025-11-20,2025-11-27,0.1435546875,2025-11-21 20:04:23.923410
sh.600460,2025-11-20,2025-11-27,0.1436767578125,2025-11-21 20:04:23.923410
sh.600460,2025-11-20,2025-11-27,0.1436767578125,2025-11-21 20:04:23.923410
sh.600460,2025-11-21,2025-11-28,0.295654296875,2025-11-21 20:04:23.923410
sh.600482,2025-11-19,2025-11-26,0.1505126953125,2025-11-21 20:04:23.923410
sh.600482,2025-11-19,2025-11-26,0.150390625,2025-11-21 20:04:23.923410
sh.600482,2025-11-19,2025-11-26,0.1500244140625,2025-11-21 20:04:23.923410
sh.600482,2025-11-20,2025-11-27,0.1475830078125,2025-11-21 20:04:23.923410
sh.600482,2025-11-20,2025-11-27,0.147705078125,2025-11-21 20:04:23.923410
sh.600482,2025-11-20,2025-11-27,0.14794921875,2025-11-21 20:04:23.923410
sh.600482,2025-11-21,2025-11-28,0.15576171875,2025-11-21 20:04:23.923410
sh.600489,2025-11-19,2025-11-26,0.10107421875,2025-11-21 20:04:23.923410
sh.600489,2025-11-19,2025-11-26,0.10107421875,2025-11-21 20:04:23.923410
sh.600489,2025-11-19,2025-11-26,0.10089111328125,2025-11-21 20:04:23.923410
sh.600489,2025-11-20,2025-11-27,0.09979248046875,2025-11-21 20:04:23.923410
sh.600489,2025-11-20,2025-11-27,0.10015869140625,2025-11-21 20:04:23.923410
sh.600489,2025-11-20,2025-11-27,0.100341796875,2025-11-21 20:04:23.923410
sh.600489,2025-11-21,2025-11-28,0.12139892578125,2025-11-21 20:04:23.923410
sh.600515,2025-11-19,2025-11-26,0.1202392578125,2025-11-21 20:04:23.923410
sh.600515,2025-11-19,2025-11-26,0.1202392578125,2025-11-21 20:04:23.923410
sh.600515,2025-11-19,2025-11-26,0.1201171875,2025-11-21 20:04:23.923410
sh.600515,2025-11-20,2025-11-27,0.07611083984375,2025-11-21 20:04:23.923410
sh.600515,2025-11-20,2025-11-27,0.07611083984375,2025-11-21 20:04:23.923410
sh.600515,2025-11-20,2025-11-27,0.0762939453125,2025-11-21 20:04:23.923410
sh.600515,2025-11-21,2025-11-28,0.10467529296875,2025-11-21 20:04:23.923410
sh.600519,2025-11-19,2025-11-26,0.1231689453125,2025-11-21 20:04:23.923410
sh.600519,2025-11-19,2025-11-26,0.123046875,2025-11-21 20:04:23.923410
sh.600519,2025-11-19,2025-11-26,0.123046875,2025-11-21 20:04:23.923410
sh.600519,2025-11-20,2025-11-27,0.1104736328125,2025-11-21 20:04:23.923410
sh.600519,2025-11-20,2025-11-27,0.1104736328125,2025-11-21 20:04:23.923410
sh.600519,2025-11-20,2025-11-27,0.11065673828125,2025-11-21 20:04:23.923410
sh.600519,2025-11-21,2025-11-28,0.11163330078125,2025-11-21 20:04:23.923410
sh.600547,2025-11-19,2025-11-26,0.1495361328125,2025-11-21 20:04:23.923410
sh.600547,2025-11-19,2025-11-26,0.1494140625,2025-11-21 20:04:23.923410
sh.600547,2025-11-19,2025-11-26,0.1492919921875,2025-11-21 20:04:23.923410
sh.600547,2025-11-20,2025-11-27,0.1007080078125,2025-11-21 20:04:23.923410
sh.600547,2025-11-20,2025-11-27,0.10089111328125,2025-11-21 20:04:23.923410
sh.600547,2025-11-20,2025-11-27,0.10107421875,2025-11-21 20:04:23.923410
sh.600547,2025-11-21,2025-11-28,0.0987548828125,2025-11-21 20:04:23.923410
sh.600570,2025-11-19,2025-11-26,0.10540771484375,2025-11-21 20:04:23.923410
sh.600570,2025-11-19,2025-11-26,0.105224609375,2025-11-21 20:04:23.923410
sh.600570,2025-11-19,2025-11-26,0.105224609375,2025-11-21 20:04:23.923410
sh.600570,2025-11-20,2025-11-27,0.1251220703125,2025-11-21 20:04:23.923410
sh.600570,2025-11-20,2025-11-27,0.125244140625,2025-11-21 20:04:23.923410
sh.600570,2025-11-20,2025-11-27,0.1251220703125,2025-11-21 20:04:23.923410
sh.600570,2025-11-21,2025-11-28,0.141357421875,2025-11-21 20:04:23.923410
sh.600584,2025-11-19,2025-11-26,0.153564453125,2025-11-21 20:04:23.923410
sh.600584,2025-11-19,2025-11-26,0.153564453125,2025-11-21 20:04:23.923410
sh.600584,2025-11-19,2025-11-26,0.1536865234375,2025-11-21 20:04:23.923410
sh.600584,2025-11-20,2025-11-27,0.171142578125,2025-11-21 20:04:23.923410
sh.600584,2025-11-20,2025-11-27,0.17138671875,2025-11-21 20:04:23.923410
sh.600584,2025-11-20,2025-11-27,0.171630859375,2025-11-21 20:04:23.923410
sh.600584,2025-11-21,2025-11-28,0.3701171875,2025-11-21 20:04:23.923410
sh.600585,2025-11-19,2025-11-26,0.133056640625,2025-11-21 20:04:23.923410
sh.600585,2025-11-19,2025-11-26,0.1331787109375,2025-11-21 20:04:23.923410
sh.600585,2025-11-19,2025-11-26,0.1331787109375,2025-11-21 20:04:23.923410
sh.600585,2025-11-20,2025-11-27,0.0703125,2025-11-21 20:04:23.923410
sh.600585,2025-11-20,2025-11-27,0.0704345703125,2025-11-21 20:04:23.923410
sh.600585,2025-11-20,2025-11-27,0.0704345703125,2025-11-21 20:04:23.923410
sh.600585,2025-11-21,2025-11-28,0.10614013671875,2025-11-21 20:04:23.923410
sh.600588,2025-11-19,2025-11-26,0.12115478515625,2025-11-21 20:04:23.923410
sh.600588,2025-11-19,2025-11-26,0.1209716796875,2025-11-21 20:04:23.923410
sh.600588,2025-11-19,2025-11-26,0.12103271484375,2025-11-21 20:04:23.923410
sh.600588,2025-11-20,2025-11-27,0.1279296875,2025-11-21 20:04:23.923410
sh.600588,2025-11-20,2025-11-27,0.1278076171875,2025-11-21 20:04:23.923410
sh.600588,2025-11-20,2025-11-27,0.1278076171875,2025-11-21 20:04:23.923410
sh.600588,2025-11-21,2025-11-28,0.1253662109375,2025-11-21 20:04:23.923410
sh.600600,2025-11-19,2025-11-26,0.10052490234375,2025-11-21 20:04:23.923410
sh.600600,2025-11-19,2025-11-26,0.100341796875,2025-11-21 20:04:23.923410
sh.600600,2025-11-19,2025-11-26,0.100341796875,2025-11-21 20:04:23.923410
sh.600600,2025-11-20,2025-11-27,0.0755615234375,2025-11-21 20:04:23.923410
sh.600600,2025-11-20,2025-11-27,0.0755615234375,2025-11-21 20:04:23.923410
sh.600600,2025-11-20,2025-11-27,0.07574462890625,2025-11-21 20:04:23.923410
sh.600600,2025-11-21,2025-11-28,0.1292724609375,2025-11-21 20:04:23.923410
sh.600660,2025-11-19,2025-11-26,0.1710205078125,2025-11-21 20:04:23.923410
sh.600660,2025-11-19,2025-11-26,0.171875,2025-11-21 20:04:23.923410
sh.600660,2025-11-19,2025-11-26,0.1724853515625,2025-11-21 20:04:23.923410
sh.600660,2025-11-20,2025-11-27,0.179443359375,2025-11-21 20:04:23.923410
sh.600660,2025-11-20,2025-11-27,0.1798095703125,2025-11-21 20:04:23.923410
sh.600660,2025-11-20,2025-11-27,0.1802978515625,2025-11-21 20:04:23.923410
sh.600660,2025-11-21,2025-11-28,0.368896484375,2025-11-21 20:04:23.923410
sh.600674,2025-11-19,2025-11-26,0.22216796875,2025-11-21 20:04:23.923410
sh.600674,2025-11-19,2025-11-26,0.2225341796875,2025-11-21 20:04:23.923410
sh.600674,2025-11-19,2025-11-26,0.2225341796875,2025-11-21 20:04:23.923410
sh.600674,2025-11-20,2025-11-27,0.20166015625,2025-11-21 20:04:23.923410
sh.600674,2025-11-20,2025-11-27,0.2021484375,2025-11-21 20:04:23.923410
sh.600674,2025-11-20,2025-11-27,0.202392578125,2025-11-21 20:04:23.923410
sh.600674,2025-11-21,2025-11-28,0.3046875,2025-11-21 20:04:23.923410
sh.600690,2025-11-19,2025-11-26,0.0775146484375,2025-11-21 20:04:23.923410
sh.600690,2025-11-19,2025-11-26,0.07794189453125,2025-11-21 20:04:23.923410
sh.600690,2025-11-19,2025-11-26,0.0782470703125,2025-11-21 20:04:23.923410
sh.600690,2025-11-20,2025-11-27,0.07135009765625,2025-11-21 20:04:23.923410
sh.600690,2025-11-20,2025-11-27,0.07147216796875,2025-11-21 20:04:23.923410
sh.600690,2025-11-20,2025-11-27,0.07171630859375,2025-11-21 20:04:23.923410
sh.600690,2025-11-21,2025-11-28,0.0816650390625,2025-11-21 20:04:23.923410
sh.600741,2025-11-19,2025-11-26,0.0987548828125,2025-11-21 20:04:23.923410
sh.600741,2025-11-19,2025-11-26,0.09893798828125,2025-11-21 20:04:23.923410
sh.600741,2025-11-19,2025-11-26,0.09893798828125,2025-11-21 20:04:23.923410
sh.600741,2025-11-20,2025-11-27,0.1370849609375,2025-11-21 20:04:23.923410
sh.600741,2025-11-20,2025-11-27,0.1370849609375,2025-11-21 20:04:23.923410
sh.600741,2025-11-20,2025-11-27,0.13720703125,2025-11-21 20:04:23.923410
sh.600741,2025-11-21,2025-11-28,0.291015625,2025-11-21 20:04:23.923410
sh.600760,2025-11-19,2025-11-26,0.08538818359375,2025-11-21 20:04:23.923410
sh.600760,2025-11-19,2025-11-26,0.08538818359375,2025-11-21 20:04:23.923410
sh.600760,2025-11-19,2025-11-26,0.08526611328125,2025-11-21 20:04:23.923410
sh.600760,2025-11-20,2025-11-27,0.11419677734375,2025-11-21 20:04:23.923410
sh.600760,2025-11-20,2025-11-27,0.1143798828125,2025-11-21 20:04:23.923410
sh.600760,2025-11-20,2025-11-27,0.11456298828125,2025-11-21 20:04:23.923410
sh.600760,2025-11-21,2025-11-28,0.114990234375,2025-11-21 20:04:23.923410
sh.600795,2025-11-19,2025-11-26,0.21240234375,2025-11-21 20:04:23.923410
sh.600795,2025-11-19,2025-11-26,0.2113037109375,2025-11-21 20:04:23.923410
sh.600795,2025-11-19,2025-11-26,0.21044921875,2025-11-21 20:04:23.923410
sh.600795,2025-11-20,2025-11-27,0.106689453125,2025-11-21 20:04:23.923410
sh.600795,2025-11-20,2025-11-27,0.10687255859375,2025-11-21 20:04:23.923410
sh.600795,2025-11-20,2025-11-27,0.10723876953125,2025-11-21 20:04:23.923410
sh.600795,2025-11-21,2025-11-28,0.1143798828125,2025-11-21 20:04:23.923410
sh.600803,2025-11-19,2025-11-26,0.0948486328125,2025-11-21 20:04:23.923410
sh.600803,2025-11-19,2025-11-26,0.09503173828125,2025-11-21 20:04:23.923410
sh.600803,2025-11-19,2025-11-26,0.09515380859375,2025-11-21 20:04:23.923410
sh.600803,2025-11-20,2025-11-27,0.1363525390625,2025-11-21 20:04:23.923410
sh.600803,2025-11-20,2025-11-27,0.13671875,2025-11-21 20:04:23.923410
sh.600803,2025-11-20,2025-11-27,0.1368408203125,2025-11-21 20:04:23.923410
sh.600803,2025-11-21,2025-11-28,0.12176513671875,2025-11-21 20:04:23.923410
sh.600809,2025-11-19,2025-11-26,0.126708984375,2025-11-21 20:04:23.923410
sh.600809,2025-11-19,2025-11-26,0.1268310546875,2025-11-21 20:04:23.923410
sh.600809,2025-11-19,2025-11-26,0.1268310546875,2025-11-21 20:04:23.923410
sh.600809,2025-11-20,2025-11-27,0.1195068359375,2025-11-21 20:04:23.923410
sh.600809,2025-11-20,2025-11-27,0.1195068359375,2025-11-21 20:04:23.923410
sh.600809,2025-11-20,2025-11-27,0.11962890625,2025-11-21 20:04:23.923410
sh.600809,2025-11-21,2025-11-28,0.1070556640625,2025-11-21 20:04:23.923410
sh.600845,2025-11-19,2025-11-26,0.1416015625,2025-11-21 20:04:23.923410
sh.600845,2025-11-19,2025-11-26,0.1416015625,2025-11-21 20:04:23.923410
sh.600845,2025-11-19,2025-11-26,0.1414794921875,2025-11-21 20:04:23.923410
sh.600845,2025-11-20,2025-11-27,0.12335205078125,2025-11-21 20:04:23.923410
sh.600845,2025-11-20,2025-11-27,0.12335205078125,2025-11-21 20:04:23.923410
sh.600845,2025-11-20,2025-11-27,0.12335205078125,2025-11-21 20:04:23.923410
sh.600845,2025-11-21,2025-11-28,0.35400390625,2025-11-21 20:04:23.923410
sh.600875,2025-11-19,2025-11-26,0.0953369140625,2025-11-21 20:04:23.923410
sh.600875,2025-11-19,2025-11-26,0.09552001953125,2025-11-21 20:04:23.923410
sh.600875,2025-11-19,2025-11-26,0.095703125,2025-11-21 20:04:23.923410
sh.600875,2025-11-20,2025-11-27,0.13134765625,2025-11-21 20:04:23.923410
sh.600875,2025-11-20,2025-11-27,0.13134765625,2025-11-21 20:04:23.923410
sh.600875,2025-11-20,2025-11-27,0.131591796875,2025-11-21 20:04:23.923410
sh.600875,2025-11-21,2025-11-28,0.203369140625,2025-11-21 20:04:23.923410
sh.600886,2025-11-19,2025-11-26,0.32080078125,2025-11-21 20:04:23.923410
sh.600886,2025-11-19,2025-11-26,0.321044921875,2025-11-21 20:04:23.923410
sh.600886,2025-11-19,2025-11-26,0.321533203125,2025-11-21 20:04:23.923410
sh.600886,2025-11-20,2025-11-27,0.172607421875,2025-11-21 20:04:23.923410
sh.600886,2025-11-20,2025-11-27,0.17333984375,2025-11-21 20:04:23.923410
sh.600886,2025-11-20,2025-11-27,0.173828125,2025-11-21 20:04:23.923410
sh.600886,2025-11-21,2025-11-28,0.2406005859375,2025-11-21 20:04:23.923410
sh.600887,2025-11-19,2025-11-26,0.2042236328125,2025-11-21 20:04:23.923410
sh.600887,2025-11-19,2025-11-26,0.2042236328125,2025-11-21 20:04:23.923410
sh.600887,2025-11-19,2025-11-26,0.204345703125,2025-11-21 20:04:23.923410
sh.600887,2025-11-20,2025-11-27,0.1536865234375,2025-11-21 20:04:23.923410
sh.600887,2025-11-20,2025-11-27,0.153564453125,2025-11-21 20:04:23.923410
sh.600887,2025-11-20,2025-11-27,0.1539306640625,2025-11-21 20:04:23.923410
sh.600887,2025-11-21,2025-11-28,0.11993408203125,2025-11-21 20:04:23.923410
sh.600893,2025-11-19,2025-11-26,0.10540771484375,2025-11-21 20:04:23.923410
sh.600893,2025-11-19,2025-11-26,0.1055908203125,2025-11-21 20:04:23.923410
sh.600893,2025-11-19,2025-11-26,0.1055908203125,2025-11-21 20:04:23.923410
sh.600893,2025-11-20,2025-11-27,0.16748046875,2025-11-21 20:04:23.923410
sh.600893,2025-11-20,2025-11-27,0.1676025390625,2025-11-21 20:04:23.923410
sh.600893,2025-11-20,2025-11-27,0.1676025390625,2025-11-21 20:04:23.923410
sh.600893,2025-11-21,2025-11-28,0.296142578125,2025-11-21 20:04:23.923410
sh.600900,2025-11-19,2025-11-26,0.07611083984375,2025-11-21 20:04:23.923410
sh.600900,2025-11-19,2025-11-26,0.076416015625,2025-11-21 20:04:23.923410
sh.600900,2025-11-19,2025-11-26,0.07666015625,2025-11-21 20:04:23.923410
sh.600900,2025-11-20,2025-11-27,0.10894775390625,2025-11-21 20:04:23.923410
sh.600900,2025-11-20,2025-11-27,0.109130859375,2025-11-21 20:04:23.923410
sh.600900,2025-11-20,2025-11-27,0.1094970703125,2025-11-21 20:04:23.923410
sh.600900,2025-11-21,2025-11-28,0.1153564453125,2025-11-21 20:04:23.923410
sh.600905,2025-11-19,2025-11-26,0.11279296875,2025-11-21 20:04:23.923410
sh.600905,2025-11-19,2025-11-26,0.1121826171875,2025-11-21 20:04:23.923410
sh.600905,2025-11-19,2025-11-26,0.11199951171875,2025-11-21 20:04:23.923410
sh.600905,2025-11-20,2025-11-27,0.11163330078125,2025-11-21 20:04:23.923410
sh.600905,2025-11-20,2025-11-27,0.1114501953125,2025-11-21 20:04:23.923410
sh.600905,2025-11-20,2025-11-27,0.11102294921875,2025-11-21 20:04:23.923410
sh.600905,2025-11-21,2025-11-28,0.2059326171875,2025-11-21 20:04:23.923410
sh.600918,2025-11-19,2025-11-26,0.140380859375,2025-11-21 20:04:23.923410
sh.600918,2025-11-19,2025-11-26,0.1328125,2025-11-21 20:04:23.923410
sh.600918,2025-11-19,2025-11-26,0.1317138671875,2025-11-21 20:04:23.923410
sh.600918,2025-11-20,2025-11-27,0.145263671875,2025-11-21 20:04:23.923410
sh.600918,2025-11-20,2025-11-27,0.144775390625,2025-11-21 20:04:23.923410
sh.600918,2025-11-20,2025-11-27,0.14453125,2025-11-21 20:04:23.923410
sh.600918,2025-11-21,2025-11-28,0.1387939453125,2025-11-21 20:04:23.923410
sh.600919,2025-11-19,2025-11-26,0.1439208984375,2025-11-21 20:04:23.923410
sh.600919,2025-11-19,2025-11-26,0.14306640625,2025-11-21 20:04:23.923410
sh.600919,2025-11-19,2025-11-26,0.1414794921875,2025-11-21 20:04:23.923410
sh.600919,2025-11-20,2025-11-27,0.07318115234375,2025-11-21 20:04:23.923410
sh.600919,2025-11-20,2025-11-27,0.07342529296875,2025-11-21 20:04:23.923410
sh.600919,2025-11-20,2025-11-27,0.07354736328125,2025-11-21 20:04:23.923410
sh.600919,2025-11-21,2025-11-28,0.134521484375,2025-11-21 20:04:23.923410
sh.600926,2025-11-19,2025-11-26,0.07684326171875,2025-11-21 20:04:23.923410
sh.600926,2025-11-19,2025-11-26,0.07696533203125,2025-11-21 20:04:23.923410
sh.600926,2025-11-19,2025-11-26,0.07696533203125,2025-11-21 20:04:23.923410
sh.600926,2025-11-20,2025-11-27,0.06671142578125,2025-11-21 20:04:23.923410
sh.600926,2025-11-20,2025-11-27,0.06683349609375,2025-11-21 20:04:23.923410
sh.600926,2025-11-20,2025-11-27,0.06683349609375,2025-11-21 20:04:23.923410
sh.600926,2025-11-21,2025-11-28,0.1181640625,2025-11-21 20:04:23.923410
sh.600938,2025-11-19,2025-11-26,0.16357421875,2025-11-21 20:04:23.923410
sh.600938,2025-11-19,2025-11-26,0.163330078125,2025-11-21 20:04:23.923410
sh.600938,2025-11-19,2025-11-26,0.16357421875,2025-11-21 20:04:23.923410
sh.600938,2025-11-20,2025-11-27,0.10931396484375,2025-11-21 20:04:23.923410
sh.600938,2025-11-20,2025-11-27,0.110107421875,2025-11-21 20:04:23.923410
sh.600938,2025-11-20,2025-11-27,0.11083984375,2025-11-21 20:04:23.923410
sh.600938,2025-11-21,2025-11-28,0.144287109375,2025-11-21 20:04:23.923410
sh.600941,2025-11-19,2025-11-26,0.134765625,2025-11-21 20:04:23.923410
sh.600941,2025-11-19,2025-11-26,0.1351318359375,2025-11-21 20:04:23.923410
sh.600941,2025-11-19,2025-11-26,0.135498046875,2025-11-21 20:04:23.923410
sh.600941,2025-11-20,2025-11-27,0.1171875,2025-11-21 20:04:23.923410
sh.600941,2025-11-20,2025-11-27,0.1171875,2025-11-21 20:04:23.923410
sh.600941,2025-11-20,2025-11-27,0.07666015625,2025-11-21 20:04:23.923410
sh.600941,2025-11-21,2025-11-28,0.0894775390625,2025-11-21 20:04:23.923410
sh.600958,2025-11-19,2025-11-26,0.07366943359375,2025-11-21 20:04:23.923410
sh.600958,2025-11-19,2025-11-26,0.0738525390625,2025-11-21 20:04:23.923410
sh.600958,2025-11-19,2025-11-26,0.073974609375,2025-11-21 20:04:23.923410
sh.600958,2025-11-20,2025-11-27,0.097900390625,2025-11-21 20:04:23.923410
sh.600958,2025-11-20,2025-11-27,0.097900390625,2025-11-21 20:04:23.923410
sh.600958,2025-11-20,2025-11-27,0.097900390625,2025-11-21 20:04:23.923410
sh.600958,2025-11-21,2025-11-28,0.12213134765625,2025-11-21 20:04:23.923410
sh.600989,2025-11-19,2025-11-26,0.35791015625,2025-11-21 20:04:23.923410
sh.600989,2025-11-19,2025-11-26,0.13720703125,2025-11-21 20:04:23.923410
sh.600989,2025-11-19,2025-11-26,0.1357421875,2025-11-21 20:04:23.923410
sh.600989,2025-11-20,2025-11-27,0.1175537109375,2025-11-21 20:04:23.923410
sh.600989,2025-11-20,2025-11-27,0.1175537109375,2025-11-21 20:04:23.923410
sh.600989,2025-11-20,2025-11-27,0.1177978515625,2025-11-21 20:04:23.923410
sh.600989,2025-11-21,2025-11-28,0.1361083984375,2025-11-21 20:04:23.923410
sh.600999,2025-11-19,2025-11-26,0.281494140625,2025-11-21 20:04:23.923410
sh.600999,2025-11-19,2025-11-26,0.281494140625,2025-11-21 20:04:23.923410
sh.600999,2025-11-19,2025-11-26,0.28173828125,2025-11-21 20:04:23.923410
sh.600999,2025-11-20,2025-11-27,0.139892578125,2025-11-21 20:04:23.923410
sh.600999,2025-11-20,2025-11-27,0.139892578125,2025-11-21 20:04:23.923410
sh.600999,2025-11-20,2025-11-27,0.14013671875,2025-11-21 20:04:23.923410
sh.600999,2025-11-21,2025-11-28,0.407470703125,2025-11-21 20:04:23.923410
sh.601006,2025-11-19,2025-11-26,0.22119140625,2025-11-21 20:04:23.923410
sh.601006,2025-11-19,2025-11-26,0.2213134765625,2025-11-21 20:04:23.923410
sh.601006,2025-11-19,2025-11-26,0.22119140625,2025-11-21 20:04:23.923410
sh.601006,2025-11-20,2025-11-27,0.191162109375,2025-11-21 20:04:23.923410
sh.601006,2025-11-20,2025-11-27,0.191162109375,2025-11-21 20:04:23.923410
sh.601006,2025-11-20,2025-11-27,0.1912841796875,2025-11-21 20:04:23.923410
sh.601006,2025-11-21,2025-11-28,0.370361328125,2025-11-21 20:04:23.923410
sh.601009,2025-11-19,2025-11-26,0.1356201171875,2025-11-21 20:04:23.923410
sh.601009,2025-11-19,2025-11-26,0.1356201171875,2025-11-21 20:04:23.923410
sh.601009,2025-11-19,2025-11-26,0.1358642578125,2025-11-21 20:04:23.923410
sh.601009,2025-11-20,2025-11-27,0.06982421875,2025-11-21 20:04:23.923410
sh.601009,2025-11-20,2025-11-27,0.06982421875,2025-11-21 20:04:23.923410
sh.601009,2025-11-20,2025-11-27,0.0782470703125,2025-11-21 20:04:23.923410
sh.601009,2025-11-21,2025-11-28,0.10723876953125,2025-11-21 20:04:23.923410
sh.601012,2025-11-19,2025-11-26,0.09930419921875,2025-11-21 20:04:23.923410
sh.601012,2025-11-19,2025-11-26,0.09930419921875,2025-11-21 20:04:23.923410
sh.601012,2025-11-19,2025-11-26,0.09912109375,2025-11-21 20:04:23.923410
sh.601012,2025-11-20,2025-11-27,0.1279296875,2025-11-21 20:04:23.923410
sh.601012,2025-11-20,2025-11-27,0.1279296875,2025-11-21 20:04:23.923410
sh.601012,2025-11-20,2025-11-27,0.1279296875,2025-11-21 20:04:23.923410
sh.601012,2025-11-21,2025-11-28,0.23779296875,2025-11-21 20:04:23.923410
sh.601021,2025-11-19,2025-11-26,0.150634765625,2025-11-21 20:04:23.923410
sh.601021,2025-11-19,2025-11-26,0.1483154296875,2025-11-21 20:04:23.923410
sh.601021,2025-11-19,2025-11-26,0.147705078125,2025-11-21 20:04:23.923410
sh.601021,2025-11-20,2025-11-27,0.12054443359375,2025-11-21 20:04:23.923410
sh.601021,2025-11-20,2025-11-27,0.12066650390625,2025-11-21 20:04:23.923410
sh.601021,2025-11-20,2025-11-27,0.120849609375,2025-11-21 20:04:23.923410
sh.601021,2025-11-21,2025-11-28,0.10797119140625,2025-11-21 20:04:23.923410
sh.601058,2025-11-19,2025-11-26,0.080078125,2025-11-21 20:04:23.923410
sh.601058,2025-11-19,2025-11-26,0.080078125,2025-11-21 20:04:23.923410
sh.601058,2025-11-19,2025-11-26,0.0802001953125,2025-11-21 20:04:23.923410
sh.601058,2025-11-20,2025-11-27,0.1397705078125,2025-11-21 20:04:23.923410
sh.601058,2025-11-20,2025-11-27,0.1400146484375,2025-11-21 20:04:23.923410
sh.601058,2025-11-20,2025-11-27,0.1405029296875,2025-11-21 20:04:23.923410
sh.601058,2025-11-21,2025-11-28,0.1270751953125,2025-11-21 20:04:23.923410
sh.601066,2025-11-19,2025-11-26,0.3193359375,2025-11-21 20:04:23.923410
sh.601066,2025-11-19,2025-11-26,0.31982421875,2025-11-21 20:04:23.923410
sh.601066,2025-11-19,2025-11-26,0.31884765625,2025-11-21 20:04:23.923410
sh.601066,2025-11-20,2025-11-27,0.1343994140625,2025-11-21 20:04:23.923410
sh.601066,2025-11-20,2025-11-27,0.1343994140625,2025-11-21 20:04:23.923410
sh.601066,2025-11-20,2025-11-27,0.134521484375,2025-11-21 20:04:23.923410
sh.601066,2025-11-21,2025-11-28,0.1864013671875,2025-11-21 20:04:23.923410
sh.601077,2025-11-19,2025-11-26,0.08660888671875,2025-11-21 20:04:23.923410
sh.601077,2025-11-19,2025-11-26,0.0872802734375,2025-11-21 20:04:23.923410
sh.601077,2025-11-19,2025-11-26,0.087890625,2025-11-21 20:04:23.923410
sh.601077,2025-11-20,2025-11-27,0.0809326171875,2025-11-21 20:04:23.923410
sh.601077,2025-11-20,2025-11-27,0.08135986328125,2025-11-21 20:04:23.923410
sh.601077,2025-11-20,2025-11-27,0.08197021484375,2025-11-21 20:04:23.923410
sh.601077,2025-11-21,2025-11-28,0.158447265625,2025-11-21 20:04:23.923410
sh.601088,2025-11-19,2025-11-26,0.07965087890625,2025-11-21 20:04:23.923410
sh.601088,2025-11-19,2025-11-26,0.0794677734375,2025-11-21 20:04:23.923410
sh.601088,2025-11-19,2025-11-26,0.0792236328125,2025-11-21 20:04:23.923410
sh.601088,2025-11-20,2025-11-27,0.10723876953125,2025-11-21 20:04:23.923410
sh.601088,2025-11-20,2025-11-27,0.107421875,2025-11-21 20:04:23.923410
sh.601088,2025-11-20,2025-11-27,0.1077880859375,2025-11-21 20:04:23.923410
sh.601088,2025-11-21,2025-11-28,0.13232421875,2025-11-21 20:04:23.923410
sh.601100,2025-11-19,2025-11-26,0.11962890625,2025-11-21 20:04:23.923410
sh.601100,2025-11-19,2025-11-26,0.11962890625,2025-11-21 20:04:23.923410
sh.601100,2025-11-19,2025-11-26,0.11962890625,2025-11-21 20:04:23.923410
sh.601100,2025-11-20,2025-11-27,0.09136962890625,2025-11-21 20:04:23.923410
sh.601100,2025-11-20,2025-11-27,0.09124755859375,2025-11-21 20:04:23.923410
sh.601100,2025-11-20,2025-11-27,0.09039306640625,2025-11-21 20:04:23.923410
sh.601100,2025-11-21,2025-11-28,0.07147216796875,2025-11-21 20:04:23.923410
sh.601111,2025-11-19,2025-11-26,0.0830078125,2025-11-21 20:04:23.923410
sh.601111,2025-11-19,2025-11-26,0.0830078125,2025-11-21 20:04:23.923410
sh.601111,2025-11-19,2025-11-26,0.0831298828125,2025-11-21 20:04:23.923410
sh.601111,2025-11-20,2025-11-27,0.1175537109375,2025-11-21 20:04:23.923410
sh.601111,2025-11-20,2025-11-27,0.1177978515625,2025-11-21 20:04:23.923410
sh.601111,2025-11-20,2025-11-27,0.1175537109375,2025-11-21 20:04:23.923410
sh.601111,2025-11-21,2025-11-28,0.12115478515625,2025-11-21 20:04:23.923410
sh.601117,2025-11-19,2025-11-26,0.12115478515625,2025-11-21 20:04:23.923410
sh.601117,2025-11-19,2025-11-26,0.12127685546875,2025-11-21 20:04:23.923410
sh.601117,2025-11-19,2025-11-26,0.12127685546875,2025-11-21 20:04:23.923410
sh.601117,2025-11-20,2025-11-27,0.1143798828125,2025-11-21 20:04:23.923410
sh.601117,2025-11-20,2025-11-27,0.1143798828125,2025-11-21 20:04:23.923410
sh.601117,2025-11-20,2025-11-27,0.11474609375,2025-11-21 20:04:23.923410
sh.601117,2025-11-21,2025-11-28,0.234619140625,2025-11-21 20:04:23.923410
sh.601127,2025-11-19,2025-11-26,0.205078125,2025-11-21 20:04:23.923410
sh.601127,2025-11-19,2025-11-26,0.2060546875,2025-11-21 20:04:23.923410
sh.601127,2025-11-19,2025-11-26,0.206787109375,2025-11-21 20:04:23.923410
sh.601127,2025-11-20,2025-11-27,0.1949462890625,2025-11-21 20:04:23.923410
sh.601127,2025-11-20,2025-11-27,0.196044921875,2025-11-21 20:04:23.923410
sh.601127,2025-11-20,2025-11-27,0.196533203125,2025-11-21 20:04:23.923410
sh.601127,2025-11-21,2025-11-28,0.352783203125,2025-11-21 20:04:23.923410
sh.601136,2025-11-19,2025-11-26,0.110107421875,2025-11-21 20:04:23.923410
sh.601136,2025-11-19,2025-11-26,0.110107421875,2025-11-21 20:04:23.923410
sh.601136,2025-11-19,2025-11-26,0.110107421875,2025-11-21 20:04:23.923410
sh.601136,2025-11-20,2025-11-27,0.1834716796875,2025-11-21 20:04:23.923410
sh.601136,2025-11-20,2025-11-27,0.18359375,2025-11-21 20:04:23.923410
sh.601136,2025-11-20,2025-11-27,0.18359375,2025-11-21 20:04:23.923410
sh.601136,2025-11-21,2025-11-28,0.08465576171875,2025-11-21 20:04:23.923410
sh.601138,2025-11-19,2025-11-26,0.095703125,2025-11-21 20:04:23.923410
sh.601138,2025-11-19,2025-11-26,0.09637451171875,2025-11-21 20:04:23.923410
sh.601138,2025-11-19,2025-11-26,0.09722900390625,2025-11-21 20:04:23.923410
sh.601138,2025-11-20,2025-11-27,0.1373291015625,2025-11-21 20:04:23.923410
sh.601138,2025-11-20,2025-11-27,0.1376953125,2025-11-21 20:04:23.923410
sh.601138,2025-11-20,2025-11-27,0.137939453125,2025-11-21 20:04:23.923410
sh.601138,2025-11-21,2025-11-28,0.1380615234375,2025-11-21 20:04:23.923410
sh.601166,2025-11-19,2025-11-26,0.10430908203125,2025-11-21 20:04:23.923410
sh.601166,2025-11-19,2025-11-26,0.1048583984375,2025-11-21 20:04:23.923410
sh.601166,2025-11-19,2025-11-26,0.105224609375,2025-11-21 20:04:23.923410
sh.601166,2025-11-20,2025-11-27,0.089111328125,2025-11-21 20:04:23.923410
sh.601166,2025-11-20,2025-11-27,0.0894775390625,2025-11-21 20:04:23.923410
sh.601166,2025-11-20,2025-11-27,0.08990478515625,2025-11-21 20:04:23.923410
sh.601166,2025-11-21,2025-11-28,0.1502685546875,2025-11-21 20:04:23.923410
sh.601169,2025-11-19,2025-11-26,0.142578125,2025-11-21 20:04:23.923410
sh.601169,2025-11-19,2025-11-26,0.1416015625,2025-11-21 20:04:23.923410
sh.601169,2025-11-19,2025-11-26,0.1414794921875,2025-11-21 20:04:23.923410
sh.601169,2025-11-20,2025-11-27,0.1121826171875,2025-11-21 20:04:23.923410
sh.601169,2025-11-20,2025-11-27,0.1124267578125,2025-11-21 20:04:23.923410
sh.601169,2025-11-20,2025-11-27,0.1124267578125,2025-11-21 20:04:23.923410
sh.601169,2025-11-21,2025-11-28,0.1922607421875,2025-11-21 20:04:23.923410
sh.601186,2025-11-19,2025-11-26,0.224365234375,2025-11-21 20:04:23.923410
sh.601186,2025-11-19,2025-11-26,0.224365234375,2025-11-21 20:04:23.923410
sh.601186,2025-11-19,2025-11-26,0.2247314453125,2025-11-21 20:04:23.923410
sh.601186,2025-11-20,2025-11-27,0.1934814453125,2025-11-21 20:04:23.923410
sh.601186,2025-11-20,2025-11-27,0.1939697265625,2025-11-21 20:04:23.923410
sh.601186,2025-11-20,2025-11-27,0.194091796875,2025-11-21 20:04:23.923410
sh.601186,2025-11-21,2025-11-28,0.432861328125,2025-11-21 20:04:23.923410
sh.601211,2025-11-19,2025-11-26,0.06854248046875,2025-11-21 20:04:23.923410
sh.601211,2025-11-19,2025-11-26,0.06854248046875,2025-11-21 20:04:23.923410
sh.601211,2025-11-19,2025-11-26,0.06854248046875,2025-11-21 20:04:23.923410
sh.601211,2025-11-20,2025-11-27,0.1431884765625,2025-11-21 20:04:23.923410
sh.601211,2025-11-20,2025-11-27,0.1434326171875,2025-11-21 20:04:23.923410
sh.601211,2025-11-20,2025-11-27,0.1435546875,2025-11-21 20:04:23.923410
sh.601211,2025-11-21,2025-11-28,0.1949462890625,2025-11-21 20:04:23.923410
sh.601225,2025-11-19,2025-11-26,0.08648681640625,2025-11-21 20:04:23.923410
sh.601225,2025-11-19,2025-11-26,0.08660888671875,2025-11-21 20:04:23.923410
sh.601225,2025-11-19,2025-11-26,0.0869140625,2025-11-21 20:04:23.923410
sh.601225,2025-11-20,2025-11-27,0.13134765625,2025-11-21 20:04:23.923410
sh.601225,2025-11-20,2025-11-27,0.131591796875,2025-11-21 20:04:23.923410
sh.601225,2025-11-20,2025-11-27,0.1318359375,2025-11-21 20:04:23.923410
sh.601225,2025-11-21,2025-11-28,0.1402587890625,2025-11-21 20:04:23.923410
sh.601229,2025-11-19,2025-11-26,0.12408447265625,2025-11-21 20:04:23.923410
sh.601229,2025-11-19,2025-11-26,0.1246337890625,2025-11-21 20:04:23.923410
sh.601229,2025-11-19,2025-11-26,0.125244140625,2025-11-21 20:04:23.923410
sh.601229,2025-11-20,2025-11-27,0.0889892578125,2025-11-21 20:04:23.923410
sh.601229,2025-11-20,2025-11-27,0.0894775390625,2025-11-21 20:04:23.923410
sh.601229,2025-11-20,2025-11-27,0.09027099609375,2025-11-21 20:04:23.923410
sh.601229,2025-11-21,2025-11-28,0.1534423828125,2025-11-21 20:04:23.923410
sh.601236,2025-11-19,2025-11-26,0.11126708984375,2025-11-21 20:04:23.923410
sh.601236,2025-11-19,2025-11-26,0.11102294921875,2025-11-21 20:04:23.923410
sh.601236,2025-11-19,2025-11-26,0.11126708984375,2025-11-21 20:04:23.923410
sh.601236,2025-11-20,2025-11-27,0.1240234375,2025-11-21 20:04:23.923410
sh.601236,2025-11-20,2025-11-27,0.1240234375,2025-11-21 20:04:23.923410
sh.601236,2025-11-20,2025-11-27,0.12408447265625,2025-11-21 20:04:23.923410
sh.601236,2025-11-21,2025-11-28,0.146728515625,2025-11-21 20:04:23.923410
sh.601238,2025-11-19,2025-11-26,0.11376953125,2025-11-21 20:04:23.923410
sh.601238,2025-11-19,2025-11-26,0.11376953125,2025-11-21 20:04:23.923410
sh.601238,2025-11-19,2025-11-26,0.11376953125,2025-11-21 20:04:23.923410
sh.601238,2025-11-20,2025-11-27,0.150390625,2025-11-21 20:04:23.923410
sh.601238,2025-11-20,2025-11-27,0.150390625,2025-11-21 20:04:23.923410
sh.601238,2025-11-20,2025-11-27,0.1502685546875,2025-11-21 20:04:23.923410
sh.601238,2025-11-21,2025-11-28,0.1644287109375,2025-11-21 20:04:23.923410
sh.601288,2025-11-19,2025-11-26,0.1019287109375,2025-11-21 20:04:23.923410
sh.601288,2025-11-19,2025-11-26,0.10321044921875,2025-11-21 20:04:23.923410
sh.601288,2025-11-19,2025-11-26,0.1044921875,2025-11-21 20:04:23.923410
sh.601288,2025-11-20,2025-11-27,0.11419677734375,2025-11-21 20:04:23.923410
sh.601288,2025-11-20,2025-11-27,0.11474609375,2025-11-21 20:04:23.923410
sh.601288,2025-11-20,2025-11-27,0.11553955078125,2025-11-21 20:04:23.923410
sh.601288,2025-11-21,2025-11-28,0.128173828125,2025-11-21 20:04:23.923410
sh.601298,2025-11-19,2025-11-26,0.07330322265625,2025-11-21 20:04:23.923410
sh.601298,2025-11-19,2025-11-26,0.07354736328125,2025-11-21 20:04:23.923410
sh.601298,2025-11-19,2025-11-26,0.07366943359375,2025-11-21 20:04:23.923410
sh.601298,2025-11-20,2025-11-27,0.12646484375,2025-11-21 20:04:23.923410
sh.601298,2025-11-20,2025-11-27,0.126708984375,2025-11-21 20:04:23.923410
sh.601298,2025-11-20,2025-11-27,0.1268310546875,2025-11-21 20:04:23.923410
sh.601298,2025-11-21,2025-11-28,0.1334228515625,2025-11-21 20:04:23.923410
sh.601318,2025-11-19,2025-11-26,0.08123779296875,2025-11-21 20:04:23.923410
sh.601318,2025-11-19,2025-11-26,0.08135986328125,2025-11-21 20:04:23.923410
sh.601318,2025-11-19,2025-11-26,0.08154296875,2025-11-21 20:04:23.923410
sh.601318,2025-11-20,2025-11-27,0.11083984375,2025-11-21 20:04:23.923410
sh.601318,2025-11-20,2025-11-27,0.11102294921875,2025-11-21 20:04:23.923410
sh.601318,2025-11-20,2025-11-27,0.11126708984375,2025-11-21 20:04:23.923410
sh.601318,2025-11-21,2025-11-28,0.1358642578125,2025-11-21 20:04:23.923410
sh.601319,2025-11-19,2025-11-26,0.1171875,2025-11-21 20:04:23.923410
sh.601319,2025-11-19,2025-11-26,0.116943359375,2025-11-21 20:04:23.923410
sh.601319,2025-11-19,2025-11-26,0.11676025390625,2025-11-21 20:04:23.923410
sh.601319,2025-11-20,2025-11-27,0.09967041015625,2025-11-21 20:04:23.923410
sh.601319,2025-11-20,2025-11-27,0.09979248046875,2025-11-21 20:04:23.923410
sh.601319,2025-11-20,2025-11-27,0.100341796875,2025-11-21 20:04:23.923410
sh.601319,2025-11-21,2025-11-28,0.130859375,2025-11-21 20:04:23.923410
sh.601328,2025-11-19,2025-11-26,0.11614990234375,2025-11-21 20:04:23.923410
sh.601328,2025-11-19,2025-11-26,0.1163330078125,2025-11-21 20:04:23.923410
sh.601328,2025-11-19,2025-11-26,0.1163330078125,2025-11-21 20:04:23.923410
sh.601328,2025-11-20,2025-11-27,0.1329345703125,2025-11-21 20:04:23.923410
sh.601328,2025-11-20,2025-11-27,0.1331787109375,2025-11-21 20:04:23.923410
sh.601328,2025-11-20,2025-11-27,0.1334228515625,2025-11-21 20:04:23.923410
sh.601328,2025-11-21,2025-11-28,0.148681640625,2025-11-21 20:04:23.923410
sh.601336,2025-11-19,2025-11-26,0.0869140625,2025-11-21 20:04:23.923410
sh.601336,2025-11-19,2025-11-26,0.0867919921875,2025-11-21 20:04:23.923410
sh.601336,2025-11-19,2025-11-26,0.08660888671875,2025-11-21 20:04:23.923410
sh.601336,2025-11-20,2025-11-27,0.08880615234375,2025-11-21 20:04:23.923410
sh.601336,2025-11-20,2025-11-27,0.089111328125,2025-11-21 20:04:23.923410
sh.601336,2025-11-20,2025-11-27,0.089599609375,2025-11-21 20:04:23.923410
sh.601336,2025-11-21,2025-11-28,0.1402587890625,2025-11-21 20:04:23.923410
sh.601360,2025-11-19,2025-11-26,0.1514892578125,2025-11-21 20:04:23.923410
sh.601360,2025-11-19,2025-11-26,0.1517333984375,2025-11-21 20:04:23.923410
sh.601360,2025-11-19,2025-11-26,0.15185546875,2025-11-21 20:04:23.923410
sh.601360,2025-11-20,2025-11-27,0.1375732421875,2025-11-21 20:04:23.923410
sh.601360,2025-11-20,2025-11-27,0.1376953125,2025-11-21 20:04:23.923410
sh.601360,2025-11-20,2025-11-27,0.137939453125,2025-11-21 20:04:23.923410
sh.601360,2025-11-21,2025-11-28,0.118408203125,2025-11-21 20:04:23.923410
sh.601377,2025-11-19,2025-11-26,0.103759765625,2025-11-21 20:04:23.923410
sh.601377,2025-11-19,2025-11-26,0.103759765625,2025-11-21 20:04:23.923410
sh.601377,2025-11-19,2025-11-26,0.103759765625,2025-11-21 20:04:23.923410
sh.601377,2025-11-20,2025-11-27,0.116943359375,2025-11-21 20:04:23.923410
sh.601377,2025-11-20,2025-11-27,0.1171875,2025-11-21 20:04:23.923410
sh.601377,2025-11-20,2025-11-27,0.1171875,2025-11-21 20:04:23.923410
sh.601377,2025-11-21,2025-11-28,0.2098388671875,2025-11-21 20:04:23.923410
sh.601390,2025-11-19,2025-11-26,0.19189453125,2025-11-21 20:04:23.923410
sh.601390,2025-11-19,2025-11-26,0.192138671875,2025-11-21 20:04:23.923410
sh.601390,2025-11-19,2025-11-26,0.1922607421875,2025-11-21 20:04:23.923410
sh.601390,2025-11-20,2025-11-27,0.1175537109375,2025-11-21 20:04:23.923410
sh.601390,2025-11-20,2025-11-27,0.1177978515625,2025-11-21 20:04:23.923410
sh.601390,2025-11-20,2025-11-27,0.1181640625,2025-11-21 20:04:23.923410
sh.601390,2025-11-21,2025-11-28,0.398193359375,2025-11-21 20:04:23.923410
sh.601398,2025-11-19,2025-11-26,0.0975341796875,2025-11-21 20:04:23.923410
sh.601398,2025-11-19,2025-11-26,0.0982666015625,2025-11-21 20:04:23.923410
sh.601398,2025-11-19,2025-11-26,0.0987548828125,2025-11-21 20:04:23.923410
sh.601398,2025-11-20,2025-11-27,0.09075927734375,2025-11-21 20:04:23.923410
sh.601398,2025-11-20,2025-11-27,0.091064453125,2025-11-21 20:04:23.923410
sh.601398,2025-11-20,2025-11-27,0.091552734375,2025-11-21 20:04:23.923410
sh.601398,2025-11-21,2025-11-28,0.11614990234375,2025-11-21 20:04:23.923410
sh.601600,2025-11-19,2025-11-26,0.1177978515625,2025-11-21 20:04:23.923410
sh.601600,2025-11-19,2025-11-26,0.11859130859375,2025-11-21 20:04:23.923410
sh.601600,2025-11-19,2025-11-26,0.1190185546875,2025-11-21 20:04:23.923410
sh.601600,2025-11-20,2025-11-27,0.126953125,2025-11-21 20:04:23.923410
sh.601600,2025-11-20,2025-11-27,0.12744140625,2025-11-21 20:04:23.923410
sh.601600,2025-11-20,2025-11-27,0.1279296875,2025-11-21 20:04:23.923410
sh.601600,2025-11-21,2025-11-28,0.12408447265625,2025-11-21 20:04:23.923410
sh.601601,2025-11-19,2025-11-26,0.1876220703125,2025-11-21 20:04:23.923410
sh.601601,2025-11-19,2025-11-26,0.1871337890625,2025-11-21 20:04:23.923410
sh.601601,2025-11-19,2025-11-26,0.185791015625,2025-11-21 20:04:23.923410
sh.601601,2025-11-20,2025-11-27,0.12359619140625,2025-11-21 20:04:23.923410
sh.601601,2025-11-20,2025-11-27,0.1236572265625,2025-11-21 20:04:23.923410
sh.601601,2025-11-20,2025-11-27,0.1239013671875,2025-11-21 20:04:23.923410
sh.601601,2025-11-21,2025-11-28,0.1409912109375,2025-11-21 20:04:23.923410
sh.601607,2025-11-19,2025-11-26,0.11102294921875,2025-11-21 20:04:23.923410
sh.601607,2025-11-19,2025-11-26,0.11126708984375,2025-11-21 20:04:23.923410
sh.601607,2025-11-19,2025-11-26,0.11126708984375,2025-11-21 20:04:23.923410
sh.601607,2025-11-20,2025-11-27,0.0982666015625,2025-11-21 20:04:23.923410
sh.601607,2025-11-20,2025-11-27,0.09844970703125,2025-11-21 20:04:23.923410
sh.601607,2025-11-20,2025-11-27,0.0987548828125,2025-11-21 20:04:23.923410
sh.601607,2025-11-21,2025-11-28,0.1590576171875,2025-11-21 20:04:23.923410
sh.601618,2025-11-19,2025-11-26,0.2998046875,2025-11-21 20:04:23.923410
sh.601618,2025-11-19,2025-11-26,0.299072265625,2025-11-21 20:04:23.923410
sh.601618,2025-11-19,2025-11-26,0.29931640625,2025-11-21 20:04:23.923410
sh.601618,2025-11-20,2025-11-27,0.1993408203125,2025-11-21 20:04:23.923410
sh.601618,2025-11-20,2025-11-27,0.198974609375,2025-11-21 20:04:23.923410
sh.601618,2025-11-20,2025-11-27,0.1995849609375,2025-11-21 20:04:23.923410
sh.601618,2025-11-21,2025-11-28,0.2646484375,2025-11-21 20:04:23.923410
sh.601628,2025-11-19,2025-11-26,0.09515380859375,2025-11-21 20:04:23.923410
sh.601628,2025-11-19,2025-11-26,0.09515380859375,2025-11-21 20:04:23.923410
sh.601628,2025-11-19,2025-11-26,0.09503173828125,2025-11-21 20:04:23.923410
sh.601628,2025-11-20,2025-11-27,0.07794189453125,2025-11-21 20:04:23.923410
sh.601628,2025-11-20,2025-11-27,0.07806396484375,2025-11-21 20:04:23.923410
sh.601628,2025-11-20,2025-11-27,0.078369140625,2025-11-21 20:04:23.923410
sh.601628,2025-11-21,2025-11-28,0.1318359375,2025-11-21 20:04:23.923410
sh.601633,2025-11-19,2025-11-26,0.1497802734375,2025-11-21 20:04:23.923410
sh.601633,2025-11-19,2025-11-26,0.1500244140625,2025-11-21 20:04:23.923410
sh.601633,2025-11-19,2025-11-26,0.1500244140625,2025-11-21 20:04:23.923410
sh.601633,2025-11-20,2025-11-27,0.26416015625,2025-11-21 20:04:23.923410
sh.601633,2025-11-20,2025-11-27,0.26416015625,2025-11-21 20:04:23.923410
sh.601633,2025-11-20,2025-11-27,0.2646484375,2025-11-21 20:04:23.923410
sh.601633,2025-11-21,2025-11-28,0.4140625,2025-11-21 20:04:23.923410
sh.601658,2025-11-19,2025-11-26,0.192138671875,2025-11-21 20:04:23.923410
sh.601658,2025-11-19,2025-11-26,0.190673828125,2025-11-21 20:04:23.923410
sh.601658,2025-11-19,2025-11-26,0.190673828125,2025-11-21 20:04:23.923410
sh.601658,2025-11-20,2025-11-27,0.1312255859375,2025-11-21 20:04:23.923410
sh.601658,2025-11-20,2025-11-27,0.1312255859375,2025-11-21 20:04:23.923410
sh.601658,2025-11-20,2025-11-27,0.1307373046875,2025-11-21 20:04:23.923410
sh.601658,2025-11-21,2025-11-28,0.1224365234375,2025-11-21 20:04:23.923410
sh.601668,2025-11-19,2025-11-26,0.243408203125,2025-11-21 20:04:23.923410
sh.601668,2025-11-19,2025-11-26,0.242431640625,2025-11-21 20:04:23.923410
sh.601668,2025-11-19,2025-11-26,0.2425537109375,2025-11-21 20:04:23.923410
sh.601668,2025-11-20,2025-11-27,0.106689453125,2025-11-21 20:04:23.923410
sh.601668,2025-11-20,2025-11-27,0.106689453125,2025-11-21 20:04:23.923410
sh.601668,2025-11-20,2025-11-27,0.10687255859375,2025-11-21 20:04:23.923410
sh.601668,2025-11-21,2025-11-28,0.196044921875,2025-11-21 20:04:23.923410
sh.601669,2025-11-19,2025-11-26,0.1485595703125,2025-11-21 20:04:23.923410
sh.601669,2025-11-19,2025-11-26,0.148681640625,2025-11-21 20:04:23.923410
sh.601669,2025-11-19,2025-11-26,0.1490478515625,2025-11-21 20:04:23.923410
sh.601669,2025-11-20,2025-11-27,0.134521484375,2025-11-21 20:04:23.923410
sh.601669,2025-11-20,2025-11-27,0.1346435546875,2025-11-21 20:04:23.923410
sh.601669,2025-11-20,2025-11-27,0.1351318359375,2025-11-21 20:04:23.923410
sh.601669,2025-11-21,2025-11-28,0.294921875,2025-11-21 20:04:23.923410
sh.601688,2025-11-19,2025-11-26,0.07977294921875,2025-11-21 20:04:23.923410
sh.601688,2025-11-19,2025-11-26,0.07989501953125,2025-11-21 20:04:23.923410
sh.601688,2025-11-19,2025-11-26,0.080078125,2025-11-21 20:04:23.923410
sh.601688,2025-11-20,2025-11-27,0.15478515625,2025-11-21 20:04:23.923410
sh.601688,2025-11-20,2025-11-27,0.1549072265625,2025-11-21 20:04:23.923410
sh.601688,2025-11-20,2025-11-27,0.155029296875,2025-11-21 20:04:23.923410
sh.601688,2025-11-21,2025-11-28,0.26611328125,2025-11-21 20:04:23.923410
sh.601689,2025-11-19,2025-11-26,0.20166015625,2025-11-21 20:04:23.923410
sh.601689,2025-11-19,2025-11-26,0.2015380859375,2025-11-21 20:04:23.923410
sh.601689,2025-11-19,2025-11-26,0.2017822265625,2025-11-21 20:04:23.923410
sh.601689,2025-11-20,2025-11-27,0.1937255859375,2025-11-21 20:04:23.923410
sh.601689,2025-11-20,2025-11-27,0.1939697265625,2025-11-21 20:04:23.923410
sh.601689,2025-11-20,2025-11-27,0.19482421875,2025-11-21 20:04:23.923410
sh.601689,2025-11-21,2025-11-28,0.1591796875,2025-11-21 20:04:23.923410
sh.601698,2025-11-19,2025-11-26,0.1632080078125,2025-11-21 20:04:23.923410
sh.601698,2025-11-19,2025-11-26,0.1632080078125,2025-11-21 20:04:23.923410
sh.601698,2025-11-19,2025-11-26,0.1634521484375,2025-11-21 20:04:23.923410
sh.601698,2025-11-20,2025-11-27,0.1776123046875,2025-11-21 20:04:23.923410
sh.601698,2025-11-20,2025-11-27,0.177978515625,2025-11-21 20:04:23.923410
sh.601698,2025-11-20,2025-11-27,0.178466796875,2025-11-21 20:04:23.923410
sh.601698,2025-11-21,2025-11-28,0.1993408203125,2025-11-21 20:04:23.923410
sh.601699,2025-11-19,2025-11-26,0.21044921875,2025-11-21 20:04:23.923410
sh.601699,2025-11-19,2025-11-26,0.2108154296875,2025-11-21 20:04:23.923410
sh.601699,2025-11-19,2025-11-26,0.2110595703125,2025-11-21 20:04:23.923410
sh.601699,2025-11-20,2025-11-27,0.28515625,2025-11-21 20:04:23.923410
sh.601699,2025-11-20,2025-11-27,0.28564453125,2025-11-21 20:04:23.923410
sh.601699,2025-11-20,2025-11-27,0.285888671875,2025-11-21 20:04:23.923410
sh.601699,2025-11-21,2025-11-28,0.5048828125,2025-11-21 20:04:23.923410
sh.601728,2025-11-19,2025-11-26,0.070556640625,2025-11-21 20:04:23.923410
sh.601728,2025-11-19,2025-11-26,0.070556640625,2025-11-21 20:04:23.923410
sh.601728,2025-11-19,2025-11-26,0.0706787109375,2025-11-21 20:04:23.923410
sh.601728,2025-11-20,2025-11-27,0.0743408203125,2025-11-21 20:04:23.923410
sh.601728,2025-11-20,2025-11-27,0.07464599609375,2025-11-21 20:04:23.923410
sh.601728,2025-11-20,2025-11-27,0.07476806640625,2025-11-21 20:04:23.923410
sh.601728,2025-11-21,2025-11-28,0.1231689453125,2025-11-21 20:04:23.923410
sh.601766,2025-11-19,2025-11-26,0.2091064453125,2025-11-21 20:04:23.923410
sh.601766,2025-11-19,2025-11-26,0.2100830078125,2025-11-21 20:04:23.923410
sh.601766,2025-11-19,2025-11-26,0.2110595703125,2025-11-21 20:04:23.923410
sh.601766,2025-11-20,2025-11-27,0.32275390625,2025-11-21 20:04:23.923410
sh.601766,2025-11-20,2025-11-27,0.323486328125,2025-11-21 20:04:23.923410
sh.601766,2025-11-20,2025-11-27,0.166015625,2025-11-21 20:04:23.923410
sh.601766,2025-11-21,2025-11-28,0.2386474609375,2025-11-21 20:04:23.923410
sh.601788,2025-11-19,2025-11-26,0.09808349609375,2025-11-21 20:04:23.923410
sh.601788,2025-11-19,2025-11-26,0.0982666015625,2025-11-21 20:04:23.923410
sh.601788,2025-11-19,2025-11-26,0.09844970703125,2025-11-21 20:04:23.923410
sh.601788,2025-11-20,2025-11-27,0.1385498046875,2025-11-21 20:04:23.923410
sh.601788,2025-11-20,2025-11-27,0.138671875,2025-11-21 20:04:23.923410
sh.601788,2025-11-20,2025-11-27,0.1387939453125,2025-11-21 20:04:23.923410
sh.601788,2025-11-21,2025-11-28,0.2470703125,2025-11-21 20:04:23.923410
sh.601799,2025-11-19,2025-11-26,0.1131591796875,2025-11-21 20:04:23.923410
sh.601799,2025-11-19,2025-11-26,0.1134033203125,2025-11-21 20:04:23.923410
sh.601799,2025-11-19,2025-11-26,0.1134033203125,2025-11-21 20:04:23.923410
sh.601799,2025-11-20,2025-11-27,0.11181640625,2025-11-21 20:04:23.923410
sh.601799,2025-11-20,2025-11-27,0.11199951171875,2025-11-21 20:04:23.923410
sh.601799,2025-11-20,2025-11-27,0.11199951171875,2025-11-21 20:04:23.923410
sh.601799,2025-11-21,2025-11-28,0.0738525390625,2025-11-21 20:04:23.923410
sh.601800,2025-11-19,2025-11-26,0.201171875,2025-11-21 20:04:23.923410
sh.601800,2025-11-19,2025-11-26,0.2010498046875,2025-11-21 20:04:23.923410
sh.601800,2025-11-19,2025-11-26,0.201171875,2025-11-21 20:04:23.923410
sh.601800,2025-11-20,2025-11-27,0.1373291015625,2025-11-21 20:04:23.923410
sh.601800,2025-11-20,2025-11-27,0.1376953125,2025-11-21 20:04:23.923410
sh.601800,2025-11-20,2025-11-27,0.1378173828125,2025-11-21 20:04:23.923410
sh.601800,2025-11-21,2025-11-28,0.335205078125,2025-11-21 20:04:23.923410
sh.601808,2025-11-19,2025-11-26,0.15869140625,2025-11-21 20:04:23.923410
sh.601808,2025-11-19,2025-11-26,0.1590576171875,2025-11-21 20:04:23.923410
sh.601808,2025-11-19,2025-11-26,0.1583251953125,2025-11-21 20:04:23.923410
sh.601808,2025-11-20,2025-11-27,0.12408447265625,2025-11-21 20:04:23.923410
sh.601808,2025-11-20,2025-11-27,0.12408447265625,2025-11-21 20:04:23.923410
sh.601808,2025-11-20,2025-11-27,0.12408447265625,2025-11-21 20:04:23.923410
sh.601808,2025-11-21,2025-11-28,0.1143798828125,2025-11-21 20:04:23.923410
sh.601816,2025-11-19,2025-11-26,0.1358642578125,2025-11-21 20:04:23.923410
sh.601816,2025-11-19,2025-11-26,0.135986328125,2025-11-21 20:04:23.923410
sh.601816,2025-11-19,2025-11-26,0.135986328125,2025-11-21 20:04:23.923410
sh.601816,2025-11-20,2025-11-27,0.1033935546875,2025-11-21 20:04:23.923410
sh.601816,2025-11-20,2025-11-27,0.10357666015625,2025-11-21 20:04:23.923410
sh.601816,2025-11-20,2025-11-27,0.103759765625,2025-11-21 20:04:23.923410
sh.601816,2025-11-21,2025-11-28,0.1568603515625,2025-11-21 20:04:23.923410
sh.601818,2025-11-19,2025-11-26,0.1607666015625,2025-11-21 20:04:23.923410
sh.601818,2025-11-19,2025-11-26,0.1607666015625,2025-11-21 20:04:23.923410
sh.601818,2025-11-19,2025-11-26,0.1610107421875,2025-11-21 20:04:23.923410
sh.601818,2025-11-20,2025-11-27,0.149169921875,2025-11-21 20:04:23.923410
sh.601818,2025-11-20,2025-11-27,0.1494140625,2025-11-21 20:04:23.923410
sh.601818,2025-11-20,2025-11-27,0.1494140625,2025-11-21 20:04:23.923410
sh.601818,2025-11-21,2025-11-28,0.1365966796875,2025-11-21 20:04:23.923410
sh.601825,2025-11-19,2025-11-26,0.09930419921875,2025-11-21 20:04:23.923410
sh.601825,2025-11-19,2025-11-26,0.09979248046875,2025-11-21 20:04:23.923410
sh.601825,2025-11-19,2025-11-26,0.10015869140625,2025-11-21 20:04:23.923410
sh.601825,2025-11-20,2025-11-27,0.10504150390625,2025-11-21 20:04:23.923410
sh.601825,2025-11-20,2025-11-27,0.10540771484375,2025-11-21 20:04:23.923410
sh.601825,2025-11-20,2025-11-27,0.10577392578125,2025-11-21 20:04:23.923410
sh.601825,2025-11-21,2025-11-28,0.1572265625,2025-11-21 20:04:23.923410
sh.601838,2025-11-19,2025-11-26,0.2005615234375,2025-11-21 20:04:23.923410
sh.601838,2025-11-19,2025-11-26,0.200927734375,2025-11-21 20:04:23.923410
sh.601838,2025-11-19,2025-11-26,0.2005615234375,2025-11-21 20:04:23.923410
sh.601838,2025-11-20,2025-11-27,0.092041015625,2025-11-21 20:04:23.923410
sh.601838,2025-11-20,2025-11-27,0.09185791015625,2025-11-21 20:04:23.923410
sh.601838,2025-11-20,2025-11-27,0.09173583984375,2025-11-21 20:04:23.923410
sh.601838,2025-11-21,2025-11-28,0.0987548828125,2025-11-21 20:04:23.923410
sh.601857,2025-11-19,2025-11-26,0.16162109375,2025-11-21 20:04:23.923410
sh.601857,2025-11-19,2025-11-26,0.1619873046875,2025-11-21 20:04:23.923410
sh.601857,2025-11-19,2025-11-26,0.1619873046875,2025-11-21 20:04:23.923410
sh.601857,2025-11-20,2025-11-27,0.10687255859375,2025-11-21 20:04:23.923410
sh.601857,2025-11-20,2025-11-27,0.1070556640625,2025-11-21 20:04:23.923410
sh.601857,2025-11-20,2025-11-27,0.107421875,2025-11-21 20:04:23.923410
sh.601857,2025-11-21,2025-11-28,0.132080078125,2025-11-21 20:04:23.923410
sh.601865,2025-11-19,2025-11-26,0.1094970703125,2025-11-21 20:04:23.923410
sh.601865,2025-11-19,2025-11-26,0.1094970703125,2025-11-21 20:04:23.923410
sh.601865,2025-11-19,2025-11-26,0.1094970703125,2025-11-21 20:04:23.923410
sh.601865,2025-11-20,2025-11-27,0.172119140625,2025-11-21 20:04:23.923410
sh.601865,2025-11-20,2025-11-27,0.172119140625,2025-11-21 20:04:23.923410
sh.601865,2025-11-20,2025-11-27,0.17236328125,2025-11-21 20:04:23.923410
sh.601865,2025-11-21,2025-11-28,0.393310546875,2025-11-21 20:04:23.923410
sh.601868,2025-11-19,2025-11-26,0.1417236328125,2025-11-21 20:04:23.923410
sh.601868,2025-11-19,2025-11-26,0.1419677734375,2025-11-21 20:04:23.923410
sh.601868,2025-11-19,2025-11-26,0.14208984375,2025-11-21 20:04:23.923410
sh.601868,2025-11-20,2025-11-27,0.08990478515625,2025-11-21 20:04:23.923410
sh.601868,2025-11-20,2025-11-27,0.08990478515625,2025-11-21 20:04:23.923410
sh.601868,2025-11-20,2025-11-27,0.090087890625,2025-11-21 20:04:23.923410
sh.601868,2025-11-21,2025-11-28,0.269287109375,2025-11-21 20:04:23.923410
sh.601872,2025-11-19,2025-11-26,0.1134033203125,2025-11-21 20:04:23.923410
sh.601872,2025-11-19,2025-11-26,0.1134033203125,2025-11-21 20:04:23.923410
sh.601872,2025-11-19,2025-11-26,0.1134033203125,2025-11-21 20:04:23.923410
sh.601872,2025-11-20,2025-11-27,0.1229248046875,2025-11-21 20:04:23.923410
sh.601872,2025-11-20,2025-11-27,0.12322998046875,2025-11-21 20:04:23.923410
sh.601872,2025-11-20,2025-11-27,0.12335205078125,2025-11-21 20:04:23.923410
sh.601872,2025-11-21,2025-11-28,0.11126708984375,2025-11-21 20:04:23.923410
sh.601877,2025-11-19,2025-11-26,0.11126708984375,2025-11-21 20:04:23.923410
sh.601877,2025-11-19,2025-11-26,0.11126708984375,2025-11-21 20:04:23.923410
sh.601877,2025-11-19,2025-11-26,0.11126708984375,2025-11-21 20:04:23.923410
sh.601877,2025-11-20,2025-11-27,0.12188720703125,2025-11-21 20:04:23.923410
sh.601877,2025-11-20,2025-11-27,0.12200927734375,2025-11-21 20:04:23.923410
sh.601877,2025-11-20,2025-11-27,0.12200927734375,2025-11-21 20:04:23.923410
sh.601877,2025-11-21,2025-11-28,0.154541015625,2025-11-21 20:04:23.923410
sh.601878,2025-11-19,2025-11-26,0.1539306640625,2025-11-21 20:04:23.923410
sh.601878,2025-11-19,2025-11-26,0.1539306640625,2025-11-21 20:04:23.923410
sh.601878,2025-11-19,2025-11-26,0.154052734375,2025-11-21 20:04:23.923410
sh.601878,2025-11-20,2025-11-27,0.1280517578125,2025-11-21 20:04:23.923410
sh.601878,2025-11-20,2025-11-27,0.128173828125,2025-11-21 20:04:23.923410
sh.601878,2025-11-20,2025-11-27,0.1282958984375,2025-11-21 20:04:23.923410
sh.601878,2025-11-21,2025-11-28,0.40234375,2025-11-21 20:04:23.923410
sh.601881,2025-11-19,2025-11-26,0.15869140625,2025-11-21 20:04:23.923410
sh.601881,2025-11-19,2025-11-26,0.1590576171875,2025-11-21 20:04:23.923410
sh.601881,2025-11-19,2025-11-26,0.159423828125,2025-11-21 20:04:23.923410
sh.601881,2025-11-20,2025-11-27,0.154052734375,2025-11-21 20:04:23.923410
sh.601881,2025-11-20,2025-11-27,0.1541748046875,2025-11-21 20:04:23.923410
sh.601881,2025-11-20,2025-11-27,0.154296875,2025-11-21 20:04:23.923410
sh.601881,2025-11-21,2025-11-28,0.351318359375,2025-11-21 20:04:23.923410
sh.601888,2025-11-19,2025-11-26,0.12115478515625,2025-11-21 20:04:23.923410
sh.601888,2025-11-19,2025-11-26,0.12103271484375,2025-11-21 20:04:23.923410
sh.601888,2025-11-19,2025-11-26,0.1209716796875,2025-11-21 20:04:23.923410
sh.601888,2025-11-20,2025-11-27,0.1199951171875,2025-11-21 20:04:23.923410
sh.601888,2025-11-20,2025-11-27,0.11993408203125,2025-11-21 20:04:23.923410
sh.601888,2025-11-20,2025-11-27,0.11993408203125,2025-11-21 20:04:23.923410
sh.601888,2025-11-21,2025-11-28,0.10760498046875,2025-11-21 20:04:23.923410
sh.601898,2025-11-19,2025-11-26,0.1961669921875,2025-11-21 20:04:23.923410
sh.601898,2025-11-19,2025-11-26,0.196044921875,2025-11-21 20:04:23.923410
sh.601898,2025-11-19,2025-11-26,0.1959228515625,2025-11-21 20:04:23.923410
sh.601898,2025-11-20,2025-11-27,0.132568359375,2025-11-21 20:04:23.923410
sh.601898,2025-11-20,2025-11-27,0.132568359375,2025-11-21 20:04:23.923410
sh.601898,2025-11-20,2025-11-27,0.1329345703125,2025-11-21 20:04:23.923410
sh.601898,2025-11-21,2025-11-28,0.11474609375,2025-11-21 20:04:23.923410
sh.601899,2025-11-19,2025-11-26,0.1356201171875,2025-11-21 20:04:23.923410
sh.601899,2025-11-19,2025-11-26,0.1348876953125,2025-11-21 20:04:23.923410
sh.601899,2025-11-19,2025-11-26,0.1339111328125,2025-11-21 20:04:23.923410
sh.601899,2025-11-20,2025-11-27,0.1221923828125,2025-11-21 20:04:23.923410
sh.601899,2025-11-20,2025-11-27,0.1224365234375,2025-11-21 20:04:23.923410
sh.601899,2025-11-20,2025-11-27,0.12274169921875,2025-11-21 20:04:23.923410
sh.601899,2025-11-21,2025-11-28,0.2034912109375,2025-11-21 20:04:23.923410
sh.601901,2025-11-19,2025-11-26,0.134521484375,2025-11-21 20:04:23.923410
sh.601901,2025-11-19,2025-11-26,0.134521484375,2025-11-21 20:04:23.923410
sh.601901,2025-11-19,2025-11-26,0.134765625,2025-11-21 20:04:23.923410
sh.601901,2025-11-20,2025-11-27,0.1405029296875,2025-11-21 20:04:23.923410
sh.601901,2025-11-20,2025-11-27,0.1407470703125,2025-11-21 20:04:23.923410
sh.601901,2025-11-20,2025-11-27,0.140869140625,2025-11-21 20:04:23.923410
sh.601901,2025-11-21,2025-11-28,0.333251953125,2025-11-21 20:04:23.923410
sh.601916,2025-11-19,2025-11-26,0.12408447265625,2025-11-21 20:04:23.923410
sh.601916,2025-11-19,2025-11-26,0.1231689453125,2025-11-21 20:04:23.923410
sh.601916,2025-11-19,2025-11-26,0.1202392578125,2025-11-21 20:04:23.923410
sh.601916,2025-11-20,2025-11-27,0.08270263671875,2025-11-21 20:04:23.923410
sh.601916,2025-11-20,2025-11-27,0.08282470703125,2025-11-21 20:04:23.923410
sh.601916,2025-11-20,2025-11-27,0.0830078125,2025-11-21 20:04:23.923410
sh.601916,2025-11-21,2025-11-28,0.1300048828125,2025-11-21 20:04:23.923410
sh.601919,2025-11-19,2025-11-26,0.1778564453125,2025-11-21 20:04:23.923410
sh.601919,2025-11-19,2025-11-26,0.1759033203125,2025-11-21 20:04:23.923410
sh.601919,2025-11-19,2025-11-26,0.176513671875,2025-11-21 20:04:23.923410
sh.601919,2025-11-20,2025-11-27,0.1358642578125,2025-11-21 20:04:23.923410
sh.601919,2025-11-20,2025-11-27,0.1361083984375,2025-11-21 20:04:23.923410
sh.601919,2025-11-20,2025-11-27,0.1363525390625,2025-11-21 20:04:23.923410
sh.601919,2025-11-21,2025-11-28,0.1104736328125,2025-11-21 20:04:23.923410
sh.601939,2025-11-19,2025-11-26,0.08251953125,2025-11-21 20:04:23.923410
sh.601939,2025-11-19,2025-11-26,0.0823974609375,2025-11-21 20:04:23.923410
sh.601939,2025-11-19,2025-11-26,0.08197021484375,2025-11-21 20:04:23.923410
sh.601939,2025-11-20,2025-11-27,0.1171875,2025-11-21 20:04:23.923410
sh.601939,2025-11-20,2025-11-27,0.11737060546875,2025-11-21 20:04:23.923410
sh.601939,2025-11-20,2025-11-27,0.11737060546875,2025-11-21 20:04:23.923410
sh.601939,2025-11-21,2025-11-28,0.151123046875,2025-11-21 20:04:23.923410
sh.601985,2025-11-19,2025-11-26,0.2042236328125,2025-11-21 20:04:23.923410
sh.601985,2025-11-19,2025-11-26,0.2047119140625,2025-11-21 20:04:23.923410
sh.601985,2025-11-19,2025-11-26,0.205322265625,2025-11-21 20:04:23.923410
sh.601985,2025-11-20,2025-11-27,0.2197265625,2025-11-21 20:04:23.923410
sh.601985,2025-11-20,2025-11-27,0.219970703125,2025-11-21 20:04:23.923410
sh.601985,2025-11-20,2025-11-27,0.22119140625,2025-11-21 20:04:23.923410
sh.601985,2025-11-21,2025-11-28,0.30712890625,2025-11-21 20:04:23.923410
sh.601988,2025-11-19,2025-11-26,0.1943359375,2025-11-21 20:04:23.923410
sh.601988,2025-11-19,2025-11-26,0.1947021484375,2025-11-21 20:04:23.923410
sh.601988,2025-11-19,2025-11-26,0.1947021484375,2025-11-21 20:04:23.923410
sh.601988,2025-11-20,2025-11-27,0.17041015625,2025-11-21 20:04:23.923410
sh.601988,2025-11-20,2025-11-27,0.1705322265625,2025-11-21 20:04:23.923410
sh.601988,2025-11-20,2025-11-27,0.1707763671875,2025-11-21 20:04:23.923410
sh.601988,2025-11-21,2025-11-28,0.22021484375,2025-11-21 20:04:23.923410
sh.601995,2025-11-19,2025-11-26,0.1259765625,2025-11-21 20:04:23.923410
sh.601995,2025-11-19,2025-11-26,0.1259765625,2025-11-21 20:04:23.923410
sh.601995,2025-11-19,2025-11-26,0.1259765625,2025-11-21 20:04:23.923410
sh.601995,2025-11-19,2025-11-26,0.1259765625,2025-11-21 20:04:23.923410
sh.601995,2025-11-19,2025-11-26,0.12646484375,2025-11-21 20:04:23.923410
sh.601998,2025-11-19,2025-11-26,0.08135986328125,2025-11-21 20:04:23.923410
sh.601998,2025-11-19,2025-11-26,0.0810546875,2025-11-21 20:04:23.923410
sh.601998,2025-11-19,2025-11-26,0.0810546875,2025-11-21 20:04:23.923410
sh.601998,2025-11-20,2025-11-27,0.080810546875,2025-11-21 20:04:23.923410
sh.601998,2025-11-20,2025-11-27,0.0810546875,2025-11-21 20:04:23.923410
sh.601998,2025-11-20,2025-11-27,0.0810546875,2025-11-21 20:04:23.923410
sh.601998,2025-11-21,2025-11-28,0.10174560546875,2025-11-21 20:04:23.923410
sh.603019,2025-11-19,2025-11-26,0.1395263671875,2025-11-21 20:04:23.923410
sh.603019,2025-11-19,2025-11-26,0.139892578125,2025-11-21 20:04:23.923410
sh.603019,2025-11-19,2025-11-26,0.140625,2025-11-21 20:04:23.923410
sh.603019,2025-11-20,2025-11-27,0.134765625,2025-11-21 20:04:23.923410
sh.603019,2025-11-20,2025-11-27,0.1351318359375,2025-11-21 20:04:23.923410
sh.603019,2025-11-20,2025-11-27,0.1353759765625,2025-11-21 20:04:23.923410
sh.603019,2025-11-21,2025-11-28,0.29638671875,2025-11-21 20:04:23.923410
sh.603195,2025-11-19,2025-11-26,0.0869140625,2025-11-21 20:04:23.923410
sh.603195,2025-11-19,2025-11-26,0.0869140625,2025-11-21 20:04:23.923410
sh.603195,2025-11-19,2025-11-26,0.0869140625,2025-11-21 20:04:23.923410
sh.603195,2025-11-20,2025-11-27,0.13232421875,2025-11-21 20:04:23.923410
sh.603195,2025-11-20,2025-11-27,0.13232421875,2025-11-21 20:04:23.923410
sh.603195,2025-11-20,2025-11-27,0.1324462890625,2025-11-21 20:04:23.923410
sh.603195,2025-11-21,2025-11-28,0.181884765625,2025-11-21 20:04:23.923410
sh.603259,2025-11-19,2025-11-26,0.08709716796875,2025-11-21 20:04:23.923410
sh.603259,2025-11-19,2025-11-26,0.0872802734375,2025-11-21 20:04:23.923410
sh.603259,2025-11-19,2025-11-26,0.08758544921875,2025-11-21 20:04:23.923410
sh.603259,2025-11-20,2025-11-27,0.11456298828125,2025-11-21 20:04:23.923410
sh.603259,2025-11-20,2025-11-27,0.11474609375,2025-11-21 20:04:23.923410
sh.603259,2025-11-20,2025-11-27,0.114990234375,2025-11-21 20:04:23.923410
sh.603259,2025-11-21,2025-11-28,0.11993408203125,2025-11-21 20:04:23.923410
sh.603260,2025-11-19,2025-11-26,0.1734619140625,2025-11-21 20:04:23.923410
sh.603260,2025-11-19,2025-11-26,0.173583984375,2025-11-21 20:04:23.923410
sh.603260,2025-11-19,2025-11-26,0.173583984375,2025-11-21 20:04:23.923410
sh.603260,2025-11-20,2025-11-27,0.129638671875,2025-11-21 20:04:23.923410
sh.603260,2025-11-20,2025-11-27,0.1297607421875,2025-11-21 20:04:23.923410
sh.603260,2025-11-20,2025-11-27,0.1298828125,2025-11-21 20:04:23.923410
sh.603260,2025-11-21,2025-11-28,0.12744140625,2025-11-21 20:04:23.923410
sh.603288,2025-11-19,2025-11-26,0.12127685546875,2025-11-21 20:04:23.923410
sh.603288,2025-11-19,2025-11-26,0.12127685546875,2025-11-21 20:04:23.923410
sh.603288,2025-11-19,2025-11-26,0.12115478515625,2025-11-21 20:04:23.923410
sh.603288,2025-11-20,2025-11-27,0.10968017578125,2025-11-21 20:04:23.923410
sh.603288,2025-11-20,2025-11-27,0.10968017578125,2025-11-21 20:04:23.923410
sh.603288,2025-11-20,2025-11-27,0.10968017578125,2025-11-21 20:04:23.923410
sh.603288,2025-11-21,2025-11-28,0.1553955078125,2025-11-21 20:04:23.923410
sh.603369,2025-11-19,2025-11-26,0.11981201171875,2025-11-21 20:04:23.923410
sh.603369,2025-11-19,2025-11-26,0.11981201171875,2025-11-21 20:04:23.923410
sh.603369,2025-11-19,2025-11-26,0.11968994140625,2025-11-21 20:04:23.923410
sh.603369,2025-11-20,2025-11-27,0.09075927734375,2025-11-21 20:04:23.923410
sh.603369,2025-11-20,2025-11-27,0.09075927734375,2025-11-21 20:04:23.923410
sh.603369,2025-11-20,2025-11-27,0.09075927734375,2025-11-21 20:04:23.923410
sh.603369,2025-11-21,2025-11-28,0.11456298828125,2025-11-21 20:04:23.923410
sh.603392,2025-11-19,2025-11-26,0.137451171875,2025-11-21 20:04:23.923410
sh.603392,2025-11-19,2025-11-26,0.13720703125,2025-11-21 20:04:23.923410
sh.603392,2025-11-19,2025-11-26,0.1370849609375,2025-11-21 20:04:23.923410
sh.603392,2025-11-20,2025-11-27,0.11920166015625,2025-11-21 20:04:23.923410
sh.603392,2025-11-20,2025-11-27,0.11920166015625,2025-11-21 20:04:23.923410
sh.603392,2025-11-20,2025-11-27,0.1195068359375,2025-11-21 20:04:23.923410
sh.603392,2025-11-21,2025-11-28,0.33203125,2025-11-21 20:04:23.923410
sh.603501,2025-11-19,2025-11-26,0.1531982421875,2025-11-21 20:04:23.923410
sh.603501,2025-11-19,2025-11-26,0.1533203125,2025-11-21 20:04:23.923410
sh.603501,2025-11-19,2025-11-26,0.1534423828125,2025-11-21 20:04:23.923410
sh.603501,2025-11-20,2025-11-27,0.1876220703125,2025-11-21 20:04:23.923410
sh.603501,2025-11-20,2025-11-27,0.18798828125,2025-11-21 20:04:23.923410
sh.603501,2025-11-20,2025-11-27,0.188232421875,2025-11-21 20:04:23.923410
sh.603501,2025-11-21,2025-11-28,0.40576171875,2025-11-21 20:04:23.923410
sh.603799,2025-11-19,2025-11-26,0.10540771484375,2025-11-21 20:04:23.923410
sh.603799,2025-11-19,2025-11-26,0.10577392578125,2025-11-21 20:04:23.923410
sh.603799,2025-11-19,2025-11-26,0.1055908203125,2025-11-21 20:04:23.923410
sh.603799,2025-11-20,2025-11-27,0.094482421875,2025-11-21 20:04:23.923410
sh.603799,2025-11-20,2025-11-27,0.09466552734375,2025-11-21 20:04:23.923410
sh.603799,2025-11-20,2025-11-27,0.0948486328125,2025-11-21 20:04:23.923410
sh.603799,2025-11-21,2025-11-28,0.1300048828125,2025-11-21 20:04:23.923410
sh.603806,2025-11-19,2025-11-26,0.11676025390625,2025-11-21 20:04:23.923410
sh.603806,2025-11-19,2025-11-26,0.11676025390625,2025-11-21 20:04:23.923410
sh.603806,2025-11-19,2025-11-26,0.11676025390625,2025-11-21 20:04:23.923410
sh.603806,2025-11-20,2025-11-27,0.2034912109375,2025-11-21 20:04:23.923410
sh.603806,2025-11-20,2025-11-27,0.2037353515625,2025-11-21 20:04:23.923410
sh.603806,2025-11-20,2025-11-27,0.2037353515625,2025-11-21 20:04:23.923410
sh.603806,2025-11-21,2025-11-28,0.37255859375,2025-11-21 20:04:23.923410
sh.603833,2025-11-19,2025-11-26,0.08404541015625,2025-11-21 20:04:23.923410
sh.603833,2025-11-19,2025-11-26,0.08404541015625,2025-11-21 20:04:23.923410
sh.603833,2025-11-19,2025-11-26,0.08447265625,2025-11-21 20:04:23.923410
sh.603833,2025-11-20,2025-11-27,0.0863037109375,2025-11-21 20:04:23.923410
sh.603833,2025-11-20,2025-11-27,0.08648681640625,2025-11-21 20:04:23.923410
sh.603833,2025-11-20,2025-11-27,0.0867919921875,2025-11-21 20:04:23.923410
sh.603833,2025-11-21,2025-11-28,0.1309814453125,2025-11-21 20:04:23.923410
sh.603986,2025-11-19,2025-11-26,0.136474609375,2025-11-21 20:04:23.923410
sh.603986,2025-11-19,2025-11-26,0.1365966796875,2025-11-21 20:04:23.923410
sh.603986,2025-11-19,2025-11-26,0.1368408203125,2025-11-21 20:04:23.923410
sh.603986,2025-11-20,2025-11-27,0.14697265625,2025-11-21 20:04:23.923410
sh.603986,2025-11-20,2025-11-27,0.1470947265625,2025-11-21 20:04:23.923410
sh.603986,2025-11-20,2025-11-27,0.1473388671875,2025-11-21 20:04:23.923410
sh.603986,2025-11-21,2025-11-28,0.438720703125,2025-11-21 20:04:23.923410
sh.603993,2025-11-19,2025-11-26,0.10504150390625,2025-11-21 20:04:23.923410
sh.603993,2025-11-19,2025-11-26,0.1044921875,2025-11-21 20:04:23.923410
sh.603993,2025-11-19,2025-11-26,0.10430908203125,2025-11-21 20:04:23.923410
sh.603993,2025-11-20,2025-11-27,0.126708984375,2025-11-21 20:04:23.923410
sh.603993,2025-11-20,2025-11-27,0.1270751953125,2025-11-21 20:04:23.923410
sh.603993,2025-11-20,2025-11-27,0.127197265625,2025-11-21 20:04:23.923410
sh.603993,2025-11-21,2025-11-28,0.24365234375,2025-11-21 20:04:23.923410
sh.605117,2025-11-19,2025-11-26,0.1114501953125,2025-11-21 20:04:23.923410
sh.605117,2025-11-19,2025-11-26,0.11163330078125,2025-11-21 20:04:23.923410
sh.605117,2025-11-19,2025-11-26,0.11181640625,2025-11-21 20:04:23.923410
sh.605117,2025-11-20,2025-11-27,0.1378173828125,2025-11-21 20:04:23.923410
sh.605117,2025-11-20,2025-11-27,0.137939453125,2025-11-21 20:04:23.923410
sh.605117,2025-11-20,2025-11-27,0.1380615234375,2025-11-21 20:04:23.923410
sh.605117,2025-11-21,2025-11-28,0.151123046875,2025-11-21 20:04:23.923410
sh.605499,2025-11-19,2025-11-26,0.08660888671875,2025-11-21 20:04:23.923410
sh.605499,2025-11-19,2025-11-26,0.08648681640625,2025-11-21 20:04:23.923410
sh.605499,2025-11-19,2025-11-26,0.0867919921875,2025-11-21 20:04:23.923410
sh.605499,2025-11-20,2025-11-27,0.150390625,2025-11-21 20:04:23.923410
sh.605499,2025-11-20,2025-11-27,0.1507568359375,2025-11-21 20:04:23.923410
sh.605499,2025-11-20,2025-11-27,0.1514892578125,2025-11-21 20:04:23.923410
sh.605499,2025-11-21,2025-11-28,0.10302734375,2025-11-21 20:04:23.923410
sh.688008,2025-11-19,2025-11-26,0.17626953125,2025-11-21 20:04:23.923410
sh.688008,2025-11-19,2025-11-26,0.1767578125,2025-11-21 20:04:23.923410
sh.688008,2025-11-19,2025-11-26,0.1771240234375,2025-11-21 20:04:23.923410
sh.688008,2025-11-20,2025-11-27,0.162353515625,2025-11-21 20:04:23.923410
sh.688008,2025-11-20,2025-11-27,0.16259765625,2025-11-21 20:04:23.923410
sh.688008,2025-11-20,2025-11-27,0.1629638671875,2025-11-21 20:04:23.923410
sh.688008,2025-11-21,2025-11-28,0.337646484375,2025-11-21 20:04:23.923410
sh.688009,2025-11-19,2025-11-26,0.139892578125,2025-11-21 20:04:23.923410
sh.688009,2025-11-19,2025-11-26,0.1402587890625,2025-11-21 20:04:23.923410
sh.688009,2025-11-19,2025-11-26,0.140380859375,2025-11-21 20:04:23.923410
sh.688009,2025-11-20,2025-11-27,0.093017578125,2025-11-21 20:04:23.923410
sh.688009,2025-11-20,2025-11-27,0.09320068359375,2025-11-21 20:04:23.923410
sh.688009,2025-11-20,2025-11-27,0.09332275390625,2025-11-21 20:04:23.923410
sh.688009,2025-11-21,2025-11-28,0.1591796875,2025-11-21 20:04:23.923410
sh.688012,2025-11-19,2025-11-26,0.09857177734375,2025-11-21 20:04:23.923410
sh.688012,2025-11-19,2025-11-26,0.0987548828125,2025-11-21 20:04:23.923410
sh.688012,2025-11-19,2025-11-26,0.09912109375,2025-11-21 20:04:23.923410
sh.688012,2025-11-20,2025-11-27,0.1373291015625,2025-11-21 20:04:23.923410
sh.688012,2025-11-20,2025-11-27,0.137451171875,2025-11-21 20:04:23.923410
sh.688012,2025-11-20,2025-11-27,0.1375732421875,2025-11-21 20:04:23.923410
sh.688012,2025-11-21,2025-11-28,0.1546630859375,2025-11-21 20:04:23.923410
sh.688036,2025-11-19,2025-11-26,0.15478515625,2025-11-21 20:04:23.923410
sh.688036,2025-11-19,2025-11-26,0.155029296875,2025-11-21 20:04:23.923410
sh.688036,2025-11-19,2025-11-26,0.1551513671875,2025-11-21 20:04:23.923410
sh.688036,2025-11-20,2025-11-27,0.1800537109375,2025-11-21 20:04:23.923410
sh.688036,2025-11-20,2025-11-27,0.1806640625,2025-11-21 20:04:23.923410
sh.688036,2025-11-20,2025-11-27,0.1815185546875,2025-11-21 20:04:23.923410
sh.688036,2025-11-21,2025-11-28,0.10894775390625,2025-11-21 20:04:23.923410
sh.688041,2025-11-19,2025-11-26,0.13037109375,2025-11-21 20:04:23.923410
sh.688041,2025-11-19,2025-11-26,0.131103515625,2025-11-21 20:04:23.923410
sh.688041,2025-11-19,2025-11-26,0.131591796875,2025-11-21 20:04:23.923410
sh.688041,2025-11-20,2025-11-27,0.1407470703125,2025-11-21 20:04:23.923410
sh.688041,2025-11-20,2025-11-27,0.1409912109375,2025-11-21 20:04:23.923410
sh.688041,2025-11-20,2025-11-27,0.1419677734375,2025-11-21 20:04:23.923410
sh.688041,2025-11-21,2025-11-28,0.161865234375,2025-11-21 20:04:23.923410
sh.688047,2025-11-19,2025-11-26,0.11065673828125,2025-11-21 20:04:23.923410
sh.688047,2025-11-19,2025-11-26,0.1104736328125,2025-11-21 20:04:23.923410
sh.688047,2025-11-19,2025-11-26,0.11029052734375,2025-11-21 20:04:23.923410
sh.688047,2025-11-20,2025-11-27,0.1529541015625,2025-11-21 20:04:23.923410
sh.688047,2025-11-20,2025-11-27,0.1527099609375,2025-11-21 20:04:23.923410
sh.688047,2025-11-20,2025-11-27,0.15283203125,2025-11-21 20:04:23.923410
sh.688047,2025-11-21,2025-11-28,0.10931396484375,2025-11-21 20:04:23.923410
sh.688082,2025-11-19,2025-11-26,0.10931396484375,2025-11-21 20:04:23.923410
sh.688082,2025-11-19,2025-11-26,0.10931396484375,2025-11-21 20:04:23.923410
sh.688082,2025-11-19,2025-11-26,0.1094970703125,2025-11-21 20:04:23.923410
sh.688082,2025-11-20,2025-11-27,0.1258544921875,2025-11-21 20:04:23.923410
sh.688082,2025-11-20,2025-11-27,0.1258544921875,2025-11-21 20:04:23.923410
sh.688082,2025-11-20,2025-11-27,0.1259765625,2025-11-21 20:04:23.923410
sh.688082,2025-11-21,2025-11-28,0.248046875,2025-11-21 20:04:23.923410
sh.688111,2025-11-19,2025-11-26,0.106689453125,2025-11-21 20:04:23.923410
sh.688111,2025-11-19,2025-11-26,0.10595703125,2025-11-21 20:04:23.923410
sh.688111,2025-11-19,2025-11-26,0.10540771484375,2025-11-21 20:04:23.923410
sh.688111,2025-11-20,2025-11-27,0.1395263671875,2025-11-21 20:04:23.923410
sh.688111,2025-11-20,2025-11-27,0.1392822265625,2025-11-21 20:04:23.923410
sh.688111,2025-11-20,2025-11-27,0.1390380859375,2025-11-21 20:04:23.923410
sh.688111,2025-11-21,2025-11-28,0.106689453125,2025-11-21 20:04:23.923410
sh.688126,2025-11-19,2025-11-26,0.07501220703125,2025-11-21 20:04:23.923410
sh.688126,2025-11-19,2025-11-26,0.07489013671875,2025-11-21 20:04:23.923410
sh.688126,2025-11-19,2025-11-26,0.07489013671875,2025-11-21 20:04:23.923410
sh.688126,2025-11-20,2025-11-27,0.141357421875,2025-11-21 20:04:23.923410
sh.688126,2025-11-20,2025-11-27,0.1412353515625,2025-11-21 20:04:23.923410
sh.688126,2025-11-20,2025-11-27,0.1412353515625,2025-11-21 20:04:23.923410
sh.688126,2025-11-21,2025-11-28,0.1864013671875,2025-11-21 20:04:23.923410
sh.688169,2025-11-19,2025-11-26,0.13916015625,2025-11-21 20:04:23.923410
sh.688169,2025-11-19,2025-11-26,0.1405029296875,2025-11-21 20:04:23.923410
sh.688169,2025-11-19,2025-11-26,0.14111328125,2025-11-21 20:04:23.923410
sh.688169,2025-11-20,2025-11-27,0.08538818359375,2025-11-21 20:04:23.923410
sh.688169,2025-11-20,2025-11-27,0.0863037109375,2025-11-21 20:04:23.923410
sh.688169,2025-11-20,2025-11-27,0.08709716796875,2025-11-21 20:04:23.923410
sh.688169,2025-11-21,2025-11-28,0.132568359375,2025-11-21 20:04:23.923410
sh.688187,2025-11-19,2025-11-26,0.1351318359375,2025-11-21 20:04:23.923410
sh.688187,2025-11-19,2025-11-26,0.13525390625,2025-11-21 20:04:23.923410
sh.688187,2025-11-19,2025-11-26,0.1353759765625,2025-11-21 20:04:23.923410
sh.688187,2025-11-20,2025-11-27,0.13037109375,2025-11-21 20:04:23.923410
sh.688187,2025-11-20,2025-11-27,0.1307373046875,2025-11-21 20:04:23.923410
sh.688187,2025-11-20,2025-11-27,0.1307373046875,2025-11-21 20:04:23.923410
sh.688187,2025-11-21,2025-11-28,0.1893310546875,2025-11-21 20:04:23.923410
sh.688223,2025-11-19,2025-11-26,0.1087646484375,2025-11-21 20:04:23.923410
sh.688223,2025-11-19,2025-11-26,0.10858154296875,2025-11-21 20:04:23.923410
sh.688223,2025-11-19,2025-11-26,0.10858154296875,2025-11-21 20:04:23.923410
sh.688223,2025-11-20,2025-11-27,0.12890625,2025-11-21 20:04:23.923410
sh.688223,2025-11-20,2025-11-27,0.12890625,2025-11-21 20:04:23.923410
sh.688223,2025-11-20,2025-11-27,0.12890625,2025-11-21 20:04:23.923410
sh.688223,2025-11-21,2025-11-28,0.116943359375,2025-11-21 20:04:23.923410
sh.688256,2025-11-19,2025-11-26,0.083740234375,2025-11-21 20:04:23.923410
sh.688256,2025-11-19,2025-11-26,0.0849609375,2025-11-21 20:04:23.923410
sh.688256,2025-11-19,2025-11-26,0.08599853515625,2025-11-21 20:04:23.923410
sh.688256,2025-11-20,2025-11-27,0.135498046875,2025-11-21 20:04:23.923410
sh.688256,2025-11-20,2025-11-27,0.1358642578125,2025-11-21 20:04:23.923410
sh.688256,2025-11-20,2025-11-27,0.13623046875,2025-11-21 20:04:23.923410
sh.688256,2025-11-21,2025-11-28,0.1627197265625,2025-11-21 20:04:23.923410
sh.688271,2025-11-19,2025-11-26,0.1802978515625,2025-11-21 20:04:23.923410
sh.688271,2025-11-19,2025-11-26,0.1802978515625,2025-11-21 20:04:23.923410
sh.688271,2025-11-19,2025-11-26,0.1800537109375,2025-11-21 20:04:23.923410
sh.688271,2025-11-20,2025-11-27,0.28662109375,2025-11-21 20:04:23.923410
sh.688271,2025-11-20,2025-11-27,0.285888671875,2025-11-21 20:04:23.923410
sh.688271,2025-11-20,2025-11-27,0.28662109375,2025-11-21 20:04:23.923410
sh.688271,2025-11-21,2025-11-28,0.1558837890625,2025-11-21 20:04:23.923410
sh.688303,2025-11-19,2025-11-26,0.11578369140625,2025-11-21 20:04:23.923410
sh.688303,2025-11-19,2025-11-26,0.11578369140625,2025-11-21 20:04:23.923410
sh.688303,2025-11-19,2025-11-26,0.11553955078125,2025-11-21 20:04:23.923410
sh.688303,2025-11-20,2025-11-27,0.1217041015625,2025-11-21 20:04:23.923410
sh.688303,2025-11-20,2025-11-27,0.12158203125,2025-11-21 20:04:23.923410
sh.688303,2025-11-20,2025-11-27,0.1217041015625,2025-11-21 20:04:23.923410
sh.688303,2025-11-21,2025-11-28,0.126953125,2025-11-21 20:04:23.923410
sh.688396,2025-11-19,2025-11-26,0.14111328125,2025-11-21 20:04:23.923410
sh.688396,2025-11-19,2025-11-26,0.140869140625,2025-11-21 20:04:23.923410
sh.688396,2025-11-19,2025-11-26,0.140869140625,2025-11-21 20:04:23.923410
sh.688396,2025-11-20,2025-11-27,0.194580078125,2025-11-21 20:04:23.923410
sh.688396,2025-11-20,2025-11-27,0.1947021484375,2025-11-21 20:04:23.923410
sh.688396,2025-11-20,2025-11-27,0.1949462890625,2025-11-21 20:04:23.923410
sh.688396,2025-11-21,2025-11-28,0.24853515625,2025-11-21 20:04:23.923410
sh.688506,2025-11-19,2025-11-26,0.1422119140625,2025-11-21 20:04:23.923410
sh.688506,2025-11-19,2025-11-26,0.142333984375,2025-11-21 20:04:23.923410
sh.688506,2025-11-19,2025-11-26,0.142333984375,2025-11-21 20:04:23.923410
sh.688506,2025-11-20,2025-11-27,0.0880126953125,2025-11-21 20:04:23.923410
sh.688506,2025-11-20,2025-11-27,0.08819580078125,2025-11-21 20:04:23.923410
sh.688506,2025-11-20,2025-11-27,0.0885009765625,2025-11-21 20:04:23.923410
sh.688506,2025-11-21,2025-11-28,0.0775146484375,2025-11-21 20:04:23.923410
sh.688599,2025-11-19,2025-11-26,0.1207275390625,2025-11-21 20:04:23.923410
sh.688599,2025-11-19,2025-11-26,0.1207275390625,2025-11-21 20:04:23.923410
sh.688599,2025-11-19,2025-11-26,0.1207275390625,2025-11-21 20:04:23.923410
sh.688599,2025-11-20,2025-11-27,0.1275634765625,2025-11-21 20:04:23.923410
sh.688599,2025-11-20,2025-11-27,0.1275634765625,2025-11-21 20:04:23.923410
sh.688599,2025-11-20,2025-11-27,0.12744140625,2025-11-21 20:04:23.923410
sh.688599,2025-11-21,2025-11-28,0.1470947265625,2025-11-21 20:04:23.923410
sh.688981,2025-11-19,2025-11-26,0.135009765625,2025-11-21 20:04:23.923410
sh.688981,2025-11-19,2025-11-26,0.135498046875,2025-11-21 20:04:23.923410
sh.688981,2025-11-19,2025-11-26,0.1358642578125,2025-11-21 20:04:23.923410
sh.688981,2025-11-20,2025-11-27,0.1488037109375,2025-11-21 20:04:23.923410
sh.688981,2025-11-20,2025-11-27,0.1492919921875,2025-11-21 20:04:23.923410
sh.688981,2025-11-20,2025-11-27,0.150390625,2025-11-21 20:04:23.923410
sh.688981,2025-11-21,2025-11-28,0.142822265625,2025-11-21 20:04:23.923410
sz.000001,2025-11-19,2025-11-26,0.1395263671875,2025-11-21 20:04:23.923410
sz.000001,2025-11-19,2025-11-26,0.1395263671875,2025-11-21 20:04:23.923410
sz.000001,2025-11-19,2025-11-26,0.1395263671875,2025-11-21 20:04:23.923410
sz.000001,2025-11-20,2025-11-27,0.1114501953125,2025-11-21 20:04:23.923410
sz.000001,2025-11-20,2025-11-27,0.1114501953125,2025-11-21 20:04:23.923410
sz.000001,2025-11-20,2025-11-27,0.11163330078125,2025-11-21 20:04:23.923410
sz.000001,2025-11-21,2025-11-28,0.11798095703125,2025-11-21 20:04:23.923410
sz.000002,2025-11-19,2025-11-26,0.242431640625,2025-11-21 20:04:23.923410
sz.000002,2025-11-19,2025-11-26,0.2421875,2025-11-21 20:04:23.923410
sz.000002,2025-11-19,2025-11-26,0.242431640625,2025-11-21 20:04:23.923410
sz.000002,2025-11-20,2025-11-27,0.08477783203125,2025-11-21 20:04:23.923410
sz.000002,2025-11-20,2025-11-27,0.08477783203125,2025-11-21 20:04:23.923410
sz.000002,2025-11-20,2025-11-27,0.08477783203125,2025-11-21 20:04:23.923410
sz.000002,2025-11-21,2025-11-28,0.1483154296875,2025-11-21 20:04:23.923410
sz.000063,2025-11-19,2025-11-26,0.12042236328125,2025-11-21 20:04:23.923410
sz.000063,2025-11-19,2025-11-26,0.12115478515625,2025-11-21 20:04:23.923410
sz.000063,2025-11-19,2025-11-26,0.12213134765625,2025-11-21 20:04:23.923410
sz.000063,2025-11-20,2025-11-27,0.1429443359375,2025-11-21 20:04:23.923410
sz.000063,2025-11-20,2025-11-27,0.1436767578125,2025-11-21 20:04:23.923410
sz.000063,2025-11-20,2025-11-27,0.1444091796875,2025-11-21 20:04:23.923410
sz.000063,2025-11-21,2025-11-28,0.1810302734375,2025-11-21 20:04:23.923410
sz.000100,2025-11-19,2025-11-26,0.13427734375,2025-11-21 20:04:23.923410
sz.000100,2025-11-19,2025-11-26,0.13427734375,2025-11-21 20:04:23.923410
sz.000100,2025-11-19,2025-11-26,0.1343994140625,2025-11-21 20:04:23.923410
sz.000100,2025-11-20,2025-11-27,0.156494140625,2025-11-21 20:04:23.923410
sz.000100,2025-11-20,2025-11-27,0.156494140625,2025-11-21 20:04:23.923410
sz.000100,2025-11-20,2025-11-27,0.1566162109375,2025-11-21 20:04:23.923410
sz.000100,2025-11-21,2025-11-28,0.404541015625,2025-11-21 20:04:23.923410
sz.000157,2025-11-19,2025-11-26,0.095703125,2025-11-21 20:04:23.923410
sz.000157,2025-11-19,2025-11-26,0.09637451171875,2025-11-21 20:04:23.923410
sz.000157,2025-11-19,2025-11-26,0.097412109375,2025-11-21 20:04:23.923410
sz.000157,2025-11-20,2025-11-27,0.149658203125,2025-11-21 20:04:23.923410
sz.000157,2025-11-20,2025-11-27,0.150146484375,2025-11-21 20:04:23.923410
sz.000157,2025-11-20,2025-11-27,0.15087890625,2025-11-21 20:04:23.923410
sz.000157,2025-11-21,2025-11-28,0.2274169921875,2025-11-21 20:04:23.923410
sz.000166,2025-11-19,2025-11-26,0.30712890625,2025-11-21 20:04:23.923410
sz.000166,2025-11-19,2025-11-26,0.3076171875,2025-11-21 20:04:23.923410
sz.000166,2025-11-19,2025-11-26,0.307373046875,2025-11-21 20:04:23.923410
sz.000166,2025-11-20,2025-11-27,0.134033203125,2025-11-21 20:04:23.923410
sz.000166,2025-11-20,2025-11-27,0.134033203125,2025-11-21 20:04:23.923410
sz.000166,2025-11-20,2025-11-27,0.134033203125,2025-11-21 20:04:23.923410
sz.000166,2025-11-21,2025-11-28,0.32177734375,2025-11-21 20:04:23.923410
sz.000301,2025-11-19,2025-11-26,0.1383056640625,2025-11-21 20:04:23.923410
sz.000301,2025-11-19,2025-11-26,0.13818359375,2025-11-21 20:04:23.923410
sz.000301,2025-11-19,2025-11-26,0.138427734375,2025-11-21 20:04:23.923410
sz.000301,2025-11-20,2025-11-27,0.103759765625,2025-11-21 20:04:23.923410
sz.000301,2025-11-20,2025-11-27,0.1041259765625,2025-11-21 20:04:23.923410
sz.000301,2025-11-20,2025-11-27,0.10430908203125,2025-11-21 20:04:23.923410
sz.000301,2025-11-21,2025-11-28,0.1041259765625,2025-11-21 20:04:23.923410
sz.000333,2025-11-19,2025-11-26,0.10797119140625,2025-11-21 20:04:23.923410
sz.000333,2025-11-19,2025-11-26,0.1083984375,2025-11-21 20:04:23.923410
sz.000333,2025-11-19,2025-11-26,0.10894775390625,2025-11-21 20:04:23.923410
sz.000333,2025-11-20,2025-11-27,0.0880126953125,2025-11-21 20:04:23.923410
sz.000333,2025-11-20,2025-11-27,0.08831787109375,2025-11-21 20:04:23.923410
sz.000333,2025-11-20,2025-11-27,0.08868408203125,2025-11-21 20:04:23.923410
sz.000333,2025-11-21,2025-11-28,0.12890625,2025-11-21 20:04:23.923410
sz.000338,2025-11-19,2025-11-26,0.1668701171875,2025-11-21 20:04:23.923410
sz.000338,2025-11-19,2025-11-26,0.1676025390625,2025-11-21 20:04:23.923410
sz.000338,2025-11-19,2025-11-26,0.16845703125,2025-11-21 20:04:23.923410
sz.000338,2025-11-20,2025-11-27,0.147216796875,2025-11-21 20:04:23.923410
sz.000338,2025-11-20,2025-11-27,0.1475830078125,2025-11-21 20:04:23.923410
sz.000338,2025-11-20,2025-11-27,0.148193359375,2025-11-21 20:04:23.923410
sz.000338,2025-11-21,2025-11-28,0.1348876953125,2025-11-21 20:04:23.923410
sz.000408,2025-11-19,2025-11-26,0.107421875,2025-11-21 20:04:23.923410
sz.000408,2025-11-19,2025-11-26,0.10723876953125,2025-11-21 20:04:23.923410
sz.000408,2025-11-19,2025-11-26,0.107421875,2025-11-21 20:04:23.923410
sz.000408,2025-11-20,2025-11-27,0.1124267578125,2025-11-21 20:04:23.923410
sz.000408,2025-11-20,2025-11-27,0.11260986328125,2025-11-21 20:04:23.923410
sz.000408,2025-11-20,2025-11-27,0.11279296875,2025-11-21 20:04:23.923410
sz.000408,2025-11-21,2025-11-28,0.1341552734375,2025-11-21 20:04:23.923410
sz.000425,2025-11-19,2025-11-26,0.0867919921875,2025-11-21 20:04:23.923410
sz.000425,2025-11-19,2025-11-26,0.0872802734375,2025-11-21 20:04:23.923410
sz.000425,2025-11-19,2025-11-26,0.08758544921875,2025-11-21 20:04:23.923410
sz.000425,2025-11-20,2025-11-27,0.0701904296875,2025-11-21 20:04:23.923410
sz.000425,2025-11-20,2025-11-27,0.0703125,2025-11-21 20:04:23.923410
sz.000425,2025-11-20,2025-11-27,0.070556640625,2025-11-21 20:04:23.923410
sz.000425,2025-11-21,2025-11-28,0.10540771484375,2025-11-21 20:04:23.923410
sz.000538,2025-11-19,2025-11-26,0.10015869140625,2025-11-21 20:04:23.923410
sz.000538,2025-11-19,2025-11-26,0.10015869140625,2025-11-21 20:04:23.923410
sz.000538,2025-11-19,2025-11-26,0.10015869140625,2025-11-21 20:04:23.923410
sz.000538,2025-11-20,2025-11-27,0.1134033203125,2025-11-21 20:04:23.923410
sz.000538,2025-11-20,2025-11-27,0.1134033203125,2025-11-21 20:04:23.923410
sz.000538,2025-11-20,2025-11-27,0.1134033203125,2025-11-21 20:04:23.923410
sz.000538,2025-11-21,2025-11-28,0.12261962890625,2025-11-21 20:04:23.923410
sz.000568,2025-11-19,2025-11-26,0.123779296875,2025-11-21 20:04:23.923410
sz.000568,2025-11-19,2025-11-26,0.1236572265625,2025-11-21 20:04:23.923410
sz.000568,2025-11-19,2025-11-26,0.12359619140625,2025-11-21 20:04:23.923410
sz.000568,2025-11-20,2025-11-27,0.1048583984375,2025-11-21 20:04:23.923410
sz.000568,2025-11-20,2025-11-27,0.1048583984375,2025-11-21 20:04:23.923410
sz.000568,2025-11-20,2025-11-27,0.10504150390625,2025-11-21 20:04:23.923410
sz.000568,2025-11-21,2025-11-28,0.10357666015625,2025-11-21 20:04:23.923410
sz.000596,2025-11-19,2025-11-26,0.1328125,2025-11-21 20:04:23.923410
sz.000596,2025-11-19,2025-11-26,0.1326904296875,2025-11-21 20:04:23.923410
sz.000596,2025-11-19,2025-11-26,0.1326904296875,2025-11-21 20:04:23.923410
sz.000596,2025-11-20,2025-11-27,0.07861328125,2025-11-21 20:04:23.923410
sz.000596,2025-11-20,2025-11-27,0.07879638671875,2025-11-21 20:04:23.923410
sz.000596,2025-11-20,2025-11-27,0.07891845703125,2025-11-21 20:04:23.923410
sz.000596,2025-11-21,2025-11-28,0.10723876953125,2025-11-21 20:04:23.923410
sz.000617,2025-11-19,2025-11-26,0.129150390625,2025-11-21 20:04:23.923410
sz.000617,2025-11-19,2025-11-26,0.129150390625,2025-11-21 20:04:23.923410
sz.000617,2025-11-19,2025-11-26,0.129638671875,2025-11-21 20:04:23.923410
sz.000617,2025-11-20,2025-11-27,0.1512451171875,2025-11-21 20:04:23.923410
sz.000617,2025-11-20,2025-11-27,0.1517333984375,2025-11-21 20:04:23.923410
sz.000617,2025-11-20,2025-11-27,0.15234375,2025-11-21 20:04:23.923410
sz.000617,2025-11-21,2025-11-28,0.23681640625,2025-11-21 20:04:23.923410
sz.000625,2025-11-19,2025-11-26,0.144775390625,2025-11-21 20:04:23.923410
sz.000625,2025-11-19,2025-11-26,0.144775390625,2025-11-21 20:04:23.923410
sz.000625,2025-11-19,2025-11-26,0.1446533203125,2025-11-21 20:04:23.923410
sz.000625,2025-11-20,2025-11-27,0.2587890625,2025-11-21 20:04:23.923410
sz.000625,2025-11-20,2025-11-27,0.259521484375,2025-11-21 20:04:23.923410
sz.000625,2025-11-20,2025-11-27,0.259521484375,2025-11-21 20:04:23.923410
sz.000625,2025-11-21,2025-11-28,0.39697265625,2025-11-21 20:04:23.923410
sz.000630,2025-11-19,2025-11-26,0.154052734375,2025-11-21 20:04:23.923410
sz.000630,2025-11-19,2025-11-26,0.1527099609375,2025-11-21 20:04:23.923410
sz.000630,2025-11-19,2025-11-26,0.1517333984375,2025-11-21 20:04:23.923410
sz.000630,2025-11-20,2025-11-27,0.10089111328125,2025-11-21 20:04:23.923410
sz.000630,2025-11-20,2025-11-27,0.10107421875,2025-11-21 20:04:23.923410
sz.000630,2025-11-20,2025-11-27,0.10125732421875,2025-11-21 20:04:23.923410
sz.000630,2025-11-21,2025-11-28,0.278076171875,2025-11-21 20:04:23.923410
sz.000651,2025-11-19,2025-11-26,0.0880126953125,2025-11-21 20:04:23.923410
sz.000651,2025-11-19,2025-11-26,0.08831787109375,2025-11-21 20:04:23.923410
sz.000651,2025-11-19,2025-11-26,0.08868408203125,2025-11-21 20:04:23.923410
sz.000651,2025-11-20,2025-11-27,0.072265625,2025-11-21 20:04:23.923410
sz.000651,2025-11-20,2025-11-27,0.0723876953125,2025-11-21 20:04:23.923410
sz.000651,2025-11-20,2025-11-27,0.0726318359375,2025-11-21 20:04:23.923410
sz.000651,2025-11-21,2025-11-28,0.0809326171875,2025-11-21 20:04:23.923410
sz.000661,2025-11-19,2025-11-26,0.1282958984375,2025-11-21 20:04:23.923410
sz.000661,2025-11-19,2025-11-26,0.128173828125,2025-11-21 20:04:23.923410
sz.000661,2025-11-19,2025-11-26,0.1282958984375,2025-11-21 20:04:23.923410
sz.000661,2025-11-20,2025-11-27,0.138671875,2025-11-21 20:04:23.923410
sz.000661,2025-11-20,2025-11-27,0.1385498046875,2025-11-21 20:04:23.923410
sz.000661,2025-11-20,2025-11-27,0.138671875,2025-11-21 20:04:23.923410
sz.000661,2025-11-21,2025-11-28,0.179443359375,2025-11-21 20:04:23.923410
sz.000708,2025-11-19,2025-11-26,0.09136962890625,2025-11-21 20:04:23.923410
sz.000708,2025-11-19,2025-11-26,0.09124755859375,2025-11-21 20:04:23.923410
sz.000708,2025-11-19,2025-11-26,0.091064453125,2025-11-21 20:04:23.923410
sz.000708,2025-11-20,2025-11-27,0.08404541015625,2025-11-21 20:04:23.923410
sz.000708,2025-11-20,2025-11-27,0.08404541015625,2025-11-21 20:04:23.923410
sz.000708,2025-11-20,2025-11-27,0.08416748046875,2025-11-21 20:04:23.923410
sz.000708,2025-11-21,2025-11-28,0.09893798828125,2025-11-21 20:04:23.923410
sz.000725,2025-11-19,2025-11-26,0.1783447265625,2025-11-21 20:04:23.923410
sz.000725,2025-11-19,2025-11-26,0.17822265625,2025-11-21 20:04:23.923410
sz.000725,2025-11-19,2025-11-26,0.17822265625,2025-11-21 20:04:23.923410
sz.000725,2025-11-20,2025-11-27,0.2459716796875,2025-11-21 20:04:23.923410
sz.000725,2025-11-20,2025-11-27,0.246337890625,2025-11-21 20:04:23.923410
sz.000725,2025-11-20,2025-11-27,0.2462158203125,2025-11-21 20:04:23.923410
sz.000725,2025-11-21,2025-11-28,0.440673828125,2025-11-21 20:04:23.923410
sz.000768,2025-11-19,2025-11-26,0.07489013671875,2025-11-21 20:04:23.923410
sz.000768,2025-11-19,2025-11-26,0.07501220703125,2025-11-21 20:04:23.923410
sz.000768,2025-11-19,2025-11-26,0.07501220703125,2025-11-21 20:04:23.923410
sz.000768,2025-11-20,2025-11-27,0.14404296875,2025-11-21 20:04:23.923410
sz.000768,2025-11-20,2025-11-27,0.14404296875,2025-11-21 20:04:23.923410
sz.000768,2025-11-20,2025-11-27,0.1441650390625,2025-11-21 20:04:23.923410
sz.000768,2025-11-21,2025-11-28,0.222900390625,2025-11-21 20:04:23.923410
sz.000776,2025-11-19,2025-11-26,0.07080078125,2025-11-21 20:04:23.923410
sz.000776,2025-11-19,2025-11-26,0.0709228515625,2025-11-21 20:04:23.923410
sz.000776,2025-11-19,2025-11-26,0.071044921875,2025-11-21 20:04:23.923410
sz.000776,2025-11-20,2025-11-27,0.15625,2025-11-21 20:04:23.923410
sz.000776,2025-11-20,2025-11-27,0.15625,2025-11-21 20:04:23.923410
sz.000776,2025-11-20,2025-11-27,0.15625,2025-11-21 20:04:23.923410
sz.000776,2025-11-21,2025-11-28,0.32861328125,2025-11-21 20:04:23.923410
sz.000786,2025-11-19,2025-11-26,0.12347412109375,2025-11-21 20:04:23.923410
sz.000786,2025-11-19,2025-11-26,0.12335205078125,2025-11-21 20:04:23.923410
sz.000786,2025-11-19,2025-11-26,0.12347412109375,2025-11-21 20:04:23.923410
sz.000786,2025-11-20,2025-11-27,0.1077880859375,2025-11-21 20:04:23.923410
sz.000786,2025-11-20,2025-11-27,0.10797119140625,2025-11-21 20:04:23.923410
sz.000786,2025-11-20,2025-11-27,0.10797119140625,2025-11-21 20:04:23.923410
sz.000786,2025-11-21,2025-11-28,0.142578125,2025-11-21 20:04:23.923410
sz.000792,2025-11-19,2025-11-26,0.07794189453125,2025-11-21 20:04:23.923410
sz.000792,2025-11-19,2025-11-26,0.07806396484375,2025-11-21 20:04:23.923410
sz.000792,2025-11-19,2025-11-26,0.0782470703125,2025-11-21 20:04:23.923410
sz.000792,2025-11-20,2025-11-27,0.08404541015625,2025-11-21 20:04:23.923410
sz.000792,2025-11-20,2025-11-27,0.0838623046875,2025-11-21 20:04:23.923410
sz.000792,2025-11-20,2025-11-27,0.08404541015625,2025-11-21 20:04:23.923410
sz.000792,2025-11-21,2025-11-28,0.1348876953125,2025-11-21 20:04:23.923410
sz.000800,2025-11-19,2025-11-26,0.11474609375,2025-11-21 20:04:23.923410
sz.000800,2025-11-19,2025-11-26,0.11474609375,2025-11-21 20:04:23.923410
sz.000800,2025-11-19,2025-11-26,0.11474609375,2025-11-21 20:04:23.923410
sz.000800,2025-11-20,2025-11-27,0.12139892578125,2025-11-21 20:04:23.923410
sz.000800,2025-11-20,2025-11-27,0.12139892578125,2025-11-21 20:04:23.923410
sz.000800,2025-11-20,2025-11-27,0.1214599609375,2025-11-21 20:04:23.923410
sz.000800,2025-11-21,2025-11-28,0.10467529296875,2025-11-21 20:04:23.923410
sz.000807,2025-11-19,2025-11-26,0.07611083984375,2025-11-21 20:04:23.923410
sz.000807,2025-11-19,2025-11-26,0.076416015625,2025-11-21 20:04:23.923410
sz.000807,2025-11-19,2025-11-26,0.07684326171875,2025-11-21 20:04:23.923410
sz.000807,2025-11-20,2025-11-27,0.11029052734375,2025-11-21 20:04:23.923410
sz.000807,2025-11-20,2025-11-27,0.1104736328125,2025-11-21 20:04:23.923410
sz.000807,2025-11-20,2025-11-27,0.11065673828125,2025-11-21 20:04:23.923410
sz.000807,2025-11-21,2025-11-28,0.12445068359375,2025-11-21 20:04:23.923410
sz.000858,2025-11-19,2025-11-26,0.133544921875,2025-11-21 20:04:23.923410
sz.000858,2025-11-19,2025-11-26,0.13330078125,2025-11-21 20:04:23.923410
sz.000858,2025-11-19,2025-11-26,0.1331787109375,2025-11-21 20:04:23.923410
sz.000858,2025-11-20,2025-11-27,0.07965087890625,2025-11-21 20:04:23.923410
sz.000858,2025-11-20,2025-11-27,0.07977294921875,2025-11-21 20:04:23.923410
sz.000858,2025-11-20,2025-11-27,0.07989501953125,2025-11-21 20:04:23.923410
sz.000858,2025-11-21,2025-11-28,0.0966796875,2025-11-21 20:04:23.923410
sz.000876,2025-11-19,2025-11-26,0.1041259765625,2025-11-21 20:04:23.923410
sz.000876,2025-11-19,2025-11-26,0.10394287109375,2025-11-21 20:04:23.923410
sz.000876,2025-11-19,2025-11-26,0.10394287109375,2025-11-21 20:04:23.923410
sz.000876,2025-11-20,2025-11-27,0.12890625,2025-11-21 20:04:23.923410
sz.000876,2025-11-20,2025-11-27,0.12890625,2025-11-21 20:04:23.923410
sz.000876,2025-11-20,2025-11-27,0.1287841796875,2025-11-21 20:04:23.923410
sz.000876,2025-11-21,2025-11-28,0.292724609375,2025-11-21 20:04:23.923410
sz.000895,2025-11-19,2025-11-26,0.134765625,2025-11-21 20:04:23.923410
sz.000895,2025-11-19,2025-11-26,0.1348876953125,2025-11-21 20:04:23.923410
sz.000895,2025-11-19,2025-11-26,0.135498046875,2025-11-21 20:04:23.923410
sz.000895,2025-11-20,2025-11-27,0.174560546875,2025-11-21 20:04:23.923410
sz.000895,2025-11-20,2025-11-27,0.1754150390625,2025-11-21 20:04:23.923410
sz.000895,2025-11-20,2025-11-27,0.1756591796875,2025-11-21 20:04:23.923410
sz.000895,2025-11-21,2025-11-28,0.11932373046875,2025-11-21 20:04:23.923410
sz.000938,2025-11-19,2025-11-26,0.123779296875,2025-11-21 20:04:23.923410
sz.000938,2025-11-19,2025-11-26,0.12359619140625,2025-11-21 20:04:23.923410
sz.000938,2025-11-19,2025-11-26,0.12335205078125,2025-11-21 20:04:23.923410
sz.000938,2025-11-20,2025-11-27,0.1309814453125,2025-11-21 20:04:23.923410
sz.000938,2025-11-20,2025-11-27,0.1309814453125,2025-11-21 20:04:23.923410
sz.000938,2025-11-20,2025-11-27,0.1312255859375,2025-11-21 20:04:23.923410
sz.000938,2025-11-21,2025-11-28,0.30908203125,2025-11-21 20:04:23.923410
sz.000963,2025-11-19,2025-11-26,0.126953125,2025-11-21 20:04:23.923410
sz.000963,2025-11-19,2025-11-26,0.1268310546875,2025-11-21 20:04:23.923410
sz.000963,2025-11-19,2025-11-26,0.126708984375,2025-11-21 20:04:23.923410
sz.000963,2025-11-20,2025-11-27,0.12939453125,2025-11-21 20:04:23.923410
sz.000963,2025-11-20,2025-11-27,0.129150390625,2025-11-21 20:04:23.923410
sz.000963,2025-11-20,2025-11-27,0.1292724609375,2025-11-21 20:04:23.923410
sz.000963,2025-11-21,2025-11-28,0.12274169921875,2025-11-21 20:04:23.923410
sz.000975,2025-11-19,2025-11-26,0.07684326171875,2025-11-21 20:04:23.923410
sz.000975,2025-11-19,2025-11-26,0.07666015625,2025-11-21 20:04:23.923410
sz.000975,2025-11-19,2025-11-26,0.07666015625,2025-11-21 20:04:23.923410
sz.000975,2025-11-20,2025-11-27,0.0965576171875,2025-11-21 20:04:23.923410
sz.000975,2025-11-20,2025-11-27,0.09686279296875,2025-11-21 20:04:23.923410
sz.000975,2025-11-20,2025-11-27,0.09722900390625,2025-11-21 20:04:23.923410
sz.000975,2025-11-21,2025-11-28,0.11676025390625,2025-11-21 20:04:23.923410
sz.000977,2025-11-19,2025-11-26,0.1268310546875,2025-11-21 20:04:23.923410
sz.000977,2025-11-19,2025-11-26,0.126708984375,2025-11-21 20:04:23.923410
sz.000977,2025-11-19,2025-11-26,0.126708984375,2025-11-21 20:04:23.923410
sz.000977,2025-11-20,2025-11-27,0.12432861328125,2025-11-21 20:04:23.923410
sz.000977,2025-11-20,2025-11-27,0.12445068359375,2025-11-21 20:04:23.923410
sz.000977,2025-11-20,2025-11-27,0.1246337890625,2025-11-21 20:04:23.923410
sz.000977,2025-11-21,2025-11-28,0.165283203125,2025-11-21 20:04:23.923410
sz.000983,2025-11-19,2025-11-26,0.09857177734375,2025-11-21 20:04:23.923410
sz.000983,2025-11-20,2025-11-27,0.1495361328125,2025-11-21 20:04:23.923410
sz.000983,2025-11-20,2025-11-27,0.1490478515625,2025-11-21 20:04:23.923410
sz.000983,2025-11-21,2025-11-28,0.198974609375,2025-11-21 20:04:23.923410
sz.000999,2025-11-19,2025-11-26,0.134033203125,2025-11-21 20:04:23.923410
sz.000999,2025-11-19,2025-11-26,0.134033203125,2025-11-21 20:04:23.923410
sz.000999,2025-11-19,2025-11-26,0.134033203125,2025-11-21 20:04:23.923410
sz.000999,2025-11-20,2025-11-27,0.1153564453125,2025-11-21 20:04:23.923410
sz.000999,2025-11-20,2025-11-27,0.11553955078125,2025-11-21 20:04:23.923410
sz.000999,2025-11-21,2025-11-28,0.1473388671875,2025-11-21 20:04:23.923410
sz.001289,2025-11-19,2025-11-26,0.1048583984375,2025-11-21 20:04:23.923410
sz.001289,2025-11-20,2025-11-27,0.115966796875,2025-11-21 20:04:23.923410
sz.001289,2025-11-20,2025-11-27,0.115966796875,2025-11-21 20:04:23.923410
sz.001289,2025-11-21,2025-11-28,0.136474609375,2025-11-21 20:04:23.923410
sz.001965,2025-11-19,2025-11-26,0.1314697265625,2025-11-21 20:04:23.923410
sz.001965,2025-11-20,2025-11-27,0.08990478515625,2025-11-21 20:04:23.923410
sz.001965,2025-11-20,2025-11-27,0.090576171875,2025-11-21 20:04:23.923410
sz.001965,2025-11-21,2025-11-28,0.07159423828125,2025-11-21 20:04:23.923410
sz.001979,2025-11-19,2025-11-26,0.130126953125,2025-11-21 20:04:23.923410
sz.001979,2025-11-20,2025-11-27,0.06939697265625,2025-11-21 20:04:23.923410
sz.001979,2025-11-20,2025-11-27,0.06939697265625,2025-11-21 20:04:23.923410
sz.001979,2025-11-21,2025-11-28,0.0809326171875,2025-11-21 20:04:23.923410
sz.002001,2025-11-19,2025-11-26,0.09320068359375,2025-11-21 20:04:23.923410
sz.002001,2025-11-20,2025-11-27,0.11676025390625,2025-11-21 20:04:23.923410
sz.002001,2025-11-20,2025-11-27,0.11737060546875,2025-11-21 20:04:23.923410
sz.002001,2025-11-21,2025-11-28,0.1312255859375,2025-11-21 20:04:23.923410
sz.002027,2025-11-19,2025-11-26,0.1259765625,2025-11-21 20:04:23.923410
sz.002027,2025-11-20,2025-11-27,0.103759765625,2025-11-21 20:04:23.923410
sz.002027,2025-11-20,2025-11-27,0.10394287109375,2025-11-21 20:04:23.923410
sz.002027,2025-11-21,2025-11-28,0.076416015625,2025-11-21 20:04:23.923410
sz.002028,2025-11-19,2025-11-26,0.1258544921875,2025-11-21 20:04:23.923410
sz.002028,2025-11-19,2025-11-26,0.126708984375,2025-11-21 20:04:23.923410
sz.002028,2025-11-19,2025-11-26,0.127685546875,2025-11-21 20:04:23.923410
sz.002028,2025-11-20,2025-11-27,0.1402587890625,2025-11-21 20:04:23.923410
sz.002028,2025-11-20,2025-11-27,0.140869140625,2025-11-21 20:04:23.923410
sz.002028,2025-11-21,2025-11-28,0.1292724609375,2025-11-21 20:04:23.923410
sz.002049,2025-11-19,2025-11-26,0.1331787109375,2025-11-21 20:04:23.923410
sz.002049,2025-11-20,2025-11-27,0.1339111328125,2025-11-21 20:04:23.923410
sz.002049,2025-11-20,2025-11-27,0.1334228515625,2025-11-21 20:04:23.923410
sz.002049,2025-11-21,2025-11-28,0.203857421875,2025-11-21 20:04:23.923410
sz.002050,2025-11-19,2025-11-26,0.1497802734375,2025-11-21 20:04:23.923410
sz.002050,2025-11-20,2025-11-27,0.166259765625,2025-11-21 20:04:23.923410
sz.002050,2025-11-20,2025-11-27,0.1673583984375,2025-11-21 20:04:23.923410
sz.002050,2025-11-21,2025-11-28,0.1094970703125,2025-11-21 20:04:23.923410
sz.002074,2025-11-19,2025-11-26,0.11083984375,2025-11-21 20:04:23.923410
sz.002074,2025-11-20,2025-11-27,0.1251220703125,2025-11-21 20:04:23.923410
sz.002074,2025-11-20,2025-11-27,0.1251220703125,2025-11-21 20:04:23.923410
sz.002074,2025-11-21,2025-11-28,0.300537109375,2025-11-21 20:04:23.923410
sz.002129,2025-11-19,2025-11-26,0.125732421875,2025-11-21 20:04:23.923410
sz.002129,2025-11-20,2025-11-27,0.135986328125,2025-11-21 20:04:23.923410
sz.002129,2025-11-20,2025-11-27,0.1357421875,2025-11-21 20:04:23.923410
sz.002129,2025-11-21,2025-11-28,0.12744140625,2025-11-21 20:04:23.923410
sz.002142,2025-11-19,2025-11-26,0.10650634765625,2025-11-21 20:04:23.923410
sz.002142,2025-11-20,2025-11-27,0.08282470703125,2025-11-21 20:04:23.923410
sz.002142,2025-11-20,2025-11-27,0.0830078125,2025-11-21 20:04:23.923410
sz.002142,2025-11-21,2025-11-28,0.097900390625,2025-11-21 20:04:23.923410
sz.002179,2025-11-19,2025-11-26,0.1087646484375,2025-11-21 20:04:23.923410
sz.002179,2025-11-19,2025-11-26,0.10858154296875,2025-11-21 20:04:23.923410
sz.002179,2025-11-19,2025-11-26,0.10858154296875,2025-11-21 20:04:23.923410
sz.002179,2025-11-20,2025-11-27,0.13330078125,2025-11-21 20:04:23.923410
sz.002179,2025-11-20,2025-11-27,0.133056640625,2025-11-21 20:04:23.923410
sz.002179,2025-11-21,2025-11-28,0.124755859375,2025-11-21 20:04:23.923410
sz.002180,2025-11-19,2025-11-26,0.089599609375,2025-11-21 20:04:23.923410
sz.002180,2025-11-20,2025-11-27,0.1353759765625,2025-11-21 20:04:23.923410
sz.002180,2025-11-20,2025-11-27,0.1348876953125,2025-11-21 20:04:23.923410
sz.002180,2025-11-21,2025-11-28,0.26123046875,2025-11-21 20:04:23.923410
sz.002230,2025-11-19,2025-11-26,0.129638671875,2025-11-21 20:04:23.923410
sz.002230,2025-11-19,2025-11-26,0.129638671875,2025-11-21 20:04:23.923410
sz.002230,2025-11-19,2025-11-26,0.1295166015625,2025-11-21 20:04:23.923410
sz.002230,2025-11-20,2025-11-27,0.1326904296875,2025-11-21 20:04:23.923410
sz.002230,2025-11-20,2025-11-27,0.1329345703125,2025-11-21 20:04:23.923410
sz.002230,2025-11-21,2025-11-28,0.146240234375,2025-11-21 20:04:23.923410
sz.002236,2025-11-19,2025-11-26,0.1326904296875,2025-11-21 20:04:23.923410
sz.002236,2025-11-20,2025-11-27,0.15966796875,2025-11-21 20:04:23.923410
sz.002236,2025-11-20,2025-11-27,0.16015625,2025-11-21 20:04:23.923410
sz.002236,2025-11-21,2025-11-28,0.281005859375,2025-11-21 20:04:23.923410
sz.002241,2025-11-19,2025-11-26,0.141845703125,2025-11-21 20:04:23.923410
sz.002241,2025-11-19,2025-11-26,0.14208984375,2025-11-21 20:04:23.923410
sz.002241,2025-11-19,2025-11-26,0.142333984375,2025-11-21 20:04:23.923410
sz.002241,2025-11-20,2025-11-27,0.1300048828125,2025-11-21 20:04:23.923410
sz.002241,2025-11-20,2025-11-27,0.13134765625,2025-11-21 20:04:23.923410
sz.002241,2025-11-21,2025-11-28,0.1783447265625,2025-11-21 20:04:23.923410
sz.002252,2025-11-19,2025-11-26,0.1268310546875,2025-11-21 20:04:23.923410
sz.002252,2025-11-20,2025-11-27,0.1181640625,2025-11-21 20:04:23.923410
sz.002252,2025-11-20,2025-11-27,0.11859130859375,2025-11-21 20:04:23.923410
sz.002252,2025-11-21,2025-11-28,0.163330078125,2025-11-21 20:04:23.923410
sz.002304,2025-11-19,2025-11-26,0.10687255859375,2025-11-21 20:04:23.923410
sz.002304,2025-11-19,2025-11-26,0.10614013671875,2025-11-21 20:04:23.923410
sz.002304,2025-11-19,2025-11-26,0.10577392578125,2025-11-21 20:04:23.923410
sz.002304,2025-11-20,2025-11-27,0.1114501953125,2025-11-21 20:04:23.923410
sz.002304,2025-11-20,2025-11-27,0.11102294921875,2025-11-21 20:04:23.923410
sz.002304,2025-11-21,2025-11-28,0.17529296875,2025-11-21 20:04:23.923410
sz.002311,2025-11-19,2025-11-26,0.09124755859375,2025-11-21 20:04:23.923410
sz.002311,2025-11-19,2025-11-26,0.091552734375,2025-11-21 20:04:23.923410
sz.002311,2025-11-19,2025-11-26,0.091552734375,2025-11-21 20:04:23.923410
sz.002311,2025-11-20,2025-11-27,0.1019287109375,2025-11-21 20:04:23.923410
sz.002311,2025-11-20,2025-11-27,0.1019287109375,2025-11-21 20:04:23.923410
sz.002311,2025-11-21,2025-11-28,0.11578369140625,2025-11-21 20:04:23.923410
sz.002352,2025-11-19,2025-11-26,0.09271240234375,2025-11-21 20:04:23.923410
sz.002352,2025-11-20,2025-11-27,0.10107421875,2025-11-21 20:04:23.923410
sz.002352,2025-11-20,2025-11-27,0.10125732421875,2025-11-21 20:04:23.923410
sz.002352,2025-11-21,2025-11-28,0.1358642578125,2025-11-21 20:04:23.923410
sz.002371,2025-11-19,2025-11-26,0.10797119140625,2025-11-21 20:04:23.923410
sz.002371,2025-11-20,2025-11-27,0.15283203125,2025-11-21 20:04:23.923410
sz.002371,2025-11-20,2025-11-27,0.153076171875,2025-11-21 20:04:23.923410
sz.002371,2025-11-21,2025-11-28,0.1883544921875,2025-11-21 20:04:23.923410
sz.002415,2025-11-19,2025-11-26,0.1351318359375,2025-11-21 20:04:23.923410
sz.002415,2025-11-20,2025-11-27,0.1619873046875,2025-11-21 20:04:23.923410
sz.002415,2025-11-20,2025-11-27,0.1624755859375,2025-11-21 20:04:23.923410
sz.002415,2025-11-21,2025-11-28,0.2349853515625,2025-11-21 20:04:23.923410
sz.002422,2025-11-19,2025-11-26,0.1302490234375,2025-11-21 20:04:23.923410
sz.002422,2025-11-20,2025-11-27,0.13134765625,2025-11-21 20:04:23.923410
sz.002422,2025-11-20,2025-11-27,0.1314697265625,2025-11-21 20:04:23.923410
sz.002422,2025-11-21,2025-11-28,0.1424560546875,2025-11-21 20:04:23.923410
sz.002459,2025-11-19,2025-11-26,0.095703125,2025-11-21 20:04:23.923410
sz.002459,2025-11-19,2025-11-26,0.0953369140625,2025-11-21 20:04:23.923410
sz.002459,2025-11-19,2025-11-26,0.09503173828125,2025-11-21 20:04:23.923410
sz.002459,2025-11-20,2025-11-27,0.1348876953125,2025-11-21 20:04:23.923410
sz.002459,2025-11-20,2025-11-27,0.1346435546875,2025-11-21 20:04:23.923410
sz.002459,2025-11-21,2025-11-28,0.302490234375,2025-11-21 20:04:23.923410
sz.002460,2025-11-19,2025-11-26,0.08062744140625,2025-11-21 20:04:23.923410
sz.002460,2025-11-20,2025-11-27,0.0948486328125,2025-11-21 20:04:23.923410
sz.002460,2025-11-20,2025-11-27,0.0948486328125,2025-11-21 20:04:23.923410
sz.002460,2025-11-21,2025-11-28,0.1492919921875,2025-11-21 20:04:23.923410
sz.002463,2025-11-19,2025-11-26,0.11419677734375,2025-11-21 20:04:23.923410
sz.002463,2025-11-19,2025-11-26,0.114990234375,2025-11-21 20:04:23.923410
sz.002463,2025-11-19,2025-11-26,0.1163330078125,2025-11-21 20:04:23.923410
sz.002463,2025-11-20,2025-11-27,0.12408447265625,2025-11-21 20:04:23.923410
sz.002463,2025-11-20,2025-11-27,0.1251220703125,2025-11-21 20:04:23.923410
sz.002463,2025-11-21,2025-11-28,0.136962890625,2025-11-21 20:04:23.923410
sz.002466,2025-11-19,2025-11-26,0.1392822265625,2025-11-21 20:04:23.923410
sz.002466,2025-11-20,2025-11-27,0.10430908203125,2025-11-21 20:04:23.923410
sz.002466,2025-11-20,2025-11-27,0.10430908203125,2025-11-21 20:04:23.923410
sz.002466,2025-11-21,2025-11-28,0.1278076171875,2025-11-21 20:04:23.923410
sz.002475,2025-11-19,2025-11-26,0.118408203125,2025-11-21 20:04:23.923410
sz.002475,2025-11-20,2025-11-27,0.1380615234375,2025-11-21 20:04:23.923410
sz.002475,2025-11-20,2025-11-27,0.1383056640625,2025-11-21 20:04:23.923410
sz.002475,2025-11-21,2025-11-28,0.28515625,2025-11-21 20:04:23.923410
sz.002493,2025-11-19,2025-11-26,0.1131591796875,2025-11-21 20:04:23.923410
sz.002493,2025-11-20,2025-11-27,0.12274169921875,2025-11-21 20:04:23.923410
sz.002493,2025-11-20,2025-11-27,0.12261962890625,2025-11-21 20:04:23.923410
sz.002493,2025-11-21,2025-11-28,0.1361083984375,2025-11-21 20:04:23.923410
sz.002594,2025-11-19,2025-11-26,0.13330078125,2025-11-21 20:04:23.923410
sz.002594,2025-11-20,2025-11-27,0.1534423828125,2025-11-21 20:04:23.923410
sz.002594,2025-11-20,2025-11-27,0.153564453125,2025-11-21 20:04:23.923410
sz.002594,2025-11-21,2025-11-28,0.1964111328125,2025-11-21 20:04:23.923410
sz.002600,2025-11-19,2025-11-26,0.1724853515625,2025-11-21 20:04:23.923410
sz.002600,2025-11-20,2025-11-27,0.1519775390625,2025-11-21 20:04:23.923410
sz.002600,2025-11-20,2025-11-27,0.1527099609375,2025-11-21 20:04:23.923410
sz.002600,2025-11-21,2025-11-28,0.2081298828125,2025-11-21 20:04:23.923410
sz.002601,2025-11-19,2025-11-26,0.08819580078125,2025-11-21 20:04:23.923410
sz.002601,2025-11-20,2025-11-27,0.10321044921875,2025-11-21 20:04:23.923410
sz.002601,2025-11-20,2025-11-27,0.10357666015625,2025-11-21 20:04:23.923410
sz.002601,2025-11-21,2025-11-28,0.1448974609375,2025-11-21 20:04:23.923410
sz.002648,2025-11-19,2025-11-26,0.070556640625,2025-11-21 20:04:23.923410
sz.002648,2025-11-20,2025-11-27,0.12200927734375,2025-11-21 20:04:23.923410
sz.002648,2025-11-20,2025-11-27,0.12213134765625,2025-11-21 20:04:23.923410
sz.002648,2025-11-21,2025-11-28,0.250244140625,2025-11-21 20:04:23.923410
sz.002709,2025-11-19,2025-11-26,0.2060546875,2025-11-21 20:04:23.923410
sz.002709,2025-11-20,2025-11-27,0.1015625,2025-11-21 20:04:23.923410
sz.002709,2025-11-20,2025-11-27,0.10174560546875,2025-11-21 20:04:23.923410
sz.002709,2025-11-21,2025-11-28,0.11993408203125,2025-11-21 20:04:23.923410
sz.002714,2025-11-19,2025-11-26,0.1390380859375,2025-11-21 20:04:23.923410
sz.002714,2025-11-20,2025-11-27,0.1273193359375,2025-11-21 20:04:23.923410
sz.002714,2025-11-20,2025-11-27,0.1278076171875,2025-11-21 20:04:23.923410
sz.002714,2025-11-21,2025-11-28,0.12188720703125,2025-11-21 20:04:23.923410
sz.002736,2025-11-19,2025-11-26,0.089599609375,2025-11-21 20:04:23.923410
sz.002736,2025-11-20,2025-11-27,0.135009765625,2025-11-21 20:04:23.923410
sz.002736,2025-11-20,2025-11-27,0.1353759765625,2025-11-21 20:04:23.923410
sz.002736,2025-11-21,2025-11-28,0.18896484375,2025-11-21 20:04:23.923410
sz.002916,2025-11-19,2025-11-26,0.097412109375,2025-11-21 20:04:23.923410
sz.002916,2025-11-20,2025-11-27,0.1279296875,2025-11-21 20:04:23.923410
sz.002916,2025-11-20,2025-11-27,0.128173828125,2025-11-21 20:04:23.923410
sz.002916,2025-11-21,2025-11-28,0.179931640625,2025-11-21 20:04:23.923410
sz.002920,2025-11-19,2025-11-26,0.240234375,2025-11-21 20:04:23.923410
sz.002920,2025-11-20,2025-11-27,0.2113037109375,2025-11-21 20:04:23.923410
sz.002920,2025-11-20,2025-11-27,0.2113037109375,2025-11-21 20:04:23.923410
sz.002920,2025-11-21,2025-11-28,0.27099609375,2025-11-21 20:04:23.923410
sz.002938,2025-11-19,2025-11-26,0.1531982421875,2025-11-21 20:04:23.923410
sz.002938,2025-11-20,2025-11-27,0.141357421875,2025-11-21 20:04:23.923410
sz.002938,2025-11-20,2025-11-27,0.1417236328125,2025-11-21 20:04:23.923410
sz.002938,2025-11-21,2025-11-28,0.1324462890625,2025-11-21 20:04:23.923410
sz.003816,2025-11-19,2025-11-26,0.1510009765625,2025-11-21 20:04:23.923410
sz.003816,2025-11-20,2025-11-27,0.1351318359375,2025-11-21 20:04:23.923410
sz.003816,2025-11-20,2025-11-27,0.136474609375,2025-11-21 20:04:23.923410
sz.003816,2025-11-21,2025-11-28,0.2340087890625,2025-11-21 20:04:23.923410
sz.300014,2025-11-19,2025-11-26,0.07574462890625,2025-11-21 20:04:23.923410
sz.300014,2025-11-20,2025-11-27,0.134033203125,2025-11-21 20:04:23.923410
sz.300014,2025-11-20,2025-11-27,0.1339111328125,2025-11-21 20:04:23.923410
sz.300014,2025-11-21,2025-11-28,0.32763671875,2025-11-21 20:04:23.923410
sz.300015,2025-11-19,2025-11-26,0.12249755859375,2025-11-21 20:04:23.923410
sz.300015,2025-11-20,2025-11-27,0.1287841796875,2025-11-21 20:04:23.923410
sz.300015,2025-11-20,2025-11-27,0.12841796875,2025-11-21 20:04:23.923410
sz.300015,2025-11-21,2025-11-28,0.204345703125,2025-11-21 20:04:23.923410
sz.300033,2025-11-19,2025-11-26,0.1290283203125,2025-11-21 20:04:23.923410
sz.300033,2025-11-20,2025-11-27,0.1357421875,2025-11-21 20:04:23.923410
sz.300033,2025-11-20,2025-11-27,0.135986328125,2025-11-21 20:04:23.923410
sz.300033,2025-11-21,2025-11-28,0.25634765625,2025-11-21 20:04:23.923410
sz.300059,2025-11-19,2025-11-26,0.12261962890625,2025-11-21 20:04:23.923410
sz.300059,2025-11-20,2025-11-27,0.1351318359375,2025-11-21 20:04:23.923410
sz.300059,2025-11-20,2025-11-27,0.13525390625,2025-11-21 20:04:23.923410
sz.300059,2025-11-21,2025-11-28,0.268798828125,2025-11-21 20:04:23.923410
sz.300122,2025-11-19,2025-11-26,0.1199951171875,2025-11-21 20:04:23.923410
sz.300122,2025-11-20,2025-11-27,0.11181640625,2025-11-21 20:04:23.923410
sz.300122,2025-11-20,2025-11-27,0.11181640625,2025-11-21 20:04:23.923410
sz.300122,2025-11-21,2025-11-28,0.1260986328125,2025-11-21 20:04:23.923410
sz.300124,2025-11-19,2025-11-26,0.13330078125,2025-11-21 20:04:23.923410
sz.300124,2025-11-20,2025-11-27,0.140380859375,2025-11-21 20:04:23.923410
sz.300124,2025-11-20,2025-11-27,0.140380859375,2025-11-21 20:04:23.923410
sz.300124,2025-11-21,2025-11-28,0.12286376953125,2025-11-21 20:04:23.923410
sz.300274,2025-11-19,2025-11-26,0.089599609375,2025-11-21 20:04:23.923410
sz.300274,2025-11-20,2025-11-27,0.1163330078125,2025-11-21 20:04:23.923410
sz.300274,2025-11-20,2025-11-27,0.1165771484375,2025-11-21 20:04:23.923410
sz.300274,2025-11-21,2025-11-28,0.197265625,2025-11-21 20:04:23.923410
sz.300308,2025-11-19,2025-11-26,0.0810546875,2025-11-21 20:04:23.923410
sz.300308,2025-11-20,2025-11-27,0.1336669921875,2025-11-21 20:04:23.923410
sz.300308,2025-11-20,2025-11-27,0.134033203125,2025-11-21 20:04:23.923410
sz.300308,2025-11-21,2025-11-28,0.11614990234375,2025-11-21 20:04:23.923410
sz.300316,2025-11-19,2025-11-26,0.1373291015625,2025-11-21 20:04:23.923410
sz.300316,2025-11-20,2025-11-27,0.2032470703125,2025-11-21 20:04:23.923410
sz.300316,2025-11-20,2025-11-27,0.202880859375,2025-11-21 20:04:23.923410
sz.300316,2025-11-21,2025-11-28,0.3212890625,2025-11-21 20:04:23.923410
sz.300347,2025-11-19,2025-11-26,0.1439208984375,2025-11-21 20:04:23.923410
sz.300347,2025-11-20,2025-11-27,0.194091796875,2025-11-21 20:04:23.923410
sz.300347,2025-11-20,2025-11-27,0.1942138671875,2025-11-21 20:04:23.923410
sz.300347,2025-11-21,2025-11-28,0.34423828125,2025-11-21 20:04:23.923410
sz.300394,2025-11-19,2025-11-26,0.09124755859375,2025-11-21 20:04:23.923410
sz.300394,2025-11-20,2025-11-27,0.10540771484375,2025-11-21 20:04:23.923410
sz.300394,2025-11-20,2025-11-27,0.10614013671875,2025-11-21 20:04:23.923410
sz.300394,2025-11-21,2025-11-28,0.1439208984375,2025-11-21 20:04:23.923410
sz.300408,2025-11-19,2025-11-26,0.12420654296875,2025-11-21 20:04:23.923410
sz.300408,2025-11-20,2025-11-27,0.14990234375,2025-11-21 20:04:23.923410
sz.300408,2025-11-20,2025-11-27,0.1505126953125,2025-11-21 20:04:23.923410
sz.300408,2025-11-21,2025-11-28,0.274658203125,2025-11-21 20:04:23.923410
sz.300413,2025-11-19,2025-11-26,0.1357421875,2025-11-21 20:04:23.923410
sz.300413,2025-11-20,2025-11-27,0.1771240234375,2025-11-21 20:04:23.923410
sz.300413,2025-11-20,2025-11-27,0.177490234375,2025-11-21 20:04:23.923410
sz.300413,2025-11-21,2025-11-28,0.142333984375,2025-11-21 20:04:23.923410
sz.300418,2025-11-19,2025-11-26,0.13134765625,2025-11-21 20:04:23.923410
sz.300418,2025-11-20,2025-11-27,0.1390380859375,2025-11-21 20:04:23.923410
sz.300418,2025-11-20,2025-11-27,0.1392822265625,2025-11-21 20:04:23.923410
sz.300418,2025-11-21,2025-11-28,0.08819580078125,2025-11-21 20:04:23.923410
sz.300433,2025-11-19,2025-11-26,0.17578125,2025-11-21 20:04:23.923410
sz.300433,2025-11-20,2025-11-27,0.2144775390625,2025-11-21 20:04:23.923410
sz.300433,2025-11-20,2025-11-27,0.2161865234375,2025-11-21 20:04:23.923410
sz.300433,2025-11-21,2025-11-28,0.2117919921875,2025-11-21 20:04:23.923410
sz.300442,2025-11-19,2025-11-26,0.1446533203125,2025-11-21 20:04:23.923410
sz.300442,2025-11-20,2025-11-27,0.122314453125,2025-11-21 20:04:23.923410
sz.300442,2025-11-20,2025-11-27,0.1221923828125,2025-11-21 20:04:23.923410
sz.300442,2025-11-21,2025-11-28,0.13037109375,2025-11-21 20:04:23.923410
sz.300498,2025-11-19,2025-11-26,0.12841796875,2025-11-21 20:04:23.923410
sz.300498,2025-11-20,2025-11-27,0.1866455078125,2025-11-21 20:04:23.923410
sz.300498,2025-11-20,2025-11-27,0.1876220703125,2025-11-21 20:04:23.923410
sz.300498,2025-11-21,2025-11-28,0.1678466796875,2025-11-21 20:04:23.923410
sz.300502,2025-11-19,2025-11-26,0.082275390625,2025-11-21 20:04:23.923410
sz.300502,2025-11-20,2025-11-27,0.1259765625,2025-11-21 20:04:23.923410
sz.300502,2025-11-20,2025-11-27,0.126708984375,2025-11-21 20:04:23.923410
sz.300502,2025-11-21,2025-11-28,0.1739501953125,2025-11-21 20:04:23.923410
sz.300628,2025-11-19,2025-11-26,0.135498046875,2025-11-21 20:04:23.923410
sz.300628,2025-11-19,2025-11-26,0.1353759765625,2025-11-21 20:04:23.923410
sz.300628,2025-11-20,2025-11-27,0.13916015625,2025-11-21 20:04:23.923410
sz.300628,2025-11-20,2025-11-27,0.1390380859375,2025-11-21 20:04:23.923410
sz.300628,2025-11-21,2025-11-28,0.1385498046875,2025-11-21 20:04:23.923410
sz.300661,2025-11-19,2025-11-26,0.1627197265625,2025-11-21 20:04:23.923410
sz.300661,2025-11-19,2025-11-26,0.1624755859375,2025-11-21 20:04:23.923410
sz.300661,2025-11-20,2025-11-27,0.2469482421875,2025-11-21 20:04:23.923410
sz.300661,2025-11-20,2025-11-27,0.246337890625,2025-11-21 20:04:23.923410
sz.300661,2025-11-20,2025-11-27,0.2467041015625,2025-11-21 20:04:23.923410
sz.300661,2025-11-21,2025-11-28,0.316162109375,2025-11-21 20:04:23.923410
sz.300750,2025-11-19,2025-11-26,0.120849609375,2025-11-21 20:04:23.923410
sz.300750,2025-11-19,2025-11-26,0.1214599609375,2025-11-21 20:04:23.923410
sz.300750,2025-11-20,2025-11-27,0.1434326171875,2025-11-21 20:04:23.923410
sz.300750,2025-11-20,2025-11-27,0.1436767578125,2025-11-21 20:04:23.923410
sz.300750,2025-11-21,2025-11-28,0.11968994140625,2025-11-21 20:04:23.923410
sz.300759,2025-11-19,2025-11-26,0.186279296875,2025-11-21 20:04:23.923410
sz.300759,2025-11-19,2025-11-26,0.1865234375,2025-11-21 20:04:23.923410
sz.300759,2025-11-20,2025-11-27,0.203857421875,2025-11-21 20:04:23.923410
sz.300759,2025-11-20,2025-11-27,0.204345703125,2025-11-21 20:04:23.923410
sz.300759,2025-11-21,2025-11-28,0.2281494140625,2025-11-21 20:04:23.923410
sz.300760,2025-11-19,2025-11-26,0.338134765625,2025-11-21 20:04:23.923410
sz.300760,2025-11-19,2025-11-26,0.337646484375,2025-11-21 20:04:23.923410
sz.300760,2025-11-20,2025-11-27,0.294921875,2025-11-21 20:04:23.923410
sz.300760,2025-11-20,2025-11-27,0.294921875,2025-11-21 20:04:23.923410
sz.300760,2025-11-21,2025-11-28,0.443359375,2025-11-21 20:04:23.923410
sz.300782,2025-11-19,2025-11-26,0.2783203125,2025-11-21 20:04:23.923410
sz.300782,2025-11-19,2025-11-26,0.278076171875,2025-11-21 20:04:23.923410
sz.300782,2025-11-20,2025-11-27,0.3388671875,2025-11-21 20:04:23.923410
sz.300782,2025-11-20,2025-11-27,0.33935546875,2025-11-21 20:04:23.923410
sz.300782,2025-11-21,2025-11-28,0.271484375,2025-11-21 20:04:23.923410
sz.300832,2025-11-19,2025-11-26,0.1934814453125,2025-11-21 20:04:23.923410
sz.300832,2025-11-20,2025-11-27,0.151611328125,2025-11-21 20:04:23.923410
sz.300832,2025-11-20,2025-11-27,0.15185546875,2025-11-21 20:04:23.923410
sz.300832,2025-11-21,2025-11-28,0.150390625,2025-11-21 20:04:23.923410
sz.300896,2025-11-19,2025-11-26,0.07598876953125,2025-11-21 20:04:23.923410
sz.300896,2025-11-20,2025-11-27,0.1419677734375,2025-11-21 20:04:23.923410
sz.300896,2025-11-20,2025-11-27,0.1412353515625,2025-11-21 20:04:23.923410
sz.300896,2025-11-21,2025-11-28,0.161376953125,2025-11-21 20:04:23.923410
sz.300979,2025-11-19,2025-11-26,0.172119140625,2025-11-21 20:04:23.923410
sz.300979,2025-11-20,2025-11-27,0.2183837890625,2025-11-21 20:04:23.923410
sz.300979,2025-11-20,2025-11-27,0.218505859375,2025-11-21 20:04:23.923410
sz.300979,2025-11-21,2025-11-28,0.1756591796875,2025-11-21 20:04:23.923410
sz.300999,2025-11-19,2025-11-26,0.16455078125,2025-11-21 20:04:23.923410
sz.300999,2025-11-20,2025-11-27,0.1083984375,2025-11-21 20:04:23.923410
sz.300999,2025-11-20,2025-11-27,0.1083984375,2025-11-21 20:04:23.923410
sz.300999,2025-11-21,2025-11-28,0.11029052734375,2025-11-21 20:04:23.923410
sz.301236,2025-11-19,2025-11-26,0.1326904296875,2025-11-21 20:04:23.923410
sz.301236,2025-11-19,2025-11-26,0.1328125,2025-11-21 20:04:23.923410
sz.301236,2025-11-20,2025-11-27,0.1268310546875,2025-11-21 20:04:23.923410
sz.301236,2025-11-20,2025-11-27,0.1273193359375,2025-11-21 20:04:23.923410
sz.301236,2025-11-21,2025-11-28,0.1312255859375,2025-11-21 20:04:23.923410
sz.301269,2025-11-19,2025-11-26,0.16064453125,2025-11-21 20:04:23.923410
sz.301269,2025-11-20,2025-11-27,0.2342529296875,2025-11-21 20:04:23.923410
sz.301269,2025-11-20,2025-11-27,0.2347412109375,2025-11-21 20:04:23.923410
sz.301269,2025-11-21,2025-11-28,0.38134765625,2025-11-21 20:04:23.923410
sz.302132,2025-11-19,2025-11-26,0.075439453125,2025-11-21 20:04:23.923410
sz.302132,2025-11-20,2025-11-27,0.12261962890625,2025-11-21 20:04:23.923410
sz.302132,2025-11-20,2025-11-27,0.12261962890625,2025-11-21 20:04:23.923410
sz.302132,2025-11-21,2025-11-28,0.08660888671875,2025-11-21 20:04:23.923410
