code,time,target,score,predcit_time
sh.600000,2025-12-15,2025-12-22,0.09271240234375,2025-12-15 20:03:19.469786
sh.600009,2025-12-15,2025-12-22,0.262451171875,2025-12-15 20:03:19.469786
sh.600010,2025-12-15,2025-12-22,0.12445068359375,2025-12-15 20:03:19.469786
sh.600011,2025-12-15,2025-12-22,0.07684326171875,2025-12-15 20:03:19.469786
sh.600015,2025-12-15,2025-12-22,0.09222412109375,2025-12-15 20:03:19.469786
sh.600016,2025-12-15,2025-12-22,0.1927490234375,2025-12-15 20:03:19.469786
sh.600018,2025-12-15,2025-12-22,0.08197021484375,2025-12-15 20:03:19.469786
sh.600019,2025-12-15,2025-12-22,0.126953125,2025-12-15 20:03:19.469786
sh.600023,2025-12-15,2025-12-22,0.11981201171875,2025-12-15 20:03:19.469786
sh.600025,2025-12-15,2025-12-22,0.1630859375,2025-12-15 20:03:19.469786
sh.600026,2025-12-15,2025-12-22,0.080810546875,2025-12-15 20:03:19.469786
sh.600027,2025-12-15,2025-12-22,0.1063232421875,2025-12-15 20:03:19.469786
sh.600028,2025-12-15,2025-12-22,0.07891845703125,2025-12-15 20:03:19.469786
sh.600029,2025-12-15,2025-12-22,0.06829833984375,2025-12-15 20:03:19.469786
sh.600030,2025-12-15,2025-12-22,0.07305908203125,2025-12-15 20:03:19.469786
sh.600031,2025-12-15,2025-12-22,0.1124267578125,2025-12-15 20:03:19.469786
sh.600036,2025-12-15,2025-12-22,0.08868408203125,2025-12-15 20:03:19.469786
sh.600039,2025-12-15,2025-12-22,0.17626953125,2025-12-15 20:03:19.469786
sh.600048,2025-12-15,2025-12-22,0.17236328125,2025-12-15 20:03:19.469786
sh.600050,2025-12-15,2025-12-22,0.30322265625,2025-12-15 20:03:19.469786
sh.600061,2025-12-15,2025-12-22,0.08526611328125,2025-12-15 20:03:19.469786
sh.600066,2025-12-15,2025-12-22,0.1015625,2025-12-15 20:03:19.469786
sh.600085,2025-12-15,2025-12-22,0.1181640625,2025-12-15 20:03:19.469786
sh.600089,2025-12-15,2025-12-22,0.12322998046875,2025-12-15 20:03:19.469786
sh.600104,2025-12-15,2025-12-22,0.10107421875,2025-12-15 20:03:19.469786
sh.600111,2025-12-15,2025-12-22,0.12139892578125,2025-12-15 20:03:19.469786
sh.600115,2025-12-15,2025-12-22,0.09844970703125,2025-12-15 20:03:19.469786
sh.600150,2025-12-15,2025-12-22,0.1246337890625,2025-12-15 20:03:19.469786
sh.600160,2025-12-15,2025-12-22,0.1640625,2025-12-15 20:03:19.469786
sh.600161,2025-12-15,2025-12-22,0.342041015625,2025-12-15 20:03:19.469786
sh.600176,2025-12-15,2025-12-22,0.08978271484375,2025-12-15 20:03:19.469786
sh.600183,2025-12-15,2025-12-22,0.10174560546875,2025-12-15 20:03:19.469786
sh.600188,2025-12-15,2025-12-22,0.154296875,2025-12-15 20:03:19.469786
sh.600196,2025-12-15,2025-12-22,0.130859375,2025-12-15 20:03:19.469786
sh.600219,2025-12-15,2025-12-22,0.12066650390625,2025-12-15 20:03:19.469786
sh.600233,2025-12-15,2025-12-22,0.1358642578125,2025-12-15 20:03:19.469786
sh.600276,2025-12-15,2025-12-22,0.1383056640625,2025-12-15 20:03:19.469786
sh.600309,2025-12-15,2025-12-22,0.08819580078125,2025-12-15 20:03:19.469786
sh.600346,2025-12-15,2025-12-22,0.20654296875,2025-12-15 20:03:19.469786
sh.600362,2025-12-15,2025-12-22,0.0792236328125,2025-12-15 20:03:19.469786
sh.600372,2025-12-15,2025-12-22,0.1033935546875,2025-12-15 20:03:19.469786
sh.600377,2025-12-15,2025-12-22,0.1656494140625,2025-12-15 20:03:19.469786
sh.600406,2025-12-15,2025-12-22,0.125244140625,2025-12-15 20:03:19.469786
sh.600415,2025-12-15,2025-12-22,0.09771728515625,2025-12-15 20:03:19.469786
sh.600426,2025-12-15,2025-12-22,0.07464599609375,2025-12-15 20:03:19.469786
sh.600436,2025-12-15,2025-12-22,0.12420654296875,2025-12-15 20:03:19.469786
sh.600438,2025-12-15,2025-12-22,0.08599853515625,2025-12-15 20:03:19.469786
sh.600460,2025-12-15,2025-12-22,0.1253662109375,2025-12-15 20:03:19.469786
sh.600482,2025-12-15,2025-12-22,0.135009765625,2025-12-15 20:03:19.469786
sh.600489,2025-12-15,2025-12-22,0.2186279296875,2025-12-15 20:03:19.469786
sh.600515,2025-12-15,2025-12-22,0.1282958984375,2025-12-15 20:03:19.469786
sh.600519,2025-12-15,2025-12-22,0.131103515625,2025-12-15 20:03:19.469786
sh.600522,2020-01-02,2020-01-09,0.4033203125,2025-12-15 20:03:19.469786
sh.600522,2020-01-03,2020-01-10,0.391845703125,2025-12-15 20:03:19.469786
sh.600522,2020-01-06,2020-01-13,0.390380859375,2025-12-15 20:03:19.469786
sh.600522,2020-01-07,2020-01-14,0.363037109375,2025-12-15 20:03:19.469786
sh.600522,2020-01-08,2020-01-15,0.321533203125,2025-12-15 20:03:19.469786
sh.600522,2020-01-09,2020-01-16,0.219482421875,2025-12-15 20:03:19.469786
sh.600522,2020-01-10,2020-01-17,0.276123046875,2025-12-15 20:03:19.469786
sh.600522,2020-01-13,2020-01-20,0.31689453125,2025-12-15 20:03:19.469786
sh.600522,2020-01-14,2020-01-21,0.2626953125,2025-12-15 20:03:19.469786
sh.600522,2020-01-15,2020-01-22,0.260986328125,2025-12-15 20:03:19.469786
sh.600522,2020-01-16,2020-01-23,0.2646484375,2025-12-15 20:03:19.469786
sh.600522,2020-01-17,2020-01-24,0.319091796875,2025-12-15 20:03:19.469786
sh.600522,2020-01-20,2020-01-27,0.34521484375,2025-12-15 20:03:19.469786
sh.600522,2020-01-21,2020-01-28,0.281494140625,2025-12-15 20:03:19.469786
sh.600522,2020-01-22,2020-01-29,0.25390625,2025-12-15 20:03:19.469786
sh.600522,2020-01-23,2020-01-30,0.230712890625,2025-12-15 20:03:19.469786
sh.600522,2020-02-03,2020-02-10,0.57177734375,2025-12-15 20:03:19.469786
sh.600522,2020-02-04,2020-02-11,0.474609375,2025-12-15 20:03:19.469786
sh.600522,2020-02-05,2020-02-12,0.50634765625,2025-12-15 20:03:19.469786
sh.600522,2020-02-06,2020-02-13,0.51904296875,2025-12-15 20:03:19.469786
sh.600522,2020-02-07,2020-02-14,0.5224609375,2025-12-15 20:03:19.469786
sh.600522,2020-02-10,2020-02-17,0.525390625,2025-12-15 20:03:19.469786
sh.600522,2020-02-11,2020-02-18,0.51904296875,2025-12-15 20:03:19.469786
sh.600522,2020-02-12,2020-02-19,0.52685546875,2025-12-15 20:03:19.469786
sh.600522,2020-02-13,2020-02-20,0.461669921875,2025-12-15 20:03:19.469786
sh.600522,2020-02-14,2020-02-21,0.51171875,2025-12-15 20:03:19.469786
sh.600522,2020-02-17,2020-02-24,0.49609375,2025-12-15 20:03:19.469786
sh.600522,2020-02-18,2020-02-25,0.43017578125,2025-12-15 20:03:19.469786
sh.600522,2020-02-19,2020-02-26,0.325927734375,2025-12-15 20:03:19.469786
sh.600522,2020-02-20,2020-02-27,0.25439453125,2025-12-15 20:03:19.469786
sh.600522,2020-02-21,2020-02-28,0.326904296875,2025-12-15 20:03:19.469786
sh.600522,2020-02-24,2020-03-02,0.2080078125,2025-12-15 20:03:19.469786
sh.600522,2020-02-25,2020-03-03,0.160888671875,2025-12-15 20:03:19.469786
sh.600522,2020-02-26,2020-03-04,0.109130859375,2025-12-15 20:03:19.469786
sh.600522,2020-02-27,2020-03-05,0.140380859375,2025-12-15 20:03:19.469786
sh.600522,2020-02-28,2020-03-06,0.1961669921875,2025-12-15 20:03:19.469786
sh.600522,2020-03-02,2020-03-09,0.1815185546875,2025-12-15 20:03:19.469786
sh.600522,2020-03-03,2020-03-10,0.131103515625,2025-12-15 20:03:19.469786
sh.600522,2020-03-04,2020-03-11,0.1572265625,2025-12-15 20:03:19.469786
sh.600522,2020-03-05,2020-03-12,0.1279296875,2025-12-15 20:03:19.469786
sh.600522,2020-03-06,2020-03-13,0.1558837890625,2025-12-15 20:03:19.469786
sh.600522,2020-03-09,2020-03-16,0.09136962890625,2025-12-15 20:03:19.469786
sh.600522,2020-03-10,2020-03-17,0.469970703125,2025-12-15 20:03:19.469786
sh.600522,2020-03-11,2020-03-18,0.10894775390625,2025-12-15 20:03:19.469786
sh.600522,2020-03-12,2020-03-19,0.42236328125,2025-12-15 20:03:19.469786
sh.600522,2020-03-13,2020-03-20,0.0775146484375,2025-12-15 20:03:19.469786
sh.600522,2020-03-16,2020-03-23,0.13623046875,2025-12-15 20:03:19.469786
sh.600522,2020-03-17,2020-03-24,0.151123046875,2025-12-15 20:03:19.469786
sh.600522,2020-03-18,2020-03-25,0.08880615234375,2025-12-15 20:03:19.469786
sh.600522,2020-03-19,2020-03-26,0.1361083984375,2025-12-15 20:03:19.469786
sh.600522,2020-03-20,2020-03-27,0.136474609375,2025-12-15 20:03:19.469786
sh.600522,2020-03-23,2020-03-30,0.1153564453125,2025-12-15 20:03:19.469786
sh.600522,2020-03-24,2020-03-31,0.1358642578125,2025-12-15 20:03:19.469786
sh.600522,2020-03-25,2020-04-01,0.1270751953125,2025-12-15 20:03:19.469786
sh.600522,2020-03-26,2020-04-02,0.09979248046875,2025-12-15 20:03:19.469786
sh.600522,2020-03-27,2020-04-03,0.135009765625,2025-12-15 20:03:19.469786
sh.600522,2020-03-30,2020-04-06,0.1385498046875,2025-12-15 20:03:19.469786
sh.600522,2020-03-31,2020-04-07,0.1324462890625,2025-12-15 20:03:19.469786
sh.600522,2020-04-01,2020-04-08,0.1087646484375,2025-12-15 20:03:19.469786
sh.600522,2020-04-02,2020-04-09,0.323486328125,2025-12-15 20:03:19.469786
sh.600522,2020-04-03,2020-04-10,0.145263671875,2025-12-15 20:03:19.469786
sh.600522,2020-04-07,2020-04-14,0.123779296875,2025-12-15 20:03:19.469786
sh.600522,2020-04-08,2020-04-15,0.1551513671875,2025-12-15 20:03:19.469786
sh.600522,2020-04-09,2020-04-16,0.1553955078125,2025-12-15 20:03:19.469786
sh.600522,2020-04-10,2020-04-17,0.13720703125,2025-12-15 20:03:19.469786
sh.600522,2020-04-13,2020-04-20,0.093017578125,2025-12-15 20:03:19.469786
sh.600522,2020-04-14,2020-04-21,0.1895751953125,2025-12-15 20:03:19.469786
sh.600522,2020-04-15,2020-04-22,0.1163330078125,2025-12-15 20:03:19.469786
sh.600522,2020-04-16,2020-04-23,0.13525390625,2025-12-15 20:03:19.469786
sh.600522,2020-04-17,2020-04-24,0.1368408203125,2025-12-15 20:03:19.469786
sh.600522,2020-04-20,2020-04-27,0.291015625,2025-12-15 20:03:19.469786
sh.600522,2020-04-21,2020-04-28,0.2325439453125,2025-12-15 20:03:19.469786
sh.600522,2020-04-22,2020-04-29,0.190673828125,2025-12-15 20:03:19.469786
sh.600522,2020-04-23,2020-04-30,0.142333984375,2025-12-15 20:03:19.469786
sh.600522,2020-04-24,2020-05-01,0.12115478515625,2025-12-15 20:03:19.469786
sh.600522,2020-04-27,2020-05-04,0.11456298828125,2025-12-15 20:03:19.469786
sh.600522,2020-04-28,2020-05-05,0.1346435546875,2025-12-15 20:03:19.469786
sh.600522,2020-04-29,2020-05-06,0.278564453125,2025-12-15 20:03:19.469786
sh.600522,2020-04-30,2020-05-07,0.1680908203125,2025-12-15 20:03:19.469786
sh.600522,2020-05-06,2020-05-13,0.2237548828125,2025-12-15 20:03:19.469786
sh.600522,2020-05-07,2020-05-14,0.1365966796875,2025-12-15 20:03:19.469786
sh.600522,2020-05-08,2020-05-15,0.17529296875,2025-12-15 20:03:19.469786
sh.600522,2020-05-11,2020-05-18,0.288818359375,2025-12-15 20:03:19.469786
sh.600522,2020-05-12,2020-05-19,0.2274169921875,2025-12-15 20:03:19.469786
sh.600522,2020-05-13,2020-05-20,0.169921875,2025-12-15 20:03:19.469786
sh.600522,2020-05-14,2020-05-21,0.18408203125,2025-12-15 20:03:19.469786
sh.600522,2020-05-15,2020-05-22,0.188232421875,2025-12-15 20:03:19.469786
sh.600522,2020-05-18,2020-05-25,0.1512451171875,2025-12-15 20:03:19.469786
sh.600522,2020-05-19,2020-05-26,0.1558837890625,2025-12-15 20:03:19.469786
sh.600522,2020-05-20,2020-05-27,0.1260986328125,2025-12-15 20:03:19.469786
sh.600522,2020-05-21,2020-05-28,0.1405029296875,2025-12-15 20:03:19.469786
sh.600522,2020-05-22,2020-05-29,0.1568603515625,2025-12-15 20:03:19.469786
sh.600522,2020-05-25,2020-06-01,0.1614990234375,2025-12-15 20:03:19.469786
sh.600522,2020-05-26,2020-06-02,0.30908203125,2025-12-15 20:03:19.469786
sh.600522,2020-05-27,2020-06-03,0.283203125,2025-12-15 20:03:19.469786
sh.600522,2020-05-28,2020-06-04,0.1502685546875,2025-12-15 20:03:19.469786
sh.600522,2020-05-29,2020-06-05,0.1324462890625,2025-12-15 20:03:19.469786
sh.600522,2020-06-01,2020-06-08,0.227294921875,2025-12-15 20:03:19.469786
sh.600522,2020-06-02,2020-06-09,0.184814453125,2025-12-15 20:03:19.469786
sh.600522,2020-06-03,2020-06-10,0.1666259765625,2025-12-15 20:03:19.469786
sh.600522,2020-06-04,2020-06-11,0.1746826171875,2025-12-15 20:03:19.469786
sh.600522,2020-06-05,2020-06-12,0.160400390625,2025-12-15 20:03:19.469786
sh.600522,2020-06-08,2020-06-15,0.164306640625,2025-12-15 20:03:19.469786
sh.600522,2020-06-09,2020-06-16,0.1788330078125,2025-12-15 20:03:19.469786
sh.600522,2020-06-10,2020-06-17,0.228515625,2025-12-15 20:03:19.469786
sh.600522,2020-06-11,2020-06-18,0.140869140625,2025-12-15 20:03:19.469786
sh.600522,2020-06-12,2020-06-19,0.1866455078125,2025-12-15 20:03:19.469786
sh.600522,2020-06-15,2020-06-22,0.138916015625,2025-12-15 20:03:19.469786
sh.600522,2020-06-16,2020-06-23,0.299560546875,2025-12-15 20:03:19.469786
sh.600522,2020-06-17,2020-06-24,0.162353515625,2025-12-15 20:03:19.469786
sh.600522,2020-06-18,2020-06-25,0.2020263671875,2025-12-15 20:03:19.469786
sh.600522,2020-06-19,2020-06-26,0.1578369140625,2025-12-15 20:03:19.469786
sh.600522,2020-06-22,2020-06-29,0.1424560546875,2025-12-15 20:03:19.469786
sh.600522,2020-06-23,2020-06-30,0.1566162109375,2025-12-15 20:03:19.469786
sh.600522,2020-06-24,2020-07-01,0.2142333984375,2025-12-15 20:03:19.469786
sh.600522,2020-06-29,2020-07-06,0.19775390625,2025-12-15 20:03:19.469786
sh.600522,2020-06-30,2020-07-07,0.353271484375,2025-12-15 20:03:19.469786
sh.600522,2020-07-01,2020-07-08,0.14794921875,2025-12-15 20:03:19.469786
sh.600522,2020-07-02,2020-07-09,0.2666015625,2025-12-15 20:03:19.469786
sh.600522,2020-07-03,2020-07-10,0.18603515625,2025-12-15 20:03:19.469786
sh.600522,2020-07-06,2020-07-13,0.322509765625,2025-12-15 20:03:19.469786
sh.600522,2020-07-07,2020-07-14,0.15087890625,2025-12-15 20:03:19.469786
sh.600522,2020-07-08,2020-07-15,0.22265625,2025-12-15 20:03:19.469786
sh.600522,2020-07-09,2020-07-16,0.2421875,2025-12-15 20:03:19.469786
sh.600522,2020-07-10,2020-07-17,0.174072265625,2025-12-15 20:03:19.469786
sh.600522,2020-07-13,2020-07-20,0.26953125,2025-12-15 20:03:19.469786
sh.600522,2020-07-14,2020-07-21,0.2042236328125,2025-12-15 20:03:19.469786
sh.600522,2020-07-15,2020-07-22,0.1448974609375,2025-12-15 20:03:19.469786
sh.600522,2020-07-16,2020-07-23,0.1571044921875,2025-12-15 20:03:19.469786
sh.600522,2020-07-17,2020-07-24,0.165283203125,2025-12-15 20:03:19.469786
sh.600522,2020-07-20,2020-07-27,0.2218017578125,2025-12-15 20:03:19.469786
sh.600522,2020-07-21,2020-07-28,0.173828125,2025-12-15 20:03:19.469786
sh.600522,2020-07-22,2020-07-29,0.1990966796875,2025-12-15 20:03:19.469786
sh.600522,2020-07-23,2020-07-30,0.1619873046875,2025-12-15 20:03:19.469786
sh.600522,2020-07-24,2020-07-31,0.1300048828125,2025-12-15 20:03:19.469786
sh.600522,2020-07-27,2020-08-03,0.130615234375,2025-12-15 20:03:19.469786
sh.600522,2020-07-28,2020-08-04,0.157470703125,2025-12-15 20:03:19.469786
sh.600522,2020-07-29,2020-08-05,0.1634521484375,2025-12-15 20:03:19.469786
sh.600522,2020-07-30,2020-08-06,0.1478271484375,2025-12-15 20:03:19.469786
sh.600522,2020-07-31,2020-08-07,0.137939453125,2025-12-15 20:03:19.469786
sh.600522,2020-08-03,2020-08-10,0.2197265625,2025-12-15 20:03:19.469786
sh.600522,2020-08-04,2020-08-11,0.1451416015625,2025-12-15 20:03:19.469786
sh.600522,2020-08-05,2020-08-12,0.1710205078125,2025-12-15 20:03:19.469786
sh.600522,2020-08-06,2020-08-13,0.1497802734375,2025-12-15 20:03:19.469786
sh.600522,2020-08-07,2020-08-14,0.140869140625,2025-12-15 20:03:19.469786
sh.600522,2020-08-10,2020-08-17,0.141845703125,2025-12-15 20:03:19.469786
sh.600522,2020-08-11,2020-08-18,0.1444091796875,2025-12-15 20:03:19.469786
sh.600522,2020-08-12,2020-08-19,0.134765625,2025-12-15 20:03:19.469786
sh.600522,2020-08-13,2020-08-20,0.11676025390625,2025-12-15 20:03:19.469786
sh.600522,2020-08-14,2020-08-21,0.1514892578125,2025-12-15 20:03:19.469786
sh.600522,2020-08-17,2020-08-24,0.198974609375,2025-12-15 20:03:19.469786
sh.600522,2020-08-18,2020-08-25,0.15380859375,2025-12-15 20:03:19.469786
sh.600522,2020-08-19,2020-08-26,0.14794921875,2025-12-15 20:03:19.469786
sh.600522,2020-08-20,2020-08-27,0.1380615234375,2025-12-15 20:03:19.469786
sh.600522,2020-08-21,2020-08-28,0.128662109375,2025-12-15 20:03:19.469786
sh.600522,2020-08-24,2020-08-31,0.10687255859375,2025-12-15 20:03:19.469786
sh.600522,2020-08-25,2020-09-01,0.135009765625,2025-12-15 20:03:19.469786
sh.600522,2020-08-26,2020-09-02,0.1298828125,2025-12-15 20:03:19.469786
sh.600522,2020-08-27,2020-09-03,0.12115478515625,2025-12-15 20:03:19.469786
sh.600522,2020-08-28,2020-09-04,0.09332275390625,2025-12-15 20:03:19.469786
sh.600522,2020-08-31,2020-09-07,0.083740234375,2025-12-15 20:03:19.469786
sh.600522,2020-09-01,2020-09-08,0.1533203125,2025-12-15 20:03:19.469786
sh.600522,2020-09-02,2020-09-09,0.14501953125,2025-12-15 20:03:19.469786
sh.600522,2020-09-03,2020-09-10,0.138671875,2025-12-15 20:03:19.469786
sh.600522,2020-09-04,2020-09-11,0.11297607421875,2025-12-15 20:03:19.469786
sh.600522,2020-09-07,2020-09-14,0.10858154296875,2025-12-15 20:03:19.469786
sh.600522,2020-09-08,2020-09-15,0.1114501953125,2025-12-15 20:03:19.469786
sh.600522,2020-09-09,2020-09-16,0.128662109375,2025-12-15 20:03:19.469786
sh.600522,2020-09-10,2020-09-17,0.1298828125,2025-12-15 20:03:19.469786
sh.600522,2020-09-11,2020-09-18,0.1544189453125,2025-12-15 20:03:19.469786
sh.600522,2020-09-14,2020-09-21,0.2587890625,2025-12-15 20:03:19.469786
sh.600522,2020-09-15,2020-09-22,0.1195068359375,2025-12-15 20:03:19.469786
sh.600522,2020-09-16,2020-09-23,0.120849609375,2025-12-15 20:03:19.469786
sh.600522,2020-09-17,2020-09-24,0.093994140625,2025-12-15 20:03:19.469786
sh.600522,2020-09-18,2020-09-25,0.1392822265625,2025-12-15 20:03:19.469786
sh.600522,2020-09-21,2020-09-28,0.09271240234375,2025-12-15 20:03:19.469786
sh.600522,2020-09-22,2020-09-29,0.1256103515625,2025-12-15 20:03:19.469786
sh.600522,2020-09-23,2020-09-30,0.1357421875,2025-12-15 20:03:19.469786
sh.600522,2020-09-24,2020-10-01,0.15625,2025-12-15 20:03:19.469786
sh.600522,2020-09-25,2020-10-02,0.177490234375,2025-12-15 20:03:19.469786
sh.600522,2020-09-28,2020-10-05,0.2509765625,2025-12-15 20:03:19.469786
sh.600522,2020-09-29,2020-10-06,0.267578125,2025-12-15 20:03:19.469786
sh.600522,2020-09-30,2020-10-07,0.2047119140625,2025-12-15 20:03:19.469786
sh.600522,2020-10-09,2020-10-16,0.0966796875,2025-12-15 20:03:19.469786
sh.600522,2020-10-12,2020-10-19,0.07794189453125,2025-12-15 20:03:19.469786
sh.600522,2020-10-13,2020-10-20,0.08831787109375,2025-12-15 20:03:19.469786
sh.600522,2020-10-14,2020-10-21,0.08587646484375,2025-12-15 20:03:19.469786
sh.600522,2020-10-15,2020-10-22,0.1265869140625,2025-12-15 20:03:19.469786
sh.600522,2020-10-16,2020-10-23,0.1278076171875,2025-12-15 20:03:19.469786
sh.600522,2020-10-19,2020-10-26,0.165771484375,2025-12-15 20:03:19.469786
sh.600522,2020-10-20,2020-10-27,0.137451171875,2025-12-15 20:03:19.469786
sh.600522,2020-10-21,2020-10-28,0.135986328125,2025-12-15 20:03:19.469786
sh.600522,2020-10-22,2020-10-29,0.10302734375,2025-12-15 20:03:19.469786
sh.600522,2020-10-23,2020-10-30,0.1171875,2025-12-15 20:03:19.469786
sh.600522,2020-10-26,2020-11-02,0.10211181640625,2025-12-15 20:03:19.469786
sh.600522,2020-10-27,2020-11-03,0.09503173828125,2025-12-15 20:03:19.469786
sh.600522,2020-10-28,2020-11-04,0.11260986328125,2025-12-15 20:03:19.469786
sh.600522,2020-10-29,2020-11-05,0.179443359375,2025-12-15 20:03:19.469786
sh.600522,2020-10-30,2020-11-06,0.10723876953125,2025-12-15 20:03:19.469786
sh.600522,2020-11-02,2020-11-09,0.13427734375,2025-12-15 20:03:19.469786
sh.600522,2020-11-03,2020-11-10,0.1163330078125,2025-12-15 20:03:19.469786
sh.600522,2020-11-04,2020-11-11,0.150146484375,2025-12-15 20:03:19.469786
sh.600522,2020-11-05,2020-11-12,0.242431640625,2025-12-15 20:03:19.469786
sh.600522,2020-11-06,2020-11-13,0.11260986328125,2025-12-15 20:03:19.469786
sh.600522,2020-11-09,2020-11-16,0.09722900390625,2025-12-15 20:03:19.469786
sh.600522,2020-11-10,2020-11-17,0.1312255859375,2025-12-15 20:03:19.469786
sh.600522,2020-11-11,2020-11-18,0.1240234375,2025-12-15 20:03:19.469786
sh.600522,2020-11-12,2020-11-19,0.1131591796875,2025-12-15 20:03:19.469786
sh.600522,2020-11-13,2020-11-20,0.10467529296875,2025-12-15 20:03:19.469786
sh.600522,2020-11-16,2020-11-23,0.12188720703125,2025-12-15 20:03:19.469786
sh.600522,2020-11-17,2020-11-24,0.09979248046875,2025-12-15 20:03:19.469786
sh.600522,2020-11-18,2020-11-25,0.1827392578125,2025-12-15 20:03:19.469786
sh.600522,2020-11-19,2020-11-26,0.07806396484375,2025-12-15 20:03:19.469786
sh.600522,2020-11-20,2020-11-27,0.11859130859375,2025-12-15 20:03:19.469786
sh.600522,2020-11-23,2020-11-30,0.0869140625,2025-12-15 20:03:19.469786
sh.600522,2020-11-24,2020-12-01,0.1217041015625,2025-12-15 20:03:19.469786
sh.600522,2020-11-25,2020-12-02,0.1143798828125,2025-12-15 20:03:19.469786
sh.600522,2020-11-26,2020-12-03,0.090087890625,2025-12-15 20:03:19.469786
sh.600522,2020-11-27,2020-12-04,0.125244140625,2025-12-15 20:03:19.469786
sh.600522,2020-11-30,2020-12-07,0.10858154296875,2025-12-15 20:03:19.469786
sh.600522,2020-12-01,2020-12-08,0.169189453125,2025-12-15 20:03:19.469786
sh.600522,2020-12-02,2020-12-09,0.1761474609375,2025-12-15 20:03:19.469786
sh.600522,2020-12-03,2020-12-10,0.126953125,2025-12-15 20:03:19.469786
sh.600522,2020-12-04,2020-12-11,0.11376953125,2025-12-15 20:03:19.469786
sh.600522,2020-12-07,2020-12-14,0.079345703125,2025-12-15 20:03:19.469786
sh.600522,2020-12-08,2020-12-15,0.12359619140625,2025-12-15 20:03:19.469786
sh.600522,2020-12-09,2020-12-16,0.1278076171875,2025-12-15 20:03:19.469786
sh.600522,2020-12-10,2020-12-17,0.0982666015625,2025-12-15 20:03:19.469786
sh.600522,2020-12-11,2020-12-18,0.136962890625,2025-12-15 20:03:19.469786
sh.600522,2020-12-14,2020-12-21,0.1365966796875,2025-12-15 20:03:19.469786
sh.600522,2020-12-15,2020-12-22,0.17724609375,2025-12-15 20:03:19.469786
sh.600522,2020-12-16,2020-12-23,0.2489013671875,2025-12-15 20:03:19.469786
sh.600522,2020-12-17,2020-12-24,0.22119140625,2025-12-15 20:03:19.469786
sh.600522,2020-12-18,2020-12-25,0.1561279296875,2025-12-15 20:03:19.469786
sh.600522,2020-12-21,2020-12-28,0.2083740234375,2025-12-15 20:03:19.469786
sh.600522,2020-12-22,2020-12-29,0.141357421875,2025-12-15 20:03:19.469786
sh.600522,2020-12-23,2020-12-30,0.1978759765625,2025-12-15 20:03:19.469786
sh.600522,2020-12-24,2020-12-31,0.120361328125,2025-12-15 20:03:19.469786
sh.600522,2020-12-25,2021-01-01,0.1063232421875,2025-12-15 20:03:19.469786
sh.600522,2020-12-28,2021-01-04,0.0709228515625,2025-12-15 20:03:19.469786
sh.600522,2020-12-29,2021-01-05,0.06805419921875,2025-12-15 20:03:19.469786
sh.600522,2020-12-30,2021-01-06,0.12115478515625,2025-12-15 20:03:19.469786
sh.600522,2020-12-31,2021-01-07,0.090576171875,2025-12-15 20:03:19.469786
sh.600522,2021-01-04,2021-01-11,0.07904052734375,2025-12-15 20:03:19.469786
sh.600522,2021-01-05,2021-01-12,0.0965576171875,2025-12-15 20:03:19.469786
sh.600522,2021-01-06,2021-01-13,0.12103271484375,2025-12-15 20:03:19.469786
sh.600522,2021-01-07,2021-01-14,0.127197265625,2025-12-15 20:03:19.469786
sh.600522,2021-01-08,2021-01-15,0.26513671875,2025-12-15 20:03:19.469786
sh.600522,2021-01-11,2021-01-18,0.087890625,2025-12-15 20:03:19.469786
sh.600522,2021-01-12,2021-01-19,0.12420654296875,2025-12-15 20:03:19.469786
sh.600522,2021-01-13,2021-01-20,0.1392822265625,2025-12-15 20:03:19.469786
sh.600522,2021-01-14,2021-01-21,0.1446533203125,2025-12-15 20:03:19.469786
sh.600522,2021-01-15,2021-01-22,0.1407470703125,2025-12-15 20:03:19.469786
sh.600522,2021-01-18,2021-01-25,0.136962890625,2025-12-15 20:03:19.469786
sh.600522,2021-01-19,2021-01-26,0.131591796875,2025-12-15 20:03:19.469786
sh.600522,2021-01-20,2021-01-27,0.1083984375,2025-12-15 20:03:19.469786
sh.600522,2021-01-21,2021-01-28,0.167724609375,2025-12-15 20:03:19.469786
sh.600522,2021-01-22,2021-01-29,0.156494140625,2025-12-15 20:03:19.469786
sh.600522,2021-01-25,2021-02-01,0.17431640625,2025-12-15 20:03:19.469786
sh.600522,2021-01-26,2021-02-02,0.1265869140625,2025-12-15 20:03:19.469786
sh.600522,2021-01-27,2021-02-03,0.2110595703125,2025-12-15 20:03:19.469786
sh.600522,2021-01-28,2021-02-04,0.143310546875,2025-12-15 20:03:19.469786
sh.600522,2021-01-29,2021-02-05,0.144775390625,2025-12-15 20:03:19.469786
sh.600522,2021-02-01,2021-02-08,0.296875,2025-12-15 20:03:19.469786
sh.600522,2021-02-02,2021-02-09,0.1650390625,2025-12-15 20:03:19.469786
sh.600522,2021-02-03,2021-02-10,0.132568359375,2025-12-15 20:03:19.469786
sh.600522,2021-02-04,2021-02-11,0.1285400390625,2025-12-15 20:03:19.469786
sh.600522,2021-02-05,2021-02-12,0.1434326171875,2025-12-15 20:03:19.469786
sh.600522,2021-02-08,2021-02-15,0.165771484375,2025-12-15 20:03:19.469786
sh.600522,2021-02-09,2021-02-16,0.183837890625,2025-12-15 20:03:19.469786
sh.600522,2021-02-10,2021-02-17,0.2108154296875,2025-12-15 20:03:19.469786
sh.600522,2021-02-18,2021-02-25,0.10577392578125,2025-12-15 20:03:19.469786
sh.600522,2021-02-19,2021-02-26,0.1573486328125,2025-12-15 20:03:19.469786
sh.600522,2021-02-22,2021-03-01,0.08050537109375,2025-12-15 20:03:19.469786
sh.600522,2021-02-23,2021-03-02,0.11126708984375,2025-12-15 20:03:19.469786
sh.600522,2021-02-24,2021-03-03,0.122314453125,2025-12-15 20:03:19.469786
sh.600522,2021-02-25,2021-03-04,0.1353759765625,2025-12-15 20:03:19.469786
sh.600522,2021-02-26,2021-03-05,0.07122802734375,2025-12-15 20:03:19.469786
sh.600522,2021-03-01,2021-03-08,0.195556640625,2025-12-15 20:03:19.469786
sh.600522,2021-03-02,2021-03-09,0.1414794921875,2025-12-15 20:03:19.469786
sh.600522,2021-03-03,2021-03-10,0.2587890625,2025-12-15 20:03:19.469786
sh.600522,2021-03-04,2021-03-11,0.18310546875,2025-12-15 20:03:19.469786
sh.600522,2021-03-05,2021-03-12,0.161376953125,2025-12-15 20:03:19.469786
sh.600522,2021-03-08,2021-03-15,0.11065673828125,2025-12-15 20:03:19.469786
sh.600522,2021-03-09,2021-03-16,0.11993408203125,2025-12-15 20:03:19.469786
sh.600522,2021-03-10,2021-03-17,0.138427734375,2025-12-15 20:03:19.469786
sh.600522,2021-03-11,2021-03-18,0.1805419921875,2025-12-15 20:03:19.469786
sh.600522,2021-03-12,2021-03-19,0.1807861328125,2025-12-15 20:03:19.469786
sh.600522,2021-03-15,2021-03-22,0.15478515625,2025-12-15 20:03:19.469786
sh.600522,2021-03-16,2021-03-23,0.1939697265625,2025-12-15 20:03:19.469786
sh.600522,2021-03-17,2021-03-24,0.1461181640625,2025-12-15 20:03:19.469786
sh.600522,2021-03-18,2021-03-25,0.17529296875,2025-12-15 20:03:19.469786
sh.600522,2021-03-19,2021-03-26,0.10858154296875,2025-12-15 20:03:19.469786
sh.600522,2021-03-22,2021-03-29,0.255126953125,2025-12-15 20:03:19.469786
sh.600522,2021-03-23,2021-03-30,0.171875,2025-12-15 20:03:19.469786
sh.600522,2021-03-24,2021-03-31,0.137939453125,2025-12-15 20:03:19.469786
sh.600522,2021-03-25,2021-04-01,0.185546875,2025-12-15 20:03:19.469786
sh.600522,2021-03-26,2021-04-02,0.179931640625,2025-12-15 20:03:19.469786
sh.600522,2021-03-29,2021-04-05,0.166259765625,2025-12-15 20:03:19.469786
sh.600522,2021-03-30,2021-04-06,0.1878662109375,2025-12-15 20:03:19.469786
sh.600522,2021-03-31,2021-04-07,0.197021484375,2025-12-15 20:03:19.469786
sh.600522,2021-04-01,2021-04-08,0.1627197265625,2025-12-15 20:03:19.469786
sh.600522,2021-04-02,2021-04-09,0.1390380859375,2025-12-15 20:03:19.469786
sh.600522,2021-04-06,2021-04-13,0.2108154296875,2025-12-15 20:03:19.469786
sh.600522,2021-04-07,2021-04-14,0.1878662109375,2025-12-15 20:03:19.469786
sh.600522,2021-04-08,2021-04-15,0.164794921875,2025-12-15 20:03:19.469786
sh.600522,2021-04-09,2021-04-16,0.1632080078125,2025-12-15 20:03:19.469786
sh.600522,2021-04-12,2021-04-19,0.1348876953125,2025-12-15 20:03:19.469786
sh.600522,2021-04-13,2021-04-20,0.1317138671875,2025-12-15 20:03:19.469786
sh.600522,2021-04-14,2021-04-21,0.173828125,2025-12-15 20:03:19.469786
sh.600522,2021-04-15,2021-04-22,0.1572265625,2025-12-15 20:03:19.469786
sh.600522,2021-04-16,2021-04-23,0.1978759765625,2025-12-15 20:03:19.469786
sh.600522,2021-04-19,2021-04-26,0.2037353515625,2025-12-15 20:03:19.469786
sh.600522,2021-04-20,2021-04-27,0.147705078125,2025-12-15 20:03:19.469786
sh.600522,2021-04-21,2021-04-28,0.1412353515625,2025-12-15 20:03:19.469786
sh.600522,2021-04-22,2021-04-29,0.1048583984375,2025-12-15 20:03:19.469786
sh.600522,2021-04-23,2021-04-30,0.154296875,2025-12-15 20:03:19.469786
sh.600522,2021-04-26,2021-05-03,0.135986328125,2025-12-15 20:03:19.469786
sh.600522,2021-04-27,2021-05-04,0.143798828125,2025-12-15 20:03:19.469786
sh.600522,2021-04-28,2021-05-05,0.095703125,2025-12-15 20:03:19.469786
sh.600522,2021-04-29,2021-05-06,0.11737060546875,2025-12-15 20:03:19.469786
sh.600522,2021-04-30,2021-05-07,0.1302490234375,2025-12-15 20:03:19.469786
sh.600522,2021-05-06,2021-05-13,0.11163330078125,2025-12-15 20:03:19.469786
sh.600522,2021-05-07,2021-05-14,0.12890625,2025-12-15 20:03:19.469786
sh.600522,2021-05-10,2021-05-17,0.11676025390625,2025-12-15 20:03:19.469786
sh.600522,2021-05-11,2021-05-18,0.114990234375,2025-12-15 20:03:19.469786
sh.600522,2021-05-12,2021-05-19,0.0970458984375,2025-12-15 20:03:19.469786
sh.600522,2021-05-13,2021-05-20,0.12890625,2025-12-15 20:03:19.469786
sh.600522,2021-05-14,2021-05-21,0.2017822265625,2025-12-15 20:03:19.469786
sh.600522,2021-05-17,2021-05-24,0.097900390625,2025-12-15 20:03:19.469786
sh.600522,2021-05-18,2021-05-25,0.16650390625,2025-12-15 20:03:19.469786
sh.600522,2021-05-19,2021-05-26,0.1441650390625,2025-12-15 20:03:19.469786
sh.600522,2021-05-20,2021-05-27,0.1431884765625,2025-12-15 20:03:19.469786
sh.600522,2021-05-21,2021-05-28,0.1171875,2025-12-15 20:03:19.469786
sh.600522,2021-05-24,2021-05-31,0.130126953125,2025-12-15 20:03:19.469786
sh.600522,2021-05-25,2021-06-01,0.1298828125,2025-12-15 20:03:19.469786
sh.600522,2021-05-26,2021-06-02,0.1434326171875,2025-12-15 20:03:19.469786
sh.600522,2021-05-27,2021-06-03,0.366455078125,2025-12-15 20:03:19.469786
sh.600522,2021-05-28,2021-06-04,0.12744140625,2025-12-15 20:03:19.469786
sh.600522,2021-05-31,2021-06-07,0.262939453125,2025-12-15 20:03:19.469786
sh.600522,2021-06-01,2021-06-08,0.161865234375,2025-12-15 20:03:19.469786
sh.600522,2021-06-02,2021-06-09,0.1265869140625,2025-12-15 20:03:19.469786
sh.600522,2021-06-03,2021-06-10,0.089599609375,2025-12-15 20:03:19.469786
sh.600522,2021-06-04,2021-06-11,0.153076171875,2025-12-15 20:03:19.469786
sh.600522,2021-06-07,2021-06-14,0.10894775390625,2025-12-15 20:03:19.469786
sh.600522,2021-06-08,2021-06-15,0.141845703125,2025-12-15 20:03:19.469786
sh.600522,2021-06-09,2021-06-16,0.1883544921875,2025-12-15 20:03:19.469786
sh.600522,2021-06-10,2021-06-17,0.1070556640625,2025-12-15 20:03:19.469786
sh.600522,2021-06-11,2021-06-18,0.128173828125,2025-12-15 20:03:19.469786
sh.600522,2021-06-15,2021-06-22,0.12274169921875,2025-12-15 20:03:19.469786
sh.600522,2021-06-16,2021-06-23,0.115966796875,2025-12-15 20:03:19.469786
sh.600522,2021-06-17,2021-06-24,0.1239013671875,2025-12-15 20:03:19.469786
sh.600522,2021-06-18,2021-06-25,0.10430908203125,2025-12-15 20:03:19.469786
sh.600522,2021-06-21,2021-06-28,0.147705078125,2025-12-15 20:03:19.469786
sh.600522,2021-06-22,2021-06-29,0.1334228515625,2025-12-15 20:03:19.469786
sh.600522,2021-06-23,2021-06-30,0.150634765625,2025-12-15 20:03:19.469786
sh.600522,2021-06-24,2021-07-01,0.11102294921875,2025-12-15 20:03:19.469786
sh.600522,2021-06-25,2021-07-02,0.1312255859375,2025-12-15 20:03:19.469786
sh.600522,2021-06-28,2021-07-05,0.1497802734375,2025-12-15 20:03:19.469786
sh.600522,2021-06-29,2021-07-06,0.1319580078125,2025-12-15 20:03:19.469786
sh.600522,2021-06-30,2021-07-07,0.294921875,2025-12-15 20:03:19.469786
sh.600522,2021-07-01,2021-07-08,0.131103515625,2025-12-15 20:03:19.469786
sh.600522,2021-07-02,2021-07-09,0.11376953125,2025-12-15 20:03:19.469786
sh.600522,2021-07-05,2021-07-12,0.1396484375,2025-12-15 20:03:19.469786
sh.600522,2021-07-06,2021-07-13,0.109130859375,2025-12-15 20:03:19.469786
sh.600522,2021-07-07,2021-07-14,0.1434326171875,2025-12-15 20:03:19.469786
sh.600522,2021-07-08,2021-07-15,0.1298828125,2025-12-15 20:03:19.469786
sh.600522,2021-07-09,2021-07-16,0.1134033203125,2025-12-15 20:03:19.469786
sh.600522,2021-07-12,2021-07-19,0.394775390625,2025-12-15 20:03:19.469786
sh.600522,2021-07-13,2021-07-20,0.1497802734375,2025-12-15 20:03:19.469786
sh.600522,2021-07-14,2021-07-21,0.1134033203125,2025-12-15 20:03:19.469786
sh.600522,2021-07-15,2021-07-22,0.1331787109375,2025-12-15 20:03:19.469786
sh.600522,2021-07-16,2021-07-23,0.08770751953125,2025-12-15 20:03:19.469786
sh.600522,2021-07-19,2021-07-26,0.140380859375,2025-12-15 20:03:19.469786
sh.600522,2021-07-20,2021-07-27,0.1494140625,2025-12-15 20:03:19.469786
sh.600522,2021-07-21,2021-07-28,0.1474609375,2025-12-15 20:03:19.469786
sh.600522,2021-07-22,2021-07-29,0.52880859375,2025-12-15 20:03:19.469786
sh.600522,2021-07-23,2021-07-30,0.5771484375,2025-12-15 20:03:19.469786
sh.600522,2021-07-26,2021-08-02,0.5341796875,2025-12-15 20:03:19.469786
sh.600522,2021-07-27,2021-08-03,0.5478515625,2025-12-15 20:03:19.469786
sh.600522,2021-07-28,2021-08-04,0.53369140625,2025-12-15 20:03:19.469786
sh.600522,2021-07-29,2021-08-05,0.5625,2025-12-15 20:03:19.469786
sh.600522,2021-07-30,2021-08-06,0.5361328125,2025-12-15 20:03:19.469786
sh.600522,2021-08-02,2021-08-09,0.50048828125,2025-12-15 20:03:19.469786
sh.600522,2021-08-03,2021-08-10,0.40869140625,2025-12-15 20:03:19.469786
sh.600522,2021-08-04,2021-08-11,0.48486328125,2025-12-15 20:03:19.469786
sh.600522,2021-08-05,2021-08-12,0.42529296875,2025-12-15 20:03:19.469786
sh.600522,2021-08-06,2021-08-13,0.442626953125,2025-12-15 20:03:19.469786
sh.600522,2021-08-09,2021-08-16,0.4912109375,2025-12-15 20:03:19.469786
sh.600522,2021-08-10,2021-08-17,0.461181640625,2025-12-15 20:03:19.469786
sh.600522,2021-08-11,2021-08-18,0.392333984375,2025-12-15 20:03:19.469786
sh.600522,2021-08-12,2021-08-19,0.249267578125,2025-12-15 20:03:19.469786
sh.600522,2021-08-13,2021-08-20,0.17626953125,2025-12-15 20:03:19.469786
sh.600522,2021-08-16,2021-08-23,0.1578369140625,2025-12-15 20:03:19.469786
sh.600522,2021-08-17,2021-08-24,0.18212890625,2025-12-15 20:03:19.469786
sh.600522,2021-08-18,2021-08-25,0.2294921875,2025-12-15 20:03:19.469786
sh.600522,2021-08-19,2021-08-26,0.34228515625,2025-12-15 20:03:19.469786
sh.600522,2021-08-20,2021-08-27,0.37353515625,2025-12-15 20:03:19.469786
sh.600522,2021-08-23,2021-08-30,0.458251953125,2025-12-15 20:03:19.469786
sh.600522,2021-08-24,2021-08-31,0.409423828125,2025-12-15 20:03:19.469786
sh.600522,2021-08-25,2021-09-01,0.42431640625,2025-12-15 20:03:19.469786
sh.600522,2021-08-26,2021-09-02,0.322998046875,2025-12-15 20:03:19.469786
sh.600522,2021-08-27,2021-09-03,0.271240234375,2025-12-15 20:03:19.469786
sh.600522,2021-08-30,2021-09-06,0.316162109375,2025-12-15 20:03:19.469786
sh.600522,2021-08-31,2021-09-07,0.3876953125,2025-12-15 20:03:19.469786
sh.600522,2021-09-01,2021-09-08,0.3564453125,2025-12-15 20:03:19.469786
sh.600522,2021-09-02,2021-09-09,0.3525390625,2025-12-15 20:03:19.469786
sh.600522,2021-09-03,2021-09-10,0.251220703125,2025-12-15 20:03:19.469786
sh.600522,2021-09-06,2021-09-13,0.347900390625,2025-12-15 20:03:19.469786
sh.600522,2021-09-07,2021-09-14,0.26806640625,2025-12-15 20:03:19.469786
sh.600522,2021-09-08,2021-09-15,0.20751953125,2025-12-15 20:03:19.469786
sh.600522,2021-09-09,2021-09-16,0.2486572265625,2025-12-15 20:03:19.469786
sh.600522,2021-09-10,2021-09-17,0.207275390625,2025-12-15 20:03:19.469786
sh.600522,2021-09-13,2021-09-20,0.3466796875,2025-12-15 20:03:19.469786
sh.600522,2021-09-14,2021-09-21,0.274658203125,2025-12-15 20:03:19.469786
sh.600522,2021-09-15,2021-09-22,0.342529296875,2025-12-15 20:03:19.469786
sh.600522,2021-09-16,2021-09-23,0.182861328125,2025-12-15 20:03:19.469786
sh.600522,2021-09-17,2021-09-24,0.22021484375,2025-12-15 20:03:19.469786
sh.600522,2021-09-22,2021-09-29,0.252685546875,2025-12-15 20:03:19.469786
sh.600522,2021-09-23,2021-09-30,0.223876953125,2025-12-15 20:03:19.469786
sh.600522,2021-09-24,2021-10-01,0.22607421875,2025-12-15 20:03:19.469786
sh.600522,2021-09-27,2021-10-04,0.1937255859375,2025-12-15 20:03:19.469786
sh.600522,2021-09-28,2021-10-05,0.283203125,2025-12-15 20:03:19.469786
sh.600522,2021-09-29,2021-10-06,0.258056640625,2025-12-15 20:03:19.469786
sh.600522,2021-09-30,2021-10-07,0.368896484375,2025-12-15 20:03:19.469786
sh.600522,2021-10-08,2021-10-15,0.2685546875,2025-12-15 20:03:19.469786
sh.600522,2021-10-11,2021-10-18,0.1094970703125,2025-12-15 20:03:19.469786
sh.600522,2021-10-12,2021-10-19,0.173095703125,2025-12-15 20:03:19.469786
sh.600522,2021-10-13,2021-10-20,0.2122802734375,2025-12-15 20:03:19.469786
sh.600522,2021-10-14,2021-10-21,0.270263671875,2025-12-15 20:03:19.469786
sh.600522,2021-10-15,2021-10-22,0.235595703125,2025-12-15 20:03:19.469786
sh.600522,2021-10-18,2021-10-25,0.340087890625,2025-12-15 20:03:19.469786
sh.600522,2021-10-19,2021-10-26,0.333740234375,2025-12-15 20:03:19.469786
sh.600522,2021-10-20,2021-10-27,0.3173828125,2025-12-15 20:03:19.469786
sh.600522,2021-10-21,2021-10-28,0.3515625,2025-12-15 20:03:19.469786
sh.600522,2021-10-22,2021-10-29,0.319580078125,2025-12-15 20:03:19.469786
sh.600522,2021-10-25,2021-11-01,0.36181640625,2025-12-15 20:03:19.469786
sh.600522,2021-10-26,2021-11-02,0.358642578125,2025-12-15 20:03:19.469786
sh.600522,2021-10-27,2021-11-03,0.280517578125,2025-12-15 20:03:19.469786
sh.600522,2021-10-28,2021-11-04,0.152099609375,2025-12-15 20:03:19.469786
sh.600522,2021-10-29,2021-11-05,0.1419677734375,2025-12-15 20:03:19.469786
sh.600522,2021-11-01,2021-11-08,0.402099609375,2025-12-15 20:03:19.469786
sh.600522,2021-11-02,2021-11-09,0.40283203125,2025-12-15 20:03:19.469786
sh.600522,2021-11-03,2021-11-10,0.2293701171875,2025-12-15 20:03:19.469786
sh.600522,2021-11-04,2021-11-11,0.451416015625,2025-12-15 20:03:19.469786
sh.600522,2021-11-05,2021-11-12,0.157958984375,2025-12-15 20:03:19.469786
sh.600522,2021-11-08,2021-11-15,0.2286376953125,2025-12-15 20:03:19.469786
sh.600522,2021-11-09,2021-11-16,0.1153564453125,2025-12-15 20:03:19.469786
sh.600522,2021-11-10,2021-11-17,0.256103515625,2025-12-15 20:03:19.469786
sh.600522,2021-11-11,2021-11-18,0.1275634765625,2025-12-15 20:03:19.469786
sh.600522,2021-11-12,2021-11-19,0.328857421875,2025-12-15 20:03:19.469786
sh.600522,2021-11-15,2021-11-22,0.143798828125,2025-12-15 20:03:19.469786
sh.600522,2021-11-16,2021-11-23,0.2120361328125,2025-12-15 20:03:19.469786
sh.600522,2021-11-17,2021-11-24,0.248291015625,2025-12-15 20:03:19.469786
sh.600522,2021-11-18,2021-11-25,0.1697998046875,2025-12-15 20:03:19.469786
sh.600522,2021-11-19,2021-11-26,0.2060546875,2025-12-15 20:03:19.469786
sh.600522,2021-11-22,2021-11-29,0.204833984375,2025-12-15 20:03:19.469786
sh.600522,2021-11-23,2021-11-30,0.1883544921875,2025-12-15 20:03:19.469786
sh.600522,2021-11-24,2021-12-01,0.1927490234375,2025-12-15 20:03:19.469786
sh.600522,2021-11-25,2021-12-02,0.1748046875,2025-12-15 20:03:19.469786
sh.600522,2021-11-26,2021-12-03,0.2119140625,2025-12-15 20:03:19.469786
sh.600522,2021-11-29,2021-12-06,0.2181396484375,2025-12-15 20:03:19.469786
sh.600522,2021-11-30,2021-12-07,0.2210693359375,2025-12-15 20:03:19.469786
sh.600522,2021-12-01,2021-12-08,0.2130126953125,2025-12-15 20:03:19.469786
sh.600522,2021-12-02,2021-12-09,0.1639404296875,2025-12-15 20:03:19.469786
sh.600522,2021-12-03,2021-12-10,0.1695556640625,2025-12-15 20:03:19.469786
sh.600522,2021-12-06,2021-12-13,0.1663818359375,2025-12-15 20:03:19.469786
sh.600522,2021-12-07,2021-12-14,0.2001953125,2025-12-15 20:03:19.469786
sh.600522,2021-12-08,2021-12-15,0.254150390625,2025-12-15 20:03:19.469786
sh.600522,2021-12-09,2021-12-16,0.20751953125,2025-12-15 20:03:19.469786
sh.600522,2021-12-10,2021-12-17,0.1646728515625,2025-12-15 20:03:19.469786
sh.600522,2021-12-13,2021-12-20,0.1856689453125,2025-12-15 20:03:19.469786
sh.600522,2021-12-14,2021-12-21,0.27294921875,2025-12-15 20:03:19.469786
sh.600522,2021-12-15,2021-12-22,0.244140625,2025-12-15 20:03:19.469786
sh.600522,2021-12-16,2021-12-23,0.1728515625,2025-12-15 20:03:19.469786
sh.600522,2021-12-17,2021-12-24,0.1444091796875,2025-12-15 20:03:19.469786
sh.600522,2021-12-20,2021-12-27,0.14404296875,2025-12-15 20:03:19.469786
sh.600522,2021-12-21,2021-12-28,0.2232666015625,2025-12-15 20:03:19.469786
sh.600522,2021-12-22,2021-12-29,0.216796875,2025-12-15 20:03:19.469786
sh.600522,2021-12-23,2021-12-30,0.2474365234375,2025-12-15 20:03:19.469786
sh.600522,2021-12-24,2021-12-31,0.1519775390625,2025-12-15 20:03:19.469786
sh.600522,2021-12-27,2022-01-03,0.166259765625,2025-12-15 20:03:19.469786
sh.600522,2021-12-28,2022-01-04,0.224609375,2025-12-15 20:03:19.469786
sh.600522,2021-12-29,2022-01-05,0.1346435546875,2025-12-15 20:03:19.469786
sh.600522,2021-12-30,2022-01-06,0.2239990234375,2025-12-15 20:03:19.469786
sh.600522,2021-12-31,2022-01-07,0.1678466796875,2025-12-15 20:03:19.469786
sh.600522,2022-01-04,2022-01-11,0.164306640625,2025-12-15 20:03:19.469786
sh.600522,2022-01-05,2022-01-12,0.1700439453125,2025-12-15 20:03:19.469786
sh.600522,2022-01-06,2022-01-13,0.2047119140625,2025-12-15 20:03:19.469786
sh.600522,2022-01-07,2022-01-14,0.1573486328125,2025-12-15 20:03:19.469786
sh.600522,2022-01-10,2022-01-17,0.1749267578125,2025-12-15 20:03:19.469786
sh.600522,2022-01-11,2022-01-18,0.1788330078125,2025-12-15 20:03:19.469786
sh.600522,2022-01-12,2022-01-19,0.1998291015625,2025-12-15 20:03:19.469786
sh.600522,2022-01-13,2022-01-20,0.1527099609375,2025-12-15 20:03:19.469786
sh.600522,2022-01-14,2022-01-21,0.1763916015625,2025-12-15 20:03:19.469786
sh.600522,2022-01-17,2022-01-24,0.2015380859375,2025-12-15 20:03:19.469786
sh.600522,2022-01-18,2022-01-25,0.16845703125,2025-12-15 20:03:19.469786
sh.600522,2022-01-19,2022-01-26,0.1689453125,2025-12-15 20:03:19.469786
sh.600522,2022-01-20,2022-01-27,0.177001953125,2025-12-15 20:03:19.469786
sh.600522,2022-01-21,2022-01-28,0.1912841796875,2025-12-15 20:03:19.469786
sh.600522,2022-01-24,2022-01-31,0.2265625,2025-12-15 20:03:19.469786
sh.600522,2022-01-25,2022-02-01,0.1650390625,2025-12-15 20:03:19.469786
sh.600522,2022-01-26,2022-02-02,0.373779296875,2025-12-15 20:03:19.469786
sh.600522,2022-01-27,2022-02-03,0.174560546875,2025-12-15 20:03:19.469786
sh.600522,2022-01-28,2022-02-04,0.130126953125,2025-12-15 20:03:19.469786
sh.600522,2022-02-07,2022-02-14,0.1571044921875,2025-12-15 20:03:19.469786
sh.600522,2022-02-08,2022-02-15,0.18896484375,2025-12-15 20:03:19.469786
sh.600522,2022-02-09,2022-02-16,0.197265625,2025-12-15 20:03:19.469786
sh.600522,2022-02-10,2022-02-17,0.2069091796875,2025-12-15 20:03:19.469786
sh.600522,2022-02-11,2022-02-18,0.154296875,2025-12-15 20:03:19.469786
sh.600522,2022-02-14,2022-02-21,0.1826171875,2025-12-15 20:03:19.469786
sh.600522,2022-02-15,2022-02-22,0.32861328125,2025-12-15 20:03:19.469786
sh.600522,2022-02-16,2022-02-23,0.126708984375,2025-12-15 20:03:19.469786
sh.600522,2022-02-17,2022-02-24,0.09503173828125,2025-12-15 20:03:19.469786
sh.600522,2022-02-18,2022-02-25,0.12744140625,2025-12-15 20:03:19.469786
sh.600522,2022-02-21,2022-02-28,0.09417724609375,2025-12-15 20:03:19.469786
sh.600522,2022-02-22,2022-03-01,0.1312255859375,2025-12-15 20:03:19.469786
sh.600522,2022-02-23,2022-03-02,0.11126708984375,2025-12-15 20:03:19.469786
sh.600522,2022-02-24,2022-03-03,0.11932373046875,2025-12-15 20:03:19.469786
sh.600522,2022-02-25,2022-03-04,0.0885009765625,2025-12-15 20:03:19.469786
sh.600522,2022-02-28,2022-03-07,0.10650634765625,2025-12-15 20:03:19.469786
sh.600522,2022-03-01,2022-03-08,0.08251953125,2025-12-15 20:03:19.469786
sh.600522,2022-03-02,2022-03-09,0.1341552734375,2025-12-15 20:03:19.469786
sh.600522,2022-03-03,2022-03-10,0.13037109375,2025-12-15 20:03:19.469786
sh.600522,2022-03-04,2022-03-11,0.0885009765625,2025-12-15 20:03:19.469786
sh.600522,2022-03-07,2022-03-14,0.13916015625,2025-12-15 20:03:19.469786
sh.600522,2022-03-08,2022-03-15,0.092529296875,2025-12-15 20:03:19.469786
sh.600522,2022-03-09,2022-03-16,0.105224609375,2025-12-15 20:03:19.469786
sh.600522,2022-03-10,2022-03-17,0.12548828125,2025-12-15 20:03:19.469786
sh.600522,2022-03-11,2022-03-18,0.1171875,2025-12-15 20:03:19.469786
sh.600522,2022-03-14,2022-03-21,0.09808349609375,2025-12-15 20:03:19.469786
sh.600522,2022-03-15,2022-03-22,0.11297607421875,2025-12-15 20:03:19.469786
sh.600522,2022-03-16,2022-03-23,0.286376953125,2025-12-15 20:03:19.469786
sh.600522,2022-03-17,2022-03-24,0.1273193359375,2025-12-15 20:03:19.469786
sh.600522,2022-03-18,2022-03-25,0.1419677734375,2025-12-15 20:03:19.469786
sh.600522,2022-03-21,2022-03-28,0.1263427734375,2025-12-15 20:03:19.469786
sh.600522,2022-03-22,2022-03-29,0.10321044921875,2025-12-15 20:03:19.469786
sh.600522,2022-03-23,2022-03-30,0.10595703125,2025-12-15 20:03:19.469786
sh.600522,2022-03-24,2022-03-31,0.11395263671875,2025-12-15 20:03:19.469786
sh.600522,2022-03-25,2022-04-01,0.1348876953125,2025-12-15 20:03:19.469786
sh.600522,2022-03-28,2022-04-04,0.14404296875,2025-12-15 20:03:19.469786
sh.600522,2022-03-29,2022-04-05,0.16064453125,2025-12-15 20:03:19.469786
sh.600522,2022-03-30,2022-04-06,0.414306640625,2025-12-15 20:03:19.469786
sh.600522,2022-03-31,2022-04-07,0.139892578125,2025-12-15 20:03:19.469786
sh.600522,2022-04-01,2022-04-08,0.126953125,2025-12-15 20:03:19.469786
sh.600522,2022-04-06,2022-04-13,0.1373291015625,2025-12-15 20:03:19.469786
sh.600522,2022-04-07,2022-04-14,0.223876953125,2025-12-15 20:03:19.469786
sh.600522,2022-04-08,2022-04-15,0.1710205078125,2025-12-15 20:03:19.469786
sh.600522,2022-04-11,2022-04-18,0.17626953125,2025-12-15 20:03:19.469786
sh.600522,2022-04-12,2022-04-19,0.3037109375,2025-12-15 20:03:19.469786
sh.600522,2022-04-13,2022-04-20,0.354736328125,2025-12-15 20:03:19.469786
sh.600522,2022-04-14,2022-04-21,0.281005859375,2025-12-15 20:03:19.469786
sh.600522,2022-04-15,2022-04-22,0.336181640625,2025-12-15 20:03:19.469786
sh.600522,2022-04-18,2022-04-25,0.2469482421875,2025-12-15 20:03:19.469786
sh.600522,2022-04-19,2022-04-26,0.1673583984375,2025-12-15 20:03:19.469786
sh.600522,2022-04-20,2022-04-27,0.23828125,2025-12-15 20:03:19.469786
sh.600522,2022-04-21,2022-04-28,0.340087890625,2025-12-15 20:03:19.469786
sh.600522,2022-04-22,2022-04-29,0.285888671875,2025-12-15 20:03:19.469786
sh.600522,2022-04-25,2022-05-02,0.241455078125,2025-12-15 20:03:19.469786
sh.600522,2022-04-26,2022-05-03,0.277587890625,2025-12-15 20:03:19.469786
sh.600522,2022-04-27,2022-05-04,0.1512451171875,2025-12-15 20:03:19.469786
sh.600522,2022-04-28,2022-05-05,0.2469482421875,2025-12-15 20:03:19.469786
sh.600522,2022-04-29,2022-05-06,0.1640625,2025-12-15 20:03:19.469786
sh.600522,2022-05-05,2022-05-12,0.177001953125,2025-12-15 20:03:19.469786
sh.600522,2022-05-06,2022-05-13,0.255859375,2025-12-15 20:03:19.469786
sh.600522,2022-05-09,2022-05-16,0.305908203125,2025-12-15 20:03:19.469786
sh.600522,2022-05-10,2022-05-17,0.141845703125,2025-12-15 20:03:19.469786
sh.600522,2022-05-11,2022-05-18,0.10723876953125,2025-12-15 20:03:19.469786
sh.600522,2022-05-12,2022-05-19,0.151123046875,2025-12-15 20:03:19.469786
sh.600522,2022-05-13,2022-05-20,0.1783447265625,2025-12-15 20:03:19.469786
sh.600522,2022-05-16,2022-05-23,0.1448974609375,2025-12-15 20:03:19.469786
sh.600522,2022-05-17,2022-05-24,0.1397705078125,2025-12-15 20:03:19.469786
sh.600522,2022-05-18,2022-05-25,0.1524658203125,2025-12-15 20:03:19.469786
sh.600522,2022-05-19,2022-05-26,0.218505859375,2025-12-15 20:03:19.469786
sh.600522,2022-05-20,2022-05-27,0.0889892578125,2025-12-15 20:03:19.469786
sh.600522,2022-05-23,2022-05-30,0.15576171875,2025-12-15 20:03:19.469786
sh.600522,2022-05-24,2022-05-31,0.1328125,2025-12-15 20:03:19.469786
sh.600522,2022-05-25,2022-06-01,0.3408203125,2025-12-15 20:03:19.469786
sh.600522,2022-05-26,2022-06-02,0.07965087890625,2025-12-15 20:03:19.469786
sh.600522,2022-05-27,2022-06-03,0.1190185546875,2025-12-15 20:03:19.469786
sh.600522,2022-05-30,2022-06-06,0.11517333984375,2025-12-15 20:03:19.469786
sh.600522,2022-05-31,2022-06-07,0.1248779296875,2025-12-15 20:03:19.469786
sh.600522,2022-06-01,2022-06-08,0.134033203125,2025-12-15 20:03:19.469786
sh.600522,2022-06-02,2022-06-09,0.12213134765625,2025-12-15 20:03:19.469786
sh.600522,2022-06-06,2022-06-13,0.0948486328125,2025-12-15 20:03:19.469786
sh.600522,2022-06-07,2022-06-14,0.129150390625,2025-12-15 20:03:19.469786
sh.600522,2022-06-08,2022-06-15,0.142333984375,2025-12-15 20:03:19.469786
sh.600522,2022-06-09,2022-06-16,0.1353759765625,2025-12-15 20:03:19.469786
sh.600522,2022-06-10,2022-06-17,0.09808349609375,2025-12-15 20:03:19.469786
sh.600522,2022-06-13,2022-06-20,0.0836181640625,2025-12-15 20:03:19.469786
sh.600522,2022-06-14,2022-06-21,0.1337890625,2025-12-15 20:03:19.469786
sh.600522,2022-06-15,2022-06-22,0.1292724609375,2025-12-15 20:03:19.469786
sh.600522,2022-06-16,2022-06-23,0.135986328125,2025-12-15 20:03:19.469786
sh.600522,2022-06-17,2022-06-24,0.3583984375,2025-12-15 20:03:19.469786
sh.600522,2022-06-20,2022-06-27,0.1356201171875,2025-12-15 20:03:19.469786
sh.600522,2022-06-21,2022-06-28,0.12249755859375,2025-12-15 20:03:19.469786
sh.600522,2022-06-22,2022-06-29,0.1348876953125,2025-12-15 20:03:19.469786
sh.600522,2022-06-23,2022-06-30,0.129638671875,2025-12-15 20:03:19.469786
sh.600522,2022-06-24,2022-07-01,0.1923828125,2025-12-15 20:03:19.469786
sh.600522,2022-06-27,2022-07-04,0.17724609375,2025-12-15 20:03:19.469786
sh.600522,2022-06-28,2022-07-05,0.1876220703125,2025-12-15 20:03:19.469786
sh.600522,2022-06-29,2022-07-06,0.1375732421875,2025-12-15 20:03:19.469786
sh.600522,2022-06-30,2022-07-07,0.156005859375,2025-12-15 20:03:19.469786
sh.600522,2022-07-01,2022-07-08,0.18212890625,2025-12-15 20:03:19.469786
sh.600522,2022-07-04,2022-07-11,0.179931640625,2025-12-15 20:03:19.469786
sh.600522,2022-07-05,2022-07-12,0.204345703125,2025-12-15 20:03:19.469786
sh.600522,2022-07-06,2022-07-13,0.132568359375,2025-12-15 20:03:19.469786
sh.600522,2022-07-07,2022-07-14,0.229248046875,2025-12-15 20:03:19.469786
sh.600522,2022-07-08,2022-07-15,0.196533203125,2025-12-15 20:03:19.469786
sh.600522,2022-07-11,2022-07-18,0.1519775390625,2025-12-15 20:03:19.469786
sh.600522,2022-07-12,2022-07-19,0.1556396484375,2025-12-15 20:03:19.469786
sh.600522,2022-07-13,2022-07-20,0.2144775390625,2025-12-15 20:03:19.469786
sh.600522,2022-07-14,2022-07-21,0.259521484375,2025-12-15 20:03:19.469786
sh.600522,2022-07-15,2022-07-22,0.206298828125,2025-12-15 20:03:19.469786
sh.600522,2022-07-18,2022-07-25,0.2252197265625,2025-12-15 20:03:19.469786
sh.600522,2022-07-19,2022-07-26,0.17333984375,2025-12-15 20:03:19.469786
sh.600522,2022-07-20,2022-07-27,0.21240234375,2025-12-15 20:03:19.469786
sh.600522,2022-07-21,2022-07-28,0.2039794921875,2025-12-15 20:03:19.469786
sh.600522,2022-07-22,2022-07-29,0.1937255859375,2025-12-15 20:03:19.469786
sh.600522,2022-07-25,2022-08-01,0.1556396484375,2025-12-15 20:03:19.469786
sh.600522,2022-07-26,2022-08-02,0.193603515625,2025-12-15 20:03:19.469786
sh.600522,2022-07-27,2022-08-03,0.2210693359375,2025-12-15 20:03:19.469786
sh.600522,2022-07-28,2022-08-04,0.143310546875,2025-12-15 20:03:19.469786
sh.600522,2022-07-29,2022-08-05,0.16357421875,2025-12-15 20:03:19.469786
sh.600522,2022-08-01,2022-08-08,0.1781005859375,2025-12-15 20:03:19.469786
sh.600522,2022-08-02,2022-08-09,0.141357421875,2025-12-15 20:03:19.469786
sh.600522,2022-08-03,2022-08-10,0.135986328125,2025-12-15 20:03:19.469786
sh.600522,2022-08-04,2022-08-11,0.163818359375,2025-12-15 20:03:19.469786
sh.600522,2022-08-05,2022-08-12,0.185546875,2025-12-15 20:03:19.469786
sh.600522,2022-08-08,2022-08-15,0.145751953125,2025-12-15 20:03:19.469786
sh.600522,2022-08-09,2022-08-16,0.18115234375,2025-12-15 20:03:19.469786
sh.600522,2022-08-10,2022-08-17,0.1322021484375,2025-12-15 20:03:19.469786
sh.600522,2022-08-11,2022-08-18,0.205810546875,2025-12-15 20:03:19.469786
sh.600522,2022-08-12,2022-08-19,0.184326171875,2025-12-15 20:03:19.469786
sh.600522,2022-08-15,2022-08-22,0.2161865234375,2025-12-15 20:03:19.469786
sh.600522,2022-08-16,2022-08-23,0.2705078125,2025-12-15 20:03:19.469786
sh.600522,2022-08-17,2022-08-24,0.2039794921875,2025-12-15 20:03:19.469786
sh.600522,2022-08-18,2022-08-25,0.267578125,2025-12-15 20:03:19.469786
sh.600522,2022-08-19,2022-08-26,0.1834716796875,2025-12-15 20:03:19.469786
sh.600522,2022-08-22,2022-08-29,0.312744140625,2025-12-15 20:03:19.469786
sh.600522,2022-08-23,2022-08-30,0.20751953125,2025-12-15 20:03:19.469786
sh.600522,2022-08-24,2022-08-31,0.1746826171875,2025-12-15 20:03:19.469786
sh.600522,2022-08-25,2022-09-01,0.1697998046875,2025-12-15 20:03:19.469786
sh.600522,2022-08-26,2022-09-02,0.1788330078125,2025-12-15 20:03:19.469786
sh.600522,2022-08-29,2022-09-05,0.224609375,2025-12-15 20:03:19.469786
sh.600522,2022-08-30,2022-09-06,0.173828125,2025-12-15 20:03:19.469786
sh.600522,2022-08-31,2022-09-07,0.146484375,2025-12-15 20:03:19.469786
sh.600522,2022-09-01,2022-09-08,0.226806640625,2025-12-15 20:03:19.469786
sh.600522,2022-09-02,2022-09-09,0.1695556640625,2025-12-15 20:03:19.469786
sh.600522,2022-09-05,2022-09-12,0.2342529296875,2025-12-15 20:03:19.469786
sh.600522,2022-09-06,2022-09-13,0.2333984375,2025-12-15 20:03:19.469786
sh.600522,2022-09-07,2022-09-14,0.2216796875,2025-12-15 20:03:19.469786
sh.600522,2022-09-08,2022-09-15,0.29736328125,2025-12-15 20:03:19.469786
sh.600522,2022-09-09,2022-09-16,0.2117919921875,2025-12-15 20:03:19.469786
sh.600522,2022-09-13,2022-09-20,0.2305908203125,2025-12-15 20:03:19.469786
sh.600522,2022-09-14,2022-09-21,0.150390625,2025-12-15 20:03:19.469786
sh.600522,2022-09-15,2022-09-22,0.158447265625,2025-12-15 20:03:19.469786
sh.600522,2022-09-16,2022-09-23,0.142578125,2025-12-15 20:03:19.469786
sh.600522,2022-09-19,2022-09-26,0.19677734375,2025-12-15 20:03:19.469786
sh.600522,2022-09-20,2022-09-27,0.2218017578125,2025-12-15 20:03:19.469786
sh.600522,2022-09-21,2022-09-28,0.18408203125,2025-12-15 20:03:19.469786
sh.600522,2022-09-22,2022-09-29,0.1646728515625,2025-12-15 20:03:19.469786
sh.600522,2022-09-23,2022-09-30,0.162109375,2025-12-15 20:03:19.469786
sh.600522,2022-09-26,2022-10-03,0.204345703125,2025-12-15 20:03:19.469786
sh.600522,2022-09-27,2022-10-04,0.18408203125,2025-12-15 20:03:19.469786
sh.600522,2022-09-28,2022-10-05,0.1551513671875,2025-12-15 20:03:19.469786
sh.600522,2022-09-29,2022-10-06,0.206787109375,2025-12-15 20:03:19.469786
sh.600522,2022-09-30,2022-10-07,0.1494140625,2025-12-15 20:03:19.469786
sh.600522,2022-10-10,2022-10-17,0.14111328125,2025-12-15 20:03:19.469786
sh.600522,2022-10-11,2022-10-18,0.2274169921875,2025-12-15 20:03:19.469786
sh.600522,2022-10-12,2022-10-19,0.275146484375,2025-12-15 20:03:19.469786
sh.600522,2022-10-13,2022-10-20,0.178955078125,2025-12-15 20:03:19.469786
sh.600522,2022-10-14,2022-10-21,0.2080078125,2025-12-15 20:03:19.469786
sh.600522,2022-10-17,2022-10-24,0.22802734375,2025-12-15 20:03:19.469786
sh.600522,2022-10-18,2022-10-25,0.2430419921875,2025-12-15 20:03:19.469786
sh.600522,2022-10-19,2022-10-26,0.1627197265625,2025-12-15 20:03:19.469786
sh.600522,2022-10-20,2022-10-27,0.169921875,2025-12-15 20:03:19.469786
sh.600522,2022-10-21,2022-10-28,0.271240234375,2025-12-15 20:03:19.469786
sh.600522,2022-10-24,2022-10-31,0.205078125,2025-12-15 20:03:19.469786
sh.600522,2022-10-25,2022-11-01,0.2059326171875,2025-12-15 20:03:19.469786
sh.600522,2022-10-26,2022-11-02,0.2015380859375,2025-12-15 20:03:19.469786
sh.600522,2022-10-27,2022-11-03,0.141357421875,2025-12-15 20:03:19.469786
sh.600522,2022-10-28,2022-11-04,0.1627197265625,2025-12-15 20:03:19.469786
sh.600522,2022-10-31,2022-11-07,0.1280517578125,2025-12-15 20:03:19.469786
sh.600522,2022-11-01,2022-11-08,0.1441650390625,2025-12-15 20:03:19.469786
sh.600522,2022-11-02,2022-11-09,0.15673828125,2025-12-15 20:03:19.469786
sh.600522,2022-11-03,2022-11-10,0.1121826171875,2025-12-15 20:03:19.469786
sh.600522,2022-11-04,2022-11-11,0.13623046875,2025-12-15 20:03:19.469786
sh.600522,2022-11-07,2022-11-14,0.1566162109375,2025-12-15 20:03:19.469786
sh.600522,2022-11-08,2022-11-15,0.312255859375,2025-12-15 20:03:19.469786
sh.600522,2022-11-09,2022-11-16,0.1671142578125,2025-12-15 20:03:19.469786
sh.600522,2022-11-10,2022-11-17,0.16064453125,2025-12-15 20:03:19.469786
sh.600522,2022-11-11,2022-11-18,0.171142578125,2025-12-15 20:03:19.469786
sh.600522,2022-11-14,2022-11-21,0.145751953125,2025-12-15 20:03:19.469786
sh.600522,2022-11-15,2022-11-22,0.321533203125,2025-12-15 20:03:19.469786
sh.600522,2022-11-16,2022-11-23,0.1513671875,2025-12-15 20:03:19.469786
sh.600522,2022-11-17,2022-11-24,0.149169921875,2025-12-15 20:03:19.469786
sh.600522,2022-11-18,2022-11-25,0.1434326171875,2025-12-15 20:03:19.469786
sh.600522,2022-11-21,2022-11-28,0.129150390625,2025-12-15 20:03:19.469786
sh.600522,2022-11-22,2022-11-29,0.1531982421875,2025-12-15 20:03:19.469786
sh.600522,2022-11-23,2022-11-30,0.12127685546875,2025-12-15 20:03:19.469786
sh.600522,2022-11-24,2022-12-01,0.12335205078125,2025-12-15 20:03:19.469786
sh.600522,2022-11-25,2022-12-02,0.419677734375,2025-12-15 20:03:19.469786
sh.600522,2022-11-28,2022-12-05,0.21435546875,2025-12-15 20:03:19.469786
sh.600522,2022-11-29,2022-12-06,0.11474609375,2025-12-15 20:03:19.469786
sh.600522,2022-11-30,2022-12-07,0.1500244140625,2025-12-15 20:03:19.469786
sh.600522,2022-12-01,2022-12-08,0.1187744140625,2025-12-15 20:03:19.469786
sh.600522,2022-12-02,2022-12-09,0.09893798828125,2025-12-15 20:03:19.469786
sh.600522,2022-12-05,2022-12-12,0.156494140625,2025-12-15 20:03:19.469786
sh.600522,2022-12-06,2022-12-13,0.15673828125,2025-12-15 20:03:19.469786
sh.600522,2022-12-07,2022-12-14,0.1717529296875,2025-12-15 20:03:19.469786
sh.600522,2022-12-08,2022-12-15,0.21044921875,2025-12-15 20:03:19.469786
sh.600522,2022-12-09,2022-12-16,0.1873779296875,2025-12-15 20:03:19.469786
sh.600522,2022-12-12,2022-12-19,0.1572265625,2025-12-15 20:03:19.469786
sh.600522,2022-12-13,2022-12-20,0.1837158203125,2025-12-15 20:03:19.469786
sh.600522,2022-12-14,2022-12-21,0.203857421875,2025-12-15 20:03:19.469786
sh.600522,2022-12-15,2022-12-22,0.364990234375,2025-12-15 20:03:19.469786
sh.600522,2022-12-16,2022-12-23,0.2242431640625,2025-12-15 20:03:19.469786
sh.600522,2022-12-19,2022-12-26,0.259033203125,2025-12-15 20:03:19.469786
sh.600522,2022-12-20,2022-12-27,0.36767578125,2025-12-15 20:03:19.469786
sh.600522,2022-12-21,2022-12-28,0.2144775390625,2025-12-15 20:03:19.469786
sh.600522,2022-12-22,2022-12-29,0.2137451171875,2025-12-15 20:03:19.469786
sh.600522,2022-12-23,2022-12-30,0.356201171875,2025-12-15 20:03:19.469786
sh.600522,2022-12-26,2023-01-02,0.370849609375,2025-12-15 20:03:19.469786
sh.600522,2022-12-27,2023-01-03,0.246337890625,2025-12-15 20:03:19.469786
sh.600522,2022-12-28,2023-01-04,0.11126708984375,2025-12-15 20:03:19.469786
sh.600522,2022-12-29,2023-01-05,0.1513671875,2025-12-15 20:03:19.469786
sh.600522,2022-12-30,2023-01-06,0.138671875,2025-12-15 20:03:19.469786
sh.600522,2023-01-03,2023-01-10,0.1822509765625,2025-12-15 20:03:19.469786
sh.600522,2023-01-04,2023-01-11,0.1448974609375,2025-12-15 20:03:19.469786
sh.600522,2023-01-05,2023-01-12,0.1656494140625,2025-12-15 20:03:19.469786
sh.600522,2023-01-06,2023-01-13,0.11419677734375,2025-12-15 20:03:19.469786
sh.600522,2023-01-09,2023-01-16,0.10650634765625,2025-12-15 20:03:19.469786
sh.600522,2023-01-10,2023-01-17,0.1217041015625,2025-12-15 20:03:19.469786
sh.600522,2023-01-11,2023-01-18,0.145263671875,2025-12-15 20:03:19.469786
sh.600522,2023-01-12,2023-01-19,0.09844970703125,2025-12-15 20:03:19.469786
sh.600522,2023-01-13,2023-01-20,0.145751953125,2025-12-15 20:03:19.469786
sh.600522,2023-01-16,2023-01-23,0.15576171875,2025-12-15 20:03:19.469786
sh.600522,2023-01-17,2023-01-24,0.168212890625,2025-12-15 20:03:19.469786
sh.600522,2023-01-18,2023-01-25,0.1610107421875,2025-12-15 20:03:19.469786
sh.600522,2023-01-19,2023-01-26,0.1392822265625,2025-12-15 20:03:19.469786
sh.600522,2023-01-20,2023-01-27,0.296142578125,2025-12-15 20:03:19.469786
sh.600522,2023-01-30,2023-02-06,0.2017822265625,2025-12-15 20:03:19.469786
sh.600522,2023-01-31,2023-02-07,0.092041015625,2025-12-15 20:03:19.469786
sh.600522,2023-02-01,2023-02-08,0.1798095703125,2025-12-15 20:03:19.469786
sh.600522,2023-02-02,2023-02-09,0.14404296875,2025-12-15 20:03:19.469786
sh.600522,2023-02-03,2023-02-10,0.1591796875,2025-12-15 20:03:19.469786
sh.600522,2023-02-06,2023-02-13,0.32177734375,2025-12-15 20:03:19.469786
sh.600522,2023-02-07,2023-02-14,0.277587890625,2025-12-15 20:03:19.469786
sh.600522,2023-02-08,2023-02-15,0.374755859375,2025-12-15 20:03:19.469786
sh.600522,2023-02-09,2023-02-16,0.2078857421875,2025-12-15 20:03:19.469786
sh.600522,2023-02-10,2023-02-17,0.2020263671875,2025-12-15 20:03:19.469786
sh.600522,2023-02-13,2023-02-20,0.2978515625,2025-12-15 20:03:19.469786
sh.600522,2023-02-14,2023-02-21,0.29833984375,2025-12-15 20:03:19.469786
sh.600522,2023-02-15,2023-02-22,0.22900390625,2025-12-15 20:03:19.469786
sh.600522,2023-02-16,2023-02-23,0.16748046875,2025-12-15 20:03:19.469786
sh.600522,2023-02-17,2023-02-24,0.2271728515625,2025-12-15 20:03:19.469786
sh.600522,2023-02-20,2023-02-27,0.3876953125,2025-12-15 20:03:19.469786
sh.600522,2023-02-21,2023-02-28,0.27734375,2025-12-15 20:03:19.469786
sh.600522,2023-02-22,2023-03-01,0.28515625,2025-12-15 20:03:19.469786
sh.600522,2023-02-23,2023-03-02,0.30419921875,2025-12-15 20:03:19.469786
sh.600522,2023-02-24,2023-03-03,0.230712890625,2025-12-15 20:03:19.469786
sh.600522,2023-02-27,2023-03-06,0.135009765625,2025-12-15 20:03:19.469786
sh.600522,2023-02-28,2023-03-07,0.1673583984375,2025-12-15 20:03:19.469786
sh.600522,2023-03-01,2023-03-08,0.247314453125,2025-12-15 20:03:19.469786
sh.600522,2023-03-02,2023-03-09,0.1513671875,2025-12-15 20:03:19.469786
sh.600522,2023-03-03,2023-03-10,0.160400390625,2025-12-15 20:03:19.469786
sh.600522,2023-03-06,2023-03-13,0.20068359375,2025-12-15 20:03:19.469786
sh.600522,2023-03-07,2023-03-14,0.138427734375,2025-12-15 20:03:19.469786
sh.600522,2023-03-08,2023-03-15,0.165771484375,2025-12-15 20:03:19.469786
sh.600522,2023-03-09,2023-03-16,0.1405029296875,2025-12-15 20:03:19.469786
sh.600522,2023-03-10,2023-03-17,0.1375732421875,2025-12-15 20:03:19.469786
sh.600522,2023-03-13,2023-03-20,0.1163330078125,2025-12-15 20:03:19.469786
sh.600522,2023-03-14,2023-03-21,0.1251220703125,2025-12-15 20:03:19.469786
sh.600522,2023-03-15,2023-03-22,0.136962890625,2025-12-15 20:03:19.469786
sh.600522,2023-03-16,2023-03-23,0.1175537109375,2025-12-15 20:03:19.469786
sh.600522,2023-03-17,2023-03-24,0.1336669921875,2025-12-15 20:03:19.469786
sh.600522,2023-03-20,2023-03-27,0.254150390625,2025-12-15 20:03:19.469786
sh.600522,2023-03-21,2023-03-28,0.1827392578125,2025-12-15 20:03:19.469786
sh.600522,2023-03-22,2023-03-29,0.1900634765625,2025-12-15 20:03:19.469786
sh.600522,2023-03-23,2023-03-30,0.157958984375,2025-12-15 20:03:19.469786
sh.600522,2023-03-24,2023-03-31,0.145263671875,2025-12-15 20:03:19.469786
sh.600522,2023-03-27,2023-04-03,0.2327880859375,2025-12-15 20:03:19.469786
sh.600522,2023-03-28,2023-04-04,0.1617431640625,2025-12-15 20:03:19.469786
sh.600522,2023-03-29,2023-04-05,0.140869140625,2025-12-15 20:03:19.469786
sh.600522,2023-03-30,2023-04-06,0.181640625,2025-12-15 20:03:19.469786
sh.600522,2023-03-31,2023-04-07,0.224853515625,2025-12-15 20:03:19.469786
sh.600522,2023-04-03,2023-04-10,0.196044921875,2025-12-15 20:03:19.469786
sh.600522,2023-04-04,2023-04-11,0.169189453125,2025-12-15 20:03:19.469786
sh.600522,2023-04-06,2023-04-13,0.223388671875,2025-12-15 20:03:19.469786
sh.600522,2023-04-07,2023-04-14,0.1737060546875,2025-12-15 20:03:19.469786
sh.600522,2023-04-10,2023-04-17,0.1571044921875,2025-12-15 20:03:19.469786
sh.600522,2023-04-11,2023-04-18,0.2108154296875,2025-12-15 20:03:19.469786
sh.600522,2023-04-12,2023-04-19,0.1868896484375,2025-12-15 20:03:19.469786
sh.600522,2023-04-13,2023-04-20,0.14794921875,2025-12-15 20:03:19.469786
sh.600522,2023-04-14,2023-04-21,0.138427734375,2025-12-15 20:03:19.469786
sh.600522,2023-04-17,2023-04-24,0.1614990234375,2025-12-15 20:03:19.469786
sh.600522,2023-04-18,2023-04-25,0.1893310546875,2025-12-15 20:03:19.469786
sh.600522,2023-04-19,2023-04-26,0.1572265625,2025-12-15 20:03:19.469786
sh.600522,2023-04-20,2023-04-27,0.1566162109375,2025-12-15 20:03:19.469786
sh.600522,2023-04-21,2023-04-28,0.1380615234375,2025-12-15 20:03:19.469786
sh.600522,2023-04-24,2023-05-01,0.07708740234375,2025-12-15 20:03:19.469786
sh.600522,2023-04-25,2023-05-02,0.13037109375,2025-12-15 20:03:19.469786
sh.600522,2023-04-26,2023-05-03,0.0855712890625,2025-12-15 20:03:19.469786
sh.600522,2023-04-27,2023-05-04,0.1324462890625,2025-12-15 20:03:19.469786
sh.600522,2023-04-28,2023-05-05,0.1346435546875,2025-12-15 20:03:19.469786
sh.600522,2023-05-04,2023-05-11,0.129150390625,2025-12-15 20:03:19.469786
sh.600522,2023-05-05,2023-05-12,0.1597900390625,2025-12-15 20:03:19.469786
sh.600522,2023-05-08,2023-05-15,0.24853515625,2025-12-15 20:03:19.469786
sh.600522,2023-05-09,2023-05-16,0.2481689453125,2025-12-15 20:03:19.469786
sh.600522,2023-05-10,2023-05-17,0.2447509765625,2025-12-15 20:03:19.469786
sh.600522,2023-05-11,2023-05-18,0.1268310546875,2025-12-15 20:03:19.469786
sh.600522,2023-05-12,2023-05-19,0.134033203125,2025-12-15 20:03:19.469786
sh.600522,2023-05-15,2023-05-22,0.07080078125,2025-12-15 20:03:19.469786
sh.600522,2023-05-16,2023-05-23,0.1529541015625,2025-12-15 20:03:19.469786
sh.600522,2023-05-17,2023-05-24,0.124755859375,2025-12-15 20:03:19.469786
sh.600522,2023-05-18,2023-05-25,0.10760498046875,2025-12-15 20:03:19.469786
sh.600522,2023-05-19,2023-05-26,0.107421875,2025-12-15 20:03:19.469786
sh.600522,2023-05-22,2023-05-29,0.1190185546875,2025-12-15 20:03:19.469786
sh.600522,2023-05-23,2023-05-30,0.1375732421875,2025-12-15 20:03:19.469786
sh.600522,2023-05-24,2023-05-31,0.1195068359375,2025-12-15 20:03:19.469786
sh.600522,2023-05-25,2023-06-01,0.110107421875,2025-12-15 20:03:19.469786
sh.600522,2023-05-26,2023-06-02,0.129638671875,2025-12-15 20:03:19.469786
sh.600522,2023-05-29,2023-06-05,0.1298828125,2025-12-15 20:03:19.469786
sh.600522,2023-05-30,2023-06-06,0.13134765625,2025-12-15 20:03:19.469786
sh.600522,2023-05-31,2023-06-07,0.1656494140625,2025-12-15 20:03:19.469786
sh.600522,2023-06-01,2023-06-08,0.0765380859375,2025-12-15 20:03:19.469786
sh.600522,2023-06-02,2023-06-09,0.089599609375,2025-12-15 20:03:19.469786
sh.600522,2023-06-05,2023-06-12,0.107421875,2025-12-15 20:03:19.469786
sh.600522,2023-06-06,2023-06-13,0.1275634765625,2025-12-15 20:03:19.469786
sh.600522,2023-06-07,2023-06-14,0.126708984375,2025-12-15 20:03:19.469786
sh.600522,2023-06-08,2023-06-15,0.1463623046875,2025-12-15 20:03:19.469786
sh.600522,2023-06-09,2023-06-16,0.161376953125,2025-12-15 20:03:19.469786
sh.600522,2023-06-12,2023-06-19,0.12451171875,2025-12-15 20:03:19.469786
sh.600522,2023-06-13,2023-06-20,0.158447265625,2025-12-15 20:03:19.469786
sh.600522,2023-06-14,2023-06-21,0.12054443359375,2025-12-15 20:03:19.469786
sh.600522,2023-06-15,2023-06-22,0.09039306640625,2025-12-15 20:03:19.469786
sh.600522,2023-06-16,2023-06-23,0.10174560546875,2025-12-15 20:03:19.469786
sh.600522,2023-06-19,2023-06-26,0.1336669921875,2025-12-15 20:03:19.469786
sh.600522,2023-06-20,2023-06-27,0.15478515625,2025-12-15 20:03:19.469786
sh.600522,2023-06-21,2023-06-28,0.139404296875,2025-12-15 20:03:19.469786
sh.600522,2023-06-26,2023-07-03,0.08135986328125,2025-12-15 20:03:19.469786
sh.600522,2023-06-27,2023-07-04,0.1328125,2025-12-15 20:03:19.469786
sh.600522,2023-06-28,2023-07-05,0.1455078125,2025-12-15 20:03:19.469786
sh.600522,2023-06-29,2023-07-06,0.13427734375,2025-12-15 20:03:19.469786
sh.600522,2023-06-30,2023-07-07,0.092041015625,2025-12-15 20:03:19.469786
sh.600522,2023-07-03,2023-07-10,0.1424560546875,2025-12-15 20:03:19.469786
sh.600522,2023-07-04,2023-07-11,0.136962890625,2025-12-15 20:03:19.469786
sh.600522,2023-07-05,2023-07-12,0.138916015625,2025-12-15 20:03:19.469786
sh.600522,2023-07-06,2023-07-13,0.139404296875,2025-12-15 20:03:19.469786
sh.600522,2023-07-07,2023-07-14,0.1397705078125,2025-12-15 20:03:19.469786
sh.600522,2023-07-10,2023-07-17,0.11737060546875,2025-12-15 20:03:19.469786
sh.600522,2023-07-11,2023-07-18,0.1749267578125,2025-12-15 20:03:19.469786
sh.600522,2023-07-12,2023-07-19,0.1282958984375,2025-12-15 20:03:19.469786
sh.600522,2023-07-13,2023-07-20,0.135498046875,2025-12-15 20:03:19.469786
sh.600522,2023-07-14,2023-07-21,0.12432861328125,2025-12-15 20:03:19.469786
sh.600522,2023-07-17,2023-07-24,0.20703125,2025-12-15 20:03:19.469786
sh.600522,2023-07-18,2023-07-25,0.141845703125,2025-12-15 20:03:19.469786
sh.600522,2023-07-19,2023-07-26,0.1324462890625,2025-12-15 20:03:19.469786
sh.600522,2023-07-20,2023-07-27,0.1358642578125,2025-12-15 20:03:19.469786
sh.600522,2023-07-21,2023-07-28,0.11163330078125,2025-12-15 20:03:19.469786
sh.600522,2023-07-24,2023-07-31,0.11260986328125,2025-12-15 20:03:19.469786
sh.600522,2023-07-25,2023-08-01,0.1484375,2025-12-15 20:03:19.469786
sh.600522,2023-07-26,2023-08-02,0.11859130859375,2025-12-15 20:03:19.469786
sh.600522,2023-07-27,2023-08-03,0.132080078125,2025-12-15 20:03:19.469786
sh.600522,2023-07-28,2023-08-04,0.145263671875,2025-12-15 20:03:19.469786
sh.600522,2023-07-31,2023-08-07,0.145263671875,2025-12-15 20:03:19.469786
sh.600522,2023-08-01,2023-08-08,0.130859375,2025-12-15 20:03:19.469786
sh.600522,2023-08-02,2023-08-09,0.11456298828125,2025-12-15 20:03:19.469786
sh.600522,2023-08-03,2023-08-10,0.1336669921875,2025-12-15 20:03:19.469786
sh.600522,2023-08-04,2023-08-11,0.08831787109375,2025-12-15 20:03:19.469786
sh.600522,2023-08-07,2023-08-14,0.1251220703125,2025-12-15 20:03:19.469786
sh.600522,2023-08-08,2023-08-15,0.1251220703125,2025-12-15 20:03:19.469786
sh.600522,2023-08-09,2023-08-16,0.1285400390625,2025-12-15 20:03:19.469786
sh.600522,2023-08-10,2023-08-17,0.11297607421875,2025-12-15 20:03:19.469786
sh.600522,2023-08-11,2023-08-18,0.13427734375,2025-12-15 20:03:19.469786
sh.600522,2023-08-14,2023-08-21,0.1298828125,2025-12-15 20:03:19.469786
sh.600522,2023-08-15,2023-08-22,0.1295166015625,2025-12-15 20:03:19.469786
sh.600522,2023-08-16,2023-08-23,0.161376953125,2025-12-15 20:03:19.469786
sh.600522,2023-08-17,2023-08-24,0.216796875,2025-12-15 20:03:19.469786
sh.600522,2023-08-18,2023-08-25,0.1533203125,2025-12-15 20:03:19.469786
sh.600522,2023-08-21,2023-08-28,0.18505859375,2025-12-15 20:03:19.469786
sh.600522,2023-08-22,2023-08-29,0.160400390625,2025-12-15 20:03:19.469786
sh.600522,2023-08-23,2023-08-30,0.269775390625,2025-12-15 20:03:19.469786
sh.600522,2023-08-24,2023-08-31,0.3603515625,2025-12-15 20:03:19.469786
sh.600522,2023-08-25,2023-09-01,0.338623046875,2025-12-15 20:03:19.469786
sh.600522,2023-08-28,2023-09-04,0.1890869140625,2025-12-15 20:03:19.469786
sh.600522,2023-08-29,2023-09-05,0.324462890625,2025-12-15 20:03:19.469786
sh.600522,2023-08-30,2023-09-06,0.09185791015625,2025-12-15 20:03:19.469786
sh.600522,2023-08-31,2023-09-07,0.11065673828125,2025-12-15 20:03:19.469786
sh.600522,2023-09-01,2023-09-08,0.158935546875,2025-12-15 20:03:19.469786
sh.600522,2023-09-04,2023-09-11,0.219970703125,2025-12-15 20:03:19.469786
sh.600522,2023-09-05,2023-09-12,0.1259765625,2025-12-15 20:03:19.469786
sh.600522,2023-09-06,2023-09-13,0.17724609375,2025-12-15 20:03:19.469786
sh.600522,2023-09-07,2023-09-14,0.156982421875,2025-12-15 20:03:19.469786
sh.600522,2023-09-08,2023-09-15,0.2042236328125,2025-12-15 20:03:19.469786
sh.600522,2023-09-11,2023-09-18,0.1917724609375,2025-12-15 20:03:19.469786
sh.600522,2023-09-12,2023-09-19,0.19091796875,2025-12-15 20:03:19.469786
sh.600522,2023-09-13,2023-09-20,0.1669921875,2025-12-15 20:03:19.469786
sh.600522,2023-09-14,2023-09-21,0.1419677734375,2025-12-15 20:03:19.469786
sh.600522,2023-09-15,2023-09-22,0.154052734375,2025-12-15 20:03:19.469786
sh.600522,2023-09-18,2023-09-25,0.1798095703125,2025-12-15 20:03:19.469786
sh.600522,2023-09-19,2023-09-26,0.1669921875,2025-12-15 20:03:19.469786
sh.600522,2023-09-20,2023-09-27,0.1796875,2025-12-15 20:03:19.469786
sh.600522,2023-09-21,2023-09-28,0.1395263671875,2025-12-15 20:03:19.469786
sh.600522,2023-09-22,2023-09-29,0.22607421875,2025-12-15 20:03:19.469786
sh.600522,2023-09-25,2023-10-02,0.1678466796875,2025-12-15 20:03:19.469786
sh.600522,2023-09-26,2023-10-03,0.12066650390625,2025-12-15 20:03:19.469786
sh.600522,2023-09-27,2023-10-04,0.2178955078125,2025-12-15 20:03:19.469786
sh.600522,2023-09-28,2023-10-05,0.168212890625,2025-12-15 20:03:19.469786
sh.600522,2023-10-09,2023-10-16,0.1650390625,2025-12-15 20:03:19.469786
sh.600522,2023-10-10,2023-10-17,0.1494140625,2025-12-15 20:03:19.469786
sh.600522,2023-10-11,2023-10-18,0.1566162109375,2025-12-15 20:03:19.469786
sh.600522,2023-10-12,2023-10-19,0.1588134765625,2025-12-15 20:03:19.469786
sh.600522,2023-10-13,2023-10-20,0.282958984375,2025-12-15 20:03:19.469786
sh.600522,2023-10-16,2023-10-23,0.1678466796875,2025-12-15 20:03:19.469786
sh.600522,2023-10-17,2023-10-24,0.2489013671875,2025-12-15 20:03:19.469786
sh.600522,2023-10-18,2023-10-25,0.1900634765625,2025-12-15 20:03:19.469786
sh.600522,2023-10-19,2023-10-26,0.176513671875,2025-12-15 20:03:19.469786
sh.600522,2023-10-20,2023-10-27,0.1361083984375,2025-12-15 20:03:19.469786
sh.600522,2023-10-23,2023-10-30,0.12890625,2025-12-15 20:03:19.469786
sh.600522,2023-10-24,2023-10-31,0.2091064453125,2025-12-15 20:03:19.469786
sh.600522,2023-10-25,2023-11-01,0.12451171875,2025-12-15 20:03:19.469786
sh.600522,2023-10-26,2023-11-02,0.18994140625,2025-12-15 20:03:19.469786
sh.600522,2023-10-27,2023-11-03,0.150146484375,2025-12-15 20:03:19.469786
sh.600522,2023-10-30,2023-11-06,0.169677734375,2025-12-15 20:03:19.469786
sh.600522,2023-10-31,2023-11-07,0.1395263671875,2025-12-15 20:03:19.469786
sh.600522,2023-11-01,2023-11-08,0.1163330078125,2025-12-15 20:03:19.469786
sh.600522,2023-11-02,2023-11-09,0.1455078125,2025-12-15 20:03:19.469786
sh.600522,2023-11-03,2023-11-10,0.203125,2025-12-15 20:03:19.469786
sh.600522,2023-11-06,2023-11-13,0.1898193359375,2025-12-15 20:03:19.469786
sh.600522,2023-11-07,2023-11-14,0.244384765625,2025-12-15 20:03:19.469786
sh.600522,2023-11-08,2023-11-15,0.177490234375,2025-12-15 20:03:19.469786
sh.600522,2023-11-09,2023-11-16,0.27197265625,2025-12-15 20:03:19.469786
sh.600522,2023-11-10,2023-11-17,0.190673828125,2025-12-15 20:03:19.469786
sh.600522,2023-11-13,2023-11-20,0.1495361328125,2025-12-15 20:03:19.469786
sh.600522,2023-11-14,2023-11-21,0.2335205078125,2025-12-15 20:03:19.469786
sh.600522,2023-11-15,2023-11-22,0.2183837890625,2025-12-15 20:03:19.469786
sh.600522,2023-11-16,2023-11-23,0.173095703125,2025-12-15 20:03:19.469786
sh.600522,2023-11-17,2023-11-24,0.257080078125,2025-12-15 20:03:19.469786
sh.600522,2023-11-20,2023-11-27,0.296875,2025-12-15 20:03:19.469786
sh.600522,2023-11-21,2023-11-28,0.158447265625,2025-12-15 20:03:19.469786
sh.600522,2023-11-22,2023-11-29,0.1533203125,2025-12-15 20:03:19.469786
sh.600522,2023-11-23,2023-11-30,0.279296875,2025-12-15 20:03:19.469786
sh.600522,2023-11-24,2023-12-01,0.1663818359375,2025-12-15 20:03:19.469786
sh.600522,2023-11-27,2023-12-04,0.169677734375,2025-12-15 20:03:19.469786
sh.600522,2023-11-28,2023-12-05,0.159423828125,2025-12-15 20:03:19.469786
sh.600522,2023-11-29,2023-12-06,0.141357421875,2025-12-15 20:03:19.469786
sh.600522,2023-11-30,2023-12-07,0.132568359375,2025-12-15 20:03:19.469786
sh.600522,2023-12-01,2023-12-08,0.1328125,2025-12-15 20:03:19.469786
sh.600522,2023-12-04,2023-12-11,0.14306640625,2025-12-15 20:03:19.469786
sh.600522,2023-12-05,2023-12-12,0.1282958984375,2025-12-15 20:03:19.469786
sh.600522,2023-12-06,2023-12-13,0.11920166015625,2025-12-15 20:03:19.469786
sh.600522,2023-12-07,2023-12-14,0.1357421875,2025-12-15 20:03:19.469786
sh.600522,2023-12-08,2023-12-15,0.1292724609375,2025-12-15 20:03:19.469786
sh.600522,2023-12-11,2023-12-18,0.14306640625,2025-12-15 20:03:19.469786
sh.600522,2023-12-12,2023-12-19,0.110107421875,2025-12-15 20:03:19.469786
sh.600522,2023-12-13,2023-12-20,0.133056640625,2025-12-15 20:03:19.469786
sh.600522,2023-12-14,2023-12-21,0.1463623046875,2025-12-15 20:03:19.469786
sh.600522,2023-12-15,2023-12-22,0.1376953125,2025-12-15 20:03:19.469786
sh.600522,2023-12-18,2023-12-25,0.1484375,2025-12-15 20:03:19.469786
sh.600522,2023-12-19,2023-12-26,0.2109375,2025-12-15 20:03:19.469786
sh.600522,2023-12-20,2023-12-27,0.2548828125,2025-12-15 20:03:19.469786
sh.600522,2023-12-21,2023-12-28,0.306640625,2025-12-15 20:03:19.469786
sh.600522,2023-12-22,2023-12-29,0.28857421875,2025-12-15 20:03:19.469786
sh.600522,2023-12-25,2024-01-01,0.479736328125,2025-12-15 20:03:19.469786
sh.600522,2023-12-26,2024-01-02,0.2327880859375,2025-12-15 20:03:19.469786
sh.600522,2023-12-27,2024-01-03,0.37841796875,2025-12-15 20:03:19.469786
sh.600522,2023-12-28,2024-01-04,0.2127685546875,2025-12-15 20:03:19.469786
sh.600522,2023-12-29,2024-01-05,0.082275390625,2025-12-15 20:03:19.469786
sh.600522,2024-01-02,2024-01-09,0.138916015625,2025-12-15 20:03:19.469786
sh.600522,2024-01-03,2024-01-10,0.1253662109375,2025-12-15 20:03:19.469786
sh.600522,2024-01-04,2024-01-11,0.15869140625,2025-12-15 20:03:19.469786
sh.600522,2024-01-05,2024-01-12,0.156005859375,2025-12-15 20:03:19.469786
sh.600522,2024-01-08,2024-01-15,0.2122802734375,2025-12-15 20:03:19.469786
sh.600522,2024-01-09,2024-01-16,0.25634765625,2025-12-15 20:03:19.469786
sh.600522,2024-01-10,2024-01-17,0.29833984375,2025-12-15 20:03:19.469786
sh.600522,2024-01-11,2024-01-18,0.346923828125,2025-12-15 20:03:19.469786
sh.600522,2024-01-12,2024-01-19,0.329833984375,2025-12-15 20:03:19.469786
sh.600522,2024-01-15,2024-01-22,0.348388671875,2025-12-15 20:03:19.469786
sh.600522,2024-01-16,2024-01-23,0.11737060546875,2025-12-15 20:03:19.469786
sh.600522,2024-01-17,2024-01-24,0.1627197265625,2025-12-15 20:03:19.469786
sh.600522,2024-01-18,2024-01-25,0.2474365234375,2025-12-15 20:03:19.469786
sh.600522,2024-01-19,2024-01-26,0.1240234375,2025-12-15 20:03:19.469786
sh.600522,2024-01-22,2024-01-29,0.164794921875,2025-12-15 20:03:19.469786
sh.600522,2024-01-23,2024-01-30,0.26513671875,2025-12-15 20:03:19.469786
sh.600522,2024-01-24,2024-01-31,0.124755859375,2025-12-15 20:03:19.469786
sh.600522,2024-01-25,2024-02-01,0.1041259765625,2025-12-15 20:03:19.469786
sh.600522,2024-01-26,2024-02-02,0.144287109375,2025-12-15 20:03:19.469786
sh.600522,2024-01-29,2024-02-05,0.1480712890625,2025-12-15 20:03:19.469786
sh.600522,2024-01-30,2024-02-06,0.1763916015625,2025-12-15 20:03:19.469786
sh.600522,2024-01-31,2024-02-07,0.1829833984375,2025-12-15 20:03:19.469786
sh.600522,2024-02-01,2024-02-08,0.2120361328125,2025-12-15 20:03:19.469786
sh.600522,2024-02-02,2024-02-09,0.167724609375,2025-12-15 20:03:19.469786
sh.600522,2024-02-05,2024-02-12,0.27099609375,2025-12-15 20:03:19.469786
sh.600522,2024-02-06,2024-02-13,0.24658203125,2025-12-15 20:03:19.469786
sh.600522,2024-02-07,2024-02-14,0.2100830078125,2025-12-15 20:03:19.469786
sh.600522,2024-02-08,2024-02-15,0.363525390625,2025-12-15 20:03:19.469786
sh.600522,2024-02-19,2024-02-26,0.11578369140625,2025-12-15 20:03:19.469786
sh.600522,2024-02-20,2024-02-27,0.115966796875,2025-12-15 20:03:19.469786
sh.600522,2024-02-21,2024-02-28,0.0753173828125,2025-12-15 20:03:19.469786
sh.600522,2024-02-22,2024-02-29,0.10858154296875,2025-12-15 20:03:19.469786
sh.600522,2024-02-23,2024-03-01,0.1466064453125,2025-12-15 20:03:19.469786
sh.600522,2024-02-26,2024-03-04,0.1392822265625,2025-12-15 20:03:19.469786
sh.600522,2024-02-27,2024-03-05,0.39208984375,2025-12-15 20:03:19.469786
sh.600522,2024-02-28,2024-03-06,0.1298828125,2025-12-15 20:03:19.469786
sh.600522,2024-02-29,2024-03-07,0.415283203125,2025-12-15 20:03:19.469786
sh.600522,2024-03-01,2024-03-08,0.120849609375,2025-12-15 20:03:19.469786
sh.600522,2024-03-04,2024-03-11,0.13623046875,2025-12-15 20:03:19.469786
sh.600522,2024-03-05,2024-03-12,0.1378173828125,2025-12-15 20:03:19.469786
sh.600522,2024-03-06,2024-03-13,0.1976318359375,2025-12-15 20:03:19.469786
sh.600522,2024-03-07,2024-03-14,0.1383056640625,2025-12-15 20:03:19.469786
sh.600522,2024-03-08,2024-03-15,0.338623046875,2025-12-15 20:03:19.469786
sh.600522,2024-03-11,2024-03-18,0.19287109375,2025-12-15 20:03:19.469786
sh.600522,2024-03-12,2024-03-19,0.12548828125,2025-12-15 20:03:19.469786
sh.600522,2024-03-13,2024-03-20,0.134765625,2025-12-15 20:03:19.469786
sh.600522,2024-03-14,2024-03-21,0.24658203125,2025-12-15 20:03:19.469786
sh.600522,2024-03-15,2024-03-22,0.1419677734375,2025-12-15 20:03:19.469786
sh.600522,2024-03-18,2024-03-25,0.28369140625,2025-12-15 20:03:19.469786
sh.600522,2024-03-19,2024-03-26,0.2034912109375,2025-12-15 20:03:19.469786
sh.600522,2024-03-20,2024-03-27,0.1744384765625,2025-12-15 20:03:19.469786
sh.600522,2024-03-21,2024-03-28,0.2578125,2025-12-15 20:03:19.469786
sh.600522,2024-03-22,2024-03-29,0.1868896484375,2025-12-15 20:03:19.469786
sh.600522,2024-03-25,2024-04-01,0.1292724609375,2025-12-15 20:03:19.469786
sh.600522,2024-03-26,2024-04-02,0.12261962890625,2025-12-15 20:03:19.469786
sh.600522,2024-03-27,2024-04-03,0.1307373046875,2025-12-15 20:03:19.469786
sh.600522,2024-03-28,2024-04-04,0.13037109375,2025-12-15 20:03:19.469786
sh.600522,2024-03-29,2024-04-05,0.12646484375,2025-12-15 20:03:19.469786
sh.600522,2024-04-01,2024-04-08,0.11163330078125,2025-12-15 20:03:19.469786
sh.600522,2024-04-02,2024-04-09,0.12127685546875,2025-12-15 20:03:19.469786
sh.600522,2024-04-03,2024-04-10,0.1318359375,2025-12-15 20:03:19.469786
sh.600522,2024-04-08,2024-04-15,0.09515380859375,2025-12-15 20:03:19.469786
sh.600522,2024-04-09,2024-04-16,0.143798828125,2025-12-15 20:03:19.469786
sh.600522,2024-04-10,2024-04-17,0.1424560546875,2025-12-15 20:03:19.469786
sh.600522,2024-04-11,2024-04-18,0.19482421875,2025-12-15 20:03:19.469786
sh.600522,2024-04-12,2024-04-19,0.0880126953125,2025-12-15 20:03:19.469786
sh.600522,2024-04-15,2024-04-22,0.090087890625,2025-12-15 20:03:19.469786
sh.600522,2024-04-16,2024-04-23,0.12158203125,2025-12-15 20:03:19.469786
sh.600522,2024-04-17,2024-04-24,0.0975341796875,2025-12-15 20:03:19.469786
sh.600522,2024-04-18,2024-04-25,0.149169921875,2025-12-15 20:03:19.469786
sh.600522,2024-04-19,2024-04-26,0.1834716796875,2025-12-15 20:03:19.469786
sh.600522,2024-04-22,2024-04-29,0.382080078125,2025-12-15 20:03:19.469786
sh.600522,2024-04-23,2024-04-30,0.40869140625,2025-12-15 20:03:19.469786
sh.600522,2024-04-24,2024-05-01,0.384521484375,2025-12-15 20:03:19.469786
sh.600522,2024-04-25,2024-05-02,0.248046875,2025-12-15 20:03:19.469786
sh.600522,2024-04-26,2024-05-03,0.259521484375,2025-12-15 20:03:19.469786
sh.600522,2024-04-29,2024-05-06,0.242431640625,2025-12-15 20:03:19.469786
sh.600522,2024-04-30,2024-05-07,0.10504150390625,2025-12-15 20:03:19.469786
sh.600522,2024-05-06,2024-05-13,0.08197021484375,2025-12-15 20:03:19.469786
sh.600522,2024-05-07,2024-05-14,0.13916015625,2025-12-15 20:03:19.469786
sh.600522,2024-05-08,2024-05-15,0.08331298828125,2025-12-15 20:03:19.469786
sh.600522,2024-05-09,2024-05-16,0.1922607421875,2025-12-15 20:03:19.469786
sh.600522,2024-05-10,2024-05-17,0.114990234375,2025-12-15 20:03:19.469786
sh.600522,2024-05-13,2024-05-20,0.123046875,2025-12-15 20:03:19.469786
sh.600522,2024-05-14,2024-05-21,0.1602783203125,2025-12-15 20:03:19.469786
sh.600522,2024-05-15,2024-05-22,0.13232421875,2025-12-15 20:03:19.469786
sh.600522,2024-05-16,2024-05-23,0.08978271484375,2025-12-15 20:03:19.469786
sh.600522,2024-05-17,2024-05-24,0.136962890625,2025-12-15 20:03:19.469786
sh.600522,2024-05-20,2024-05-27,0.1513671875,2025-12-15 20:03:19.469786
sh.600522,2024-05-21,2024-05-28,0.147705078125,2025-12-15 20:03:19.469786
sh.600522,2024-05-22,2024-05-29,0.136474609375,2025-12-15 20:03:19.469786
sh.600522,2024-05-23,2024-05-30,0.13916015625,2025-12-15 20:03:19.469786
sh.600522,2024-05-24,2024-05-31,0.0867919921875,2025-12-15 20:03:19.469786
sh.600522,2024-05-27,2024-06-03,0.2298583984375,2025-12-15 20:03:19.469786
sh.600522,2024-05-28,2024-06-04,0.10687255859375,2025-12-15 20:03:19.469786
sh.600522,2024-05-29,2024-06-05,0.1134033203125,2025-12-15 20:03:19.469786
sh.600522,2024-05-30,2024-06-06,0.172119140625,2025-12-15 20:03:19.469786
sh.600522,2024-05-31,2024-06-07,0.141357421875,2025-12-15 20:03:19.469786
sh.600522,2024-06-03,2024-06-10,0.1527099609375,2025-12-15 20:03:19.469786
sh.600522,2024-06-04,2024-06-11,0.29345703125,2025-12-15 20:03:19.469786
sh.600522,2024-06-05,2024-06-12,0.1334228515625,2025-12-15 20:03:19.469786
sh.600522,2024-06-06,2024-06-13,0.120849609375,2025-12-15 20:03:19.469786
sh.600522,2024-06-07,2024-06-14,0.137939453125,2025-12-15 20:03:19.469786
sh.600522,2024-06-11,2024-06-18,0.106689453125,2025-12-15 20:03:19.469786
sh.600522,2024-06-12,2024-06-19,0.11029052734375,2025-12-15 20:03:19.469786
sh.600522,2024-06-13,2024-06-20,0.09771728515625,2025-12-15 20:03:19.469786
sh.600522,2024-06-14,2024-06-21,0.1490478515625,2025-12-15 20:03:19.469786
sh.600522,2024-06-17,2024-06-24,0.251953125,2025-12-15 20:03:19.469786
sh.600522,2024-06-18,2024-06-25,0.271240234375,2025-12-15 20:03:19.469786
sh.600522,2024-06-19,2024-06-26,0.1878662109375,2025-12-15 20:03:19.469786
sh.600522,2024-06-20,2024-06-27,0.13330078125,2025-12-15 20:03:19.469786
sh.600522,2024-06-21,2024-06-28,0.2335205078125,2025-12-15 20:03:19.469786
sh.600522,2024-06-24,2024-07-01,0.12274169921875,2025-12-15 20:03:19.469786
sh.600522,2024-06-25,2024-07-02,0.1512451171875,2025-12-15 20:03:19.469786
sh.600522,2024-06-26,2024-07-03,0.2208251953125,2025-12-15 20:03:19.469786
sh.600522,2024-06-27,2024-07-04,0.150390625,2025-12-15 20:03:19.469786
sh.600522,2024-06-28,2024-07-05,0.1546630859375,2025-12-15 20:03:19.469786
sh.600522,2024-07-01,2024-07-08,0.2381591796875,2025-12-15 20:03:19.469786
sh.600522,2024-07-02,2024-07-09,0.1422119140625,2025-12-15 20:03:19.469786
sh.600522,2024-07-03,2024-07-10,0.2027587890625,2025-12-15 20:03:19.469786
sh.600522,2024-07-04,2024-07-11,0.1063232421875,2025-12-15 20:03:19.469786
sh.600522,2024-07-05,2024-07-12,0.1749267578125,2025-12-15 20:03:19.469786
sh.600522,2024-07-08,2024-07-15,0.11859130859375,2025-12-15 20:03:19.469786
sh.600522,2024-07-09,2024-07-16,0.2144775390625,2025-12-15 20:03:19.469786
sh.600522,2024-07-10,2024-07-17,0.147705078125,2025-12-15 20:03:19.469786
sh.600522,2024-07-11,2024-07-18,0.14453125,2025-12-15 20:03:19.469786
sh.600522,2024-07-12,2024-07-19,0.163818359375,2025-12-15 20:03:19.469786
sh.600522,2024-07-15,2024-07-22,0.1419677734375,2025-12-15 20:03:19.469786
sh.600522,2024-07-16,2024-07-23,0.1365966796875,2025-12-15 20:03:19.469786
sh.600522,2024-07-17,2024-07-24,0.1439208984375,2025-12-15 20:03:19.469786
sh.600522,2024-07-18,2024-07-25,0.142333984375,2025-12-15 20:03:19.469786
sh.600522,2024-07-19,2024-07-26,0.1014404296875,2025-12-15 20:03:19.469786
sh.600522,2024-07-22,2024-07-29,0.08599853515625,2025-12-15 20:03:19.469786
sh.600522,2024-07-23,2024-07-30,0.1368408203125,2025-12-15 20:03:19.469786
sh.600522,2024-07-24,2024-07-31,0.085693359375,2025-12-15 20:03:19.469786
sh.600522,2024-07-25,2024-08-01,0.1165771484375,2025-12-15 20:03:19.469786
sh.600522,2024-07-26,2024-08-02,0.2091064453125,2025-12-15 20:03:19.469786
sh.600522,2024-07-29,2024-08-05,0.1324462890625,2025-12-15 20:03:19.469786
sh.600522,2024-07-30,2024-08-06,0.140869140625,2025-12-15 20:03:19.469786
sh.600522,2024-07-31,2024-08-07,0.1536865234375,2025-12-15 20:03:19.469786
sh.600522,2024-08-01,2024-08-08,0.130859375,2025-12-15 20:03:19.469786
sh.600522,2024-08-02,2024-08-09,0.14013671875,2025-12-15 20:03:19.469786
sh.600522,2024-08-05,2024-08-12,0.12408447265625,2025-12-15 20:03:19.469786
sh.600522,2024-08-06,2024-08-13,0.1268310546875,2025-12-15 20:03:19.469786
sh.600522,2024-08-07,2024-08-14,0.082275390625,2025-12-15 20:03:19.469786
sh.600522,2024-08-08,2024-08-15,0.127685546875,2025-12-15 20:03:19.469786
sh.600522,2024-08-09,2024-08-16,0.1077880859375,2025-12-15 20:03:19.469786
sh.600522,2024-08-12,2024-08-19,0.12042236328125,2025-12-15 20:03:19.469786
sh.600522,2024-08-13,2024-08-20,0.11065673828125,2025-12-15 20:03:19.469786
sh.600522,2024-08-14,2024-08-21,0.1304931640625,2025-12-15 20:03:19.469786
sh.600522,2024-08-15,2024-08-22,0.10467529296875,2025-12-15 20:03:19.469786
sh.600522,2024-08-16,2024-08-23,0.077392578125,2025-12-15 20:03:19.469786
sh.600522,2024-08-19,2024-08-26,0.125732421875,2025-12-15 20:03:19.469786
sh.600522,2024-08-20,2024-08-27,0.143310546875,2025-12-15 20:03:19.469786
sh.600522,2024-08-21,2024-08-28,0.1578369140625,2025-12-15 20:03:19.469786
sh.600522,2024-08-22,2024-08-29,0.167724609375,2025-12-15 20:03:19.469786
sh.600522,2024-08-23,2024-08-30,0.2064208984375,2025-12-15 20:03:19.469786
sh.600522,2024-08-26,2024-09-02,0.20849609375,2025-12-15 20:03:19.469786
sh.600522,2024-08-27,2024-09-03,0.289794921875,2025-12-15 20:03:19.469786
sh.600522,2024-08-28,2024-09-04,0.416015625,2025-12-15 20:03:19.469786
sh.600522,2024-08-29,2024-09-05,0.25439453125,2025-12-15 20:03:19.469786
sh.600522,2024-08-30,2024-09-06,0.10797119140625,2025-12-15 20:03:19.469786
sh.600522,2024-09-02,2024-09-09,0.166259765625,2025-12-15 20:03:19.469786
sh.600522,2024-09-03,2024-09-10,0.26171875,2025-12-15 20:03:19.469786
sh.600522,2024-09-04,2024-09-11,0.093505859375,2025-12-15 20:03:19.469786
sh.600522,2024-09-05,2024-09-12,0.140625,2025-12-15 20:03:19.469786
sh.600522,2024-09-06,2024-09-13,0.1319580078125,2025-12-15 20:03:19.469786
sh.600522,2024-09-09,2024-09-16,0.2303466796875,2025-12-15 20:03:19.469786
sh.600522,2024-09-10,2024-09-17,0.1368408203125,2025-12-15 20:03:19.469786
sh.600522,2024-09-11,2024-09-18,0.1260986328125,2025-12-15 20:03:19.469786
sh.600522,2024-09-12,2024-09-19,0.11737060546875,2025-12-15 20:03:19.469786
sh.600522,2024-09-13,2024-09-20,0.10797119140625,2025-12-15 20:03:19.469786
sh.600522,2024-09-18,2024-09-25,0.08282470703125,2025-12-15 20:03:19.469786
sh.600522,2024-09-19,2024-09-26,0.12432861328125,2025-12-15 20:03:19.469786
sh.600522,2024-09-20,2024-09-27,0.130126953125,2025-12-15 20:03:19.469786
sh.600522,2024-09-23,2024-09-30,0.16162109375,2025-12-15 20:03:19.469786
sh.600522,2024-09-24,2024-10-01,0.1246337890625,2025-12-15 20:03:19.469786
sh.600522,2024-09-25,2024-10-02,0.09222412109375,2025-12-15 20:03:19.469786
sh.600522,2024-09-26,2024-10-03,0.10650634765625,2025-12-15 20:03:19.469786
sh.600522,2024-09-27,2024-10-04,0.375,2025-12-15 20:03:19.469786
sh.600522,2024-09-30,2024-10-07,0.1588134765625,2025-12-15 20:03:19.469786
sh.600522,2024-10-08,2024-10-15,0.21142578125,2025-12-15 20:03:19.469786
sh.600522,2024-10-09,2024-10-16,0.13427734375,2025-12-15 20:03:19.469786
sh.600522,2024-10-10,2024-10-17,0.08477783203125,2025-12-15 20:03:19.469786
sh.600522,2024-10-11,2024-10-18,0.1256103515625,2025-12-15 20:03:19.469786
sh.600522,2024-10-14,2024-10-21,0.11199951171875,2025-12-15 20:03:19.469786
sh.600522,2024-10-15,2024-10-22,0.13818359375,2025-12-15 20:03:19.469786
sh.600522,2024-10-16,2024-10-23,0.11163330078125,2025-12-15 20:03:19.469786
sh.600522,2024-10-17,2024-10-24,0.080078125,2025-12-15 20:03:19.469786
sh.600522,2024-10-18,2024-10-25,0.08929443359375,2025-12-15 20:03:19.469786
sh.600522,2024-10-21,2024-10-28,0.12261962890625,2025-12-15 20:03:19.469786
sh.600522,2024-10-22,2024-10-29,0.1942138671875,2025-12-15 20:03:19.469786
sh.600522,2024-10-23,2024-10-30,0.1044921875,2025-12-15 20:03:19.469786
sh.600522,2024-10-24,2024-10-31,0.1717529296875,2025-12-15 20:03:19.469786
sh.600522,2024-10-25,2024-11-01,0.2059326171875,2025-12-15 20:03:19.469786
sh.600522,2024-10-28,2024-11-04,0.1483154296875,2025-12-15 20:03:19.469786
sh.600522,2024-10-29,2024-11-05,0.147705078125,2025-12-15 20:03:19.469786
sh.600522,2024-10-30,2024-11-06,0.11376953125,2025-12-15 20:03:19.469786
sh.600522,2024-10-31,2024-11-07,0.1590576171875,2025-12-15 20:03:19.469786
sh.600522,2024-11-01,2024-11-08,0.1202392578125,2025-12-15 20:03:19.469786
sh.600522,2024-11-04,2024-11-11,0.1429443359375,2025-12-15 20:03:19.469786
sh.600522,2024-11-05,2024-11-12,0.2130126953125,2025-12-15 20:03:19.469786
sh.600522,2024-11-06,2024-11-13,0.202392578125,2025-12-15 20:03:19.469786
sh.600522,2024-11-07,2024-11-14,0.28515625,2025-12-15 20:03:19.469786
sh.600522,2024-11-08,2024-11-15,0.1942138671875,2025-12-15 20:03:19.469786
sh.600522,2024-11-11,2024-11-18,0.302734375,2025-12-15 20:03:19.469786
sh.600522,2024-11-12,2024-11-19,0.17041015625,2025-12-15 20:03:19.469786
sh.600522,2024-11-13,2024-11-20,0.31689453125,2025-12-15 20:03:19.469786
sh.600522,2024-11-14,2024-11-21,0.15234375,2025-12-15 20:03:19.469786
sh.600522,2024-11-15,2024-11-22,0.152099609375,2025-12-15 20:03:19.469786
sh.600522,2024-11-18,2024-11-25,0.10858154296875,2025-12-15 20:03:19.469786
sh.600522,2024-11-19,2024-11-26,0.1451416015625,2025-12-15 20:03:19.469786
sh.600522,2024-11-20,2024-11-27,0.191650390625,2025-12-15 20:03:19.469786
sh.600522,2024-11-21,2024-11-28,0.2078857421875,2025-12-15 20:03:19.469786
sh.600522,2024-11-22,2024-11-29,0.1475830078125,2025-12-15 20:03:19.469786
sh.600522,2024-11-25,2024-12-02,0.1153564453125,2025-12-15 20:03:19.469786
sh.600522,2024-11-26,2024-12-03,0.17822265625,2025-12-15 20:03:19.469786
sh.600522,2024-11-27,2024-12-04,0.271484375,2025-12-15 20:03:19.469786
sh.600522,2024-11-28,2024-12-05,0.138671875,2025-12-15 20:03:19.469786
sh.600522,2024-11-29,2024-12-06,0.135009765625,2025-12-15 20:03:19.469786
sh.600522,2024-12-02,2024-12-09,0.1807861328125,2025-12-15 20:03:19.469786
sh.600522,2024-12-03,2024-12-10,0.165283203125,2025-12-15 20:03:19.469786
sh.600522,2024-12-04,2024-12-11,0.1590576171875,2025-12-15 20:03:19.469786
sh.600522,2024-12-05,2024-12-12,0.1510009765625,2025-12-15 20:03:19.469786
sh.600522,2024-12-06,2024-12-13,0.17138671875,2025-12-15 20:03:19.469786
sh.600522,2024-12-09,2024-12-16,0.1663818359375,2025-12-15 20:03:19.469786
sh.600522,2024-12-10,2024-12-17,0.14013671875,2025-12-15 20:03:19.469786
sh.600522,2024-12-11,2024-12-18,0.277099609375,2025-12-15 20:03:19.469786
sh.600522,2024-12-12,2024-12-19,0.26708984375,2025-12-15 20:03:19.469786
sh.600522,2024-12-13,2024-12-20,0.133544921875,2025-12-15 20:03:19.469786
sh.600522,2024-12-16,2024-12-23,0.150146484375,2025-12-15 20:03:19.469786
sh.600522,2024-12-17,2024-12-24,0.093994140625,2025-12-15 20:03:19.469786
sh.600522,2024-12-18,2024-12-25,0.1585693359375,2025-12-15 20:03:19.469786
sh.600522,2024-12-19,2024-12-26,0.1536865234375,2025-12-15 20:03:19.469786
sh.600522,2024-12-20,2024-12-27,0.138427734375,2025-12-15 20:03:19.469786
sh.600522,2024-12-23,2024-12-30,0.1444091796875,2025-12-15 20:03:19.469786
sh.600522,2024-12-24,2024-12-31,0.128173828125,2025-12-15 20:03:19.469786
sh.600522,2024-12-25,2025-01-01,0.1375732421875,2025-12-15 20:03:19.469786
sh.600522,2024-12-26,2025-01-02,0.1251220703125,2025-12-15 20:03:19.469786
sh.600522,2024-12-27,2025-01-03,0.123046875,2025-12-15 20:03:19.469786
sh.600522,2024-12-30,2025-01-06,0.1387939453125,2025-12-15 20:03:19.469786
sh.600522,2024-12-31,2025-01-07,0.132568359375,2025-12-15 20:03:19.469786
sh.600522,2025-01-02,2025-01-09,0.13427734375,2025-12-15 20:03:19.469786
sh.600522,2025-01-03,2025-01-10,0.13623046875,2025-12-15 20:03:19.469786
sh.600522,2025-01-06,2025-01-13,0.1392822265625,2025-12-15 20:03:19.469786
sh.600522,2025-01-07,2025-01-14,0.1787109375,2025-12-15 20:03:19.469786
sh.600522,2025-01-08,2025-01-15,0.1490478515625,2025-12-15 20:03:19.469786
sh.600522,2025-01-09,2025-01-16,0.2181396484375,2025-12-15 20:03:19.469786
sh.600522,2025-01-10,2025-01-17,0.1756591796875,2025-12-15 20:03:19.469786
sh.600522,2025-01-13,2025-01-20,0.29150390625,2025-12-15 20:03:19.469786
sh.600522,2025-01-14,2025-01-21,0.217041015625,2025-12-15 20:03:19.469786
sh.600522,2025-01-15,2025-01-22,0.273681640625,2025-12-15 20:03:19.469786
sh.600522,2025-01-16,2025-01-23,0.228271484375,2025-12-15 20:03:19.469786
sh.600522,2025-01-17,2025-01-24,0.0816650390625,2025-12-15 20:03:19.469786
sh.600522,2025-01-20,2025-01-27,0.1375732421875,2025-12-15 20:03:19.469786
sh.600522,2025-01-21,2025-01-28,0.1630859375,2025-12-15 20:03:19.469786
sh.600522,2025-01-22,2025-01-29,0.158447265625,2025-12-15 20:03:19.469786
sh.600522,2025-01-23,2025-01-30,0.1483154296875,2025-12-15 20:03:19.469786
sh.600522,2025-01-24,2025-01-31,0.1318359375,2025-12-15 20:03:19.469786
sh.600522,2025-01-27,2025-02-03,0.126708984375,2025-12-15 20:03:19.469786
sh.600522,2025-02-05,2025-02-12,0.1510009765625,2025-12-15 20:03:19.469786
sh.600522,2025-02-06,2025-02-13,0.2646484375,2025-12-15 20:03:19.469786
sh.600522,2025-02-07,2025-02-14,0.0830078125,2025-12-15 20:03:19.469786
sh.600522,2025-02-10,2025-02-17,0.1396484375,2025-12-15 20:03:19.469786
sh.600522,2025-02-11,2025-02-18,0.15380859375,2025-12-15 20:03:19.469786
sh.600522,2025-02-12,2025-02-19,0.1845703125,2025-12-15 20:03:19.469786
sh.600522,2025-02-13,2025-02-20,0.1593017578125,2025-12-15 20:03:19.469786
sh.600522,2025-02-14,2025-02-21,0.09027099609375,2025-12-15 20:03:19.469786
sh.600522,2025-02-17,2025-02-24,0.1334228515625,2025-12-15 20:03:19.469786
sh.600522,2025-02-18,2025-02-25,0.12451171875,2025-12-15 20:03:19.469786
sh.600522,2025-02-19,2025-02-26,0.11578369140625,2025-12-15 20:03:19.469786
sh.600522,2025-02-20,2025-02-27,0.118408203125,2025-12-15 20:03:19.469786
sh.600522,2025-02-21,2025-02-28,0.3818359375,2025-12-15 20:03:19.469786
sh.600522,2025-02-24,2025-03-03,0.11932373046875,2025-12-15 20:03:19.469786
sh.600522,2025-02-25,2025-03-04,0.10504150390625,2025-12-15 20:03:19.469786
sh.600522,2025-02-26,2025-03-05,0.1104736328125,2025-12-15 20:03:19.469786
sh.600522,2025-02-27,2025-03-06,0.1295166015625,2025-12-15 20:03:19.469786
sh.600522,2025-02-28,2025-03-07,0.1201171875,2025-12-15 20:03:19.469786
sh.600522,2025-03-03,2025-03-10,0.07806396484375,2025-12-15 20:03:19.469786
sh.600522,2025-03-04,2025-03-11,0.14453125,2025-12-15 20:03:19.469786
sh.600522,2025-03-05,2025-03-12,0.12432861328125,2025-12-15 20:03:19.469786
sh.600522,2025-03-06,2025-03-13,0.08660888671875,2025-12-15 20:03:19.469786
sh.600522,2025-03-07,2025-03-14,0.135986328125,2025-12-15 20:03:19.469786
sh.600522,2025-03-10,2025-03-17,0.12432861328125,2025-12-15 20:03:19.469786
sh.600522,2025-03-11,2025-03-18,0.1279296875,2025-12-15 20:03:19.469786
sh.600522,2025-03-12,2025-03-19,0.07452392578125,2025-12-15 20:03:19.469786
sh.600522,2025-03-13,2025-03-20,0.080078125,2025-12-15 20:03:19.469786
sh.600522,2025-03-14,2025-03-21,0.310302734375,2025-12-15 20:03:19.469786
sh.600522,2025-03-17,2025-03-24,0.137939453125,2025-12-15 20:03:19.469786
sh.600522,2025-03-18,2025-03-25,0.12261962890625,2025-12-15 20:03:19.469786
sh.600522,2025-03-19,2025-03-26,0.13623046875,2025-12-15 20:03:19.469786
sh.600522,2025-03-20,2025-03-27,0.10089111328125,2025-12-15 20:03:19.469786
sh.600522,2025-03-21,2025-03-28,0.10821533203125,2025-12-15 20:03:19.469786
sh.600522,2025-03-24,2025-03-31,0.1419677734375,2025-12-15 20:03:19.469786
sh.600522,2025-03-25,2025-04-01,0.12188720703125,2025-12-15 20:03:19.469786
sh.600522,2025-03-26,2025-04-02,0.1014404296875,2025-12-15 20:03:19.469786
sh.600522,2025-03-27,2025-04-03,0.11859130859375,2025-12-15 20:03:19.469786
sh.600522,2025-03-28,2025-04-04,0.10540771484375,2025-12-15 20:03:19.469786
sh.600522,2025-03-31,2025-04-07,0.0994873046875,2025-12-15 20:03:19.469786
sh.600522,2025-04-01,2025-04-08,0.1253662109375,2025-12-15 20:03:19.469786
sh.600522,2025-04-02,2025-04-09,0.11358642578125,2025-12-15 20:03:19.469786
sh.600522,2025-04-03,2025-04-10,0.11297607421875,2025-12-15 20:03:19.469786
sh.600522,2025-04-07,2025-04-14,0.1954345703125,2025-12-15 20:03:19.469786
sh.600522,2025-04-08,2025-04-15,0.365966796875,2025-12-15 20:03:19.469786
sh.600522,2025-04-09,2025-04-16,0.216796875,2025-12-15 20:03:19.469786
sh.600522,2025-04-10,2025-04-17,0.1636962890625,2025-12-15 20:03:19.469786
sh.600522,2025-04-11,2025-04-18,0.2548828125,2025-12-15 20:03:19.469786
sh.600522,2025-04-14,2025-04-21,0.11962890625,2025-12-15 20:03:19.469786
sh.600522,2025-04-15,2025-04-22,0.173095703125,2025-12-15 20:03:19.469786
sh.600522,2025-04-16,2025-04-23,0.23974609375,2025-12-15 20:03:19.469786
sh.600522,2025-04-17,2025-04-24,0.262451171875,2025-12-15 20:03:19.469786
sh.600522,2025-04-18,2025-04-25,0.1439208984375,2025-12-15 20:03:19.469786
sh.600522,2025-04-21,2025-04-28,0.1492919921875,2025-12-15 20:03:19.469786
sh.600522,2025-04-22,2025-04-29,0.1407470703125,2025-12-15 20:03:19.469786
sh.600522,2025-04-23,2025-04-30,0.193603515625,2025-12-15 20:03:19.469786
sh.600522,2025-04-24,2025-05-01,0.1883544921875,2025-12-15 20:03:19.469786
sh.600522,2025-04-25,2025-05-02,0.109130859375,2025-12-15 20:03:19.469786
sh.600522,2025-04-28,2025-05-05,0.1778564453125,2025-12-15 20:03:19.469786
sh.600522,2025-04-29,2025-05-06,0.20703125,2025-12-15 20:03:19.469786
sh.600522,2025-04-30,2025-05-07,0.279296875,2025-12-15 20:03:19.469786
sh.600522,2025-05-06,2025-05-13,0.31396484375,2025-12-15 20:03:19.469786
sh.600522,2025-05-07,2025-05-14,0.1583251953125,2025-12-15 20:03:19.469786
sh.600522,2025-05-08,2025-05-15,0.14794921875,2025-12-15 20:03:19.469786
sh.600522,2025-05-09,2025-05-16,0.1671142578125,2025-12-15 20:03:19.469786
sh.600522,2025-05-12,2025-05-19,0.250244140625,2025-12-15 20:03:19.469786
sh.600522,2025-05-13,2025-05-20,0.175537109375,2025-12-15 20:03:19.469786
sh.600522,2025-05-14,2025-05-21,0.1636962890625,2025-12-15 20:03:19.469786
sh.600522,2025-05-15,2025-05-22,0.15771484375,2025-12-15 20:03:19.469786
sh.600522,2025-05-16,2025-05-23,0.2247314453125,2025-12-15 20:03:19.469786
sh.600522,2025-05-19,2025-05-26,0.2049560546875,2025-12-15 20:03:19.469786
sh.600522,2025-05-20,2025-05-27,0.2293701171875,2025-12-15 20:03:19.469786
sh.600522,2025-05-21,2025-05-28,0.173828125,2025-12-15 20:03:19.469786
sh.600522,2025-05-22,2025-05-29,0.23974609375,2025-12-15 20:03:19.469786
sh.600522,2025-05-23,2025-05-30,0.2135009765625,2025-12-15 20:03:19.469786
sh.600522,2025-05-26,2025-06-02,0.425048828125,2025-12-15 20:03:19.469786
sh.600522,2025-05-27,2025-06-03,0.299560546875,2025-12-15 20:03:19.469786
sh.600522,2025-05-28,2025-06-04,0.398193359375,2025-12-15 20:03:19.469786
sh.600522,2025-05-29,2025-06-05,0.333740234375,2025-12-15 20:03:19.469786
sh.600522,2025-05-30,2025-06-06,0.2135009765625,2025-12-15 20:03:19.469786
sh.600522,2025-06-03,2025-06-10,0.389892578125,2025-12-15 20:03:19.469786
sh.600522,2025-06-04,2025-06-11,0.26220703125,2025-12-15 20:03:19.469786
sh.600522,2025-06-05,2025-06-12,0.325439453125,2025-12-15 20:03:19.469786
sh.600522,2025-06-06,2025-06-13,0.1282958984375,2025-12-15 20:03:19.469786
sh.600522,2025-06-09,2025-06-16,0.2181396484375,2025-12-15 20:03:19.469786
sh.600522,2025-06-10,2025-06-17,0.18896484375,2025-12-15 20:03:19.469786
sh.600522,2025-06-11,2025-06-18,0.287353515625,2025-12-15 20:03:19.469786
sh.600522,2025-06-12,2025-06-19,0.2252197265625,2025-12-15 20:03:19.469786
sh.600522,2025-06-13,2025-06-20,0.1978759765625,2025-12-15 20:03:19.469786
sh.600522,2025-06-16,2025-06-23,0.12274169921875,2025-12-15 20:03:19.469786
sh.600522,2025-06-17,2025-06-24,0.1617431640625,2025-12-15 20:03:19.469786
sh.600522,2025-06-18,2025-06-25,0.23876953125,2025-12-15 20:03:19.469786
sh.600522,2025-06-19,2025-06-26,0.1630859375,2025-12-15 20:03:19.469786
sh.600522,2025-06-20,2025-06-27,0.152587890625,2025-12-15 20:03:19.469786
sh.600522,2025-06-23,2025-06-30,0.1966552734375,2025-12-15 20:03:19.469786
sh.600522,2025-06-24,2025-07-01,0.1751708984375,2025-12-15 20:03:19.469786
sh.600522,2025-06-25,2025-07-02,0.16455078125,2025-12-15 20:03:19.469786
sh.600522,2025-06-26,2025-07-03,0.1436767578125,2025-12-15 20:03:19.469786
sh.600522,2025-06-27,2025-07-04,0.2039794921875,2025-12-15 20:03:19.469786
sh.600522,2025-06-30,2025-07-07,0.3193359375,2025-12-15 20:03:19.469786
sh.600522,2025-07-01,2025-07-08,0.16650390625,2025-12-15 20:03:19.469786
sh.600522,2025-07-02,2025-07-09,0.130859375,2025-12-15 20:03:19.469786
sh.600522,2025-07-03,2025-07-10,0.14990234375,2025-12-15 20:03:19.469786
sh.600522,2025-07-04,2025-07-11,0.1490478515625,2025-12-15 20:03:19.469786
sh.600522,2025-07-07,2025-07-14,0.1651611328125,2025-12-15 20:03:19.469786
sh.600522,2025-07-08,2025-07-15,0.11456298828125,2025-12-15 20:03:19.469786
sh.600522,2025-07-09,2025-07-16,0.1622314453125,2025-12-15 20:03:19.469786
sh.600522,2025-07-10,2025-07-17,0.1826171875,2025-12-15 20:03:19.469786
sh.600522,2025-07-11,2025-07-18,0.179443359375,2025-12-15 20:03:19.469786
sh.600522,2025-07-14,2025-07-21,0.1834716796875,2025-12-15 20:03:19.469786
sh.600522,2025-07-15,2025-07-22,0.148681640625,2025-12-15 20:03:19.469786
sh.600522,2025-07-16,2025-07-23,0.1591796875,2025-12-15 20:03:19.469786
sh.600522,2025-07-17,2025-07-24,0.09722900390625,2025-12-15 20:03:19.469786
sh.600522,2025-07-18,2025-07-25,0.1444091796875,2025-12-15 20:03:19.469786
sh.600522,2025-07-21,2025-07-28,0.1844482421875,2025-12-15 20:03:19.469786
sh.600522,2025-07-22,2025-07-29,0.18994140625,2025-12-15 20:03:19.469786
sh.600522,2025-07-23,2025-07-30,0.1480712890625,2025-12-15 20:03:19.469786
sh.600522,2025-07-24,2025-07-31,0.193603515625,2025-12-15 20:03:19.469786
sh.600522,2025-07-25,2025-08-01,0.1392822265625,2025-12-15 20:03:19.469786
sh.600522,2025-07-28,2025-08-04,0.1517333984375,2025-12-15 20:03:19.469786
sh.600522,2025-07-29,2025-08-05,0.140380859375,2025-12-15 20:03:19.469786
sh.600522,2025-07-30,2025-08-06,0.10052490234375,2025-12-15 20:03:19.469786
sh.600522,2025-07-31,2025-08-07,0.1015625,2025-12-15 20:03:19.469786
sh.600522,2025-08-01,2025-08-08,0.07275390625,2025-12-15 20:03:19.469786
sh.600522,2025-08-04,2025-08-11,0.1702880859375,2025-12-15 20:03:19.469786
sh.600522,2025-08-05,2025-08-12,0.09368896484375,2025-12-15 20:03:19.469786
sh.600522,2025-08-06,2025-08-13,0.1666259765625,2025-12-15 20:03:19.469786
sh.600522,2025-08-07,2025-08-14,0.146240234375,2025-12-15 20:03:19.469786
sh.600522,2025-08-08,2025-08-15,0.0830078125,2025-12-15 20:03:19.469786
sh.600522,2025-08-11,2025-08-18,0.1380615234375,2025-12-15 20:03:19.469786
sh.600522,2025-08-12,2025-08-19,0.14453125,2025-12-15 20:03:19.469786
sh.600522,2025-08-13,2025-08-20,0.1221923828125,2025-12-15 20:03:19.469786
sh.600522,2025-08-14,2025-08-21,0.1300048828125,2025-12-15 20:03:19.469786
sh.600522,2025-08-15,2025-08-22,0.13818359375,2025-12-15 20:03:19.469786
sh.600522,2025-08-18,2025-08-25,0.1463623046875,2025-12-15 20:03:19.469786
sh.600522,2025-08-19,2025-08-26,0.11126708984375,2025-12-15 20:03:19.469786
sh.600522,2025-08-20,2025-08-27,0.2042236328125,2025-12-15 20:03:19.469786
sh.600522,2025-08-21,2025-08-28,0.1475830078125,2025-12-15 20:03:19.469786
sh.600522,2025-08-22,2025-08-29,0.291015625,2025-12-15 20:03:19.469786
sh.600522,2025-08-25,2025-09-01,0.2958984375,2025-12-15 20:03:19.469786
sh.600522,2025-08-26,2025-09-02,0.152099609375,2025-12-15 20:03:19.469786
sh.600522,2025-08-27,2025-09-03,0.1285400390625,2025-12-15 20:03:19.469786
sh.600522,2025-08-28,2025-09-04,0.1795654296875,2025-12-15 20:03:19.469786
sh.600522,2025-08-29,2025-09-05,0.1585693359375,2025-12-15 20:03:19.469786
sh.600522,2025-09-01,2025-09-08,0.16015625,2025-12-15 20:03:19.469786
sh.600522,2025-09-02,2025-09-09,0.12261962890625,2025-12-15 20:03:19.469786
sh.600522,2025-09-03,2025-09-10,0.10968017578125,2025-12-15 20:03:19.469786
sh.600522,2025-09-04,2025-09-11,0.11553955078125,2025-12-15 20:03:19.469786
sh.600522,2025-09-05,2025-09-12,0.285888671875,2025-12-15 20:03:19.469786
sh.600522,2025-09-08,2025-09-15,0.1668701171875,2025-12-15 20:03:19.469786
sh.600522,2025-09-09,2025-09-16,0.1524658203125,2025-12-15 20:03:19.469786
sh.600522,2025-09-10,2025-09-17,0.151611328125,2025-12-15 20:03:19.469786
sh.600522,2025-09-11,2025-09-18,0.240478515625,2025-12-15 20:03:19.469786
sh.600522,2025-09-12,2025-09-19,0.1800537109375,2025-12-15 20:03:19.469786
sh.600522,2025-09-15,2025-09-22,0.145751953125,2025-12-15 20:03:19.469786
sh.600522,2025-09-16,2025-09-23,0.1748046875,2025-12-15 20:03:19.469786
sh.600522,2025-09-17,2025-09-24,0.25830078125,2025-12-15 20:03:19.469786
sh.600522,2025-09-18,2025-09-25,0.127685546875,2025-12-15 20:03:19.469786
sh.600522,2025-09-19,2025-09-26,0.173095703125,2025-12-15 20:03:19.469786
sh.600522,2025-09-22,2025-09-29,0.1807861328125,2025-12-15 20:03:19.469786
sh.600522,2025-09-23,2025-09-30,0.1473388671875,2025-12-15 20:03:19.469786
sh.600522,2025-09-24,2025-10-01,0.1910400390625,2025-12-15 20:03:19.469786
sh.600522,2025-09-25,2025-10-02,0.25732421875,2025-12-15 20:03:19.469786
sh.600522,2025-09-26,2025-10-03,0.175537109375,2025-12-15 20:03:19.469786
sh.600522,2025-09-29,2025-10-06,0.2032470703125,2025-12-15 20:03:19.469786
sh.600522,2025-09-30,2025-10-07,0.2252197265625,2025-12-15 20:03:19.469786
sh.600522,2025-10-09,2025-10-16,0.254638671875,2025-12-15 20:03:19.469786
sh.600522,2025-10-10,2025-10-17,0.1739501953125,2025-12-15 20:03:19.469786
sh.600522,2025-10-13,2025-10-20,0.2401123046875,2025-12-15 20:03:19.469786
sh.600522,2025-10-14,2025-10-21,0.1573486328125,2025-12-15 20:03:19.469786
sh.600522,2025-10-15,2025-10-22,0.30029296875,2025-12-15 20:03:19.469786
sh.600522,2025-10-16,2025-10-23,0.1947021484375,2025-12-15 20:03:19.469786
sh.600522,2025-10-17,2025-10-24,0.1436767578125,2025-12-15 20:03:19.469786
sh.600522,2025-10-20,2025-10-27,0.17529296875,2025-12-15 20:03:19.469786
sh.600522,2025-10-21,2025-10-28,0.321044921875,2025-12-15 20:03:19.469786
sh.600522,2025-10-22,2025-10-29,0.235107421875,2025-12-15 20:03:19.469786
sh.600522,2025-10-23,2025-10-30,0.264892578125,2025-12-15 20:03:19.469786
sh.600522,2025-10-24,2025-10-31,0.302001953125,2025-12-15 20:03:19.469786
sh.600522,2025-10-27,2025-11-03,0.2113037109375,2025-12-15 20:03:19.469786
sh.600522,2025-10-28,2025-11-04,0.148681640625,2025-12-15 20:03:19.469786
sh.600522,2025-10-29,2025-11-05,0.2108154296875,2025-12-15 20:03:19.469786
sh.600522,2025-10-30,2025-11-06,0.1468505859375,2025-12-15 20:03:19.469786
sh.600522,2025-10-31,2025-11-07,0.11126708984375,2025-12-15 20:03:19.469786
sh.600522,2025-11-03,2025-11-10,0.1328125,2025-12-15 20:03:19.469786
sh.600522,2025-11-04,2025-11-11,0.1295166015625,2025-12-15 20:03:19.469786
sh.600522,2025-11-05,2025-11-12,0.2509765625,2025-12-15 20:03:19.469786
sh.600522,2025-11-06,2025-11-13,0.10760498046875,2025-12-15 20:03:19.469786
sh.600522,2025-11-07,2025-11-14,0.1427001953125,2025-12-15 20:03:19.469786
sh.600522,2025-11-10,2025-11-17,0.1343994140625,2025-12-15 20:03:19.469786
sh.600522,2025-11-11,2025-11-18,0.13818359375,2025-12-15 20:03:19.469786
sh.600522,2025-11-12,2025-11-19,0.134033203125,2025-12-15 20:03:19.469786
sh.600522,2025-11-13,2025-11-20,0.0836181640625,2025-12-15 20:03:19.469786
sh.600522,2025-11-14,2025-11-21,0.10723876953125,2025-12-15 20:03:19.469786
sh.600522,2025-11-17,2025-11-24,0.12493896484375,2025-12-15 20:03:19.469786
sh.600522,2025-11-18,2025-11-25,0.10894775390625,2025-12-15 20:03:19.469786
sh.600522,2025-11-19,2025-11-26,0.11920166015625,2025-12-15 20:03:19.469786
sh.600522,2025-11-20,2025-11-27,0.1334228515625,2025-12-15 20:03:19.469786
sh.600522,2025-11-21,2025-11-28,0.22607421875,2025-12-15 20:03:19.469786
sh.600522,2025-11-24,2025-12-01,0.327392578125,2025-12-15 20:03:19.469786
sh.600522,2025-11-25,2025-12-02,0.15185546875,2025-12-15 20:03:19.469786
sh.600522,2025-11-26,2025-12-03,0.1650390625,2025-12-15 20:03:19.469786
sh.600522,2025-11-27,2025-12-04,0.1395263671875,2025-12-15 20:03:19.469786
sh.600522,2025-11-28,2025-12-05,0.33203125,2025-12-15 20:03:19.469786
sh.600522,2025-12-01,2025-12-08,0.072265625,2025-12-15 20:03:19.469786
sh.600522,2025-12-02,2025-12-09,0.1190185546875,2025-12-15 20:03:19.469786
sh.600522,2025-12-03,2025-12-10,0.1348876953125,2025-12-15 20:03:19.469786
sh.600522,2025-12-04,2025-12-11,0.1181640625,2025-12-15 20:03:19.469786
sh.600522,2025-12-05,2025-12-12,0.12213134765625,2025-12-15 20:03:19.469786
sh.600522,2025-12-08,2025-12-15,0.12249755859375,2025-12-15 20:03:19.469786
sh.600522,2025-12-09,2025-12-16,0.1259765625,2025-12-15 20:03:19.469786
sh.600522,2025-12-10,2025-12-17,0.1536865234375,2025-12-15 20:03:19.469786
sh.600522,2025-12-11,2025-12-18,0.1387939453125,2025-12-15 20:03:19.469786
sh.600522,2025-12-12,2025-12-19,0.1490478515625,2025-12-15 20:03:19.469786
sh.600522,2025-12-15,2025-12-22,0.1378173828125,2025-12-15 20:03:19.469786
sh.600547,2025-12-15,2025-12-22,0.133544921875,2025-12-15 20:03:19.469786
sh.600570,2025-12-15,2025-12-22,0.105224609375,2025-12-15 20:03:19.469786
sh.600584,2025-12-15,2025-12-22,0.130859375,2025-12-15 20:03:19.469786
sh.600585,2025-12-15,2025-12-22,0.08819580078125,2025-12-15 20:03:19.469786
sh.600588,2025-12-15,2025-12-22,0.1856689453125,2025-12-15 20:03:19.469786
sh.600600,2025-12-15,2025-12-22,0.116943359375,2025-12-15 20:03:19.469786
sh.600660,2025-12-15,2025-12-22,0.1468505859375,2025-12-15 20:03:19.469786
sh.600674,2025-12-15,2025-12-22,0.1121826171875,2025-12-15 20:03:19.469786
sh.600690,2025-12-15,2025-12-22,0.0740966796875,2025-12-15 20:03:19.469786
sh.600741,2025-12-15,2025-12-22,0.1175537109375,2025-12-15 20:03:19.469786
sh.600760,2025-12-15,2025-12-22,0.30810546875,2025-12-15 20:03:19.469786
sh.600795,2025-12-15,2025-12-22,0.158447265625,2025-12-15 20:03:19.469786
sh.600803,2025-12-15,2025-12-22,0.1033935546875,2025-12-15 20:03:19.469786
sh.600809,2025-12-15,2025-12-22,0.120849609375,2025-12-15 20:03:19.469786
sh.600845,2025-12-15,2025-12-22,0.2247314453125,2025-12-15 20:03:19.469786
sh.600875,2025-12-15,2025-12-22,0.163330078125,2025-12-15 20:03:19.469786
sh.600886,2025-12-15,2025-12-22,0.12347412109375,2025-12-15 20:03:19.469786
sh.600887,2025-12-15,2025-12-22,0.091064453125,2025-12-15 20:03:19.469786
sh.600893,2025-12-15,2025-12-22,0.07684326171875,2025-12-15 20:03:19.469786
sh.600900,2025-12-15,2025-12-22,0.07861328125,2025-12-15 20:03:19.469786
sh.600905,2025-12-15,2025-12-22,0.09466552734375,2025-12-15 20:03:19.469786
sh.600918,2025-12-15,2025-12-22,0.07354736328125,2025-12-15 20:03:19.469786
sh.600919,2025-12-15,2025-12-22,0.14306640625,2025-12-15 20:03:19.469786
sh.600926,2025-12-15,2025-12-22,0.1845703125,2025-12-15 20:03:19.469786
sh.600938,2025-12-15,2025-12-22,0.10760498046875,2025-12-15 20:03:19.469786
sh.600941,2025-12-15,2025-12-22,0.28125,2025-12-15 20:03:19.469786
sh.600958,2025-12-15,2025-12-22,0.08251953125,2025-12-15 20:03:19.469786
sh.600989,2025-12-15,2025-12-22,0.11395263671875,2025-12-15 20:03:19.469786
sh.600999,2025-12-15,2025-12-22,0.0726318359375,2025-12-15 20:03:19.469786
sh.601006,2025-12-15,2025-12-22,0.2000732421875,2025-12-15 20:03:19.469786
sh.601009,2025-12-15,2025-12-22,0.093994140625,2025-12-15 20:03:19.469786
sh.601012,2025-12-15,2025-12-22,0.11260986328125,2025-12-15 20:03:19.469786
sh.601018,2020-01-02,2020-01-09,0.3212890625,2025-12-15 20:03:19.469786
sh.601018,2020-01-03,2020-01-10,0.202880859375,2025-12-15 20:03:19.469786
sh.601018,2020-01-06,2020-01-13,0.1981201171875,2025-12-15 20:03:19.469786
sh.601018,2020-01-07,2020-01-14,0.388427734375,2025-12-15 20:03:19.469786
sh.601018,2020-01-08,2020-01-15,0.224365234375,2025-12-15 20:03:19.469786
sh.601018,2020-01-09,2020-01-16,0.27978515625,2025-12-15 20:03:19.469786
sh.601018,2020-01-10,2020-01-17,0.22900390625,2025-12-15 20:03:19.469786
sh.601018,2020-01-13,2020-01-20,0.35009765625,2025-12-15 20:03:19.469786
sh.601018,2020-01-14,2020-01-21,0.2890625,2025-12-15 20:03:19.469786
sh.601018,2020-01-15,2020-01-22,0.2183837890625,2025-12-15 20:03:19.469786
sh.601018,2020-01-16,2020-01-23,0.220703125,2025-12-15 20:03:19.469786
sh.601018,2020-01-17,2020-01-24,0.256103515625,2025-12-15 20:03:19.469786
sh.601018,2020-01-20,2020-01-27,0.327392578125,2025-12-15 20:03:19.469786
sh.601018,2020-01-21,2020-01-28,0.18212890625,2025-12-15 20:03:19.469786
sh.601018,2020-01-22,2020-01-29,0.223388671875,2025-12-15 20:03:19.469786
sh.601018,2020-01-23,2020-01-30,0.157470703125,2025-12-15 20:03:19.469786
sh.601018,2020-02-03,2020-02-10,0.456787109375,2025-12-15 20:03:19.469786
sh.601018,2020-02-04,2020-02-11,0.218994140625,2025-12-15 20:03:19.469786
sh.601018,2020-02-05,2020-02-12,0.143310546875,2025-12-15 20:03:19.469786
sh.601018,2020-02-06,2020-02-13,0.162353515625,2025-12-15 20:03:19.469786
sh.601018,2020-02-07,2020-02-14,0.2105712890625,2025-12-15 20:03:19.469786
sh.601018,2020-02-10,2020-02-17,0.1253662109375,2025-12-15 20:03:19.469786
sh.601018,2020-02-11,2020-02-18,0.07330322265625,2025-12-15 20:03:19.469786
sh.601018,2020-02-12,2020-02-19,0.1591796875,2025-12-15 20:03:19.469786
sh.601018,2020-02-13,2020-02-20,0.1177978515625,2025-12-15 20:03:19.469786
sh.601018,2020-02-14,2020-02-21,0.1724853515625,2025-12-15 20:03:19.469786
sh.601018,2020-02-17,2020-02-24,0.161376953125,2025-12-15 20:03:19.469786
sh.601018,2020-02-18,2020-02-25,0.1551513671875,2025-12-15 20:03:19.469786
sh.601018,2020-02-19,2020-02-26,0.1478271484375,2025-12-15 20:03:19.469786
sh.601018,2020-02-20,2020-02-27,0.2440185546875,2025-12-15 20:03:19.469786
sh.601018,2020-02-21,2020-02-28,0.1104736328125,2025-12-15 20:03:19.469786
sh.601018,2020-02-24,2020-03-02,0.134765625,2025-12-15 20:03:19.469786
sh.601018,2020-02-25,2020-03-03,0.1441650390625,2025-12-15 20:03:19.469786
sh.601018,2020-02-26,2020-03-04,0.0726318359375,2025-12-15 20:03:19.469786
sh.601018,2020-02-27,2020-03-05,0.070556640625,2025-12-15 20:03:19.469786
sh.601018,2020-02-28,2020-03-06,0.1409912109375,2025-12-15 20:03:19.469786
sh.601018,2020-03-02,2020-03-09,0.361083984375,2025-12-15 20:03:19.469786
sh.601018,2020-03-03,2020-03-10,0.0699462890625,2025-12-15 20:03:19.469786
sh.601018,2020-03-04,2020-03-11,0.07977294921875,2025-12-15 20:03:19.469786
sh.601018,2020-03-05,2020-03-12,0.164794921875,2025-12-15 20:03:19.469786
sh.601018,2020-03-06,2020-03-13,0.1697998046875,2025-12-15 20:03:19.469786
sh.601018,2020-03-09,2020-03-16,0.0703125,2025-12-15 20:03:19.469786
sh.601018,2020-03-10,2020-03-17,0.0855712890625,2025-12-15 20:03:19.469786
sh.601018,2020-03-11,2020-03-18,0.079345703125,2025-12-15 20:03:19.469786
sh.601018,2020-03-12,2020-03-19,0.1407470703125,2025-12-15 20:03:19.469786
sh.601018,2020-03-13,2020-03-20,0.08062744140625,2025-12-15 20:03:19.469786
sh.601018,2020-03-16,2020-03-23,0.138916015625,2025-12-15 20:03:19.469786
sh.601018,2020-03-17,2020-03-24,0.132568359375,2025-12-15 20:03:19.469786
sh.601018,2020-03-18,2020-03-25,0.1343994140625,2025-12-15 20:03:19.469786
sh.601018,2020-03-19,2020-03-26,0.205810546875,2025-12-15 20:03:19.469786
sh.601018,2020-03-20,2020-03-27,0.2078857421875,2025-12-15 20:03:19.469786
sh.601018,2020-03-23,2020-03-30,0.12103271484375,2025-12-15 20:03:19.469786
sh.601018,2020-03-24,2020-03-31,0.093505859375,2025-12-15 20:03:19.469786
sh.601018,2020-03-25,2020-04-01,0.06768798828125,2025-12-15 20:03:19.469786
sh.601018,2020-03-26,2020-04-02,0.08270263671875,2025-12-15 20:03:19.469786
sh.601018,2020-03-27,2020-04-03,0.1533203125,2025-12-15 20:03:19.469786
sh.601018,2020-03-30,2020-04-06,0.1435546875,2025-12-15 20:03:19.469786
sh.601018,2020-03-31,2020-04-07,0.06878662109375,2025-12-15 20:03:19.469786
sh.601018,2020-04-01,2020-04-08,0.12200927734375,2025-12-15 20:03:19.469786
sh.601018,2020-04-02,2020-04-09,0.1163330078125,2025-12-15 20:03:19.469786
sh.601018,2020-04-03,2020-04-10,0.1361083984375,2025-12-15 20:03:19.469786
sh.601018,2020-04-07,2020-04-14,0.143310546875,2025-12-15 20:03:19.469786
sh.601018,2020-04-08,2020-04-15,0.093017578125,2025-12-15 20:03:19.469786
sh.601018,2020-04-09,2020-04-16,0.11199951171875,2025-12-15 20:03:19.469786
sh.601018,2020-04-10,2020-04-17,0.07171630859375,2025-12-15 20:03:19.469786
sh.601018,2020-04-13,2020-04-20,0.1339111328125,2025-12-15 20:03:19.469786
sh.601018,2020-04-14,2020-04-21,0.146240234375,2025-12-15 20:03:19.469786
sh.601018,2020-04-15,2020-04-22,0.08343505859375,2025-12-15 20:03:19.469786
sh.601018,2020-04-16,2020-04-23,0.10931396484375,2025-12-15 20:03:19.469786
sh.601018,2020-04-17,2020-04-24,0.089111328125,2025-12-15 20:03:19.469786
sh.601018,2020-04-20,2020-04-27,0.129150390625,2025-12-15 20:03:19.469786
sh.601018,2020-04-21,2020-04-28,0.103759765625,2025-12-15 20:03:19.469786
sh.601018,2020-04-22,2020-04-29,0.1214599609375,2025-12-15 20:03:19.469786
sh.601018,2020-04-23,2020-04-30,0.078369140625,2025-12-15 20:03:19.469786
sh.601018,2020-04-24,2020-05-01,0.12890625,2025-12-15 20:03:19.469786
sh.601018,2020-04-27,2020-05-04,0.137939453125,2025-12-15 20:03:19.469786
sh.601018,2020-04-28,2020-05-05,0.11859130859375,2025-12-15 20:03:19.469786
sh.601018,2020-04-29,2020-05-06,0.14501953125,2025-12-15 20:03:19.469786
sh.601018,2020-04-30,2020-05-07,0.09967041015625,2025-12-15 20:03:19.469786
sh.601018,2020-05-06,2020-05-13,0.12347412109375,2025-12-15 20:03:19.469786
sh.601018,2020-05-07,2020-05-14,0.08929443359375,2025-12-15 20:03:19.469786
sh.601018,2020-05-08,2020-05-15,0.283447265625,2025-12-15 20:03:19.469786
sh.601018,2020-05-11,2020-05-18,0.11578369140625,2025-12-15 20:03:19.469786
sh.601018,2020-05-12,2020-05-19,0.1300048828125,2025-12-15 20:03:19.469786
sh.601018,2020-05-13,2020-05-20,0.1239013671875,2025-12-15 20:03:19.469786
sh.601018,2020-05-14,2020-05-21,0.13525390625,2025-12-15 20:03:19.469786
sh.601018,2020-05-15,2020-05-22,0.07574462890625,2025-12-15 20:03:19.469786
sh.601018,2020-05-18,2020-05-25,0.1165771484375,2025-12-15 20:03:19.469786
sh.601018,2020-05-19,2020-05-26,0.11553955078125,2025-12-15 20:03:19.469786
sh.601018,2020-05-20,2020-05-27,0.12286376953125,2025-12-15 20:03:19.469786
sh.601018,2020-05-21,2020-05-28,0.1209716796875,2025-12-15 20:03:19.469786
sh.601018,2020-05-22,2020-05-29,0.12200927734375,2025-12-15 20:03:19.469786
sh.601018,2020-05-25,2020-06-01,0.097900390625,2025-12-15 20:03:19.469786
sh.601018,2020-05-26,2020-06-02,0.09039306640625,2025-12-15 20:03:19.469786
sh.601018,2020-05-27,2020-06-03,0.09722900390625,2025-12-15 20:03:19.469786
sh.601018,2020-05-28,2020-06-04,0.10504150390625,2025-12-15 20:03:19.469786
sh.601018,2020-05-29,2020-06-05,0.1229248046875,2025-12-15 20:03:19.469786
sh.601018,2020-06-01,2020-06-08,0.0948486328125,2025-12-15 20:03:19.469786
sh.601018,2020-06-02,2020-06-09,0.09893798828125,2025-12-15 20:03:19.469786
sh.601018,2020-06-03,2020-06-10,0.11260986328125,2025-12-15 20:03:19.469786
sh.601018,2020-06-04,2020-06-11,0.1187744140625,2025-12-15 20:03:19.469786
sh.601018,2020-06-05,2020-06-12,0.103759765625,2025-12-15 20:03:19.469786
sh.601018,2020-06-08,2020-06-15,0.1087646484375,2025-12-15 20:03:19.469786
sh.601018,2020-06-09,2020-06-16,0.11474609375,2025-12-15 20:03:19.469786
sh.601018,2020-06-10,2020-06-17,0.126220703125,2025-12-15 20:03:19.469786
sh.601018,2020-06-11,2020-06-18,0.1259765625,2025-12-15 20:03:19.469786
sh.601018,2020-06-12,2020-06-19,0.11737060546875,2025-12-15 20:03:19.469786
sh.601018,2020-06-15,2020-06-22,0.09930419921875,2025-12-15 20:03:19.469786
sh.601018,2020-06-16,2020-06-23,0.08416748046875,2025-12-15 20:03:19.469786
sh.601018,2020-06-17,2020-06-24,0.092529296875,2025-12-15 20:03:19.469786
sh.601018,2020-06-18,2020-06-25,0.2032470703125,2025-12-15 20:03:19.469786
sh.601018,2020-06-19,2020-06-26,0.093994140625,2025-12-15 20:03:19.469786
sh.601018,2020-06-22,2020-06-29,0.09686279296875,2025-12-15 20:03:19.469786
sh.601018,2020-06-23,2020-06-30,0.1357421875,2025-12-15 20:03:19.469786
sh.601018,2020-06-24,2020-07-01,0.1326904296875,2025-12-15 20:03:19.469786
sh.601018,2020-06-29,2020-07-06,0.1319580078125,2025-12-15 20:03:19.469786
sh.601018,2020-06-30,2020-07-07,0.1556396484375,2025-12-15 20:03:19.469786
sh.601018,2020-07-01,2020-07-08,0.177490234375,2025-12-15 20:03:19.469786
sh.601018,2020-07-02,2020-07-09,0.1337890625,2025-12-15 20:03:19.469786
sh.601018,2020-07-03,2020-07-10,0.1629638671875,2025-12-15 20:03:19.469786
sh.601018,2020-07-06,2020-07-13,0.1805419921875,2025-12-15 20:03:19.469786
sh.601018,2020-07-07,2020-07-14,0.140625,2025-12-15 20:03:19.469786
sh.601018,2020-07-08,2020-07-15,0.2054443359375,2025-12-15 20:03:19.469786
sh.601018,2020-07-09,2020-07-16,0.2325439453125,2025-12-15 20:03:19.469786
sh.601018,2020-07-10,2020-07-17,0.220458984375,2025-12-15 20:03:19.469786
sh.601018,2020-07-13,2020-07-20,0.304443359375,2025-12-15 20:03:19.469786
sh.601018,2020-07-14,2020-07-21,0.2213134765625,2025-12-15 20:03:19.469786
sh.601018,2020-07-15,2020-07-22,0.20068359375,2025-12-15 20:03:19.469786
sh.601018,2020-07-16,2020-07-23,0.13134765625,2025-12-15 20:03:19.469786
sh.601018,2020-07-17,2020-07-24,0.095703125,2025-12-15 20:03:19.469786
sh.601018,2020-07-20,2020-07-27,0.255615234375,2025-12-15 20:03:19.469786
sh.601018,2020-07-21,2020-07-28,0.11517333984375,2025-12-15 20:03:19.469786
sh.601018,2020-07-22,2020-07-29,0.1365966796875,2025-12-15 20:03:19.469786
sh.601018,2020-07-23,2020-07-30,0.1461181640625,2025-12-15 20:03:19.469786
sh.601018,2020-07-24,2020-07-31,0.1295166015625,2025-12-15 20:03:19.469786
sh.601018,2020-07-27,2020-08-03,0.1070556640625,2025-12-15 20:03:19.469786
sh.601018,2020-07-28,2020-08-04,0.1627197265625,2025-12-15 20:03:19.469786
sh.601018,2020-07-29,2020-08-05,0.14501953125,2025-12-15 20:03:19.469786
sh.601018,2020-07-30,2020-08-06,0.1314697265625,2025-12-15 20:03:19.469786
sh.601018,2020-07-31,2020-08-07,0.24072265625,2025-12-15 20:03:19.469786
sh.601018,2020-08-03,2020-08-10,0.226806640625,2025-12-15 20:03:19.469786
sh.601018,2020-08-04,2020-08-11,0.255859375,2025-12-15 20:03:19.469786
sh.601018,2020-08-05,2020-08-12,0.154296875,2025-12-15 20:03:19.469786
sh.601018,2020-08-06,2020-08-13,0.1507568359375,2025-12-15 20:03:19.469786
sh.601018,2020-08-07,2020-08-14,0.156005859375,2025-12-15 20:03:19.469786
sh.601018,2020-08-10,2020-08-17,0.1326904296875,2025-12-15 20:03:19.469786
sh.601018,2020-08-11,2020-08-18,0.136962890625,2025-12-15 20:03:19.469786
sh.601018,2020-08-12,2020-08-19,0.137939453125,2025-12-15 20:03:19.469786
sh.601018,2020-08-13,2020-08-20,0.09234619140625,2025-12-15 20:03:19.469786
sh.601018,2020-08-14,2020-08-21,0.139892578125,2025-12-15 20:03:19.469786
sh.601018,2020-08-17,2020-08-24,0.1654052734375,2025-12-15 20:03:19.469786
sh.601018,2020-08-18,2020-08-25,0.1495361328125,2025-12-15 20:03:19.469786
sh.601018,2020-08-19,2020-08-26,0.1461181640625,2025-12-15 20:03:19.469786
sh.601018,2020-08-20,2020-08-27,0.1378173828125,2025-12-15 20:03:19.469786
sh.601018,2020-08-21,2020-08-28,0.09771728515625,2025-12-15 20:03:19.469786
sh.601018,2020-08-24,2020-08-31,0.1380615234375,2025-12-15 20:03:19.469786
sh.601018,2020-08-25,2020-09-01,0.12127685546875,2025-12-15 20:03:19.469786
sh.601018,2020-08-26,2020-09-02,0.1351318359375,2025-12-15 20:03:19.469786
sh.601018,2020-08-27,2020-09-03,0.11181640625,2025-12-15 20:03:19.469786
sh.601018,2020-08-28,2020-09-04,0.089111328125,2025-12-15 20:03:19.469786
sh.601018,2020-08-31,2020-09-07,0.131103515625,2025-12-15 20:03:19.469786
sh.601018,2020-09-01,2020-09-08,0.08538818359375,2025-12-15 20:03:19.469786
sh.601018,2020-09-02,2020-09-09,0.10650634765625,2025-12-15 20:03:19.469786
sh.601018,2020-09-03,2020-09-10,0.075439453125,2025-12-15 20:03:19.469786
sh.601018,2020-09-04,2020-09-11,0.097900390625,2025-12-15 20:03:19.469786
sh.601018,2020-09-07,2020-09-14,0.09417724609375,2025-12-15 20:03:19.469786
sh.601018,2020-09-08,2020-09-15,0.105224609375,2025-12-15 20:03:19.469786
sh.601018,2020-09-09,2020-09-16,0.10821533203125,2025-12-15 20:03:19.469786
sh.601018,2020-09-10,2020-09-17,0.1317138671875,2025-12-15 20:03:19.469786
sh.601018,2020-09-11,2020-09-18,0.1295166015625,2025-12-15 20:03:19.469786
sh.601018,2020-09-14,2020-09-21,0.12548828125,2025-12-15 20:03:19.469786
sh.601018,2020-09-15,2020-09-22,0.13720703125,2025-12-15 20:03:19.469786
sh.601018,2020-09-16,2020-09-23,0.44384765625,2025-12-15 20:03:19.469786
sh.601018,2020-09-17,2020-09-24,0.1845703125,2025-12-15 20:03:19.469786
sh.601018,2020-09-18,2020-09-25,0.21630859375,2025-12-15 20:03:19.469786
sh.601018,2020-09-21,2020-09-28,0.14892578125,2025-12-15 20:03:19.469786
sh.601018,2020-09-22,2020-09-29,0.1458740234375,2025-12-15 20:03:19.469786
sh.601018,2020-09-23,2020-09-30,0.1346435546875,2025-12-15 20:03:19.469786
sh.601018,2020-09-24,2020-10-01,0.1329345703125,2025-12-15 20:03:19.469786
sh.601018,2020-09-25,2020-10-02,0.1231689453125,2025-12-15 20:03:19.469786
sh.601018,2020-09-28,2020-10-05,0.1224365234375,2025-12-15 20:03:19.469786
sh.601018,2020-09-29,2020-10-06,0.09637451171875,2025-12-15 20:03:19.469786
sh.601018,2020-09-30,2020-10-07,0.135498046875,2025-12-15 20:03:19.469786
sh.601018,2020-10-09,2020-10-16,0.2939453125,2025-12-15 20:03:19.469786
sh.601018,2020-10-12,2020-10-19,0.1287841796875,2025-12-15 20:03:19.469786
sh.601018,2020-10-13,2020-10-20,0.1278076171875,2025-12-15 20:03:19.469786
sh.601018,2020-10-14,2020-10-21,0.1278076171875,2025-12-15 20:03:19.469786
sh.601018,2020-10-15,2020-10-22,0.1279296875,2025-12-15 20:03:19.469786
sh.601018,2020-10-16,2020-10-23,0.08648681640625,2025-12-15 20:03:19.469786
sh.601018,2020-10-19,2020-10-26,0.1143798828125,2025-12-15 20:03:19.469786
sh.601018,2020-10-20,2020-10-27,0.1806640625,2025-12-15 20:03:19.469786
sh.601018,2020-10-21,2020-10-28,0.143798828125,2025-12-15 20:03:19.469786
sh.601018,2020-10-22,2020-10-29,0.15966796875,2025-12-15 20:03:19.469786
sh.601018,2020-10-23,2020-10-30,0.260009765625,2025-12-15 20:03:19.469786
sh.601018,2020-10-26,2020-11-02,0.1539306640625,2025-12-15 20:03:19.469786
sh.601018,2020-10-27,2020-11-03,0.276123046875,2025-12-15 20:03:19.469786
sh.601018,2020-10-28,2020-11-04,0.218505859375,2025-12-15 20:03:19.469786
sh.601018,2020-10-29,2020-11-05,0.2469482421875,2025-12-15 20:03:19.469786
sh.601018,2020-10-30,2020-11-06,0.2122802734375,2025-12-15 20:03:19.469786
sh.601018,2020-11-02,2020-11-09,0.427978515625,2025-12-15 20:03:19.469786
sh.601018,2020-11-03,2020-11-10,0.35986328125,2025-12-15 20:03:19.469786
sh.601018,2020-11-04,2020-11-11,0.265869140625,2025-12-15 20:03:19.469786
sh.601018,2020-11-05,2020-11-12,0.2203369140625,2025-12-15 20:03:19.469786
sh.601018,2020-11-06,2020-11-13,0.0867919921875,2025-12-15 20:03:19.469786
sh.601018,2020-11-09,2020-11-16,0.1973876953125,2025-12-15 20:03:19.469786
sh.601018,2020-11-10,2020-11-17,0.1357421875,2025-12-15 20:03:19.469786
sh.601018,2020-11-11,2020-11-18,0.1048583984375,2025-12-15 20:03:19.469786
sh.601018,2020-11-12,2020-11-19,0.08038330078125,2025-12-15 20:03:19.469786
sh.601018,2020-11-13,2020-11-20,0.11553955078125,2025-12-15 20:03:19.469786
sh.601018,2020-11-16,2020-11-23,0.10577392578125,2025-12-15 20:03:19.469786
sh.601018,2020-11-17,2020-11-24,0.100341796875,2025-12-15 20:03:19.469786
sh.601018,2020-11-18,2020-11-25,0.14453125,2025-12-15 20:03:19.469786
sh.601018,2020-11-19,2020-11-26,0.08758544921875,2025-12-15 20:03:19.469786
sh.601018,2020-11-20,2020-11-27,0.09417724609375,2025-12-15 20:03:19.469786
sh.601018,2020-11-23,2020-11-30,0.08978271484375,2025-12-15 20:03:19.469786
sh.601018,2020-11-24,2020-12-01,0.1285400390625,2025-12-15 20:03:19.469786
sh.601018,2020-11-25,2020-12-02,0.12158203125,2025-12-15 20:03:19.469786
sh.601018,2020-11-26,2020-12-03,0.17822265625,2025-12-15 20:03:19.469786
sh.601018,2020-11-27,2020-12-04,0.11163330078125,2025-12-15 20:03:19.469786
sh.601018,2020-11-30,2020-12-07,0.1165771484375,2025-12-15 20:03:19.469786
sh.601018,2020-12-01,2020-12-08,0.10430908203125,2025-12-15 20:03:19.469786
sh.601018,2020-12-02,2020-12-09,0.1358642578125,2025-12-15 20:03:19.469786
sh.601018,2020-12-03,2020-12-10,0.12139892578125,2025-12-15 20:03:19.469786
sh.601018,2020-12-04,2020-12-11,0.1688232421875,2025-12-15 20:03:19.469786
sh.601018,2020-12-07,2020-12-14,0.1309814453125,2025-12-15 20:03:19.469786
sh.601018,2020-12-08,2020-12-15,0.11163330078125,2025-12-15 20:03:19.469786
sh.601018,2020-12-09,2020-12-16,0.1259765625,2025-12-15 20:03:19.469786
sh.601018,2020-12-10,2020-12-17,0.130859375,2025-12-15 20:03:19.469786
sh.601018,2020-12-11,2020-12-18,0.1240234375,2025-12-15 20:03:19.469786
sh.601018,2020-12-14,2020-12-21,0.1671142578125,2025-12-15 20:03:19.469786
sh.601018,2020-12-15,2020-12-22,0.22509765625,2025-12-15 20:03:19.469786
sh.601018,2020-12-16,2020-12-23,0.20703125,2025-12-15 20:03:19.469786
sh.601018,2020-12-17,2020-12-24,0.1683349609375,2025-12-15 20:03:19.469786
sh.601018,2020-12-18,2020-12-25,0.10247802734375,2025-12-15 20:03:19.469786
sh.601018,2020-12-21,2020-12-28,0.0982666015625,2025-12-15 20:03:19.469786
sh.601018,2020-12-22,2020-12-29,0.148193359375,2025-12-15 20:03:19.469786
sh.601018,2020-12-23,2020-12-30,0.2049560546875,2025-12-15 20:03:19.469786
sh.601018,2020-12-24,2020-12-31,0.1083984375,2025-12-15 20:03:19.469786
sh.601018,2020-12-25,2021-01-01,0.1251220703125,2025-12-15 20:03:19.469786
sh.601018,2020-12-28,2021-01-04,0.0855712890625,2025-12-15 20:03:19.469786
sh.601018,2020-12-29,2021-01-05,0.06695556640625,2025-12-15 20:03:19.469786
sh.601018,2020-12-30,2021-01-06,0.077392578125,2025-12-15 20:03:19.469786
sh.601018,2020-12-31,2021-01-07,0.11260986328125,2025-12-15 20:03:19.469786
sh.601018,2021-01-04,2021-01-11,0.09912109375,2025-12-15 20:03:19.469786
sh.601018,2021-01-05,2021-01-12,0.16650390625,2025-12-15 20:03:19.469786
sh.601018,2021-01-06,2021-01-13,0.1688232421875,2025-12-15 20:03:19.469786
sh.601018,2021-01-07,2021-01-14,0.10107421875,2025-12-15 20:03:19.469786
sh.601018,2021-01-08,2021-01-15,0.1307373046875,2025-12-15 20:03:19.469786
sh.601018,2021-01-11,2021-01-18,0.11676025390625,2025-12-15 20:03:19.469786
sh.601018,2021-01-12,2021-01-19,0.07879638671875,2025-12-15 20:03:19.469786
sh.601018,2021-01-13,2021-01-20,0.115966796875,2025-12-15 20:03:19.469786
sh.601018,2021-01-14,2021-01-21,0.09588623046875,2025-12-15 20:03:19.469786
sh.601018,2021-01-15,2021-01-22,0.10723876953125,2025-12-15 20:03:19.469786
sh.601018,2021-01-18,2021-01-25,0.126220703125,2025-12-15 20:03:19.469786
sh.601018,2021-01-19,2021-01-26,0.1346435546875,2025-12-15 20:03:19.469786
sh.601018,2021-01-20,2021-01-27,0.176513671875,2025-12-15 20:03:19.469786
sh.601018,2021-01-21,2021-01-28,0.0784912109375,2025-12-15 20:03:19.469786
sh.601018,2021-01-22,2021-01-29,0.12890625,2025-12-15 20:03:19.469786
sh.601018,2021-01-25,2021-02-01,0.1334228515625,2025-12-15 20:03:19.469786
sh.601018,2021-01-26,2021-02-02,0.136962890625,2025-12-15 20:03:19.469786
sh.601018,2021-01-27,2021-02-03,0.203369140625,2025-12-15 20:03:19.469786
sh.601018,2021-01-28,2021-02-04,0.290283203125,2025-12-15 20:03:19.469786
sh.601018,2021-01-29,2021-02-05,0.2271728515625,2025-12-15 20:03:19.469786
sh.601018,2021-02-01,2021-02-08,0.306884765625,2025-12-15 20:03:19.469786
sh.601018,2021-02-02,2021-02-09,0.239013671875,2025-12-15 20:03:19.469786
sh.601018,2021-02-03,2021-02-10,0.140380859375,2025-12-15 20:03:19.469786
sh.601018,2021-02-04,2021-02-11,0.1812744140625,2025-12-15 20:03:19.469786
sh.601018,2021-02-05,2021-02-12,0.39208984375,2025-12-15 20:03:19.469786
sh.601018,2021-02-08,2021-02-15,0.33984375,2025-12-15 20:03:19.469786
sh.601018,2021-02-09,2021-02-16,0.2340087890625,2025-12-15 20:03:19.469786
sh.601018,2021-02-10,2021-02-17,0.14208984375,2025-12-15 20:03:19.469786
sh.601018,2021-02-18,2021-02-25,0.254150390625,2025-12-15 20:03:19.469786
sh.601018,2021-02-19,2021-02-26,0.315185546875,2025-12-15 20:03:19.469786
sh.601018,2021-02-22,2021-03-01,0.09722900390625,2025-12-15 20:03:19.469786
sh.601018,2021-02-23,2021-03-02,0.08758544921875,2025-12-15 20:03:19.469786
sh.601018,2021-02-24,2021-03-03,0.1177978515625,2025-12-15 20:03:19.469786
sh.601018,2021-02-25,2021-03-04,0.11395263671875,2025-12-15 20:03:19.469786
sh.601018,2021-02-26,2021-03-05,0.11920166015625,2025-12-15 20:03:19.469786
sh.601018,2021-03-01,2021-03-08,0.13525390625,2025-12-15 20:03:19.469786
sh.601018,2021-03-02,2021-03-09,0.11395263671875,2025-12-15 20:03:19.469786
sh.601018,2021-03-03,2021-03-10,0.368896484375,2025-12-15 20:03:19.469786
sh.601018,2021-03-04,2021-03-11,0.09185791015625,2025-12-15 20:03:19.469786
sh.601018,2021-03-05,2021-03-12,0.091064453125,2025-12-15 20:03:19.469786
sh.601018,2021-03-08,2021-03-15,0.1104736328125,2025-12-15 20:03:19.469786
sh.601018,2021-03-09,2021-03-16,0.1373291015625,2025-12-15 20:03:19.469786
sh.601018,2021-03-10,2021-03-17,0.135009765625,2025-12-15 20:03:19.469786
sh.601018,2021-03-11,2021-03-18,0.17041015625,2025-12-15 20:03:19.469786
sh.601018,2021-03-12,2021-03-19,0.163818359375,2025-12-15 20:03:19.469786
sh.601018,2021-03-15,2021-03-22,0.1490478515625,2025-12-15 20:03:19.469786
sh.601018,2021-03-16,2021-03-23,0.2421875,2025-12-15 20:03:19.469786
sh.601018,2021-03-17,2021-03-24,0.1363525390625,2025-12-15 20:03:19.469786
sh.601018,2021-03-18,2021-03-25,0.1524658203125,2025-12-15 20:03:19.469786
sh.601018,2021-03-19,2021-03-26,0.11932373046875,2025-12-15 20:03:19.469786
sh.601018,2021-03-22,2021-03-29,0.289306640625,2025-12-15 20:03:19.469786
sh.601018,2021-03-23,2021-03-30,0.12249755859375,2025-12-15 20:03:19.469786
sh.601018,2021-03-24,2021-03-31,0.1317138671875,2025-12-15 20:03:19.469786
sh.601018,2021-03-25,2021-04-01,0.11102294921875,2025-12-15 20:03:19.469786
sh.601018,2021-03-26,2021-04-02,0.1259765625,2025-12-15 20:03:19.469786
sh.601018,2021-03-29,2021-04-05,0.1611328125,2025-12-15 20:03:19.469786
sh.601018,2021-03-30,2021-04-06,0.14306640625,2025-12-15 20:03:19.469786
sh.601018,2021-03-31,2021-04-07,0.0999755859375,2025-12-15 20:03:19.469786
sh.601018,2021-04-01,2021-04-08,0.1392822265625,2025-12-15 20:03:19.469786
sh.601018,2021-04-02,2021-04-09,0.13427734375,2025-12-15 20:03:19.469786
sh.601018,2021-04-06,2021-04-13,0.143310546875,2025-12-15 20:03:19.469786
sh.601018,2021-04-07,2021-04-14,0.1326904296875,2025-12-15 20:03:19.469786
sh.601018,2021-04-08,2021-04-15,0.1435546875,2025-12-15 20:03:19.469786
sh.601018,2021-04-09,2021-04-16,0.09417724609375,2025-12-15 20:03:19.469786
sh.601018,2021-04-12,2021-04-19,0.13623046875,2025-12-15 20:03:19.469786
sh.601018,2021-04-13,2021-04-20,0.11798095703125,2025-12-15 20:03:19.469786
sh.601018,2021-04-14,2021-04-21,0.1402587890625,2025-12-15 20:03:19.469786
sh.601018,2021-04-15,2021-04-22,0.1375732421875,2025-12-15 20:03:19.469786
sh.601018,2021-04-16,2021-04-23,0.128662109375,2025-12-15 20:03:19.469786
sh.601018,2021-04-19,2021-04-26,0.188232421875,2025-12-15 20:03:19.469786
sh.601018,2021-04-20,2021-04-27,0.1583251953125,2025-12-15 20:03:19.469786
sh.601018,2021-04-21,2021-04-28,0.13427734375,2025-12-15 20:03:19.469786
sh.601018,2021-04-22,2021-04-29,0.1318359375,2025-12-15 20:03:19.469786
sh.601018,2021-04-23,2021-04-30,0.1298828125,2025-12-15 20:03:19.469786
sh.601018,2021-04-26,2021-05-03,0.12274169921875,2025-12-15 20:03:19.469786
sh.601018,2021-04-27,2021-05-04,0.124755859375,2025-12-15 20:03:19.469786
sh.601018,2021-04-28,2021-05-05,0.1094970703125,2025-12-15 20:03:19.469786
sh.601018,2021-04-29,2021-05-06,0.11993408203125,2025-12-15 20:03:19.469786
sh.601018,2021-04-30,2021-05-07,0.1343994140625,2025-12-15 20:03:19.469786
sh.601018,2021-05-06,2021-05-13,0.495361328125,2025-12-15 20:03:19.469786
sh.601018,2021-05-07,2021-05-14,0.07366943359375,2025-12-15 20:03:19.469786
sh.601018,2021-05-10,2021-05-17,0.136474609375,2025-12-15 20:03:19.469786
sh.601018,2021-05-11,2021-05-18,0.142578125,2025-12-15 20:03:19.469786
sh.601018,2021-05-12,2021-05-19,0.1279296875,2025-12-15 20:03:19.469786
sh.601018,2021-05-13,2021-05-20,0.1424560546875,2025-12-15 20:03:19.469786
sh.601018,2021-05-14,2021-05-21,0.2015380859375,2025-12-15 20:03:19.469786
sh.601018,2021-05-17,2021-05-24,0.12139892578125,2025-12-15 20:03:19.469786
sh.601018,2021-05-18,2021-05-25,0.15966796875,2025-12-15 20:03:19.469786
sh.601018,2021-05-19,2021-05-26,0.138671875,2025-12-15 20:03:19.469786
sh.601018,2021-05-20,2021-05-27,0.1239013671875,2025-12-15 20:03:19.469786
sh.601018,2021-05-21,2021-05-28,0.07666015625,2025-12-15 20:03:19.469786
sh.601018,2021-05-24,2021-05-31,0.097412109375,2025-12-15 20:03:19.469786
sh.601018,2021-05-25,2021-06-01,0.12139892578125,2025-12-15 20:03:19.469786
sh.601018,2021-05-26,2021-06-02,0.1236572265625,2025-12-15 20:03:19.469786
sh.601018,2021-05-27,2021-06-03,0.10302734375,2025-12-15 20:03:19.469786
sh.601018,2021-05-28,2021-06-04,0.0872802734375,2025-12-15 20:03:19.469786
sh.601018,2021-05-31,2021-06-07,0.1414794921875,2025-12-15 20:03:19.469786
sh.601018,2021-06-01,2021-06-08,0.1878662109375,2025-12-15 20:03:19.469786
sh.601018,2021-06-02,2021-06-09,0.256591796875,2025-12-15 20:03:19.469786
sh.601018,2021-06-03,2021-06-10,0.09320068359375,2025-12-15 20:03:19.469786
sh.601018,2021-06-04,2021-06-11,0.146240234375,2025-12-15 20:03:19.469786
sh.601018,2021-06-07,2021-06-14,0.1402587890625,2025-12-15 20:03:19.469786
sh.601018,2021-06-08,2021-06-15,0.141357421875,2025-12-15 20:03:19.469786
sh.601018,2021-06-09,2021-06-16,0.1361083984375,2025-12-15 20:03:19.469786
sh.601018,2021-06-10,2021-06-17,0.439208984375,2025-12-15 20:03:19.469786
sh.601018,2021-06-11,2021-06-18,0.1033935546875,2025-12-15 20:03:19.469786
sh.601018,2021-06-15,2021-06-22,0.1201171875,2025-12-15 20:03:19.469786
sh.601018,2021-06-16,2021-06-23,0.11859130859375,2025-12-15 20:03:19.469786
sh.601018,2021-06-17,2021-06-24,0.072509765625,2025-12-15 20:03:19.469786
sh.601018,2021-06-18,2021-06-25,0.1531982421875,2025-12-15 20:03:19.469786
sh.601018,2021-06-21,2021-06-28,0.1163330078125,2025-12-15 20:03:19.469786
sh.601018,2021-06-22,2021-06-29,0.083740234375,2025-12-15 20:03:19.469786
sh.601018,2021-06-23,2021-06-30,0.1898193359375,2025-12-15 20:03:19.469786
sh.601018,2021-06-24,2021-07-01,0.12274169921875,2025-12-15 20:03:19.469786
sh.601018,2021-06-25,2021-07-02,0.17041015625,2025-12-15 20:03:19.469786
sh.601018,2021-06-28,2021-07-05,0.1383056640625,2025-12-15 20:03:19.469786
sh.601018,2021-06-29,2021-07-06,0.1221923828125,2025-12-15 20:03:19.469786
sh.601018,2021-06-30,2021-07-07,0.134033203125,2025-12-15 20:03:19.469786
sh.601018,2021-07-01,2021-07-08,0.1351318359375,2025-12-15 20:03:19.469786
sh.601018,2021-07-02,2021-07-09,0.131591796875,2025-12-15 20:03:19.469786
sh.601018,2021-07-05,2021-07-12,0.07183837890625,2025-12-15 20:03:19.469786
sh.601018,2021-07-06,2021-07-13,0.12139892578125,2025-12-15 20:03:19.469786
sh.601018,2021-07-07,2021-07-14,0.155517578125,2025-12-15 20:03:19.469786
sh.601018,2021-07-08,2021-07-15,0.1201171875,2025-12-15 20:03:19.469786
sh.601018,2021-07-09,2021-07-16,0.127685546875,2025-12-15 20:03:19.469786
sh.601018,2021-07-12,2021-07-19,0.12548828125,2025-12-15 20:03:19.469786
sh.601018,2021-07-13,2021-07-20,0.09588623046875,2025-12-15 20:03:19.469786
sh.601018,2021-07-14,2021-07-21,0.10992431640625,2025-12-15 20:03:19.469786
sh.601018,2021-07-15,2021-07-22,0.12213134765625,2025-12-15 20:03:19.469786
sh.601018,2021-07-16,2021-07-23,0.10821533203125,2025-12-15 20:03:19.469786
sh.601018,2021-07-19,2021-07-26,0.1187744140625,2025-12-15 20:03:19.469786
sh.601018,2021-07-20,2021-07-27,0.12744140625,2025-12-15 20:03:19.469786
sh.601018,2021-07-21,2021-07-28,0.1319580078125,2025-12-15 20:03:19.469786
sh.601018,2021-07-22,2021-07-29,0.2191162109375,2025-12-15 20:03:19.469786
sh.601018,2021-07-23,2021-07-30,0.1373291015625,2025-12-15 20:03:19.469786
sh.601018,2021-07-26,2021-08-02,0.151611328125,2025-12-15 20:03:19.469786
sh.601018,2021-07-27,2021-08-03,0.284912109375,2025-12-15 20:03:19.469786
sh.601018,2021-07-28,2021-08-04,0.2998046875,2025-12-15 20:03:19.469786
sh.601018,2021-07-29,2021-08-05,0.544921875,2025-12-15 20:03:19.469786
sh.601018,2021-07-30,2021-08-06,0.478759765625,2025-12-15 20:03:19.469786
sh.601018,2021-08-02,2021-08-09,0.40380859375,2025-12-15 20:03:19.469786
sh.601018,2021-08-03,2021-08-10,0.1202392578125,2025-12-15 20:03:19.469786
sh.601018,2021-08-04,2021-08-11,0.27490234375,2025-12-15 20:03:19.469786
sh.601018,2021-08-05,2021-08-12,0.1573486328125,2025-12-15 20:03:19.469786
sh.601018,2021-08-06,2021-08-13,0.172607421875,2025-12-15 20:03:19.469786
sh.601018,2021-08-09,2021-08-16,0.392578125,2025-12-15 20:03:19.469786
sh.601018,2021-08-10,2021-08-17,0.2144775390625,2025-12-15 20:03:19.469786
sh.601018,2021-08-11,2021-08-18,0.1910400390625,2025-12-15 20:03:19.469786
sh.601018,2021-08-12,2021-08-19,0.28662109375,2025-12-15 20:03:19.469786
sh.601018,2021-08-13,2021-08-20,0.314697265625,2025-12-15 20:03:19.469786
sh.601018,2021-08-16,2021-08-23,0.3583984375,2025-12-15 20:03:19.469786
sh.601018,2021-08-17,2021-08-24,0.1900634765625,2025-12-15 20:03:19.469786
sh.601018,2021-08-18,2021-08-25,0.31591796875,2025-12-15 20:03:19.469786
sh.601018,2021-08-19,2021-08-26,0.2371826171875,2025-12-15 20:03:19.469786
sh.601018,2021-08-20,2021-08-27,0.303466796875,2025-12-15 20:03:19.469786
sh.601018,2021-08-23,2021-08-30,0.48779296875,2025-12-15 20:03:19.469786
sh.601018,2021-08-24,2021-08-31,0.277587890625,2025-12-15 20:03:19.469786
sh.601018,2021-08-25,2021-09-01,0.26513671875,2025-12-15 20:03:19.469786
sh.601018,2021-08-26,2021-09-02,0.09930419921875,2025-12-15 20:03:19.469786
sh.601018,2021-08-27,2021-09-03,0.130615234375,2025-12-15 20:03:19.469786
sh.601018,2021-08-30,2021-09-06,0.07977294921875,2025-12-15 20:03:19.469786
sh.601018,2021-08-31,2021-09-07,0.128662109375,2025-12-15 20:03:19.469786
sh.601018,2021-09-01,2021-09-08,0.0792236328125,2025-12-15 20:03:19.469786
sh.601018,2021-09-02,2021-09-09,0.10174560546875,2025-12-15 20:03:19.469786
sh.601018,2021-09-03,2021-09-10,0.1256103515625,2025-12-15 20:03:19.469786
sh.601018,2021-09-06,2021-09-13,0.138671875,2025-12-15 20:03:19.469786
sh.601018,2021-09-07,2021-09-14,0.1639404296875,2025-12-15 20:03:19.469786
sh.601018,2021-09-08,2021-09-15,0.2335205078125,2025-12-15 20:03:19.469786
sh.601018,2021-09-09,2021-09-16,0.12286376953125,2025-12-15 20:03:19.469786
sh.601018,2021-09-10,2021-09-17,0.1451416015625,2025-12-15 20:03:19.469786
sh.601018,2021-09-13,2021-09-20,0.1419677734375,2025-12-15 20:03:19.469786
sh.601018,2021-09-14,2021-09-21,0.1400146484375,2025-12-15 20:03:19.469786
sh.601018,2021-09-15,2021-09-22,0.1446533203125,2025-12-15 20:03:19.469786
sh.601018,2021-09-16,2021-09-23,0.1094970703125,2025-12-15 20:03:19.469786
sh.601018,2021-09-17,2021-09-24,0.11553955078125,2025-12-15 20:03:19.469786
sh.601018,2021-09-22,2021-09-29,0.2183837890625,2025-12-15 20:03:19.469786
sh.601018,2021-09-23,2021-09-30,0.198486328125,2025-12-15 20:03:19.469786
sh.601018,2021-09-24,2021-10-01,0.12042236328125,2025-12-15 20:03:19.469786
sh.601018,2021-09-27,2021-10-04,0.1373291015625,2025-12-15 20:03:19.469786
sh.601018,2021-09-28,2021-10-05,0.154296875,2025-12-15 20:03:19.469786
sh.601018,2021-09-29,2021-10-06,0.1240234375,2025-12-15 20:03:19.469786
sh.601018,2021-09-30,2021-10-07,0.11553955078125,2025-12-15 20:03:19.469786
sh.601018,2021-10-08,2021-10-15,0.1514892578125,2025-12-15 20:03:19.469786
sh.601018,2021-10-11,2021-10-18,0.140869140625,2025-12-15 20:03:19.469786
sh.601018,2021-10-12,2021-10-19,0.134033203125,2025-12-15 20:03:19.469786
sh.601018,2021-10-13,2021-10-20,0.1322021484375,2025-12-15 20:03:19.469786
sh.601018,2021-10-14,2021-10-21,0.134521484375,2025-12-15 20:03:19.469786
sh.601018,2021-10-15,2021-10-22,0.126953125,2025-12-15 20:03:19.469786
sh.601018,2021-10-18,2021-10-25,0.2470703125,2025-12-15 20:03:19.469786
sh.601018,2021-10-19,2021-10-26,0.1336669921875,2025-12-15 20:03:19.469786
sh.601018,2021-10-20,2021-10-27,0.134033203125,2025-12-15 20:03:19.469786
sh.601018,2021-10-21,2021-10-28,0.1326904296875,2025-12-15 20:03:19.469786
sh.601018,2021-10-22,2021-10-29,0.1309814453125,2025-12-15 20:03:19.469786
sh.601018,2021-10-25,2021-11-01,0.1318359375,2025-12-15 20:03:19.469786
sh.601018,2021-10-26,2021-11-02,0.1392822265625,2025-12-15 20:03:19.469786
sh.601018,2021-10-27,2021-11-03,0.1800537109375,2025-12-15 20:03:19.469786
sh.601018,2021-10-28,2021-11-04,0.167724609375,2025-12-15 20:03:19.469786
sh.601018,2021-10-29,2021-11-05,0.1527099609375,2025-12-15 20:03:19.469786
sh.601018,2021-11-01,2021-11-08,0.1727294921875,2025-12-15 20:03:19.469786
sh.601018,2021-11-02,2021-11-09,0.14501953125,2025-12-15 20:03:19.469786
sh.601018,2021-11-03,2021-11-10,0.1885986328125,2025-12-15 20:03:19.469786
sh.601018,2021-11-04,2021-11-11,0.164794921875,2025-12-15 20:03:19.469786
sh.601018,2021-11-05,2021-11-12,0.1845703125,2025-12-15 20:03:19.469786
sh.601018,2021-11-08,2021-11-15,0.352294921875,2025-12-15 20:03:19.469786
sh.601018,2021-11-09,2021-11-16,0.2269287109375,2025-12-15 20:03:19.469786
sh.601018,2021-11-10,2021-11-17,0.194580078125,2025-12-15 20:03:19.469786
sh.601018,2021-11-11,2021-11-18,0.280517578125,2025-12-15 20:03:19.469786
sh.601018,2021-11-12,2021-11-19,0.1729736328125,2025-12-15 20:03:19.469786
sh.601018,2021-11-15,2021-11-22,0.200439453125,2025-12-15 20:03:19.469786
sh.601018,2021-11-16,2021-11-23,0.114990234375,2025-12-15 20:03:19.469786
sh.601018,2021-11-17,2021-11-24,0.1717529296875,2025-12-15 20:03:19.469786
sh.601018,2021-11-18,2021-11-25,0.1563720703125,2025-12-15 20:03:19.469786
sh.601018,2021-11-19,2021-11-26,0.39111328125,2025-12-15 20:03:19.469786
sh.601018,2021-11-22,2021-11-29,0.1124267578125,2025-12-15 20:03:19.469786
sh.601018,2021-11-23,2021-11-30,0.078369140625,2025-12-15 20:03:19.469786
sh.601018,2021-11-24,2021-12-01,0.1510009765625,2025-12-15 20:03:19.469786
sh.601018,2021-11-25,2021-12-02,0.138671875,2025-12-15 20:03:19.469786
sh.601018,2021-11-26,2021-12-03,0.1519775390625,2025-12-15 20:03:19.469786
sh.601018,2021-11-29,2021-12-06,0.294677734375,2025-12-15 20:03:19.469786
sh.601018,2021-11-30,2021-12-07,0.19287109375,2025-12-15 20:03:19.469786
sh.601018,2021-12-01,2021-12-08,0.2100830078125,2025-12-15 20:03:19.469786
sh.601018,2021-12-02,2021-12-09,0.07421875,2025-12-15 20:03:19.469786
sh.601018,2021-12-03,2021-12-10,0.390380859375,2025-12-15 20:03:19.469786
sh.601018,2021-12-06,2021-12-13,0.1326904296875,2025-12-15 20:03:19.469786
sh.601018,2021-12-07,2021-12-14,0.094482421875,2025-12-15 20:03:19.469786
sh.601018,2021-12-08,2021-12-15,0.12176513671875,2025-12-15 20:03:19.469786
sh.601018,2021-12-09,2021-12-16,0.12249755859375,2025-12-15 20:03:19.469786
sh.601018,2021-12-10,2021-12-17,0.1390380859375,2025-12-15 20:03:19.469786
sh.601018,2021-12-13,2021-12-20,0.1295166015625,2025-12-15 20:03:19.469786
sh.601018,2021-12-14,2021-12-21,0.130859375,2025-12-15 20:03:19.469786
sh.601018,2021-12-15,2021-12-22,0.09088134765625,2025-12-15 20:03:19.469786
sh.601018,2021-12-16,2021-12-23,0.1751708984375,2025-12-15 20:03:19.469786
sh.601018,2021-12-17,2021-12-24,0.1795654296875,2025-12-15 20:03:19.469786
sh.601018,2021-12-20,2021-12-27,0.177978515625,2025-12-15 20:03:19.469786
sh.601018,2021-12-21,2021-12-28,0.173828125,2025-12-15 20:03:19.469786
sh.601018,2021-12-22,2021-12-29,0.140625,2025-12-15 20:03:19.469786
sh.601018,2021-12-23,2021-12-30,0.1444091796875,2025-12-15 20:03:19.469786
sh.601018,2021-12-24,2021-12-31,0.1259765625,2025-12-15 20:03:19.469786
sh.601018,2021-12-27,2022-01-03,0.131103515625,2025-12-15 20:03:19.469786
sh.601018,2021-12-28,2022-01-04,0.1214599609375,2025-12-15 20:03:19.469786
sh.601018,2021-12-29,2022-01-05,0.0830078125,2025-12-15 20:03:19.469786
sh.601018,2021-12-30,2022-01-06,0.132080078125,2025-12-15 20:03:19.469786
sh.601018,2021-12-31,2022-01-07,0.1593017578125,2025-12-15 20:03:19.469786
sh.601018,2022-01-04,2022-01-11,0.1639404296875,2025-12-15 20:03:19.469786
sh.601018,2022-01-05,2022-01-12,0.0965576171875,2025-12-15 20:03:19.469786
sh.601018,2022-01-06,2022-01-13,0.12066650390625,2025-12-15 20:03:19.469786
sh.601018,2022-01-07,2022-01-14,0.1259765625,2025-12-15 20:03:19.469786
sh.601018,2022-01-10,2022-01-17,0.140869140625,2025-12-15 20:03:19.469786
sh.601018,2022-01-11,2022-01-18,0.181884765625,2025-12-15 20:03:19.469786
sh.601018,2022-01-12,2022-01-19,0.12744140625,2025-12-15 20:03:19.469786
sh.601018,2022-01-13,2022-01-20,0.15380859375,2025-12-15 20:03:19.469786
sh.601018,2022-01-14,2022-01-21,0.135498046875,2025-12-15 20:03:19.469786
sh.601018,2022-01-17,2022-01-24,0.143310546875,2025-12-15 20:03:19.469786
sh.601018,2022-01-18,2022-01-25,0.314697265625,2025-12-15 20:03:19.469786
sh.601018,2022-01-19,2022-01-26,0.1822509765625,2025-12-15 20:03:19.469786
sh.601018,2022-01-20,2022-01-27,0.1229248046875,2025-12-15 20:03:19.469786
sh.601018,2022-01-21,2022-01-28,0.133544921875,2025-12-15 20:03:19.469786
sh.601018,2022-01-24,2022-01-31,0.1656494140625,2025-12-15 20:03:19.469786
sh.601018,2022-01-25,2022-02-01,0.12890625,2025-12-15 20:03:19.469786
sh.601018,2022-01-26,2022-02-02,0.15380859375,2025-12-15 20:03:19.469786
sh.601018,2022-01-27,2022-02-03,0.1328125,2025-12-15 20:03:19.469786
sh.601018,2022-01-28,2022-02-04,0.11199951171875,2025-12-15 20:03:19.469786
sh.601018,2022-02-07,2022-02-14,0.1463623046875,2025-12-15 20:03:19.469786
sh.601018,2022-02-08,2022-02-15,0.189208984375,2025-12-15 20:03:19.469786
sh.601018,2022-02-09,2022-02-16,0.1463623046875,2025-12-15 20:03:19.469786
sh.601018,2022-02-10,2022-02-17,0.2381591796875,2025-12-15 20:03:19.469786
sh.601018,2022-02-11,2022-02-18,0.1448974609375,2025-12-15 20:03:19.469786
sh.601018,2022-02-14,2022-02-21,0.1512451171875,2025-12-15 20:03:19.469786
sh.601018,2022-02-15,2022-02-22,0.146484375,2025-12-15 20:03:19.469786
sh.601018,2022-02-16,2022-02-23,0.37646484375,2025-12-15 20:03:19.469786
sh.601018,2022-02-17,2022-02-24,0.1422119140625,2025-12-15 20:03:19.469786
sh.601018,2022-02-18,2022-02-25,0.2198486328125,2025-12-15 20:03:19.469786
sh.601018,2022-02-21,2022-02-28,0.196533203125,2025-12-15 20:03:19.469786
sh.601018,2022-02-22,2022-03-01,0.1435546875,2025-12-15 20:03:19.469786
sh.601018,2022-02-23,2022-03-02,0.1319580078125,2025-12-15 20:03:19.469786
sh.601018,2022-02-24,2022-03-03,0.13330078125,2025-12-15 20:03:19.469786
sh.601018,2022-02-25,2022-03-04,0.0753173828125,2025-12-15 20:03:19.469786
sh.601018,2022-02-28,2022-03-07,0.1124267578125,2025-12-15 20:03:19.469786
sh.601018,2022-03-01,2022-03-08,0.1658935546875,2025-12-15 20:03:19.469786
sh.601018,2022-03-02,2022-03-09,0.1358642578125,2025-12-15 20:03:19.469786
sh.601018,2022-03-03,2022-03-10,0.1805419921875,2025-12-15 20:03:19.469786
sh.601018,2022-03-04,2022-03-11,0.1845703125,2025-12-15 20:03:19.469786
sh.601018,2022-03-07,2022-03-14,0.11578369140625,2025-12-15 20:03:19.469786
sh.601018,2022-03-08,2022-03-15,0.13916015625,2025-12-15 20:03:19.469786
sh.601018,2022-03-09,2022-03-16,0.1124267578125,2025-12-15 20:03:19.469786
sh.601018,2022-03-10,2022-03-17,0.1341552734375,2025-12-15 20:03:19.469786
sh.601018,2022-03-11,2022-03-18,0.123046875,2025-12-15 20:03:19.469786
sh.601018,2022-03-14,2022-03-21,0.12139892578125,2025-12-15 20:03:19.469786
sh.601018,2022-03-15,2022-03-22,0.1619873046875,2025-12-15 20:03:19.469786
sh.601018,2022-03-16,2022-03-23,0.13671875,2025-12-15 20:03:19.469786
sh.601018,2022-03-17,2022-03-24,0.1298828125,2025-12-15 20:03:19.469786
sh.601018,2022-03-18,2022-03-25,0.0994873046875,2025-12-15 20:03:19.469786
sh.601018,2022-03-21,2022-03-28,0.1083984375,2025-12-15 20:03:19.469786
sh.601018,2022-03-22,2022-03-29,0.087890625,2025-12-15 20:03:19.469786
sh.601018,2022-03-23,2022-03-30,0.1324462890625,2025-12-15 20:03:19.469786
sh.601018,2022-03-24,2022-03-31,0.1348876953125,2025-12-15 20:03:19.469786
sh.601018,2022-03-25,2022-04-01,0.11676025390625,2025-12-15 20:03:19.469786
sh.601018,2022-03-28,2022-04-04,0.1279296875,2025-12-15 20:03:19.469786
sh.601018,2022-03-29,2022-04-05,0.0823974609375,2025-12-15 20:03:19.469786
sh.601018,2022-03-30,2022-04-06,0.0965576171875,2025-12-15 20:03:19.469786
sh.601018,2022-03-31,2022-04-07,0.0982666015625,2025-12-15 20:03:19.469786
sh.601018,2022-04-01,2022-04-08,0.08447265625,2025-12-15 20:03:19.469786
sh.601018,2022-04-06,2022-04-13,0.09075927734375,2025-12-15 20:03:19.469786
sh.601018,2022-04-07,2022-04-14,0.10284423828125,2025-12-15 20:03:19.469786
sh.601018,2022-04-08,2022-04-15,0.154296875,2025-12-15 20:03:19.469786
sh.601018,2022-04-11,2022-04-18,0.10302734375,2025-12-15 20:03:19.469786
sh.601018,2022-04-12,2022-04-19,0.1260986328125,2025-12-15 20:03:19.469786
sh.601018,2022-04-13,2022-04-20,0.11578369140625,2025-12-15 20:03:19.469786
sh.601018,2022-04-14,2022-04-21,0.205078125,2025-12-15 20:03:19.469786
sh.601018,2022-04-15,2022-04-22,0.1317138671875,2025-12-15 20:03:19.469786
sh.601018,2022-04-18,2022-04-25,0.10894775390625,2025-12-15 20:03:19.469786
sh.601018,2022-04-19,2022-04-26,0.1431884765625,2025-12-15 20:03:19.469786
sh.601018,2022-04-20,2022-04-27,0.1434326171875,2025-12-15 20:03:19.469786
sh.601018,2022-04-21,2022-04-28,0.132568359375,2025-12-15 20:03:19.469786
sh.601018,2022-04-22,2022-04-29,0.0999755859375,2025-12-15 20:03:19.469786
sh.601018,2022-04-25,2022-05-02,0.13720703125,2025-12-15 20:03:19.469786
sh.601018,2022-04-26,2022-05-03,0.1444091796875,2025-12-15 20:03:19.469786
sh.601018,2022-04-27,2022-05-04,0.1781005859375,2025-12-15 20:03:19.469786
sh.601018,2022-04-28,2022-05-05,0.12420654296875,2025-12-15 20:03:19.469786
sh.601018,2022-04-29,2022-05-06,0.08831787109375,2025-12-15 20:03:19.469786
sh.601018,2022-05-05,2022-05-12,0.1199951171875,2025-12-15 20:03:19.469786
sh.601018,2022-05-06,2022-05-13,0.1488037109375,2025-12-15 20:03:19.469786
sh.601018,2022-05-09,2022-05-16,0.23583984375,2025-12-15 20:03:19.469786
sh.601018,2022-05-10,2022-05-17,0.1578369140625,2025-12-15 20:03:19.469786
sh.601018,2022-05-11,2022-05-18,0.105224609375,2025-12-15 20:03:19.469786
sh.601018,2022-05-12,2022-05-19,0.10430908203125,2025-12-15 20:03:19.469786
sh.601018,2022-05-13,2022-05-20,0.2203369140625,2025-12-15 20:03:19.469786
sh.601018,2022-05-16,2022-05-23,0.10174560546875,2025-12-15 20:03:19.469786
sh.601018,2022-05-17,2022-05-24,0.1163330078125,2025-12-15 20:03:19.469786
sh.601018,2022-05-18,2022-05-25,0.134033203125,2025-12-15 20:03:19.469786
sh.601018,2022-05-19,2022-05-26,0.10302734375,2025-12-15 20:03:19.469786
sh.601018,2022-05-20,2022-05-27,0.1044921875,2025-12-15 20:03:19.469786
sh.601018,2022-05-23,2022-05-30,0.10687255859375,2025-12-15 20:03:19.469786
sh.601018,2022-05-24,2022-05-31,0.13037109375,2025-12-15 20:03:19.469786
sh.601018,2022-05-25,2022-06-01,0.172607421875,2025-12-15 20:03:19.469786
sh.601018,2022-05-26,2022-06-02,0.0965576171875,2025-12-15 20:03:19.469786
sh.601018,2022-05-27,2022-06-03,0.1778564453125,2025-12-15 20:03:19.469786
sh.601018,2022-05-30,2022-06-06,0.10089111328125,2025-12-15 20:03:19.469786
sh.601018,2022-05-31,2022-06-07,0.0863037109375,2025-12-15 20:03:19.469786
sh.601018,2022-06-01,2022-06-08,0.11376953125,2025-12-15 20:03:19.469786
sh.601018,2022-06-02,2022-06-09,0.140380859375,2025-12-15 20:03:19.469786
sh.601018,2022-06-06,2022-06-13,0.1463623046875,2025-12-15 20:03:19.469786
sh.601018,2022-06-07,2022-06-14,0.11102294921875,2025-12-15 20:03:19.469786
sh.601018,2022-06-08,2022-06-15,0.1236572265625,2025-12-15 20:03:19.469786
sh.601018,2022-06-09,2022-06-16,0.12054443359375,2025-12-15 20:03:19.469786
sh.601018,2022-06-10,2022-06-17,0.0943603515625,2025-12-15 20:03:19.469786
sh.601018,2022-06-13,2022-06-20,0.0855712890625,2025-12-15 20:03:19.469786
sh.601018,2022-06-14,2022-06-21,0.1689453125,2025-12-15 20:03:19.469786
sh.601018,2022-06-15,2022-06-22,0.0867919921875,2025-12-15 20:03:19.469786
sh.601018,2022-06-16,2022-06-23,0.1463623046875,2025-12-15 20:03:19.469786
sh.601018,2022-06-17,2022-06-24,0.129150390625,2025-12-15 20:03:19.469786
sh.601018,2022-06-20,2022-06-27,0.1397705078125,2025-12-15 20:03:19.469786
sh.601018,2022-06-21,2022-06-28,0.1383056640625,2025-12-15 20:03:19.469786
sh.601018,2022-06-22,2022-06-29,0.11614990234375,2025-12-15 20:03:19.469786
sh.601018,2022-06-23,2022-06-30,0.1630859375,2025-12-15 20:03:19.469786
sh.601018,2022-06-24,2022-07-01,0.156005859375,2025-12-15 20:03:19.469786
sh.601018,2022-06-27,2022-07-04,0.1385498046875,2025-12-15 20:03:19.469786
sh.601018,2022-06-28,2022-07-05,0.1353759765625,2025-12-15 20:03:19.469786
sh.601018,2022-06-29,2022-07-06,0.13134765625,2025-12-15 20:03:19.469786
sh.601018,2022-06-30,2022-07-07,0.1124267578125,2025-12-15 20:03:19.469786
sh.601018,2022-07-01,2022-07-08,0.14208984375,2025-12-15 20:03:19.469786
sh.601018,2022-07-04,2022-07-11,0.09771728515625,2025-12-15 20:03:19.469786
sh.601018,2022-07-05,2022-07-12,0.07720947265625,2025-12-15 20:03:19.469786
sh.601018,2022-07-06,2022-07-13,0.134521484375,2025-12-15 20:03:19.469786
sh.601018,2022-07-07,2022-07-14,0.1297607421875,2025-12-15 20:03:19.469786
sh.601018,2022-07-08,2022-07-15,0.169189453125,2025-12-15 20:03:19.469786
sh.601018,2022-07-11,2022-07-18,0.1424560546875,2025-12-15 20:03:19.469786
sh.601018,2022-07-12,2022-07-19,0.0948486328125,2025-12-15 20:03:19.469786
sh.601018,2022-07-13,2022-07-20,0.278564453125,2025-12-15 20:03:19.469786
sh.601018,2022-07-14,2022-07-21,0.150634765625,2025-12-15 20:03:19.469786
sh.601018,2022-07-15,2022-07-22,0.12841796875,2025-12-15 20:03:19.469786
sh.601018,2022-07-18,2022-07-25,0.1507568359375,2025-12-15 20:03:19.469786
sh.601018,2022-07-19,2022-07-26,0.1519775390625,2025-12-15 20:03:19.469786
sh.601018,2022-07-20,2022-07-27,0.26708984375,2025-12-15 20:03:19.469786
sh.601018,2022-07-21,2022-07-28,0.134033203125,2025-12-15 20:03:19.469786
sh.601018,2022-07-22,2022-07-29,0.0994873046875,2025-12-15 20:03:19.469786
sh.601018,2022-07-25,2022-08-01,0.1568603515625,2025-12-15 20:03:19.469786
sh.601018,2022-07-26,2022-08-02,0.2362060546875,2025-12-15 20:03:19.469786
sh.601018,2022-07-27,2022-08-03,0.1456298828125,2025-12-15 20:03:19.469786
sh.601018,2022-07-28,2022-08-04,0.139892578125,2025-12-15 20:03:19.469786
sh.601018,2022-07-29,2022-08-05,0.135986328125,2025-12-15 20:03:19.469786
sh.601018,2022-08-01,2022-08-08,0.1390380859375,2025-12-15 20:03:19.469786
sh.601018,2022-08-02,2022-08-09,0.12890625,2025-12-15 20:03:19.469786
sh.601018,2022-08-03,2022-08-10,0.1207275390625,2025-12-15 20:03:19.469786
sh.601018,2022-08-04,2022-08-11,0.1590576171875,2025-12-15 20:03:19.469786
sh.601018,2022-08-05,2022-08-12,0.143798828125,2025-12-15 20:03:19.469786
sh.601018,2022-08-08,2022-08-15,0.1143798828125,2025-12-15 20:03:19.469786
sh.601018,2022-08-09,2022-08-16,0.1600341796875,2025-12-15 20:03:19.469786
sh.601018,2022-08-10,2022-08-17,0.1627197265625,2025-12-15 20:03:19.469786
sh.601018,2022-08-11,2022-08-18,0.171875,2025-12-15 20:03:19.469786
sh.601018,2022-08-12,2022-08-19,0.09722900390625,2025-12-15 20:03:19.469786
sh.601018,2022-08-15,2022-08-22,0.1392822265625,2025-12-15 20:03:19.469786
sh.601018,2022-08-16,2022-08-23,0.12274169921875,2025-12-15 20:03:19.469786
sh.601018,2022-08-17,2022-08-24,0.1246337890625,2025-12-15 20:03:19.469786
sh.601018,2022-08-18,2022-08-25,0.134521484375,2025-12-15 20:03:19.469786
sh.601018,2022-08-19,2022-08-26,0.11859130859375,2025-12-15 20:03:19.469786
sh.601018,2022-08-22,2022-08-29,0.092041015625,2025-12-15 20:03:19.469786
sh.601018,2022-08-23,2022-08-30,0.2293701171875,2025-12-15 20:03:19.469786
sh.601018,2022-08-24,2022-08-31,0.1307373046875,2025-12-15 20:03:19.469786
sh.601018,2022-08-25,2022-09-01,0.204345703125,2025-12-15 20:03:19.469786
sh.601018,2022-08-26,2022-09-02,0.2232666015625,2025-12-15 20:03:19.469786
sh.601018,2022-08-29,2022-09-05,0.2890625,2025-12-15 20:03:19.469786
sh.601018,2022-08-30,2022-09-06,0.2147216796875,2025-12-15 20:03:19.469786
sh.601018,2022-08-31,2022-09-07,0.241455078125,2025-12-15 20:03:19.469786
sh.601018,2022-09-01,2022-09-08,0.158935546875,2025-12-15 20:03:19.469786
sh.601018,2022-09-02,2022-09-09,0.260498046875,2025-12-15 20:03:19.469786
sh.601018,2022-09-05,2022-09-12,0.2880859375,2025-12-15 20:03:19.469786
sh.601018,2022-09-06,2022-09-13,0.27294921875,2025-12-15 20:03:19.469786
sh.601018,2022-09-07,2022-09-14,0.2587890625,2025-12-15 20:03:19.469786
sh.601018,2022-09-08,2022-09-15,0.290771484375,2025-12-15 20:03:19.469786
sh.601018,2022-09-09,2022-09-16,0.2393798828125,2025-12-15 20:03:19.469786
sh.601018,2022-09-13,2022-09-20,0.2257080078125,2025-12-15 20:03:19.469786
sh.601018,2022-09-14,2022-09-21,0.1783447265625,2025-12-15 20:03:19.469786
sh.601018,2022-09-15,2022-09-22,0.21630859375,2025-12-15 20:03:19.469786
sh.601018,2022-09-16,2022-09-23,0.14208984375,2025-12-15 20:03:19.469786
sh.601018,2022-09-19,2022-09-26,0.137451171875,2025-12-15 20:03:19.469786
sh.601018,2022-09-20,2022-09-27,0.1270751953125,2025-12-15 20:03:19.469786
sh.601018,2022-09-21,2022-09-28,0.1419677734375,2025-12-15 20:03:19.469786
sh.601018,2022-09-22,2022-09-29,0.142333984375,2025-12-15 20:03:19.469786
sh.601018,2022-09-23,2022-09-30,0.1583251953125,2025-12-15 20:03:19.469786
sh.601018,2022-09-26,2022-10-03,0.1304931640625,2025-12-15 20:03:19.469786
sh.601018,2022-09-27,2022-10-04,0.1387939453125,2025-12-15 20:03:19.469786
sh.601018,2022-09-28,2022-10-05,0.14990234375,2025-12-15 20:03:19.469786
sh.601018,2022-09-29,2022-10-06,0.11798095703125,2025-12-15 20:03:19.469786
sh.601018,2022-09-30,2022-10-07,0.10174560546875,2025-12-15 20:03:19.469786
sh.601018,2022-10-10,2022-10-17,0.1199951171875,2025-12-15 20:03:19.469786
sh.601018,2022-10-11,2022-10-18,0.12322998046875,2025-12-15 20:03:19.469786
sh.601018,2022-10-12,2022-10-19,0.11376953125,2025-12-15 20:03:19.469786
sh.601018,2022-10-13,2022-10-20,0.142333984375,2025-12-15 20:03:19.469786
sh.601018,2022-10-14,2022-10-21,0.07342529296875,2025-12-15 20:03:19.469786
sh.601018,2022-10-17,2022-10-24,0.09844970703125,2025-12-15 20:03:19.469786
sh.601018,2022-10-18,2022-10-25,0.1190185546875,2025-12-15 20:03:19.469786
sh.601018,2022-10-19,2022-10-26,0.0753173828125,2025-12-15 20:03:19.469786
sh.601018,2022-10-20,2022-10-27,0.1300048828125,2025-12-15 20:03:19.469786
sh.601018,2022-10-21,2022-10-28,0.0894775390625,2025-12-15 20:03:19.469786
sh.601018,2022-10-24,2022-10-31,0.12744140625,2025-12-15 20:03:19.469786
sh.601018,2022-10-25,2022-11-01,0.12261962890625,2025-12-15 20:03:19.469786
sh.601018,2022-10-26,2022-11-02,0.10357666015625,2025-12-15 20:03:19.469786
sh.601018,2022-10-27,2022-11-03,0.11517333984375,2025-12-15 20:03:19.469786
sh.601018,2022-10-28,2022-11-04,0.1448974609375,2025-12-15 20:03:19.469786
sh.601018,2022-10-31,2022-11-07,0.181884765625,2025-12-15 20:03:19.469786
sh.601018,2022-11-01,2022-11-08,0.262939453125,2025-12-15 20:03:19.469786
sh.601018,2022-11-02,2022-11-09,0.2142333984375,2025-12-15 20:03:19.469786
sh.601018,2022-11-03,2022-11-10,0.296142578125,2025-12-15 20:03:19.469786
sh.601018,2022-11-04,2022-11-11,0.2470703125,2025-12-15 20:03:19.469786
sh.601018,2022-11-07,2022-11-14,0.11260986328125,2025-12-15 20:03:19.469786
sh.601018,2022-11-08,2022-11-15,0.1519775390625,2025-12-15 20:03:19.469786
sh.601018,2022-11-09,2022-11-16,0.160400390625,2025-12-15 20:03:19.469786
sh.601018,2022-11-10,2022-11-17,0.1263427734375,2025-12-15 20:03:19.469786
sh.601018,2022-11-11,2022-11-18,0.1044921875,2025-12-15 20:03:19.469786
sh.601018,2022-11-14,2022-11-21,0.129150390625,2025-12-15 20:03:19.469786
sh.601018,2022-11-15,2022-11-22,0.129638671875,2025-12-15 20:03:19.469786
sh.601018,2022-11-16,2022-11-23,0.10052490234375,2025-12-15 20:03:19.469786
sh.601018,2022-11-17,2022-11-24,0.10797119140625,2025-12-15 20:03:19.469786
sh.601018,2022-11-18,2022-11-25,0.1268310546875,2025-12-15 20:03:19.469786
sh.601018,2022-11-21,2022-11-28,0.1473388671875,2025-12-15 20:03:19.469786
sh.601018,2022-11-22,2022-11-29,0.1236572265625,2025-12-15 20:03:19.469786
sh.601018,2022-11-23,2022-11-30,0.08343505859375,2025-12-15 20:03:19.469786
sh.601018,2022-11-24,2022-12-01,0.13671875,2025-12-15 20:03:19.469786
sh.601018,2022-11-25,2022-12-02,0.0965576171875,2025-12-15 20:03:19.469786
sh.601018,2022-11-28,2022-12-05,0.1259765625,2025-12-15 20:03:19.469786
sh.601018,2022-11-29,2022-12-06,0.136962890625,2025-12-15 20:03:19.469786
sh.601018,2022-11-30,2022-12-07,0.1993408203125,2025-12-15 20:03:19.469786
sh.601018,2022-12-01,2022-12-08,0.1346435546875,2025-12-15 20:03:19.469786
sh.601018,2022-12-02,2022-12-09,0.140869140625,2025-12-15 20:03:19.469786
sh.601018,2022-12-05,2022-12-12,0.296142578125,2025-12-15 20:03:19.469786
sh.601018,2022-12-06,2022-12-13,0.1671142578125,2025-12-15 20:03:19.469786
sh.601018,2022-12-07,2022-12-14,0.13037109375,2025-12-15 20:03:19.469786
sh.601018,2022-12-08,2022-12-15,0.0823974609375,2025-12-15 20:03:19.469786
sh.601018,2022-12-09,2022-12-16,0.1163330078125,2025-12-15 20:03:19.469786
sh.601018,2022-12-12,2022-12-19,0.1402587890625,2025-12-15 20:03:19.469786
sh.601018,2022-12-13,2022-12-20,0.20849609375,2025-12-15 20:03:19.469786
sh.601018,2022-12-14,2022-12-21,0.1251220703125,2025-12-15 20:03:19.469786
sh.601018,2022-12-15,2022-12-22,0.10357666015625,2025-12-15 20:03:19.469786
sh.601018,2022-12-16,2022-12-23,0.489013671875,2025-12-15 20:03:19.469786
sh.601018,2022-12-19,2022-12-26,0.1324462890625,2025-12-15 20:03:19.469786
sh.601018,2022-12-20,2022-12-27,0.1143798828125,2025-12-15 20:03:19.469786
sh.601018,2022-12-21,2022-12-28,0.10687255859375,2025-12-15 20:03:19.469786
sh.601018,2022-12-22,2022-12-29,0.1363525390625,2025-12-15 20:03:19.469786
sh.601018,2022-12-23,2022-12-30,0.260986328125,2025-12-15 20:03:19.469786
sh.601018,2022-12-26,2023-01-02,0.333251953125,2025-12-15 20:03:19.469786
sh.601018,2022-12-27,2023-01-03,0.1275634765625,2025-12-15 20:03:19.469786
sh.601018,2022-12-28,2023-01-04,0.127197265625,2025-12-15 20:03:19.469786
sh.601018,2022-12-29,2023-01-05,0.1419677734375,2025-12-15 20:03:19.469786
sh.601018,2022-12-30,2023-01-06,0.11395263671875,2025-12-15 20:03:19.469786
sh.601018,2023-01-03,2023-01-10,0.1165771484375,2025-12-15 20:03:19.469786
sh.601018,2023-01-04,2023-01-11,0.429443359375,2025-12-15 20:03:19.469786
sh.601018,2023-01-05,2023-01-12,0.10968017578125,2025-12-15 20:03:19.469786
sh.601018,2023-01-06,2023-01-13,0.1336669921875,2025-12-15 20:03:19.469786
sh.601018,2023-01-09,2023-01-16,0.1279296875,2025-12-15 20:03:19.469786
sh.601018,2023-01-10,2023-01-17,0.1513671875,2025-12-15 20:03:19.469786
sh.601018,2023-01-11,2023-01-18,0.155029296875,2025-12-15 20:03:19.469786
sh.601018,2023-01-12,2023-01-19,0.17236328125,2025-12-15 20:03:19.469786
sh.601018,2023-01-13,2023-01-20,0.1800537109375,2025-12-15 20:03:19.469786
sh.601018,2023-01-16,2023-01-23,0.0987548828125,2025-12-15 20:03:19.469786
sh.601018,2023-01-17,2023-01-24,0.1622314453125,2025-12-15 20:03:19.469786
sh.601018,2023-01-18,2023-01-25,0.09075927734375,2025-12-15 20:03:19.469786
sh.601018,2023-01-19,2023-01-26,0.134765625,2025-12-15 20:03:19.469786
sh.601018,2023-01-20,2023-01-27,0.11199951171875,2025-12-15 20:03:19.469786
sh.601018,2023-01-30,2023-02-06,0.1365966796875,2025-12-15 20:03:19.469786
sh.601018,2023-01-31,2023-02-07,0.48681640625,2025-12-15 20:03:19.469786
sh.601018,2023-02-01,2023-02-08,0.1629638671875,2025-12-15 20:03:19.469786
sh.601018,2023-02-02,2023-02-09,0.14111328125,2025-12-15 20:03:19.469786
sh.601018,2023-02-03,2023-02-10,0.15234375,2025-12-15 20:03:19.469786
sh.601018,2023-02-06,2023-02-13,0.08868408203125,2025-12-15 20:03:19.469786
sh.601018,2023-02-07,2023-02-14,0.1478271484375,2025-12-15 20:03:19.469786
sh.601018,2023-02-08,2023-02-15,0.1348876953125,2025-12-15 20:03:19.469786
sh.601018,2023-02-09,2023-02-16,0.43359375,2025-12-15 20:03:19.469786
sh.601018,2023-02-10,2023-02-17,0.1822509765625,2025-12-15 20:03:19.469786
sh.601018,2023-02-13,2023-02-20,0.161865234375,2025-12-15 20:03:19.469786
sh.601018,2023-02-14,2023-02-21,0.1903076171875,2025-12-15 20:03:19.469786
sh.601018,2023-02-15,2023-02-22,0.146728515625,2025-12-15 20:03:19.469786
sh.601018,2023-02-16,2023-02-23,0.129150390625,2025-12-15 20:03:19.469786
sh.601018,2023-02-17,2023-02-24,0.1231689453125,2025-12-15 20:03:19.469786
sh.601018,2023-02-20,2023-02-27,0.132568359375,2025-12-15 20:03:19.469786
sh.601018,2023-02-21,2023-02-28,0.08831787109375,2025-12-15 20:03:19.469786
sh.601018,2023-02-22,2023-03-01,0.14599609375,2025-12-15 20:03:19.469786
sh.601018,2023-02-23,2023-03-02,0.122314453125,2025-12-15 20:03:19.469786
sh.601018,2023-02-24,2023-03-03,0.1373291015625,2025-12-15 20:03:19.469786
sh.601018,2023-02-27,2023-03-06,0.1346435546875,2025-12-15 20:03:19.469786
sh.601018,2023-02-28,2023-03-07,0.1708984375,2025-12-15 20:03:19.469786
sh.601018,2023-03-01,2023-03-08,0.1217041015625,2025-12-15 20:03:19.469786
sh.601018,2023-03-02,2023-03-09,0.11126708984375,2025-12-15 20:03:19.469786
sh.601018,2023-03-03,2023-03-10,0.144287109375,2025-12-15 20:03:19.469786
sh.601018,2023-03-06,2023-03-13,0.1292724609375,2025-12-15 20:03:19.469786
sh.601018,2023-03-07,2023-03-14,0.1087646484375,2025-12-15 20:03:19.469786
sh.601018,2023-03-08,2023-03-15,0.2130126953125,2025-12-15 20:03:19.469786
sh.601018,2023-03-09,2023-03-16,0.1529541015625,2025-12-15 20:03:19.469786
sh.601018,2023-03-10,2023-03-17,0.1324462890625,2025-12-15 20:03:19.469786
sh.601018,2023-03-13,2023-03-20,0.1534423828125,2025-12-15 20:03:19.469786
sh.601018,2023-03-14,2023-03-21,0.12213134765625,2025-12-15 20:03:19.469786
sh.601018,2023-03-15,2023-03-22,0.146240234375,2025-12-15 20:03:19.469786
sh.601018,2023-03-16,2023-03-23,0.1217041015625,2025-12-15 20:03:19.469786
sh.601018,2023-03-17,2023-03-24,0.1341552734375,2025-12-15 20:03:19.469786
sh.601018,2023-03-20,2023-03-27,0.1297607421875,2025-12-15 20:03:19.469786
sh.601018,2023-03-21,2023-03-28,0.12890625,2025-12-15 20:03:19.469786
sh.601018,2023-03-22,2023-03-29,0.1551513671875,2025-12-15 20:03:19.469786
sh.601018,2023-03-23,2023-03-30,0.1654052734375,2025-12-15 20:03:19.469786
sh.601018,2023-03-24,2023-03-31,0.1590576171875,2025-12-15 20:03:19.469786
sh.601018,2023-03-27,2023-04-03,0.135986328125,2025-12-15 20:03:19.469786
sh.601018,2023-03-28,2023-04-04,0.137939453125,2025-12-15 20:03:19.469786
sh.601018,2023-03-29,2023-04-05,0.1474609375,2025-12-15 20:03:19.469786
sh.601018,2023-03-30,2023-04-06,0.156005859375,2025-12-15 20:03:19.469786
sh.601018,2023-03-31,2023-04-07,0.10302734375,2025-12-15 20:03:19.469786
sh.601018,2023-04-03,2023-04-10,0.134521484375,2025-12-15 20:03:19.469786
sh.601018,2023-04-04,2023-04-11,0.2255859375,2025-12-15 20:03:19.469786
sh.601018,2023-04-06,2023-04-13,0.1414794921875,2025-12-15 20:03:19.469786
sh.601018,2023-04-07,2023-04-14,0.183349609375,2025-12-15 20:03:19.469786
sh.601018,2023-04-10,2023-04-17,0.1566162109375,2025-12-15 20:03:19.469786
sh.601018,2023-04-11,2023-04-18,0.1949462890625,2025-12-15 20:03:19.469786
sh.601018,2023-04-12,2023-04-19,0.1368408203125,2025-12-15 20:03:19.469786
sh.601018,2023-04-13,2023-04-20,0.1302490234375,2025-12-15 20:03:19.469786
sh.601018,2023-04-14,2023-04-21,0.1585693359375,2025-12-15 20:03:19.469786
sh.601018,2023-04-17,2023-04-24,0.138916015625,2025-12-15 20:03:19.469786
sh.601018,2023-04-18,2023-04-25,0.217529296875,2025-12-15 20:03:19.469786
sh.601018,2023-04-19,2023-04-26,0.1949462890625,2025-12-15 20:03:19.469786
sh.601018,2023-04-20,2023-04-27,0.224365234375,2025-12-15 20:03:19.469786
sh.601018,2023-04-21,2023-04-28,0.1248779296875,2025-12-15 20:03:19.469786
sh.601018,2023-04-24,2023-05-01,0.181396484375,2025-12-15 20:03:19.469786
sh.601018,2023-04-25,2023-05-02,0.1485595703125,2025-12-15 20:03:19.469786
sh.601018,2023-04-26,2023-05-03,0.22509765625,2025-12-15 20:03:19.469786
sh.601018,2023-04-27,2023-05-04,0.24072265625,2025-12-15 20:03:19.469786
sh.601018,2023-04-28,2023-05-05,0.18798828125,2025-12-15 20:03:19.469786
sh.601018,2023-05-04,2023-05-11,0.11260986328125,2025-12-15 20:03:19.469786
sh.601018,2023-05-05,2023-05-12,0.28466796875,2025-12-15 20:03:19.469786
sh.601018,2023-05-08,2023-05-15,0.1441650390625,2025-12-15 20:03:19.469786
sh.601018,2023-05-09,2023-05-16,0.1304931640625,2025-12-15 20:03:19.469786
sh.601018,2023-05-10,2023-05-17,0.12939453125,2025-12-15 20:03:19.469786
sh.601018,2023-05-11,2023-05-18,0.11065673828125,2025-12-15 20:03:19.469786
sh.601018,2023-05-12,2023-05-19,0.132568359375,2025-12-15 20:03:19.469786
sh.601018,2023-05-15,2023-05-22,0.147216796875,2025-12-15 20:03:19.469786
sh.601018,2023-05-16,2023-05-23,0.1431884765625,2025-12-15 20:03:19.469786
sh.601018,2023-05-17,2023-05-24,0.130126953125,2025-12-15 20:03:19.469786
sh.601018,2023-05-18,2023-05-25,0.1087646484375,2025-12-15 20:03:19.469786
sh.601018,2023-05-19,2023-05-26,0.13037109375,2025-12-15 20:03:19.469786
sh.601018,2023-05-22,2023-05-29,0.086181640625,2025-12-15 20:03:19.469786
sh.601018,2023-05-23,2023-05-30,0.1358642578125,2025-12-15 20:03:19.469786
sh.601018,2023-05-24,2023-05-31,0.09368896484375,2025-12-15 20:03:19.469786
sh.601018,2023-05-25,2023-06-01,0.07305908203125,2025-12-15 20:03:19.469786
sh.601018,2023-05-26,2023-06-02,0.1104736328125,2025-12-15 20:03:19.469786
sh.601018,2023-05-29,2023-06-05,0.10247802734375,2025-12-15 20:03:19.469786
sh.601018,2023-05-30,2023-06-06,0.1217041015625,2025-12-15 20:03:19.469786
sh.601018,2023-05-31,2023-06-07,0.1373291015625,2025-12-15 20:03:19.469786
sh.601018,2023-06-01,2023-06-08,0.109130859375,2025-12-15 20:03:19.469786
sh.601018,2023-06-02,2023-06-09,0.134033203125,2025-12-15 20:03:19.469786
sh.601018,2023-06-05,2023-06-12,0.1519775390625,2025-12-15 20:03:19.469786
sh.601018,2023-06-06,2023-06-13,0.1263427734375,2025-12-15 20:03:19.469786
sh.601018,2023-06-07,2023-06-14,0.12213134765625,2025-12-15 20:03:19.469786
sh.601018,2023-06-08,2023-06-15,0.17578125,2025-12-15 20:03:19.469786
sh.601018,2023-06-09,2023-06-16,0.1041259765625,2025-12-15 20:03:19.469786
sh.601018,2023-06-12,2023-06-19,0.1131591796875,2025-12-15 20:03:19.469786
sh.601018,2023-06-13,2023-06-20,0.1131591796875,2025-12-15 20:03:19.469786
sh.601018,2023-06-14,2023-06-21,0.1304931640625,2025-12-15 20:03:19.469786
sh.601018,2023-06-15,2023-06-22,0.12451171875,2025-12-15 20:03:19.469786
sh.601018,2023-06-16,2023-06-23,0.0987548828125,2025-12-15 20:03:19.469786
sh.601018,2023-06-19,2023-06-26,0.1361083984375,2025-12-15 20:03:19.469786
sh.601018,2023-06-20,2023-06-27,0.15283203125,2025-12-15 20:03:19.469786
sh.601018,2023-06-21,2023-06-28,0.1627197265625,2025-12-15 20:03:19.469786
sh.601018,2023-06-26,2023-07-03,0.1927490234375,2025-12-15 20:03:19.469786
sh.601018,2023-06-27,2023-07-04,0.2822265625,2025-12-15 20:03:19.469786
sh.601018,2023-06-28,2023-07-05,0.2347412109375,2025-12-15 20:03:19.469786
sh.601018,2023-06-29,2023-07-06,0.2059326171875,2025-12-15 20:03:19.469786
sh.601018,2023-06-30,2023-07-07,0.422607421875,2025-12-15 20:03:19.469786
sh.601018,2023-07-03,2023-07-10,0.1744384765625,2025-12-15 20:03:19.469786
sh.601018,2023-07-04,2023-07-11,0.1534423828125,2025-12-15 20:03:19.469786
sh.601018,2023-07-05,2023-07-12,0.1805419921875,2025-12-15 20:03:19.469786
sh.601018,2023-07-06,2023-07-13,0.158203125,2025-12-15 20:03:19.469786
sh.601018,2023-07-07,2023-07-14,0.12493896484375,2025-12-15 20:03:19.469786
sh.601018,2023-07-10,2023-07-17,0.10357666015625,2025-12-15 20:03:19.469786
sh.601018,2023-07-11,2023-07-18,0.1373291015625,2025-12-15 20:03:19.469786
sh.601018,2023-07-12,2023-07-19,0.142578125,2025-12-15 20:03:19.469786
sh.601018,2023-07-13,2023-07-20,0.44140625,2025-12-15 20:03:19.469786
sh.601018,2023-07-14,2023-07-21,0.1427001953125,2025-12-15 20:03:19.469786
sh.601018,2023-07-17,2023-07-24,0.163330078125,2025-12-15 20:03:19.469786
sh.601018,2023-07-18,2023-07-25,0.097900390625,2025-12-15 20:03:19.469786
sh.601018,2023-07-19,2023-07-26,0.123779296875,2025-12-15 20:03:19.469786
sh.601018,2023-07-20,2023-07-27,0.1339111328125,2025-12-15 20:03:19.469786
sh.601018,2023-07-21,2023-07-28,0.079345703125,2025-12-15 20:03:19.469786
sh.601018,2023-07-24,2023-07-31,0.09466552734375,2025-12-15 20:03:19.469786
sh.601018,2023-07-25,2023-08-01,0.09771728515625,2025-12-15 20:03:19.469786
sh.601018,2023-07-26,2023-08-02,0.093017578125,2025-12-15 20:03:19.469786
sh.601018,2023-07-27,2023-08-03,0.1083984375,2025-12-15 20:03:19.469786
sh.601018,2023-07-28,2023-08-04,0.1273193359375,2025-12-15 20:03:19.469786
sh.601018,2023-07-31,2023-08-07,0.11419677734375,2025-12-15 20:03:19.469786
sh.601018,2023-08-01,2023-08-08,0.1177978515625,2025-12-15 20:03:19.469786
sh.601018,2023-08-02,2023-08-09,0.146240234375,2025-12-15 20:03:19.469786
sh.601018,2023-08-03,2023-08-10,0.12451171875,2025-12-15 20:03:19.469786
sh.601018,2023-08-04,2023-08-11,0.1383056640625,2025-12-15 20:03:19.469786
sh.601018,2023-08-07,2023-08-14,0.1351318359375,2025-12-15 20:03:19.469786
sh.601018,2023-08-08,2023-08-15,0.1231689453125,2025-12-15 20:03:19.469786
sh.601018,2023-08-09,2023-08-16,0.12548828125,2025-12-15 20:03:19.469786
sh.601018,2023-08-10,2023-08-17,0.22900390625,2025-12-15 20:03:19.469786
sh.601018,2023-08-11,2023-08-18,0.1273193359375,2025-12-15 20:03:19.469786
sh.601018,2023-08-14,2023-08-21,0.09283447265625,2025-12-15 20:03:19.469786
sh.601018,2023-08-15,2023-08-22,0.08447265625,2025-12-15 20:03:19.469786
sh.601018,2023-08-16,2023-08-23,0.1383056640625,2025-12-15 20:03:19.469786
sh.601018,2023-08-17,2023-08-24,0.1253662109375,2025-12-15 20:03:19.469786
sh.601018,2023-08-18,2023-08-25,0.0726318359375,2025-12-15 20:03:19.469786
sh.601018,2023-08-21,2023-08-28,0.11981201171875,2025-12-15 20:03:19.469786
sh.601018,2023-08-22,2023-08-29,0.11419677734375,2025-12-15 20:03:19.469786
sh.601018,2023-08-23,2023-08-30,0.1341552734375,2025-12-15 20:03:19.469786
sh.601018,2023-08-24,2023-08-31,0.154296875,2025-12-15 20:03:19.469786
sh.601018,2023-08-25,2023-09-01,0.090087890625,2025-12-15 20:03:19.469786
sh.601018,2023-08-28,2023-09-04,0.12335205078125,2025-12-15 20:03:19.469786
sh.601018,2023-08-29,2023-09-05,0.11260986328125,2025-12-15 20:03:19.469786
sh.601018,2023-08-30,2023-09-06,0.134765625,2025-12-15 20:03:19.469786
sh.601018,2023-08-31,2023-09-07,0.1953125,2025-12-15 20:03:19.469786
sh.601018,2023-09-01,2023-09-08,0.1312255859375,2025-12-15 20:03:19.469786
sh.601018,2023-09-04,2023-09-11,0.0867919921875,2025-12-15 20:03:19.469786
sh.601018,2023-09-05,2023-09-12,0.1221923828125,2025-12-15 20:03:19.469786
sh.601018,2023-09-06,2023-09-13,0.1414794921875,2025-12-15 20:03:19.469786
sh.601018,2023-09-07,2023-09-14,0.1436767578125,2025-12-15 20:03:19.469786
sh.601018,2023-09-08,2023-09-15,0.1771240234375,2025-12-15 20:03:19.469786
sh.601018,2023-09-11,2023-09-18,0.278564453125,2025-12-15 20:03:19.469786
sh.601018,2023-09-12,2023-09-19,0.205322265625,2025-12-15 20:03:19.469786
sh.601018,2023-09-13,2023-09-20,0.1651611328125,2025-12-15 20:03:19.469786
sh.601018,2023-09-14,2023-09-21,0.132568359375,2025-12-15 20:03:19.469786
sh.601018,2023-09-15,2023-09-22,0.08123779296875,2025-12-15 20:03:19.469786
sh.601018,2023-09-18,2023-09-25,0.0994873046875,2025-12-15 20:03:19.469786
sh.601018,2023-09-19,2023-09-26,0.08197021484375,2025-12-15 20:03:19.469786
sh.601018,2023-09-20,2023-09-27,0.09722900390625,2025-12-15 20:03:19.469786
sh.601018,2023-09-21,2023-09-28,0.137939453125,2025-12-15 20:03:19.469786
sh.601018,2023-09-22,2023-09-29,0.109130859375,2025-12-15 20:03:19.469786
sh.601018,2023-09-25,2023-10-02,0.093017578125,2025-12-15 20:03:19.469786
sh.601018,2023-09-26,2023-10-03,0.0999755859375,2025-12-15 20:03:19.469786
sh.601018,2023-09-27,2023-10-04,0.1259765625,2025-12-15 20:03:19.469786
sh.601018,2023-09-28,2023-10-05,0.1312255859375,2025-12-15 20:03:19.469786
sh.601018,2023-10-09,2023-10-16,0.0948486328125,2025-12-15 20:03:19.469786
sh.601018,2023-10-10,2023-10-17,0.1318359375,2025-12-15 20:03:19.469786
sh.601018,2023-10-11,2023-10-18,0.1131591796875,2025-12-15 20:03:19.469786
sh.601018,2023-10-12,2023-10-19,0.09552001953125,2025-12-15 20:03:19.469786
sh.601018,2023-10-13,2023-10-20,0.1551513671875,2025-12-15 20:03:19.469786
sh.601018,2023-10-16,2023-10-23,0.09417724609375,2025-12-15 20:03:19.469786
sh.601018,2023-10-17,2023-10-24,0.1292724609375,2025-12-15 20:03:19.469786
sh.601018,2023-10-18,2023-10-25,0.1534423828125,2025-12-15 20:03:19.469786
sh.601018,2023-10-19,2023-10-26,0.2091064453125,2025-12-15 20:03:19.469786
sh.601018,2023-10-20,2023-10-27,0.323486328125,2025-12-15 20:03:19.469786
sh.601018,2023-10-23,2023-10-30,0.377685546875,2025-12-15 20:03:19.469786
sh.601018,2023-10-24,2023-10-31,0.49365234375,2025-12-15 20:03:19.469786
sh.601018,2023-10-25,2023-11-01,0.388671875,2025-12-15 20:03:19.469786
sh.601018,2023-10-26,2023-11-02,0.3251953125,2025-12-15 20:03:19.469786
sh.601018,2023-10-27,2023-11-03,0.2099609375,2025-12-15 20:03:19.469786
sh.601018,2023-10-30,2023-11-06,0.07275390625,2025-12-15 20:03:19.469786
sh.601018,2023-10-31,2023-11-07,0.1063232421875,2025-12-15 20:03:19.469786
sh.601018,2023-11-01,2023-11-08,0.1207275390625,2025-12-15 20:03:19.469786
sh.601018,2023-11-02,2023-11-09,0.09466552734375,2025-12-15 20:03:19.469786
sh.601018,2023-11-03,2023-11-10,0.1280517578125,2025-12-15 20:03:19.469786
sh.601018,2023-11-06,2023-11-13,0.1317138671875,2025-12-15 20:03:19.469786
sh.601018,2023-11-07,2023-11-14,0.1517333984375,2025-12-15 20:03:19.469786
sh.601018,2023-11-08,2023-11-15,0.11474609375,2025-12-15 20:03:19.469786
sh.601018,2023-11-09,2023-11-16,0.0753173828125,2025-12-15 20:03:19.469786
sh.601018,2023-11-10,2023-11-17,0.10858154296875,2025-12-15 20:03:19.469786
sh.601018,2023-11-13,2023-11-20,0.1239013671875,2025-12-15 20:03:19.469786
sh.601018,2023-11-14,2023-11-21,0.11798095703125,2025-12-15 20:03:19.469786
sh.601018,2023-11-15,2023-11-22,0.0970458984375,2025-12-15 20:03:19.469786
sh.601018,2023-11-16,2023-11-23,0.106689453125,2025-12-15 20:03:19.469786
sh.601018,2023-11-17,2023-11-24,0.1134033203125,2025-12-15 20:03:19.469786
sh.601018,2023-11-20,2023-11-27,0.2281494140625,2025-12-15 20:03:19.469786
sh.601018,2023-11-21,2023-11-28,0.09466552734375,2025-12-15 20:03:19.469786
sh.601018,2023-11-22,2023-11-29,0.10247802734375,2025-12-15 20:03:19.469786
sh.601018,2023-11-23,2023-11-30,0.153076171875,2025-12-15 20:03:19.469786
sh.601018,2023-11-24,2023-12-01,0.11614990234375,2025-12-15 20:03:19.469786
sh.601018,2023-11-27,2023-12-04,0.1461181640625,2025-12-15 20:03:19.469786
sh.601018,2023-11-28,2023-12-05,0.2161865234375,2025-12-15 20:03:19.469786
sh.601018,2023-11-29,2023-12-06,0.12139892578125,2025-12-15 20:03:19.469786
sh.601018,2023-11-30,2023-12-07,0.1300048828125,2025-12-15 20:03:19.469786
sh.601018,2023-12-01,2023-12-08,0.1070556640625,2025-12-15 20:03:19.469786
sh.601018,2023-12-04,2023-12-11,0.2147216796875,2025-12-15 20:03:19.469786
sh.601018,2023-12-05,2023-12-12,0.1719970703125,2025-12-15 20:03:19.469786
sh.601018,2023-12-06,2023-12-13,0.158203125,2025-12-15 20:03:19.469786
sh.601018,2023-12-07,2023-12-14,0.200439453125,2025-12-15 20:03:19.469786
sh.601018,2023-12-08,2023-12-15,0.132568359375,2025-12-15 20:03:19.469786
sh.601018,2023-12-11,2023-12-18,0.1607666015625,2025-12-15 20:03:19.469786
sh.601018,2023-12-12,2023-12-19,0.229736328125,2025-12-15 20:03:19.469786
sh.601018,2023-12-13,2023-12-20,0.150146484375,2025-12-15 20:03:19.469786
sh.601018,2023-12-14,2023-12-21,0.14794921875,2025-12-15 20:03:19.469786
sh.601018,2023-12-15,2023-12-22,0.1456298828125,2025-12-15 20:03:19.469786
sh.601018,2023-12-18,2023-12-25,0.1348876953125,2025-12-15 20:03:19.469786
sh.601018,2023-12-19,2023-12-26,0.175537109375,2025-12-15 20:03:19.469786
sh.601018,2023-12-20,2023-12-27,0.12359619140625,2025-12-15 20:03:19.469786
sh.601018,2023-12-21,2023-12-28,0.165771484375,2025-12-15 20:03:19.469786
sh.601018,2023-12-22,2023-12-29,0.1314697265625,2025-12-15 20:03:19.469786
sh.601018,2023-12-25,2024-01-01,0.15576171875,2025-12-15 20:03:19.469786
sh.601018,2023-12-26,2024-01-02,0.13037109375,2025-12-15 20:03:19.469786
sh.601018,2023-12-27,2024-01-03,0.1849365234375,2025-12-15 20:03:19.469786
sh.601018,2023-12-28,2024-01-04,0.127197265625,2025-12-15 20:03:19.469786
sh.601018,2023-12-29,2024-01-05,0.145263671875,2025-12-15 20:03:19.469786
sh.601018,2024-01-02,2024-01-09,0.1083984375,2025-12-15 20:03:19.469786
sh.601018,2024-01-03,2024-01-10,0.1239013671875,2025-12-15 20:03:19.469786
sh.601018,2024-01-04,2024-01-11,0.1414794921875,2025-12-15 20:03:19.469786
sh.601018,2024-01-05,2024-01-12,0.12939453125,2025-12-15 20:03:19.469786
sh.601018,2024-01-08,2024-01-15,0.14501953125,2025-12-15 20:03:19.469786
sh.601018,2024-01-09,2024-01-16,0.10595703125,2025-12-15 20:03:19.469786
sh.601018,2024-01-10,2024-01-17,0.118408203125,2025-12-15 20:03:19.469786
sh.601018,2024-01-11,2024-01-18,0.1259765625,2025-12-15 20:03:19.469786
sh.601018,2024-01-12,2024-01-19,0.0987548828125,2025-12-15 20:03:19.469786
sh.601018,2024-01-15,2024-01-22,0.1385498046875,2025-12-15 20:03:19.469786
sh.601018,2024-01-16,2024-01-23,0.249267578125,2025-12-15 20:03:19.469786
sh.601018,2024-01-17,2024-01-24,0.120849609375,2025-12-15 20:03:19.469786
sh.601018,2024-01-18,2024-01-25,0.12841796875,2025-12-15 20:03:19.469786
sh.601018,2024-01-19,2024-01-26,0.09893798828125,2025-12-15 20:03:19.469786
sh.601018,2024-01-22,2024-01-29,0.13671875,2025-12-15 20:03:19.469786
sh.601018,2024-01-23,2024-01-30,0.1048583984375,2025-12-15 20:03:19.469786
sh.601018,2024-01-24,2024-01-31,0.09637451171875,2025-12-15 20:03:19.469786
sh.601018,2024-01-25,2024-02-01,0.1416015625,2025-12-15 20:03:19.469786
sh.601018,2024-01-26,2024-02-02,0.1820068359375,2025-12-15 20:03:19.469786
sh.601018,2024-01-29,2024-02-05,0.132080078125,2025-12-15 20:03:19.469786
sh.601018,2024-01-30,2024-02-06,0.11614990234375,2025-12-15 20:03:19.469786
sh.601018,2024-01-31,2024-02-07,0.1224365234375,2025-12-15 20:03:19.469786
sh.601018,2024-02-01,2024-02-08,0.0943603515625,2025-12-15 20:03:19.469786
sh.601018,2024-02-02,2024-02-09,0.10089111328125,2025-12-15 20:03:19.469786
sh.601018,2024-02-05,2024-02-12,0.1143798828125,2025-12-15 20:03:19.469786
sh.601018,2024-02-06,2024-02-13,0.07977294921875,2025-12-15 20:03:19.469786
sh.601018,2024-02-07,2024-02-14,0.1304931640625,2025-12-15 20:03:19.469786
sh.601018,2024-02-08,2024-02-15,0.105224609375,2025-12-15 20:03:19.469786
sh.601018,2024-02-19,2024-02-26,0.1363525390625,2025-12-15 20:03:19.469786
sh.601018,2024-02-20,2024-02-27,0.1480712890625,2025-12-15 20:03:19.469786
sh.601018,2024-02-21,2024-02-28,0.07574462890625,2025-12-15 20:03:19.469786
sh.601018,2024-02-22,2024-02-29,0.14111328125,2025-12-15 20:03:19.469786
sh.601018,2024-02-23,2024-03-01,0.1131591796875,2025-12-15 20:03:19.469786
sh.601018,2024-02-26,2024-03-04,0.139892578125,2025-12-15 20:03:19.469786
sh.601018,2024-02-27,2024-03-05,0.08197021484375,2025-12-15 20:03:19.469786
sh.601018,2024-02-28,2024-03-06,0.11737060546875,2025-12-15 20:03:19.469786
sh.601018,2024-02-29,2024-03-07,0.1171875,2025-12-15 20:03:19.469786
sh.601018,2024-03-01,2024-03-08,0.1431884765625,2025-12-15 20:03:19.469786
sh.601018,2024-03-04,2024-03-11,0.1165771484375,2025-12-15 20:03:19.469786
sh.601018,2024-03-05,2024-03-12,0.10595703125,2025-12-15 20:03:19.469786
sh.601018,2024-03-06,2024-03-13,0.0855712890625,2025-12-15 20:03:19.469786
sh.601018,2024-03-07,2024-03-14,0.08209228515625,2025-12-15 20:03:19.469786
sh.601018,2024-03-08,2024-03-15,0.12176513671875,2025-12-15 20:03:19.469786
sh.601018,2024-03-11,2024-03-18,0.1175537109375,2025-12-15 20:03:19.469786
sh.601018,2024-03-12,2024-03-19,0.125732421875,2025-12-15 20:03:19.469786
sh.601018,2024-03-13,2024-03-20,0.138916015625,2025-12-15 20:03:19.469786
sh.601018,2024-03-14,2024-03-21,0.1083984375,2025-12-15 20:03:19.469786
sh.601018,2024-03-15,2024-03-22,0.1214599609375,2025-12-15 20:03:19.469786
sh.601018,2024-03-18,2024-03-25,0.470947265625,2025-12-15 20:03:19.469786
sh.601018,2024-03-19,2024-03-26,0.1279296875,2025-12-15 20:03:19.469786
sh.601018,2024-03-20,2024-03-27,0.08477783203125,2025-12-15 20:03:19.469786
sh.601018,2024-03-21,2024-03-28,0.0889892578125,2025-12-15 20:03:19.469786
sh.601018,2024-03-22,2024-03-29,0.1318359375,2025-12-15 20:03:19.469786
sh.601018,2024-03-25,2024-04-01,0.120361328125,2025-12-15 20:03:19.469786
sh.601018,2024-03-26,2024-04-02,0.260498046875,2025-12-15 20:03:19.469786
sh.601018,2024-03-27,2024-04-03,0.1590576171875,2025-12-15 20:03:19.469786
sh.601018,2024-03-28,2024-04-04,0.2049560546875,2025-12-15 20:03:19.469786
sh.601018,2024-03-29,2024-04-05,0.311279296875,2025-12-15 20:03:19.469786
sh.601018,2024-04-01,2024-04-08,0.20654296875,2025-12-15 20:03:19.469786
sh.601018,2024-04-02,2024-04-09,0.07464599609375,2025-12-15 20:03:19.469786
sh.601018,2024-04-03,2024-04-10,0.1171875,2025-12-15 20:03:19.469786
sh.601018,2024-04-08,2024-04-15,0.09271240234375,2025-12-15 20:03:19.469786
sh.601018,2024-04-09,2024-04-16,0.09771728515625,2025-12-15 20:03:19.469786
sh.601018,2024-04-10,2024-04-17,0.1251220703125,2025-12-15 20:03:19.469786
sh.601018,2024-04-11,2024-04-18,0.1324462890625,2025-12-15 20:03:19.469786
sh.601018,2024-04-12,2024-04-19,0.1326904296875,2025-12-15 20:03:19.469786
sh.601018,2024-04-15,2024-04-22,0.11163330078125,2025-12-15 20:03:19.469786
sh.601018,2024-04-16,2024-04-23,0.12890625,2025-12-15 20:03:19.469786
sh.601018,2024-04-17,2024-04-24,0.14697265625,2025-12-15 20:03:19.469786
sh.601018,2024-04-18,2024-04-25,0.107421875,2025-12-15 20:03:19.469786
sh.601018,2024-04-19,2024-04-26,0.12249755859375,2025-12-15 20:03:19.469786
sh.601018,2024-04-22,2024-04-29,0.131591796875,2025-12-15 20:03:19.469786
sh.601018,2024-04-23,2024-04-30,0.13671875,2025-12-15 20:03:19.469786
sh.601018,2024-04-24,2024-05-01,0.09234619140625,2025-12-15 20:03:19.469786
sh.601018,2024-04-25,2024-05-02,0.1190185546875,2025-12-15 20:03:19.469786
sh.601018,2024-04-26,2024-05-03,0.1395263671875,2025-12-15 20:03:19.469786
sh.601018,2024-04-29,2024-05-06,0.10467529296875,2025-12-15 20:03:19.469786
sh.601018,2024-04-30,2024-05-07,0.079345703125,2025-12-15 20:03:19.469786
sh.601018,2024-05-06,2024-05-13,0.1165771484375,2025-12-15 20:03:19.469786
sh.601018,2024-05-07,2024-05-14,0.1488037109375,2025-12-15 20:03:19.469786
sh.601018,2024-05-08,2024-05-15,0.146240234375,2025-12-15 20:03:19.469786
sh.601018,2024-05-09,2024-05-16,0.244384765625,2025-12-15 20:03:19.469786
sh.601018,2024-05-10,2024-05-17,0.173828125,2025-12-15 20:03:19.469786
sh.601018,2024-05-13,2024-05-20,0.2445068359375,2025-12-15 20:03:19.469786
sh.601018,2024-05-14,2024-05-21,0.1571044921875,2025-12-15 20:03:19.469786
sh.601018,2024-05-15,2024-05-22,0.150390625,2025-12-15 20:03:19.469786
sh.601018,2024-05-16,2024-05-23,0.1380615234375,2025-12-15 20:03:19.469786
sh.601018,2024-05-17,2024-05-24,0.142822265625,2025-12-15 20:03:19.469786
sh.601018,2024-05-20,2024-05-27,0.1358642578125,2025-12-15 20:03:19.469786
sh.601018,2024-05-21,2024-05-28,0.1439208984375,2025-12-15 20:03:19.469786
sh.601018,2024-05-22,2024-05-29,0.1397705078125,2025-12-15 20:03:19.469786
sh.601018,2024-05-23,2024-05-30,0.1336669921875,2025-12-15 20:03:19.469786
sh.601018,2024-05-24,2024-05-31,0.076416015625,2025-12-15 20:03:19.469786
sh.601018,2024-05-27,2024-06-03,0.1622314453125,2025-12-15 20:03:19.469786
sh.601018,2024-05-28,2024-06-04,0.1134033203125,2025-12-15 20:03:19.469786
sh.601018,2024-05-29,2024-06-05,0.134765625,2025-12-15 20:03:19.469786
sh.601018,2024-05-30,2024-06-06,0.130859375,2025-12-15 20:03:19.469786
sh.601018,2024-05-31,2024-06-07,0.1748046875,2025-12-15 20:03:19.469786
sh.601018,2024-06-03,2024-06-10,0.134521484375,2025-12-15 20:03:19.469786
sh.601018,2024-06-04,2024-06-11,0.1392822265625,2025-12-15 20:03:19.469786
sh.601018,2024-06-05,2024-06-12,0.120361328125,2025-12-15 20:03:19.469786
sh.601018,2024-06-06,2024-06-13,0.126953125,2025-12-15 20:03:19.469786
sh.601018,2024-06-07,2024-06-14,0.224609375,2025-12-15 20:03:19.469786
sh.601018,2024-06-11,2024-06-18,0.132080078125,2025-12-15 20:03:19.469786
sh.601018,2024-06-12,2024-06-19,0.13330078125,2025-12-15 20:03:19.469786
sh.601018,2024-06-13,2024-06-20,0.1298828125,2025-12-15 20:03:19.469786
sh.601018,2024-06-14,2024-06-21,0.10931396484375,2025-12-15 20:03:19.469786
sh.601018,2024-06-17,2024-06-24,0.12939453125,2025-12-15 20:03:19.469786
sh.601018,2024-06-18,2024-06-25,0.09979248046875,2025-12-15 20:03:19.469786
sh.601018,2024-06-19,2024-06-26,0.134765625,2025-12-15 20:03:19.469786
sh.601018,2024-06-20,2024-06-27,0.1251220703125,2025-12-15 20:03:19.469786
sh.601018,2024-06-21,2024-06-28,0.08587646484375,2025-12-15 20:03:19.469786
sh.601018,2024-06-24,2024-07-01,0.1453857421875,2025-12-15 20:03:19.469786
sh.601018,2024-06-25,2024-07-02,0.09979248046875,2025-12-15 20:03:19.469786
sh.601018,2024-06-26,2024-07-03,0.12115478515625,2025-12-15 20:03:19.469786
sh.601018,2024-06-27,2024-07-04,0.1527099609375,2025-12-15 20:03:19.469786
sh.601018,2024-06-28,2024-07-05,0.081787109375,2025-12-15 20:03:19.469786
sh.601018,2024-07-01,2024-07-08,0.18212890625,2025-12-15 20:03:19.469786
sh.601018,2024-07-02,2024-07-09,0.08270263671875,2025-12-15 20:03:19.469786
sh.601018,2024-07-03,2024-07-10,0.10302734375,2025-12-15 20:03:19.469786
sh.601018,2024-07-04,2024-07-11,0.1231689453125,2025-12-15 20:03:19.469786
sh.601018,2024-07-05,2024-07-12,0.129150390625,2025-12-15 20:03:19.469786
sh.601018,2024-07-08,2024-07-15,0.12451171875,2025-12-15 20:03:19.469786
sh.601018,2024-07-09,2024-07-16,0.09503173828125,2025-12-15 20:03:19.469786
sh.601018,2024-07-10,2024-07-17,0.08587646484375,2025-12-15 20:03:19.469786
sh.601018,2024-07-11,2024-07-18,0.1632080078125,2025-12-15 20:03:19.469786
sh.601018,2024-07-12,2024-07-19,0.135498046875,2025-12-15 20:03:19.469786
sh.601018,2024-07-15,2024-07-22,0.262939453125,2025-12-15 20:03:19.469786
sh.601018,2024-07-16,2024-07-23,0.15576171875,2025-12-15 20:03:19.469786
sh.601018,2024-07-17,2024-07-24,0.131103515625,2025-12-15 20:03:19.469786
sh.601018,2024-07-18,2024-07-25,0.169921875,2025-12-15 20:03:19.469786
sh.601018,2024-07-19,2024-07-26,0.1441650390625,2025-12-15 20:03:19.469786
sh.601018,2024-07-22,2024-07-29,0.1533203125,2025-12-15 20:03:19.469786
sh.601018,2024-07-23,2024-07-30,0.09979248046875,2025-12-15 20:03:19.469786
sh.601018,2024-07-24,2024-07-31,0.11798095703125,2025-12-15 20:03:19.469786
sh.601018,2024-07-25,2024-08-01,0.1407470703125,2025-12-15 20:03:19.469786
sh.601018,2024-07-26,2024-08-02,0.1546630859375,2025-12-15 20:03:19.469786
sh.601018,2024-07-29,2024-08-05,0.140625,2025-12-15 20:03:19.469786
sh.601018,2024-07-30,2024-08-06,0.289306640625,2025-12-15 20:03:19.469786
sh.601018,2024-07-31,2024-08-07,0.11199951171875,2025-12-15 20:03:19.469786
sh.601018,2024-08-01,2024-08-08,0.1365966796875,2025-12-15 20:03:19.469786
sh.601018,2024-08-02,2024-08-09,0.13623046875,2025-12-15 20:03:19.469786
sh.601018,2024-08-05,2024-08-12,0.11083984375,2025-12-15 20:03:19.469786
sh.601018,2024-08-06,2024-08-13,0.1756591796875,2025-12-15 20:03:19.469786
sh.601018,2024-08-07,2024-08-14,0.11920166015625,2025-12-15 20:03:19.469786
sh.601018,2024-08-08,2024-08-15,0.11920166015625,2025-12-15 20:03:19.469786
sh.601018,2024-08-09,2024-08-16,0.1435546875,2025-12-15 20:03:19.469786
sh.601018,2024-08-12,2024-08-19,0.129638671875,2025-12-15 20:03:19.469786
sh.601018,2024-08-13,2024-08-20,0.11920166015625,2025-12-15 20:03:19.469786
sh.601018,2024-08-14,2024-08-21,0.13818359375,2025-12-15 20:03:19.469786
sh.601018,2024-08-15,2024-08-22,0.1900634765625,2025-12-15 20:03:19.469786
sh.601018,2024-08-16,2024-08-23,0.1312255859375,2025-12-15 20:03:19.469786
sh.601018,2024-08-19,2024-08-26,0.343505859375,2025-12-15 20:03:19.469786
sh.601018,2024-08-20,2024-08-27,0.1588134765625,2025-12-15 20:03:19.469786
sh.601018,2024-08-21,2024-08-28,0.2037353515625,2025-12-15 20:03:19.469786
sh.601018,2024-08-22,2024-08-29,0.1546630859375,2025-12-15 20:03:19.469786
sh.601018,2024-08-23,2024-08-30,0.1531982421875,2025-12-15 20:03:19.469786
sh.601018,2024-08-26,2024-09-02,0.1805419921875,2025-12-15 20:03:19.469786
sh.601018,2024-08-27,2024-09-03,0.1514892578125,2025-12-15 20:03:19.469786
sh.601018,2024-08-28,2024-09-04,0.1358642578125,2025-12-15 20:03:19.469786
sh.601018,2024-08-29,2024-09-05,0.1373291015625,2025-12-15 20:03:19.469786
sh.601018,2024-08-30,2024-09-06,0.128662109375,2025-12-15 20:03:19.469786
sh.601018,2024-09-02,2024-09-09,0.1341552734375,2025-12-15 20:03:19.469786
sh.601018,2024-09-03,2024-09-10,0.0994873046875,2025-12-15 20:03:19.469786
sh.601018,2024-09-04,2024-09-11,0.14453125,2025-12-15 20:03:19.469786
sh.601018,2024-09-05,2024-09-12,0.17626953125,2025-12-15 20:03:19.469786
sh.601018,2024-09-06,2024-09-13,0.12359619140625,2025-12-15 20:03:19.469786
sh.601018,2024-09-09,2024-09-16,0.162353515625,2025-12-15 20:03:19.469786
sh.601018,2024-09-10,2024-09-17,0.2001953125,2025-12-15 20:03:19.469786
sh.601018,2024-09-11,2024-09-18,0.3154296875,2025-12-15 20:03:19.469786
sh.601018,2024-09-12,2024-09-19,0.461669921875,2025-12-15 20:03:19.469786
sh.601018,2024-09-13,2024-09-20,0.412841796875,2025-12-15 20:03:19.469786
sh.601018,2024-09-18,2024-09-25,0.39111328125,2025-12-15 20:03:19.469786
sh.601018,2024-09-19,2024-09-26,0.4130859375,2025-12-15 20:03:19.469786
sh.601018,2024-09-20,2024-09-27,0.369140625,2025-12-15 20:03:19.469786
sh.601018,2024-09-23,2024-09-30,0.36767578125,2025-12-15 20:03:19.469786
sh.601018,2024-09-24,2024-10-01,0.200439453125,2025-12-15 20:03:19.469786
sh.601018,2024-09-25,2024-10-02,0.075439453125,2025-12-15 20:03:19.469786
sh.601018,2024-09-26,2024-10-03,0.338623046875,2025-12-15 20:03:19.469786
sh.601018,2024-09-27,2024-10-04,0.135009765625,2025-12-15 20:03:19.469786
sh.601018,2024-09-30,2024-10-07,0.15966796875,2025-12-15 20:03:19.469786
sh.601018,2024-10-08,2024-10-15,0.223876953125,2025-12-15 20:03:19.469786
sh.601018,2024-10-09,2024-10-16,0.18115234375,2025-12-15 20:03:19.469786
sh.601018,2024-10-10,2024-10-17,0.09283447265625,2025-12-15 20:03:19.469786
sh.601018,2024-10-11,2024-10-18,0.129150390625,2025-12-15 20:03:19.469786
sh.601018,2024-10-14,2024-10-21,0.079345703125,2025-12-15 20:03:19.469786
sh.601018,2024-10-15,2024-10-22,0.1351318359375,2025-12-15 20:03:19.469786
sh.601018,2024-10-16,2024-10-23,0.0816650390625,2025-12-15 20:03:19.469786
sh.601018,2024-10-17,2024-10-24,0.1312255859375,2025-12-15 20:03:19.469786
sh.601018,2024-10-18,2024-10-25,0.073974609375,2025-12-15 20:03:19.469786
sh.601018,2024-10-21,2024-10-28,0.12432861328125,2025-12-15 20:03:19.469786
sh.601018,2024-10-22,2024-10-29,0.14453125,2025-12-15 20:03:19.469786
sh.601018,2024-10-23,2024-10-30,0.13720703125,2025-12-15 20:03:19.469786
sh.601018,2024-10-24,2024-10-31,0.128662109375,2025-12-15 20:03:19.469786
sh.601018,2024-10-25,2024-11-01,0.09722900390625,2025-12-15 20:03:19.469786
sh.601018,2024-10-28,2024-11-04,0.185791015625,2025-12-15 20:03:19.469786
sh.601018,2024-10-29,2024-11-05,0.130859375,2025-12-15 20:03:19.469786
sh.601018,2024-10-30,2024-11-06,0.093505859375,2025-12-15 20:03:19.469786
sh.601018,2024-10-31,2024-11-07,0.2166748046875,2025-12-15 20:03:19.469786
sh.601018,2024-11-01,2024-11-08,0.1297607421875,2025-12-15 20:03:19.469786
sh.601018,2024-11-04,2024-11-11,0.160888671875,2025-12-15 20:03:19.469786
sh.601018,2024-11-05,2024-11-12,0.15673828125,2025-12-15 20:03:19.469786
sh.601018,2024-11-06,2024-11-13,0.1591796875,2025-12-15 20:03:19.469786
sh.601018,2024-11-07,2024-11-14,0.160888671875,2025-12-15 20:03:19.469786
sh.601018,2024-11-08,2024-11-15,0.1356201171875,2025-12-15 20:03:19.469786
sh.601018,2024-11-11,2024-11-18,0.1363525390625,2025-12-15 20:03:19.469786
sh.601018,2024-11-12,2024-11-19,0.1409912109375,2025-12-15 20:03:19.469786
sh.601018,2024-11-13,2024-11-20,0.1083984375,2025-12-15 20:03:19.469786
sh.601018,2024-11-14,2024-11-21,0.12335205078125,2025-12-15 20:03:19.469786
sh.601018,2024-11-15,2024-11-22,0.09088134765625,2025-12-15 20:03:19.469786
sh.601018,2024-11-18,2024-11-25,0.100341796875,2025-12-15 20:03:19.469786
sh.601018,2024-11-19,2024-11-26,0.12054443359375,2025-12-15 20:03:19.469786
sh.601018,2024-11-20,2024-11-27,0.1495361328125,2025-12-15 20:03:19.469786
sh.601018,2024-11-21,2024-11-28,0.14453125,2025-12-15 20:03:19.469786
sh.601018,2024-11-22,2024-11-29,0.1334228515625,2025-12-15 20:03:19.469786
sh.601018,2024-11-25,2024-12-02,0.078369140625,2025-12-15 20:03:19.469786
sh.601018,2024-11-26,2024-12-03,0.10015869140625,2025-12-15 20:03:19.469786
sh.601018,2024-11-27,2024-12-04,0.26708984375,2025-12-15 20:03:19.469786
sh.601018,2024-11-28,2024-12-05,0.12548828125,2025-12-15 20:03:19.469786
sh.601018,2024-11-29,2024-12-06,0.10614013671875,2025-12-15 20:03:19.469786
sh.601018,2024-12-02,2024-12-09,0.10687255859375,2025-12-15 20:03:19.469786
sh.601018,2024-12-03,2024-12-10,0.19580078125,2025-12-15 20:03:19.469786
sh.601018,2024-12-04,2024-12-11,0.20703125,2025-12-15 20:03:19.469786
sh.601018,2024-12-05,2024-12-12,0.229248046875,2025-12-15 20:03:19.469786
sh.601018,2024-12-06,2024-12-13,0.24072265625,2025-12-15 20:03:19.469786
sh.601018,2024-12-09,2024-12-16,0.1519775390625,2025-12-15 20:03:19.469786
sh.601018,2024-12-10,2024-12-17,0.144287109375,2025-12-15 20:03:19.469786
sh.601018,2024-12-11,2024-12-18,0.2110595703125,2025-12-15 20:03:19.469786
sh.601018,2024-12-12,2024-12-19,0.25244140625,2025-12-15 20:03:19.469786
sh.601018,2024-12-13,2024-12-20,0.12054443359375,2025-12-15 20:03:19.469786
sh.601018,2024-12-16,2024-12-23,0.294677734375,2025-12-15 20:03:19.469786
sh.601018,2024-12-17,2024-12-24,0.1422119140625,2025-12-15 20:03:19.469786
sh.601018,2024-12-18,2024-12-25,0.144775390625,2025-12-15 20:03:19.469786
sh.601018,2024-12-19,2024-12-26,0.1578369140625,2025-12-15 20:03:19.469786
sh.601018,2024-12-20,2024-12-27,0.1456298828125,2025-12-15 20:03:19.469786
sh.601018,2024-12-23,2024-12-30,0.11065673828125,2025-12-15 20:03:19.469786
sh.601018,2024-12-24,2024-12-31,0.2081298828125,2025-12-15 20:03:19.469786
sh.601018,2024-12-25,2025-01-01,0.2127685546875,2025-12-15 20:03:19.469786
sh.601018,2024-12-26,2025-01-02,0.131103515625,2025-12-15 20:03:19.469786
sh.601018,2024-12-27,2025-01-03,0.2958984375,2025-12-15 20:03:19.469786
sh.601018,2024-12-30,2025-01-06,0.2171630859375,2025-12-15 20:03:19.469786
sh.601018,2024-12-31,2025-01-07,0.12249755859375,2025-12-15 20:03:19.469786
sh.601018,2025-01-02,2025-01-09,0.1396484375,2025-12-15 20:03:19.469786
sh.601018,2025-01-03,2025-01-10,0.11199951171875,2025-12-15 20:03:19.469786
sh.601018,2025-01-06,2025-01-13,0.10107421875,2025-12-15 20:03:19.469786
sh.601018,2025-01-07,2025-01-14,0.12127685546875,2025-12-15 20:03:19.469786
sh.601018,2025-01-08,2025-01-15,0.1048583984375,2025-12-15 20:03:19.469786
sh.601018,2025-01-09,2025-01-16,0.13330078125,2025-12-15 20:03:19.469786
sh.601018,2025-01-10,2025-01-17,0.13720703125,2025-12-15 20:03:19.469786
sh.601018,2025-01-13,2025-01-20,0.1368408203125,2025-12-15 20:03:19.469786
sh.601018,2025-01-14,2025-01-21,0.445556640625,2025-12-15 20:03:19.469786
sh.601018,2025-01-15,2025-01-22,0.10052490234375,2025-12-15 20:03:19.469786
sh.601018,2025-01-16,2025-01-23,0.12445068359375,2025-12-15 20:03:19.469786
sh.601018,2025-01-17,2025-01-24,0.114990234375,2025-12-15 20:03:19.469786
sh.601018,2025-01-20,2025-01-27,0.133544921875,2025-12-15 20:03:19.469786
sh.601018,2025-01-21,2025-01-28,0.139892578125,2025-12-15 20:03:19.469786
sh.601018,2025-01-22,2025-01-29,0.1617431640625,2025-12-15 20:03:19.469786
sh.601018,2025-01-23,2025-01-30,0.1181640625,2025-12-15 20:03:19.469786
sh.601018,2025-01-24,2025-01-31,0.149658203125,2025-12-15 20:03:19.469786
sh.601018,2025-01-27,2025-02-03,0.10577392578125,2025-12-15 20:03:19.469786
sh.601018,2025-02-05,2025-02-12,0.127197265625,2025-12-15 20:03:19.469786
sh.601018,2025-02-06,2025-02-13,0.1181640625,2025-12-15 20:03:19.469786
sh.601018,2025-02-07,2025-02-14,0.218994140625,2025-12-15 20:03:19.469786
sh.601018,2025-02-10,2025-02-17,0.08770751953125,2025-12-15 20:03:19.469786
sh.601018,2025-02-11,2025-02-18,0.11474609375,2025-12-15 20:03:19.469786
sh.601018,2025-02-12,2025-02-19,0.1312255859375,2025-12-15 20:03:19.469786
sh.601018,2025-02-13,2025-02-20,0.11297607421875,2025-12-15 20:03:19.469786
sh.601018,2025-02-14,2025-02-21,0.1392822265625,2025-12-15 20:03:19.469786
sh.601018,2025-02-17,2025-02-24,0.138427734375,2025-12-15 20:03:19.469786
sh.601018,2025-02-18,2025-02-25,0.138427734375,2025-12-15 20:03:19.469786
sh.601018,2025-02-19,2025-02-26,0.19677734375,2025-12-15 20:03:19.469786
sh.601018,2025-02-20,2025-02-27,0.2286376953125,2025-12-15 20:03:19.469786
sh.601018,2025-02-21,2025-02-28,0.2529296875,2025-12-15 20:03:19.469786
sh.601018,2025-02-24,2025-03-03,0.127197265625,2025-12-15 20:03:19.469786
sh.601018,2025-02-25,2025-03-04,0.16845703125,2025-12-15 20:03:19.469786
sh.601018,2025-02-26,2025-03-05,0.43505859375,2025-12-15 20:03:19.469786
sh.601018,2025-02-27,2025-03-06,0.2059326171875,2025-12-15 20:03:19.469786
sh.601018,2025-02-28,2025-03-07,0.203125,2025-12-15 20:03:19.469786
sh.601018,2025-03-03,2025-03-10,0.1939697265625,2025-12-15 20:03:19.469786
sh.601018,2025-03-04,2025-03-11,0.2125244140625,2025-12-15 20:03:19.469786
sh.601018,2025-03-05,2025-03-12,0.194580078125,2025-12-15 20:03:19.469786
sh.601018,2025-03-06,2025-03-13,0.1851806640625,2025-12-15 20:03:19.469786
sh.601018,2025-03-07,2025-03-14,0.1622314453125,2025-12-15 20:03:19.469786
sh.601018,2025-03-10,2025-03-17,0.16748046875,2025-12-15 20:03:19.469786
sh.601018,2025-03-11,2025-03-18,0.32470703125,2025-12-15 20:03:19.469786
sh.601018,2025-03-12,2025-03-19,0.1337890625,2025-12-15 20:03:19.469786
sh.601018,2025-03-13,2025-03-20,0.13232421875,2025-12-15 20:03:19.469786
sh.601018,2025-03-14,2025-03-21,0.2724609375,2025-12-15 20:03:19.469786
sh.601018,2025-03-17,2025-03-24,0.07171630859375,2025-12-15 20:03:19.469786
sh.601018,2025-03-18,2025-03-25,0.0703125,2025-12-15 20:03:19.469786
sh.601018,2025-03-19,2025-03-26,0.1131591796875,2025-12-15 20:03:19.469786
sh.601018,2025-03-20,2025-03-27,0.1077880859375,2025-12-15 20:03:19.469786
sh.601018,2025-03-21,2025-03-28,0.07366943359375,2025-12-15 20:03:19.469786
sh.601018,2025-03-24,2025-03-31,0.1259765625,2025-12-15 20:03:19.469786
sh.601018,2025-03-25,2025-04-01,0.188720703125,2025-12-15 20:03:19.469786
sh.601018,2025-03-26,2025-04-02,0.217529296875,2025-12-15 20:03:19.469786
sh.601018,2025-03-27,2025-04-03,0.100341796875,2025-12-15 20:03:19.469786
sh.601018,2025-03-28,2025-04-04,0.1236572265625,2025-12-15 20:03:19.469786
sh.601018,2025-03-31,2025-04-07,0.0836181640625,2025-12-15 20:03:19.469786
sh.601018,2025-04-01,2025-04-08,0.1365966796875,2025-12-15 20:03:19.469786
sh.601018,2025-04-02,2025-04-09,0.135009765625,2025-12-15 20:03:19.469786
sh.601018,2025-04-03,2025-04-10,0.15283203125,2025-12-15 20:03:19.469786
sh.601018,2025-04-07,2025-04-14,0.156005859375,2025-12-15 20:03:19.469786
sh.601018,2025-04-08,2025-04-15,0.319580078125,2025-12-15 20:03:19.469786
sh.601018,2025-04-09,2025-04-16,0.154541015625,2025-12-15 20:03:19.469786
sh.601018,2025-04-10,2025-04-17,0.1329345703125,2025-12-15 20:03:19.469786
sh.601018,2025-04-11,2025-04-18,0.09912109375,2025-12-15 20:03:19.469786
sh.601018,2025-04-14,2025-04-21,0.11578369140625,2025-12-15 20:03:19.469786
sh.601018,2025-04-15,2025-04-22,0.1278076171875,2025-12-15 20:03:19.469786
sh.601018,2025-04-16,2025-04-23,0.197021484375,2025-12-15 20:03:19.469786
sh.601018,2025-04-17,2025-04-24,0.1727294921875,2025-12-15 20:03:19.469786
sh.601018,2025-04-18,2025-04-25,0.222900390625,2025-12-15 20:03:19.469786
sh.601018,2025-04-21,2025-04-28,0.381103515625,2025-12-15 20:03:19.469786
sh.601018,2025-04-22,2025-04-29,0.1834716796875,2025-12-15 20:03:19.469786
sh.601018,2025-04-23,2025-04-30,0.2091064453125,2025-12-15 20:03:19.469786
sh.601018,2025-04-24,2025-05-01,0.287353515625,2025-12-15 20:03:19.469786
sh.601018,2025-04-25,2025-05-02,0.38232421875,2025-12-15 20:03:19.469786
sh.601018,2025-04-28,2025-05-05,0.365234375,2025-12-15 20:03:19.469786
sh.601018,2025-04-29,2025-05-06,0.302734375,2025-12-15 20:03:19.469786
sh.601018,2025-04-30,2025-05-07,0.414794921875,2025-12-15 20:03:19.469786
sh.601018,2025-05-06,2025-05-13,0.47119140625,2025-12-15 20:03:19.469786
sh.601018,2025-05-07,2025-05-14,0.31689453125,2025-12-15 20:03:19.469786
sh.601018,2025-05-08,2025-05-15,0.327880859375,2025-12-15 20:03:19.469786
sh.601018,2025-05-09,2025-05-16,0.31982421875,2025-12-15 20:03:19.469786
sh.601018,2025-05-12,2025-05-19,0.276611328125,2025-12-15 20:03:19.469786
sh.601018,2025-05-13,2025-05-20,0.10321044921875,2025-12-15 20:03:19.469786
sh.601018,2025-05-14,2025-05-21,0.11029052734375,2025-12-15 20:03:19.469786
sh.601018,2025-05-15,2025-05-22,0.126220703125,2025-12-15 20:03:19.469786
sh.601018,2025-05-16,2025-05-23,0.12939453125,2025-12-15 20:03:19.469786
sh.601018,2025-05-19,2025-05-26,0.1484375,2025-12-15 20:03:19.469786
sh.601018,2025-05-20,2025-05-27,0.1865234375,2025-12-15 20:03:19.469786
sh.601018,2025-05-21,2025-05-28,0.09979248046875,2025-12-15 20:03:19.469786
sh.601018,2025-05-22,2025-05-29,0.1214599609375,2025-12-15 20:03:19.469786
sh.601018,2025-05-23,2025-05-30,0.134033203125,2025-12-15 20:03:19.469786
sh.601018,2025-05-26,2025-06-02,0.089111328125,2025-12-15 20:03:19.469786
sh.601018,2025-05-27,2025-06-03,0.1201171875,2025-12-15 20:03:19.469786
sh.601018,2025-05-28,2025-06-04,0.0885009765625,2025-12-15 20:03:19.469786
sh.601018,2025-05-29,2025-06-05,0.07275390625,2025-12-15 20:03:19.469786
sh.601018,2025-05-30,2025-06-06,0.120361328125,2025-12-15 20:03:19.469786
sh.601018,2025-06-03,2025-06-10,0.11859130859375,2025-12-15 20:03:19.469786
sh.601018,2025-06-04,2025-06-11,0.120849609375,2025-12-15 20:03:19.469786
sh.601018,2025-06-05,2025-06-12,0.132080078125,2025-12-15 20:03:19.469786
sh.601018,2025-06-06,2025-06-13,0.0850830078125,2025-12-15 20:03:19.469786
sh.601018,2025-06-09,2025-06-16,0.11126708984375,2025-12-15 20:03:19.469786
sh.601018,2025-06-10,2025-06-17,0.0966796875,2025-12-15 20:03:19.469786
sh.601018,2025-06-11,2025-06-18,0.11358642578125,2025-12-15 20:03:19.469786
sh.601018,2025-06-12,2025-06-19,0.1251220703125,2025-12-15 20:03:19.469786
sh.601018,2025-06-13,2025-06-20,0.0816650390625,2025-12-15 20:03:19.469786
sh.601018,2025-06-16,2025-06-23,0.1048583984375,2025-12-15 20:03:19.469786
sh.601018,2025-06-17,2025-06-24,0.07574462890625,2025-12-15 20:03:19.469786
sh.601018,2025-06-18,2025-06-25,0.1153564453125,2025-12-15 20:03:19.469786
sh.601018,2025-06-19,2025-06-26,0.1268310546875,2025-12-15 20:03:19.469786
sh.601018,2025-06-20,2025-06-27,0.0709228515625,2025-12-15 20:03:19.469786
sh.601018,2025-06-23,2025-06-30,0.30078125,2025-12-15 20:03:19.469786
sh.601018,2025-06-24,2025-07-01,0.11419677734375,2025-12-15 20:03:19.469786
sh.601018,2025-06-25,2025-07-02,0.11199951171875,2025-12-15 20:03:19.469786
sh.601018,2025-06-26,2025-07-03,0.11102294921875,2025-12-15 20:03:19.469786
sh.601018,2025-06-27,2025-07-04,0.11474609375,2025-12-15 20:03:19.469786
sh.601018,2025-06-30,2025-07-07,0.10894775390625,2025-12-15 20:03:19.469786
sh.601018,2025-07-01,2025-07-08,0.0802001953125,2025-12-15 20:03:19.469786
sh.601018,2025-07-02,2025-07-09,0.1326904296875,2025-12-15 20:03:19.469786
sh.601018,2025-07-03,2025-07-10,0.149169921875,2025-12-15 20:03:19.469786
sh.601018,2025-07-04,2025-07-11,0.1015625,2025-12-15 20:03:19.469786
sh.601018,2025-07-07,2025-07-14,0.255859375,2025-12-15 20:03:19.469786
sh.601018,2025-07-08,2025-07-15,0.139404296875,2025-12-15 20:03:19.469786
sh.601018,2025-07-09,2025-07-16,0.1214599609375,2025-12-15 20:03:19.469786
sh.601018,2025-07-10,2025-07-17,0.10614013671875,2025-12-15 20:03:19.469786
sh.601018,2025-07-11,2025-07-18,0.1187744140625,2025-12-15 20:03:19.469786
sh.601018,2025-07-14,2025-07-21,0.08404541015625,2025-12-15 20:03:19.469786
sh.601018,2025-07-15,2025-07-22,0.12188720703125,2025-12-15 20:03:19.469786
sh.601018,2025-07-16,2025-07-23,0.140869140625,2025-12-15 20:03:19.469786
sh.601018,2025-07-17,2025-07-24,0.1829833984375,2025-12-15 20:03:19.469786
sh.601018,2025-07-18,2025-07-25,0.1336669921875,2025-12-15 20:03:19.469786
sh.601018,2025-07-21,2025-07-28,0.200439453125,2025-12-15 20:03:19.469786
sh.601018,2025-07-22,2025-07-29,0.2216796875,2025-12-15 20:03:19.469786
sh.601018,2025-07-23,2025-07-30,0.10968017578125,2025-12-15 20:03:19.469786
sh.601018,2025-07-24,2025-07-31,0.11737060546875,2025-12-15 20:03:19.469786
sh.601018,2025-07-25,2025-08-01,0.128173828125,2025-12-15 20:03:19.469786
sh.601018,2025-07-28,2025-08-04,0.14990234375,2025-12-15 20:03:19.469786
sh.601018,2025-07-29,2025-08-05,0.15771484375,2025-12-15 20:03:19.469786
sh.601018,2025-07-30,2025-08-06,0.11474609375,2025-12-15 20:03:19.469786
sh.601018,2025-07-31,2025-08-07,0.130126953125,2025-12-15 20:03:19.469786
sh.601018,2025-08-01,2025-08-08,0.09234619140625,2025-12-15 20:03:19.469786
sh.601018,2025-08-04,2025-08-11,0.12420654296875,2025-12-15 20:03:19.469786
sh.601018,2025-08-05,2025-08-12,0.080810546875,2025-12-15 20:03:19.469786
sh.601018,2025-08-06,2025-08-13,0.0994873046875,2025-12-15 20:03:19.469786
sh.601018,2025-08-07,2025-08-14,0.102294921875,2025-12-15 20:03:19.469786
sh.601018,2025-08-08,2025-08-15,0.11517333984375,2025-12-15 20:03:19.469786
sh.601018,2025-08-11,2025-08-18,0.1357421875,2025-12-15 20:03:19.469786
sh.601018,2025-08-12,2025-08-19,0.08587646484375,2025-12-15 20:03:19.469786
sh.601018,2025-08-13,2025-08-20,0.1295166015625,2025-12-15 20:03:19.469786
sh.601018,2025-08-14,2025-08-21,0.1163330078125,2025-12-15 20:03:19.469786
sh.601018,2025-08-15,2025-08-22,0.105224609375,2025-12-15 20:03:19.469786
sh.601018,2025-08-18,2025-08-25,0.124755859375,2025-12-15 20:03:19.469786
sh.601018,2025-08-19,2025-08-26,0.125732421875,2025-12-15 20:03:19.469786
sh.601018,2025-08-20,2025-08-27,0.090087890625,2025-12-15 20:03:19.469786
sh.601018,2025-08-21,2025-08-28,0.08038330078125,2025-12-15 20:03:19.469786
sh.601018,2025-08-22,2025-08-29,0.1488037109375,2025-12-15 20:03:19.469786
sh.601018,2025-08-25,2025-09-01,0.08050537109375,2025-12-15 20:03:19.469786
sh.601018,2025-08-26,2025-09-02,0.138427734375,2025-12-15 20:03:19.469786
sh.601018,2025-08-27,2025-09-03,0.1353759765625,2025-12-15 20:03:19.469786
sh.601018,2025-08-28,2025-09-04,0.11376953125,2025-12-15 20:03:19.469786
sh.601018,2025-08-29,2025-09-05,0.095703125,2025-12-15 20:03:19.469786
sh.601018,2025-09-01,2025-09-08,0.11993408203125,2025-12-15 20:03:19.469786
sh.601018,2025-09-02,2025-09-09,0.09088134765625,2025-12-15 20:03:19.469786
sh.601018,2025-09-03,2025-09-10,0.12176513671875,2025-12-15 20:03:19.469786
sh.601018,2025-09-04,2025-09-11,0.1207275390625,2025-12-15 20:03:19.469786
sh.601018,2025-09-05,2025-09-12,0.12432861328125,2025-12-15 20:03:19.469786
sh.601018,2025-09-08,2025-09-15,0.07122802734375,2025-12-15 20:03:19.469786
sh.601018,2025-09-09,2025-09-16,0.09912109375,2025-12-15 20:03:19.469786
sh.601018,2025-09-10,2025-09-17,0.11102294921875,2025-12-15 20:03:19.469786
sh.601018,2025-09-11,2025-09-18,0.13720703125,2025-12-15 20:03:19.469786
sh.601018,2025-09-12,2025-09-19,0.080078125,2025-12-15 20:03:19.469786
sh.601018,2025-09-15,2025-09-22,0.080078125,2025-12-15 20:03:19.469786
sh.601018,2025-09-16,2025-09-23,0.1549072265625,2025-12-15 20:03:19.469786
sh.601018,2025-09-17,2025-09-24,0.12445068359375,2025-12-15 20:03:19.469786
sh.601018,2025-09-18,2025-09-25,0.1346435546875,2025-12-15 20:03:19.469786
sh.601018,2025-09-19,2025-09-26,0.10125732421875,2025-12-15 20:03:19.469786
sh.601018,2025-09-22,2025-09-29,0.10687255859375,2025-12-15 20:03:19.469786
sh.601018,2025-09-23,2025-09-30,0.10015869140625,2025-12-15 20:03:19.469786
sh.601018,2025-09-24,2025-10-01,0.107421875,2025-12-15 20:03:19.469786
sh.601018,2025-09-25,2025-10-02,0.130615234375,2025-12-15 20:03:19.469786
sh.601018,2025-09-26,2025-10-03,0.08404541015625,2025-12-15 20:03:19.469786
sh.601018,2025-09-29,2025-10-06,0.1134033203125,2025-12-15 20:03:19.469786
sh.601018,2025-09-30,2025-10-07,0.10858154296875,2025-12-15 20:03:19.469786
sh.601018,2025-10-09,2025-10-16,0.12127685546875,2025-12-15 20:03:19.469786
sh.601018,2025-10-10,2025-10-17,0.233154296875,2025-12-15 20:03:19.469786
sh.601018,2025-10-13,2025-10-20,0.1378173828125,2025-12-15 20:03:19.469786
sh.601018,2025-10-14,2025-10-21,0.09912109375,2025-12-15 20:03:19.469786
sh.601018,2025-10-15,2025-10-22,0.14501953125,2025-12-15 20:03:19.469786
sh.601018,2025-10-16,2025-10-23,0.1685791015625,2025-12-15 20:03:19.469786
sh.601018,2025-10-17,2025-10-24,0.1407470703125,2025-12-15 20:03:19.469786
sh.601018,2025-10-20,2025-10-27,0.22509765625,2025-12-15 20:03:19.469786
sh.601018,2025-10-21,2025-10-28,0.19091796875,2025-12-15 20:03:19.469786
sh.601018,2025-10-22,2025-10-29,0.1689453125,2025-12-15 20:03:19.469786
sh.601018,2025-10-23,2025-10-30,0.2333984375,2025-12-15 20:03:19.469786
sh.601018,2025-10-24,2025-10-31,0.1705322265625,2025-12-15 20:03:19.469786
sh.601018,2025-10-27,2025-11-03,0.1678466796875,2025-12-15 20:03:19.469786
sh.601018,2025-10-28,2025-11-04,0.11083984375,2025-12-15 20:03:19.469786
sh.601018,2025-10-29,2025-11-05,0.178466796875,2025-12-15 20:03:19.469786
sh.601018,2025-10-30,2025-11-06,0.0867919921875,2025-12-15 20:03:19.469786
sh.601018,2025-10-31,2025-11-07,0.137451171875,2025-12-15 20:03:19.469786
sh.601018,2025-11-03,2025-11-10,0.2091064453125,2025-12-15 20:03:19.469786
sh.601018,2025-11-04,2025-11-11,0.1165771484375,2025-12-15 20:03:19.469786
sh.601018,2025-11-05,2025-11-12,0.07977294921875,2025-12-15 20:03:19.469786
sh.601018,2025-11-06,2025-11-13,0.1285400390625,2025-12-15 20:03:19.469786
sh.601018,2025-11-07,2025-11-14,0.107421875,2025-12-15 20:03:19.469786
sh.601018,2025-11-10,2025-11-17,0.17431640625,2025-12-15 20:03:19.469786
sh.601018,2025-11-11,2025-11-18,0.1422119140625,2025-12-15 20:03:19.469786
sh.601018,2025-11-12,2025-11-19,0.142578125,2025-12-15 20:03:19.469786
sh.601018,2025-11-13,2025-11-20,0.205078125,2025-12-15 20:03:19.469786
sh.601018,2025-11-14,2025-11-21,0.12158203125,2025-12-15 20:03:19.469786
sh.601018,2025-11-17,2025-11-24,0.1898193359375,2025-12-15 20:03:19.469786
sh.601018,2025-11-18,2025-11-25,0.14013671875,2025-12-15 20:03:19.469786
sh.601018,2025-11-19,2025-11-26,0.12420654296875,2025-12-15 20:03:19.469786
sh.601018,2025-11-20,2025-11-27,0.14111328125,2025-12-15 20:03:19.469786
sh.601018,2025-11-21,2025-11-28,0.138671875,2025-12-15 20:03:19.469786
sh.601018,2025-11-24,2025-12-01,0.14990234375,2025-12-15 20:03:19.469786
sh.601018,2025-11-25,2025-12-02,0.264892578125,2025-12-15 20:03:19.469786
sh.601018,2025-11-26,2025-12-03,0.1400146484375,2025-12-15 20:03:19.469786
sh.601018,2025-11-27,2025-12-04,0.1019287109375,2025-12-15 20:03:19.469786
sh.601018,2025-11-28,2025-12-05,0.16650390625,2025-12-15 20:03:19.469786
sh.601018,2025-12-01,2025-12-08,0.11163330078125,2025-12-15 20:03:19.469786
sh.601018,2025-12-02,2025-12-09,0.0831298828125,2025-12-15 20:03:19.469786
sh.601018,2025-12-03,2025-12-10,0.118408203125,2025-12-15 20:03:19.469786
sh.601018,2025-12-04,2025-12-11,0.12139892578125,2025-12-15 20:03:19.469786
sh.601018,2025-12-05,2025-12-12,0.1279296875,2025-12-15 20:03:19.469786
sh.601018,2025-12-08,2025-12-15,0.12432861328125,2025-12-15 20:03:19.469786
sh.601018,2025-12-09,2025-12-16,0.11614990234375,2025-12-15 20:03:19.469786
sh.601018,2025-12-10,2025-12-17,0.07171630859375,2025-12-15 20:03:19.469786
sh.601018,2025-12-11,2025-12-18,0.11065673828125,2025-12-15 20:03:19.469786
sh.601018,2025-12-12,2025-12-19,0.1553955078125,2025-12-15 20:03:19.469786
sh.601018,2025-12-15,2025-12-22,0.09185791015625,2025-12-15 20:03:19.469786
sh.601021,2025-12-15,2025-12-22,0.2083740234375,2025-12-15 20:03:19.469786
sh.601058,2025-12-15,2025-12-22,0.157958984375,2025-12-15 20:03:19.469786
sh.601066,2025-12-15,2025-12-22,0.090576171875,2025-12-15 20:03:19.469786
sh.601077,2025-12-15,2025-12-22,0.1202392578125,2025-12-15 20:03:19.469786
sh.601088,2025-12-15,2025-12-22,0.198974609375,2025-12-15 20:03:19.469786
sh.601100,2025-12-15,2025-12-22,0.12322998046875,2025-12-15 20:03:19.469786
sh.601111,2025-12-15,2025-12-22,0.09600830078125,2025-12-15 20:03:19.469786
sh.601117,2025-12-15,2025-12-22,0.100341796875,2025-12-15 20:03:19.469786
sh.601127,2025-12-15,2025-12-22,0.1602783203125,2025-12-15 20:03:19.469786
sh.601136,2025-12-15,2025-12-22,0.09515380859375,2025-12-15 20:03:19.469786
sh.601138,2025-12-15,2025-12-22,0.1326904296875,2025-12-15 20:03:19.469786
sh.601166,2025-12-15,2025-12-22,0.07501220703125,2025-12-15 20:03:19.469786
sh.601169,2025-12-15,2025-12-22,0.10894775390625,2025-12-15 20:03:19.469786
sh.601186,2025-12-15,2025-12-22,0.11126708984375,2025-12-15 20:03:19.469786
sh.601211,2025-12-15,2025-12-22,0.09619140625,2025-12-15 20:03:19.469786
sh.601225,2025-12-15,2025-12-22,0.196533203125,2025-12-15 20:03:19.469786
sh.601229,2025-12-15,2025-12-22,0.07342529296875,2025-12-15 20:03:19.469786
sh.601236,2025-12-15,2025-12-22,0.10321044921875,2025-12-15 20:03:19.469786
sh.601238,2025-12-15,2025-12-22,0.11395263671875,2025-12-15 20:03:19.469786
sh.601288,2025-12-15,2025-12-22,0.39794921875,2025-12-15 20:03:19.469786
sh.601298,2025-12-15,2025-12-22,0.09771728515625,2025-12-15 20:03:19.469786
sh.601318,2025-12-15,2025-12-22,0.177490234375,2025-12-15 20:03:19.469786
sh.601319,2025-12-15,2025-12-22,0.12176513671875,2025-12-15 20:03:19.469786
sh.601328,2025-12-15,2025-12-22,0.1312255859375,2025-12-15 20:03:19.469786
sh.601336,2025-12-15,2025-12-22,0.10614013671875,2025-12-15 20:03:19.469786
sh.601360,2025-12-15,2025-12-22,0.1376953125,2025-12-15 20:03:19.469786
sh.601377,2025-12-15,2025-12-22,0.08465576171875,2025-12-15 20:03:19.469786
sh.601390,2025-12-15,2025-12-22,0.10394287109375,2025-12-15 20:03:19.469786
sh.601398,2025-12-15,2025-12-22,0.2489013671875,2025-12-15 20:03:19.469786
sh.601456,2023-08-16,2023-08-23,0.10992431640625,2025-12-15 20:03:19.469786
sh.601456,2023-08-17,2023-08-24,0.1319580078125,2025-12-15 20:03:19.469786
sh.601456,2023-08-18,2023-08-25,0.1402587890625,2025-12-15 20:03:19.469786
sh.601456,2023-08-21,2023-08-28,0.1383056640625,2025-12-15 20:03:19.469786
sh.601456,2023-08-22,2023-08-29,0.1363525390625,2025-12-15 20:03:19.469786
sh.601456,2023-08-23,2023-08-30,0.13671875,2025-12-15 20:03:19.469786
sh.601456,2023-08-24,2023-08-31,0.09185791015625,2025-12-15 20:03:19.469786
sh.601456,2023-08-25,2023-09-01,0.0751953125,2025-12-15 20:03:19.469786
sh.601456,2023-08-28,2023-09-04,0.1494140625,2025-12-15 20:03:19.469786
sh.601456,2023-08-29,2023-09-05,0.1376953125,2025-12-15 20:03:19.469786
sh.601456,2023-08-30,2023-09-06,0.09136962890625,2025-12-15 20:03:19.469786
sh.601456,2023-08-31,2023-09-07,0.12890625,2025-12-15 20:03:19.469786
sh.601456,2023-09-01,2023-09-08,0.1314697265625,2025-12-15 20:03:19.469786
sh.601456,2023-09-04,2023-09-11,0.1087646484375,2025-12-15 20:03:19.469786
sh.601456,2023-09-05,2023-09-12,0.1419677734375,2025-12-15 20:03:19.469786
sh.601456,2023-09-06,2023-09-13,0.1558837890625,2025-12-15 20:03:19.469786
sh.601456,2023-09-07,2023-09-14,0.134765625,2025-12-15 20:03:19.469786
sh.601456,2023-09-08,2023-09-15,0.09368896484375,2025-12-15 20:03:19.469786
sh.601456,2023-09-11,2023-09-18,0.1163330078125,2025-12-15 20:03:19.469786
sh.601456,2023-09-12,2023-09-19,0.1458740234375,2025-12-15 20:03:19.469786
sh.601456,2023-09-13,2023-09-20,0.157470703125,2025-12-15 20:03:19.469786
sh.601456,2023-09-14,2023-09-21,0.180419921875,2025-12-15 20:03:19.469786
sh.601456,2023-09-15,2023-09-22,0.14794921875,2025-12-15 20:03:19.469786
sh.601456,2023-09-18,2023-09-25,0.0782470703125,2025-12-15 20:03:19.469786
sh.601456,2023-09-19,2023-09-26,0.07861328125,2025-12-15 20:03:19.469786
sh.601456,2023-09-20,2023-09-27,0.114990234375,2025-12-15 20:03:19.469786
sh.601456,2023-09-21,2023-09-28,0.12445068359375,2025-12-15 20:03:19.469786
sh.601456,2023-09-22,2023-09-29,0.301513671875,2025-12-15 20:03:19.469786
sh.601456,2023-09-25,2023-10-02,0.132568359375,2025-12-15 20:03:19.469786
sh.601456,2023-09-26,2023-10-03,0.11358642578125,2025-12-15 20:03:19.469786
sh.601456,2023-09-27,2023-10-04,0.12420654296875,2025-12-15 20:03:19.469786
sh.601456,2023-09-28,2023-10-05,0.13330078125,2025-12-15 20:03:19.469786
sh.601456,2023-10-09,2023-10-16,0.1339111328125,2025-12-15 20:03:19.469786
sh.601456,2023-10-10,2023-10-17,0.1375732421875,2025-12-15 20:03:19.469786
sh.601456,2023-10-11,2023-10-18,0.1390380859375,2025-12-15 20:03:19.469786
sh.601456,2023-10-12,2023-10-19,0.12890625,2025-12-15 20:03:19.469786
sh.601456,2023-10-13,2023-10-20,0.1175537109375,2025-12-15 20:03:19.469786
sh.601456,2023-10-16,2023-10-23,0.1729736328125,2025-12-15 20:03:19.469786
sh.601456,2023-10-17,2023-10-24,0.08819580078125,2025-12-15 20:03:19.469786
sh.601456,2023-10-18,2023-10-25,0.0938720703125,2025-12-15 20:03:19.469786
sh.601456,2023-10-19,2023-10-26,0.076416015625,2025-12-15 20:03:19.469786
sh.601456,2023-10-20,2023-10-27,0.086181640625,2025-12-15 20:03:19.469786
sh.601456,2023-10-23,2023-10-30,0.1314697265625,2025-12-15 20:03:19.469786
sh.601456,2023-10-24,2023-10-31,0.097900390625,2025-12-15 20:03:19.469786
sh.601456,2023-10-25,2023-11-01,0.1278076171875,2025-12-15 20:03:19.469786
sh.601456,2023-10-26,2023-11-02,0.13037109375,2025-12-15 20:03:19.469786
sh.601456,2023-10-27,2023-11-03,0.144775390625,2025-12-15 20:03:19.469786
sh.601456,2023-10-30,2023-11-06,0.1358642578125,2025-12-15 20:03:19.469786
sh.601456,2023-10-31,2023-11-07,0.11395263671875,2025-12-15 20:03:19.469786
sh.601456,2023-11-01,2023-11-08,0.1290283203125,2025-12-15 20:03:19.469786
sh.601456,2023-11-02,2023-11-09,0.09185791015625,2025-12-15 20:03:19.469786
sh.601456,2023-11-03,2023-11-10,0.07611083984375,2025-12-15 20:03:19.469786
sh.601456,2023-11-06,2023-11-13,0.1964111328125,2025-12-15 20:03:19.469786
sh.601456,2023-11-07,2023-11-14,0.17529296875,2025-12-15 20:03:19.469786
sh.601456,2023-11-08,2023-11-15,0.132568359375,2025-12-15 20:03:19.469786
sh.601456,2023-11-09,2023-11-16,0.126220703125,2025-12-15 20:03:19.469786
sh.601456,2023-11-10,2023-11-17,0.130126953125,2025-12-15 20:03:19.469786
sh.601456,2023-11-13,2023-11-20,0.23193359375,2025-12-15 20:03:19.469786
sh.601456,2023-11-14,2023-11-21,0.1422119140625,2025-12-15 20:03:19.469786
sh.601456,2023-11-15,2023-11-22,0.142578125,2025-12-15 20:03:19.469786
sh.601456,2023-11-16,2023-11-23,0.1444091796875,2025-12-15 20:03:19.469786
sh.601456,2023-11-17,2023-11-24,0.19287109375,2025-12-15 20:03:19.469786
sh.601456,2023-11-20,2023-11-27,0.1859130859375,2025-12-15 20:03:19.469786
sh.601456,2023-11-21,2023-11-28,0.144287109375,2025-12-15 20:03:19.469786
sh.601456,2023-11-22,2023-11-29,0.1348876953125,2025-12-15 20:03:19.469786
sh.601456,2023-11-23,2023-11-30,0.1995849609375,2025-12-15 20:03:19.469786
sh.601456,2023-11-24,2023-12-01,0.2100830078125,2025-12-15 20:03:19.469786
sh.601456,2023-11-27,2023-12-04,0.1719970703125,2025-12-15 20:03:19.469786
sh.601456,2023-11-28,2023-12-05,0.1474609375,2025-12-15 20:03:19.469786
sh.601456,2023-11-29,2023-12-06,0.1390380859375,2025-12-15 20:03:19.469786
sh.601456,2023-11-30,2023-12-07,0.185302734375,2025-12-15 20:03:19.469786
sh.601456,2023-12-01,2023-12-08,0.1466064453125,2025-12-15 20:03:19.469786
sh.601456,2023-12-04,2023-12-11,0.1717529296875,2025-12-15 20:03:19.469786
sh.601456,2023-12-05,2023-12-12,0.12188720703125,2025-12-15 20:03:19.469786
sh.601456,2023-12-06,2023-12-13,0.09930419921875,2025-12-15 20:03:19.469786
sh.601456,2023-12-07,2023-12-14,0.2197265625,2025-12-15 20:03:19.469786
sh.601456,2023-12-08,2023-12-15,0.1446533203125,2025-12-15 20:03:19.469786
sh.601456,2023-12-11,2023-12-18,0.200927734375,2025-12-15 20:03:19.469786
sh.601456,2023-12-12,2023-12-19,0.1982421875,2025-12-15 20:03:19.469786
sh.601456,2023-12-13,2023-12-20,0.126220703125,2025-12-15 20:03:19.469786
sh.601456,2023-12-14,2023-12-21,0.1573486328125,2025-12-15 20:03:19.469786
sh.601456,2023-12-15,2023-12-22,0.1971435546875,2025-12-15 20:03:19.469786
sh.601456,2023-12-18,2023-12-25,0.1329345703125,2025-12-15 20:03:19.469786
sh.601456,2023-12-19,2023-12-26,0.130859375,2025-12-15 20:03:19.469786
sh.601456,2023-12-20,2023-12-27,0.1378173828125,2025-12-15 20:03:19.469786
sh.601456,2023-12-21,2023-12-28,0.12841796875,2025-12-15 20:03:19.469786
sh.601456,2023-12-22,2023-12-29,0.1322021484375,2025-12-15 20:03:19.469786
sh.601456,2023-12-25,2024-01-01,0.1240234375,2025-12-15 20:03:19.469786
sh.601456,2023-12-26,2024-01-02,0.132568359375,2025-12-15 20:03:19.469786
sh.601456,2023-12-27,2024-01-03,0.073974609375,2025-12-15 20:03:19.469786
sh.601456,2023-12-28,2024-01-04,0.283203125,2025-12-15 20:03:19.469786
sh.601456,2023-12-29,2024-01-05,0.1422119140625,2025-12-15 20:03:19.469786
sh.601456,2024-01-02,2024-01-09,0.129150390625,2025-12-15 20:03:19.469786
sh.601456,2024-01-03,2024-01-10,0.0838623046875,2025-12-15 20:03:19.469786
sh.601456,2024-01-04,2024-01-11,0.127685546875,2025-12-15 20:03:19.469786
sh.601456,2024-01-05,2024-01-12,0.06915283203125,2025-12-15 20:03:19.469786
sh.601456,2024-01-08,2024-01-15,0.1077880859375,2025-12-15 20:03:19.469786
sh.601456,2024-01-09,2024-01-16,0.12139892578125,2025-12-15 20:03:19.469786
sh.601456,2024-01-10,2024-01-17,0.1590576171875,2025-12-15 20:03:19.469786
sh.601456,2024-01-11,2024-01-18,0.2281494140625,2025-12-15 20:03:19.469786
sh.601456,2024-01-12,2024-01-19,0.2288818359375,2025-12-15 20:03:19.469786
sh.601456,2024-01-15,2024-01-22,0.1983642578125,2025-12-15 20:03:19.469786
sh.601456,2024-01-16,2024-01-23,0.258056640625,2025-12-15 20:03:19.469786
sh.601456,2024-01-17,2024-01-24,0.1427001953125,2025-12-15 20:03:19.469786
sh.601456,2024-01-18,2024-01-25,0.291015625,2025-12-15 20:03:19.469786
sh.601456,2024-01-19,2024-01-26,0.2054443359375,2025-12-15 20:03:19.469786
sh.601456,2024-01-22,2024-01-29,0.1939697265625,2025-12-15 20:03:19.469786
sh.601456,2024-01-23,2024-01-30,0.2005615234375,2025-12-15 20:03:19.469786
sh.601456,2024-01-24,2024-01-31,0.08978271484375,2025-12-15 20:03:19.469786
sh.601456,2024-01-25,2024-02-01,0.0751953125,2025-12-15 20:03:19.469786
sh.601456,2024-01-26,2024-02-02,0.10174560546875,2025-12-15 20:03:19.469786
sh.601456,2024-01-29,2024-02-05,0.144287109375,2025-12-15 20:03:19.469786
sh.601456,2024-01-30,2024-02-06,0.1546630859375,2025-12-15 20:03:19.469786
sh.601456,2024-01-31,2024-02-07,0.086181640625,2025-12-15 20:03:19.469786
sh.601456,2024-02-01,2024-02-08,0.0794677734375,2025-12-15 20:03:19.469786
sh.601456,2024-02-02,2024-02-09,0.134033203125,2025-12-15 20:03:19.469786
sh.601456,2024-02-05,2024-02-12,0.2203369140625,2025-12-15 20:03:19.469786
sh.601456,2024-02-06,2024-02-13,0.270263671875,2025-12-15 20:03:19.469786
sh.601456,2024-02-07,2024-02-14,0.11419677734375,2025-12-15 20:03:19.469786
sh.601456,2024-02-08,2024-02-15,0.08770751953125,2025-12-15 20:03:19.469786
sh.601456,2024-02-19,2024-02-26,0.1287841796875,2025-12-15 20:03:19.469786
sh.601456,2024-02-20,2024-02-27,0.09503173828125,2025-12-15 20:03:19.469786
sh.601456,2024-02-21,2024-02-28,0.07696533203125,2025-12-15 20:03:19.469786
sh.601456,2024-02-22,2024-02-29,0.2242431640625,2025-12-15 20:03:19.469786
sh.601456,2024-02-23,2024-03-01,0.08648681640625,2025-12-15 20:03:19.469786
sh.601456,2024-02-26,2024-03-04,0.090576171875,2025-12-15 20:03:19.469786
sh.601456,2024-02-27,2024-03-05,0.360107421875,2025-12-15 20:03:19.469786
sh.601456,2024-02-28,2024-03-06,0.11920166015625,2025-12-15 20:03:19.469786
sh.601456,2024-02-29,2024-03-07,0.363525390625,2025-12-15 20:03:19.469786
sh.601456,2024-03-01,2024-03-08,0.180419921875,2025-12-15 20:03:19.469786
sh.601456,2024-03-04,2024-03-11,0.169677734375,2025-12-15 20:03:19.469786
sh.601456,2024-03-05,2024-03-12,0.1646728515625,2025-12-15 20:03:19.469786
sh.601456,2024-03-06,2024-03-13,0.148681640625,2025-12-15 20:03:19.469786
sh.601456,2024-03-07,2024-03-14,0.08251953125,2025-12-15 20:03:19.469786
sh.601456,2024-03-08,2024-03-15,0.1361083984375,2025-12-15 20:03:19.469786
sh.601456,2024-03-11,2024-03-18,0.303466796875,2025-12-15 20:03:19.469786
sh.601456,2024-03-12,2024-03-19,0.11376953125,2025-12-15 20:03:19.469786
sh.601456,2024-03-13,2024-03-20,0.1689453125,2025-12-15 20:03:19.469786
sh.601456,2024-03-14,2024-03-21,0.13818359375,2025-12-15 20:03:19.469786
sh.601456,2024-03-15,2024-03-22,0.2218017578125,2025-12-15 20:03:19.469786
sh.601456,2024-03-18,2024-03-25,0.196533203125,2025-12-15 20:03:19.469786
sh.601456,2024-03-19,2024-03-26,0.1795654296875,2025-12-15 20:03:19.469786
sh.601456,2024-03-20,2024-03-27,0.1282958984375,2025-12-15 20:03:19.469786
sh.601456,2024-03-21,2024-03-28,0.16015625,2025-12-15 20:03:19.469786
sh.601456,2024-03-22,2024-03-29,0.1632080078125,2025-12-15 20:03:19.469786
sh.601456,2024-03-25,2024-04-01,0.137939453125,2025-12-15 20:03:19.469786
sh.601456,2024-03-26,2024-04-02,0.165283203125,2025-12-15 20:03:19.469786
sh.601456,2024-03-27,2024-04-03,0.1473388671875,2025-12-15 20:03:19.469786
sh.601456,2024-03-28,2024-04-04,0.1427001953125,2025-12-15 20:03:19.469786
sh.601456,2024-03-29,2024-04-05,0.1929931640625,2025-12-15 20:03:19.469786
sh.601456,2024-04-01,2024-04-08,0.174560546875,2025-12-15 20:03:19.469786
sh.601456,2024-04-02,2024-04-09,0.1607666015625,2025-12-15 20:03:19.469786
sh.601456,2024-04-03,2024-04-10,0.1910400390625,2025-12-15 20:03:19.469786
sh.601456,2024-04-08,2024-04-15,0.1346435546875,2025-12-15 20:03:19.469786
sh.601456,2024-04-09,2024-04-16,0.1890869140625,2025-12-15 20:03:19.469786
sh.601456,2024-04-10,2024-04-17,0.14013671875,2025-12-15 20:03:19.469786
sh.601456,2024-04-11,2024-04-18,0.1124267578125,2025-12-15 20:03:19.469786
sh.601456,2024-04-12,2024-04-19,0.1417236328125,2025-12-15 20:03:19.469786
sh.601456,2024-04-15,2024-04-22,0.08660888671875,2025-12-15 20:03:19.469786
sh.601456,2024-04-16,2024-04-23,0.130859375,2025-12-15 20:03:19.469786
sh.601456,2024-04-17,2024-04-24,0.4814453125,2025-12-15 20:03:19.469786
sh.601456,2024-04-18,2024-04-25,0.0743408203125,2025-12-15 20:03:19.469786
sh.601456,2024-04-19,2024-04-26,0.1121826171875,2025-12-15 20:03:19.469786
sh.601456,2024-04-22,2024-04-29,0.09088134765625,2025-12-15 20:03:19.469786
sh.601456,2024-04-23,2024-04-30,0.1514892578125,2025-12-15 20:03:19.469786
sh.601456,2024-04-24,2024-05-01,0.147705078125,2025-12-15 20:03:19.469786
sh.601456,2024-04-25,2024-05-02,0.1458740234375,2025-12-15 20:03:19.469786
sh.601456,2024-05-15,2024-05-22,0.4189453125,2025-12-15 20:03:19.469786
sh.601456,2024-05-16,2024-05-23,0.38671875,2025-12-15 20:03:19.469786
sh.601456,2024-05-17,2024-05-24,0.185791015625,2025-12-15 20:03:19.469786
sh.601456,2024-05-20,2024-05-27,0.1859130859375,2025-12-15 20:03:19.469786
sh.601456,2024-05-21,2024-05-28,0.15283203125,2025-12-15 20:03:19.469786
sh.601456,2024-05-22,2024-05-29,0.2078857421875,2025-12-15 20:03:19.469786
sh.601456,2024-05-23,2024-05-30,0.1259765625,2025-12-15 20:03:19.469786
sh.601456,2024-05-24,2024-05-31,0.150634765625,2025-12-15 20:03:19.469786
sh.601456,2024-05-27,2024-06-03,0.173583984375,2025-12-15 20:03:19.469786
sh.601456,2024-05-28,2024-06-04,0.145751953125,2025-12-15 20:03:19.469786
sh.601456,2024-05-29,2024-06-05,0.174560546875,2025-12-15 20:03:19.469786
sh.601456,2024-05-30,2024-06-06,0.12493896484375,2025-12-15 20:03:19.469786
sh.601456,2024-05-31,2024-06-07,0.1429443359375,2025-12-15 20:03:19.469786
sh.601456,2024-06-03,2024-06-10,0.1456298828125,2025-12-15 20:03:19.469786
sh.601456,2024-06-04,2024-06-11,0.258544921875,2025-12-15 20:03:19.469786
sh.601456,2024-06-05,2024-06-12,0.159423828125,2025-12-15 20:03:19.469786
sh.601456,2024-06-06,2024-06-13,0.1414794921875,2025-12-15 20:03:19.469786
sh.601456,2024-06-07,2024-06-14,0.1351318359375,2025-12-15 20:03:19.469786
sh.601456,2024-06-11,2024-06-18,0.0823974609375,2025-12-15 20:03:19.469786
sh.601456,2024-06-12,2024-06-19,0.1422119140625,2025-12-15 20:03:19.469786
sh.601456,2024-06-13,2024-06-20,0.1551513671875,2025-12-15 20:03:19.469786
sh.601456,2024-06-14,2024-06-21,0.126220703125,2025-12-15 20:03:19.469786
sh.601456,2024-06-17,2024-06-24,0.23828125,2025-12-15 20:03:19.469786
sh.601456,2024-06-18,2024-06-25,0.2064208984375,2025-12-15 20:03:19.469786
sh.601456,2024-06-19,2024-06-26,0.1424560546875,2025-12-15 20:03:19.469786
sh.601456,2024-06-20,2024-06-27,0.134521484375,2025-12-15 20:03:19.469786
sh.601456,2024-06-21,2024-06-28,0.13623046875,2025-12-15 20:03:19.469786
sh.601456,2024-06-24,2024-07-01,0.1259765625,2025-12-15 20:03:19.469786
sh.601456,2024-06-25,2024-07-02,0.1324462890625,2025-12-15 20:03:19.469786
sh.601456,2024-06-26,2024-07-03,0.11517333984375,2025-12-15 20:03:19.469786
sh.601456,2024-06-27,2024-07-04,0.14208984375,2025-12-15 20:03:19.469786
sh.601456,2024-06-28,2024-07-05,0.1280517578125,2025-12-15 20:03:19.469786
sh.601456,2024-07-01,2024-07-08,0.188720703125,2025-12-15 20:03:19.469786
sh.601456,2024-07-02,2024-07-09,0.1737060546875,2025-12-15 20:03:19.469786
sh.601456,2024-07-03,2024-07-10,0.09722900390625,2025-12-15 20:03:19.469786
sh.601456,2024-07-04,2024-07-11,0.1468505859375,2025-12-15 20:03:19.469786
sh.601456,2024-07-05,2024-07-12,0.07598876953125,2025-12-15 20:03:19.469786
sh.601456,2024-07-08,2024-07-15,0.1551513671875,2025-12-15 20:03:19.469786
sh.601456,2024-07-09,2024-07-16,0.14111328125,2025-12-15 20:03:19.469786
sh.601456,2024-07-10,2024-07-17,0.188232421875,2025-12-15 20:03:19.469786
sh.601456,2024-07-11,2024-07-18,0.153076171875,2025-12-15 20:03:19.469786
sh.601456,2024-07-12,2024-07-19,0.19775390625,2025-12-15 20:03:19.469786
sh.601456,2024-07-15,2024-07-22,0.197265625,2025-12-15 20:03:19.469786
sh.601456,2024-07-16,2024-07-23,0.1934814453125,2025-12-15 20:03:19.469786
sh.601456,2024-07-17,2024-07-24,0.11376953125,2025-12-15 20:03:19.469786
sh.601456,2024-07-18,2024-07-25,0.1358642578125,2025-12-15 20:03:19.469786
sh.601456,2024-07-19,2024-07-26,0.086181640625,2025-12-15 20:03:19.469786
sh.601456,2024-07-22,2024-07-29,0.1290283203125,2025-12-15 20:03:19.469786
sh.601456,2024-07-23,2024-07-30,0.1300048828125,2025-12-15 20:03:19.469786
sh.601456,2024-07-24,2024-07-31,0.1593017578125,2025-12-15 20:03:19.469786
sh.601456,2024-07-25,2024-08-01,0.2012939453125,2025-12-15 20:03:19.469786
sh.601456,2024-07-26,2024-08-02,0.1131591796875,2025-12-15 20:03:19.469786
sh.601456,2024-07-29,2024-08-05,0.1419677734375,2025-12-15 20:03:19.469786
sh.601456,2024-07-30,2024-08-06,0.1536865234375,2025-12-15 20:03:19.469786
sh.601456,2024-07-31,2024-08-07,0.232177734375,2025-12-15 20:03:19.469786
sh.601456,2024-08-01,2024-08-08,0.1187744140625,2025-12-15 20:03:19.469786
sh.601456,2024-08-02,2024-08-09,0.11395263671875,2025-12-15 20:03:19.469786
sh.601456,2024-08-05,2024-08-12,0.11517333984375,2025-12-15 20:03:19.469786
sh.601456,2024-08-06,2024-08-13,0.12347412109375,2025-12-15 20:03:19.469786
sh.601456,2024-08-07,2024-08-14,0.1251220703125,2025-12-15 20:03:19.469786
sh.601456,2024-08-08,2024-08-15,0.1033935546875,2025-12-15 20:03:19.469786
sh.601456,2024-08-09,2024-08-16,0.132080078125,2025-12-15 20:03:19.469786
sh.601456,2024-08-12,2024-08-19,0.126953125,2025-12-15 20:03:19.469786
sh.601456,2024-08-13,2024-08-20,0.1181640625,2025-12-15 20:03:19.469786
sh.601456,2024-08-14,2024-08-21,0.0703125,2025-12-15 20:03:19.469786
sh.601456,2024-08-15,2024-08-22,0.09619140625,2025-12-15 20:03:19.469786
sh.601456,2024-08-16,2024-08-23,0.13330078125,2025-12-15 20:03:19.469786
sh.601456,2024-08-19,2024-08-26,0.107421875,2025-12-15 20:03:19.469786
sh.601456,2024-08-20,2024-08-27,0.0738525390625,2025-12-15 20:03:19.469786
sh.601456,2024-08-21,2024-08-28,0.1279296875,2025-12-15 20:03:19.469786
sh.601456,2024-08-22,2024-08-29,0.1259765625,2025-12-15 20:03:19.469786
sh.601456,2024-08-23,2024-08-30,0.09088134765625,2025-12-15 20:03:19.469786
sh.601456,2024-08-26,2024-09-02,0.158935546875,2025-12-15 20:03:19.469786
sh.601456,2024-08-27,2024-09-03,0.15869140625,2025-12-15 20:03:19.469786
sh.601456,2024-08-28,2024-09-04,0.2900390625,2025-12-15 20:03:19.469786
sh.601456,2024-08-29,2024-09-05,0.253662109375,2025-12-15 20:03:19.469786
sh.601456,2024-08-30,2024-09-06,0.1436767578125,2025-12-15 20:03:19.469786
sh.601456,2024-09-02,2024-09-09,0.1470947265625,2025-12-15 20:03:19.469786
sh.601456,2024-09-03,2024-09-10,0.251953125,2025-12-15 20:03:19.469786
sh.601456,2024-09-04,2024-09-11,0.07147216796875,2025-12-15 20:03:19.469786
sh.601456,2024-09-05,2024-09-12,0.1253662109375,2025-12-15 20:03:19.469786
sh.601456,2024-09-06,2024-09-13,0.1187744140625,2025-12-15 20:03:19.469786
sh.601456,2024-09-09,2024-09-16,0.0869140625,2025-12-15 20:03:19.469786
sh.601456,2024-09-10,2024-09-17,0.1351318359375,2025-12-15 20:03:19.469786
sh.601456,2024-09-11,2024-09-18,0.169189453125,2025-12-15 20:03:19.469786
sh.601456,2024-09-12,2024-09-19,0.1536865234375,2025-12-15 20:03:19.469786
sh.601456,2024-09-13,2024-09-20,0.1446533203125,2025-12-15 20:03:19.469786
sh.601456,2024-09-18,2024-09-25,0.1536865234375,2025-12-15 20:03:19.469786
sh.601456,2024-09-19,2024-09-26,0.08978271484375,2025-12-15 20:03:19.469786
sh.601456,2024-09-20,2024-09-27,0.5517578125,2025-12-15 20:03:19.469786
sh.601456,2024-09-23,2024-09-30,0.53173828125,2025-12-15 20:03:19.469786
sh.601456,2024-09-24,2024-10-01,0.41162109375,2025-12-15 20:03:19.469786
sh.601456,2024-09-25,2024-10-02,0.2705078125,2025-12-15 20:03:19.469786
sh.601456,2024-09-26,2024-10-03,0.310546875,2025-12-15 20:03:19.469786
sh.601456,2024-09-27,2024-10-04,0.136962890625,2025-12-15 20:03:19.469786
sh.601456,2024-09-30,2024-10-07,0.2093505859375,2025-12-15 20:03:19.469786
sh.601456,2024-10-08,2024-10-15,0.286865234375,2025-12-15 20:03:19.469786
sh.601456,2024-10-09,2024-10-16,0.14208984375,2025-12-15 20:03:19.469786
sh.601456,2024-10-10,2024-10-17,0.14794921875,2025-12-15 20:03:19.469786
sh.601456,2024-10-11,2024-10-18,0.09857177734375,2025-12-15 20:03:19.469786
sh.601456,2024-10-14,2024-10-21,0.1441650390625,2025-12-15 20:03:19.469786
sh.601456,2024-10-15,2024-10-22,0.07684326171875,2025-12-15 20:03:19.469786
sh.601456,2024-10-16,2024-10-23,0.0987548828125,2025-12-15 20:03:19.469786
sh.601456,2024-10-17,2024-10-24,0.13037109375,2025-12-15 20:03:19.469786
sh.601456,2024-10-18,2024-10-25,0.081787109375,2025-12-15 20:03:19.469786
sh.601456,2024-10-21,2024-10-28,0.1474609375,2025-12-15 20:03:19.469786
sh.601456,2024-10-22,2024-10-29,0.1519775390625,2025-12-15 20:03:19.469786
sh.601456,2024-10-23,2024-10-30,0.1307373046875,2025-12-15 20:03:19.469786
sh.601456,2024-10-24,2024-10-31,0.197021484375,2025-12-15 20:03:19.469786
sh.601456,2024-10-25,2024-11-01,0.1492919921875,2025-12-15 20:03:19.469786
sh.601456,2024-10-28,2024-11-04,0.267333984375,2025-12-15 20:03:19.469786
sh.601456,2024-10-29,2024-11-05,0.1297607421875,2025-12-15 20:03:19.469786
sh.601456,2024-10-30,2024-11-06,0.11859130859375,2025-12-15 20:03:19.469786
sh.601456,2024-10-31,2024-11-07,0.1312255859375,2025-12-15 20:03:19.469786
sh.601456,2024-11-01,2024-11-08,0.1368408203125,2025-12-15 20:03:19.469786
sh.601456,2024-11-04,2024-11-11,0.320556640625,2025-12-15 20:03:19.469786
sh.601456,2024-11-05,2024-11-12,0.1585693359375,2025-12-15 20:03:19.469786
sh.601456,2024-11-06,2024-11-13,0.1153564453125,2025-12-15 20:03:19.469786
sh.601456,2024-11-07,2024-11-14,0.187744140625,2025-12-15 20:03:19.469786
sh.601456,2024-11-08,2024-11-15,0.146240234375,2025-12-15 20:03:19.469786
sh.601456,2024-11-11,2024-11-18,0.275634765625,2025-12-15 20:03:19.469786
sh.601456,2024-11-12,2024-11-19,0.16015625,2025-12-15 20:03:19.469786
sh.601456,2024-11-13,2024-11-20,0.198486328125,2025-12-15 20:03:19.469786
sh.601456,2024-11-14,2024-11-21,0.135498046875,2025-12-15 20:03:19.469786
sh.601456,2024-11-15,2024-11-22,0.1343994140625,2025-12-15 20:03:19.469786
sh.601456,2024-11-18,2024-11-25,0.137451171875,2025-12-15 20:03:19.469786
sh.601456,2024-11-19,2024-11-26,0.1583251953125,2025-12-15 20:03:19.469786
sh.601456,2024-11-20,2024-11-27,0.1827392578125,2025-12-15 20:03:19.469786
sh.601456,2024-11-21,2024-11-28,0.139404296875,2025-12-15 20:03:19.469786
sh.601456,2024-11-22,2024-11-29,0.115966796875,2025-12-15 20:03:19.469786
sh.601456,2024-11-25,2024-12-02,0.142333984375,2025-12-15 20:03:19.469786
sh.601456,2024-11-26,2024-12-03,0.12359619140625,2025-12-15 20:03:19.469786
sh.601456,2024-11-27,2024-12-04,0.353759765625,2025-12-15 20:03:19.469786
sh.601456,2024-11-28,2024-12-05,0.145263671875,2025-12-15 20:03:19.469786
sh.601456,2024-11-29,2024-12-06,0.093994140625,2025-12-15 20:03:19.469786
sh.601456,2024-12-02,2024-12-09,0.19287109375,2025-12-15 20:03:19.469786
sh.601456,2024-12-03,2024-12-10,0.1707763671875,2025-12-15 20:03:19.469786
sh.601456,2024-12-04,2024-12-11,0.13818359375,2025-12-15 20:03:19.469786
sh.601456,2024-12-05,2024-12-12,0.162109375,2025-12-15 20:03:19.469786
sh.601456,2024-12-06,2024-12-13,0.1397705078125,2025-12-15 20:03:19.469786
sh.601456,2024-12-09,2024-12-16,0.1549072265625,2025-12-15 20:03:19.469786
sh.601456,2024-12-10,2024-12-17,0.1358642578125,2025-12-15 20:03:19.469786
sh.601456,2024-12-11,2024-12-18,0.11126708984375,2025-12-15 20:03:19.469786
sh.601456,2024-12-12,2024-12-19,0.2037353515625,2025-12-15 20:03:19.469786
sh.601456,2024-12-13,2024-12-20,0.11737060546875,2025-12-15 20:03:19.469786
sh.601456,2024-12-16,2024-12-23,0.129638671875,2025-12-15 20:03:19.469786
sh.601456,2024-12-17,2024-12-24,0.1285400390625,2025-12-15 20:03:19.469786
sh.601456,2024-12-18,2024-12-25,0.1632080078125,2025-12-15 20:03:19.469786
sh.601456,2024-12-19,2024-12-26,0.1705322265625,2025-12-15 20:03:19.469786
sh.601456,2024-12-20,2024-12-27,0.13623046875,2025-12-15 20:03:19.469786
sh.601456,2024-12-23,2024-12-30,0.09503173828125,2025-12-15 20:03:19.469786
sh.601456,2024-12-24,2024-12-31,0.159423828125,2025-12-15 20:03:19.469786
sh.601456,2024-12-25,2025-01-01,0.16064453125,2025-12-15 20:03:19.469786
sh.601456,2024-12-26,2025-01-02,0.145751953125,2025-12-15 20:03:19.469786
sh.601456,2024-12-27,2025-01-03,0.16845703125,2025-12-15 20:03:19.469786
sh.601456,2024-12-30,2025-01-06,0.277099609375,2025-12-15 20:03:19.469786
sh.601456,2024-12-31,2025-01-07,0.144775390625,2025-12-15 20:03:19.469786
sh.601456,2025-01-02,2025-01-09,0.1412353515625,2025-12-15 20:03:19.469786
sh.601456,2025-01-03,2025-01-10,0.1309814453125,2025-12-15 20:03:19.469786
sh.601456,2025-01-06,2025-01-13,0.12286376953125,2025-12-15 20:03:19.469786
sh.601456,2025-01-07,2025-01-14,0.10931396484375,2025-12-15 20:03:19.469786
sh.601456,2025-01-08,2025-01-15,0.1217041015625,2025-12-15 20:03:19.469786
sh.601456,2025-01-09,2025-01-16,0.09173583984375,2025-12-15 20:03:19.469786
sh.601456,2025-01-10,2025-01-17,0.1007080078125,2025-12-15 20:03:19.469786
sh.601456,2025-01-13,2025-01-20,0.1693115234375,2025-12-15 20:03:19.469786
sh.601456,2025-01-14,2025-01-21,0.09722900390625,2025-12-15 20:03:19.469786
sh.601456,2025-01-15,2025-01-22,0.13671875,2025-12-15 20:03:19.469786
sh.601456,2025-01-16,2025-01-23,0.1246337890625,2025-12-15 20:03:19.469786
sh.601456,2025-01-17,2025-01-24,0.11553955078125,2025-12-15 20:03:19.469786
sh.601456,2025-01-20,2025-01-27,0.15478515625,2025-12-15 20:03:19.469786
sh.601456,2025-01-21,2025-01-28,0.14892578125,2025-12-15 20:03:19.469786
sh.601456,2025-01-22,2025-01-29,0.1412353515625,2025-12-15 20:03:19.469786
sh.601456,2025-01-23,2025-01-30,0.126953125,2025-12-15 20:03:19.469786
sh.601456,2025-01-24,2025-01-31,0.0948486328125,2025-12-15 20:03:19.469786
sh.601456,2025-01-27,2025-02-03,0.1326904296875,2025-12-15 20:03:19.469786
sh.601456,2025-02-05,2025-02-12,0.1937255859375,2025-12-15 20:03:19.469786
sh.601456,2025-02-06,2025-02-13,0.33203125,2025-12-15 20:03:19.469786
sh.601456,2025-02-07,2025-02-14,0.07696533203125,2025-12-15 20:03:19.469786
sh.601456,2025-02-10,2025-02-17,0.11260986328125,2025-12-15 20:03:19.469786
sh.601456,2025-02-11,2025-02-18,0.10247802734375,2025-12-15 20:03:19.469786
sh.601456,2025-02-12,2025-02-19,0.22509765625,2025-12-15 20:03:19.469786
sh.601456,2025-02-13,2025-02-20,0.142333984375,2025-12-15 20:03:19.469786
sh.601456,2025-02-14,2025-02-21,0.12890625,2025-12-15 20:03:19.469786
sh.601456,2025-02-17,2025-02-24,0.13330078125,2025-12-15 20:03:19.469786
sh.601456,2025-02-18,2025-02-25,0.134521484375,2025-12-15 20:03:19.469786
sh.601456,2025-02-19,2025-02-26,0.08648681640625,2025-12-15 20:03:19.469786
sh.601456,2025-02-20,2025-02-27,0.135498046875,2025-12-15 20:03:19.469786
sh.601456,2025-02-21,2025-02-28,0.11279296875,2025-12-15 20:03:19.469786
sh.601456,2025-02-24,2025-03-03,0.12054443359375,2025-12-15 20:03:19.469786
sh.601456,2025-02-25,2025-03-04,0.14501953125,2025-12-15 20:03:19.469786
sh.601456,2025-02-26,2025-03-05,0.271240234375,2025-12-15 20:03:19.469786
sh.601456,2025-02-27,2025-03-06,0.106689453125,2025-12-15 20:03:19.469786
sh.601456,2025-02-28,2025-03-07,0.11126708984375,2025-12-15 20:03:19.469786
sh.601456,2025-03-03,2025-03-10,0.1490478515625,2025-12-15 20:03:19.469786
sh.601456,2025-03-04,2025-03-11,0.1439208984375,2025-12-15 20:03:19.469786
sh.601456,2025-03-05,2025-03-12,0.1583251953125,2025-12-15 20:03:19.469786
sh.601456,2025-03-06,2025-03-13,0.09027099609375,2025-12-15 20:03:19.469786
sh.601456,2025-03-07,2025-03-14,0.1494140625,2025-12-15 20:03:19.469786
sh.601456,2025-03-10,2025-03-17,0.1834716796875,2025-12-15 20:03:19.469786
sh.601456,2025-03-11,2025-03-18,0.2421875,2025-12-15 20:03:19.469786
sh.601456,2025-03-12,2025-03-19,0.130126953125,2025-12-15 20:03:19.469786
sh.601456,2025-03-13,2025-03-20,0.1363525390625,2025-12-15 20:03:19.469786
sh.601456,2025-03-14,2025-03-21,0.1209716796875,2025-12-15 20:03:19.469786
sh.601456,2025-03-17,2025-03-24,0.156005859375,2025-12-15 20:03:19.469786
sh.601456,2025-03-18,2025-03-25,0.1781005859375,2025-12-15 20:03:19.469786
sh.601456,2025-03-19,2025-03-26,0.1807861328125,2025-12-15 20:03:19.469786
sh.601456,2025-03-20,2025-03-27,0.17822265625,2025-12-15 20:03:19.469786
sh.601456,2025-03-21,2025-03-28,0.138427734375,2025-12-15 20:03:19.469786
sh.601456,2025-03-24,2025-03-31,0.173095703125,2025-12-15 20:03:19.469786
sh.601456,2025-03-25,2025-04-01,0.198974609375,2025-12-15 20:03:19.469786
sh.601456,2025-03-26,2025-04-02,0.278076171875,2025-12-15 20:03:19.469786
sh.601456,2025-03-27,2025-04-03,0.1778564453125,2025-12-15 20:03:19.469786
sh.601456,2025-03-28,2025-04-04,0.32666015625,2025-12-15 20:03:19.469786
sh.601456,2025-03-31,2025-04-07,0.2467041015625,2025-12-15 20:03:19.469786
sh.601456,2025-04-01,2025-04-08,0.46728515625,2025-12-15 20:03:19.469786
sh.601456,2025-04-02,2025-04-09,0.48583984375,2025-12-15 20:03:19.469786
sh.601456,2025-04-03,2025-04-10,0.4697265625,2025-12-15 20:03:19.469786
sh.601456,2025-04-07,2025-04-14,0.1611328125,2025-12-15 20:03:19.469786
sh.601456,2025-04-08,2025-04-15,0.382080078125,2025-12-15 20:03:19.469786
sh.601456,2025-04-09,2025-04-16,0.114990234375,2025-12-15 20:03:19.469786
sh.601456,2025-04-10,2025-04-17,0.13330078125,2025-12-15 20:03:19.469786
sh.601456,2025-04-11,2025-04-18,0.2083740234375,2025-12-15 20:03:19.469786
sh.601456,2025-04-14,2025-04-21,0.2352294921875,2025-12-15 20:03:19.469786
sh.601456,2025-04-15,2025-04-22,0.220703125,2025-12-15 20:03:19.469786
sh.601456,2025-04-16,2025-04-23,0.20849609375,2025-12-15 20:03:19.469786
sh.601456,2025-04-17,2025-04-24,0.274658203125,2025-12-15 20:03:19.469786
sh.601456,2025-04-18,2025-04-25,0.2318115234375,2025-12-15 20:03:19.469786
sh.601456,2025-04-21,2025-04-28,0.403564453125,2025-12-15 20:03:19.469786
sh.601456,2025-04-22,2025-04-29,0.315673828125,2025-12-15 20:03:19.469786
sh.601456,2025-04-23,2025-04-30,0.33349609375,2025-12-15 20:03:19.469786
sh.601456,2025-04-24,2025-05-01,0.289794921875,2025-12-15 20:03:19.469786
sh.601456,2025-04-25,2025-05-02,0.420166015625,2025-12-15 20:03:19.469786
sh.601456,2025-04-28,2025-05-05,0.329833984375,2025-12-15 20:03:19.469786
sh.601456,2025-04-29,2025-05-06,0.382080078125,2025-12-15 20:03:19.469786
sh.601456,2025-04-30,2025-05-07,0.1175537109375,2025-12-15 20:03:19.469786
sh.601456,2025-05-06,2025-05-13,0.1893310546875,2025-12-15 20:03:19.469786
sh.601456,2025-05-07,2025-05-14,0.12890625,2025-12-15 20:03:19.469786
sh.601456,2025-05-08,2025-05-15,0.17822265625,2025-12-15 20:03:19.469786
sh.601456,2025-05-09,2025-05-16,0.1617431640625,2025-12-15 20:03:19.469786
sh.601456,2025-05-12,2025-05-19,0.1622314453125,2025-12-15 20:03:19.469786
sh.601456,2025-05-13,2025-05-20,0.1468505859375,2025-12-15 20:03:19.469786
sh.601456,2025-05-14,2025-05-21,0.10968017578125,2025-12-15 20:03:19.469786
sh.601456,2025-05-15,2025-05-22,0.1400146484375,2025-12-15 20:03:19.469786
sh.601456,2025-05-16,2025-05-23,0.1617431640625,2025-12-15 20:03:19.469786
sh.601456,2025-05-19,2025-05-26,0.1619873046875,2025-12-15 20:03:19.469786
sh.601456,2025-05-20,2025-05-27,0.1942138671875,2025-12-15 20:03:19.469786
sh.601456,2025-05-21,2025-05-28,0.190673828125,2025-12-15 20:03:19.469786
sh.601456,2025-05-22,2025-05-29,0.1904296875,2025-12-15 20:03:19.469786
sh.601456,2025-05-23,2025-05-30,0.166015625,2025-12-15 20:03:19.469786
sh.601456,2025-05-26,2025-06-02,0.296875,2025-12-15 20:03:19.469786
sh.601456,2025-05-27,2025-06-03,0.0894775390625,2025-12-15 20:03:19.469786
sh.601456,2025-05-28,2025-06-04,0.1646728515625,2025-12-15 20:03:19.469786
sh.601456,2025-05-29,2025-06-05,0.149169921875,2025-12-15 20:03:19.469786
sh.601456,2025-05-30,2025-06-06,0.1900634765625,2025-12-15 20:03:19.469786
sh.601456,2025-06-03,2025-06-10,0.155517578125,2025-12-15 20:03:19.469786
sh.601456,2025-06-04,2025-06-11,0.13525390625,2025-12-15 20:03:19.469786
sh.601456,2025-06-05,2025-06-12,0.193603515625,2025-12-15 20:03:19.469786
sh.601456,2025-06-06,2025-06-13,0.157958984375,2025-12-15 20:03:19.469786
sh.601456,2025-06-09,2025-06-16,0.0889892578125,2025-12-15 20:03:19.469786
sh.601456,2025-06-10,2025-06-17,0.1396484375,2025-12-15 20:03:19.469786
sh.601456,2025-06-11,2025-06-18,0.08135986328125,2025-12-15 20:03:19.469786
sh.601456,2025-06-12,2025-06-19,0.1356201171875,2025-12-15 20:03:19.469786
sh.601456,2025-06-13,2025-06-20,0.1468505859375,2025-12-15 20:03:19.469786
sh.601456,2025-06-16,2025-06-23,0.259033203125,2025-12-15 20:03:19.469786
sh.601456,2025-06-17,2025-06-24,0.1878662109375,2025-12-15 20:03:19.469786
sh.601456,2025-06-18,2025-06-25,0.1566162109375,2025-12-15 20:03:19.469786
sh.601456,2025-06-19,2025-06-26,0.1588134765625,2025-12-15 20:03:19.469786
sh.601456,2025-06-20,2025-06-27,0.2366943359375,2025-12-15 20:03:19.469786
sh.601456,2025-06-23,2025-06-30,0.184326171875,2025-12-15 20:03:19.469786
sh.601456,2025-06-24,2025-07-01,0.163330078125,2025-12-15 20:03:19.469786
sh.601456,2025-06-25,2025-07-02,0.226318359375,2025-12-15 20:03:19.469786
sh.601456,2025-06-26,2025-07-03,0.138427734375,2025-12-15 20:03:19.469786
sh.601456,2025-06-27,2025-07-04,0.09124755859375,2025-12-15 20:03:19.469786
sh.601456,2025-06-30,2025-07-07,0.1373291015625,2025-12-15 20:03:19.469786
sh.601456,2025-07-01,2025-07-08,0.1435546875,2025-12-15 20:03:19.469786
sh.601456,2025-07-02,2025-07-09,0.1453857421875,2025-12-15 20:03:19.469786
sh.601456,2025-07-03,2025-07-10,0.1536865234375,2025-12-15 20:03:19.469786
sh.601456,2025-07-04,2025-07-11,0.1171875,2025-12-15 20:03:19.469786
sh.601456,2025-07-07,2025-07-14,0.11395263671875,2025-12-15 20:03:19.469786
sh.601456,2025-07-08,2025-07-15,0.12188720703125,2025-12-15 20:03:19.469786
sh.601456,2025-07-09,2025-07-16,0.133544921875,2025-12-15 20:03:19.469786
sh.601456,2025-07-10,2025-07-17,0.1680908203125,2025-12-15 20:03:19.469786
sh.601456,2025-07-11,2025-07-18,0.0994873046875,2025-12-15 20:03:19.469786
sh.601456,2025-07-14,2025-07-21,0.134521484375,2025-12-15 20:03:19.469786
sh.601456,2025-07-15,2025-07-22,0.092529296875,2025-12-15 20:03:19.469786
sh.601456,2025-07-16,2025-07-23,0.1519775390625,2025-12-15 20:03:19.469786
sh.601456,2025-07-17,2025-07-24,0.181884765625,2025-12-15 20:03:19.469786
sh.601456,2025-07-18,2025-07-25,0.1634521484375,2025-12-15 20:03:19.469786
sh.601456,2025-07-21,2025-07-28,0.215576171875,2025-12-15 20:03:19.469786
sh.601456,2025-07-22,2025-07-29,0.1502685546875,2025-12-15 20:03:19.469786
sh.601456,2025-07-23,2025-07-30,0.11199951171875,2025-12-15 20:03:19.469786
sh.601456,2025-07-24,2025-07-31,0.275390625,2025-12-15 20:03:19.469786
sh.601456,2025-07-25,2025-08-01,0.1539306640625,2025-12-15 20:03:19.469786
sh.601456,2025-07-28,2025-08-04,0.161865234375,2025-12-15 20:03:19.469786
sh.601456,2025-07-29,2025-08-05,0.24072265625,2025-12-15 20:03:19.469786
sh.601456,2025-07-30,2025-08-06,0.16064453125,2025-12-15 20:03:19.469786
sh.601456,2025-07-31,2025-08-07,0.1331787109375,2025-12-15 20:03:19.469786
sh.601456,2025-08-01,2025-08-08,0.1365966796875,2025-12-15 20:03:19.469786
sh.601456,2025-08-04,2025-08-11,0.2437744140625,2025-12-15 20:03:19.469786
sh.601456,2025-08-05,2025-08-12,0.232177734375,2025-12-15 20:03:19.469786
sh.601456,2025-08-06,2025-08-13,0.234375,2025-12-15 20:03:19.469786
sh.601456,2025-08-07,2025-08-14,0.1536865234375,2025-12-15 20:03:19.469786
sh.601456,2025-08-08,2025-08-15,0.156982421875,2025-12-15 20:03:19.469786
sh.601456,2025-08-11,2025-08-18,0.356689453125,2025-12-15 20:03:19.469786
sh.601456,2025-08-12,2025-08-19,0.242919921875,2025-12-15 20:03:19.469786
sh.601456,2025-08-13,2025-08-20,0.12274169921875,2025-12-15 20:03:19.469786
sh.601456,2025-08-14,2025-08-21,0.1436767578125,2025-12-15 20:03:19.469786
sh.601456,2025-08-15,2025-08-22,0.171630859375,2025-12-15 20:03:19.469786
sh.601456,2025-08-18,2025-08-25,0.1771240234375,2025-12-15 20:03:19.469786
sh.601456,2025-08-19,2025-08-26,0.180419921875,2025-12-15 20:03:19.469786
sh.601456,2025-08-20,2025-08-27,0.278564453125,2025-12-15 20:03:19.469786
sh.601456,2025-08-21,2025-08-28,0.1724853515625,2025-12-15 20:03:19.469786
sh.601456,2025-08-22,2025-08-29,0.267578125,2025-12-15 20:03:19.469786
sh.601456,2025-08-25,2025-09-01,0.2110595703125,2025-12-15 20:03:19.469786
sh.601456,2025-08-26,2025-09-02,0.157470703125,2025-12-15 20:03:19.469786
sh.601456,2025-08-27,2025-09-03,0.1416015625,2025-12-15 20:03:19.469786
sh.601456,2025-08-28,2025-09-04,0.252685546875,2025-12-15 20:03:19.469786
sh.601456,2025-08-29,2025-09-05,0.159912109375,2025-12-15 20:03:19.469786
sh.601456,2025-09-01,2025-09-08,0.19091796875,2025-12-15 20:03:19.469786
sh.601456,2025-09-02,2025-09-09,0.1790771484375,2025-12-15 20:03:19.469786
sh.601456,2025-09-03,2025-09-10,0.1435546875,2025-12-15 20:03:19.469786
sh.601456,2025-09-04,2025-09-11,0.14794921875,2025-12-15 20:03:19.469786
sh.601456,2025-09-05,2025-09-12,0.252197265625,2025-12-15 20:03:19.469786
sh.601456,2025-09-08,2025-09-15,0.183349609375,2025-12-15 20:03:19.469786
sh.601456,2025-09-09,2025-09-16,0.1734619140625,2025-12-15 20:03:19.469786
sh.601456,2025-09-10,2025-09-17,0.1490478515625,2025-12-15 20:03:19.469786
sh.601456,2025-09-11,2025-09-18,0.257080078125,2025-12-15 20:03:19.469786
sh.601456,2025-09-12,2025-09-19,0.1546630859375,2025-12-15 20:03:19.469786
sh.601456,2025-09-15,2025-09-22,0.160400390625,2025-12-15 20:03:19.469786
sh.601456,2025-09-16,2025-09-23,0.17041015625,2025-12-15 20:03:19.469786
sh.601456,2025-09-17,2025-09-24,0.293212890625,2025-12-15 20:03:19.469786
sh.601456,2025-09-18,2025-09-25,0.14013671875,2025-12-15 20:03:19.469786
sh.601456,2025-09-19,2025-09-26,0.147216796875,2025-12-15 20:03:19.469786
sh.601456,2025-09-22,2025-09-29,0.2188720703125,2025-12-15 20:03:19.469786
sh.601456,2025-09-23,2025-09-30,0.1505126953125,2025-12-15 20:03:19.469786
sh.601456,2025-09-24,2025-10-01,0.2469482421875,2025-12-15 20:03:19.469786
sh.601456,2025-09-25,2025-10-02,0.1622314453125,2025-12-15 20:03:19.469786
sh.601456,2025-09-26,2025-10-03,0.14697265625,2025-12-15 20:03:19.469786
sh.601456,2025-09-29,2025-10-06,0.11358642578125,2025-12-15 20:03:19.469786
sh.601456,2025-09-30,2025-10-07,0.1978759765625,2025-12-15 20:03:19.469786
sh.601456,2025-10-09,2025-10-16,0.2225341796875,2025-12-15 20:03:19.469786
sh.601456,2025-10-10,2025-10-17,0.150634765625,2025-12-15 20:03:19.469786
sh.601456,2025-10-13,2025-10-20,0.290283203125,2025-12-15 20:03:19.469786
sh.601456,2025-10-14,2025-10-21,0.134521484375,2025-12-15 20:03:19.469786
sh.601456,2025-10-15,2025-10-22,0.19189453125,2025-12-15 20:03:19.469786
sh.601456,2025-10-16,2025-10-23,0.1676025390625,2025-12-15 20:03:19.469786
sh.601456,2025-10-17,2025-10-24,0.1292724609375,2025-12-15 20:03:19.469786
sh.601456,2025-10-20,2025-10-27,0.1357421875,2025-12-15 20:03:19.469786
sh.601456,2025-10-21,2025-10-28,0.1121826171875,2025-12-15 20:03:19.469786
sh.601456,2025-10-22,2025-10-29,0.1517333984375,2025-12-15 20:03:19.469786
sh.601456,2025-10-23,2025-10-30,0.176513671875,2025-12-15 20:03:19.469786
sh.601456,2025-10-24,2025-10-31,0.270263671875,2025-12-15 20:03:19.469786
sh.601456,2025-10-27,2025-11-03,0.141357421875,2025-12-15 20:03:19.469786
sh.601456,2025-10-28,2025-11-04,0.16943359375,2025-12-15 20:03:19.469786
sh.601456,2025-10-29,2025-11-05,0.2095947265625,2025-12-15 20:03:19.469786
sh.601456,2025-10-30,2025-11-06,0.173828125,2025-12-15 20:03:19.469786
sh.601456,2025-10-31,2025-11-07,0.1510009765625,2025-12-15 20:03:19.469786
sh.601456,2025-11-03,2025-11-10,0.153076171875,2025-12-15 20:03:19.469786
sh.601456,2025-11-04,2025-11-11,0.14404296875,2025-12-15 20:03:19.469786
sh.601456,2025-11-05,2025-11-12,0.12445068359375,2025-12-15 20:03:19.469786
sh.601456,2025-11-06,2025-11-13,0.10821533203125,2025-12-15 20:03:19.469786
sh.601456,2025-11-07,2025-11-14,0.1868896484375,2025-12-15 20:03:19.469786
sh.601456,2025-11-10,2025-11-17,0.11297607421875,2025-12-15 20:03:19.469786
sh.601456,2025-11-11,2025-11-18,0.135986328125,2025-12-15 20:03:19.469786
sh.601456,2025-11-12,2025-11-19,0.13232421875,2025-12-15 20:03:19.469786
sh.601456,2025-11-13,2025-11-20,0.134033203125,2025-12-15 20:03:19.469786
sh.601456,2025-11-14,2025-11-21,0.1143798828125,2025-12-15 20:03:19.469786
sh.601456,2025-11-17,2025-11-24,0.1312255859375,2025-12-15 20:03:19.469786
sh.601456,2025-11-18,2025-11-25,0.11614990234375,2025-12-15 20:03:19.469786
sh.601456,2025-11-19,2025-11-26,0.1239013671875,2025-12-15 20:03:19.469786
sh.601456,2025-11-20,2025-11-27,0.1292724609375,2025-12-15 20:03:19.469786
sh.601456,2025-11-21,2025-11-28,0.165283203125,2025-12-15 20:03:19.469786
sh.601456,2025-11-24,2025-12-01,0.264404296875,2025-12-15 20:03:19.469786
sh.601456,2025-11-25,2025-12-02,0.175537109375,2025-12-15 20:03:19.469786
sh.601456,2025-11-26,2025-12-03,0.2413330078125,2025-12-15 20:03:19.469786
sh.601456,2025-11-27,2025-12-04,0.27490234375,2025-12-15 20:03:19.469786
sh.601456,2025-11-28,2025-12-05,0.287841796875,2025-12-15 20:03:19.469786
sh.601456,2025-12-01,2025-12-08,0.072509765625,2025-12-15 20:03:19.469786
sh.601456,2025-12-02,2025-12-09,0.070556640625,2025-12-15 20:03:19.469786
sh.601456,2025-12-03,2025-12-10,0.1165771484375,2025-12-15 20:03:19.469786
sh.601456,2025-12-04,2025-12-11,0.140380859375,2025-12-15 20:03:19.469786
sh.601456,2025-12-05,2025-12-12,0.286376953125,2025-12-15 20:03:19.469786
sh.601456,2025-12-08,2025-12-15,0.11737060546875,2025-12-15 20:03:19.469786
sh.601456,2025-12-09,2025-12-16,0.122314453125,2025-12-15 20:03:19.469786
sh.601456,2025-12-10,2025-12-17,0.1943359375,2025-12-15 20:03:19.469786
sh.601456,2025-12-11,2025-12-18,0.107421875,2025-12-15 20:03:19.469786
sh.601456,2025-12-12,2025-12-19,0.07476806640625,2025-12-15 20:03:19.469786
sh.601456,2025-12-15,2025-12-22,0.09368896484375,2025-12-15 20:03:19.469786
sh.601600,2025-12-15,2025-12-22,0.09466552734375,2025-12-15 20:03:19.469786
sh.601601,2025-12-15,2025-12-22,0.137451171875,2025-12-15 20:03:19.469786
sh.601607,2025-12-15,2025-12-22,0.10357666015625,2025-12-15 20:03:19.469786
sh.601618,2025-12-15,2025-12-22,0.33349609375,2025-12-15 20:03:19.469786
sh.601628,2025-12-15,2025-12-22,0.1124267578125,2025-12-15 20:03:19.469786
sh.601633,2025-12-15,2025-12-22,0.08770751953125,2025-12-15 20:03:19.469786
sh.601658,2025-12-15,2025-12-22,0.399658203125,2025-12-15 20:03:19.469786
sh.601668,2025-12-15,2025-12-22,0.09930419921875,2025-12-15 20:03:19.469786
sh.601669,2025-12-15,2025-12-22,0.11358642578125,2025-12-15 20:03:19.469786
sh.601688,2025-12-15,2025-12-22,0.09808349609375,2025-12-15 20:03:19.469786
sh.601689,2025-12-15,2025-12-22,0.1181640625,2025-12-15 20:03:19.469786
sh.601698,2025-12-15,2025-12-22,0.11968994140625,2025-12-15 20:03:19.469786
sh.601728,2025-12-15,2025-12-22,0.1826171875,2025-12-15 20:03:19.469786
sh.601766,2025-12-15,2025-12-22,0.1456298828125,2025-12-15 20:03:19.469786
sh.601788,2025-12-15,2025-12-22,0.08587646484375,2025-12-15 20:03:19.469786
sh.601800,2025-12-15,2025-12-22,0.144775390625,2025-12-15 20:03:19.469786
sh.601808,2025-12-15,2025-12-22,0.1756591796875,2025-12-15 20:03:19.469786
sh.601816,2025-12-15,2025-12-22,0.128662109375,2025-12-15 20:03:19.469786
sh.601818,2025-12-15,2025-12-22,0.0948486328125,2025-12-15 20:03:19.469786
sh.601825,2025-12-15,2025-12-22,0.1431884765625,2025-12-15 20:03:19.469786
sh.601838,2025-12-15,2025-12-22,0.1546630859375,2025-12-15 20:03:19.469786
sh.601857,2025-12-15,2025-12-22,0.1295166015625,2025-12-15 20:03:19.469786
sh.601868,2025-12-15,2025-12-22,0.12646484375,2025-12-15 20:03:19.469786
sh.601872,2025-12-15,2025-12-22,0.073974609375,2025-12-15 20:03:19.469786
sh.601877,2025-12-15,2025-12-22,0.10760498046875,2025-12-15 20:03:19.469786
sh.601878,2025-12-15,2025-12-22,0.1026611328125,2025-12-15 20:03:19.469786
sh.601881,2025-12-15,2025-12-22,0.06781005859375,2025-12-15 20:03:19.469786
sh.601888,2025-12-15,2025-12-22,0.08868408203125,2025-12-15 20:03:19.469786
sh.601898,2025-12-15,2025-12-22,0.1695556640625,2025-12-15 20:03:19.469786
sh.601899,2025-12-15,2025-12-22,0.1041259765625,2025-12-15 20:03:19.469786
sh.601901,2025-12-15,2025-12-22,0.082275390625,2025-12-15 20:03:19.469786
sh.601916,2025-12-15,2025-12-22,0.10540771484375,2025-12-15 20:03:19.469786
sh.601919,2025-12-15,2025-12-22,0.07891845703125,2025-12-15 20:03:19.469786
sh.601939,2025-12-15,2025-12-22,0.1815185546875,2025-12-15 20:03:19.469786
sh.601985,2025-12-15,2025-12-22,0.12347412109375,2025-12-15 20:03:19.469786
sh.601988,2025-12-15,2025-12-22,0.1263427734375,2025-12-15 20:03:19.469786
sh.601998,2025-12-15,2025-12-22,0.15673828125,2025-12-15 20:03:19.469786
sh.603019,2025-12-15,2025-12-22,0.236572265625,2025-12-15 20:03:19.469786
sh.603195,2025-12-15,2025-12-22,0.08038330078125,2025-12-15 20:03:19.469786
sh.603259,2025-12-15,2025-12-22,0.13134765625,2025-12-15 20:03:19.469786
sh.603260,2025-12-15,2025-12-22,0.1727294921875,2025-12-15 20:03:19.469786
sh.603288,2025-12-15,2025-12-22,0.08062744140625,2025-12-15 20:03:19.469786
sh.603369,2025-12-15,2025-12-22,0.1470947265625,2025-12-15 20:03:19.469786
sh.603392,2025-12-15,2025-12-22,0.1488037109375,2025-12-15 20:03:19.469786
sh.603501,2025-12-15,2025-12-22,0.1263427734375,2025-12-15 20:03:19.469786
sh.603799,2025-12-15,2025-12-22,0.1314697265625,2025-12-15 20:03:19.469786
sh.603893,2023-02-08,2023-02-15,0.09332275390625,2025-12-15 20:03:19.469786
sh.603893,2023-02-09,2023-02-16,0.10821533203125,2025-12-15 20:03:19.469786
sh.603893,2023-02-10,2023-02-17,0.1268310546875,2025-12-15 20:03:19.469786
sh.603893,2023-02-13,2023-02-20,0.2303466796875,2025-12-15 20:03:19.469786
sh.603893,2023-02-14,2023-02-21,0.1187744140625,2025-12-15 20:03:19.469786
sh.603893,2023-02-15,2023-02-22,0.2340087890625,2025-12-15 20:03:19.469786
sh.603893,2023-02-16,2023-02-23,0.10595703125,2025-12-15 20:03:19.469786
sh.603893,2023-02-17,2023-02-24,0.141357421875,2025-12-15 20:03:19.469786
sh.603893,2023-02-20,2023-02-27,0.1400146484375,2025-12-15 20:03:19.469786
sh.603893,2023-02-21,2023-02-28,0.12939453125,2025-12-15 20:03:19.469786
sh.603893,2023-02-22,2023-03-01,0.1463623046875,2025-12-15 20:03:19.469786
sh.603893,2023-02-23,2023-03-02,0.11083984375,2025-12-15 20:03:19.469786
sh.603893,2023-02-24,2023-03-03,0.1163330078125,2025-12-15 20:03:19.469786
sh.603893,2023-02-27,2023-03-06,0.1026611328125,2025-12-15 20:03:19.469786
sh.603893,2023-02-28,2023-03-07,0.07781982421875,2025-12-15 20:03:19.469786
sh.603893,2023-03-01,2023-03-08,0.11163330078125,2025-12-15 20:03:19.469786
sh.603893,2023-03-02,2023-03-09,0.14013671875,2025-12-15 20:03:19.469786
sh.603893,2023-03-03,2023-03-10,0.1259765625,2025-12-15 20:03:19.469786
sh.603893,2023-03-06,2023-03-13,0.13427734375,2025-12-15 20:03:19.469786
sh.603893,2023-03-07,2023-03-14,0.1324462890625,2025-12-15 20:03:19.469786
sh.603893,2023-03-08,2023-03-15,0.1201171875,2025-12-15 20:03:19.469786
sh.603893,2023-03-09,2023-03-16,0.07965087890625,2025-12-15 20:03:19.469786
sh.603893,2023-03-10,2023-03-17,0.1163330078125,2025-12-15 20:03:19.469786
sh.603893,2023-03-13,2023-03-20,0.125244140625,2025-12-15 20:03:19.469786
sh.603893,2023-03-14,2023-03-21,0.1026611328125,2025-12-15 20:03:19.469786
sh.603893,2023-03-15,2023-03-22,0.07135009765625,2025-12-15 20:03:19.469786
sh.603893,2023-03-16,2023-03-23,0.08197021484375,2025-12-15 20:03:19.469786
sh.603893,2023-03-17,2023-03-24,0.2301025390625,2025-12-15 20:03:19.469786
sh.603893,2023-03-20,2023-03-27,0.2021484375,2025-12-15 20:03:19.469786
sh.603893,2023-03-21,2023-03-28,0.1358642578125,2025-12-15 20:03:19.469786
sh.603893,2023-03-22,2023-03-29,0.23095703125,2025-12-15 20:03:19.469786
sh.603893,2023-03-23,2023-03-30,0.1982421875,2025-12-15 20:03:19.469786
sh.603893,2023-03-24,2023-03-31,0.198974609375,2025-12-15 20:03:19.469786
sh.603893,2023-03-27,2023-04-03,0.1356201171875,2025-12-15 20:03:19.469786
sh.603893,2023-03-28,2023-04-04,0.1417236328125,2025-12-15 20:03:19.469786
sh.603893,2023-03-29,2023-04-05,0.138916015625,2025-12-15 20:03:19.469786
sh.603893,2023-03-30,2023-04-06,0.19677734375,2025-12-15 20:03:19.469786
sh.603893,2023-03-31,2023-04-07,0.1624755859375,2025-12-15 20:03:19.469786
sh.603893,2023-04-03,2023-04-10,0.1370849609375,2025-12-15 20:03:19.469786
sh.603893,2023-04-04,2023-04-11,0.135986328125,2025-12-15 20:03:19.469786
sh.603893,2023-04-06,2023-04-13,0.257080078125,2025-12-15 20:03:19.469786
sh.603893,2023-04-07,2023-04-14,0.290283203125,2025-12-15 20:03:19.469786
sh.603893,2023-04-10,2023-04-17,0.1610107421875,2025-12-15 20:03:19.469786
sh.603893,2023-04-11,2023-04-18,0.1876220703125,2025-12-15 20:03:19.469786
sh.603893,2023-04-12,2023-04-19,0.2474365234375,2025-12-15 20:03:19.469786
sh.603893,2023-04-13,2023-04-20,0.143798828125,2025-12-15 20:03:19.469786
sh.603893,2023-04-14,2023-04-21,0.2232666015625,2025-12-15 20:03:19.469786
sh.603893,2023-04-17,2023-04-24,0.14404296875,2025-12-15 20:03:19.469786
sh.603893,2023-04-18,2023-04-25,0.1588134765625,2025-12-15 20:03:19.469786
sh.603893,2023-04-19,2023-04-26,0.150390625,2025-12-15 20:03:19.469786
sh.603893,2023-04-20,2023-04-27,0.179443359375,2025-12-15 20:03:19.469786
sh.603893,2023-04-21,2023-04-28,0.140625,2025-12-15 20:03:19.469786
sh.603893,2023-04-24,2023-05-01,0.12445068359375,2025-12-15 20:03:19.469786
sh.603893,2023-04-25,2023-05-02,0.12274169921875,2025-12-15 20:03:19.469786
sh.603893,2023-04-26,2023-05-03,0.1207275390625,2025-12-15 20:03:19.469786
sh.603893,2023-04-27,2023-05-04,0.10614013671875,2025-12-15 20:03:19.469786
sh.603893,2023-04-28,2023-05-05,0.134765625,2025-12-15 20:03:19.469786
sh.603893,2023-05-04,2023-05-11,0.1488037109375,2025-12-15 20:03:19.469786
sh.603893,2023-05-05,2023-05-12,0.2108154296875,2025-12-15 20:03:19.469786
sh.603893,2023-05-08,2023-05-15,0.255615234375,2025-12-15 20:03:19.469786
sh.603893,2023-05-09,2023-05-16,0.1971435546875,2025-12-15 20:03:19.469786
sh.603893,2023-05-10,2023-05-17,0.29443359375,2025-12-15 20:03:19.469786
sh.603893,2023-05-11,2023-05-18,0.1007080078125,2025-12-15 20:03:19.469786
sh.603893,2023-05-12,2023-05-19,0.1502685546875,2025-12-15 20:03:19.469786
sh.603893,2023-05-15,2023-05-22,0.161376953125,2025-12-15 20:03:19.469786
sh.603893,2023-05-16,2023-05-23,0.09808349609375,2025-12-15 20:03:19.469786
sh.603893,2023-05-17,2023-05-24,0.08154296875,2025-12-15 20:03:19.469786
sh.603893,2023-05-18,2023-05-25,0.1163330078125,2025-12-15 20:03:19.469786
sh.603893,2023-05-19,2023-05-26,0.1724853515625,2025-12-15 20:03:19.469786
sh.603893,2023-05-22,2023-05-29,0.1392822265625,2025-12-15 20:03:19.469786
sh.603893,2023-05-23,2023-05-30,0.132568359375,2025-12-15 20:03:19.469786
sh.603893,2023-05-24,2023-05-31,0.11065673828125,2025-12-15 20:03:19.469786
sh.603893,2023-05-25,2023-06-01,0.092041015625,2025-12-15 20:03:19.469786
sh.603893,2023-05-26,2023-06-02,0.2049560546875,2025-12-15 20:03:19.469786
sh.603893,2023-05-29,2023-06-05,0.1083984375,2025-12-15 20:03:19.469786
sh.603893,2023-05-30,2023-06-06,0.1414794921875,2025-12-15 20:03:19.469786
sh.603893,2023-05-31,2023-06-07,0.330810546875,2025-12-15 20:03:19.469786
sh.603893,2023-06-01,2023-06-08,0.106689453125,2025-12-15 20:03:19.469786
sh.603893,2023-06-02,2023-06-09,0.1341552734375,2025-12-15 20:03:19.469786
sh.603893,2023-06-05,2023-06-12,0.1094970703125,2025-12-15 20:03:19.469786
sh.603893,2023-06-06,2023-06-13,0.1240234375,2025-12-15 20:03:19.469786
sh.603893,2023-06-07,2023-06-14,0.1253662109375,2025-12-15 20:03:19.469786
sh.603893,2023-06-08,2023-06-15,0.131591796875,2025-12-15 20:03:19.469786
sh.603893,2023-06-09,2023-06-16,0.1240234375,2025-12-15 20:03:19.469786
sh.603893,2023-06-12,2023-06-19,0.11065673828125,2025-12-15 20:03:19.469786
sh.603893,2023-06-13,2023-06-20,0.23974609375,2025-12-15 20:03:19.469786
sh.603893,2023-06-14,2023-06-21,0.1279296875,2025-12-15 20:03:19.469786
sh.603893,2023-06-15,2023-06-22,0.13330078125,2025-12-15 20:03:19.469786
sh.603893,2023-06-16,2023-06-23,0.10504150390625,2025-12-15 20:03:19.469786
sh.603893,2023-06-19,2023-06-26,0.09912109375,2025-12-15 20:03:19.469786
sh.603893,2023-06-20,2023-06-27,0.1292724609375,2025-12-15 20:03:19.469786
sh.603893,2023-06-21,2023-06-28,0.126953125,2025-12-15 20:03:19.469786
sh.603893,2023-06-26,2023-07-03,0.1290283203125,2025-12-15 20:03:19.469786
sh.603893,2023-06-27,2023-07-04,0.11181640625,2025-12-15 20:03:19.469786
sh.603893,2023-06-28,2023-07-05,0.140869140625,2025-12-15 20:03:19.469786
sh.603893,2023-06-29,2023-07-06,0.1568603515625,2025-12-15 20:03:19.469786
sh.603893,2023-06-30,2023-07-07,0.1693115234375,2025-12-15 20:03:19.469786
sh.603893,2023-07-03,2023-07-10,0.1572265625,2025-12-15 20:03:19.469786
sh.603893,2023-07-04,2023-07-11,0.08538818359375,2025-12-15 20:03:19.469786
sh.603893,2023-07-05,2023-07-12,0.11163330078125,2025-12-15 20:03:19.469786
sh.603893,2023-07-06,2023-07-13,0.13427734375,2025-12-15 20:03:19.469786
sh.603893,2023-07-07,2023-07-14,0.1700439453125,2025-12-15 20:03:19.469786
sh.603893,2023-07-10,2023-07-17,0.172119140625,2025-12-15 20:03:19.469786
sh.603893,2023-07-11,2023-07-18,0.265625,2025-12-15 20:03:19.469786
sh.603893,2023-07-12,2023-07-19,0.11163330078125,2025-12-15 20:03:19.469786
sh.603893,2023-07-13,2023-07-20,0.08209228515625,2025-12-15 20:03:19.469786
sh.603893,2023-07-14,2023-07-21,0.11993408203125,2025-12-15 20:03:19.469786
sh.603893,2023-07-17,2023-07-24,0.07977294921875,2025-12-15 20:03:19.469786
sh.603893,2023-07-18,2023-07-25,0.094482421875,2025-12-15 20:03:19.469786
sh.603893,2023-07-19,2023-07-26,0.07904052734375,2025-12-15 20:03:19.469786
sh.603893,2023-07-20,2023-07-27,0.1300048828125,2025-12-15 20:03:19.469786
sh.603893,2023-07-21,2023-07-28,0.06903076171875,2025-12-15 20:03:19.469786
sh.603893,2023-07-24,2023-07-31,0.0885009765625,2025-12-15 20:03:19.469786
sh.603893,2023-07-25,2023-08-01,0.13232421875,2025-12-15 20:03:19.469786
sh.603893,2023-07-26,2023-08-02,0.13134765625,2025-12-15 20:03:19.469786
sh.603893,2023-07-27,2023-08-03,0.139404296875,2025-12-15 20:03:19.469786
sh.603893,2023-07-28,2023-08-04,0.1600341796875,2025-12-15 20:03:19.469786
sh.603893,2023-07-31,2023-08-07,0.134765625,2025-12-15 20:03:19.469786
sh.603893,2023-08-01,2023-08-08,0.1661376953125,2025-12-15 20:03:19.469786
sh.603893,2023-08-02,2023-08-09,0.140869140625,2025-12-15 20:03:19.469786
sh.603893,2023-08-03,2023-08-10,0.11932373046875,2025-12-15 20:03:19.469786
sh.603893,2023-08-04,2023-08-11,0.133544921875,2025-12-15 20:03:19.469786
sh.603893,2023-08-07,2023-08-14,0.145751953125,2025-12-15 20:03:19.469786
sh.603893,2023-08-08,2023-08-15,0.1734619140625,2025-12-15 20:03:19.469786
sh.603893,2023-08-09,2023-08-16,0.2215576171875,2025-12-15 20:03:19.469786
sh.603893,2023-08-10,2023-08-17,0.2421875,2025-12-15 20:03:19.469786
sh.603893,2023-08-11,2023-08-18,0.163330078125,2025-12-15 20:03:19.469786
sh.603893,2023-08-14,2023-08-21,0.2393798828125,2025-12-15 20:03:19.469786
sh.603893,2023-08-15,2023-08-22,0.1749267578125,2025-12-15 20:03:19.469786
sh.603893,2023-08-16,2023-08-23,0.17626953125,2025-12-15 20:03:19.469786
sh.603893,2023-08-17,2023-08-24,0.298583984375,2025-12-15 20:03:19.469786
sh.603893,2023-08-18,2023-08-25,0.233154296875,2025-12-15 20:03:19.469786
sh.603893,2023-08-21,2023-08-28,0.14697265625,2025-12-15 20:03:19.469786
sh.603893,2023-08-22,2023-08-29,0.206787109375,2025-12-15 20:03:19.469786
sh.603893,2023-08-23,2023-08-30,0.1734619140625,2025-12-15 20:03:19.469786
sh.603893,2023-08-24,2023-08-31,0.181884765625,2025-12-15 20:03:19.469786
sh.603893,2023-08-25,2023-09-01,0.14697265625,2025-12-15 20:03:19.469786
sh.603893,2023-08-28,2023-09-04,0.1414794921875,2025-12-15 20:03:19.469786
sh.603893,2023-08-29,2023-09-05,0.1500244140625,2025-12-15 20:03:19.469786
sh.603893,2023-08-30,2023-09-06,0.11578369140625,2025-12-15 20:03:19.469786
sh.603893,2023-08-31,2023-09-07,0.295654296875,2025-12-15 20:03:19.469786
sh.603893,2023-09-01,2023-09-08,0.15380859375,2025-12-15 20:03:19.469786
sh.603893,2023-09-04,2023-09-11,0.299072265625,2025-12-15 20:03:19.469786
sh.603893,2023-09-05,2023-09-12,0.142333984375,2025-12-15 20:03:19.469786
sh.603893,2023-09-06,2023-09-13,0.256591796875,2025-12-15 20:03:19.469786
sh.603893,2023-09-07,2023-09-14,0.1492919921875,2025-12-15 20:03:19.469786
sh.603893,2023-09-08,2023-09-15,0.243408203125,2025-12-15 20:03:19.469786
sh.603893,2023-09-11,2023-09-18,0.1279296875,2025-12-15 20:03:19.469786
sh.603893,2023-09-12,2023-09-19,0.1842041015625,2025-12-15 20:03:19.469786
sh.603893,2023-09-13,2023-09-20,0.158203125,2025-12-15 20:03:19.469786
sh.603893,2023-09-14,2023-09-21,0.16943359375,2025-12-15 20:03:19.469786
sh.603893,2023-09-15,2023-09-22,0.1165771484375,2025-12-15 20:03:19.469786
sh.603893,2023-09-18,2023-09-25,0.1484375,2025-12-15 20:03:19.469786
sh.603893,2023-09-19,2023-09-26,0.1578369140625,2025-12-15 20:03:19.469786
sh.603893,2023-09-20,2023-09-27,0.1317138671875,2025-12-15 20:03:19.469786
sh.603893,2023-09-21,2023-09-28,0.1773681640625,2025-12-15 20:03:19.469786
sh.603893,2023-09-22,2023-09-29,0.434814453125,2025-12-15 20:03:19.469786
sh.603893,2023-09-25,2023-10-02,0.1514892578125,2025-12-15 20:03:19.469786
sh.603893,2023-09-26,2023-10-03,0.1483154296875,2025-12-15 20:03:19.469786
sh.603893,2023-09-27,2023-10-04,0.12646484375,2025-12-15 20:03:19.469786
sh.603893,2023-09-28,2023-10-05,0.12939453125,2025-12-15 20:03:19.469786
sh.603893,2023-10-09,2023-10-16,0.1627197265625,2025-12-15 20:03:19.469786
sh.603893,2023-10-10,2023-10-17,0.2093505859375,2025-12-15 20:03:19.469786
sh.603893,2023-10-11,2023-10-18,0.1378173828125,2025-12-15 20:03:19.469786
sh.603893,2023-10-12,2023-10-19,0.2020263671875,2025-12-15 20:03:19.469786
sh.603893,2023-10-13,2023-10-20,0.195556640625,2025-12-15 20:03:19.469786
sh.603893,2023-10-16,2023-10-23,0.1539306640625,2025-12-15 20:03:19.469786
sh.603893,2023-10-17,2023-10-24,0.1837158203125,2025-12-15 20:03:19.469786
sh.603893,2023-10-18,2023-10-25,0.1300048828125,2025-12-15 20:03:19.469786
sh.603893,2023-10-19,2023-10-26,0.22802734375,2025-12-15 20:03:19.469786
sh.603893,2023-10-20,2023-10-27,0.137451171875,2025-12-15 20:03:19.469786
sh.603893,2023-10-23,2023-10-30,0.1353759765625,2025-12-15 20:03:19.469786
sh.603893,2023-10-24,2023-10-31,0.132568359375,2025-12-15 20:03:19.469786
sh.603893,2023-10-25,2023-11-01,0.0966796875,2025-12-15 20:03:19.469786
sh.603893,2023-10-26,2023-11-02,0.1094970703125,2025-12-15 20:03:19.469786
sh.603893,2023-10-27,2023-11-03,0.1094970703125,2025-12-15 20:03:19.469786
sh.603893,2023-10-30,2023-11-06,0.261474609375,2025-12-15 20:03:19.469786
sh.603893,2023-10-31,2023-11-07,0.1361083984375,2025-12-15 20:03:19.469786
sh.603893,2023-11-01,2023-11-08,0.135986328125,2025-12-15 20:03:19.469786
sh.603893,2023-11-02,2023-11-09,0.145263671875,2025-12-15 20:03:19.469786
sh.603893,2023-11-03,2023-11-10,0.1883544921875,2025-12-15 20:03:19.469786
sh.603893,2023-11-06,2023-11-13,0.1588134765625,2025-12-15 20:03:19.469786
sh.603893,2023-11-07,2023-11-14,0.2142333984375,2025-12-15 20:03:19.469786
sh.603893,2023-11-08,2023-11-15,0.17333984375,2025-12-15 20:03:19.469786
sh.603893,2023-11-09,2023-11-16,0.13671875,2025-12-15 20:03:19.469786
sh.603893,2023-11-10,2023-11-17,0.161376953125,2025-12-15 20:03:19.469786
sh.603893,2023-11-13,2023-11-20,0.2144775390625,2025-12-15 20:03:19.469786
sh.603893,2023-11-14,2023-11-21,0.280517578125,2025-12-15 20:03:19.469786
sh.603893,2023-11-15,2023-11-22,0.1304931640625,2025-12-15 20:03:19.469786
sh.603893,2023-11-16,2023-11-23,0.14453125,2025-12-15 20:03:19.469786
sh.603893,2023-11-17,2023-11-24,0.3115234375,2025-12-15 20:03:19.469786
sh.603893,2023-11-20,2023-11-27,0.2054443359375,2025-12-15 20:03:19.469786
sh.603893,2023-11-21,2023-11-28,0.1763916015625,2025-12-15 20:03:19.469786
sh.603893,2023-11-22,2023-11-29,0.1739501953125,2025-12-15 20:03:19.469786
sh.603893,2023-11-23,2023-11-30,0.2130126953125,2025-12-15 20:03:19.469786
sh.603893,2023-11-24,2023-12-01,0.162353515625,2025-12-15 20:03:19.469786
sh.603893,2023-11-27,2023-12-04,0.2037353515625,2025-12-15 20:03:19.469786
sh.603893,2023-11-28,2023-12-05,0.2027587890625,2025-12-15 20:03:19.469786
sh.603893,2023-11-29,2023-12-06,0.16015625,2025-12-15 20:03:19.469786
sh.603893,2023-11-30,2023-12-07,0.2127685546875,2025-12-15 20:03:19.469786
sh.603893,2023-12-01,2023-12-08,0.2452392578125,2025-12-15 20:03:19.469786
sh.603893,2023-12-04,2023-12-11,0.16357421875,2025-12-15 20:03:19.469786
sh.603893,2023-12-05,2023-12-12,0.1490478515625,2025-12-15 20:03:19.469786
sh.603893,2023-12-06,2023-12-13,0.1700439453125,2025-12-15 20:03:19.469786
sh.603893,2023-12-07,2023-12-14,0.1842041015625,2025-12-15 20:03:19.469786
sh.603893,2023-12-08,2023-12-15,0.1790771484375,2025-12-15 20:03:19.469786
sh.603893,2023-12-11,2023-12-18,0.2191162109375,2025-12-15 20:03:19.469786
sh.603893,2023-12-12,2023-12-19,0.1976318359375,2025-12-15 20:03:19.469786
sh.603893,2023-12-13,2023-12-20,0.1800537109375,2025-12-15 20:03:19.469786
sh.603893,2023-12-14,2023-12-21,0.1546630859375,2025-12-15 20:03:19.469786
sh.603893,2023-12-15,2023-12-22,0.1392822265625,2025-12-15 20:03:19.469786
sh.603893,2023-12-18,2023-12-25,0.13134765625,2025-12-15 20:03:19.469786
sh.603893,2023-12-19,2023-12-26,0.1177978515625,2025-12-15 20:03:19.469786
sh.603893,2023-12-20,2023-12-27,0.134765625,2025-12-15 20:03:19.469786
sh.603893,2023-12-21,2023-12-28,0.1258544921875,2025-12-15 20:03:19.469786
sh.603893,2023-12-22,2023-12-29,0.1396484375,2025-12-15 20:03:19.469786
sh.603893,2023-12-25,2024-01-01,0.1236572265625,2025-12-15 20:03:19.469786
sh.603893,2023-12-26,2024-01-02,0.1287841796875,2025-12-15 20:03:19.469786
sh.603893,2023-12-27,2024-01-03,0.135498046875,2025-12-15 20:03:19.469786
sh.603893,2023-12-28,2024-01-04,0.093017578125,2025-12-15 20:03:19.469786
sh.603893,2023-12-29,2024-01-05,0.20849609375,2025-12-15 20:03:19.469786
sh.603893,2024-01-02,2024-01-09,0.1461181640625,2025-12-15 20:03:19.469786
sh.603893,2024-01-03,2024-01-10,0.13427734375,2025-12-15 20:03:19.469786
sh.603893,2024-01-04,2024-01-11,0.14013671875,2025-12-15 20:03:19.469786
sh.603893,2024-01-05,2024-01-12,0.1187744140625,2025-12-15 20:03:19.469786
sh.603893,2024-01-08,2024-01-15,0.129150390625,2025-12-15 20:03:19.469786
sh.603893,2024-01-09,2024-01-16,0.1187744140625,2025-12-15 20:03:19.469786
sh.603893,2024-01-10,2024-01-17,0.114990234375,2025-12-15 20:03:19.469786
sh.603893,2024-01-11,2024-01-18,0.1124267578125,2025-12-15 20:03:19.469786
sh.603893,2024-01-12,2024-01-19,0.1622314453125,2025-12-15 20:03:19.469786
sh.603893,2024-01-15,2024-01-22,0.11578369140625,2025-12-15 20:03:19.469786
sh.603893,2024-01-16,2024-01-23,0.1424560546875,2025-12-15 20:03:19.469786
sh.603893,2024-01-17,2024-01-24,0.1573486328125,2025-12-15 20:03:19.469786
sh.603893,2024-01-18,2024-01-25,0.2427978515625,2025-12-15 20:03:19.469786
sh.603893,2024-01-19,2024-01-26,0.1878662109375,2025-12-15 20:03:19.469786
sh.603893,2024-01-22,2024-01-29,0.1929931640625,2025-12-15 20:03:19.469786
sh.603893,2024-01-23,2024-01-30,0.296875,2025-12-15 20:03:19.469786
sh.603893,2024-01-24,2024-01-31,0.160888671875,2025-12-15 20:03:19.469786
sh.603893,2024-01-25,2024-02-01,0.26171875,2025-12-15 20:03:19.469786
sh.603893,2024-01-26,2024-02-02,0.28564453125,2025-12-15 20:03:19.469786
sh.603893,2024-01-29,2024-02-05,0.22802734375,2025-12-15 20:03:19.469786
sh.603893,2024-01-30,2024-02-06,0.3701171875,2025-12-15 20:03:19.469786
sh.603893,2024-01-31,2024-02-07,0.439697265625,2025-12-15 20:03:19.469786
sh.603893,2024-02-01,2024-02-08,0.49072265625,2025-12-15 20:03:19.469786
sh.603893,2024-02-02,2024-02-09,0.446044921875,2025-12-15 20:03:19.469786
sh.603893,2024-02-05,2024-02-12,0.50341796875,2025-12-15 20:03:19.469786
sh.603893,2024-02-06,2024-02-13,0.498291015625,2025-12-15 20:03:19.469786
sh.603893,2024-02-07,2024-02-14,0.40869140625,2025-12-15 20:03:19.469786
sh.603893,2024-02-08,2024-02-15,0.173583984375,2025-12-15 20:03:19.469786
sh.603893,2024-02-19,2024-02-26,0.1563720703125,2025-12-15 20:03:19.469786
sh.603893,2024-02-20,2024-02-27,0.314453125,2025-12-15 20:03:19.469786
sh.603893,2024-02-21,2024-02-28,0.354248046875,2025-12-15 20:03:19.469786
sh.603893,2024-02-22,2024-02-29,0.404052734375,2025-12-15 20:03:19.469786
sh.603893,2024-02-23,2024-03-01,0.300537109375,2025-12-15 20:03:19.469786
sh.603893,2024-02-26,2024-03-04,0.33984375,2025-12-15 20:03:19.469786
sh.603893,2024-02-27,2024-03-05,0.28369140625,2025-12-15 20:03:19.469786
sh.603893,2024-02-28,2024-03-06,0.1329345703125,2025-12-15 20:03:19.469786
sh.603893,2024-02-29,2024-03-07,0.353515625,2025-12-15 20:03:19.469786
sh.603893,2024-03-01,2024-03-08,0.11065673828125,2025-12-15 20:03:19.469786
sh.603893,2024-03-04,2024-03-11,0.133544921875,2025-12-15 20:03:19.469786
sh.603893,2024-03-05,2024-03-12,0.1087646484375,2025-12-15 20:03:19.469786
sh.603893,2024-03-06,2024-03-13,0.12103271484375,2025-12-15 20:03:19.469786
sh.603893,2024-03-07,2024-03-14,0.130126953125,2025-12-15 20:03:19.469786
sh.603893,2024-03-08,2024-03-15,0.09368896484375,2025-12-15 20:03:19.469786
sh.603893,2024-03-11,2024-03-18,0.1153564453125,2025-12-15 20:03:19.469786
sh.603893,2024-03-12,2024-03-19,0.0838623046875,2025-12-15 20:03:19.469786
sh.603893,2024-03-13,2024-03-20,0.1346435546875,2025-12-15 20:03:19.469786
sh.603893,2024-03-14,2024-03-21,0.134033203125,2025-12-15 20:03:19.469786
sh.603893,2024-03-15,2024-03-22,0.135009765625,2025-12-15 20:03:19.469786
sh.603893,2024-03-18,2024-03-25,0.419189453125,2025-12-15 20:03:19.469786
sh.603893,2024-03-19,2024-03-26,0.1627197265625,2025-12-15 20:03:19.469786
sh.603893,2024-03-20,2024-03-27,0.1317138671875,2025-12-15 20:03:19.469786
sh.603893,2024-03-21,2024-03-28,0.126708984375,2025-12-15 20:03:19.469786
sh.603893,2024-03-22,2024-03-29,0.13330078125,2025-12-15 20:03:19.469786
sh.603893,2024-03-25,2024-04-01,0.1463623046875,2025-12-15 20:03:19.469786
sh.603893,2024-03-26,2024-04-02,0.1396484375,2025-12-15 20:03:19.469786
sh.603893,2024-03-27,2024-04-03,0.19091796875,2025-12-15 20:03:19.469786
sh.603893,2024-03-28,2024-04-04,0.28466796875,2025-12-15 20:03:19.469786
sh.603893,2024-03-29,2024-04-05,0.27099609375,2025-12-15 20:03:19.469786
sh.603893,2024-04-01,2024-04-08,0.325439453125,2025-12-15 20:03:19.469786
sh.603893,2024-04-02,2024-04-09,0.2314453125,2025-12-15 20:03:19.469786
sh.603893,2024-04-03,2024-04-10,0.261474609375,2025-12-15 20:03:19.469786
sh.603893,2024-04-08,2024-04-15,0.2783203125,2025-12-15 20:03:19.469786
sh.603893,2024-04-09,2024-04-16,0.4521484375,2025-12-15 20:03:19.469786
sh.603893,2024-04-10,2024-04-17,0.376220703125,2025-12-15 20:03:19.469786
sh.603893,2024-04-11,2024-04-18,0.4375,2025-12-15 20:03:19.469786
sh.603893,2024-04-12,2024-04-19,0.284912109375,2025-12-15 20:03:19.469786
sh.603893,2024-04-15,2024-04-22,0.090087890625,2025-12-15 20:03:19.469786
sh.603893,2024-04-16,2024-04-23,0.1400146484375,2025-12-15 20:03:19.469786
sh.603893,2024-04-17,2024-04-24,0.154296875,2025-12-15 20:03:19.469786
sh.603893,2024-04-18,2024-04-25,0.11029052734375,2025-12-15 20:03:19.469786
sh.603893,2024-04-19,2024-04-26,0.13623046875,2025-12-15 20:03:19.469786
sh.603893,2024-04-22,2024-04-29,0.09466552734375,2025-12-15 20:03:19.469786
sh.603893,2024-04-23,2024-04-30,0.1083984375,2025-12-15 20:03:19.469786
sh.603893,2024-04-24,2024-05-01,0.2362060546875,2025-12-15 20:03:19.469786
sh.603893,2024-04-25,2024-05-02,0.1019287109375,2025-12-15 20:03:19.469786
sh.603893,2024-04-26,2024-05-03,0.219970703125,2025-12-15 20:03:19.469786
sh.603893,2024-04-29,2024-05-06,0.24853515625,2025-12-15 20:03:19.469786
sh.603893,2024-04-30,2024-05-07,0.1683349609375,2025-12-15 20:03:19.469786
sh.603893,2024-05-06,2024-05-13,0.127197265625,2025-12-15 20:03:19.469786
sh.603893,2024-05-07,2024-05-14,0.1014404296875,2025-12-15 20:03:19.469786
sh.603893,2024-05-08,2024-05-15,0.1322021484375,2025-12-15 20:03:19.469786
sh.603893,2024-05-09,2024-05-16,0.133544921875,2025-12-15 20:03:19.469786
sh.603893,2024-05-10,2024-05-17,0.115966796875,2025-12-15 20:03:19.469786
sh.603893,2024-05-13,2024-05-20,0.0816650390625,2025-12-15 20:03:19.469786
sh.603893,2024-05-14,2024-05-21,0.132568359375,2025-12-15 20:03:19.469786
sh.603893,2024-05-15,2024-05-22,0.107421875,2025-12-15 20:03:19.469786
sh.603893,2024-05-16,2024-05-23,0.1181640625,2025-12-15 20:03:19.469786
sh.603893,2024-05-17,2024-05-24,0.11553955078125,2025-12-15 20:03:19.469786
sh.603893,2024-05-20,2024-05-27,0.09124755859375,2025-12-15 20:03:19.469786
sh.603893,2024-05-21,2024-05-28,0.07489013671875,2025-12-15 20:03:19.469786
sh.603893,2024-05-22,2024-05-29,0.1365966796875,2025-12-15 20:03:19.469786
sh.603893,2024-05-23,2024-05-30,0.12890625,2025-12-15 20:03:19.469786
sh.603893,2024-05-24,2024-05-31,0.1300048828125,2025-12-15 20:03:19.469786
sh.603893,2024-05-27,2024-06-03,0.11102294921875,2025-12-15 20:03:19.469786
sh.603893,2024-05-28,2024-06-04,0.06890869140625,2025-12-15 20:03:19.469786
sh.603893,2024-05-29,2024-06-05,0.11474609375,2025-12-15 20:03:19.469786
sh.603893,2024-05-30,2024-06-06,0.10968017578125,2025-12-15 20:03:19.469786
sh.603893,2024-05-31,2024-06-07,0.10504150390625,2025-12-15 20:03:19.469786
sh.603893,2024-06-03,2024-06-10,0.109130859375,2025-12-15 20:03:19.469786
sh.603893,2024-06-04,2024-06-11,0.115966796875,2025-12-15 20:03:19.469786
sh.603893,2024-06-05,2024-06-12,0.12213134765625,2025-12-15 20:03:19.469786
sh.603893,2024-06-06,2024-06-13,0.1298828125,2025-12-15 20:03:19.469786
sh.603893,2024-06-07,2024-06-14,0.11358642578125,2025-12-15 20:03:19.469786
sh.603893,2024-06-11,2024-06-18,0.2039794921875,2025-12-15 20:03:19.469786
sh.603893,2024-06-12,2024-06-19,0.140380859375,2025-12-15 20:03:19.469786
sh.603893,2024-06-13,2024-06-20,0.133544921875,2025-12-15 20:03:19.469786
sh.603893,2024-06-14,2024-06-21,0.1776123046875,2025-12-15 20:03:19.469786
sh.603893,2024-06-17,2024-06-24,0.189208984375,2025-12-15 20:03:19.469786
sh.603893,2024-06-18,2024-06-25,0.16943359375,2025-12-15 20:03:19.469786
sh.603893,2024-06-19,2024-06-26,0.1456298828125,2025-12-15 20:03:19.469786
sh.603893,2024-06-20,2024-06-27,0.11859130859375,2025-12-15 20:03:19.469786
sh.603893,2024-06-21,2024-06-28,0.1429443359375,2025-12-15 20:03:19.469786
sh.603893,2024-06-24,2024-07-01,0.10797119140625,2025-12-15 20:03:19.469786
sh.603893,2024-06-25,2024-07-02,0.1202392578125,2025-12-15 20:03:19.469786
sh.603893,2024-06-26,2024-07-03,0.19482421875,2025-12-15 20:03:19.469786
sh.603893,2024-06-27,2024-07-04,0.0872802734375,2025-12-15 20:03:19.469786
sh.603893,2024-06-28,2024-07-05,0.10394287109375,2025-12-15 20:03:19.469786
sh.603893,2024-07-01,2024-07-08,0.1153564453125,2025-12-15 20:03:19.469786
sh.603893,2024-07-02,2024-07-09,0.12493896484375,2025-12-15 20:03:19.469786
sh.603893,2024-07-03,2024-07-10,0.185546875,2025-12-15 20:03:19.469786
sh.603893,2024-07-04,2024-07-11,0.1282958984375,2025-12-15 20:03:19.469786
sh.603893,2024-07-05,2024-07-12,0.1414794921875,2025-12-15 20:03:19.469786
sh.603893,2024-07-08,2024-07-15,0.10968017578125,2025-12-15 20:03:19.469786
sh.603893,2024-07-09,2024-07-16,0.2161865234375,2025-12-15 20:03:19.469786
sh.603893,2024-07-10,2024-07-17,0.25439453125,2025-12-15 20:03:19.469786
sh.603893,2024-07-11,2024-07-18,0.1959228515625,2025-12-15 20:03:19.469786
sh.603893,2024-07-12,2024-07-19,0.1978759765625,2025-12-15 20:03:19.469786
sh.603893,2024-07-15,2024-07-22,0.20556640625,2025-12-15 20:03:19.469786
sh.603893,2024-07-16,2024-07-23,0.247802734375,2025-12-15 20:03:19.469786
sh.603893,2024-07-17,2024-07-24,0.197021484375,2025-12-15 20:03:19.469786
sh.603893,2024-07-18,2024-07-25,0.235595703125,2025-12-15 20:03:19.469786
sh.603893,2024-07-19,2024-07-26,0.2086181640625,2025-12-15 20:03:19.469786
sh.603893,2024-07-22,2024-07-29,0.2325439453125,2025-12-15 20:03:19.469786
sh.603893,2024-07-23,2024-07-30,0.1663818359375,2025-12-15 20:03:19.469786
sh.603893,2024-07-24,2024-07-31,0.1561279296875,2025-12-15 20:03:19.469786
sh.603893,2024-07-25,2024-08-01,0.1483154296875,2025-12-15 20:03:19.469786
sh.603893,2024-07-26,2024-08-02,0.1527099609375,2025-12-15 20:03:19.469786
sh.603893,2024-07-29,2024-08-05,0.1502685546875,2025-12-15 20:03:19.469786
sh.603893,2024-07-30,2024-08-06,0.1815185546875,2025-12-15 20:03:19.469786
sh.603893,2024-07-31,2024-08-07,0.159912109375,2025-12-15 20:03:19.469786
sh.603893,2024-08-01,2024-08-08,0.1778564453125,2025-12-15 20:03:19.469786
sh.603893,2024-08-02,2024-08-09,0.129638671875,2025-12-15 20:03:19.469786
sh.603893,2024-08-05,2024-08-12,0.12158203125,2025-12-15 20:03:19.469786
sh.603893,2024-08-06,2024-08-13,0.138916015625,2025-12-15 20:03:19.469786
sh.603893,2024-08-07,2024-08-14,0.12158203125,2025-12-15 20:03:19.469786
sh.603893,2024-08-08,2024-08-15,0.090087890625,2025-12-15 20:03:19.469786
sh.603893,2024-08-09,2024-08-16,0.1246337890625,2025-12-15 20:03:19.469786
sh.603893,2024-08-12,2024-08-19,0.1214599609375,2025-12-15 20:03:19.469786
sh.603893,2024-08-13,2024-08-20,0.10687255859375,2025-12-15 20:03:19.469786
sh.603893,2024-08-14,2024-08-21,0.130615234375,2025-12-15 20:03:19.469786
sh.603893,2024-08-15,2024-08-22,0.07781982421875,2025-12-15 20:03:19.469786
sh.603893,2024-08-16,2024-08-23,0.1285400390625,2025-12-15 20:03:19.469786
sh.603893,2024-08-19,2024-08-26,0.1015625,2025-12-15 20:03:19.469786
sh.603893,2024-08-20,2024-08-27,0.12213134765625,2025-12-15 20:03:19.469786
sh.603893,2024-08-21,2024-08-28,0.119384765625,2025-12-15 20:03:19.469786
sh.603893,2024-08-22,2024-08-29,0.1304931640625,2025-12-15 20:03:19.469786
sh.603893,2024-08-23,2024-08-30,0.08538818359375,2025-12-15 20:03:19.469786
sh.603893,2024-08-26,2024-09-02,0.1256103515625,2025-12-15 20:03:19.469786
sh.603893,2024-08-27,2024-09-03,0.1329345703125,2025-12-15 20:03:19.469786
sh.603893,2024-08-28,2024-09-04,0.161376953125,2025-12-15 20:03:19.469786
sh.603893,2024-08-29,2024-09-05,0.11358642578125,2025-12-15 20:03:19.469786
sh.603893,2024-08-30,2024-09-06,0.1826171875,2025-12-15 20:03:19.469786
sh.603893,2024-09-02,2024-09-09,0.1322021484375,2025-12-15 20:03:19.469786
sh.603893,2024-09-03,2024-09-10,0.50927734375,2025-12-15 20:03:19.469786
sh.603893,2024-09-04,2024-09-11,0.51611328125,2025-12-15 20:03:19.469786
sh.603893,2024-09-05,2024-09-12,0.50390625,2025-12-15 20:03:19.469786
sh.603893,2024-09-06,2024-09-13,0.47119140625,2025-12-15 20:03:19.469786
sh.603893,2024-09-09,2024-09-16,0.51513671875,2025-12-15 20:03:19.469786
sh.603893,2024-09-10,2024-09-17,0.492431640625,2025-12-15 20:03:19.469786
sh.603893,2024-09-11,2024-09-18,0.52001953125,2025-12-15 20:03:19.469786
sh.603893,2024-09-12,2024-09-19,0.48828125,2025-12-15 20:03:19.469786
sh.603893,2024-09-13,2024-09-20,0.49853515625,2025-12-15 20:03:19.469786
sh.603893,2024-09-18,2024-09-25,0.51806640625,2025-12-15 20:03:19.469786
sh.603893,2024-09-19,2024-09-26,0.499755859375,2025-12-15 20:03:19.469786
sh.603893,2024-09-20,2024-09-27,0.47314453125,2025-12-15 20:03:19.469786
sh.603893,2024-09-23,2024-09-30,0.52294921875,2025-12-15 20:03:19.469786
sh.603893,2024-09-24,2024-10-01,0.51025390625,2025-12-15 20:03:19.469786
sh.603893,2024-09-25,2024-10-02,0.475830078125,2025-12-15 20:03:19.469786
sh.603893,2024-09-26,2024-10-03,0.51171875,2025-12-15 20:03:19.469786
sh.603893,2024-09-27,2024-10-04,0.4853515625,2025-12-15 20:03:19.469786
sh.603893,2024-09-30,2024-10-07,0.3759765625,2025-12-15 20:03:19.469786
sh.603893,2024-10-08,2024-10-15,0.26513671875,2025-12-15 20:03:19.469786
sh.603893,2024-10-09,2024-10-16,0.1236572265625,2025-12-15 20:03:19.469786
sh.603893,2024-10-10,2024-10-17,0.1644287109375,2025-12-15 20:03:19.469786
sh.603893,2024-10-11,2024-10-18,0.2001953125,2025-12-15 20:03:19.469786
sh.603893,2024-10-14,2024-10-21,0.338623046875,2025-12-15 20:03:19.469786
sh.603893,2024-10-15,2024-10-22,0.1236572265625,2025-12-15 20:03:19.469786
sh.603893,2024-10-16,2024-10-23,0.2088623046875,2025-12-15 20:03:19.469786
sh.603893,2024-10-17,2024-10-24,0.1513671875,2025-12-15 20:03:19.469786
sh.603893,2024-10-18,2024-10-25,0.239013671875,2025-12-15 20:03:19.469786
sh.603893,2024-10-21,2024-10-28,0.2303466796875,2025-12-15 20:03:19.469786
sh.603893,2024-10-22,2024-10-29,0.151611328125,2025-12-15 20:03:19.469786
sh.603893,2024-10-23,2024-10-30,0.1253662109375,2025-12-15 20:03:19.469786
sh.603893,2024-10-24,2024-10-31,0.18359375,2025-12-15 20:03:19.469786
sh.603893,2024-10-25,2024-11-01,0.1837158203125,2025-12-15 20:03:19.469786
sh.603893,2024-10-28,2024-11-04,0.2149658203125,2025-12-15 20:03:19.469786
sh.603893,2024-10-29,2024-11-05,0.14208984375,2025-12-15 20:03:19.469786
sh.603893,2024-10-30,2024-11-06,0.159912109375,2025-12-15 20:03:19.469786
sh.603893,2024-10-31,2024-11-07,0.178466796875,2025-12-15 20:03:19.469786
sh.603893,2024-11-01,2024-11-08,0.162109375,2025-12-15 20:03:19.469786
sh.603893,2024-11-04,2024-11-11,0.2269287109375,2025-12-15 20:03:19.469786
sh.603893,2024-11-05,2024-11-12,0.1190185546875,2025-12-15 20:03:19.469786
sh.603893,2024-11-06,2024-11-13,0.1644287109375,2025-12-15 20:03:19.469786
sh.603893,2024-11-07,2024-11-14,0.188720703125,2025-12-15 20:03:19.469786
sh.603893,2024-11-08,2024-11-15,0.16015625,2025-12-15 20:03:19.469786
sh.603893,2024-11-11,2024-11-18,0.13671875,2025-12-15 20:03:19.469786
sh.603893,2024-11-12,2024-11-19,0.15380859375,2025-12-15 20:03:19.469786
sh.603893,2024-11-13,2024-11-20,0.202392578125,2025-12-15 20:03:19.469786
sh.603893,2024-11-14,2024-11-21,0.13916015625,2025-12-15 20:03:19.469786
sh.603893,2024-11-15,2024-11-22,0.1556396484375,2025-12-15 20:03:19.469786
sh.603893,2024-11-18,2024-11-25,0.1605224609375,2025-12-15 20:03:19.469786
sh.603893,2024-11-19,2024-11-26,0.2301025390625,2025-12-15 20:03:19.469786
sh.603893,2024-11-20,2024-11-27,0.2420654296875,2025-12-15 20:03:19.469786
sh.603893,2024-11-21,2024-11-28,0.248046875,2025-12-15 20:03:19.469786
sh.603893,2024-11-22,2024-11-29,0.156494140625,2025-12-15 20:03:19.469786
sh.603893,2024-11-25,2024-12-02,0.1995849609375,2025-12-15 20:03:19.469786
sh.603893,2024-11-26,2024-12-03,0.2325439453125,2025-12-15 20:03:19.469786
sh.603893,2024-11-27,2024-12-04,0.2091064453125,2025-12-15 20:03:19.469786
sh.603893,2024-11-28,2024-12-05,0.1572265625,2025-12-15 20:03:19.469786
sh.603893,2024-11-29,2024-12-06,0.18505859375,2025-12-15 20:03:19.469786
sh.603893,2024-12-02,2024-12-09,0.2322998046875,2025-12-15 20:03:19.469786
sh.603893,2024-12-03,2024-12-10,0.2147216796875,2025-12-15 20:03:19.469786
sh.603893,2024-12-04,2024-12-11,0.1588134765625,2025-12-15 20:03:19.469786
sh.603893,2024-12-05,2024-12-12,0.1844482421875,2025-12-15 20:03:19.469786
sh.603893,2024-12-06,2024-12-13,0.1966552734375,2025-12-15 20:03:19.469786
sh.603893,2024-12-09,2024-12-16,0.2152099609375,2025-12-15 20:03:19.469786
sh.603893,2024-12-10,2024-12-17,0.1927490234375,2025-12-15 20:03:19.469786
sh.603893,2024-12-11,2024-12-18,0.471923828125,2025-12-15 20:03:19.469786
sh.603893,2024-12-12,2024-12-19,0.1685791015625,2025-12-15 20:03:19.469786
sh.603893,2024-12-13,2024-12-20,0.1336669921875,2025-12-15 20:03:19.469786
sh.603893,2024-12-16,2024-12-23,0.138916015625,2025-12-15 20:03:19.469786
sh.603893,2024-12-17,2024-12-24,0.157958984375,2025-12-15 20:03:19.469786
sh.603893,2024-12-18,2024-12-25,0.2186279296875,2025-12-15 20:03:19.469786
sh.603893,2024-12-19,2024-12-26,0.50830078125,2025-12-15 20:03:19.469786
sh.603893,2024-12-20,2024-12-27,0.40478515625,2025-12-15 20:03:19.469786
sh.603893,2024-12-23,2024-12-30,0.146240234375,2025-12-15 20:03:19.469786
sh.603893,2024-12-24,2024-12-31,0.14501953125,2025-12-15 20:03:19.469786
sh.603893,2024-12-25,2025-01-01,0.14697265625,2025-12-15 20:03:19.469786
sh.603893,2024-12-26,2025-01-02,0.50244140625,2025-12-15 20:03:19.469786
sh.603893,2024-12-27,2025-01-03,0.1358642578125,2025-12-15 20:03:19.469786
sh.603893,2024-12-30,2025-01-06,0.135498046875,2025-12-15 20:03:19.469786
sh.603893,2024-12-31,2025-01-07,0.1517333984375,2025-12-15 20:03:19.469786
sh.603893,2025-01-02,2025-01-09,0.1416015625,2025-12-15 20:03:19.469786
sh.603893,2025-01-03,2025-01-10,0.14208984375,2025-12-15 20:03:19.469786
sh.603893,2025-01-06,2025-01-13,0.13427734375,2025-12-15 20:03:19.469786
sh.603893,2025-01-07,2025-01-14,0.4736328125,2025-12-15 20:03:19.469786
sh.603893,2025-01-08,2025-01-15,0.4580078125,2025-12-15 20:03:19.469786
sh.603893,2025-01-09,2025-01-16,0.2406005859375,2025-12-15 20:03:19.469786
sh.603893,2025-01-10,2025-01-17,0.1744384765625,2025-12-15 20:03:19.469786
sh.603893,2025-01-13,2025-01-20,0.1519775390625,2025-12-15 20:03:19.469786
sh.603893,2025-01-14,2025-01-21,0.205078125,2025-12-15 20:03:19.469786
sh.603893,2025-01-15,2025-01-22,0.2303466796875,2025-12-15 20:03:19.469786
sh.603893,2025-01-16,2025-01-23,0.157470703125,2025-12-15 20:03:19.469786
sh.603893,2025-01-17,2025-01-24,0.39892578125,2025-12-15 20:03:19.469786
sh.603893,2025-01-20,2025-01-27,0.1910400390625,2025-12-15 20:03:19.469786
sh.603893,2025-01-21,2025-01-28,0.247802734375,2025-12-15 20:03:19.469786
sh.603893,2025-01-22,2025-01-29,0.2042236328125,2025-12-15 20:03:19.469786
sh.603893,2025-01-23,2025-01-30,0.191162109375,2025-12-15 20:03:19.469786
sh.603893,2025-01-24,2025-01-31,0.216796875,2025-12-15 20:03:19.469786
sh.603893,2025-01-27,2025-02-03,0.21142578125,2025-12-15 20:03:19.469786
sh.603893,2025-02-05,2025-02-12,0.14599609375,2025-12-15 20:03:19.469786
sh.603893,2025-02-06,2025-02-13,0.275146484375,2025-12-15 20:03:19.469786
sh.603893,2025-02-07,2025-02-14,0.181640625,2025-12-15 20:03:19.469786
sh.603893,2025-02-10,2025-02-17,0.292724609375,2025-12-15 20:03:19.469786
sh.603893,2025-02-11,2025-02-18,0.226806640625,2025-12-15 20:03:19.469786
sh.603893,2025-02-12,2025-02-19,0.23779296875,2025-12-15 20:03:19.469786
sh.603893,2025-02-13,2025-02-20,0.17822265625,2025-12-15 20:03:19.469786
sh.603893,2025-02-14,2025-02-21,0.26611328125,2025-12-15 20:03:19.469786
sh.603893,2025-02-17,2025-02-24,0.302490234375,2025-12-15 20:03:19.469786
sh.603893,2025-02-18,2025-02-25,0.223388671875,2025-12-15 20:03:19.469786
sh.603893,2025-02-19,2025-02-26,0.32763671875,2025-12-15 20:03:19.469786
sh.603893,2025-02-20,2025-02-27,0.26318359375,2025-12-15 20:03:19.469786
sh.603893,2025-02-21,2025-02-28,0.25634765625,2025-12-15 20:03:19.469786
sh.603893,2025-02-24,2025-03-03,0.192138671875,2025-12-15 20:03:19.469786
sh.603893,2025-02-25,2025-03-04,0.20556640625,2025-12-15 20:03:19.469786
sh.603893,2025-02-26,2025-03-05,0.228515625,2025-12-15 20:03:19.469786
sh.603893,2025-02-27,2025-03-06,0.2384033203125,2025-12-15 20:03:19.469786
sh.603893,2025-02-28,2025-03-07,0.1529541015625,2025-12-15 20:03:19.469786
sh.603893,2025-03-03,2025-03-10,0.279541015625,2025-12-15 20:03:19.469786
sh.603893,2025-03-04,2025-03-11,0.2734375,2025-12-15 20:03:19.469786
sh.603893,2025-03-05,2025-03-12,0.298828125,2025-12-15 20:03:19.469786
sh.603893,2025-03-06,2025-03-13,0.267333984375,2025-12-15 20:03:19.469786
sh.603893,2025-03-07,2025-03-14,0.2166748046875,2025-12-15 20:03:19.469786
sh.603893,2025-03-10,2025-03-17,0.265869140625,2025-12-15 20:03:19.469786
sh.603893,2025-03-11,2025-03-18,0.22021484375,2025-12-15 20:03:19.469786
sh.603893,2025-03-12,2025-03-19,0.255859375,2025-12-15 20:03:19.469786
sh.603893,2025-03-13,2025-03-20,0.1910400390625,2025-12-15 20:03:19.469786
sh.603893,2025-03-14,2025-03-21,0.322265625,2025-12-15 20:03:19.469786
sh.603893,2025-03-17,2025-03-24,0.30224609375,2025-12-15 20:03:19.469786
sh.603893,2025-03-18,2025-03-25,0.23974609375,2025-12-15 20:03:19.469786
sh.603893,2025-03-19,2025-03-26,0.2100830078125,2025-12-15 20:03:19.469786
sh.603893,2025-03-20,2025-03-27,0.12408447265625,2025-12-15 20:03:19.469786
sh.603893,2025-03-21,2025-03-28,0.132568359375,2025-12-15 20:03:19.469786
sh.603893,2025-03-24,2025-03-31,0.1253662109375,2025-12-15 20:03:19.469786
sh.603893,2025-03-25,2025-04-01,0.1300048828125,2025-12-15 20:03:19.469786
sh.603893,2025-03-26,2025-04-02,0.11163330078125,2025-12-15 20:03:19.469786
sh.603893,2025-03-27,2025-04-03,0.1015625,2025-12-15 20:03:19.469786
sh.603893,2025-03-28,2025-04-04,0.110107421875,2025-12-15 20:03:19.469786
sh.603893,2025-03-31,2025-04-07,0.197265625,2025-12-15 20:03:19.469786
sh.603893,2025-04-01,2025-04-08,0.143310546875,2025-12-15 20:03:19.469786
sh.603893,2025-04-02,2025-04-09,0.1856689453125,2025-12-15 20:03:19.469786
sh.603893,2025-04-03,2025-04-10,0.1273193359375,2025-12-15 20:03:19.469786
sh.603893,2025-04-07,2025-04-14,0.11932373046875,2025-12-15 20:03:19.469786
sh.603893,2025-04-08,2025-04-15,0.1370849609375,2025-12-15 20:03:19.469786
sh.603893,2025-04-09,2025-04-16,0.1683349609375,2025-12-15 20:03:19.469786
sh.603893,2025-04-10,2025-04-17,0.136962890625,2025-12-15 20:03:19.469786
sh.603893,2025-04-11,2025-04-18,0.08831787109375,2025-12-15 20:03:19.469786
sh.603893,2025-04-14,2025-04-21,0.0953369140625,2025-12-15 20:03:19.469786
sh.603893,2025-04-15,2025-04-22,0.1441650390625,2025-12-15 20:03:19.469786
sh.603893,2025-04-16,2025-04-23,0.145263671875,2025-12-15 20:03:19.469786
sh.603893,2025-04-17,2025-04-24,0.10211181640625,2025-12-15 20:03:19.469786
sh.603893,2025-04-18,2025-04-25,0.11456298828125,2025-12-15 20:03:19.469786
sh.603893,2025-04-21,2025-04-28,0.15966796875,2025-12-15 20:03:19.469786
sh.603893,2025-04-22,2025-04-29,0.1466064453125,2025-12-15 20:03:19.469786
sh.603893,2025-04-23,2025-04-30,0.1593017578125,2025-12-15 20:03:19.469786
sh.603893,2025-04-24,2025-05-01,0.1455078125,2025-12-15 20:03:19.469786
sh.603893,2025-04-25,2025-05-02,0.1513671875,2025-12-15 20:03:19.469786
sh.603893,2025-04-28,2025-05-05,0.15673828125,2025-12-15 20:03:19.469786
sh.603893,2025-04-29,2025-05-06,0.11474609375,2025-12-15 20:03:19.469786
sh.603893,2025-04-30,2025-05-07,0.393310546875,2025-12-15 20:03:19.469786
sh.603893,2025-05-06,2025-05-13,0.1737060546875,2025-12-15 20:03:19.469786
sh.603893,2025-05-07,2025-05-14,0.169189453125,2025-12-15 20:03:19.469786
sh.603893,2025-05-08,2025-05-15,0.1505126953125,2025-12-15 20:03:19.469786
sh.603893,2025-05-09,2025-05-16,0.1358642578125,2025-12-15 20:03:19.469786
sh.603893,2025-05-12,2025-05-19,0.1883544921875,2025-12-15 20:03:19.469786
sh.603893,2025-05-13,2025-05-20,0.1302490234375,2025-12-15 20:03:19.469786
sh.603893,2025-05-14,2025-05-21,0.12451171875,2025-12-15 20:03:19.469786
sh.603893,2025-05-15,2025-05-22,0.146240234375,2025-12-15 20:03:19.469786
sh.603893,2025-05-16,2025-05-23,0.188720703125,2025-12-15 20:03:19.469786
sh.603893,2025-05-19,2025-05-26,0.126953125,2025-12-15 20:03:19.469786
sh.603893,2025-05-20,2025-05-27,0.185791015625,2025-12-15 20:03:19.469786
sh.603893,2025-05-21,2025-05-28,0.146728515625,2025-12-15 20:03:19.469786
sh.603893,2025-05-22,2025-05-29,0.1326904296875,2025-12-15 20:03:19.469786
sh.603893,2025-05-23,2025-05-30,0.1527099609375,2025-12-15 20:03:19.469786
sh.603893,2025-05-26,2025-06-02,0.2437744140625,2025-12-15 20:03:19.469786
sh.603893,2025-05-27,2025-06-03,0.16650390625,2025-12-15 20:03:19.469786
sh.603893,2025-05-28,2025-06-04,0.19482421875,2025-12-15 20:03:19.469786
sh.603893,2025-05-29,2025-06-05,0.160888671875,2025-12-15 20:03:19.469786
sh.603893,2025-05-30,2025-06-06,0.20703125,2025-12-15 20:03:19.469786
sh.603893,2025-06-03,2025-06-10,0.12420654296875,2025-12-15 20:03:19.469786
sh.603893,2025-06-04,2025-06-11,0.2281494140625,2025-12-15 20:03:19.469786
sh.603893,2025-06-05,2025-06-12,0.1077880859375,2025-12-15 20:03:19.469786
sh.603893,2025-06-06,2025-06-13,0.1390380859375,2025-12-15 20:03:19.469786
sh.603893,2025-06-09,2025-06-16,0.11163330078125,2025-12-15 20:03:19.469786
sh.603893,2025-06-10,2025-06-17,0.1435546875,2025-12-15 20:03:19.469786
sh.603893,2025-06-11,2025-06-18,0.22607421875,2025-12-15 20:03:19.469786
sh.603893,2025-06-12,2025-06-19,0.2017822265625,2025-12-15 20:03:19.469786
sh.603893,2025-06-13,2025-06-20,0.32177734375,2025-12-15 20:03:19.469786
sh.603893,2025-06-16,2025-06-23,0.292236328125,2025-12-15 20:03:19.469786
sh.603893,2025-06-17,2025-06-24,0.22509765625,2025-12-15 20:03:19.469786
sh.603893,2025-06-18,2025-06-25,0.296875,2025-12-15 20:03:19.469786
sh.603893,2025-06-19,2025-06-26,0.1268310546875,2025-12-15 20:03:19.469786
sh.603893,2025-06-20,2025-06-27,0.30224609375,2025-12-15 20:03:19.469786
sh.603893,2025-06-23,2025-06-30,0.24072265625,2025-12-15 20:03:19.469786
sh.603893,2025-06-24,2025-07-01,0.167724609375,2025-12-15 20:03:19.469786
sh.603893,2025-06-25,2025-07-02,0.08050537109375,2025-12-15 20:03:19.469786
sh.603893,2025-06-26,2025-07-03,0.1556396484375,2025-12-15 20:03:19.469786
sh.603893,2025-06-27,2025-07-04,0.1077880859375,2025-12-15 20:03:19.469786
sh.603893,2025-06-30,2025-07-07,0.181640625,2025-12-15 20:03:19.469786
sh.603893,2025-07-01,2025-07-08,0.08880615234375,2025-12-15 20:03:19.469786
sh.603893,2025-07-02,2025-07-09,0.1368408203125,2025-12-15 20:03:19.469786
sh.603893,2025-07-03,2025-07-10,0.1527099609375,2025-12-15 20:03:19.469786
sh.603893,2025-07-04,2025-07-11,0.077392578125,2025-12-15 20:03:19.469786
sh.603893,2025-07-07,2025-07-14,0.1488037109375,2025-12-15 20:03:19.469786
sh.603893,2025-07-08,2025-07-15,0.1326904296875,2025-12-15 20:03:19.469786
sh.603893,2025-07-09,2025-07-16,0.136474609375,2025-12-15 20:03:19.469786
sh.603893,2025-07-10,2025-07-17,0.1416015625,2025-12-15 20:03:19.469786
sh.603893,2025-07-11,2025-07-18,0.100341796875,2025-12-15 20:03:19.469786
sh.603893,2025-07-14,2025-07-21,0.0728759765625,2025-12-15 20:03:19.469786
sh.603893,2025-07-15,2025-07-22,0.1468505859375,2025-12-15 20:03:19.469786
sh.603893,2025-07-16,2025-07-23,0.1326904296875,2025-12-15 20:03:19.469786
sh.603893,2025-07-17,2025-07-24,0.134033203125,2025-12-15 20:03:19.469786
sh.603893,2025-07-18,2025-07-25,0.0782470703125,2025-12-15 20:03:19.469786
sh.603893,2025-07-21,2025-07-28,0.1441650390625,2025-12-15 20:03:19.469786
sh.603893,2025-07-22,2025-07-29,0.12066650390625,2025-12-15 20:03:19.469786
sh.603893,2025-07-23,2025-07-30,0.11376953125,2025-12-15 20:03:19.469786
sh.603893,2025-07-24,2025-07-31,0.1134033203125,2025-12-15 20:03:19.469786
sh.603893,2025-07-25,2025-08-01,0.11859130859375,2025-12-15 20:03:19.469786
sh.603893,2025-07-28,2025-08-04,0.157470703125,2025-12-15 20:03:19.469786
sh.603893,2025-07-29,2025-08-05,0.1214599609375,2025-12-15 20:03:19.469786
sh.603893,2025-07-30,2025-08-06,0.103759765625,2025-12-15 20:03:19.469786
sh.603893,2025-07-31,2025-08-07,0.120361328125,2025-12-15 20:03:19.469786
sh.603893,2025-08-01,2025-08-08,0.1337890625,2025-12-15 20:03:19.469786
sh.603893,2025-08-04,2025-08-11,0.11102294921875,2025-12-15 20:03:19.469786
sh.603893,2025-08-05,2025-08-12,0.1546630859375,2025-12-15 20:03:19.469786
sh.603893,2025-08-06,2025-08-13,0.11126708984375,2025-12-15 20:03:19.469786
sh.603893,2025-08-07,2025-08-14,0.1448974609375,2025-12-15 20:03:19.469786
sh.603893,2025-08-08,2025-08-15,0.135986328125,2025-12-15 20:03:19.469786
sh.603893,2025-08-11,2025-08-18,0.10760498046875,2025-12-15 20:03:19.469786
sh.603893,2025-08-12,2025-08-19,0.36962890625,2025-12-15 20:03:19.469786
sh.603893,2025-08-13,2025-08-20,0.1357421875,2025-12-15 20:03:19.469786
sh.603893,2025-08-14,2025-08-21,0.0869140625,2025-12-15 20:03:19.469786
sh.603893,2025-08-15,2025-08-22,0.147705078125,2025-12-15 20:03:19.469786
sh.603893,2025-08-18,2025-08-25,0.1376953125,2025-12-15 20:03:19.469786
sh.603893,2025-08-19,2025-08-26,0.105224609375,2025-12-15 20:03:19.469786
sh.603893,2025-08-20,2025-08-27,0.1951904296875,2025-12-15 20:03:19.469786
sh.603893,2025-08-21,2025-08-28,0.1456298828125,2025-12-15 20:03:19.469786
sh.603893,2025-08-22,2025-08-29,0.295654296875,2025-12-15 20:03:19.469786
sh.603893,2025-08-25,2025-09-01,0.1412353515625,2025-12-15 20:03:19.469786
sh.603893,2025-08-26,2025-09-02,0.1507568359375,2025-12-15 20:03:19.469786
sh.603893,2025-08-27,2025-09-03,0.261962890625,2025-12-15 20:03:19.469786
sh.603893,2025-08-28,2025-09-04,0.287109375,2025-12-15 20:03:19.469786
sh.603893,2025-08-29,2025-09-05,0.300048828125,2025-12-15 20:03:19.469786
sh.603893,2025-09-01,2025-09-08,0.222900390625,2025-12-15 20:03:19.469786
sh.603893,2025-09-02,2025-09-09,0.15966796875,2025-12-15 20:03:19.469786
sh.603893,2025-09-03,2025-09-10,0.167236328125,2025-12-15 20:03:19.469786
sh.603893,2025-09-04,2025-09-11,0.136962890625,2025-12-15 20:03:19.469786
sh.603893,2025-09-05,2025-09-12,0.251220703125,2025-12-15 20:03:19.469786
sh.603893,2025-09-08,2025-09-15,0.1507568359375,2025-12-15 20:03:19.469786
sh.603893,2025-09-09,2025-09-16,0.1478271484375,2025-12-15 20:03:19.469786
sh.603893,2025-09-10,2025-09-17,0.2098388671875,2025-12-15 20:03:19.469786
sh.603893,2025-09-11,2025-09-18,0.253173828125,2025-12-15 20:03:19.469786
sh.603893,2025-09-12,2025-09-19,0.1876220703125,2025-12-15 20:03:19.469786
sh.603893,2025-09-15,2025-09-22,0.1636962890625,2025-12-15 20:03:19.469786
sh.603893,2025-09-16,2025-09-23,0.22802734375,2025-12-15 20:03:19.469786
sh.603893,2025-09-17,2025-09-24,0.1917724609375,2025-12-15 20:03:19.469786
sh.603893,2025-09-18,2025-09-25,0.2037353515625,2025-12-15 20:03:19.469786
sh.603893,2025-09-19,2025-09-26,0.2086181640625,2025-12-15 20:03:19.469786
sh.603893,2025-09-22,2025-09-29,0.2325439453125,2025-12-15 20:03:19.469786
sh.603893,2025-09-23,2025-09-30,0.1864013671875,2025-12-15 20:03:19.469786
sh.603893,2025-09-24,2025-10-01,0.193115234375,2025-12-15 20:03:19.469786
sh.603893,2025-09-25,2025-10-02,0.2578125,2025-12-15 20:03:19.469786
sh.603893,2025-09-26,2025-10-03,0.15625,2025-12-15 20:03:19.469786
sh.603893,2025-09-29,2025-10-06,0.2315673828125,2025-12-15 20:03:19.469786
sh.603893,2025-09-30,2025-10-07,0.284912109375,2025-12-15 20:03:19.469786
sh.603893,2025-10-09,2025-10-16,0.2437744140625,2025-12-15 20:03:19.469786
sh.603893,2025-10-10,2025-10-17,0.1402587890625,2025-12-15 20:03:19.469786
sh.603893,2025-10-13,2025-10-20,0.26025390625,2025-12-15 20:03:19.469786
sh.603893,2025-10-14,2025-10-21,0.1396484375,2025-12-15 20:03:19.469786
sh.603893,2025-10-15,2025-10-22,0.13818359375,2025-12-15 20:03:19.469786
sh.603893,2025-10-16,2025-10-23,0.126953125,2025-12-15 20:03:19.469786
sh.603893,2025-10-17,2025-10-24,0.1328125,2025-12-15 20:03:19.469786
sh.603893,2025-10-20,2025-10-27,0.12841796875,2025-12-15 20:03:19.469786
sh.603893,2025-10-21,2025-10-28,0.1484375,2025-12-15 20:03:19.469786
sh.603893,2025-10-22,2025-10-29,0.1143798828125,2025-12-15 20:03:19.469786
sh.603893,2025-10-23,2025-10-30,0.159423828125,2025-12-15 20:03:19.469786
sh.603893,2025-10-24,2025-10-31,0.360107421875,2025-12-15 20:03:19.469786
sh.603893,2025-10-27,2025-11-03,0.1473388671875,2025-12-15 20:03:19.469786
sh.603893,2025-10-28,2025-11-04,0.12274169921875,2025-12-15 20:03:19.469786
sh.603893,2025-10-29,2025-11-05,0.1790771484375,2025-12-15 20:03:19.469786
sh.603893,2025-10-30,2025-11-06,0.1385498046875,2025-12-15 20:03:19.469786
sh.603893,2025-10-31,2025-11-07,0.126953125,2025-12-15 20:03:19.469786
sh.603893,2025-11-03,2025-11-10,0.13671875,2025-12-15 20:03:19.469786
sh.603893,2025-11-04,2025-11-11,0.131103515625,2025-12-15 20:03:19.469786
sh.603893,2025-11-05,2025-11-12,0.1513671875,2025-12-15 20:03:19.469786
sh.603893,2025-11-06,2025-11-13,0.1505126953125,2025-12-15 20:03:19.469786
sh.603893,2025-11-07,2025-11-14,0.1260986328125,2025-12-15 20:03:19.469786
sh.603893,2025-11-10,2025-11-17,0.1328125,2025-12-15 20:03:19.469786
sh.603893,2025-11-11,2025-11-18,0.1485595703125,2025-12-15 20:03:19.469786
sh.603893,2025-11-12,2025-11-19,0.1519775390625,2025-12-15 20:03:19.469786
sh.603893,2025-11-13,2025-11-20,0.18212890625,2025-12-15 20:03:19.469786
sh.603893,2025-11-14,2025-11-21,0.1929931640625,2025-12-15 20:03:19.469786
sh.603893,2025-11-17,2025-11-24,0.276123046875,2025-12-15 20:03:19.469786
sh.603893,2025-11-18,2025-11-25,0.131591796875,2025-12-15 20:03:19.469786
sh.603893,2025-11-19,2025-11-26,0.07720947265625,2025-12-15 20:03:19.469786
sh.603893,2025-11-20,2025-11-27,0.1351318359375,2025-12-15 20:03:19.469786
sh.603893,2025-11-21,2025-11-28,0.10247802734375,2025-12-15 20:03:19.469786
sh.603893,2025-11-24,2025-12-01,0.140869140625,2025-12-15 20:03:19.469786
sh.603893,2025-11-25,2025-12-02,0.07904052734375,2025-12-15 20:03:19.469786
sh.603893,2025-11-26,2025-12-03,0.1318359375,2025-12-15 20:03:19.469786
sh.603893,2025-11-27,2025-12-04,0.11102294921875,2025-12-15 20:03:19.469786
sh.603893,2025-11-28,2025-12-05,0.1513671875,2025-12-15 20:03:19.469786
sh.603893,2025-12-01,2025-12-08,0.0987548828125,2025-12-15 20:03:19.469786
sh.603893,2025-12-02,2025-12-09,0.1087646484375,2025-12-15 20:03:19.469786
sh.603893,2025-12-03,2025-12-10,0.1246337890625,2025-12-15 20:03:19.469786
sh.603893,2025-12-04,2025-12-11,0.103759765625,2025-12-15 20:03:19.469786
sh.603893,2025-12-05,2025-12-12,0.136474609375,2025-12-15 20:03:19.469786
sh.603893,2025-12-08,2025-12-15,0.1375732421875,2025-12-15 20:03:19.469786
sh.603893,2025-12-09,2025-12-16,0.09503173828125,2025-12-15 20:03:19.469786
sh.603893,2025-12-10,2025-12-17,0.1087646484375,2025-12-15 20:03:19.469786
sh.603893,2025-12-11,2025-12-18,0.116943359375,2025-12-15 20:03:19.469786
sh.603893,2025-12-12,2025-12-19,0.0751953125,2025-12-15 20:03:19.469786
sh.603893,2025-12-15,2025-12-22,0.1285400390625,2025-12-15 20:03:19.469786
sh.603986,2025-12-15,2025-12-22,0.10595703125,2025-12-15 20:03:19.469786
sh.603993,2025-12-15,2025-12-22,0.100341796875,2025-12-15 20:03:19.469786
sh.605117,2025-12-15,2025-12-22,0.11456298828125,2025-12-15 20:03:19.469786
sh.605499,2025-12-15,2025-12-22,0.1256103515625,2025-12-15 20:03:19.469786
sh.688008,2025-12-15,2025-12-22,0.149169921875,2025-12-15 20:03:19.469786
sh.688009,2025-12-15,2025-12-22,0.1502685546875,2025-12-15 20:03:19.469786
sh.688012,2025-12-15,2025-12-22,0.109130859375,2025-12-15 20:03:19.469786
sh.688036,2025-12-15,2025-12-22,0.09771728515625,2025-12-15 20:03:19.469786
sh.688041,2025-12-15,2025-12-22,0.1553955078125,2025-12-15 20:03:19.469786
sh.688047,2025-12-15,2025-12-22,0.10302734375,2025-12-15 20:03:19.469786
sh.688082,2025-12-15,2025-12-22,0.11260986328125,2025-12-15 20:03:19.469786
sh.688111,2025-12-15,2025-12-22,0.09619140625,2025-12-15 20:03:19.469786
sh.688126,2025-12-15,2025-12-22,0.12054443359375,2025-12-15 20:03:19.469786
sh.688169,2025-12-15,2025-12-22,0.13525390625,2025-12-15 20:03:19.469786
sh.688187,2025-12-15,2025-12-22,0.1121826171875,2025-12-15 20:03:19.469786
sh.688223,2025-12-15,2025-12-22,0.0784912109375,2025-12-15 20:03:19.469786
sh.688256,2025-12-15,2025-12-22,0.078369140625,2025-12-15 20:03:19.469786
sh.688271,2025-12-15,2025-12-22,0.18115234375,2025-12-15 20:03:19.469786
sh.688303,2025-12-15,2025-12-22,0.08282470703125,2025-12-15 20:03:19.469786
sh.688396,2025-12-15,2025-12-22,0.093505859375,2025-12-15 20:03:19.469786
sh.688506,2025-12-12,2025-12-19,0.1258544921875,2025-12-15 20:03:19.469786
sh.688506,2025-12-15,2025-12-22,0.137939453125,2025-12-15 20:03:19.469786
sh.688981,2025-12-15,2025-12-22,0.12939453125,2025-12-15 20:03:19.469786
sz.000001,2025-12-15,2025-12-22,0.1981201171875,2025-12-15 20:03:19.469786
sz.000002,2025-12-15,2025-12-22,0.1409912109375,2025-12-15 20:03:19.469786
sz.000063,2025-12-15,2025-12-22,0.299560546875,2025-12-15 20:03:19.469786
sz.000100,2025-12-15,2025-12-22,0.0987548828125,2025-12-15 20:03:19.469786
sz.000157,2025-12-15,2025-12-22,0.1610107421875,2025-12-15 20:03:19.469786
sz.000166,2025-12-15,2025-12-22,0.06927490234375,2025-12-15 20:03:19.469786
sz.000301,2025-12-15,2025-12-22,0.1181640625,2025-12-15 20:03:19.469786
sz.000333,2025-12-15,2025-12-22,0.09173583984375,2025-12-15 20:03:19.469786
sz.000338,2025-12-15,2025-12-22,0.135009765625,2025-12-15 20:03:19.469786
sz.000408,2025-12-15,2025-12-22,0.120849609375,2025-12-15 20:03:19.469786
sz.000425,2025-12-15,2025-12-22,0.114990234375,2025-12-15 20:03:19.469786
sz.000538,2025-12-15,2025-12-22,0.09124755859375,2025-12-15 20:03:19.469786
sz.000568,2025-12-15,2025-12-22,0.1260986328125,2025-12-15 20:03:19.469786
sz.000596,2025-12-15,2025-12-22,0.1297607421875,2025-12-15 20:03:19.469786
sz.000617,2025-12-15,2025-12-22,0.115966796875,2025-12-15 20:03:19.469786
sz.000625,2025-12-15,2025-12-22,0.1708984375,2025-12-15 20:03:19.469786
sz.000630,2025-12-15,2025-12-22,0.089111328125,2025-12-15 20:03:19.469786
sz.000651,2025-12-15,2025-12-22,0.11578369140625,2025-12-15 20:03:19.469786
sz.000661,2025-12-15,2025-12-22,0.1903076171875,2025-12-15 20:03:19.469786
sz.000708,2025-12-15,2025-12-22,0.0728759765625,2025-12-15 20:03:19.469786
sz.000725,2025-12-15,2025-12-22,0.091552734375,2025-12-15 20:03:19.469786
sz.000768,2025-12-15,2025-12-22,0.105224609375,2025-12-15 20:03:19.469786
sz.000776,2025-12-15,2025-12-22,0.09320068359375,2025-12-15 20:03:19.469786
sz.000786,2025-12-15,2025-12-22,0.0994873046875,2025-12-15 20:03:19.469786
sz.000792,2025-12-15,2025-12-22,0.216796875,2025-12-15 20:03:19.469786
sz.000807,2025-12-15,2025-12-22,0.115966796875,2025-12-15 20:03:19.469786
sz.000858,2025-12-15,2025-12-22,0.10430908203125,2025-12-15 20:03:19.469786
sz.000876,2025-12-15,2025-12-22,0.10577392578125,2025-12-15 20:03:19.469786
sz.000895,2025-12-15,2025-12-22,0.1263427734375,2025-12-15 20:03:19.469786
sz.000938,2025-12-15,2025-12-22,0.13720703125,2025-12-15 20:03:19.469786
sz.000963,2025-12-15,2025-12-22,0.1312255859375,2025-12-15 20:03:19.469786
sz.000975,2025-12-15,2025-12-22,0.2281494140625,2025-12-15 20:03:19.469786
sz.000977,2025-12-15,2025-12-22,0.07366943359375,2025-12-15 20:03:19.469786
sz.000983,2025-12-15,2025-12-22,0.07708740234375,2025-12-15 20:03:19.469786
sz.000999,2025-12-15,2025-12-22,0.08282470703125,2025-12-15 20:03:19.469786
sz.001965,2025-12-15,2025-12-22,0.08154296875,2025-12-15 20:03:19.469786
sz.001979,2025-12-15,2025-12-22,0.125244140625,2025-12-15 20:03:19.469786
sz.002001,2025-12-15,2025-12-22,0.06982421875,2025-12-15 20:03:19.469786
sz.002027,2025-12-15,2025-12-22,0.10015869140625,2025-12-15 20:03:19.469786
sz.002028,2025-12-15,2025-12-22,0.09320068359375,2025-12-15 20:03:19.469786
sz.002049,2025-12-15,2025-12-22,0.11456298828125,2025-12-15 20:03:19.469786
sz.002050,2025-12-15,2025-12-22,0.1312255859375,2025-12-15 20:03:19.469786
sz.002074,2025-12-15,2025-12-22,0.11981201171875,2025-12-15 20:03:19.469786
sz.002142,2025-12-15,2025-12-22,0.1015625,2025-12-15 20:03:19.469786
sz.002179,2025-12-15,2025-12-22,0.106689453125,2025-12-15 20:03:19.469786
sz.002230,2025-12-15,2025-12-22,0.07684326171875,2025-12-15 20:03:19.469786
sz.002236,2025-12-15,2025-12-22,0.144775390625,2025-12-15 20:03:19.469786
sz.002241,2025-12-15,2025-12-22,0.1265869140625,2025-12-15 20:03:19.469786
sz.002252,2025-12-15,2025-12-22,0.1971435546875,2025-12-15 20:03:19.469786
sz.002304,2025-12-15,2025-12-22,0.1324462890625,2025-12-15 20:03:19.469786
sz.002311,2025-12-15,2025-12-22,0.09234619140625,2025-12-15 20:03:19.469786
sz.002352,2025-12-15,2025-12-22,0.0889892578125,2025-12-15 20:03:19.469786
sz.002371,2025-12-15,2025-12-22,0.12548828125,2025-12-15 20:03:19.469786
sz.002384,2020-01-02,2020-01-09,0.423583984375,2025-12-15 20:03:19.469786
sz.002384,2020-01-03,2020-01-10,0.1865234375,2025-12-15 20:03:19.469786
sz.002384,2020-01-06,2020-01-13,0.08251953125,2025-12-15 20:03:19.469786
sz.002384,2020-01-07,2020-01-14,0.11737060546875,2025-12-15 20:03:19.469786
sz.002384,2020-01-08,2020-01-15,0.12420654296875,2025-12-15 20:03:19.469786
sz.002384,2020-01-09,2020-01-16,0.1279296875,2025-12-15 20:03:19.469786
sz.002384,2020-01-10,2020-01-17,0.131591796875,2025-12-15 20:03:19.469786
sz.002384,2020-01-13,2020-01-20,0.33056640625,2025-12-15 20:03:19.469786
sz.002384,2020-01-14,2020-01-21,0.144287109375,2025-12-15 20:03:19.469786
sz.002384,2020-01-15,2020-01-22,0.1497802734375,2025-12-15 20:03:19.469786
sz.002384,2020-01-16,2020-01-23,0.1400146484375,2025-12-15 20:03:19.469786
sz.002384,2020-01-17,2020-01-24,0.1363525390625,2025-12-15 20:03:19.469786
sz.002384,2020-01-20,2020-01-27,0.305419921875,2025-12-15 20:03:19.469786
sz.002384,2020-01-21,2020-01-28,0.0938720703125,2025-12-15 20:03:19.469786
sz.002384,2020-01-22,2020-01-29,0.227294921875,2025-12-15 20:03:19.469786
sz.002384,2020-01-23,2020-01-30,0.13232421875,2025-12-15 20:03:19.469786
sz.002384,2020-02-03,2020-02-10,0.3681640625,2025-12-15 20:03:19.469786
sz.002384,2020-02-04,2020-02-11,0.1943359375,2025-12-15 20:03:19.469786
sz.002384,2020-02-05,2020-02-12,0.1063232421875,2025-12-15 20:03:19.469786
sz.002384,2020-02-06,2020-02-13,0.09722900390625,2025-12-15 20:03:19.469786
sz.002384,2020-02-07,2020-02-14,0.07763671875,2025-12-15 20:03:19.469786
sz.002384,2020-02-10,2020-02-17,0.1307373046875,2025-12-15 20:03:19.469786
sz.002384,2020-02-11,2020-02-18,0.1796875,2025-12-15 20:03:19.469786
sz.002384,2020-02-12,2020-02-19,0.1834716796875,2025-12-15 20:03:19.469786
sz.002384,2020-02-13,2020-02-20,0.09515380859375,2025-12-15 20:03:19.469786
sz.002384,2020-02-14,2020-02-21,0.1048583984375,2025-12-15 20:03:19.469786
sz.002384,2020-02-17,2020-02-24,0.2127685546875,2025-12-15 20:03:19.469786
sz.002384,2020-02-18,2020-02-25,0.175537109375,2025-12-15 20:03:19.469786
sz.002384,2020-02-19,2020-02-26,0.1358642578125,2025-12-15 20:03:19.469786
sz.002384,2020-02-20,2020-02-27,0.2047119140625,2025-12-15 20:03:19.469786
sz.002384,2020-02-21,2020-02-28,0.1656494140625,2025-12-15 20:03:19.469786
sz.002384,2020-02-24,2020-03-02,0.251953125,2025-12-15 20:03:19.469786
sz.002384,2020-02-25,2020-03-03,0.2049560546875,2025-12-15 20:03:19.469786
sz.002384,2020-02-26,2020-03-04,0.1346435546875,2025-12-15 20:03:19.469786
sz.002384,2020-02-27,2020-03-05,0.131591796875,2025-12-15 20:03:19.469786
sz.002384,2020-02-28,2020-03-06,0.12188720703125,2025-12-15 20:03:19.469786
sz.002384,2020-03-02,2020-03-09,0.10577392578125,2025-12-15 20:03:19.469786
sz.002384,2020-03-03,2020-03-10,0.132568359375,2025-12-15 20:03:19.469786
sz.002384,2020-03-04,2020-03-11,0.1309814453125,2025-12-15 20:03:19.469786
sz.002384,2020-03-05,2020-03-12,0.1553955078125,2025-12-15 20:03:19.469786
sz.002384,2020-03-06,2020-03-13,0.129150390625,2025-12-15 20:03:19.469786
sz.002384,2020-03-09,2020-03-16,0.1187744140625,2025-12-15 20:03:19.469786
sz.002384,2020-03-10,2020-03-17,0.1859130859375,2025-12-15 20:03:19.469786
sz.002384,2020-03-11,2020-03-18,0.12493896484375,2025-12-15 20:03:19.469786
sz.002384,2020-03-12,2020-03-19,0.136474609375,2025-12-15 20:03:19.469786
sz.002384,2020-03-13,2020-03-20,0.10992431640625,2025-12-15 20:03:19.469786
sz.002384,2020-03-16,2020-03-23,0.13330078125,2025-12-15 20:03:19.469786
sz.002384,2020-03-17,2020-03-24,0.12139892578125,2025-12-15 20:03:19.469786
sz.002384,2020-03-18,2020-03-25,0.1478271484375,2025-12-15 20:03:19.469786
sz.002384,2020-03-19,2020-03-26,0.138671875,2025-12-15 20:03:19.469786
sz.002384,2020-03-20,2020-03-27,0.143310546875,2025-12-15 20:03:19.469786
sz.002384,2020-03-23,2020-03-30,0.23095703125,2025-12-15 20:03:19.469786
sz.002384,2020-03-24,2020-03-31,0.325927734375,2025-12-15 20:03:19.469786
sz.002384,2020-03-25,2020-04-01,0.265380859375,2025-12-15 20:03:19.469786
sz.002384,2020-03-26,2020-04-02,0.26416015625,2025-12-15 20:03:19.469786
sz.002384,2020-03-27,2020-04-03,0.2054443359375,2025-12-15 20:03:19.469786
sz.002384,2020-03-30,2020-04-06,0.327880859375,2025-12-15 20:03:19.469786
sz.002384,2020-03-31,2020-04-07,0.392822265625,2025-12-15 20:03:19.469786
sz.002384,2020-04-01,2020-04-08,0.398681640625,2025-12-15 20:03:19.469786
sz.002384,2020-04-02,2020-04-09,0.37353515625,2025-12-15 20:03:19.469786
sz.002384,2020-04-03,2020-04-10,0.280517578125,2025-12-15 20:03:19.469786
sz.002384,2020-04-07,2020-04-14,0.23681640625,2025-12-15 20:03:19.469786
sz.002384,2020-04-08,2020-04-15,0.299072265625,2025-12-15 20:03:19.469786
sz.002384,2020-04-09,2020-04-16,0.1387939453125,2025-12-15 20:03:19.469786
sz.002384,2020-04-10,2020-04-17,0.1700439453125,2025-12-15 20:03:19.469786
sz.002384,2020-04-13,2020-04-20,0.313232421875,2025-12-15 20:03:19.469786
sz.002384,2020-04-14,2020-04-21,0.3955078125,2025-12-15 20:03:19.469786
sz.002384,2020-04-15,2020-04-22,0.169189453125,2025-12-15 20:03:19.469786
sz.002384,2020-04-16,2020-04-23,0.2171630859375,2025-12-15 20:03:19.469786
sz.002384,2020-04-17,2020-04-24,0.10302734375,2025-12-15 20:03:19.469786
sz.002384,2020-04-20,2020-04-27,0.1312255859375,2025-12-15 20:03:19.469786
sz.002384,2020-04-21,2020-04-28,0.1533203125,2025-12-15 20:03:19.469786
sz.002384,2020-04-22,2020-04-29,0.34326171875,2025-12-15 20:03:19.469786
sz.002384,2020-04-23,2020-04-30,0.1866455078125,2025-12-15 20:03:19.469786
sz.002384,2020-04-24,2020-05-01,0.2481689453125,2025-12-15 20:03:19.469786
sz.002384,2020-04-27,2020-05-04,0.2978515625,2025-12-15 20:03:19.469786
sz.002384,2020-04-28,2020-05-05,0.091552734375,2025-12-15 20:03:19.469786
sz.002384,2020-04-29,2020-05-06,0.1365966796875,2025-12-15 20:03:19.469786
sz.002384,2020-04-30,2020-05-07,0.298583984375,2025-12-15 20:03:19.469786
sz.002384,2020-05-06,2020-05-13,0.39453125,2025-12-15 20:03:19.469786
sz.002384,2020-05-07,2020-05-14,0.124755859375,2025-12-15 20:03:19.469786
sz.002384,2020-05-08,2020-05-15,0.130126953125,2025-12-15 20:03:19.469786
sz.002384,2020-05-11,2020-05-18,0.11181640625,2025-12-15 20:03:19.469786
sz.002384,2020-05-12,2020-05-19,0.12176513671875,2025-12-15 20:03:19.469786
sz.002384,2020-05-13,2020-05-20,0.136474609375,2025-12-15 20:03:19.469786
sz.002384,2020-05-14,2020-05-21,0.1187744140625,2025-12-15 20:03:19.469786
sz.002384,2020-05-15,2020-05-22,0.09771728515625,2025-12-15 20:03:19.469786
sz.002384,2020-05-18,2020-05-25,0.131591796875,2025-12-15 20:03:19.469786
sz.002384,2020-05-19,2020-05-26,0.1248779296875,2025-12-15 20:03:19.469786
sz.002384,2020-05-20,2020-05-27,0.1326904296875,2025-12-15 20:03:19.469786
sz.002384,2020-05-21,2020-05-28,0.133544921875,2025-12-15 20:03:19.469786
sz.002384,2020-05-22,2020-05-29,0.137451171875,2025-12-15 20:03:19.469786
sz.002384,2020-05-25,2020-06-01,0.1646728515625,2025-12-15 20:03:19.469786
sz.002384,2020-05-26,2020-06-02,0.1346435546875,2025-12-15 20:03:19.469786
sz.002384,2020-05-27,2020-06-03,0.141357421875,2025-12-15 20:03:19.469786
sz.002384,2020-05-28,2020-06-04,0.1529541015625,2025-12-15 20:03:19.469786
sz.002384,2020-05-29,2020-06-05,0.162353515625,2025-12-15 20:03:19.469786
sz.002384,2020-06-01,2020-06-08,0.37939453125,2025-12-15 20:03:19.469786
sz.002384,2020-06-02,2020-06-09,0.114990234375,2025-12-15 20:03:19.469786
sz.002384,2020-06-03,2020-06-10,0.08343505859375,2025-12-15 20:03:19.469786
sz.002384,2020-06-04,2020-06-11,0.1285400390625,2025-12-15 20:03:19.469786
sz.002384,2020-06-05,2020-06-12,0.1357421875,2025-12-15 20:03:19.469786
sz.002384,2020-06-08,2020-06-15,0.1287841796875,2025-12-15 20:03:19.469786
sz.002384,2020-06-09,2020-06-16,0.139404296875,2025-12-15 20:03:19.469786
sz.002384,2020-06-10,2020-06-17,0.1429443359375,2025-12-15 20:03:19.469786
sz.002384,2020-06-11,2020-06-18,0.12432861328125,2025-12-15 20:03:19.469786
sz.002384,2020-06-12,2020-06-19,0.14404296875,2025-12-15 20:03:19.469786
sz.002384,2020-06-15,2020-06-22,0.133056640625,2025-12-15 20:03:19.469786
sz.002384,2020-06-16,2020-06-23,0.1171875,2025-12-15 20:03:19.469786
sz.002384,2020-06-17,2020-06-24,0.1590576171875,2025-12-15 20:03:19.469786
sz.002384,2020-06-18,2020-06-25,0.219482421875,2025-12-15 20:03:19.469786
sz.002384,2020-06-19,2020-06-26,0.184814453125,2025-12-15 20:03:19.469786
sz.002384,2020-06-22,2020-06-29,0.1651611328125,2025-12-15 20:03:19.469786
sz.002384,2020-06-23,2020-06-30,0.1971435546875,2025-12-15 20:03:19.469786
sz.002384,2020-06-24,2020-07-01,0.1470947265625,2025-12-15 20:03:19.469786
sz.002384,2020-06-29,2020-07-06,0.13330078125,2025-12-15 20:03:19.469786
sz.002384,2020-06-30,2020-07-07,0.2127685546875,2025-12-15 20:03:19.469786
sz.002384,2020-07-01,2020-07-08,0.183349609375,2025-12-15 20:03:19.469786
sz.002384,2020-07-02,2020-07-09,0.205322265625,2025-12-15 20:03:19.469786
sz.002384,2020-07-03,2020-07-10,0.155517578125,2025-12-15 20:03:19.469786
sz.002384,2020-07-06,2020-07-13,0.196044921875,2025-12-15 20:03:19.469786
sz.002384,2020-07-07,2020-07-14,0.1275634765625,2025-12-15 20:03:19.469786
sz.002384,2020-07-08,2020-07-15,0.20166015625,2025-12-15 20:03:19.469786
sz.002384,2020-07-09,2020-07-16,0.1663818359375,2025-12-15 20:03:19.469786
sz.002384,2020-07-10,2020-07-17,0.1533203125,2025-12-15 20:03:19.469786
sz.002384,2020-07-13,2020-07-20,0.279052734375,2025-12-15 20:03:19.469786
sz.002384,2020-07-14,2020-07-21,0.1622314453125,2025-12-15 20:03:19.469786
sz.002384,2020-07-15,2020-07-22,0.1376953125,2025-12-15 20:03:19.469786
sz.002384,2020-07-16,2020-07-23,0.1456298828125,2025-12-15 20:03:19.469786
sz.002384,2020-07-17,2020-07-24,0.11199951171875,2025-12-15 20:03:19.469786
sz.002384,2020-07-20,2020-07-27,0.2042236328125,2025-12-15 20:03:19.469786
sz.002384,2020-07-21,2020-07-28,0.160400390625,2025-12-15 20:03:19.469786
sz.002384,2020-07-22,2020-07-29,0.146240234375,2025-12-15 20:03:19.469786
sz.002384,2020-07-23,2020-07-30,0.145263671875,2025-12-15 20:03:19.469786
sz.002384,2020-07-24,2020-07-31,0.137939453125,2025-12-15 20:03:19.469786
sz.002384,2020-07-27,2020-08-03,0.1171875,2025-12-15 20:03:19.469786
sz.002384,2020-07-28,2020-08-04,0.2010498046875,2025-12-15 20:03:19.469786
sz.002384,2020-07-29,2020-08-05,0.2318115234375,2025-12-15 20:03:19.469786
sz.002384,2020-07-30,2020-08-06,0.138671875,2025-12-15 20:03:19.469786
sz.002384,2020-07-31,2020-08-07,0.1239013671875,2025-12-15 20:03:19.469786
sz.002384,2020-08-03,2020-08-10,0.245849609375,2025-12-15 20:03:19.469786
sz.002384,2020-08-04,2020-08-11,0.139404296875,2025-12-15 20:03:19.469786
sz.002384,2020-08-05,2020-08-12,0.1396484375,2025-12-15 20:03:19.469786
sz.002384,2020-08-06,2020-08-13,0.1539306640625,2025-12-15 20:03:19.469786
sz.002384,2020-08-07,2020-08-14,0.1307373046875,2025-12-15 20:03:19.469786
sz.002384,2020-08-10,2020-08-17,0.097412109375,2025-12-15 20:03:19.469786
sz.002384,2020-08-11,2020-08-18,0.09637451171875,2025-12-15 20:03:19.469786
sz.002384,2020-08-12,2020-08-19,0.118408203125,2025-12-15 20:03:19.469786
sz.002384,2020-08-13,2020-08-20,0.12493896484375,2025-12-15 20:03:19.469786
sz.002384,2020-08-14,2020-08-21,0.11553955078125,2025-12-15 20:03:19.469786
sz.002384,2020-08-17,2020-08-24,0.16748046875,2025-12-15 20:03:19.469786
sz.002384,2020-08-18,2020-08-25,0.1480712890625,2025-12-15 20:03:19.469786
sz.002384,2020-08-19,2020-08-26,0.137939453125,2025-12-15 20:03:19.469786
sz.002384,2020-08-20,2020-08-27,0.089111328125,2025-12-15 20:03:19.469786
sz.002384,2020-08-21,2020-08-28,0.1019287109375,2025-12-15 20:03:19.469786
sz.002384,2020-08-24,2020-08-31,0.151611328125,2025-12-15 20:03:19.469786
sz.002384,2020-08-25,2020-09-01,0.1121826171875,2025-12-15 20:03:19.469786
sz.002384,2020-08-26,2020-09-02,0.168212890625,2025-12-15 20:03:19.469786
sz.002384,2020-08-27,2020-09-03,0.1309814453125,2025-12-15 20:03:19.469786
sz.002384,2020-08-28,2020-09-04,0.154052734375,2025-12-15 20:03:19.469786
sz.002384,2020-08-31,2020-09-07,0.09808349609375,2025-12-15 20:03:19.469786
sz.002384,2020-09-01,2020-09-08,0.145263671875,2025-12-15 20:03:19.469786
sz.002384,2020-09-02,2020-09-09,0.1602783203125,2025-12-15 20:03:19.469786
sz.002384,2020-09-03,2020-09-10,0.1512451171875,2025-12-15 20:03:19.469786
sz.002384,2020-09-04,2020-09-11,0.1546630859375,2025-12-15 20:03:19.469786
sz.002384,2020-09-07,2020-09-14,0.131591796875,2025-12-15 20:03:19.469786
sz.002384,2020-09-08,2020-09-15,0.11419677734375,2025-12-15 20:03:19.469786
sz.002384,2020-09-09,2020-09-16,0.1529541015625,2025-12-15 20:03:19.469786
sz.002384,2020-09-10,2020-09-17,0.134033203125,2025-12-15 20:03:19.469786
sz.002384,2020-09-11,2020-09-18,0.27734375,2025-12-15 20:03:19.469786
sz.002384,2020-09-14,2020-09-21,0.07489013671875,2025-12-15 20:03:19.469786
sz.002384,2020-09-15,2020-09-22,0.10174560546875,2025-12-15 20:03:19.469786
sz.002384,2020-09-16,2020-09-23,0.1290283203125,2025-12-15 20:03:19.469786
sz.002384,2020-09-17,2020-09-24,0.06793212890625,2025-12-15 20:03:19.469786
sz.002384,2020-09-18,2020-09-25,0.09466552734375,2025-12-15 20:03:19.469786
sz.002384,2020-09-21,2020-09-28,0.09967041015625,2025-12-15 20:03:19.469786
sz.002384,2020-09-22,2020-09-29,0.11029052734375,2025-12-15 20:03:19.469786
sz.002384,2020-09-23,2020-09-30,0.1124267578125,2025-12-15 20:03:19.469786
sz.002384,2020-09-24,2020-10-01,0.1524658203125,2025-12-15 20:03:19.469786
sz.002384,2020-09-25,2020-10-02,0.26708984375,2025-12-15 20:03:19.469786
sz.002384,2020-09-28,2020-10-05,0.1842041015625,2025-12-15 20:03:19.469786
sz.002384,2020-09-29,2020-10-06,0.357666015625,2025-12-15 20:03:19.469786
sz.002384,2020-09-30,2020-10-07,0.1287841796875,2025-12-15 20:03:19.469786
sz.002384,2020-10-09,2020-10-16,0.09844970703125,2025-12-15 20:03:19.469786
sz.002384,2020-10-12,2020-10-19,0.1202392578125,2025-12-15 20:03:19.469786
sz.002384,2020-10-13,2020-10-20,0.165283203125,2025-12-15 20:03:19.469786
sz.002384,2020-10-14,2020-10-21,0.124755859375,2025-12-15 20:03:19.469786
sz.002384,2020-10-15,2020-10-22,0.1279296875,2025-12-15 20:03:19.469786
sz.002384,2020-10-16,2020-10-23,0.1309814453125,2025-12-15 20:03:19.469786
sz.002384,2020-10-19,2020-10-26,0.0836181640625,2025-12-15 20:03:19.469786
sz.002384,2020-10-20,2020-10-27,0.1273193359375,2025-12-15 20:03:19.469786
sz.002384,2020-10-21,2020-10-28,0.127685546875,2025-12-15 20:03:19.469786
sz.002384,2020-10-22,2020-10-29,0.1314697265625,2025-12-15 20:03:19.469786
sz.002384,2020-10-23,2020-10-30,0.1239013671875,2025-12-15 20:03:19.469786
sz.002384,2020-10-26,2020-11-02,0.12261962890625,2025-12-15 20:03:19.469786
sz.002384,2020-10-27,2020-11-03,0.302734375,2025-12-15 20:03:19.469786
sz.002384,2020-10-28,2020-11-04,0.125244140625,2025-12-15 20:03:19.469786
sz.002384,2020-10-29,2020-11-05,0.123046875,2025-12-15 20:03:19.469786
sz.002384,2020-10-30,2020-11-06,0.134033203125,2025-12-15 20:03:19.469786
sz.002384,2020-11-02,2020-11-09,0.11065673828125,2025-12-15 20:03:19.469786
sz.002384,2020-11-03,2020-11-10,0.091552734375,2025-12-15 20:03:19.469786
sz.002384,2020-11-04,2020-11-11,0.12249755859375,2025-12-15 20:03:19.469786
sz.002384,2020-11-05,2020-11-12,0.2216796875,2025-12-15 20:03:19.469786
sz.002384,2020-11-06,2020-11-13,0.13134765625,2025-12-15 20:03:19.469786
sz.002384,2020-11-09,2020-11-16,0.165771484375,2025-12-15 20:03:19.469786
sz.002384,2020-11-10,2020-11-17,0.163330078125,2025-12-15 20:03:19.469786
sz.002384,2020-11-11,2020-11-18,0.1387939453125,2025-12-15 20:03:19.469786
sz.002384,2020-11-12,2020-11-19,0.10015869140625,2025-12-15 20:03:19.469786
sz.002384,2020-11-13,2020-11-20,0.10302734375,2025-12-15 20:03:19.469786
sz.002384,2020-11-16,2020-11-23,0.12176513671875,2025-12-15 20:03:19.469786
sz.002384,2020-11-17,2020-11-24,0.11578369140625,2025-12-15 20:03:19.469786
sz.002384,2020-11-18,2020-11-25,0.0816650390625,2025-12-15 20:03:19.469786
sz.002384,2020-11-19,2020-11-26,0.09912109375,2025-12-15 20:03:19.469786
sz.002384,2020-11-20,2020-11-27,0.1143798828125,2025-12-15 20:03:19.469786
sz.002384,2020-11-23,2020-11-30,0.090087890625,2025-12-15 20:03:19.469786
sz.002384,2020-11-24,2020-12-01,0.0948486328125,2025-12-15 20:03:19.469786
sz.002384,2020-11-25,2020-12-02,0.1370849609375,2025-12-15 20:03:19.469786
sz.002384,2020-11-26,2020-12-03,0.252197265625,2025-12-15 20:03:19.469786
sz.002384,2020-11-27,2020-12-04,0.1494140625,2025-12-15 20:03:19.469786
sz.002384,2020-11-30,2020-12-07,0.07196044921875,2025-12-15 20:03:19.469786
sz.002384,2020-12-01,2020-12-08,0.1494140625,2025-12-15 20:03:19.469786
sz.002384,2020-12-02,2020-12-09,0.1358642578125,2025-12-15 20:03:19.469786
sz.002384,2020-12-03,2020-12-10,0.105224609375,2025-12-15 20:03:19.469786
sz.002384,2020-12-04,2020-12-11,0.1627197265625,2025-12-15 20:03:19.469786
sz.002384,2020-12-07,2020-12-14,0.15625,2025-12-15 20:03:19.469786
sz.002384,2020-12-08,2020-12-15,0.17626953125,2025-12-15 20:03:19.469786
sz.002384,2020-12-09,2020-12-16,0.1229248046875,2025-12-15 20:03:19.469786
sz.002384,2020-12-10,2020-12-17,0.129150390625,2025-12-15 20:03:19.469786
sz.002384,2020-12-11,2020-12-18,0.1446533203125,2025-12-15 20:03:19.469786
sz.002384,2020-12-14,2020-12-21,0.1319580078125,2025-12-15 20:03:19.469786
sz.002384,2020-12-15,2020-12-22,0.107421875,2025-12-15 20:03:19.469786
sz.002384,2020-12-16,2020-12-23,0.1190185546875,2025-12-15 20:03:19.469786
sz.002384,2020-12-17,2020-12-24,0.1414794921875,2025-12-15 20:03:19.469786
sz.002384,2020-12-18,2020-12-25,0.119384765625,2025-12-15 20:03:19.469786
sz.002384,2020-12-21,2020-12-28,0.097900390625,2025-12-15 20:03:19.469786
sz.002384,2020-12-22,2020-12-29,0.12890625,2025-12-15 20:03:19.469786
sz.002384,2020-12-23,2020-12-30,0.130126953125,2025-12-15 20:03:19.469786
sz.002384,2020-12-24,2020-12-31,0.1292724609375,2025-12-15 20:03:19.469786
sz.002384,2020-12-25,2021-01-01,0.07611083984375,2025-12-15 20:03:19.469786
sz.002384,2020-12-28,2021-01-04,0.127685546875,2025-12-15 20:03:19.469786
sz.002384,2020-12-29,2021-01-05,0.2120361328125,2025-12-15 20:03:19.469786
sz.002384,2020-12-30,2021-01-06,0.1239013671875,2025-12-15 20:03:19.469786
sz.002384,2020-12-31,2021-01-07,0.1070556640625,2025-12-15 20:03:19.469786
sz.002384,2021-01-04,2021-01-11,0.10107421875,2025-12-15 20:03:19.469786
sz.002384,2021-01-05,2021-01-12,0.2900390625,2025-12-15 20:03:19.469786
sz.002384,2021-01-06,2021-01-13,0.132080078125,2025-12-15 20:03:19.469786
sz.002384,2021-01-07,2021-01-14,0.11102294921875,2025-12-15 20:03:19.469786
sz.002384,2021-01-08,2021-01-15,0.109130859375,2025-12-15 20:03:19.469786
sz.002384,2021-01-11,2021-01-18,0.075439453125,2025-12-15 20:03:19.469786
sz.002384,2021-01-12,2021-01-19,0.1253662109375,2025-12-15 20:03:19.469786
sz.002384,2021-01-13,2021-01-20,0.1124267578125,2025-12-15 20:03:19.469786
sz.002384,2021-01-14,2021-01-21,0.077392578125,2025-12-15 20:03:19.469786
sz.002384,2021-01-15,2021-01-22,0.131103515625,2025-12-15 20:03:19.469786
sz.002384,2021-01-18,2021-01-25,0.0743408203125,2025-12-15 20:03:19.469786
sz.002384,2021-01-19,2021-01-26,0.1285400390625,2025-12-15 20:03:19.469786
sz.002384,2021-01-20,2021-01-27,0.160400390625,2025-12-15 20:03:19.469786
sz.002384,2021-01-21,2021-01-28,0.161376953125,2025-12-15 20:03:19.469786
sz.002384,2021-01-22,2021-01-29,0.2900390625,2025-12-15 20:03:19.469786
sz.002384,2021-01-25,2021-02-01,0.183349609375,2025-12-15 20:03:19.469786
sz.002384,2021-01-26,2021-02-02,0.171630859375,2025-12-15 20:03:19.469786
sz.002384,2021-01-27,2021-02-03,0.2568359375,2025-12-15 20:03:19.469786
sz.002384,2021-01-28,2021-02-04,0.1578369140625,2025-12-15 20:03:19.469786
sz.002384,2021-01-29,2021-02-05,0.12939453125,2025-12-15 20:03:19.469786
sz.002384,2021-02-01,2021-02-08,0.2034912109375,2025-12-15 20:03:19.469786
sz.002384,2021-02-02,2021-02-09,0.25390625,2025-12-15 20:03:19.469786
sz.002384,2021-02-03,2021-02-10,0.1480712890625,2025-12-15 20:03:19.469786
sz.002384,2021-02-04,2021-02-11,0.14892578125,2025-12-15 20:03:19.469786
sz.002384,2021-02-05,2021-02-12,0.1351318359375,2025-12-15 20:03:19.469786
sz.002384,2021-02-08,2021-02-15,0.129638671875,2025-12-15 20:03:19.469786
sz.002384,2021-02-09,2021-02-16,0.177978515625,2025-12-15 20:03:19.469786
sz.002384,2021-02-10,2021-02-17,0.1380615234375,2025-12-15 20:03:19.469786
sz.002384,2021-02-18,2021-02-25,0.143310546875,2025-12-15 20:03:19.469786
sz.002384,2021-02-19,2021-02-26,0.2342529296875,2025-12-15 20:03:19.469786
sz.002384,2021-02-22,2021-03-01,0.1451416015625,2025-12-15 20:03:19.469786
sz.002384,2021-02-23,2021-03-02,0.1844482421875,2025-12-15 20:03:19.469786
sz.002384,2021-02-24,2021-03-03,0.17041015625,2025-12-15 20:03:19.469786
sz.002384,2021-02-25,2021-03-04,0.167236328125,2025-12-15 20:03:19.469786
sz.002384,2021-02-26,2021-03-05,0.1669921875,2025-12-15 20:03:19.469786
sz.002384,2021-03-01,2021-03-08,0.31689453125,2025-12-15 20:03:19.469786
sz.002384,2021-03-02,2021-03-09,0.179931640625,2025-12-15 20:03:19.469786
sz.002384,2021-03-03,2021-03-10,0.275146484375,2025-12-15 20:03:19.469786
sz.002384,2021-03-04,2021-03-11,0.143310546875,2025-12-15 20:03:19.469786
sz.002384,2021-03-05,2021-03-12,0.181396484375,2025-12-15 20:03:19.469786
sz.002384,2021-03-08,2021-03-15,0.134033203125,2025-12-15 20:03:19.469786
sz.002384,2021-03-09,2021-03-16,0.1207275390625,2025-12-15 20:03:19.469786
sz.002384,2021-03-10,2021-03-17,0.14013671875,2025-12-15 20:03:19.469786
sz.002384,2021-03-11,2021-03-18,0.1663818359375,2025-12-15 20:03:19.469786
sz.002384,2021-03-12,2021-03-19,0.1402587890625,2025-12-15 20:03:19.469786
sz.002384,2021-03-15,2021-03-22,0.1300048828125,2025-12-15 20:03:19.469786
sz.002384,2021-03-16,2021-03-23,0.0809326171875,2025-12-15 20:03:19.469786
sz.002384,2021-03-17,2021-03-24,0.1409912109375,2025-12-15 20:03:19.469786
sz.002384,2021-03-18,2021-03-25,0.1485595703125,2025-12-15 20:03:19.469786
sz.002384,2021-03-19,2021-03-26,0.122314453125,2025-12-15 20:03:19.469786
sz.002384,2021-03-22,2021-03-29,0.1033935546875,2025-12-15 20:03:19.469786
sz.002384,2021-03-23,2021-03-30,0.126953125,2025-12-15 20:03:19.469786
sz.002384,2021-03-24,2021-03-31,0.132568359375,2025-12-15 20:03:19.469786
sz.002384,2021-03-25,2021-04-01,0.1279296875,2025-12-15 20:03:19.469786
sz.002384,2021-03-26,2021-04-02,0.33642578125,2025-12-15 20:03:19.469786
sz.002384,2021-03-29,2021-04-05,0.139892578125,2025-12-15 20:03:19.469786
sz.002384,2021-03-30,2021-04-06,0.1370849609375,2025-12-15 20:03:19.469786
sz.002384,2021-03-31,2021-04-07,0.1279296875,2025-12-15 20:03:19.469786
sz.002384,2021-04-01,2021-04-08,0.1417236328125,2025-12-15 20:03:19.469786
sz.002384,2021-04-02,2021-04-09,0.07781982421875,2025-12-15 20:03:19.469786
sz.002384,2021-04-06,2021-04-13,0.136962890625,2025-12-15 20:03:19.469786
sz.002384,2021-04-07,2021-04-14,0.135986328125,2025-12-15 20:03:19.469786
sz.002384,2021-04-08,2021-04-15,0.09136962890625,2025-12-15 20:03:19.469786
sz.002384,2021-04-09,2021-04-16,0.138427734375,2025-12-15 20:03:19.469786
sz.002384,2021-04-12,2021-04-19,0.1282958984375,2025-12-15 20:03:19.469786
sz.002384,2021-04-13,2021-04-20,0.1278076171875,2025-12-15 20:03:19.469786
sz.002384,2021-04-14,2021-04-21,0.10821533203125,2025-12-15 20:03:19.469786
sz.002384,2021-04-15,2021-04-22,0.08929443359375,2025-12-15 20:03:19.469786
sz.002384,2021-04-16,2021-04-23,0.11199951171875,2025-12-15 20:03:19.469786
sz.002384,2021-04-19,2021-04-26,0.260498046875,2025-12-15 20:03:19.469786
sz.002384,2021-04-20,2021-04-27,0.13134765625,2025-12-15 20:03:19.469786
sz.002384,2021-04-21,2021-04-28,0.146484375,2025-12-15 20:03:19.469786
sz.002384,2021-04-22,2021-04-29,0.0792236328125,2025-12-15 20:03:19.469786
sz.002384,2021-04-23,2021-04-30,0.138916015625,2025-12-15 20:03:19.469786
sz.002384,2021-04-26,2021-05-03,0.1357421875,2025-12-15 20:03:19.469786
sz.002384,2021-04-27,2021-05-04,0.1373291015625,2025-12-15 20:03:19.469786
sz.002384,2021-04-28,2021-05-05,0.197265625,2025-12-15 20:03:19.469786
sz.002384,2021-04-29,2021-05-06,0.19287109375,2025-12-15 20:03:19.469786
sz.002384,2021-04-30,2021-05-07,0.1827392578125,2025-12-15 20:03:19.469786
sz.002384,2021-05-06,2021-05-13,0.1845703125,2025-12-15 20:03:19.469786
sz.002384,2021-05-07,2021-05-14,0.2374267578125,2025-12-15 20:03:19.469786
sz.002384,2021-05-10,2021-05-17,0.39453125,2025-12-15 20:03:19.469786
sz.002384,2021-05-11,2021-05-18,0.48388671875,2025-12-15 20:03:19.469786
sz.002384,2021-05-12,2021-05-19,0.47216796875,2025-12-15 20:03:19.469786
sz.002384,2021-05-13,2021-05-20,0.4677734375,2025-12-15 20:03:19.469786
sz.002384,2021-05-14,2021-05-21,0.50537109375,2025-12-15 20:03:19.469786
sz.002384,2021-05-17,2021-05-24,0.4443359375,2025-12-15 20:03:19.469786
sz.002384,2021-05-18,2021-05-25,0.440185546875,2025-12-15 20:03:19.469786
sz.002384,2021-05-19,2021-05-26,0.43359375,2025-12-15 20:03:19.469786
sz.002384,2021-05-20,2021-05-27,0.41845703125,2025-12-15 20:03:19.469786
sz.002384,2021-05-21,2021-05-28,0.323486328125,2025-12-15 20:03:19.469786
sz.002384,2021-05-24,2021-05-31,0.427490234375,2025-12-15 20:03:19.469786
sz.002384,2021-05-25,2021-06-01,0.242919921875,2025-12-15 20:03:19.469786
sz.002384,2021-05-26,2021-06-02,0.151611328125,2025-12-15 20:03:19.469786
sz.002384,2021-05-27,2021-06-03,0.127685546875,2025-12-15 20:03:19.469786
sz.002384,2021-05-28,2021-06-04,0.09124755859375,2025-12-15 20:03:19.469786
sz.002384,2021-05-31,2021-06-07,0.1258544921875,2025-12-15 20:03:19.469786
sz.002384,2021-06-01,2021-06-08,0.10211181640625,2025-12-15 20:03:19.469786
sz.002384,2021-06-02,2021-06-09,0.1083984375,2025-12-15 20:03:19.469786
sz.002384,2021-06-03,2021-06-10,0.1285400390625,2025-12-15 20:03:19.469786
sz.002384,2021-06-04,2021-06-11,0.09271240234375,2025-12-15 20:03:19.469786
sz.002384,2021-06-07,2021-06-14,0.08929443359375,2025-12-15 20:03:19.469786
sz.002384,2021-06-08,2021-06-15,0.082275390625,2025-12-15 20:03:19.469786
sz.002384,2021-06-09,2021-06-16,0.12939453125,2025-12-15 20:03:19.469786
sz.002384,2021-06-10,2021-06-17,0.1187744140625,2025-12-15 20:03:19.469786
sz.002384,2021-06-11,2021-06-18,0.12890625,2025-12-15 20:03:19.469786
sz.002384,2021-06-15,2021-06-22,0.07501220703125,2025-12-15 20:03:19.469786
sz.002384,2021-06-16,2021-06-23,0.1248779296875,2025-12-15 20:03:19.469786
sz.002384,2021-06-17,2021-06-24,0.09930419921875,2025-12-15 20:03:19.469786
sz.002384,2021-06-18,2021-06-25,0.1358642578125,2025-12-15 20:03:19.469786
sz.002384,2021-06-21,2021-06-28,0.10894775390625,2025-12-15 20:03:19.469786
sz.002384,2021-06-22,2021-06-29,0.1466064453125,2025-12-15 20:03:19.469786
sz.002384,2021-06-23,2021-06-30,0.419677734375,2025-12-15 20:03:19.469786
sz.002384,2021-06-24,2021-07-01,0.1512451171875,2025-12-15 20:03:19.469786
sz.002384,2021-06-25,2021-07-02,0.09027099609375,2025-12-15 20:03:19.469786
sz.002384,2021-06-28,2021-07-05,0.2054443359375,2025-12-15 20:03:19.469786
sz.002384,2021-06-29,2021-07-06,0.1597900390625,2025-12-15 20:03:19.469786
sz.002384,2021-06-30,2021-07-07,0.143798828125,2025-12-15 20:03:19.469786
sz.002384,2021-07-01,2021-07-08,0.1427001953125,2025-12-15 20:03:19.469786
sz.002384,2021-07-02,2021-07-09,0.1336669921875,2025-12-15 20:03:19.469786
sz.002384,2021-07-05,2021-07-12,0.1273193359375,2025-12-15 20:03:19.469786
sz.002384,2021-07-06,2021-07-13,0.1268310546875,2025-12-15 20:03:19.469786
sz.002384,2021-07-07,2021-07-14,0.11474609375,2025-12-15 20:03:19.469786
sz.002384,2021-07-08,2021-07-15,0.1083984375,2025-12-15 20:03:19.469786
sz.002384,2021-07-09,2021-07-16,0.140380859375,2025-12-15 20:03:19.469786
sz.002384,2021-07-12,2021-07-19,0.286376953125,2025-12-15 20:03:19.469786
sz.002384,2021-07-13,2021-07-20,0.1759033203125,2025-12-15 20:03:19.469786
sz.002384,2021-07-14,2021-07-21,0.1500244140625,2025-12-15 20:03:19.469786
sz.002384,2021-07-15,2021-07-22,0.129638671875,2025-12-15 20:03:19.469786
sz.002384,2021-07-16,2021-07-23,0.2083740234375,2025-12-15 20:03:19.469786
sz.002384,2021-07-19,2021-07-26,0.226806640625,2025-12-15 20:03:19.469786
sz.002384,2021-07-20,2021-07-27,0.2218017578125,2025-12-15 20:03:19.469786
sz.002384,2021-07-21,2021-07-28,0.1202392578125,2025-12-15 20:03:19.469786
sz.002384,2021-07-22,2021-07-29,0.1351318359375,2025-12-15 20:03:19.469786
sz.002384,2021-07-23,2021-07-30,0.1436767578125,2025-12-15 20:03:19.469786
sz.002384,2021-07-26,2021-08-02,0.143798828125,2025-12-15 20:03:19.469786
sz.002384,2021-07-27,2021-08-03,0.11083984375,2025-12-15 20:03:19.469786
sz.002384,2021-07-28,2021-08-04,0.1295166015625,2025-12-15 20:03:19.469786
sz.002384,2021-07-29,2021-08-05,0.258544921875,2025-12-15 20:03:19.469786
sz.002384,2021-07-30,2021-08-06,0.174072265625,2025-12-15 20:03:19.469786
sz.002384,2021-08-02,2021-08-09,0.2410888671875,2025-12-15 20:03:19.469786
sz.002384,2021-08-03,2021-08-10,0.1279296875,2025-12-15 20:03:19.469786
sz.002384,2021-08-04,2021-08-11,0.25244140625,2025-12-15 20:03:19.469786
sz.002384,2021-08-05,2021-08-12,0.1273193359375,2025-12-15 20:03:19.469786
sz.002384,2021-08-06,2021-08-13,0.1236572265625,2025-12-15 20:03:19.469786
sz.002384,2021-08-09,2021-08-16,0.13427734375,2025-12-15 20:03:19.469786
sz.002384,2021-08-10,2021-08-17,0.1375732421875,2025-12-15 20:03:19.469786
sz.002384,2021-08-11,2021-08-18,0.189697265625,2025-12-15 20:03:19.469786
sz.002384,2021-08-12,2021-08-19,0.1337890625,2025-12-15 20:03:19.469786
sz.002384,2021-08-13,2021-08-20,0.157958984375,2025-12-15 20:03:19.469786
sz.002384,2021-08-16,2021-08-23,0.17578125,2025-12-15 20:03:19.469786
sz.002384,2021-08-17,2021-08-24,0.1539306640625,2025-12-15 20:03:19.469786
sz.002384,2021-08-18,2021-08-25,0.1942138671875,2025-12-15 20:03:19.469786
sz.002384,2021-08-19,2021-08-26,0.266357421875,2025-12-15 20:03:19.469786
sz.002384,2021-08-20,2021-08-27,0.2822265625,2025-12-15 20:03:19.469786
sz.002384,2021-08-23,2021-08-30,0.331787109375,2025-12-15 20:03:19.469786
sz.002384,2021-08-24,2021-08-31,0.19775390625,2025-12-15 20:03:19.469786
sz.002384,2021-08-25,2021-09-01,0.2469482421875,2025-12-15 20:03:19.469786
sz.002384,2021-08-26,2021-09-02,0.298583984375,2025-12-15 20:03:19.469786
sz.002384,2021-08-27,2021-09-03,0.322509765625,2025-12-15 20:03:19.469786
sz.002384,2021-08-30,2021-09-06,0.396728515625,2025-12-15 20:03:19.469786
sz.002384,2021-08-31,2021-09-07,0.394287109375,2025-12-15 20:03:19.469786
sz.002384,2021-09-01,2021-09-08,0.33056640625,2025-12-15 20:03:19.469786
sz.002384,2021-09-02,2021-09-09,0.310791015625,2025-12-15 20:03:19.469786
sz.002384,2021-09-03,2021-09-10,0.35205078125,2025-12-15 20:03:19.469786
sz.002384,2021-09-06,2021-09-13,0.412109375,2025-12-15 20:03:19.469786
sz.002384,2021-09-07,2021-09-14,0.36474609375,2025-12-15 20:03:19.469786
sz.002384,2021-09-08,2021-09-15,0.315185546875,2025-12-15 20:03:19.469786
sz.002384,2021-09-09,2021-09-16,0.08282470703125,2025-12-15 20:03:19.469786
sz.002384,2021-09-10,2021-09-17,0.13671875,2025-12-15 20:03:19.469786
sz.002384,2021-09-13,2021-09-20,0.11199951171875,2025-12-15 20:03:19.469786
sz.002384,2021-09-14,2021-09-21,0.130126953125,2025-12-15 20:03:19.469786
sz.002384,2021-09-15,2021-09-22,0.087890625,2025-12-15 20:03:19.469786
sz.002384,2021-09-16,2021-09-23,0.134521484375,2025-12-15 20:03:19.469786
sz.002384,2021-09-17,2021-09-24,0.206787109375,2025-12-15 20:03:19.469786
sz.002384,2021-09-22,2021-09-29,0.07891845703125,2025-12-15 20:03:19.469786
sz.002384,2021-09-23,2021-09-30,0.292236328125,2025-12-15 20:03:19.469786
sz.002384,2021-09-24,2021-10-01,0.10723876953125,2025-12-15 20:03:19.469786
sz.002384,2021-09-27,2021-10-04,0.283203125,2025-12-15 20:03:19.469786
sz.002384,2021-09-28,2021-10-05,0.1163330078125,2025-12-15 20:03:19.469786
sz.002384,2021-09-29,2021-10-06,0.12890625,2025-12-15 20:03:19.469786
sz.002384,2021-09-30,2021-10-07,0.102294921875,2025-12-15 20:03:19.469786
sz.002384,2021-10-08,2021-10-15,0.1114501953125,2025-12-15 20:03:19.469786
sz.002384,2021-10-11,2021-10-18,0.091064453125,2025-12-15 20:03:19.469786
sz.002384,2021-10-12,2021-10-19,0.130859375,2025-12-15 20:03:19.469786
sz.002384,2021-10-13,2021-10-20,0.1396484375,2025-12-15 20:03:19.469786
sz.002384,2021-10-14,2021-10-21,0.1494140625,2025-12-15 20:03:19.469786
sz.002384,2021-10-15,2021-10-22,0.258056640625,2025-12-15 20:03:19.469786
sz.002384,2021-10-18,2021-10-25,0.183837890625,2025-12-15 20:03:19.469786
sz.002384,2021-10-19,2021-10-26,0.2303466796875,2025-12-15 20:03:19.469786
sz.002384,2021-10-20,2021-10-27,0.2120361328125,2025-12-15 20:03:19.469786
sz.002384,2021-10-21,2021-10-28,0.1951904296875,2025-12-15 20:03:19.469786
sz.002384,2021-10-22,2021-10-29,0.236572265625,2025-12-15 20:03:19.469786
sz.002384,2021-10-25,2021-11-01,0.296142578125,2025-12-15 20:03:19.469786
sz.002384,2021-10-26,2021-11-02,0.283935546875,2025-12-15 20:03:19.469786
sz.002384,2021-10-27,2021-11-03,0.1195068359375,2025-12-15 20:03:19.469786
sz.002384,2021-10-28,2021-11-04,0.1314697265625,2025-12-15 20:03:19.469786
sz.002384,2021-10-29,2021-11-05,0.157470703125,2025-12-15 20:03:19.469786
sz.002384,2021-11-01,2021-11-08,0.2252197265625,2025-12-15 20:03:19.469786
sz.002384,2021-11-02,2021-11-09,0.08538818359375,2025-12-15 20:03:19.469786
sz.002384,2021-11-03,2021-11-10,0.129150390625,2025-12-15 20:03:19.469786
sz.002384,2021-11-04,2021-11-11,0.403564453125,2025-12-15 20:03:19.469786
sz.002384,2021-11-05,2021-11-12,0.10107421875,2025-12-15 20:03:19.469786
sz.002384,2021-11-08,2021-11-15,0.1517333984375,2025-12-15 20:03:19.469786
sz.002384,2021-11-09,2021-11-16,0.181396484375,2025-12-15 20:03:19.469786
sz.002384,2021-11-10,2021-11-17,0.1339111328125,2025-12-15 20:03:19.469786
sz.002384,2021-11-11,2021-11-18,0.151123046875,2025-12-15 20:03:19.469786
sz.002384,2021-11-12,2021-11-19,0.125244140625,2025-12-15 20:03:19.469786
sz.002384,2021-11-15,2021-11-22,0.1439208984375,2025-12-15 20:03:19.469786
sz.002384,2021-11-16,2021-11-23,0.1328125,2025-12-15 20:03:19.469786
sz.002384,2021-11-17,2021-11-24,0.19580078125,2025-12-15 20:03:19.469786
sz.002384,2021-11-18,2021-11-25,0.12939453125,2025-12-15 20:03:19.469786
sz.002384,2021-11-19,2021-11-26,0.12054443359375,2025-12-15 20:03:19.469786
sz.002384,2021-11-22,2021-11-29,0.22119140625,2025-12-15 20:03:19.469786
sz.002384,2021-11-23,2021-11-30,0.1767578125,2025-12-15 20:03:19.469786
sz.002384,2021-11-24,2021-12-01,0.1702880859375,2025-12-15 20:03:19.469786
sz.002384,2021-11-25,2021-12-02,0.1756591796875,2025-12-15 20:03:19.469786
sz.002384,2021-11-26,2021-12-03,0.1356201171875,2025-12-15 20:03:19.469786
sz.002384,2021-11-29,2021-12-06,0.169921875,2025-12-15 20:03:19.469786
sz.002384,2021-11-30,2021-12-07,0.1649169921875,2025-12-15 20:03:19.469786
sz.002384,2021-12-01,2021-12-08,0.1749267578125,2025-12-15 20:03:19.469786
sz.002384,2021-12-02,2021-12-09,0.1436767578125,2025-12-15 20:03:19.469786
sz.002384,2021-12-03,2021-12-10,0.14990234375,2025-12-15 20:03:19.469786
sz.002384,2021-12-06,2021-12-13,0.147705078125,2025-12-15 20:03:19.469786
sz.002384,2021-12-07,2021-12-14,0.090576171875,2025-12-15 20:03:19.469786
sz.002384,2021-12-08,2021-12-15,0.12139892578125,2025-12-15 20:03:19.469786
sz.002384,2021-12-09,2021-12-16,0.193359375,2025-12-15 20:03:19.469786
sz.002384,2021-12-10,2021-12-17,0.234375,2025-12-15 20:03:19.469786
sz.002384,2021-12-13,2021-12-20,0.218505859375,2025-12-15 20:03:19.469786
sz.002384,2021-12-14,2021-12-21,0.2432861328125,2025-12-15 20:03:19.469786
sz.002384,2021-12-15,2021-12-22,0.1473388671875,2025-12-15 20:03:19.469786
sz.002384,2021-12-16,2021-12-23,0.1617431640625,2025-12-15 20:03:19.469786
sz.002384,2021-12-17,2021-12-24,0.162353515625,2025-12-15 20:03:19.469786
sz.002384,2021-12-20,2021-12-27,0.1689453125,2025-12-15 20:03:19.469786
sz.002384,2021-12-21,2021-12-28,0.158935546875,2025-12-15 20:03:19.469786
sz.002384,2021-12-22,2021-12-29,0.178955078125,2025-12-15 20:03:19.469786
sz.002384,2021-12-23,2021-12-30,0.1619873046875,2025-12-15 20:03:19.469786
sz.002384,2021-12-24,2021-12-31,0.2099609375,2025-12-15 20:03:19.469786
sz.002384,2021-12-27,2022-01-03,0.153564453125,2025-12-15 20:03:19.469786
sz.002384,2021-12-28,2022-01-04,0.161376953125,2025-12-15 20:03:19.469786
sz.002384,2021-12-29,2022-01-05,0.171142578125,2025-12-15 20:03:19.469786
sz.002384,2021-12-30,2022-01-06,0.321044921875,2025-12-15 20:03:19.469786
sz.002384,2021-12-31,2022-01-07,0.261962890625,2025-12-15 20:03:19.469786
sz.002384,2022-01-04,2022-01-11,0.2420654296875,2025-12-15 20:03:19.469786
sz.002384,2022-01-05,2022-01-12,0.11163330078125,2025-12-15 20:03:19.469786
sz.002384,2022-01-06,2022-01-13,0.1746826171875,2025-12-15 20:03:19.469786
sz.002384,2022-01-07,2022-01-14,0.1826171875,2025-12-15 20:03:19.469786
sz.002384,2022-01-10,2022-01-17,0.1781005859375,2025-12-15 20:03:19.469786
sz.002384,2022-01-11,2022-01-18,0.1558837890625,2025-12-15 20:03:19.469786
sz.002384,2022-01-12,2022-01-19,0.323486328125,2025-12-15 20:03:19.469786
sz.002384,2022-01-13,2022-01-20,0.184326171875,2025-12-15 20:03:19.469786
sz.002384,2022-01-14,2022-01-21,0.1998291015625,2025-12-15 20:03:19.469786
sz.002384,2022-01-17,2022-01-24,0.1912841796875,2025-12-15 20:03:19.469786
sz.002384,2022-01-18,2022-01-25,0.150634765625,2025-12-15 20:03:19.469786
sz.002384,2022-01-19,2022-01-26,0.151123046875,2025-12-15 20:03:19.469786
sz.002384,2022-01-20,2022-01-27,0.2220458984375,2025-12-15 20:03:19.469786
sz.002384,2022-01-21,2022-01-28,0.139892578125,2025-12-15 20:03:19.469786
sz.002384,2022-01-24,2022-01-31,0.1312255859375,2025-12-15 20:03:19.469786
sz.002384,2022-01-25,2022-02-01,0.1429443359375,2025-12-15 20:03:19.469786
sz.002384,2022-01-26,2022-02-02,0.160400390625,2025-12-15 20:03:19.469786
sz.002384,2022-01-27,2022-02-03,0.1441650390625,2025-12-15 20:03:19.469786
sz.002384,2022-01-28,2022-02-04,0.12890625,2025-12-15 20:03:19.469786
sz.002384,2022-02-07,2022-02-14,0.1341552734375,2025-12-15 20:03:19.469786
sz.002384,2022-02-08,2022-02-15,0.146484375,2025-12-15 20:03:19.469786
sz.002384,2022-02-09,2022-02-16,0.2115478515625,2025-12-15 20:03:19.469786
sz.002384,2022-02-10,2022-02-17,0.1474609375,2025-12-15 20:03:19.469786
sz.002384,2022-02-11,2022-02-18,0.1531982421875,2025-12-15 20:03:19.469786
sz.002384,2022-02-14,2022-02-21,0.10687255859375,2025-12-15 20:03:19.469786
sz.002384,2022-02-15,2022-02-22,0.26708984375,2025-12-15 20:03:19.469786
sz.002384,2022-02-16,2022-02-23,0.1607666015625,2025-12-15 20:03:19.469786
sz.002384,2022-02-17,2022-02-24,0.2276611328125,2025-12-15 20:03:19.469786
sz.002384,2022-02-18,2022-02-25,0.1748046875,2025-12-15 20:03:19.469786
sz.002384,2022-02-21,2022-02-28,0.1351318359375,2025-12-15 20:03:19.469786
sz.002384,2022-02-22,2022-03-01,0.168701171875,2025-12-15 20:03:19.469786
sz.002384,2022-02-23,2022-03-02,0.260498046875,2025-12-15 20:03:19.469786
sz.002384,2022-02-24,2022-03-03,0.146240234375,2025-12-15 20:03:19.469786
sz.002384,2022-02-25,2022-03-04,0.1376953125,2025-12-15 20:03:19.469786
sz.002384,2022-02-28,2022-03-07,0.171875,2025-12-15 20:03:19.469786
sz.002384,2022-03-01,2022-03-08,0.15966796875,2025-12-15 20:03:19.469786
sz.002384,2022-03-02,2022-03-09,0.143310546875,2025-12-15 20:03:19.469786
sz.002384,2022-03-03,2022-03-10,0.1402587890625,2025-12-15 20:03:19.469786
sz.002384,2022-03-04,2022-03-11,0.189697265625,2025-12-15 20:03:19.469786
sz.002384,2022-03-07,2022-03-14,0.1318359375,2025-12-15 20:03:19.469786
sz.002384,2022-03-08,2022-03-15,0.128662109375,2025-12-15 20:03:19.469786
sz.002384,2022-03-09,2022-03-16,0.11676025390625,2025-12-15 20:03:19.469786
sz.002384,2022-03-10,2022-03-17,0.1337890625,2025-12-15 20:03:19.469786
sz.002384,2022-03-11,2022-03-18,0.1279296875,2025-12-15 20:03:19.469786
sz.002384,2022-03-14,2022-03-21,0.12347412109375,2025-12-15 20:03:19.469786
sz.002384,2022-03-15,2022-03-22,0.1326904296875,2025-12-15 20:03:19.469786
sz.002384,2022-03-16,2022-03-23,0.1268310546875,2025-12-15 20:03:19.469786
sz.002384,2022-03-17,2022-03-24,0.459228515625,2025-12-15 20:03:19.469786
sz.002384,2022-03-18,2022-03-25,0.115966796875,2025-12-15 20:03:19.469786
sz.002384,2022-03-21,2022-03-28,0.10467529296875,2025-12-15 20:03:19.469786
sz.002384,2022-03-22,2022-03-29,0.1451416015625,2025-12-15 20:03:19.469786
sz.002384,2022-03-23,2022-03-30,0.1063232421875,2025-12-15 20:03:19.469786
sz.002384,2022-03-24,2022-03-31,0.163330078125,2025-12-15 20:03:19.469786
sz.002384,2022-03-25,2022-04-01,0.1422119140625,2025-12-15 20:03:19.469786
sz.002384,2022-03-28,2022-04-04,0.11181640625,2025-12-15 20:03:19.469786
sz.002384,2022-03-29,2022-04-05,0.1326904296875,2025-12-15 20:03:19.469786
sz.002384,2022-03-30,2022-04-06,0.0982666015625,2025-12-15 20:03:19.469786
sz.002384,2022-03-31,2022-04-07,0.14306640625,2025-12-15 20:03:19.469786
sz.002384,2022-04-01,2022-04-08,0.142822265625,2025-12-15 20:03:19.469786
sz.002384,2022-04-06,2022-04-13,0.1534423828125,2025-12-15 20:03:19.469786
sz.002384,2022-04-07,2022-04-14,0.08880615234375,2025-12-15 20:03:19.469786
sz.002384,2022-04-08,2022-04-15,0.146728515625,2025-12-15 20:03:19.469786
sz.002384,2022-04-11,2022-04-18,0.14111328125,2025-12-15 20:03:19.469786
sz.002384,2022-04-12,2022-04-19,0.1876220703125,2025-12-15 20:03:19.469786
sz.002384,2022-04-13,2022-04-20,0.199951171875,2025-12-15 20:03:19.469786
sz.002384,2022-04-14,2022-04-21,0.216796875,2025-12-15 20:03:19.469786
sz.002384,2022-04-15,2022-04-22,0.1700439453125,2025-12-15 20:03:19.469786
sz.002384,2022-04-18,2022-04-25,0.13037109375,2025-12-15 20:03:19.469786
sz.002384,2022-04-19,2022-04-26,0.1583251953125,2025-12-15 20:03:19.469786
sz.002384,2022-04-20,2022-04-27,0.1500244140625,2025-12-15 20:03:19.469786
sz.002384,2022-04-21,2022-04-28,0.12115478515625,2025-12-15 20:03:19.469786
sz.002384,2022-04-22,2022-04-29,0.151123046875,2025-12-15 20:03:19.469786
sz.002384,2022-04-25,2022-05-02,0.193359375,2025-12-15 20:03:19.469786
sz.002384,2022-04-26,2022-05-03,0.314453125,2025-12-15 20:03:19.469786
sz.002384,2022-04-27,2022-05-04,0.35986328125,2025-12-15 20:03:19.469786
sz.002384,2022-04-28,2022-05-05,0.256103515625,2025-12-15 20:03:19.469786
sz.002384,2022-04-29,2022-05-06,0.2386474609375,2025-12-15 20:03:19.469786
sz.002384,2022-05-05,2022-05-12,0.2235107421875,2025-12-15 20:03:19.469786
sz.002384,2022-05-06,2022-05-13,0.368896484375,2025-12-15 20:03:19.469786
sz.002384,2022-05-09,2022-05-16,0.284423828125,2025-12-15 20:03:19.469786
sz.002384,2022-05-10,2022-05-17,0.2078857421875,2025-12-15 20:03:19.469786
sz.002384,2022-05-11,2022-05-18,0.093017578125,2025-12-15 20:03:19.469786
sz.002384,2022-05-12,2022-05-19,0.189697265625,2025-12-15 20:03:19.469786
sz.002384,2022-05-13,2022-05-20,0.1815185546875,2025-12-15 20:03:19.469786
sz.002384,2022-05-16,2022-05-23,0.178955078125,2025-12-15 20:03:19.469786
sz.002384,2022-05-17,2022-05-24,0.229736328125,2025-12-15 20:03:19.469786
sz.002384,2022-05-18,2022-05-25,0.249755859375,2025-12-15 20:03:19.469786
sz.002384,2022-05-19,2022-05-26,0.412353515625,2025-12-15 20:03:19.469786
sz.002384,2022-05-20,2022-05-27,0.343505859375,2025-12-15 20:03:19.469786
sz.002384,2022-05-23,2022-05-30,0.2239990234375,2025-12-15 20:03:19.469786
sz.002384,2022-05-24,2022-05-31,0.14306640625,2025-12-15 20:03:19.469786
sz.002384,2022-05-25,2022-06-01,0.17919921875,2025-12-15 20:03:19.469786
sz.002384,2022-05-26,2022-06-02,0.103759765625,2025-12-15 20:03:19.469786
sz.002384,2022-05-27,2022-06-03,0.171630859375,2025-12-15 20:03:19.469786
sz.002384,2022-05-30,2022-06-06,0.20751953125,2025-12-15 20:03:19.469786
sz.002384,2022-05-31,2022-06-07,0.339599609375,2025-12-15 20:03:19.469786
sz.002384,2022-06-01,2022-06-08,0.133056640625,2025-12-15 20:03:19.469786
sz.002384,2022-06-02,2022-06-09,0.097900390625,2025-12-15 20:03:19.469786
sz.002384,2022-06-06,2022-06-13,0.09124755859375,2025-12-15 20:03:19.469786
sz.002384,2022-06-07,2022-06-14,0.1322021484375,2025-12-15 20:03:19.469786
sz.002384,2022-06-08,2022-06-15,0.15283203125,2025-12-15 20:03:19.469786
sz.002384,2022-06-09,2022-06-16,0.1346435546875,2025-12-15 20:03:19.469786
sz.002384,2022-06-10,2022-06-17,0.12274169921875,2025-12-15 20:03:19.469786
sz.002384,2022-06-13,2022-06-20,0.1812744140625,2025-12-15 20:03:19.469786
sz.002384,2022-06-14,2022-06-21,0.1427001953125,2025-12-15 20:03:19.469786
sz.002384,2022-06-15,2022-06-22,0.109130859375,2025-12-15 20:03:19.469786
sz.002384,2022-06-16,2022-06-23,0.438720703125,2025-12-15 20:03:19.469786
sz.002384,2022-06-17,2022-06-24,0.1319580078125,2025-12-15 20:03:19.469786
sz.002384,2022-06-20,2022-06-27,0.476318359375,2025-12-15 20:03:19.469786
sz.002384,2022-06-21,2022-06-28,0.10430908203125,2025-12-15 20:03:19.469786
sz.002384,2022-06-22,2022-06-29,0.1326904296875,2025-12-15 20:03:19.469786
sz.002384,2022-06-23,2022-06-30,0.1705322265625,2025-12-15 20:03:19.469786
sz.002384,2022-06-24,2022-07-01,0.392333984375,2025-12-15 20:03:19.469786
sz.002384,2022-06-27,2022-07-04,0.1591796875,2025-12-15 20:03:19.469786
sz.002384,2022-06-28,2022-07-05,0.1414794921875,2025-12-15 20:03:19.469786
sz.002384,2022-06-29,2022-07-06,0.134521484375,2025-12-15 20:03:19.469786
sz.002384,2022-06-30,2022-07-07,0.2215576171875,2025-12-15 20:03:19.469786
sz.002384,2022-07-01,2022-07-08,0.1507568359375,2025-12-15 20:03:19.469786
sz.002384,2022-07-04,2022-07-11,0.1536865234375,2025-12-15 20:03:19.469786
sz.002384,2022-07-05,2022-07-12,0.140869140625,2025-12-15 20:03:19.469786
sz.002384,2022-07-06,2022-07-13,0.19873046875,2025-12-15 20:03:19.469786
sz.002384,2022-07-07,2022-07-14,0.1788330078125,2025-12-15 20:03:19.469786
sz.002384,2022-07-08,2022-07-15,0.137939453125,2025-12-15 20:03:19.469786
sz.002384,2022-07-11,2022-07-18,0.131103515625,2025-12-15 20:03:19.469786
sz.002384,2022-07-12,2022-07-19,0.1292724609375,2025-12-15 20:03:19.469786
sz.002384,2022-07-13,2022-07-20,0.1468505859375,2025-12-15 20:03:19.469786
sz.002384,2022-07-14,2022-07-21,0.175537109375,2025-12-15 20:03:19.469786
sz.002384,2022-07-15,2022-07-22,0.13134765625,2025-12-15 20:03:19.469786
sz.002384,2022-07-18,2022-07-25,0.12493896484375,2025-12-15 20:03:19.469786
sz.002384,2022-07-19,2022-07-26,0.1583251953125,2025-12-15 20:03:19.469786
sz.002384,2022-07-20,2022-07-27,0.34375,2025-12-15 20:03:19.469786
sz.002384,2022-07-21,2022-07-28,0.1380615234375,2025-12-15 20:03:19.469786
sz.002384,2022-07-22,2022-07-29,0.1553955078125,2025-12-15 20:03:19.469786
sz.002384,2022-07-25,2022-08-01,0.14111328125,2025-12-15 20:03:19.469786
sz.002384,2022-07-26,2022-08-02,0.1810302734375,2025-12-15 20:03:19.469786
sz.002384,2022-07-27,2022-08-03,0.1636962890625,2025-12-15 20:03:19.469786
sz.002384,2022-07-28,2022-08-04,0.30859375,2025-12-15 20:03:19.469786
sz.002384,2022-07-29,2022-08-05,0.1915283203125,2025-12-15 20:03:19.469786
sz.002384,2022-08-01,2022-08-08,0.2305908203125,2025-12-15 20:03:19.469786
sz.002384,2022-08-02,2022-08-09,0.2218017578125,2025-12-15 20:03:19.469786
sz.002384,2022-08-03,2022-08-10,0.1500244140625,2025-12-15 20:03:19.469786
sz.002384,2022-08-04,2022-08-11,0.23876953125,2025-12-15 20:03:19.469786
sz.002384,2022-08-05,2022-08-12,0.1827392578125,2025-12-15 20:03:19.469786
sz.002384,2022-08-08,2022-08-15,0.2255859375,2025-12-15 20:03:19.469786
sz.002384,2022-08-09,2022-08-16,0.27490234375,2025-12-15 20:03:19.469786
sz.002384,2022-08-10,2022-08-17,0.2054443359375,2025-12-15 20:03:19.469786
sz.002384,2022-08-11,2022-08-18,0.263671875,2025-12-15 20:03:19.469786
sz.002384,2022-08-12,2022-08-19,0.1866455078125,2025-12-15 20:03:19.469786
sz.002384,2022-08-15,2022-08-22,0.2418212890625,2025-12-15 20:03:19.469786
sz.002384,2022-08-16,2022-08-23,0.1759033203125,2025-12-15 20:03:19.469786
sz.002384,2022-08-17,2022-08-24,0.2366943359375,2025-12-15 20:03:19.469786
sz.002384,2022-08-18,2022-08-25,0.265625,2025-12-15 20:03:19.469786
sz.002384,2022-08-19,2022-08-26,0.290283203125,2025-12-15 20:03:19.469786
sz.002384,2022-08-22,2022-08-29,0.20849609375,2025-12-15 20:03:19.469786
sz.002384,2022-08-23,2022-08-30,0.138427734375,2025-12-15 20:03:19.469786
sz.002384,2022-08-24,2022-08-31,0.1451416015625,2025-12-15 20:03:19.469786
sz.002384,2022-08-25,2022-09-01,0.126953125,2025-12-15 20:03:19.469786
sz.002384,2022-08-26,2022-09-02,0.11553955078125,2025-12-15 20:03:19.469786
sz.002384,2022-08-29,2022-09-05,0.0982666015625,2025-12-15 20:03:19.469786
sz.002384,2022-08-30,2022-09-06,0.1224365234375,2025-12-15 20:03:19.469786
sz.002384,2022-08-31,2022-09-07,0.11859130859375,2025-12-15 20:03:19.469786
sz.002384,2022-09-01,2022-09-08,0.10760498046875,2025-12-15 20:03:19.469786
sz.002384,2022-09-02,2022-09-09,0.1070556640625,2025-12-15 20:03:19.469786
sz.002384,2022-09-05,2022-09-12,0.10125732421875,2025-12-15 20:03:19.469786
sz.002384,2022-09-06,2022-09-13,0.11614990234375,2025-12-15 20:03:19.469786
sz.002384,2022-09-07,2022-09-14,0.1104736328125,2025-12-15 20:03:19.469786
sz.002384,2022-09-08,2022-09-15,0.1171875,2025-12-15 20:03:19.469786
sz.002384,2022-09-09,2022-09-16,0.1285400390625,2025-12-15 20:03:19.469786
sz.002384,2022-09-13,2022-09-20,0.10858154296875,2025-12-15 20:03:19.469786
sz.002384,2022-09-14,2022-09-21,0.106689453125,2025-12-15 20:03:19.469786
sz.002384,2022-09-15,2022-09-22,0.126220703125,2025-12-15 20:03:19.469786
sz.002384,2022-09-16,2022-09-23,0.12249755859375,2025-12-15 20:03:19.469786
sz.002384,2022-09-19,2022-09-26,0.0975341796875,2025-12-15 20:03:19.469786
sz.002384,2022-09-20,2022-09-27,0.08282470703125,2025-12-15 20:03:19.469786
sz.002384,2022-09-21,2022-09-28,0.1104736328125,2025-12-15 20:03:19.469786
sz.002384,2022-09-22,2022-09-29,0.12042236328125,2025-12-15 20:03:19.469786
sz.002384,2022-09-23,2022-09-30,0.11358642578125,2025-12-15 20:03:19.469786
sz.002384,2022-09-26,2022-10-03,0.07305908203125,2025-12-15 20:03:19.469786
sz.002384,2022-09-27,2022-10-04,0.0938720703125,2025-12-15 20:03:19.469786
sz.002384,2022-09-28,2022-10-05,0.1314697265625,2025-12-15 20:03:19.469786
sz.002384,2022-09-29,2022-10-06,0.1611328125,2025-12-15 20:03:19.469786
sz.002384,2022-09-30,2022-10-07,0.1680908203125,2025-12-15 20:03:19.469786
sz.002384,2022-10-10,2022-10-17,0.274658203125,2025-12-15 20:03:19.469786
sz.002384,2022-10-11,2022-10-18,0.387939453125,2025-12-15 20:03:19.469786
sz.002384,2022-10-12,2022-10-19,0.331787109375,2025-12-15 20:03:19.469786
sz.002384,2022-10-13,2022-10-20,0.1744384765625,2025-12-15 20:03:19.469786
sz.002384,2022-10-14,2022-10-21,0.291259765625,2025-12-15 20:03:19.469786
sz.002384,2022-10-17,2022-10-24,0.11163330078125,2025-12-15 20:03:19.469786
sz.002384,2022-10-18,2022-10-25,0.102294921875,2025-12-15 20:03:19.469786
sz.002384,2022-10-19,2022-10-26,0.12548828125,2025-12-15 20:03:19.469786
sz.002384,2022-10-20,2022-10-27,0.11297607421875,2025-12-15 20:03:19.469786
sz.002384,2022-10-21,2022-10-28,0.11737060546875,2025-12-15 20:03:19.469786
sz.002384,2022-10-24,2022-10-31,0.107421875,2025-12-15 20:03:19.469786
sz.002384,2022-10-25,2022-11-01,0.0784912109375,2025-12-15 20:03:19.469786
sz.002384,2022-10-26,2022-11-02,0.1007080078125,2025-12-15 20:03:19.469786
sz.002384,2022-10-27,2022-11-03,0.11358642578125,2025-12-15 20:03:19.469786
sz.002384,2022-10-28,2022-11-04,0.1280517578125,2025-12-15 20:03:19.469786
sz.002384,2022-10-31,2022-11-07,0.086181640625,2025-12-15 20:03:19.469786
sz.002384,2022-11-01,2022-11-08,0.08880615234375,2025-12-15 20:03:19.469786
sz.002384,2022-11-02,2022-11-09,0.10992431640625,2025-12-15 20:03:19.469786
sz.002384,2022-11-03,2022-11-10,0.295166015625,2025-12-15 20:03:19.469786
sz.002384,2022-11-04,2022-11-11,0.1346435546875,2025-12-15 20:03:19.469786
sz.002384,2022-11-07,2022-11-14,0.11279296875,2025-12-15 20:03:19.469786
sz.002384,2022-11-08,2022-11-15,0.1282958984375,2025-12-15 20:03:19.469786
sz.002384,2022-11-09,2022-11-16,0.11614990234375,2025-12-15 20:03:19.469786
sz.002384,2022-11-10,2022-11-17,0.1256103515625,2025-12-15 20:03:19.469786
sz.002384,2022-11-11,2022-11-18,0.1033935546875,2025-12-15 20:03:19.469786
sz.002384,2022-11-14,2022-11-21,0.09619140625,2025-12-15 20:03:19.469786
sz.002384,2022-11-15,2022-11-22,0.24560546875,2025-12-15 20:03:19.469786
sz.002384,2022-11-16,2022-11-23,0.1446533203125,2025-12-15 20:03:19.469786
sz.002384,2022-11-17,2022-11-24,0.1756591796875,2025-12-15 20:03:19.469786
sz.002384,2022-11-18,2022-11-25,0.1383056640625,2025-12-15 20:03:19.469786
sz.002384,2022-11-21,2022-11-28,0.1807861328125,2025-12-15 20:03:19.469786
sz.002384,2022-11-22,2022-11-29,0.10394287109375,2025-12-15 20:03:19.469786
sz.002384,2022-11-23,2022-11-30,0.14794921875,2025-12-15 20:03:19.469786
sz.002384,2022-11-24,2022-12-01,0.125732421875,2025-12-15 20:03:19.469786
sz.002384,2022-11-25,2022-12-02,0.1253662109375,2025-12-15 20:03:19.469786
sz.002384,2022-11-28,2022-12-05,0.08209228515625,2025-12-15 20:03:19.469786
sz.002384,2022-11-29,2022-12-06,0.09417724609375,2025-12-15 20:03:19.469786
sz.002384,2022-11-30,2022-12-07,0.11456298828125,2025-12-15 20:03:19.469786
sz.002384,2022-12-01,2022-12-08,0.07135009765625,2025-12-15 20:03:19.469786
sz.002384,2022-12-02,2022-12-09,0.11419677734375,2025-12-15 20:03:19.469786
sz.002384,2022-12-05,2022-12-12,0.12841796875,2025-12-15 20:03:19.469786
sz.002384,2022-12-06,2022-12-13,0.152587890625,2025-12-15 20:03:19.469786
sz.002384,2022-12-07,2022-12-14,0.09600830078125,2025-12-15 20:03:19.469786
sz.002384,2022-12-08,2022-12-15,0.1270751953125,2025-12-15 20:03:19.469786
sz.002384,2022-12-09,2022-12-16,0.13232421875,2025-12-15 20:03:19.469786
sz.002384,2022-12-12,2022-12-19,0.11474609375,2025-12-15 20:03:19.469786
sz.002384,2022-12-13,2022-12-20,0.1087646484375,2025-12-15 20:03:19.469786
sz.002384,2022-12-14,2022-12-21,0.116943359375,2025-12-15 20:03:19.469786
sz.002384,2022-12-15,2022-12-22,0.08880615234375,2025-12-15 20:03:19.469786
sz.002384,2022-12-16,2022-12-23,0.1363525390625,2025-12-15 20:03:19.469786
sz.002384,2022-12-19,2022-12-26,0.16650390625,2025-12-15 20:03:19.469786
sz.002384,2022-12-20,2022-12-27,0.1409912109375,2025-12-15 20:03:19.469786
sz.002384,2022-12-21,2022-12-28,0.146484375,2025-12-15 20:03:19.469786
sz.002384,2022-12-22,2022-12-29,0.1695556640625,2025-12-15 20:03:19.469786
sz.002384,2022-12-23,2022-12-30,0.22802734375,2025-12-15 20:03:19.469786
sz.002384,2022-12-26,2023-01-02,0.2410888671875,2025-12-15 20:03:19.469786
sz.002384,2022-12-27,2023-01-03,0.0794677734375,2025-12-15 20:03:19.469786
sz.002384,2022-12-28,2023-01-04,0.127685546875,2025-12-15 20:03:19.469786
sz.002384,2022-12-29,2023-01-05,0.1163330078125,2025-12-15 20:03:19.469786
sz.002384,2022-12-30,2023-01-06,0.105224609375,2025-12-15 20:03:19.469786
sz.002384,2023-01-03,2023-01-10,0.11029052734375,2025-12-15 20:03:19.469786
sz.002384,2023-01-04,2023-01-11,0.1605224609375,2025-12-15 20:03:19.469786
sz.002384,2023-01-05,2023-01-12,0.324462890625,2025-12-15 20:03:19.469786
sz.002384,2023-01-06,2023-01-13,0.2447509765625,2025-12-15 20:03:19.469786
sz.002384,2023-01-09,2023-01-16,0.163818359375,2025-12-15 20:03:19.469786
sz.002384,2023-01-10,2023-01-17,0.10797119140625,2025-12-15 20:03:19.469786
sz.002384,2023-01-11,2023-01-18,0.10357666015625,2025-12-15 20:03:19.469786
sz.002384,2023-01-12,2023-01-19,0.141845703125,2025-12-15 20:03:19.469786
sz.002384,2023-01-13,2023-01-20,0.13818359375,2025-12-15 20:03:19.469786
sz.002384,2023-01-16,2023-01-23,0.08050537109375,2025-12-15 20:03:19.469786
sz.002384,2023-01-17,2023-01-24,0.08880615234375,2025-12-15 20:03:19.469786
sz.002384,2023-01-18,2023-01-25,0.12432861328125,2025-12-15 20:03:19.469786
sz.002384,2023-01-19,2023-01-26,0.1201171875,2025-12-15 20:03:19.469786
sz.002384,2023-01-20,2023-01-27,0.11578369140625,2025-12-15 20:03:19.469786
sz.002384,2023-01-30,2023-02-06,0.206787109375,2025-12-15 20:03:19.469786
sz.002384,2023-01-31,2023-02-07,0.09552001953125,2025-12-15 20:03:19.469786
sz.002384,2023-02-01,2023-02-08,0.0994873046875,2025-12-15 20:03:19.469786
sz.002384,2023-02-02,2023-02-09,0.12445068359375,2025-12-15 20:03:19.469786
sz.002384,2023-02-03,2023-02-10,0.13916015625,2025-12-15 20:03:19.469786
sz.002384,2023-02-06,2023-02-13,0.156494140625,2025-12-15 20:03:19.469786
sz.002384,2023-02-07,2023-02-14,0.1351318359375,2025-12-15 20:03:19.469786
sz.002384,2023-02-08,2023-02-15,0.1329345703125,2025-12-15 20:03:19.469786
sz.002384,2023-02-09,2023-02-16,0.1761474609375,2025-12-15 20:03:19.469786
sz.002384,2023-02-10,2023-02-17,0.2047119140625,2025-12-15 20:03:19.469786
sz.002384,2023-02-13,2023-02-20,0.19775390625,2025-12-15 20:03:19.469786
sz.002384,2023-02-14,2023-02-21,0.1746826171875,2025-12-15 20:03:19.469786
sz.002384,2023-02-15,2023-02-22,0.282470703125,2025-12-15 20:03:19.469786
sz.002384,2023-02-16,2023-02-23,0.1744384765625,2025-12-15 20:03:19.469786
sz.002384,2023-02-17,2023-02-24,0.139892578125,2025-12-15 20:03:19.469786
sz.002384,2023-02-20,2023-02-27,0.205322265625,2025-12-15 20:03:19.469786
sz.002384,2023-02-21,2023-02-28,0.155029296875,2025-12-15 20:03:19.469786
sz.002384,2023-02-22,2023-03-01,0.253662109375,2025-12-15 20:03:19.469786
sz.002384,2023-02-23,2023-03-02,0.172607421875,2025-12-15 20:03:19.469786
sz.002384,2023-02-24,2023-03-03,0.173828125,2025-12-15 20:03:19.469786
sz.002384,2023-02-27,2023-03-06,0.216064453125,2025-12-15 20:03:19.469786
sz.002384,2023-02-28,2023-03-07,0.135498046875,2025-12-15 20:03:19.469786
sz.002384,2023-03-01,2023-03-08,0.1312255859375,2025-12-15 20:03:19.469786
sz.002384,2023-03-02,2023-03-09,0.1439208984375,2025-12-15 20:03:19.469786
sz.002384,2023-03-03,2023-03-10,0.14306640625,2025-12-15 20:03:19.469786
sz.002384,2023-03-06,2023-03-13,0.1937255859375,2025-12-15 20:03:19.469786
sz.002384,2023-03-07,2023-03-14,0.1583251953125,2025-12-15 20:03:19.469786
sz.002384,2023-03-08,2023-03-15,0.1815185546875,2025-12-15 20:03:19.469786
sz.002384,2023-03-09,2023-03-16,0.2294921875,2025-12-15 20:03:19.469786
sz.002384,2023-03-10,2023-03-17,0.21337890625,2025-12-15 20:03:19.469786
sz.002384,2023-03-13,2023-03-20,0.2386474609375,2025-12-15 20:03:19.469786
sz.002384,2023-03-14,2023-03-21,0.1903076171875,2025-12-15 20:03:19.469786
sz.002384,2023-03-15,2023-03-22,0.12139892578125,2025-12-15 20:03:19.469786
sz.002384,2023-03-16,2023-03-23,0.1461181640625,2025-12-15 20:03:19.469786
sz.002384,2023-03-17,2023-03-24,0.149169921875,2025-12-15 20:03:19.469786
sz.002384,2023-03-20,2023-03-27,0.1337890625,2025-12-15 20:03:19.469786
sz.002384,2023-03-21,2023-03-28,0.143798828125,2025-12-15 20:03:19.469786
sz.002384,2023-03-22,2023-03-29,0.2288818359375,2025-12-15 20:03:19.469786
sz.002384,2023-03-23,2023-03-30,0.24365234375,2025-12-15 20:03:19.469786
sz.002384,2023-03-24,2023-03-31,0.1959228515625,2025-12-15 20:03:19.469786
sz.002384,2023-03-27,2023-04-03,0.173828125,2025-12-15 20:03:19.469786
sz.002384,2023-03-28,2023-04-04,0.1585693359375,2025-12-15 20:03:19.469786
sz.002384,2023-03-29,2023-04-05,0.2447509765625,2025-12-15 20:03:19.469786
sz.002384,2023-03-30,2023-04-06,0.2393798828125,2025-12-15 20:03:19.469786
sz.002384,2023-03-31,2023-04-07,0.275390625,2025-12-15 20:03:19.469786
sz.002384,2023-04-03,2023-04-10,0.142333984375,2025-12-15 20:03:19.469786
sz.002384,2023-04-04,2023-04-11,0.2083740234375,2025-12-15 20:03:19.469786
sz.002384,2023-04-06,2023-04-13,0.220458984375,2025-12-15 20:03:19.469786
sz.002384,2023-04-07,2023-04-14,0.259521484375,2025-12-15 20:03:19.469786
sz.002384,2023-04-10,2023-04-17,0.1507568359375,2025-12-15 20:03:19.469786
sz.002384,2023-04-11,2023-04-18,0.172119140625,2025-12-15 20:03:19.469786
sz.002384,2023-04-12,2023-04-19,0.13427734375,2025-12-15 20:03:19.469786
sz.002384,2023-04-13,2023-04-20,0.1544189453125,2025-12-15 20:03:19.469786
sz.002384,2023-04-14,2023-04-21,0.1971435546875,2025-12-15 20:03:19.469786
sz.002384,2023-04-17,2023-04-24,0.192138671875,2025-12-15 20:03:19.469786
sz.002384,2023-04-18,2023-04-25,0.1680908203125,2025-12-15 20:03:19.469786
sz.002384,2023-04-19,2023-04-26,0.1490478515625,2025-12-15 20:03:19.469786
sz.002384,2023-04-20,2023-04-27,0.1617431640625,2025-12-15 20:03:19.469786
sz.002384,2023-04-21,2023-04-28,0.135498046875,2025-12-15 20:03:19.469786
sz.002384,2023-04-24,2023-05-01,0.133056640625,2025-12-15 20:03:19.469786
sz.002384,2023-04-25,2023-05-02,0.13232421875,2025-12-15 20:03:19.469786
sz.002384,2023-04-26,2023-05-03,0.10650634765625,2025-12-15 20:03:19.469786
sz.002384,2023-04-27,2023-05-04,0.1124267578125,2025-12-15 20:03:19.469786
sz.002384,2023-04-28,2023-05-05,0.08929443359375,2025-12-15 20:03:19.469786
sz.002384,2023-05-04,2023-05-11,0.13671875,2025-12-15 20:03:19.469786
sz.002384,2023-05-05,2023-05-12,0.135498046875,2025-12-15 20:03:19.469786
sz.002384,2023-05-08,2023-05-15,0.13037109375,2025-12-15 20:03:19.469786
sz.002384,2023-05-09,2023-05-16,0.11163330078125,2025-12-15 20:03:19.469786
sz.002384,2023-05-10,2023-05-17,0.09722900390625,2025-12-15 20:03:19.469786
sz.002384,2023-05-11,2023-05-18,0.11962890625,2025-12-15 20:03:19.469786
sz.002384,2023-05-12,2023-05-19,0.1513671875,2025-12-15 20:03:19.469786
sz.002384,2023-05-15,2023-05-22,0.1282958984375,2025-12-15 20:03:19.469786
sz.002384,2023-05-16,2023-05-23,0.09808349609375,2025-12-15 20:03:19.469786
sz.002384,2023-05-17,2023-05-24,0.260498046875,2025-12-15 20:03:19.469786
sz.002384,2023-05-18,2023-05-25,0.1380615234375,2025-12-15 20:03:19.469786
sz.002384,2023-05-19,2023-05-26,0.15283203125,2025-12-15 20:03:19.469786
sz.002384,2023-05-22,2023-05-29,0.163818359375,2025-12-15 20:03:19.469786
sz.002384,2023-05-23,2023-05-30,0.1199951171875,2025-12-15 20:03:19.469786
sz.002384,2023-05-24,2023-05-31,0.1517333984375,2025-12-15 20:03:19.469786
sz.002384,2023-05-25,2023-06-01,0.1114501953125,2025-12-15 20:03:19.469786
sz.002384,2023-05-26,2023-06-02,0.148681640625,2025-12-15 20:03:19.469786
sz.002384,2023-05-29,2023-06-05,0.131103515625,2025-12-15 20:03:19.469786
sz.002384,2023-05-30,2023-06-06,0.303466796875,2025-12-15 20:03:19.469786
sz.002384,2023-05-31,2023-06-07,0.10467529296875,2025-12-15 20:03:19.469786
sz.002384,2023-06-01,2023-06-08,0.12493896484375,2025-12-15 20:03:19.469786
sz.002384,2023-06-02,2023-06-09,0.1456298828125,2025-12-15 20:03:19.469786
sz.002384,2023-06-05,2023-06-12,0.13134765625,2025-12-15 20:03:19.469786
sz.002384,2023-06-06,2023-06-13,0.134765625,2025-12-15 20:03:19.469786
sz.002384,2023-06-07,2023-06-14,0.11859130859375,2025-12-15 20:03:19.469786
sz.002384,2023-06-08,2023-06-15,0.1331787109375,2025-12-15 20:03:19.469786
sz.002384,2023-06-09,2023-06-16,0.0970458984375,2025-12-15 20:03:19.469786
sz.002384,2023-06-12,2023-06-19,0.2626953125,2025-12-15 20:03:19.469786
sz.002384,2023-06-13,2023-06-20,0.174072265625,2025-12-15 20:03:19.469786
sz.002384,2023-06-14,2023-06-21,0.1461181640625,2025-12-15 20:03:19.469786
sz.002384,2023-06-15,2023-06-22,0.102294921875,2025-12-15 20:03:19.469786
sz.002384,2023-06-16,2023-06-23,0.21533203125,2025-12-15 20:03:19.469786
sz.002384,2023-06-19,2023-06-26,0.172119140625,2025-12-15 20:03:19.469786
sz.002384,2023-06-20,2023-06-27,0.12127685546875,2025-12-15 20:03:19.469786
sz.002384,2023-06-21,2023-06-28,0.1358642578125,2025-12-15 20:03:19.469786
sz.002384,2023-06-26,2023-07-03,0.1163330078125,2025-12-15 20:03:19.469786
sz.002384,2023-06-27,2023-07-04,0.1356201171875,2025-12-15 20:03:19.469786
sz.002384,2023-06-28,2023-07-05,0.138671875,2025-12-15 20:03:19.469786
sz.002384,2023-06-29,2023-07-06,0.10797119140625,2025-12-15 20:03:19.469786
sz.002384,2023-06-30,2023-07-07,0.1512451171875,2025-12-15 20:03:19.469786
sz.002384,2023-07-03,2023-07-10,0.1063232421875,2025-12-15 20:03:19.469786
sz.002384,2023-07-04,2023-07-11,0.1131591796875,2025-12-15 20:03:19.469786
sz.002384,2023-07-05,2023-07-12,0.14501953125,2025-12-15 20:03:19.469786
sz.002384,2023-07-06,2023-07-13,0.1239013671875,2025-12-15 20:03:19.469786
sz.002384,2023-07-07,2023-07-14,0.1435546875,2025-12-15 20:03:19.469786
sz.002384,2023-07-10,2023-07-17,0.140869140625,2025-12-15 20:03:19.469786
sz.002384,2023-07-11,2023-07-18,0.1630859375,2025-12-15 20:03:19.469786
sz.002384,2023-07-12,2023-07-19,0.1431884765625,2025-12-15 20:03:19.469786
sz.002384,2023-07-13,2023-07-20,0.1507568359375,2025-12-15 20:03:19.469786
sz.002384,2023-07-14,2023-07-21,0.1412353515625,2025-12-15 20:03:19.469786
sz.002384,2023-07-17,2023-07-24,0.132568359375,2025-12-15 20:03:19.469786
sz.002384,2023-07-18,2023-07-25,0.07977294921875,2025-12-15 20:03:19.469786
sz.002384,2023-07-19,2023-07-26,0.1336669921875,2025-12-15 20:03:19.469786
sz.002384,2023-07-20,2023-07-27,0.1341552734375,2025-12-15 20:03:19.469786
sz.002384,2023-07-21,2023-07-28,0.13671875,2025-12-15 20:03:19.469786
sz.002384,2023-07-24,2023-07-31,0.145751953125,2025-12-15 20:03:19.469786
sz.002384,2023-07-25,2023-08-01,0.0867919921875,2025-12-15 20:03:19.469786
sz.002384,2023-07-26,2023-08-02,0.1063232421875,2025-12-15 20:03:19.469786
sz.002384,2023-07-27,2023-08-03,0.11065673828125,2025-12-15 20:03:19.469786
sz.002384,2023-07-28,2023-08-04,0.1287841796875,2025-12-15 20:03:19.469786
sz.002384,2023-07-31,2023-08-07,0.1328125,2025-12-15 20:03:19.469786
sz.002384,2023-08-01,2023-08-08,0.10394287109375,2025-12-15 20:03:19.469786
sz.002384,2023-08-02,2023-08-09,0.12103271484375,2025-12-15 20:03:19.469786
sz.002384,2023-08-03,2023-08-10,0.13134765625,2025-12-15 20:03:19.469786
sz.002384,2023-08-04,2023-08-11,0.10968017578125,2025-12-15 20:03:19.469786
sz.002384,2023-08-07,2023-08-14,0.177001953125,2025-12-15 20:03:19.469786
sz.002384,2023-08-08,2023-08-15,0.114990234375,2025-12-15 20:03:19.469786
sz.002384,2023-08-09,2023-08-16,0.1461181640625,2025-12-15 20:03:19.469786
sz.002384,2023-08-10,2023-08-17,0.1473388671875,2025-12-15 20:03:19.469786
sz.002384,2023-08-11,2023-08-18,0.136962890625,2025-12-15 20:03:19.469786
sz.002384,2023-08-14,2023-08-21,0.267578125,2025-12-15 20:03:19.469786
sz.002384,2023-08-15,2023-08-22,0.2481689453125,2025-12-15 20:03:19.469786
sz.002384,2023-08-16,2023-08-23,0.2822265625,2025-12-15 20:03:19.469786
sz.002384,2023-08-17,2023-08-24,0.43603515625,2025-12-15 20:03:19.469786
sz.002384,2023-08-18,2023-08-25,0.37353515625,2025-12-15 20:03:19.469786
sz.002384,2023-08-21,2023-08-28,0.5087890625,2025-12-15 20:03:19.469786
sz.002384,2023-08-22,2023-08-29,0.422607421875,2025-12-15 20:03:19.469786
sz.002384,2023-08-23,2023-08-30,0.396728515625,2025-12-15 20:03:19.469786
sz.002384,2023-08-24,2023-08-31,0.51953125,2025-12-15 20:03:19.469786
sz.002384,2023-08-25,2023-09-01,0.493896484375,2025-12-15 20:03:19.469786
sz.002384,2023-08-28,2023-09-04,0.37451171875,2025-12-15 20:03:19.469786
sz.002384,2023-08-29,2023-09-05,0.484130859375,2025-12-15 20:03:19.469786
sz.002384,2023-08-30,2023-09-06,0.48095703125,2025-12-15 20:03:19.469786
sz.002384,2023-08-31,2023-09-07,0.4658203125,2025-12-15 20:03:19.469786
sz.002384,2023-09-01,2023-09-08,0.50244140625,2025-12-15 20:03:19.469786
sz.002384,2023-09-04,2023-09-11,0.484375,2025-12-15 20:03:19.469786
sz.002384,2023-09-05,2023-09-12,0.458251953125,2025-12-15 20:03:19.469786
sz.002384,2023-09-06,2023-09-13,0.51513671875,2025-12-15 20:03:19.469786
sz.002384,2023-09-07,2023-09-14,0.400634765625,2025-12-15 20:03:19.469786
sz.002384,2023-09-08,2023-09-15,0.50634765625,2025-12-15 20:03:19.469786
sz.002384,2023-09-11,2023-09-18,0.1495361328125,2025-12-15 20:03:19.469786
sz.002384,2023-09-12,2023-09-19,0.2149658203125,2025-12-15 20:03:19.469786
sz.002384,2023-09-13,2023-09-20,0.146728515625,2025-12-15 20:03:19.469786
sz.002384,2023-09-14,2023-09-21,0.168701171875,2025-12-15 20:03:19.469786
sz.002384,2023-09-15,2023-09-22,0.1510009765625,2025-12-15 20:03:19.469786
sz.002384,2023-09-18,2023-09-25,0.100341796875,2025-12-15 20:03:19.469786
sz.002384,2023-09-19,2023-09-26,0.15771484375,2025-12-15 20:03:19.469786
sz.002384,2023-09-20,2023-09-27,0.145263671875,2025-12-15 20:03:19.469786
sz.002384,2023-09-21,2023-09-28,0.1455078125,2025-12-15 20:03:19.469786
sz.002384,2023-09-22,2023-09-29,0.31689453125,2025-12-15 20:03:19.469786
sz.002384,2023-09-25,2023-10-02,0.144775390625,2025-12-15 20:03:19.469786
sz.002384,2023-09-26,2023-10-03,0.146484375,2025-12-15 20:03:19.469786
sz.002384,2023-09-27,2023-10-04,0.1337890625,2025-12-15 20:03:19.469786
sz.002384,2023-09-28,2023-10-05,0.197021484375,2025-12-15 20:03:19.469786
sz.002384,2023-10-09,2023-10-16,0.1309814453125,2025-12-15 20:03:19.469786
sz.002384,2023-10-10,2023-10-17,0.1973876953125,2025-12-15 20:03:19.469786
sz.002384,2023-10-11,2023-10-18,0.116943359375,2025-12-15 20:03:19.469786
sz.002384,2023-10-12,2023-10-19,0.184814453125,2025-12-15 20:03:19.469786
sz.002384,2023-10-13,2023-10-20,0.1787109375,2025-12-15 20:03:19.469786
sz.002384,2023-10-16,2023-10-23,0.1435546875,2025-12-15 20:03:19.469786
sz.002384,2023-10-17,2023-10-24,0.14697265625,2025-12-15 20:03:19.469786
sz.002384,2023-10-18,2023-10-25,0.1536865234375,2025-12-15 20:03:19.469786
sz.002384,2023-10-19,2023-10-26,0.12493896484375,2025-12-15 20:03:19.469786
sz.002384,2023-10-20,2023-10-27,0.1253662109375,2025-12-15 20:03:19.469786
sz.002384,2023-10-23,2023-10-30,0.1285400390625,2025-12-15 20:03:19.469786
sz.002384,2023-10-24,2023-10-31,0.09185791015625,2025-12-15 20:03:19.469786
sz.002384,2023-10-25,2023-11-01,0.08831787109375,2025-12-15 20:03:19.469786
sz.002384,2023-10-26,2023-11-02,0.1666259765625,2025-12-15 20:03:19.469786
sz.002384,2023-10-27,2023-11-03,0.1639404296875,2025-12-15 20:03:19.469786
sz.002384,2023-10-30,2023-11-06,0.2083740234375,2025-12-15 20:03:19.469786
sz.002384,2023-10-31,2023-11-07,0.14599609375,2025-12-15 20:03:19.469786
sz.002384,2023-11-01,2023-11-08,0.1788330078125,2025-12-15 20:03:19.469786
sz.002384,2023-11-02,2023-11-09,0.153076171875,2025-12-15 20:03:19.469786
sz.002384,2023-11-03,2023-11-10,0.2607421875,2025-12-15 20:03:19.469786
sz.002384,2023-11-06,2023-11-13,0.1925048828125,2025-12-15 20:03:19.469786
sz.002384,2023-11-07,2023-11-14,0.255615234375,2025-12-15 20:03:19.469786
sz.002384,2023-11-08,2023-11-15,0.189697265625,2025-12-15 20:03:19.469786
sz.002384,2023-11-09,2023-11-16,0.216796875,2025-12-15 20:03:19.469786
sz.002384,2023-11-10,2023-11-17,0.169921875,2025-12-15 20:03:19.469786
sz.002384,2023-11-13,2023-11-20,0.17724609375,2025-12-15 20:03:19.469786
sz.002384,2023-11-14,2023-11-21,0.165283203125,2025-12-15 20:03:19.469786
sz.002384,2023-11-15,2023-11-22,0.2037353515625,2025-12-15 20:03:19.469786
sz.002384,2023-11-16,2023-11-23,0.177978515625,2025-12-15 20:03:19.469786
sz.002384,2023-11-17,2023-11-24,0.197021484375,2025-12-15 20:03:19.469786
sz.002384,2023-11-20,2023-11-27,0.2264404296875,2025-12-15 20:03:19.469786
sz.002384,2023-11-21,2023-11-28,0.1734619140625,2025-12-15 20:03:19.469786
sz.002384,2023-11-22,2023-11-29,0.159912109375,2025-12-15 20:03:19.469786
sz.002384,2023-11-23,2023-11-30,0.24365234375,2025-12-15 20:03:19.469786
sz.002384,2023-11-24,2023-12-01,0.185546875,2025-12-15 20:03:19.469786
sz.002384,2023-11-27,2023-12-04,0.23095703125,2025-12-15 20:03:19.469786
sz.002384,2023-11-28,2023-12-05,0.17626953125,2025-12-15 20:03:19.469786
sz.002384,2023-11-29,2023-12-06,0.202880859375,2025-12-15 20:03:19.469786
sz.002384,2023-11-30,2023-12-07,0.17822265625,2025-12-15 20:03:19.469786
sz.002384,2023-12-01,2023-12-08,0.2001953125,2025-12-15 20:03:19.469786
sz.002384,2023-12-04,2023-12-11,0.1627197265625,2025-12-15 20:03:19.469786
sz.002384,2023-12-05,2023-12-12,0.1656494140625,2025-12-15 20:03:19.469786
sz.002384,2023-12-06,2023-12-13,0.1556396484375,2025-12-15 20:03:19.469786
sz.002384,2023-12-07,2023-12-14,0.1893310546875,2025-12-15 20:03:19.469786
sz.002384,2023-12-08,2023-12-15,0.14794921875,2025-12-15 20:03:19.469786
sz.002384,2023-12-11,2023-12-18,0.255615234375,2025-12-15 20:03:19.469786
sz.002384,2023-12-12,2023-12-19,0.2269287109375,2025-12-15 20:03:19.469786
sz.002384,2023-12-13,2023-12-20,0.1583251953125,2025-12-15 20:03:19.469786
sz.002384,2023-12-14,2023-12-21,0.132080078125,2025-12-15 20:03:19.469786
sz.002384,2023-12-15,2023-12-22,0.10595703125,2025-12-15 20:03:19.469786
sz.002384,2023-12-18,2023-12-25,0.1497802734375,2025-12-15 20:03:19.469786
sz.002384,2023-12-19,2023-12-26,0.1446533203125,2025-12-15 20:03:19.469786
sz.002384,2023-12-20,2023-12-27,0.130126953125,2025-12-15 20:03:19.469786
sz.002384,2023-12-21,2023-12-28,0.159912109375,2025-12-15 20:03:19.469786
sz.002384,2023-12-22,2023-12-29,0.157958984375,2025-12-15 20:03:19.469786
sz.002384,2023-12-25,2024-01-01,0.120849609375,2025-12-15 20:03:19.469786
sz.002384,2023-12-26,2024-01-02,0.148681640625,2025-12-15 20:03:19.469786
sz.002384,2023-12-27,2024-01-03,0.1676025390625,2025-12-15 20:03:19.469786
sz.002384,2023-12-28,2024-01-04,0.1585693359375,2025-12-15 20:03:19.469786
sz.002384,2023-12-29,2024-01-05,0.290771484375,2025-12-15 20:03:19.469786
sz.002384,2024-01-02,2024-01-09,0.1533203125,2025-12-15 20:03:19.469786
sz.002384,2024-01-03,2024-01-10,0.139404296875,2025-12-15 20:03:19.469786
sz.002384,2024-01-04,2024-01-11,0.14892578125,2025-12-15 20:03:19.469786
sz.002384,2024-01-05,2024-01-12,0.11065673828125,2025-12-15 20:03:19.469786
sz.002384,2024-01-08,2024-01-15,0.1309814453125,2025-12-15 20:03:19.469786
sz.002384,2024-01-09,2024-01-16,0.1295166015625,2025-12-15 20:03:19.469786
sz.002384,2024-01-10,2024-01-17,0.09912109375,2025-12-15 20:03:19.469786
sz.002384,2024-01-11,2024-01-18,0.0970458984375,2025-12-15 20:03:19.469786
sz.002384,2024-01-12,2024-01-19,0.1435546875,2025-12-15 20:03:19.469786
sz.002384,2024-01-15,2024-01-22,0.1275634765625,2025-12-15 20:03:19.469786
sz.002384,2024-01-16,2024-01-23,0.133544921875,2025-12-15 20:03:19.469786
sz.002384,2024-01-17,2024-01-24,0.1429443359375,2025-12-15 20:03:19.469786
sz.002384,2024-01-18,2024-01-25,0.134521484375,2025-12-15 20:03:19.469786
sz.002384,2024-01-19,2024-01-26,0.12359619140625,2025-12-15 20:03:19.469786
sz.002384,2024-01-22,2024-01-29,0.1451416015625,2025-12-15 20:03:19.469786
sz.002384,2024-01-23,2024-01-30,0.22021484375,2025-12-15 20:03:19.469786
sz.002384,2024-01-24,2024-01-31,0.161376953125,2025-12-15 20:03:19.469786
sz.002384,2024-01-25,2024-02-01,0.1866455078125,2025-12-15 20:03:19.469786
sz.002384,2024-01-26,2024-02-02,0.161376953125,2025-12-15 20:03:19.469786
sz.002384,2024-01-29,2024-02-05,0.171875,2025-12-15 20:03:19.469786
sz.002384,2024-01-30,2024-02-06,0.359375,2025-12-15 20:03:19.469786
sz.002384,2024-01-31,2024-02-07,0.374267578125,2025-12-15 20:03:19.469786
sz.002384,2024-02-01,2024-02-08,0.5087890625,2025-12-15 20:03:19.469786
sz.002384,2024-02-02,2024-02-09,0.3984375,2025-12-15 20:03:19.469786
sz.002384,2024-02-05,2024-02-12,0.46826171875,2025-12-15 20:03:19.469786
sz.002384,2024-02-06,2024-02-13,0.42626953125,2025-12-15 20:03:19.469786
sz.002384,2024-02-07,2024-02-14,0.31884765625,2025-12-15 20:03:19.469786
sz.002384,2024-02-08,2024-02-15,0.172119140625,2025-12-15 20:03:19.469786
sz.002384,2024-02-19,2024-02-26,0.33544921875,2025-12-15 20:03:19.469786
sz.002384,2024-02-20,2024-02-27,0.310791015625,2025-12-15 20:03:19.469786
sz.002384,2024-02-21,2024-02-28,0.282958984375,2025-12-15 20:03:19.469786
sz.002384,2024-02-22,2024-02-29,0.427734375,2025-12-15 20:03:19.469786
sz.002384,2024-02-23,2024-03-01,0.322265625,2025-12-15 20:03:19.469786
sz.002384,2024-02-26,2024-03-04,0.2410888671875,2025-12-15 20:03:19.469786
sz.002384,2024-02-27,2024-03-05,0.26611328125,2025-12-15 20:03:19.469786
sz.002384,2024-02-28,2024-03-06,0.12939453125,2025-12-15 20:03:19.469786
sz.002384,2024-02-29,2024-03-07,0.388427734375,2025-12-15 20:03:19.469786
sz.002384,2024-03-01,2024-03-08,0.10247802734375,2025-12-15 20:03:19.469786
sz.002384,2024-03-04,2024-03-11,0.1474609375,2025-12-15 20:03:19.469786
sz.002384,2024-03-05,2024-03-12,0.1719970703125,2025-12-15 20:03:19.469786
sz.002384,2024-03-06,2024-03-13,0.150390625,2025-12-15 20:03:19.469786
sz.002384,2024-03-07,2024-03-14,0.1673583984375,2025-12-15 20:03:19.469786
sz.002384,2024-03-08,2024-03-15,0.337158203125,2025-12-15 20:03:19.469786
sz.002384,2024-03-11,2024-03-18,0.12939453125,2025-12-15 20:03:19.469786
sz.002384,2024-03-12,2024-03-19,0.1512451171875,2025-12-15 20:03:19.469786
sz.002384,2024-03-13,2024-03-20,0.08197021484375,2025-12-15 20:03:19.469786
sz.002384,2024-03-14,2024-03-21,0.134033203125,2025-12-15 20:03:19.469786
sz.002384,2024-03-15,2024-03-22,0.105224609375,2025-12-15 20:03:19.469786
sz.002384,2024-03-18,2024-03-25,0.178466796875,2025-12-15 20:03:19.469786
sz.002384,2024-03-19,2024-03-26,0.0765380859375,2025-12-15 20:03:19.469786
sz.002384,2024-03-20,2024-03-27,0.135009765625,2025-12-15 20:03:19.469786
sz.002384,2024-03-21,2024-03-28,0.126953125,2025-12-15 20:03:19.469786
sz.002384,2024-03-22,2024-03-29,0.1312255859375,2025-12-15 20:03:19.469786
sz.002384,2024-03-25,2024-04-01,0.1317138671875,2025-12-15 20:03:19.469786
sz.002384,2024-03-26,2024-04-02,0.243408203125,2025-12-15 20:03:19.469786
sz.002384,2024-03-27,2024-04-03,0.223876953125,2025-12-15 20:03:19.469786
sz.002384,2024-03-28,2024-04-04,0.368896484375,2025-12-15 20:03:19.469786
sz.002384,2024-03-29,2024-04-05,0.41650390625,2025-12-15 20:03:19.469786
sz.002384,2024-04-01,2024-04-08,0.427734375,2025-12-15 20:03:19.469786
sz.002384,2024-04-02,2024-04-09,0.31982421875,2025-12-15 20:03:19.469786
sz.002384,2024-04-03,2024-04-10,0.25830078125,2025-12-15 20:03:19.469786
sz.002384,2024-04-08,2024-04-15,0.2237548828125,2025-12-15 20:03:19.469786
sz.002384,2024-04-09,2024-04-16,0.449951171875,2025-12-15 20:03:19.469786
sz.002384,2024-04-10,2024-04-17,0.267333984375,2025-12-15 20:03:19.469786
sz.002384,2024-04-11,2024-04-18,0.37548828125,2025-12-15 20:03:19.469786
sz.002384,2024-04-12,2024-04-19,0.4345703125,2025-12-15 20:03:19.469786
sz.002384,2024-04-15,2024-04-22,0.3876953125,2025-12-15 20:03:19.469786
sz.002384,2024-04-16,2024-04-23,0.36767578125,2025-12-15 20:03:19.469786
sz.002384,2024-04-17,2024-04-24,0.5126953125,2025-12-15 20:03:19.469786
sz.002384,2024-04-18,2024-04-25,0.322998046875,2025-12-15 20:03:19.469786
sz.002384,2024-04-19,2024-04-26,0.405029296875,2025-12-15 20:03:19.469786
sz.002384,2024-04-22,2024-04-29,0.361572265625,2025-12-15 20:03:19.469786
sz.002384,2024-04-23,2024-04-30,0.38525390625,2025-12-15 20:03:19.469786
sz.002384,2024-04-24,2024-05-01,0.45263671875,2025-12-15 20:03:19.469786
sz.002384,2024-04-25,2024-05-02,0.304443359375,2025-12-15 20:03:19.469786
sz.002384,2024-04-26,2024-05-03,0.43310546875,2025-12-15 20:03:19.469786
sz.002384,2024-04-29,2024-05-06,0.366455078125,2025-12-15 20:03:19.469786
sz.002384,2024-04-30,2024-05-07,0.278564453125,2025-12-15 20:03:19.469786
sz.002384,2024-05-06,2024-05-13,0.16162109375,2025-12-15 20:03:19.469786
sz.002384,2024-05-07,2024-05-14,0.151611328125,2025-12-15 20:03:19.469786
sz.002384,2024-05-08,2024-05-15,0.178466796875,2025-12-15 20:03:19.469786
sz.002384,2024-05-09,2024-05-16,0.22021484375,2025-12-15 20:03:19.469786
sz.002384,2024-05-10,2024-05-17,0.1922607421875,2025-12-15 20:03:19.469786
sz.002384,2024-05-13,2024-05-20,0.1669921875,2025-12-15 20:03:19.469786
sz.002384,2024-05-14,2024-05-21,0.1280517578125,2025-12-15 20:03:19.469786
sz.002384,2024-05-15,2024-05-22,0.1826171875,2025-12-15 20:03:19.469786
sz.002384,2024-05-16,2024-05-23,0.153076171875,2025-12-15 20:03:19.469786
sz.002384,2024-05-17,2024-05-24,0.1884765625,2025-12-15 20:03:19.469786
sz.002384,2024-05-20,2024-05-27,0.2032470703125,2025-12-15 20:03:19.469786
sz.002384,2024-05-21,2024-05-28,0.259033203125,2025-12-15 20:03:19.469786
sz.002384,2024-05-22,2024-05-29,0.1324462890625,2025-12-15 20:03:19.469786
sz.002384,2024-05-23,2024-05-30,0.17724609375,2025-12-15 20:03:19.469786
sz.002384,2024-05-24,2024-05-31,0.168701171875,2025-12-15 20:03:19.469786
sz.002384,2024-05-27,2024-06-03,0.19873046875,2025-12-15 20:03:19.469786
sz.002384,2024-05-28,2024-06-04,0.1822509765625,2025-12-15 20:03:19.469786
sz.002384,2024-05-29,2024-06-05,0.281982421875,2025-12-15 20:03:19.469786
sz.002384,2024-05-30,2024-06-06,0.154541015625,2025-12-15 20:03:19.469786
sz.002384,2024-05-31,2024-06-07,0.1483154296875,2025-12-15 20:03:19.469786
sz.002384,2024-06-03,2024-06-10,0.16015625,2025-12-15 20:03:19.469786
sz.002384,2024-06-04,2024-06-11,0.198974609375,2025-12-15 20:03:19.469786
sz.002384,2024-06-05,2024-06-12,0.1815185546875,2025-12-15 20:03:19.469786
sz.002384,2024-06-06,2024-06-13,0.17236328125,2025-12-15 20:03:19.469786
sz.002384,2024-06-07,2024-06-14,0.173583984375,2025-12-15 20:03:19.469786
sz.002384,2024-06-11,2024-06-18,0.190673828125,2025-12-15 20:03:19.469786
sz.002384,2024-06-12,2024-06-19,0.102294921875,2025-12-15 20:03:19.469786
sz.002384,2024-06-13,2024-06-20,0.165283203125,2025-12-15 20:03:19.469786
sz.002384,2024-06-14,2024-06-21,0.1422119140625,2025-12-15 20:03:19.469786
sz.002384,2024-06-17,2024-06-24,0.346435546875,2025-12-15 20:03:19.469786
sz.002384,2024-06-18,2024-06-25,0.1199951171875,2025-12-15 20:03:19.469786
sz.002384,2024-06-19,2024-06-26,0.1302490234375,2025-12-15 20:03:19.469786
sz.002384,2024-06-20,2024-06-27,0.1221923828125,2025-12-15 20:03:19.469786
sz.002384,2024-06-21,2024-06-28,0.13037109375,2025-12-15 20:03:19.469786
sz.002384,2024-06-24,2024-07-01,0.1070556640625,2025-12-15 20:03:19.469786
sz.002384,2024-06-25,2024-07-02,0.1177978515625,2025-12-15 20:03:19.469786
sz.002384,2024-06-26,2024-07-03,0.10614013671875,2025-12-15 20:03:19.469786
sz.002384,2024-06-27,2024-07-04,0.08050537109375,2025-12-15 20:03:19.469786
sz.002384,2024-06-28,2024-07-05,0.116943359375,2025-12-15 20:03:19.469786
sz.002384,2024-07-01,2024-07-08,0.1844482421875,2025-12-15 20:03:19.469786
sz.002384,2024-07-02,2024-07-09,0.13525390625,2025-12-15 20:03:19.469786
sz.002384,2024-07-03,2024-07-10,0.13427734375,2025-12-15 20:03:19.469786
sz.002384,2024-07-04,2024-07-11,0.1287841796875,2025-12-15 20:03:19.469786
sz.002384,2024-07-05,2024-07-12,0.1654052734375,2025-12-15 20:03:19.469786
sz.002384,2024-07-08,2024-07-15,0.2080078125,2025-12-15 20:03:19.469786
sz.002384,2024-07-09,2024-07-16,0.259765625,2025-12-15 20:03:19.469786
sz.002384,2024-07-10,2024-07-17,0.26220703125,2025-12-15 20:03:19.469786
sz.002384,2024-07-11,2024-07-18,0.1822509765625,2025-12-15 20:03:19.469786
sz.002384,2024-07-12,2024-07-19,0.258056640625,2025-12-15 20:03:19.469786
sz.002384,2024-07-15,2024-07-22,0.27880859375,2025-12-15 20:03:19.469786
sz.002384,2024-07-16,2024-07-23,0.255615234375,2025-12-15 20:03:19.469786
sz.002384,2024-07-17,2024-07-24,0.178466796875,2025-12-15 20:03:19.469786
sz.002384,2024-07-18,2024-07-25,0.161865234375,2025-12-15 20:03:19.469786
sz.002384,2024-07-19,2024-07-26,0.1802978515625,2025-12-15 20:03:19.469786
sz.002384,2024-07-22,2024-07-29,0.255859375,2025-12-15 20:03:19.469786
sz.002384,2024-07-23,2024-07-30,0.1851806640625,2025-12-15 20:03:19.469786
sz.002384,2024-07-24,2024-07-31,0.1683349609375,2025-12-15 20:03:19.469786
sz.002384,2024-07-25,2024-08-01,0.1693115234375,2025-12-15 20:03:19.469786
sz.002384,2024-07-26,2024-08-02,0.2362060546875,2025-12-15 20:03:19.469786
sz.002384,2024-07-29,2024-08-05,0.1417236328125,2025-12-15 20:03:19.469786
sz.002384,2024-07-30,2024-08-06,0.2130126953125,2025-12-15 20:03:19.469786
sz.002384,2024-07-31,2024-08-07,0.2327880859375,2025-12-15 20:03:19.469786
sz.002384,2024-08-01,2024-08-08,0.16162109375,2025-12-15 20:03:19.469786
sz.002384,2024-08-02,2024-08-09,0.1483154296875,2025-12-15 20:03:19.469786
sz.002384,2024-08-05,2024-08-12,0.1363525390625,2025-12-15 20:03:19.469786
sz.002384,2024-08-06,2024-08-13,0.16650390625,2025-12-15 20:03:19.469786
sz.002384,2024-08-07,2024-08-14,0.20751953125,2025-12-15 20:03:19.469786
sz.002384,2024-08-08,2024-08-15,0.181884765625,2025-12-15 20:03:19.469786
sz.002384,2024-08-09,2024-08-16,0.19189453125,2025-12-15 20:03:19.469786
sz.002384,2024-08-12,2024-08-19,0.183349609375,2025-12-15 20:03:19.469786
sz.002384,2024-08-13,2024-08-20,0.267822265625,2025-12-15 20:03:19.469786
sz.002384,2024-08-14,2024-08-21,0.2103271484375,2025-12-15 20:03:19.469786
sz.002384,2024-08-15,2024-08-22,0.194091796875,2025-12-15 20:03:19.469786
sz.002384,2024-08-16,2024-08-23,0.22802734375,2025-12-15 20:03:19.469786
sz.002384,2024-08-19,2024-08-26,0.17041015625,2025-12-15 20:03:19.469786
sz.002384,2024-08-20,2024-08-27,0.1336669921875,2025-12-15 20:03:19.469786
sz.002384,2024-08-21,2024-08-28,0.1434326171875,2025-12-15 20:03:19.469786
sz.002384,2024-08-22,2024-08-29,0.19287109375,2025-12-15 20:03:19.469786
sz.002384,2024-08-23,2024-08-30,0.1925048828125,2025-12-15 20:03:19.469786
sz.002384,2024-08-26,2024-09-02,0.1719970703125,2025-12-15 20:03:19.469786
sz.002384,2024-08-27,2024-09-03,0.1636962890625,2025-12-15 20:03:19.469786
sz.002384,2024-08-28,2024-09-04,0.1622314453125,2025-12-15 20:03:19.469786
sz.002384,2024-08-29,2024-09-05,0.1539306640625,2025-12-15 20:03:19.469786
sz.002384,2024-08-30,2024-09-06,0.312255859375,2025-12-15 20:03:19.469786
sz.002384,2024-09-02,2024-09-09,0.1568603515625,2025-12-15 20:03:19.469786
sz.002384,2024-09-03,2024-09-10,0.1646728515625,2025-12-15 20:03:19.469786
sz.002384,2024-09-04,2024-09-11,0.194580078125,2025-12-15 20:03:19.469786
sz.002384,2024-09-05,2024-09-12,0.17138671875,2025-12-15 20:03:19.469786
sz.002384,2024-09-06,2024-09-13,0.16357421875,2025-12-15 20:03:19.469786
sz.002384,2024-09-09,2024-09-16,0.180419921875,2025-12-15 20:03:19.469786
sz.002384,2024-09-10,2024-09-17,0.1728515625,2025-12-15 20:03:19.469786
sz.002384,2024-09-11,2024-09-18,0.1829833984375,2025-12-15 20:03:19.469786
sz.002384,2024-09-12,2024-09-19,0.15625,2025-12-15 20:03:19.469786
sz.002384,2024-09-13,2024-09-20,0.1480712890625,2025-12-15 20:03:19.469786
sz.002384,2024-09-18,2024-09-25,0.1357421875,2025-12-15 20:03:19.469786
sz.002384,2024-09-19,2024-09-26,0.1534423828125,2025-12-15 20:03:19.469786
sz.002384,2024-09-20,2024-09-27,0.15234375,2025-12-15 20:03:19.469786
sz.002384,2024-09-23,2024-09-30,0.12274169921875,2025-12-15 20:03:19.469786
sz.002384,2024-09-24,2024-10-01,0.242919921875,2025-12-15 20:03:19.469786
sz.002384,2024-09-25,2024-10-02,0.1329345703125,2025-12-15 20:03:19.469786
sz.002384,2024-09-26,2024-10-03,0.1640625,2025-12-15 20:03:19.469786
sz.002384,2024-09-27,2024-10-04,0.138427734375,2025-12-15 20:03:19.469786
sz.002384,2024-09-30,2024-10-07,0.2470703125,2025-12-15 20:03:19.469786
sz.002384,2024-10-08,2024-10-15,0.2100830078125,2025-12-15 20:03:19.469786
sz.002384,2024-10-09,2024-10-16,0.263671875,2025-12-15 20:03:19.469786
sz.002384,2024-10-10,2024-10-17,0.31640625,2025-12-15 20:03:19.469786
sz.002384,2024-10-11,2024-10-18,0.37060546875,2025-12-15 20:03:19.469786
sz.002384,2024-10-14,2024-10-21,0.40576171875,2025-12-15 20:03:19.469786
sz.002384,2024-10-15,2024-10-22,0.333251953125,2025-12-15 20:03:19.469786
sz.002384,2024-10-16,2024-10-23,0.403564453125,2025-12-15 20:03:19.469786
sz.002384,2024-10-17,2024-10-24,0.43017578125,2025-12-15 20:03:19.469786
sz.002384,2024-10-18,2024-10-25,0.2861328125,2025-12-15 20:03:19.469786
sz.002384,2024-10-21,2024-10-28,0.11163330078125,2025-12-15 20:03:19.469786
sz.002384,2024-10-22,2024-10-29,0.09136962890625,2025-12-15 20:03:19.469786
sz.002384,2024-10-23,2024-10-30,0.1683349609375,2025-12-15 20:03:19.469786
sz.002384,2024-10-24,2024-10-31,0.1668701171875,2025-12-15 20:03:19.469786
sz.002384,2024-10-25,2024-11-01,0.1259765625,2025-12-15 20:03:19.469786
sz.002384,2024-10-28,2024-11-04,0.09967041015625,2025-12-15 20:03:19.469786
sz.002384,2024-10-29,2024-11-05,0.144775390625,2025-12-15 20:03:19.469786
sz.002384,2024-10-30,2024-11-06,0.07586669921875,2025-12-15 20:03:19.469786
sz.002384,2024-10-31,2024-11-07,0.172119140625,2025-12-15 20:03:19.469786
sz.002384,2024-11-01,2024-11-08,0.0838623046875,2025-12-15 20:03:19.469786
sz.002384,2024-11-04,2024-11-11,0.09637451171875,2025-12-15 20:03:19.469786
sz.002384,2024-11-05,2024-11-12,0.2252197265625,2025-12-15 20:03:19.469786
sz.002384,2024-11-06,2024-11-13,0.1318359375,2025-12-15 20:03:19.469786
sz.002384,2024-11-07,2024-11-14,0.144287109375,2025-12-15 20:03:19.469786
sz.002384,2024-11-08,2024-11-15,0.125244140625,2025-12-15 20:03:19.469786
sz.002384,2024-11-11,2024-11-18,0.0850830078125,2025-12-15 20:03:19.469786
sz.002384,2024-11-12,2024-11-19,0.1253662109375,2025-12-15 20:03:19.469786
sz.002384,2024-11-13,2024-11-20,0.09234619140625,2025-12-15 20:03:19.469786
sz.002384,2024-11-14,2024-11-21,0.07879638671875,2025-12-15 20:03:19.469786
sz.002384,2024-11-15,2024-11-22,0.10797119140625,2025-12-15 20:03:19.469786
sz.002384,2024-11-18,2024-11-25,0.123779296875,2025-12-15 20:03:19.469786
sz.002384,2024-11-19,2024-11-26,0.12103271484375,2025-12-15 20:03:19.469786
sz.002384,2024-11-20,2024-11-27,0.1390380859375,2025-12-15 20:03:19.469786
sz.002384,2024-11-21,2024-11-28,0.1431884765625,2025-12-15 20:03:19.469786
sz.002384,2024-11-22,2024-11-29,0.134521484375,2025-12-15 20:03:19.469786
sz.002384,2024-11-25,2024-12-02,0.20068359375,2025-12-15 20:03:19.469786
sz.002384,2024-11-26,2024-12-03,0.263671875,2025-12-15 20:03:19.469786
sz.002384,2024-11-27,2024-12-04,0.12335205078125,2025-12-15 20:03:19.469786
sz.002384,2024-11-28,2024-12-05,0.1649169921875,2025-12-15 20:03:19.469786
sz.002384,2024-11-29,2024-12-06,0.1463623046875,2025-12-15 20:03:19.469786
sz.002384,2024-12-02,2024-12-09,0.081787109375,2025-12-15 20:03:19.469786
sz.002384,2024-12-03,2024-12-10,0.1319580078125,2025-12-15 20:03:19.469786
sz.002384,2024-12-04,2024-12-11,0.147216796875,2025-12-15 20:03:19.469786
sz.002384,2024-12-05,2024-12-12,0.119384765625,2025-12-15 20:03:19.469786
sz.002384,2024-12-06,2024-12-13,0.2359619140625,2025-12-15 20:03:19.469786
sz.002384,2024-12-09,2024-12-16,0.1353759765625,2025-12-15 20:03:19.469786
sz.002384,2024-12-10,2024-12-17,0.0765380859375,2025-12-15 20:03:19.469786
sz.002384,2024-12-11,2024-12-18,0.09515380859375,2025-12-15 20:03:19.469786
sz.002384,2024-12-12,2024-12-19,0.120849609375,2025-12-15 20:03:19.469786
sz.002384,2024-12-13,2024-12-20,0.1263427734375,2025-12-15 20:03:19.469786
sz.002384,2024-12-16,2024-12-23,0.1278076171875,2025-12-15 20:03:19.469786
sz.002384,2024-12-17,2024-12-24,0.07421875,2025-12-15 20:03:19.469786
sz.002384,2024-12-18,2024-12-25,0.11737060546875,2025-12-15 20:03:19.469786
sz.002384,2024-12-19,2024-12-26,0.243408203125,2025-12-15 20:03:19.469786
sz.002384,2024-12-20,2024-12-27,0.0816650390625,2025-12-15 20:03:19.469786
sz.002384,2024-12-23,2024-12-30,0.1348876953125,2025-12-15 20:03:19.469786
sz.002384,2024-12-24,2024-12-31,0.2393798828125,2025-12-15 20:03:19.469786
sz.002384,2024-12-25,2025-01-01,0.107421875,2025-12-15 20:03:19.469786
sz.002384,2024-12-26,2025-01-02,0.260009765625,2025-12-15 20:03:19.469786
sz.002384,2024-12-27,2025-01-03,0.1353759765625,2025-12-15 20:03:19.469786
sz.002384,2024-12-30,2025-01-06,0.133056640625,2025-12-15 20:03:19.469786
sz.002384,2024-12-31,2025-01-07,0.134033203125,2025-12-15 20:03:19.469786
sz.002384,2025-01-02,2025-01-09,0.0809326171875,2025-12-15 20:03:19.469786
sz.002384,2025-01-03,2025-01-10,0.11676025390625,2025-12-15 20:03:19.469786
sz.002384,2025-01-06,2025-01-13,0.0948486328125,2025-12-15 20:03:19.469786
sz.002384,2025-01-07,2025-01-14,0.287109375,2025-12-15 20:03:19.469786
sz.002384,2025-01-08,2025-01-15,0.1407470703125,2025-12-15 20:03:19.469786
sz.002384,2025-01-09,2025-01-16,0.12890625,2025-12-15 20:03:19.469786
sz.002384,2025-01-10,2025-01-17,0.1358642578125,2025-12-15 20:03:19.469786
sz.002384,2025-01-13,2025-01-20,0.11474609375,2025-12-15 20:03:19.469786
sz.002384,2025-01-14,2025-01-21,0.15869140625,2025-12-15 20:03:19.469786
sz.002384,2025-01-15,2025-01-22,0.1387939453125,2025-12-15 20:03:19.469786
sz.002384,2025-01-16,2025-01-23,0.14111328125,2025-12-15 20:03:19.469786
sz.002384,2025-01-17,2025-01-24,0.1611328125,2025-12-15 20:03:19.469786
sz.002384,2025-01-20,2025-01-27,0.097900390625,2025-12-15 20:03:19.469786
sz.002384,2025-01-21,2025-01-28,0.1259765625,2025-12-15 20:03:19.469786
sz.002384,2025-01-22,2025-01-29,0.168212890625,2025-12-15 20:03:19.469786
sz.002384,2025-01-23,2025-01-30,0.154296875,2025-12-15 20:03:19.469786
sz.002384,2025-01-24,2025-01-31,0.289794921875,2025-12-15 20:03:19.469786
sz.002384,2025-01-27,2025-02-03,0.135009765625,2025-12-15 20:03:19.469786
sz.002384,2025-02-05,2025-02-12,0.13525390625,2025-12-15 20:03:19.469786
sz.002384,2025-02-06,2025-02-13,0.09600830078125,2025-12-15 20:03:19.469786
sz.002384,2025-02-07,2025-02-14,0.1353759765625,2025-12-15 20:03:19.469786
sz.002384,2025-02-10,2025-02-17,0.2213134765625,2025-12-15 20:03:19.469786
sz.002384,2025-02-11,2025-02-18,0.1617431640625,2025-12-15 20:03:19.469786
sz.002384,2025-02-12,2025-02-19,0.172119140625,2025-12-15 20:03:19.469786
sz.002384,2025-02-13,2025-02-20,0.131591796875,2025-12-15 20:03:19.469786
sz.002384,2025-02-14,2025-02-21,0.1304931640625,2025-12-15 20:03:19.469786
sz.002384,2025-02-17,2025-02-24,0.318603515625,2025-12-15 20:03:19.469786
sz.002384,2025-02-18,2025-02-25,0.138916015625,2025-12-15 20:03:19.469786
sz.002384,2025-02-19,2025-02-26,0.244384765625,2025-12-15 20:03:19.469786
sz.002384,2025-02-20,2025-02-27,0.222900390625,2025-12-15 20:03:19.469786
sz.002384,2025-02-21,2025-02-28,0.1685791015625,2025-12-15 20:03:19.469786
sz.002384,2025-02-24,2025-03-03,0.12200927734375,2025-12-15 20:03:19.469786
sz.002384,2025-02-25,2025-03-04,0.1429443359375,2025-12-15 20:03:19.469786
sz.002384,2025-02-26,2025-03-05,0.1934814453125,2025-12-15 20:03:19.469786
sz.002384,2025-02-27,2025-03-06,0.1475830078125,2025-12-15 20:03:19.469786
sz.002384,2025-02-28,2025-03-07,0.148193359375,2025-12-15 20:03:19.469786
sz.002384,2025-03-03,2025-03-10,0.1363525390625,2025-12-15 20:03:19.469786
sz.002384,2025-03-04,2025-03-11,0.11859130859375,2025-12-15 20:03:19.469786
sz.002384,2025-03-05,2025-03-12,0.423828125,2025-12-15 20:03:19.469786
sz.002384,2025-03-06,2025-03-13,0.1279296875,2025-12-15 20:03:19.469786
sz.002384,2025-03-07,2025-03-14,0.10858154296875,2025-12-15 20:03:19.469786
sz.002384,2025-03-10,2025-03-17,0.1448974609375,2025-12-15 20:03:19.469786
sz.002384,2025-03-11,2025-03-18,0.23779296875,2025-12-15 20:03:19.469786
sz.002384,2025-03-12,2025-03-19,0.1602783203125,2025-12-15 20:03:19.469786
sz.002384,2025-03-13,2025-03-20,0.107421875,2025-12-15 20:03:19.469786
sz.002384,2025-03-14,2025-03-21,0.26025390625,2025-12-15 20:03:19.469786
sz.002384,2025-03-17,2025-03-24,0.255859375,2025-12-15 20:03:19.469786
sz.002384,2025-03-18,2025-03-25,0.19677734375,2025-12-15 20:03:19.469786
sz.002384,2025-03-19,2025-03-26,0.18212890625,2025-12-15 20:03:19.469786
sz.002384,2025-03-20,2025-03-27,0.16455078125,2025-12-15 20:03:19.469786
sz.002384,2025-03-21,2025-03-28,0.1810302734375,2025-12-15 20:03:19.469786
sz.002384,2025-03-24,2025-03-31,0.1461181640625,2025-12-15 20:03:19.469786
sz.002384,2025-03-25,2025-04-01,0.145263671875,2025-12-15 20:03:19.469786
sz.002384,2025-03-26,2025-04-02,0.1539306640625,2025-12-15 20:03:19.469786
sz.002384,2025-03-27,2025-04-03,0.1513671875,2025-12-15 20:03:19.469786
sz.002384,2025-03-28,2025-04-04,0.1590576171875,2025-12-15 20:03:19.469786
sz.002384,2025-03-31,2025-04-07,0.1265869140625,2025-12-15 20:03:19.469786
sz.002384,2025-04-01,2025-04-08,0.1416015625,2025-12-15 20:03:19.469786
sz.002384,2025-04-02,2025-04-09,0.1590576171875,2025-12-15 20:03:19.469786
sz.002384,2025-04-03,2025-04-10,0.1390380859375,2025-12-15 20:03:19.469786
sz.002384,2025-04-07,2025-04-14,0.42236328125,2025-12-15 20:03:19.469786
sz.002384,2025-04-08,2025-04-15,0.51513671875,2025-12-15 20:03:19.469786
sz.002384,2025-04-09,2025-04-16,0.4189453125,2025-12-15 20:03:19.469786
sz.002384,2025-04-10,2025-04-17,0.19189453125,2025-12-15 20:03:19.469786
sz.002384,2025-04-11,2025-04-18,0.205322265625,2025-12-15 20:03:19.469786
sz.002384,2025-04-14,2025-04-21,0.1607666015625,2025-12-15 20:03:19.469786
sz.002384,2025-04-15,2025-04-22,0.2578125,2025-12-15 20:03:19.469786
sz.002384,2025-04-16,2025-04-23,0.282470703125,2025-12-15 20:03:19.469786
sz.002384,2025-04-17,2025-04-24,0.4873046875,2025-12-15 20:03:19.469786
sz.002384,2025-04-18,2025-04-25,0.52392578125,2025-12-15 20:03:19.469786
sz.002384,2025-04-21,2025-04-28,0.4814453125,2025-12-15 20:03:19.469786
sz.002384,2025-04-22,2025-04-29,0.47607421875,2025-12-15 20:03:19.469786
sz.002384,2025-04-23,2025-04-30,0.449951171875,2025-12-15 20:03:19.469786
sz.002384,2025-04-24,2025-05-01,0.47412109375,2025-12-15 20:03:19.469786
sz.002384,2025-04-25,2025-05-02,0.482421875,2025-12-15 20:03:19.469786
sz.002384,2025-04-28,2025-05-05,0.495361328125,2025-12-15 20:03:19.469786
sz.002384,2025-04-29,2025-05-06,0.476318359375,2025-12-15 20:03:19.469786
sz.002384,2025-04-30,2025-05-07,0.487060546875,2025-12-15 20:03:19.469786
sz.002384,2025-05-06,2025-05-13,0.48828125,2025-12-15 20:03:19.469786
sz.002384,2025-05-07,2025-05-14,0.321044921875,2025-12-15 20:03:19.469786
sz.002384,2025-05-08,2025-05-15,0.447021484375,2025-12-15 20:03:19.469786
sz.002384,2025-05-09,2025-05-16,0.36328125,2025-12-15 20:03:19.469786
sz.002384,2025-05-12,2025-05-19,0.422607421875,2025-12-15 20:03:19.469786
sz.002384,2025-05-13,2025-05-20,0.3212890625,2025-12-15 20:03:19.469786
sz.002384,2025-05-14,2025-05-21,0.3369140625,2025-12-15 20:03:19.469786
sz.002384,2025-05-15,2025-05-22,0.380859375,2025-12-15 20:03:19.469786
sz.002384,2025-05-16,2025-05-23,0.464599609375,2025-12-15 20:03:19.469786
sz.002384,2025-05-19,2025-05-26,0.42724609375,2025-12-15 20:03:19.469786
sz.002384,2025-05-20,2025-05-27,0.42236328125,2025-12-15 20:03:19.469786
sz.002384,2025-05-21,2025-05-28,0.4169921875,2025-12-15 20:03:19.469786
sz.002384,2025-05-22,2025-05-29,0.33935546875,2025-12-15 20:03:19.469786
sz.002384,2025-05-23,2025-05-30,0.3330078125,2025-12-15 20:03:19.469786
sz.002384,2025-05-26,2025-06-02,0.4501953125,2025-12-15 20:03:19.469786
sz.002384,2025-05-27,2025-06-03,0.44091796875,2025-12-15 20:03:19.469786
sz.002384,2025-05-28,2025-06-04,0.390380859375,2025-12-15 20:03:19.469786
sz.002384,2025-05-29,2025-06-05,0.4677734375,2025-12-15 20:03:19.469786
sz.002384,2025-05-30,2025-06-06,0.37158203125,2025-12-15 20:03:19.469786
sz.002384,2025-06-03,2025-06-10,0.452392578125,2025-12-15 20:03:19.469786
sz.002384,2025-06-04,2025-06-11,0.417236328125,2025-12-15 20:03:19.469786
sz.002384,2025-06-05,2025-06-12,0.3037109375,2025-12-15 20:03:19.469786
sz.002384,2025-06-06,2025-06-13,0.412353515625,2025-12-15 20:03:19.469786
sz.002384,2025-06-09,2025-06-16,0.34130859375,2025-12-15 20:03:19.469786
sz.002384,2025-06-10,2025-06-17,0.271728515625,2025-12-15 20:03:19.469786
sz.002384,2025-06-11,2025-06-18,0.29443359375,2025-12-15 20:03:19.469786
sz.002384,2025-06-12,2025-06-19,0.359130859375,2025-12-15 20:03:19.469786
sz.002384,2025-06-13,2025-06-20,0.2548828125,2025-12-15 20:03:19.469786
sz.002384,2025-06-16,2025-06-23,0.361572265625,2025-12-15 20:03:19.469786
sz.002384,2025-06-17,2025-06-24,0.26123046875,2025-12-15 20:03:19.469786
sz.002384,2025-06-18,2025-06-25,0.1510009765625,2025-12-15 20:03:19.469786
sz.002384,2025-06-19,2025-06-26,0.177490234375,2025-12-15 20:03:19.469786
sz.002384,2025-06-20,2025-06-27,0.1790771484375,2025-12-15 20:03:19.469786
sz.002384,2025-06-23,2025-06-30,0.187744140625,2025-12-15 20:03:19.469786
sz.002384,2025-06-24,2025-07-01,0.1728515625,2025-12-15 20:03:19.469786
sz.002384,2025-06-25,2025-07-02,0.1787109375,2025-12-15 20:03:19.469786
sz.002384,2025-06-26,2025-07-03,0.1610107421875,2025-12-15 20:03:19.469786
sz.002384,2025-06-27,2025-07-04,0.1201171875,2025-12-15 20:03:19.469786
sz.002384,2025-06-30,2025-07-07,0.217529296875,2025-12-15 20:03:19.469786
sz.002384,2025-07-01,2025-07-08,0.482177734375,2025-12-15 20:03:19.469786
sz.002384,2025-07-02,2025-07-09,0.1627197265625,2025-12-15 20:03:19.469786
sz.002384,2025-07-03,2025-07-10,0.12408447265625,2025-12-15 20:03:19.469786
sz.002384,2025-07-04,2025-07-11,0.1468505859375,2025-12-15 20:03:19.469786
sz.002384,2025-07-07,2025-07-14,0.15380859375,2025-12-15 20:03:19.469786
sz.002384,2025-07-08,2025-07-15,0.14208984375,2025-12-15 20:03:19.469786
sz.002384,2025-07-09,2025-07-16,0.1165771484375,2025-12-15 20:03:19.469786
sz.002384,2025-07-10,2025-07-17,0.169921875,2025-12-15 20:03:19.469786
sz.002384,2025-07-11,2025-07-18,0.15185546875,2025-12-15 20:03:19.469786
sz.002384,2025-07-14,2025-07-21,0.1588134765625,2025-12-15 20:03:19.469786
sz.002384,2025-07-15,2025-07-22,0.418212890625,2025-12-15 20:03:19.469786
sz.002384,2025-07-16,2025-07-23,0.1658935546875,2025-12-15 20:03:19.469786
sz.002384,2025-07-17,2025-07-24,0.464599609375,2025-12-15 20:03:19.469786
sz.002384,2025-07-18,2025-07-25,0.1466064453125,2025-12-15 20:03:19.469786
sz.002384,2025-07-21,2025-07-28,0.193603515625,2025-12-15 20:03:19.469786
sz.002384,2025-07-22,2025-07-29,0.126220703125,2025-12-15 20:03:19.469786
sz.002384,2025-07-23,2025-07-30,0.262939453125,2025-12-15 20:03:19.469786
sz.002384,2025-07-24,2025-07-31,0.1763916015625,2025-12-15 20:03:19.469786
sz.002384,2025-07-25,2025-08-01,0.208984375,2025-12-15 20:03:19.469786
sz.002384,2025-07-28,2025-08-04,0.1502685546875,2025-12-15 20:03:19.469786
sz.002384,2025-07-29,2025-08-05,0.39013671875,2025-12-15 20:03:19.469786
sz.002384,2025-07-30,2025-08-06,0.1688232421875,2025-12-15 20:03:19.469786
sz.002384,2025-07-31,2025-08-07,0.155517578125,2025-12-15 20:03:19.469786
sz.002384,2025-08-01,2025-08-08,0.1485595703125,2025-12-15 20:03:19.469786
sz.002384,2025-08-04,2025-08-11,0.20751953125,2025-12-15 20:03:19.469786
sz.002384,2025-08-05,2025-08-12,0.1600341796875,2025-12-15 20:03:19.469786
sz.002384,2025-08-06,2025-08-13,0.149169921875,2025-12-15 20:03:19.469786
sz.002384,2025-08-07,2025-08-14,0.1422119140625,2025-12-15 20:03:19.469786
sz.002384,2025-08-08,2025-08-15,0.18212890625,2025-12-15 20:03:19.469786
sz.002384,2025-08-11,2025-08-18,0.1717529296875,2025-12-15 20:03:19.469786
sz.002384,2025-08-12,2025-08-19,0.2020263671875,2025-12-15 20:03:19.469786
sz.002384,2025-08-13,2025-08-20,0.2247314453125,2025-12-15 20:03:19.469786
sz.002384,2025-08-14,2025-08-21,0.150634765625,2025-12-15 20:03:19.469786
sz.002384,2025-08-15,2025-08-22,0.153076171875,2025-12-15 20:03:19.469786
sz.002384,2025-08-18,2025-08-25,0.177490234375,2025-12-15 20:03:19.469786
sz.002384,2025-08-19,2025-08-26,0.1644287109375,2025-12-15 20:03:19.469786
sz.002384,2025-08-20,2025-08-27,0.2352294921875,2025-12-15 20:03:19.469786
sz.002384,2025-08-21,2025-08-28,0.1614990234375,2025-12-15 20:03:19.469786
sz.002384,2025-08-22,2025-08-29,0.302490234375,2025-12-15 20:03:19.469786
sz.002384,2025-08-25,2025-09-01,0.1685791015625,2025-12-15 20:03:19.469786
sz.002384,2025-08-26,2025-09-02,0.12646484375,2025-12-15 20:03:19.469786
sz.002384,2025-08-27,2025-09-03,0.1370849609375,2025-12-15 20:03:19.469786
sz.002384,2025-08-28,2025-09-04,0.403076171875,2025-12-15 20:03:19.469786
sz.002384,2025-08-29,2025-09-05,0.2568359375,2025-12-15 20:03:19.469786
sz.002384,2025-09-01,2025-09-08,0.2054443359375,2025-12-15 20:03:19.469786
sz.002384,2025-09-02,2025-09-09,0.1370849609375,2025-12-15 20:03:19.469786
sz.002384,2025-09-03,2025-09-10,0.1871337890625,2025-12-15 20:03:19.469786
sz.002384,2025-09-04,2025-09-11,0.1307373046875,2025-12-15 20:03:19.469786
sz.002384,2025-09-05,2025-09-12,0.279541015625,2025-12-15 20:03:19.469786
sz.002384,2025-09-08,2025-09-15,0.157470703125,2025-12-15 20:03:19.469786
sz.002384,2025-09-09,2025-09-16,0.13916015625,2025-12-15 20:03:19.469786
sz.002384,2025-09-10,2025-09-17,0.281982421875,2025-12-15 20:03:19.469786
sz.002384,2025-09-11,2025-09-18,0.317626953125,2025-12-15 20:03:19.469786
sz.002384,2025-09-12,2025-09-19,0.2069091796875,2025-12-15 20:03:19.469786
sz.002384,2025-09-15,2025-09-22,0.2125244140625,2025-12-15 20:03:19.469786
sz.002384,2025-09-16,2025-09-23,0.2254638671875,2025-12-15 20:03:19.469786
sz.002384,2025-09-17,2025-09-24,0.217041015625,2025-12-15 20:03:19.469786
sz.002384,2025-09-18,2025-09-25,0.20703125,2025-12-15 20:03:19.469786
sz.002384,2025-09-19,2025-09-26,0.227294921875,2025-12-15 20:03:19.469786
sz.002384,2025-09-22,2025-09-29,0.288330078125,2025-12-15 20:03:19.469786
sz.002384,2025-09-23,2025-09-30,0.1583251953125,2025-12-15 20:03:19.469786
sz.002384,2025-09-24,2025-10-01,0.267333984375,2025-12-15 20:03:19.469786
sz.002384,2025-09-25,2025-10-02,0.2276611328125,2025-12-15 20:03:19.469786
sz.002384,2025-09-26,2025-10-03,0.1541748046875,2025-12-15 20:03:19.469786
sz.002384,2025-09-29,2025-10-06,0.2890625,2025-12-15 20:03:19.469786
sz.002384,2025-09-30,2025-10-07,0.2132568359375,2025-12-15 20:03:19.469786
sz.002384,2025-10-09,2025-10-16,0.1806640625,2025-12-15 20:03:19.469786
sz.002384,2025-10-10,2025-10-17,0.1656494140625,2025-12-15 20:03:19.469786
sz.002384,2025-10-13,2025-10-20,0.251220703125,2025-12-15 20:03:19.469786
sz.002384,2025-10-14,2025-10-21,0.1444091796875,2025-12-15 20:03:19.469786
sz.002384,2025-10-15,2025-10-22,0.2890625,2025-12-15 20:03:19.469786
sz.002384,2025-10-16,2025-10-23,0.2091064453125,2025-12-15 20:03:19.469786
sz.002384,2025-10-17,2025-10-24,0.158935546875,2025-12-15 20:03:19.469786
sz.002384,2025-10-20,2025-10-27,0.1820068359375,2025-12-15 20:03:19.469786
sz.002384,2025-10-21,2025-10-28,0.262939453125,2025-12-15 20:03:19.469786
sz.002384,2025-10-22,2025-10-29,0.1925048828125,2025-12-15 20:03:19.469786
sz.002384,2025-10-23,2025-10-30,0.1905517578125,2025-12-15 20:03:19.469786
sz.002384,2025-10-24,2025-10-31,0.2476806640625,2025-12-15 20:03:19.469786
sz.002384,2025-10-27,2025-11-03,0.279541015625,2025-12-15 20:03:19.469786
sz.002384,2025-10-28,2025-11-04,0.102294921875,2025-12-15 20:03:19.469786
sz.002384,2025-10-29,2025-11-05,0.12139892578125,2025-12-15 20:03:19.469786
sz.002384,2025-10-30,2025-11-06,0.11358642578125,2025-12-15 20:03:19.469786
sz.002384,2025-10-31,2025-11-07,0.1280517578125,2025-12-15 20:03:19.469786
sz.002384,2025-11-03,2025-11-10,0.0872802734375,2025-12-15 20:03:19.469786
sz.002384,2025-11-04,2025-11-11,0.12347412109375,2025-12-15 20:03:19.469786
sz.002384,2025-11-05,2025-11-12,0.1959228515625,2025-12-15 20:03:19.469786
sz.002384,2025-11-06,2025-11-13,0.309326171875,2025-12-15 20:03:19.469786
sz.002384,2025-11-07,2025-11-14,0.1253662109375,2025-12-15 20:03:19.469786
sz.002384,2025-11-10,2025-11-17,0.12744140625,2025-12-15 20:03:19.469786
sz.002384,2025-11-11,2025-11-18,0.1171875,2025-12-15 20:03:19.469786
sz.002384,2025-11-12,2025-11-19,0.107421875,2025-12-15 20:03:19.469786
sz.002384,2025-11-13,2025-11-20,0.12322998046875,2025-12-15 20:03:19.469786
sz.002384,2025-11-14,2025-11-21,0.11083984375,2025-12-15 20:03:19.469786
sz.002384,2025-11-17,2025-11-24,0.07489013671875,2025-12-15 20:03:19.469786
sz.002384,2025-11-18,2025-11-25,0.072265625,2025-12-15 20:03:19.469786
sz.002384,2025-11-19,2025-11-26,0.10125732421875,2025-12-15 20:03:19.469786
sz.002384,2025-11-20,2025-11-27,0.12139892578125,2025-12-15 20:03:19.469786
sz.002384,2025-11-21,2025-11-28,0.1639404296875,2025-12-15 20:03:19.469786
sz.002384,2025-11-24,2025-12-01,0.22802734375,2025-12-15 20:03:19.469786
sz.002384,2025-11-25,2025-12-02,0.192138671875,2025-12-15 20:03:19.469786
sz.002384,2025-11-26,2025-12-03,0.1248779296875,2025-12-15 20:03:19.469786
sz.002384,2025-11-27,2025-12-04,0.10760498046875,2025-12-15 20:03:19.469786
sz.002384,2025-11-28,2025-12-05,0.0849609375,2025-12-15 20:03:19.469786
sz.002384,2025-12-01,2025-12-08,0.08831787109375,2025-12-15 20:03:19.469786
sz.002384,2025-12-02,2025-12-09,0.1224365234375,2025-12-15 20:03:19.469786
sz.002384,2025-12-03,2025-12-10,0.0872802734375,2025-12-15 20:03:19.469786
sz.002384,2025-12-04,2025-12-11,0.12359619140625,2025-12-15 20:03:19.469786
sz.002384,2025-12-05,2025-12-12,0.09283447265625,2025-12-15 20:03:19.469786
sz.002384,2025-12-08,2025-12-15,0.128662109375,2025-12-15 20:03:19.469786
sz.002384,2025-12-09,2025-12-16,0.09234619140625,2025-12-15 20:03:19.469786
sz.002384,2025-12-10,2025-12-17,0.12066650390625,2025-12-15 20:03:19.469786
sz.002384,2025-12-11,2025-12-18,0.13525390625,2025-12-15 20:03:19.469786
sz.002384,2025-12-12,2025-12-19,0.163818359375,2025-12-15 20:03:19.469786
sz.002384,2025-12-15,2025-12-22,0.1492919921875,2025-12-15 20:03:19.469786
sz.002415,2025-12-15,2025-12-22,0.1527099609375,2025-12-15 20:03:19.469786
sz.002422,2025-12-15,2025-12-22,0.420654296875,2025-12-15 20:03:19.469786
sz.002459,2025-12-15,2025-12-22,0.09722900390625,2025-12-15 20:03:19.469786
sz.002460,2025-12-15,2025-12-22,0.10821533203125,2025-12-15 20:03:19.469786
sz.002463,2025-12-15,2025-12-22,0.11163330078125,2025-12-15 20:03:19.469786
sz.002466,2025-12-15,2025-12-22,0.11737060546875,2025-12-15 20:03:19.469786
sz.002475,2025-12-15,2025-12-22,0.13427734375,2025-12-15 20:03:19.469786
sz.002493,2025-12-15,2025-12-22,0.08251953125,2025-12-15 20:03:19.469786
sz.002594,2025-12-15,2025-12-22,0.1177978515625,2025-12-15 20:03:19.469786
sz.002600,2025-12-15,2025-12-22,0.12432861328125,2025-12-15 20:03:19.469786
sz.002601,2025-12-15,2025-12-22,0.07806396484375,2025-12-15 20:03:19.469786
sz.002625,2020-01-02,2020-01-09,0.32470703125,2025-12-15 20:03:19.469786
sz.002625,2020-01-03,2020-01-10,0.2734375,2025-12-15 20:03:19.469786
sz.002625,2020-01-06,2020-01-13,0.2381591796875,2025-12-15 20:03:19.469786
sz.002625,2020-01-07,2020-01-14,0.35546875,2025-12-15 20:03:19.469786
sz.002625,2020-01-08,2020-01-15,0.2149658203125,2025-12-15 20:03:19.469786
sz.002625,2020-01-09,2020-01-16,0.34716796875,2025-12-15 20:03:19.469786
sz.002625,2020-01-10,2020-01-17,0.193359375,2025-12-15 20:03:19.469786
sz.002625,2020-01-13,2020-01-20,0.299560546875,2025-12-15 20:03:19.469786
sz.002625,2020-01-14,2020-01-21,0.301025390625,2025-12-15 20:03:19.469786
sz.002625,2020-01-15,2020-01-22,0.2398681640625,2025-12-15 20:03:19.469786
sz.002625,2020-01-16,2020-01-23,0.207275390625,2025-12-15 20:03:19.469786
sz.002625,2020-01-17,2020-01-24,0.159423828125,2025-12-15 20:03:19.469786
sz.002625,2020-01-20,2020-01-27,0.2379150390625,2025-12-15 20:03:19.469786
sz.002625,2020-01-21,2020-01-28,0.1763916015625,2025-12-15 20:03:19.469786
sz.002625,2020-01-22,2020-01-29,0.1767578125,2025-12-15 20:03:19.469786
sz.002625,2020-01-23,2020-01-30,0.130859375,2025-12-15 20:03:19.469786
sz.002625,2020-02-03,2020-02-10,0.441650390625,2025-12-15 20:03:19.469786
sz.002625,2020-02-04,2020-02-11,0.1556396484375,2025-12-15 20:03:19.469786
sz.002625,2020-02-05,2020-02-12,0.223876953125,2025-12-15 20:03:19.469786
sz.002625,2020-02-06,2020-02-13,0.10614013671875,2025-12-15 20:03:19.469786
sz.002625,2020-02-07,2020-02-14,0.1375732421875,2025-12-15 20:03:19.469786
sz.002625,2020-02-10,2020-02-17,0.0850830078125,2025-12-15 20:03:19.469786
sz.002625,2020-02-11,2020-02-18,0.1427001953125,2025-12-15 20:03:19.469786
sz.002625,2020-02-12,2020-02-19,0.138916015625,2025-12-15 20:03:19.469786
sz.002625,2020-02-13,2020-02-20,0.12451171875,2025-12-15 20:03:19.469786
sz.002625,2020-02-14,2020-02-21,0.146728515625,2025-12-15 20:03:19.469786
sz.002625,2020-02-17,2020-02-24,0.06927490234375,2025-12-15 20:03:19.469786
sz.002625,2020-02-18,2020-02-25,0.070556640625,2025-12-15 20:03:19.469786
sz.002625,2020-02-19,2020-02-26,0.1077880859375,2025-12-15 20:03:19.469786
sz.002625,2020-02-20,2020-02-27,0.134033203125,2025-12-15 20:03:19.469786
sz.002625,2020-02-21,2020-02-28,0.10858154296875,2025-12-15 20:03:19.469786
sz.002625,2020-02-24,2020-03-02,0.21533203125,2025-12-15 20:03:19.469786
sz.002625,2020-02-25,2020-03-03,0.15283203125,2025-12-15 20:03:19.469786
sz.002625,2020-02-26,2020-03-04,0.1295166015625,2025-12-15 20:03:19.469786
sz.002625,2020-02-27,2020-03-05,0.134033203125,2025-12-15 20:03:19.469786
sz.002625,2020-02-28,2020-03-06,0.139892578125,2025-12-15 20:03:19.469786
sz.002625,2020-03-02,2020-03-09,0.1466064453125,2025-12-15 20:03:19.469786
sz.002625,2020-03-03,2020-03-10,0.12213134765625,2025-12-15 20:03:19.469786
sz.002625,2020-03-04,2020-03-11,0.140869140625,2025-12-15 20:03:19.469786
sz.002625,2020-03-05,2020-03-12,0.1593017578125,2025-12-15 20:03:19.469786
sz.002625,2020-03-06,2020-03-13,0.2298583984375,2025-12-15 20:03:19.469786
sz.002625,2020-03-09,2020-03-16,0.1470947265625,2025-12-15 20:03:19.469786
sz.002625,2020-03-10,2020-03-17,0.2314453125,2025-12-15 20:03:19.469786
sz.002625,2020-03-11,2020-03-18,0.134765625,2025-12-15 20:03:19.469786
sz.002625,2020-03-12,2020-03-19,0.13232421875,2025-12-15 20:03:19.469786
sz.002625,2020-03-13,2020-03-20,0.10125732421875,2025-12-15 20:03:19.469786
sz.002625,2020-03-16,2020-03-23,0.12158203125,2025-12-15 20:03:19.469786
sz.002625,2020-03-17,2020-03-24,0.1187744140625,2025-12-15 20:03:19.469786
sz.002625,2020-03-18,2020-03-25,0.1251220703125,2025-12-15 20:03:19.469786
sz.002625,2020-03-19,2020-03-26,0.1015625,2025-12-15 20:03:19.469786
sz.002625,2020-03-20,2020-03-27,0.10968017578125,2025-12-15 20:03:19.469786
sz.002625,2020-03-23,2020-03-30,0.13623046875,2025-12-15 20:03:19.469786
sz.002625,2020-03-24,2020-03-31,0.1312255859375,2025-12-15 20:03:19.469786
sz.002625,2020-03-25,2020-04-01,0.12646484375,2025-12-15 20:03:19.469786
sz.002625,2020-03-26,2020-04-02,0.140380859375,2025-12-15 20:03:19.469786
sz.002625,2020-03-27,2020-04-03,0.137939453125,2025-12-15 20:03:19.469786
sz.002625,2020-03-30,2020-04-06,0.1253662109375,2025-12-15 20:03:19.469786
sz.002625,2020-03-31,2020-04-07,0.140869140625,2025-12-15 20:03:19.469786
sz.002625,2020-04-01,2020-04-08,0.07275390625,2025-12-15 20:03:19.469786
sz.002625,2020-04-02,2020-04-09,0.27978515625,2025-12-15 20:03:19.469786
sz.002625,2020-04-03,2020-04-10,0.1328125,2025-12-15 20:03:19.469786
sz.002625,2020-04-07,2020-04-14,0.12176513671875,2025-12-15 20:03:19.469786
sz.002625,2020-04-08,2020-04-15,0.080078125,2025-12-15 20:03:19.469786
sz.002625,2020-04-09,2020-04-16,0.1259765625,2025-12-15 20:03:19.469786
sz.002625,2020-04-10,2020-04-17,0.134033203125,2025-12-15 20:03:19.469786
sz.002625,2020-04-13,2020-04-20,0.133056640625,2025-12-15 20:03:19.469786
sz.002625,2020-04-14,2020-04-21,0.10894775390625,2025-12-15 20:03:19.469786
sz.002625,2020-04-15,2020-04-22,0.1353759765625,2025-12-15 20:03:19.469786
sz.002625,2020-04-16,2020-04-23,0.1087646484375,2025-12-15 20:03:19.469786
sz.002625,2020-04-17,2020-04-24,0.1378173828125,2025-12-15 20:03:19.469786
sz.002625,2020-04-20,2020-04-27,0.141357421875,2025-12-15 20:03:19.469786
sz.002625,2020-04-21,2020-04-28,0.1688232421875,2025-12-15 20:03:19.469786
sz.002625,2020-04-22,2020-04-29,0.187255859375,2025-12-15 20:03:19.469786
sz.002625,2020-04-23,2020-04-30,0.0706787109375,2025-12-15 20:03:19.469786
sz.002625,2020-04-24,2020-05-01,0.09552001953125,2025-12-15 20:03:19.469786
sz.002625,2020-04-27,2020-05-04,0.0723876953125,2025-12-15 20:03:19.469786
sz.002625,2020-04-28,2020-05-05,0.1256103515625,2025-12-15 20:03:19.469786
sz.002625,2020-04-29,2020-05-06,0.06817626953125,2025-12-15 20:03:19.469786
sz.002625,2020-04-30,2020-05-07,0.10992431640625,2025-12-15 20:03:19.469786
sz.002625,2020-05-06,2020-05-13,0.11065673828125,2025-12-15 20:03:19.469786
sz.002625,2020-05-07,2020-05-14,0.1298828125,2025-12-15 20:03:19.469786
sz.002625,2020-05-08,2020-05-15,0.128173828125,2025-12-15 20:03:19.469786
sz.002625,2020-05-11,2020-05-18,0.247314453125,2025-12-15 20:03:19.469786
sz.002625,2020-05-12,2020-05-19,0.1634521484375,2025-12-15 20:03:19.469786
sz.002625,2020-05-13,2020-05-20,0.139892578125,2025-12-15 20:03:19.469786
sz.002625,2020-05-14,2020-05-21,0.1314697265625,2025-12-15 20:03:19.469786
sz.002625,2020-05-15,2020-05-22,0.11614990234375,2025-12-15 20:03:19.469786
sz.002625,2020-05-18,2020-05-25,0.1153564453125,2025-12-15 20:03:19.469786
sz.002625,2020-05-19,2020-05-26,0.10357666015625,2025-12-15 20:03:19.469786
sz.002625,2020-05-20,2020-05-27,0.08587646484375,2025-12-15 20:03:19.469786
sz.002625,2020-05-21,2020-05-28,0.12420654296875,2025-12-15 20:03:19.469786
sz.002625,2020-05-22,2020-05-29,0.1268310546875,2025-12-15 20:03:19.469786
sz.002625,2020-05-25,2020-06-01,0.13623046875,2025-12-15 20:03:19.469786
sz.002625,2020-05-26,2020-06-02,0.1259765625,2025-12-15 20:03:19.469786
sz.002625,2020-05-27,2020-06-03,0.12066650390625,2025-12-15 20:03:19.469786
sz.002625,2020-05-28,2020-06-04,0.093994140625,2025-12-15 20:03:19.469786
sz.002625,2020-05-29,2020-06-05,0.135009765625,2025-12-15 20:03:19.469786
sz.002625,2020-06-01,2020-06-08,0.21630859375,2025-12-15 20:03:19.469786
sz.002625,2020-06-02,2020-06-09,0.08154296875,2025-12-15 20:03:19.469786
sz.002625,2020-06-03,2020-06-10,0.10430908203125,2025-12-15 20:03:19.469786
sz.002625,2020-06-04,2020-06-11,0.11083984375,2025-12-15 20:03:19.469786
sz.002625,2020-06-05,2020-06-12,0.1163330078125,2025-12-15 20:03:19.469786
sz.002625,2020-06-08,2020-06-15,0.1063232421875,2025-12-15 20:03:19.469786
sz.002625,2020-06-09,2020-06-16,0.1260986328125,2025-12-15 20:03:19.469786
sz.002625,2020-06-10,2020-06-17,0.0869140625,2025-12-15 20:03:19.469786
sz.002625,2020-06-11,2020-06-18,0.1318359375,2025-12-15 20:03:19.469786
sz.002625,2020-06-12,2020-06-19,0.11083984375,2025-12-15 20:03:19.469786
sz.002625,2020-06-15,2020-06-22,0.0802001953125,2025-12-15 20:03:19.469786
sz.002625,2020-06-16,2020-06-23,0.15771484375,2025-12-15 20:03:19.469786
sz.002625,2020-06-17,2020-06-24,0.09088134765625,2025-12-15 20:03:19.469786
sz.002625,2020-06-18,2020-06-25,0.12359619140625,2025-12-15 20:03:19.469786
sz.002625,2020-06-19,2020-06-26,0.1094970703125,2025-12-15 20:03:19.469786
sz.002625,2020-06-22,2020-06-29,0.11981201171875,2025-12-15 20:03:19.469786
sz.002625,2020-06-23,2020-06-30,0.11065673828125,2025-12-15 20:03:19.469786
sz.002625,2020-06-24,2020-07-01,0.1533203125,2025-12-15 20:03:19.469786
sz.002625,2020-06-29,2020-07-06,0.1995849609375,2025-12-15 20:03:19.469786
sz.002625,2020-06-30,2020-07-07,0.1510009765625,2025-12-15 20:03:19.469786
sz.002625,2020-07-01,2020-07-08,0.15380859375,2025-12-15 20:03:19.469786
sz.002625,2020-07-02,2020-07-09,0.21240234375,2025-12-15 20:03:19.469786
sz.002625,2020-07-03,2020-07-10,0.1309814453125,2025-12-15 20:03:19.469786
sz.002625,2020-07-06,2020-07-13,0.23095703125,2025-12-15 20:03:19.469786
sz.002625,2020-07-07,2020-07-14,0.07977294921875,2025-12-15 20:03:19.469786
sz.002625,2020-07-08,2020-07-15,0.278076171875,2025-12-15 20:03:19.469786
sz.002625,2020-07-09,2020-07-16,0.09552001953125,2025-12-15 20:03:19.469786
sz.002625,2020-07-10,2020-07-17,0.2451171875,2025-12-15 20:03:19.469786
sz.002625,2020-07-13,2020-07-20,0.189208984375,2025-12-15 20:03:19.469786
sz.002625,2020-07-14,2020-07-21,0.1820068359375,2025-12-15 20:03:19.469786
sz.002625,2020-07-15,2020-07-22,0.15380859375,2025-12-15 20:03:19.469786
sz.002625,2020-07-16,2020-07-23,0.56689453125,2025-12-15 20:03:19.469786
sz.002625,2020-07-17,2020-07-24,0.57568359375,2025-12-15 20:03:19.469786
sz.002625,2020-07-20,2020-07-27,0.54638671875,2025-12-15 20:03:19.469786
sz.002625,2020-07-21,2020-07-28,0.53857421875,2025-12-15 20:03:19.469786
sz.002625,2020-07-22,2020-07-29,0.55859375,2025-12-15 20:03:19.469786
sz.002625,2020-07-23,2020-07-30,0.5380859375,2025-12-15 20:03:19.469786
sz.002625,2020-07-24,2020-07-31,0.5029296875,2025-12-15 20:03:19.469786
sz.002625,2020-07-27,2020-08-03,0.517578125,2025-12-15 20:03:19.469786
sz.002625,2020-07-28,2020-08-04,0.42041015625,2025-12-15 20:03:19.469786
sz.002625,2020-07-29,2020-08-05,0.32421875,2025-12-15 20:03:19.469786
sz.002625,2020-07-30,2020-08-06,0.163818359375,2025-12-15 20:03:19.469786
sz.002625,2020-07-31,2020-08-07,0.174072265625,2025-12-15 20:03:19.469786
sz.002625,2020-08-03,2020-08-10,0.416259765625,2025-12-15 20:03:19.469786
sz.002625,2020-08-04,2020-08-11,0.439208984375,2025-12-15 20:03:19.469786
sz.002625,2020-08-05,2020-08-12,0.409423828125,2025-12-15 20:03:19.469786
sz.002625,2020-08-06,2020-08-13,0.1988525390625,2025-12-15 20:03:19.469786
sz.002625,2020-08-07,2020-08-14,0.217529296875,2025-12-15 20:03:19.469786
sz.002625,2020-08-10,2020-08-17,0.195556640625,2025-12-15 20:03:19.469786
sz.002625,2020-08-11,2020-08-18,0.158203125,2025-12-15 20:03:19.469786
sz.002625,2020-08-12,2020-08-19,0.1439208984375,2025-12-15 20:03:19.469786
sz.002625,2020-08-13,2020-08-20,0.1278076171875,2025-12-15 20:03:19.469786
sz.002625,2020-08-14,2020-08-21,0.1292724609375,2025-12-15 20:03:19.469786
sz.002625,2020-08-17,2020-08-24,0.1263427734375,2025-12-15 20:03:19.469786
sz.002625,2020-08-18,2020-08-25,0.1630859375,2025-12-15 20:03:19.469786
sz.002625,2020-08-19,2020-08-26,0.146484375,2025-12-15 20:03:19.469786
sz.002625,2020-08-20,2020-08-27,0.13134765625,2025-12-15 20:03:19.469786
sz.002625,2020-08-21,2020-08-28,0.09844970703125,2025-12-15 20:03:19.469786
sz.002625,2020-08-24,2020-08-31,0.1505126953125,2025-12-15 20:03:19.469786
sz.002625,2020-08-25,2020-09-01,0.133056640625,2025-12-15 20:03:19.469786
sz.002625,2020-08-26,2020-09-02,0.07366943359375,2025-12-15 20:03:19.469786
sz.002625,2020-08-27,2020-09-03,0.0975341796875,2025-12-15 20:03:19.469786
sz.002625,2020-08-28,2020-09-04,0.1356201171875,2025-12-15 20:03:19.469786
sz.002625,2020-08-31,2020-09-07,0.08880615234375,2025-12-15 20:03:19.469786
sz.002625,2020-09-01,2020-09-08,0.10821533203125,2025-12-15 20:03:19.469786
sz.002625,2020-09-02,2020-09-09,0.146240234375,2025-12-15 20:03:19.469786
sz.002625,2020-09-03,2020-09-10,0.107421875,2025-12-15 20:03:19.469786
sz.002625,2020-09-04,2020-09-11,0.126220703125,2025-12-15 20:03:19.469786
sz.002625,2020-09-07,2020-09-14,0.136962890625,2025-12-15 20:03:19.469786
sz.002625,2020-09-08,2020-09-15,0.1134033203125,2025-12-15 20:03:19.469786
sz.002625,2020-09-09,2020-09-16,0.130615234375,2025-12-15 20:03:19.469786
sz.002625,2020-09-10,2020-09-17,0.244384765625,2025-12-15 20:03:19.469786
sz.002625,2020-09-11,2020-09-18,0.1236572265625,2025-12-15 20:03:19.469786
sz.002625,2020-09-14,2020-09-21,0.109130859375,2025-12-15 20:03:19.469786
sz.002625,2020-09-15,2020-09-22,0.14599609375,2025-12-15 20:03:19.469786
sz.002625,2020-09-16,2020-09-23,0.07684326171875,2025-12-15 20:03:19.469786
sz.002625,2020-09-17,2020-09-24,0.1358642578125,2025-12-15 20:03:19.469786
sz.002625,2020-09-18,2020-09-25,0.1087646484375,2025-12-15 20:03:19.469786
sz.002625,2020-09-21,2020-09-28,0.2193603515625,2025-12-15 20:03:19.469786
sz.002625,2020-09-22,2020-09-29,0.1397705078125,2025-12-15 20:03:19.469786
sz.002625,2020-09-23,2020-09-30,0.2379150390625,2025-12-15 20:03:19.469786
sz.002625,2020-09-24,2020-10-01,0.091552734375,2025-12-15 20:03:19.469786
sz.002625,2020-09-25,2020-10-02,0.136474609375,2025-12-15 20:03:19.469786
sz.002625,2020-09-28,2020-10-05,0.090576171875,2025-12-15 20:03:19.469786
sz.002625,2020-09-29,2020-10-06,0.12939453125,2025-12-15 20:03:19.469786
sz.002625,2020-09-30,2020-10-07,0.143310546875,2025-12-15 20:03:19.469786
sz.002625,2020-10-09,2020-10-16,0.133544921875,2025-12-15 20:03:19.469786
sz.002625,2020-10-12,2020-10-19,0.16845703125,2025-12-15 20:03:19.469786
sz.002625,2020-10-13,2020-10-20,0.158935546875,2025-12-15 20:03:19.469786
sz.002625,2020-10-14,2020-10-21,0.130126953125,2025-12-15 20:03:19.469786
sz.002625,2020-10-15,2020-10-22,0.15966796875,2025-12-15 20:03:19.469786
sz.002625,2020-10-16,2020-10-23,0.21728515625,2025-12-15 20:03:19.469786
sz.002625,2020-10-19,2020-10-26,0.1380615234375,2025-12-15 20:03:19.469786
sz.002625,2020-10-20,2020-10-27,0.1798095703125,2025-12-15 20:03:19.469786
sz.002625,2020-10-21,2020-10-28,0.1336669921875,2025-12-15 20:03:19.469786
sz.002625,2020-10-22,2020-10-29,0.1556396484375,2025-12-15 20:03:19.469786
sz.002625,2020-10-23,2020-10-30,0.119384765625,2025-12-15 20:03:19.469786
sz.002625,2020-10-26,2020-11-02,0.1512451171875,2025-12-15 20:03:19.469786
sz.002625,2020-10-27,2020-11-03,0.2418212890625,2025-12-15 20:03:19.469786
sz.002625,2020-10-28,2020-11-04,0.150634765625,2025-12-15 20:03:19.469786
sz.002625,2020-10-29,2020-11-05,0.30859375,2025-12-15 20:03:19.469786
sz.002625,2020-10-30,2020-11-06,0.1318359375,2025-12-15 20:03:19.469786
sz.002625,2020-11-02,2020-11-09,0.08270263671875,2025-12-15 20:03:19.469786
sz.002625,2020-11-03,2020-11-10,0.09808349609375,2025-12-15 20:03:19.469786
sz.002625,2020-11-04,2020-11-11,0.1318359375,2025-12-15 20:03:19.469786
sz.002625,2020-11-05,2020-11-12,0.2042236328125,2025-12-15 20:03:19.469786
sz.002625,2020-11-06,2020-11-13,0.10687255859375,2025-12-15 20:03:19.469786
sz.002625,2020-11-09,2020-11-16,0.1673583984375,2025-12-15 20:03:19.469786
sz.002625,2020-11-10,2020-11-17,0.11102294921875,2025-12-15 20:03:19.469786
sz.002625,2020-11-11,2020-11-18,0.12176513671875,2025-12-15 20:03:19.469786
sz.002625,2020-11-12,2020-11-19,0.134033203125,2025-12-15 20:03:19.469786
sz.002625,2020-11-13,2020-11-20,0.10540771484375,2025-12-15 20:03:19.469786
sz.002625,2020-11-16,2020-11-23,0.1300048828125,2025-12-15 20:03:19.469786
sz.002625,2020-11-17,2020-11-24,0.12188720703125,2025-12-15 20:03:19.469786
sz.002625,2020-11-18,2020-11-25,0.34033203125,2025-12-15 20:03:19.469786
sz.002625,2020-11-19,2020-11-26,0.10302734375,2025-12-15 20:03:19.469786
sz.002625,2020-11-20,2020-11-27,0.1416015625,2025-12-15 20:03:19.469786
sz.002625,2020-11-23,2020-11-30,0.1407470703125,2025-12-15 20:03:19.469786
sz.002625,2020-11-24,2020-12-01,0.1270751953125,2025-12-15 20:03:19.469786
sz.002625,2020-11-25,2020-12-02,0.1324462890625,2025-12-15 20:03:19.469786
sz.002625,2020-11-26,2020-12-03,0.07879638671875,2025-12-15 20:03:19.469786
sz.002625,2020-11-27,2020-12-04,0.129638671875,2025-12-15 20:03:19.469786
sz.002625,2020-11-30,2020-12-07,0.138916015625,2025-12-15 20:03:19.469786
sz.002625,2020-12-01,2020-12-08,0.132568359375,2025-12-15 20:03:19.469786
sz.002625,2020-12-02,2020-12-09,0.1451416015625,2025-12-15 20:03:19.469786
sz.002625,2020-12-03,2020-12-10,0.1290283203125,2025-12-15 20:03:19.469786
sz.002625,2020-12-04,2020-12-11,0.1708984375,2025-12-15 20:03:19.469786
sz.002625,2020-12-07,2020-12-14,0.136474609375,2025-12-15 20:03:19.469786
sz.002625,2020-12-08,2020-12-15,0.14990234375,2025-12-15 20:03:19.469786
sz.002625,2020-12-09,2020-12-16,0.147705078125,2025-12-15 20:03:19.469786
sz.002625,2020-12-10,2020-12-17,0.1358642578125,2025-12-15 20:03:19.469786
sz.002625,2020-12-11,2020-12-18,0.12359619140625,2025-12-15 20:03:19.469786
sz.002625,2020-12-14,2020-12-21,0.09844970703125,2025-12-15 20:03:19.469786
sz.002625,2020-12-15,2020-12-22,0.118408203125,2025-12-15 20:03:19.469786
sz.002625,2020-12-16,2020-12-23,0.138916015625,2025-12-15 20:03:19.469786
sz.002625,2020-12-17,2020-12-24,0.11737060546875,2025-12-15 20:03:19.469786
sz.002625,2020-12-18,2020-12-25,0.08709716796875,2025-12-15 20:03:19.469786
sz.002625,2020-12-21,2020-12-28,0.093505859375,2025-12-15 20:03:19.469786
sz.002625,2020-12-22,2020-12-29,0.1260986328125,2025-12-15 20:03:19.469786
sz.002625,2020-12-23,2020-12-30,0.09173583984375,2025-12-15 20:03:19.469786
sz.002625,2020-12-24,2020-12-31,0.0753173828125,2025-12-15 20:03:19.469786
sz.002625,2020-12-25,2021-01-01,0.10723876953125,2025-12-15 20:03:19.469786
sz.002625,2020-12-28,2021-01-04,0.1202392578125,2025-12-15 20:03:19.469786
sz.002625,2020-12-29,2021-01-05,0.08709716796875,2025-12-15 20:03:19.469786
sz.002625,2020-12-30,2021-01-06,0.1202392578125,2025-12-15 20:03:19.469786
sz.002625,2020-12-31,2021-01-07,0.46337890625,2025-12-15 20:03:19.469786
sz.002625,2021-01-04,2021-01-11,0.41552734375,2025-12-15 20:03:19.469786
sz.002625,2021-01-05,2021-01-12,0.145263671875,2025-12-15 20:03:19.469786
sz.002625,2021-01-06,2021-01-13,0.261962890625,2025-12-15 20:03:19.469786
sz.002625,2021-01-07,2021-01-14,0.1746826171875,2025-12-15 20:03:19.469786
sz.002625,2021-01-08,2021-01-15,0.12335205078125,2025-12-15 20:03:19.469786
sz.002625,2021-01-11,2021-01-18,0.116943359375,2025-12-15 20:03:19.469786
sz.002625,2021-01-12,2021-01-19,0.1583251953125,2025-12-15 20:03:19.469786
sz.002625,2021-01-13,2021-01-20,0.155029296875,2025-12-15 20:03:19.469786
sz.002625,2021-01-14,2021-01-21,0.1302490234375,2025-12-15 20:03:19.469786
sz.002625,2021-01-15,2021-01-22,0.273193359375,2025-12-15 20:03:19.469786
sz.002625,2021-01-18,2021-01-25,0.1597900390625,2025-12-15 20:03:19.469786
sz.002625,2021-01-19,2021-01-26,0.1341552734375,2025-12-15 20:03:19.469786
sz.002625,2021-01-20,2021-01-27,0.268310546875,2025-12-15 20:03:19.469786
sz.002625,2021-01-21,2021-01-28,0.191650390625,2025-12-15 20:03:19.469786
sz.002625,2021-01-22,2021-01-29,0.17333984375,2025-12-15 20:03:19.469786
sz.002625,2021-01-25,2021-02-01,0.12127685546875,2025-12-15 20:03:19.469786
sz.002625,2021-01-26,2021-02-02,0.1685791015625,2025-12-15 20:03:19.469786
sz.002625,2021-01-27,2021-02-03,0.14599609375,2025-12-15 20:03:19.469786
sz.002625,2021-01-28,2021-02-04,0.11578369140625,2025-12-15 20:03:19.469786
sz.002625,2021-01-29,2021-02-05,0.171630859375,2025-12-15 20:03:19.469786
sz.002625,2021-02-01,2021-02-08,0.1348876953125,2025-12-15 20:03:19.469786
sz.002625,2021-02-02,2021-02-09,0.1983642578125,2025-12-15 20:03:19.469786
sz.002625,2021-02-03,2021-02-10,0.1280517578125,2025-12-15 20:03:19.469786
sz.002625,2021-02-04,2021-02-11,0.10968017578125,2025-12-15 20:03:19.469786
sz.002625,2021-02-05,2021-02-12,0.171630859375,2025-12-15 20:03:19.469786
sz.002625,2021-02-08,2021-02-15,0.157470703125,2025-12-15 20:03:19.469786
sz.002625,2021-02-09,2021-02-16,0.21533203125,2025-12-15 20:03:19.469786
sz.002625,2021-02-10,2021-02-17,0.2386474609375,2025-12-15 20:03:19.469786
sz.002625,2021-02-18,2021-02-25,0.232666015625,2025-12-15 20:03:19.469786
sz.002625,2021-02-19,2021-02-26,0.2086181640625,2025-12-15 20:03:19.469786
sz.002625,2021-02-22,2021-03-01,0.152587890625,2025-12-15 20:03:19.469786
sz.002625,2021-02-23,2021-03-02,0.1405029296875,2025-12-15 20:03:19.469786
sz.002625,2021-02-24,2021-03-03,0.1744384765625,2025-12-15 20:03:19.469786
sz.002625,2021-02-25,2021-03-04,0.150390625,2025-12-15 20:03:19.469786
sz.002625,2021-02-26,2021-03-05,0.1329345703125,2025-12-15 20:03:19.469786
sz.002625,2021-03-01,2021-03-08,0.15576171875,2025-12-15 20:03:19.469786
sz.002625,2021-03-02,2021-03-09,0.1583251953125,2025-12-15 20:03:19.469786
sz.002625,2021-03-03,2021-03-10,0.1434326171875,2025-12-15 20:03:19.469786
sz.002625,2021-03-04,2021-03-11,0.131591796875,2025-12-15 20:03:19.469786
sz.002625,2021-03-05,2021-03-12,0.14208984375,2025-12-15 20:03:19.469786
sz.002625,2021-03-08,2021-03-15,0.12890625,2025-12-15 20:03:19.469786
sz.002625,2021-03-09,2021-03-16,0.11102294921875,2025-12-15 20:03:19.469786
sz.002625,2021-03-10,2021-03-17,0.1175537109375,2025-12-15 20:03:19.469786
sz.002625,2021-03-11,2021-03-18,0.1134033203125,2025-12-15 20:03:19.469786
sz.002625,2021-03-12,2021-03-19,0.138916015625,2025-12-15 20:03:19.469786
sz.002625,2021-03-15,2021-03-22,0.1044921875,2025-12-15 20:03:19.469786
sz.002625,2021-03-16,2021-03-23,0.1373291015625,2025-12-15 20:03:19.469786
sz.002625,2021-03-17,2021-03-24,0.1448974609375,2025-12-15 20:03:19.469786
sz.002625,2021-03-18,2021-03-25,0.10540771484375,2025-12-15 20:03:19.469786
sz.002625,2021-03-19,2021-03-26,0.0938720703125,2025-12-15 20:03:19.469786
sz.002625,2021-03-22,2021-03-29,0.153076171875,2025-12-15 20:03:19.469786
sz.002625,2021-03-23,2021-03-30,0.1365966796875,2025-12-15 20:03:19.469786
sz.002625,2021-03-24,2021-03-31,0.118408203125,2025-12-15 20:03:19.469786
sz.002625,2021-03-25,2021-04-01,0.1370849609375,2025-12-15 20:03:19.469786
sz.002625,2021-03-26,2021-04-02,0.12274169921875,2025-12-15 20:03:19.469786
sz.002625,2021-03-29,2021-04-05,0.129150390625,2025-12-15 20:03:19.469786
sz.002625,2021-03-30,2021-04-06,0.093505859375,2025-12-15 20:03:19.469786
sz.002625,2021-03-31,2021-04-07,0.1358642578125,2025-12-15 20:03:19.469786
sz.002625,2021-04-01,2021-04-08,0.1485595703125,2025-12-15 20:03:19.469786
sz.002625,2021-04-02,2021-04-09,0.1282958984375,2025-12-15 20:03:19.469786
sz.002625,2021-04-06,2021-04-13,0.1417236328125,2025-12-15 20:03:19.469786
sz.002625,2021-04-07,2021-04-14,0.1385498046875,2025-12-15 20:03:19.469786
sz.002625,2021-04-08,2021-04-15,0.095703125,2025-12-15 20:03:19.469786
sz.002625,2021-04-09,2021-04-16,0.1319580078125,2025-12-15 20:03:19.469786
sz.002625,2021-04-12,2021-04-19,0.1343994140625,2025-12-15 20:03:19.469786
sz.002625,2021-04-13,2021-04-20,0.08154296875,2025-12-15 20:03:19.469786
sz.002625,2021-04-14,2021-04-21,0.1458740234375,2025-12-15 20:03:19.469786
sz.002625,2021-04-15,2021-04-22,0.11798095703125,2025-12-15 20:03:19.469786
sz.002625,2021-04-16,2021-04-23,0.082275390625,2025-12-15 20:03:19.469786
sz.002625,2021-04-19,2021-04-26,0.11163330078125,2025-12-15 20:03:19.469786
sz.002625,2021-04-20,2021-04-27,0.07318115234375,2025-12-15 20:03:19.469786
sz.002625,2021-04-21,2021-04-28,0.12841796875,2025-12-15 20:03:19.469786
sz.002625,2021-04-22,2021-04-29,0.11968994140625,2025-12-15 20:03:19.469786
sz.002625,2021-04-23,2021-04-30,0.10687255859375,2025-12-15 20:03:19.469786
sz.002625,2021-04-26,2021-05-03,0.11968994140625,2025-12-15 20:03:19.469786
sz.002625,2021-04-27,2021-05-04,0.11859130859375,2025-12-15 20:03:19.469786
sz.002625,2021-04-28,2021-05-05,0.133544921875,2025-12-15 20:03:19.469786
sz.002625,2021-04-29,2021-05-06,0.1474609375,2025-12-15 20:03:19.469786
sz.002625,2021-04-30,2021-05-07,0.15185546875,2025-12-15 20:03:19.469786
sz.002625,2021-05-06,2021-05-13,0.097412109375,2025-12-15 20:03:19.469786
sz.002625,2021-05-07,2021-05-14,0.1734619140625,2025-12-15 20:03:19.469786
sz.002625,2021-05-10,2021-05-17,0.1651611328125,2025-12-15 20:03:19.469786
sz.002625,2021-05-11,2021-05-18,0.129150390625,2025-12-15 20:03:19.469786
sz.002625,2021-05-12,2021-05-19,0.1859130859375,2025-12-15 20:03:19.469786
sz.002625,2021-05-13,2021-05-20,0.1976318359375,2025-12-15 20:03:19.469786
sz.002625,2021-05-14,2021-05-21,0.2220458984375,2025-12-15 20:03:19.469786
sz.002625,2021-05-17,2021-05-24,0.2452392578125,2025-12-15 20:03:19.469786
sz.002625,2021-05-18,2021-05-25,0.37353515625,2025-12-15 20:03:19.469786
sz.002625,2021-05-19,2021-05-26,0.363525390625,2025-12-15 20:03:19.469786
sz.002625,2021-05-20,2021-05-27,0.356201171875,2025-12-15 20:03:19.469786
sz.002625,2021-05-21,2021-05-28,0.244140625,2025-12-15 20:03:19.469786
sz.002625,2021-05-24,2021-05-31,0.43310546875,2025-12-15 20:03:19.469786
sz.002625,2021-05-25,2021-06-01,0.33349609375,2025-12-15 20:03:19.469786
sz.002625,2021-05-26,2021-06-02,0.2176513671875,2025-12-15 20:03:19.469786
sz.002625,2021-05-27,2021-06-03,0.30419921875,2025-12-15 20:03:19.469786
sz.002625,2021-05-28,2021-06-04,0.23388671875,2025-12-15 20:03:19.469786
sz.002625,2021-05-31,2021-06-07,0.33984375,2025-12-15 20:03:19.469786
sz.002625,2021-06-01,2021-06-08,0.130615234375,2025-12-15 20:03:19.469786
sz.002625,2021-06-02,2021-06-09,0.175537109375,2025-12-15 20:03:19.469786
sz.002625,2021-06-03,2021-06-10,0.318603515625,2025-12-15 20:03:19.469786
sz.002625,2021-06-04,2021-06-11,0.356201171875,2025-12-15 20:03:19.469786
sz.002625,2021-06-07,2021-06-14,0.376220703125,2025-12-15 20:03:19.469786
sz.002625,2021-06-08,2021-06-15,0.1600341796875,2025-12-15 20:03:19.469786
sz.002625,2021-06-09,2021-06-16,0.369873046875,2025-12-15 20:03:19.469786
sz.002625,2021-06-10,2021-06-17,0.2298583984375,2025-12-15 20:03:19.469786
sz.002625,2021-06-11,2021-06-18,0.141357421875,2025-12-15 20:03:19.469786
sz.002625,2021-06-15,2021-06-22,0.1383056640625,2025-12-15 20:03:19.469786
sz.002625,2021-06-16,2021-06-23,0.1395263671875,2025-12-15 20:03:19.469786
sz.002625,2021-06-17,2021-06-24,0.1837158203125,2025-12-15 20:03:19.469786
sz.002625,2021-06-18,2021-06-25,0.1312255859375,2025-12-15 20:03:19.469786
sz.002625,2021-06-21,2021-06-28,0.102294921875,2025-12-15 20:03:19.469786
sz.002625,2021-06-22,2021-06-29,0.1461181640625,2025-12-15 20:03:19.469786
sz.002625,2021-06-23,2021-06-30,0.1414794921875,2025-12-15 20:03:19.469786
sz.002625,2021-06-24,2021-07-01,0.1314697265625,2025-12-15 20:03:19.469786
sz.002625,2021-06-25,2021-07-02,0.11181640625,2025-12-15 20:03:19.469786
sz.002625,2021-06-28,2021-07-05,0.0869140625,2025-12-15 20:03:19.469786
sz.002625,2021-06-29,2021-07-06,0.12744140625,2025-12-15 20:03:19.469786
sz.002625,2021-06-30,2021-07-07,0.11279296875,2025-12-15 20:03:19.469786
sz.002625,2021-07-01,2021-07-08,0.123046875,2025-12-15 20:03:19.469786
sz.002625,2021-07-02,2021-07-09,0.07421875,2025-12-15 20:03:19.469786
sz.002625,2021-07-05,2021-07-12,0.091064453125,2025-12-15 20:03:19.469786
sz.002625,2021-07-06,2021-07-13,0.40380859375,2025-12-15 20:03:19.469786
sz.002625,2021-07-07,2021-07-14,0.1395263671875,2025-12-15 20:03:19.469786
sz.002625,2021-07-08,2021-07-15,0.08465576171875,2025-12-15 20:03:19.469786
sz.002625,2021-07-09,2021-07-16,0.1246337890625,2025-12-15 20:03:19.469786
sz.002625,2021-07-12,2021-07-19,0.1304931640625,2025-12-15 20:03:19.469786
sz.002625,2021-07-13,2021-07-20,0.10992431640625,2025-12-15 20:03:19.469786
sz.002625,2021-07-14,2021-07-21,0.126953125,2025-12-15 20:03:19.469786
sz.002625,2021-07-15,2021-07-22,0.1094970703125,2025-12-15 20:03:19.469786
sz.002625,2021-07-16,2021-07-23,0.09503173828125,2025-12-15 20:03:19.469786
sz.002625,2021-07-19,2021-07-26,0.12347412109375,2025-12-15 20:03:19.469786
sz.002625,2021-07-20,2021-07-27,0.1153564453125,2025-12-15 20:03:19.469786
sz.002625,2021-07-21,2021-07-28,0.1751708984375,2025-12-15 20:03:19.469786
sz.002625,2021-07-22,2021-07-29,0.1356201171875,2025-12-15 20:03:19.469786
sz.002625,2021-07-23,2021-07-30,0.09808349609375,2025-12-15 20:03:19.469786
sz.002625,2021-07-26,2021-08-02,0.144287109375,2025-12-15 20:03:19.469786
sz.002625,2021-07-27,2021-08-03,0.1295166015625,2025-12-15 20:03:19.469786
sz.002625,2021-07-28,2021-08-04,0.128173828125,2025-12-15 20:03:19.469786
sz.002625,2021-07-29,2021-08-05,0.09686279296875,2025-12-15 20:03:19.469786
sz.002625,2021-07-30,2021-08-06,0.093505859375,2025-12-15 20:03:19.469786
sz.002625,2021-08-02,2021-08-09,0.2685546875,2025-12-15 20:03:19.469786
sz.002625,2021-08-03,2021-08-10,0.1033935546875,2025-12-15 20:03:19.469786
sz.002625,2021-08-04,2021-08-11,0.130126953125,2025-12-15 20:03:19.469786
sz.002625,2021-08-05,2021-08-12,0.08404541015625,2025-12-15 20:03:19.469786
sz.002625,2021-08-06,2021-08-13,0.11029052734375,2025-12-15 20:03:19.469786
sz.002625,2021-08-09,2021-08-16,0.08587646484375,2025-12-15 20:03:19.469786
sz.002625,2021-08-10,2021-08-17,0.183349609375,2025-12-15 20:03:19.469786
sz.002625,2021-08-11,2021-08-18,0.1671142578125,2025-12-15 20:03:19.469786
sz.002625,2021-08-12,2021-08-19,0.167236328125,2025-12-15 20:03:19.469786
sz.002625,2021-08-13,2021-08-20,0.1466064453125,2025-12-15 20:03:19.469786
sz.002625,2021-08-16,2021-08-23,0.140625,2025-12-15 20:03:19.469786
sz.002625,2021-08-17,2021-08-24,0.1339111328125,2025-12-15 20:03:19.469786
sz.002625,2021-08-18,2021-08-25,0.1533203125,2025-12-15 20:03:19.469786
sz.002625,2021-08-19,2021-08-26,0.1343994140625,2025-12-15 20:03:19.469786
sz.002625,2021-08-20,2021-08-27,0.1165771484375,2025-12-15 20:03:19.469786
sz.002625,2021-08-23,2021-08-30,0.1544189453125,2025-12-15 20:03:19.469786
sz.002625,2021-08-24,2021-08-31,0.179443359375,2025-12-15 20:03:19.469786
sz.002625,2021-08-25,2021-09-01,0.12744140625,2025-12-15 20:03:19.469786
sz.002625,2021-08-26,2021-09-02,0.11279296875,2025-12-15 20:03:19.469786
sz.002625,2021-08-27,2021-09-03,0.118408203125,2025-12-15 20:03:19.469786
sz.002625,2021-08-30,2021-09-06,0.10089111328125,2025-12-15 20:03:19.469786
sz.002625,2021-08-31,2021-09-07,0.1435546875,2025-12-15 20:03:19.469786
sz.002625,2021-09-01,2021-09-08,0.1292724609375,2025-12-15 20:03:19.469786
sz.002625,2021-09-02,2021-09-09,0.0809326171875,2025-12-15 20:03:19.469786
sz.002625,2021-09-03,2021-09-10,0.126953125,2025-12-15 20:03:19.469786
sz.002625,2021-09-06,2021-09-13,0.12890625,2025-12-15 20:03:19.469786
sz.002625,2021-09-07,2021-09-14,0.1651611328125,2025-12-15 20:03:19.469786
sz.002625,2021-09-08,2021-09-15,0.1256103515625,2025-12-15 20:03:19.469786
sz.002625,2021-09-09,2021-09-16,0.2322998046875,2025-12-15 20:03:19.469786
sz.002625,2021-09-10,2021-09-17,0.142333984375,2025-12-15 20:03:19.469786
sz.002625,2021-09-13,2021-09-20,0.1695556640625,2025-12-15 20:03:19.469786
sz.002625,2021-09-14,2021-09-21,0.1231689453125,2025-12-15 20:03:19.469786
sz.002625,2021-09-15,2021-09-22,0.1624755859375,2025-12-15 20:03:19.469786
sz.002625,2021-09-16,2021-09-23,0.138916015625,2025-12-15 20:03:19.469786
sz.002625,2021-09-17,2021-09-24,0.1121826171875,2025-12-15 20:03:19.469786
sz.002625,2021-09-22,2021-09-29,0.091064453125,2025-12-15 20:03:19.469786
sz.002625,2021-09-23,2021-09-30,0.1298828125,2025-12-15 20:03:19.469786
sz.002625,2021-09-24,2021-10-01,0.1470947265625,2025-12-15 20:03:19.469786
sz.002625,2021-09-27,2021-10-04,0.106689453125,2025-12-15 20:03:19.469786
sz.002625,2021-09-28,2021-10-05,0.130615234375,2025-12-15 20:03:19.469786
sz.002625,2021-09-29,2021-10-06,0.1175537109375,2025-12-15 20:03:19.469786
sz.002625,2021-09-30,2021-10-07,0.0867919921875,2025-12-15 20:03:19.469786
sz.002625,2021-10-08,2021-10-15,0.12042236328125,2025-12-15 20:03:19.469786
sz.002625,2021-10-11,2021-10-18,0.0810546875,2025-12-15 20:03:19.469786
sz.002625,2021-10-12,2021-10-19,0.129638671875,2025-12-15 20:03:19.469786
sz.002625,2021-10-13,2021-10-20,0.085693359375,2025-12-15 20:03:19.469786
sz.002625,2021-10-14,2021-10-21,0.093994140625,2025-12-15 20:03:19.469786
sz.002625,2021-10-15,2021-10-22,0.08270263671875,2025-12-15 20:03:19.469786
sz.002625,2021-10-18,2021-10-25,0.12274169921875,2025-12-15 20:03:19.469786
sz.002625,2021-10-19,2021-10-26,0.1412353515625,2025-12-15 20:03:19.469786
sz.002625,2021-10-20,2021-10-27,0.12066650390625,2025-12-15 20:03:19.469786
sz.002625,2021-10-21,2021-10-28,0.1365966796875,2025-12-15 20:03:19.469786
sz.002625,2021-10-22,2021-10-29,0.11279296875,2025-12-15 20:03:19.469786
sz.002625,2021-10-25,2021-11-01,0.1207275390625,2025-12-15 20:03:19.469786
sz.002625,2021-10-26,2021-11-02,0.13134765625,2025-12-15 20:03:19.469786
sz.002625,2021-10-27,2021-11-03,0.1285400390625,2025-12-15 20:03:19.469786
sz.002625,2021-10-28,2021-11-04,0.1529541015625,2025-12-15 20:03:19.469786
sz.002625,2021-10-29,2021-11-05,0.1376953125,2025-12-15 20:03:19.469786
sz.002625,2021-11-01,2021-11-08,0.118408203125,2025-12-15 20:03:19.469786
sz.002625,2021-11-02,2021-11-09,0.07977294921875,2025-12-15 20:03:19.469786
sz.002625,2021-11-03,2021-11-10,0.091064453125,2025-12-15 20:03:19.469786
sz.002625,2021-11-04,2021-11-11,0.134033203125,2025-12-15 20:03:19.469786
sz.002625,2021-11-05,2021-11-12,0.06903076171875,2025-12-15 20:03:19.469786
sz.002625,2021-11-08,2021-11-15,0.10614013671875,2025-12-15 20:03:19.469786
sz.002625,2021-11-09,2021-11-16,0.1368408203125,2025-12-15 20:03:19.469786
sz.002625,2021-11-10,2021-11-17,0.11163330078125,2025-12-15 20:03:19.469786
sz.002625,2021-11-11,2021-11-18,0.1153564453125,2025-12-15 20:03:19.469786
sz.002625,2021-11-12,2021-11-19,0.085693359375,2025-12-15 20:03:19.469786
sz.002625,2021-11-15,2021-11-22,0.0794677734375,2025-12-15 20:03:19.469786
sz.002625,2021-11-16,2021-11-23,0.11962890625,2025-12-15 20:03:19.469786
sz.002625,2021-11-17,2021-11-24,0.09466552734375,2025-12-15 20:03:19.469786
sz.002625,2021-11-18,2021-11-25,0.1165771484375,2025-12-15 20:03:19.469786
sz.002625,2021-11-19,2021-11-26,0.12249755859375,2025-12-15 20:03:19.469786
sz.002625,2021-11-22,2021-11-29,0.1348876953125,2025-12-15 20:03:19.469786
sz.002625,2021-11-23,2021-11-30,0.0782470703125,2025-12-15 20:03:19.469786
sz.002625,2021-11-24,2021-12-01,0.092529296875,2025-12-15 20:03:19.469786
sz.002625,2021-11-25,2021-12-02,0.12249755859375,2025-12-15 20:03:19.469786
sz.002625,2021-11-26,2021-12-03,0.1251220703125,2025-12-15 20:03:19.469786
sz.002625,2021-11-29,2021-12-06,0.149169921875,2025-12-15 20:03:19.469786
sz.002625,2021-11-30,2021-12-07,0.137939453125,2025-12-15 20:03:19.469786
sz.002625,2021-12-01,2021-12-08,0.1312255859375,2025-12-15 20:03:19.469786
sz.002625,2021-12-02,2021-12-09,0.125732421875,2025-12-15 20:03:19.469786
sz.002625,2021-12-03,2021-12-10,0.11358642578125,2025-12-15 20:03:19.469786
sz.002625,2021-12-06,2021-12-13,0.134521484375,2025-12-15 20:03:19.469786
sz.002625,2021-12-07,2021-12-14,0.1353759765625,2025-12-15 20:03:19.469786
sz.002625,2021-12-08,2021-12-15,0.224609375,2025-12-15 20:03:19.469786
sz.002625,2021-12-09,2021-12-16,0.1171875,2025-12-15 20:03:19.469786
sz.002625,2021-12-10,2021-12-17,0.1121826171875,2025-12-15 20:03:19.469786
sz.002625,2021-12-13,2021-12-20,0.17138671875,2025-12-15 20:03:19.469786
sz.002625,2021-12-14,2021-12-21,0.1251220703125,2025-12-15 20:03:19.469786
sz.002625,2021-12-15,2021-12-22,0.1416015625,2025-12-15 20:03:19.469786
sz.002625,2021-12-16,2021-12-23,0.1339111328125,2025-12-15 20:03:19.469786
sz.002625,2021-12-17,2021-12-24,0.1190185546875,2025-12-15 20:03:19.469786
sz.002625,2021-12-20,2021-12-27,0.128173828125,2025-12-15 20:03:19.469786
sz.002625,2021-12-21,2021-12-28,0.09039306640625,2025-12-15 20:03:19.469786
sz.002625,2021-12-22,2021-12-29,0.081787109375,2025-12-15 20:03:19.469786
sz.002625,2021-12-23,2021-12-30,0.1280517578125,2025-12-15 20:03:19.469786
sz.002625,2021-12-24,2021-12-31,0.10821533203125,2025-12-15 20:03:19.469786
sz.002625,2021-12-27,2022-01-03,0.091064453125,2025-12-15 20:03:19.469786
sz.002625,2021-12-28,2022-01-04,0.09466552734375,2025-12-15 20:03:19.469786
sz.002625,2021-12-29,2022-01-05,0.128662109375,2025-12-15 20:03:19.469786
sz.002625,2021-12-30,2022-01-06,0.2156982421875,2025-12-15 20:03:19.469786
sz.002625,2021-12-31,2022-01-07,0.1273193359375,2025-12-15 20:03:19.469786
sz.002625,2022-01-04,2022-01-11,0.1279296875,2025-12-15 20:03:19.469786
sz.002625,2022-01-05,2022-01-12,0.12493896484375,2025-12-15 20:03:19.469786
sz.002625,2022-01-06,2022-01-13,0.08868408203125,2025-12-15 20:03:19.469786
sz.002625,2022-01-07,2022-01-14,0.120849609375,2025-12-15 20:03:19.469786
sz.002625,2022-01-10,2022-01-17,0.13525390625,2025-12-15 20:03:19.469786
sz.002625,2022-01-11,2022-01-18,0.132568359375,2025-12-15 20:03:19.469786
sz.002625,2022-01-12,2022-01-19,0.145263671875,2025-12-15 20:03:19.469786
sz.002625,2022-01-13,2022-01-20,0.1424560546875,2025-12-15 20:03:19.469786
sz.002625,2022-01-14,2022-01-21,0.1485595703125,2025-12-15 20:03:19.469786
sz.002625,2022-01-17,2022-01-24,0.23974609375,2025-12-15 20:03:19.469786
sz.002625,2022-01-18,2022-01-25,0.1739501953125,2025-12-15 20:03:19.469786
sz.002625,2022-01-19,2022-01-26,0.1761474609375,2025-12-15 20:03:19.469786
sz.002625,2022-01-20,2022-01-27,0.2998046875,2025-12-15 20:03:19.469786
sz.002625,2022-01-21,2022-01-28,0.373291015625,2025-12-15 20:03:19.469786
sz.002625,2022-01-24,2022-01-31,0.438232421875,2025-12-15 20:03:19.469786
sz.002625,2022-01-25,2022-02-01,0.38525390625,2025-12-15 20:03:19.469786
sz.002625,2022-01-26,2022-02-02,0.152587890625,2025-12-15 20:03:19.469786
sz.002625,2022-01-27,2022-02-03,0.1397705078125,2025-12-15 20:03:19.469786
sz.002625,2022-01-28,2022-02-04,0.166259765625,2025-12-15 20:03:19.469786
sz.002625,2022-02-07,2022-02-14,0.11578369140625,2025-12-15 20:03:19.469786
sz.002625,2022-02-08,2022-02-15,0.1695556640625,2025-12-15 20:03:19.469786
sz.002625,2022-02-09,2022-02-16,0.1490478515625,2025-12-15 20:03:19.469786
sz.002625,2022-02-10,2022-02-17,0.1390380859375,2025-12-15 20:03:19.469786
sz.002625,2022-02-11,2022-02-18,0.1629638671875,2025-12-15 20:03:19.469786
sz.002625,2022-02-14,2022-02-21,0.232666015625,2025-12-15 20:03:19.469786
sz.002625,2022-02-15,2022-02-22,0.358154296875,2025-12-15 20:03:19.469786
sz.002625,2022-02-16,2022-02-23,0.302490234375,2025-12-15 20:03:19.469786
sz.002625,2022-02-17,2022-02-24,0.2393798828125,2025-12-15 20:03:19.469786
sz.002625,2022-02-18,2022-02-25,0.34375,2025-12-15 20:03:19.469786
sz.002625,2022-02-21,2022-02-28,0.328369140625,2025-12-15 20:03:19.469786
sz.002625,2022-02-22,2022-03-01,0.2259521484375,2025-12-15 20:03:19.469786
sz.002625,2022-02-23,2022-03-02,0.3125,2025-12-15 20:03:19.469786
sz.002625,2022-02-24,2022-03-03,0.198974609375,2025-12-15 20:03:19.469786
sz.002625,2022-02-25,2022-03-04,0.2342529296875,2025-12-15 20:03:19.469786
sz.002625,2022-02-28,2022-03-07,0.2264404296875,2025-12-15 20:03:19.469786
sz.002625,2022-03-01,2022-03-08,0.305908203125,2025-12-15 20:03:19.469786
sz.002625,2022-03-02,2022-03-09,0.270751953125,2025-12-15 20:03:19.469786
sz.002625,2022-03-03,2022-03-10,0.26123046875,2025-12-15 20:03:19.469786
sz.002625,2022-03-04,2022-03-11,0.1727294921875,2025-12-15 20:03:19.469786
sz.002625,2022-03-07,2022-03-14,0.1519775390625,2025-12-15 20:03:19.469786
sz.002625,2022-03-08,2022-03-15,0.1396484375,2025-12-15 20:03:19.469786
sz.002625,2022-03-09,2022-03-16,0.1417236328125,2025-12-15 20:03:19.469786
sz.002625,2022-03-10,2022-03-17,0.15576171875,2025-12-15 20:03:19.469786
sz.002625,2022-03-11,2022-03-18,0.2181396484375,2025-12-15 20:03:19.469786
sz.002625,2022-03-14,2022-03-21,0.12744140625,2025-12-15 20:03:19.469786
sz.002625,2022-03-15,2022-03-22,0.1339111328125,2025-12-15 20:03:19.469786
sz.002625,2022-03-16,2022-03-23,0.11279296875,2025-12-15 20:03:19.469786
sz.002625,2022-03-17,2022-03-24,0.11798095703125,2025-12-15 20:03:19.469786
sz.002625,2022-03-18,2022-03-25,0.2232666015625,2025-12-15 20:03:19.469786
sz.002625,2022-03-21,2022-03-28,0.2264404296875,2025-12-15 20:03:19.469786
sz.002625,2022-03-22,2022-03-29,0.1700439453125,2025-12-15 20:03:19.469786
sz.002625,2022-03-23,2022-03-30,0.1673583984375,2025-12-15 20:03:19.469786
sz.002625,2022-03-24,2022-03-31,0.18701171875,2025-12-15 20:03:19.469786
sz.002625,2022-03-25,2022-04-01,0.1341552734375,2025-12-15 20:03:19.469786
sz.002625,2022-03-28,2022-04-04,0.1536865234375,2025-12-15 20:03:19.469786
sz.002625,2022-03-29,2022-04-05,0.118408203125,2025-12-15 20:03:19.469786
sz.002625,2022-03-30,2022-04-06,0.17333984375,2025-12-15 20:03:19.469786
sz.002625,2022-03-31,2022-04-07,0.1396484375,2025-12-15 20:03:19.469786
sz.002625,2022-04-01,2022-04-08,0.1995849609375,2025-12-15 20:03:19.469786
sz.002625,2022-04-06,2022-04-13,0.15673828125,2025-12-15 20:03:19.469786
sz.002625,2022-04-07,2022-04-14,0.129150390625,2025-12-15 20:03:19.469786
sz.002625,2022-04-08,2022-04-15,0.13232421875,2025-12-15 20:03:19.469786
sz.002625,2022-04-11,2022-04-18,0.131103515625,2025-12-15 20:03:19.469786
sz.002625,2022-04-12,2022-04-19,0.10247802734375,2025-12-15 20:03:19.469786
sz.002625,2022-04-13,2022-04-20,0.1414794921875,2025-12-15 20:03:19.469786
sz.002625,2022-04-14,2022-04-21,0.1514892578125,2025-12-15 20:03:19.469786
sz.002625,2022-04-15,2022-04-22,0.1640625,2025-12-15 20:03:19.469786
sz.002625,2022-04-18,2022-04-25,0.1268310546875,2025-12-15 20:03:19.469786
sz.002625,2022-04-19,2022-04-26,0.1121826171875,2025-12-15 20:03:19.469786
sz.002625,2022-04-20,2022-04-27,0.1473388671875,2025-12-15 20:03:19.469786
sz.002625,2022-04-21,2022-04-28,0.1636962890625,2025-12-15 20:03:19.469786
sz.002625,2022-04-22,2022-04-29,0.31103515625,2025-12-15 20:03:19.469786
sz.002625,2022-04-25,2022-05-02,0.336181640625,2025-12-15 20:03:19.469786
sz.002625,2022-04-26,2022-05-03,0.4833984375,2025-12-15 20:03:19.469786
sz.002625,2022-04-27,2022-05-04,0.43310546875,2025-12-15 20:03:19.469786
sz.002625,2022-04-28,2022-05-05,0.491943359375,2025-12-15 20:03:19.469786
sz.002625,2022-04-29,2022-05-06,0.4697265625,2025-12-15 20:03:19.469786
sz.002625,2022-05-05,2022-05-12,0.39111328125,2025-12-15 20:03:19.469786
sz.002625,2022-05-06,2022-05-13,0.394775390625,2025-12-15 20:03:19.469786
sz.002625,2022-05-09,2022-05-16,0.348876953125,2025-12-15 20:03:19.469786
sz.002625,2022-05-10,2022-05-17,0.161376953125,2025-12-15 20:03:19.469786
sz.002625,2022-05-11,2022-05-18,0.1812744140625,2025-12-15 20:03:19.469786
sz.002625,2022-05-12,2022-05-19,0.2132568359375,2025-12-15 20:03:19.469786
sz.002625,2022-05-13,2022-05-20,0.2474365234375,2025-12-15 20:03:19.469786
sz.002625,2022-05-16,2022-05-23,0.1455078125,2025-12-15 20:03:19.469786
sz.002625,2022-05-17,2022-05-24,0.198974609375,2025-12-15 20:03:19.469786
sz.002625,2022-05-18,2022-05-25,0.1019287109375,2025-12-15 20:03:19.469786
sz.002625,2022-05-19,2022-05-26,0.22607421875,2025-12-15 20:03:19.469786
sz.002625,2022-05-20,2022-05-27,0.1292724609375,2025-12-15 20:03:19.469786
sz.002625,2022-05-23,2022-05-30,0.1201171875,2025-12-15 20:03:19.469786
sz.002625,2022-05-24,2022-05-31,0.11614990234375,2025-12-15 20:03:19.469786
sz.002625,2022-05-25,2022-06-01,0.1610107421875,2025-12-15 20:03:19.469786
sz.002625,2022-05-26,2022-06-02,0.1256103515625,2025-12-15 20:03:19.469786
sz.002625,2022-05-27,2022-06-03,0.11962890625,2025-12-15 20:03:19.469786
sz.002625,2022-05-30,2022-06-06,0.1337890625,2025-12-15 20:03:19.469786
sz.002625,2022-05-31,2022-06-07,0.10577392578125,2025-12-15 20:03:19.469786
sz.002625,2022-06-01,2022-06-08,0.1014404296875,2025-12-15 20:03:19.469786
sz.002625,2022-06-02,2022-06-09,0.1427001953125,2025-12-15 20:03:19.469786
sz.002625,2022-06-06,2022-06-13,0.10797119140625,2025-12-15 20:03:19.469786
sz.002625,2022-06-07,2022-06-14,0.1007080078125,2025-12-15 20:03:19.469786
sz.002625,2022-06-08,2022-06-15,0.08154296875,2025-12-15 20:03:19.469786
sz.002625,2022-06-09,2022-06-16,0.124755859375,2025-12-15 20:03:19.469786
sz.002625,2022-06-10,2022-06-17,0.10687255859375,2025-12-15 20:03:19.469786
sz.002625,2022-06-13,2022-06-20,0.1534423828125,2025-12-15 20:03:19.469786
sz.002625,2022-06-14,2022-06-21,0.12213134765625,2025-12-15 20:03:19.469786
sz.002625,2022-06-15,2022-06-22,0.08050537109375,2025-12-15 20:03:19.469786
sz.002625,2022-06-16,2022-06-23,0.1094970703125,2025-12-15 20:03:19.469786
sz.002625,2022-06-17,2022-06-24,0.11932373046875,2025-12-15 20:03:19.469786
sz.002625,2022-06-20,2022-06-27,0.1231689453125,2025-12-15 20:03:19.469786
sz.002625,2022-06-21,2022-06-28,0.1337890625,2025-12-15 20:03:19.469786
sz.002625,2022-06-22,2022-06-29,0.1297607421875,2025-12-15 20:03:19.469786
sz.002625,2022-06-23,2022-06-30,0.437744140625,2025-12-15 20:03:19.469786
sz.002625,2022-06-24,2022-07-01,0.09075927734375,2025-12-15 20:03:19.469786
sz.002625,2022-06-27,2022-07-04,0.1473388671875,2025-12-15 20:03:19.469786
sz.002625,2022-06-28,2022-07-05,0.1536865234375,2025-12-15 20:03:19.469786
sz.002625,2022-06-29,2022-07-06,0.10089111328125,2025-12-15 20:03:19.469786
sz.002625,2022-06-30,2022-07-07,0.1378173828125,2025-12-15 20:03:19.469786
sz.002625,2022-07-01,2022-07-08,0.173095703125,2025-12-15 20:03:19.469786
sz.002625,2022-07-04,2022-07-11,0.1590576171875,2025-12-15 20:03:19.469786
sz.002625,2022-07-05,2022-07-12,0.140869140625,2025-12-15 20:03:19.469786
sz.002625,2022-07-06,2022-07-13,0.1265869140625,2025-12-15 20:03:19.469786
sz.002625,2022-07-07,2022-07-14,0.1317138671875,2025-12-15 20:03:19.469786
sz.002625,2022-07-08,2022-07-15,0.1297607421875,2025-12-15 20:03:19.469786
sz.002625,2022-07-11,2022-07-18,0.2047119140625,2025-12-15 20:03:19.469786
sz.002625,2022-07-12,2022-07-19,0.105224609375,2025-12-15 20:03:19.469786
sz.002625,2022-07-13,2022-07-20,0.1314697265625,2025-12-15 20:03:19.469786
sz.002625,2022-07-14,2022-07-21,0.11181640625,2025-12-15 20:03:19.469786
sz.002625,2022-07-15,2022-07-22,0.1044921875,2025-12-15 20:03:19.469786
sz.002625,2022-07-18,2022-07-25,0.1331787109375,2025-12-15 20:03:19.469786
sz.002625,2022-07-19,2022-07-26,0.154296875,2025-12-15 20:03:19.469786
sz.002625,2022-07-20,2022-07-27,0.2998046875,2025-12-15 20:03:19.469786
sz.002625,2022-07-21,2022-07-28,0.1475830078125,2025-12-15 20:03:19.469786
sz.002625,2022-07-22,2022-07-29,0.137939453125,2025-12-15 20:03:19.469786
sz.002625,2022-07-25,2022-08-01,0.1279296875,2025-12-15 20:03:19.469786
sz.002625,2022-07-26,2022-08-02,0.20947265625,2025-12-15 20:03:19.469786
sz.002625,2022-07-27,2022-08-03,0.161865234375,2025-12-15 20:03:19.469786
sz.002625,2022-07-28,2022-08-04,0.290283203125,2025-12-15 20:03:19.469786
sz.002625,2022-07-29,2022-08-05,0.1419677734375,2025-12-15 20:03:19.469786
sz.002625,2022-08-01,2022-08-08,0.12359619140625,2025-12-15 20:03:19.469786
sz.002625,2022-08-02,2022-08-09,0.125732421875,2025-12-15 20:03:19.469786
sz.002625,2022-08-03,2022-08-10,0.10467529296875,2025-12-15 20:03:19.469786
sz.002625,2022-08-04,2022-08-11,0.138671875,2025-12-15 20:03:19.469786
sz.002625,2022-08-05,2022-08-12,0.1614990234375,2025-12-15 20:03:19.469786
sz.002625,2022-08-08,2022-08-15,0.1934814453125,2025-12-15 20:03:19.469786
sz.002625,2022-08-09,2022-08-16,0.1759033203125,2025-12-15 20:03:19.469786
sz.002625,2022-08-10,2022-08-17,0.1376953125,2025-12-15 20:03:19.469786
sz.002625,2022-08-11,2022-08-18,0.1910400390625,2025-12-15 20:03:19.469786
sz.002625,2022-08-12,2022-08-19,0.153564453125,2025-12-15 20:03:19.469786
sz.002625,2022-08-15,2022-08-22,0.21484375,2025-12-15 20:03:19.469786
sz.002625,2022-08-16,2022-08-23,0.1507568359375,2025-12-15 20:03:19.469786
sz.002625,2022-08-17,2022-08-24,0.218994140625,2025-12-15 20:03:19.469786
sz.002625,2022-08-18,2022-08-25,0.2059326171875,2025-12-15 20:03:19.469786
sz.002625,2022-08-19,2022-08-26,0.133544921875,2025-12-15 20:03:19.469786
sz.002625,2022-08-22,2022-08-29,0.20751953125,2025-12-15 20:03:19.469786
sz.002625,2022-08-23,2022-08-30,0.1240234375,2025-12-15 20:03:19.469786
sz.002625,2022-08-24,2022-08-31,0.1279296875,2025-12-15 20:03:19.469786
sz.002625,2022-08-25,2022-09-01,0.1033935546875,2025-12-15 20:03:19.469786
sz.002625,2022-08-26,2022-09-02,0.09722900390625,2025-12-15 20:03:19.469786
sz.002625,2022-08-29,2022-09-05,0.2880859375,2025-12-15 20:03:19.469786
sz.002625,2022-08-30,2022-09-06,0.110107421875,2025-12-15 20:03:19.469786
sz.002625,2022-08-31,2022-09-07,0.1224365234375,2025-12-15 20:03:19.469786
sz.002625,2022-09-01,2022-09-08,0.0953369140625,2025-12-15 20:03:19.469786
sz.002625,2022-09-02,2022-09-09,0.1351318359375,2025-12-15 20:03:19.469786
sz.002625,2022-09-05,2022-09-12,0.1153564453125,2025-12-15 20:03:19.469786
sz.002625,2022-09-06,2022-09-13,0.1396484375,2025-12-15 20:03:19.469786
sz.002625,2022-09-07,2022-09-14,0.1370849609375,2025-12-15 20:03:19.469786
sz.002625,2022-09-08,2022-09-15,0.1385498046875,2025-12-15 20:03:19.469786
sz.002625,2022-09-09,2022-09-16,0.11993408203125,2025-12-15 20:03:19.469786
sz.002625,2022-09-13,2022-09-20,0.1290283203125,2025-12-15 20:03:19.469786
sz.002625,2022-09-14,2022-09-21,0.1275634765625,2025-12-15 20:03:19.469786
sz.002625,2022-09-15,2022-09-22,0.1343994140625,2025-12-15 20:03:19.469786
sz.002625,2022-09-16,2022-09-23,0.10247802734375,2025-12-15 20:03:19.469786
sz.002625,2022-09-19,2022-09-26,0.1229248046875,2025-12-15 20:03:19.469786
sz.002625,2022-09-20,2022-09-27,0.1436767578125,2025-12-15 20:03:19.469786
sz.002625,2022-09-21,2022-09-28,0.155517578125,2025-12-15 20:03:19.469786
sz.002625,2022-09-22,2022-09-29,0.2130126953125,2025-12-15 20:03:19.469786
sz.002625,2022-09-23,2022-09-30,0.10125732421875,2025-12-15 20:03:19.469786
sz.002625,2022-09-26,2022-10-03,0.2203369140625,2025-12-15 20:03:19.469786
sz.002625,2022-09-27,2022-10-04,0.37451171875,2025-12-15 20:03:19.469786
sz.002625,2022-09-28,2022-10-05,0.2049560546875,2025-12-15 20:03:19.469786
sz.002625,2022-09-29,2022-10-06,0.436767578125,2025-12-15 20:03:19.469786
sz.002625,2022-09-30,2022-10-07,0.447509765625,2025-12-15 20:03:19.469786
sz.002625,2022-10-10,2022-10-17,0.491943359375,2025-12-15 20:03:19.469786
sz.002625,2022-10-11,2022-10-18,0.544921875,2025-12-15 20:03:19.469786
sz.002625,2022-10-12,2022-10-19,0.4580078125,2025-12-15 20:03:19.469786
sz.002625,2022-10-13,2022-10-20,0.50927734375,2025-12-15 20:03:19.469786
sz.002625,2022-10-14,2022-10-21,0.457275390625,2025-12-15 20:03:19.469786
sz.002625,2022-10-17,2022-10-24,0.32275390625,2025-12-15 20:03:19.469786
sz.002625,2022-10-18,2022-10-25,0.079345703125,2025-12-15 20:03:19.469786
sz.002625,2022-10-19,2022-10-26,0.11474609375,2025-12-15 20:03:19.469786
sz.002625,2022-10-20,2022-10-27,0.1114501953125,2025-12-15 20:03:19.469786
sz.002625,2022-10-21,2022-10-28,0.0784912109375,2025-12-15 20:03:19.469786
sz.002625,2022-10-24,2022-10-31,0.08282470703125,2025-12-15 20:03:19.469786
sz.002625,2022-10-25,2022-11-01,0.0965576171875,2025-12-15 20:03:19.469786
sz.002625,2022-10-26,2022-11-02,0.265625,2025-12-15 20:03:19.469786
sz.002625,2022-10-27,2022-11-03,0.1328125,2025-12-15 20:03:19.469786
sz.002625,2022-10-28,2022-11-04,0.12249755859375,2025-12-15 20:03:19.469786
sz.002625,2022-10-31,2022-11-07,0.06927490234375,2025-12-15 20:03:19.469786
sz.002625,2022-11-01,2022-11-08,0.09771728515625,2025-12-15 20:03:19.469786
sz.002625,2022-11-02,2022-11-09,0.09600830078125,2025-12-15 20:03:19.469786
sz.002625,2022-11-03,2022-11-10,0.097412109375,2025-12-15 20:03:19.469786
sz.002625,2022-11-04,2022-11-11,0.1510009765625,2025-12-15 20:03:19.469786
sz.002625,2022-11-07,2022-11-14,0.087890625,2025-12-15 20:03:19.469786
sz.002625,2022-11-08,2022-11-15,0.1014404296875,2025-12-15 20:03:19.469786
sz.002625,2022-11-09,2022-11-16,0.1202392578125,2025-12-15 20:03:19.469786
sz.002625,2022-11-10,2022-11-17,0.11798095703125,2025-12-15 20:03:19.469786
sz.002625,2022-11-11,2022-11-18,0.1260986328125,2025-12-15 20:03:19.469786
sz.002625,2022-11-14,2022-11-21,0.089111328125,2025-12-15 20:03:19.469786
sz.002625,2022-11-15,2022-11-22,0.1458740234375,2025-12-15 20:03:19.469786
sz.002625,2022-11-16,2022-11-23,0.1710205078125,2025-12-15 20:03:19.469786
sz.002625,2022-11-17,2022-11-24,0.19580078125,2025-12-15 20:03:19.469786
sz.002625,2022-11-18,2022-11-25,0.1456298828125,2025-12-15 20:03:19.469786
sz.002625,2022-11-21,2022-11-28,0.1939697265625,2025-12-15 20:03:19.469786
sz.002625,2022-11-22,2022-11-29,0.135498046875,2025-12-15 20:03:19.469786
sz.002625,2022-11-23,2022-11-30,0.132568359375,2025-12-15 20:03:19.469786
sz.002625,2022-11-24,2022-12-01,0.12420654296875,2025-12-15 20:03:19.469786
sz.002625,2022-11-25,2022-12-02,0.12939453125,2025-12-15 20:03:19.469786
sz.002625,2022-11-28,2022-12-05,0.135986328125,2025-12-15 20:03:19.469786
sz.002625,2022-11-29,2022-12-06,0.092041015625,2025-12-15 20:03:19.469786
sz.002625,2022-11-30,2022-12-07,0.13623046875,2025-12-15 20:03:19.469786
sz.002625,2022-12-01,2022-12-08,0.140869140625,2025-12-15 20:03:19.469786
sz.002625,2022-12-02,2022-12-09,0.1260986328125,2025-12-15 20:03:19.469786
sz.002625,2022-12-05,2022-12-12,0.1357421875,2025-12-15 20:03:19.469786
sz.002625,2022-12-06,2022-12-13,0.09515380859375,2025-12-15 20:03:19.469786
sz.002625,2022-12-07,2022-12-14,0.10894775390625,2025-12-15 20:03:19.469786
sz.002625,2022-12-08,2022-12-15,0.132568359375,2025-12-15 20:03:19.469786
sz.002625,2022-12-09,2022-12-16,0.1201171875,2025-12-15 20:03:19.469786
sz.002625,2022-12-12,2022-12-19,0.071044921875,2025-12-15 20:03:19.469786
sz.002625,2022-12-13,2022-12-20,0.1282958984375,2025-12-15 20:03:19.469786
sz.002625,2022-12-14,2022-12-21,0.1063232421875,2025-12-15 20:03:19.469786
sz.002625,2022-12-15,2022-12-22,0.1336669921875,2025-12-15 20:03:19.469786
sz.002625,2022-12-16,2022-12-23,0.1259765625,2025-12-15 20:03:19.469786
sz.002625,2022-12-19,2022-12-26,0.0809326171875,2025-12-15 20:03:19.469786
sz.002625,2022-12-20,2022-12-27,0.10723876953125,2025-12-15 20:03:19.469786
sz.002625,2022-12-21,2022-12-28,0.1287841796875,2025-12-15 20:03:19.469786
sz.002625,2022-12-22,2022-12-29,0.1363525390625,2025-12-15 20:03:19.469786
sz.002625,2022-12-23,2022-12-30,0.15771484375,2025-12-15 20:03:19.469786
sz.002625,2022-12-26,2023-01-02,0.1558837890625,2025-12-15 20:03:19.469786
sz.002625,2022-12-27,2023-01-03,0.082275390625,2025-12-15 20:03:19.469786
sz.002625,2022-12-28,2023-01-04,0.130615234375,2025-12-15 20:03:19.469786
sz.002625,2022-12-29,2023-01-05,0.2010498046875,2025-12-15 20:03:19.469786
sz.002625,2022-12-30,2023-01-06,0.12890625,2025-12-15 20:03:19.469786
sz.002625,2023-01-03,2023-01-10,0.1033935546875,2025-12-15 20:03:19.469786
sz.002625,2023-01-04,2023-01-11,0.1383056640625,2025-12-15 20:03:19.469786
sz.002625,2023-01-05,2023-01-12,0.10540771484375,2025-12-15 20:03:19.469786
sz.002625,2023-01-06,2023-01-13,0.12054443359375,2025-12-15 20:03:19.469786
sz.002625,2023-01-09,2023-01-16,0.1348876953125,2025-12-15 20:03:19.469786
sz.002625,2023-01-10,2023-01-17,0.1328125,2025-12-15 20:03:19.469786
sz.002625,2023-01-11,2023-01-18,0.10821533203125,2025-12-15 20:03:19.469786
sz.002625,2023-01-12,2023-01-19,0.129638671875,2025-12-15 20:03:19.469786
sz.002625,2023-01-13,2023-01-20,0.11163330078125,2025-12-15 20:03:19.469786
sz.002625,2023-01-16,2023-01-23,0.1312255859375,2025-12-15 20:03:19.469786
sz.002625,2023-01-17,2023-01-24,0.1510009765625,2025-12-15 20:03:19.469786
sz.002625,2023-01-18,2023-01-25,0.161865234375,2025-12-15 20:03:19.469786
sz.002625,2023-01-19,2023-01-26,0.12445068359375,2025-12-15 20:03:19.469786
sz.002625,2023-01-20,2023-01-27,0.1221923828125,2025-12-15 20:03:19.469786
sz.002625,2023-01-30,2023-02-06,0.143310546875,2025-12-15 20:03:19.469786
sz.002625,2023-01-31,2023-02-07,0.1195068359375,2025-12-15 20:03:19.469786
sz.002625,2023-02-01,2023-02-08,0.1455078125,2025-12-15 20:03:19.469786
sz.002625,2023-02-02,2023-02-09,0.14013671875,2025-12-15 20:03:19.469786
sz.002625,2023-02-03,2023-02-10,0.2059326171875,2025-12-15 20:03:19.469786
sz.002625,2023-02-06,2023-02-13,0.10174560546875,2025-12-15 20:03:19.469786
sz.002625,2023-02-07,2023-02-14,0.1383056640625,2025-12-15 20:03:19.469786
sz.002625,2023-02-08,2023-02-15,0.13232421875,2025-12-15 20:03:19.469786
sz.002625,2023-02-09,2023-02-16,0.248046875,2025-12-15 20:03:19.469786
sz.002625,2023-02-10,2023-02-17,0.1614990234375,2025-12-15 20:03:19.469786
sz.002625,2023-02-13,2023-02-20,0.156005859375,2025-12-15 20:03:19.469786
sz.002625,2023-02-14,2023-02-21,0.1490478515625,2025-12-15 20:03:19.469786
sz.002625,2023-02-15,2023-02-22,0.1871337890625,2025-12-15 20:03:19.469786
sz.002625,2023-02-16,2023-02-23,0.1300048828125,2025-12-15 20:03:19.469786
sz.002625,2023-02-17,2023-02-24,0.1319580078125,2025-12-15 20:03:19.469786
sz.002625,2023-02-20,2023-02-27,0.170654296875,2025-12-15 20:03:19.469786
sz.002625,2023-02-21,2023-02-28,0.11737060546875,2025-12-15 20:03:19.469786
sz.002625,2023-02-22,2023-03-01,0.126953125,2025-12-15 20:03:19.469786
sz.002625,2023-02-23,2023-03-02,0.14453125,2025-12-15 20:03:19.469786
sz.002625,2023-02-24,2023-03-03,0.0970458984375,2025-12-15 20:03:19.469786
sz.002625,2023-02-27,2023-03-06,0.12176513671875,2025-12-15 20:03:19.469786
sz.002625,2023-02-28,2023-03-07,0.202880859375,2025-12-15 20:03:19.469786
sz.002625,2023-03-01,2023-03-08,0.177490234375,2025-12-15 20:03:19.469786
sz.002625,2023-03-02,2023-03-09,0.126953125,2025-12-15 20:03:19.469786
sz.002625,2023-03-03,2023-03-10,0.0869140625,2025-12-15 20:03:19.469786
sz.002625,2023-03-06,2023-03-13,0.130126953125,2025-12-15 20:03:19.469786
sz.002625,2023-03-07,2023-03-14,0.149169921875,2025-12-15 20:03:19.469786
sz.002625,2023-03-08,2023-03-15,0.2890625,2025-12-15 20:03:19.469786
sz.002625,2023-03-09,2023-03-16,0.1324462890625,2025-12-15 20:03:19.469786
sz.002625,2023-03-10,2023-03-17,0.1744384765625,2025-12-15 20:03:19.469786
sz.002625,2023-03-13,2023-03-20,0.258056640625,2025-12-15 20:03:19.469786
sz.002625,2023-03-14,2023-03-21,0.1849365234375,2025-12-15 20:03:19.469786
sz.002625,2023-03-15,2023-03-22,0.1717529296875,2025-12-15 20:03:19.469786
sz.002625,2023-03-16,2023-03-23,0.1324462890625,2025-12-15 20:03:19.469786
sz.002625,2023-03-17,2023-03-24,0.1461181640625,2025-12-15 20:03:19.469786
sz.002625,2023-03-20,2023-03-27,0.1614990234375,2025-12-15 20:03:19.469786
sz.002625,2023-03-21,2023-03-28,0.2099609375,2025-12-15 20:03:19.469786
sz.002625,2023-03-22,2023-03-29,0.2020263671875,2025-12-15 20:03:19.469786
sz.002625,2023-03-23,2023-03-30,0.284423828125,2025-12-15 20:03:19.469786
sz.002625,2023-03-24,2023-03-31,0.26220703125,2025-12-15 20:03:19.469786
sz.002625,2023-03-27,2023-04-03,0.166015625,2025-12-15 20:03:19.469786
sz.002625,2023-03-28,2023-04-04,0.1607666015625,2025-12-15 20:03:19.469786
sz.002625,2023-03-29,2023-04-05,0.163818359375,2025-12-15 20:03:19.469786
sz.002625,2023-03-30,2023-04-06,0.219970703125,2025-12-15 20:03:19.469786
sz.002625,2023-03-31,2023-04-07,0.174560546875,2025-12-15 20:03:19.469786
sz.002625,2023-04-03,2023-04-10,0.2493896484375,2025-12-15 20:03:19.469786
sz.002625,2023-04-04,2023-04-11,0.1463623046875,2025-12-15 20:03:19.469786
sz.002625,2023-04-06,2023-04-13,0.1982421875,2025-12-15 20:03:19.469786
sz.002625,2023-04-07,2023-04-14,0.2021484375,2025-12-15 20:03:19.469786
sz.002625,2023-04-10,2023-04-17,0.1658935546875,2025-12-15 20:03:19.469786
sz.002625,2023-04-11,2023-04-18,0.2509765625,2025-12-15 20:03:19.469786
sz.002625,2023-04-12,2023-04-19,0.173583984375,2025-12-15 20:03:19.469786
sz.002625,2023-04-13,2023-04-20,0.156982421875,2025-12-15 20:03:19.469786
sz.002625,2023-04-14,2023-04-21,0.163818359375,2025-12-15 20:03:19.469786
sz.002625,2023-04-17,2023-04-24,0.2142333984375,2025-12-15 20:03:19.469786
sz.002625,2023-04-18,2023-04-25,0.1444091796875,2025-12-15 20:03:19.469786
sz.002625,2023-04-19,2023-04-26,0.11920166015625,2025-12-15 20:03:19.469786
sz.002625,2023-04-20,2023-04-27,0.133056640625,2025-12-15 20:03:19.469786
sz.002625,2023-04-21,2023-04-28,0.116943359375,2025-12-15 20:03:19.469786
sz.002625,2023-04-24,2023-05-01,0.1370849609375,2025-12-15 20:03:19.469786
sz.002625,2023-04-25,2023-05-02,0.1339111328125,2025-12-15 20:03:19.469786
sz.002625,2023-04-26,2023-05-03,0.12548828125,2025-12-15 20:03:19.469786
sz.002625,2023-04-27,2023-05-04,0.176513671875,2025-12-15 20:03:19.469786
sz.002625,2023-04-28,2023-05-05,0.1751708984375,2025-12-15 20:03:19.469786
sz.002625,2023-05-04,2023-05-11,0.15478515625,2025-12-15 20:03:19.469786
sz.002625,2023-05-05,2023-05-12,0.1358642578125,2025-12-15 20:03:19.469786
sz.002625,2023-05-08,2023-05-15,0.185546875,2025-12-15 20:03:19.469786
sz.002625,2023-05-09,2023-05-16,0.1380615234375,2025-12-15 20:03:19.469786
sz.002625,2023-05-10,2023-05-17,0.1541748046875,2025-12-15 20:03:19.469786
sz.002625,2023-05-11,2023-05-18,0.1610107421875,2025-12-15 20:03:19.469786
sz.002625,2023-05-12,2023-05-19,0.1361083984375,2025-12-15 20:03:19.469786
sz.002625,2023-05-15,2023-05-22,0.275634765625,2025-12-15 20:03:19.469786
sz.002625,2023-05-16,2023-05-23,0.1444091796875,2025-12-15 20:03:19.469786
sz.002625,2023-05-17,2023-05-24,0.2322998046875,2025-12-15 20:03:19.469786
sz.002625,2023-05-18,2023-05-25,0.1563720703125,2025-12-15 20:03:19.469786
sz.002625,2023-05-19,2023-05-26,0.167724609375,2025-12-15 20:03:19.469786
sz.002625,2023-05-22,2023-05-29,0.1795654296875,2025-12-15 20:03:19.469786
sz.002625,2023-05-23,2023-05-30,0.1593017578125,2025-12-15 20:03:19.469786
sz.002625,2023-05-24,2023-05-31,0.14990234375,2025-12-15 20:03:19.469786
sz.002625,2023-05-25,2023-06-01,0.1380615234375,2025-12-15 20:03:19.469786
sz.002625,2023-05-26,2023-06-02,0.14501953125,2025-12-15 20:03:19.469786
sz.002625,2023-05-29,2023-06-05,0.1380615234375,2025-12-15 20:03:19.469786
sz.002625,2023-05-30,2023-06-06,0.1611328125,2025-12-15 20:03:19.469786
sz.002625,2023-05-31,2023-06-07,0.1685791015625,2025-12-15 20:03:19.469786
sz.002625,2023-06-01,2023-06-08,0.1187744140625,2025-12-15 20:03:19.469786
sz.002625,2023-06-02,2023-06-09,0.12432861328125,2025-12-15 20:03:19.469786
sz.002625,2023-06-05,2023-06-12,0.126708984375,2025-12-15 20:03:19.469786
sz.002625,2023-06-06,2023-06-13,0.1424560546875,2025-12-15 20:03:19.469786
sz.002625,2023-06-07,2023-06-14,0.1436767578125,2025-12-15 20:03:19.469786
sz.002625,2023-06-08,2023-06-15,0.1710205078125,2025-12-15 20:03:19.469786
sz.002625,2023-06-09,2023-06-16,0.1412353515625,2025-12-15 20:03:19.469786
sz.002625,2023-06-12,2023-06-19,0.1966552734375,2025-12-15 20:03:19.469786
sz.002625,2023-06-13,2023-06-20,0.135986328125,2025-12-15 20:03:19.469786
sz.002625,2023-06-14,2023-06-21,0.1492919921875,2025-12-15 20:03:19.469786
sz.002625,2023-06-15,2023-06-22,0.135986328125,2025-12-15 20:03:19.469786
sz.002625,2023-06-16,2023-06-23,0.07574462890625,2025-12-15 20:03:19.469786
sz.002625,2023-06-19,2023-06-26,0.1331787109375,2025-12-15 20:03:19.469786
sz.002625,2023-06-20,2023-06-27,0.09722900390625,2025-12-15 20:03:19.469786
sz.002625,2023-06-21,2023-06-28,0.1527099609375,2025-12-15 20:03:19.469786
sz.002625,2023-06-26,2023-07-03,0.11279296875,2025-12-15 20:03:19.469786
sz.002625,2023-06-27,2023-07-04,0.09844970703125,2025-12-15 20:03:19.469786
sz.002625,2023-06-28,2023-07-05,0.1104736328125,2025-12-15 20:03:19.469786
sz.002625,2023-06-29,2023-07-06,0.0850830078125,2025-12-15 20:03:19.469786
sz.002625,2023-06-30,2023-07-07,0.10174560546875,2025-12-15 20:03:19.469786
sz.002625,2023-07-03,2023-07-10,0.08929443359375,2025-12-15 20:03:19.469786
sz.002625,2023-07-04,2023-07-11,0.079345703125,2025-12-15 20:03:19.469786
sz.002625,2023-07-05,2023-07-12,0.132080078125,2025-12-15 20:03:19.469786
sz.002625,2023-07-06,2023-07-13,0.11199951171875,2025-12-15 20:03:19.469786
sz.002625,2023-07-07,2023-07-14,0.12335205078125,2025-12-15 20:03:19.469786
sz.002625,2023-07-10,2023-07-17,0.1094970703125,2025-12-15 20:03:19.469786
sz.002625,2023-07-11,2023-07-18,0.1026611328125,2025-12-15 20:03:19.469786
sz.002625,2023-07-12,2023-07-19,0.1231689453125,2025-12-15 20:03:19.469786
sz.002625,2023-07-13,2023-07-20,0.1026611328125,2025-12-15 20:03:19.469786
sz.002625,2023-07-14,2023-07-21,0.12359619140625,2025-12-15 20:03:19.469786
sz.002625,2023-07-17,2023-07-24,0.11260986328125,2025-12-15 20:03:19.469786
sz.002625,2023-07-18,2023-07-25,0.1143798828125,2025-12-15 20:03:19.469786
sz.002625,2023-07-19,2023-07-26,0.138427734375,2025-12-15 20:03:19.469786
sz.002625,2023-07-20,2023-07-27,0.1302490234375,2025-12-15 20:03:19.469786
sz.002625,2023-07-21,2023-07-28,0.2333984375,2025-12-15 20:03:19.469786
sz.002625,2023-07-24,2023-07-31,0.1610107421875,2025-12-15 20:03:19.469786
sz.002625,2023-07-25,2023-08-01,0.1719970703125,2025-12-15 20:03:19.469786
sz.002625,2023-07-26,2023-08-02,0.166015625,2025-12-15 20:03:19.469786
sz.002625,2023-07-27,2023-08-03,0.13037109375,2025-12-15 20:03:19.469786
sz.002625,2023-07-28,2023-08-04,0.1490478515625,2025-12-15 20:03:19.469786
sz.002625,2023-07-31,2023-08-07,0.07879638671875,2025-12-15 20:03:19.469786
sz.002625,2023-08-01,2023-08-08,0.1519775390625,2025-12-15 20:03:19.469786
sz.002625,2023-08-02,2023-08-09,0.1077880859375,2025-12-15 20:03:19.469786
sz.002625,2023-08-03,2023-08-10,0.1513671875,2025-12-15 20:03:19.469786
sz.002625,2023-08-04,2023-08-11,0.103759765625,2025-12-15 20:03:19.469786
sz.002625,2023-08-07,2023-08-14,0.1490478515625,2025-12-15 20:03:19.469786
sz.002625,2023-08-08,2023-08-15,0.1357421875,2025-12-15 20:03:19.469786
sz.002625,2023-08-09,2023-08-16,0.1627197265625,2025-12-15 20:03:19.469786
sz.002625,2023-08-10,2023-08-17,0.11859130859375,2025-12-15 20:03:19.469786
sz.002625,2023-08-11,2023-08-18,0.15185546875,2025-12-15 20:03:19.469786
sz.002625,2023-08-14,2023-08-21,0.197265625,2025-12-15 20:03:19.469786
sz.002625,2023-08-15,2023-08-22,0.2371826171875,2025-12-15 20:03:19.469786
sz.002625,2023-08-16,2023-08-23,0.2734375,2025-12-15 20:03:19.469786
sz.002625,2023-08-17,2023-08-24,0.1683349609375,2025-12-15 20:03:19.469786
sz.002625,2023-08-18,2023-08-25,0.10540771484375,2025-12-15 20:03:19.469786
sz.002625,2023-08-21,2023-08-28,0.126953125,2025-12-15 20:03:19.469786
sz.002625,2023-08-22,2023-08-29,0.12744140625,2025-12-15 20:03:19.469786
sz.002625,2023-08-23,2023-08-30,0.2398681640625,2025-12-15 20:03:19.469786
sz.002625,2023-08-24,2023-08-31,0.191162109375,2025-12-15 20:03:19.469786
sz.002625,2023-08-25,2023-09-01,0.148681640625,2025-12-15 20:03:19.469786
sz.002625,2023-08-28,2023-09-04,0.126708984375,2025-12-15 20:03:19.469786
sz.002625,2023-08-29,2023-09-05,0.353759765625,2025-12-15 20:03:19.469786
sz.002625,2023-08-30,2023-09-06,0.12127685546875,2025-12-15 20:03:19.469786
sz.002625,2023-08-31,2023-09-07,0.1368408203125,2025-12-15 20:03:19.469786
sz.002625,2023-09-01,2023-09-08,0.1435546875,2025-12-15 20:03:19.469786
sz.002625,2023-09-04,2023-09-11,0.153076171875,2025-12-15 20:03:19.469786
sz.002625,2023-09-05,2023-09-12,0.1439208984375,2025-12-15 20:03:19.469786
sz.002625,2023-09-06,2023-09-13,0.1424560546875,2025-12-15 20:03:19.469786
sz.002625,2023-09-07,2023-09-14,0.12890625,2025-12-15 20:03:19.469786
sz.002625,2023-09-08,2023-09-15,0.2578125,2025-12-15 20:03:19.469786
sz.002625,2023-09-11,2023-09-18,0.202880859375,2025-12-15 20:03:19.469786
sz.002625,2023-09-12,2023-09-19,0.2083740234375,2025-12-15 20:03:19.469786
sz.002625,2023-09-13,2023-09-20,0.1622314453125,2025-12-15 20:03:19.469786
sz.002625,2023-09-14,2023-09-21,0.154296875,2025-12-15 20:03:19.469786
sz.002625,2023-09-15,2023-09-22,0.158935546875,2025-12-15 20:03:19.469786
sz.002625,2023-09-18,2023-09-25,0.12890625,2025-12-15 20:03:19.469786
sz.002625,2023-09-19,2023-09-26,0.1551513671875,2025-12-15 20:03:19.469786
sz.002625,2023-09-20,2023-09-27,0.171875,2025-12-15 20:03:19.469786
sz.002625,2023-09-21,2023-09-28,0.154052734375,2025-12-15 20:03:19.469786
sz.002625,2023-09-22,2023-09-29,0.349853515625,2025-12-15 20:03:19.469786
sz.002625,2023-09-25,2023-10-02,0.14697265625,2025-12-15 20:03:19.469786
sz.002625,2023-09-26,2023-10-03,0.1658935546875,2025-12-15 20:03:19.469786
sz.002625,2023-09-27,2023-10-04,0.10211181640625,2025-12-15 20:03:19.469786
sz.002625,2023-09-28,2023-10-05,0.1751708984375,2025-12-15 20:03:19.469786
sz.002625,2023-10-09,2023-10-16,0.1619873046875,2025-12-15 20:03:19.469786
sz.002625,2023-10-10,2023-10-17,0.1988525390625,2025-12-15 20:03:19.469786
sz.002625,2023-10-11,2023-10-18,0.1456298828125,2025-12-15 20:03:19.469786
sz.002625,2023-10-12,2023-10-19,0.1973876953125,2025-12-15 20:03:19.469786
sz.002625,2023-10-13,2023-10-20,0.1446533203125,2025-12-15 20:03:19.469786
sz.002625,2023-10-16,2023-10-23,0.1314697265625,2025-12-15 20:03:19.469786
sz.002625,2023-10-17,2023-10-24,0.12359619140625,2025-12-15 20:03:19.469786
sz.002625,2023-10-18,2023-10-25,0.128662109375,2025-12-15 20:03:19.469786
sz.002625,2023-10-19,2023-10-26,0.1258544921875,2025-12-15 20:03:19.469786
sz.002625,2023-10-20,2023-10-27,0.130615234375,2025-12-15 20:03:19.469786
sz.002625,2023-10-23,2023-10-30,0.133056640625,2025-12-15 20:03:19.469786
sz.002625,2023-10-24,2023-10-31,0.13232421875,2025-12-15 20:03:19.469786
sz.002625,2023-10-25,2023-11-01,0.11358642578125,2025-12-15 20:03:19.469786
sz.002625,2023-10-26,2023-11-02,0.1239013671875,2025-12-15 20:03:19.469786
sz.002625,2023-10-27,2023-11-03,0.10125732421875,2025-12-15 20:03:19.469786
sz.002625,2023-10-30,2023-11-06,0.11968994140625,2025-12-15 20:03:19.469786
sz.002625,2023-10-31,2023-11-07,0.11260986328125,2025-12-15 20:03:19.469786
sz.002625,2023-11-01,2023-11-08,0.11932373046875,2025-12-15 20:03:19.469786
sz.002625,2023-11-02,2023-11-09,0.1309814453125,2025-12-15 20:03:19.469786
sz.002625,2023-11-03,2023-11-10,0.12744140625,2025-12-15 20:03:19.469786
sz.002625,2023-11-06,2023-11-13,0.1353759765625,2025-12-15 20:03:19.469786
sz.002625,2023-11-07,2023-11-14,0.181884765625,2025-12-15 20:03:19.469786
sz.002625,2023-11-08,2023-11-15,0.141357421875,2025-12-15 20:03:19.469786
sz.002625,2023-11-09,2023-11-16,0.1533203125,2025-12-15 20:03:19.469786
sz.002625,2023-11-10,2023-11-17,0.134033203125,2025-12-15 20:03:19.469786
sz.002625,2023-11-13,2023-11-20,0.2763671875,2025-12-15 20:03:19.469786
sz.002625,2023-11-14,2023-11-21,0.1495361328125,2025-12-15 20:03:19.469786
sz.002625,2023-11-15,2023-11-22,0.1610107421875,2025-12-15 20:03:19.469786
sz.002625,2023-11-16,2023-11-23,0.14697265625,2025-12-15 20:03:19.469786
sz.002625,2023-11-17,2023-11-24,0.27880859375,2025-12-15 20:03:19.469786
sz.002625,2023-11-20,2023-11-27,0.1815185546875,2025-12-15 20:03:19.469786
sz.002625,2023-11-21,2023-11-28,0.1531982421875,2025-12-15 20:03:19.469786
sz.002625,2023-11-22,2023-11-29,0.1463623046875,2025-12-15 20:03:19.469786
sz.002625,2023-11-23,2023-11-30,0.2176513671875,2025-12-15 20:03:19.469786
sz.002625,2023-11-24,2023-12-01,0.1431884765625,2025-12-15 20:03:19.469786
sz.002625,2023-11-27,2023-12-04,0.1568603515625,2025-12-15 20:03:19.469786
sz.002625,2023-11-28,2023-12-05,0.155517578125,2025-12-15 20:03:19.469786
sz.002625,2023-11-29,2023-12-06,0.1588134765625,2025-12-15 20:03:19.469786
sz.002625,2023-11-30,2023-12-07,0.1392822265625,2025-12-15 20:03:19.469786
sz.002625,2023-12-01,2023-12-08,0.1419677734375,2025-12-15 20:03:19.469786
sz.002625,2023-12-04,2023-12-11,0.1314697265625,2025-12-15 20:03:19.469786
sz.002625,2023-12-05,2023-12-12,0.1412353515625,2025-12-15 20:03:19.469786
sz.002625,2023-12-06,2023-12-13,0.12188720703125,2025-12-15 20:03:19.469786
sz.002625,2023-12-07,2023-12-14,0.1336669921875,2025-12-15 20:03:19.469786
sz.002625,2023-12-08,2023-12-15,0.14208984375,2025-12-15 20:03:19.469786
sz.002625,2023-12-11,2023-12-18,0.222412109375,2025-12-15 20:03:19.469786
sz.002625,2023-12-12,2023-12-19,0.1441650390625,2025-12-15 20:03:19.469786
sz.002625,2023-12-13,2023-12-20,0.1494140625,2025-12-15 20:03:19.469786
sz.002625,2023-12-14,2023-12-21,0.1474609375,2025-12-15 20:03:19.469786
sz.002625,2023-12-15,2023-12-22,0.132568359375,2025-12-15 20:03:19.469786
sz.002625,2023-12-18,2023-12-25,0.1348876953125,2025-12-15 20:03:19.469786
sz.002625,2023-12-19,2023-12-26,0.1309814453125,2025-12-15 20:03:19.469786
sz.002625,2023-12-20,2023-12-27,0.13330078125,2025-12-15 20:03:19.469786
sz.002625,2023-12-21,2023-12-28,0.08477783203125,2025-12-15 20:03:19.469786
sz.002625,2023-12-22,2023-12-29,0.128662109375,2025-12-15 20:03:19.469786
sz.002625,2023-12-25,2024-01-01,0.1209716796875,2025-12-15 20:03:19.469786
sz.002625,2023-12-26,2024-01-02,0.0843505859375,2025-12-15 20:03:19.469786
sz.002625,2023-12-27,2024-01-03,0.1710205078125,2025-12-15 20:03:19.469786
sz.002625,2023-12-28,2024-01-04,0.1497802734375,2025-12-15 20:03:19.469786
sz.002625,2023-12-29,2024-01-05,0.1942138671875,2025-12-15 20:03:19.469786
sz.002625,2024-01-02,2024-01-09,0.1199951171875,2025-12-15 20:03:19.469786
sz.002625,2024-01-03,2024-01-10,0.1124267578125,2025-12-15 20:03:19.469786
sz.002625,2024-01-04,2024-01-11,0.13818359375,2025-12-15 20:03:19.469786
sz.002625,2024-01-05,2024-01-12,0.1312255859375,2025-12-15 20:03:19.469786
sz.002625,2024-01-08,2024-01-15,0.1278076171875,2025-12-15 20:03:19.469786
sz.002625,2024-01-09,2024-01-16,0.10107421875,2025-12-15 20:03:19.469786
sz.002625,2024-01-10,2024-01-17,0.1063232421875,2025-12-15 20:03:19.469786
sz.002625,2024-01-11,2024-01-18,0.10321044921875,2025-12-15 20:03:19.469786
sz.002625,2024-01-12,2024-01-19,0.1209716796875,2025-12-15 20:03:19.469786
sz.002625,2024-01-15,2024-01-22,0.138427734375,2025-12-15 20:03:19.469786
sz.002625,2024-01-16,2024-01-23,0.118408203125,2025-12-15 20:03:19.469786
sz.002625,2024-01-17,2024-01-24,0.135498046875,2025-12-15 20:03:19.469786
sz.002625,2024-01-18,2024-01-25,0.144287109375,2025-12-15 20:03:19.469786
sz.002625,2024-01-19,2024-01-26,0.2064208984375,2025-12-15 20:03:19.469786
sz.002625,2024-01-22,2024-01-29,0.2496337890625,2025-12-15 20:03:19.469786
sz.002625,2024-01-23,2024-01-30,0.25341796875,2025-12-15 20:03:19.469786
sz.002625,2024-01-24,2024-01-31,0.15673828125,2025-12-15 20:03:19.469786
sz.002625,2024-01-25,2024-02-01,0.1754150390625,2025-12-15 20:03:19.469786
sz.002625,2024-01-26,2024-02-02,0.2012939453125,2025-12-15 20:03:19.469786
sz.002625,2024-01-29,2024-02-05,0.1710205078125,2025-12-15 20:03:19.469786
sz.002625,2024-01-30,2024-02-06,0.318115234375,2025-12-15 20:03:19.469786
sz.002625,2024-01-31,2024-02-07,0.338134765625,2025-12-15 20:03:19.469786
sz.002625,2024-02-01,2024-02-08,0.437744140625,2025-12-15 20:03:19.469786
sz.002625,2024-02-02,2024-02-09,0.4033203125,2025-12-15 20:03:19.469786
sz.002625,2024-02-05,2024-02-12,0.5185546875,2025-12-15 20:03:19.469786
sz.002625,2024-02-06,2024-02-13,0.40478515625,2025-12-15 20:03:19.469786
sz.002625,2024-02-07,2024-02-14,0.266357421875,2025-12-15 20:03:19.469786
sz.002625,2024-02-08,2024-02-15,0.176513671875,2025-12-15 20:03:19.469786
sz.002625,2024-02-19,2024-02-26,0.13671875,2025-12-15 20:03:19.469786
sz.002625,2024-02-20,2024-02-27,0.09771728515625,2025-12-15 20:03:19.469786
sz.002625,2024-02-21,2024-02-28,0.08331298828125,2025-12-15 20:03:19.469786
sz.002625,2024-02-22,2024-02-29,0.10504150390625,2025-12-15 20:03:19.469786
sz.002625,2024-02-23,2024-03-01,0.1253662109375,2025-12-15 20:03:19.469786
sz.002625,2024-02-26,2024-03-04,0.08758544921875,2025-12-15 20:03:19.469786
sz.002625,2024-02-27,2024-03-05,0.145263671875,2025-12-15 20:03:19.469786
sz.002625,2024-02-28,2024-03-06,0.11260986328125,2025-12-15 20:03:19.469786
sz.002625,2024-02-29,2024-03-07,0.30859375,2025-12-15 20:03:19.469786
sz.002625,2024-03-01,2024-03-08,0.2235107421875,2025-12-15 20:03:19.469786
sz.002625,2024-03-04,2024-03-11,0.1175537109375,2025-12-15 20:03:19.469786
sz.002625,2024-03-05,2024-03-12,0.1165771484375,2025-12-15 20:03:19.469786
sz.002625,2024-03-06,2024-03-13,0.1163330078125,2025-12-15 20:03:19.469786
sz.002625,2024-03-07,2024-03-14,0.1328125,2025-12-15 20:03:19.469786
sz.002625,2024-03-08,2024-03-15,0.1513671875,2025-12-15 20:03:19.469786
sz.002625,2024-03-11,2024-03-18,0.288330078125,2025-12-15 20:03:19.469786
sz.002625,2024-03-12,2024-03-19,0.1365966796875,2025-12-15 20:03:19.469786
sz.002625,2024-03-13,2024-03-20,0.15478515625,2025-12-15 20:03:19.469786
sz.002625,2024-03-14,2024-03-21,0.1397705078125,2025-12-15 20:03:19.469786
sz.002625,2024-03-15,2024-03-22,0.240478515625,2025-12-15 20:03:19.469786
sz.002625,2024-03-18,2024-03-25,0.143798828125,2025-12-15 20:03:19.469786
sz.002625,2024-03-19,2024-03-26,0.1458740234375,2025-12-15 20:03:19.469786
sz.002625,2024-03-20,2024-03-27,0.2440185546875,2025-12-15 20:03:19.469786
sz.002625,2024-03-21,2024-03-28,0.1436767578125,2025-12-15 20:03:19.469786
sz.002625,2024-03-22,2024-03-29,0.2099609375,2025-12-15 20:03:19.469786
sz.002625,2024-03-25,2024-04-01,0.2197265625,2025-12-15 20:03:19.469786
sz.002625,2024-03-26,2024-04-02,0.1279296875,2025-12-15 20:03:19.469786
sz.002625,2024-03-27,2024-04-03,0.0726318359375,2025-12-15 20:03:19.469786
sz.002625,2024-03-28,2024-04-04,0.10357666015625,2025-12-15 20:03:19.469786
sz.002625,2024-03-29,2024-04-05,0.2476806640625,2025-12-15 20:03:19.469786
sz.002625,2024-04-01,2024-04-08,0.195556640625,2025-12-15 20:03:19.469786
sz.002625,2024-04-02,2024-04-09,0.1468505859375,2025-12-15 20:03:19.469786
sz.002625,2024-04-03,2024-04-10,0.09136962890625,2025-12-15 20:03:19.469786
sz.002625,2024-04-08,2024-04-15,0.120849609375,2025-12-15 20:03:19.469786
sz.002625,2024-04-09,2024-04-16,0.1351318359375,2025-12-15 20:03:19.469786
sz.002625,2024-04-10,2024-04-17,0.11029052734375,2025-12-15 20:03:19.469786
sz.002625,2024-04-11,2024-04-18,0.10821533203125,2025-12-15 20:03:19.469786
sz.002625,2024-04-12,2024-04-19,0.08880615234375,2025-12-15 20:03:19.469786
sz.002625,2024-04-15,2024-04-22,0.1041259765625,2025-12-15 20:03:19.469786
sz.002625,2024-04-16,2024-04-23,0.135986328125,2025-12-15 20:03:19.469786
sz.002625,2024-04-17,2024-04-24,0.318603515625,2025-12-15 20:03:19.469786
sz.002625,2024-04-18,2024-04-25,0.08740234375,2025-12-15 20:03:19.469786
sz.002625,2024-04-19,2024-04-26,0.382568359375,2025-12-15 20:03:19.469786
sz.002625,2024-04-22,2024-04-29,0.139404296875,2025-12-15 20:03:19.469786
sz.002625,2024-04-23,2024-04-30,0.10015869140625,2025-12-15 20:03:19.469786
sz.002625,2024-04-24,2024-05-01,0.363525390625,2025-12-15 20:03:19.469786
sz.002625,2024-04-25,2024-05-02,0.130615234375,2025-12-15 20:03:19.469786
sz.002625,2024-04-26,2024-05-03,0.135986328125,2025-12-15 20:03:19.469786
sz.002625,2024-04-29,2024-05-06,0.1275634765625,2025-12-15 20:03:19.469786
sz.002625,2024-04-30,2024-05-07,0.1531982421875,2025-12-15 20:03:19.469786
sz.002625,2024-05-06,2024-05-13,0.13037109375,2025-12-15 20:03:19.469786
sz.002625,2024-05-07,2024-05-14,0.184814453125,2025-12-15 20:03:19.469786
sz.002625,2024-05-08,2024-05-15,0.1478271484375,2025-12-15 20:03:19.469786
sz.002625,2024-05-09,2024-05-16,0.1683349609375,2025-12-15 20:03:19.469786
sz.002625,2024-05-10,2024-05-17,0.1534423828125,2025-12-15 20:03:19.469786
sz.002625,2024-05-13,2024-05-20,0.15380859375,2025-12-15 20:03:19.469786
sz.002625,2024-05-14,2024-05-21,0.1529541015625,2025-12-15 20:03:19.469786
sz.002625,2024-05-15,2024-05-22,0.1702880859375,2025-12-15 20:03:19.469786
sz.002625,2024-05-16,2024-05-23,0.134033203125,2025-12-15 20:03:19.469786
sz.002625,2024-05-17,2024-05-24,0.1649169921875,2025-12-15 20:03:19.469786
sz.002625,2024-05-20,2024-05-27,0.1458740234375,2025-12-15 20:03:19.469786
sz.002625,2024-05-21,2024-05-28,0.173583984375,2025-12-15 20:03:19.469786
sz.002625,2024-05-22,2024-05-29,0.163818359375,2025-12-15 20:03:19.469786
sz.002625,2024-05-23,2024-05-30,0.134033203125,2025-12-15 20:03:19.469786
sz.002625,2024-05-24,2024-05-31,0.14111328125,2025-12-15 20:03:19.469786
sz.002625,2024-05-27,2024-06-03,0.089111328125,2025-12-15 20:03:19.469786
sz.002625,2024-05-28,2024-06-04,0.1373291015625,2025-12-15 20:03:19.469786
sz.002625,2024-05-29,2024-06-05,0.140380859375,2025-12-15 20:03:19.469786
sz.002625,2024-05-30,2024-06-06,0.12127685546875,2025-12-15 20:03:19.469786
sz.002625,2024-05-31,2024-06-07,0.1463623046875,2025-12-15 20:03:19.469786
sz.002625,2024-06-03,2024-06-10,0.1429443359375,2025-12-15 20:03:19.469786
sz.002625,2024-06-04,2024-06-11,0.190673828125,2025-12-15 20:03:19.469786
sz.002625,2024-06-05,2024-06-12,0.1273193359375,2025-12-15 20:03:19.469786
sz.002625,2024-06-06,2024-06-13,0.1363525390625,2025-12-15 20:03:19.469786
sz.002625,2024-06-07,2024-06-14,0.1224365234375,2025-12-15 20:03:19.469786
sz.002625,2024-06-11,2024-06-18,0.09912109375,2025-12-15 20:03:19.469786
sz.002625,2024-06-12,2024-06-19,0.1259765625,2025-12-15 20:03:19.469786
sz.002625,2024-06-13,2024-06-20,0.13330078125,2025-12-15 20:03:19.469786
sz.002625,2024-06-14,2024-06-21,0.16162109375,2025-12-15 20:03:19.469786
sz.002625,2024-06-17,2024-06-24,0.100341796875,2025-12-15 20:03:19.469786
sz.002625,2024-06-18,2024-06-25,0.1279296875,2025-12-15 20:03:19.469786
sz.002625,2024-06-19,2024-06-26,0.15234375,2025-12-15 20:03:19.469786
sz.002625,2024-06-20,2024-06-27,0.130859375,2025-12-15 20:03:19.469786
sz.002625,2024-06-21,2024-06-28,0.1318359375,2025-12-15 20:03:19.469786
sz.002625,2024-06-24,2024-07-01,0.1214599609375,2025-12-15 20:03:19.469786
sz.002625,2024-06-25,2024-07-02,0.116943359375,2025-12-15 20:03:19.469786
sz.002625,2024-06-26,2024-07-03,0.161376953125,2025-12-15 20:03:19.469786
sz.002625,2024-06-27,2024-07-04,0.140380859375,2025-12-15 20:03:19.469786
sz.002625,2024-06-28,2024-07-05,0.083740234375,2025-12-15 20:03:19.469786
sz.002625,2024-07-01,2024-07-08,0.1505126953125,2025-12-15 20:03:19.469786
sz.002625,2024-07-02,2024-07-09,0.1387939453125,2025-12-15 20:03:19.469786
sz.002625,2024-07-03,2024-07-10,0.1514892578125,2025-12-15 20:03:19.469786
sz.002625,2024-07-04,2024-07-11,0.13671875,2025-12-15 20:03:19.469786
sz.002625,2024-07-05,2024-07-12,0.11419677734375,2025-12-15 20:03:19.469786
sz.002625,2024-07-08,2024-07-15,0.14599609375,2025-12-15 20:03:19.469786
sz.002625,2024-07-09,2024-07-16,0.367431640625,2025-12-15 20:03:19.469786
sz.002625,2024-07-10,2024-07-17,0.1282958984375,2025-12-15 20:03:19.469786
sz.002625,2024-07-11,2024-07-18,0.142333984375,2025-12-15 20:03:19.469786
sz.002625,2024-07-12,2024-07-19,0.11419677734375,2025-12-15 20:03:19.469786
sz.002625,2024-07-15,2024-07-22,0.1358642578125,2025-12-15 20:03:19.469786
sz.002625,2024-07-16,2024-07-23,0.1912841796875,2025-12-15 20:03:19.469786
sz.002625,2024-07-17,2024-07-24,0.146728515625,2025-12-15 20:03:19.469786
sz.002625,2024-07-18,2024-07-25,0.09893798828125,2025-12-15 20:03:19.469786
sz.002625,2024-07-19,2024-07-26,0.07666015625,2025-12-15 20:03:19.469786
sz.002625,2024-07-22,2024-07-29,0.11163330078125,2025-12-15 20:03:19.469786
sz.002625,2024-07-23,2024-07-30,0.1356201171875,2025-12-15 20:03:19.469786
sz.002625,2024-07-24,2024-07-31,0.0843505859375,2025-12-15 20:03:19.469786
sz.002625,2024-07-25,2024-08-01,0.12200927734375,2025-12-15 20:03:19.469786
sz.002625,2024-07-26,2024-08-02,0.258056640625,2025-12-15 20:03:19.469786
sz.002625,2024-07-29,2024-08-05,0.1375732421875,2025-12-15 20:03:19.469786
sz.002625,2024-07-30,2024-08-06,0.08709716796875,2025-12-15 20:03:19.469786
sz.002625,2024-07-31,2024-08-07,0.21337890625,2025-12-15 20:03:19.469786
sz.002625,2024-08-01,2024-08-08,0.144775390625,2025-12-15 20:03:19.469786
sz.002625,2024-08-02,2024-08-09,0.093017578125,2025-12-15 20:03:19.469786
sz.002625,2024-08-05,2024-08-12,0.1190185546875,2025-12-15 20:03:19.469786
sz.002625,2024-08-06,2024-08-13,0.08880615234375,2025-12-15 20:03:19.469786
sz.002625,2024-08-07,2024-08-14,0.120849609375,2025-12-15 20:03:19.469786
sz.002625,2024-08-08,2024-08-15,0.1317138671875,2025-12-15 20:03:19.469786
sz.002625,2024-08-09,2024-08-16,0.12359619140625,2025-12-15 20:03:19.469786
sz.002625,2024-08-12,2024-08-19,0.1217041015625,2025-12-15 20:03:19.469786
sz.002625,2024-08-13,2024-08-20,0.139404296875,2025-12-15 20:03:19.469786
sz.002625,2024-08-14,2024-08-21,0.1729736328125,2025-12-15 20:03:19.469786
sz.002625,2024-08-15,2024-08-22,0.19287109375,2025-12-15 20:03:19.469786
sz.002625,2024-08-16,2024-08-23,0.1749267578125,2025-12-15 20:03:19.469786
sz.002625,2024-08-19,2024-08-26,0.327880859375,2025-12-15 20:03:19.469786
sz.002625,2024-08-20,2024-08-27,0.1258544921875,2025-12-15 20:03:19.469786
sz.002625,2024-08-21,2024-08-28,0.227294921875,2025-12-15 20:03:19.469786
sz.002625,2024-08-22,2024-08-29,0.1766357421875,2025-12-15 20:03:19.469786
sz.002625,2024-08-23,2024-08-30,0.3125,2025-12-15 20:03:19.469786
sz.002625,2024-08-26,2024-09-02,0.2430419921875,2025-12-15 20:03:19.469786
sz.002625,2024-08-27,2024-09-03,0.2333984375,2025-12-15 20:03:19.469786
sz.002625,2024-08-28,2024-09-04,0.17431640625,2025-12-15 20:03:19.469786
sz.002625,2024-08-29,2024-09-05,0.15625,2025-12-15 20:03:19.469786
sz.002625,2024-08-30,2024-09-06,0.23779296875,2025-12-15 20:03:19.469786
sz.002625,2024-09-02,2024-09-09,0.13134765625,2025-12-15 20:03:19.469786
sz.002625,2024-09-03,2024-09-10,0.0838623046875,2025-12-15 20:03:19.469786
sz.002625,2024-09-04,2024-09-11,0.0867919921875,2025-12-15 20:03:19.469786
sz.002625,2024-09-05,2024-09-12,0.128173828125,2025-12-15 20:03:19.469786
sz.002625,2024-09-06,2024-09-13,0.1273193359375,2025-12-15 20:03:19.469786
sz.002625,2024-09-09,2024-09-16,0.0849609375,2025-12-15 20:03:19.469786
sz.002625,2024-09-10,2024-09-17,0.25341796875,2025-12-15 20:03:19.469786
sz.002625,2024-09-11,2024-09-18,0.1759033203125,2025-12-15 20:03:19.469786
sz.002625,2024-09-12,2024-09-19,0.1224365234375,2025-12-15 20:03:19.469786
sz.002625,2024-09-13,2024-09-20,0.1214599609375,2025-12-15 20:03:19.469786
sz.002625,2024-09-18,2024-09-25,0.11065673828125,2025-12-15 20:03:19.469786
sz.002625,2024-09-19,2024-09-26,0.1444091796875,2025-12-15 20:03:19.469786
sz.002625,2024-09-20,2024-09-27,0.12646484375,2025-12-15 20:03:19.469786
sz.002625,2024-09-23,2024-09-30,0.15380859375,2025-12-15 20:03:19.469786
sz.002625,2024-09-24,2024-10-01,0.194580078125,2025-12-15 20:03:19.469786
sz.002625,2024-09-25,2024-10-02,0.184814453125,2025-12-15 20:03:19.469786
sz.002625,2024-09-26,2024-10-03,0.25830078125,2025-12-15 20:03:19.469786
sz.002625,2024-09-27,2024-10-04,0.2274169921875,2025-12-15 20:03:19.469786
sz.002625,2024-09-30,2024-10-07,0.297119140625,2025-12-15 20:03:19.469786
sz.002625,2024-10-08,2024-10-15,0.37255859375,2025-12-15 20:03:19.469786
sz.002625,2024-10-09,2024-10-16,0.51318359375,2025-12-15 20:03:19.469786
sz.002625,2024-10-10,2024-10-17,0.5205078125,2025-12-15 20:03:19.469786
sz.002625,2024-10-11,2024-10-18,0.53955078125,2025-12-15 20:03:19.469786
sz.002625,2024-10-14,2024-10-21,0.5380859375,2025-12-15 20:03:19.469786
sz.002625,2024-10-15,2024-10-22,0.455322265625,2025-12-15 20:03:19.469786
sz.002625,2024-10-16,2024-10-23,0.453369140625,2025-12-15 20:03:19.469786
sz.002625,2024-10-17,2024-10-24,0.450927734375,2025-12-15 20:03:19.469786
sz.002625,2024-10-18,2024-10-25,0.2459716796875,2025-12-15 20:03:19.469786
sz.002625,2024-10-21,2024-10-28,0.139892578125,2025-12-15 20:03:19.469786
sz.002625,2024-10-22,2024-10-29,0.1114501953125,2025-12-15 20:03:19.469786
sz.002625,2024-10-23,2024-10-30,0.389404296875,2025-12-15 20:03:19.469786
sz.002625,2024-10-24,2024-10-31,0.12841796875,2025-12-15 20:03:19.469786
sz.002625,2024-10-25,2024-11-01,0.08709716796875,2025-12-15 20:03:19.469786
sz.002625,2024-10-28,2024-11-04,0.3623046875,2025-12-15 20:03:19.469786
sz.002625,2024-10-29,2024-11-05,0.0938720703125,2025-12-15 20:03:19.469786
sz.002625,2024-10-30,2024-11-06,0.092041015625,2025-12-15 20:03:19.469786
sz.002625,2024-10-31,2024-11-07,0.09027099609375,2025-12-15 20:03:19.469786
sz.002625,2024-11-01,2024-11-08,0.1251220703125,2025-12-15 20:03:19.469786
sz.002625,2024-11-04,2024-11-11,0.09124755859375,2025-12-15 20:03:19.469786
sz.002625,2024-11-05,2024-11-12,0.30859375,2025-12-15 20:03:19.469786
sz.002625,2024-11-06,2024-11-13,0.1802978515625,2025-12-15 20:03:19.469786
sz.002625,2024-11-07,2024-11-14,0.12261962890625,2025-12-15 20:03:19.469786
sz.002625,2024-11-08,2024-11-15,0.171630859375,2025-12-15 20:03:19.469786
sz.002625,2024-11-11,2024-11-18,0.21435546875,2025-12-15 20:03:19.469786
sz.002625,2024-11-12,2024-11-19,0.1683349609375,2025-12-15 20:03:19.469786
sz.002625,2024-11-13,2024-11-20,0.1961669921875,2025-12-15 20:03:19.469786
sz.002625,2024-11-14,2024-11-21,0.1436767578125,2025-12-15 20:03:19.469786
sz.002625,2024-11-15,2024-11-22,0.1441650390625,2025-12-15 20:03:19.469786
sz.002625,2024-11-18,2024-11-25,0.127197265625,2025-12-15 20:03:19.469786
sz.002625,2024-11-19,2024-11-26,0.092041015625,2025-12-15 20:03:19.469786
sz.002625,2024-11-20,2024-11-27,0.07196044921875,2025-12-15 20:03:19.469786
sz.002625,2024-11-21,2024-11-28,0.10650634765625,2025-12-15 20:03:19.469786
sz.002625,2024-11-22,2024-11-29,0.11395263671875,2025-12-15 20:03:19.469786
sz.002625,2024-11-25,2024-12-02,0.11968994140625,2025-12-15 20:03:19.469786
sz.002625,2024-11-26,2024-12-03,0.1236572265625,2025-12-15 20:03:19.469786
sz.002625,2024-11-27,2024-12-04,0.120361328125,2025-12-15 20:03:19.469786
sz.002625,2024-11-28,2024-12-05,0.1124267578125,2025-12-15 20:03:19.469786
sz.002625,2024-11-29,2024-12-06,0.07763671875,2025-12-15 20:03:19.469786
sz.002625,2024-12-02,2024-12-09,0.10577392578125,2025-12-15 20:03:19.469786
sz.002625,2024-12-03,2024-12-10,0.1368408203125,2025-12-15 20:03:19.469786
sz.002625,2024-12-04,2024-12-11,0.133056640625,2025-12-15 20:03:19.469786
sz.002625,2024-12-05,2024-12-12,0.1278076171875,2025-12-15 20:03:19.469786
sz.002625,2024-12-06,2024-12-13,0.090576171875,2025-12-15 20:03:19.469786
sz.002625,2024-12-09,2024-12-16,0.1300048828125,2025-12-15 20:03:19.469786
sz.002625,2024-12-10,2024-12-17,0.145751953125,2025-12-15 20:03:19.469786
sz.002625,2024-12-11,2024-12-18,0.149658203125,2025-12-15 20:03:19.469786
sz.002625,2024-12-12,2024-12-19,0.141845703125,2025-12-15 20:03:19.469786
sz.002625,2024-12-13,2024-12-20,0.12176513671875,2025-12-15 20:03:19.469786
sz.002625,2024-12-16,2024-12-23,0.0953369140625,2025-12-15 20:03:19.469786
sz.002625,2024-12-17,2024-12-24,0.1417236328125,2025-12-15 20:03:19.469786
sz.002625,2024-12-18,2024-12-25,0.1473388671875,2025-12-15 20:03:19.469786
sz.002625,2024-12-19,2024-12-26,0.2186279296875,2025-12-15 20:03:19.469786
sz.002625,2024-12-20,2024-12-27,0.0836181640625,2025-12-15 20:03:19.469786
sz.002625,2024-12-23,2024-12-30,0.11614990234375,2025-12-15 20:03:19.469786
sz.002625,2024-12-24,2024-12-31,0.185546875,2025-12-15 20:03:19.469786
sz.002625,2024-12-25,2025-01-01,0.16748046875,2025-12-15 20:03:19.469786
sz.002625,2024-12-26,2025-01-02,0.1671142578125,2025-12-15 20:03:19.469786
sz.002625,2024-12-27,2025-01-03,0.1671142578125,2025-12-15 20:03:19.469786
sz.002625,2024-12-30,2025-01-06,0.252197265625,2025-12-15 20:03:19.469786
sz.002625,2024-12-31,2025-01-07,0.1748046875,2025-12-15 20:03:19.469786
sz.002625,2025-01-02,2025-01-09,0.14306640625,2025-12-15 20:03:19.469786
sz.002625,2025-01-03,2025-01-10,0.12213134765625,2025-12-15 20:03:19.469786
sz.002625,2025-01-06,2025-01-13,0.11297607421875,2025-12-15 20:03:19.469786
sz.002625,2025-01-07,2025-01-14,0.1539306640625,2025-12-15 20:03:19.469786
sz.002625,2025-01-08,2025-01-15,0.1177978515625,2025-12-15 20:03:19.469786
sz.002625,2025-01-09,2025-01-16,0.1424560546875,2025-12-15 20:03:19.469786
sz.002625,2025-01-10,2025-01-17,0.12115478515625,2025-12-15 20:03:19.469786
sz.002625,2025-01-13,2025-01-20,0.08831787109375,2025-12-15 20:03:19.469786
sz.002625,2025-01-14,2025-01-21,0.1358642578125,2025-12-15 20:03:19.469786
sz.002625,2025-01-15,2025-01-22,0.1181640625,2025-12-15 20:03:19.469786
sz.002625,2025-01-16,2025-01-23,0.10577392578125,2025-12-15 20:03:19.469786
sz.002625,2025-01-17,2025-01-24,0.1329345703125,2025-12-15 20:03:19.469786
sz.002625,2025-01-20,2025-01-27,0.1104736328125,2025-12-15 20:03:19.469786
sz.002625,2025-01-21,2025-01-28,0.185791015625,2025-12-15 20:03:19.469786
sz.002625,2025-01-22,2025-01-29,0.1636962890625,2025-12-15 20:03:19.469786
sz.002625,2025-01-23,2025-01-30,0.1348876953125,2025-12-15 20:03:19.469786
sz.002625,2025-01-24,2025-01-31,0.09417724609375,2025-12-15 20:03:19.469786
sz.002625,2025-01-27,2025-02-03,0.1195068359375,2025-12-15 20:03:19.469786
sz.002625,2025-02-05,2025-02-12,0.09368896484375,2025-12-15 20:03:19.469786
sz.002625,2025-02-06,2025-02-13,0.1270751953125,2025-12-15 20:03:19.469786
sz.002625,2025-02-07,2025-02-14,0.11065673828125,2025-12-15 20:03:19.469786
sz.002625,2025-02-10,2025-02-17,0.156005859375,2025-12-15 20:03:19.469786
sz.002625,2025-02-11,2025-02-18,0.15087890625,2025-12-15 20:03:19.469786
sz.002625,2025-02-12,2025-02-19,0.35107421875,2025-12-15 20:03:19.469786
sz.002625,2025-02-13,2025-02-20,0.1265869140625,2025-12-15 20:03:19.469786
sz.002625,2025-02-14,2025-02-21,0.171630859375,2025-12-15 20:03:19.469786
sz.002625,2025-02-17,2025-02-24,0.11395263671875,2025-12-15 20:03:19.469786
sz.002625,2025-02-18,2025-02-25,0.1368408203125,2025-12-15 20:03:19.469786
sz.002625,2025-02-19,2025-02-26,0.232666015625,2025-12-15 20:03:19.469786
sz.002625,2025-02-20,2025-02-27,0.1492919921875,2025-12-15 20:03:19.469786
sz.002625,2025-02-21,2025-02-28,0.1568603515625,2025-12-15 20:03:19.469786
sz.002625,2025-02-24,2025-03-03,0.12408447265625,2025-12-15 20:03:19.469786
sz.002625,2025-02-25,2025-03-04,0.10968017578125,2025-12-15 20:03:19.469786
sz.002625,2025-02-26,2025-03-05,0.154541015625,2025-12-15 20:03:19.469786
sz.002625,2025-02-27,2025-03-06,0.142578125,2025-12-15 20:03:19.469786
sz.002625,2025-02-28,2025-03-07,0.1343994140625,2025-12-15 20:03:19.469786
sz.002625,2025-03-03,2025-03-10,0.1187744140625,2025-12-15 20:03:19.469786
sz.002625,2025-03-04,2025-03-11,0.1461181640625,2025-12-15 20:03:19.469786
sz.002625,2025-03-05,2025-03-12,0.15234375,2025-12-15 20:03:19.469786
sz.002625,2025-03-06,2025-03-13,0.165771484375,2025-12-15 20:03:19.469786
sz.002625,2025-03-07,2025-03-14,0.0953369140625,2025-12-15 20:03:19.469786
sz.002625,2025-03-10,2025-03-17,0.103759765625,2025-12-15 20:03:19.469786
sz.002625,2025-03-11,2025-03-18,0.179931640625,2025-12-15 20:03:19.469786
sz.002625,2025-03-12,2025-03-19,0.126953125,2025-12-15 20:03:19.469786
sz.002625,2025-03-13,2025-03-20,0.1448974609375,2025-12-15 20:03:19.469786
sz.002625,2025-03-14,2025-03-21,0.2587890625,2025-12-15 20:03:19.469786
sz.002625,2025-03-17,2025-03-24,0.162109375,2025-12-15 20:03:19.469786
sz.002625,2025-03-18,2025-03-25,0.2103271484375,2025-12-15 20:03:19.469786
sz.002625,2025-03-19,2025-03-26,0.1416015625,2025-12-15 20:03:19.469786
sz.002625,2025-03-20,2025-03-27,0.144287109375,2025-12-15 20:03:19.469786
sz.002625,2025-03-21,2025-03-28,0.1495361328125,2025-12-15 20:03:19.469786
sz.002625,2025-03-24,2025-03-31,0.15478515625,2025-12-15 20:03:19.469786
sz.002625,2025-03-25,2025-04-01,0.1309814453125,2025-12-15 20:03:19.469786
sz.002625,2025-03-26,2025-04-02,0.0843505859375,2025-12-15 20:03:19.469786
sz.002625,2025-03-27,2025-04-03,0.1104736328125,2025-12-15 20:03:19.469786
sz.002625,2025-03-28,2025-04-04,0.1429443359375,2025-12-15 20:03:19.469786
sz.002625,2025-03-31,2025-04-07,0.1177978515625,2025-12-15 20:03:19.469786
sz.002625,2025-04-01,2025-04-08,0.1324462890625,2025-12-15 20:03:19.469786
sz.002625,2025-04-02,2025-04-09,0.2022705078125,2025-12-15 20:03:19.469786
sz.002625,2025-04-03,2025-04-10,0.196044921875,2025-12-15 20:03:19.469786
sz.002625,2025-04-07,2025-04-14,0.1285400390625,2025-12-15 20:03:19.469786
sz.002625,2025-04-08,2025-04-15,0.253662109375,2025-12-15 20:03:19.469786
sz.002625,2025-04-09,2025-04-16,0.1429443359375,2025-12-15 20:03:19.469786
sz.002625,2025-04-10,2025-04-17,0.265625,2025-12-15 20:03:19.469786
sz.002625,2025-04-11,2025-04-18,0.093017578125,2025-12-15 20:03:19.469786
sz.002625,2025-04-14,2025-04-21,0.082275390625,2025-12-15 20:03:19.469786
sz.002625,2025-04-15,2025-04-22,0.1512451171875,2025-12-15 20:03:19.469786
sz.002625,2025-04-16,2025-04-23,0.1329345703125,2025-12-15 20:03:19.469786
sz.002625,2025-04-17,2025-04-24,0.10284423828125,2025-12-15 20:03:19.469786
sz.002625,2025-04-18,2025-04-25,0.179443359375,2025-12-15 20:03:19.469786
sz.002625,2025-04-21,2025-04-28,0.2293701171875,2025-12-15 20:03:19.469786
sz.002625,2025-04-22,2025-04-29,0.1444091796875,2025-12-15 20:03:19.469786
sz.002625,2025-04-23,2025-04-30,0.1669921875,2025-12-15 20:03:19.469786
sz.002625,2025-04-24,2025-05-01,0.10284423828125,2025-12-15 20:03:19.469786
sz.002625,2025-04-25,2025-05-02,0.09173583984375,2025-12-15 20:03:19.469786
sz.002625,2025-04-28,2025-05-05,0.1163330078125,2025-12-15 20:03:19.469786
sz.002625,2025-04-29,2025-05-06,0.140625,2025-12-15 20:03:19.469786
sz.002625,2025-04-30,2025-05-07,0.11260986328125,2025-12-15 20:03:19.469786
sz.002625,2025-05-06,2025-05-13,0.1585693359375,2025-12-15 20:03:19.469786
sz.002625,2025-05-07,2025-05-14,0.1378173828125,2025-12-15 20:03:19.469786
sz.002625,2025-05-08,2025-05-15,0.1429443359375,2025-12-15 20:03:19.469786
sz.002625,2025-05-09,2025-05-16,0.1533203125,2025-12-15 20:03:19.469786
sz.002625,2025-05-12,2025-05-19,0.1131591796875,2025-12-15 20:03:19.469786
sz.002625,2025-05-13,2025-05-20,0.14697265625,2025-12-15 20:03:19.469786
sz.002625,2025-05-14,2025-05-21,0.1512451171875,2025-12-15 20:03:19.469786
sz.002625,2025-05-15,2025-05-22,0.1251220703125,2025-12-15 20:03:19.469786
sz.002625,2025-05-16,2025-05-23,0.13623046875,2025-12-15 20:03:19.469786
sz.002625,2025-05-19,2025-05-26,0.14990234375,2025-12-15 20:03:19.469786
sz.002625,2025-05-20,2025-05-27,0.1578369140625,2025-12-15 20:03:19.469786
sz.002625,2025-05-21,2025-05-28,0.2152099609375,2025-12-15 20:03:19.469786
sz.002625,2025-05-22,2025-05-29,0.1678466796875,2025-12-15 20:03:19.469786
sz.002625,2025-05-23,2025-05-30,0.11993408203125,2025-12-15 20:03:19.469786
sz.002625,2025-05-26,2025-06-02,0.11260986328125,2025-12-15 20:03:19.469786
sz.002625,2025-05-27,2025-06-03,0.1436767578125,2025-12-15 20:03:19.469786
sz.002625,2025-05-28,2025-06-04,0.1673583984375,2025-12-15 20:03:19.469786
sz.002625,2025-05-29,2025-06-05,0.1611328125,2025-12-15 20:03:19.469786
sz.002625,2025-05-30,2025-06-06,0.1473388671875,2025-12-15 20:03:19.469786
sz.002625,2025-06-03,2025-06-10,0.1358642578125,2025-12-15 20:03:19.469786
sz.002625,2025-06-04,2025-06-11,0.148681640625,2025-12-15 20:03:19.469786
sz.002625,2025-06-05,2025-06-12,0.19482421875,2025-12-15 20:03:19.469786
sz.002625,2025-06-06,2025-06-13,0.21337890625,2025-12-15 20:03:19.469786
sz.002625,2025-06-09,2025-06-16,0.1259765625,2025-12-15 20:03:19.469786
sz.002625,2025-06-10,2025-06-17,0.1466064453125,2025-12-15 20:03:19.469786
sz.002625,2025-06-11,2025-06-18,0.2127685546875,2025-12-15 20:03:19.469786
sz.002625,2025-06-12,2025-06-19,0.2022705078125,2025-12-15 20:03:19.469786
sz.002625,2025-06-13,2025-06-20,0.2100830078125,2025-12-15 20:03:19.469786
sz.002625,2025-06-16,2025-06-23,0.1640625,2025-12-15 20:03:19.469786
sz.002625,2025-06-17,2025-06-24,0.31982421875,2025-12-15 20:03:19.469786
sz.002625,2025-06-18,2025-06-25,0.31201171875,2025-12-15 20:03:19.469786
sz.002625,2025-06-19,2025-06-26,0.205078125,2025-12-15 20:03:19.469786
sz.002625,2025-06-20,2025-06-27,0.269775390625,2025-12-15 20:03:19.469786
sz.002625,2025-06-23,2025-06-30,0.446044921875,2025-12-15 20:03:19.469786
sz.002625,2025-06-24,2025-07-01,0.33544921875,2025-12-15 20:03:19.469786
sz.002625,2025-06-25,2025-07-02,0.26708984375,2025-12-15 20:03:19.469786
sz.002625,2025-06-26,2025-07-03,0.2100830078125,2025-12-15 20:03:19.469786
sz.002625,2025-06-27,2025-07-04,0.24072265625,2025-12-15 20:03:19.469786
sz.002625,2025-06-30,2025-07-07,0.319580078125,2025-12-15 20:03:19.469786
sz.002625,2025-07-01,2025-07-08,0.163818359375,2025-12-15 20:03:19.469786
sz.002625,2025-07-02,2025-07-09,0.1859130859375,2025-12-15 20:03:19.469786
sz.002625,2025-07-03,2025-07-10,0.324951171875,2025-12-15 20:03:19.469786
sz.002625,2025-07-04,2025-07-11,0.1842041015625,2025-12-15 20:03:19.469786
sz.002625,2025-07-07,2025-07-14,0.1392822265625,2025-12-15 20:03:19.469786
sz.002625,2025-07-08,2025-07-15,0.244140625,2025-12-15 20:03:19.469786
sz.002625,2025-07-09,2025-07-16,0.1593017578125,2025-12-15 20:03:19.469786
sz.002625,2025-07-10,2025-07-17,0.25537109375,2025-12-15 20:03:19.469786
sz.002625,2025-07-11,2025-07-18,0.150634765625,2025-12-15 20:03:19.469786
sz.002625,2025-07-14,2025-07-21,0.07574462890625,2025-12-15 20:03:19.469786
sz.002625,2025-07-15,2025-07-22,0.147705078125,2025-12-15 20:03:19.469786
sz.002625,2025-07-16,2025-07-23,0.1573486328125,2025-12-15 20:03:19.469786
sz.002625,2025-07-17,2025-07-24,0.1964111328125,2025-12-15 20:03:19.469786
sz.002625,2025-07-18,2025-07-25,0.154296875,2025-12-15 20:03:19.469786
sz.002625,2025-07-21,2025-07-28,0.1695556640625,2025-12-15 20:03:19.469786
sz.002625,2025-07-22,2025-07-29,0.1611328125,2025-12-15 20:03:19.469786
sz.002625,2025-07-23,2025-07-30,0.2384033203125,2025-12-15 20:03:19.469786
sz.002625,2025-07-24,2025-07-31,0.1705322265625,2025-12-15 20:03:19.469786
sz.002625,2025-07-25,2025-08-01,0.1497802734375,2025-12-15 20:03:19.469786
sz.002625,2025-07-28,2025-08-04,0.178466796875,2025-12-15 20:03:19.469786
sz.002625,2025-07-29,2025-08-05,0.10577392578125,2025-12-15 20:03:19.469786
sz.002625,2025-07-30,2025-08-06,0.12286376953125,2025-12-15 20:03:19.469786
sz.002625,2025-07-31,2025-08-07,0.1077880859375,2025-12-15 20:03:19.469786
sz.002625,2025-08-01,2025-08-08,0.1390380859375,2025-12-15 20:03:19.469786
sz.002625,2025-08-04,2025-08-11,0.0999755859375,2025-12-15 20:03:19.469786
sz.002625,2025-08-05,2025-08-12,0.14208984375,2025-12-15 20:03:19.469786
sz.002625,2025-08-06,2025-08-13,0.384765625,2025-12-15 20:03:19.469786
sz.002625,2025-08-07,2025-08-14,0.08868408203125,2025-12-15 20:03:19.469786
sz.002625,2025-08-08,2025-08-15,0.07904052734375,2025-12-15 20:03:19.469786
sz.002625,2025-08-11,2025-08-18,0.118408203125,2025-12-15 20:03:19.469786
sz.002625,2025-08-12,2025-08-19,0.14111328125,2025-12-15 20:03:19.469786
sz.002625,2025-08-13,2025-08-20,0.1207275390625,2025-12-15 20:03:19.469786
sz.002625,2025-08-14,2025-08-21,0.12420654296875,2025-12-15 20:03:19.469786
sz.002625,2025-08-15,2025-08-22,0.228271484375,2025-12-15 20:03:19.469786
sz.002625,2025-08-18,2025-08-25,0.2208251953125,2025-12-15 20:03:19.469786
sz.002625,2025-08-19,2025-08-26,0.1373291015625,2025-12-15 20:03:19.469786
sz.002625,2025-08-20,2025-08-27,0.2379150390625,2025-12-15 20:03:19.469786
sz.002625,2025-08-21,2025-08-28,0.152099609375,2025-12-15 20:03:19.469786
sz.002625,2025-08-22,2025-08-29,0.1617431640625,2025-12-15 20:03:19.469786
sz.002625,2025-08-25,2025-09-01,0.24853515625,2025-12-15 20:03:19.469786
sz.002625,2025-08-26,2025-09-02,0.196533203125,2025-12-15 20:03:19.469786
sz.002625,2025-08-27,2025-09-03,0.1689453125,2025-12-15 20:03:19.469786
sz.002625,2025-08-28,2025-09-04,0.25,2025-12-15 20:03:19.469786
sz.002625,2025-08-29,2025-09-05,0.24365234375,2025-12-15 20:03:19.469786
sz.002625,2025-09-01,2025-09-08,0.2257080078125,2025-12-15 20:03:19.469786
sz.002625,2025-09-02,2025-09-09,0.1751708984375,2025-12-15 20:03:19.469786
sz.002625,2025-09-03,2025-09-10,0.1435546875,2025-12-15 20:03:19.469786
sz.002625,2025-09-04,2025-09-11,0.13427734375,2025-12-15 20:03:19.469786
sz.002625,2025-09-05,2025-09-12,0.1368408203125,2025-12-15 20:03:19.469786
sz.002625,2025-09-08,2025-09-15,0.1414794921875,2025-12-15 20:03:19.469786
sz.002625,2025-09-09,2025-09-16,0.1363525390625,2025-12-15 20:03:19.469786
sz.002625,2025-09-10,2025-09-17,0.2125244140625,2025-12-15 20:03:19.469786
sz.002625,2025-09-11,2025-09-18,0.153564453125,2025-12-15 20:03:19.469786
sz.002625,2025-09-12,2025-09-19,0.15673828125,2025-12-15 20:03:19.469786
sz.002625,2025-09-15,2025-09-22,0.1259765625,2025-12-15 20:03:19.469786
sz.002625,2025-09-16,2025-09-23,0.1805419921875,2025-12-15 20:03:19.469786
sz.002625,2025-09-17,2025-09-24,0.20849609375,2025-12-15 20:03:19.469786
sz.002625,2025-09-18,2025-09-25,0.11993408203125,2025-12-15 20:03:19.469786
sz.002625,2025-09-19,2025-09-26,0.12939453125,2025-12-15 20:03:19.469786
sz.002625,2025-09-22,2025-09-29,0.271728515625,2025-12-15 20:03:19.469786
sz.002625,2025-09-23,2025-09-30,0.1463623046875,2025-12-15 20:03:19.469786
sz.002625,2025-09-24,2025-10-01,0.1630859375,2025-12-15 20:03:19.469786
sz.002625,2025-09-25,2025-10-02,0.178955078125,2025-12-15 20:03:19.469786
sz.002625,2025-09-26,2025-10-03,0.171142578125,2025-12-15 20:03:19.469786
sz.002625,2025-09-29,2025-10-06,0.2493896484375,2025-12-15 20:03:19.469786
sz.002625,2025-09-30,2025-10-07,0.1917724609375,2025-12-15 20:03:19.469786
sz.002625,2025-10-09,2025-10-16,0.1331787109375,2025-12-15 20:03:19.469786
sz.002625,2025-10-10,2025-10-17,0.1656494140625,2025-12-15 20:03:19.469786
sz.002625,2025-10-13,2025-10-20,0.21142578125,2025-12-15 20:03:19.469786
sz.002625,2025-10-14,2025-10-21,0.140869140625,2025-12-15 20:03:19.469786
sz.002625,2025-10-15,2025-10-22,0.2095947265625,2025-12-15 20:03:19.469786
sz.002625,2025-10-16,2025-10-23,0.1365966796875,2025-12-15 20:03:19.469786
sz.002625,2025-10-17,2025-10-24,0.127685546875,2025-12-15 20:03:19.469786
sz.002625,2025-10-20,2025-10-27,0.13525390625,2025-12-15 20:03:19.469786
sz.002625,2025-10-21,2025-10-28,0.30322265625,2025-12-15 20:03:19.469786
sz.002625,2025-10-22,2025-10-29,0.1884765625,2025-12-15 20:03:19.469786
sz.002625,2025-10-23,2025-10-30,0.1458740234375,2025-12-15 20:03:19.469786
sz.002625,2025-10-24,2025-10-31,0.36083984375,2025-12-15 20:03:19.469786
sz.002625,2025-10-27,2025-11-03,0.1563720703125,2025-12-15 20:03:19.469786
sz.002625,2025-10-28,2025-11-04,0.1600341796875,2025-12-15 20:03:19.469786
sz.002625,2025-10-29,2025-11-05,0.1551513671875,2025-12-15 20:03:19.469786
sz.002625,2025-10-30,2025-11-06,0.1490478515625,2025-12-15 20:03:19.469786
sz.002625,2025-10-31,2025-11-07,0.09271240234375,2025-12-15 20:03:19.469786
sz.002625,2025-11-03,2025-11-10,0.24365234375,2025-12-15 20:03:19.469786
sz.002625,2025-11-04,2025-11-11,0.132568359375,2025-12-15 20:03:19.469786
sz.002625,2025-11-05,2025-11-12,0.091552734375,2025-12-15 20:03:19.469786
sz.002625,2025-11-06,2025-11-13,0.14697265625,2025-12-15 20:03:19.469786
sz.002625,2025-11-07,2025-11-14,0.1510009765625,2025-12-15 20:03:19.469786
sz.002625,2025-11-10,2025-11-17,0.1427001953125,2025-12-15 20:03:19.469786
sz.002625,2025-11-11,2025-11-18,0.14599609375,2025-12-15 20:03:19.469786
sz.002625,2025-11-12,2025-11-19,0.227294921875,2025-12-15 20:03:19.469786
sz.002625,2025-11-13,2025-11-20,0.248046875,2025-12-15 20:03:19.469786
sz.002625,2025-11-14,2025-11-21,0.1673583984375,2025-12-15 20:03:19.469786
sz.002625,2025-11-17,2025-11-24,0.1640625,2025-12-15 20:03:19.469786
sz.002625,2025-11-18,2025-11-25,0.1143798828125,2025-12-15 20:03:19.469786
sz.002625,2025-11-19,2025-11-26,0.1629638671875,2025-12-15 20:03:19.469786
sz.002625,2025-11-20,2025-11-27,0.177001953125,2025-12-15 20:03:19.469786
sz.002625,2025-11-21,2025-11-28,0.15966796875,2025-12-15 20:03:19.469786
sz.002625,2025-11-24,2025-12-01,0.32177734375,2025-12-15 20:03:19.469786
sz.002625,2025-11-25,2025-12-02,0.10821533203125,2025-12-15 20:03:19.469786
sz.002625,2025-11-26,2025-12-03,0.072509765625,2025-12-15 20:03:19.469786
sz.002625,2025-11-27,2025-12-04,0.127685546875,2025-12-15 20:03:19.469786
sz.002625,2025-11-28,2025-12-05,0.12042236328125,2025-12-15 20:03:19.469786
sz.002625,2025-12-01,2025-12-08,0.1990966796875,2025-12-15 20:03:19.469786
sz.002625,2025-12-02,2025-12-09,0.1429443359375,2025-12-15 20:03:19.469786
sz.002625,2025-12-03,2025-12-10,0.1357421875,2025-12-15 20:03:19.469786
sz.002625,2025-12-04,2025-12-11,0.146728515625,2025-12-15 20:03:19.469786
sz.002625,2025-12-05,2025-12-12,0.2064208984375,2025-12-15 20:03:19.469786
sz.002625,2025-12-08,2025-12-15,0.1572265625,2025-12-15 20:03:19.469786
sz.002625,2025-12-09,2025-12-16,0.1600341796875,2025-12-15 20:03:19.469786
sz.002625,2025-12-10,2025-12-17,0.17919921875,2025-12-15 20:03:19.469786
sz.002625,2025-12-11,2025-12-18,0.17724609375,2025-12-15 20:03:19.469786
sz.002625,2025-12-12,2025-12-19,0.2076416015625,2025-12-15 20:03:19.469786
sz.002625,2025-12-15,2025-12-22,0.17626953125,2025-12-15 20:03:19.469786
sz.002648,2025-12-15,2025-12-22,0.07989501953125,2025-12-15 20:03:19.469786
sz.002709,2025-12-15,2025-12-22,0.0880126953125,2025-12-15 20:03:19.469786
sz.002714,2025-12-15,2025-12-22,0.070068359375,2025-12-15 20:03:19.469786
sz.002736,2025-12-15,2025-12-22,0.0784912109375,2025-12-15 20:03:19.469786
sz.002916,2025-12-15,2025-12-22,0.08477783203125,2025-12-15 20:03:19.469786
sz.002920,2025-12-15,2025-12-22,0.12890625,2025-12-15 20:03:19.469786
sz.002938,2025-12-15,2025-12-22,0.1527099609375,2025-12-15 20:03:19.469786
sz.003816,2025-12-15,2025-12-22,0.135009765625,2025-12-15 20:03:19.469786
sz.300014,2025-12-15,2025-12-22,0.11981201171875,2025-12-15 20:03:19.469786
sz.300015,2025-12-15,2025-12-22,0.1400146484375,2025-12-15 20:03:19.469786
sz.300033,2025-12-15,2025-12-22,0.146484375,2025-12-15 20:03:19.469786
sz.300059,2025-12-15,2025-12-22,0.09136962890625,2025-12-15 20:03:19.469786
sz.300122,2025-12-15,2025-12-22,0.2203369140625,2025-12-15 20:03:19.469786
sz.300124,2025-12-15,2025-12-22,0.12335205078125,2025-12-15 20:03:19.469786
sz.300251,2020-01-02,2020-01-09,0.15087890625,2025-12-15 20:03:19.469786
sz.300251,2020-01-03,2020-01-10,0.154541015625,2025-12-15 20:03:19.469786
sz.300251,2020-01-06,2020-01-13,0.1195068359375,2025-12-15 20:03:19.469786
sz.300251,2020-01-07,2020-01-14,0.153564453125,2025-12-15 20:03:19.469786
sz.300251,2020-01-08,2020-01-15,0.156494140625,2025-12-15 20:03:19.469786
sz.300251,2020-01-09,2020-01-16,0.2181396484375,2025-12-15 20:03:19.469786
sz.300251,2020-01-10,2020-01-17,0.140869140625,2025-12-15 20:03:19.469786
sz.300251,2020-01-13,2020-01-20,0.2626953125,2025-12-15 20:03:19.469786
sz.300251,2020-01-14,2020-01-21,0.17919921875,2025-12-15 20:03:19.469786
sz.300251,2020-01-15,2020-01-22,0.1734619140625,2025-12-15 20:03:19.469786
sz.300251,2020-01-16,2020-01-23,0.1585693359375,2025-12-15 20:03:19.469786
sz.300251,2020-01-17,2020-01-24,0.14453125,2025-12-15 20:03:19.469786
sz.300251,2020-01-20,2020-01-27,0.1495361328125,2025-12-15 20:03:19.469786
sz.300251,2020-01-21,2020-01-28,0.11859130859375,2025-12-15 20:03:19.469786
sz.300251,2020-01-22,2020-01-29,0.1033935546875,2025-12-15 20:03:19.469786
sz.300251,2020-01-23,2020-01-30,0.1124267578125,2025-12-15 20:03:19.469786
sz.300251,2020-02-03,2020-02-10,0.515625,2025-12-15 20:03:19.469786
sz.300251,2020-02-04,2020-02-11,0.2215576171875,2025-12-15 20:03:19.469786
sz.300251,2020-02-05,2020-02-12,0.0816650390625,2025-12-15 20:03:19.469786
sz.300251,2020-02-06,2020-02-13,0.08197021484375,2025-12-15 20:03:19.469786
sz.300251,2020-02-07,2020-02-14,0.12335205078125,2025-12-15 20:03:19.469786
sz.300251,2020-02-10,2020-02-17,0.22900390625,2025-12-15 20:03:19.469786
sz.300251,2020-02-11,2020-02-18,0.0850830078125,2025-12-15 20:03:19.469786
sz.300251,2020-02-12,2020-02-19,0.09600830078125,2025-12-15 20:03:19.469786
sz.300251,2020-02-13,2020-02-20,0.1231689453125,2025-12-15 20:03:19.469786
sz.300251,2020-02-14,2020-02-21,0.10931396484375,2025-12-15 20:03:19.469786
sz.300251,2020-02-17,2020-02-24,0.1910400390625,2025-12-15 20:03:19.469786
sz.300251,2020-02-18,2020-02-25,0.1268310546875,2025-12-15 20:03:19.469786
sz.300251,2020-02-19,2020-02-26,0.1177978515625,2025-12-15 20:03:19.469786
sz.300251,2020-02-20,2020-02-27,0.1328125,2025-12-15 20:03:19.469786
sz.300251,2020-02-21,2020-02-28,0.12646484375,2025-12-15 20:03:19.469786
sz.300251,2020-02-24,2020-03-02,0.158935546875,2025-12-15 20:03:19.469786
sz.300251,2020-02-25,2020-03-03,0.1221923828125,2025-12-15 20:03:19.469786
sz.300251,2020-02-26,2020-03-04,0.08447265625,2025-12-15 20:03:19.469786
sz.300251,2020-02-27,2020-03-05,0.1348876953125,2025-12-15 20:03:19.469786
sz.300251,2020-02-28,2020-03-06,0.12493896484375,2025-12-15 20:03:19.469786
sz.300251,2020-03-02,2020-03-09,0.09173583984375,2025-12-15 20:03:19.469786
sz.300251,2020-03-03,2020-03-10,0.12335205078125,2025-12-15 20:03:19.469786
sz.300251,2020-03-04,2020-03-11,0.1358642578125,2025-12-15 20:03:19.469786
sz.300251,2020-03-05,2020-03-12,0.1318359375,2025-12-15 20:03:19.469786
sz.300251,2020-03-06,2020-03-13,0.0869140625,2025-12-15 20:03:19.469786
sz.300251,2020-03-09,2020-03-16,0.12890625,2025-12-15 20:03:19.469786
sz.300251,2020-03-10,2020-03-17,0.27880859375,2025-12-15 20:03:19.469786
sz.300251,2020-03-11,2020-03-18,0.105224609375,2025-12-15 20:03:19.469786
sz.300251,2020-03-12,2020-03-19,0.132568359375,2025-12-15 20:03:19.469786
sz.300251,2020-03-13,2020-03-20,0.10467529296875,2025-12-15 20:03:19.469786
sz.300251,2020-03-16,2020-03-23,0.15478515625,2025-12-15 20:03:19.469786
sz.300251,2020-03-17,2020-03-24,0.2230224609375,2025-12-15 20:03:19.469786
sz.300251,2020-03-18,2020-03-25,0.199462890625,2025-12-15 20:03:19.469786
sz.300251,2020-03-19,2020-03-26,0.276611328125,2025-12-15 20:03:19.469786
sz.300251,2020-03-20,2020-03-27,0.25537109375,2025-12-15 20:03:19.469786
sz.300251,2020-03-23,2020-03-30,0.1971435546875,2025-12-15 20:03:19.469786
sz.300251,2020-03-24,2020-03-31,0.2322998046875,2025-12-15 20:03:19.469786
sz.300251,2020-03-25,2020-04-01,0.10540771484375,2025-12-15 20:03:19.469786
sz.300251,2020-03-26,2020-04-02,0.1260986328125,2025-12-15 20:03:19.469786
sz.300251,2020-03-27,2020-04-03,0.1446533203125,2025-12-15 20:03:19.469786
sz.300251,2020-03-30,2020-04-06,0.1773681640625,2025-12-15 20:03:19.469786
sz.300251,2020-03-31,2020-04-07,0.2462158203125,2025-12-15 20:03:19.469786
sz.300251,2020-04-01,2020-04-08,0.330078125,2025-12-15 20:03:19.469786
sz.300251,2020-04-02,2020-04-09,0.410888671875,2025-12-15 20:03:19.469786
sz.300251,2020-04-03,2020-04-10,0.2144775390625,2025-12-15 20:03:19.469786
sz.300251,2020-04-07,2020-04-14,0.265625,2025-12-15 20:03:19.469786
sz.300251,2020-04-08,2020-04-15,0.341796875,2025-12-15 20:03:19.469786
sz.300251,2020-04-09,2020-04-16,0.1611328125,2025-12-15 20:03:19.469786
sz.300251,2020-04-10,2020-04-17,0.0987548828125,2025-12-15 20:03:19.469786
sz.300251,2020-04-13,2020-04-20,0.1844482421875,2025-12-15 20:03:19.469786
sz.300251,2020-04-14,2020-04-21,0.260498046875,2025-12-15 20:03:19.469786
sz.300251,2020-04-15,2020-04-22,0.2406005859375,2025-12-15 20:03:19.469786
sz.300251,2020-04-16,2020-04-23,0.385009765625,2025-12-15 20:03:19.469786
sz.300251,2020-04-17,2020-04-24,0.10430908203125,2025-12-15 20:03:19.469786
sz.300251,2020-04-20,2020-04-27,0.1507568359375,2025-12-15 20:03:19.469786
sz.300251,2020-04-21,2020-04-28,0.1546630859375,2025-12-15 20:03:19.469786
sz.300251,2020-04-22,2020-04-29,0.29931640625,2025-12-15 20:03:19.469786
sz.300251,2020-04-23,2020-04-30,0.223876953125,2025-12-15 20:03:19.469786
sz.300251,2020-04-24,2020-05-01,0.27490234375,2025-12-15 20:03:19.469786
sz.300251,2020-04-27,2020-05-04,0.12176513671875,2025-12-15 20:03:19.469786
sz.300251,2020-04-28,2020-05-05,0.091064453125,2025-12-15 20:03:19.469786
sz.300251,2020-04-29,2020-05-06,0.0948486328125,2025-12-15 20:03:19.469786
sz.300251,2020-04-30,2020-05-07,0.13330078125,2025-12-15 20:03:19.469786
sz.300251,2020-05-06,2020-05-13,0.1175537109375,2025-12-15 20:03:19.469786
sz.300251,2020-05-07,2020-05-14,0.093017578125,2025-12-15 20:03:19.469786
sz.300251,2020-05-08,2020-05-15,0.156982421875,2025-12-15 20:03:19.469786
sz.300251,2020-05-11,2020-05-18,0.11126708984375,2025-12-15 20:03:19.469786
sz.300251,2020-05-12,2020-05-19,0.087890625,2025-12-15 20:03:19.469786
sz.300251,2020-05-13,2020-05-20,0.1719970703125,2025-12-15 20:03:19.469786
sz.300251,2020-05-14,2020-05-21,0.1114501953125,2025-12-15 20:03:19.469786
sz.300251,2020-05-15,2020-05-22,0.1668701171875,2025-12-15 20:03:19.469786
sz.300251,2020-05-18,2020-05-25,0.1026611328125,2025-12-15 20:03:19.469786
sz.300251,2020-05-19,2020-05-26,0.154296875,2025-12-15 20:03:19.469786
sz.300251,2020-05-20,2020-05-27,0.1195068359375,2025-12-15 20:03:19.469786
sz.300251,2020-05-21,2020-05-28,0.13330078125,2025-12-15 20:03:19.469786
sz.300251,2020-05-22,2020-05-29,0.135498046875,2025-12-15 20:03:19.469786
sz.300251,2020-05-25,2020-06-01,0.138671875,2025-12-15 20:03:19.469786
sz.300251,2020-05-26,2020-06-02,0.1898193359375,2025-12-15 20:03:19.469786
sz.300251,2020-05-27,2020-06-03,0.1458740234375,2025-12-15 20:03:19.469786
sz.300251,2020-05-28,2020-06-04,0.154052734375,2025-12-15 20:03:19.469786
sz.300251,2020-05-29,2020-06-05,0.299072265625,2025-12-15 20:03:19.469786
sz.300251,2020-06-01,2020-06-08,0.2042236328125,2025-12-15 20:03:19.469786
sz.300251,2020-06-02,2020-06-09,0.145751953125,2025-12-15 20:03:19.469786
sz.300251,2020-06-03,2020-06-10,0.1787109375,2025-12-15 20:03:19.469786
sz.300251,2020-06-04,2020-06-11,0.159912109375,2025-12-15 20:03:19.469786
sz.300251,2020-06-05,2020-06-12,0.1588134765625,2025-12-15 20:03:19.469786
sz.300251,2020-06-08,2020-06-15,0.1669921875,2025-12-15 20:03:19.469786
sz.300251,2020-06-09,2020-06-16,0.17626953125,2025-12-15 20:03:19.469786
sz.300251,2020-06-10,2020-06-17,0.236328125,2025-12-15 20:03:19.469786
sz.300251,2020-06-11,2020-06-18,0.14208984375,2025-12-15 20:03:19.469786
sz.300251,2020-06-12,2020-06-19,0.1531982421875,2025-12-15 20:03:19.469786
sz.300251,2020-06-15,2020-06-22,0.12744140625,2025-12-15 20:03:19.469786
sz.300251,2020-06-16,2020-06-23,0.13427734375,2025-12-15 20:03:19.469786
sz.300251,2020-06-17,2020-06-24,0.181396484375,2025-12-15 20:03:19.469786
sz.300251,2020-06-18,2020-06-25,0.1341552734375,2025-12-15 20:03:19.469786
sz.300251,2020-06-19,2020-06-26,0.11993408203125,2025-12-15 20:03:19.469786
sz.300251,2020-06-22,2020-06-29,0.168701171875,2025-12-15 20:03:19.469786
sz.300251,2020-06-23,2020-06-30,0.1326904296875,2025-12-15 20:03:19.469786
sz.300251,2020-06-24,2020-07-01,0.1597900390625,2025-12-15 20:03:19.469786
sz.300251,2020-06-29,2020-07-06,0.14208984375,2025-12-15 20:03:19.469786
sz.300251,2020-06-30,2020-07-07,0.139892578125,2025-12-15 20:03:19.469786
sz.300251,2020-07-01,2020-07-08,0.1378173828125,2025-12-15 20:03:19.469786
sz.300251,2020-07-02,2020-07-09,0.276123046875,2025-12-15 20:03:19.469786
sz.300251,2020-07-03,2020-07-10,0.176513671875,2025-12-15 20:03:19.469786
sz.300251,2020-07-06,2020-07-13,0.244140625,2025-12-15 20:03:19.469786
sz.300251,2020-07-07,2020-07-14,0.1661376953125,2025-12-15 20:03:19.469786
sz.300251,2020-07-08,2020-07-15,0.2044677734375,2025-12-15 20:03:19.469786
sz.300251,2020-07-09,2020-07-16,0.16015625,2025-12-15 20:03:19.469786
sz.300251,2020-07-10,2020-07-17,0.2293701171875,2025-12-15 20:03:19.469786
sz.300251,2020-07-13,2020-07-20,0.29248046875,2025-12-15 20:03:19.469786
sz.300251,2020-07-14,2020-07-21,0.1925048828125,2025-12-15 20:03:19.469786
sz.300251,2020-07-15,2020-07-22,0.2325439453125,2025-12-15 20:03:19.469786
sz.300251,2020-07-16,2020-07-23,0.12261962890625,2025-12-15 20:03:19.469786
sz.300251,2020-07-17,2020-07-24,0.12451171875,2025-12-15 20:03:19.469786
sz.300251,2020-07-20,2020-07-27,0.10394287109375,2025-12-15 20:03:19.469786
sz.300251,2020-07-21,2020-07-28,0.146484375,2025-12-15 20:03:19.469786
sz.300251,2020-07-22,2020-07-29,0.11029052734375,2025-12-15 20:03:19.469786
sz.300251,2020-07-23,2020-07-30,0.12646484375,2025-12-15 20:03:19.469786
sz.300251,2020-07-24,2020-07-31,0.1044921875,2025-12-15 20:03:19.469786
sz.300251,2020-07-27,2020-08-03,0.11126708984375,2025-12-15 20:03:19.469786
sz.300251,2020-07-28,2020-08-04,0.13671875,2025-12-15 20:03:19.469786
sz.300251,2020-07-29,2020-08-05,0.1976318359375,2025-12-15 20:03:19.469786
sz.300251,2020-07-30,2020-08-06,0.134521484375,2025-12-15 20:03:19.469786
sz.300251,2020-07-31,2020-08-07,0.11981201171875,2025-12-15 20:03:19.469786
sz.300251,2020-08-03,2020-08-10,0.326171875,2025-12-15 20:03:19.469786
sz.300251,2020-08-04,2020-08-11,0.1414794921875,2025-12-15 20:03:19.469786
sz.300251,2020-08-05,2020-08-12,0.13232421875,2025-12-15 20:03:19.469786
sz.300251,2020-08-06,2020-08-13,0.1607666015625,2025-12-15 20:03:19.469786
sz.300251,2020-08-07,2020-08-14,0.1275634765625,2025-12-15 20:03:19.469786
sz.300251,2020-08-10,2020-08-17,0.131591796875,2025-12-15 20:03:19.469786
sz.300251,2020-08-11,2020-08-18,0.0965576171875,2025-12-15 20:03:19.469786
sz.300251,2020-08-12,2020-08-19,0.142822265625,2025-12-15 20:03:19.469786
sz.300251,2020-08-13,2020-08-20,0.09967041015625,2025-12-15 20:03:19.469786
sz.300251,2020-08-14,2020-08-21,0.132568359375,2025-12-15 20:03:19.469786
sz.300251,2020-08-17,2020-08-24,0.1014404296875,2025-12-15 20:03:19.469786
sz.300251,2020-08-18,2020-08-25,0.142333984375,2025-12-15 20:03:19.469786
sz.300251,2020-08-19,2020-08-26,0.147216796875,2025-12-15 20:03:19.469786
sz.300251,2020-08-20,2020-08-27,0.2430419921875,2025-12-15 20:03:19.469786
sz.300251,2020-08-21,2020-08-28,0.1346435546875,2025-12-15 20:03:19.469786
sz.300251,2020-08-24,2020-08-31,0.12841796875,2025-12-15 20:03:19.469786
sz.300251,2020-08-25,2020-09-01,0.20947265625,2025-12-15 20:03:19.469786
sz.300251,2020-08-26,2020-09-02,0.126220703125,2025-12-15 20:03:19.469786
sz.300251,2020-08-27,2020-09-03,0.1304931640625,2025-12-15 20:03:19.469786
sz.300251,2020-08-28,2020-09-04,0.1812744140625,2025-12-15 20:03:19.469786
sz.300251,2020-08-31,2020-09-07,0.133544921875,2025-12-15 20:03:19.469786
sz.300251,2020-09-01,2020-09-08,0.18994140625,2025-12-15 20:03:19.469786
sz.300251,2020-09-02,2020-09-09,0.2093505859375,2025-12-15 20:03:19.469786
sz.300251,2020-09-03,2020-09-10,0.2197265625,2025-12-15 20:03:19.469786
sz.300251,2020-09-04,2020-09-11,0.2578125,2025-12-15 20:03:19.469786
sz.300251,2020-09-07,2020-09-14,0.139892578125,2025-12-15 20:03:19.469786
sz.300251,2020-09-08,2020-09-15,0.1485595703125,2025-12-15 20:03:19.469786
sz.300251,2020-09-09,2020-09-16,0.1533203125,2025-12-15 20:03:19.469786
sz.300251,2020-09-10,2020-09-17,0.1431884765625,2025-12-15 20:03:19.469786
sz.300251,2020-09-11,2020-09-18,0.23828125,2025-12-15 20:03:19.469786
sz.300251,2020-09-14,2020-09-21,0.241455078125,2025-12-15 20:03:19.469786
sz.300251,2020-09-15,2020-09-22,0.1697998046875,2025-12-15 20:03:19.469786
sz.300251,2020-09-16,2020-09-23,0.1724853515625,2025-12-15 20:03:19.469786
sz.300251,2020-09-17,2020-09-24,0.15576171875,2025-12-15 20:03:19.469786
sz.300251,2020-09-18,2020-09-25,0.222412109375,2025-12-15 20:03:19.469786
sz.300251,2020-09-21,2020-09-28,0.2476806640625,2025-12-15 20:03:19.469786
sz.300251,2020-09-22,2020-09-29,0.1611328125,2025-12-15 20:03:19.469786
sz.300251,2020-09-23,2020-09-30,0.1588134765625,2025-12-15 20:03:19.469786
sz.300251,2020-09-24,2020-10-01,0.1895751953125,2025-12-15 20:03:19.469786
sz.300251,2020-09-25,2020-10-02,0.1700439453125,2025-12-15 20:03:19.469786
sz.300251,2020-09-28,2020-10-05,0.216796875,2025-12-15 20:03:19.469786
sz.300251,2020-09-29,2020-10-06,0.1689453125,2025-12-15 20:03:19.469786
sz.300251,2020-09-30,2020-10-07,0.261474609375,2025-12-15 20:03:19.469786
sz.300251,2020-10-09,2020-10-16,0.1312255859375,2025-12-15 20:03:19.469786
sz.300251,2020-10-12,2020-10-19,0.1253662109375,2025-12-15 20:03:19.469786
sz.300251,2020-10-13,2020-10-20,0.1351318359375,2025-12-15 20:03:19.469786
sz.300251,2020-10-14,2020-10-21,0.1300048828125,2025-12-15 20:03:19.469786
sz.300251,2020-10-15,2020-10-22,0.12841796875,2025-12-15 20:03:19.469786
sz.300251,2020-10-16,2020-10-23,0.1131591796875,2025-12-15 20:03:19.469786
sz.300251,2020-10-19,2020-10-26,0.1416015625,2025-12-15 20:03:19.469786
sz.300251,2020-10-20,2020-10-27,0.151611328125,2025-12-15 20:03:19.469786
sz.300251,2020-10-21,2020-10-28,0.1280517578125,2025-12-15 20:03:19.469786
sz.300251,2020-10-22,2020-10-29,0.1351318359375,2025-12-15 20:03:19.469786
sz.300251,2020-10-23,2020-10-30,0.130126953125,2025-12-15 20:03:19.469786
sz.300251,2020-10-26,2020-11-02,0.118408203125,2025-12-15 20:03:19.469786
sz.300251,2020-10-27,2020-11-03,0.0831298828125,2025-12-15 20:03:19.469786
sz.300251,2020-10-28,2020-11-04,0.09600830078125,2025-12-15 20:03:19.469786
sz.300251,2020-10-29,2020-11-05,0.1563720703125,2025-12-15 20:03:19.469786
sz.300251,2020-10-30,2020-11-06,0.1331787109375,2025-12-15 20:03:19.469786
sz.300251,2020-11-02,2020-11-09,0.1610107421875,2025-12-15 20:03:19.469786
sz.300251,2020-11-03,2020-11-10,0.11676025390625,2025-12-15 20:03:19.469786
sz.300251,2020-11-04,2020-11-11,0.154052734375,2025-12-15 20:03:19.469786
sz.300251,2020-11-05,2020-11-12,0.1533203125,2025-12-15 20:03:19.469786
sz.300251,2020-11-06,2020-11-13,0.1533203125,2025-12-15 20:03:19.469786
sz.300251,2020-11-09,2020-11-16,0.114990234375,2025-12-15 20:03:19.469786
sz.300251,2020-11-10,2020-11-17,0.11376953125,2025-12-15 20:03:19.469786
sz.300251,2020-11-11,2020-11-18,0.1766357421875,2025-12-15 20:03:19.469786
sz.300251,2020-11-12,2020-11-19,0.28125,2025-12-15 20:03:19.469786
sz.300251,2020-11-13,2020-11-20,0.2294921875,2025-12-15 20:03:19.469786
sz.300251,2020-11-16,2020-11-23,0.1412353515625,2025-12-15 20:03:19.469786
sz.300251,2020-11-17,2020-11-24,0.1453857421875,2025-12-15 20:03:19.469786
sz.300251,2020-11-18,2020-11-25,0.179443359375,2025-12-15 20:03:19.469786
sz.300251,2020-11-19,2020-11-26,0.2333984375,2025-12-15 20:03:19.469786
sz.300251,2020-11-20,2020-11-27,0.198486328125,2025-12-15 20:03:19.469786
sz.300251,2020-11-23,2020-11-30,0.1285400390625,2025-12-15 20:03:19.469786
sz.300251,2020-11-24,2020-12-01,0.0794677734375,2025-12-15 20:03:19.469786
sz.300251,2020-11-25,2020-12-02,0.12646484375,2025-12-15 20:03:19.469786
sz.300251,2020-11-26,2020-12-03,0.147216796875,2025-12-15 20:03:19.469786
sz.300251,2020-11-27,2020-12-04,0.130126953125,2025-12-15 20:03:19.469786
sz.300251,2020-11-30,2020-12-07,0.1214599609375,2025-12-15 20:03:19.469786
sz.300251,2020-12-01,2020-12-08,0.08587646484375,2025-12-15 20:03:19.469786
sz.300251,2020-12-02,2020-12-09,0.12939453125,2025-12-15 20:03:19.469786
sz.300251,2020-12-03,2020-12-10,0.079345703125,2025-12-15 20:03:19.469786
sz.300251,2020-12-04,2020-12-11,0.149169921875,2025-12-15 20:03:19.469786
sz.300251,2020-12-07,2020-12-14,0.140380859375,2025-12-15 20:03:19.469786
sz.300251,2020-12-08,2020-12-15,0.116943359375,2025-12-15 20:03:19.469786
sz.300251,2020-12-09,2020-12-16,0.1302490234375,2025-12-15 20:03:19.469786
sz.300251,2020-12-10,2020-12-17,0.134033203125,2025-12-15 20:03:19.469786
sz.300251,2020-12-11,2020-12-18,0.1358642578125,2025-12-15 20:03:19.469786
sz.300251,2020-12-14,2020-12-21,0.1240234375,2025-12-15 20:03:19.469786
sz.300251,2020-12-15,2020-12-22,0.0775146484375,2025-12-15 20:03:19.469786
sz.300251,2020-12-16,2020-12-23,0.143310546875,2025-12-15 20:03:19.469786
sz.300251,2020-12-17,2020-12-24,0.11358642578125,2025-12-15 20:03:19.469786
sz.300251,2020-12-18,2020-12-25,0.154296875,2025-12-15 20:03:19.469786
sz.300251,2020-12-21,2020-12-28,0.10052490234375,2025-12-15 20:03:19.469786
sz.300251,2020-12-22,2020-12-29,0.13818359375,2025-12-15 20:03:19.469786
sz.300251,2020-12-23,2020-12-30,0.16259765625,2025-12-15 20:03:19.469786
sz.300251,2020-12-24,2020-12-31,0.1827392578125,2025-12-15 20:03:19.469786
sz.300251,2020-12-25,2021-01-01,0.370361328125,2025-12-15 20:03:19.469786
sz.300251,2020-12-28,2021-01-04,0.26220703125,2025-12-15 20:03:19.469786
sz.300251,2020-12-29,2021-01-05,0.137451171875,2025-12-15 20:03:19.469786
sz.300251,2020-12-30,2021-01-06,0.1563720703125,2025-12-15 20:03:19.469786
sz.300251,2020-12-31,2021-01-07,0.140869140625,2025-12-15 20:03:19.469786
sz.300251,2021-01-04,2021-01-11,0.11260986328125,2025-12-15 20:03:19.469786
sz.300251,2021-01-05,2021-01-12,0.11737060546875,2025-12-15 20:03:19.469786
sz.300251,2021-01-06,2021-01-13,0.1400146484375,2025-12-15 20:03:19.469786
sz.300251,2021-01-07,2021-01-14,0.1529541015625,2025-12-15 20:03:19.469786
sz.300251,2021-01-08,2021-01-15,0.173095703125,2025-12-15 20:03:19.469786
sz.300251,2021-01-11,2021-01-18,0.085693359375,2025-12-15 20:03:19.469786
sz.300251,2021-01-12,2021-01-19,0.0987548828125,2025-12-15 20:03:19.469786
sz.300251,2021-01-13,2021-01-20,0.0751953125,2025-12-15 20:03:19.469786
sz.300251,2021-01-14,2021-01-21,0.09027099609375,2025-12-15 20:03:19.469786
sz.300251,2021-01-15,2021-01-22,0.11163330078125,2025-12-15 20:03:19.469786
sz.300251,2021-01-18,2021-01-25,0.1248779296875,2025-12-15 20:03:19.469786
sz.300251,2021-01-19,2021-01-26,0.08465576171875,2025-12-15 20:03:19.469786
sz.300251,2021-01-20,2021-01-27,0.0802001953125,2025-12-15 20:03:19.469786
sz.300251,2021-01-21,2021-01-28,0.156982421875,2025-12-15 20:03:19.469786
sz.300251,2021-01-22,2021-01-29,0.14892578125,2025-12-15 20:03:19.469786
sz.300251,2021-01-25,2021-02-01,0.1395263671875,2025-12-15 20:03:19.469786
sz.300251,2021-01-26,2021-02-02,0.09967041015625,2025-12-15 20:03:19.469786
sz.300251,2021-01-27,2021-02-03,0.196044921875,2025-12-15 20:03:19.469786
sz.300251,2021-01-28,2021-02-04,0.12127685546875,2025-12-15 20:03:19.469786
sz.300251,2021-01-29,2021-02-05,0.132568359375,2025-12-15 20:03:19.469786
sz.300251,2021-02-01,2021-02-08,0.189697265625,2025-12-15 20:03:19.469786
sz.300251,2021-02-02,2021-02-09,0.1619873046875,2025-12-15 20:03:19.469786
sz.300251,2021-02-03,2021-02-10,0.1358642578125,2025-12-15 20:03:19.469786
sz.300251,2021-02-04,2021-02-11,0.1746826171875,2025-12-15 20:03:19.469786
sz.300251,2021-02-05,2021-02-12,0.14453125,2025-12-15 20:03:19.469786
sz.300251,2021-02-08,2021-02-15,0.1990966796875,2025-12-15 20:03:19.469786
sz.300251,2021-02-09,2021-02-16,0.172119140625,2025-12-15 20:03:19.469786
sz.300251,2021-02-10,2021-02-17,0.2318115234375,2025-12-15 20:03:19.469786
sz.300251,2021-02-18,2021-02-25,0.1512451171875,2025-12-15 20:03:19.469786
sz.300251,2021-02-19,2021-02-26,0.1646728515625,2025-12-15 20:03:19.469786
sz.300251,2021-02-22,2021-03-01,0.17138671875,2025-12-15 20:03:19.469786
sz.300251,2021-02-23,2021-03-02,0.11395263671875,2025-12-15 20:03:19.469786
sz.300251,2021-02-24,2021-03-03,0.1976318359375,2025-12-15 20:03:19.469786
sz.300251,2021-02-25,2021-03-04,0.2000732421875,2025-12-15 20:03:19.469786
sz.300251,2021-02-26,2021-03-05,0.15771484375,2025-12-15 20:03:19.469786
sz.300251,2021-03-01,2021-03-08,0.1468505859375,2025-12-15 20:03:19.469786
sz.300251,2021-03-02,2021-03-09,0.1295166015625,2025-12-15 20:03:19.469786
sz.300251,2021-03-03,2021-03-10,0.2529296875,2025-12-15 20:03:19.469786
sz.300251,2021-03-04,2021-03-11,0.136962890625,2025-12-15 20:03:19.469786
sz.300251,2021-03-05,2021-03-12,0.1728515625,2025-12-15 20:03:19.469786
sz.300251,2021-03-08,2021-03-15,0.1304931640625,2025-12-15 20:03:19.469786
sz.300251,2021-03-09,2021-03-16,0.09515380859375,2025-12-15 20:03:19.469786
sz.300251,2021-03-10,2021-03-17,0.1357421875,2025-12-15 20:03:19.469786
sz.300251,2021-03-11,2021-03-18,0.1328125,2025-12-15 20:03:19.469786
sz.300251,2021-03-12,2021-03-19,0.12103271484375,2025-12-15 20:03:19.469786
sz.300251,2021-03-15,2021-03-22,0.0965576171875,2025-12-15 20:03:19.469786
sz.300251,2021-03-16,2021-03-23,0.15478515625,2025-12-15 20:03:19.469786
sz.300251,2021-03-17,2021-03-24,0.137939453125,2025-12-15 20:03:19.469786
sz.300251,2021-03-18,2021-03-25,0.1300048828125,2025-12-15 20:03:19.469786
sz.300251,2021-03-19,2021-03-26,0.1153564453125,2025-12-15 20:03:19.469786
sz.300251,2021-03-22,2021-03-29,0.089111328125,2025-12-15 20:03:19.469786
sz.300251,2021-03-23,2021-03-30,0.1279296875,2025-12-15 20:03:19.469786
sz.300251,2021-03-24,2021-03-31,0.1270751953125,2025-12-15 20:03:19.469786
sz.300251,2021-03-25,2021-04-01,0.11126708984375,2025-12-15 20:03:19.469786
sz.300251,2021-03-26,2021-04-02,0.11395263671875,2025-12-15 20:03:19.469786
sz.300251,2021-03-29,2021-04-05,0.1295166015625,2025-12-15 20:03:19.469786
sz.300251,2021-03-30,2021-04-06,0.12249755859375,2025-12-15 20:03:19.469786
sz.300251,2021-03-31,2021-04-07,0.08465576171875,2025-12-15 20:03:19.469786
sz.300251,2021-04-01,2021-04-08,0.1688232421875,2025-12-15 20:03:19.469786
sz.300251,2021-04-02,2021-04-09,0.15478515625,2025-12-15 20:03:19.469786
sz.300251,2021-04-06,2021-04-13,0.14306640625,2025-12-15 20:03:19.469786
sz.300251,2021-04-07,2021-04-14,0.1510009765625,2025-12-15 20:03:19.469786
sz.300251,2021-04-08,2021-04-15,0.1336669921875,2025-12-15 20:03:19.469786
sz.300251,2021-04-09,2021-04-16,0.12066650390625,2025-12-15 20:03:19.469786
sz.300251,2021-04-12,2021-04-19,0.11737060546875,2025-12-15 20:03:19.469786
sz.300251,2021-04-13,2021-04-20,0.1341552734375,2025-12-15 20:03:19.469786
sz.300251,2021-04-14,2021-04-21,0.1171875,2025-12-15 20:03:19.469786
sz.300251,2021-04-15,2021-04-22,0.0943603515625,2025-12-15 20:03:19.469786
sz.300251,2021-04-16,2021-04-23,0.322021484375,2025-12-15 20:03:19.469786
sz.300251,2021-04-19,2021-04-26,0.11798095703125,2025-12-15 20:03:19.469786
sz.300251,2021-04-20,2021-04-27,0.11578369140625,2025-12-15 20:03:19.469786
sz.300251,2021-04-21,2021-04-28,0.12445068359375,2025-12-15 20:03:19.469786
sz.300251,2021-04-22,2021-04-29,0.1253662109375,2025-12-15 20:03:19.469786
sz.300251,2021-04-23,2021-04-30,0.1927490234375,2025-12-15 20:03:19.469786
sz.300251,2021-04-26,2021-05-03,0.1134033203125,2025-12-15 20:03:19.469786
sz.300251,2021-04-27,2021-05-04,0.1392822265625,2025-12-15 20:03:19.469786
sz.300251,2021-04-28,2021-05-05,0.224853515625,2025-12-15 20:03:19.469786
sz.300251,2021-04-29,2021-05-06,0.1739501953125,2025-12-15 20:03:19.469786
sz.300251,2021-04-30,2021-05-07,0.150390625,2025-12-15 20:03:19.469786
sz.300251,2021-05-06,2021-05-13,0.1434326171875,2025-12-15 20:03:19.469786
sz.300251,2021-05-07,2021-05-14,0.11181640625,2025-12-15 20:03:19.469786
sz.300251,2021-05-10,2021-05-17,0.1214599609375,2025-12-15 20:03:19.469786
sz.300251,2021-05-11,2021-05-18,0.11456298828125,2025-12-15 20:03:19.469786
sz.300251,2021-05-12,2021-05-19,0.10302734375,2025-12-15 20:03:19.469786
sz.300251,2021-05-13,2021-05-20,0.11859130859375,2025-12-15 20:03:19.469786
sz.300251,2021-05-14,2021-05-21,0.0953369140625,2025-12-15 20:03:19.469786
sz.300251,2021-05-17,2021-05-24,0.09320068359375,2025-12-15 20:03:19.469786
sz.300251,2021-05-18,2021-05-25,0.0994873046875,2025-12-15 20:03:19.469786
sz.300251,2021-05-19,2021-05-26,0.1761474609375,2025-12-15 20:03:19.469786
sz.300251,2021-05-20,2021-05-27,0.1300048828125,2025-12-15 20:03:19.469786
sz.300251,2021-05-21,2021-05-28,0.14111328125,2025-12-15 20:03:19.469786
sz.300251,2021-05-24,2021-05-31,0.423828125,2025-12-15 20:03:19.469786
sz.300251,2021-05-25,2021-06-01,0.1671142578125,2025-12-15 20:03:19.469786
sz.300251,2021-05-26,2021-06-02,0.202880859375,2025-12-15 20:03:19.469786
sz.300251,2021-05-27,2021-06-03,0.1309814453125,2025-12-15 20:03:19.469786
sz.300251,2021-05-28,2021-06-04,0.1202392578125,2025-12-15 20:03:19.469786
sz.300251,2021-05-31,2021-06-07,0.166015625,2025-12-15 20:03:19.469786
sz.300251,2021-06-01,2021-06-08,0.1866455078125,2025-12-15 20:03:19.469786
sz.300251,2021-06-02,2021-06-09,0.134521484375,2025-12-15 20:03:19.469786
sz.300251,2021-06-03,2021-06-10,0.1397705078125,2025-12-15 20:03:19.469786
sz.300251,2021-06-04,2021-06-11,0.12200927734375,2025-12-15 20:03:19.469786
sz.300251,2021-06-07,2021-06-14,0.1849365234375,2025-12-15 20:03:19.469786
sz.300251,2021-06-08,2021-06-15,0.1353759765625,2025-12-15 20:03:19.469786
sz.300251,2021-06-09,2021-06-16,0.150146484375,2025-12-15 20:03:19.469786
sz.300251,2021-06-10,2021-06-17,0.1318359375,2025-12-15 20:03:19.469786
sz.300251,2021-06-11,2021-06-18,0.134765625,2025-12-15 20:03:19.469786
sz.300251,2021-06-15,2021-06-22,0.131103515625,2025-12-15 20:03:19.469786
sz.300251,2021-06-16,2021-06-23,0.07720947265625,2025-12-15 20:03:19.469786
sz.300251,2021-06-17,2021-06-24,0.1077880859375,2025-12-15 20:03:19.469786
sz.300251,2021-06-18,2021-06-25,0.1278076171875,2025-12-15 20:03:19.469786
sz.300251,2021-06-21,2021-06-28,0.136962890625,2025-12-15 20:03:19.469786
sz.300251,2021-06-22,2021-06-29,0.14111328125,2025-12-15 20:03:19.469786
sz.300251,2021-06-23,2021-06-30,0.15576171875,2025-12-15 20:03:19.469786
sz.300251,2021-06-24,2021-07-01,0.13134765625,2025-12-15 20:03:19.469786
sz.300251,2021-06-25,2021-07-02,0.1341552734375,2025-12-15 20:03:19.469786
sz.300251,2021-06-28,2021-07-05,0.1339111328125,2025-12-15 20:03:19.469786
sz.300251,2021-06-29,2021-07-06,0.141357421875,2025-12-15 20:03:19.469786
sz.300251,2021-06-30,2021-07-07,0.1131591796875,2025-12-15 20:03:19.469786
sz.300251,2021-07-01,2021-07-08,0.1429443359375,2025-12-15 20:03:19.469786
sz.300251,2021-07-02,2021-07-09,0.1409912109375,2025-12-15 20:03:19.469786
sz.300251,2021-07-05,2021-07-12,0.16015625,2025-12-15 20:03:19.469786
sz.300251,2021-07-06,2021-07-13,0.37939453125,2025-12-15 20:03:19.469786
sz.300251,2021-07-07,2021-07-14,0.26708984375,2025-12-15 20:03:19.469786
sz.300251,2021-07-08,2021-07-15,0.25341796875,2025-12-15 20:03:19.469786
sz.300251,2021-07-09,2021-07-16,0.314208984375,2025-12-15 20:03:19.469786
sz.300251,2021-07-12,2021-07-19,0.11578369140625,2025-12-15 20:03:19.469786
sz.300251,2021-07-13,2021-07-20,0.12939453125,2025-12-15 20:03:19.469786
sz.300251,2021-07-14,2021-07-21,0.1922607421875,2025-12-15 20:03:19.469786
sz.300251,2021-07-15,2021-07-22,0.267333984375,2025-12-15 20:03:19.469786
sz.300251,2021-07-16,2021-07-23,0.30712890625,2025-12-15 20:03:19.469786
sz.300251,2021-07-19,2021-07-26,0.33544921875,2025-12-15 20:03:19.469786
sz.300251,2021-07-20,2021-07-27,0.33251953125,2025-12-15 20:03:19.469786
sz.300251,2021-07-21,2021-07-28,0.359375,2025-12-15 20:03:19.469786
sz.300251,2021-07-22,2021-07-29,0.434814453125,2025-12-15 20:03:19.469786
sz.300251,2021-07-23,2021-07-30,0.3857421875,2025-12-15 20:03:19.469786
sz.300251,2021-07-26,2021-08-02,0.3505859375,2025-12-15 20:03:19.469786
sz.300251,2021-07-27,2021-08-03,0.44189453125,2025-12-15 20:03:19.469786
sz.300251,2021-07-28,2021-08-04,0.46923828125,2025-12-15 20:03:19.469786
sz.300251,2021-07-29,2021-08-05,0.501953125,2025-12-15 20:03:19.469786
sz.300251,2021-07-30,2021-08-06,0.5263671875,2025-12-15 20:03:19.469786
sz.300251,2021-08-02,2021-08-09,0.51318359375,2025-12-15 20:03:19.469786
sz.300251,2021-08-03,2021-08-10,0.1300048828125,2025-12-15 20:03:19.469786
sz.300251,2021-08-04,2021-08-11,0.1929931640625,2025-12-15 20:03:19.469786
sz.300251,2021-08-05,2021-08-12,0.216796875,2025-12-15 20:03:19.469786
sz.300251,2021-08-06,2021-08-13,0.3408203125,2025-12-15 20:03:19.469786
sz.300251,2021-08-09,2021-08-16,0.37158203125,2025-12-15 20:03:19.469786
sz.300251,2021-08-10,2021-08-17,0.31298828125,2025-12-15 20:03:19.469786
sz.300251,2021-08-11,2021-08-18,0.2176513671875,2025-12-15 20:03:19.469786
sz.300251,2021-08-12,2021-08-19,0.163818359375,2025-12-15 20:03:19.469786
sz.300251,2021-08-13,2021-08-20,0.21142578125,2025-12-15 20:03:19.469786
sz.300251,2021-08-16,2021-08-23,0.1468505859375,2025-12-15 20:03:19.469786
sz.300251,2021-08-17,2021-08-24,0.1998291015625,2025-12-15 20:03:19.469786
sz.300251,2021-08-18,2021-08-25,0.24560546875,2025-12-15 20:03:19.469786
sz.300251,2021-08-19,2021-08-26,0.1373291015625,2025-12-15 20:03:19.469786
sz.300251,2021-08-20,2021-08-27,0.1751708984375,2025-12-15 20:03:19.469786
sz.300251,2021-08-23,2021-08-30,0.10687255859375,2025-12-15 20:03:19.469786
sz.300251,2021-08-24,2021-08-31,0.1600341796875,2025-12-15 20:03:19.469786
sz.300251,2021-08-25,2021-09-01,0.09124755859375,2025-12-15 20:03:19.469786
sz.300251,2021-08-26,2021-09-02,0.14013671875,2025-12-15 20:03:19.469786
sz.300251,2021-08-27,2021-09-03,0.1331787109375,2025-12-15 20:03:19.469786
sz.300251,2021-08-30,2021-09-06,0.1134033203125,2025-12-15 20:03:19.469786
sz.300251,2021-08-31,2021-09-07,0.1590576171875,2025-12-15 20:03:19.469786
sz.300251,2021-09-01,2021-09-08,0.10931396484375,2025-12-15 20:03:19.469786
sz.300251,2021-09-02,2021-09-09,0.10894775390625,2025-12-15 20:03:19.469786
sz.300251,2021-09-03,2021-09-10,0.0728759765625,2025-12-15 20:03:19.469786
sz.300251,2021-09-06,2021-09-13,0.0867919921875,2025-12-15 20:03:19.469786
sz.300251,2021-09-07,2021-09-14,0.10723876953125,2025-12-15 20:03:19.469786
sz.300251,2021-09-08,2021-09-15,0.22802734375,2025-12-15 20:03:19.469786
sz.300251,2021-09-09,2021-09-16,0.1419677734375,2025-12-15 20:03:19.469786
sz.300251,2021-09-10,2021-09-17,0.102294921875,2025-12-15 20:03:19.469786
sz.300251,2021-09-13,2021-09-20,0.07342529296875,2025-12-15 20:03:19.469786
sz.300251,2021-09-14,2021-09-21,0.1273193359375,2025-12-15 20:03:19.469786
sz.300251,2021-09-15,2021-09-22,0.0880126953125,2025-12-15 20:03:19.469786
sz.300251,2021-09-16,2021-09-23,0.10858154296875,2025-12-15 20:03:19.469786
sz.300251,2021-09-17,2021-09-24,0.09979248046875,2025-12-15 20:03:19.469786
sz.300251,2021-09-22,2021-09-29,0.12359619140625,2025-12-15 20:03:19.469786
sz.300251,2021-09-23,2021-09-30,0.40478515625,2025-12-15 20:03:19.469786
sz.300251,2021-09-24,2021-10-01,0.09368896484375,2025-12-15 20:03:19.469786
sz.300251,2021-09-27,2021-10-04,0.09588623046875,2025-12-15 20:03:19.469786
sz.300251,2021-09-28,2021-10-05,0.126220703125,2025-12-15 20:03:19.469786
sz.300251,2021-09-29,2021-10-06,0.1240234375,2025-12-15 20:03:19.469786
sz.300251,2021-09-30,2021-10-07,0.274658203125,2025-12-15 20:03:19.469786
sz.300251,2021-10-08,2021-10-15,0.126953125,2025-12-15 20:03:19.469786
sz.300251,2021-10-11,2021-10-18,0.1282958984375,2025-12-15 20:03:19.469786
sz.300251,2021-10-12,2021-10-19,0.1636962890625,2025-12-15 20:03:19.469786
sz.300251,2021-10-13,2021-10-20,0.20751953125,2025-12-15 20:03:19.469786
sz.300251,2021-10-14,2021-10-21,0.0751953125,2025-12-15 20:03:19.469786
sz.300251,2021-10-15,2021-10-22,0.275146484375,2025-12-15 20:03:19.469786
sz.300251,2021-10-18,2021-10-25,0.11859130859375,2025-12-15 20:03:19.469786
sz.300251,2021-10-19,2021-10-26,0.131591796875,2025-12-15 20:03:19.469786
sz.300251,2021-10-20,2021-10-27,0.135009765625,2025-12-15 20:03:19.469786
sz.300251,2021-10-21,2021-10-28,0.1632080078125,2025-12-15 20:03:19.469786
sz.300251,2021-10-22,2021-10-29,0.1055908203125,2025-12-15 20:03:19.469786
sz.300251,2021-10-25,2021-11-01,0.1456298828125,2025-12-15 20:03:19.469786
sz.300251,2021-10-26,2021-11-02,0.091552734375,2025-12-15 20:03:19.469786
sz.300251,2021-10-27,2021-11-03,0.16650390625,2025-12-15 20:03:19.469786
sz.300251,2021-10-28,2021-11-04,0.09771728515625,2025-12-15 20:03:19.469786
sz.300251,2021-10-29,2021-11-05,0.15478515625,2025-12-15 20:03:19.469786
sz.300251,2021-11-01,2021-11-08,0.15478515625,2025-12-15 20:03:19.469786
sz.300251,2021-11-02,2021-11-09,0.12841796875,2025-12-15 20:03:19.469786
sz.300251,2021-11-03,2021-11-10,0.133544921875,2025-12-15 20:03:19.469786
sz.300251,2021-11-04,2021-11-11,0.1251220703125,2025-12-15 20:03:19.469786
sz.300251,2021-11-05,2021-11-12,0.086181640625,2025-12-15 20:03:19.469786
sz.300251,2021-11-08,2021-11-15,0.1287841796875,2025-12-15 20:03:19.469786
sz.300251,2021-11-09,2021-11-16,0.08831787109375,2025-12-15 20:03:19.469786
sz.300251,2021-11-10,2021-11-17,0.109130859375,2025-12-15 20:03:19.469786
sz.300251,2021-11-11,2021-11-18,0.1143798828125,2025-12-15 20:03:19.469786
sz.300251,2021-11-12,2021-11-19,0.14990234375,2025-12-15 20:03:19.469786
sz.300251,2021-11-15,2021-11-22,0.09283447265625,2025-12-15 20:03:19.469786
sz.300251,2021-11-16,2021-11-23,0.07989501953125,2025-12-15 20:03:19.469786
sz.300251,2021-11-17,2021-11-24,0.115966796875,2025-12-15 20:03:19.469786
sz.300251,2021-11-18,2021-11-25,0.13671875,2025-12-15 20:03:19.469786
sz.300251,2021-11-19,2021-11-26,0.087890625,2025-12-15 20:03:19.469786
sz.300251,2021-11-22,2021-11-29,0.138671875,2025-12-15 20:03:19.469786
sz.300251,2021-11-23,2021-11-30,0.10089111328125,2025-12-15 20:03:19.469786
sz.300251,2021-11-24,2021-12-01,0.16064453125,2025-12-15 20:03:19.469786
sz.300251,2021-11-25,2021-12-02,0.144775390625,2025-12-15 20:03:19.469786
sz.300251,2021-11-26,2021-12-03,0.15771484375,2025-12-15 20:03:19.469786
sz.300251,2021-11-29,2021-12-06,0.11102294921875,2025-12-15 20:03:19.469786
sz.300251,2021-11-30,2021-12-07,0.1253662109375,2025-12-15 20:03:19.469786
sz.300251,2021-12-01,2021-12-08,0.1435546875,2025-12-15 20:03:19.469786
sz.300251,2021-12-02,2021-12-09,0.10089111328125,2025-12-15 20:03:19.469786
sz.300251,2021-12-03,2021-12-10,0.15087890625,2025-12-15 20:03:19.469786
sz.300251,2021-12-06,2021-12-13,0.1444091796875,2025-12-15 20:03:19.469786
sz.300251,2021-12-07,2021-12-14,0.12890625,2025-12-15 20:03:19.469786
sz.300251,2021-12-08,2021-12-15,0.1593017578125,2025-12-15 20:03:19.469786
sz.300251,2021-12-09,2021-12-16,0.138671875,2025-12-15 20:03:19.469786
sz.300251,2021-12-10,2021-12-17,0.12646484375,2025-12-15 20:03:19.469786
sz.300251,2021-12-13,2021-12-20,0.2235107421875,2025-12-15 20:03:19.469786
sz.300251,2021-12-14,2021-12-21,0.1240234375,2025-12-15 20:03:19.469786
sz.300251,2021-12-15,2021-12-22,0.11553955078125,2025-12-15 20:03:19.469786
sz.300251,2021-12-16,2021-12-23,0.128173828125,2025-12-15 20:03:19.469786
sz.300251,2021-12-17,2021-12-24,0.1810302734375,2025-12-15 20:03:19.469786
sz.300251,2021-12-20,2021-12-27,0.12066650390625,2025-12-15 20:03:19.469786
sz.300251,2021-12-21,2021-12-28,0.187255859375,2025-12-15 20:03:19.469786
sz.300251,2021-12-22,2021-12-29,0.174072265625,2025-12-15 20:03:19.469786
sz.300251,2021-12-23,2021-12-30,0.23974609375,2025-12-15 20:03:19.469786
sz.300251,2021-12-24,2021-12-31,0.222412109375,2025-12-15 20:03:19.469786
sz.300251,2021-12-27,2022-01-03,0.154296875,2025-12-15 20:03:19.469786
sz.300251,2021-12-28,2022-01-04,0.163818359375,2025-12-15 20:03:19.469786
sz.300251,2021-12-29,2022-01-05,0.2032470703125,2025-12-15 20:03:19.469786
sz.300251,2021-12-30,2022-01-06,0.260498046875,2025-12-15 20:03:19.469786
sz.300251,2021-12-31,2022-01-07,0.30419921875,2025-12-15 20:03:19.469786
sz.300251,2022-01-04,2022-01-11,0.26318359375,2025-12-15 20:03:19.469786
sz.300251,2022-01-05,2022-01-12,0.2060546875,2025-12-15 20:03:19.469786
sz.300251,2022-01-06,2022-01-13,0.1656494140625,2025-12-15 20:03:19.469786
sz.300251,2022-01-07,2022-01-14,0.1473388671875,2025-12-15 20:03:19.469786
sz.300251,2022-01-10,2022-01-17,0.228271484375,2025-12-15 20:03:19.469786
sz.300251,2022-01-11,2022-01-18,0.1419677734375,2025-12-15 20:03:19.469786
sz.300251,2022-01-12,2022-01-19,0.164794921875,2025-12-15 20:03:19.469786
sz.300251,2022-01-13,2022-01-20,0.140869140625,2025-12-15 20:03:19.469786
sz.300251,2022-01-14,2022-01-21,0.12249755859375,2025-12-15 20:03:19.469786
sz.300251,2022-01-17,2022-01-24,0.1766357421875,2025-12-15 20:03:19.469786
sz.300251,2022-01-18,2022-01-25,0.149658203125,2025-12-15 20:03:19.469786
sz.300251,2022-01-19,2022-01-26,0.1163330078125,2025-12-15 20:03:19.469786
sz.300251,2022-01-20,2022-01-27,0.1549072265625,2025-12-15 20:03:19.469786
sz.300251,2022-01-21,2022-01-28,0.1143798828125,2025-12-15 20:03:19.469786
sz.300251,2022-01-24,2022-01-31,0.1337890625,2025-12-15 20:03:19.469786
sz.300251,2022-01-25,2022-02-01,0.1422119140625,2025-12-15 20:03:19.469786
sz.300251,2022-01-26,2022-02-02,0.1171875,2025-12-15 20:03:19.469786
sz.300251,2022-01-27,2022-02-03,0.1474609375,2025-12-15 20:03:19.469786
sz.300251,2022-01-28,2022-02-04,0.09808349609375,2025-12-15 20:03:19.469786
sz.300251,2022-02-07,2022-02-14,0.12939453125,2025-12-15 20:03:19.469786
sz.300251,2022-02-08,2022-02-15,0.1494140625,2025-12-15 20:03:19.469786
sz.300251,2022-02-09,2022-02-16,0.1177978515625,2025-12-15 20:03:19.469786
sz.300251,2022-02-10,2022-02-17,0.093994140625,2025-12-15 20:03:19.469786
sz.300251,2022-02-11,2022-02-18,0.135009765625,2025-12-15 20:03:19.469786
sz.300251,2022-02-14,2022-02-21,0.076416015625,2025-12-15 20:03:19.469786
sz.300251,2022-02-15,2022-02-22,0.1385498046875,2025-12-15 20:03:19.469786
sz.300251,2022-02-16,2022-02-23,0.22216796875,2025-12-15 20:03:19.469786
sz.300251,2022-02-17,2022-02-24,0.21044921875,2025-12-15 20:03:19.469786
sz.300251,2022-02-18,2022-02-25,0.270263671875,2025-12-15 20:03:19.469786
sz.300251,2022-02-21,2022-02-28,0.2841796875,2025-12-15 20:03:19.469786
sz.300251,2022-02-22,2022-03-01,0.17236328125,2025-12-15 20:03:19.469786
sz.300251,2022-02-23,2022-03-02,0.317138671875,2025-12-15 20:03:19.469786
sz.300251,2022-02-24,2022-03-03,0.137451171875,2025-12-15 20:03:19.469786
sz.300251,2022-02-25,2022-03-04,0.2451171875,2025-12-15 20:03:19.469786
sz.300251,2022-02-28,2022-03-07,0.268310546875,2025-12-15 20:03:19.469786
sz.300251,2022-03-01,2022-03-08,0.1998291015625,2025-12-15 20:03:19.469786
sz.300251,2022-03-02,2022-03-09,0.229736328125,2025-12-15 20:03:19.469786
sz.300251,2022-03-03,2022-03-10,0.193115234375,2025-12-15 20:03:19.469786
sz.300251,2022-03-04,2022-03-11,0.1650390625,2025-12-15 20:03:19.469786
sz.300251,2022-03-07,2022-03-14,0.146728515625,2025-12-15 20:03:19.469786
sz.300251,2022-03-08,2022-03-15,0.1444091796875,2025-12-15 20:03:19.469786
sz.300251,2022-03-09,2022-03-16,0.1324462890625,2025-12-15 20:03:19.469786
sz.300251,2022-03-10,2022-03-17,0.132568359375,2025-12-15 20:03:19.469786
sz.300251,2022-03-11,2022-03-18,0.1473388671875,2025-12-15 20:03:19.469786
sz.300251,2022-03-14,2022-03-21,0.1231689453125,2025-12-15 20:03:19.469786
sz.300251,2022-03-15,2022-03-22,0.1300048828125,2025-12-15 20:03:19.469786
sz.300251,2022-03-16,2022-03-23,0.09893798828125,2025-12-15 20:03:19.469786
sz.300251,2022-03-17,2022-03-24,0.09027099609375,2025-12-15 20:03:19.469786
sz.300251,2022-03-18,2022-03-25,0.0726318359375,2025-12-15 20:03:19.469786
sz.300251,2022-03-21,2022-03-28,0.1256103515625,2025-12-15 20:03:19.469786
sz.300251,2022-03-22,2022-03-29,0.07421875,2025-12-15 20:03:19.469786
sz.300251,2022-03-23,2022-03-30,0.138671875,2025-12-15 20:03:19.469786
sz.300251,2022-03-24,2022-03-31,0.12841796875,2025-12-15 20:03:19.469786
sz.300251,2022-03-25,2022-04-01,0.1329345703125,2025-12-15 20:03:19.469786
sz.300251,2022-03-28,2022-04-04,0.0975341796875,2025-12-15 20:03:19.469786
sz.300251,2022-03-29,2022-04-05,0.1287841796875,2025-12-15 20:03:19.469786
sz.300251,2022-03-30,2022-04-06,0.1143798828125,2025-12-15 20:03:19.469786
sz.300251,2022-03-31,2022-04-07,0.077392578125,2025-12-15 20:03:19.469786
sz.300251,2022-04-01,2022-04-08,0.0880126953125,2025-12-15 20:03:19.469786
sz.300251,2022-04-06,2022-04-13,0.11614990234375,2025-12-15 20:03:19.469786
sz.300251,2022-04-07,2022-04-14,0.1322021484375,2025-12-15 20:03:19.469786
sz.300251,2022-04-08,2022-04-15,0.1378173828125,2025-12-15 20:03:19.469786
sz.300251,2022-04-11,2022-04-18,0.14501953125,2025-12-15 20:03:19.469786
sz.300251,2022-04-12,2022-04-19,0.1624755859375,2025-12-15 20:03:19.469786
sz.300251,2022-04-13,2022-04-20,0.10015869140625,2025-12-15 20:03:19.469786
sz.300251,2022-04-14,2022-04-21,0.07275390625,2025-12-15 20:03:19.469786
sz.300251,2022-04-15,2022-04-22,0.1348876953125,2025-12-15 20:03:19.469786
sz.300251,2022-04-18,2022-04-25,0.138671875,2025-12-15 20:03:19.469786
sz.300251,2022-04-19,2022-04-26,0.1513671875,2025-12-15 20:03:19.469786
sz.300251,2022-04-20,2022-04-27,0.11029052734375,2025-12-15 20:03:19.469786
sz.300251,2022-04-21,2022-04-28,0.11553955078125,2025-12-15 20:03:19.469786
sz.300251,2022-04-22,2022-04-29,0.154541015625,2025-12-15 20:03:19.469786
sz.300251,2022-04-25,2022-05-02,0.37060546875,2025-12-15 20:03:19.469786
sz.300251,2022-04-26,2022-05-03,0.417724609375,2025-12-15 20:03:19.469786
sz.300251,2022-04-27,2022-05-04,0.43994140625,2025-12-15 20:03:19.469786
sz.300251,2022-04-28,2022-05-05,0.389892578125,2025-12-15 20:03:19.469786
sz.300251,2022-04-29,2022-05-06,0.318603515625,2025-12-15 20:03:19.469786
sz.300251,2022-05-05,2022-05-12,0.2998046875,2025-12-15 20:03:19.469786
sz.300251,2022-05-06,2022-05-13,0.4658203125,2025-12-15 20:03:19.469786
sz.300251,2022-05-09,2022-05-16,0.452392578125,2025-12-15 20:03:19.469786
sz.300251,2022-05-10,2022-05-17,0.43896484375,2025-12-15 20:03:19.469786
sz.300251,2022-05-11,2022-05-18,0.2462158203125,2025-12-15 20:03:19.469786
sz.300251,2022-05-12,2022-05-19,0.3798828125,2025-12-15 20:03:19.469786
sz.300251,2022-05-13,2022-05-20,0.31103515625,2025-12-15 20:03:19.469786
sz.300251,2022-05-16,2022-05-23,0.28564453125,2025-12-15 20:03:19.469786
sz.300251,2022-05-17,2022-05-24,0.4033203125,2025-12-15 20:03:19.469786
sz.300251,2022-05-18,2022-05-25,0.3037109375,2025-12-15 20:03:19.469786
sz.300251,2022-05-19,2022-05-26,0.38134765625,2025-12-15 20:03:19.469786
sz.300251,2022-05-20,2022-05-27,0.345703125,2025-12-15 20:03:19.469786
sz.300251,2022-05-23,2022-05-30,0.1502685546875,2025-12-15 20:03:19.469786
sz.300251,2022-05-24,2022-05-31,0.17578125,2025-12-15 20:03:19.469786
sz.300251,2022-05-25,2022-06-01,0.25146484375,2025-12-15 20:03:19.469786
sz.300251,2022-05-26,2022-06-02,0.1693115234375,2025-12-15 20:03:19.469786
sz.300251,2022-05-27,2022-06-03,0.11614990234375,2025-12-15 20:03:19.469786
sz.300251,2022-05-30,2022-06-06,0.10357666015625,2025-12-15 20:03:19.469786
sz.300251,2022-05-31,2022-06-07,0.11395263671875,2025-12-15 20:03:19.469786
sz.300251,2022-06-01,2022-06-08,0.1649169921875,2025-12-15 20:03:19.469786
sz.300251,2022-06-02,2022-06-09,0.093505859375,2025-12-15 20:03:19.469786
sz.300251,2022-06-06,2022-06-13,0.115966796875,2025-12-15 20:03:19.469786
sz.300251,2022-06-07,2022-06-14,0.087890625,2025-12-15 20:03:19.469786
sz.300251,2022-06-08,2022-06-15,0.17041015625,2025-12-15 20:03:19.469786
sz.300251,2022-06-09,2022-06-16,0.1175537109375,2025-12-15 20:03:19.469786
sz.300251,2022-06-10,2022-06-17,0.146728515625,2025-12-15 20:03:19.469786
sz.300251,2022-06-13,2022-06-20,0.1414794921875,2025-12-15 20:03:19.469786
sz.300251,2022-06-14,2022-06-21,0.092041015625,2025-12-15 20:03:19.469786
sz.300251,2022-06-15,2022-06-22,0.11676025390625,2025-12-15 20:03:19.469786
sz.300251,2022-06-16,2022-06-23,0.1435546875,2025-12-15 20:03:19.469786
sz.300251,2022-06-17,2022-06-24,0.16259765625,2025-12-15 20:03:19.469786
sz.300251,2022-06-20,2022-06-27,0.10284423828125,2025-12-15 20:03:19.469786
sz.300251,2022-06-21,2022-06-28,0.1700439453125,2025-12-15 20:03:19.469786
sz.300251,2022-06-22,2022-06-29,0.161376953125,2025-12-15 20:03:19.469786
sz.300251,2022-06-23,2022-06-30,0.140869140625,2025-12-15 20:03:19.469786
sz.300251,2022-06-24,2022-07-01,0.1717529296875,2025-12-15 20:03:19.469786
sz.300251,2022-06-27,2022-07-04,0.08526611328125,2025-12-15 20:03:19.469786
sz.300251,2022-06-28,2022-07-05,0.17578125,2025-12-15 20:03:19.469786
sz.300251,2022-06-29,2022-07-06,0.10577392578125,2025-12-15 20:03:19.469786
sz.300251,2022-06-30,2022-07-07,0.1458740234375,2025-12-15 20:03:19.469786
sz.300251,2022-07-01,2022-07-08,0.1512451171875,2025-12-15 20:03:19.469786
sz.300251,2022-07-04,2022-07-11,0.142822265625,2025-12-15 20:03:19.469786
sz.300251,2022-07-05,2022-07-12,0.14453125,2025-12-15 20:03:19.469786
sz.300251,2022-07-06,2022-07-13,0.1453857421875,2025-12-15 20:03:19.469786
sz.300251,2022-07-07,2022-07-14,0.14306640625,2025-12-15 20:03:19.469786
sz.300251,2022-07-08,2022-07-15,0.11297607421875,2025-12-15 20:03:19.469786
sz.300251,2022-07-11,2022-07-18,0.1427001953125,2025-12-15 20:03:19.469786
sz.300251,2022-07-12,2022-07-19,0.1419677734375,2025-12-15 20:03:19.469786
sz.300251,2022-07-13,2022-07-20,0.12261962890625,2025-12-15 20:03:19.469786
sz.300251,2022-07-14,2022-07-21,0.1209716796875,2025-12-15 20:03:19.469786
sz.300251,2022-07-15,2022-07-22,0.12493896484375,2025-12-15 20:03:19.469786
sz.300251,2022-07-18,2022-07-25,0.488037109375,2025-12-15 20:03:19.469786
sz.300251,2022-07-19,2022-07-26,0.1358642578125,2025-12-15 20:03:19.469786
sz.300251,2022-07-20,2022-07-27,0.242919921875,2025-12-15 20:03:19.469786
sz.300251,2022-07-21,2022-07-28,0.1336669921875,2025-12-15 20:03:19.469786
sz.300251,2022-07-22,2022-07-29,0.142578125,2025-12-15 20:03:19.469786
sz.300251,2022-07-25,2022-08-01,0.1365966796875,2025-12-15 20:03:19.469786
sz.300251,2022-07-26,2022-08-02,0.285400390625,2025-12-15 20:03:19.469786
sz.300251,2022-07-27,2022-08-03,0.1434326171875,2025-12-15 20:03:19.469786
sz.300251,2022-07-28,2022-08-04,0.1290283203125,2025-12-15 20:03:19.469786
sz.300251,2022-07-29,2022-08-05,0.1236572265625,2025-12-15 20:03:19.469786
sz.300251,2022-08-01,2022-08-08,0.12322998046875,2025-12-15 20:03:19.469786
sz.300251,2022-08-02,2022-08-09,0.1341552734375,2025-12-15 20:03:19.469786
sz.300251,2022-08-03,2022-08-10,0.09686279296875,2025-12-15 20:03:19.469786
sz.300251,2022-08-04,2022-08-11,0.1461181640625,2025-12-15 20:03:19.469786
sz.300251,2022-08-05,2022-08-12,0.183349609375,2025-12-15 20:03:19.469786
sz.300251,2022-08-08,2022-08-15,0.152587890625,2025-12-15 20:03:19.469786
sz.300251,2022-08-09,2022-08-16,0.15234375,2025-12-15 20:03:19.469786
sz.300251,2022-08-10,2022-08-17,0.1414794921875,2025-12-15 20:03:19.469786
sz.300251,2022-08-11,2022-08-18,0.170654296875,2025-12-15 20:03:19.469786
sz.300251,2022-08-12,2022-08-19,0.202880859375,2025-12-15 20:03:19.469786
sz.300251,2022-08-15,2022-08-22,0.218017578125,2025-12-15 20:03:19.469786
sz.300251,2022-08-16,2022-08-23,0.19091796875,2025-12-15 20:03:19.469786
sz.300251,2022-08-17,2022-08-24,0.193359375,2025-12-15 20:03:19.469786
sz.300251,2022-08-18,2022-08-25,0.253662109375,2025-12-15 20:03:19.469786
sz.300251,2022-08-19,2022-08-26,0.1373291015625,2025-12-15 20:03:19.469786
sz.300251,2022-08-22,2022-08-29,0.1715087890625,2025-12-15 20:03:19.469786
sz.300251,2022-08-23,2022-08-30,0.25634765625,2025-12-15 20:03:19.469786
sz.300251,2022-08-24,2022-08-31,0.134765625,2025-12-15 20:03:19.469786
sz.300251,2022-08-25,2022-09-01,0.21142578125,2025-12-15 20:03:19.469786
sz.300251,2022-08-26,2022-09-02,0.1619873046875,2025-12-15 20:03:19.469786
sz.300251,2022-08-29,2022-09-05,0.2239990234375,2025-12-15 20:03:19.469786
sz.300251,2022-08-30,2022-09-06,0.1771240234375,2025-12-15 20:03:19.469786
sz.300251,2022-08-31,2022-09-07,0.1756591796875,2025-12-15 20:03:19.469786
sz.300251,2022-09-01,2022-09-08,0.148681640625,2025-12-15 20:03:19.469786
sz.300251,2022-09-02,2022-09-09,0.2325439453125,2025-12-15 20:03:19.469786
sz.300251,2022-09-05,2022-09-12,0.203125,2025-12-15 20:03:19.469786
sz.300251,2022-09-06,2022-09-13,0.17529296875,2025-12-15 20:03:19.469786
sz.300251,2022-09-07,2022-09-14,0.1358642578125,2025-12-15 20:03:19.469786
sz.300251,2022-09-08,2022-09-15,0.12445068359375,2025-12-15 20:03:19.469786
sz.300251,2022-09-09,2022-09-16,0.203369140625,2025-12-15 20:03:19.469786
sz.300251,2022-09-13,2022-09-20,0.130615234375,2025-12-15 20:03:19.469786
sz.300251,2022-09-14,2022-09-21,0.13720703125,2025-12-15 20:03:19.469786
sz.300251,2022-09-15,2022-09-22,0.129150390625,2025-12-15 20:03:19.469786
sz.300251,2022-09-16,2022-09-23,0.12054443359375,2025-12-15 20:03:19.469786
sz.300251,2022-09-19,2022-09-26,0.1358642578125,2025-12-15 20:03:19.469786
sz.300251,2022-09-20,2022-09-27,0.1328125,2025-12-15 20:03:19.469786
sz.300251,2022-09-21,2022-09-28,0.1302490234375,2025-12-15 20:03:19.469786
sz.300251,2022-09-22,2022-09-29,0.1265869140625,2025-12-15 20:03:19.469786
sz.300251,2022-09-23,2022-09-30,0.1490478515625,2025-12-15 20:03:19.469786
sz.300251,2022-09-26,2022-10-03,0.119384765625,2025-12-15 20:03:19.469786
sz.300251,2022-09-27,2022-10-04,0.07684326171875,2025-12-15 20:03:19.469786
sz.300251,2022-09-28,2022-10-05,0.130859375,2025-12-15 20:03:19.469786
sz.300251,2022-09-29,2022-10-06,0.1505126953125,2025-12-15 20:03:19.469786
sz.300251,2022-09-30,2022-10-07,0.1737060546875,2025-12-15 20:03:19.469786
sz.300251,2022-10-10,2022-10-17,0.23095703125,2025-12-15 20:03:19.469786
sz.300251,2022-10-11,2022-10-18,0.359619140625,2025-12-15 20:03:19.469786
sz.300251,2022-10-12,2022-10-19,0.3232421875,2025-12-15 20:03:19.469786
sz.300251,2022-10-13,2022-10-20,0.28759765625,2025-12-15 20:03:19.469786
sz.300251,2022-10-14,2022-10-21,0.30078125,2025-12-15 20:03:19.469786
sz.300251,2022-10-17,2022-10-24,0.2445068359375,2025-12-15 20:03:19.469786
sz.300251,2022-10-18,2022-10-25,0.271240234375,2025-12-15 20:03:19.469786
sz.300251,2022-10-19,2022-10-26,0.28564453125,2025-12-15 20:03:19.469786
sz.300251,2022-10-20,2022-10-27,0.262939453125,2025-12-15 20:03:19.469786
sz.300251,2022-10-21,2022-10-28,0.316162109375,2025-12-15 20:03:19.469786
sz.300251,2022-10-24,2022-10-31,0.25732421875,2025-12-15 20:03:19.469786
sz.300251,2022-10-25,2022-11-01,0.375244140625,2025-12-15 20:03:19.469786
sz.300251,2022-10-26,2022-11-02,0.316162109375,2025-12-15 20:03:19.469786
sz.300251,2022-10-27,2022-11-03,0.2218017578125,2025-12-15 20:03:19.469786
sz.300251,2022-10-28,2022-11-04,0.2203369140625,2025-12-15 20:03:19.469786
sz.300251,2022-10-31,2022-11-07,0.392578125,2025-12-15 20:03:19.469786
sz.300251,2022-11-01,2022-11-08,0.2362060546875,2025-12-15 20:03:19.469786
sz.300251,2022-11-02,2022-11-09,0.0894775390625,2025-12-15 20:03:19.469786
sz.300251,2022-11-03,2022-11-10,0.1446533203125,2025-12-15 20:03:19.469786
sz.300251,2022-11-04,2022-11-11,0.241455078125,2025-12-15 20:03:19.469786
sz.300251,2022-11-07,2022-11-14,0.0885009765625,2025-12-15 20:03:19.469786
sz.300251,2022-11-08,2022-11-15,0.143310546875,2025-12-15 20:03:19.469786
sz.300251,2022-11-09,2022-11-16,0.09600830078125,2025-12-15 20:03:19.469786
sz.300251,2022-11-10,2022-11-17,0.124755859375,2025-12-15 20:03:19.469786
sz.300251,2022-11-11,2022-11-18,0.095703125,2025-12-15 20:03:19.469786
sz.300251,2022-11-14,2022-11-21,0.0885009765625,2025-12-15 20:03:19.469786
sz.300251,2022-11-15,2022-11-22,0.215576171875,2025-12-15 20:03:19.469786
sz.300251,2022-11-16,2022-11-23,0.085693359375,2025-12-15 20:03:19.469786
sz.300251,2022-11-17,2022-11-24,0.1087646484375,2025-12-15 20:03:19.469786
sz.300251,2022-11-18,2022-11-25,0.0775146484375,2025-12-15 20:03:19.469786
sz.300251,2022-11-21,2022-11-28,0.131103515625,2025-12-15 20:03:19.469786
sz.300251,2022-11-22,2022-11-29,0.134033203125,2025-12-15 20:03:19.469786
sz.300251,2022-11-23,2022-11-30,0.10992431640625,2025-12-15 20:03:19.469786
sz.300251,2022-11-24,2022-12-01,0.12939453125,2025-12-15 20:03:19.469786
sz.300251,2022-11-25,2022-12-02,0.15576171875,2025-12-15 20:03:19.469786
sz.300251,2022-11-28,2022-12-05,0.239501953125,2025-12-15 20:03:19.469786
sz.300251,2022-11-29,2022-12-06,0.312255859375,2025-12-15 20:03:19.469786
sz.300251,2022-11-30,2022-12-07,0.150390625,2025-12-15 20:03:19.469786
sz.300251,2022-12-01,2022-12-08,0.095703125,2025-12-15 20:03:19.469786
sz.300251,2022-12-02,2022-12-09,0.12200927734375,2025-12-15 20:03:19.469786
sz.300251,2022-12-05,2022-12-12,0.130615234375,2025-12-15 20:03:19.469786
sz.300251,2022-12-06,2022-12-13,0.09027099609375,2025-12-15 20:03:19.469786
sz.300251,2022-12-07,2022-12-14,0.08526611328125,2025-12-15 20:03:19.469786
sz.300251,2022-12-08,2022-12-15,0.152099609375,2025-12-15 20:03:19.469786
sz.300251,2022-12-09,2022-12-16,0.1502685546875,2025-12-15 20:03:19.469786
sz.300251,2022-12-12,2022-12-19,0.1259765625,2025-12-15 20:03:19.469786
sz.300251,2022-12-13,2022-12-20,0.1339111328125,2025-12-15 20:03:19.469786
sz.300251,2022-12-14,2022-12-21,0.158935546875,2025-12-15 20:03:19.469786
sz.300251,2022-12-15,2022-12-22,0.152099609375,2025-12-15 20:03:19.469786
sz.300251,2022-12-16,2022-12-23,0.135498046875,2025-12-15 20:03:19.469786
sz.300251,2022-12-19,2022-12-26,0.1484375,2025-12-15 20:03:19.469786
sz.300251,2022-12-20,2022-12-27,0.1248779296875,2025-12-15 20:03:19.469786
sz.300251,2022-12-21,2022-12-28,0.1629638671875,2025-12-15 20:03:19.469786
sz.300251,2022-12-22,2022-12-29,0.0850830078125,2025-12-15 20:03:19.469786
sz.300251,2022-12-23,2022-12-30,0.1175537109375,2025-12-15 20:03:19.469786
sz.300251,2022-12-26,2023-01-02,0.08831787109375,2025-12-15 20:03:19.469786
sz.300251,2022-12-27,2023-01-03,0.139892578125,2025-12-15 20:03:19.469786
sz.300251,2022-12-28,2023-01-04,0.1636962890625,2025-12-15 20:03:19.469786
sz.300251,2022-12-29,2023-01-05,0.11358642578125,2025-12-15 20:03:19.469786
sz.300251,2022-12-30,2023-01-06,0.1259765625,2025-12-15 20:03:19.469786
sz.300251,2023-01-03,2023-01-10,0.169677734375,2025-12-15 20:03:19.469786
sz.300251,2023-01-04,2023-01-11,0.19775390625,2025-12-15 20:03:19.469786
sz.300251,2023-01-05,2023-01-12,0.13037109375,2025-12-15 20:03:19.469786
sz.300251,2023-01-06,2023-01-13,0.146484375,2025-12-15 20:03:19.469786
sz.300251,2023-01-09,2023-01-16,0.1383056640625,2025-12-15 20:03:19.469786
sz.300251,2023-01-10,2023-01-17,0.1982421875,2025-12-15 20:03:19.469786
sz.300251,2023-01-11,2023-01-18,0.1700439453125,2025-12-15 20:03:19.469786
sz.300251,2023-01-12,2023-01-19,0.14794921875,2025-12-15 20:03:19.469786
sz.300251,2023-01-13,2023-01-20,0.247802734375,2025-12-15 20:03:19.469786
sz.300251,2023-01-16,2023-01-23,0.1402587890625,2025-12-15 20:03:19.469786
sz.300251,2023-01-17,2023-01-24,0.1417236328125,2025-12-15 20:03:19.469786
sz.300251,2023-01-18,2023-01-25,0.1607666015625,2025-12-15 20:03:19.469786
sz.300251,2023-01-19,2023-01-26,0.2325439453125,2025-12-15 20:03:19.469786
sz.300251,2023-01-20,2023-01-27,0.177001953125,2025-12-15 20:03:19.469786
sz.300251,2023-01-30,2023-02-06,0.1441650390625,2025-12-15 20:03:19.469786
sz.300251,2023-01-31,2023-02-07,0.140625,2025-12-15 20:03:19.469786
sz.300251,2023-02-01,2023-02-08,0.2010498046875,2025-12-15 20:03:19.469786
sz.300251,2023-02-02,2023-02-09,0.165283203125,2025-12-15 20:03:19.469786
sz.300251,2023-02-03,2023-02-10,0.152099609375,2025-12-15 20:03:19.469786
sz.300251,2023-02-06,2023-02-13,0.1300048828125,2025-12-15 20:03:19.469786
sz.300251,2023-02-07,2023-02-14,0.139404296875,2025-12-15 20:03:19.469786
sz.300251,2023-02-08,2023-02-15,0.130859375,2025-12-15 20:03:19.469786
sz.300251,2023-02-09,2023-02-16,0.3486328125,2025-12-15 20:03:19.469786
sz.300251,2023-02-10,2023-02-17,0.1181640625,2025-12-15 20:03:19.469786
sz.300251,2023-02-13,2023-02-20,0.2208251953125,2025-12-15 20:03:19.469786
sz.300251,2023-02-14,2023-02-21,0.143798828125,2025-12-15 20:03:19.469786
sz.300251,2023-02-15,2023-02-22,0.14111328125,2025-12-15 20:03:19.469786
sz.300251,2023-02-16,2023-02-23,0.11181640625,2025-12-15 20:03:19.469786
sz.300251,2023-02-17,2023-02-24,0.118408203125,2025-12-15 20:03:19.469786
sz.300251,2023-02-20,2023-02-27,0.1124267578125,2025-12-15 20:03:19.469786
sz.300251,2023-02-21,2023-02-28,0.1217041015625,2025-12-15 20:03:19.469786
sz.300251,2023-02-22,2023-03-01,0.1383056640625,2025-12-15 20:03:19.469786
sz.300251,2023-02-23,2023-03-02,0.1380615234375,2025-12-15 20:03:19.469786
sz.300251,2023-02-24,2023-03-03,0.1405029296875,2025-12-15 20:03:19.469786
sz.300251,2023-02-27,2023-03-06,0.1397705078125,2025-12-15 20:03:19.469786
sz.300251,2023-02-28,2023-03-07,0.1312255859375,2025-12-15 20:03:19.469786
sz.300251,2023-03-01,2023-03-08,0.1326904296875,2025-12-15 20:03:19.469786
sz.300251,2023-03-02,2023-03-09,0.11932373046875,2025-12-15 20:03:19.469786
sz.300251,2023-03-03,2023-03-10,0.11297607421875,2025-12-15 20:03:19.469786
sz.300251,2023-03-06,2023-03-13,0.1317138671875,2025-12-15 20:03:19.469786
sz.300251,2023-03-07,2023-03-14,0.2705078125,2025-12-15 20:03:19.469786
sz.300251,2023-03-08,2023-03-15,0.414794921875,2025-12-15 20:03:19.469786
sz.300251,2023-03-09,2023-03-16,0.35009765625,2025-12-15 20:03:19.469786
sz.300251,2023-03-10,2023-03-17,0.28564453125,2025-12-15 20:03:19.469786
sz.300251,2023-03-13,2023-03-20,0.419921875,2025-12-15 20:03:19.469786
sz.300251,2023-03-14,2023-03-21,0.290771484375,2025-12-15 20:03:19.469786
sz.300251,2023-03-15,2023-03-22,0.389404296875,2025-12-15 20:03:19.469786
sz.300251,2023-03-16,2023-03-23,0.4794921875,2025-12-15 20:03:19.469786
sz.300251,2023-03-17,2023-03-24,0.5009765625,2025-12-15 20:03:19.469786
sz.300251,2023-03-20,2023-03-27,0.07684326171875,2025-12-15 20:03:19.469786
sz.300251,2023-03-21,2023-03-28,0.08758544921875,2025-12-15 20:03:19.469786
sz.300251,2023-03-22,2023-03-29,0.1387939453125,2025-12-15 20:03:19.469786
sz.300251,2023-03-23,2023-03-30,0.15234375,2025-12-15 20:03:19.469786
sz.300251,2023-03-24,2023-03-31,0.130615234375,2025-12-15 20:03:19.469786
sz.300251,2023-03-27,2023-04-03,0.120849609375,2025-12-15 20:03:19.469786
sz.300251,2023-03-28,2023-04-04,0.1368408203125,2025-12-15 20:03:19.469786
sz.300251,2023-03-29,2023-04-05,0.129150390625,2025-12-15 20:03:19.469786
sz.300251,2023-03-30,2023-04-06,0.132568359375,2025-12-15 20:03:19.469786
sz.300251,2023-03-31,2023-04-07,0.1044921875,2025-12-15 20:03:19.469786
sz.300251,2023-04-03,2023-04-10,0.1737060546875,2025-12-15 20:03:19.469786
sz.300251,2023-04-04,2023-04-11,0.1063232421875,2025-12-15 20:03:19.469786
sz.300251,2023-04-06,2023-04-13,0.1287841796875,2025-12-15 20:03:19.469786
sz.300251,2023-04-07,2023-04-14,0.09844970703125,2025-12-15 20:03:19.469786
sz.300251,2023-04-10,2023-04-17,0.11474609375,2025-12-15 20:03:19.469786
sz.300251,2023-04-11,2023-04-18,0.11614990234375,2025-12-15 20:03:19.469786
sz.300251,2023-04-12,2023-04-19,0.1685791015625,2025-12-15 20:03:19.469786
sz.300251,2023-04-13,2023-04-20,0.1849365234375,2025-12-15 20:03:19.469786
sz.300251,2023-04-14,2023-04-21,0.1744384765625,2025-12-15 20:03:19.469786
sz.300251,2023-04-17,2023-04-24,0.1600341796875,2025-12-15 20:03:19.469786
sz.300251,2023-04-18,2023-04-25,0.2086181640625,2025-12-15 20:03:19.469786
sz.300251,2023-04-19,2023-04-26,0.153076171875,2025-12-15 20:03:19.469786
sz.300251,2023-04-20,2023-04-27,0.219970703125,2025-12-15 20:03:19.469786
sz.300251,2023-04-21,2023-04-28,0.1446533203125,2025-12-15 20:03:19.469786
sz.300251,2023-04-24,2023-05-01,0.1341552734375,2025-12-15 20:03:19.469786
sz.300251,2023-04-25,2023-05-02,0.1358642578125,2025-12-15 20:03:19.469786
sz.300251,2023-04-26,2023-05-03,0.1331787109375,2025-12-15 20:03:19.469786
sz.300251,2023-04-27,2023-05-04,0.11737060546875,2025-12-15 20:03:19.469786
sz.300251,2023-04-28,2023-05-05,0.1357421875,2025-12-15 20:03:19.469786
sz.300251,2023-05-04,2023-05-11,0.1759033203125,2025-12-15 20:03:19.469786
sz.300251,2023-05-05,2023-05-12,0.2064208984375,2025-12-15 20:03:19.469786
sz.300251,2023-05-08,2023-05-15,0.1324462890625,2025-12-15 20:03:19.469786
sz.300251,2023-05-09,2023-05-16,0.1134033203125,2025-12-15 20:03:19.469786
sz.300251,2023-05-10,2023-05-17,0.10284423828125,2025-12-15 20:03:19.469786
sz.300251,2023-05-11,2023-05-18,0.131591796875,2025-12-15 20:03:19.469786
sz.300251,2023-05-12,2023-05-19,0.142578125,2025-12-15 20:03:19.469786
sz.300251,2023-05-15,2023-05-22,0.1358642578125,2025-12-15 20:03:19.469786
sz.300251,2023-05-16,2023-05-23,0.1280517578125,2025-12-15 20:03:19.469786
sz.300251,2023-05-17,2023-05-24,0.11376953125,2025-12-15 20:03:19.469786
sz.300251,2023-05-18,2023-05-25,0.09930419921875,2025-12-15 20:03:19.469786
sz.300251,2023-05-19,2023-05-26,0.1300048828125,2025-12-15 20:03:19.469786
sz.300251,2023-05-22,2023-05-29,0.135986328125,2025-12-15 20:03:19.469786
sz.300251,2023-05-23,2023-05-30,0.134033203125,2025-12-15 20:03:19.469786
sz.300251,2023-05-24,2023-05-31,0.1207275390625,2025-12-15 20:03:19.469786
sz.300251,2023-05-25,2023-06-01,0.1312255859375,2025-12-15 20:03:19.469786
sz.300251,2023-05-26,2023-06-02,0.1475830078125,2025-12-15 20:03:19.469786
sz.300251,2023-05-29,2023-06-05,0.09173583984375,2025-12-15 20:03:19.469786
sz.300251,2023-05-30,2023-06-06,0.1370849609375,2025-12-15 20:03:19.469786
sz.300251,2023-05-31,2023-06-07,0.08209228515625,2025-12-15 20:03:19.469786
sz.300251,2023-06-01,2023-06-08,0.0755615234375,2025-12-15 20:03:19.469786
sz.300251,2023-06-02,2023-06-09,0.12359619140625,2025-12-15 20:03:19.469786
sz.300251,2023-06-05,2023-06-12,0.1407470703125,2025-12-15 20:03:19.469786
sz.300251,2023-06-06,2023-06-13,0.11260986328125,2025-12-15 20:03:19.469786
sz.300251,2023-06-07,2023-06-14,0.09979248046875,2025-12-15 20:03:19.469786
sz.300251,2023-06-08,2023-06-15,0.1385498046875,2025-12-15 20:03:19.469786
sz.300251,2023-06-09,2023-06-16,0.1409912109375,2025-12-15 20:03:19.469786
sz.300251,2023-06-12,2023-06-19,0.093505859375,2025-12-15 20:03:19.469786
sz.300251,2023-06-13,2023-06-20,0.1842041015625,2025-12-15 20:03:19.469786
sz.300251,2023-06-14,2023-06-21,0.09588623046875,2025-12-15 20:03:19.469786
sz.300251,2023-06-15,2023-06-22,0.1309814453125,2025-12-15 20:03:19.469786
sz.300251,2023-06-16,2023-06-23,0.12158203125,2025-12-15 20:03:19.469786
sz.300251,2023-06-19,2023-06-26,0.11859130859375,2025-12-15 20:03:19.469786
sz.300251,2023-06-20,2023-06-27,0.14306640625,2025-12-15 20:03:19.469786
sz.300251,2023-06-21,2023-06-28,0.13427734375,2025-12-15 20:03:19.469786
sz.300251,2023-06-26,2023-07-03,0.125732421875,2025-12-15 20:03:19.469786
sz.300251,2023-06-27,2023-07-04,0.09222412109375,2025-12-15 20:03:19.469786
sz.300251,2023-06-28,2023-07-05,0.1300048828125,2025-12-15 20:03:19.469786
sz.300251,2023-06-29,2023-07-06,0.11920166015625,2025-12-15 20:03:19.469786
sz.300251,2023-06-30,2023-07-07,0.142578125,2025-12-15 20:03:19.469786
sz.300251,2023-07-03,2023-07-10,0.15087890625,2025-12-15 20:03:19.469786
sz.300251,2023-07-04,2023-07-11,0.153076171875,2025-12-15 20:03:19.469786
sz.300251,2023-07-05,2023-07-12,0.1549072265625,2025-12-15 20:03:19.469786
sz.300251,2023-07-06,2023-07-13,0.1673583984375,2025-12-15 20:03:19.469786
sz.300251,2023-07-07,2023-07-14,0.1649169921875,2025-12-15 20:03:19.469786
sz.300251,2023-07-10,2023-07-17,0.140380859375,2025-12-15 20:03:19.469786
sz.300251,2023-07-11,2023-07-18,0.1383056640625,2025-12-15 20:03:19.469786
sz.300251,2023-07-12,2023-07-19,0.11419677734375,2025-12-15 20:03:19.469786
sz.300251,2023-07-13,2023-07-20,0.2783203125,2025-12-15 20:03:19.469786
sz.300251,2023-07-14,2023-07-21,0.1258544921875,2025-12-15 20:03:19.469786
sz.300251,2023-07-17,2023-07-24,0.1131591796875,2025-12-15 20:03:19.469786
sz.300251,2023-07-18,2023-07-25,0.1392822265625,2025-12-15 20:03:19.469786
sz.300251,2023-07-19,2023-07-26,0.1358642578125,2025-12-15 20:03:19.469786
sz.300251,2023-07-20,2023-07-27,0.10797119140625,2025-12-15 20:03:19.469786
sz.300251,2023-07-21,2023-07-28,0.1256103515625,2025-12-15 20:03:19.469786
sz.300251,2023-07-24,2023-07-31,0.1298828125,2025-12-15 20:03:19.469786
sz.300251,2023-07-25,2023-08-01,0.0994873046875,2025-12-15 20:03:19.469786
sz.300251,2023-07-26,2023-08-02,0.14794921875,2025-12-15 20:03:19.469786
sz.300251,2023-07-27,2023-08-03,0.183837890625,2025-12-15 20:03:19.469786
sz.300251,2023-07-28,2023-08-04,0.229248046875,2025-12-15 20:03:19.469786
sz.300251,2023-07-31,2023-08-07,0.09637451171875,2025-12-15 20:03:19.469786
sz.300251,2023-08-01,2023-08-08,0.1339111328125,2025-12-15 20:03:19.469786
sz.300251,2023-08-02,2023-08-09,0.08526611328125,2025-12-15 20:03:19.469786
sz.300251,2023-08-03,2023-08-10,0.1259765625,2025-12-15 20:03:19.469786
sz.300251,2023-08-04,2023-08-11,0.0831298828125,2025-12-15 20:03:19.469786
sz.300251,2023-08-07,2023-08-14,0.09686279296875,2025-12-15 20:03:19.469786
sz.300251,2023-08-08,2023-08-15,0.11517333984375,2025-12-15 20:03:19.469786
sz.300251,2023-08-09,2023-08-16,0.0987548828125,2025-12-15 20:03:19.469786
sz.300251,2023-08-10,2023-08-17,0.1566162109375,2025-12-15 20:03:19.469786
sz.300251,2023-08-11,2023-08-18,0.12042236328125,2025-12-15 20:03:19.469786
sz.300251,2023-08-14,2023-08-21,0.1468505859375,2025-12-15 20:03:19.469786
sz.300251,2023-08-15,2023-08-22,0.1322021484375,2025-12-15 20:03:19.469786
sz.300251,2023-08-16,2023-08-23,0.123779296875,2025-12-15 20:03:19.469786
sz.300251,2023-08-17,2023-08-24,0.12347412109375,2025-12-15 20:03:19.469786
sz.300251,2023-08-18,2023-08-25,0.1007080078125,2025-12-15 20:03:19.469786
sz.300251,2023-08-21,2023-08-28,0.08740234375,2025-12-15 20:03:19.469786
sz.300251,2023-08-22,2023-08-29,0.09771728515625,2025-12-15 20:03:19.469786
sz.300251,2023-08-23,2023-08-30,0.1295166015625,2025-12-15 20:03:19.469786
sz.300251,2023-08-24,2023-08-31,0.25927734375,2025-12-15 20:03:19.469786
sz.300251,2023-08-25,2023-09-01,0.130126953125,2025-12-15 20:03:19.469786
sz.300251,2023-08-28,2023-09-04,0.1175537109375,2025-12-15 20:03:19.469786
sz.300251,2023-08-29,2023-09-05,0.354736328125,2025-12-15 20:03:19.469786
sz.300251,2023-08-30,2023-09-06,0.1700439453125,2025-12-15 20:03:19.469786
sz.300251,2023-08-31,2023-09-07,0.1514892578125,2025-12-15 20:03:19.469786
sz.300251,2023-09-01,2023-09-08,0.10992431640625,2025-12-15 20:03:19.469786
sz.300251,2023-09-04,2023-09-11,0.1773681640625,2025-12-15 20:03:19.469786
sz.300251,2023-09-05,2023-09-12,0.158935546875,2025-12-15 20:03:19.469786
sz.300251,2023-09-06,2023-09-13,0.164794921875,2025-12-15 20:03:19.469786
sz.300251,2023-09-07,2023-09-14,0.1331787109375,2025-12-15 20:03:19.469786
sz.300251,2023-09-08,2023-09-15,0.174560546875,2025-12-15 20:03:19.469786
sz.300251,2023-09-11,2023-09-18,0.244873046875,2025-12-15 20:03:19.469786
sz.300251,2023-09-12,2023-09-19,0.252197265625,2025-12-15 20:03:19.469786
sz.300251,2023-09-13,2023-09-20,0.1885986328125,2025-12-15 20:03:19.469786
sz.300251,2023-09-14,2023-09-21,0.20849609375,2025-12-15 20:03:19.469786
sz.300251,2023-09-15,2023-09-22,0.23681640625,2025-12-15 20:03:19.469786
sz.300251,2023-09-18,2023-09-25,0.268310546875,2025-12-15 20:03:19.469786
sz.300251,2023-09-19,2023-09-26,0.1397705078125,2025-12-15 20:03:19.469786
sz.300251,2023-09-20,2023-09-27,0.1519775390625,2025-12-15 20:03:19.469786
sz.300251,2023-09-21,2023-09-28,0.142333984375,2025-12-15 20:03:19.469786
sz.300251,2023-09-22,2023-09-29,0.1483154296875,2025-12-15 20:03:19.469786
sz.300251,2023-09-25,2023-10-02,0.1829833984375,2025-12-15 20:03:19.469786
sz.300251,2023-09-26,2023-10-03,0.1083984375,2025-12-15 20:03:19.469786
sz.300251,2023-09-27,2023-10-04,0.1705322265625,2025-12-15 20:03:19.469786
sz.300251,2023-09-28,2023-10-05,0.15087890625,2025-12-15 20:03:19.469786
sz.300251,2023-10-09,2023-10-16,0.12939453125,2025-12-15 20:03:19.469786
sz.300251,2023-10-10,2023-10-17,0.141845703125,2025-12-15 20:03:19.469786
sz.300251,2023-10-11,2023-10-18,0.11065673828125,2025-12-15 20:03:19.469786
sz.300251,2023-10-12,2023-10-19,0.1583251953125,2025-12-15 20:03:19.469786
sz.300251,2023-10-13,2023-10-20,0.1505126953125,2025-12-15 20:03:19.469786
sz.300251,2023-10-16,2023-10-23,0.12213134765625,2025-12-15 20:03:19.469786
sz.300251,2023-10-17,2023-10-24,0.1483154296875,2025-12-15 20:03:19.469786
sz.300251,2023-10-18,2023-10-25,0.15478515625,2025-12-15 20:03:19.469786
sz.300251,2023-10-19,2023-10-26,0.2049560546875,2025-12-15 20:03:19.469786
sz.300251,2023-10-20,2023-10-27,0.174072265625,2025-12-15 20:03:19.469786
sz.300251,2023-10-23,2023-10-30,0.249755859375,2025-12-15 20:03:19.469786
sz.300251,2023-10-24,2023-10-31,0.2459716796875,2025-12-15 20:03:19.469786
sz.300251,2023-10-25,2023-11-01,0.1885986328125,2025-12-15 20:03:19.469786
sz.300251,2023-10-26,2023-11-02,0.248291015625,2025-12-15 20:03:19.469786
sz.300251,2023-10-27,2023-11-03,0.188232421875,2025-12-15 20:03:19.469786
sz.300251,2023-10-30,2023-11-06,0.102294921875,2025-12-15 20:03:19.469786
sz.300251,2023-10-31,2023-11-07,0.1177978515625,2025-12-15 20:03:19.469786
sz.300251,2023-11-01,2023-11-08,0.09844970703125,2025-12-15 20:03:19.469786
sz.300251,2023-11-02,2023-11-09,0.07354736328125,2025-12-15 20:03:19.469786
sz.300251,2023-11-03,2023-11-10,0.11199951171875,2025-12-15 20:03:19.469786
sz.300251,2023-11-06,2023-11-13,0.2113037109375,2025-12-15 20:03:19.469786
sz.300251,2023-11-07,2023-11-14,0.1358642578125,2025-12-15 20:03:19.469786
sz.300251,2023-11-08,2023-11-15,0.07666015625,2025-12-15 20:03:19.469786
sz.300251,2023-11-09,2023-11-16,0.1407470703125,2025-12-15 20:03:19.469786
sz.300251,2023-11-10,2023-11-17,0.130859375,2025-12-15 20:03:19.469786
sz.300251,2023-11-13,2023-11-20,0.09173583984375,2025-12-15 20:03:19.469786
sz.300251,2023-11-14,2023-11-21,0.1324462890625,2025-12-15 20:03:19.469786
sz.300251,2023-11-15,2023-11-22,0.130859375,2025-12-15 20:03:19.469786
sz.300251,2023-11-16,2023-11-23,0.1014404296875,2025-12-15 20:03:19.469786
sz.300251,2023-11-17,2023-11-24,0.12493896484375,2025-12-15 20:03:19.469786
sz.300251,2023-11-20,2023-11-27,0.09368896484375,2025-12-15 20:03:19.469786
sz.300251,2023-11-21,2023-11-28,0.11181640625,2025-12-15 20:03:19.469786
sz.300251,2023-11-22,2023-11-29,0.1134033203125,2025-12-15 20:03:19.469786
sz.300251,2023-11-23,2023-11-30,0.138427734375,2025-12-15 20:03:19.469786
sz.300251,2023-11-24,2023-12-01,0.12548828125,2025-12-15 20:03:19.469786
sz.300251,2023-11-27,2023-12-04,0.13720703125,2025-12-15 20:03:19.469786
sz.300251,2023-11-28,2023-12-05,0.10650634765625,2025-12-15 20:03:19.469786
sz.300251,2023-11-29,2023-12-06,0.1258544921875,2025-12-15 20:03:19.469786
sz.300251,2023-11-30,2023-12-07,0.11126708984375,2025-12-15 20:03:19.469786
sz.300251,2023-12-01,2023-12-08,0.1885986328125,2025-12-15 20:03:19.469786
sz.300251,2023-12-04,2023-12-11,0.0849609375,2025-12-15 20:03:19.469786
sz.300251,2023-12-05,2023-12-12,0.1298828125,2025-12-15 20:03:19.469786
sz.300251,2023-12-06,2023-12-13,0.08154296875,2025-12-15 20:03:19.469786
sz.300251,2023-12-07,2023-12-14,0.0782470703125,2025-12-15 20:03:19.469786
sz.300251,2023-12-08,2023-12-15,0.12261962890625,2025-12-15 20:03:19.469786
sz.300251,2023-12-11,2023-12-18,0.1236572265625,2025-12-15 20:03:19.469786
sz.300251,2023-12-12,2023-12-19,0.1395263671875,2025-12-15 20:03:19.469786
sz.300251,2023-12-13,2023-12-20,0.11376953125,2025-12-15 20:03:19.469786
sz.300251,2023-12-14,2023-12-21,0.09124755859375,2025-12-15 20:03:19.469786
sz.300251,2023-12-15,2023-12-22,0.091064453125,2025-12-15 20:03:19.469786
sz.300251,2023-12-18,2023-12-25,0.1396484375,2025-12-15 20:03:19.469786
sz.300251,2023-12-19,2023-12-26,0.09771728515625,2025-12-15 20:03:19.469786
sz.300251,2023-12-20,2023-12-27,0.1328125,2025-12-15 20:03:19.469786
sz.300251,2023-12-21,2023-12-28,0.1033935546875,2025-12-15 20:03:19.469786
sz.300251,2023-12-22,2023-12-29,0.12890625,2025-12-15 20:03:19.469786
sz.300251,2023-12-25,2024-01-01,0.118408203125,2025-12-15 20:03:19.469786
sz.300251,2023-12-26,2024-01-02,0.132568359375,2025-12-15 20:03:19.469786
sz.300251,2023-12-27,2024-01-03,0.1475830078125,2025-12-15 20:03:19.469786
sz.300251,2023-12-28,2024-01-04,0.307861328125,2025-12-15 20:03:19.469786
sz.300251,2023-12-29,2024-01-05,0.07977294921875,2025-12-15 20:03:19.469786
sz.300251,2024-01-02,2024-01-09,0.11419677734375,2025-12-15 20:03:19.469786
sz.300251,2024-01-03,2024-01-10,0.0784912109375,2025-12-15 20:03:19.469786
sz.300251,2024-01-04,2024-01-11,0.1395263671875,2025-12-15 20:03:19.469786
sz.300251,2024-01-05,2024-01-12,0.13330078125,2025-12-15 20:03:19.469786
sz.300251,2024-01-08,2024-01-15,0.11981201171875,2025-12-15 20:03:19.469786
sz.300251,2024-01-09,2024-01-16,0.08062744140625,2025-12-15 20:03:19.469786
sz.300251,2024-01-10,2024-01-17,0.135498046875,2025-12-15 20:03:19.469786
sz.300251,2024-01-11,2024-01-18,0.1312255859375,2025-12-15 20:03:19.469786
sz.300251,2024-01-12,2024-01-19,0.10015869140625,2025-12-15 20:03:19.469786
sz.300251,2024-01-15,2024-01-22,0.08209228515625,2025-12-15 20:03:19.469786
sz.300251,2024-01-16,2024-01-23,0.12249755859375,2025-12-15 20:03:19.469786
sz.300251,2024-01-17,2024-01-24,0.1202392578125,2025-12-15 20:03:19.469786
sz.300251,2024-01-18,2024-01-25,0.1055908203125,2025-12-15 20:03:19.469786
sz.300251,2024-01-19,2024-01-26,0.09515380859375,2025-12-15 20:03:19.469786
sz.300251,2024-01-22,2024-01-29,0.1268310546875,2025-12-15 20:03:19.469786
sz.300251,2024-01-23,2024-01-30,0.1588134765625,2025-12-15 20:03:19.469786
sz.300251,2024-01-24,2024-01-31,0.10394287109375,2025-12-15 20:03:19.469786
sz.300251,2024-01-25,2024-02-01,0.10174560546875,2025-12-15 20:03:19.469786
sz.300251,2024-01-26,2024-02-02,0.1282958984375,2025-12-15 20:03:19.469786
sz.300251,2024-01-29,2024-02-05,0.12646484375,2025-12-15 20:03:19.469786
sz.300251,2024-01-30,2024-02-06,0.1483154296875,2025-12-15 20:03:19.469786
sz.300251,2024-01-31,2024-02-07,0.14599609375,2025-12-15 20:03:19.469786
sz.300251,2024-02-01,2024-02-08,0.178466796875,2025-12-15 20:03:19.469786
sz.300251,2024-02-02,2024-02-09,0.2208251953125,2025-12-15 20:03:19.469786
sz.300251,2024-02-05,2024-02-12,0.312255859375,2025-12-15 20:03:19.469786
sz.300251,2024-02-06,2024-02-13,0.263427734375,2025-12-15 20:03:19.469786
sz.300251,2024-02-07,2024-02-14,0.132080078125,2025-12-15 20:03:19.469786
sz.300251,2024-02-08,2024-02-15,0.11126708984375,2025-12-15 20:03:19.469786
sz.300251,2024-02-19,2024-02-26,0.08770751953125,2025-12-15 20:03:19.469786
sz.300251,2024-02-20,2024-02-27,0.1131591796875,2025-12-15 20:03:19.469786
sz.300251,2024-02-21,2024-02-28,0.086181640625,2025-12-15 20:03:19.469786
sz.300251,2024-02-22,2024-02-29,0.0809326171875,2025-12-15 20:03:19.469786
sz.300251,2024-02-23,2024-03-01,0.103759765625,2025-12-15 20:03:19.469786
sz.300251,2024-02-26,2024-03-04,0.1925048828125,2025-12-15 20:03:19.469786
sz.300251,2024-02-27,2024-03-05,0.1312255859375,2025-12-15 20:03:19.469786
sz.300251,2024-02-28,2024-03-06,0.1302490234375,2025-12-15 20:03:19.469786
sz.300251,2024-02-29,2024-03-07,0.2374267578125,2025-12-15 20:03:19.469786
sz.300251,2024-03-01,2024-03-08,0.19189453125,2025-12-15 20:03:19.469786
sz.300251,2024-03-04,2024-03-11,0.21533203125,2025-12-15 20:03:19.469786
sz.300251,2024-03-05,2024-03-12,0.180419921875,2025-12-15 20:03:19.469786
sz.300251,2024-03-06,2024-03-13,0.1844482421875,2025-12-15 20:03:19.469786
sz.300251,2024-03-07,2024-03-14,0.1435546875,2025-12-15 20:03:19.469786
sz.300251,2024-03-08,2024-03-15,0.2183837890625,2025-12-15 20:03:19.469786
sz.300251,2024-03-11,2024-03-18,0.244384765625,2025-12-15 20:03:19.469786
sz.300251,2024-03-12,2024-03-19,0.139892578125,2025-12-15 20:03:19.469786
sz.300251,2024-03-13,2024-03-20,0.171142578125,2025-12-15 20:03:19.469786
sz.300251,2024-03-14,2024-03-21,0.186279296875,2025-12-15 20:03:19.469786
sz.300251,2024-03-15,2024-03-22,0.17724609375,2025-12-15 20:03:19.469786
sz.300251,2024-03-18,2024-03-25,0.26953125,2025-12-15 20:03:19.469786
sz.300251,2024-03-19,2024-03-26,0.15576171875,2025-12-15 20:03:19.469786
sz.300251,2024-03-20,2024-03-27,0.1820068359375,2025-12-15 20:03:19.469786
sz.300251,2024-03-21,2024-03-28,0.1693115234375,2025-12-15 20:03:19.469786
sz.300251,2024-03-22,2024-03-29,0.1873779296875,2025-12-15 20:03:19.469786
sz.300251,2024-03-25,2024-04-01,0.18212890625,2025-12-15 20:03:19.469786
sz.300251,2024-03-26,2024-04-02,0.174072265625,2025-12-15 20:03:19.469786
sz.300251,2024-03-27,2024-04-03,0.1802978515625,2025-12-15 20:03:19.469786
sz.300251,2024-03-28,2024-04-04,0.2257080078125,2025-12-15 20:03:19.469786
sz.300251,2024-03-29,2024-04-05,0.263671875,2025-12-15 20:03:19.469786
sz.300251,2024-04-01,2024-04-08,0.2626953125,2025-12-15 20:03:19.469786
sz.300251,2024-04-02,2024-04-09,0.1751708984375,2025-12-15 20:03:19.469786
sz.300251,2024-04-03,2024-04-10,0.298095703125,2025-12-15 20:03:19.469786
sz.300251,2024-04-08,2024-04-15,0.2149658203125,2025-12-15 20:03:19.469786
sz.300251,2024-04-09,2024-04-16,0.240478515625,2025-12-15 20:03:19.469786
sz.300251,2024-04-10,2024-04-17,0.1905517578125,2025-12-15 20:03:19.469786
sz.300251,2024-04-11,2024-04-18,0.2286376953125,2025-12-15 20:03:19.469786
sz.300251,2024-04-12,2024-04-19,0.185302734375,2025-12-15 20:03:19.469786
sz.300251,2024-04-15,2024-04-22,0.2354736328125,2025-12-15 20:03:19.469786
sz.300251,2024-04-16,2024-04-23,0.1483154296875,2025-12-15 20:03:19.469786
sz.300251,2024-04-17,2024-04-24,0.314697265625,2025-12-15 20:03:19.469786
sz.300251,2024-04-18,2024-04-25,0.1976318359375,2025-12-15 20:03:19.469786
sz.300251,2024-04-19,2024-04-26,0.1783447265625,2025-12-15 20:03:19.469786
sz.300251,2024-04-22,2024-04-29,0.1473388671875,2025-12-15 20:03:19.469786
sz.300251,2024-04-23,2024-04-30,0.2293701171875,2025-12-15 20:03:19.469786
sz.300251,2024-04-24,2024-05-01,0.1385498046875,2025-12-15 20:03:19.469786
sz.300251,2024-04-25,2024-05-02,0.1578369140625,2025-12-15 20:03:19.469786
sz.300251,2024-04-26,2024-05-03,0.2578125,2025-12-15 20:03:19.469786
sz.300251,2024-04-29,2024-05-06,0.27490234375,2025-12-15 20:03:19.469786
sz.300251,2024-04-30,2024-05-07,0.1591796875,2025-12-15 20:03:19.469786
sz.300251,2024-05-06,2024-05-13,0.31884765625,2025-12-15 20:03:19.469786
sz.300251,2024-05-07,2024-05-14,0.1307373046875,2025-12-15 20:03:19.469786
sz.300251,2024-05-08,2024-05-15,0.1585693359375,2025-12-15 20:03:19.469786
sz.300251,2024-05-09,2024-05-16,0.154296875,2025-12-15 20:03:19.469786
sz.300251,2024-05-10,2024-05-17,0.1593017578125,2025-12-15 20:03:19.469786
sz.300251,2024-05-13,2024-05-20,0.1634521484375,2025-12-15 20:03:19.469786
sz.300251,2024-05-14,2024-05-21,0.1533203125,2025-12-15 20:03:19.469786
sz.300251,2024-05-15,2024-05-22,0.146728515625,2025-12-15 20:03:19.469786
sz.300251,2024-05-16,2024-05-23,0.139404296875,2025-12-15 20:03:19.469786
sz.300251,2024-05-17,2024-05-24,0.1358642578125,2025-12-15 20:03:19.469786
sz.300251,2024-05-20,2024-05-27,0.2529296875,2025-12-15 20:03:19.469786
sz.300251,2024-05-21,2024-05-28,0.23974609375,2025-12-15 20:03:19.469786
sz.300251,2024-05-22,2024-05-29,0.2998046875,2025-12-15 20:03:19.469786
sz.300251,2024-05-23,2024-05-30,0.15283203125,2025-12-15 20:03:19.469786
sz.300251,2024-05-24,2024-05-31,0.1868896484375,2025-12-15 20:03:19.469786
sz.300251,2024-05-27,2024-06-03,0.1541748046875,2025-12-15 20:03:19.469786
sz.300251,2024-05-28,2024-06-04,0.146240234375,2025-12-15 20:03:19.469786
sz.300251,2024-05-29,2024-06-05,0.230224609375,2025-12-15 20:03:19.469786
sz.300251,2024-05-30,2024-06-06,0.203125,2025-12-15 20:03:19.469786
sz.300251,2024-05-31,2024-06-07,0.300537109375,2025-12-15 20:03:19.469786
sz.300251,2024-06-03,2024-06-10,0.1678466796875,2025-12-15 20:03:19.469786
sz.300251,2024-06-04,2024-06-11,0.285888671875,2025-12-15 20:03:19.469786
sz.300251,2024-06-05,2024-06-12,0.1749267578125,2025-12-15 20:03:19.469786
sz.300251,2024-06-06,2024-06-13,0.146728515625,2025-12-15 20:03:19.469786
sz.300251,2024-06-07,2024-06-14,0.2122802734375,2025-12-15 20:03:19.469786
sz.300251,2024-06-11,2024-06-18,0.188232421875,2025-12-15 20:03:19.469786
sz.300251,2024-06-12,2024-06-19,0.2352294921875,2025-12-15 20:03:19.469786
sz.300251,2024-06-13,2024-06-20,0.254150390625,2025-12-15 20:03:19.469786
sz.300251,2024-06-14,2024-06-21,0.286376953125,2025-12-15 20:03:19.469786
sz.300251,2024-06-17,2024-06-24,0.1812744140625,2025-12-15 20:03:19.469786
sz.300251,2024-06-18,2024-06-25,0.14599609375,2025-12-15 20:03:19.469786
sz.300251,2024-06-19,2024-06-26,0.189208984375,2025-12-15 20:03:19.469786
sz.300251,2024-06-20,2024-06-27,0.1534423828125,2025-12-15 20:03:19.469786
sz.300251,2024-06-21,2024-06-28,0.2054443359375,2025-12-15 20:03:19.469786
sz.300251,2024-06-24,2024-07-01,0.1578369140625,2025-12-15 20:03:19.469786
sz.300251,2024-06-25,2024-07-02,0.14013671875,2025-12-15 20:03:19.469786
sz.300251,2024-06-26,2024-07-03,0.310791015625,2025-12-15 20:03:19.469786
sz.300251,2024-06-27,2024-07-04,0.14794921875,2025-12-15 20:03:19.469786
sz.300251,2024-06-28,2024-07-05,0.127197265625,2025-12-15 20:03:19.469786
sz.300251,2024-07-01,2024-07-08,0.1766357421875,2025-12-15 20:03:19.469786
sz.300251,2024-07-02,2024-07-09,0.132568359375,2025-12-15 20:03:19.469786
sz.300251,2024-07-03,2024-07-10,0.10467529296875,2025-12-15 20:03:19.469786
sz.300251,2024-07-04,2024-07-11,0.129150390625,2025-12-15 20:03:19.469786
sz.300251,2024-07-05,2024-07-12,0.1044921875,2025-12-15 20:03:19.469786
sz.300251,2024-07-08,2024-07-15,0.135498046875,2025-12-15 20:03:19.469786
sz.300251,2024-07-09,2024-07-16,0.126953125,2025-12-15 20:03:19.469786
sz.300251,2024-07-10,2024-07-17,0.1282958984375,2025-12-15 20:03:19.469786
sz.300251,2024-07-11,2024-07-18,0.13525390625,2025-12-15 20:03:19.469786
sz.300251,2024-07-12,2024-07-19,0.1524658203125,2025-12-15 20:03:19.469786
sz.300251,2024-07-15,2024-07-22,0.10650634765625,2025-12-15 20:03:19.469786
sz.300251,2024-07-16,2024-07-23,0.1630859375,2025-12-15 20:03:19.469786
sz.300251,2024-07-17,2024-07-24,0.1558837890625,2025-12-15 20:03:19.469786
sz.300251,2024-07-18,2024-07-25,0.15869140625,2025-12-15 20:03:19.469786
sz.300251,2024-07-19,2024-07-26,0.12213134765625,2025-12-15 20:03:19.469786
sz.300251,2024-07-22,2024-07-29,0.128662109375,2025-12-15 20:03:19.469786
sz.300251,2024-07-23,2024-07-30,0.158203125,2025-12-15 20:03:19.469786
sz.300251,2024-07-24,2024-07-31,0.1387939453125,2025-12-15 20:03:19.469786
sz.300251,2024-07-25,2024-08-01,0.11358642578125,2025-12-15 20:03:19.469786
sz.300251,2024-07-26,2024-08-02,0.1563720703125,2025-12-15 20:03:19.469786
sz.300251,2024-07-29,2024-08-05,0.1461181640625,2025-12-15 20:03:19.469786
sz.300251,2024-07-30,2024-08-06,0.173583984375,2025-12-15 20:03:19.469786
sz.300251,2024-07-31,2024-08-07,0.337646484375,2025-12-15 20:03:19.469786
sz.300251,2024-08-01,2024-08-08,0.1370849609375,2025-12-15 20:03:19.469786
sz.300251,2024-08-02,2024-08-09,0.12322998046875,2025-12-15 20:03:19.469786
sz.300251,2024-08-05,2024-08-12,0.11297607421875,2025-12-15 20:03:19.469786
sz.300251,2024-08-06,2024-08-13,0.144287109375,2025-12-15 20:03:19.469786
sz.300251,2024-08-07,2024-08-14,0.18896484375,2025-12-15 20:03:19.469786
sz.300251,2024-08-08,2024-08-15,0.11859130859375,2025-12-15 20:03:19.469786
sz.300251,2024-08-09,2024-08-16,0.1478271484375,2025-12-15 20:03:19.469786
sz.300251,2024-08-12,2024-08-19,0.183349609375,2025-12-15 20:03:19.469786
sz.300251,2024-08-13,2024-08-20,0.1654052734375,2025-12-15 20:03:19.469786
sz.300251,2024-08-14,2024-08-21,0.1717529296875,2025-12-15 20:03:19.469786
sz.300251,2024-08-15,2024-08-22,0.10614013671875,2025-12-15 20:03:19.469786
sz.300251,2024-08-16,2024-08-23,0.170654296875,2025-12-15 20:03:19.469786
sz.300251,2024-08-19,2024-08-26,0.217041015625,2025-12-15 20:03:19.469786
sz.300251,2024-08-20,2024-08-27,0.181396484375,2025-12-15 20:03:19.469786
sz.300251,2024-08-21,2024-08-28,0.1905517578125,2025-12-15 20:03:19.469786
sz.300251,2024-08-22,2024-08-29,0.1983642578125,2025-12-15 20:03:19.469786
sz.300251,2024-08-23,2024-08-30,0.3828125,2025-12-15 20:03:19.469786
sz.300251,2024-08-26,2024-09-02,0.2880859375,2025-12-15 20:03:19.469786
sz.300251,2024-08-27,2024-09-03,0.224853515625,2025-12-15 20:03:19.469786
sz.300251,2024-08-28,2024-09-04,0.3994140625,2025-12-15 20:03:19.469786
sz.300251,2024-08-29,2024-09-05,0.2274169921875,2025-12-15 20:03:19.469786
sz.300251,2024-08-30,2024-09-06,0.190673828125,2025-12-15 20:03:19.469786
sz.300251,2024-09-02,2024-09-09,0.174560546875,2025-12-15 20:03:19.469786
sz.300251,2024-09-03,2024-09-10,0.39697265625,2025-12-15 20:03:19.469786
sz.300251,2024-09-04,2024-09-11,0.353271484375,2025-12-15 20:03:19.469786
sz.300251,2024-09-05,2024-09-12,0.3837890625,2025-12-15 20:03:19.469786
sz.300251,2024-09-06,2024-09-13,0.311767578125,2025-12-15 20:03:19.469786
sz.300251,2024-09-09,2024-09-16,0.4091796875,2025-12-15 20:03:19.469786
sz.300251,2024-09-10,2024-09-17,0.30419921875,2025-12-15 20:03:19.469786
sz.300251,2024-09-11,2024-09-18,0.41552734375,2025-12-15 20:03:19.469786
sz.300251,2024-09-12,2024-09-19,0.358642578125,2025-12-15 20:03:19.469786
sz.300251,2024-09-13,2024-09-20,0.36669921875,2025-12-15 20:03:19.469786
sz.300251,2024-09-18,2024-09-25,0.37451171875,2025-12-15 20:03:19.469786
sz.300251,2024-09-19,2024-09-26,0.410400390625,2025-12-15 20:03:19.469786
sz.300251,2024-09-20,2024-09-27,0.385986328125,2025-12-15 20:03:19.469786
sz.300251,2024-09-23,2024-09-30,0.430419921875,2025-12-15 20:03:19.469786
sz.300251,2024-09-24,2024-10-01,0.404296875,2025-12-15 20:03:19.469786
sz.300251,2024-09-25,2024-10-02,0.1475830078125,2025-12-15 20:03:19.469786
sz.300251,2024-09-26,2024-10-03,0.29150390625,2025-12-15 20:03:19.469786
sz.300251,2024-09-27,2024-10-04,0.08154296875,2025-12-15 20:03:19.469786
sz.300251,2024-09-30,2024-10-07,0.190673828125,2025-12-15 20:03:19.469786
sz.300251,2024-10-08,2024-10-15,0.1412353515625,2025-12-15 20:03:19.469786
sz.300251,2024-10-09,2024-10-16,0.17138671875,2025-12-15 20:03:19.469786
sz.300251,2024-10-10,2024-10-17,0.2232666015625,2025-12-15 20:03:19.469786
sz.300251,2024-10-11,2024-10-18,0.2406005859375,2025-12-15 20:03:19.469786
sz.300251,2024-10-14,2024-10-21,0.336669921875,2025-12-15 20:03:19.469786
sz.300251,2024-10-15,2024-10-22,0.278564453125,2025-12-15 20:03:19.469786
sz.300251,2024-10-16,2024-10-23,0.322998046875,2025-12-15 20:03:19.469786
sz.300251,2024-10-17,2024-10-24,0.307373046875,2025-12-15 20:03:19.469786
sz.300251,2024-10-18,2024-10-25,0.25732421875,2025-12-15 20:03:19.469786
sz.300251,2024-10-21,2024-10-28,0.32177734375,2025-12-15 20:03:19.469786
sz.300251,2024-10-22,2024-10-29,0.185791015625,2025-12-15 20:03:19.469786
sz.300251,2024-10-23,2024-10-30,0.278076171875,2025-12-15 20:03:19.469786
sz.300251,2024-10-24,2024-10-31,0.32373046875,2025-12-15 20:03:19.469786
sz.300251,2024-10-25,2024-11-01,0.397216796875,2025-12-15 20:03:19.469786
sz.300251,2024-10-28,2024-11-04,0.306640625,2025-12-15 20:03:19.469786
sz.300251,2024-10-29,2024-11-05,0.2022705078125,2025-12-15 20:03:19.469786
sz.300251,2024-10-30,2024-11-06,0.1435546875,2025-12-15 20:03:19.469786
sz.300251,2024-10-31,2024-11-07,0.218994140625,2025-12-15 20:03:19.469786
sz.300251,2024-11-01,2024-11-08,0.20849609375,2025-12-15 20:03:19.469786
sz.300251,2024-11-04,2024-11-11,0.365234375,2025-12-15 20:03:19.469786
sz.300251,2024-11-05,2024-11-12,0.314697265625,2025-12-15 20:03:19.469786
sz.300251,2024-11-06,2024-11-13,0.2325439453125,2025-12-15 20:03:19.469786
sz.300251,2024-11-07,2024-11-14,0.287841796875,2025-12-15 20:03:19.469786
sz.300251,2024-11-08,2024-11-15,0.2264404296875,2025-12-15 20:03:19.469786
sz.300251,2024-11-11,2024-11-18,0.256591796875,2025-12-15 20:03:19.469786
sz.300251,2024-11-12,2024-11-19,0.2064208984375,2025-12-15 20:03:19.469786
sz.300251,2024-11-13,2024-11-20,0.293212890625,2025-12-15 20:03:19.469786
sz.300251,2024-11-14,2024-11-21,0.2060546875,2025-12-15 20:03:19.469786
sz.300251,2024-11-15,2024-11-22,0.199462890625,2025-12-15 20:03:19.469786
sz.300251,2024-11-18,2024-11-25,0.1778564453125,2025-12-15 20:03:19.469786
sz.300251,2024-11-19,2024-11-26,0.31298828125,2025-12-15 20:03:19.469786
sz.300251,2024-11-20,2024-11-27,0.294921875,2025-12-15 20:03:19.469786
sz.300251,2024-11-21,2024-11-28,0.26708984375,2025-12-15 20:03:19.469786
sz.300251,2024-11-22,2024-11-29,0.201171875,2025-12-15 20:03:19.469786
sz.300251,2024-11-25,2024-12-02,0.2476806640625,2025-12-15 20:03:19.469786
sz.300251,2024-11-26,2024-12-03,0.2359619140625,2025-12-15 20:03:19.469786
sz.300251,2024-11-27,2024-12-04,0.2529296875,2025-12-15 20:03:19.469786
sz.300251,2024-11-28,2024-12-05,0.1993408203125,2025-12-15 20:03:19.469786
sz.300251,2024-11-29,2024-12-06,0.276611328125,2025-12-15 20:03:19.469786
sz.300251,2024-12-02,2024-12-09,0.1966552734375,2025-12-15 20:03:19.469786
sz.300251,2024-12-03,2024-12-10,0.2015380859375,2025-12-15 20:03:19.469786
sz.300251,2024-12-04,2024-12-11,0.234619140625,2025-12-15 20:03:19.469786
sz.300251,2024-12-05,2024-12-12,0.13330078125,2025-12-15 20:03:19.469786
sz.300251,2024-12-06,2024-12-13,0.2288818359375,2025-12-15 20:03:19.469786
sz.300251,2024-12-09,2024-12-16,0.1829833984375,2025-12-15 20:03:19.469786
sz.300251,2024-12-10,2024-12-17,0.166259765625,2025-12-15 20:03:19.469786
sz.300251,2024-12-11,2024-12-18,0.1849365234375,2025-12-15 20:03:19.469786
sz.300251,2024-12-12,2024-12-19,0.2401123046875,2025-12-15 20:03:19.469786
sz.300251,2024-12-13,2024-12-20,0.203857421875,2025-12-15 20:03:19.469786
sz.300251,2024-12-16,2024-12-23,0.195556640625,2025-12-15 20:03:19.469786
sz.300251,2024-12-17,2024-12-24,0.254638671875,2025-12-15 20:03:19.469786
sz.300251,2024-12-18,2024-12-25,0.2330322265625,2025-12-15 20:03:19.469786
sz.300251,2024-12-19,2024-12-26,0.28173828125,2025-12-15 20:03:19.469786
sz.300251,2024-12-20,2024-12-27,0.266357421875,2025-12-15 20:03:19.469786
sz.300251,2024-12-23,2024-12-30,0.190673828125,2025-12-15 20:03:19.469786
sz.300251,2024-12-24,2024-12-31,0.346435546875,2025-12-15 20:03:19.469786
sz.300251,2024-12-25,2025-01-01,0.2081298828125,2025-12-15 20:03:19.469786
sz.300251,2024-12-26,2025-01-02,0.276611328125,2025-12-15 20:03:19.469786
sz.300251,2024-12-27,2025-01-03,0.228515625,2025-12-15 20:03:19.469786
sz.300251,2024-12-30,2025-01-06,0.22265625,2025-12-15 20:03:19.469786
sz.300251,2024-12-31,2025-01-07,0.1993408203125,2025-12-15 20:03:19.469786
sz.300251,2025-01-02,2025-01-09,0.184814453125,2025-12-15 20:03:19.469786
sz.300251,2025-01-03,2025-01-10,0.17431640625,2025-12-15 20:03:19.469786
sz.300251,2025-01-06,2025-01-13,0.2103271484375,2025-12-15 20:03:19.469786
sz.300251,2025-01-07,2025-01-14,0.33251953125,2025-12-15 20:03:19.469786
sz.300251,2025-01-08,2025-01-15,0.2578125,2025-12-15 20:03:19.469786
sz.300251,2025-01-09,2025-01-16,0.2335205078125,2025-12-15 20:03:19.469786
sz.300251,2025-01-10,2025-01-17,0.2235107421875,2025-12-15 20:03:19.469786
sz.300251,2025-01-13,2025-01-20,0.2841796875,2025-12-15 20:03:19.469786
sz.300251,2025-01-14,2025-01-21,0.351318359375,2025-12-15 20:03:19.469786
sz.300251,2025-01-15,2025-01-22,0.297119140625,2025-12-15 20:03:19.469786
sz.300251,2025-01-16,2025-01-23,0.257080078125,2025-12-15 20:03:19.469786
sz.300251,2025-01-17,2025-01-24,0.2294921875,2025-12-15 20:03:19.469786
sz.300251,2025-01-20,2025-01-27,0.1988525390625,2025-12-15 20:03:19.469786
sz.300251,2025-01-21,2025-01-28,0.25048828125,2025-12-15 20:03:19.469786
sz.300251,2025-01-22,2025-01-29,0.2088623046875,2025-12-15 20:03:19.469786
sz.300251,2025-01-23,2025-01-30,0.2430419921875,2025-12-15 20:03:19.469786
sz.300251,2025-01-24,2025-01-31,0.300048828125,2025-12-15 20:03:19.469786
sz.300251,2025-01-27,2025-02-03,0.2294921875,2025-12-15 20:03:19.469786
sz.300251,2025-02-05,2025-02-12,0.1966552734375,2025-12-15 20:03:19.469786
sz.300251,2025-02-06,2025-02-13,0.1922607421875,2025-12-15 20:03:19.469786
sz.300251,2025-02-07,2025-02-14,0.1727294921875,2025-12-15 20:03:19.469786
sz.300251,2025-02-10,2025-02-17,0.458251953125,2025-12-15 20:03:19.469786
sz.300251,2025-02-11,2025-02-18,0.35791015625,2025-12-15 20:03:19.469786
sz.300251,2025-02-12,2025-02-19,0.30517578125,2025-12-15 20:03:19.469786
sz.300251,2025-02-13,2025-02-20,0.289306640625,2025-12-15 20:03:19.469786
sz.300251,2025-02-14,2025-02-21,0.3212890625,2025-12-15 20:03:19.469786
sz.300251,2025-02-17,2025-02-24,0.15869140625,2025-12-15 20:03:19.469786
sz.300251,2025-02-18,2025-02-25,0.2005615234375,2025-12-15 20:03:19.469786
sz.300251,2025-02-19,2025-02-26,0.25537109375,2025-12-15 20:03:19.469786
sz.300251,2025-02-20,2025-02-27,0.2269287109375,2025-12-15 20:03:19.469786
sz.300251,2025-02-21,2025-02-28,0.260498046875,2025-12-15 20:03:19.469786
sz.300251,2025-02-24,2025-03-03,0.1866455078125,2025-12-15 20:03:19.469786
sz.300251,2025-02-25,2025-03-04,0.187255859375,2025-12-15 20:03:19.469786
sz.300251,2025-02-26,2025-03-05,0.284912109375,2025-12-15 20:03:19.469786
sz.300251,2025-02-27,2025-03-06,0.240234375,2025-12-15 20:03:19.469786
sz.300251,2025-02-28,2025-03-07,0.227783203125,2025-12-15 20:03:19.469786
sz.300251,2025-03-03,2025-03-10,0.28955078125,2025-12-15 20:03:19.469786
sz.300251,2025-03-04,2025-03-11,0.25341796875,2025-12-15 20:03:19.469786
sz.300251,2025-03-05,2025-03-12,0.32275390625,2025-12-15 20:03:19.469786
sz.300251,2025-03-06,2025-03-13,0.317626953125,2025-12-15 20:03:19.469786
sz.300251,2025-03-07,2025-03-14,0.2257080078125,2025-12-15 20:03:19.469786
sz.300251,2025-03-10,2025-03-17,0.3212890625,2025-12-15 20:03:19.469786
sz.300251,2025-03-11,2025-03-18,0.3251953125,2025-12-15 20:03:19.469786
sz.300251,2025-03-12,2025-03-19,0.2447509765625,2025-12-15 20:03:19.469786
sz.300251,2025-03-13,2025-03-20,0.25390625,2025-12-15 20:03:19.469786
sz.300251,2025-03-14,2025-03-21,0.302978515625,2025-12-15 20:03:19.469786
sz.300251,2025-03-17,2025-03-24,0.274658203125,2025-12-15 20:03:19.469786
sz.300251,2025-03-18,2025-03-25,0.273681640625,2025-12-15 20:03:19.469786
sz.300251,2025-03-19,2025-03-26,0.251220703125,2025-12-15 20:03:19.469786
sz.300251,2025-03-20,2025-03-27,0.27490234375,2025-12-15 20:03:19.469786
sz.300251,2025-03-21,2025-03-28,0.28173828125,2025-12-15 20:03:19.469786
sz.300251,2025-03-24,2025-03-31,0.25537109375,2025-12-15 20:03:19.469786
sz.300251,2025-03-25,2025-04-01,0.2264404296875,2025-12-15 20:03:19.469786
sz.300251,2025-03-26,2025-04-02,0.34521484375,2025-12-15 20:03:19.469786
sz.300251,2025-03-27,2025-04-03,0.302001953125,2025-12-15 20:03:19.469786
sz.300251,2025-03-28,2025-04-04,0.2998046875,2025-12-15 20:03:19.469786
sz.300251,2025-03-31,2025-04-07,0.310546875,2025-12-15 20:03:19.469786
sz.300251,2025-04-01,2025-04-08,0.278564453125,2025-12-15 20:03:19.469786
sz.300251,2025-04-02,2025-04-09,0.245849609375,2025-12-15 20:03:19.469786
sz.300251,2025-04-03,2025-04-10,0.339111328125,2025-12-15 20:03:19.469786
sz.300251,2025-04-07,2025-04-14,0.147705078125,2025-12-15 20:03:19.469786
sz.300251,2025-04-08,2025-04-15,0.25732421875,2025-12-15 20:03:19.469786
sz.300251,2025-04-09,2025-04-16,0.2493896484375,2025-12-15 20:03:19.469786
sz.300251,2025-04-10,2025-04-17,0.258544921875,2025-12-15 20:03:19.469786
sz.300251,2025-04-11,2025-04-18,0.1942138671875,2025-12-15 20:03:19.469786
sz.300251,2025-04-14,2025-04-21,0.29638671875,2025-12-15 20:03:19.469786
sz.300251,2025-04-15,2025-04-22,0.286376953125,2025-12-15 20:03:19.469786
sz.300251,2025-04-16,2025-04-23,0.2496337890625,2025-12-15 20:03:19.469786
sz.300251,2025-04-17,2025-04-24,0.10504150390625,2025-12-15 20:03:19.469786
sz.300251,2025-04-18,2025-04-25,0.2276611328125,2025-12-15 20:03:19.469786
sz.300251,2025-04-21,2025-04-28,0.1502685546875,2025-12-15 20:03:19.469786
sz.300251,2025-04-22,2025-04-29,0.1370849609375,2025-12-15 20:03:19.469786
sz.300251,2025-04-23,2025-04-30,0.1390380859375,2025-12-15 20:03:19.469786
sz.300251,2025-04-24,2025-05-01,0.1337890625,2025-12-15 20:03:19.469786
sz.300251,2025-04-25,2025-05-02,0.1416015625,2025-12-15 20:03:19.469786
sz.300251,2025-04-28,2025-05-05,0.11083984375,2025-12-15 20:03:19.469786
sz.300251,2025-04-29,2025-05-06,0.1026611328125,2025-12-15 20:03:19.469786
sz.300251,2025-04-30,2025-05-07,0.10357666015625,2025-12-15 20:03:19.469786
sz.300251,2025-05-06,2025-05-13,0.14501953125,2025-12-15 20:03:19.469786
sz.300251,2025-05-07,2025-05-14,0.12432861328125,2025-12-15 20:03:19.469786
sz.300251,2025-05-08,2025-05-15,0.09515380859375,2025-12-15 20:03:19.469786
sz.300251,2025-05-09,2025-05-16,0.134033203125,2025-12-15 20:03:19.469786
sz.300251,2025-05-12,2025-05-19,0.165771484375,2025-12-15 20:03:19.469786
sz.300251,2025-05-13,2025-05-20,0.127685546875,2025-12-15 20:03:19.469786
sz.300251,2025-05-14,2025-05-21,0.086181640625,2025-12-15 20:03:19.469786
sz.300251,2025-05-15,2025-05-22,0.13330078125,2025-12-15 20:03:19.469786
sz.300251,2025-05-16,2025-05-23,0.145263671875,2025-12-15 20:03:19.469786
sz.300251,2025-05-19,2025-05-26,0.12066650390625,2025-12-15 20:03:19.469786
sz.300251,2025-05-20,2025-05-27,0.1588134765625,2025-12-15 20:03:19.469786
sz.300251,2025-05-21,2025-05-28,0.2335205078125,2025-12-15 20:03:19.469786
sz.300251,2025-05-22,2025-05-29,0.15625,2025-12-15 20:03:19.469786
sz.300251,2025-05-23,2025-05-30,0.1978759765625,2025-12-15 20:03:19.469786
sz.300251,2025-05-26,2025-06-02,0.394287109375,2025-12-15 20:03:19.469786
sz.300251,2025-05-27,2025-06-03,0.1697998046875,2025-12-15 20:03:19.469786
sz.300251,2025-05-28,2025-06-04,0.20849609375,2025-12-15 20:03:19.469786
sz.300251,2025-05-29,2025-06-05,0.276611328125,2025-12-15 20:03:19.469786
sz.300251,2025-05-30,2025-06-06,0.16845703125,2025-12-15 20:03:19.469786
sz.300251,2025-06-03,2025-06-10,0.2568359375,2025-12-15 20:03:19.469786
sz.300251,2025-06-04,2025-06-11,0.206787109375,2025-12-15 20:03:19.469786
sz.300251,2025-06-05,2025-06-12,0.1363525390625,2025-12-15 20:03:19.469786
sz.300251,2025-06-06,2025-06-13,0.169677734375,2025-12-15 20:03:19.469786
sz.300251,2025-06-09,2025-06-16,0.1070556640625,2025-12-15 20:03:19.469786
sz.300251,2025-06-10,2025-06-17,0.133544921875,2025-12-15 20:03:19.469786
sz.300251,2025-06-11,2025-06-18,0.1802978515625,2025-12-15 20:03:19.469786
sz.300251,2025-06-12,2025-06-19,0.132568359375,2025-12-15 20:03:19.469786
sz.300251,2025-06-13,2025-06-20,0.11358642578125,2025-12-15 20:03:19.469786
sz.300251,2025-06-16,2025-06-23,0.1319580078125,2025-12-15 20:03:19.469786
sz.300251,2025-06-17,2025-06-24,0.163330078125,2025-12-15 20:03:19.469786
sz.300251,2025-06-18,2025-06-25,0.126953125,2025-12-15 20:03:19.469786
sz.300251,2025-06-19,2025-06-26,0.1260986328125,2025-12-15 20:03:19.469786
sz.300251,2025-06-20,2025-06-27,0.1259765625,2025-12-15 20:03:19.469786
sz.300251,2025-06-23,2025-06-30,0.0938720703125,2025-12-15 20:03:19.469786
sz.300251,2025-06-24,2025-07-01,0.11517333984375,2025-12-15 20:03:19.469786
sz.300251,2025-06-25,2025-07-02,0.164794921875,2025-12-15 20:03:19.469786
sz.300251,2025-06-26,2025-07-03,0.0831298828125,2025-12-15 20:03:19.469786
sz.300251,2025-06-27,2025-07-04,0.1571044921875,2025-12-15 20:03:19.469786
sz.300251,2025-06-30,2025-07-07,0.1431884765625,2025-12-15 20:03:19.469786
sz.300251,2025-07-01,2025-07-08,0.146240234375,2025-12-15 20:03:19.469786
sz.300251,2025-07-02,2025-07-09,0.146240234375,2025-12-15 20:03:19.469786
sz.300251,2025-07-03,2025-07-10,0.1256103515625,2025-12-15 20:03:19.469786
sz.300251,2025-07-04,2025-07-11,0.137939453125,2025-12-15 20:03:19.469786
sz.300251,2025-07-07,2025-07-14,0.1412353515625,2025-12-15 20:03:19.469786
sz.300251,2025-07-08,2025-07-15,0.1982421875,2025-12-15 20:03:19.469786
sz.300251,2025-07-09,2025-07-16,0.10687255859375,2025-12-15 20:03:19.469786
sz.300251,2025-07-10,2025-07-17,0.13134765625,2025-12-15 20:03:19.469786
sz.300251,2025-07-11,2025-07-18,0.161865234375,2025-12-15 20:03:19.469786
sz.300251,2025-07-14,2025-07-21,0.148681640625,2025-12-15 20:03:19.469786
sz.300251,2025-07-15,2025-07-22,0.1304931640625,2025-12-15 20:03:19.469786
sz.300251,2025-07-16,2025-07-23,0.08770751953125,2025-12-15 20:03:19.469786
sz.300251,2025-07-17,2025-07-24,0.2286376953125,2025-12-15 20:03:19.469786
sz.300251,2025-07-18,2025-07-25,0.1483154296875,2025-12-15 20:03:19.469786
sz.300251,2025-07-21,2025-07-28,0.174072265625,2025-12-15 20:03:19.469786
sz.300251,2025-07-22,2025-07-29,0.1436767578125,2025-12-15 20:03:19.469786
sz.300251,2025-07-23,2025-07-30,0.125244140625,2025-12-15 20:03:19.469786
sz.300251,2025-07-24,2025-07-31,0.32275390625,2025-12-15 20:03:19.469786
sz.300251,2025-07-25,2025-08-01,0.163818359375,2025-12-15 20:03:19.469786
sz.300251,2025-07-28,2025-08-04,0.1282958984375,2025-12-15 20:03:19.469786
sz.300251,2025-07-29,2025-08-05,0.1048583984375,2025-12-15 20:03:19.469786
sz.300251,2025-07-30,2025-08-06,0.09075927734375,2025-12-15 20:03:19.469786
sz.300251,2025-07-31,2025-08-07,0.1435546875,2025-12-15 20:03:19.469786
sz.300251,2025-08-01,2025-08-08,0.14599609375,2025-12-15 20:03:19.469786
sz.300251,2025-08-04,2025-08-11,0.09912109375,2025-12-15 20:03:19.469786
sz.300251,2025-08-05,2025-08-12,0.162353515625,2025-12-15 20:03:19.469786
sz.300251,2025-08-06,2025-08-13,0.1650390625,2025-12-15 20:03:19.469786
sz.300251,2025-08-07,2025-08-14,0.2220458984375,2025-12-15 20:03:19.469786
sz.300251,2025-08-08,2025-08-15,0.15576171875,2025-12-15 20:03:19.469786
sz.300251,2025-08-11,2025-08-18,0.169921875,2025-12-15 20:03:19.469786
sz.300251,2025-08-12,2025-08-19,0.1470947265625,2025-12-15 20:03:19.469786
sz.300251,2025-08-13,2025-08-20,0.2225341796875,2025-12-15 20:03:19.469786
sz.300251,2025-08-14,2025-08-21,0.1376953125,2025-12-15 20:03:19.469786
sz.300251,2025-08-15,2025-08-22,0.44091796875,2025-12-15 20:03:19.469786
sz.300251,2025-08-18,2025-08-25,0.1370849609375,2025-12-15 20:03:19.469786
sz.300251,2025-08-19,2025-08-26,0.148193359375,2025-12-15 20:03:19.469786
sz.300251,2025-08-20,2025-08-27,0.251708984375,2025-12-15 20:03:19.469786
sz.300251,2025-08-21,2025-08-28,0.1358642578125,2025-12-15 20:03:19.469786
sz.300251,2025-08-22,2025-08-29,0.2188720703125,2025-12-15 20:03:19.469786
sz.300251,2025-08-25,2025-09-01,0.2188720703125,2025-12-15 20:03:19.469786
sz.300251,2025-08-26,2025-09-02,0.27978515625,2025-12-15 20:03:19.469786
sz.300251,2025-08-27,2025-09-03,0.14404296875,2025-12-15 20:03:19.469786
sz.300251,2025-08-28,2025-09-04,0.1905517578125,2025-12-15 20:03:19.469786
sz.300251,2025-08-29,2025-09-05,0.13720703125,2025-12-15 20:03:19.469786
sz.300251,2025-09-01,2025-09-08,0.2093505859375,2025-12-15 20:03:19.469786
sz.300251,2025-09-02,2025-09-09,0.1370849609375,2025-12-15 20:03:19.469786
sz.300251,2025-09-03,2025-09-10,0.1287841796875,2025-12-15 20:03:19.469786
sz.300251,2025-09-04,2025-09-11,0.1279296875,2025-12-15 20:03:19.469786
sz.300251,2025-09-05,2025-09-12,0.1995849609375,2025-12-15 20:03:19.469786
sz.300251,2025-09-08,2025-09-15,0.0966796875,2025-12-15 20:03:19.469786
sz.300251,2025-09-09,2025-09-16,0.1177978515625,2025-12-15 20:03:19.469786
sz.300251,2025-09-10,2025-09-17,0.11126708984375,2025-12-15 20:03:19.469786
sz.300251,2025-09-11,2025-09-18,0.1494140625,2025-12-15 20:03:19.469786
sz.300251,2025-09-12,2025-09-19,0.120849609375,2025-12-15 20:03:19.469786
sz.300251,2025-09-15,2025-09-22,0.12744140625,2025-12-15 20:03:19.469786
sz.300251,2025-09-16,2025-09-23,0.1453857421875,2025-12-15 20:03:19.469786
sz.300251,2025-09-17,2025-09-24,0.1351318359375,2025-12-15 20:03:19.469786
sz.300251,2025-09-18,2025-09-25,0.1295166015625,2025-12-15 20:03:19.469786
sz.300251,2025-09-19,2025-09-26,0.0704345703125,2025-12-15 20:03:19.469786
sz.300251,2025-09-22,2025-09-29,0.1312255859375,2025-12-15 20:03:19.469786
sz.300251,2025-09-23,2025-09-30,0.202880859375,2025-12-15 20:03:19.469786
sz.300251,2025-09-24,2025-10-01,0.09552001953125,2025-12-15 20:03:19.469786
sz.300251,2025-09-25,2025-10-02,0.118408203125,2025-12-15 20:03:19.469786
sz.300251,2025-09-26,2025-10-03,0.1412353515625,2025-12-15 20:03:19.469786
sz.300251,2025-09-29,2025-10-06,0.1351318359375,2025-12-15 20:03:19.469786
sz.300251,2025-09-30,2025-10-07,0.1531982421875,2025-12-15 20:03:19.469786
sz.300251,2025-10-09,2025-10-16,0.1326904296875,2025-12-15 20:03:19.469786
sz.300251,2025-10-10,2025-10-17,0.378173828125,2025-12-15 20:03:19.469786
sz.300251,2025-10-13,2025-10-20,0.451416015625,2025-12-15 20:03:19.469786
sz.300251,2025-10-14,2025-10-21,0.379638671875,2025-12-15 20:03:19.469786
sz.300251,2025-10-15,2025-10-22,0.45361328125,2025-12-15 20:03:19.469786
sz.300251,2025-10-16,2025-10-23,0.4658203125,2025-12-15 20:03:19.469786
sz.300251,2025-10-17,2025-10-24,0.441650390625,2025-12-15 20:03:19.469786
sz.300251,2025-10-20,2025-10-27,0.53173828125,2025-12-15 20:03:19.469786
sz.300251,2025-10-21,2025-10-28,0.54052734375,2025-12-15 20:03:19.469786
sz.300251,2025-10-22,2025-10-29,0.5087890625,2025-12-15 20:03:19.469786
sz.300251,2025-10-23,2025-10-30,0.3515625,2025-12-15 20:03:19.469786
sz.300251,2025-10-24,2025-10-31,0.49853515625,2025-12-15 20:03:19.469786
sz.300251,2025-10-27,2025-11-03,0.50341796875,2025-12-15 20:03:19.469786
sz.300251,2025-10-28,2025-11-04,0.10357666015625,2025-12-15 20:03:19.469786
sz.300251,2025-10-29,2025-11-05,0.12347412109375,2025-12-15 20:03:19.469786
sz.300251,2025-10-30,2025-11-06,0.11859130859375,2025-12-15 20:03:19.469786
sz.300251,2025-10-31,2025-11-07,0.081787109375,2025-12-15 20:03:19.469786
sz.300251,2025-11-03,2025-11-10,0.140869140625,2025-12-15 20:03:19.469786
sz.300251,2025-11-04,2025-11-11,0.1617431640625,2025-12-15 20:03:19.469786
sz.300251,2025-11-05,2025-11-12,0.0999755859375,2025-12-15 20:03:19.469786
sz.300251,2025-11-06,2025-11-13,0.1634521484375,2025-12-15 20:03:19.469786
sz.300251,2025-11-07,2025-11-14,0.1026611328125,2025-12-15 20:03:19.469786
sz.300251,2025-11-10,2025-11-17,0.10467529296875,2025-12-15 20:03:19.469786
sz.300251,2025-11-11,2025-11-18,0.10894775390625,2025-12-15 20:03:19.469786
sz.300251,2025-11-12,2025-11-19,0.13623046875,2025-12-15 20:03:19.469786
sz.300251,2025-11-13,2025-11-20,0.1651611328125,2025-12-15 20:03:19.469786
sz.300251,2025-11-14,2025-11-21,0.1270751953125,2025-12-15 20:03:19.469786
sz.300251,2025-11-17,2025-11-24,0.119384765625,2025-12-15 20:03:19.469786
sz.300251,2025-11-18,2025-11-25,0.09912109375,2025-12-15 20:03:19.469786
sz.300251,2025-11-19,2025-11-26,0.133056640625,2025-12-15 20:03:19.469786
sz.300251,2025-11-20,2025-11-27,0.132568359375,2025-12-15 20:03:19.469786
sz.300251,2025-11-21,2025-11-28,0.1649169921875,2025-12-15 20:03:19.469786
sz.300251,2025-11-24,2025-12-01,0.137939453125,2025-12-15 20:03:19.469786
sz.300251,2025-11-25,2025-12-02,0.0723876953125,2025-12-15 20:03:19.469786
sz.300251,2025-11-26,2025-12-03,0.1041259765625,2025-12-15 20:03:19.469786
sz.300251,2025-11-27,2025-12-04,0.1356201171875,2025-12-15 20:03:19.469786
sz.300251,2025-11-28,2025-12-05,0.176513671875,2025-12-15 20:03:19.469786
sz.300251,2025-12-01,2025-12-08,0.0849609375,2025-12-15 20:03:19.469786
sz.300251,2025-12-02,2025-12-09,0.12213134765625,2025-12-15 20:03:19.469786
sz.300251,2025-12-03,2025-12-10,0.1280517578125,2025-12-15 20:03:19.469786
sz.300251,2025-12-04,2025-12-11,0.1424560546875,2025-12-15 20:03:19.469786
sz.300251,2025-12-05,2025-12-12,0.14892578125,2025-12-15 20:03:19.469786
sz.300251,2025-12-08,2025-12-15,0.1026611328125,2025-12-15 20:03:19.469786
sz.300251,2025-12-09,2025-12-16,0.0831298828125,2025-12-15 20:03:19.469786
sz.300251,2025-12-10,2025-12-17,0.1044921875,2025-12-15 20:03:19.469786
sz.300251,2025-12-11,2025-12-18,0.08819580078125,2025-12-15 20:03:19.469786
sz.300251,2025-12-12,2025-12-19,0.0792236328125,2025-12-15 20:03:19.469786
sz.300251,2025-12-15,2025-12-22,0.12890625,2025-12-15 20:03:19.469786
sz.300274,2025-12-15,2025-12-22,0.1343994140625,2025-12-15 20:03:19.469786
sz.300308,2025-12-15,2025-12-22,0.12322998046875,2025-12-15 20:03:19.469786
sz.300316,2025-12-15,2025-12-22,0.11474609375,2025-12-15 20:03:19.469786
sz.300347,2025-12-15,2025-12-22,0.1248779296875,2025-12-15 20:03:19.469786
sz.300394,2025-12-15,2025-12-22,0.13671875,2025-12-15 20:03:19.469786
sz.300408,2025-12-15,2025-12-22,0.140380859375,2025-12-15 20:03:19.469786
sz.300413,2025-12-15,2025-12-22,0.1566162109375,2025-12-15 20:03:19.469786
sz.300418,2025-12-15,2025-12-22,0.149169921875,2025-12-15 20:03:19.469786
sz.300433,2025-12-15,2025-12-22,0.116943359375,2025-12-15 20:03:19.469786
sz.300442,2025-12-15,2025-12-22,0.132568359375,2025-12-15 20:03:19.469786
sz.300476,2020-01-02,2020-01-09,0.42041015625,2025-12-15 20:03:19.469786
sz.300476,2020-01-03,2020-01-10,0.4326171875,2025-12-15 20:03:19.469786
sz.300476,2020-01-06,2020-01-13,0.2362060546875,2025-12-15 20:03:19.469786
sz.300476,2020-01-07,2020-01-14,0.12445068359375,2025-12-15 20:03:19.469786
sz.300476,2020-01-08,2020-01-15,0.1363525390625,2025-12-15 20:03:19.469786
sz.300476,2020-01-09,2020-01-16,0.194580078125,2025-12-15 20:03:19.469786
sz.300476,2020-01-10,2020-01-17,0.170654296875,2025-12-15 20:03:19.469786
sz.300476,2020-01-13,2020-01-20,0.11859130859375,2025-12-15 20:03:19.469786
sz.300476,2020-01-14,2020-01-21,0.1087646484375,2025-12-15 20:03:19.469786
sz.300476,2020-01-15,2020-01-22,0.140380859375,2025-12-15 20:03:19.469786
sz.300476,2020-01-16,2020-01-23,0.120849609375,2025-12-15 20:03:19.469786
sz.300476,2020-01-17,2020-01-24,0.12744140625,2025-12-15 20:03:19.469786
sz.300476,2020-01-20,2020-01-27,0.439697265625,2025-12-15 20:03:19.469786
sz.300476,2020-01-21,2020-01-28,0.114990234375,2025-12-15 20:03:19.469786
sz.300476,2020-01-22,2020-01-29,0.276611328125,2025-12-15 20:03:19.469786
sz.300476,2020-01-23,2020-01-30,0.07708740234375,2025-12-15 20:03:19.469786
sz.300476,2020-02-03,2020-02-10,0.205078125,2025-12-15 20:03:19.469786
sz.300476,2020-02-04,2020-02-11,0.4345703125,2025-12-15 20:03:19.469786
sz.300476,2020-02-05,2020-02-12,0.10821533203125,2025-12-15 20:03:19.469786
sz.300476,2020-02-06,2020-02-13,0.07794189453125,2025-12-15 20:03:19.469786
sz.300476,2020-02-07,2020-02-14,0.10577392578125,2025-12-15 20:03:19.469786
sz.300476,2020-02-10,2020-02-17,0.11358642578125,2025-12-15 20:03:19.469786
sz.300476,2020-02-11,2020-02-18,0.09686279296875,2025-12-15 20:03:19.469786
sz.300476,2020-02-12,2020-02-19,0.31201171875,2025-12-15 20:03:19.469786
sz.300476,2020-02-13,2020-02-20,0.09844970703125,2025-12-15 20:03:19.469786
sz.300476,2020-02-14,2020-02-21,0.143798828125,2025-12-15 20:03:19.469786
sz.300476,2020-02-17,2020-02-24,0.200927734375,2025-12-15 20:03:19.469786
sz.300476,2020-02-18,2020-02-25,0.15771484375,2025-12-15 20:03:19.469786
sz.300476,2020-02-19,2020-02-26,0.144775390625,2025-12-15 20:03:19.469786
sz.300476,2020-02-20,2020-02-27,0.17529296875,2025-12-15 20:03:19.469786
sz.300476,2020-02-21,2020-02-28,0.1435546875,2025-12-15 20:03:19.469786
sz.300476,2020-02-24,2020-03-02,0.18701171875,2025-12-15 20:03:19.469786
sz.300476,2020-02-25,2020-03-03,0.2076416015625,2025-12-15 20:03:19.469786
sz.300476,2020-02-26,2020-03-04,0.12176513671875,2025-12-15 20:03:19.469786
sz.300476,2020-02-27,2020-03-05,0.1578369140625,2025-12-15 20:03:19.469786
sz.300476,2020-02-28,2020-03-06,0.125732421875,2025-12-15 20:03:19.469786
sz.300476,2020-03-02,2020-03-09,0.1375732421875,2025-12-15 20:03:19.469786
sz.300476,2020-03-03,2020-03-10,0.12408447265625,2025-12-15 20:03:19.469786
sz.300476,2020-03-04,2020-03-11,0.1048583984375,2025-12-15 20:03:19.469786
sz.300476,2020-03-05,2020-03-12,0.142822265625,2025-12-15 20:03:19.469786
sz.300476,2020-03-06,2020-03-13,0.11419677734375,2025-12-15 20:03:19.469786
sz.300476,2020-03-09,2020-03-16,0.136474609375,2025-12-15 20:03:19.469786
sz.300476,2020-03-10,2020-03-17,0.107421875,2025-12-15 20:03:19.469786
sz.300476,2020-03-11,2020-03-18,0.1201171875,2025-12-15 20:03:19.469786
sz.300476,2020-03-12,2020-03-19,0.10174560546875,2025-12-15 20:03:19.469786
sz.300476,2020-03-13,2020-03-20,0.0765380859375,2025-12-15 20:03:19.469786
sz.300476,2020-03-16,2020-03-23,0.12274169921875,2025-12-15 20:03:19.469786
sz.300476,2020-03-17,2020-03-24,0.11181640625,2025-12-15 20:03:19.469786
sz.300476,2020-03-18,2020-03-25,0.11737060546875,2025-12-15 20:03:19.469786
sz.300476,2020-03-19,2020-03-26,0.08270263671875,2025-12-15 20:03:19.469786
sz.300476,2020-03-20,2020-03-27,0.12420654296875,2025-12-15 20:03:19.469786
sz.300476,2020-03-23,2020-03-30,0.141845703125,2025-12-15 20:03:19.469786
sz.300476,2020-03-24,2020-03-31,0.1563720703125,2025-12-15 20:03:19.469786
sz.300476,2020-03-25,2020-04-01,0.120849609375,2025-12-15 20:03:19.469786
sz.300476,2020-03-26,2020-04-02,0.153076171875,2025-12-15 20:03:19.469786
sz.300476,2020-03-27,2020-04-03,0.1707763671875,2025-12-15 20:03:19.469786
sz.300476,2020-03-30,2020-04-06,0.25341796875,2025-12-15 20:03:19.469786
sz.300476,2020-03-31,2020-04-07,0.390869140625,2025-12-15 20:03:19.469786
sz.300476,2020-04-01,2020-04-08,0.277099609375,2025-12-15 20:03:19.469786
sz.300476,2020-04-02,2020-04-09,0.28857421875,2025-12-15 20:03:19.469786
sz.300476,2020-04-03,2020-04-10,0.171875,2025-12-15 20:03:19.469786
sz.300476,2020-04-07,2020-04-14,0.168701171875,2025-12-15 20:03:19.469786
sz.300476,2020-04-08,2020-04-15,0.11456298828125,2025-12-15 20:03:19.469786
sz.300476,2020-04-09,2020-04-16,0.1422119140625,2025-12-15 20:03:19.469786
sz.300476,2020-04-10,2020-04-17,0.114990234375,2025-12-15 20:03:19.469786
sz.300476,2020-04-13,2020-04-20,0.1436767578125,2025-12-15 20:03:19.469786
sz.300476,2020-04-14,2020-04-21,0.1441650390625,2025-12-15 20:03:19.469786
sz.300476,2020-04-15,2020-04-22,0.07708740234375,2025-12-15 20:03:19.469786
sz.300476,2020-04-16,2020-04-23,0.1427001953125,2025-12-15 20:03:19.469786
sz.300476,2020-04-17,2020-04-24,0.1436767578125,2025-12-15 20:03:19.469786
sz.300476,2020-04-20,2020-04-27,0.15087890625,2025-12-15 20:03:19.469786
sz.300476,2020-04-21,2020-04-28,0.125244140625,2025-12-15 20:03:19.469786
sz.300476,2020-04-22,2020-04-29,0.09320068359375,2025-12-15 20:03:19.469786
sz.300476,2020-04-23,2020-04-30,0.1280517578125,2025-12-15 20:03:19.469786
sz.300476,2020-04-24,2020-05-01,0.119384765625,2025-12-15 20:03:19.469786
sz.300476,2020-04-27,2020-05-04,0.144287109375,2025-12-15 20:03:19.469786
sz.300476,2020-04-28,2020-05-05,0.0775146484375,2025-12-15 20:03:19.469786
sz.300476,2020-04-29,2020-05-06,0.450439453125,2025-12-15 20:03:19.469786
sz.300476,2020-04-30,2020-05-07,0.1014404296875,2025-12-15 20:03:19.469786
sz.300476,2020-05-06,2020-05-13,0.15966796875,2025-12-15 20:03:19.469786
sz.300476,2020-05-07,2020-05-14,0.13037109375,2025-12-15 20:03:19.469786
sz.300476,2020-05-08,2020-05-15,0.1439208984375,2025-12-15 20:03:19.469786
sz.300476,2020-05-11,2020-05-18,0.1468505859375,2025-12-15 20:03:19.469786
sz.300476,2020-05-12,2020-05-19,0.2142333984375,2025-12-15 20:03:19.469786
sz.300476,2020-05-13,2020-05-20,0.1568603515625,2025-12-15 20:03:19.469786
sz.300476,2020-05-14,2020-05-21,0.124755859375,2025-12-15 20:03:19.469786
sz.300476,2020-05-15,2020-05-22,0.14111328125,2025-12-15 20:03:19.469786
sz.300476,2020-05-18,2020-05-25,0.1441650390625,2025-12-15 20:03:19.469786
sz.300476,2020-05-19,2020-05-26,0.1256103515625,2025-12-15 20:03:19.469786
sz.300476,2020-05-20,2020-05-27,0.116943359375,2025-12-15 20:03:19.469786
sz.300476,2020-05-21,2020-05-28,0.1358642578125,2025-12-15 20:03:19.469786
sz.300476,2020-05-22,2020-05-29,0.128173828125,2025-12-15 20:03:19.469786
sz.300476,2020-05-25,2020-06-01,0.12054443359375,2025-12-15 20:03:19.469786
sz.300476,2020-05-26,2020-06-02,0.1104736328125,2025-12-15 20:03:19.469786
sz.300476,2020-05-27,2020-06-03,0.1361083984375,2025-12-15 20:03:19.469786
sz.300476,2020-05-28,2020-06-04,0.1143798828125,2025-12-15 20:03:19.469786
sz.300476,2020-05-29,2020-06-05,0.137451171875,2025-12-15 20:03:19.469786
sz.300476,2020-06-01,2020-06-08,0.26318359375,2025-12-15 20:03:19.469786
sz.300476,2020-06-02,2020-06-09,0.179443359375,2025-12-15 20:03:19.469786
sz.300476,2020-06-03,2020-06-10,0.1326904296875,2025-12-15 20:03:19.469786
sz.300476,2020-06-04,2020-06-11,0.133544921875,2025-12-15 20:03:19.469786
sz.300476,2020-06-05,2020-06-12,0.1412353515625,2025-12-15 20:03:19.469786
sz.300476,2020-06-08,2020-06-15,0.1259765625,2025-12-15 20:03:19.469786
sz.300476,2020-06-09,2020-06-16,0.15283203125,2025-12-15 20:03:19.469786
sz.300476,2020-06-10,2020-06-17,0.154296875,2025-12-15 20:03:19.469786
sz.300476,2020-06-11,2020-06-18,0.1171875,2025-12-15 20:03:19.469786
sz.300476,2020-06-12,2020-06-19,0.09075927734375,2025-12-15 20:03:19.469786
sz.300476,2020-06-15,2020-06-22,0.136962890625,2025-12-15 20:03:19.469786
sz.300476,2020-06-16,2020-06-23,0.1019287109375,2025-12-15 20:03:19.469786
sz.300476,2020-06-17,2020-06-24,0.149169921875,2025-12-15 20:03:19.469786
sz.300476,2020-06-18,2020-06-25,0.2005615234375,2025-12-15 20:03:19.469786
sz.300476,2020-06-19,2020-06-26,0.11920166015625,2025-12-15 20:03:19.469786
sz.300476,2020-06-22,2020-06-29,0.1715087890625,2025-12-15 20:03:19.469786
sz.300476,2020-06-23,2020-06-30,0.17724609375,2025-12-15 20:03:19.469786
sz.300476,2020-06-24,2020-07-01,0.1370849609375,2025-12-15 20:03:19.469786
sz.300476,2020-06-29,2020-07-06,0.1322021484375,2025-12-15 20:03:19.469786
sz.300476,2020-06-30,2020-07-07,0.271728515625,2025-12-15 20:03:19.469786
sz.300476,2020-07-01,2020-07-08,0.1341552734375,2025-12-15 20:03:19.469786
sz.300476,2020-07-02,2020-07-09,0.1639404296875,2025-12-15 20:03:19.469786
sz.300476,2020-07-03,2020-07-10,0.2218017578125,2025-12-15 20:03:19.469786
sz.300476,2020-07-06,2020-07-13,0.1895751953125,2025-12-15 20:03:19.469786
sz.300476,2020-07-07,2020-07-14,0.1270751953125,2025-12-15 20:03:19.469786
sz.300476,2020-07-08,2020-07-15,0.244384765625,2025-12-15 20:03:19.469786
sz.300476,2020-07-09,2020-07-16,0.21484375,2025-12-15 20:03:19.469786
sz.300476,2020-07-10,2020-07-17,0.197265625,2025-12-15 20:03:19.469786
sz.300476,2020-07-13,2020-07-20,0.273193359375,2025-12-15 20:03:19.469786
sz.300476,2020-07-14,2020-07-21,0.1693115234375,2025-12-15 20:03:19.469786
sz.300476,2020-07-15,2020-07-22,0.1427001953125,2025-12-15 20:03:19.469786
sz.300476,2020-07-16,2020-07-23,0.134033203125,2025-12-15 20:03:19.469786
sz.300476,2020-07-17,2020-07-24,0.1224365234375,2025-12-15 20:03:19.469786
sz.300476,2020-07-20,2020-07-27,0.18359375,2025-12-15 20:03:19.469786
sz.300476,2020-07-21,2020-07-28,0.1492919921875,2025-12-15 20:03:19.469786
sz.300476,2020-07-22,2020-07-29,0.1485595703125,2025-12-15 20:03:19.469786
sz.300476,2020-07-23,2020-07-30,0.1517333984375,2025-12-15 20:03:19.469786
sz.300476,2020-07-24,2020-07-31,0.1304931640625,2025-12-15 20:03:19.469786
sz.300476,2020-07-27,2020-08-03,0.1259765625,2025-12-15 20:03:19.469786
sz.300476,2020-07-28,2020-08-04,0.08538818359375,2025-12-15 20:03:19.469786
sz.300476,2020-07-29,2020-08-05,0.33349609375,2025-12-15 20:03:19.469786
sz.300476,2020-07-30,2020-08-06,0.1273193359375,2025-12-15 20:03:19.469786
sz.300476,2020-07-31,2020-08-07,0.09417724609375,2025-12-15 20:03:19.469786
sz.300476,2020-08-03,2020-08-10,0.1365966796875,2025-12-15 20:03:19.469786
sz.300476,2020-08-04,2020-08-11,0.124755859375,2025-12-15 20:03:19.469786
sz.300476,2020-08-05,2020-08-12,0.1044921875,2025-12-15 20:03:19.469786
sz.300476,2020-08-06,2020-08-13,0.134033203125,2025-12-15 20:03:19.469786
sz.300476,2020-08-07,2020-08-14,0.131103515625,2025-12-15 20:03:19.469786
sz.300476,2020-08-10,2020-08-17,0.09686279296875,2025-12-15 20:03:19.469786
sz.300476,2020-08-11,2020-08-18,0.134521484375,2025-12-15 20:03:19.469786
sz.300476,2020-08-12,2020-08-19,0.126220703125,2025-12-15 20:03:19.469786
sz.300476,2020-08-13,2020-08-20,0.12890625,2025-12-15 20:03:19.469786
sz.300476,2020-08-14,2020-08-21,0.247314453125,2025-12-15 20:03:19.469786
sz.300476,2020-08-17,2020-08-24,0.23974609375,2025-12-15 20:03:19.469786
sz.300476,2020-08-18,2020-08-25,0.149169921875,2025-12-15 20:03:19.469786
sz.300476,2020-08-19,2020-08-26,0.1368408203125,2025-12-15 20:03:19.469786
sz.300476,2020-08-20,2020-08-27,0.11376953125,2025-12-15 20:03:19.469786
sz.300476,2020-08-21,2020-08-28,0.1153564453125,2025-12-15 20:03:19.469786
sz.300476,2020-08-24,2020-08-31,0.1201171875,2025-12-15 20:03:19.469786
sz.300476,2020-08-25,2020-09-01,0.11920166015625,2025-12-15 20:03:19.469786
sz.300476,2020-08-26,2020-09-02,0.1435546875,2025-12-15 20:03:19.469786
sz.300476,2020-08-27,2020-09-03,0.12408447265625,2025-12-15 20:03:19.469786
sz.300476,2020-08-28,2020-09-04,0.14404296875,2025-12-15 20:03:19.469786
sz.300476,2020-08-31,2020-09-07,0.090087890625,2025-12-15 20:03:19.469786
sz.300476,2020-09-01,2020-09-08,0.1893310546875,2025-12-15 20:03:19.469786
sz.300476,2020-09-02,2020-09-09,0.145263671875,2025-12-15 20:03:19.469786
sz.300476,2020-09-03,2020-09-10,0.131103515625,2025-12-15 20:03:19.469786
sz.300476,2020-09-04,2020-09-11,0.1683349609375,2025-12-15 20:03:19.469786
sz.300476,2020-09-07,2020-09-14,0.09771728515625,2025-12-15 20:03:19.469786
sz.300476,2020-09-08,2020-09-15,0.114990234375,2025-12-15 20:03:19.469786
sz.300476,2020-09-09,2020-09-16,0.137451171875,2025-12-15 20:03:19.469786
sz.300476,2020-09-10,2020-09-17,0.158935546875,2025-12-15 20:03:19.469786
sz.300476,2020-09-11,2020-09-18,0.431396484375,2025-12-15 20:03:19.469786
sz.300476,2020-09-14,2020-09-21,0.1378173828125,2025-12-15 20:03:19.469786
sz.300476,2020-09-15,2020-09-22,0.19677734375,2025-12-15 20:03:19.469786
sz.300476,2020-09-16,2020-09-23,0.195556640625,2025-12-15 20:03:19.469786
sz.300476,2020-09-17,2020-09-24,0.1231689453125,2025-12-15 20:03:19.469786
sz.300476,2020-09-18,2020-09-25,0.1279296875,2025-12-15 20:03:19.469786
sz.300476,2020-09-21,2020-09-28,0.176513671875,2025-12-15 20:03:19.469786
sz.300476,2020-09-22,2020-09-29,0.2086181640625,2025-12-15 20:03:19.469786
sz.300476,2020-09-23,2020-09-30,0.273193359375,2025-12-15 20:03:19.469786
sz.300476,2020-09-24,2020-10-01,0.269775390625,2025-12-15 20:03:19.469786
sz.300476,2020-09-25,2020-10-02,0.28466796875,2025-12-15 20:03:19.469786
sz.300476,2020-09-28,2020-10-05,0.313232421875,2025-12-15 20:03:19.469786
sz.300476,2020-09-29,2020-10-06,0.288330078125,2025-12-15 20:03:19.469786
sz.300476,2020-09-30,2020-10-07,0.3115234375,2025-12-15 20:03:19.469786
sz.300476,2020-10-09,2020-10-16,0.08154296875,2025-12-15 20:03:19.469786
sz.300476,2020-10-12,2020-10-19,0.1181640625,2025-12-15 20:03:19.469786
sz.300476,2020-10-13,2020-10-20,0.1246337890625,2025-12-15 20:03:19.469786
sz.300476,2020-10-14,2020-10-21,0.1328125,2025-12-15 20:03:19.469786
sz.300476,2020-10-15,2020-10-22,0.132568359375,2025-12-15 20:03:19.469786
sz.300476,2020-10-16,2020-10-23,0.12200927734375,2025-12-15 20:03:19.469786
sz.300476,2020-10-19,2020-10-26,0.1434326171875,2025-12-15 20:03:19.469786
sz.300476,2020-10-20,2020-10-27,0.1341552734375,2025-12-15 20:03:19.469786
sz.300476,2020-10-21,2020-10-28,0.1390380859375,2025-12-15 20:03:19.469786
sz.300476,2020-10-22,2020-10-29,0.1890869140625,2025-12-15 20:03:19.469786
sz.300476,2020-10-23,2020-10-30,0.1649169921875,2025-12-15 20:03:19.469786
sz.300476,2020-10-26,2020-11-02,0.2166748046875,2025-12-15 20:03:19.469786
sz.300476,2020-10-27,2020-11-03,0.328857421875,2025-12-15 20:03:19.469786
sz.300476,2020-10-28,2020-11-04,0.1953125,2025-12-15 20:03:19.469786
sz.300476,2020-10-29,2020-11-05,0.12548828125,2025-12-15 20:03:19.469786
sz.300476,2020-10-30,2020-11-06,0.1163330078125,2025-12-15 20:03:19.469786
sz.300476,2020-11-02,2020-11-09,0.1041259765625,2025-12-15 20:03:19.469786
sz.300476,2020-11-03,2020-11-10,0.10858154296875,2025-12-15 20:03:19.469786
sz.300476,2020-11-04,2020-11-11,0.1251220703125,2025-12-15 20:03:19.469786
sz.300476,2020-11-05,2020-11-12,0.126953125,2025-12-15 20:03:19.469786
sz.300476,2020-11-06,2020-11-13,0.34716796875,2025-12-15 20:03:19.469786
sz.300476,2020-11-09,2020-11-16,0.11376953125,2025-12-15 20:03:19.469786
sz.300476,2020-11-10,2020-11-17,0.1077880859375,2025-12-15 20:03:19.469786
sz.300476,2020-11-11,2020-11-18,0.12939453125,2025-12-15 20:03:19.469786
sz.300476,2020-11-12,2020-11-19,0.128173828125,2025-12-15 20:03:19.469786
sz.300476,2020-11-13,2020-11-20,0.170654296875,2025-12-15 20:03:19.469786
sz.300476,2020-11-16,2020-11-23,0.142578125,2025-12-15 20:03:19.469786
sz.300476,2020-11-17,2020-11-24,0.151123046875,2025-12-15 20:03:19.469786
sz.300476,2020-11-18,2020-11-25,0.0975341796875,2025-12-15 20:03:19.469786
sz.300476,2020-11-19,2020-11-26,0.1239013671875,2025-12-15 20:03:19.469786
sz.300476,2020-11-20,2020-11-27,0.153076171875,2025-12-15 20:03:19.469786
sz.300476,2020-11-23,2020-11-30,0.1357421875,2025-12-15 20:03:19.469786
sz.300476,2020-11-24,2020-12-01,0.10125732421875,2025-12-15 20:03:19.469786
sz.300476,2020-11-25,2020-12-02,0.1319580078125,2025-12-15 20:03:19.469786
sz.300476,2020-11-26,2020-12-03,0.1190185546875,2025-12-15 20:03:19.469786
sz.300476,2020-11-27,2020-12-04,0.1259765625,2025-12-15 20:03:19.469786
sz.300476,2020-11-30,2020-12-07,0.078369140625,2025-12-15 20:03:19.469786
sz.300476,2020-12-01,2020-12-08,0.275390625,2025-12-15 20:03:19.469786
sz.300476,2020-12-02,2020-12-09,0.1392822265625,2025-12-15 20:03:19.469786
sz.300476,2020-12-03,2020-12-10,0.131103515625,2025-12-15 20:03:19.469786
sz.300476,2020-12-04,2020-12-11,0.1268310546875,2025-12-15 20:03:19.469786
sz.300476,2020-12-07,2020-12-14,0.1734619140625,2025-12-15 20:03:19.469786
sz.300476,2020-12-08,2020-12-15,0.137939453125,2025-12-15 20:03:19.469786
sz.300476,2020-12-09,2020-12-16,0.139892578125,2025-12-15 20:03:19.469786
sz.300476,2020-12-10,2020-12-17,0.149658203125,2025-12-15 20:03:19.469786
sz.300476,2020-12-11,2020-12-18,0.154296875,2025-12-15 20:03:19.469786
sz.300476,2020-12-14,2020-12-21,0.1304931640625,2025-12-15 20:03:19.469786
sz.300476,2020-12-15,2020-12-22,0.1190185546875,2025-12-15 20:03:19.469786
sz.300476,2020-12-16,2020-12-23,0.3671875,2025-12-15 20:03:19.469786
sz.300476,2020-12-17,2020-12-24,0.1300048828125,2025-12-15 20:03:19.469786
sz.300476,2020-12-18,2020-12-25,0.1239013671875,2025-12-15 20:03:19.469786
sz.300476,2020-12-21,2020-12-28,0.10894775390625,2025-12-15 20:03:19.469786
sz.300476,2020-12-22,2020-12-29,0.1171875,2025-12-15 20:03:19.469786
sz.300476,2020-12-23,2020-12-30,0.1190185546875,2025-12-15 20:03:19.469786
sz.300476,2020-12-24,2020-12-31,0.11083984375,2025-12-15 20:03:19.469786
sz.300476,2020-12-25,2021-01-01,0.1163330078125,2025-12-15 20:03:19.469786
sz.300476,2020-12-28,2021-01-04,0.132080078125,2025-12-15 20:03:19.469786
sz.300476,2020-12-29,2021-01-05,0.1343994140625,2025-12-15 20:03:19.469786
sz.300476,2020-12-30,2021-01-06,0.135009765625,2025-12-15 20:03:19.469786
sz.300476,2020-12-31,2021-01-07,0.0970458984375,2025-12-15 20:03:19.469786
sz.300476,2021-01-04,2021-01-11,0.1195068359375,2025-12-15 20:03:19.469786
sz.300476,2021-01-05,2021-01-12,0.10211181640625,2025-12-15 20:03:19.469786
sz.300476,2021-01-06,2021-01-13,0.150146484375,2025-12-15 20:03:19.469786
sz.300476,2021-01-07,2021-01-14,0.12408447265625,2025-12-15 20:03:19.469786
sz.300476,2021-01-08,2021-01-15,0.1279296875,2025-12-15 20:03:19.469786
sz.300476,2021-01-11,2021-01-18,0.2359619140625,2025-12-15 20:03:19.469786
sz.300476,2021-01-12,2021-01-19,0.1851806640625,2025-12-15 20:03:19.469786
sz.300476,2021-01-13,2021-01-20,0.174072265625,2025-12-15 20:03:19.469786
sz.300476,2021-01-14,2021-01-21,0.149658203125,2025-12-15 20:03:19.469786
sz.300476,2021-01-15,2021-01-22,0.139404296875,2025-12-15 20:03:19.469786
sz.300476,2021-01-18,2021-01-25,0.202880859375,2025-12-15 20:03:19.469786
sz.300476,2021-01-19,2021-01-26,0.1507568359375,2025-12-15 20:03:19.469786
sz.300476,2021-01-20,2021-01-27,0.19580078125,2025-12-15 20:03:19.469786
sz.300476,2021-01-21,2021-01-28,0.2105712890625,2025-12-15 20:03:19.469786
sz.300476,2021-01-22,2021-01-29,0.1717529296875,2025-12-15 20:03:19.469786
sz.300476,2021-01-25,2021-02-01,0.094482421875,2025-12-15 20:03:19.469786
sz.300476,2021-01-26,2021-02-02,0.10858154296875,2025-12-15 20:03:19.469786
sz.300476,2021-01-27,2021-02-03,0.1348876953125,2025-12-15 20:03:19.469786
sz.300476,2021-01-28,2021-02-04,0.12176513671875,2025-12-15 20:03:19.469786
sz.300476,2021-01-29,2021-02-05,0.11859130859375,2025-12-15 20:03:19.469786
sz.300476,2021-02-01,2021-02-08,0.137939453125,2025-12-15 20:03:19.469786
sz.300476,2021-02-02,2021-02-09,0.1683349609375,2025-12-15 20:03:19.469786
sz.300476,2021-02-03,2021-02-10,0.09686279296875,2025-12-15 20:03:19.469786
sz.300476,2021-02-04,2021-02-11,0.118408203125,2025-12-15 20:03:19.469786
sz.300476,2021-02-05,2021-02-12,0.1544189453125,2025-12-15 20:03:19.469786
sz.300476,2021-02-08,2021-02-15,0.2451171875,2025-12-15 20:03:19.469786
sz.300476,2021-02-09,2021-02-16,0.167236328125,2025-12-15 20:03:19.469786
sz.300476,2021-02-10,2021-02-17,0.1287841796875,2025-12-15 20:03:19.469786
sz.300476,2021-02-18,2021-02-25,0.11297607421875,2025-12-15 20:03:19.469786
sz.300476,2021-02-19,2021-02-26,0.11260986328125,2025-12-15 20:03:19.469786
sz.300476,2021-02-22,2021-03-01,0.07080078125,2025-12-15 20:03:19.469786
sz.300476,2021-02-23,2021-03-02,0.0872802734375,2025-12-15 20:03:19.469786
sz.300476,2021-02-24,2021-03-03,0.09503173828125,2025-12-15 20:03:19.469786
sz.300476,2021-02-25,2021-03-04,0.07891845703125,2025-12-15 20:03:19.469786
sz.300476,2021-02-26,2021-03-05,0.1026611328125,2025-12-15 20:03:19.469786
sz.300476,2021-03-01,2021-03-08,0.191162109375,2025-12-15 20:03:19.469786
sz.300476,2021-03-02,2021-03-09,0.12188720703125,2025-12-15 20:03:19.469786
sz.300476,2021-03-03,2021-03-10,0.1558837890625,2025-12-15 20:03:19.469786
sz.300476,2021-03-04,2021-03-11,0.1827392578125,2025-12-15 20:03:19.469786
sz.300476,2021-03-05,2021-03-12,0.092041015625,2025-12-15 20:03:19.469786
sz.300476,2021-03-08,2021-03-15,0.10015869140625,2025-12-15 20:03:19.469786
sz.300476,2021-03-09,2021-03-16,0.1453857421875,2025-12-15 20:03:19.469786
sz.300476,2021-03-10,2021-03-17,0.0885009765625,2025-12-15 20:03:19.469786
sz.300476,2021-03-11,2021-03-18,0.0794677734375,2025-12-15 20:03:19.469786
sz.300476,2021-03-12,2021-03-19,0.1314697265625,2025-12-15 20:03:19.469786
sz.300476,2021-03-15,2021-03-22,0.09912109375,2025-12-15 20:03:19.469786
sz.300476,2021-03-16,2021-03-23,0.17333984375,2025-12-15 20:03:19.469786
sz.300476,2021-03-17,2021-03-24,0.12054443359375,2025-12-15 20:03:19.469786
sz.300476,2021-03-18,2021-03-25,0.1395263671875,2025-12-15 20:03:19.469786
sz.300476,2021-03-19,2021-03-26,0.095703125,2025-12-15 20:03:19.469786
sz.300476,2021-03-22,2021-03-29,0.1236572265625,2025-12-15 20:03:19.469786
sz.300476,2021-03-23,2021-03-30,0.1253662109375,2025-12-15 20:03:19.469786
sz.300476,2021-03-24,2021-03-31,0.12359619140625,2025-12-15 20:03:19.469786
sz.300476,2021-03-25,2021-04-01,0.1087646484375,2025-12-15 20:03:19.469786
sz.300476,2021-03-26,2021-04-02,0.2127685546875,2025-12-15 20:03:19.469786
sz.300476,2021-03-29,2021-04-05,0.1341552734375,2025-12-15 20:03:19.469786
sz.300476,2021-03-30,2021-04-06,0.11676025390625,2025-12-15 20:03:19.469786
sz.300476,2021-03-31,2021-04-07,0.1282958984375,2025-12-15 20:03:19.469786
sz.300476,2021-04-01,2021-04-08,0.10931396484375,2025-12-15 20:03:19.469786
sz.300476,2021-04-02,2021-04-09,0.128173828125,2025-12-15 20:03:19.469786
sz.300476,2021-04-06,2021-04-13,0.128662109375,2025-12-15 20:03:19.469786
sz.300476,2021-04-07,2021-04-14,0.17626953125,2025-12-15 20:03:19.469786
sz.300476,2021-04-08,2021-04-15,0.133056640625,2025-12-15 20:03:19.469786
sz.300476,2021-04-09,2021-04-16,0.1356201171875,2025-12-15 20:03:19.469786
sz.300476,2021-04-12,2021-04-19,0.1324462890625,2025-12-15 20:03:19.469786
sz.300476,2021-04-13,2021-04-20,0.11962890625,2025-12-15 20:03:19.469786
sz.300476,2021-04-14,2021-04-21,0.09552001953125,2025-12-15 20:03:19.469786
sz.300476,2021-04-15,2021-04-22,0.119384765625,2025-12-15 20:03:19.469786
sz.300476,2021-04-16,2021-04-23,0.1337890625,2025-12-15 20:03:19.469786
sz.300476,2021-04-19,2021-04-26,0.149169921875,2025-12-15 20:03:19.469786
sz.300476,2021-04-20,2021-04-27,0.1558837890625,2025-12-15 20:03:19.469786
sz.300476,2021-04-21,2021-04-28,0.1719970703125,2025-12-15 20:03:19.469786
sz.300476,2021-04-22,2021-04-29,0.11737060546875,2025-12-15 20:03:19.469786
sz.300476,2021-04-23,2021-04-30,0.2109375,2025-12-15 20:03:19.469786
sz.300476,2021-04-26,2021-05-03,0.11181640625,2025-12-15 20:03:19.469786
sz.300476,2021-04-27,2021-05-04,0.17333984375,2025-12-15 20:03:19.469786
sz.300476,2021-04-28,2021-05-05,0.10467529296875,2025-12-15 20:03:19.469786
sz.300476,2021-04-29,2021-05-06,0.1329345703125,2025-12-15 20:03:19.469786
sz.300476,2021-04-30,2021-05-07,0.11474609375,2025-12-15 20:03:19.469786
sz.300476,2021-05-06,2021-05-13,0.09075927734375,2025-12-15 20:03:19.469786
sz.300476,2021-05-07,2021-05-14,0.130126953125,2025-12-15 20:03:19.469786
sz.300476,2021-05-10,2021-05-17,0.1314697265625,2025-12-15 20:03:19.469786
sz.300476,2021-05-11,2021-05-18,0.1373291015625,2025-12-15 20:03:19.469786
sz.300476,2021-05-12,2021-05-19,0.1202392578125,2025-12-15 20:03:19.469786
sz.300476,2021-05-13,2021-05-20,0.1317138671875,2025-12-15 20:03:19.469786
sz.300476,2021-05-14,2021-05-21,0.132080078125,2025-12-15 20:03:19.469786
sz.300476,2021-05-17,2021-05-24,0.12042236328125,2025-12-15 20:03:19.469786
sz.300476,2021-05-18,2021-05-25,0.12188720703125,2025-12-15 20:03:19.469786
sz.300476,2021-05-19,2021-05-26,0.1312255859375,2025-12-15 20:03:19.469786
sz.300476,2021-05-20,2021-05-27,0.102294921875,2025-12-15 20:03:19.469786
sz.300476,2021-05-21,2021-05-28,0.12548828125,2025-12-15 20:03:19.469786
sz.300476,2021-05-24,2021-05-31,0.132080078125,2025-12-15 20:03:19.469786
sz.300476,2021-05-25,2021-06-01,0.0863037109375,2025-12-15 20:03:19.469786
sz.300476,2021-05-26,2021-06-02,0.1015625,2025-12-15 20:03:19.469786
sz.300476,2021-05-27,2021-06-03,0.07684326171875,2025-12-15 20:03:19.469786
sz.300476,2021-05-28,2021-06-04,0.115966796875,2025-12-15 20:03:19.469786
sz.300476,2021-05-31,2021-06-07,0.10284423828125,2025-12-15 20:03:19.469786
sz.300476,2021-06-01,2021-06-08,0.08135986328125,2025-12-15 20:03:19.469786
sz.300476,2021-06-02,2021-06-09,0.1279296875,2025-12-15 20:03:19.469786
sz.300476,2021-06-03,2021-06-10,0.0938720703125,2025-12-15 20:03:19.469786
sz.300476,2021-06-04,2021-06-11,0.1331787109375,2025-12-15 20:03:19.469786
sz.300476,2021-06-07,2021-06-14,0.362060546875,2025-12-15 20:03:19.469786
sz.300476,2021-06-08,2021-06-15,0.1279296875,2025-12-15 20:03:19.469786
sz.300476,2021-06-09,2021-06-16,0.1353759765625,2025-12-15 20:03:19.469786
sz.300476,2021-06-10,2021-06-17,0.1539306640625,2025-12-15 20:03:19.469786
sz.300476,2021-06-11,2021-06-18,0.1827392578125,2025-12-15 20:03:19.469786
sz.300476,2021-06-15,2021-06-22,0.1649169921875,2025-12-15 20:03:19.469786
sz.300476,2021-06-16,2021-06-23,0.23095703125,2025-12-15 20:03:19.469786
sz.300476,2021-06-17,2021-06-24,0.398681640625,2025-12-15 20:03:19.469786
sz.300476,2021-06-18,2021-06-25,0.251708984375,2025-12-15 20:03:19.469786
sz.300476,2021-06-21,2021-06-28,0.1798095703125,2025-12-15 20:03:19.469786
sz.300476,2021-06-22,2021-06-29,0.138427734375,2025-12-15 20:03:19.469786
sz.300476,2021-06-23,2021-06-30,0.1195068359375,2025-12-15 20:03:19.469786
sz.300476,2021-06-24,2021-07-01,0.10723876953125,2025-12-15 20:03:19.469786
sz.300476,2021-06-25,2021-07-02,0.08343505859375,2025-12-15 20:03:19.469786
sz.300476,2021-06-28,2021-07-05,0.262451171875,2025-12-15 20:03:19.469786
sz.300476,2021-06-29,2021-07-06,0.1124267578125,2025-12-15 20:03:19.469786
sz.300476,2021-06-30,2021-07-07,0.134033203125,2025-12-15 20:03:19.469786
sz.300476,2021-07-01,2021-07-08,0.11981201171875,2025-12-15 20:03:19.469786
sz.300476,2021-07-02,2021-07-09,0.1259765625,2025-12-15 20:03:19.469786
sz.300476,2021-07-05,2021-07-12,0.0867919921875,2025-12-15 20:03:19.469786
sz.300476,2021-07-06,2021-07-13,0.1312255859375,2025-12-15 20:03:19.469786
sz.300476,2021-07-07,2021-07-14,0.07598876953125,2025-12-15 20:03:19.469786
sz.300476,2021-07-08,2021-07-15,0.09124755859375,2025-12-15 20:03:19.469786
sz.300476,2021-07-09,2021-07-16,0.1048583984375,2025-12-15 20:03:19.469786
sz.300476,2021-07-12,2021-07-19,0.09893798828125,2025-12-15 20:03:19.469786
sz.300476,2021-07-13,2021-07-20,0.115966796875,2025-12-15 20:03:19.469786
sz.300476,2021-07-14,2021-07-21,0.07159423828125,2025-12-15 20:03:19.469786
sz.300476,2021-07-15,2021-07-22,0.11553955078125,2025-12-15 20:03:19.469786
sz.300476,2021-07-16,2021-07-23,0.13232421875,2025-12-15 20:03:19.469786
sz.300476,2021-07-19,2021-07-26,0.1409912109375,2025-12-15 20:03:19.469786
sz.300476,2021-07-20,2021-07-27,0.110107421875,2025-12-15 20:03:19.469786
sz.300476,2021-07-21,2021-07-28,0.134033203125,2025-12-15 20:03:19.469786
sz.300476,2021-07-22,2021-07-29,0.1427001953125,2025-12-15 20:03:19.469786
sz.300476,2021-07-23,2021-07-30,0.1385498046875,2025-12-15 20:03:19.469786
sz.300476,2021-07-26,2021-08-02,0.1834716796875,2025-12-15 20:03:19.469786
sz.300476,2021-07-27,2021-08-03,0.08135986328125,2025-12-15 20:03:19.469786
sz.300476,2021-07-28,2021-08-04,0.09173583984375,2025-12-15 20:03:19.469786
sz.300476,2021-07-29,2021-08-05,0.1585693359375,2025-12-15 20:03:19.469786
sz.300476,2021-07-30,2021-08-06,0.1981201171875,2025-12-15 20:03:19.469786
sz.300476,2021-08-02,2021-08-09,0.22900390625,2025-12-15 20:03:19.469786
sz.300476,2021-08-03,2021-08-10,0.1273193359375,2025-12-15 20:03:19.469786
sz.300476,2021-08-04,2021-08-11,0.1478271484375,2025-12-15 20:03:19.469786
sz.300476,2021-08-05,2021-08-12,0.1510009765625,2025-12-15 20:03:19.469786
sz.300476,2021-08-06,2021-08-13,0.12054443359375,2025-12-15 20:03:19.469786
sz.300476,2021-08-09,2021-08-16,0.102294921875,2025-12-15 20:03:19.469786
sz.300476,2021-08-10,2021-08-17,0.1417236328125,2025-12-15 20:03:19.469786
sz.300476,2021-08-11,2021-08-18,0.12420654296875,2025-12-15 20:03:19.469786
sz.300476,2021-08-12,2021-08-19,0.159912109375,2025-12-15 20:03:19.469786
sz.300476,2021-08-13,2021-08-20,0.12890625,2025-12-15 20:03:19.469786
sz.300476,2021-08-16,2021-08-23,0.17578125,2025-12-15 20:03:19.469786
sz.300476,2021-08-17,2021-08-24,0.260498046875,2025-12-15 20:03:19.469786
sz.300476,2021-08-18,2021-08-25,0.460205078125,2025-12-15 20:03:19.469786
sz.300476,2021-08-19,2021-08-26,0.464111328125,2025-12-15 20:03:19.469786
sz.300476,2021-08-20,2021-08-27,0.449951171875,2025-12-15 20:03:19.469786
sz.300476,2021-08-23,2021-08-30,0.4736328125,2025-12-15 20:03:19.469786
sz.300476,2021-08-24,2021-08-31,0.414306640625,2025-12-15 20:03:19.469786
sz.300476,2021-08-25,2021-09-01,0.3671875,2025-12-15 20:03:19.469786
sz.300476,2021-08-26,2021-09-02,0.320068359375,2025-12-15 20:03:19.469786
sz.300476,2021-08-27,2021-09-03,0.272216796875,2025-12-15 20:03:19.469786
sz.300476,2021-08-30,2021-09-06,0.1365966796875,2025-12-15 20:03:19.469786
sz.300476,2021-08-31,2021-09-07,0.2161865234375,2025-12-15 20:03:19.469786
sz.300476,2021-09-01,2021-09-08,0.1893310546875,2025-12-15 20:03:19.469786
sz.300476,2021-09-02,2021-09-09,0.26904296875,2025-12-15 20:03:19.469786
sz.300476,2021-09-03,2021-09-10,0.184326171875,2025-12-15 20:03:19.469786
sz.300476,2021-09-06,2021-09-13,0.271240234375,2025-12-15 20:03:19.469786
sz.300476,2021-09-07,2021-09-14,0.110107421875,2025-12-15 20:03:19.469786
sz.300476,2021-09-08,2021-09-15,0.1231689453125,2025-12-15 20:03:19.469786
sz.300476,2021-09-09,2021-09-16,0.09417724609375,2025-12-15 20:03:19.469786
sz.300476,2021-09-10,2021-09-17,0.09771728515625,2025-12-15 20:03:19.469786
sz.300476,2021-09-13,2021-09-20,0.130126953125,2025-12-15 20:03:19.469786
sz.300476,2021-09-14,2021-09-21,0.07794189453125,2025-12-15 20:03:19.469786
sz.300476,2021-09-15,2021-09-22,0.1214599609375,2025-12-15 20:03:19.469786
sz.300476,2021-09-16,2021-09-23,0.070556640625,2025-12-15 20:03:19.469786
sz.300476,2021-09-17,2021-09-24,0.1171875,2025-12-15 20:03:19.469786
sz.300476,2021-09-22,2021-09-29,0.1534423828125,2025-12-15 20:03:19.469786
sz.300476,2021-09-23,2021-09-30,0.1163330078125,2025-12-15 20:03:19.469786
sz.300476,2021-09-24,2021-10-01,0.0792236328125,2025-12-15 20:03:19.469786
sz.300476,2021-09-27,2021-10-04,0.10650634765625,2025-12-15 20:03:19.469786
sz.300476,2021-09-28,2021-10-05,0.07366943359375,2025-12-15 20:03:19.469786
sz.300476,2021-09-29,2021-10-06,0.0809326171875,2025-12-15 20:03:19.469786
sz.300476,2021-09-30,2021-10-07,0.092041015625,2025-12-15 20:03:19.469786
sz.300476,2021-10-08,2021-10-15,0.1407470703125,2025-12-15 20:03:19.469786
sz.300476,2021-10-11,2021-10-18,0.12744140625,2025-12-15 20:03:19.469786
sz.300476,2021-10-12,2021-10-19,0.10430908203125,2025-12-15 20:03:19.469786
sz.300476,2021-10-13,2021-10-20,0.1781005859375,2025-12-15 20:03:19.469786
sz.300476,2021-10-14,2021-10-21,0.11297607421875,2025-12-15 20:03:19.469786
sz.300476,2021-10-15,2021-10-22,0.1033935546875,2025-12-15 20:03:19.469786
sz.300476,2021-10-18,2021-10-25,0.10125732421875,2025-12-15 20:03:19.469786
sz.300476,2021-10-19,2021-10-26,0.12359619140625,2025-12-15 20:03:19.469786
sz.300476,2021-10-20,2021-10-27,0.08477783203125,2025-12-15 20:03:19.469786
sz.300476,2021-10-21,2021-10-28,0.162353515625,2025-12-15 20:03:19.469786
sz.300476,2021-10-22,2021-10-29,0.1363525390625,2025-12-15 20:03:19.469786
sz.300476,2021-10-25,2021-11-01,0.1513671875,2025-12-15 20:03:19.469786
sz.300476,2021-10-26,2021-11-02,0.135009765625,2025-12-15 20:03:19.469786
sz.300476,2021-10-27,2021-11-03,0.11163330078125,2025-12-15 20:03:19.469786
sz.300476,2021-10-28,2021-11-04,0.1298828125,2025-12-15 20:03:19.469786
sz.300476,2021-10-29,2021-11-05,0.11163330078125,2025-12-15 20:03:19.469786
sz.300476,2021-11-01,2021-11-08,0.37646484375,2025-12-15 20:03:19.469786
sz.300476,2021-11-02,2021-11-09,0.1175537109375,2025-12-15 20:03:19.469786
sz.300476,2021-11-03,2021-11-10,0.1263427734375,2025-12-15 20:03:19.469786
sz.300476,2021-11-04,2021-11-11,0.097412109375,2025-12-15 20:03:19.469786
sz.300476,2021-11-05,2021-11-12,0.11962890625,2025-12-15 20:03:19.469786
sz.300476,2021-11-08,2021-11-15,0.12432861328125,2025-12-15 20:03:19.469786
sz.300476,2021-11-09,2021-11-16,0.105224609375,2025-12-15 20:03:19.469786
sz.300476,2021-11-10,2021-11-17,0.1134033203125,2025-12-15 20:03:19.469786
sz.300476,2021-11-11,2021-11-18,0.0966796875,2025-12-15 20:03:19.469786
sz.300476,2021-11-12,2021-11-19,0.07421875,2025-12-15 20:03:19.469786
sz.300476,2021-11-15,2021-11-22,0.09619140625,2025-12-15 20:03:19.469786
sz.300476,2021-11-16,2021-11-23,0.0775146484375,2025-12-15 20:03:19.469786
sz.300476,2021-11-17,2021-11-24,0.13037109375,2025-12-15 20:03:19.469786
sz.300476,2021-11-18,2021-11-25,0.11456298828125,2025-12-15 20:03:19.469786
sz.300476,2021-11-19,2021-11-26,0.130126953125,2025-12-15 20:03:19.469786
sz.300476,2021-11-22,2021-11-29,0.163818359375,2025-12-15 20:03:19.469786
sz.300476,2021-11-23,2021-11-30,0.160400390625,2025-12-15 20:03:19.469786
sz.300476,2021-11-24,2021-12-01,0.11920166015625,2025-12-15 20:03:19.469786
sz.300476,2021-11-25,2021-12-02,0.1290283203125,2025-12-15 20:03:19.469786
sz.300476,2021-11-26,2021-12-03,0.1385498046875,2025-12-15 20:03:19.469786
sz.300476,2021-11-29,2021-12-06,0.17138671875,2025-12-15 20:03:19.469786
sz.300476,2021-11-30,2021-12-07,0.1556396484375,2025-12-15 20:03:19.469786
sz.300476,2021-12-01,2021-12-08,0.1292724609375,2025-12-15 20:03:19.469786
sz.300476,2021-12-02,2021-12-09,0.1236572265625,2025-12-15 20:03:19.469786
sz.300476,2021-12-03,2021-12-10,0.1915283203125,2025-12-15 20:03:19.469786
sz.300476,2021-12-06,2021-12-13,0.2208251953125,2025-12-15 20:03:19.469786
sz.300476,2021-12-07,2021-12-14,0.1502685546875,2025-12-15 20:03:19.469786
sz.300476,2021-12-08,2021-12-15,0.155517578125,2025-12-15 20:03:19.469786
sz.300476,2021-12-09,2021-12-16,0.2137451171875,2025-12-15 20:03:19.469786
sz.300476,2021-12-10,2021-12-17,0.2081298828125,2025-12-15 20:03:19.469786
sz.300476,2021-12-13,2021-12-20,0.187744140625,2025-12-15 20:03:19.469786
sz.300476,2021-12-14,2021-12-21,0.2401123046875,2025-12-15 20:03:19.469786
sz.300476,2021-12-15,2021-12-22,0.124755859375,2025-12-15 20:03:19.469786
sz.300476,2021-12-16,2021-12-23,0.1361083984375,2025-12-15 20:03:19.469786
sz.300476,2021-12-17,2021-12-24,0.1614990234375,2025-12-15 20:03:19.469786
sz.300476,2021-12-20,2021-12-27,0.1268310546875,2025-12-15 20:03:19.469786
sz.300476,2021-12-21,2021-12-28,0.314453125,2025-12-15 20:03:19.469786
sz.300476,2021-12-22,2021-12-29,0.162109375,2025-12-15 20:03:19.469786
sz.300476,2021-12-23,2021-12-30,0.25341796875,2025-12-15 20:03:19.469786
sz.300476,2021-12-24,2021-12-31,0.1536865234375,2025-12-15 20:03:19.469786
sz.300476,2021-12-27,2022-01-03,0.144775390625,2025-12-15 20:03:19.469786
sz.300476,2021-12-28,2022-01-04,0.152587890625,2025-12-15 20:03:19.469786
sz.300476,2021-12-29,2022-01-05,0.1629638671875,2025-12-15 20:03:19.469786
sz.300476,2021-12-30,2022-01-06,0.14892578125,2025-12-15 20:03:19.469786
sz.300476,2021-12-31,2022-01-07,0.1993408203125,2025-12-15 20:03:19.469786
sz.300476,2022-01-04,2022-01-11,0.2119140625,2025-12-15 20:03:19.469786
sz.300476,2022-01-05,2022-01-12,0.146484375,2025-12-15 20:03:19.469786
sz.300476,2022-01-06,2022-01-13,0.1700439453125,2025-12-15 20:03:19.469786
sz.300476,2022-01-07,2022-01-14,0.137451171875,2025-12-15 20:03:19.469786
sz.300476,2022-01-10,2022-01-17,0.1376953125,2025-12-15 20:03:19.469786
sz.300476,2022-01-11,2022-01-18,0.15283203125,2025-12-15 20:03:19.469786
sz.300476,2022-01-12,2022-01-19,0.145751953125,2025-12-15 20:03:19.469786
sz.300476,2022-01-13,2022-01-20,0.147705078125,2025-12-15 20:03:19.469786
sz.300476,2022-01-14,2022-01-21,0.1455078125,2025-12-15 20:03:19.469786
sz.300476,2022-01-17,2022-01-24,0.279052734375,2025-12-15 20:03:19.469786
sz.300476,2022-01-18,2022-01-25,0.197021484375,2025-12-15 20:03:19.469786
sz.300476,2022-01-19,2022-01-26,0.1407470703125,2025-12-15 20:03:19.469786
sz.300476,2022-01-20,2022-01-27,0.154296875,2025-12-15 20:03:19.469786
sz.300476,2022-01-21,2022-01-28,0.1591796875,2025-12-15 20:03:19.469786
sz.300476,2022-01-24,2022-01-31,0.1627197265625,2025-12-15 20:03:19.469786
sz.300476,2022-01-25,2022-02-01,0.1441650390625,2025-12-15 20:03:19.469786
sz.300476,2022-01-26,2022-02-02,0.1644287109375,2025-12-15 20:03:19.469786
sz.300476,2022-01-27,2022-02-03,0.13623046875,2025-12-15 20:03:19.469786
sz.300476,2022-01-28,2022-02-04,0.149658203125,2025-12-15 20:03:19.469786
sz.300476,2022-02-07,2022-02-14,0.11163330078125,2025-12-15 20:03:19.469786
sz.300476,2022-02-08,2022-02-15,0.143310546875,2025-12-15 20:03:19.469786
sz.300476,2022-02-09,2022-02-16,0.14599609375,2025-12-15 20:03:19.469786
sz.300476,2022-02-10,2022-02-17,0.08990478515625,2025-12-15 20:03:19.469786
sz.300476,2022-02-11,2022-02-18,0.1605224609375,2025-12-15 20:03:19.469786
sz.300476,2022-02-14,2022-02-21,0.1519775390625,2025-12-15 20:03:19.469786
sz.300476,2022-02-15,2022-02-22,0.08343505859375,2025-12-15 20:03:19.469786
sz.300476,2022-02-16,2022-02-23,0.2418212890625,2025-12-15 20:03:19.469786
sz.300476,2022-02-17,2022-02-24,0.2347412109375,2025-12-15 20:03:19.469786
sz.300476,2022-02-18,2022-02-25,0.31396484375,2025-12-15 20:03:19.469786
sz.300476,2022-02-21,2022-02-28,0.2734375,2025-12-15 20:03:19.469786
sz.300476,2022-02-22,2022-03-01,0.28076171875,2025-12-15 20:03:19.469786
sz.300476,2022-02-23,2022-03-02,0.30712890625,2025-12-15 20:03:19.469786
sz.300476,2022-02-24,2022-03-03,0.220703125,2025-12-15 20:03:19.469786
sz.300476,2022-02-25,2022-03-04,0.26123046875,2025-12-15 20:03:19.469786
sz.300476,2022-02-28,2022-03-07,0.307373046875,2025-12-15 20:03:19.469786
sz.300476,2022-03-01,2022-03-08,0.3134765625,2025-12-15 20:03:19.469786
sz.300476,2022-03-02,2022-03-09,0.2587890625,2025-12-15 20:03:19.469786
sz.300476,2022-03-03,2022-03-10,0.217041015625,2025-12-15 20:03:19.469786
sz.300476,2022-03-04,2022-03-11,0.266357421875,2025-12-15 20:03:19.469786
sz.300476,2022-03-07,2022-03-14,0.16748046875,2025-12-15 20:03:19.469786
sz.300476,2022-03-08,2022-03-15,0.2069091796875,2025-12-15 20:03:19.469786
sz.300476,2022-03-09,2022-03-16,0.177001953125,2025-12-15 20:03:19.469786
sz.300476,2022-03-10,2022-03-17,0.26513671875,2025-12-15 20:03:19.469786
sz.300476,2022-03-11,2022-03-18,0.308349609375,2025-12-15 20:03:19.469786
sz.300476,2022-03-14,2022-03-21,0.1756591796875,2025-12-15 20:03:19.469786
sz.300476,2022-03-15,2022-03-22,0.1650390625,2025-12-15 20:03:19.469786
sz.300476,2022-03-16,2022-03-23,0.2083740234375,2025-12-15 20:03:19.469786
sz.300476,2022-03-17,2022-03-24,0.271484375,2025-12-15 20:03:19.469786
sz.300476,2022-03-18,2022-03-25,0.31591796875,2025-12-15 20:03:19.469786
sz.300476,2022-03-21,2022-03-28,0.25732421875,2025-12-15 20:03:19.469786
sz.300476,2022-03-22,2022-03-29,0.2393798828125,2025-12-15 20:03:19.469786
sz.300476,2022-03-23,2022-03-30,0.258544921875,2025-12-15 20:03:19.469786
sz.300476,2022-03-24,2022-03-31,0.2210693359375,2025-12-15 20:03:19.469786
sz.300476,2022-03-25,2022-04-01,0.1597900390625,2025-12-15 20:03:19.469786
sz.300476,2022-03-28,2022-04-04,0.1864013671875,2025-12-15 20:03:19.469786
sz.300476,2022-03-29,2022-04-05,0.184814453125,2025-12-15 20:03:19.469786
sz.300476,2022-03-30,2022-04-06,0.330322265625,2025-12-15 20:03:19.469786
sz.300476,2022-03-31,2022-04-07,0.1851806640625,2025-12-15 20:03:19.469786
sz.300476,2022-04-01,2022-04-08,0.298828125,2025-12-15 20:03:19.469786
sz.300476,2022-04-06,2022-04-13,0.206298828125,2025-12-15 20:03:19.469786
sz.300476,2022-04-07,2022-04-14,0.1676025390625,2025-12-15 20:03:19.469786
sz.300476,2022-04-08,2022-04-15,0.157470703125,2025-12-15 20:03:19.469786
sz.300476,2022-04-11,2022-04-18,0.137451171875,2025-12-15 20:03:19.469786
sz.300476,2022-04-12,2022-04-19,0.183349609375,2025-12-15 20:03:19.469786
sz.300476,2022-04-13,2022-04-20,0.14599609375,2025-12-15 20:03:19.469786
sz.300476,2022-04-14,2022-04-21,0.150146484375,2025-12-15 20:03:19.469786
sz.300476,2022-04-15,2022-04-22,0.1939697265625,2025-12-15 20:03:19.469786
sz.300476,2022-04-18,2022-04-25,0.1689453125,2025-12-15 20:03:19.469786
sz.300476,2022-04-19,2022-04-26,0.1822509765625,2025-12-15 20:03:19.469786
sz.300476,2022-04-20,2022-04-27,0.1800537109375,2025-12-15 20:03:19.469786
sz.300476,2022-04-21,2022-04-28,0.1307373046875,2025-12-15 20:03:19.469786
sz.300476,2022-04-22,2022-04-29,0.1458740234375,2025-12-15 20:03:19.469786
sz.300476,2022-04-25,2022-05-02,0.1290283203125,2025-12-15 20:03:19.469786
sz.300476,2022-04-26,2022-05-03,0.1300048828125,2025-12-15 20:03:19.469786
sz.300476,2022-04-27,2022-05-04,0.1131591796875,2025-12-15 20:03:19.469786
sz.300476,2022-04-28,2022-05-05,0.1298828125,2025-12-15 20:03:19.469786
sz.300476,2022-04-29,2022-05-06,0.08990478515625,2025-12-15 20:03:19.469786
sz.300476,2022-05-05,2022-05-12,0.1483154296875,2025-12-15 20:03:19.469786
sz.300476,2022-05-06,2022-05-13,0.1669921875,2025-12-15 20:03:19.469786
sz.300476,2022-05-09,2022-05-16,0.1842041015625,2025-12-15 20:03:19.469786
sz.300476,2022-05-10,2022-05-17,0.155517578125,2025-12-15 20:03:19.469786
sz.300476,2022-05-11,2022-05-18,0.10540771484375,2025-12-15 20:03:19.469786
sz.300476,2022-05-12,2022-05-19,0.352783203125,2025-12-15 20:03:19.469786
sz.300476,2022-05-13,2022-05-20,0.1669921875,2025-12-15 20:03:19.469786
sz.300476,2022-05-16,2022-05-23,0.14453125,2025-12-15 20:03:19.469786
sz.300476,2022-05-17,2022-05-24,0.2115478515625,2025-12-15 20:03:19.469786
sz.300476,2022-05-18,2022-05-25,0.184326171875,2025-12-15 20:03:19.469786
sz.300476,2022-05-19,2022-05-26,0.15869140625,2025-12-15 20:03:19.469786
sz.300476,2022-05-20,2022-05-27,0.16064453125,2025-12-15 20:03:19.469786
sz.300476,2022-05-23,2022-05-30,0.157470703125,2025-12-15 20:03:19.469786
sz.300476,2022-05-24,2022-05-31,0.138671875,2025-12-15 20:03:19.469786
sz.300476,2022-05-25,2022-06-01,0.2259521484375,2025-12-15 20:03:19.469786
sz.300476,2022-05-26,2022-06-02,0.17138671875,2025-12-15 20:03:19.469786
sz.300476,2022-05-27,2022-06-03,0.156005859375,2025-12-15 20:03:19.469786
sz.300476,2022-05-30,2022-06-06,0.1563720703125,2025-12-15 20:03:19.469786
sz.300476,2022-05-31,2022-06-07,0.10321044921875,2025-12-15 20:03:19.469786
sz.300476,2022-06-01,2022-06-08,0.177490234375,2025-12-15 20:03:19.469786
sz.300476,2022-06-02,2022-06-09,0.1171875,2025-12-15 20:03:19.469786
sz.300476,2022-06-06,2022-06-13,0.12213134765625,2025-12-15 20:03:19.469786
sz.300476,2022-06-07,2022-06-14,0.1533203125,2025-12-15 20:03:19.469786
sz.300476,2022-06-08,2022-06-15,0.1468505859375,2025-12-15 20:03:19.469786
sz.300476,2022-06-09,2022-06-16,0.1685791015625,2025-12-15 20:03:19.469786
sz.300476,2022-06-10,2022-06-17,0.1385498046875,2025-12-15 20:03:19.469786
sz.300476,2022-06-13,2022-06-20,0.140869140625,2025-12-15 20:03:19.469786
sz.300476,2022-06-14,2022-06-21,0.16015625,2025-12-15 20:03:19.469786
sz.300476,2022-06-15,2022-06-22,0.1474609375,2025-12-15 20:03:19.469786
sz.300476,2022-06-16,2022-06-23,0.1597900390625,2025-12-15 20:03:19.469786
sz.300476,2022-06-17,2022-06-24,0.1805419921875,2025-12-15 20:03:19.469786
sz.300476,2022-06-20,2022-06-27,0.135986328125,2025-12-15 20:03:19.469786
sz.300476,2022-06-21,2022-06-28,0.173828125,2025-12-15 20:03:19.469786
sz.300476,2022-06-22,2022-06-29,0.1488037109375,2025-12-15 20:03:19.469786
sz.300476,2022-06-23,2022-06-30,0.1395263671875,2025-12-15 20:03:19.469786
sz.300476,2022-06-24,2022-07-01,0.0843505859375,2025-12-15 20:03:19.469786
sz.300476,2022-06-27,2022-07-04,0.1346435546875,2025-12-15 20:03:19.469786
sz.300476,2022-06-28,2022-07-05,0.1744384765625,2025-12-15 20:03:19.469786
sz.300476,2022-06-29,2022-07-06,0.1435546875,2025-12-15 20:03:19.469786
sz.300476,2022-06-30,2022-07-07,0.14794921875,2025-12-15 20:03:19.469786
sz.300476,2022-07-01,2022-07-08,0.1353759765625,2025-12-15 20:03:19.469786
sz.300476,2022-07-04,2022-07-11,0.152099609375,2025-12-15 20:03:19.469786
sz.300476,2022-07-05,2022-07-12,0.13623046875,2025-12-15 20:03:19.469786
sz.300476,2022-07-06,2022-07-13,0.1630859375,2025-12-15 20:03:19.469786
sz.300476,2022-07-07,2022-07-14,0.2099609375,2025-12-15 20:03:19.469786
sz.300476,2022-07-08,2022-07-15,0.191650390625,2025-12-15 20:03:19.469786
sz.300476,2022-07-11,2022-07-18,0.162353515625,2025-12-15 20:03:19.469786
sz.300476,2022-07-12,2022-07-19,0.19287109375,2025-12-15 20:03:19.469786
sz.300476,2022-07-13,2022-07-20,0.272216796875,2025-12-15 20:03:19.469786
sz.300476,2022-07-14,2022-07-21,0.356201171875,2025-12-15 20:03:19.469786
sz.300476,2022-07-15,2022-07-22,0.265869140625,2025-12-15 20:03:19.469786
sz.300476,2022-07-18,2022-07-25,0.33056640625,2025-12-15 20:03:19.469786
sz.300476,2022-07-19,2022-07-26,0.3515625,2025-12-15 20:03:19.469786
sz.300476,2022-07-20,2022-07-27,0.279541015625,2025-12-15 20:03:19.469786
sz.300476,2022-07-21,2022-07-28,0.2210693359375,2025-12-15 20:03:19.469786
sz.300476,2022-07-22,2022-07-29,0.2406005859375,2025-12-15 20:03:19.469786
sz.300476,2022-07-25,2022-08-01,0.10894775390625,2025-12-15 20:03:19.469786
sz.300476,2022-07-26,2022-08-02,0.17041015625,2025-12-15 20:03:19.469786
sz.300476,2022-07-27,2022-08-03,0.2109375,2025-12-15 20:03:19.469786
sz.300476,2022-07-28,2022-08-04,0.1143798828125,2025-12-15 20:03:19.469786
sz.300476,2022-07-29,2022-08-05,0.17822265625,2025-12-15 20:03:19.469786
sz.300476,2022-08-01,2022-08-08,0.1319580078125,2025-12-15 20:03:19.469786
sz.300476,2022-08-02,2022-08-09,0.14404296875,2025-12-15 20:03:19.469786
sz.300476,2022-08-03,2022-08-10,0.134521484375,2025-12-15 20:03:19.469786
sz.300476,2022-08-04,2022-08-11,0.1678466796875,2025-12-15 20:03:19.469786
sz.300476,2022-08-05,2022-08-12,0.1658935546875,2025-12-15 20:03:19.469786
sz.300476,2022-08-08,2022-08-15,0.1634521484375,2025-12-15 20:03:19.469786
sz.300476,2022-08-09,2022-08-16,0.1724853515625,2025-12-15 20:03:19.469786
sz.300476,2022-08-10,2022-08-17,0.175537109375,2025-12-15 20:03:19.469786
sz.300476,2022-08-11,2022-08-18,0.140869140625,2025-12-15 20:03:19.469786
sz.300476,2022-08-12,2022-08-19,0.163330078125,2025-12-15 20:03:19.469786
sz.300476,2022-08-15,2022-08-22,0.2078857421875,2025-12-15 20:03:19.469786
sz.300476,2022-08-16,2022-08-23,0.20947265625,2025-12-15 20:03:19.469786
sz.300476,2022-08-17,2022-08-24,0.1689453125,2025-12-15 20:03:19.469786
sz.300476,2022-08-18,2022-08-25,0.1973876953125,2025-12-15 20:03:19.469786
sz.300476,2022-08-19,2022-08-26,0.1402587890625,2025-12-15 20:03:19.469786
sz.300476,2022-08-22,2022-08-29,0.09686279296875,2025-12-15 20:03:19.469786
sz.300476,2022-08-23,2022-08-30,0.171142578125,2025-12-15 20:03:19.469786
sz.300476,2022-08-24,2022-08-31,0.14404296875,2025-12-15 20:03:19.469786
sz.300476,2022-08-25,2022-09-01,0.14111328125,2025-12-15 20:03:19.469786
sz.300476,2022-08-26,2022-09-02,0.1346435546875,2025-12-15 20:03:19.469786
sz.300476,2022-08-29,2022-09-05,0.2325439453125,2025-12-15 20:03:19.469786
sz.300476,2022-08-30,2022-09-06,0.204345703125,2025-12-15 20:03:19.469786
sz.300476,2022-08-31,2022-09-07,0.1014404296875,2025-12-15 20:03:19.469786
sz.300476,2022-09-01,2022-09-08,0.1458740234375,2025-12-15 20:03:19.469786
sz.300476,2022-09-02,2022-09-09,0.1883544921875,2025-12-15 20:03:19.469786
sz.300476,2022-09-05,2022-09-12,0.1470947265625,2025-12-15 20:03:19.469786
sz.300476,2022-09-06,2022-09-13,0.1943359375,2025-12-15 20:03:19.469786
sz.300476,2022-09-07,2022-09-14,0.137939453125,2025-12-15 20:03:19.469786
sz.300476,2022-09-08,2022-09-15,0.1468505859375,2025-12-15 20:03:19.469786
sz.300476,2022-09-09,2022-09-16,0.194580078125,2025-12-15 20:03:19.469786
sz.300476,2022-09-13,2022-09-20,0.138916015625,2025-12-15 20:03:19.469786
sz.300476,2022-09-14,2022-09-21,0.161376953125,2025-12-15 20:03:19.469786
sz.300476,2022-09-15,2022-09-22,0.1396484375,2025-12-15 20:03:19.469786
sz.300476,2022-09-16,2022-09-23,0.1453857421875,2025-12-15 20:03:19.469786
sz.300476,2022-09-19,2022-09-26,0.1331787109375,2025-12-15 20:03:19.469786
sz.300476,2022-09-20,2022-09-27,0.1512451171875,2025-12-15 20:03:19.469786
sz.300476,2022-09-21,2022-09-28,0.12176513671875,2025-12-15 20:03:19.469786
sz.300476,2022-09-22,2022-09-29,0.11968994140625,2025-12-15 20:03:19.469786
sz.300476,2022-09-23,2022-09-30,0.1329345703125,2025-12-15 20:03:19.469786
sz.300476,2022-09-26,2022-10-03,0.1312255859375,2025-12-15 20:03:19.469786
sz.300476,2022-09-27,2022-10-04,0.4521484375,2025-12-15 20:03:19.469786
sz.300476,2022-09-28,2022-10-05,0.1357421875,2025-12-15 20:03:19.469786
sz.300476,2022-09-29,2022-10-06,0.1312255859375,2025-12-15 20:03:19.469786
sz.300476,2022-09-30,2022-10-07,0.13671875,2025-12-15 20:03:19.469786
sz.300476,2022-10-10,2022-10-17,0.145263671875,2025-12-15 20:03:19.469786
sz.300476,2022-10-11,2022-10-18,0.229248046875,2025-12-15 20:03:19.469786
sz.300476,2022-10-12,2022-10-19,0.2318115234375,2025-12-15 20:03:19.469786
sz.300476,2022-10-13,2022-10-20,0.1427001953125,2025-12-15 20:03:19.469786
sz.300476,2022-10-14,2022-10-21,0.123779296875,2025-12-15 20:03:19.469786
sz.300476,2022-10-17,2022-10-24,0.130126953125,2025-12-15 20:03:19.469786
sz.300476,2022-10-18,2022-10-25,0.15283203125,2025-12-15 20:03:19.469786
sz.300476,2022-10-19,2022-10-26,0.1318359375,2025-12-15 20:03:19.469786
sz.300476,2022-10-20,2022-10-27,0.08599853515625,2025-12-15 20:03:19.469786
sz.300476,2022-10-21,2022-10-28,0.1414794921875,2025-12-15 20:03:19.469786
sz.300476,2022-10-24,2022-10-31,0.1177978515625,2025-12-15 20:03:19.469786
sz.300476,2022-10-25,2022-11-01,0.1055908203125,2025-12-15 20:03:19.469786
sz.300476,2022-10-26,2022-11-02,0.07275390625,2025-12-15 20:03:19.469786
sz.300476,2022-10-27,2022-11-03,0.0709228515625,2025-12-15 20:03:19.469786
sz.300476,2022-10-28,2022-11-04,0.12890625,2025-12-15 20:03:19.469786
sz.300476,2022-10-31,2022-11-07,0.083740234375,2025-12-15 20:03:19.469786
sz.300476,2022-11-01,2022-11-08,0.115966796875,2025-12-15 20:03:19.469786
sz.300476,2022-11-02,2022-11-09,0.136962890625,2025-12-15 20:03:19.469786
sz.300476,2022-11-03,2022-11-10,0.1285400390625,2025-12-15 20:03:19.469786
sz.300476,2022-11-04,2022-11-11,0.1273193359375,2025-12-15 20:03:19.469786
sz.300476,2022-11-07,2022-11-14,0.10858154296875,2025-12-15 20:03:19.469786
sz.300476,2022-11-08,2022-11-15,0.136474609375,2025-12-15 20:03:19.469786
sz.300476,2022-11-09,2022-11-16,0.1494140625,2025-12-15 20:03:19.469786
sz.300476,2022-11-10,2022-11-17,0.1268310546875,2025-12-15 20:03:19.469786
sz.300476,2022-11-11,2022-11-18,0.1480712890625,2025-12-15 20:03:19.469786
sz.300476,2022-11-14,2022-11-21,0.1307373046875,2025-12-15 20:03:19.469786
sz.300476,2022-11-15,2022-11-22,0.294921875,2025-12-15 20:03:19.469786
sz.300476,2022-11-16,2022-11-23,0.138427734375,2025-12-15 20:03:19.469786
sz.300476,2022-11-17,2022-11-24,0.2012939453125,2025-12-15 20:03:19.469786
sz.300476,2022-11-18,2022-11-25,0.138427734375,2025-12-15 20:03:19.469786
sz.300476,2022-11-21,2022-11-28,0.1298828125,2025-12-15 20:03:19.469786
sz.300476,2022-11-22,2022-11-29,0.08819580078125,2025-12-15 20:03:19.469786
sz.300476,2022-11-23,2022-11-30,0.1373291015625,2025-12-15 20:03:19.469786
sz.300476,2022-11-24,2022-12-01,0.152587890625,2025-12-15 20:03:19.469786
sz.300476,2022-11-25,2022-12-02,0.1251220703125,2025-12-15 20:03:19.469786
sz.300476,2022-11-28,2022-12-05,0.1387939453125,2025-12-15 20:03:19.469786
sz.300476,2022-11-29,2022-12-06,0.09771728515625,2025-12-15 20:03:19.469786
sz.300476,2022-11-30,2022-12-07,0.160888671875,2025-12-15 20:03:19.469786
sz.300476,2022-12-01,2022-12-08,0.126953125,2025-12-15 20:03:19.469786
sz.300476,2022-12-02,2022-12-09,0.1312255859375,2025-12-15 20:03:19.469786
sz.300476,2022-12-05,2022-12-12,0.10760498046875,2025-12-15 20:03:19.469786
sz.300476,2022-12-06,2022-12-13,0.36572265625,2025-12-15 20:03:19.469786
sz.300476,2022-12-07,2022-12-14,0.1466064453125,2025-12-15 20:03:19.469786
sz.300476,2022-12-08,2022-12-15,0.1478271484375,2025-12-15 20:03:19.469786
sz.300476,2022-12-09,2022-12-16,0.142578125,2025-12-15 20:03:19.469786
sz.300476,2022-12-12,2022-12-19,0.08154296875,2025-12-15 20:03:19.469786
sz.300476,2022-12-13,2022-12-20,0.138671875,2025-12-15 20:03:19.469786
sz.300476,2022-12-14,2022-12-21,0.13037109375,2025-12-15 20:03:19.469786
sz.300476,2022-12-15,2022-12-22,0.08660888671875,2025-12-15 20:03:19.469786
sz.300476,2022-12-16,2022-12-23,0.1416015625,2025-12-15 20:03:19.469786
sz.300476,2022-12-19,2022-12-26,0.1370849609375,2025-12-15 20:03:19.469786
sz.300476,2022-12-20,2022-12-27,0.1484375,2025-12-15 20:03:19.469786
sz.300476,2022-12-21,2022-12-28,0.1455078125,2025-12-15 20:03:19.469786
sz.300476,2022-12-22,2022-12-29,0.1707763671875,2025-12-15 20:03:19.469786
sz.300476,2022-12-23,2022-12-30,0.292724609375,2025-12-15 20:03:19.469786
sz.300476,2022-12-26,2023-01-02,0.276611328125,2025-12-15 20:03:19.469786
sz.300476,2022-12-27,2023-01-03,0.2039794921875,2025-12-15 20:03:19.469786
sz.300476,2022-12-28,2023-01-04,0.2216796875,2025-12-15 20:03:19.469786
sz.300476,2022-12-29,2023-01-05,0.302490234375,2025-12-15 20:03:19.469786
sz.300476,2022-12-30,2023-01-06,0.273681640625,2025-12-15 20:03:19.469786
sz.300476,2023-01-03,2023-01-10,0.1947021484375,2025-12-15 20:03:19.469786
sz.300476,2023-01-04,2023-01-11,0.1624755859375,2025-12-15 20:03:19.469786
sz.300476,2023-01-05,2023-01-12,0.2548828125,2025-12-15 20:03:19.469786
sz.300476,2023-01-06,2023-01-13,0.17919921875,2025-12-15 20:03:19.469786
sz.300476,2023-01-09,2023-01-16,0.1964111328125,2025-12-15 20:03:19.469786
sz.300476,2023-01-10,2023-01-17,0.1783447265625,2025-12-15 20:03:19.469786
sz.300476,2023-01-11,2023-01-18,0.1640625,2025-12-15 20:03:19.469786
sz.300476,2023-01-12,2023-01-19,0.191650390625,2025-12-15 20:03:19.469786
sz.300476,2023-01-13,2023-01-20,0.205810546875,2025-12-15 20:03:19.469786
sz.300476,2023-01-16,2023-01-23,0.140380859375,2025-12-15 20:03:19.469786
sz.300476,2023-01-17,2023-01-24,0.11859130859375,2025-12-15 20:03:19.469786
sz.300476,2023-01-18,2023-01-25,0.1993408203125,2025-12-15 20:03:19.469786
sz.300476,2023-01-19,2023-01-26,0.23828125,2025-12-15 20:03:19.469786
sz.300476,2023-01-20,2023-01-27,0.171630859375,2025-12-15 20:03:19.469786
sz.300476,2023-01-30,2023-02-06,0.1134033203125,2025-12-15 20:03:19.469786
sz.300476,2023-01-31,2023-02-07,0.1771240234375,2025-12-15 20:03:19.469786
sz.300476,2023-02-01,2023-02-08,0.1822509765625,2025-12-15 20:03:19.469786
sz.300476,2023-02-02,2023-02-09,0.12841796875,2025-12-15 20:03:19.469786
sz.300476,2023-02-03,2023-02-10,0.3505859375,2025-12-15 20:03:19.469786
sz.300476,2023-02-06,2023-02-13,0.2303466796875,2025-12-15 20:03:19.469786
sz.300476,2023-02-07,2023-02-14,0.10302734375,2025-12-15 20:03:19.469786
sz.300476,2023-02-08,2023-02-15,0.140869140625,2025-12-15 20:03:19.469786
sz.300476,2023-02-09,2023-02-16,0.16357421875,2025-12-15 20:03:19.469786
sz.300476,2023-02-10,2023-02-17,0.15185546875,2025-12-15 20:03:19.469786
sz.300476,2023-02-13,2023-02-20,0.242919921875,2025-12-15 20:03:19.469786
sz.300476,2023-02-14,2023-02-21,0.148681640625,2025-12-15 20:03:19.469786
sz.300476,2023-02-15,2023-02-22,0.2005615234375,2025-12-15 20:03:19.469786
sz.300476,2023-02-16,2023-02-23,0.148681640625,2025-12-15 20:03:19.469786
sz.300476,2023-02-17,2023-02-24,0.157958984375,2025-12-15 20:03:19.469786
sz.300476,2023-02-20,2023-02-27,0.20166015625,2025-12-15 20:03:19.469786
sz.300476,2023-02-21,2023-02-28,0.1749267578125,2025-12-15 20:03:19.469786
sz.300476,2023-02-22,2023-03-01,0.22021484375,2025-12-15 20:03:19.469786
sz.300476,2023-02-23,2023-03-02,0.1356201171875,2025-12-15 20:03:19.469786
sz.300476,2023-02-24,2023-03-03,0.20751953125,2025-12-15 20:03:19.469786
sz.300476,2023-02-27,2023-03-06,0.1351318359375,2025-12-15 20:03:19.469786
sz.300476,2023-02-28,2023-03-07,0.236328125,2025-12-15 20:03:19.469786
sz.300476,2023-03-01,2023-03-08,0.1942138671875,2025-12-15 20:03:19.469786
sz.300476,2023-03-02,2023-03-09,0.195556640625,2025-12-15 20:03:19.469786
sz.300476,2023-03-03,2023-03-10,0.275634765625,2025-12-15 20:03:19.469786
sz.300476,2023-03-06,2023-03-13,0.1951904296875,2025-12-15 20:03:19.469786
sz.300476,2023-03-07,2023-03-14,0.1859130859375,2025-12-15 20:03:19.469786
sz.300476,2023-03-08,2023-03-15,0.38525390625,2025-12-15 20:03:19.469786
sz.300476,2023-03-09,2023-03-16,0.311279296875,2025-12-15 20:03:19.469786
sz.300476,2023-03-10,2023-03-17,0.276123046875,2025-12-15 20:03:19.469786
sz.300476,2023-03-13,2023-03-20,0.409423828125,2025-12-15 20:03:19.469786
sz.300476,2023-03-14,2023-03-21,0.287109375,2025-12-15 20:03:19.469786
sz.300476,2023-03-15,2023-03-22,0.36767578125,2025-12-15 20:03:19.469786
sz.300476,2023-03-16,2023-03-23,0.42578125,2025-12-15 20:03:19.469786
sz.300476,2023-03-17,2023-03-24,0.383544921875,2025-12-15 20:03:19.469786
sz.300476,2023-03-20,2023-03-27,0.359130859375,2025-12-15 20:03:19.469786
sz.300476,2023-03-21,2023-03-28,0.2127685546875,2025-12-15 20:03:19.469786
sz.300476,2023-03-22,2023-03-29,0.09332275390625,2025-12-15 20:03:19.469786
sz.300476,2023-03-23,2023-03-30,0.303955078125,2025-12-15 20:03:19.469786
sz.300476,2023-03-24,2023-03-31,0.125732421875,2025-12-15 20:03:19.469786
sz.300476,2023-03-27,2023-04-03,0.08404541015625,2025-12-15 20:03:19.469786
sz.300476,2023-03-28,2023-04-04,0.133056640625,2025-12-15 20:03:19.469786
sz.300476,2023-03-29,2023-04-05,0.1324462890625,2025-12-15 20:03:19.469786
sz.300476,2023-03-30,2023-04-06,0.1395263671875,2025-12-15 20:03:19.469786
sz.300476,2023-03-31,2023-04-07,0.2021484375,2025-12-15 20:03:19.469786
sz.300476,2023-04-03,2023-04-10,0.14892578125,2025-12-15 20:03:19.469786
sz.300476,2023-04-04,2023-04-11,0.11279296875,2025-12-15 20:03:19.469786
sz.300476,2023-04-06,2023-04-13,0.309326171875,2025-12-15 20:03:19.469786
sz.300476,2023-04-07,2023-04-14,0.1339111328125,2025-12-15 20:03:19.469786
sz.300476,2023-04-10,2023-04-17,0.1175537109375,2025-12-15 20:03:19.469786
sz.300476,2023-04-11,2023-04-18,0.11083984375,2025-12-15 20:03:19.469786
sz.300476,2023-04-12,2023-04-19,0.0751953125,2025-12-15 20:03:19.469786
sz.300476,2023-04-13,2023-04-20,0.1314697265625,2025-12-15 20:03:19.469786
sz.300476,2023-04-14,2023-04-21,0.10089111328125,2025-12-15 20:03:19.469786
sz.300476,2023-04-17,2023-04-24,0.1383056640625,2025-12-15 20:03:19.469786
sz.300476,2023-04-18,2023-04-25,0.0809326171875,2025-12-15 20:03:19.469786
sz.300476,2023-04-19,2023-04-26,0.076416015625,2025-12-15 20:03:19.469786
sz.300476,2023-04-20,2023-04-27,0.09039306640625,2025-12-15 20:03:19.469786
sz.300476,2023-04-21,2023-04-28,0.131591796875,2025-12-15 20:03:19.469786
sz.300476,2023-04-24,2023-05-01,0.07806396484375,2025-12-15 20:03:19.469786
sz.300476,2023-04-25,2023-05-02,0.1309814453125,2025-12-15 20:03:19.469786
sz.300476,2023-04-26,2023-05-03,0.129638671875,2025-12-15 20:03:19.469786
sz.300476,2023-04-27,2023-05-04,0.1348876953125,2025-12-15 20:03:19.469786
sz.300476,2023-04-28,2023-05-05,0.2069091796875,2025-12-15 20:03:19.469786
sz.300476,2023-05-04,2023-05-11,0.154296875,2025-12-15 20:03:19.469786
sz.300476,2023-05-05,2023-05-12,0.1876220703125,2025-12-15 20:03:19.469786
sz.300476,2023-05-08,2023-05-15,0.328125,2025-12-15 20:03:19.469786
sz.300476,2023-05-09,2023-05-16,0.15771484375,2025-12-15 20:03:19.469786
sz.300476,2023-05-10,2023-05-17,0.247802734375,2025-12-15 20:03:19.469786
sz.300476,2023-05-11,2023-05-18,0.343994140625,2025-12-15 20:03:19.469786
sz.300476,2023-05-12,2023-05-19,0.263916015625,2025-12-15 20:03:19.469786
sz.300476,2023-05-15,2023-05-22,0.44580078125,2025-12-15 20:03:19.469786
sz.300476,2023-05-16,2023-05-23,0.39208984375,2025-12-15 20:03:19.469786
sz.300476,2023-05-17,2023-05-24,0.48828125,2025-12-15 20:03:19.469786
sz.300476,2023-05-18,2023-05-25,0.204833984375,2025-12-15 20:03:19.469786
sz.300476,2023-05-19,2023-05-26,0.1593017578125,2025-12-15 20:03:19.469786
sz.300476,2023-05-22,2023-05-29,0.09075927734375,2025-12-15 20:03:19.469786
sz.300476,2023-05-23,2023-05-30,0.07977294921875,2025-12-15 20:03:19.469786
sz.300476,2023-05-24,2023-05-31,0.07977294921875,2025-12-15 20:03:19.469786
sz.300476,2023-05-25,2023-06-01,0.1239013671875,2025-12-15 20:03:19.469786
sz.300476,2023-05-26,2023-06-02,0.320068359375,2025-12-15 20:03:19.469786
sz.300476,2023-05-29,2023-06-05,0.09967041015625,2025-12-15 20:03:19.469786
sz.300476,2023-05-30,2023-06-06,0.2139892578125,2025-12-15 20:03:19.469786
sz.300476,2023-05-31,2023-06-07,0.143310546875,2025-12-15 20:03:19.469786
sz.300476,2023-06-01,2023-06-08,0.1949462890625,2025-12-15 20:03:19.469786
sz.300476,2023-06-02,2023-06-09,0.14013671875,2025-12-15 20:03:19.469786
sz.300476,2023-06-05,2023-06-12,0.1505126953125,2025-12-15 20:03:19.469786
sz.300476,2023-06-06,2023-06-13,0.1336669921875,2025-12-15 20:03:19.469786
sz.300476,2023-06-07,2023-06-14,0.1553955078125,2025-12-15 20:03:19.469786
sz.300476,2023-06-08,2023-06-15,0.1512451171875,2025-12-15 20:03:19.469786
sz.300476,2023-06-09,2023-06-16,0.208984375,2025-12-15 20:03:19.469786
sz.300476,2023-06-12,2023-06-19,0.1217041015625,2025-12-15 20:03:19.469786
sz.300476,2023-06-13,2023-06-20,0.1781005859375,2025-12-15 20:03:19.469786
sz.300476,2023-06-14,2023-06-21,0.1688232421875,2025-12-15 20:03:19.469786
sz.300476,2023-06-15,2023-06-22,0.1373291015625,2025-12-15 20:03:19.469786
sz.300476,2023-06-16,2023-06-23,0.21044921875,2025-12-15 20:03:19.469786
sz.300476,2023-06-19,2023-06-26,0.2374267578125,2025-12-15 20:03:19.469786
sz.300476,2023-06-20,2023-06-27,0.195556640625,2025-12-15 20:03:19.469786
sz.300476,2023-06-21,2023-06-28,0.149169921875,2025-12-15 20:03:19.469786
sz.300476,2023-06-26,2023-07-03,0.1351318359375,2025-12-15 20:03:19.469786
sz.300476,2023-06-27,2023-07-04,0.157470703125,2025-12-15 20:03:19.469786
sz.300476,2023-06-28,2023-07-05,0.14404296875,2025-12-15 20:03:19.469786
sz.300476,2023-06-29,2023-07-06,0.1783447265625,2025-12-15 20:03:19.469786
sz.300476,2023-06-30,2023-07-07,0.1802978515625,2025-12-15 20:03:19.469786
sz.300476,2023-07-03,2023-07-10,0.1478271484375,2025-12-15 20:03:19.469786
sz.300476,2023-07-04,2023-07-11,0.1497802734375,2025-12-15 20:03:19.469786
sz.300476,2023-07-05,2023-07-12,0.11968994140625,2025-12-15 20:03:19.469786
sz.300476,2023-07-06,2023-07-13,0.1729736328125,2025-12-15 20:03:19.469786
sz.300476,2023-07-07,2023-07-14,0.1451416015625,2025-12-15 20:03:19.469786
sz.300476,2023-07-10,2023-07-17,0.142822265625,2025-12-15 20:03:19.469786
sz.300476,2023-07-11,2023-07-18,0.1688232421875,2025-12-15 20:03:19.469786
sz.300476,2023-07-12,2023-07-19,0.1396484375,2025-12-15 20:03:19.469786
sz.300476,2023-07-13,2023-07-20,0.1876220703125,2025-12-15 20:03:19.469786
sz.300476,2023-07-14,2023-07-21,0.2230224609375,2025-12-15 20:03:19.469786
sz.300476,2023-07-17,2023-07-24,0.1834716796875,2025-12-15 20:03:19.469786
sz.300476,2023-07-18,2023-07-25,0.125244140625,2025-12-15 20:03:19.469786
sz.300476,2023-07-19,2023-07-26,0.142333984375,2025-12-15 20:03:19.469786
sz.300476,2023-07-20,2023-07-27,0.140869140625,2025-12-15 20:03:19.469786
sz.300476,2023-07-21,2023-07-28,0.1326904296875,2025-12-15 20:03:19.469786
sz.300476,2023-07-24,2023-07-31,0.10797119140625,2025-12-15 20:03:19.469786
sz.300476,2023-07-25,2023-08-01,0.143310546875,2025-12-15 20:03:19.469786
sz.300476,2023-07-26,2023-08-02,0.154541015625,2025-12-15 20:03:19.469786
sz.300476,2023-07-27,2023-08-03,0.1495361328125,2025-12-15 20:03:19.469786
sz.300476,2023-07-28,2023-08-04,0.1495361328125,2025-12-15 20:03:19.469786
sz.300476,2023-07-31,2023-08-07,0.135009765625,2025-12-15 20:03:19.469786
sz.300476,2023-08-01,2023-08-08,0.134765625,2025-12-15 20:03:19.469786
sz.300476,2023-08-02,2023-08-09,0.2459716796875,2025-12-15 20:03:19.469786
sz.300476,2023-08-03,2023-08-10,0.1673583984375,2025-12-15 20:03:19.469786
sz.300476,2023-08-04,2023-08-11,0.25634765625,2025-12-15 20:03:19.469786
sz.300476,2023-08-07,2023-08-14,0.120361328125,2025-12-15 20:03:19.469786
sz.300476,2023-08-08,2023-08-15,0.146484375,2025-12-15 20:03:19.469786
sz.300476,2023-08-09,2023-08-16,0.139404296875,2025-12-15 20:03:19.469786
sz.300476,2023-08-10,2023-08-17,0.16064453125,2025-12-15 20:03:19.469786
sz.300476,2023-08-11,2023-08-18,0.1419677734375,2025-12-15 20:03:19.469786
sz.300476,2023-08-14,2023-08-21,0.2001953125,2025-12-15 20:03:19.469786
sz.300476,2023-08-15,2023-08-22,0.13037109375,2025-12-15 20:03:19.469786
sz.300476,2023-08-16,2023-08-23,0.1224365234375,2025-12-15 20:03:19.469786
sz.300476,2023-08-17,2023-08-24,0.138916015625,2025-12-15 20:03:19.469786
sz.300476,2023-08-18,2023-08-25,0.1357421875,2025-12-15 20:03:19.469786
sz.300476,2023-08-21,2023-08-28,0.1475830078125,2025-12-15 20:03:19.469786
sz.300476,2023-08-22,2023-08-29,0.1217041015625,2025-12-15 20:03:19.469786
sz.300476,2023-08-23,2023-08-30,0.14501953125,2025-12-15 20:03:19.469786
sz.300476,2023-08-24,2023-08-31,0.11029052734375,2025-12-15 20:03:19.469786
sz.300476,2023-08-25,2023-09-01,0.13037109375,2025-12-15 20:03:19.469786
sz.300476,2023-08-28,2023-09-04,0.140625,2025-12-15 20:03:19.469786
sz.300476,2023-08-29,2023-09-05,0.1077880859375,2025-12-15 20:03:19.469786
sz.300476,2023-08-30,2023-09-06,0.1419677734375,2025-12-15 20:03:19.469786
sz.300476,2023-08-31,2023-09-07,0.1324462890625,2025-12-15 20:03:19.469786
sz.300476,2023-09-01,2023-09-08,0.199951171875,2025-12-15 20:03:19.469786
sz.300476,2023-09-04,2023-09-11,0.38720703125,2025-12-15 20:03:19.469786
sz.300476,2023-09-05,2023-09-12,0.18212890625,2025-12-15 20:03:19.469786
sz.300476,2023-09-06,2023-09-13,0.248046875,2025-12-15 20:03:19.469786
sz.300476,2023-09-07,2023-09-14,0.1597900390625,2025-12-15 20:03:19.469786
sz.300476,2023-09-08,2023-09-15,0.1688232421875,2025-12-15 20:03:19.469786
sz.300476,2023-09-11,2023-09-18,0.1378173828125,2025-12-15 20:03:19.469786
sz.300476,2023-09-12,2023-09-19,0.0943603515625,2025-12-15 20:03:19.469786
sz.300476,2023-09-13,2023-09-20,0.1495361328125,2025-12-15 20:03:19.469786
sz.300476,2023-09-14,2023-09-21,0.158447265625,2025-12-15 20:03:19.469786
sz.300476,2023-09-15,2023-09-22,0.1480712890625,2025-12-15 20:03:19.469786
sz.300476,2023-09-18,2023-09-25,0.126953125,2025-12-15 20:03:19.469786
sz.300476,2023-09-19,2023-09-26,0.1693115234375,2025-12-15 20:03:19.469786
sz.300476,2023-09-20,2023-09-27,0.10504150390625,2025-12-15 20:03:19.469786
sz.300476,2023-09-21,2023-09-28,0.12451171875,2025-12-15 20:03:19.469786
sz.300476,2023-09-22,2023-09-29,0.267333984375,2025-12-15 20:03:19.469786
sz.300476,2023-09-25,2023-10-02,0.22021484375,2025-12-15 20:03:19.469786
sz.300476,2023-09-26,2023-10-03,0.137939453125,2025-12-15 20:03:19.469786
sz.300476,2023-09-27,2023-10-04,0.1630859375,2025-12-15 20:03:19.469786
sz.300476,2023-09-28,2023-10-05,0.16455078125,2025-12-15 20:03:19.469786
sz.300476,2023-10-09,2023-10-16,0.140625,2025-12-15 20:03:19.469786
sz.300476,2023-10-10,2023-10-17,0.1619873046875,2025-12-15 20:03:19.469786
sz.300476,2023-10-11,2023-10-18,0.15673828125,2025-12-15 20:03:19.469786
sz.300476,2023-10-12,2023-10-19,0.1669921875,2025-12-15 20:03:19.469786
sz.300476,2023-10-13,2023-10-20,0.1884765625,2025-12-15 20:03:19.469786
sz.300476,2023-10-16,2023-10-23,0.159423828125,2025-12-15 20:03:19.469786
sz.300476,2023-10-17,2023-10-24,0.1708984375,2025-12-15 20:03:19.469786
sz.300476,2023-10-18,2023-10-25,0.1329345703125,2025-12-15 20:03:19.469786
sz.300476,2023-10-19,2023-10-26,0.11260986328125,2025-12-15 20:03:19.469786
sz.300476,2023-10-20,2023-10-27,0.1302490234375,2025-12-15 20:03:19.469786
sz.300476,2023-10-23,2023-10-30,0.135986328125,2025-12-15 20:03:19.469786
sz.300476,2023-10-24,2023-10-31,0.1181640625,2025-12-15 20:03:19.469786
sz.300476,2023-10-25,2023-11-01,0.10931396484375,2025-12-15 20:03:19.469786
sz.300476,2023-10-26,2023-11-02,0.09979248046875,2025-12-15 20:03:19.469786
sz.300476,2023-10-27,2023-11-03,0.1258544921875,2025-12-15 20:03:19.469786
sz.300476,2023-10-30,2023-11-06,0.35595703125,2025-12-15 20:03:19.469786
sz.300476,2023-10-31,2023-11-07,0.1385498046875,2025-12-15 20:03:19.469786
sz.300476,2023-11-01,2023-11-08,0.26953125,2025-12-15 20:03:19.469786
sz.300476,2023-11-02,2023-11-09,0.1353759765625,2025-12-15 20:03:19.469786
sz.300476,2023-11-03,2023-11-10,0.09808349609375,2025-12-15 20:03:19.469786
sz.300476,2023-11-06,2023-11-13,0.29736328125,2025-12-15 20:03:19.469786
sz.300476,2023-11-07,2023-11-14,0.13427734375,2025-12-15 20:03:19.469786
sz.300476,2023-11-08,2023-11-15,0.1375732421875,2025-12-15 20:03:19.469786
sz.300476,2023-11-09,2023-11-16,0.13818359375,2025-12-15 20:03:19.469786
sz.300476,2023-11-10,2023-11-17,0.142333984375,2025-12-15 20:03:19.469786
sz.300476,2023-11-13,2023-11-20,0.120361328125,2025-12-15 20:03:19.469786
sz.300476,2023-11-14,2023-11-21,0.159912109375,2025-12-15 20:03:19.469786
sz.300476,2023-11-15,2023-11-22,0.153076171875,2025-12-15 20:03:19.469786
sz.300476,2023-11-16,2023-11-23,0.14697265625,2025-12-15 20:03:19.469786
sz.300476,2023-11-17,2023-11-24,0.367919921875,2025-12-15 20:03:19.469786
sz.300476,2023-11-20,2023-11-27,0.1512451171875,2025-12-15 20:03:19.469786
sz.300476,2023-11-21,2023-11-28,0.1488037109375,2025-12-15 20:03:19.469786
sz.300476,2023-11-22,2023-11-29,0.1436767578125,2025-12-15 20:03:19.469786
sz.300476,2023-11-23,2023-11-30,0.1619873046875,2025-12-15 20:03:19.469786
sz.300476,2023-11-24,2023-12-01,0.140869140625,2025-12-15 20:03:19.469786
sz.300476,2023-11-27,2023-12-04,0.1280517578125,2025-12-15 20:03:19.469786
sz.300476,2023-11-28,2023-12-05,0.147705078125,2025-12-15 20:03:19.469786
sz.300476,2023-11-29,2023-12-06,0.10247802734375,2025-12-15 20:03:19.469786
sz.300476,2023-11-30,2023-12-07,0.1539306640625,2025-12-15 20:03:19.469786
sz.300476,2023-12-01,2023-12-08,0.09844970703125,2025-12-15 20:03:19.469786
sz.300476,2023-12-04,2023-12-11,0.158203125,2025-12-15 20:03:19.469786
sz.300476,2023-12-05,2023-12-12,0.1385498046875,2025-12-15 20:03:19.469786
sz.300476,2023-12-06,2023-12-13,0.15185546875,2025-12-15 20:03:19.469786
sz.300476,2023-12-07,2023-12-14,0.083740234375,2025-12-15 20:03:19.469786
sz.300476,2023-12-08,2023-12-15,0.09039306640625,2025-12-15 20:03:19.469786
sz.300476,2023-12-11,2023-12-18,0.1591796875,2025-12-15 20:03:19.469786
sz.300476,2023-12-12,2023-12-19,0.149169921875,2025-12-15 20:03:19.469786
sz.300476,2023-12-13,2023-12-20,0.14990234375,2025-12-15 20:03:19.469786
sz.300476,2023-12-14,2023-12-21,0.126708984375,2025-12-15 20:03:19.469786
sz.300476,2023-12-15,2023-12-22,0.142578125,2025-12-15 20:03:19.469786
sz.300476,2023-12-18,2023-12-25,0.1514892578125,2025-12-15 20:03:19.469786
sz.300476,2023-12-19,2023-12-26,0.151611328125,2025-12-15 20:03:19.469786
sz.300476,2023-12-20,2023-12-27,0.1475830078125,2025-12-15 20:03:19.469786
sz.300476,2023-12-21,2023-12-28,0.10687255859375,2025-12-15 20:03:19.469786
sz.300476,2023-12-22,2023-12-29,0.150634765625,2025-12-15 20:03:19.469786
sz.300476,2023-12-25,2024-01-01,0.18359375,2025-12-15 20:03:19.469786
sz.300476,2023-12-26,2024-01-02,0.15576171875,2025-12-15 20:03:19.469786
sz.300476,2023-12-27,2024-01-03,0.2081298828125,2025-12-15 20:03:19.469786
sz.300476,2023-12-28,2024-01-04,0.1259765625,2025-12-15 20:03:19.469786
sz.300476,2023-12-29,2024-01-05,0.142822265625,2025-12-15 20:03:19.469786
sz.300476,2024-01-02,2024-01-09,0.1513671875,2025-12-15 20:03:19.469786
sz.300476,2024-01-03,2024-01-10,0.14501953125,2025-12-15 20:03:19.469786
sz.300476,2024-01-04,2024-01-11,0.19189453125,2025-12-15 20:03:19.469786
sz.300476,2024-01-05,2024-01-12,0.1611328125,2025-12-15 20:03:19.469786
sz.300476,2024-01-08,2024-01-15,0.2293701171875,2025-12-15 20:03:19.469786
sz.300476,2024-01-09,2024-01-16,0.15185546875,2025-12-15 20:03:19.469786
sz.300476,2024-01-10,2024-01-17,0.204833984375,2025-12-15 20:03:19.469786
sz.300476,2024-01-11,2024-01-18,0.260498046875,2025-12-15 20:03:19.469786
sz.300476,2024-01-12,2024-01-19,0.1954345703125,2025-12-15 20:03:19.469786
sz.300476,2024-01-15,2024-01-22,0.270263671875,2025-12-15 20:03:19.469786
sz.300476,2024-01-16,2024-01-23,0.2318115234375,2025-12-15 20:03:19.469786
sz.300476,2024-01-17,2024-01-24,0.212890625,2025-12-15 20:03:19.469786
sz.300476,2024-01-18,2024-01-25,0.351806640625,2025-12-15 20:03:19.469786
sz.300476,2024-01-19,2024-01-26,0.1990966796875,2025-12-15 20:03:19.469786
sz.300476,2024-01-22,2024-01-29,0.1611328125,2025-12-15 20:03:19.469786
sz.300476,2024-01-23,2024-01-30,0.329833984375,2025-12-15 20:03:19.469786
sz.300476,2024-01-24,2024-01-31,0.1370849609375,2025-12-15 20:03:19.469786
sz.300476,2024-01-25,2024-02-01,0.139404296875,2025-12-15 20:03:19.469786
sz.300476,2024-01-26,2024-02-02,0.1357421875,2025-12-15 20:03:19.469786
sz.300476,2024-01-29,2024-02-05,0.1580810546875,2025-12-15 20:03:19.469786
sz.300476,2024-01-30,2024-02-06,0.25732421875,2025-12-15 20:03:19.469786
sz.300476,2024-01-31,2024-02-07,0.341796875,2025-12-15 20:03:19.469786
sz.300476,2024-02-01,2024-02-08,0.266357421875,2025-12-15 20:03:19.469786
sz.300476,2024-02-02,2024-02-09,0.208984375,2025-12-15 20:03:19.469786
sz.300476,2024-02-05,2024-02-12,0.2646484375,2025-12-15 20:03:19.469786
sz.300476,2024-02-06,2024-02-13,0.30078125,2025-12-15 20:03:19.469786
sz.300476,2024-02-07,2024-02-14,0.1605224609375,2025-12-15 20:03:19.469786
sz.300476,2024-02-08,2024-02-15,0.07763671875,2025-12-15 20:03:19.469786
sz.300476,2024-02-19,2024-02-26,0.1358642578125,2025-12-15 20:03:19.469786
sz.300476,2024-02-20,2024-02-27,0.1279296875,2025-12-15 20:03:19.469786
sz.300476,2024-02-21,2024-02-28,0.09857177734375,2025-12-15 20:03:19.469786
sz.300476,2024-02-22,2024-02-29,0.08990478515625,2025-12-15 20:03:19.469786
sz.300476,2024-02-23,2024-03-01,0.126220703125,2025-12-15 20:03:19.469786
sz.300476,2024-02-26,2024-03-04,0.114990234375,2025-12-15 20:03:19.469786
sz.300476,2024-02-27,2024-03-05,0.298828125,2025-12-15 20:03:19.469786
sz.300476,2024-02-28,2024-03-06,0.1278076171875,2025-12-15 20:03:19.469786
sz.300476,2024-02-29,2024-03-07,0.2347412109375,2025-12-15 20:03:19.469786
sz.300476,2024-03-01,2024-03-08,0.2093505859375,2025-12-15 20:03:19.469786
sz.300476,2024-03-04,2024-03-11,0.1358642578125,2025-12-15 20:03:19.469786
sz.300476,2024-03-05,2024-03-12,0.12249755859375,2025-12-15 20:03:19.469786
sz.300476,2024-03-06,2024-03-13,0.1837158203125,2025-12-15 20:03:19.469786
sz.300476,2024-03-07,2024-03-14,0.1229248046875,2025-12-15 20:03:19.469786
sz.300476,2024-03-08,2024-03-15,0.2127685546875,2025-12-15 20:03:19.469786
sz.300476,2024-03-11,2024-03-18,0.25341796875,2025-12-15 20:03:19.469786
sz.300476,2024-03-12,2024-03-19,0.1959228515625,2025-12-15 20:03:19.469786
sz.300476,2024-03-13,2024-03-20,0.1680908203125,2025-12-15 20:03:19.469786
sz.300476,2024-03-14,2024-03-21,0.190673828125,2025-12-15 20:03:19.469786
sz.300476,2024-03-15,2024-03-22,0.2432861328125,2025-12-15 20:03:19.469786
sz.300476,2024-03-18,2024-03-25,0.1951904296875,2025-12-15 20:03:19.469786
sz.300476,2024-03-19,2024-03-26,0.2467041015625,2025-12-15 20:03:19.469786
sz.300476,2024-03-20,2024-03-27,0.1767578125,2025-12-15 20:03:19.469786
sz.300476,2024-03-21,2024-03-28,0.1884765625,2025-12-15 20:03:19.469786
sz.300476,2024-03-22,2024-03-29,0.200439453125,2025-12-15 20:03:19.469786
sz.300476,2024-03-25,2024-04-01,0.150390625,2025-12-15 20:03:19.469786
sz.300476,2024-03-26,2024-04-02,0.28955078125,2025-12-15 20:03:19.469786
sz.300476,2024-03-27,2024-04-03,0.336669921875,2025-12-15 20:03:19.469786
sz.300476,2024-03-28,2024-04-04,0.447265625,2025-12-15 20:03:19.469786
sz.300476,2024-03-29,2024-04-05,0.41748046875,2025-12-15 20:03:19.469786
sz.300476,2024-04-01,2024-04-08,0.2666015625,2025-12-15 20:03:19.469786
sz.300476,2024-04-02,2024-04-09,0.312744140625,2025-12-15 20:03:19.469786
sz.300476,2024-04-03,2024-04-10,0.351318359375,2025-12-15 20:03:19.469786
sz.300476,2024-04-08,2024-04-15,0.37841796875,2025-12-15 20:03:19.469786
sz.300476,2024-04-09,2024-04-16,0.419921875,2025-12-15 20:03:19.469786
sz.300476,2024-04-10,2024-04-17,0.373291015625,2025-12-15 20:03:19.469786
sz.300476,2024-04-11,2024-04-18,0.410888671875,2025-12-15 20:03:19.469786
sz.300476,2024-04-12,2024-04-19,0.3662109375,2025-12-15 20:03:19.469786
sz.300476,2024-04-15,2024-04-22,0.340087890625,2025-12-15 20:03:19.469786
sz.300476,2024-04-16,2024-04-23,0.1917724609375,2025-12-15 20:03:19.469786
sz.300476,2024-04-17,2024-04-24,0.205078125,2025-12-15 20:03:19.469786
sz.300476,2024-04-18,2024-04-25,0.10687255859375,2025-12-15 20:03:19.469786
sz.300476,2024-04-19,2024-04-26,0.142333984375,2025-12-15 20:03:19.469786
sz.300476,2024-04-22,2024-04-29,0.2100830078125,2025-12-15 20:03:19.469786
sz.300476,2024-04-23,2024-04-30,0.226806640625,2025-12-15 20:03:19.469786
sz.300476,2024-04-24,2024-05-01,0.306884765625,2025-12-15 20:03:19.469786
sz.300476,2024-04-25,2024-05-02,0.1441650390625,2025-12-15 20:03:19.469786
sz.300476,2024-04-26,2024-05-03,0.10504150390625,2025-12-15 20:03:19.469786
sz.300476,2024-04-29,2024-05-06,0.12451171875,2025-12-15 20:03:19.469786
sz.300476,2024-04-30,2024-05-07,0.136474609375,2025-12-15 20:03:19.469786
sz.300476,2024-05-06,2024-05-13,0.130615234375,2025-12-15 20:03:19.469786
sz.300476,2024-05-07,2024-05-14,0.1143798828125,2025-12-15 20:03:19.469786
sz.300476,2024-05-08,2024-05-15,0.07879638671875,2025-12-15 20:03:19.469786
sz.300476,2024-05-09,2024-05-16,0.08526611328125,2025-12-15 20:03:19.469786
sz.300476,2024-05-10,2024-05-17,0.13134765625,2025-12-15 20:03:19.469786
sz.300476,2024-05-13,2024-05-20,0.1309814453125,2025-12-15 20:03:19.469786
sz.300476,2024-05-14,2024-05-21,0.1287841796875,2025-12-15 20:03:19.469786
sz.300476,2024-05-15,2024-05-22,0.07305908203125,2025-12-15 20:03:19.469786
sz.300476,2024-05-16,2024-05-23,0.1177978515625,2025-12-15 20:03:19.469786
sz.300476,2024-05-17,2024-05-24,0.1258544921875,2025-12-15 20:03:19.469786
sz.300476,2024-05-20,2024-05-27,0.0863037109375,2025-12-15 20:03:19.469786
sz.300476,2024-05-21,2024-05-28,0.1317138671875,2025-12-15 20:03:19.469786
sz.300476,2024-05-22,2024-05-29,0.14404296875,2025-12-15 20:03:19.469786
sz.300476,2024-05-23,2024-05-30,0.1336669921875,2025-12-15 20:03:19.469786
sz.300476,2024-05-24,2024-05-31,0.1251220703125,2025-12-15 20:03:19.469786
sz.300476,2024-05-27,2024-06-03,0.12432861328125,2025-12-15 20:03:19.469786
sz.300476,2024-05-28,2024-06-04,0.1380615234375,2025-12-15 20:03:19.469786
sz.300476,2024-05-29,2024-06-05,0.1524658203125,2025-12-15 20:03:19.469786
sz.300476,2024-05-30,2024-06-06,0.102294921875,2025-12-15 20:03:19.469786
sz.300476,2024-05-31,2024-06-07,0.12042236328125,2025-12-15 20:03:19.469786
sz.300476,2024-06-03,2024-06-10,0.320068359375,2025-12-15 20:03:19.469786
sz.300476,2024-06-04,2024-06-11,0.1815185546875,2025-12-15 20:03:19.469786
sz.300476,2024-06-05,2024-06-12,0.092041015625,2025-12-15 20:03:19.469786
sz.300476,2024-06-06,2024-06-13,0.10125732421875,2025-12-15 20:03:19.469786
sz.300476,2024-06-07,2024-06-14,0.11737060546875,2025-12-15 20:03:19.469786
sz.300476,2024-06-11,2024-06-18,0.11163330078125,2025-12-15 20:03:19.469786
sz.300476,2024-06-12,2024-06-19,0.1263427734375,2025-12-15 20:03:19.469786
sz.300476,2024-06-13,2024-06-20,0.07305908203125,2025-12-15 20:03:19.469786
sz.300476,2024-06-14,2024-06-21,0.0943603515625,2025-12-15 20:03:19.469786
sz.300476,2024-06-17,2024-06-24,0.147216796875,2025-12-15 20:03:19.469786
sz.300476,2024-06-18,2024-06-25,0.107421875,2025-12-15 20:03:19.469786
sz.300476,2024-06-19,2024-06-26,0.134765625,2025-12-15 20:03:19.469786
sz.300476,2024-06-20,2024-06-27,0.14306640625,2025-12-15 20:03:19.469786
sz.300476,2024-06-21,2024-06-28,0.10015869140625,2025-12-15 20:03:19.469786
sz.300476,2024-06-24,2024-07-01,0.129150390625,2025-12-15 20:03:19.469786
sz.300476,2024-06-25,2024-07-02,0.142578125,2025-12-15 20:03:19.469786
sz.300476,2024-06-26,2024-07-03,0.254150390625,2025-12-15 20:03:19.469786
sz.300476,2024-06-27,2024-07-04,0.10357666015625,2025-12-15 20:03:19.469786
sz.300476,2024-06-28,2024-07-05,0.0966796875,2025-12-15 20:03:19.469786
sz.300476,2024-07-01,2024-07-08,0.1055908203125,2025-12-15 20:03:19.469786
sz.300476,2024-07-02,2024-07-09,0.138671875,2025-12-15 20:03:19.469786
sz.300476,2024-07-03,2024-07-10,0.11456298828125,2025-12-15 20:03:19.469786
sz.300476,2024-07-04,2024-07-11,0.10968017578125,2025-12-15 20:03:19.469786
sz.300476,2024-07-05,2024-07-12,0.157958984375,2025-12-15 20:03:19.469786
sz.300476,2024-07-08,2024-07-15,0.14794921875,2025-12-15 20:03:19.469786
sz.300476,2024-07-09,2024-07-16,0.2381591796875,2025-12-15 20:03:19.469786
sz.300476,2024-07-10,2024-07-17,0.262451171875,2025-12-15 20:03:19.469786
sz.300476,2024-07-11,2024-07-18,0.1939697265625,2025-12-15 20:03:19.469786
sz.300476,2024-07-12,2024-07-19,0.1259765625,2025-12-15 20:03:19.469786
sz.300476,2024-07-15,2024-07-22,0.195556640625,2025-12-15 20:03:19.469786
sz.300476,2024-07-16,2024-07-23,0.2171630859375,2025-12-15 20:03:19.469786
sz.300476,2024-07-17,2024-07-24,0.16259765625,2025-12-15 20:03:19.469786
sz.300476,2024-07-18,2024-07-25,0.1903076171875,2025-12-15 20:03:19.469786
sz.300476,2024-07-19,2024-07-26,0.1788330078125,2025-12-15 20:03:19.469786
sz.300476,2024-07-22,2024-07-29,0.1927490234375,2025-12-15 20:03:19.469786
sz.300476,2024-07-23,2024-07-30,0.1661376953125,2025-12-15 20:03:19.469786
sz.300476,2024-07-24,2024-07-31,0.148681640625,2025-12-15 20:03:19.469786
sz.300476,2024-07-25,2024-08-01,0.14404296875,2025-12-15 20:03:19.469786
sz.300476,2024-07-26,2024-08-02,0.2039794921875,2025-12-15 20:03:19.469786
sz.300476,2024-07-29,2024-08-05,0.148681640625,2025-12-15 20:03:19.469786
sz.300476,2024-07-30,2024-08-06,0.1787109375,2025-12-15 20:03:19.469786
sz.300476,2024-07-31,2024-08-07,0.1629638671875,2025-12-15 20:03:19.469786
sz.300476,2024-08-01,2024-08-08,0.148681640625,2025-12-15 20:03:19.469786
sz.300476,2024-08-02,2024-08-09,0.1312255859375,2025-12-15 20:03:19.469786
sz.300476,2024-08-05,2024-08-12,0.1346435546875,2025-12-15 20:03:19.469786
sz.300476,2024-08-06,2024-08-13,0.11419677734375,2025-12-15 20:03:19.469786
sz.300476,2024-08-07,2024-08-14,0.1163330078125,2025-12-15 20:03:19.469786
sz.300476,2024-08-08,2024-08-15,0.091552734375,2025-12-15 20:03:19.469786
sz.300476,2024-08-09,2024-08-16,0.10125732421875,2025-12-15 20:03:19.469786
sz.300476,2024-08-12,2024-08-19,0.1514892578125,2025-12-15 20:03:19.469786
sz.300476,2024-08-13,2024-08-20,0.127685546875,2025-12-15 20:03:19.469786
sz.300476,2024-08-14,2024-08-21,0.13916015625,2025-12-15 20:03:19.469786
sz.300476,2024-08-15,2024-08-22,0.140869140625,2025-12-15 20:03:19.469786
sz.300476,2024-08-16,2024-08-23,0.1314697265625,2025-12-15 20:03:19.469786
sz.300476,2024-08-19,2024-08-26,0.11920166015625,2025-12-15 20:03:19.469786
sz.300476,2024-08-20,2024-08-27,0.1346435546875,2025-12-15 20:03:19.469786
sz.300476,2024-08-21,2024-08-28,0.1435546875,2025-12-15 20:03:19.469786
sz.300476,2024-08-22,2024-08-29,0.173828125,2025-12-15 20:03:19.469786
sz.300476,2024-08-23,2024-08-30,0.16064453125,2025-12-15 20:03:19.469786
sz.300476,2024-08-26,2024-09-02,0.1435546875,2025-12-15 20:03:19.469786
sz.300476,2024-08-27,2024-09-03,0.13818359375,2025-12-15 20:03:19.469786
sz.300476,2024-08-28,2024-09-04,0.1224365234375,2025-12-15 20:03:19.469786
sz.300476,2024-08-29,2024-09-05,0.1131591796875,2025-12-15 20:03:19.469786
sz.300476,2024-08-30,2024-09-06,0.158935546875,2025-12-15 20:03:19.469786
sz.300476,2024-09-02,2024-09-09,0.12841796875,2025-12-15 20:03:19.469786
sz.300476,2024-09-03,2024-09-10,0.12158203125,2025-12-15 20:03:19.469786
sz.300476,2024-09-04,2024-09-11,0.1290283203125,2025-12-15 20:03:19.469786
sz.300476,2024-09-05,2024-09-12,0.10394287109375,2025-12-15 20:03:19.469786
sz.300476,2024-09-06,2024-09-13,0.135986328125,2025-12-15 20:03:19.469786
sz.300476,2024-09-09,2024-09-16,0.1451416015625,2025-12-15 20:03:19.469786
sz.300476,2024-09-10,2024-09-17,0.137451171875,2025-12-15 20:03:19.469786
sz.300476,2024-09-11,2024-09-18,0.13037109375,2025-12-15 20:03:19.469786
sz.300476,2024-09-12,2024-09-19,0.131103515625,2025-12-15 20:03:19.469786
sz.300476,2024-09-13,2024-09-20,0.0775146484375,2025-12-15 20:03:19.469786
sz.300476,2024-09-18,2024-09-25,0.127685546875,2025-12-15 20:03:19.469786
sz.300476,2024-09-19,2024-09-26,0.13330078125,2025-12-15 20:03:19.469786
sz.300476,2024-09-20,2024-09-27,0.1500244140625,2025-12-15 20:03:19.469786
sz.300476,2024-09-23,2024-09-30,0.09857177734375,2025-12-15 20:03:19.469786
sz.300476,2024-09-24,2024-10-01,0.268798828125,2025-12-15 20:03:19.469786
sz.300476,2024-09-25,2024-10-02,0.1253662109375,2025-12-15 20:03:19.469786
sz.300476,2024-09-26,2024-10-03,0.194580078125,2025-12-15 20:03:19.469786
sz.300476,2024-09-27,2024-10-04,0.162109375,2025-12-15 20:03:19.469786
sz.300476,2024-09-30,2024-10-07,0.193115234375,2025-12-15 20:03:19.469786
sz.300476,2024-10-08,2024-10-15,0.357421875,2025-12-15 20:03:19.469786
sz.300476,2024-10-09,2024-10-16,0.1063232421875,2025-12-15 20:03:19.469786
sz.300476,2024-10-10,2024-10-17,0.1285400390625,2025-12-15 20:03:19.469786
sz.300476,2024-10-11,2024-10-18,0.142578125,2025-12-15 20:03:19.469786
sz.300476,2024-10-14,2024-10-21,0.1083984375,2025-12-15 20:03:19.469786
sz.300476,2024-10-15,2024-10-22,0.118408203125,2025-12-15 20:03:19.469786
sz.300476,2024-10-16,2024-10-23,0.2017822265625,2025-12-15 20:03:19.469786
sz.300476,2024-10-17,2024-10-24,0.08538818359375,2025-12-15 20:03:19.469786
sz.300476,2024-10-18,2024-10-25,0.14208984375,2025-12-15 20:03:19.469786
sz.300476,2024-10-21,2024-10-28,0.0975341796875,2025-12-15 20:03:19.469786
sz.300476,2024-10-22,2024-10-29,0.1240234375,2025-12-15 20:03:19.469786
sz.300476,2024-10-23,2024-10-30,0.1279296875,2025-12-15 20:03:19.469786
sz.300476,2024-10-24,2024-10-31,0.10931396484375,2025-12-15 20:03:19.469786
sz.300476,2024-10-25,2024-11-01,0.149169921875,2025-12-15 20:03:19.469786
sz.300476,2024-10-28,2024-11-04,0.1357421875,2025-12-15 20:03:19.469786
sz.300476,2024-10-29,2024-11-05,0.1297607421875,2025-12-15 20:03:19.469786
sz.300476,2024-10-30,2024-11-06,0.1435546875,2025-12-15 20:03:19.469786
sz.300476,2024-10-31,2024-11-07,0.1143798828125,2025-12-15 20:03:19.469786
sz.300476,2024-11-01,2024-11-08,0.146240234375,2025-12-15 20:03:19.469786
sz.300476,2024-11-04,2024-11-11,0.11456298828125,2025-12-15 20:03:19.469786
sz.300476,2024-11-05,2024-11-12,0.086181640625,2025-12-15 20:03:19.469786
sz.300476,2024-11-06,2024-11-13,0.1309814453125,2025-12-15 20:03:19.469786
sz.300476,2024-11-07,2024-11-14,0.1837158203125,2025-12-15 20:03:19.469786
sz.300476,2024-11-08,2024-11-15,0.118408203125,2025-12-15 20:03:19.469786
sz.300476,2024-11-11,2024-11-18,0.13525390625,2025-12-15 20:03:19.469786
sz.300476,2024-11-12,2024-11-19,0.1358642578125,2025-12-15 20:03:19.469786
sz.300476,2024-11-13,2024-11-20,0.116943359375,2025-12-15 20:03:19.469786
sz.300476,2024-11-14,2024-11-21,0.1458740234375,2025-12-15 20:03:19.469786
sz.300476,2024-11-15,2024-11-22,0.1356201171875,2025-12-15 20:03:19.469786
sz.300476,2024-11-18,2024-11-25,0.1640625,2025-12-15 20:03:19.469786
sz.300476,2024-11-19,2024-11-26,0.251953125,2025-12-15 20:03:19.469786
sz.300476,2024-11-20,2024-11-27,0.11614990234375,2025-12-15 20:03:19.469786
sz.300476,2024-11-21,2024-11-28,0.17626953125,2025-12-15 20:03:19.469786
sz.300476,2024-11-22,2024-11-29,0.1663818359375,2025-12-15 20:03:19.469786
sz.300476,2024-11-25,2024-12-02,0.17578125,2025-12-15 20:03:19.469786
sz.300476,2024-11-26,2024-12-03,0.32275390625,2025-12-15 20:03:19.469786
sz.300476,2024-11-27,2024-12-04,0.318115234375,2025-12-15 20:03:19.469786
sz.300476,2024-11-28,2024-12-05,0.236572265625,2025-12-15 20:03:19.469786
sz.300476,2024-11-29,2024-12-06,0.251708984375,2025-12-15 20:03:19.469786
sz.300476,2024-12-02,2024-12-09,0.14990234375,2025-12-15 20:03:19.469786
sz.300476,2024-12-03,2024-12-10,0.17724609375,2025-12-15 20:03:19.469786
sz.300476,2024-12-04,2024-12-11,0.1771240234375,2025-12-15 20:03:19.469786
sz.300476,2024-12-05,2024-12-12,0.1240234375,2025-12-15 20:03:19.469786
sz.300476,2024-12-06,2024-12-13,0.153076171875,2025-12-15 20:03:19.469786
sz.300476,2024-12-09,2024-12-16,0.1527099609375,2025-12-15 20:03:19.469786
sz.300476,2024-12-10,2024-12-17,0.140625,2025-12-15 20:03:19.469786
sz.300476,2024-12-11,2024-12-18,0.09283447265625,2025-12-15 20:03:19.469786
sz.300476,2024-12-12,2024-12-19,0.1297607421875,2025-12-15 20:03:19.469786
sz.300476,2024-12-13,2024-12-20,0.135009765625,2025-12-15 20:03:19.469786
sz.300476,2024-12-16,2024-12-23,0.128173828125,2025-12-15 20:03:19.469786
sz.300476,2024-12-17,2024-12-24,0.0869140625,2025-12-15 20:03:19.469786
sz.300476,2024-12-18,2024-12-25,0.1475830078125,2025-12-15 20:03:19.469786
sz.300476,2024-12-19,2024-12-26,0.1463623046875,2025-12-15 20:03:19.469786
sz.300476,2024-12-20,2024-12-27,0.132080078125,2025-12-15 20:03:19.469786
sz.300476,2024-12-23,2024-12-30,0.1422119140625,2025-12-15 20:03:19.469786
sz.300476,2024-12-24,2024-12-31,0.17431640625,2025-12-15 20:03:19.469786
sz.300476,2024-12-25,2025-01-01,0.1063232421875,2025-12-15 20:03:19.469786
sz.300476,2024-12-26,2025-01-02,0.2073974609375,2025-12-15 20:03:19.469786
sz.300476,2024-12-27,2025-01-03,0.120361328125,2025-12-15 20:03:19.469786
sz.300476,2024-12-30,2025-01-06,0.1324462890625,2025-12-15 20:03:19.469786
sz.300476,2024-12-31,2025-01-07,0.1356201171875,2025-12-15 20:03:19.469786
sz.300476,2025-01-02,2025-01-09,0.12420654296875,2025-12-15 20:03:19.469786
sz.300476,2025-01-03,2025-01-10,0.1539306640625,2025-12-15 20:03:19.469786
sz.300476,2025-01-06,2025-01-13,0.156494140625,2025-12-15 20:03:19.469786
sz.300476,2025-01-07,2025-01-14,0.38427734375,2025-12-15 20:03:19.469786
sz.300476,2025-01-08,2025-01-15,0.103759765625,2025-12-15 20:03:19.469786
sz.300476,2025-01-09,2025-01-16,0.0843505859375,2025-12-15 20:03:19.469786
sz.300476,2025-01-10,2025-01-17,0.13330078125,2025-12-15 20:03:19.469786
sz.300476,2025-01-13,2025-01-20,0.1312255859375,2025-12-15 20:03:19.469786
sz.300476,2025-01-14,2025-01-21,0.102294921875,2025-12-15 20:03:19.469786
sz.300476,2025-01-15,2025-01-22,0.1524658203125,2025-12-15 20:03:19.469786
sz.300476,2025-01-16,2025-01-23,0.13330078125,2025-12-15 20:03:19.469786
sz.300476,2025-01-17,2025-01-24,0.216064453125,2025-12-15 20:03:19.469786
sz.300476,2025-01-20,2025-01-27,0.10430908203125,2025-12-15 20:03:19.469786
sz.300476,2025-01-21,2025-01-28,0.1551513671875,2025-12-15 20:03:19.469786
sz.300476,2025-01-22,2025-01-29,0.264404296875,2025-12-15 20:03:19.469786
sz.300476,2025-01-23,2025-01-30,0.1328125,2025-12-15 20:03:19.469786
sz.300476,2025-01-24,2025-01-31,0.156005859375,2025-12-15 20:03:19.469786
sz.300476,2025-01-27,2025-02-03,0.14501953125,2025-12-15 20:03:19.469786
sz.300476,2025-02-05,2025-02-12,0.1265869140625,2025-12-15 20:03:19.469786
sz.300476,2025-02-06,2025-02-13,0.115966796875,2025-12-15 20:03:19.469786
sz.300476,2025-02-07,2025-02-14,0.0755615234375,2025-12-15 20:03:19.469786
sz.300476,2025-02-10,2025-02-17,0.1365966796875,2025-12-15 20:03:19.469786
sz.300476,2025-02-11,2025-02-18,0.09552001953125,2025-12-15 20:03:19.469786
sz.300476,2025-02-12,2025-02-19,0.1422119140625,2025-12-15 20:03:19.469786
sz.300476,2025-02-13,2025-02-20,0.1585693359375,2025-12-15 20:03:19.469786
sz.300476,2025-02-14,2025-02-21,0.1300048828125,2025-12-15 20:03:19.469786
sz.300476,2025-02-17,2025-02-24,0.137939453125,2025-12-15 20:03:19.469786
sz.300476,2025-02-18,2025-02-25,0.140869140625,2025-12-15 20:03:19.469786
sz.300476,2025-02-19,2025-02-26,0.1710205078125,2025-12-15 20:03:19.469786
sz.300476,2025-02-20,2025-02-27,0.16455078125,2025-12-15 20:03:19.469786
sz.300476,2025-02-21,2025-02-28,0.2900390625,2025-12-15 20:03:19.469786
sz.300476,2025-02-24,2025-03-03,0.165283203125,2025-12-15 20:03:19.469786
sz.300476,2025-02-25,2025-03-04,0.13818359375,2025-12-15 20:03:19.469786
sz.300476,2025-02-26,2025-03-05,0.32373046875,2025-12-15 20:03:19.469786
sz.300476,2025-02-27,2025-03-06,0.1502685546875,2025-12-15 20:03:19.469786
sz.300476,2025-02-28,2025-03-07,0.1258544921875,2025-12-15 20:03:19.469786
sz.300476,2025-03-03,2025-03-10,0.13671875,2025-12-15 20:03:19.469786
sz.300476,2025-03-04,2025-03-11,0.1895751953125,2025-12-15 20:03:19.469786
sz.300476,2025-03-05,2025-03-12,0.288330078125,2025-12-15 20:03:19.469786
sz.300476,2025-03-06,2025-03-13,0.1710205078125,2025-12-15 20:03:19.469786
sz.300476,2025-03-07,2025-03-14,0.1318359375,2025-12-15 20:03:19.469786
sz.300476,2025-03-10,2025-03-17,0.310546875,2025-12-15 20:03:19.469786
sz.300476,2025-03-11,2025-03-18,0.13232421875,2025-12-15 20:03:19.469786
sz.300476,2025-03-12,2025-03-19,0.1806640625,2025-12-15 20:03:19.469786
sz.300476,2025-03-13,2025-03-20,0.1724853515625,2025-12-15 20:03:19.469786
sz.300476,2025-03-14,2025-03-21,0.2098388671875,2025-12-15 20:03:19.469786
sz.300476,2025-03-17,2025-03-24,0.26806640625,2025-12-15 20:03:19.469786
sz.300476,2025-03-18,2025-03-25,0.3310546875,2025-12-15 20:03:19.469786
sz.300476,2025-03-19,2025-03-26,0.1971435546875,2025-12-15 20:03:19.469786
sz.300476,2025-03-20,2025-03-27,0.281494140625,2025-12-15 20:03:19.469786
sz.300476,2025-03-21,2025-03-28,0.2342529296875,2025-12-15 20:03:19.469786
sz.300476,2025-03-24,2025-03-31,0.294921875,2025-12-15 20:03:19.469786
sz.300476,2025-03-25,2025-04-01,0.208984375,2025-12-15 20:03:19.469786
sz.300476,2025-03-26,2025-04-02,0.32470703125,2025-12-15 20:03:19.469786
sz.300476,2025-03-27,2025-04-03,0.27392578125,2025-12-15 20:03:19.469786
sz.300476,2025-03-28,2025-04-04,0.2744140625,2025-12-15 20:03:19.469786
sz.300476,2025-03-31,2025-04-07,0.248291015625,2025-12-15 20:03:19.469786
sz.300476,2025-04-01,2025-04-08,0.2352294921875,2025-12-15 20:03:19.469786
sz.300476,2025-04-02,2025-04-09,0.28857421875,2025-12-15 20:03:19.469786
sz.300476,2025-04-03,2025-04-10,0.1644287109375,2025-12-15 20:03:19.469786
sz.300476,2025-04-07,2025-04-14,0.1409912109375,2025-12-15 20:03:19.469786
sz.300476,2025-04-08,2025-04-15,0.1405029296875,2025-12-15 20:03:19.469786
sz.300476,2025-04-09,2025-04-16,0.1588134765625,2025-12-15 20:03:19.469786
sz.300476,2025-04-10,2025-04-17,0.1395263671875,2025-12-15 20:03:19.469786
sz.300476,2025-04-11,2025-04-18,0.203369140625,2025-12-15 20:03:19.469786
sz.300476,2025-04-14,2025-04-21,0.19873046875,2025-12-15 20:03:19.469786
sz.300476,2025-04-15,2025-04-22,0.22216796875,2025-12-15 20:03:19.469786
sz.300476,2025-04-16,2025-04-23,0.29541015625,2025-12-15 20:03:19.469786
sz.300476,2025-04-17,2025-04-24,0.466796875,2025-12-15 20:03:19.469786
sz.300476,2025-04-18,2025-04-25,0.4833984375,2025-12-15 20:03:19.469786
sz.300476,2025-04-21,2025-04-28,0.443603515625,2025-12-15 20:03:19.469786
sz.300476,2025-04-22,2025-04-29,0.318603515625,2025-12-15 20:03:19.469786
sz.300476,2025-04-23,2025-04-30,0.340087890625,2025-12-15 20:03:19.469786
sz.300476,2025-04-24,2025-05-01,0.39208984375,2025-12-15 20:03:19.469786
sz.300476,2025-04-25,2025-05-02,0.44140625,2025-12-15 20:03:19.469786
sz.300476,2025-04-28,2025-05-05,0.45654296875,2025-12-15 20:03:19.469786
sz.300476,2025-04-29,2025-05-06,0.447265625,2025-12-15 20:03:19.469786
sz.300476,2025-04-30,2025-05-07,0.462890625,2025-12-15 20:03:19.469786
sz.300476,2025-05-06,2025-05-13,0.50146484375,2025-12-15 20:03:19.469786
sz.300476,2025-05-07,2025-05-14,0.34326171875,2025-12-15 20:03:19.469786
sz.300476,2025-05-08,2025-05-15,0.4697265625,2025-12-15 20:03:19.469786
sz.300476,2025-05-09,2025-05-16,0.41552734375,2025-12-15 20:03:19.469786
sz.300476,2025-05-12,2025-05-19,0.441162109375,2025-12-15 20:03:19.469786
sz.300476,2025-05-13,2025-05-20,0.37841796875,2025-12-15 20:03:19.469786
sz.300476,2025-05-14,2025-05-21,0.355712890625,2025-12-15 20:03:19.469786
sz.300476,2025-05-15,2025-05-22,0.349365234375,2025-12-15 20:03:19.469786
sz.300476,2025-05-16,2025-05-23,0.49169921875,2025-12-15 20:03:19.469786
sz.300476,2025-05-19,2025-05-26,0.48193359375,2025-12-15 20:03:19.469786
sz.300476,2025-05-20,2025-05-27,0.49853515625,2025-12-15 20:03:19.469786
sz.300476,2025-05-21,2025-05-28,0.470458984375,2025-12-15 20:03:19.469786
sz.300476,2025-05-22,2025-05-29,0.416015625,2025-12-15 20:03:19.469786
sz.300476,2025-05-23,2025-05-30,0.45751953125,2025-12-15 20:03:19.469786
sz.300476,2025-05-26,2025-06-02,0.482177734375,2025-12-15 20:03:19.469786
sz.300476,2025-05-27,2025-06-03,0.467529296875,2025-12-15 20:03:19.469786
sz.300476,2025-05-28,2025-06-04,0.442626953125,2025-12-15 20:03:19.469786
sz.300476,2025-05-29,2025-06-05,0.433349609375,2025-12-15 20:03:19.469786
sz.300476,2025-05-30,2025-06-06,0.437255859375,2025-12-15 20:03:19.469786
sz.300476,2025-06-03,2025-06-10,0.4228515625,2025-12-15 20:03:19.469786
sz.300476,2025-06-04,2025-06-11,0.4501953125,2025-12-15 20:03:19.469786
sz.300476,2025-06-05,2025-06-12,0.280517578125,2025-12-15 20:03:19.469786
sz.300476,2025-06-06,2025-06-13,0.377197265625,2025-12-15 20:03:19.469786
sz.300476,2025-06-09,2025-06-16,0.2763671875,2025-12-15 20:03:19.469786
sz.300476,2025-06-10,2025-06-17,0.2427978515625,2025-12-15 20:03:19.469786
sz.300476,2025-06-11,2025-06-18,0.246337890625,2025-12-15 20:03:19.469786
sz.300476,2025-06-12,2025-06-19,0.2315673828125,2025-12-15 20:03:19.469786
sz.300476,2025-06-13,2025-06-20,0.1993408203125,2025-12-15 20:03:19.469786
sz.300476,2025-06-16,2025-06-23,0.1783447265625,2025-12-15 20:03:19.469786
sz.300476,2025-06-17,2025-06-24,0.21337890625,2025-12-15 20:03:19.469786
sz.300476,2025-06-18,2025-06-25,0.1258544921875,2025-12-15 20:03:19.469786
sz.300476,2025-06-19,2025-06-26,0.24658203125,2025-12-15 20:03:19.469786
sz.300476,2025-06-20,2025-06-27,0.1680908203125,2025-12-15 20:03:19.469786
sz.300476,2025-06-23,2025-06-30,0.23779296875,2025-12-15 20:03:19.469786
sz.300476,2025-06-24,2025-07-01,0.26953125,2025-12-15 20:03:19.469786
sz.300476,2025-06-25,2025-07-02,0.1177978515625,2025-12-15 20:03:19.469786
sz.300476,2025-06-26,2025-07-03,0.164794921875,2025-12-15 20:03:19.469786
sz.300476,2025-06-27,2025-07-04,0.1087646484375,2025-12-15 20:03:19.469786
sz.300476,2025-06-30,2025-07-07,0.168212890625,2025-12-15 20:03:19.469786
sz.300476,2025-07-01,2025-07-08,0.14453125,2025-12-15 20:03:19.469786
sz.300476,2025-07-02,2025-07-09,0.1810302734375,2025-12-15 20:03:19.469786
sz.300476,2025-07-03,2025-07-10,0.2327880859375,2025-12-15 20:03:19.469786
sz.300476,2025-07-04,2025-07-11,0.135009765625,2025-12-15 20:03:19.469786
sz.300476,2025-07-07,2025-07-14,0.1392822265625,2025-12-15 20:03:19.469786
sz.300476,2025-07-08,2025-07-15,0.51123046875,2025-12-15 20:03:19.469786
sz.300476,2025-07-09,2025-07-16,0.1708984375,2025-12-15 20:03:19.469786
sz.300476,2025-07-10,2025-07-17,0.13818359375,2025-12-15 20:03:19.469786
sz.300476,2025-07-11,2025-07-18,0.168212890625,2025-12-15 20:03:19.469786
sz.300476,2025-07-14,2025-07-21,0.1904296875,2025-12-15 20:03:19.469786
sz.300476,2025-07-15,2025-07-22,0.408447265625,2025-12-15 20:03:19.469786
sz.300476,2025-07-16,2025-07-23,0.154052734375,2025-12-15 20:03:19.469786
sz.300476,2025-07-17,2025-07-24,0.460205078125,2025-12-15 20:03:19.469786
sz.300476,2025-07-18,2025-07-25,0.1392822265625,2025-12-15 20:03:19.469786
sz.300476,2025-07-21,2025-07-28,0.16455078125,2025-12-15 20:03:19.469786
sz.300476,2025-07-22,2025-07-29,0.1561279296875,2025-12-15 20:03:19.469786
sz.300476,2025-07-23,2025-07-30,0.1571044921875,2025-12-15 20:03:19.469786
sz.300476,2025-07-24,2025-07-31,0.1650390625,2025-12-15 20:03:19.469786
sz.300476,2025-07-25,2025-08-01,0.2037353515625,2025-12-15 20:03:19.469786
sz.300476,2025-07-28,2025-08-04,0.316650390625,2025-12-15 20:03:19.469786
sz.300476,2025-07-29,2025-08-05,0.38671875,2025-12-15 20:03:19.469786
sz.300476,2025-07-30,2025-08-06,0.285400390625,2025-12-15 20:03:19.469786
sz.300476,2025-07-31,2025-08-07,0.1766357421875,2025-12-15 20:03:19.469786
sz.300476,2025-08-01,2025-08-08,0.2161865234375,2025-12-15 20:03:19.469786
sz.300476,2025-08-04,2025-08-11,0.2685546875,2025-12-15 20:03:19.469786
sz.300476,2025-08-05,2025-08-12,0.1771240234375,2025-12-15 20:03:19.469786
sz.300476,2025-08-06,2025-08-13,0.2198486328125,2025-12-15 20:03:19.469786
sz.300476,2025-08-07,2025-08-14,0.160888671875,2025-12-15 20:03:19.469786
sz.300476,2025-08-08,2025-08-15,0.322509765625,2025-12-15 20:03:19.469786
sz.300476,2025-08-11,2025-08-18,0.1976318359375,2025-12-15 20:03:19.469786
sz.300476,2025-08-12,2025-08-19,0.378173828125,2025-12-15 20:03:19.469786
sz.300476,2025-08-13,2025-08-20,0.395263671875,2025-12-15 20:03:19.469786
sz.300476,2025-08-14,2025-08-21,0.1790771484375,2025-12-15 20:03:19.469786
sz.300476,2025-08-15,2025-08-22,0.28466796875,2025-12-15 20:03:19.469786
sz.300476,2025-08-18,2025-08-25,0.149169921875,2025-12-15 20:03:19.469786
sz.300476,2025-08-19,2025-08-26,0.2225341796875,2025-12-15 20:03:19.469786
sz.300476,2025-08-20,2025-08-27,0.25732421875,2025-12-15 20:03:19.469786
sz.300476,2025-08-21,2025-08-28,0.17626953125,2025-12-15 20:03:19.469786
sz.300476,2025-08-22,2025-08-29,0.243408203125,2025-12-15 20:03:19.469786
sz.300476,2025-08-25,2025-09-01,0.1405029296875,2025-12-15 20:03:19.469786
sz.300476,2025-08-26,2025-09-02,0.1778564453125,2025-12-15 20:03:19.469786
sz.300476,2025-08-27,2025-09-03,0.12445068359375,2025-12-15 20:03:19.469786
sz.300476,2025-08-28,2025-09-04,0.296875,2025-12-15 20:03:19.469786
sz.300476,2025-08-29,2025-09-05,0.1812744140625,2025-12-15 20:03:19.469786
sz.300476,2025-09-01,2025-09-08,0.2034912109375,2025-12-15 20:03:19.469786
sz.300476,2025-09-02,2025-09-09,0.1466064453125,2025-12-15 20:03:19.469786
sz.300476,2025-09-03,2025-09-10,0.2252197265625,2025-12-15 20:03:19.469786
sz.300476,2025-09-04,2025-09-11,0.147216796875,2025-12-15 20:03:19.469786
sz.300476,2025-09-05,2025-09-12,0.275146484375,2025-12-15 20:03:19.469786
sz.300476,2025-09-08,2025-09-15,0.1822509765625,2025-12-15 20:03:19.469786
sz.300476,2025-09-09,2025-09-16,0.2081298828125,2025-12-15 20:03:19.469786
sz.300476,2025-09-10,2025-09-17,0.216796875,2025-12-15 20:03:19.469786
sz.300476,2025-09-11,2025-09-18,0.222900390625,2025-12-15 20:03:19.469786
sz.300476,2025-09-12,2025-09-19,0.2384033203125,2025-12-15 20:03:19.469786
sz.300476,2025-09-15,2025-09-22,0.266357421875,2025-12-15 20:03:19.469786
sz.300476,2025-09-16,2025-09-23,0.276123046875,2025-12-15 20:03:19.469786
sz.300476,2025-09-17,2025-09-24,0.217529296875,2025-12-15 20:03:19.469786
sz.300476,2025-09-18,2025-09-25,0.224365234375,2025-12-15 20:03:19.469786
sz.300476,2025-09-19,2025-09-26,0.258056640625,2025-12-15 20:03:19.469786
sz.300476,2025-09-22,2025-09-29,0.28564453125,2025-12-15 20:03:19.469786
sz.300476,2025-09-23,2025-09-30,0.1939697265625,2025-12-15 20:03:19.469786
sz.300476,2025-09-24,2025-10-01,0.334228515625,2025-12-15 20:03:19.469786
sz.300476,2025-09-25,2025-10-02,0.24169921875,2025-12-15 20:03:19.469786
sz.300476,2025-09-26,2025-10-03,0.1734619140625,2025-12-15 20:03:19.469786
sz.300476,2025-09-29,2025-10-06,0.305908203125,2025-12-15 20:03:19.469786
sz.300476,2025-09-30,2025-10-07,0.2384033203125,2025-12-15 20:03:19.469786
sz.300476,2025-10-09,2025-10-16,0.242431640625,2025-12-15 20:03:19.469786
sz.300476,2025-10-10,2025-10-17,0.1820068359375,2025-12-15 20:03:19.469786
sz.300476,2025-10-13,2025-10-20,0.2430419921875,2025-12-15 20:03:19.469786
sz.300476,2025-10-14,2025-10-21,0.1837158203125,2025-12-15 20:03:19.469786
sz.300476,2025-10-15,2025-10-22,0.2476806640625,2025-12-15 20:03:19.469786
sz.300476,2025-10-16,2025-10-23,0.36181640625,2025-12-15 20:03:19.469786
sz.300476,2025-10-17,2025-10-24,0.2347412109375,2025-12-15 20:03:19.469786
sz.300476,2025-10-20,2025-10-27,0.2076416015625,2025-12-15 20:03:19.469786
sz.300476,2025-10-21,2025-10-28,0.259521484375,2025-12-15 20:03:19.469786
sz.300476,2025-10-22,2025-10-29,0.3701171875,2025-12-15 20:03:19.469786
sz.300476,2025-10-23,2025-10-30,0.33837890625,2025-12-15 20:03:19.469786
sz.300476,2025-10-24,2025-10-31,0.33349609375,2025-12-15 20:03:19.469786
sz.300476,2025-10-27,2025-11-03,0.288818359375,2025-12-15 20:03:19.469786
sz.300476,2025-10-28,2025-11-04,0.12347412109375,2025-12-15 20:03:19.469786
sz.300476,2025-10-29,2025-11-05,0.2142333984375,2025-12-15 20:03:19.469786
sz.300476,2025-10-30,2025-11-06,0.15771484375,2025-12-15 20:03:19.469786
sz.300476,2025-10-31,2025-11-07,0.1546630859375,2025-12-15 20:03:19.469786
sz.300476,2025-11-03,2025-11-10,0.1131591796875,2025-12-15 20:03:19.469786
sz.300476,2025-11-04,2025-11-11,0.11029052734375,2025-12-15 20:03:19.469786
sz.300476,2025-11-05,2025-11-12,0.260498046875,2025-12-15 20:03:19.469786
sz.300476,2025-11-06,2025-11-13,0.14208984375,2025-12-15 20:03:19.469786
sz.300476,2025-11-07,2025-11-14,0.14013671875,2025-12-15 20:03:19.469786
sz.300476,2025-11-10,2025-11-17,0.145263671875,2025-12-15 20:03:19.469786
sz.300476,2025-11-11,2025-11-18,0.1385498046875,2025-12-15 20:03:19.469786
sz.300476,2025-11-12,2025-11-19,0.0740966796875,2025-12-15 20:03:19.469786
sz.300476,2025-11-13,2025-11-20,0.09912109375,2025-12-15 20:03:19.469786
sz.300476,2025-11-14,2025-11-21,0.11962890625,2025-12-15 20:03:19.469786
sz.300476,2025-11-17,2025-11-24,0.09124755859375,2025-12-15 20:03:19.469786
sz.300476,2025-11-18,2025-11-25,0.07720947265625,2025-12-15 20:03:19.469786
sz.300476,2025-11-19,2025-11-26,0.08709716796875,2025-12-15 20:03:19.469786
sz.300476,2025-11-20,2025-11-27,0.129150390625,2025-12-15 20:03:19.469786
sz.300476,2025-11-21,2025-11-28,0.1688232421875,2025-12-15 20:03:19.469786
sz.300476,2025-11-24,2025-12-01,0.2054443359375,2025-12-15 20:03:19.469786
sz.300476,2025-11-25,2025-12-02,0.10052490234375,2025-12-15 20:03:19.469786
sz.300476,2025-11-26,2025-12-03,0.091064453125,2025-12-15 20:03:19.469786
sz.300476,2025-11-27,2025-12-04,0.08929443359375,2025-12-15 20:03:19.469786
sz.300476,2025-11-28,2025-12-05,0.129150390625,2025-12-15 20:03:19.469786
sz.300476,2025-12-01,2025-12-08,0.1165771484375,2025-12-15 20:03:19.469786
sz.300476,2025-12-02,2025-12-09,0.08251953125,2025-12-15 20:03:19.469786
sz.300476,2025-12-03,2025-12-10,0.11199951171875,2025-12-15 20:03:19.469786
sz.300476,2025-12-04,2025-12-11,0.09234619140625,2025-12-15 20:03:19.469786
sz.300476,2025-12-05,2025-12-12,0.134033203125,2025-12-15 20:03:19.469786
sz.300476,2025-12-08,2025-12-15,0.1513671875,2025-12-15 20:03:19.469786
sz.300476,2025-12-09,2025-12-16,0.2132568359375,2025-12-15 20:03:19.469786
sz.300476,2025-12-10,2025-12-17,0.14892578125,2025-12-15 20:03:19.469786
sz.300476,2025-12-11,2025-12-18,0.10211181640625,2025-12-15 20:03:19.469786
sz.300476,2025-12-12,2025-12-19,0.1055908203125,2025-12-15 20:03:19.469786
sz.300476,2025-12-15,2025-12-22,0.11676025390625,2025-12-15 20:03:19.469786
sz.300498,2025-12-15,2025-12-22,0.10894775390625,2025-12-15 20:03:19.469786
sz.300502,2025-12-15,2025-12-22,0.1143798828125,2025-12-15 20:03:19.469786
sz.300628,2025-12-15,2025-12-22,0.10723876953125,2025-12-15 20:03:19.469786
sz.300661,2025-12-15,2025-12-22,0.15234375,2025-12-15 20:03:19.469786
sz.300750,2025-12-15,2025-12-22,0.1363525390625,2025-12-15 20:03:19.469786
sz.300759,2025-12-15,2025-12-22,0.12359619140625,2025-12-15 20:03:19.469786
sz.300760,2025-12-15,2025-12-22,0.137451171875,2025-12-15 20:03:19.469786
sz.300782,2025-12-15,2025-12-22,0.10015869140625,2025-12-15 20:03:19.469786
sz.300803,2022-11-18,2022-11-25,0.0751953125,2025-12-15 20:03:19.469786
sz.300803,2022-11-21,2022-11-28,0.1199951171875,2025-12-15 20:03:19.469786
sz.300803,2022-11-22,2022-11-29,0.0994873046875,2025-12-15 20:03:19.469786
sz.300803,2022-11-23,2022-11-30,0.13037109375,2025-12-15 20:03:19.469786
sz.300803,2022-11-24,2022-12-01,0.1307373046875,2025-12-15 20:03:19.469786
sz.300803,2022-11-25,2022-12-02,0.0830078125,2025-12-15 20:03:19.469786
sz.300803,2022-11-28,2022-12-05,0.1903076171875,2025-12-15 20:03:19.469786
sz.300803,2022-11-29,2022-12-06,0.32470703125,2025-12-15 20:03:19.469786
sz.300803,2022-11-30,2022-12-07,0.1217041015625,2025-12-15 20:03:19.469786
sz.300803,2022-12-01,2022-12-08,0.10125732421875,2025-12-15 20:03:19.469786
sz.300803,2022-12-02,2022-12-09,0.11029052734375,2025-12-15 20:03:19.469786
sz.300803,2022-12-05,2022-12-12,0.1685791015625,2025-12-15 20:03:19.469786
sz.300803,2022-12-06,2022-12-13,0.080078125,2025-12-15 20:03:19.469786
sz.300803,2022-12-07,2022-12-14,0.125732421875,2025-12-15 20:03:19.469786
sz.300803,2022-12-08,2022-12-15,0.1429443359375,2025-12-15 20:03:19.469786
sz.300803,2022-12-09,2022-12-16,0.13916015625,2025-12-15 20:03:19.469786
sz.300803,2022-12-12,2022-12-19,0.134033203125,2025-12-15 20:03:19.469786
sz.300803,2022-12-13,2022-12-20,0.144287109375,2025-12-15 20:03:19.469786
sz.300803,2022-12-14,2022-12-21,0.07666015625,2025-12-15 20:03:19.469786
sz.300803,2022-12-15,2022-12-22,0.1353759765625,2025-12-15 20:03:19.469786
sz.300803,2022-12-16,2022-12-23,0.13232421875,2025-12-15 20:03:19.469786
sz.300803,2022-12-19,2022-12-26,0.138916015625,2025-12-15 20:03:19.469786
sz.300803,2022-12-20,2022-12-27,0.181884765625,2025-12-15 20:03:19.469786
sz.300803,2022-12-21,2022-12-28,0.30712890625,2025-12-15 20:03:19.469786
sz.300803,2022-12-22,2022-12-29,0.3271484375,2025-12-15 20:03:19.469786
sz.300803,2022-12-23,2022-12-30,0.330322265625,2025-12-15 20:03:19.469786
sz.300803,2022-12-26,2023-01-02,0.271484375,2025-12-15 20:03:19.469786
sz.300803,2022-12-27,2023-01-03,0.2274169921875,2025-12-15 20:03:19.469786
sz.300803,2022-12-28,2023-01-04,0.31298828125,2025-12-15 20:03:19.469786
sz.300803,2022-12-29,2023-01-05,0.298583984375,2025-12-15 20:03:19.469786
sz.300803,2022-12-30,2023-01-06,0.34521484375,2025-12-15 20:03:19.469786
sz.300803,2023-01-03,2023-01-10,0.1883544921875,2025-12-15 20:03:19.469786
sz.300803,2023-01-04,2023-01-11,0.191650390625,2025-12-15 20:03:19.469786
sz.300803,2023-01-05,2023-01-12,0.19873046875,2025-12-15 20:03:19.469786
sz.300803,2023-01-06,2023-01-13,0.12493896484375,2025-12-15 20:03:19.469786
sz.300803,2023-01-09,2023-01-16,0.07806396484375,2025-12-15 20:03:19.469786
sz.300803,2023-01-10,2023-01-17,0.07586669921875,2025-12-15 20:03:19.469786
sz.300803,2023-01-11,2023-01-18,0.132568359375,2025-12-15 20:03:19.469786
sz.300803,2023-01-12,2023-01-19,0.10968017578125,2025-12-15 20:03:19.469786
sz.300803,2023-01-13,2023-01-20,0.12841796875,2025-12-15 20:03:19.469786
sz.300803,2023-01-16,2023-01-23,0.09503173828125,2025-12-15 20:03:19.469786
sz.300803,2023-01-17,2023-01-24,0.2310791015625,2025-12-15 20:03:19.469786
sz.300803,2023-01-18,2023-01-25,0.139892578125,2025-12-15 20:03:19.469786
sz.300803,2023-01-19,2023-01-26,0.2509765625,2025-12-15 20:03:19.469786
sz.300803,2023-01-20,2023-01-27,0.2093505859375,2025-12-15 20:03:19.469786
sz.300803,2023-01-30,2023-02-06,0.152587890625,2025-12-15 20:03:19.469786
sz.300803,2023-01-31,2023-02-07,0.1285400390625,2025-12-15 20:03:19.469786
sz.300803,2023-02-01,2023-02-08,0.259765625,2025-12-15 20:03:19.469786
sz.300803,2023-02-02,2023-02-09,0.1563720703125,2025-12-15 20:03:19.469786
sz.300803,2023-02-03,2023-02-10,0.196533203125,2025-12-15 20:03:19.469786
sz.300803,2023-02-06,2023-02-13,0.1444091796875,2025-12-15 20:03:19.469786
sz.300803,2023-02-07,2023-02-14,0.128662109375,2025-12-15 20:03:19.469786
sz.300803,2023-02-08,2023-02-15,0.14501953125,2025-12-15 20:03:19.469786
sz.300803,2023-02-09,2023-02-16,0.19091796875,2025-12-15 20:03:19.469786
sz.300803,2023-02-10,2023-02-17,0.1339111328125,2025-12-15 20:03:19.469786
sz.300803,2023-02-13,2023-02-20,0.138427734375,2025-12-15 20:03:19.469786
sz.300803,2023-02-14,2023-02-21,0.1844482421875,2025-12-15 20:03:19.469786
sz.300803,2023-02-15,2023-02-22,0.109130859375,2025-12-15 20:03:19.469786
sz.300803,2023-02-16,2023-02-23,0.1143798828125,2025-12-15 20:03:19.469786
sz.300803,2023-02-17,2023-02-24,0.127197265625,2025-12-15 20:03:19.469786
sz.300803,2023-02-20,2023-02-27,0.11676025390625,2025-12-15 20:03:19.469786
sz.300803,2023-02-21,2023-02-28,0.1414794921875,2025-12-15 20:03:19.469786
sz.300803,2023-02-22,2023-03-01,0.10650634765625,2025-12-15 20:03:19.469786
sz.300803,2023-02-23,2023-03-02,0.0867919921875,2025-12-15 20:03:19.469786
sz.300803,2023-02-24,2023-03-03,0.136474609375,2025-12-15 20:03:19.469786
sz.300803,2023-02-27,2023-03-06,0.11083984375,2025-12-15 20:03:19.469786
sz.300803,2023-02-28,2023-03-07,0.1376953125,2025-12-15 20:03:19.469786
sz.300803,2023-03-01,2023-03-08,0.232666015625,2025-12-15 20:03:19.469786
sz.300803,2023-03-02,2023-03-09,0.1396484375,2025-12-15 20:03:19.469786
sz.300803,2023-03-03,2023-03-10,0.136962890625,2025-12-15 20:03:19.469786
sz.300803,2023-03-06,2023-03-13,0.132568359375,2025-12-15 20:03:19.469786
sz.300803,2023-03-07,2023-03-14,0.1290283203125,2025-12-15 20:03:19.469786
sz.300803,2023-03-08,2023-03-15,0.11126708984375,2025-12-15 20:03:19.469786
sz.300803,2023-03-09,2023-03-16,0.1209716796875,2025-12-15 20:03:19.469786
sz.300803,2023-03-10,2023-03-17,0.08526611328125,2025-12-15 20:03:19.469786
sz.300803,2023-03-13,2023-03-20,0.1387939453125,2025-12-15 20:03:19.469786
sz.300803,2023-03-14,2023-03-21,0.127685546875,2025-12-15 20:03:19.469786
sz.300803,2023-03-15,2023-03-22,0.12744140625,2025-12-15 20:03:19.469786
sz.300803,2023-03-16,2023-03-23,0.1258544921875,2025-12-15 20:03:19.469786
sz.300803,2023-03-17,2023-03-24,0.089111328125,2025-12-15 20:03:19.469786
sz.300803,2023-03-20,2023-03-27,0.1201171875,2025-12-15 20:03:19.469786
sz.300803,2023-03-21,2023-03-28,0.1878662109375,2025-12-15 20:03:19.469786
sz.300803,2023-03-22,2023-03-29,0.1346435546875,2025-12-15 20:03:19.469786
sz.300803,2023-03-23,2023-03-30,0.170654296875,2025-12-15 20:03:19.469786
sz.300803,2023-03-24,2023-03-31,0.09588623046875,2025-12-15 20:03:19.469786
sz.300803,2023-03-27,2023-04-03,0.093994140625,2025-12-15 20:03:19.469786
sz.300803,2023-03-28,2023-04-04,0.1265869140625,2025-12-15 20:03:19.469786
sz.300803,2023-03-29,2023-04-05,0.1279296875,2025-12-15 20:03:19.469786
sz.300803,2023-03-30,2023-04-06,0.142578125,2025-12-15 20:03:19.469786
sz.300803,2023-03-31,2023-04-07,0.1309814453125,2025-12-15 20:03:19.469786
sz.300803,2023-04-03,2023-04-10,0.134033203125,2025-12-15 20:03:19.469786
sz.300803,2023-04-04,2023-04-11,0.179443359375,2025-12-15 20:03:19.469786
sz.300803,2023-04-06,2023-04-13,0.152587890625,2025-12-15 20:03:19.469786
sz.300803,2023-04-07,2023-04-14,0.1689453125,2025-12-15 20:03:19.469786
sz.300803,2023-04-10,2023-04-17,0.1431884765625,2025-12-15 20:03:19.469786
sz.300803,2023-04-11,2023-04-18,0.12249755859375,2025-12-15 20:03:19.469786
sz.300803,2023-04-12,2023-04-19,0.1458740234375,2025-12-15 20:03:19.469786
sz.300803,2023-04-13,2023-04-20,0.14697265625,2025-12-15 20:03:19.469786
sz.300803,2023-04-14,2023-04-21,0.17236328125,2025-12-15 20:03:19.469786
sz.300803,2023-04-17,2023-04-24,0.14697265625,2025-12-15 20:03:19.469786
sz.300803,2023-04-18,2023-04-25,0.12493896484375,2025-12-15 20:03:19.469786
sz.300803,2023-04-19,2023-04-26,0.1326904296875,2025-12-15 20:03:19.469786
sz.300803,2023-04-20,2023-04-27,0.1627197265625,2025-12-15 20:03:19.469786
sz.300803,2023-04-21,2023-04-28,0.1412353515625,2025-12-15 20:03:19.469786
sz.300803,2023-04-24,2023-05-01,0.100341796875,2025-12-15 20:03:19.469786
sz.300803,2023-04-25,2023-05-02,0.083740234375,2025-12-15 20:03:19.469786
sz.300803,2023-04-26,2023-05-03,0.13232421875,2025-12-15 20:03:19.469786
sz.300803,2023-04-27,2023-05-04,0.103759765625,2025-12-15 20:03:19.469786
sz.300803,2023-04-28,2023-05-05,0.12249755859375,2025-12-15 20:03:19.469786
sz.300803,2023-05-04,2023-05-11,0.116943359375,2025-12-15 20:03:19.469786
sz.300803,2023-05-05,2023-05-12,0.0849609375,2025-12-15 20:03:19.469786
sz.300803,2023-05-08,2023-05-15,0.079345703125,2025-12-15 20:03:19.469786
sz.300803,2023-05-09,2023-05-16,0.07122802734375,2025-12-15 20:03:19.469786
sz.300803,2023-05-10,2023-05-17,0.12347412109375,2025-12-15 20:03:19.469786
sz.300803,2023-05-11,2023-05-18,0.1318359375,2025-12-15 20:03:19.469786
sz.300803,2023-05-12,2023-05-19,0.11578369140625,2025-12-15 20:03:19.469786
sz.300803,2023-05-15,2023-05-22,0.08978271484375,2025-12-15 20:03:19.469786
sz.300803,2023-05-16,2023-05-23,0.1251220703125,2025-12-15 20:03:19.469786
sz.300803,2023-05-17,2023-05-24,0.12408447265625,2025-12-15 20:03:19.469786
sz.300803,2023-05-18,2023-05-25,0.08990478515625,2025-12-15 20:03:19.469786
sz.300803,2023-05-19,2023-05-26,0.1131591796875,2025-12-15 20:03:19.469786
sz.300803,2023-05-22,2023-05-29,0.1339111328125,2025-12-15 20:03:19.469786
sz.300803,2023-05-23,2023-05-30,0.1383056640625,2025-12-15 20:03:19.469786
sz.300803,2023-05-24,2023-05-31,0.1982421875,2025-12-15 20:03:19.469786
sz.300803,2023-05-25,2023-06-01,0.2493896484375,2025-12-15 20:03:19.469786
sz.300803,2023-05-26,2023-06-02,0.11395263671875,2025-12-15 20:03:19.469786
sz.300803,2023-05-29,2023-06-05,0.1395263671875,2025-12-15 20:03:19.469786
sz.300803,2023-05-30,2023-06-06,0.1436767578125,2025-12-15 20:03:19.469786
sz.300803,2023-05-31,2023-06-07,0.335693359375,2025-12-15 20:03:19.469786
sz.300803,2023-06-01,2023-06-08,0.1820068359375,2025-12-15 20:03:19.469786
sz.300803,2023-06-02,2023-06-09,0.2117919921875,2025-12-15 20:03:19.469786
sz.300803,2023-06-05,2023-06-12,0.2666015625,2025-12-15 20:03:19.469786
sz.300803,2023-06-06,2023-06-13,0.1751708984375,2025-12-15 20:03:19.469786
sz.300803,2023-06-07,2023-06-14,0.2021484375,2025-12-15 20:03:19.469786
sz.300803,2023-06-08,2023-06-15,0.1358642578125,2025-12-15 20:03:19.469786
sz.300803,2023-06-09,2023-06-16,0.11083984375,2025-12-15 20:03:19.469786
sz.300803,2023-06-12,2023-06-19,0.128662109375,2025-12-15 20:03:19.469786
sz.300803,2023-06-13,2023-06-20,0.10302734375,2025-12-15 20:03:19.469786
sz.300803,2023-06-14,2023-06-21,0.135009765625,2025-12-15 20:03:19.469786
sz.300803,2023-06-15,2023-06-22,0.131591796875,2025-12-15 20:03:19.469786
sz.300803,2023-06-16,2023-06-23,0.142333984375,2025-12-15 20:03:19.469786
sz.300803,2023-06-19,2023-06-26,0.09320068359375,2025-12-15 20:03:19.469786
sz.300803,2023-06-20,2023-06-27,0.126220703125,2025-12-15 20:03:19.469786
sz.300803,2023-06-21,2023-06-28,0.1375732421875,2025-12-15 20:03:19.469786
sz.300803,2023-06-26,2023-07-03,0.1710205078125,2025-12-15 20:03:19.469786
sz.300803,2023-06-27,2023-07-04,0.28076171875,2025-12-15 20:03:19.469786
sz.300803,2023-06-28,2023-07-05,0.2247314453125,2025-12-15 20:03:19.469786
sz.300803,2023-06-29,2023-07-06,0.434326171875,2025-12-15 20:03:19.469786
sz.300803,2023-06-30,2023-07-07,0.290283203125,2025-12-15 20:03:19.469786
sz.300803,2023-07-03,2023-07-10,0.2005615234375,2025-12-15 20:03:19.469786
sz.300803,2023-07-04,2023-07-11,0.294189453125,2025-12-15 20:03:19.469786
sz.300803,2023-07-05,2023-07-12,0.38671875,2025-12-15 20:03:19.469786
sz.300803,2023-07-06,2023-07-13,0.298583984375,2025-12-15 20:03:19.469786
sz.300803,2023-07-07,2023-07-14,0.27978515625,2025-12-15 20:03:19.469786
sz.300803,2023-07-10,2023-07-17,0.2724609375,2025-12-15 20:03:19.469786
sz.300803,2023-07-11,2023-07-18,0.4609375,2025-12-15 20:03:19.469786
sz.300803,2023-07-12,2023-07-19,0.277099609375,2025-12-15 20:03:19.469786
sz.300803,2023-07-13,2023-07-20,0.2890625,2025-12-15 20:03:19.469786
sz.300803,2023-07-14,2023-07-21,0.39794921875,2025-12-15 20:03:19.469786
sz.300803,2023-07-17,2023-07-24,0.38427734375,2025-12-15 20:03:19.469786
sz.300803,2023-07-18,2023-07-25,0.378173828125,2025-12-15 20:03:19.469786
sz.300803,2023-07-19,2023-07-26,0.400634765625,2025-12-15 20:03:19.469786
sz.300803,2023-07-20,2023-07-27,0.2362060546875,2025-12-15 20:03:19.469786
sz.300803,2023-07-21,2023-07-28,0.3759765625,2025-12-15 20:03:19.469786
sz.300803,2023-07-24,2023-07-31,0.34375,2025-12-15 20:03:19.469786
sz.300803,2023-07-25,2023-08-01,0.1165771484375,2025-12-15 20:03:19.469786
sz.300803,2023-07-26,2023-08-02,0.15478515625,2025-12-15 20:03:19.469786
sz.300803,2023-07-27,2023-08-03,0.202880859375,2025-12-15 20:03:19.469786
sz.300803,2023-07-28,2023-08-04,0.35009765625,2025-12-15 20:03:19.469786
sz.300803,2023-07-31,2023-08-07,0.1114501953125,2025-12-15 20:03:19.469786
sz.300803,2023-08-01,2023-08-08,0.0843505859375,2025-12-15 20:03:19.469786
sz.300803,2023-08-02,2023-08-09,0.07574462890625,2025-12-15 20:03:19.469786
sz.300803,2023-08-03,2023-08-10,0.08154296875,2025-12-15 20:03:19.469786
sz.300803,2023-08-04,2023-08-11,0.093505859375,2025-12-15 20:03:19.469786
sz.300803,2023-08-07,2023-08-14,0.2039794921875,2025-12-15 20:03:19.469786
sz.300803,2023-08-08,2023-08-15,0.126220703125,2025-12-15 20:03:19.469786
sz.300803,2023-08-09,2023-08-16,0.17041015625,2025-12-15 20:03:19.469786
sz.300803,2023-08-10,2023-08-17,0.1766357421875,2025-12-15 20:03:19.469786
sz.300803,2023-08-11,2023-08-18,0.15185546875,2025-12-15 20:03:19.469786
sz.300803,2023-08-14,2023-08-21,0.106689453125,2025-12-15 20:03:19.469786
sz.300803,2023-08-15,2023-08-22,0.216796875,2025-12-15 20:03:19.469786
sz.300803,2023-08-16,2023-08-23,0.1190185546875,2025-12-15 20:03:19.469786
sz.300803,2023-08-17,2023-08-24,0.1387939453125,2025-12-15 20:03:19.469786
sz.300803,2023-08-18,2023-08-25,0.1298828125,2025-12-15 20:03:19.469786
sz.300803,2023-08-21,2023-08-28,0.1629638671875,2025-12-15 20:03:19.469786
sz.300803,2023-08-22,2023-08-29,0.1715087890625,2025-12-15 20:03:19.469786
sz.300803,2023-08-23,2023-08-30,0.1297607421875,2025-12-15 20:03:19.469786
sz.300803,2023-08-24,2023-08-31,0.138427734375,2025-12-15 20:03:19.469786
sz.300803,2023-08-25,2023-09-01,0.2430419921875,2025-12-15 20:03:19.469786
sz.300803,2023-08-28,2023-09-04,0.167724609375,2025-12-15 20:03:19.469786
sz.300803,2023-08-29,2023-09-05,0.1290283203125,2025-12-15 20:03:19.469786
sz.300803,2023-08-30,2023-09-06,0.1455078125,2025-12-15 20:03:19.469786
sz.300803,2023-08-31,2023-09-07,0.1439208984375,2025-12-15 20:03:19.469786
sz.300803,2023-09-01,2023-09-08,0.1275634765625,2025-12-15 20:03:19.469786
sz.300803,2023-09-04,2023-09-11,0.1474609375,2025-12-15 20:03:19.469786
sz.300803,2023-09-05,2023-09-12,0.1588134765625,2025-12-15 20:03:19.469786
sz.300803,2023-09-06,2023-09-13,0.1416015625,2025-12-15 20:03:19.469786
sz.300803,2023-09-07,2023-09-14,0.132080078125,2025-12-15 20:03:19.469786
sz.300803,2023-09-08,2023-09-15,0.1314697265625,2025-12-15 20:03:19.469786
sz.300803,2023-09-11,2023-09-18,0.11553955078125,2025-12-15 20:03:19.469786
sz.300803,2023-09-12,2023-09-19,0.1593017578125,2025-12-15 20:03:19.469786
sz.300803,2023-09-13,2023-09-20,0.1654052734375,2025-12-15 20:03:19.469786
sz.300803,2023-09-14,2023-09-21,0.149169921875,2025-12-15 20:03:19.469786
sz.300803,2023-09-15,2023-09-22,0.1331787109375,2025-12-15 20:03:19.469786
sz.300803,2023-09-18,2023-09-25,0.2103271484375,2025-12-15 20:03:19.469786
sz.300803,2023-09-19,2023-09-26,0.1544189453125,2025-12-15 20:03:19.469786
sz.300803,2023-09-20,2023-09-27,0.1533203125,2025-12-15 20:03:19.469786
sz.300803,2023-09-21,2023-09-28,0.162353515625,2025-12-15 20:03:19.469786
sz.300803,2023-09-22,2023-09-29,0.273193359375,2025-12-15 20:03:19.469786
sz.300803,2023-09-25,2023-10-02,0.1492919921875,2025-12-15 20:03:19.469786
sz.300803,2023-09-26,2023-10-03,0.198974609375,2025-12-15 20:03:19.469786
sz.300803,2023-09-27,2023-10-04,0.218017578125,2025-12-15 20:03:19.469786
sz.300803,2023-09-28,2023-10-05,0.150390625,2025-12-15 20:03:19.469786
sz.300803,2023-10-09,2023-10-16,0.1485595703125,2025-12-15 20:03:19.469786
sz.300803,2023-10-10,2023-10-17,0.1419677734375,2025-12-15 20:03:19.469786
sz.300803,2023-10-11,2023-10-18,0.12261962890625,2025-12-15 20:03:19.469786
sz.300803,2023-10-12,2023-10-19,0.13134765625,2025-12-15 20:03:19.469786
sz.300803,2023-10-13,2023-10-20,0.11199951171875,2025-12-15 20:03:19.469786
sz.300803,2023-10-16,2023-10-23,0.1309814453125,2025-12-15 20:03:19.469786
sz.300803,2023-10-17,2023-10-24,0.09771728515625,2025-12-15 20:03:19.469786
sz.300803,2023-10-18,2023-10-25,0.11029052734375,2025-12-15 20:03:19.469786
sz.300803,2023-10-19,2023-10-26,0.08740234375,2025-12-15 20:03:19.469786
sz.300803,2023-10-20,2023-10-27,0.0970458984375,2025-12-15 20:03:19.469786
sz.300803,2023-10-23,2023-10-30,0.1513671875,2025-12-15 20:03:19.469786
sz.300803,2023-10-24,2023-10-31,0.0982666015625,2025-12-15 20:03:19.469786
sz.300803,2023-10-25,2023-11-01,0.1456298828125,2025-12-15 20:03:19.469786
sz.300803,2023-10-26,2023-11-02,0.09234619140625,2025-12-15 20:03:19.469786
sz.300803,2023-10-27,2023-11-03,0.1591796875,2025-12-15 20:03:19.469786
sz.300803,2023-10-30,2023-11-06,0.1270751953125,2025-12-15 20:03:19.469786
sz.300803,2023-10-31,2023-11-07,0.13671875,2025-12-15 20:03:19.469786
sz.300803,2023-11-01,2023-11-08,0.1390380859375,2025-12-15 20:03:19.469786
sz.300803,2023-11-02,2023-11-09,0.12841796875,2025-12-15 20:03:19.469786
sz.300803,2023-11-03,2023-11-10,0.1214599609375,2025-12-15 20:03:19.469786
sz.300803,2023-11-06,2023-11-13,0.09857177734375,2025-12-15 20:03:19.469786
sz.300803,2023-11-07,2023-11-14,0.1961669921875,2025-12-15 20:03:19.469786
sz.300803,2023-11-08,2023-11-15,0.1544189453125,2025-12-15 20:03:19.469786
sz.300803,2023-11-09,2023-11-16,0.174072265625,2025-12-15 20:03:19.469786
sz.300803,2023-11-10,2023-11-17,0.1365966796875,2025-12-15 20:03:19.469786
sz.300803,2023-11-13,2023-11-20,0.163818359375,2025-12-15 20:03:19.469786
sz.300803,2023-11-14,2023-11-21,0.092041015625,2025-12-15 20:03:19.469786
sz.300803,2023-11-15,2023-11-22,0.091552734375,2025-12-15 20:03:19.469786
sz.300803,2023-11-16,2023-11-23,0.13525390625,2025-12-15 20:03:19.469786
sz.300803,2023-11-17,2023-11-24,0.200927734375,2025-12-15 20:03:19.469786
sz.300803,2023-11-20,2023-11-27,0.171142578125,2025-12-15 20:03:19.469786
sz.300803,2023-11-21,2023-11-28,0.155029296875,2025-12-15 20:03:19.469786
sz.300803,2023-11-22,2023-11-29,0.1475830078125,2025-12-15 20:03:19.469786
sz.300803,2023-11-23,2023-11-30,0.1912841796875,2025-12-15 20:03:19.469786
sz.300803,2023-11-24,2023-12-01,0.161376953125,2025-12-15 20:03:19.469786
sz.300803,2023-11-27,2023-12-04,0.1904296875,2025-12-15 20:03:19.469786
sz.300803,2023-11-28,2023-12-05,0.19677734375,2025-12-15 20:03:19.469786
sz.300803,2023-11-29,2023-12-06,0.1268310546875,2025-12-15 20:03:19.469786
sz.300803,2023-11-30,2023-12-07,0.1739501953125,2025-12-15 20:03:19.469786
sz.300803,2023-12-01,2023-12-08,0.1502685546875,2025-12-15 20:03:19.469786
sz.300803,2023-12-04,2023-12-11,0.1444091796875,2025-12-15 20:03:19.469786
sz.300803,2023-12-05,2023-12-12,0.1605224609375,2025-12-15 20:03:19.469786
sz.300803,2023-12-06,2023-12-13,0.1807861328125,2025-12-15 20:03:19.469786
sz.300803,2023-12-07,2023-12-14,0.1923828125,2025-12-15 20:03:19.469786
sz.300803,2023-12-08,2023-12-15,0.272705078125,2025-12-15 20:03:19.469786
sz.300803,2023-12-11,2023-12-18,0.2337646484375,2025-12-15 20:03:19.469786
sz.300803,2023-12-12,2023-12-19,0.275390625,2025-12-15 20:03:19.469786
sz.300803,2023-12-13,2023-12-20,0.2509765625,2025-12-15 20:03:19.469786
sz.300803,2023-12-14,2023-12-21,0.25439453125,2025-12-15 20:03:19.469786
sz.300803,2023-12-15,2023-12-22,0.250244140625,2025-12-15 20:03:19.469786
sz.300803,2023-12-18,2023-12-25,0.2489013671875,2025-12-15 20:03:19.469786
sz.300803,2023-12-19,2023-12-26,0.27783203125,2025-12-15 20:03:19.469786
sz.300803,2023-12-20,2023-12-27,0.1513671875,2025-12-15 20:03:19.469786
sz.300803,2023-12-21,2023-12-28,0.2349853515625,2025-12-15 20:03:19.469786
sz.300803,2023-12-22,2023-12-29,0.2315673828125,2025-12-15 20:03:19.469786
sz.300803,2023-12-25,2024-01-01,0.1683349609375,2025-12-15 20:03:19.469786
sz.300803,2023-12-26,2024-01-02,0.255615234375,2025-12-15 20:03:19.469786
sz.300803,2023-12-27,2024-01-03,0.193359375,2025-12-15 20:03:19.469786
sz.300803,2023-12-28,2024-01-04,0.22802734375,2025-12-15 20:03:19.469786
sz.300803,2023-12-29,2024-01-05,0.25634765625,2025-12-15 20:03:19.469786
sz.300803,2024-01-02,2024-01-09,0.2034912109375,2025-12-15 20:03:19.469786
sz.300803,2024-01-03,2024-01-10,0.2607421875,2025-12-15 20:03:19.469786
sz.300803,2024-01-04,2024-01-11,0.2398681640625,2025-12-15 20:03:19.469786
sz.300803,2024-01-05,2024-01-12,0.1834716796875,2025-12-15 20:03:19.469786
sz.300803,2024-01-08,2024-01-15,0.162353515625,2025-12-15 20:03:19.469786
sz.300803,2024-01-09,2024-01-16,0.1429443359375,2025-12-15 20:03:19.469786
sz.300803,2024-01-10,2024-01-17,0.1317138671875,2025-12-15 20:03:19.469786
sz.300803,2024-01-11,2024-01-18,0.10595703125,2025-12-15 20:03:19.469786
sz.300803,2024-01-12,2024-01-19,0.125732421875,2025-12-15 20:03:19.469786
sz.300803,2024-01-15,2024-01-22,0.08447265625,2025-12-15 20:03:19.469786
sz.300803,2024-01-16,2024-01-23,0.1365966796875,2025-12-15 20:03:19.469786
sz.300803,2024-01-17,2024-01-24,0.1358642578125,2025-12-15 20:03:19.469786
sz.300803,2024-01-18,2024-01-25,0.09619140625,2025-12-15 20:03:19.469786
sz.300803,2024-01-19,2024-01-26,0.1358642578125,2025-12-15 20:03:19.469786
sz.300803,2024-01-22,2024-01-29,0.12408447265625,2025-12-15 20:03:19.469786
sz.300803,2024-01-23,2024-01-30,0.203125,2025-12-15 20:03:19.469786
sz.300803,2024-01-24,2024-01-31,0.08416748046875,2025-12-15 20:03:19.469786
sz.300803,2024-01-25,2024-02-01,0.09283447265625,2025-12-15 20:03:19.469786
sz.300803,2024-01-26,2024-02-02,0.0966796875,2025-12-15 20:03:19.469786
sz.300803,2024-01-29,2024-02-05,0.11181640625,2025-12-15 20:03:19.469786
sz.300803,2024-01-30,2024-02-06,0.1114501953125,2025-12-15 20:03:19.469786
sz.300803,2024-01-31,2024-02-07,0.127685546875,2025-12-15 20:03:19.469786
sz.300803,2024-02-01,2024-02-08,0.1014404296875,2025-12-15 20:03:19.469786
sz.300803,2024-02-02,2024-02-09,0.1295166015625,2025-12-15 20:03:19.469786
sz.300803,2024-02-05,2024-02-12,0.16064453125,2025-12-15 20:03:19.469786
sz.300803,2024-02-06,2024-02-13,0.25634765625,2025-12-15 20:03:19.469786
sz.300803,2024-02-07,2024-02-14,0.1033935546875,2025-12-15 20:03:19.469786
sz.300803,2024-02-08,2024-02-15,0.09619140625,2025-12-15 20:03:19.469786
sz.300803,2024-02-19,2024-02-26,0.1337890625,2025-12-15 20:03:19.469786
sz.300803,2024-02-20,2024-02-27,0.1121826171875,2025-12-15 20:03:19.469786
sz.300803,2024-02-21,2024-02-28,0.080078125,2025-12-15 20:03:19.469786
sz.300803,2024-02-22,2024-02-29,0.2080078125,2025-12-15 20:03:19.469786
sz.300803,2024-02-23,2024-03-01,0.1395263671875,2025-12-15 20:03:19.469786
sz.300803,2024-02-26,2024-03-04,0.1295166015625,2025-12-15 20:03:19.469786
sz.300803,2024-02-27,2024-03-05,0.42822265625,2025-12-15 20:03:19.469786
sz.300803,2024-02-28,2024-03-06,0.1171875,2025-12-15 20:03:19.469786
sz.300803,2024-02-29,2024-03-07,0.328857421875,2025-12-15 20:03:19.469786
sz.300803,2024-03-01,2024-03-08,0.10211181640625,2025-12-15 20:03:19.469786
sz.300803,2024-03-04,2024-03-11,0.181640625,2025-12-15 20:03:19.469786
sz.300803,2024-03-05,2024-03-12,0.1536865234375,2025-12-15 20:03:19.469786
sz.300803,2024-03-06,2024-03-13,0.11737060546875,2025-12-15 20:03:19.469786
sz.300803,2024-03-07,2024-03-14,0.134033203125,2025-12-15 20:03:19.469786
sz.300803,2024-03-08,2024-03-15,0.1640625,2025-12-15 20:03:19.469786
sz.300803,2024-03-11,2024-03-18,0.2318115234375,2025-12-15 20:03:19.469786
sz.300803,2024-03-12,2024-03-19,0.162109375,2025-12-15 20:03:19.469786
sz.300803,2024-03-13,2024-03-20,0.1632080078125,2025-12-15 20:03:19.469786
sz.300803,2024-03-14,2024-03-21,0.138427734375,2025-12-15 20:03:19.469786
sz.300803,2024-03-15,2024-03-22,0.2042236328125,2025-12-15 20:03:19.469786
sz.300803,2024-03-18,2024-03-25,0.150634765625,2025-12-15 20:03:19.469786
sz.300803,2024-03-19,2024-03-26,0.1512451171875,2025-12-15 20:03:19.469786
sz.300803,2024-03-20,2024-03-27,0.1661376953125,2025-12-15 20:03:19.469786
sz.300803,2024-03-21,2024-03-28,0.090576171875,2025-12-15 20:03:19.469786
sz.300803,2024-03-22,2024-03-29,0.1448974609375,2025-12-15 20:03:19.469786
sz.300803,2024-03-25,2024-04-01,0.1363525390625,2025-12-15 20:03:19.469786
sz.300803,2024-03-26,2024-04-02,0.135986328125,2025-12-15 20:03:19.469786
sz.300803,2024-03-27,2024-04-03,0.13623046875,2025-12-15 20:03:19.469786
sz.300803,2024-03-28,2024-04-04,0.09979248046875,2025-12-15 20:03:19.469786
sz.300803,2024-03-29,2024-04-05,0.149169921875,2025-12-15 20:03:19.469786
sz.300803,2024-04-01,2024-04-08,0.1661376953125,2025-12-15 20:03:19.469786
sz.300803,2024-04-02,2024-04-09,0.1539306640625,2025-12-15 20:03:19.469786
sz.300803,2024-04-03,2024-04-10,0.1429443359375,2025-12-15 20:03:19.469786
sz.300803,2024-04-08,2024-04-15,0.1495361328125,2025-12-15 20:03:19.469786
sz.300803,2024-04-09,2024-04-16,0.1715087890625,2025-12-15 20:03:19.469786
sz.300803,2024-04-10,2024-04-17,0.152587890625,2025-12-15 20:03:19.469786
sz.300803,2024-04-11,2024-04-18,0.14208984375,2025-12-15 20:03:19.469786
sz.300803,2024-04-12,2024-04-19,0.146728515625,2025-12-15 20:03:19.469786
sz.300803,2024-04-15,2024-04-22,0.09368896484375,2025-12-15 20:03:19.469786
sz.300803,2024-04-16,2024-04-23,0.156982421875,2025-12-15 20:03:19.469786
sz.300803,2024-04-17,2024-04-24,0.411376953125,2025-12-15 20:03:19.469786
sz.300803,2024-04-18,2024-04-25,0.1104736328125,2025-12-15 20:03:19.469786
sz.300803,2024-04-19,2024-04-26,0.2086181640625,2025-12-15 20:03:19.469786
sz.300803,2024-04-22,2024-04-29,0.182861328125,2025-12-15 20:03:19.469786
sz.300803,2024-04-23,2024-04-30,0.26171875,2025-12-15 20:03:19.469786
sz.300803,2024-04-24,2024-05-01,0.1959228515625,2025-12-15 20:03:19.469786
sz.300803,2024-04-25,2024-05-02,0.18359375,2025-12-15 20:03:19.469786
sz.300803,2024-04-26,2024-05-03,0.08282470703125,2025-12-15 20:03:19.469786
sz.300803,2024-04-29,2024-05-06,0.0751953125,2025-12-15 20:03:19.469786
sz.300803,2024-04-30,2024-05-07,0.09979248046875,2025-12-15 20:03:19.469786
sz.300803,2024-05-06,2024-05-13,0.1387939453125,2025-12-15 20:03:19.469786
sz.300803,2024-05-07,2024-05-14,0.1358642578125,2025-12-15 20:03:19.469786
sz.300803,2024-05-08,2024-05-15,0.143310546875,2025-12-15 20:03:19.469786
sz.300803,2024-05-09,2024-05-16,0.09136962890625,2025-12-15 20:03:19.469786
sz.300803,2024-05-10,2024-05-17,0.1429443359375,2025-12-15 20:03:19.469786
sz.300803,2024-05-13,2024-05-20,0.1453857421875,2025-12-15 20:03:19.469786
sz.300803,2024-05-14,2024-05-21,0.169189453125,2025-12-15 20:03:19.469786
sz.300803,2024-05-15,2024-05-22,0.1357421875,2025-12-15 20:03:19.469786
sz.300803,2024-05-16,2024-05-23,0.137939453125,2025-12-15 20:03:19.469786
sz.300803,2024-05-17,2024-05-24,0.1273193359375,2025-12-15 20:03:19.469786
sz.300803,2024-05-20,2024-05-27,0.09124755859375,2025-12-15 20:03:19.469786
sz.300803,2024-05-21,2024-05-28,0.17578125,2025-12-15 20:03:19.469786
sz.300803,2024-05-22,2024-05-29,0.152587890625,2025-12-15 20:03:19.469786
sz.300803,2024-05-23,2024-05-30,0.1468505859375,2025-12-15 20:03:19.469786
sz.300803,2024-05-24,2024-05-31,0.1556396484375,2025-12-15 20:03:19.469786
sz.300803,2024-05-27,2024-06-03,0.156982421875,2025-12-15 20:03:19.469786
sz.300803,2024-05-28,2024-06-04,0.16259765625,2025-12-15 20:03:19.469786
sz.300803,2024-05-29,2024-06-05,0.150390625,2025-12-15 20:03:19.469786
sz.300803,2024-05-30,2024-06-06,0.1988525390625,2025-12-15 20:03:19.469786
sz.300803,2024-05-31,2024-06-07,0.1995849609375,2025-12-15 20:03:19.469786
sz.300803,2024-06-03,2024-06-10,0.156982421875,2025-12-15 20:03:19.469786
sz.300803,2024-06-04,2024-06-11,0.1400146484375,2025-12-15 20:03:19.469786
sz.300803,2024-06-05,2024-06-12,0.1632080078125,2025-12-15 20:03:19.469786
sz.300803,2024-06-06,2024-06-13,0.1605224609375,2025-12-15 20:03:19.469786
sz.300803,2024-06-07,2024-06-14,0.1556396484375,2025-12-15 20:03:19.469786
sz.300803,2024-06-11,2024-06-18,0.163818359375,2025-12-15 20:03:19.469786
sz.300803,2024-06-12,2024-06-19,0.2119140625,2025-12-15 20:03:19.469786
sz.300803,2024-06-13,2024-06-20,0.188720703125,2025-12-15 20:03:19.469786
sz.300803,2024-06-14,2024-06-21,0.089599609375,2025-12-15 20:03:19.469786
sz.300803,2024-06-17,2024-06-24,0.188232421875,2025-12-15 20:03:19.469786
sz.300803,2024-06-18,2024-06-25,0.1903076171875,2025-12-15 20:03:19.469786
sz.300803,2024-06-19,2024-06-26,0.1607666015625,2025-12-15 20:03:19.469786
sz.300803,2024-06-20,2024-06-27,0.17333984375,2025-12-15 20:03:19.469786
sz.300803,2024-06-21,2024-06-28,0.2783203125,2025-12-15 20:03:19.469786
sz.300803,2024-06-24,2024-07-01,0.229736328125,2025-12-15 20:03:19.469786
sz.300803,2024-06-25,2024-07-02,0.203125,2025-12-15 20:03:19.469786
sz.300803,2024-06-26,2024-07-03,0.32568359375,2025-12-15 20:03:19.469786
sz.300803,2024-06-27,2024-07-04,0.255126953125,2025-12-15 20:03:19.469786
sz.300803,2024-06-28,2024-07-05,0.17138671875,2025-12-15 20:03:19.469786
sz.300803,2024-07-01,2024-07-08,0.344970703125,2025-12-15 20:03:19.469786
sz.300803,2024-07-02,2024-07-09,0.286865234375,2025-12-15 20:03:19.469786
sz.300803,2024-07-03,2024-07-10,0.3349609375,2025-12-15 20:03:19.469786
sz.300803,2024-07-04,2024-07-11,0.236572265625,2025-12-15 20:03:19.469786
sz.300803,2024-07-05,2024-07-12,0.37841796875,2025-12-15 20:03:19.469786
sz.300803,2024-07-08,2024-07-15,0.307861328125,2025-12-15 20:03:19.469786
sz.300803,2024-07-09,2024-07-16,0.3837890625,2025-12-15 20:03:19.469786
sz.300803,2024-07-10,2024-07-17,0.384765625,2025-12-15 20:03:19.469786
sz.300803,2024-07-11,2024-07-18,0.351806640625,2025-12-15 20:03:19.469786
sz.300803,2024-07-12,2024-07-19,0.376953125,2025-12-15 20:03:19.469786
sz.300803,2024-07-15,2024-07-22,0.393310546875,2025-12-15 20:03:19.469786
sz.300803,2024-07-16,2024-07-23,0.400634765625,2025-12-15 20:03:19.469786
sz.300803,2024-07-17,2024-07-24,0.404296875,2025-12-15 20:03:19.469786
sz.300803,2024-07-18,2024-07-25,0.38916015625,2025-12-15 20:03:19.469786
sz.300803,2024-07-19,2024-07-26,0.430419921875,2025-12-15 20:03:19.469786
sz.300803,2024-07-22,2024-07-29,0.267822265625,2025-12-15 20:03:19.469786
sz.300803,2024-07-23,2024-07-30,0.277099609375,2025-12-15 20:03:19.469786
sz.300803,2024-07-24,2024-07-31,0.29541015625,2025-12-15 20:03:19.469786
sz.300803,2024-07-25,2024-08-01,0.36669921875,2025-12-15 20:03:19.469786
sz.300803,2024-07-26,2024-08-02,0.349853515625,2025-12-15 20:03:19.469786
sz.300803,2024-07-29,2024-08-05,0.359375,2025-12-15 20:03:19.469786
sz.300803,2024-07-30,2024-08-06,0.388916015625,2025-12-15 20:03:19.469786
sz.300803,2024-07-31,2024-08-07,0.242431640625,2025-12-15 20:03:19.469786
sz.300803,2024-08-01,2024-08-08,0.2452392578125,2025-12-15 20:03:19.469786
sz.300803,2024-08-02,2024-08-09,0.2213134765625,2025-12-15 20:03:19.469786
sz.300803,2024-08-05,2024-08-12,0.2509765625,2025-12-15 20:03:19.469786
sz.300803,2024-08-06,2024-08-13,0.216552734375,2025-12-15 20:03:19.469786
sz.300803,2024-08-07,2024-08-14,0.29296875,2025-12-15 20:03:19.469786
sz.300803,2024-08-08,2024-08-15,0.280517578125,2025-12-15 20:03:19.469786
sz.300803,2024-08-09,2024-08-16,0.25,2025-12-15 20:03:19.469786
sz.300803,2024-08-12,2024-08-19,0.3701171875,2025-12-15 20:03:19.469786
sz.300803,2024-08-13,2024-08-20,0.395751953125,2025-12-15 20:03:19.469786
sz.300803,2024-08-14,2024-08-21,0.364501953125,2025-12-15 20:03:19.469786
sz.300803,2024-08-15,2024-08-22,0.266845703125,2025-12-15 20:03:19.469786
sz.300803,2024-08-16,2024-08-23,0.32373046875,2025-12-15 20:03:19.469786
sz.300803,2024-08-19,2024-08-26,0.303955078125,2025-12-15 20:03:19.469786
sz.300803,2024-08-20,2024-08-27,0.270263671875,2025-12-15 20:03:19.469786
sz.300803,2024-08-21,2024-08-28,0.3544921875,2025-12-15 20:03:19.469786
sz.300803,2024-08-22,2024-08-29,0.2259521484375,2025-12-15 20:03:19.469786
sz.300803,2024-08-23,2024-08-30,0.386474609375,2025-12-15 20:03:19.469786
sz.300803,2024-08-26,2024-09-02,0.39306640625,2025-12-15 20:03:19.469786
sz.300803,2024-08-27,2024-09-03,0.326416015625,2025-12-15 20:03:19.469786
sz.300803,2024-08-28,2024-09-04,0.385498046875,2025-12-15 20:03:19.469786
sz.300803,2024-08-29,2024-09-05,0.357666015625,2025-12-15 20:03:19.469786
sz.300803,2024-08-30,2024-09-06,0.2587890625,2025-12-15 20:03:19.469786
sz.300803,2024-09-02,2024-09-09,0.274658203125,2025-12-15 20:03:19.469786
sz.300803,2024-09-03,2024-09-10,0.4443359375,2025-12-15 20:03:19.469786
sz.300803,2024-09-04,2024-09-11,0.3798828125,2025-12-15 20:03:19.469786
sz.300803,2024-09-05,2024-09-12,0.406494140625,2025-12-15 20:03:19.469786
sz.300803,2024-09-06,2024-09-13,0.2259521484375,2025-12-15 20:03:19.469786
sz.300803,2024-09-09,2024-09-16,0.417236328125,2025-12-15 20:03:19.469786
sz.300803,2024-09-10,2024-09-17,0.37744140625,2025-12-15 20:03:19.469786
sz.300803,2024-09-11,2024-09-18,0.440673828125,2025-12-15 20:03:19.469786
sz.300803,2024-09-12,2024-09-19,0.35107421875,2025-12-15 20:03:19.469786
sz.300803,2024-09-13,2024-09-20,0.368408203125,2025-12-15 20:03:19.469786
sz.300803,2024-09-18,2024-09-25,0.3955078125,2025-12-15 20:03:19.469786
sz.300803,2024-09-19,2024-09-26,0.304443359375,2025-12-15 20:03:19.469786
sz.300803,2024-09-20,2024-09-27,0.4052734375,2025-12-15 20:03:19.469786
sz.300803,2024-09-23,2024-09-30,0.37548828125,2025-12-15 20:03:19.469786
sz.300803,2024-09-24,2024-10-01,0.229736328125,2025-12-15 20:03:19.469786
sz.300803,2024-09-25,2024-10-02,0.154052734375,2025-12-15 20:03:19.469786
sz.300803,2024-09-26,2024-10-03,0.1689453125,2025-12-15 20:03:19.469786
sz.300803,2024-09-27,2024-10-04,0.280517578125,2025-12-15 20:03:19.469786
sz.300803,2024-09-30,2024-10-07,0.3046875,2025-12-15 20:03:19.469786
sz.300803,2024-10-08,2024-10-15,0.3701171875,2025-12-15 20:03:19.469786
sz.300803,2024-10-09,2024-10-16,0.10357666015625,2025-12-15 20:03:19.469786
sz.300803,2024-10-10,2024-10-17,0.1348876953125,2025-12-15 20:03:19.469786
sz.300803,2024-10-11,2024-10-18,0.160888671875,2025-12-15 20:03:19.469786
sz.300803,2024-10-14,2024-10-21,0.1553955078125,2025-12-15 20:03:19.469786
sz.300803,2024-10-15,2024-10-22,0.1246337890625,2025-12-15 20:03:19.469786
sz.300803,2024-10-16,2024-10-23,0.1754150390625,2025-12-15 20:03:19.469786
sz.300803,2024-10-17,2024-10-24,0.1431884765625,2025-12-15 20:03:19.469786
sz.300803,2024-10-18,2024-10-25,0.2841796875,2025-12-15 20:03:19.469786
sz.300803,2024-10-21,2024-10-28,0.11798095703125,2025-12-15 20:03:19.469786
sz.300803,2024-10-22,2024-10-29,0.1788330078125,2025-12-15 20:03:19.469786
sz.300803,2024-10-23,2024-10-30,0.118408203125,2025-12-15 20:03:19.469786
sz.300803,2024-10-24,2024-10-31,0.1905517578125,2025-12-15 20:03:19.469786
sz.300803,2024-10-25,2024-11-01,0.1689453125,2025-12-15 20:03:19.469786
sz.300803,2024-10-28,2024-11-04,0.281982421875,2025-12-15 20:03:19.469786
sz.300803,2024-10-29,2024-11-05,0.1693115234375,2025-12-15 20:03:19.469786
sz.300803,2024-10-30,2024-11-06,0.248046875,2025-12-15 20:03:19.469786
sz.300803,2024-10-31,2024-11-07,0.1346435546875,2025-12-15 20:03:19.469786
sz.300803,2024-11-01,2024-11-08,0.146240234375,2025-12-15 20:03:19.469786
sz.300803,2024-11-04,2024-11-11,0.36328125,2025-12-15 20:03:19.469786
sz.300803,2024-11-05,2024-11-12,0.1787109375,2025-12-15 20:03:19.469786
sz.300803,2024-11-06,2024-11-13,0.1231689453125,2025-12-15 20:03:19.469786
sz.300803,2024-11-07,2024-11-14,0.2039794921875,2025-12-15 20:03:19.469786
sz.300803,2024-11-08,2024-11-15,0.1619873046875,2025-12-15 20:03:19.469786
sz.300803,2024-11-11,2024-11-18,0.27685546875,2025-12-15 20:03:19.469786
sz.300803,2024-11-12,2024-11-19,0.1961669921875,2025-12-15 20:03:19.469786
sz.300803,2024-11-13,2024-11-20,0.261962890625,2025-12-15 20:03:19.469786
sz.300803,2024-11-14,2024-11-21,0.2137451171875,2025-12-15 20:03:19.469786
sz.300803,2024-11-15,2024-11-22,0.152587890625,2025-12-15 20:03:19.469786
sz.300803,2024-11-18,2024-11-25,0.17431640625,2025-12-15 20:03:19.469786
sz.300803,2024-11-19,2024-11-26,0.3291015625,2025-12-15 20:03:19.469786
sz.300803,2024-11-20,2024-11-27,0.33544921875,2025-12-15 20:03:19.469786
sz.300803,2024-11-21,2024-11-28,0.23388671875,2025-12-15 20:03:19.469786
sz.300803,2024-11-22,2024-11-29,0.15625,2025-12-15 20:03:19.469786
sz.300803,2024-11-25,2024-12-02,0.261962890625,2025-12-15 20:03:19.469786
sz.300803,2024-11-26,2024-12-03,0.1953125,2025-12-15 20:03:19.469786
sz.300803,2024-11-27,2024-12-04,0.388671875,2025-12-15 20:03:19.469786
sz.300803,2024-11-28,2024-12-05,0.2305908203125,2025-12-15 20:03:19.469786
sz.300803,2024-11-29,2024-12-06,0.140625,2025-12-15 20:03:19.469786
sz.300803,2024-12-02,2024-12-09,0.3076171875,2025-12-15 20:03:19.469786
sz.300803,2024-12-03,2024-12-10,0.24658203125,2025-12-15 20:03:19.469786
sz.300803,2024-12-04,2024-12-11,0.23974609375,2025-12-15 20:03:19.469786
sz.300803,2024-12-05,2024-12-12,0.26318359375,2025-12-15 20:03:19.469786
sz.300803,2024-12-06,2024-12-13,0.185791015625,2025-12-15 20:03:19.469786
sz.300803,2024-12-09,2024-12-16,0.20263671875,2025-12-15 20:03:19.469786
sz.300803,2024-12-10,2024-12-17,0.1697998046875,2025-12-15 20:03:19.469786
sz.300803,2024-12-11,2024-12-18,0.2255859375,2025-12-15 20:03:19.469786
sz.300803,2024-12-12,2024-12-19,0.29736328125,2025-12-15 20:03:19.469786
sz.300803,2024-12-13,2024-12-20,0.2398681640625,2025-12-15 20:03:19.469786
sz.300803,2024-12-16,2024-12-23,0.26123046875,2025-12-15 20:03:19.469786
sz.300803,2024-12-17,2024-12-24,0.26220703125,2025-12-15 20:03:19.469786
sz.300803,2024-12-18,2024-12-25,0.3134765625,2025-12-15 20:03:19.469786
sz.300803,2024-12-19,2024-12-26,0.33740234375,2025-12-15 20:03:19.469786
sz.300803,2024-12-20,2024-12-27,0.3427734375,2025-12-15 20:03:19.469786
sz.300803,2024-12-23,2024-12-30,0.220703125,2025-12-15 20:03:19.469786
sz.300803,2024-12-24,2024-12-31,0.324951171875,2025-12-15 20:03:19.469786
sz.300803,2024-12-25,2025-01-01,0.36669921875,2025-12-15 20:03:19.469786
sz.300803,2024-12-26,2025-01-02,0.275146484375,2025-12-15 20:03:19.469786
sz.300803,2024-12-27,2025-01-03,0.1094970703125,2025-12-15 20:03:19.469786
sz.300803,2024-12-30,2025-01-06,0.2305908203125,2025-12-15 20:03:19.469786
sz.300803,2024-12-31,2025-01-07,0.1414794921875,2025-12-15 20:03:19.469786
sz.300803,2025-01-02,2025-01-09,0.1300048828125,2025-12-15 20:03:19.469786
sz.300803,2025-01-03,2025-01-10,0.1187744140625,2025-12-15 20:03:19.469786
sz.300803,2025-01-06,2025-01-13,0.114990234375,2025-12-15 20:03:19.469786
sz.300803,2025-01-07,2025-01-14,0.09857177734375,2025-12-15 20:03:19.469786
sz.300803,2025-01-08,2025-01-15,0.10968017578125,2025-12-15 20:03:19.469786
sz.300803,2025-01-09,2025-01-16,0.09771728515625,2025-12-15 20:03:19.469786
sz.300803,2025-01-10,2025-01-17,0.12127685546875,2025-12-15 20:03:19.469786
sz.300803,2025-01-13,2025-01-20,0.2454833984375,2025-12-15 20:03:19.469786
sz.300803,2025-01-14,2025-01-21,0.322998046875,2025-12-15 20:03:19.469786
sz.300803,2025-01-15,2025-01-22,0.1385498046875,2025-12-15 20:03:19.469786
sz.300803,2025-01-16,2025-01-23,0.11517333984375,2025-12-15 20:03:19.469786
sz.300803,2025-01-17,2025-01-24,0.0850830078125,2025-12-15 20:03:19.469786
sz.300803,2025-01-20,2025-01-27,0.0994873046875,2025-12-15 20:03:19.469786
sz.300803,2025-01-21,2025-01-28,0.14794921875,2025-12-15 20:03:19.469786
sz.300803,2025-01-22,2025-01-29,0.1746826171875,2025-12-15 20:03:19.469786
sz.300803,2025-01-23,2025-01-30,0.12103271484375,2025-12-15 20:03:19.469786
sz.300803,2025-01-24,2025-01-31,0.102294921875,2025-12-15 20:03:19.469786
sz.300803,2025-01-27,2025-02-03,0.12890625,2025-12-15 20:03:19.469786
sz.300803,2025-02-05,2025-02-12,0.09503173828125,2025-12-15 20:03:19.469786
sz.300803,2025-02-06,2025-02-13,0.1331787109375,2025-12-15 20:03:19.469786
sz.300803,2025-02-07,2025-02-14,0.089111328125,2025-12-15 20:03:19.469786
sz.300803,2025-02-10,2025-02-17,0.147705078125,2025-12-15 20:03:19.469786
sz.300803,2025-02-11,2025-02-18,0.157470703125,2025-12-15 20:03:19.469786
sz.300803,2025-02-12,2025-02-19,0.26416015625,2025-12-15 20:03:19.469786
sz.300803,2025-02-13,2025-02-20,0.1435546875,2025-12-15 20:03:19.469786
sz.300803,2025-02-14,2025-02-21,0.1546630859375,2025-12-15 20:03:19.469786
sz.300803,2025-02-17,2025-02-24,0.11614990234375,2025-12-15 20:03:19.469786
sz.300803,2025-02-18,2025-02-25,0.133544921875,2025-12-15 20:03:19.469786
sz.300803,2025-02-19,2025-02-26,0.1365966796875,2025-12-15 20:03:19.469786
sz.300803,2025-02-20,2025-02-27,0.1439208984375,2025-12-15 20:03:19.469786
sz.300803,2025-02-21,2025-02-28,0.1256103515625,2025-12-15 20:03:19.469786
sz.300803,2025-02-24,2025-03-03,0.1676025390625,2025-12-15 20:03:19.469786
sz.300803,2025-02-25,2025-03-04,0.1326904296875,2025-12-15 20:03:19.469786
sz.300803,2025-02-26,2025-03-05,0.1953125,2025-12-15 20:03:19.469786
sz.300803,2025-02-27,2025-03-06,0.1221923828125,2025-12-15 20:03:19.469786
sz.300803,2025-02-28,2025-03-07,0.114990234375,2025-12-15 20:03:19.469786
sz.300803,2025-03-03,2025-03-10,0.1251220703125,2025-12-15 20:03:19.469786
sz.300803,2025-03-04,2025-03-11,0.306640625,2025-12-15 20:03:19.469786
sz.300803,2025-03-05,2025-03-12,0.11065673828125,2025-12-15 20:03:19.469786
sz.300803,2025-03-06,2025-03-13,0.1177978515625,2025-12-15 20:03:19.469786
sz.300803,2025-03-07,2025-03-14,0.1396484375,2025-12-15 20:03:19.469786
sz.300803,2025-03-10,2025-03-17,0.164794921875,2025-12-15 20:03:19.469786
sz.300803,2025-03-11,2025-03-18,0.0863037109375,2025-12-15 20:03:19.469786
sz.300803,2025-03-12,2025-03-19,0.1134033203125,2025-12-15 20:03:19.469786
sz.300803,2025-03-13,2025-03-20,0.126708984375,2025-12-15 20:03:19.469786
sz.300803,2025-03-14,2025-03-21,0.08758544921875,2025-12-15 20:03:19.469786
sz.300803,2025-03-17,2025-03-24,0.130615234375,2025-12-15 20:03:19.469786
sz.300803,2025-03-18,2025-03-25,0.1446533203125,2025-12-15 20:03:19.469786
sz.300803,2025-03-19,2025-03-26,0.1199951171875,2025-12-15 20:03:19.469786
sz.300803,2025-03-20,2025-03-27,0.13916015625,2025-12-15 20:03:19.469786
sz.300803,2025-03-21,2025-03-28,0.1239013671875,2025-12-15 20:03:19.469786
sz.300803,2025-03-24,2025-03-31,0.13427734375,2025-12-15 20:03:19.469786
sz.300803,2025-03-25,2025-04-01,0.134033203125,2025-12-15 20:03:19.469786
sz.300803,2025-03-26,2025-04-02,0.10125732421875,2025-12-15 20:03:19.469786
sz.300803,2025-03-27,2025-04-03,0.10107421875,2025-12-15 20:03:19.469786
sz.300803,2025-03-28,2025-04-04,0.0863037109375,2025-12-15 20:03:19.469786
sz.300803,2025-03-31,2025-04-07,0.11181640625,2025-12-15 20:03:19.469786
sz.300803,2025-04-01,2025-04-08,0.1282958984375,2025-12-15 20:03:19.469786
sz.300803,2025-04-02,2025-04-09,0.087890625,2025-12-15 20:03:19.469786
sz.300803,2025-04-03,2025-04-10,0.07781982421875,2025-12-15 20:03:19.469786
sz.300803,2025-04-07,2025-04-14,0.1435546875,2025-12-15 20:03:19.469786
sz.300803,2025-04-08,2025-04-15,0.18994140625,2025-12-15 20:03:19.469786
sz.300803,2025-04-09,2025-04-16,0.1502685546875,2025-12-15 20:03:19.469786
sz.300803,2025-04-10,2025-04-17,0.131591796875,2025-12-15 20:03:19.469786
sz.300803,2025-04-11,2025-04-18,0.126953125,2025-12-15 20:03:19.469786
sz.300803,2025-04-14,2025-04-21,0.17431640625,2025-12-15 20:03:19.469786
sz.300803,2025-04-15,2025-04-22,0.257568359375,2025-12-15 20:03:19.469786
sz.300803,2025-04-16,2025-04-23,0.2216796875,2025-12-15 20:03:19.469786
sz.300803,2025-04-17,2025-04-24,0.353759765625,2025-12-15 20:03:19.469786
sz.300803,2025-04-18,2025-04-25,0.22802734375,2025-12-15 20:03:19.469786
sz.300803,2025-04-21,2025-04-28,0.353271484375,2025-12-15 20:03:19.469786
sz.300803,2025-04-22,2025-04-29,0.1922607421875,2025-12-15 20:03:19.469786
sz.300803,2025-04-23,2025-04-30,0.1314697265625,2025-12-15 20:03:19.469786
sz.300803,2025-04-24,2025-05-01,0.1815185546875,2025-12-15 20:03:19.469786
sz.300803,2025-04-25,2025-05-02,0.077392578125,2025-12-15 20:03:19.469786
sz.300803,2025-04-28,2025-05-05,0.1248779296875,2025-12-15 20:03:19.469786
sz.300803,2025-04-29,2025-05-06,0.1395263671875,2025-12-15 20:03:19.469786
sz.300803,2025-04-30,2025-05-07,0.09417724609375,2025-12-15 20:03:19.469786
sz.300803,2025-05-06,2025-05-13,0.0987548828125,2025-12-15 20:03:19.469786
sz.300803,2025-05-07,2025-05-14,0.12274169921875,2025-12-15 20:03:19.469786
sz.300803,2025-05-08,2025-05-15,0.12249755859375,2025-12-15 20:03:19.469786
sz.300803,2025-05-09,2025-05-16,0.14111328125,2025-12-15 20:03:19.469786
sz.300803,2025-05-12,2025-05-19,0.122314453125,2025-12-15 20:03:19.469786
sz.300803,2025-05-13,2025-05-20,0.1343994140625,2025-12-15 20:03:19.469786
sz.300803,2025-05-14,2025-05-21,0.080078125,2025-12-15 20:03:19.469786
sz.300803,2025-05-15,2025-05-22,0.1309814453125,2025-12-15 20:03:19.469786
sz.300803,2025-05-16,2025-05-23,0.1375732421875,2025-12-15 20:03:19.469786
sz.300803,2025-05-19,2025-05-26,0.127685546875,2025-12-15 20:03:19.469786
sz.300803,2025-05-20,2025-05-27,0.11395263671875,2025-12-15 20:03:19.469786
sz.300803,2025-05-21,2025-05-28,0.134033203125,2025-12-15 20:03:19.469786
sz.300803,2025-05-22,2025-05-29,0.125244140625,2025-12-15 20:03:19.469786
sz.300803,2025-05-23,2025-05-30,0.1300048828125,2025-12-15 20:03:19.469786
sz.300803,2025-05-26,2025-06-02,0.230224609375,2025-12-15 20:03:19.469786
sz.300803,2025-05-27,2025-06-03,0.1248779296875,2025-12-15 20:03:19.469786
sz.300803,2025-05-28,2025-06-04,0.139892578125,2025-12-15 20:03:19.469786
sz.300803,2025-05-29,2025-06-05,0.1063232421875,2025-12-15 20:03:19.469786
sz.300803,2025-05-30,2025-06-06,0.1358642578125,2025-12-15 20:03:19.469786
sz.300803,2025-06-03,2025-06-10,0.08978271484375,2025-12-15 20:03:19.469786
sz.300803,2025-06-04,2025-06-11,0.0953369140625,2025-12-15 20:03:19.469786
sz.300803,2025-06-05,2025-06-12,0.090087890625,2025-12-15 20:03:19.469786
sz.300803,2025-06-06,2025-06-13,0.1319580078125,2025-12-15 20:03:19.469786
sz.300803,2025-06-09,2025-06-16,0.07684326171875,2025-12-15 20:03:19.469786
sz.300803,2025-06-10,2025-06-17,0.1328125,2025-12-15 20:03:19.469786
sz.300803,2025-06-11,2025-06-18,0.06982421875,2025-12-15 20:03:19.469786
sz.300803,2025-06-12,2025-06-19,0.0751953125,2025-12-15 20:03:19.469786
sz.300803,2025-06-13,2025-06-20,0.11981201171875,2025-12-15 20:03:19.469786
sz.300803,2025-06-16,2025-06-23,0.2021484375,2025-12-15 20:03:19.469786
sz.300803,2025-06-17,2025-06-24,0.1258544921875,2025-12-15 20:03:19.469786
sz.300803,2025-06-18,2025-06-25,0.1409912109375,2025-12-15 20:03:19.469786
sz.300803,2025-06-19,2025-06-26,0.134033203125,2025-12-15 20:03:19.469786
sz.300803,2025-06-20,2025-06-27,0.1473388671875,2025-12-15 20:03:19.469786
sz.300803,2025-06-23,2025-06-30,0.097412109375,2025-12-15 20:03:19.469786
sz.300803,2025-06-24,2025-07-01,0.09967041015625,2025-12-15 20:03:19.469786
sz.300803,2025-06-25,2025-07-02,0.156494140625,2025-12-15 20:03:19.469786
sz.300803,2025-06-26,2025-07-03,0.189697265625,2025-12-15 20:03:19.469786
sz.300803,2025-06-27,2025-07-04,0.165283203125,2025-12-15 20:03:19.469786
sz.300803,2025-06-30,2025-07-07,0.299072265625,2025-12-15 20:03:19.469786
sz.300803,2025-07-01,2025-07-08,0.2049560546875,2025-12-15 20:03:19.469786
sz.300803,2025-07-02,2025-07-09,0.2193603515625,2025-12-15 20:03:19.469786
sz.300803,2025-07-03,2025-07-10,0.242919921875,2025-12-15 20:03:19.469786
sz.300803,2025-07-04,2025-07-11,0.154541015625,2025-12-15 20:03:19.469786
sz.300803,2025-07-07,2025-07-14,0.21337890625,2025-12-15 20:03:19.469786
sz.300803,2025-07-08,2025-07-15,0.26025390625,2025-12-15 20:03:19.469786
sz.300803,2025-07-09,2025-07-16,0.2060546875,2025-12-15 20:03:19.469786
sz.300803,2025-07-10,2025-07-17,0.21728515625,2025-12-15 20:03:19.469786
sz.300803,2025-07-11,2025-07-18,0.274169921875,2025-12-15 20:03:19.469786
sz.300803,2025-07-14,2025-07-21,0.354248046875,2025-12-15 20:03:19.469786
sz.300803,2025-07-15,2025-07-22,0.453857421875,2025-12-15 20:03:19.469786
sz.300803,2025-07-16,2025-07-23,0.50439453125,2025-12-15 20:03:19.469786
sz.300803,2025-07-17,2025-07-24,0.486572265625,2025-12-15 20:03:19.469786
sz.300803,2025-07-18,2025-07-25,0.420654296875,2025-12-15 20:03:19.469786
sz.300803,2025-07-21,2025-07-28,0.442138671875,2025-12-15 20:03:19.469786
sz.300803,2025-07-22,2025-07-29,0.4609375,2025-12-15 20:03:19.469786
sz.300803,2025-07-23,2025-07-30,0.32275390625,2025-12-15 20:03:19.469786
sz.300803,2025-07-24,2025-07-31,0.355224609375,2025-12-15 20:03:19.469786
sz.300803,2025-07-25,2025-08-01,0.297119140625,2025-12-15 20:03:19.469786
sz.300803,2025-07-28,2025-08-04,0.345703125,2025-12-15 20:03:19.469786
sz.300803,2025-07-29,2025-08-05,0.37353515625,2025-12-15 20:03:19.469786
sz.300803,2025-07-30,2025-08-06,0.38134765625,2025-12-15 20:03:19.469786
sz.300803,2025-07-31,2025-08-07,0.340576171875,2025-12-15 20:03:19.469786
sz.300803,2025-08-01,2025-08-08,0.443603515625,2025-12-15 20:03:19.469786
sz.300803,2025-08-04,2025-08-11,0.4794921875,2025-12-15 20:03:19.469786
sz.300803,2025-08-05,2025-08-12,0.45947265625,2025-12-15 20:03:19.469786
sz.300803,2025-08-06,2025-08-13,0.494140625,2025-12-15 20:03:19.469786
sz.300803,2025-08-07,2025-08-14,0.416015625,2025-12-15 20:03:19.469786
sz.300803,2025-08-08,2025-08-15,0.413330078125,2025-12-15 20:03:19.469786
sz.300803,2025-08-11,2025-08-18,0.43017578125,2025-12-15 20:03:19.469786
sz.300803,2025-08-12,2025-08-19,0.51416015625,2025-12-15 20:03:19.469786
sz.300803,2025-08-13,2025-08-20,0.1949462890625,2025-12-15 20:03:19.469786
sz.300803,2025-08-14,2025-08-21,0.2529296875,2025-12-15 20:03:19.469786
sz.300803,2025-08-15,2025-08-22,0.412353515625,2025-12-15 20:03:19.469786
sz.300803,2025-08-18,2025-08-25,0.07598876953125,2025-12-15 20:03:19.469786
sz.300803,2025-08-19,2025-08-26,0.1044921875,2025-12-15 20:03:19.469786
sz.300803,2025-08-20,2025-08-27,0.1346435546875,2025-12-15 20:03:19.469786
sz.300803,2025-08-21,2025-08-28,0.09588623046875,2025-12-15 20:03:19.469786
sz.300803,2025-08-22,2025-08-29,0.3681640625,2025-12-15 20:03:19.469786
sz.300803,2025-08-25,2025-09-01,0.0938720703125,2025-12-15 20:03:19.469786
sz.300803,2025-08-26,2025-09-02,0.315673828125,2025-12-15 20:03:19.469786
sz.300803,2025-08-27,2025-09-03,0.1529541015625,2025-12-15 20:03:19.469786
sz.300803,2025-08-28,2025-09-04,0.1588134765625,2025-12-15 20:03:19.469786
sz.300803,2025-08-29,2025-09-05,0.10858154296875,2025-12-15 20:03:19.469786
sz.300803,2025-09-01,2025-09-08,0.192138671875,2025-12-15 20:03:19.469786
sz.300803,2025-09-02,2025-09-09,0.1429443359375,2025-12-15 20:03:19.469786
sz.300803,2025-09-03,2025-09-10,0.1407470703125,2025-12-15 20:03:19.469786
sz.300803,2025-09-04,2025-09-11,0.1341552734375,2025-12-15 20:03:19.469786
sz.300803,2025-09-05,2025-09-12,0.194580078125,2025-12-15 20:03:19.469786
sz.300803,2025-09-08,2025-09-15,0.188720703125,2025-12-15 20:03:19.469786
sz.300803,2025-09-09,2025-09-16,0.1527099609375,2025-12-15 20:03:19.469786
sz.300803,2025-09-10,2025-09-17,0.1453857421875,2025-12-15 20:03:19.469786
sz.300803,2025-09-11,2025-09-18,0.2398681640625,2025-12-15 20:03:19.469786
sz.300803,2025-09-12,2025-09-19,0.12066650390625,2025-12-15 20:03:19.469786
sz.300803,2025-09-15,2025-09-22,0.167724609375,2025-12-15 20:03:19.469786
sz.300803,2025-09-16,2025-09-23,0.26220703125,2025-12-15 20:03:19.469786
sz.300803,2025-09-17,2025-09-24,0.1588134765625,2025-12-15 20:03:19.469786
sz.300803,2025-09-18,2025-09-25,0.1441650390625,2025-12-15 20:03:19.469786
sz.300803,2025-09-19,2025-09-26,0.13720703125,2025-12-15 20:03:19.469786
sz.300803,2025-09-22,2025-09-29,0.30517578125,2025-12-15 20:03:19.469786
sz.300803,2025-09-23,2025-09-30,0.2301025390625,2025-12-15 20:03:19.469786
sz.300803,2025-09-24,2025-10-01,0.1729736328125,2025-12-15 20:03:19.469786
sz.300803,2025-09-25,2025-10-02,0.1751708984375,2025-12-15 20:03:19.469786
sz.300803,2025-09-26,2025-10-03,0.1588134765625,2025-12-15 20:03:19.469786
sz.300803,2025-09-29,2025-10-06,0.1319580078125,2025-12-15 20:03:19.469786
sz.300803,2025-09-30,2025-10-07,0.2467041015625,2025-12-15 20:03:19.469786
sz.300803,2025-10-09,2025-10-16,0.2235107421875,2025-12-15 20:03:19.469786
sz.300803,2025-10-10,2025-10-17,0.1424560546875,2025-12-15 20:03:19.469786
sz.300803,2025-10-13,2025-10-20,0.2215576171875,2025-12-15 20:03:19.469786
sz.300803,2025-10-14,2025-10-21,0.12158203125,2025-12-15 20:03:19.469786
sz.300803,2025-10-15,2025-10-22,0.226318359375,2025-12-15 20:03:19.469786
sz.300803,2025-10-16,2025-10-23,0.1492919921875,2025-12-15 20:03:19.469786
sz.300803,2025-10-17,2025-10-24,0.14111328125,2025-12-15 20:03:19.469786
sz.300803,2025-10-20,2025-10-27,0.1697998046875,2025-12-15 20:03:19.469786
sz.300803,2025-10-21,2025-10-28,0.1943359375,2025-12-15 20:03:19.469786
sz.300803,2025-10-22,2025-10-29,0.219482421875,2025-12-15 20:03:19.469786
sz.300803,2025-10-23,2025-10-30,0.2225341796875,2025-12-15 20:03:19.469786
sz.300803,2025-10-24,2025-10-31,0.31689453125,2025-12-15 20:03:19.469786
sz.300803,2025-10-27,2025-11-03,0.170654296875,2025-12-15 20:03:19.469786
sz.300803,2025-10-28,2025-11-04,0.13037109375,2025-12-15 20:03:19.469786
sz.300803,2025-10-29,2025-11-05,0.21044921875,2025-12-15 20:03:19.469786
sz.300803,2025-10-30,2025-11-06,0.1497802734375,2025-12-15 20:03:19.469786
sz.300803,2025-10-31,2025-11-07,0.1666259765625,2025-12-15 20:03:19.469786
sz.300803,2025-11-03,2025-11-10,0.2242431640625,2025-12-15 20:03:19.469786
sz.300803,2025-11-04,2025-11-11,0.1544189453125,2025-12-15 20:03:19.469786
sz.300803,2025-11-05,2025-11-12,0.1279296875,2025-12-15 20:03:19.469786
sz.300803,2025-11-06,2025-11-13,0.142822265625,2025-12-15 20:03:19.469786
sz.300803,2025-11-07,2025-11-14,0.16064453125,2025-12-15 20:03:19.469786
sz.300803,2025-11-10,2025-11-17,0.1849365234375,2025-12-15 20:03:19.469786
sz.300803,2025-11-11,2025-11-18,0.1358642578125,2025-12-15 20:03:19.469786
sz.300803,2025-11-12,2025-11-19,0.138671875,2025-12-15 20:03:19.469786
sz.300803,2025-11-13,2025-11-20,0.16259765625,2025-12-15 20:03:19.469786
sz.300803,2025-11-14,2025-11-21,0.13818359375,2025-12-15 20:03:19.469786
sz.300803,2025-11-17,2025-11-24,0.208984375,2025-12-15 20:03:19.469786
sz.300803,2025-11-18,2025-11-25,0.1175537109375,2025-12-15 20:03:19.469786
sz.300803,2025-11-19,2025-11-26,0.1405029296875,2025-12-15 20:03:19.469786
sz.300803,2025-11-20,2025-11-27,0.138427734375,2025-12-15 20:03:19.469786
sz.300803,2025-11-21,2025-11-28,0.1307373046875,2025-12-15 20:03:19.469786
sz.300803,2025-11-24,2025-12-01,0.1134033203125,2025-12-15 20:03:19.469786
sz.300803,2025-11-25,2025-12-02,0.13037109375,2025-12-15 20:03:19.469786
sz.300803,2025-11-26,2025-12-03,0.09088134765625,2025-12-15 20:03:19.469786
sz.300803,2025-11-27,2025-12-04,0.1361083984375,2025-12-15 20:03:19.469786
sz.300803,2025-11-28,2025-12-05,0.2108154296875,2025-12-15 20:03:19.469786
sz.300803,2025-12-01,2025-12-08,0.156494140625,2025-12-15 20:03:19.469786
sz.300803,2025-12-02,2025-12-09,0.1597900390625,2025-12-15 20:03:19.469786
sz.300803,2025-12-03,2025-12-10,0.1378173828125,2025-12-15 20:03:19.469786
sz.300803,2025-12-04,2025-12-11,0.11517333984375,2025-12-15 20:03:19.469786
sz.300803,2025-12-05,2025-12-12,0.11859130859375,2025-12-15 20:03:19.469786
sz.300803,2025-12-08,2025-12-15,0.1240234375,2025-12-15 20:03:19.469786
sz.300803,2025-12-09,2025-12-16,0.1610107421875,2025-12-15 20:03:19.469786
sz.300803,2025-12-10,2025-12-17,0.1585693359375,2025-12-15 20:03:19.469786
sz.300803,2025-12-11,2025-12-18,0.1512451171875,2025-12-15 20:03:19.469786
sz.300803,2025-12-12,2025-12-19,0.11614990234375,2025-12-15 20:03:19.469786
sz.300803,2025-12-15,2025-12-22,0.1387939453125,2025-12-15 20:03:19.469786
sz.300832,2025-12-15,2025-12-22,0.097412109375,2025-12-15 20:03:19.469786
sz.300866,2023-08-24,2023-08-31,0.23828125,2025-12-15 20:03:19.469786
sz.300866,2023-08-25,2023-09-01,0.27734375,2025-12-15 20:03:19.469786
sz.300866,2023-08-28,2023-09-04,0.163818359375,2025-12-15 20:03:19.469786
sz.300866,2023-08-29,2023-09-05,0.2467041015625,2025-12-15 20:03:19.469786
sz.300866,2023-08-30,2023-09-06,0.1143798828125,2025-12-15 20:03:19.469786
sz.300866,2023-08-31,2023-09-07,0.09136962890625,2025-12-15 20:03:19.469786
sz.300866,2023-09-01,2023-09-08,0.1240234375,2025-12-15 20:03:19.469786
sz.300866,2023-09-04,2023-09-11,0.12213134765625,2025-12-15 20:03:19.469786
sz.300866,2023-09-05,2023-09-12,0.1236572265625,2025-12-15 20:03:19.469786
sz.300866,2023-09-06,2023-09-13,0.18115234375,2025-12-15 20:03:19.469786
sz.300866,2023-09-07,2023-09-14,0.1600341796875,2025-12-15 20:03:19.469786
sz.300866,2023-09-08,2023-09-15,0.14404296875,2025-12-15 20:03:19.469786
sz.300866,2023-09-11,2023-09-18,0.1376953125,2025-12-15 20:03:19.469786
sz.300866,2023-09-12,2023-09-19,0.1934814453125,2025-12-15 20:03:19.469786
sz.300866,2023-09-13,2023-09-20,0.1383056640625,2025-12-15 20:03:19.469786
sz.300866,2023-09-14,2023-09-21,0.1536865234375,2025-12-15 20:03:19.469786
sz.300866,2023-09-15,2023-09-22,0.12890625,2025-12-15 20:03:19.469786
sz.300866,2023-09-18,2023-09-25,0.0943603515625,2025-12-15 20:03:19.469786
sz.300866,2023-09-19,2023-09-26,0.1456298828125,2025-12-15 20:03:19.469786
sz.300866,2023-09-20,2023-09-27,0.1456298828125,2025-12-15 20:03:19.469786
sz.300866,2023-09-21,2023-09-28,0.14990234375,2025-12-15 20:03:19.469786
sz.300866,2023-09-22,2023-09-29,0.105224609375,2025-12-15 20:03:19.469786
sz.300866,2023-09-25,2023-10-02,0.09234619140625,2025-12-15 20:03:19.469786
sz.300866,2023-09-26,2023-10-03,0.0885009765625,2025-12-15 20:03:19.469786
sz.300866,2023-09-27,2023-10-04,0.1282958984375,2025-12-15 20:03:19.469786
sz.300866,2023-09-28,2023-10-05,0.1949462890625,2025-12-15 20:03:19.469786
sz.300866,2023-10-09,2023-10-16,0.1485595703125,2025-12-15 20:03:19.469786
sz.300866,2023-10-10,2023-10-17,0.2135009765625,2025-12-15 20:03:19.469786
sz.300866,2023-10-11,2023-10-18,0.1995849609375,2025-12-15 20:03:19.469786
sz.300866,2023-10-12,2023-10-19,0.1573486328125,2025-12-15 20:03:19.469786
sz.300866,2023-10-13,2023-10-20,0.2203369140625,2025-12-15 20:03:19.469786
sz.300866,2023-10-16,2023-10-23,0.19580078125,2025-12-15 20:03:19.469786
sz.300866,2023-10-17,2023-10-24,0.27392578125,2025-12-15 20:03:19.469786
sz.300866,2023-10-18,2023-10-25,0.276123046875,2025-12-15 20:03:19.469786
sz.300866,2023-10-19,2023-10-26,0.1270751953125,2025-12-15 20:03:19.469786
sz.300866,2023-10-20,2023-10-27,0.1629638671875,2025-12-15 20:03:19.469786
sz.300866,2023-10-23,2023-10-30,0.14794921875,2025-12-15 20:03:19.469786
sz.300866,2023-10-24,2023-10-31,0.1705322265625,2025-12-15 20:03:19.469786
sz.300866,2023-10-25,2023-11-01,0.1776123046875,2025-12-15 20:03:19.469786
sz.300866,2023-10-26,2023-11-02,0.169921875,2025-12-15 20:03:19.469786
sz.300866,2023-10-27,2023-11-03,0.241455078125,2025-12-15 20:03:19.469786
sz.300866,2023-10-30,2023-11-06,0.1201171875,2025-12-15 20:03:19.469786
sz.300866,2023-10-31,2023-11-07,0.1573486328125,2025-12-15 20:03:19.469786
sz.300866,2023-11-01,2023-11-08,0.1490478515625,2025-12-15 20:03:19.469786
sz.300866,2023-11-02,2023-11-09,0.1331787109375,2025-12-15 20:03:19.469786
sz.300866,2023-11-03,2023-11-10,0.1492919921875,2025-12-15 20:03:19.469786
sz.300866,2023-11-06,2023-11-13,0.10894775390625,2025-12-15 20:03:19.469786
sz.300866,2023-11-07,2023-11-14,0.1466064453125,2025-12-15 20:03:19.469786
sz.300866,2023-11-08,2023-11-15,0.1580810546875,2025-12-15 20:03:19.469786
sz.300866,2023-11-09,2023-11-16,0.1695556640625,2025-12-15 20:03:19.469786
sz.300866,2023-11-10,2023-11-17,0.1339111328125,2025-12-15 20:03:19.469786
sz.300866,2023-11-13,2023-11-20,0.1790771484375,2025-12-15 20:03:19.469786
sz.300866,2023-11-14,2023-11-21,0.11395263671875,2025-12-15 20:03:19.469786
sz.300866,2023-11-15,2023-11-22,0.1893310546875,2025-12-15 20:03:19.469786
sz.300866,2023-11-16,2023-11-23,0.162353515625,2025-12-15 20:03:19.469786
sz.300866,2023-11-17,2023-11-24,0.1951904296875,2025-12-15 20:03:19.469786
sz.300866,2023-11-20,2023-11-27,0.134765625,2025-12-15 20:03:19.469786
sz.300866,2023-11-21,2023-11-28,0.1416015625,2025-12-15 20:03:19.469786
sz.300866,2023-11-22,2023-11-29,0.1387939453125,2025-12-15 20:03:19.469786
sz.300866,2023-11-23,2023-11-30,0.200927734375,2025-12-15 20:03:19.469786
sz.300866,2023-11-24,2023-12-01,0.1439208984375,2025-12-15 20:03:19.469786
sz.300866,2023-11-27,2023-12-04,0.1494140625,2025-12-15 20:03:19.469786
sz.300866,2023-11-28,2023-12-05,0.20703125,2025-12-15 20:03:19.469786
sz.300866,2023-11-29,2023-12-06,0.126953125,2025-12-15 20:03:19.469786
sz.300866,2023-11-30,2023-12-07,0.1778564453125,2025-12-15 20:03:19.469786
sz.300866,2023-12-01,2023-12-08,0.14306640625,2025-12-15 20:03:19.469786
sz.300866,2023-12-04,2023-12-11,0.1396484375,2025-12-15 20:03:19.469786
sz.300866,2023-12-05,2023-12-12,0.115966796875,2025-12-15 20:03:19.469786
sz.300866,2023-12-06,2023-12-13,0.107421875,2025-12-15 20:03:19.469786
sz.300866,2023-12-07,2023-12-14,0.1409912109375,2025-12-15 20:03:19.469786
sz.300866,2023-12-08,2023-12-15,0.1883544921875,2025-12-15 20:03:19.469786
sz.300866,2023-12-11,2023-12-18,0.1409912109375,2025-12-15 20:03:19.469786
sz.300866,2023-12-12,2023-12-19,0.1270751953125,2025-12-15 20:03:19.469786
sz.300866,2023-12-13,2023-12-20,0.1331787109375,2025-12-15 20:03:19.469786
sz.300866,2023-12-14,2023-12-21,0.1290283203125,2025-12-15 20:03:19.469786
sz.300866,2023-12-15,2023-12-22,0.1282958984375,2025-12-15 20:03:19.469786
sz.300866,2023-12-18,2023-12-25,0.10174560546875,2025-12-15 20:03:19.469786
sz.300866,2023-12-19,2023-12-26,0.132080078125,2025-12-15 20:03:19.469786
sz.300866,2023-12-20,2023-12-27,0.1287841796875,2025-12-15 20:03:19.469786
sz.300866,2023-12-21,2023-12-28,0.10357666015625,2025-12-15 20:03:19.469786
sz.300866,2023-12-22,2023-12-29,0.1424560546875,2025-12-15 20:03:19.469786
sz.300866,2023-12-25,2024-01-01,0.11102294921875,2025-12-15 20:03:19.469786
sz.300866,2023-12-26,2024-01-02,0.12176513671875,2025-12-15 20:03:19.469786
sz.300866,2023-12-27,2024-01-03,0.07275390625,2025-12-15 20:03:19.469786
sz.300866,2023-12-28,2024-01-04,0.09185791015625,2025-12-15 20:03:19.469786
sz.300866,2023-12-29,2024-01-05,0.304443359375,2025-12-15 20:03:19.469786
sz.300866,2024-01-02,2024-01-09,0.1356201171875,2025-12-15 20:03:19.469786
sz.300866,2024-01-03,2024-01-10,0.129150390625,2025-12-15 20:03:19.469786
sz.300866,2024-01-04,2024-01-11,0.08740234375,2025-12-15 20:03:19.469786
sz.300866,2024-01-05,2024-01-12,0.085693359375,2025-12-15 20:03:19.469786
sz.300866,2024-01-08,2024-01-15,0.1260986328125,2025-12-15 20:03:19.469786
sz.300866,2024-01-09,2024-01-16,0.10089111328125,2025-12-15 20:03:19.469786
sz.300866,2024-01-10,2024-01-17,0.10614013671875,2025-12-15 20:03:19.469786
sz.300866,2024-01-11,2024-01-18,0.07421875,2025-12-15 20:03:19.469786
sz.300866,2024-01-12,2024-01-19,0.2322998046875,2025-12-15 20:03:19.469786
sz.300866,2024-01-15,2024-01-22,0.12158203125,2025-12-15 20:03:19.469786
sz.300866,2024-01-16,2024-01-23,0.1070556640625,2025-12-15 20:03:19.469786
sz.300866,2024-01-17,2024-01-24,0.12188720703125,2025-12-15 20:03:19.469786
sz.300866,2024-01-18,2024-01-25,0.139404296875,2025-12-15 20:03:19.469786
sz.300866,2024-01-19,2024-01-26,0.1942138671875,2025-12-15 20:03:19.469786
sz.300866,2024-01-22,2024-01-29,0.15234375,2025-12-15 20:03:19.469786
sz.300866,2024-01-23,2024-01-30,0.1981201171875,2025-12-15 20:03:19.469786
sz.300866,2024-01-24,2024-01-31,0.10211181640625,2025-12-15 20:03:19.469786
sz.300866,2024-01-25,2024-02-01,0.1572265625,2025-12-15 20:03:19.469786
sz.300866,2024-01-26,2024-02-02,0.2359619140625,2025-12-15 20:03:19.469786
sz.300866,2024-01-29,2024-02-05,0.1734619140625,2025-12-15 20:03:19.469786
sz.300866,2024-01-30,2024-02-06,0.38525390625,2025-12-15 20:03:19.469786
sz.300866,2024-01-31,2024-02-07,0.455322265625,2025-12-15 20:03:19.469786
sz.300866,2024-02-01,2024-02-08,0.486083984375,2025-12-15 20:03:19.469786
sz.300866,2024-02-02,2024-02-09,0.45751953125,2025-12-15 20:03:19.469786
sz.300866,2024-02-05,2024-02-12,0.37890625,2025-12-15 20:03:19.469786
sz.300866,2024-02-06,2024-02-13,0.219482421875,2025-12-15 20:03:19.469786
sz.300866,2024-02-07,2024-02-14,0.1763916015625,2025-12-15 20:03:19.469786
sz.300866,2024-02-08,2024-02-15,0.09967041015625,2025-12-15 20:03:19.469786
sz.300866,2024-02-19,2024-02-26,0.1201171875,2025-12-15 20:03:19.469786
sz.300866,2024-02-20,2024-02-27,0.09515380859375,2025-12-15 20:03:19.469786
sz.300866,2024-02-21,2024-02-28,0.10174560546875,2025-12-15 20:03:19.469786
sz.300866,2024-02-22,2024-02-29,0.07708740234375,2025-12-15 20:03:19.469786
sz.300866,2024-02-23,2024-03-01,0.12054443359375,2025-12-15 20:03:19.469786
sz.300866,2024-02-26,2024-03-04,0.114990234375,2025-12-15 20:03:19.469786
sz.300866,2024-02-27,2024-03-05,0.2183837890625,2025-12-15 20:03:19.469786
sz.300866,2024-02-28,2024-03-06,0.1171875,2025-12-15 20:03:19.469786
sz.300866,2024-02-29,2024-03-07,0.2081298828125,2025-12-15 20:03:19.469786
sz.300866,2024-03-01,2024-03-08,0.08660888671875,2025-12-15 20:03:19.469786
sz.300866,2024-03-04,2024-03-11,0.12158203125,2025-12-15 20:03:19.469786
sz.300866,2024-03-05,2024-03-12,0.07501220703125,2025-12-15 20:03:19.469786
sz.300866,2024-03-06,2024-03-13,0.11553955078125,2025-12-15 20:03:19.469786
sz.300866,2024-03-07,2024-03-14,0.11395263671875,2025-12-15 20:03:19.469786
sz.300866,2024-03-08,2024-03-15,0.1611328125,2025-12-15 20:03:19.469786
sz.300866,2024-03-11,2024-03-18,0.143310546875,2025-12-15 20:03:19.469786
sz.300866,2024-03-12,2024-03-19,0.1502685546875,2025-12-15 20:03:19.469786
sz.300866,2024-03-13,2024-03-20,0.1591796875,2025-12-15 20:03:19.469786
sz.300866,2024-03-14,2024-03-21,0.15478515625,2025-12-15 20:03:19.469786
sz.300866,2024-03-15,2024-03-22,0.198974609375,2025-12-15 20:03:19.469786
sz.300866,2024-03-18,2024-03-25,0.1422119140625,2025-12-15 20:03:19.469786
sz.300866,2024-03-19,2024-03-26,0.1041259765625,2025-12-15 20:03:19.469786
sz.300866,2024-03-20,2024-03-27,0.1439208984375,2025-12-15 20:03:19.469786
sz.300866,2024-03-21,2024-03-28,0.1600341796875,2025-12-15 20:03:19.469786
sz.300866,2024-03-22,2024-03-29,0.1300048828125,2025-12-15 20:03:19.469786
sz.300866,2024-03-25,2024-04-01,0.1434326171875,2025-12-15 20:03:19.469786
sz.300866,2024-03-26,2024-04-02,0.1339111328125,2025-12-15 20:03:19.469786
sz.300866,2024-03-27,2024-04-03,0.148193359375,2025-12-15 20:03:19.469786
sz.300866,2024-03-28,2024-04-04,0.11578369140625,2025-12-15 20:03:19.469786
sz.300866,2024-03-29,2024-04-05,0.1639404296875,2025-12-15 20:03:19.469786
sz.300866,2024-04-01,2024-04-08,0.11376953125,2025-12-15 20:03:19.469786
sz.300866,2024-04-02,2024-04-09,0.1448974609375,2025-12-15 20:03:19.469786
sz.300866,2024-04-03,2024-04-10,0.1424560546875,2025-12-15 20:03:19.469786
sz.300866,2024-04-08,2024-04-15,0.131103515625,2025-12-15 20:03:19.469786
sz.300866,2024-04-09,2024-04-16,0.109130859375,2025-12-15 20:03:19.469786
sz.300866,2024-04-10,2024-04-17,0.1475830078125,2025-12-15 20:03:19.469786
sz.300866,2024-04-11,2024-04-18,0.1490478515625,2025-12-15 20:03:19.469786
sz.300866,2024-04-12,2024-04-19,0.12347412109375,2025-12-15 20:03:19.469786
sz.300866,2024-04-15,2024-04-22,0.082275390625,2025-12-15 20:03:19.469786
sz.300866,2024-04-16,2024-04-23,0.08331298828125,2025-12-15 20:03:19.469786
sz.300866,2024-04-17,2024-04-24,0.2135009765625,2025-12-15 20:03:19.469786
sz.300866,2024-04-18,2024-04-25,0.22900390625,2025-12-15 20:03:19.469786
sz.300866,2024-04-19,2024-04-26,0.146484375,2025-12-15 20:03:19.469786
sz.300866,2024-04-22,2024-04-29,0.1273193359375,2025-12-15 20:03:19.469786
sz.300866,2024-04-23,2024-04-30,0.150390625,2025-12-15 20:03:19.469786
sz.300866,2024-04-24,2024-05-01,0.183349609375,2025-12-15 20:03:19.469786
sz.300866,2024-04-25,2024-05-02,0.134521484375,2025-12-15 20:03:19.469786
sz.300866,2024-04-26,2024-05-03,0.376953125,2025-12-15 20:03:19.469786
sz.300866,2024-04-29,2024-05-06,0.2626953125,2025-12-15 20:03:19.469786
sz.300866,2024-04-30,2024-05-07,0.1729736328125,2025-12-15 20:03:19.469786
sz.300866,2024-05-06,2024-05-13,0.17236328125,2025-12-15 20:03:19.469786
sz.300866,2024-05-07,2024-05-14,0.2100830078125,2025-12-15 20:03:19.469786
sz.300866,2024-05-08,2024-05-15,0.1629638671875,2025-12-15 20:03:19.469786
sz.300866,2024-05-09,2024-05-16,0.15625,2025-12-15 20:03:19.469786
sz.300866,2024-05-10,2024-05-17,0.17236328125,2025-12-15 20:03:19.469786
sz.300866,2024-05-13,2024-05-20,0.17578125,2025-12-15 20:03:19.469786
sz.300866,2024-05-14,2024-05-21,0.1224365234375,2025-12-15 20:03:19.469786
sz.300866,2024-05-15,2024-05-22,0.265380859375,2025-12-15 20:03:19.469786
sz.300866,2024-05-16,2024-05-23,0.19287109375,2025-12-15 20:03:19.469786
sz.300866,2024-05-17,2024-05-24,0.1600341796875,2025-12-15 20:03:19.469786
sz.300866,2024-05-20,2024-05-27,0.1573486328125,2025-12-15 20:03:19.469786
sz.300866,2024-05-21,2024-05-28,0.2203369140625,2025-12-15 20:03:19.469786
sz.300866,2024-05-22,2024-05-29,0.1798095703125,2025-12-15 20:03:19.469786
sz.300866,2024-05-23,2024-05-30,0.1492919921875,2025-12-15 20:03:19.469786
sz.300866,2024-05-24,2024-05-31,0.2305908203125,2025-12-15 20:03:19.469786
sz.300866,2024-05-27,2024-06-03,0.2015380859375,2025-12-15 20:03:19.469786
sz.300866,2024-05-28,2024-06-04,0.1826171875,2025-12-15 20:03:19.469786
sz.300866,2024-05-29,2024-06-05,0.2418212890625,2025-12-15 20:03:19.469786
sz.300866,2024-05-30,2024-06-06,0.1988525390625,2025-12-15 20:03:19.469786
sz.300866,2024-05-31,2024-06-07,0.1343994140625,2025-12-15 20:03:19.469786
sz.300866,2024-06-03,2024-06-10,0.139892578125,2025-12-15 20:03:19.469786
sz.300866,2024-06-04,2024-06-11,0.2900390625,2025-12-15 20:03:19.469786
sz.300866,2024-06-05,2024-06-12,0.1448974609375,2025-12-15 20:03:19.469786
sz.300866,2024-06-06,2024-06-13,0.165771484375,2025-12-15 20:03:19.469786
sz.300866,2024-06-07,2024-06-14,0.1578369140625,2025-12-15 20:03:19.469786
sz.300866,2024-06-11,2024-06-18,0.1822509765625,2025-12-15 20:03:19.469786
sz.300866,2024-06-12,2024-06-19,0.216064453125,2025-12-15 20:03:19.469786
sz.300866,2024-06-13,2024-06-20,0.234375,2025-12-15 20:03:19.469786
sz.300866,2024-06-14,2024-06-21,0.2015380859375,2025-12-15 20:03:19.469786
sz.300866,2024-06-17,2024-06-24,0.244384765625,2025-12-15 20:03:19.469786
sz.300866,2024-06-18,2024-06-25,0.19677734375,2025-12-15 20:03:19.469786
sz.300866,2024-06-19,2024-06-26,0.2178955078125,2025-12-15 20:03:19.469786
sz.300866,2024-06-20,2024-06-27,0.198974609375,2025-12-15 20:03:19.469786
sz.300866,2024-06-21,2024-06-28,0.2451171875,2025-12-15 20:03:19.469786
sz.300866,2024-06-24,2024-07-01,0.1387939453125,2025-12-15 20:03:19.469786
sz.300866,2024-06-25,2024-07-02,0.1966552734375,2025-12-15 20:03:19.469786
sz.300866,2024-06-26,2024-07-03,0.1947021484375,2025-12-15 20:03:19.469786
sz.300866,2024-06-27,2024-07-04,0.1568603515625,2025-12-15 20:03:19.469786
sz.300866,2024-06-28,2024-07-05,0.1256103515625,2025-12-15 20:03:19.469786
sz.300866,2024-07-01,2024-07-08,0.16357421875,2025-12-15 20:03:19.469786
sz.300866,2024-07-02,2024-07-09,0.134521484375,2025-12-15 20:03:19.469786
sz.300866,2024-07-03,2024-07-10,0.14013671875,2025-12-15 20:03:19.469786
sz.300866,2024-07-04,2024-07-11,0.15234375,2025-12-15 20:03:19.469786
sz.300866,2024-07-05,2024-07-12,0.1439208984375,2025-12-15 20:03:19.469786
sz.300866,2024-07-08,2024-07-15,0.136474609375,2025-12-15 20:03:19.469786
sz.300866,2024-07-09,2024-07-16,0.1143798828125,2025-12-15 20:03:19.469786
sz.300866,2024-07-10,2024-07-17,0.1351318359375,2025-12-15 20:03:19.469786
sz.300866,2024-07-11,2024-07-18,0.1343994140625,2025-12-15 20:03:19.469786
sz.300866,2024-07-12,2024-07-19,0.14794921875,2025-12-15 20:03:19.469786
sz.300866,2024-07-15,2024-07-22,0.1314697265625,2025-12-15 20:03:19.469786
sz.300866,2024-07-16,2024-07-23,0.1295166015625,2025-12-15 20:03:19.469786
sz.300866,2024-07-17,2024-07-24,0.1348876953125,2025-12-15 20:03:19.469786
sz.300866,2024-07-18,2024-07-25,0.170654296875,2025-12-15 20:03:19.469786
sz.300866,2024-07-19,2024-07-26,0.2315673828125,2025-12-15 20:03:19.469786
sz.300866,2024-07-22,2024-07-29,0.18701171875,2025-12-15 20:03:19.469786
sz.300866,2024-07-23,2024-07-30,0.1903076171875,2025-12-15 20:03:19.469786
sz.300866,2024-07-24,2024-07-31,0.29931640625,2025-12-15 20:03:19.469786
sz.300866,2024-07-25,2024-08-01,0.3671875,2025-12-15 20:03:19.469786
sz.300866,2024-07-26,2024-08-02,0.395263671875,2025-12-15 20:03:19.469786
sz.300866,2024-07-29,2024-08-05,0.441162109375,2025-12-15 20:03:19.469786
sz.300866,2024-07-30,2024-08-06,0.420166015625,2025-12-15 20:03:19.469786
sz.300866,2024-07-31,2024-08-07,0.287353515625,2025-12-15 20:03:19.469786
sz.300866,2024-08-01,2024-08-08,0.190673828125,2025-12-15 20:03:19.469786
sz.300866,2024-08-02,2024-08-09,0.3017578125,2025-12-15 20:03:19.469786
sz.300866,2024-08-05,2024-08-12,0.33837890625,2025-12-15 20:03:19.469786
sz.300866,2024-08-06,2024-08-13,0.4072265625,2025-12-15 20:03:19.469786
sz.300866,2024-08-07,2024-08-14,0.43798828125,2025-12-15 20:03:19.469786
sz.300866,2024-08-08,2024-08-15,0.327392578125,2025-12-15 20:03:19.469786
sz.300866,2024-08-09,2024-08-16,0.288330078125,2025-12-15 20:03:19.469786
sz.300866,2024-08-12,2024-08-19,0.20263671875,2025-12-15 20:03:19.469786
sz.300866,2024-08-13,2024-08-20,0.16015625,2025-12-15 20:03:19.469786
sz.300866,2024-08-14,2024-08-21,0.1961669921875,2025-12-15 20:03:19.469786
sz.300866,2024-08-15,2024-08-22,0.299072265625,2025-12-15 20:03:19.469786
sz.300866,2024-08-16,2024-08-23,0.2183837890625,2025-12-15 20:03:19.469786
sz.300866,2024-08-19,2024-08-26,0.2333984375,2025-12-15 20:03:19.469786
sz.300866,2024-08-20,2024-08-27,0.1734619140625,2025-12-15 20:03:19.469786
sz.300866,2024-08-21,2024-08-28,0.1033935546875,2025-12-15 20:03:19.469786
sz.300866,2024-08-22,2024-08-29,0.146728515625,2025-12-15 20:03:19.469786
sz.300866,2024-08-23,2024-08-30,0.282958984375,2025-12-15 20:03:19.469786
sz.300866,2024-08-26,2024-09-02,0.158935546875,2025-12-15 20:03:19.469786
sz.300866,2024-08-27,2024-09-03,0.2998046875,2025-12-15 20:03:19.469786
sz.300866,2024-08-28,2024-09-04,0.0872802734375,2025-12-15 20:03:19.469786
sz.300866,2024-08-29,2024-09-05,0.190673828125,2025-12-15 20:03:19.469786
sz.300866,2024-08-30,2024-09-06,0.09808349609375,2025-12-15 20:03:19.469786
sz.300866,2024-09-02,2024-09-09,0.12408447265625,2025-12-15 20:03:19.469786
sz.300866,2024-09-03,2024-09-10,0.1959228515625,2025-12-15 20:03:19.469786
sz.300866,2024-09-04,2024-09-11,0.14404296875,2025-12-15 20:03:19.469786
sz.300866,2024-09-05,2024-09-12,0.2122802734375,2025-12-15 20:03:19.469786
sz.300866,2024-09-06,2024-09-13,0.1446533203125,2025-12-15 20:03:19.469786
sz.300866,2024-09-09,2024-09-16,0.130615234375,2025-12-15 20:03:19.469786
sz.300866,2024-09-10,2024-09-17,0.1590576171875,2025-12-15 20:03:19.469786
sz.300866,2024-09-11,2024-09-18,0.282470703125,2025-12-15 20:03:19.469786
sz.300866,2024-09-12,2024-09-19,0.48876953125,2025-12-15 20:03:19.469786
sz.300866,2024-09-13,2024-09-20,0.50390625,2025-12-15 20:03:19.469786
sz.300866,2024-09-18,2024-09-25,0.5126953125,2025-12-15 20:03:19.469786
sz.300866,2024-09-19,2024-09-26,0.485107421875,2025-12-15 20:03:19.469786
sz.300866,2024-09-20,2024-09-27,0.50927734375,2025-12-15 20:03:19.469786
sz.300866,2024-09-23,2024-09-30,0.501953125,2025-12-15 20:03:19.469786
sz.300866,2024-09-24,2024-10-01,0.4658203125,2025-12-15 20:03:19.469786
sz.300866,2024-09-25,2024-10-02,0.360107421875,2025-12-15 20:03:19.469786
sz.300866,2024-09-26,2024-10-03,0.48681640625,2025-12-15 20:03:19.469786
sz.300866,2024-09-27,2024-10-04,0.37451171875,2025-12-15 20:03:19.469786
sz.300866,2024-09-30,2024-10-07,0.2252197265625,2025-12-15 20:03:19.469786
sz.300866,2024-10-08,2024-10-15,0.1329345703125,2025-12-15 20:03:19.469786
sz.300866,2024-10-09,2024-10-16,0.12200927734375,2025-12-15 20:03:19.469786
sz.300866,2024-10-10,2024-10-17,0.08770751953125,2025-12-15 20:03:19.469786
sz.300866,2024-10-11,2024-10-18,0.1285400390625,2025-12-15 20:03:19.469786
sz.300866,2024-10-14,2024-10-21,0.1041259765625,2025-12-15 20:03:19.469786
sz.300866,2024-10-15,2024-10-22,0.1221923828125,2025-12-15 20:03:19.469786
sz.300866,2024-10-16,2024-10-23,0.18310546875,2025-12-15 20:03:19.469786
sz.300866,2024-10-17,2024-10-24,0.17822265625,2025-12-15 20:03:19.469786
sz.300866,2024-10-18,2024-10-25,0.10052490234375,2025-12-15 20:03:19.469786
sz.300866,2024-10-21,2024-10-28,0.1353759765625,2025-12-15 20:03:19.469786
sz.300866,2024-10-22,2024-10-29,0.14599609375,2025-12-15 20:03:19.469786
sz.300866,2024-10-23,2024-10-30,0.1263427734375,2025-12-15 20:03:19.469786
sz.300866,2024-10-24,2024-10-31,0.1976318359375,2025-12-15 20:03:19.469786
sz.300866,2024-10-25,2024-11-01,0.17138671875,2025-12-15 20:03:19.469786
sz.300866,2024-10-28,2024-11-04,0.1131591796875,2025-12-15 20:03:19.469786
sz.300866,2024-10-29,2024-11-05,0.1285400390625,2025-12-15 20:03:19.469786
sz.300866,2024-10-30,2024-11-06,0.12213134765625,2025-12-15 20:03:19.469786
sz.300866,2024-10-31,2024-11-07,0.14892578125,2025-12-15 20:03:19.469786
sz.300866,2024-11-01,2024-11-08,0.1634521484375,2025-12-15 20:03:19.469786
sz.300866,2024-11-04,2024-11-11,0.324462890625,2025-12-15 20:03:19.469786
sz.300866,2024-11-05,2024-11-12,0.08062744140625,2025-12-15 20:03:19.469786
sz.300866,2024-11-06,2024-11-13,0.0966796875,2025-12-15 20:03:19.469786
sz.300866,2024-11-07,2024-11-14,0.1041259765625,2025-12-15 20:03:19.469786
sz.300866,2024-11-08,2024-11-15,0.089111328125,2025-12-15 20:03:19.469786
sz.300866,2024-11-11,2024-11-18,0.11126708984375,2025-12-15 20:03:19.469786
sz.300866,2024-11-12,2024-11-19,0.1209716796875,2025-12-15 20:03:19.469786
sz.300866,2024-11-13,2024-11-20,0.1248779296875,2025-12-15 20:03:19.469786
sz.300866,2024-11-14,2024-11-21,0.13232421875,2025-12-15 20:03:19.469786
sz.300866,2024-11-15,2024-11-22,0.1259765625,2025-12-15 20:03:19.469786
sz.300866,2024-11-18,2024-11-25,0.11029052734375,2025-12-15 20:03:19.469786
sz.300866,2024-11-19,2024-11-26,0.12261962890625,2025-12-15 20:03:19.469786
sz.300866,2024-11-20,2024-11-27,0.1383056640625,2025-12-15 20:03:19.469786
sz.300866,2024-11-21,2024-11-28,0.08251953125,2025-12-15 20:03:19.469786
sz.300866,2024-11-22,2024-11-29,0.12347412109375,2025-12-15 20:03:19.469786
sz.300866,2024-11-25,2024-12-02,0.1636962890625,2025-12-15 20:03:19.469786
sz.300866,2024-11-26,2024-12-03,0.185546875,2025-12-15 20:03:19.469786
sz.300866,2024-11-27,2024-12-04,0.1444091796875,2025-12-15 20:03:19.469786
sz.300866,2024-11-28,2024-12-05,0.1295166015625,2025-12-15 20:03:19.469786
sz.300866,2024-11-29,2024-12-06,0.10052490234375,2025-12-15 20:03:19.469786
sz.300866,2024-12-02,2024-12-09,0.07354736328125,2025-12-15 20:03:19.469786
sz.300866,2024-12-03,2024-12-10,0.11279296875,2025-12-15 20:03:19.469786
sz.300866,2024-12-04,2024-12-11,0.1339111328125,2025-12-15 20:03:19.469786
sz.300866,2024-12-05,2024-12-12,0.14453125,2025-12-15 20:03:19.469786
sz.300866,2024-12-06,2024-12-13,0.1014404296875,2025-12-15 20:03:19.469786
sz.300866,2024-12-09,2024-12-16,0.1236572265625,2025-12-15 20:03:19.469786
sz.300866,2024-12-10,2024-12-17,0.1331787109375,2025-12-15 20:03:19.469786
sz.300866,2024-12-11,2024-12-18,0.10430908203125,2025-12-15 20:03:19.469786
sz.300866,2024-12-12,2024-12-19,0.10968017578125,2025-12-15 20:03:19.469786
sz.300866,2024-12-13,2024-12-20,0.081787109375,2025-12-15 20:03:19.469786
sz.300866,2024-12-16,2024-12-23,0.14013671875,2025-12-15 20:03:19.469786
sz.300866,2024-12-17,2024-12-24,0.11358642578125,2025-12-15 20:03:19.469786
sz.300866,2024-12-18,2024-12-25,0.2685546875,2025-12-15 20:03:19.469786
sz.300866,2024-12-19,2024-12-26,0.230224609375,2025-12-15 20:03:19.469786
sz.300866,2024-12-20,2024-12-27,0.092529296875,2025-12-15 20:03:19.469786
sz.300866,2024-12-23,2024-12-30,0.10321044921875,2025-12-15 20:03:19.469786
sz.300866,2024-12-24,2024-12-31,0.1661376953125,2025-12-15 20:03:19.469786
sz.300866,2024-12-25,2025-01-01,0.1688232421875,2025-12-15 20:03:19.469786
sz.300866,2024-12-26,2025-01-02,0.11395263671875,2025-12-15 20:03:19.469786
sz.300866,2024-12-27,2025-01-03,0.1448974609375,2025-12-15 20:03:19.469786
sz.300866,2024-12-30,2025-01-06,0.1717529296875,2025-12-15 20:03:19.469786
sz.300866,2024-12-31,2025-01-07,0.1541748046875,2025-12-15 20:03:19.469786
sz.300866,2025-01-02,2025-01-09,0.136962890625,2025-12-15 20:03:19.469786
sz.300866,2025-01-03,2025-01-10,0.11932373046875,2025-12-15 20:03:19.469786
sz.300866,2025-01-06,2025-01-13,0.1776123046875,2025-12-15 20:03:19.469786
sz.300866,2025-01-07,2025-01-14,0.1658935546875,2025-12-15 20:03:19.469786
sz.300866,2025-01-08,2025-01-15,0.179931640625,2025-12-15 20:03:19.469786
sz.300866,2025-01-09,2025-01-16,0.1279296875,2025-12-15 20:03:19.469786
sz.300866,2025-01-10,2025-01-17,0.12939453125,2025-12-15 20:03:19.469786
sz.300866,2025-01-13,2025-01-20,0.333251953125,2025-12-15 20:03:19.469786
sz.300866,2025-01-14,2025-01-21,0.1798095703125,2025-12-15 20:03:19.469786
sz.300866,2025-01-15,2025-01-22,0.2119140625,2025-12-15 20:03:19.469786
sz.300866,2025-01-16,2025-01-23,0.1790771484375,2025-12-15 20:03:19.469786
sz.300866,2025-01-17,2025-01-24,0.1727294921875,2025-12-15 20:03:19.469786
sz.300866,2025-01-20,2025-01-27,0.1346435546875,2025-12-15 20:03:19.469786
sz.300866,2025-01-21,2025-01-28,0.206298828125,2025-12-15 20:03:19.469786
sz.300866,2025-01-22,2025-01-29,0.26416015625,2025-12-15 20:03:19.469786
sz.300866,2025-01-23,2025-01-30,0.15625,2025-12-15 20:03:19.469786
sz.300866,2025-01-24,2025-01-31,0.320556640625,2025-12-15 20:03:19.469786
sz.300866,2025-01-27,2025-02-03,0.1678466796875,2025-12-15 20:03:19.469786
sz.300866,2025-02-05,2025-02-12,0.1993408203125,2025-12-15 20:03:19.469786
sz.300866,2025-02-06,2025-02-13,0.2327880859375,2025-12-15 20:03:19.469786
sz.300866,2025-02-07,2025-02-14,0.181884765625,2025-12-15 20:03:19.469786
sz.300866,2025-02-10,2025-02-17,0.1783447265625,2025-12-15 20:03:19.469786
sz.300866,2025-02-11,2025-02-18,0.271728515625,2025-12-15 20:03:19.469786
sz.300866,2025-02-12,2025-02-19,0.284912109375,2025-12-15 20:03:19.469786
sz.300866,2025-02-13,2025-02-20,0.220458984375,2025-12-15 20:03:19.469786
sz.300866,2025-02-14,2025-02-21,0.2237548828125,2025-12-15 20:03:19.469786
sz.300866,2025-02-17,2025-02-24,0.23095703125,2025-12-15 20:03:19.469786
sz.300866,2025-02-18,2025-02-25,0.1776123046875,2025-12-15 20:03:19.469786
sz.300866,2025-02-19,2025-02-26,0.312744140625,2025-12-15 20:03:19.469786
sz.300866,2025-02-20,2025-02-27,0.26904296875,2025-12-15 20:03:19.469786
sz.300866,2025-02-21,2025-02-28,0.2607421875,2025-12-15 20:03:19.469786
sz.300866,2025-02-24,2025-03-03,0.24072265625,2025-12-15 20:03:19.469786
sz.300866,2025-02-25,2025-03-04,0.1900634765625,2025-12-15 20:03:19.469786
sz.300866,2025-02-26,2025-03-05,0.1669921875,2025-12-15 20:03:19.469786
sz.300866,2025-02-27,2025-03-06,0.287353515625,2025-12-15 20:03:19.469786
sz.300866,2025-02-28,2025-03-07,0.168701171875,2025-12-15 20:03:19.469786
sz.300866,2025-03-03,2025-03-10,0.269775390625,2025-12-15 20:03:19.469786
sz.300866,2025-03-04,2025-03-11,0.208984375,2025-12-15 20:03:19.469786
sz.300866,2025-03-05,2025-03-12,0.2257080078125,2025-12-15 20:03:19.469786
sz.300866,2025-03-06,2025-03-13,0.1541748046875,2025-12-15 20:03:19.469786
sz.300866,2025-03-07,2025-03-14,0.140869140625,2025-12-15 20:03:19.469786
sz.300866,2025-03-10,2025-03-17,0.1724853515625,2025-12-15 20:03:19.469786
sz.300866,2025-03-11,2025-03-18,0.1531982421875,2025-12-15 20:03:19.469786
sz.300866,2025-03-12,2025-03-19,0.170654296875,2025-12-15 20:03:19.469786
sz.300866,2025-03-13,2025-03-20,0.2919921875,2025-12-15 20:03:19.469786
sz.300866,2025-03-14,2025-03-21,0.28125,2025-12-15 20:03:19.469786
sz.300866,2025-03-17,2025-03-24,0.19189453125,2025-12-15 20:03:19.469786
sz.300866,2025-03-18,2025-03-25,0.2293701171875,2025-12-15 20:03:19.469786
sz.300866,2025-03-19,2025-03-26,0.2252197265625,2025-12-15 20:03:19.469786
sz.300866,2025-03-20,2025-03-27,0.189697265625,2025-12-15 20:03:19.469786
sz.300866,2025-03-21,2025-03-28,0.147216796875,2025-12-15 20:03:19.469786
sz.300866,2025-03-24,2025-03-31,0.300537109375,2025-12-15 20:03:19.469786
sz.300866,2025-03-25,2025-04-01,0.1763916015625,2025-12-15 20:03:19.469786
sz.300866,2025-03-26,2025-04-02,0.1954345703125,2025-12-15 20:03:19.469786
sz.300866,2025-03-27,2025-04-03,0.217529296875,2025-12-15 20:03:19.469786
sz.300866,2025-03-28,2025-04-04,0.2010498046875,2025-12-15 20:03:19.469786
sz.300866,2025-03-31,2025-04-07,0.0943603515625,2025-12-15 20:03:19.469786
sz.300866,2025-04-01,2025-04-08,0.09185791015625,2025-12-15 20:03:19.469786
sz.300866,2025-04-02,2025-04-09,0.102294921875,2025-12-15 20:03:19.469786
sz.300866,2025-04-03,2025-04-10,0.1259765625,2025-12-15 20:03:19.469786
sz.300866,2025-04-07,2025-04-14,0.3583984375,2025-12-15 20:03:19.469786
sz.300866,2025-04-08,2025-04-15,0.402587890625,2025-12-15 20:03:19.469786
sz.300866,2025-04-09,2025-04-16,0.44775390625,2025-12-15 20:03:19.469786
sz.300866,2025-04-10,2025-04-17,0.282470703125,2025-12-15 20:03:19.469786
sz.300866,2025-04-11,2025-04-18,0.462158203125,2025-12-15 20:03:19.469786
sz.300866,2025-04-14,2025-04-21,0.3671875,2025-12-15 20:03:19.469786
sz.300866,2025-04-15,2025-04-22,0.47998046875,2025-12-15 20:03:19.469786
sz.300866,2025-04-16,2025-04-23,0.38427734375,2025-12-15 20:03:19.469786
sz.300866,2025-04-17,2025-04-24,0.52734375,2025-12-15 20:03:19.469786
sz.300866,2025-04-18,2025-04-25,0.47314453125,2025-12-15 20:03:19.469786
sz.300866,2025-04-21,2025-04-28,0.420654296875,2025-12-15 20:03:19.469786
sz.300866,2025-04-22,2025-04-29,0.328857421875,2025-12-15 20:03:19.469786
sz.300866,2025-04-23,2025-04-30,0.437255859375,2025-12-15 20:03:19.469786
sz.300866,2025-04-24,2025-05-01,0.390869140625,2025-12-15 20:03:19.469786
sz.300866,2025-04-25,2025-05-02,0.363525390625,2025-12-15 20:03:19.469786
sz.300866,2025-04-28,2025-05-05,0.29833984375,2025-12-15 20:03:19.469786
sz.300866,2025-04-29,2025-05-06,0.272216796875,2025-12-15 20:03:19.469786
sz.300866,2025-04-30,2025-05-07,0.353271484375,2025-12-15 20:03:19.469786
sz.300866,2025-05-06,2025-05-13,0.2490234375,2025-12-15 20:03:19.469786
sz.300866,2025-05-07,2025-05-14,0.224365234375,2025-12-15 20:03:19.469786
sz.300866,2025-05-08,2025-05-15,0.447509765625,2025-12-15 20:03:19.469786
sz.300866,2025-05-09,2025-05-16,0.2763671875,2025-12-15 20:03:19.469786
sz.300866,2025-05-12,2025-05-19,0.458984375,2025-12-15 20:03:19.469786
sz.300866,2025-05-13,2025-05-20,0.1258544921875,2025-12-15 20:03:19.469786
sz.300866,2025-05-14,2025-05-21,0.1431884765625,2025-12-15 20:03:19.469786
sz.300866,2025-05-15,2025-05-22,0.1318359375,2025-12-15 20:03:19.469786
sz.300866,2025-05-16,2025-05-23,0.1419677734375,2025-12-15 20:03:19.469786
sz.300866,2025-05-19,2025-05-26,0.1014404296875,2025-12-15 20:03:19.469786
sz.300866,2025-05-20,2025-05-27,0.07318115234375,2025-12-15 20:03:19.469786
sz.300866,2025-05-21,2025-05-28,0.12445068359375,2025-12-15 20:03:19.469786
sz.300866,2025-05-22,2025-05-29,0.114990234375,2025-12-15 20:03:19.469786
sz.300866,2025-05-23,2025-05-30,0.08599853515625,2025-12-15 20:03:19.469786
sz.300866,2025-05-26,2025-06-02,0.130615234375,2025-12-15 20:03:19.469786
sz.300866,2025-05-27,2025-06-03,0.1519775390625,2025-12-15 20:03:19.469786
sz.300866,2025-05-28,2025-06-04,0.11614990234375,2025-12-15 20:03:19.469786
sz.300866,2025-05-29,2025-06-05,0.09619140625,2025-12-15 20:03:19.469786
sz.300866,2025-05-30,2025-06-06,0.11083984375,2025-12-15 20:03:19.469786
sz.300866,2025-06-03,2025-06-10,0.1380615234375,2025-12-15 20:03:19.469786
sz.300866,2025-06-04,2025-06-11,0.09967041015625,2025-12-15 20:03:19.469786
sz.300866,2025-06-05,2025-06-12,0.272216796875,2025-12-15 20:03:19.469786
sz.300866,2025-06-06,2025-06-13,0.128173828125,2025-12-15 20:03:19.469786
sz.300866,2025-06-09,2025-06-16,0.11614990234375,2025-12-15 20:03:19.469786
sz.300866,2025-06-10,2025-06-17,0.1541748046875,2025-12-15 20:03:19.469786
sz.300866,2025-06-11,2025-06-18,0.11419677734375,2025-12-15 20:03:19.469786
sz.300866,2025-06-12,2025-06-19,0.1424560546875,2025-12-15 20:03:19.469786
sz.300866,2025-06-13,2025-06-20,0.10394287109375,2025-12-15 20:03:19.469786
sz.300866,2025-06-16,2025-06-23,0.1290283203125,2025-12-15 20:03:19.469786
sz.300866,2025-06-17,2025-06-24,0.10107421875,2025-12-15 20:03:19.469786
sz.300866,2025-06-18,2025-06-25,0.0867919921875,2025-12-15 20:03:19.469786
sz.300866,2025-06-19,2025-06-26,0.1282958984375,2025-12-15 20:03:19.469786
sz.300866,2025-06-20,2025-06-27,0.145263671875,2025-12-15 20:03:19.469786
sz.300866,2025-06-23,2025-06-30,0.11474609375,2025-12-15 20:03:19.469786
sz.300866,2025-06-24,2025-07-01,0.114990234375,2025-12-15 20:03:19.469786
sz.300866,2025-06-25,2025-07-02,0.137451171875,2025-12-15 20:03:19.469786
sz.300866,2025-06-26,2025-07-03,0.1435546875,2025-12-15 20:03:19.469786
sz.300866,2025-06-27,2025-07-04,0.2132568359375,2025-12-15 20:03:19.469786
sz.300866,2025-06-30,2025-07-07,0.154052734375,2025-12-15 20:03:19.469786
sz.300866,2025-07-01,2025-07-08,0.1602783203125,2025-12-15 20:03:19.469786
sz.300866,2025-07-02,2025-07-09,0.150390625,2025-12-15 20:03:19.469786
sz.300866,2025-07-03,2025-07-10,0.1866455078125,2025-12-15 20:03:19.469786
sz.300866,2025-07-04,2025-07-11,0.1639404296875,2025-12-15 20:03:19.469786
sz.300866,2025-07-07,2025-07-14,0.1414794921875,2025-12-15 20:03:19.469786
sz.300866,2025-07-08,2025-07-15,0.33203125,2025-12-15 20:03:19.469786
sz.300866,2025-07-09,2025-07-16,0.1865234375,2025-12-15 20:03:19.469786
sz.300866,2025-07-10,2025-07-17,0.143798828125,2025-12-15 20:03:19.469786
sz.300866,2025-07-11,2025-07-18,0.1982421875,2025-12-15 20:03:19.469786
sz.300866,2025-07-14,2025-07-21,0.32666015625,2025-12-15 20:03:19.469786
sz.300866,2025-07-15,2025-07-22,0.271240234375,2025-12-15 20:03:19.469786
sz.300866,2025-07-16,2025-07-23,0.1689453125,2025-12-15 20:03:19.469786
sz.300866,2025-07-17,2025-07-24,0.2352294921875,2025-12-15 20:03:19.469786
sz.300866,2025-07-18,2025-07-25,0.160888671875,2025-12-15 20:03:19.469786
sz.300866,2025-07-21,2025-07-28,0.1923828125,2025-12-15 20:03:19.469786
sz.300866,2025-07-22,2025-07-29,0.1754150390625,2025-12-15 20:03:19.469786
sz.300866,2025-07-23,2025-07-30,0.1827392578125,2025-12-15 20:03:19.469786
sz.300866,2025-07-24,2025-07-31,0.2216796875,2025-12-15 20:03:19.469786
sz.300866,2025-07-25,2025-08-01,0.34423828125,2025-12-15 20:03:19.469786
sz.300866,2025-07-28,2025-08-04,0.343994140625,2025-12-15 20:03:19.469786
sz.300866,2025-07-29,2025-08-05,0.26708984375,2025-12-15 20:03:19.469786
sz.300866,2025-07-30,2025-08-06,0.17724609375,2025-12-15 20:03:19.469786
sz.300866,2025-07-31,2025-08-07,0.12200927734375,2025-12-15 20:03:19.469786
sz.300866,2025-08-01,2025-08-08,0.130859375,2025-12-15 20:03:19.469786
sz.300866,2025-08-04,2025-08-11,0.21484375,2025-12-15 20:03:19.469786
sz.300866,2025-08-05,2025-08-12,0.224365234375,2025-12-15 20:03:19.469786
sz.300866,2025-08-06,2025-08-13,0.31396484375,2025-12-15 20:03:19.469786
sz.300866,2025-08-07,2025-08-14,0.2142333984375,2025-12-15 20:03:19.469786
sz.300866,2025-08-08,2025-08-15,0.206298828125,2025-12-15 20:03:19.469786
sz.300866,2025-08-11,2025-08-18,0.2880859375,2025-12-15 20:03:19.469786
sz.300866,2025-08-12,2025-08-19,0.2235107421875,2025-12-15 20:03:19.469786
sz.300866,2025-08-13,2025-08-20,0.292724609375,2025-12-15 20:03:19.469786
sz.300866,2025-08-14,2025-08-21,0.2149658203125,2025-12-15 20:03:19.469786
sz.300866,2025-08-15,2025-08-22,0.230712890625,2025-12-15 20:03:19.469786
sz.300866,2025-08-18,2025-08-25,0.2529296875,2025-12-15 20:03:19.469786
sz.300866,2025-08-19,2025-08-26,0.18408203125,2025-12-15 20:03:19.469786
sz.300866,2025-08-20,2025-08-27,0.33056640625,2025-12-15 20:03:19.469786
sz.300866,2025-08-21,2025-08-28,0.245849609375,2025-12-15 20:03:19.469786
sz.300866,2025-08-22,2025-08-29,0.23193359375,2025-12-15 20:03:19.469786
sz.300866,2025-08-25,2025-09-01,0.2303466796875,2025-12-15 20:03:19.469786
sz.300866,2025-08-26,2025-09-02,0.23095703125,2025-12-15 20:03:19.469786
sz.300866,2025-08-27,2025-09-03,0.1429443359375,2025-12-15 20:03:19.469786
sz.300866,2025-08-28,2025-09-04,0.2626953125,2025-12-15 20:03:19.469786
sz.300866,2025-08-29,2025-09-05,0.169677734375,2025-12-15 20:03:19.469786
sz.300866,2025-09-01,2025-09-08,0.262939453125,2025-12-15 20:03:19.469786
sz.300866,2025-09-02,2025-09-09,0.2156982421875,2025-12-15 20:03:19.469786
sz.300866,2025-09-03,2025-09-10,0.1795654296875,2025-12-15 20:03:19.469786
sz.300866,2025-09-04,2025-09-11,0.153564453125,2025-12-15 20:03:19.469786
sz.300866,2025-09-05,2025-09-12,0.3203125,2025-12-15 20:03:19.469786
sz.300866,2025-09-08,2025-09-15,0.168212890625,2025-12-15 20:03:19.469786
sz.300866,2025-09-09,2025-09-16,0.1873779296875,2025-12-15 20:03:19.469786
sz.300866,2025-09-10,2025-09-17,0.30224609375,2025-12-15 20:03:19.469786
sz.300866,2025-09-11,2025-09-18,0.293212890625,2025-12-15 20:03:19.469786
sz.300866,2025-09-12,2025-09-19,0.1925048828125,2025-12-15 20:03:19.469786
sz.300866,2025-09-15,2025-09-22,0.21630859375,2025-12-15 20:03:19.469786
sz.300866,2025-09-16,2025-09-23,0.2578125,2025-12-15 20:03:19.469786
sz.300866,2025-09-17,2025-09-24,0.279296875,2025-12-15 20:03:19.469786
sz.300866,2025-09-18,2025-09-25,0.151611328125,2025-12-15 20:03:19.469786
sz.300866,2025-09-19,2025-09-26,0.24853515625,2025-12-15 20:03:19.469786
sz.300866,2025-09-22,2025-09-29,0.139404296875,2025-12-15 20:03:19.469786
sz.300866,2025-09-23,2025-09-30,0.1634521484375,2025-12-15 20:03:19.469786
sz.300866,2025-09-24,2025-10-01,0.22021484375,2025-12-15 20:03:19.469786
sz.300866,2025-09-25,2025-10-02,0.208984375,2025-12-15 20:03:19.469786
sz.300866,2025-09-26,2025-10-03,0.1829833984375,2025-12-15 20:03:19.469786
sz.300866,2025-09-29,2025-10-06,0.274169921875,2025-12-15 20:03:19.469786
sz.300866,2025-09-30,2025-10-07,0.1759033203125,2025-12-15 20:03:19.469786
sz.300866,2025-10-09,2025-10-16,0.2037353515625,2025-12-15 20:03:19.469786
sz.300866,2025-10-10,2025-10-17,0.12420654296875,2025-12-15 20:03:19.469786
sz.300866,2025-10-13,2025-10-20,0.1033935546875,2025-12-15 20:03:19.469786
sz.300866,2025-10-14,2025-10-21,0.114990234375,2025-12-15 20:03:19.469786
sz.300866,2025-10-15,2025-10-22,0.18310546875,2025-12-15 20:03:19.469786
sz.300866,2025-10-16,2025-10-23,0.11920166015625,2025-12-15 20:03:19.469786
sz.300866,2025-10-17,2025-10-24,0.13134765625,2025-12-15 20:03:19.469786
sz.300866,2025-10-20,2025-10-27,0.1739501953125,2025-12-15 20:03:19.469786
sz.300866,2025-10-21,2025-10-28,0.2281494140625,2025-12-15 20:03:19.469786
sz.300866,2025-10-22,2025-10-29,0.146728515625,2025-12-15 20:03:19.469786
sz.300866,2025-10-23,2025-10-30,0.2274169921875,2025-12-15 20:03:19.469786
sz.300866,2025-10-24,2025-10-31,0.2138671875,2025-12-15 20:03:19.469786
sz.300866,2025-10-27,2025-11-03,0.2156982421875,2025-12-15 20:03:19.469786
sz.300866,2025-10-28,2025-11-04,0.19189453125,2025-12-15 20:03:19.469786
sz.300866,2025-10-29,2025-11-05,0.1490478515625,2025-12-15 20:03:19.469786
sz.300866,2025-10-30,2025-11-06,0.1529541015625,2025-12-15 20:03:19.469786
sz.300866,2025-10-31,2025-11-07,0.11517333984375,2025-12-15 20:03:19.469786
sz.300866,2025-11-03,2025-11-10,0.136962890625,2025-12-15 20:03:19.469786
sz.300866,2025-11-04,2025-11-11,0.11676025390625,2025-12-15 20:03:19.469786
sz.300866,2025-11-05,2025-11-12,0.08978271484375,2025-12-15 20:03:19.469786
sz.300866,2025-11-06,2025-11-13,0.09368896484375,2025-12-15 20:03:19.469786
sz.300866,2025-11-07,2025-11-14,0.1339111328125,2025-12-15 20:03:19.469786
sz.300866,2025-11-10,2025-11-17,0.12646484375,2025-12-15 20:03:19.469786
sz.300866,2025-11-11,2025-11-18,0.12890625,2025-12-15 20:03:19.469786
sz.300866,2025-11-12,2025-11-19,0.11981201171875,2025-12-15 20:03:19.469786
sz.300866,2025-11-13,2025-11-20,0.11517333984375,2025-12-15 20:03:19.469786
sz.300866,2025-11-14,2025-11-21,0.12115478515625,2025-12-15 20:03:19.469786
sz.300866,2025-11-17,2025-11-24,0.13671875,2025-12-15 20:03:19.469786
sz.300866,2025-11-18,2025-11-25,0.168212890625,2025-12-15 20:03:19.469786
sz.300866,2025-11-19,2025-11-26,0.1864013671875,2025-12-15 20:03:19.469786
sz.300866,2025-11-20,2025-11-27,0.1982421875,2025-12-15 20:03:19.469786
sz.300866,2025-11-21,2025-11-28,0.204833984375,2025-12-15 20:03:19.469786
sz.300866,2025-11-24,2025-12-01,0.2314453125,2025-12-15 20:03:19.469786
sz.300866,2025-11-25,2025-12-02,0.1275634765625,2025-12-15 20:03:19.469786
sz.300866,2025-11-26,2025-12-03,0.093017578125,2025-12-15 20:03:19.469786
sz.300866,2025-11-27,2025-12-04,0.07342529296875,2025-12-15 20:03:19.469786
sz.300866,2025-11-28,2025-12-05,0.1187744140625,2025-12-15 20:03:19.469786
sz.300866,2025-12-01,2025-12-08,0.130126953125,2025-12-15 20:03:19.469786
sz.300866,2025-12-02,2025-12-09,0.131103515625,2025-12-15 20:03:19.469786
sz.300866,2025-12-03,2025-12-10,0.06903076171875,2025-12-15 20:03:19.469786
sz.300866,2025-12-04,2025-12-11,0.11456298828125,2025-12-15 20:03:19.469786
sz.300866,2025-12-05,2025-12-12,0.093505859375,2025-12-15 20:03:19.469786
sz.300866,2025-12-08,2025-12-15,0.133544921875,2025-12-15 20:03:19.469786
sz.300866,2025-12-09,2025-12-16,0.1314697265625,2025-12-15 20:03:19.469786
sz.300866,2025-12-10,2025-12-17,0.10595703125,2025-12-15 20:03:19.469786
sz.300866,2025-12-11,2025-12-18,0.10650634765625,2025-12-15 20:03:19.469786
sz.300866,2025-12-12,2025-12-19,0.234375,2025-12-15 20:03:19.469786
sz.300866,2025-12-15,2025-12-22,0.081787109375,2025-12-15 20:03:19.469786
sz.300896,2025-12-15,2025-12-22,0.10430908203125,2025-12-15 20:03:19.469786
sz.300979,2025-12-15,2025-12-22,0.105224609375,2025-12-15 20:03:19.469786
sz.300999,2025-12-15,2025-12-22,0.07318115234375,2025-12-15 20:03:19.469786
sz.301236,2025-12-15,2025-12-22,0.143798828125,2025-12-15 20:03:19.469786
sz.301269,2025-12-15,2025-12-22,0.1617431640625,2025-12-15 20:03:19.469786
sz.302132,2025-12-15,2025-12-22,0.1923828125,2025-12-15 20:03:19.469786
