score,time,target,code,predcit_time
-0.007866,2025-06-16,2025-06-23,sh.600000,2025-06-16 20:07:08.972214
0.010185,2025-06-16,2025-06-23,sh.600000,2025-06-16 20:07:08.972214
0.066,2025-06-16,2025-06-23,sh.600009,2025-06-16 20:07:08.972214
0.0658,2025-06-16,2025-06-23,sh.600009,2025-06-16 20:07:08.972214
-0.01994,2025-06-16,2025-06-23,sh.600010,2025-06-16 20:07:08.972214
-0.0381,2025-06-16,2025-06-23,sh.600010,2025-06-16 20:07:08.972214
0.09125,2025-06-16,2025-06-23,sh.600011,2025-06-16 20:07:08.972214
0.09656,2025-06-16,2025-06-23,sh.600011,2025-06-16 20:07:08.972214
0.03098,2025-06-16,2025-06-23,sh.600015,2025-06-16 20:07:08.972214
0.03098,2025-06-16,2025-06-23,sh.600015,2025-06-16 20:07:08.972214
0.05466,2025-06-16,2025-06-23,sh.600016,2025-06-16 20:07:08.972214
0.06635,2025-06-16,2025-06-23,sh.600016,2025-06-16 20:07:08.972214
0.03342,2025-06-16,2025-06-23,sh.600018,2025-06-16 20:07:08.972214
0.03342,2025-06-16,2025-06-23,sh.600018,2025-06-16 20:07:08.972214
-0.02518,2025-06-16,2025-06-23,sh.600019,2025-06-16 20:07:08.972214
-0.02583,2025-06-16,2025-06-23,sh.600019,2025-06-16 20:07:08.972214
0.002369,2025-06-16,2025-06-23,sh.600023,2025-06-16 20:07:08.972214
0.005108,2025-06-16,2025-06-23,sh.600023,2025-06-16 20:07:08.972214
0.1332,2025-06-16,2025-06-23,sh.600025,2025-06-16 20:07:08.972214
0.0177,2025-06-16,2025-06-23,sh.600025,2025-06-16 20:07:08.972214
0.005497,2025-06-16,2025-06-23,sh.600026,2025-06-16 20:07:08.972214
0.005497,2025-06-16,2025-06-23,sh.600026,2025-06-16 20:07:08.972214
0.006546,2025-06-16,2025-06-23,sh.600027,2025-06-16 20:07:08.972214
0.006546,2025-06-16,2025-06-23,sh.600027,2025-06-16 20:07:08.972214
0.04398,2025-06-16,2025-06-23,sh.600028,2025-06-16 20:07:08.972214
0.04398,2025-06-16,2025-06-23,sh.600028,2025-06-16 20:07:08.972214
0.01324,2025-06-16,2025-06-23,sh.600029,2025-06-16 20:07:08.972214
0.01324,2025-06-16,2025-06-23,sh.600029,2025-06-16 20:07:08.972214
0.1497,2025-06-16,2025-06-23,sh.600030,2025-06-16 20:07:08.972214
0.1497,2025-06-16,2025-06-23,sh.600030,2025-06-16 20:07:08.972214
-0.0265,2025-06-16,2025-06-23,sh.600031,2025-06-16 20:07:08.972214
-0.0263,2025-06-16,2025-06-23,sh.600031,2025-06-16 20:07:08.972214
0.128,2025-06-16,2025-06-23,sh.600036,2025-06-16 20:07:08.972214
0.128,2025-06-16,2025-06-23,sh.600036,2025-06-16 20:07:08.972214
0.06537,2025-06-16,2025-06-23,sh.600039,2025-06-16 20:07:08.972214
0.0654,2025-06-16,2025-06-23,sh.600039,2025-06-16 20:07:08.972214
-0.1681,2025-06-16,2025-06-23,sh.600048,2025-06-16 20:07:08.972214
-0.1676,2025-06-16,2025-06-23,sh.600048,2025-06-16 20:07:08.972214
0.0773,2025-06-16,2025-06-23,sh.600050,2025-06-16 20:07:08.972214
0.0773,2025-06-16,2025-06-23,sh.600050,2025-06-16 20:07:08.972214
0.08356,2025-06-16,2025-06-23,sh.600061,2025-06-16 20:07:08.972214
0.08356,2025-06-16,2025-06-23,sh.600061,2025-06-16 20:07:08.972214
-0.2825,2025-06-16,2025-06-23,sh.600066,2025-06-16 20:07:08.972214
-0.2815,2025-06-16,2025-06-23,sh.600066,2025-06-16 20:07:08.972214
-0.137,2025-06-16,2025-06-23,sh.600085,2025-06-16 20:07:08.972214
-0.1373,2025-06-16,2025-06-23,sh.600085,2025-06-16 20:07:08.972214
-0.005634,2025-06-16,2025-06-23,sh.600089,2025-06-16 20:07:08.972214
-0.005177,2025-06-16,2025-06-23,sh.600089,2025-06-16 20:07:08.972214
0.02267,2025-06-16,2025-06-23,sh.600104,2025-06-16 20:07:08.972214
0.02142,2025-06-16,2025-06-23,sh.600104,2025-06-16 20:07:08.972214
-0.10803,2025-06-16,2025-06-23,sh.600111,2025-06-16 20:07:08.972214
-0.11127,2025-06-16,2025-06-23,sh.600111,2025-06-16 20:07:08.972214
0.00454,2025-06-16,2025-06-23,sh.600115,2025-06-16 20:07:08.972214
0.00454,2025-06-16,2025-06-23,sh.600115,2025-06-16 20:07:08.972214
0.07806,2025-06-16,2025-06-23,sh.600150,2025-06-16 20:07:08.972214
0.05847,2025-06-16,2025-06-23,sh.600150,2025-06-16 20:07:08.972214
-0.1219,2025-06-16,2025-06-23,sh.600160,2025-06-16 20:07:08.972214
-0.1241,2025-06-16,2025-06-23,sh.600160,2025-06-16 20:07:08.972214
0.039,2025-06-16,2025-06-23,sh.600161,2025-06-16 20:07:08.972214
0.03497,2025-06-16,2025-06-23,sh.600161,2025-06-16 20:07:08.972214
-0.02179,2025-06-16,2025-06-23,sh.600176,2025-06-16 20:07:08.972214
-0.02177,2025-06-16,2025-06-23,sh.600176,2025-06-16 20:07:08.972214
-0.0972,2025-06-16,2025-06-23,sh.600183,2025-06-16 20:07:08.972214
-0.0962,2025-06-16,2025-06-23,sh.600183,2025-06-16 20:07:08.972214
-0.01481,2025-06-16,2025-06-23,sh.600188,2025-06-16 20:07:08.972214
-0.01481,2025-06-16,2025-06-23,sh.600188,2025-06-16 20:07:08.972214
-0.2517,2025-06-16,2025-06-23,sh.600196,2025-06-16 20:07:08.972214
-0.2487,2025-06-16,2025-06-23,sh.600196,2025-06-16 20:07:08.972214
0.01923,2025-06-16,2025-06-23,sh.600219,2025-06-16 20:07:08.972214
0.01923,2025-06-16,2025-06-23,sh.600219,2025-06-16 20:07:08.972214
0.1537,2025-06-16,2025-06-23,sh.600233,2025-06-16 20:07:08.972214
0.1453,2025-06-16,2025-06-23,sh.600233,2025-06-16 20:07:08.972214
-0.2242,2025-06-16,2025-06-23,sh.600276,2025-06-16 20:07:08.972214
-0.2241,2025-06-16,2025-06-23,sh.600276,2025-06-16 20:07:08.972214
-0.1475,2025-06-16,2025-06-23,sh.600309,2025-06-16 20:07:08.972214
-0.1478,2025-06-16,2025-06-23,sh.600309,2025-06-16 20:07:08.972214
0.0652,2025-06-16,2025-06-23,sh.600332,2025-06-16 20:07:08.972214
0.0652,2025-06-16,2025-06-23,sh.600332,2025-06-16 20:07:08.972214
-0.08234,2025-06-16,2025-06-23,sh.600346,2025-06-16 20:07:08.972214
-0.07477,2025-06-16,2025-06-23,sh.600346,2025-06-16 20:07:08.972214
0.02678,2025-06-16,2025-06-23,sh.600362,2025-06-16 20:07:08.972214
0.03336,2025-06-16,2025-06-23,sh.600362,2025-06-16 20:07:08.972214
0.06396,2025-06-16,2025-06-23,sh.600372,2025-06-16 20:07:08.972214
0.0636,2025-06-16,2025-06-23,sh.600372,2025-06-16 20:07:08.972214
-0.0809,2025-06-16,2025-06-23,sh.600377,2025-06-16 20:07:08.972214
-0.08795,2025-06-16,2025-06-23,sh.600377,2025-06-16 20:07:08.972214
-0.04324,2025-06-16,2025-06-23,sh.600406,2025-06-16 20:07:08.972214
-0.04263,2025-06-16,2025-06-23,sh.600406,2025-06-16 20:07:08.972214
-0.7847,2025-06-16,2025-06-23,sh.600415,2025-06-16 20:07:08.972214
-0.782,2025-06-16,2025-06-23,sh.600415,2025-06-16 20:07:08.972214
-0.3855,2025-06-16,2025-06-23,sh.600426,2025-06-16 20:07:08.972214
-0.3855,2025-06-16,2025-06-23,sh.600426,2025-06-16 20:07:08.972214
-0.03888,2025-06-16,2025-06-23,sh.600436,2025-06-16 20:07:08.972214
-0.03992,2025-06-16,2025-06-23,sh.600436,2025-06-16 20:07:08.972214
-0.367,2025-06-16,2025-06-23,sh.600438,2025-06-16 20:07:08.972214
-0.369,2025-06-16,2025-06-23,sh.600438,2025-06-16 20:07:08.972214
-0.1545,2025-06-16,2025-06-23,sh.600460,2025-06-16 20:07:08.972214
-0.1488,2025-06-16,2025-06-23,sh.600460,2025-06-16 20:07:08.972214
0.0836,2025-06-16,2025-06-23,sh.600482,2025-06-16 20:07:08.972214
0.0836,2025-06-16,2025-06-23,sh.600482,2025-06-16 20:07:08.972214
-0.2141,2025-06-16,2025-06-23,sh.600489,2025-06-16 20:07:08.972214
-0.2302,2025-06-16,2025-06-23,sh.600489,2025-06-16 20:07:08.972214
0.009415,2025-06-16,2025-06-23,sh.600515,2025-06-16 20:07:08.972214
0.009415,2025-06-16,2025-06-23,sh.600515,2025-06-16 20:07:08.972214
-0.1604,2025-06-16,2025-06-23,sh.600519,2025-06-16 20:07:08.972214
-0.1604,2025-06-16,2025-06-23,sh.600519,2025-06-16 20:07:08.972214
-0.343,2025-06-16,2025-06-23,sh.600547,2025-06-16 20:07:08.972214
-0.341,2025-06-16,2025-06-23,sh.600547,2025-06-16 20:07:08.972214
-0.05563,2025-06-16,2025-06-23,sh.600570,2025-06-16 20:07:08.972214
-0.05585,2025-06-16,2025-06-23,sh.600570,2025-06-16 20:07:08.972214
0.06226,2025-06-16,2025-06-23,sh.600584,2025-06-16 20:07:08.972214
0.0633,2025-06-16,2025-06-23,sh.600584,2025-06-16 20:07:08.972214
0.04434,2025-06-16,2025-06-23,sh.600585,2025-06-16 20:07:08.972214
0.04434,2025-06-16,2025-06-23,sh.600585,2025-06-16 20:07:08.972214
-0.1442,2025-06-16,2025-06-23,sh.600588,2025-06-16 20:07:08.972214
-0.1448,2025-06-16,2025-06-23,sh.600588,2025-06-16 20:07:08.972214
0.1299,2025-06-16,2025-06-23,sh.600600,2025-06-16 20:07:08.972214
0.1293,2025-06-16,2025-06-23,sh.600600,2025-06-16 20:07:08.972214
-0.2808,2025-06-16,2025-06-23,sh.600660,2025-06-16 20:07:08.972214
-0.2808,2025-06-16,2025-06-23,sh.600660,2025-06-16 20:07:08.972214
-0.007683,2025-06-16,2025-06-23,sh.600674,2025-06-16 20:07:08.972214
-0.001369,2025-06-16,2025-06-23,sh.600674,2025-06-16 20:07:08.972214
-0.03336,2025-06-16,2025-06-23,sh.600690,2025-06-16 20:07:08.972214
-0.03336,2025-06-16,2025-06-23,sh.600690,2025-06-16 20:07:08.972214
-0.0269,2025-06-16,2025-06-23,sh.600741,2025-06-16 20:07:08.972214
-0.0269,2025-06-16,2025-06-23,sh.600741,2025-06-16 20:07:08.972214
-0.2368,2025-06-16,2025-06-23,sh.600760,2025-06-16 20:07:08.972214
-0.237,2025-06-16,2025-06-23,sh.600760,2025-06-16 20:07:08.972214
-0.08325,2025-06-16,2025-06-23,sh.600795,2025-06-16 20:07:08.972214
-0.083,2025-06-16,2025-06-23,sh.600795,2025-06-16 20:07:08.972214
-0.205,2025-06-16,2025-06-23,sh.600803,2025-06-16 20:07:08.972214
-0.205,2025-06-16,2025-06-23,sh.600803,2025-06-16 20:07:08.972214
-0.02313,2025-06-16,2025-06-23,sh.600809,2025-06-16 20:07:08.972214
-0.02295,2025-06-16,2025-06-23,sh.600809,2025-06-16 20:07:08.972214
-0.06934,2025-06-16,2025-06-23,sh.600845,2025-06-16 20:07:08.972214
-0.06934,2025-06-16,2025-06-23,sh.600845,2025-06-16 20:07:08.972214
0.0915,2025-06-16,2025-06-23,sh.600875,2025-06-16 20:07:08.972214
0.0915,2025-06-16,2025-06-23,sh.600875,2025-06-16 20:07:08.972214
-0.0693,2025-06-16,2025-06-23,sh.600886,2025-06-16 20:07:08.972214
-0.06775,2025-06-16,2025-06-23,sh.600886,2025-06-16 20:07:08.972214
-0.191,2025-06-16,2025-06-23,sh.600887,2025-06-16 20:07:08.972214
-0.191,2025-06-16,2025-06-23,sh.600887,2025-06-16 20:07:08.972214
0.003016,2025-06-16,2025-06-23,sh.600893,2025-06-16 20:07:08.972214
0.003016,2025-06-16,2025-06-23,sh.600893,2025-06-16 20:07:08.972214
0.02124,2025-06-16,2025-06-23,sh.600900,2025-06-16 20:07:08.972214
0.0337,2025-06-16,2025-06-23,sh.600900,2025-06-16 20:07:08.972214
0.02048,2025-06-16,2025-06-23,sh.600905,2025-06-16 20:07:08.972214
0.02336,2025-06-16,2025-06-23,sh.600905,2025-06-16 20:07:08.972214
0.0706,2025-06-16,2025-06-23,sh.600918,2025-06-16 20:07:08.972214
0.0706,2025-06-16,2025-06-23,sh.600918,2025-06-16 20:07:08.972214
0.0781,2025-06-16,2025-06-23,sh.600919,2025-06-16 20:07:08.972214
0.0781,2025-06-16,2025-06-23,sh.600919,2025-06-16 20:07:08.972214
0.0003076,2025-06-16,2025-06-23,sh.600926,2025-06-16 20:07:08.972214
-0.004383,2025-06-16,2025-06-23,sh.600926,2025-06-16 20:07:08.972214
-0.0848,2025-06-16,2025-06-23,sh.600938,2025-06-16 20:07:08.972214
-0.0848,2025-06-16,2025-06-23,sh.600938,2025-06-16 20:07:08.972214
0.0965,2025-06-16,2025-06-23,sh.600941,2025-06-16 20:07:08.972214
0.1071,2025-06-16,2025-06-23,sh.600941,2025-06-16 20:07:08.972214
0.07074,2025-06-16,2025-06-23,sh.600958,2025-06-16 20:07:08.972214
0.03738,2025-06-16,2025-06-23,sh.600958,2025-06-16 20:07:08.972214
-0.06223,2025-06-16,2025-06-23,sh.600989,2025-06-16 20:07:08.972214
-0.06223,2025-06-16,2025-06-23,sh.600989,2025-06-16 20:07:08.972214
0.08325,2025-06-16,2025-06-23,sh.600999,2025-06-16 20:07:08.972214
0.11676,2025-06-16,2025-06-23,sh.600999,2025-06-16 20:07:08.972214
0.05072,2025-06-16,2025-06-23,sh.601006,2025-06-16 20:07:08.972214
0.05377,2025-06-16,2025-06-23,sh.601006,2025-06-16 20:07:08.972214
0.05292,2025-06-16,2025-06-23,sh.601009,2025-06-16 20:07:08.972214
0.05292,2025-06-16,2025-06-23,sh.601009,2025-06-16 20:07:08.972214
-0.416,2025-06-16,2025-06-23,sh.601012,2025-06-16 20:07:08.972214
-0.4158,2025-06-16,2025-06-23,sh.601012,2025-06-16 20:07:08.972214
-0.1521,2025-06-16,2025-06-23,sh.601021,2025-06-16 20:07:08.972214
-0.1466,2025-06-16,2025-06-23,sh.601021,2025-06-16 20:07:08.972214
0.04062,2025-06-16,2025-06-23,sh.601058,2025-06-16 20:07:08.972214
0.04062,2025-06-16,2025-06-23,sh.601058,2025-06-16 20:07:08.972214
0.08167,2025-06-16,2025-06-23,sh.601066,2025-06-16 20:07:08.972214
0.08167,2025-06-16,2025-06-23,sh.601066,2025-06-16 20:07:08.972214
0.03146,2022-10-31,2022-11-07,sh.601077,2025-06-16 20:07:08.972214
-0.01006,2022-11-01,2022-11-08,sh.601077,2025-06-16 20:07:08.972214
-0.01006,2022-11-02,2022-11-09,sh.601077,2025-06-16 20:07:08.972214
-0.01006,2022-11-03,2022-11-10,sh.601077,2025-06-16 20:07:08.972214
-0.01006,2022-11-04,2022-11-11,sh.601077,2025-06-16 20:07:08.972214
-0.01006,2022-11-07,2022-11-14,sh.601077,2025-06-16 20:07:08.972214
-0.01006,2022-11-08,2022-11-15,sh.601077,2025-06-16 20:07:08.972214
-0.01006,2022-11-09,2022-11-16,sh.601077,2025-06-16 20:07:08.972214
-0.01006,2022-11-10,2022-11-17,sh.601077,2025-06-16 20:07:08.972214
-0.01228,2022-11-11,2022-11-18,sh.601077,2025-06-16 20:07:08.972214
-0.01228,2022-11-14,2022-11-21,sh.601077,2025-06-16 20:07:08.972214
-0.01228,2022-11-15,2022-11-22,sh.601077,2025-06-16 20:07:08.972214
-0.01228,2022-11-16,2022-11-23,sh.601077,2025-06-16 20:07:08.972214
-0.01228,2022-11-17,2022-11-24,sh.601077,2025-06-16 20:07:08.972214
-0.01257,2022-11-18,2022-11-25,sh.601077,2025-06-16 20:07:08.972214
-0.01257,2022-11-21,2022-11-28,sh.601077,2025-06-16 20:07:08.972214
-0.01257,2022-11-22,2022-11-29,sh.601077,2025-06-16 20:07:08.972214
-0.01257,2022-11-23,2022-11-30,sh.601077,2025-06-16 20:07:08.972214
-0.01257,2022-11-24,2022-12-01,sh.601077,2025-06-16 20:07:08.972214
-0.01566,2022-11-25,2022-12-02,sh.601077,2025-06-16 20:07:08.972214
-0.014046,2022-11-28,2022-12-05,sh.601077,2025-06-16 20:07:08.972214
-0.01566,2022-11-29,2022-12-06,sh.601077,2025-06-16 20:07:08.972214
-0.02806,2022-11-30,2022-12-07,sh.601077,2025-06-16 20:07:08.972214
-0.02806,2022-12-01,2022-12-08,sh.601077,2025-06-16 20:07:08.972214
-0.02806,2022-12-02,2022-12-09,sh.601077,2025-06-16 20:07:08.972214
-0.02806,2022-12-05,2022-12-12,sh.601077,2025-06-16 20:07:08.972214
-0.02806,2022-12-06,2022-12-13,sh.601077,2025-06-16 20:07:08.972214
-0.02806,2022-12-07,2022-12-14,sh.601077,2025-06-16 20:07:08.972214
-0.02806,2022-12-08,2022-12-15,sh.601077,2025-06-16 20:07:08.972214
-0.02806,2022-12-09,2022-12-16,sh.601077,2025-06-16 20:07:08.972214
-0.02806,2022-12-12,2022-12-19,sh.601077,2025-06-16 20:07:08.972214
-0.02806,2022-12-13,2022-12-20,sh.601077,2025-06-16 20:07:08.972214
-0.02806,2022-12-14,2022-12-21,sh.601077,2025-06-16 20:07:08.972214
-0.0403,2022-12-15,2022-12-22,sh.601077,2025-06-16 20:07:08.972214
-0.01566,2022-12-16,2022-12-23,sh.601077,2025-06-16 20:07:08.972214
-0.0403,2022-12-19,2022-12-26,sh.601077,2025-06-16 20:07:08.972214
-0.01257,2022-12-20,2022-12-27,sh.601077,2025-06-16 20:07:08.972214
0.006844,2022-12-21,2022-12-28,sh.601077,2025-06-16 20:07:08.972214
0.006844,2022-12-22,2022-12-29,sh.601077,2025-06-16 20:07:08.972214
0.006844,2022-12-23,2022-12-30,sh.601077,2025-06-16 20:07:08.972214
0.006844,2022-12-26,2023-01-02,sh.601077,2025-06-16 20:07:08.972214
0.006542,2022-12-27,2023-01-03,sh.601077,2025-06-16 20:07:08.972214
0.006542,2022-12-28,2023-01-04,sh.601077,2025-06-16 20:07:08.972214
0.006542,2022-12-29,2023-01-05,sh.601077,2025-06-16 20:07:08.972214
0.006542,2022-12-30,2023-01-06,sh.601077,2025-06-16 20:07:08.972214
0.00473,2023-01-03,2023-01-10,sh.601077,2025-06-16 20:07:08.972214
0.010925,2023-01-04,2023-01-11,sh.601077,2025-06-16 20:07:08.972214
-0.00531,2023-01-05,2023-01-12,sh.601077,2025-06-16 20:07:08.972214
-0.00882,2023-01-06,2023-01-13,sh.601077,2025-06-16 20:07:08.972214
-0.00882,2023-01-09,2023-01-16,sh.601077,2025-06-16 20:07:08.972214
-0.00882,2023-01-10,2023-01-17,sh.601077,2025-06-16 20:07:08.972214
-0.00882,2023-01-11,2023-01-18,sh.601077,2025-06-16 20:07:08.972214
-0.00882,2023-01-12,2023-01-19,sh.601077,2025-06-16 20:07:08.972214
-0.00882,2023-01-13,2023-01-20,sh.601077,2025-06-16 20:07:08.972214
-0.00856,2023-01-16,2023-01-23,sh.601077,2025-06-16 20:07:08.972214
-0.00856,2023-01-17,2023-01-24,sh.601077,2025-06-16 20:07:08.972214
0.010284,2023-01-18,2023-01-25,sh.601077,2025-06-16 20:07:08.972214
0.010284,2023-01-19,2023-01-26,sh.601077,2025-06-16 20:07:08.972214
0.00459,2023-01-20,2023-01-27,sh.601077,2025-06-16 20:07:08.972214
-0.01636,2023-01-30,2023-02-06,sh.601077,2025-06-16 20:07:08.972214
0.00459,2023-01-31,2023-02-07,sh.601077,2025-06-16 20:07:08.972214
-0.01636,2023-02-01,2023-02-08,sh.601077,2025-06-16 20:07:08.972214
-0.01636,2023-02-02,2023-02-09,sh.601077,2025-06-16 20:07:08.972214
0.0044,2023-02-03,2023-02-10,sh.601077,2025-06-16 20:07:08.972214
-0.0236,2023-02-06,2023-02-13,sh.601077,2025-06-16 20:07:08.972214
-0.0236,2023-02-07,2023-02-14,sh.601077,2025-06-16 20:07:08.972214
-0.0236,2023-02-08,2023-02-15,sh.601077,2025-06-16 20:07:08.972214
-0.00952,2023-02-09,2023-02-16,sh.601077,2025-06-16 20:07:08.972214
-0.005386,2023-02-10,2023-02-17,sh.601077,2025-06-16 20:07:08.972214
-0.005386,2023-02-13,2023-02-20,sh.601077,2025-06-16 20:07:08.972214
-0.01636,2023-02-14,2023-02-21,sh.601077,2025-06-16 20:07:08.972214
-0.00549,2023-02-15,2023-02-22,sh.601077,2025-06-16 20:07:08.972214
-0.01758,2023-02-16,2023-02-23,sh.601077,2025-06-16 20:07:08.972214
-0.01758,2023-02-17,2023-02-24,sh.601077,2025-06-16 20:07:08.972214
-0.00965,2023-02-20,2023-02-27,sh.601077,2025-06-16 20:07:08.972214
-0.01628,2023-02-21,2023-02-28,sh.601077,2025-06-16 20:07:08.972214
-0.01675,2023-02-22,2023-03-01,sh.601077,2025-06-16 20:07:08.972214
-0.01675,2023-02-23,2023-03-02,sh.601077,2025-06-16 20:07:08.972214
-0.01675,2023-02-24,2023-03-03,sh.601077,2025-06-16 20:07:08.972214
-0.01675,2023-02-27,2023-03-06,sh.601077,2025-06-16 20:07:08.972214
-0.01675,2023-02-28,2023-03-07,sh.601077,2025-06-16 20:07:08.972214
-0.01675,2023-03-01,2023-03-08,sh.601077,2025-06-16 20:07:08.972214
-0.01675,2023-03-02,2023-03-09,sh.601077,2025-06-16 20:07:08.972214
-0.01675,2023-03-03,2023-03-10,sh.601077,2025-06-16 20:07:08.972214
-0.01675,2023-03-06,2023-03-13,sh.601077,2025-06-16 20:07:08.972214
-0.0005555,2023-03-07,2023-03-14,sh.601077,2025-06-16 20:07:08.972214
-0.01675,2023-03-08,2023-03-15,sh.601077,2025-06-16 20:07:08.972214
-0.01675,2023-03-09,2023-03-16,sh.601077,2025-06-16 20:07:08.972214
-0.01675,2023-03-10,2023-03-17,sh.601077,2025-06-16 20:07:08.972214
-0.01675,2023-03-13,2023-03-20,sh.601077,2025-06-16 20:07:08.972214
-0.01675,2023-03-14,2023-03-21,sh.601077,2025-06-16 20:07:08.972214
-0.01675,2023-03-15,2023-03-22,sh.601077,2025-06-16 20:07:08.972214
-0.01675,2023-03-16,2023-03-23,sh.601077,2025-06-16 20:07:08.972214
-0.01675,2023-03-17,2023-03-24,sh.601077,2025-06-16 20:07:08.972214
-0.01675,2023-03-20,2023-03-27,sh.601077,2025-06-16 20:07:08.972214
-0.01675,2023-03-21,2023-03-28,sh.601077,2025-06-16 20:07:08.972214
-0.01675,2023-03-22,2023-03-29,sh.601077,2025-06-16 20:07:08.972214
-0.01675,2023-03-23,2023-03-30,sh.601077,2025-06-16 20:07:08.972214
-0.01675,2023-03-24,2023-03-31,sh.601077,2025-06-16 20:07:08.972214
-0.01675,2023-03-27,2023-04-03,sh.601077,2025-06-16 20:07:08.972214
-0.01675,2023-03-28,2023-04-04,sh.601077,2025-06-16 20:07:08.972214
-0.01675,2023-03-29,2023-04-05,sh.601077,2025-06-16 20:07:08.972214
0.03397,2023-03-30,2023-04-06,sh.601077,2025-06-16 20:07:08.972214
0.015076,2023-03-31,2023-04-07,sh.601077,2025-06-16 20:07:08.972214
-0.01675,2023-04-03,2023-04-10,sh.601077,2025-06-16 20:07:08.972214
0.03397,2023-04-04,2023-04-11,sh.601077,2025-06-16 20:07:08.972214
0.03397,2023-04-06,2023-04-13,sh.601077,2025-06-16 20:07:08.972214
0.03397,2023-04-07,2023-04-14,sh.601077,2025-06-16 20:07:08.972214
0.03397,2023-04-10,2023-04-17,sh.601077,2025-06-16 20:07:08.972214
0.03397,2023-04-11,2023-04-18,sh.601077,2025-06-16 20:07:08.972214
0.03397,2023-04-12,2023-04-19,sh.601077,2025-06-16 20:07:08.972214
0.03397,2023-04-13,2023-04-20,sh.601077,2025-06-16 20:07:08.972214
0.03397,2023-04-14,2023-04-21,sh.601077,2025-06-16 20:07:08.972214
0.06934,2023-04-17,2023-04-24,sh.601077,2025-06-16 20:07:08.972214
0.0681,2023-04-18,2023-04-25,sh.601077,2025-06-16 20:07:08.972214
0.0681,2023-04-19,2023-04-26,sh.601077,2025-06-16 20:07:08.972214
0.0681,2023-04-20,2023-04-27,sh.601077,2025-06-16 20:07:08.972214
0.0681,2023-04-21,2023-04-28,sh.601077,2025-06-16 20:07:08.972214
0.0681,2023-04-24,2023-05-01,sh.601077,2025-06-16 20:07:08.972214
0.0681,2023-04-25,2023-05-02,sh.601077,2025-06-16 20:07:08.972214
0.0681,2023-04-26,2023-05-03,sh.601077,2025-06-16 20:07:08.972214
0.0681,2023-04-27,2023-05-04,sh.601077,2025-06-16 20:07:08.972214
0.0374,2023-04-28,2023-05-05,sh.601077,2025-06-16 20:07:08.972214
0.03232,2023-05-04,2023-05-11,sh.601077,2025-06-16 20:07:08.972214
-0.003283,2023-05-05,2023-05-12,sh.601077,2025-06-16 20:07:08.972214
0.0424,2023-05-08,2023-05-15,sh.601077,2025-06-16 20:07:08.972214
-0.02779,2023-05-09,2023-05-16,sh.601077,2025-06-16 20:07:08.972214
-0.0827,2023-05-10,2023-05-17,sh.601077,2025-06-16 20:07:08.972214
-0.003283,2023-05-11,2023-05-18,sh.601077,2025-06-16 20:07:08.972214
-0.003283,2023-05-12,2023-05-19,sh.601077,2025-06-16 20:07:08.972214
0.034,2023-05-15,2023-05-22,sh.601077,2025-06-16 20:07:08.972214
-0.003393,2023-05-16,2023-05-23,sh.601077,2025-06-16 20:07:08.972214
-0.03824,2023-05-17,2023-05-24,sh.601077,2025-06-16 20:07:08.972214
0.03415,2023-05-18,2023-05-25,sh.601077,2025-06-16 20:07:08.972214
-0.03824,2023-05-19,2023-05-26,sh.601077,2025-06-16 20:07:08.972214
0.02502,2023-05-22,2023-05-29,sh.601077,2025-06-16 20:07:08.972214
0.02502,2023-05-23,2023-05-30,sh.601077,2025-06-16 20:07:08.972214
0.002523,2023-05-24,2023-05-31,sh.601077,2025-06-16 20:07:08.972214
0.03717,2023-05-25,2023-06-01,sh.601077,2025-06-16 20:07:08.972214
0.03717,2023-05-26,2023-06-02,sh.601077,2025-06-16 20:07:08.972214
0.03717,2023-05-29,2023-06-05,sh.601077,2025-06-16 20:07:08.972214
0.03717,2023-05-30,2023-06-06,sh.601077,2025-06-16 20:07:08.972214
0.03717,2023-05-31,2023-06-07,sh.601077,2025-06-16 20:07:08.972214
0.03717,2023-06-01,2023-06-08,sh.601077,2025-06-16 20:07:08.972214
0.03717,2023-06-02,2023-06-09,sh.601077,2025-06-16 20:07:08.972214
0.03717,2023-06-05,2023-06-12,sh.601077,2025-06-16 20:07:08.972214
0.03717,2023-06-06,2023-06-13,sh.601077,2025-06-16 20:07:08.972214
0.03717,2023-06-07,2023-06-14,sh.601077,2025-06-16 20:07:08.972214
0.03017,2023-06-08,2023-06-15,sh.601077,2025-06-16 20:07:08.972214
0.02502,2023-06-09,2023-06-16,sh.601077,2025-06-16 20:07:08.972214
0.002523,2023-06-12,2023-06-19,sh.601077,2025-06-16 20:07:08.972214
0.03717,2023-06-13,2023-06-20,sh.601077,2025-06-16 20:07:08.972214
0.03717,2023-06-14,2023-06-21,sh.601077,2025-06-16 20:07:08.972214
0.03717,2023-06-15,2023-06-22,sh.601077,2025-06-16 20:07:08.972214
0.03717,2023-06-16,2023-06-23,sh.601077,2025-06-16 20:07:08.972214
0.0369,2023-06-19,2023-06-26,sh.601077,2025-06-16 20:07:08.972214
0.0369,2023-06-20,2023-06-27,sh.601077,2025-06-16 20:07:08.972214
0.04785,2023-06-21,2023-06-28,sh.601077,2025-06-16 20:07:08.972214
0.0679,2023-06-26,2023-07-03,sh.601077,2025-06-16 20:07:08.972214
0.04785,2023-06-27,2023-07-04,sh.601077,2025-06-16 20:07:08.972214
0.04785,2023-06-28,2023-07-05,sh.601077,2025-06-16 20:07:08.972214
0.04785,2023-06-29,2023-07-06,sh.601077,2025-06-16 20:07:08.972214
0.04785,2023-06-30,2023-07-07,sh.601077,2025-06-16 20:07:08.972214
0.0343,2023-07-03,2023-07-10,sh.601077,2025-06-16 20:07:08.972214
0.03717,2023-07-04,2023-07-11,sh.601077,2025-06-16 20:07:08.972214
0.03717,2023-07-05,2023-07-12,sh.601077,2025-06-16 20:07:08.972214
0.02635,2023-07-06,2023-07-13,sh.601077,2025-06-16 20:07:08.972214
0.02635,2023-07-07,2023-07-14,sh.601077,2025-06-16 20:07:08.972214
0.02635,2023-07-10,2023-07-17,sh.601077,2025-06-16 20:07:08.972214
0.03717,2023-07-11,2023-07-18,sh.601077,2025-06-16 20:07:08.972214
0.02635,2023-07-12,2023-07-19,sh.601077,2025-06-16 20:07:08.972214
0.02635,2023-07-13,2023-07-20,sh.601077,2025-06-16 20:07:08.972214
0.03717,2023-07-14,2023-07-21,sh.601077,2025-06-16 20:07:08.972214
0.02635,2023-07-17,2023-07-24,sh.601077,2025-06-16 20:07:08.972214
0.02635,2023-07-18,2023-07-25,sh.601077,2025-06-16 20:07:08.972214
0.02635,2023-07-19,2023-07-26,sh.601077,2025-06-16 20:07:08.972214
0.02635,2023-07-20,2023-07-27,sh.601077,2025-06-16 20:07:08.972214
0.02635,2023-07-21,2023-07-28,sh.601077,2025-06-16 20:07:08.972214
0.03787,2023-07-24,2023-07-31,sh.601077,2025-06-16 20:07:08.972214
0.04004,2023-07-25,2023-08-01,sh.601077,2025-06-16 20:07:08.972214
0.04004,2023-07-26,2023-08-02,sh.601077,2025-06-16 20:07:08.972214
0.04004,2023-07-27,2023-08-03,sh.601077,2025-06-16 20:07:08.972214
0.06235,2023-07-28,2023-08-04,sh.601077,2025-06-16 20:07:08.972214
0.01372,2023-07-31,2023-08-07,sh.601077,2025-06-16 20:07:08.972214
0.01372,2023-08-01,2023-08-08,sh.601077,2025-06-16 20:07:08.972214
0.02112,2023-08-02,2023-08-09,sh.601077,2025-06-16 20:07:08.972214
0.02112,2023-08-03,2023-08-10,sh.601077,2025-06-16 20:07:08.972214
0.01372,2023-08-04,2023-08-11,sh.601077,2025-06-16 20:07:08.972214
0.01372,2023-08-07,2023-08-14,sh.601077,2025-06-16 20:07:08.972214
0.01372,2023-08-08,2023-08-15,sh.601077,2025-06-16 20:07:08.972214
0.01372,2023-08-09,2023-08-16,sh.601077,2025-06-16 20:07:08.972214
0.01372,2023-08-10,2023-08-17,sh.601077,2025-06-16 20:07:08.972214
-0.02298,2023-08-11,2023-08-18,sh.601077,2025-06-16 20:07:08.972214
0.04004,2023-08-14,2023-08-21,sh.601077,2025-06-16 20:07:08.972214
-0.001328,2023-08-15,2023-08-22,sh.601077,2025-06-16 20:07:08.972214
-0.001328,2023-08-16,2023-08-23,sh.601077,2025-06-16 20:07:08.972214
0.04004,2023-08-17,2023-08-24,sh.601077,2025-06-16 20:07:08.972214
-0.001328,2023-08-18,2023-08-25,sh.601077,2025-06-16 20:07:08.972214
-0.02298,2023-08-21,2023-08-28,sh.601077,2025-06-16 20:07:08.972214
0.04004,2023-08-22,2023-08-29,sh.601077,2025-06-16 20:07:08.972214
-0.001328,2023-08-23,2023-08-30,sh.601077,2025-06-16 20:07:08.972214
0.04004,2023-08-24,2023-08-31,sh.601077,2025-06-16 20:07:08.972214
0.04004,2023-08-25,2023-09-01,sh.601077,2025-06-16 20:07:08.972214
-0.009346,2023-08-28,2023-09-04,sh.601077,2025-06-16 20:07:08.972214
0.04004,2023-08-29,2023-09-05,sh.601077,2025-06-16 20:07:08.972214
0.04004,2023-08-30,2023-09-06,sh.601077,2025-06-16 20:07:08.972214
0.04004,2023-08-31,2023-09-07,sh.601077,2025-06-16 20:07:08.972214
0.04004,2023-09-01,2023-09-08,sh.601077,2025-06-16 20:07:08.972214
0.06335,2023-09-04,2023-09-11,sh.601077,2025-06-16 20:07:08.972214
-0.01181,2023-09-05,2023-09-12,sh.601077,2025-06-16 20:07:08.972214
0.0485,2023-09-06,2023-09-13,sh.601077,2025-06-16 20:07:08.972214
0.0248,2023-09-07,2023-09-14,sh.601077,2025-06-16 20:07:08.972214
0.065,2023-09-08,2023-09-15,sh.601077,2025-06-16 20:07:08.972214
0.0338,2023-09-11,2023-09-18,sh.601077,2025-06-16 20:07:08.972214
0.0338,2023-09-12,2023-09-19,sh.601077,2025-06-16 20:07:08.972214
0.01651,2023-09-13,2023-09-20,sh.601077,2025-06-16 20:07:08.972214
0.0338,2023-09-14,2023-09-21,sh.601077,2025-06-16 20:07:08.972214
0.02,2023-09-15,2023-09-22,sh.601077,2025-06-16 20:07:08.972214
0.0338,2023-09-18,2023-09-25,sh.601077,2025-06-16 20:07:08.972214
0.0338,2023-09-19,2023-09-26,sh.601077,2025-06-16 20:07:08.972214
0.01526,2023-09-20,2023-09-27,sh.601077,2025-06-16 20:07:08.972214
0.0677,2023-09-21,2023-09-28,sh.601077,2025-06-16 20:07:08.972214
0.012146,2023-09-22,2023-09-29,sh.601077,2025-06-16 20:07:08.972214
0.0284,2023-09-25,2023-10-02,sh.601077,2025-06-16 20:07:08.972214
-0.0116,2023-09-26,2023-10-03,sh.601077,2025-06-16 20:07:08.972214
0.01828,2023-09-27,2023-10-04,sh.601077,2025-06-16 20:07:08.972214
0.0284,2023-09-28,2023-10-05,sh.601077,2025-06-16 20:07:08.972214
0.00924,2023-10-09,2023-10-16,sh.601077,2025-06-16 20:07:08.972214
-0.007378,2023-10-10,2023-10-17,sh.601077,2025-06-16 20:07:08.972214
0.01415,2023-10-11,2023-10-18,sh.601077,2025-06-16 20:07:08.972214
0.0556,2023-10-12,2023-10-19,sh.601077,2025-06-16 20:07:08.972214
0.05615,2023-10-13,2023-10-20,sh.601077,2025-06-16 20:07:08.972214
0.01778,2023-10-16,2023-10-23,sh.601077,2025-06-16 20:07:08.972214
0.03818,2023-10-17,2023-10-24,sh.601077,2025-06-16 20:07:08.972214
-0.010864,2023-10-18,2023-10-25,sh.601077,2025-06-16 20:07:08.972214
-0.04443,2023-10-19,2023-10-26,sh.601077,2025-06-16 20:07:08.972214
-0.03802,2023-10-20,2023-10-27,sh.601077,2025-06-16 20:07:08.972214
0.01576,2023-10-23,2023-10-30,sh.601077,2025-06-16 20:07:08.972214
-0.03802,2023-10-24,2023-10-31,sh.601077,2025-06-16 20:07:08.972214
-0.03827,2023-10-25,2023-11-01,sh.601077,2025-06-16 20:07:08.972214
0.01576,2023-10-26,2023-11-02,sh.601077,2025-06-16 20:07:08.972214
0.01576,2023-10-27,2023-11-03,sh.601077,2025-06-16 20:07:08.972214
0.03009,2023-10-30,2023-11-06,sh.601077,2025-06-16 20:07:08.972214
0.02649,2023-10-31,2023-11-07,sh.601077,2025-06-16 20:07:08.972214
0.0159,2023-11-01,2023-11-08,sh.601077,2025-06-16 20:07:08.972214
-0.007103,2023-11-02,2023-11-09,sh.601077,2025-06-16 20:07:08.972214
-0.03827,2023-11-03,2023-11-10,sh.601077,2025-06-16 20:07:08.972214
-0.0178,2023-11-06,2023-11-13,sh.601077,2025-06-16 20:07:08.972214
-0.007378,2023-11-07,2023-11-14,sh.601077,2025-06-16 20:07:08.972214
0.012596,2023-11-08,2023-11-15,sh.601077,2025-06-16 20:07:08.972214
-0.03265,2023-11-09,2023-11-16,sh.601077,2025-06-16 20:07:08.972214
-0.038,2023-11-10,2023-11-17,sh.601077,2025-06-16 20:07:08.972214
-0.00681,2023-11-13,2023-11-20,sh.601077,2025-06-16 20:07:08.972214
-0.01244,2023-11-14,2023-11-21,sh.601077,2025-06-16 20:07:08.972214
-0.01244,2023-11-15,2023-11-22,sh.601077,2025-06-16 20:07:08.972214
-0.038,2023-11-16,2023-11-23,sh.601077,2025-06-16 20:07:08.972214
-0.02707,2023-11-17,2023-11-24,sh.601077,2025-06-16 20:07:08.972214
-0.00681,2023-11-20,2023-11-27,sh.601077,2025-06-16 20:07:08.972214
-0.01224,2023-11-21,2023-11-28,sh.601077,2025-06-16 20:07:08.972214
-0.01244,2023-11-22,2023-11-29,sh.601077,2025-06-16 20:07:08.972214
-0.01677,2023-11-23,2023-11-30,sh.601077,2025-06-16 20:07:08.972214
-0.01677,2023-11-24,2023-12-01,sh.601077,2025-06-16 20:07:08.972214
-0.01378,2023-11-27,2023-12-04,sh.601077,2025-06-16 20:07:08.972214
-0.01224,2023-11-28,2023-12-05,sh.601077,2025-06-16 20:07:08.972214
-0.01244,2023-11-29,2023-12-06,sh.601077,2025-06-16 20:07:08.972214
-0.01244,2023-11-30,2023-12-07,sh.601077,2025-06-16 20:07:08.972214
-0.01224,2023-12-01,2023-12-08,sh.601077,2025-06-16 20:07:08.972214
0.04044,2023-12-04,2023-12-11,sh.601077,2025-06-16 20:07:08.972214
-0.02798,2023-12-05,2023-12-12,sh.601077,2025-06-16 20:07:08.972214
-0.01677,2023-12-06,2023-12-13,sh.601077,2025-06-16 20:07:08.972214
0.04044,2023-12-07,2023-12-14,sh.601077,2025-06-16 20:07:08.972214
-0.02798,2023-12-08,2023-12-15,sh.601077,2025-06-16 20:07:08.972214
0.048,2023-12-11,2023-12-18,sh.601077,2025-06-16 20:07:08.972214
0.05615,2023-12-12,2023-12-19,sh.601077,2025-06-16 20:07:08.972214
-0.007103,2023-12-13,2023-12-20,sh.601077,2025-06-16 20:07:08.972214
-0.007103,2023-12-14,2023-12-21,sh.601077,2025-06-16 20:07:08.972214
-0.0399,2023-12-15,2023-12-22,sh.601077,2025-06-16 20:07:08.972214
-0.03827,2023-12-18,2023-12-25,sh.601077,2025-06-16 20:07:08.972214
0.05615,2023-12-19,2023-12-26,sh.601077,2025-06-16 20:07:08.972214
0.01576,2023-12-20,2023-12-27,sh.601077,2025-06-16 20:07:08.972214
-0.03705,2023-12-21,2023-12-28,sh.601077,2025-06-16 20:07:08.972214
-0.03827,2023-12-22,2023-12-29,sh.601077,2025-06-16 20:07:08.972214
-0.0178,2023-12-25,2024-01-01,sh.601077,2025-06-16 20:07:08.972214
0.0203,2023-12-26,2024-01-02,sh.601077,2025-06-16 20:07:08.972214
0.03726,2023-12-27,2024-01-03,sh.601077,2025-06-16 20:07:08.972214
-0.02798,2023-12-28,2024-01-04,sh.601077,2025-06-16 20:07:08.972214
-0.038,2023-12-29,2024-01-05,sh.601077,2025-06-16 20:07:08.972214
0.03726,2024-01-02,2024-01-09,sh.601077,2025-06-16 20:07:08.972214
-0.007755,2024-01-03,2024-01-10,sh.601077,2025-06-16 20:07:08.972214
0.00959,2024-01-04,2024-01-11,sh.601077,2025-06-16 20:07:08.972214
0.0159,2024-01-05,2024-01-12,sh.601077,2025-06-16 20:07:08.972214
0.013176,2024-01-08,2024-01-15,sh.601077,2025-06-16 20:07:08.972214
0.03708,2024-01-09,2024-01-16,sh.601077,2025-06-16 20:07:08.972214
0.02696,2024-01-10,2024-01-17,sh.601077,2025-06-16 20:07:08.972214
0.0159,2024-01-11,2024-01-18,sh.601077,2025-06-16 20:07:08.972214
0.0472,2024-01-12,2024-01-19,sh.601077,2025-06-16 20:07:08.972214
-0.007103,2024-01-15,2024-01-22,sh.601077,2025-06-16 20:07:08.972214
0.01484,2024-01-16,2024-01-23,sh.601077,2025-06-16 20:07:08.972214
0.003708,2024-01-17,2024-01-24,sh.601077,2025-06-16 20:07:08.972214
-0.02327,2024-01-18,2024-01-25,sh.601077,2025-06-16 20:07:08.972214
-0.007103,2024-01-19,2024-01-26,sh.601077,2025-06-16 20:07:08.972214
-0.01227,2024-01-22,2024-01-29,sh.601077,2025-06-16 20:07:08.972214
-0.02226,2024-01-23,2024-01-30,sh.601077,2025-06-16 20:07:08.972214
0.03638,2024-01-24,2024-01-31,sh.601077,2025-06-16 20:07:08.972214
0.0159,2024-01-25,2024-02-01,sh.601077,2025-06-16 20:07:08.972214
0.01484,2024-01-26,2024-02-02,sh.601077,2025-06-16 20:07:08.972214
0.003708,2024-01-29,2024-02-05,sh.601077,2025-06-16 20:07:08.972214
0.003708,2024-01-30,2024-02-06,sh.601077,2025-06-16 20:07:08.972214
0.003708,2024-01-31,2024-02-07,sh.601077,2025-06-16 20:07:08.972214
-0.001329,2024-02-01,2024-02-08,sh.601077,2025-06-16 20:07:08.972214
-0.001329,2024-02-02,2024-02-09,sh.601077,2025-06-16 20:07:08.972214
-0.04517,2024-02-05,2024-02-12,sh.601077,2025-06-16 20:07:08.972214
0.01484,2024-02-06,2024-02-13,sh.601077,2025-06-16 20:07:08.972214
0.02501,2024-02-07,2024-02-14,sh.601077,2025-06-16 20:07:08.972214
-0.0001527,2024-02-08,2024-02-15,sh.601077,2025-06-16 20:07:08.972214
0.003708,2024-02-19,2024-02-26,sh.601077,2025-06-16 20:07:08.972214
-0.00122,2024-02-20,2024-02-27,sh.601077,2025-06-16 20:07:08.972214
0.00928,2024-02-21,2024-02-28,sh.601077,2025-06-16 20:07:08.972214
0.015114,2024-02-22,2024-02-29,sh.601077,2025-06-16 20:07:08.972214
0.02068,2024-02-23,2024-03-01,sh.601077,2025-06-16 20:07:08.972214
-0.003914,2024-02-26,2024-03-04,sh.601077,2025-06-16 20:07:08.972214
0.01203,2024-02-27,2024-03-05,sh.601077,2025-06-16 20:07:08.972214
0.01203,2024-02-28,2024-03-06,sh.601077,2025-06-16 20:07:08.972214
0.01203,2024-02-29,2024-03-07,sh.601077,2025-06-16 20:07:08.972214
0.015114,2024-03-01,2024-03-08,sh.601077,2025-06-16 20:07:08.972214
0.015114,2024-03-04,2024-03-11,sh.601077,2025-06-16 20:07:08.972214
0.02068,2024-03-05,2024-03-12,sh.601077,2025-06-16 20:07:08.972214
0.01156,2024-03-06,2024-03-13,sh.601077,2025-06-16 20:07:08.972214
0.01156,2024-03-07,2024-03-14,sh.601077,2025-06-16 20:07:08.972214
0.0166,2024-03-08,2024-03-15,sh.601077,2025-06-16 20:07:08.972214
0.0533,2024-03-11,2024-03-18,sh.601077,2025-06-16 20:07:08.972214
-0.004528,2024-03-12,2024-03-19,sh.601077,2025-06-16 20:07:08.972214
0.01572,2024-03-13,2024-03-20,sh.601077,2025-06-16 20:07:08.972214
0.015594,2024-03-14,2024-03-21,sh.601077,2025-06-16 20:07:08.972214
0.015594,2024-03-15,2024-03-22,sh.601077,2025-06-16 20:07:08.972214
0.00371,2024-03-18,2024-03-25,sh.601077,2025-06-16 20:07:08.972214
0.00371,2024-03-19,2024-03-26,sh.601077,2025-06-16 20:07:08.972214
0.00371,2024-03-20,2024-03-27,sh.601077,2025-06-16 20:07:08.972214
0.00371,2024-03-21,2024-03-28,sh.601077,2025-06-16 20:07:08.972214
0.00371,2024-03-22,2024-03-29,sh.601077,2025-06-16 20:07:08.972214
0.011185,2024-03-25,2024-04-01,sh.601077,2025-06-16 20:07:08.972214
0.0514,2024-03-26,2024-04-02,sh.601077,2025-06-16 20:07:08.972214
0.0472,2024-03-27,2024-04-03,sh.601077,2025-06-16 20:07:08.972214
-0.02156,2024-03-28,2024-04-04,sh.601077,2025-06-16 20:07:08.972214
0.003448,2024-03-29,2024-04-05,sh.601077,2025-06-16 20:07:08.972214
0.003448,2024-04-01,2024-04-08,sh.601077,2025-06-16 20:07:08.972214
0.003448,2024-04-02,2024-04-09,sh.601077,2025-06-16 20:07:08.972214
0.047,2024-04-03,2024-04-10,sh.601077,2025-06-16 20:07:08.972214
0.04294,2024-04-08,2024-04-15,sh.601077,2025-06-16 20:07:08.972214
-0.0349,2024-04-09,2024-04-16,sh.601077,2025-06-16 20:07:08.972214
-0.004257,2024-04-10,2024-04-17,sh.601077,2025-06-16 20:07:08.972214
0.007668,2024-04-11,2024-04-18,sh.601077,2025-06-16 20:07:08.972214
0.007668,2024-04-12,2024-04-19,sh.601077,2025-06-16 20:07:08.972214
-0.004257,2024-04-15,2024-04-22,sh.601077,2025-06-16 20:07:08.972214
0.007668,2024-04-16,2024-04-23,sh.601077,2025-06-16 20:07:08.972214
0.007668,2024-04-17,2024-04-24,sh.601077,2025-06-16 20:07:08.972214
0.047,2024-04-18,2024-04-25,sh.601077,2025-06-16 20:07:08.972214
0.04294,2024-04-19,2024-04-26,sh.601077,2025-06-16 20:07:08.972214
-0.0349,2024-04-22,2024-04-29,sh.601077,2025-06-16 20:07:08.972214
0.007668,2024-04-23,2024-04-30,sh.601077,2025-06-16 20:07:08.972214
0.007668,2024-04-24,2024-05-01,sh.601077,2025-06-16 20:07:08.972214
0.007668,2024-04-25,2024-05-02,sh.601077,2025-06-16 20:07:08.972214
-0.0033,2024-04-26,2024-05-03,sh.601077,2025-06-16 20:07:08.972214
0.010864,2024-04-29,2024-05-06,sh.601077,2025-06-16 20:07:08.972214
0.007668,2024-04-30,2024-05-07,sh.601077,2025-06-16 20:07:08.972214
0.0521,2024-05-06,2024-05-13,sh.601077,2025-06-16 20:07:08.972214
-0.0349,2024-05-07,2024-05-14,sh.601077,2025-06-16 20:07:08.972214
0.007668,2024-05-08,2024-05-15,sh.601077,2025-06-16 20:07:08.972214
0.047,2024-05-09,2024-05-16,sh.601077,2025-06-16 20:07:08.972214
0.04944,2024-05-10,2024-05-17,sh.601077,2025-06-16 20:07:08.972214
0.04944,2024-05-13,2024-05-20,sh.601077,2025-06-16 20:07:08.972214
0.04535,2024-05-14,2024-05-21,sh.601077,2025-06-16 20:07:08.972214
0.0282,2024-05-15,2024-05-22,sh.601077,2025-06-16 20:07:08.972214
0.009926,2024-05-16,2024-05-23,sh.601077,2025-06-16 20:07:08.972214
0.04822,2024-05-17,2024-05-24,sh.601077,2025-06-16 20:07:08.972214
0.03183,2024-05-20,2024-05-27,sh.601077,2025-06-16 20:07:08.972214
0.0273,2024-05-21,2024-05-28,sh.601077,2025-06-16 20:07:08.972214
0.0326,2024-05-22,2024-05-29,sh.601077,2025-06-16 20:07:08.972214
0.01591,2024-05-23,2024-05-30,sh.601077,2025-06-16 20:07:08.972214
0.01591,2024-05-24,2024-05-31,sh.601077,2025-06-16 20:07:08.972214
0.004646,2024-05-27,2024-06-03,sh.601077,2025-06-16 20:07:08.972214
0.009865,2024-05-28,2024-06-04,sh.601077,2025-06-16 20:07:08.972214
0.01591,2024-05-29,2024-06-05,sh.601077,2025-06-16 20:07:08.972214
0.01591,2024-05-30,2024-06-06,sh.601077,2025-06-16 20:07:08.972214
0.004646,2024-05-31,2024-06-07,sh.601077,2025-06-16 20:07:08.972214
0.009865,2024-06-03,2024-06-10,sh.601077,2025-06-16 20:07:08.972214
0.01591,2024-06-04,2024-06-11,sh.601077,2025-06-16 20:07:08.972214
0.01591,2024-06-05,2024-06-12,sh.601077,2025-06-16 20:07:08.972214
0.02406,2024-06-06,2024-06-13,sh.601077,2025-06-16 20:07:08.972214
0.02406,2024-06-07,2024-06-14,sh.601077,2025-06-16 20:07:08.972214
0.04614,2024-06-11,2024-06-18,sh.601077,2025-06-16 20:07:08.972214
0.004646,2024-06-12,2024-06-19,sh.601077,2025-06-16 20:07:08.972214
-0.051,2024-06-13,2024-06-20,sh.601077,2025-06-16 20:07:08.972214
0.04883,2024-06-14,2024-06-21,sh.601077,2025-06-16 20:07:08.972214
0.04947,2024-06-17,2024-06-24,sh.601077,2025-06-16 20:07:08.972214
0.05618,2024-06-18,2024-06-25,sh.601077,2025-06-16 20:07:08.972214
0.04883,2024-06-19,2024-06-26,sh.601077,2025-06-16 20:07:08.972214
0.0326,2024-06-20,2024-06-27,sh.601077,2025-06-16 20:07:08.972214
0.02406,2024-06-21,2024-06-28,sh.601077,2025-06-16 20:07:08.972214
0.0326,2024-06-24,2024-07-01,sh.601077,2025-06-16 20:07:08.972214
0.01591,2024-06-25,2024-07-02,sh.601077,2025-06-16 20:07:08.972214
0.004646,2024-06-26,2024-07-03,sh.601077,2025-06-16 20:07:08.972214
-0.03085,2024-06-27,2024-07-04,sh.601077,2025-06-16 20:07:08.972214
-0.008835,2024-06-28,2024-07-05,sh.601077,2025-06-16 20:07:08.972214
0.0536,2024-07-01,2024-07-08,sh.601077,2025-06-16 20:07:08.972214
-0.031,2024-07-02,2024-07-09,sh.601077,2025-06-16 20:07:08.972214
0.02545,2024-07-03,2024-07-10,sh.601077,2025-06-16 20:07:08.972214
0.02545,2024-07-04,2024-07-11,sh.601077,2025-06-16 20:07:08.972214
-0.00806,2024-07-05,2024-07-12,sh.601077,2025-06-16 20:07:08.972214
0.02545,2024-07-08,2024-07-15,sh.601077,2025-06-16 20:07:08.972214
0.01955,2024-07-09,2024-07-16,sh.601077,2025-06-16 20:07:08.972214
-0.02531,2024-07-10,2024-07-17,sh.601077,2025-06-16 20:07:08.972214
-0.02531,2024-07-11,2024-07-18,sh.601077,2025-06-16 20:07:08.972214
0.01955,2024-07-12,2024-07-19,sh.601077,2025-06-16 20:07:08.972214
-0.007904,2024-07-15,2024-07-22,sh.601077,2025-06-16 20:07:08.972214
0.004456,2024-07-16,2024-07-23,sh.601077,2025-06-16 20:07:08.972214
-0.02733,2024-07-17,2024-07-24,sh.601077,2025-06-16 20:07:08.972214
-0.00709,2024-07-18,2024-07-25,sh.601077,2025-06-16 20:07:08.972214
-0.02596,2024-07-19,2024-07-26,sh.601077,2025-06-16 20:07:08.972214
-0.07446,2024-07-22,2024-07-29,sh.601077,2025-06-16 20:07:08.972214
-0.01816,2024-07-23,2024-07-30,sh.601077,2025-06-16 20:07:08.972214
0.001997,2024-07-24,2024-07-31,sh.601077,2025-06-16 20:07:08.972214
-0.02596,2024-07-25,2024-08-01,sh.601077,2025-06-16 20:07:08.972214
-0.07446,2024-07-26,2024-08-02,sh.601077,2025-06-16 20:07:08.972214
-0.021,2024-07-29,2024-08-05,sh.601077,2025-06-16 20:07:08.972214
-0.0435,2024-07-30,2024-08-06,sh.601077,2025-06-16 20:07:08.972214
-0.02596,2024-07-31,2024-08-07,sh.601077,2025-06-16 20:07:08.972214
-0.02596,2024-08-01,2024-08-08,sh.601077,2025-06-16 20:07:08.972214
-0.0435,2024-08-02,2024-08-09,sh.601077,2025-06-16 20:07:08.972214
-0.07446,2024-08-05,2024-08-12,sh.601077,2025-06-16 20:07:08.972214
-0.02866,2024-08-06,2024-08-13,sh.601077,2025-06-16 20:07:08.972214
-0.03096,2024-08-07,2024-08-14,sh.601077,2025-06-16 20:07:08.972214
-0.05746,2024-08-08,2024-08-15,sh.601077,2025-06-16 20:07:08.972214
-0.02866,2024-08-09,2024-08-16,sh.601077,2025-06-16 20:07:08.972214
-0.05905,2024-08-12,2024-08-19,sh.601077,2025-06-16 20:07:08.972214
0.02745,2024-08-13,2024-08-20,sh.601077,2025-06-16 20:07:08.972214
-0.05746,2024-08-14,2024-08-21,sh.601077,2025-06-16 20:07:08.972214
0.01273,2024-08-15,2024-08-22,sh.601077,2025-06-16 20:07:08.972214
-0.02596,2024-08-16,2024-08-23,sh.601077,2025-06-16 20:07:08.972214
-0.02068,2024-08-19,2024-08-26,sh.601077,2025-06-16 20:07:08.972214
-0.04272,2024-08-20,2024-08-27,sh.601077,2025-06-16 20:07:08.972214
-0.02571,2024-08-21,2024-08-28,sh.601077,2025-06-16 20:07:08.972214
-0.01744,2024-08-22,2024-08-29,sh.601077,2025-06-16 20:07:08.972214
-0.01744,2024-08-23,2024-08-30,sh.601077,2025-06-16 20:07:08.972214
-0.02571,2024-08-26,2024-09-02,sh.601077,2025-06-16 20:07:08.972214
0.002378,2024-08-27,2024-09-03,sh.601077,2025-06-16 20:07:08.972214
-0.0174,2024-08-28,2024-09-04,sh.601077,2025-06-16 20:07:08.972214
-0.0767,2024-08-29,2024-09-05,sh.601077,2025-06-16 20:07:08.972214
-0.02246,2024-08-30,2024-09-06,sh.601077,2025-06-16 20:07:08.972214
-0.005714,2024-09-02,2024-09-09,sh.601077,2025-06-16 20:07:08.972214
-0.04684,2024-09-03,2024-09-10,sh.601077,2025-06-16 20:07:08.972214
0.01904,2024-09-04,2024-09-11,sh.601077,2025-06-16 20:07:08.972214
-0.03653,2024-09-05,2024-09-12,sh.601077,2025-06-16 20:07:08.972214
0.0251,2024-09-06,2024-09-13,sh.601077,2025-06-16 20:07:08.972214
-0.03653,2024-09-09,2024-09-16,sh.601077,2025-06-16 20:07:08.972214
0.01904,2024-09-10,2024-09-17,sh.601077,2025-06-16 20:07:08.972214
-0.05466,2024-09-11,2024-09-18,sh.601077,2025-06-16 20:07:08.972214
0.03235,2024-09-12,2024-09-19,sh.601077,2025-06-16 20:07:08.972214
-0.02124,2024-09-13,2024-09-20,sh.601077,2025-06-16 20:07:08.972214
0.02121,2024-09-18,2024-09-25,sh.601077,2025-06-16 20:07:08.972214
0.03235,2024-09-19,2024-09-26,sh.601077,2025-06-16 20:07:08.972214
0.03235,2024-09-20,2024-09-27,sh.601077,2025-06-16 20:07:08.972214
-0.03111,2024-09-23,2024-09-30,sh.601077,2025-06-16 20:07:08.972214
0.01904,2024-09-24,2024-10-01,sh.601077,2025-06-16 20:07:08.972214
-0.04364,2024-09-25,2024-10-02,sh.601077,2025-06-16 20:07:08.972214
-0.03186,2024-09-26,2024-10-03,sh.601077,2025-06-16 20:07:08.972214
-0.0761,2024-09-27,2024-10-04,sh.601077,2025-06-16 20:07:08.972214
-0.01531,2024-09-30,2024-10-07,sh.601077,2025-06-16 20:07:08.972214
-0.1566,2024-10-08,2024-10-15,sh.601077,2025-06-16 20:07:08.972214
-0.078,2024-10-09,2024-10-16,sh.601077,2025-06-16 20:07:08.972214
-0.0408,2024-10-10,2024-10-17,sh.601077,2025-06-16 20:07:08.972214
-0.0232,2024-10-11,2024-10-18,sh.601077,2025-06-16 20:07:08.972214
0.02083,2024-10-14,2024-10-21,sh.601077,2025-06-16 20:07:08.972214
-0.08374,2024-10-15,2024-10-22,sh.601077,2025-06-16 20:07:08.972214
-0.01993,2024-10-16,2024-10-23,sh.601077,2025-06-16 20:07:08.972214
-0.0961,2024-10-17,2024-10-24,sh.601077,2025-06-16 20:07:08.972214
-0.05682,2024-10-18,2024-10-25,sh.601077,2025-06-16 20:07:08.972214
0.0321,2024-10-21,2024-10-28,sh.601077,2025-06-16 20:07:08.972214
-0.02296,2024-10-22,2024-10-29,sh.601077,2025-06-16 20:07:08.972214
-0.02042,2024-10-23,2024-10-30,sh.601077,2025-06-16 20:07:08.972214
-0.002878,2024-10-24,2024-10-31,sh.601077,2025-06-16 20:07:08.972214
-0.06885,2024-10-25,2024-11-01,sh.601077,2025-06-16 20:07:08.972214
-0.0923,2024-10-28,2024-11-04,sh.601077,2025-06-16 20:07:08.972214
-0.001947,2024-10-29,2024-11-05,sh.601077,2025-06-16 20:07:08.972214
-0.0822,2024-10-30,2024-11-06,sh.601077,2025-06-16 20:07:08.972214
-0.071,2024-10-31,2024-11-07,sh.601077,2025-06-16 20:07:08.972214
0.02058,2024-11-01,2024-11-08,sh.601077,2025-06-16 20:07:08.972214
-0.01624,2024-11-04,2024-11-11,sh.601077,2025-06-16 20:07:08.972214
-0.002134,2024-11-05,2024-11-12,sh.601077,2025-06-16 20:07:08.972214
-0.01624,2024-11-06,2024-11-13,sh.601077,2025-06-16 20:07:08.972214
-0.01624,2024-11-07,2024-11-14,sh.601077,2025-06-16 20:07:08.972214
-0.05545,2024-11-08,2024-11-15,sh.601077,2025-06-16 20:07:08.972214
-0.0788,2024-11-11,2024-11-18,sh.601077,2025-06-16 20:07:08.972214
-0.0524,2024-11-12,2024-11-19,sh.601077,2025-06-16 20:07:08.972214
-0.03717,2024-11-13,2024-11-20,sh.601077,2025-06-16 20:07:08.972214
-0.03345,2024-11-14,2024-11-21,sh.601077,2025-06-16 20:07:08.972214
-0.03345,2024-11-15,2024-11-22,sh.601077,2025-06-16 20:07:08.972214
-0.10315,2024-11-18,2024-11-25,sh.601077,2025-06-16 20:07:08.972214
-0.09973,2024-11-19,2024-11-26,sh.601077,2025-06-16 20:07:08.972214
-0.0912,2024-11-20,2024-11-27,sh.601077,2025-06-16 20:07:08.972214
-0.0912,2024-11-21,2024-11-28,sh.601077,2025-06-16 20:07:08.972214
-0.0788,2024-11-22,2024-11-29,sh.601077,2025-06-16 20:07:08.972214
-0.0794,2024-11-25,2024-12-02,sh.601077,2025-06-16 20:07:08.972214
-0.03717,2024-11-26,2024-12-03,sh.601077,2025-06-16 20:07:08.972214
-0.03717,2024-11-27,2024-12-04,sh.601077,2025-06-16 20:07:08.972214
-0.0912,2024-11-28,2024-12-05,sh.601077,2025-06-16 20:07:08.972214
-0.0956,2024-11-29,2024-12-06,sh.601077,2025-06-16 20:07:08.972214
-0.0788,2024-12-02,2024-12-09,sh.601077,2025-06-16 20:07:08.972214
-0.03717,2024-12-03,2024-12-10,sh.601077,2025-06-16 20:07:08.972214
-0.01662,2024-12-04,2024-12-11,sh.601077,2025-06-16 20:07:08.972214
0.00368,2024-12-05,2024-12-12,sh.601077,2025-06-16 20:07:08.972214
-0.03096,2024-12-06,2024-12-13,sh.601077,2025-06-16 20:07:08.972214
-0.004993,2024-12-09,2024-12-16,sh.601077,2025-06-16 20:07:08.972214
-0.0918,2024-12-10,2024-12-17,sh.601077,2025-06-16 20:07:08.972214
-0.08514,2024-12-11,2024-12-18,sh.601077,2025-06-16 20:07:08.972214
-0.0847,2024-12-12,2024-12-19,sh.601077,2025-06-16 20:07:08.972214
-0.0877,2024-12-13,2024-12-20,sh.601077,2025-06-16 20:07:08.972214
-0.05106,2024-12-16,2024-12-23,sh.601077,2025-06-16 20:07:08.972214
-0.06793,2024-12-17,2024-12-24,sh.601077,2025-06-16 20:07:08.972214
-0.03062,2024-12-18,2024-12-25,sh.601077,2025-06-16 20:07:08.972214
-0.03062,2024-12-19,2024-12-26,sh.601077,2025-06-16 20:07:08.972214
-0.05936,2024-12-20,2024-12-27,sh.601077,2025-06-16 20:07:08.972214
-0.004803,2024-12-23,2024-12-30,sh.601077,2025-06-16 20:07:08.972214
-0.03766,2024-12-24,2024-12-31,sh.601077,2025-06-16 20:07:08.972214
-0.0336,2024-12-25,2025-01-01,sh.601077,2025-06-16 20:07:08.972214
-0.04498,2024-12-26,2025-01-02,sh.601077,2025-06-16 20:07:08.972214
-0.1102,2024-12-27,2025-01-03,sh.601077,2025-06-16 20:07:08.972214
-0.0526,2024-12-30,2025-01-06,sh.601077,2025-06-16 20:07:08.972214
-0.03183,2024-12-31,2025-01-07,sh.601077,2025-06-16 20:07:08.972214
-0.04773,2025-01-02,2025-01-09,sh.601077,2025-06-16 20:07:08.972214
-0.1088,2025-01-03,2025-01-10,sh.601077,2025-06-16 20:07:08.972214
-0.0651,2025-01-06,2025-01-13,sh.601077,2025-06-16 20:07:08.972214
-0.002266,2025-01-07,2025-01-14,sh.601077,2025-06-16 20:07:08.972214
-0.03766,2025-01-08,2025-01-15,sh.601077,2025-06-16 20:07:08.972214
-0.05484,2025-01-09,2025-01-16,sh.601077,2025-06-16 20:07:08.972214
-0.05484,2025-01-10,2025-01-17,sh.601077,2025-06-16 20:07:08.972214
-0.1088,2025-01-13,2025-01-20,sh.601077,2025-06-16 20:07:08.972214
-0.02652,2025-01-14,2025-01-21,sh.601077,2025-06-16 20:07:08.972214
0.005722,2025-01-15,2025-01-22,sh.601077,2025-06-16 20:07:08.972214
0.012566,2025-01-16,2025-01-23,sh.601077,2025-06-16 20:07:08.972214
-0.05823,2025-01-17,2025-01-24,sh.601077,2025-06-16 20:07:08.972214
-0.05823,2025-01-20,2025-01-27,sh.601077,2025-06-16 20:07:08.972214
0.02367,2025-01-21,2025-01-28,sh.601077,2025-06-16 20:07:08.972214
-0.05823,2025-01-22,2025-01-29,sh.601077,2025-06-16 20:07:08.972214
0.012566,2025-01-23,2025-01-30,sh.601077,2025-06-16 20:07:08.972214
-0.007313,2025-01-24,2025-01-31,sh.601077,2025-06-16 20:07:08.972214
-0.010994,2025-01-27,2025-02-03,sh.601077,2025-06-16 20:07:08.972214
-0.0725,2025-02-05,2025-02-12,sh.601077,2025-06-16 20:07:08.972214
-0.0805,2025-02-06,2025-02-13,sh.601077,2025-06-16 20:07:08.972214
-0.0321,2025-02-07,2025-02-14,sh.601077,2025-06-16 20:07:08.972214
-0.03568,2025-02-10,2025-02-17,sh.601077,2025-06-16 20:07:08.972214
-0.046,2025-02-11,2025-02-18,sh.601077,2025-06-16 20:07:08.972214
-0.0805,2025-02-12,2025-02-19,sh.601077,2025-06-16 20:07:08.972214
-0.0805,2025-02-13,2025-02-20,sh.601077,2025-06-16 20:07:08.972214
-0.05652,2025-02-14,2025-02-21,sh.601077,2025-06-16 20:07:08.972214
-0.023,2025-02-17,2025-02-24,sh.601077,2025-06-16 20:07:08.972214
-0.05652,2025-02-18,2025-02-25,sh.601077,2025-06-16 20:07:08.972214
-0.05652,2025-02-19,2025-02-26,sh.601077,2025-06-16 20:07:08.972214
-0.05652,2025-02-20,2025-02-27,sh.601077,2025-06-16 20:07:08.972214
-0.0321,2025-02-21,2025-02-28,sh.601077,2025-06-16 20:07:08.972214
-0.06415,2025-02-24,2025-03-03,sh.601077,2025-06-16 20:07:08.972214
-0.0879,2025-02-25,2025-03-04,sh.601077,2025-06-16 20:07:08.972214
-0.01746,2025-02-26,2025-03-05,sh.601077,2025-06-16 20:07:08.972214
-0.00318,2025-02-27,2025-03-06,sh.601077,2025-06-16 20:07:08.972214
-0.02809,2025-02-28,2025-03-07,sh.601077,2025-06-16 20:07:08.972214
-0.02809,2025-03-03,2025-03-10,sh.601077,2025-06-16 20:07:08.972214
-0.02809,2025-03-04,2025-03-11,sh.601077,2025-06-16 20:07:08.972214
-0.04007,2025-03-05,2025-03-12,sh.601077,2025-06-16 20:07:08.972214
-0.06415,2025-03-06,2025-03-13,sh.601077,2025-06-16 20:07:08.972214
-0.03253,2025-03-07,2025-03-14,sh.601077,2025-06-16 20:07:08.972214
0.02284,2025-03-10,2025-03-17,sh.601077,2025-06-16 20:07:08.972214
0.047,2025-03-11,2025-03-18,sh.601077,2025-06-16 20:07:08.972214
-0.03253,2025-03-12,2025-03-19,sh.601077,2025-06-16 20:07:08.972214
0.047,2025-03-13,2025-03-20,sh.601077,2025-06-16 20:07:08.972214
0.0258,2025-03-14,2025-03-21,sh.601077,2025-06-16 20:07:08.972214
-0.04175,2025-03-17,2025-03-24,sh.601077,2025-06-16 20:07:08.972214
0.01886,2025-03-18,2025-03-25,sh.601077,2025-06-16 20:07:08.972214
0.01308,2025-03-19,2025-03-26,sh.601077,2025-06-16 20:07:08.972214
0.01193,2025-03-20,2025-03-27,sh.601077,2025-06-16 20:07:08.972214
0.01193,2025-03-21,2025-03-28,sh.601077,2025-06-16 20:07:08.972214
0.01825,2025-03-24,2025-03-31,sh.601077,2025-06-16 20:07:08.972214
-0.011185,2025-03-25,2025-04-01,sh.601077,2025-06-16 20:07:08.972214
-0.011185,2025-03-26,2025-04-02,sh.601077,2025-06-16 20:07:08.972214
-0.007538,2025-03-27,2025-04-03,sh.601077,2025-06-16 20:07:08.972214
-0.01247,2025-03-28,2025-04-04,sh.601077,2025-06-16 20:07:08.972214
-0.01775,2025-03-31,2025-04-07,sh.601077,2025-06-16 20:07:08.972214
-0.01533,2025-04-01,2025-04-08,sh.601077,2025-06-16 20:07:08.972214
-0.02255,2025-04-02,2025-04-09,sh.601077,2025-06-16 20:07:08.972214
-0.0039,2025-04-03,2025-04-10,sh.601077,2025-06-16 20:07:08.972214
-0.08057,2025-04-07,2025-04-14,sh.601077,2025-06-16 20:07:08.972214
0.01158,2025-04-08,2025-04-15,sh.601077,2025-06-16 20:07:08.972214
-0.00719,2025-04-09,2025-04-16,sh.601077,2025-06-16 20:07:08.972214
-0.01678,2025-04-10,2025-04-17,sh.601077,2025-06-16 20:07:08.972214
-0.013336,2025-04-11,2025-04-18,sh.601077,2025-06-16 20:07:08.972214
0.0585,2025-04-14,2025-04-21,sh.601077,2025-06-16 20:07:08.972214
0.007088,2025-04-15,2025-04-22,sh.601077,2025-06-16 20:07:08.972214
-0.01593,2025-04-16,2025-04-23,sh.601077,2025-06-16 20:07:08.972214
-0.01593,2025-04-17,2025-04-24,sh.601077,2025-06-16 20:07:08.972214
-0.009705,2025-04-18,2025-04-25,sh.601077,2025-06-16 20:07:08.972214
-0.00965,2025-04-21,2025-04-28,sh.601077,2025-06-16 20:07:08.972214
0.00798,2025-04-22,2025-04-29,sh.601077,2025-06-16 20:07:08.972214
-0.02788,2025-04-23,2025-04-30,sh.601077,2025-06-16 20:07:08.972214
0.02171,2025-04-24,2025-05-01,sh.601077,2025-06-16 20:07:08.972214
0.01004,2025-04-25,2025-05-02,sh.601077,2025-06-16 20:07:08.972214
-0.013954,2025-04-28,2025-05-05,sh.601077,2025-06-16 20:07:08.972214
-0.01514,2025-04-29,2025-05-06,sh.601077,2025-06-16 20:07:08.972214
-0.01514,2025-04-30,2025-05-07,sh.601077,2025-06-16 20:07:08.972214
-0.141,2025-05-06,2025-05-13,sh.601077,2025-06-16 20:07:08.972214
-0.00569,2025-05-07,2025-05-14,sh.601077,2025-06-16 20:07:08.972214
0.00843,2025-05-08,2025-05-15,sh.601077,2025-06-16 20:07:08.972214
-0.02808,2025-05-09,2025-05-16,sh.601077,2025-06-16 20:07:08.972214
-0.057,2025-05-12,2025-05-19,sh.601077,2025-06-16 20:07:08.972214
-0.04456,2025-05-13,2025-05-20,sh.601077,2025-06-16 20:07:08.972214
-0.02776,2025-05-14,2025-05-21,sh.601077,2025-06-16 20:07:08.972214
-0.05228,2025-05-15,2025-05-22,sh.601077,2025-06-16 20:07:08.972214
-0.05457,2025-05-16,2025-05-23,sh.601077,2025-06-16 20:07:08.972214
0.01344,2025-05-19,2025-05-26,sh.601077,2025-06-16 20:07:08.972214
0.01526,2025-05-20,2025-05-27,sh.601077,2025-06-16 20:07:08.972214
0.002996,2025-05-21,2025-05-28,sh.601077,2025-06-16 20:07:08.972214
0.02742,2025-05-22,2025-05-29,sh.601077,2025-06-16 20:07:08.972214
-0.06204,2025-05-23,2025-05-30,sh.601077,2025-06-16 20:07:08.972214
-0.0818,2025-05-26,2025-06-02,sh.601077,2025-06-16 20:07:08.972214
-0.05417,2025-05-27,2025-06-03,sh.601077,2025-06-16 20:07:08.972214
-0.0418,2025-05-28,2025-06-04,sh.601077,2025-06-16 20:07:08.972214
-0.05273,2025-05-29,2025-06-05,sh.601077,2025-06-16 20:07:08.972214
-0.0273,2025-05-30,2025-06-06,sh.601077,2025-06-16 20:07:08.972214
-0.00818,2025-06-03,2025-06-10,sh.601077,2025-06-16 20:07:08.972214
-0.02402,2025-06-04,2025-06-11,sh.601077,2025-06-16 20:07:08.972214
-0.01927,2025-06-05,2025-06-12,sh.601077,2025-06-16 20:07:08.972214
0.007275,2025-06-06,2025-06-13,sh.601077,2025-06-16 20:07:08.972214
-0.0171,2025-06-09,2025-06-16,sh.601077,2025-06-16 20:07:08.972214
-0.0345,2025-06-10,2025-06-17,sh.601077,2025-06-16 20:07:08.972214
-0.00695,2025-06-11,2025-06-18,sh.601077,2025-06-16 20:07:08.972214
-0.01046,2025-06-12,2025-06-19,sh.601077,2025-06-16 20:07:08.972214
-0.07465,2025-06-13,2025-06-20,sh.601077,2025-06-16 20:07:08.972214
-0.04156,2025-06-16,2025-06-23,sh.601077,2025-06-16 20:07:08.972214
-0.039,2025-06-16,2025-06-23,sh.601077,2025-06-16 20:07:08.972214
0.01407,2025-06-16,2025-06-23,sh.601088,2025-06-16 20:07:08.972214
0.02849,2025-06-16,2025-06-23,sh.601088,2025-06-16 20:07:08.972214
-0.3347,2025-06-16,2025-06-23,sh.601100,2025-06-16 20:07:08.972214
-0.338,2025-06-16,2025-06-23,sh.601100,2025-06-16 20:07:08.972214
0.0729,2025-06-16,2025-06-23,sh.601111,2025-06-16 20:07:08.972214
0.0729,2025-06-16,2025-06-23,sh.601111,2025-06-16 20:07:08.972214
0.02887,2025-06-16,2025-06-23,sh.601117,2025-06-16 20:07:08.972214
0.02887,2025-06-16,2025-06-23,sh.601117,2025-06-16 20:07:08.972214
-0.05203,2025-06-16,2025-06-23,sh.601127,2025-06-16 20:07:08.972214
-0.04492,2025-06-16,2025-06-23,sh.601127,2025-06-16 20:07:08.972214
-0.05756,2025-06-16,2025-06-23,sh.601138,2025-06-16 20:07:08.972214
-0.0363,2025-06-16,2025-06-23,sh.601138,2025-06-16 20:07:08.972214
0.0863,2025-06-16,2025-06-23,sh.601166,2025-06-16 20:07:08.972214
0.08636,2025-06-16,2025-06-23,sh.601166,2025-06-16 20:07:08.972214
0.05643,2025-06-16,2025-06-23,sh.601169,2025-06-16 20:07:08.972214
0.05618,2025-06-16,2025-06-23,sh.601169,2025-06-16 20:07:08.972214
0.00826,2025-06-16,2025-06-23,sh.601186,2025-06-16 20:07:08.972214
0.00826,2025-06-16,2025-06-23,sh.601186,2025-06-16 20:07:08.972214
0.0619,2025-06-16,2025-06-23,sh.601211,2025-06-16 20:07:08.972214
0.02663,2025-06-16,2025-06-23,sh.601211,2025-06-16 20:07:08.972214
0.021,2025-06-16,2025-06-23,sh.601225,2025-06-16 20:07:08.972214
0.021,2025-06-16,2025-06-23,sh.601225,2025-06-16 20:07:08.972214
-0.04938,2025-06-16,2025-06-23,sh.601229,2025-06-16 20:07:08.972214
-0.04938,2025-06-16,2025-06-23,sh.601229,2025-06-16 20:07:08.972214
0.003963,2025-06-16,2025-06-23,sh.601236,2025-06-16 20:07:08.972214
0.003963,2025-06-16,2025-06-23,sh.601236,2025-06-16 20:07:08.972214
0.07056,2025-06-16,2025-06-23,sh.601238,2025-06-16 20:07:08.972214
0.07056,2025-06-16,2025-06-23,sh.601238,2025-06-16 20:07:08.972214
0.02197,2025-06-16,2025-06-23,sh.601288,2025-06-16 20:07:08.972214
0.02197,2025-06-16,2025-06-23,sh.601288,2025-06-16 20:07:08.972214
0.1026,2025-06-16,2025-06-23,sh.601318,2025-06-16 20:07:08.972214
0.1026,2025-06-16,2025-06-23,sh.601318,2025-06-16 20:07:08.972214
0.01198,2025-06-16,2025-06-23,sh.601319,2025-06-16 20:07:08.972214
0.01198,2025-06-16,2025-06-23,sh.601319,2025-06-16 20:07:08.972214
0.0293,2025-06-16,2025-06-23,sh.601328,2025-06-16 20:07:08.972214
0.0293,2025-06-16,2025-06-23,sh.601328,2025-06-16 20:07:08.972214
0.003464,2025-06-16,2025-06-23,sh.601336,2025-06-16 20:07:08.972214
0.00885,2025-06-16,2025-06-23,sh.601336,2025-06-16 20:07:08.972214
0.04752,2025-06-16,2025-06-23,sh.601360,2025-06-16 20:07:08.972214
0.04752,2025-06-16,2025-06-23,sh.601360,2025-06-16 20:07:08.972214
0.0473,2025-06-16,2025-06-23,sh.601377,2025-06-16 20:07:08.972214
0.04718,2025-06-16,2025-06-23,sh.601377,2025-06-16 20:07:08.972214
0.02986,2025-06-16,2025-06-23,sh.601390,2025-06-16 20:07:08.972214
0.02986,2025-06-16,2025-06-23,sh.601390,2025-06-16 20:07:08.972214
0.02722,2025-06-16,2025-06-23,sh.601398,2025-06-16 20:07:08.972214
0.02722,2025-06-16,2025-06-23,sh.601398,2025-06-16 20:07:08.972214
0.0663,2025-06-16,2025-06-23,sh.601600,2025-06-16 20:07:08.972214
0.0663,2025-06-16,2025-06-23,sh.601600,2025-06-16 20:07:08.972214
0.03427,2025-06-16,2025-06-23,sh.601601,2025-06-16 20:07:08.972214
0.03427,2025-06-16,2025-06-23,sh.601601,2025-06-16 20:07:08.972214
-0.2903,2025-06-16,2025-06-23,sh.601607,2025-06-16 20:07:08.972214
-0.2966,2025-06-16,2025-06-23,sh.601607,2025-06-16 20:07:08.972214
0.0534,2025-06-16,2025-06-23,sh.601618,2025-06-16 20:07:08.972214
0.06506,2025-06-16,2025-06-23,sh.601618,2025-06-16 20:07:08.972214
0.03546,2025-06-16,2025-06-23,sh.601628,2025-06-16 20:07:08.972214
0.03546,2025-06-16,2025-06-23,sh.601628,2025-06-16 20:07:08.972214
-0.03748,2025-06-16,2025-06-23,sh.601633,2025-06-16 20:07:08.972214
-0.04492,2025-06-16,2025-06-23,sh.601633,2025-06-16 20:07:08.972214
0.001748,2025-06-16,2025-06-23,sh.601658,2025-06-16 20:07:08.972214
0.001748,2025-06-16,2025-06-23,sh.601658,2025-06-16 20:07:08.972214
0.06244,2025-06-16,2025-06-23,sh.601668,2025-06-16 20:07:08.972214
0.06244,2025-06-16,2025-06-23,sh.601668,2025-06-16 20:07:08.972214
0.04205,2025-06-16,2025-06-23,sh.601669,2025-06-16 20:07:08.972214
0.04205,2025-06-16,2025-06-23,sh.601669,2025-06-16 20:07:08.972214
0.07306,2025-06-16,2025-06-23,sh.601688,2025-06-16 20:07:08.972214
0.07306,2025-06-16,2025-06-23,sh.601688,2025-06-16 20:07:08.972214
0.1005,2025-06-16,2025-06-23,sh.601689,2025-06-16 20:07:08.972214
0.09644,2025-06-16,2025-06-23,sh.601689,2025-06-16 20:07:08.972214
0.014595,2025-06-16,2025-06-23,sh.601698,2025-06-16 20:07:08.972214
0.014595,2025-06-16,2025-06-23,sh.601698,2025-06-16 20:07:08.972214
0.0676,2025-06-16,2025-06-23,sh.601699,2025-06-16 20:07:08.972214
0.06586,2025-06-16,2025-06-23,sh.601699,2025-06-16 20:07:08.972214
0.0801,2025-06-16,2025-06-23,sh.601728,2025-06-16 20:07:08.972214
0.0801,2025-06-16,2025-06-23,sh.601728,2025-06-16 20:07:08.972214
-0.01515,2025-06-16,2025-06-23,sh.601766,2025-06-16 20:07:08.972214
-0.01515,2025-06-16,2025-06-23,sh.601766,2025-06-16 20:07:08.972214
0.1014,2025-06-16,2025-06-23,sh.601788,2025-06-16 20:07:08.972214
0.134,2025-06-16,2025-06-23,sh.601788,2025-06-16 20:07:08.972214
-0.35,2025-06-16,2025-06-23,sh.601799,2025-06-16 20:07:08.972214
-0.35,2025-06-16,2025-06-23,sh.601799,2025-06-16 20:07:08.972214
0.04028,2025-06-16,2025-06-23,sh.601800,2025-06-16 20:07:08.972214
0.04028,2025-06-16,2025-06-23,sh.601800,2025-06-16 20:07:08.972214
-0.1123,2025-06-16,2025-06-23,sh.601808,2025-06-16 20:07:08.972214
-0.1123,2025-06-16,2025-06-23,sh.601808,2025-06-16 20:07:08.972214
0.002617,2025-06-16,2025-06-23,sh.601816,2025-06-16 20:07:08.972214
0.002617,2025-06-16,2025-06-23,sh.601816,2025-06-16 20:07:08.972214
0.001515,2025-06-16,2025-06-23,sh.601818,2025-06-16 20:07:08.972214
0.001515,2025-06-16,2025-06-23,sh.601818,2025-06-16 20:07:08.972214
0.04538,2024-08-22,2024-08-29,sh.601825,2025-06-16 20:07:08.972214
-0.02065,2024-08-23,2024-08-30,sh.601825,2025-06-16 20:07:08.972214
-0.04013,2024-08-26,2024-09-02,sh.601825,2025-06-16 20:07:08.972214
-0.0296,2024-08-27,2024-09-03,sh.601825,2025-06-16 20:07:08.972214
-0.0296,2024-08-28,2024-09-04,sh.601825,2025-06-16 20:07:08.972214
-0.0997,2024-08-29,2024-09-05,sh.601825,2025-06-16 20:07:08.972214
-0.0647,2024-08-30,2024-09-06,sh.601825,2025-06-16 20:07:08.972214
0.03696,2024-09-02,2024-09-09,sh.601825,2025-06-16 20:07:08.972214
0.02971,2024-09-03,2024-09-10,sh.601825,2025-06-16 20:07:08.972214
0.03354,2024-09-04,2024-09-11,sh.601825,2025-06-16 20:07:08.972214
0.0079,2024-09-05,2024-09-12,sh.601825,2025-06-16 20:07:08.972214
0.0676,2024-09-06,2024-09-13,sh.601825,2025-06-16 20:07:08.972214
-0.00831,2024-09-09,2024-09-16,sh.601825,2025-06-16 20:07:08.972214
0.03754,2024-09-10,2024-09-17,sh.601825,2025-06-16 20:07:08.972214
0.0079,2024-09-11,2024-09-18,sh.601825,2025-06-16 20:07:08.972214
0.04532,2024-09-12,2024-09-19,sh.601825,2025-06-16 20:07:08.972214
0.0079,2024-09-13,2024-09-20,sh.601825,2025-06-16 20:07:08.972214
0.0676,2024-09-18,2024-09-25,sh.601825,2025-06-16 20:07:08.972214
0.03754,2024-09-19,2024-09-26,sh.601825,2025-06-16 20:07:08.972214
0.02643,2024-09-20,2024-09-27,sh.601825,2025-06-16 20:07:08.972214
0.01872,2024-09-23,2024-09-30,sh.601825,2025-06-16 20:07:08.972214
0.04785,2024-09-24,2024-10-01,sh.601825,2025-06-16 20:07:08.972214
-0.02454,2024-09-25,2024-10-02,sh.601825,2025-06-16 20:07:08.972214
0.0461,2024-09-26,2024-10-03,sh.601825,2025-06-16 20:07:08.972214
0.01094,2024-09-27,2024-10-04,sh.601825,2025-06-16 20:07:08.972214
-0.02661,2024-09-30,2024-10-07,sh.601825,2025-06-16 20:07:08.972214
-0.1443,2024-10-08,2024-10-15,sh.601825,2025-06-16 20:07:08.972214
-0.05792,2024-10-09,2024-10-16,sh.601825,2025-06-16 20:07:08.972214
0.04755,2024-10-10,2024-10-17,sh.601825,2025-06-16 20:07:08.972214
0.037,2024-10-11,2024-10-18,sh.601825,2025-06-16 20:07:08.972214
-0.02332,2024-10-14,2024-10-21,sh.601825,2025-06-16 20:07:08.972214
-0.04364,2024-10-15,2024-10-22,sh.601825,2025-06-16 20:07:08.972214
-0.0444,2024-10-16,2024-10-23,sh.601825,2025-06-16 20:07:08.972214
-0.0539,2024-10-17,2024-10-24,sh.601825,2025-06-16 20:07:08.972214
-0.0447,2024-10-18,2024-10-25,sh.601825,2025-06-16 20:07:08.972214
-0.04718,2024-10-21,2024-10-28,sh.601825,2025-06-16 20:07:08.972214
-0.03952,2024-10-22,2024-10-29,sh.601825,2025-06-16 20:07:08.972214
-0.0206,2024-10-23,2024-10-30,sh.601825,2025-06-16 20:07:08.972214
-0.0331,2024-10-24,2024-10-31,sh.601825,2025-06-16 20:07:08.972214
0.006756,2024-10-25,2024-11-01,sh.601825,2025-06-16 20:07:08.972214
-0.012886,2024-10-28,2024-11-04,sh.601825,2025-06-16 20:07:08.972214
0.00928,2024-10-29,2024-11-05,sh.601825,2025-06-16 20:07:08.972214
-0.0499,2024-10-30,2024-11-06,sh.601825,2025-06-16 20:07:08.972214
-0.01294,2024-10-31,2024-11-07,sh.601825,2025-06-16 20:07:08.972214
0.009995,2024-11-01,2024-11-08,sh.601825,2025-06-16 20:07:08.972214
0.00796,2024-11-04,2024-11-11,sh.601825,2025-06-16 20:07:08.972214
0.00811,2024-11-05,2024-11-12,sh.601825,2025-06-16 20:07:08.972214
0.010056,2024-11-06,2024-11-13,sh.601825,2025-06-16 20:07:08.972214
0.0004098,2024-11-07,2024-11-14,sh.601825,2025-06-16 20:07:08.972214
-0.05237,2024-11-08,2024-11-15,sh.601825,2025-06-16 20:07:08.972214
0.002956,2024-11-11,2024-11-18,sh.601825,2025-06-16 20:07:08.972214
-0.01294,2024-11-12,2024-11-19,sh.601825,2025-06-16 20:07:08.972214
0.02516,2024-11-13,2024-11-20,sh.601825,2025-06-16 20:07:08.972214
-0.01923,2024-11-14,2024-11-21,sh.601825,2025-06-16 20:07:08.972214
0.002956,2024-11-15,2024-11-22,sh.601825,2025-06-16 20:07:08.972214
-0.0459,2024-11-18,2024-11-25,sh.601825,2025-06-16 20:07:08.972214
-0.02145,2024-11-19,2024-11-26,sh.601825,2025-06-16 20:07:08.972214
-0.04285,2024-11-20,2024-11-27,sh.601825,2025-06-16 20:07:08.972214
-0.0461,2024-11-21,2024-11-28,sh.601825,2025-06-16 20:07:08.972214
-0.0492,2024-11-22,2024-11-29,sh.601825,2025-06-16 20:07:08.972214
-0.04285,2024-11-25,2024-12-02,sh.601825,2025-06-16 20:07:08.972214
-0.04678,2024-11-26,2024-12-03,sh.601825,2025-06-16 20:07:08.972214
-0.04285,2024-11-27,2024-12-04,sh.601825,2025-06-16 20:07:08.972214
-0.04358,2024-11-28,2024-12-05,sh.601825,2025-06-16 20:07:08.972214
0.00972,2024-11-29,2024-12-06,sh.601825,2025-06-16 20:07:08.972214
-0.0869,2024-12-02,2024-12-09,sh.601825,2025-06-16 20:07:08.972214
0.05515,2024-12-03,2024-12-10,sh.601825,2025-06-16 20:07:08.972214
0.07654,2024-12-04,2024-12-11,sh.601825,2025-06-16 20:07:08.972214
0.0608,2024-12-05,2024-12-12,sh.601825,2025-06-16 20:07:08.972214
-0.02727,2024-12-06,2024-12-13,sh.601825,2025-06-16 20:07:08.972214
-0.0003798,2024-12-09,2024-12-16,sh.601825,2025-06-16 20:07:08.972214
0.0486,2024-12-10,2024-12-17,sh.601825,2025-06-16 20:07:08.972214
0.01017,2024-12-11,2024-12-18,sh.601825,2025-06-16 20:07:08.972214
0.004185,2024-12-12,2024-12-19,sh.601825,2025-06-16 20:07:08.972214
-0.0582,2024-12-13,2024-12-20,sh.601825,2025-06-16 20:07:08.972214
-0.0149,2024-12-16,2024-12-23,sh.601825,2025-06-16 20:07:08.972214
0.05295,2024-12-17,2024-12-24,sh.601825,2025-06-16 20:07:08.972214
0.002153,2024-12-18,2024-12-25,sh.601825,2025-06-16 20:07:08.972214
0.00736,2024-12-19,2024-12-26,sh.601825,2025-06-16 20:07:08.972214
-0.0362,2024-12-20,2024-12-27,sh.601825,2025-06-16 20:07:08.972214
0.01063,2024-12-23,2024-12-30,sh.601825,2025-06-16 20:07:08.972214
0.002153,2024-12-24,2024-12-31,sh.601825,2025-06-16 20:07:08.972214
-0.005215,2024-12-25,2025-01-01,sh.601825,2025-06-16 20:07:08.972214
0.04733,2024-12-26,2025-01-02,sh.601825,2025-06-16 20:07:08.972214
-0.00912,2024-12-27,2025-01-03,sh.601825,2025-06-16 20:07:08.972214
-0.01624,2024-12-30,2025-01-06,sh.601825,2025-06-16 20:07:08.972214
-0.02222,2024-12-31,2025-01-07,sh.601825,2025-06-16 20:07:08.972214
-0.06934,2025-01-02,2025-01-09,sh.601825,2025-06-16 20:07:08.972214
-0.04996,2025-01-03,2025-01-10,sh.601825,2025-06-16 20:07:08.972214
-0.04883,2025-01-06,2025-01-13,sh.601825,2025-06-16 20:07:08.972214
-0.0441,2025-01-07,2025-01-14,sh.601825,2025-06-16 20:07:08.972214
0.0191,2025-01-08,2025-01-15,sh.601825,2025-06-16 20:07:08.972214
-0.02617,2025-01-09,2025-01-16,sh.601825,2025-06-16 20:07:08.972214
-0.0441,2025-01-10,2025-01-17,sh.601825,2025-06-16 20:07:08.972214
-0.03323,2025-01-13,2025-01-20,sh.601825,2025-06-16 20:07:08.972214
-0.017,2025-01-14,2025-01-21,sh.601825,2025-06-16 20:07:08.972214
-0.02621,2025-01-15,2025-01-22,sh.601825,2025-06-16 20:07:08.972214
-0.0267,2025-01-16,2025-01-23,sh.601825,2025-06-16 20:07:08.972214
-0.0441,2025-01-17,2025-01-24,sh.601825,2025-06-16 20:07:08.972214
-0.03928,2025-01-20,2025-01-27,sh.601825,2025-06-16 20:07:08.972214
-0.01176,2025-01-21,2025-01-28,sh.601825,2025-06-16 20:07:08.972214
-0.03214,2025-01-22,2025-01-29,sh.601825,2025-06-16 20:07:08.972214
-0.03778,2025-01-23,2025-01-30,sh.601825,2025-06-16 20:07:08.972214
-0.0441,2025-01-24,2025-01-31,sh.601825,2025-06-16 20:07:08.972214
0.004425,2025-01-27,2025-02-03,sh.601825,2025-06-16 20:07:08.972214
-0.02617,2025-02-05,2025-02-12,sh.601825,2025-06-16 20:07:08.972214
-0.0441,2025-02-06,2025-02-13,sh.601825,2025-06-16 20:07:08.972214
-0.03928,2025-02-07,2025-02-14,sh.601825,2025-06-16 20:07:08.972214
-0.01176,2025-02-10,2025-02-17,sh.601825,2025-06-16 20:07:08.972214
-0.02621,2025-02-11,2025-02-18,sh.601825,2025-06-16 20:07:08.972214
-0.02621,2025-02-12,2025-02-19,sh.601825,2025-06-16 20:07:08.972214
-0.02567,2025-02-13,2025-02-20,sh.601825,2025-06-16 20:07:08.972214
-0.00862,2025-02-14,2025-02-21,sh.601825,2025-06-16 20:07:08.972214
-0.02364,2025-02-17,2025-02-24,sh.601825,2025-06-16 20:07:08.972214
-0.00862,2025-02-18,2025-02-25,sh.601825,2025-06-16 20:07:08.972214
-0.03323,2025-02-19,2025-02-26,sh.601825,2025-06-16 20:07:08.972214
-0.017,2025-02-20,2025-02-27,sh.601825,2025-06-16 20:07:08.972214
-0.012054,2025-02-21,2025-02-28,sh.601825,2025-06-16 20:07:08.972214
-0.02156,2025-02-24,2025-03-03,sh.601825,2025-06-16 20:07:08.972214
0.01109,2025-02-25,2025-03-04,sh.601825,2025-06-16 20:07:08.972214
0.01109,2025-02-26,2025-03-05,sh.601825,2025-06-16 20:07:08.972214
0.0362,2025-02-27,2025-03-06,sh.601825,2025-06-16 20:07:08.972214
0.02242,2025-02-28,2025-03-07,sh.601825,2025-06-16 20:07:08.972214
0.0303,2025-03-03,2025-03-10,sh.601825,2025-06-16 20:07:08.972214
0.02242,2025-03-04,2025-03-11,sh.601825,2025-06-16 20:07:08.972214
0.02026,2025-03-05,2025-03-12,sh.601825,2025-06-16 20:07:08.972214
0.000356,2025-03-06,2025-03-13,sh.601825,2025-06-16 20:07:08.972214
0.02765,2025-03-07,2025-03-14,sh.601825,2025-06-16 20:07:08.972214
0.01383,2025-03-10,2025-03-17,sh.601825,2025-06-16 20:07:08.972214
0.00872,2025-03-11,2025-03-18,sh.601825,2025-06-16 20:07:08.972214
0.02916,2025-03-12,2025-03-19,sh.601825,2025-06-16 20:07:08.972214
0.02916,2025-03-13,2025-03-20,sh.601825,2025-06-16 20:07:08.972214
0.00927,2025-03-14,2025-03-21,sh.601825,2025-06-16 20:07:08.972214
0.00927,2025-03-17,2025-03-24,sh.601825,2025-06-16 20:07:08.972214
0.01383,2025-03-18,2025-03-25,sh.601825,2025-06-16 20:07:08.972214
0.00872,2025-03-19,2025-03-26,sh.601825,2025-06-16 20:07:08.972214
0.02916,2025-03-20,2025-03-27,sh.601825,2025-06-16 20:07:08.972214
0.02765,2025-03-21,2025-03-28,sh.601825,2025-06-16 20:07:08.972214
0.00927,2025-03-24,2025-03-31,sh.601825,2025-06-16 20:07:08.972214
0.02916,2025-03-25,2025-04-01,sh.601825,2025-06-16 20:07:08.972214
0.008446,2025-03-26,2025-04-02,sh.601825,2025-06-16 20:07:08.972214
0.006214,2025-03-27,2025-04-03,sh.601825,2025-06-16 20:07:08.972214
0.04984,2025-03-28,2025-04-04,sh.601825,2025-06-16 20:07:08.972214
0.0758,2025-03-31,2025-04-07,sh.601825,2025-06-16 20:07:08.972214
0.05737,2025-04-01,2025-04-08,sh.601825,2025-06-16 20:07:08.972214
0.0619,2025-04-02,2025-04-09,sh.601825,2025-06-16 20:07:08.972214
0.05826,2025-04-03,2025-04-10,sh.601825,2025-06-16 20:07:08.972214
0.01663,2025-04-07,2025-04-14,sh.601825,2025-06-16 20:07:08.972214
0.007835,2025-04-08,2025-04-15,sh.601825,2025-06-16 20:07:08.972214
0.06274,2025-04-09,2025-04-16,sh.601825,2025-06-16 20:07:08.972214
0.0766,2025-04-10,2025-04-17,sh.601825,2025-06-16 20:07:08.972214
0.06274,2025-04-11,2025-04-18,sh.601825,2025-06-16 20:07:08.972214
0.0758,2025-04-14,2025-04-21,sh.601825,2025-06-16 20:07:08.972214
0.0843,2025-04-15,2025-04-22,sh.601825,2025-06-16 20:07:08.972214
0.04605,2025-04-16,2025-04-23,sh.601825,2025-06-16 20:07:08.972214
0.06216,2025-04-17,2025-04-24,sh.601825,2025-06-16 20:07:08.972214
0.032,2025-04-18,2025-04-25,sh.601825,2025-06-16 20:07:08.972214
-0.021,2025-04-21,2025-04-28,sh.601825,2025-06-16 20:07:08.972214
-0.00384,2025-04-22,2025-04-29,sh.601825,2025-06-16 20:07:08.972214
0.01037,2025-04-23,2025-04-30,sh.601825,2025-06-16 20:07:08.972214
0.0843,2025-04-24,2025-05-01,sh.601825,2025-06-16 20:07:08.972214
0.05545,2025-04-25,2025-05-02,sh.601825,2025-06-16 20:07:08.972214
0.02669,2025-04-28,2025-05-05,sh.601825,2025-06-16 20:07:08.972214
0.05023,2025-04-29,2025-05-06,sh.601825,2025-06-16 20:07:08.972214
-0.04736,2025-04-30,2025-05-07,sh.601825,2025-06-16 20:07:08.972214
0.01476,2025-05-06,2025-05-13,sh.601825,2025-06-16 20:07:08.972214
0.0738,2025-05-07,2025-05-14,sh.601825,2025-06-16 20:07:08.972214
0.01913,2025-05-08,2025-05-15,sh.601825,2025-06-16 20:07:08.972214
0.05676,2025-05-09,2025-05-16,sh.601825,2025-06-16 20:07:08.972214
0.005646,2025-05-12,2025-05-19,sh.601825,2025-06-16 20:07:08.972214
0.03827,2025-05-13,2025-05-20,sh.601825,2025-06-16 20:07:08.972214
0.02669,2025-05-14,2025-05-21,sh.601825,2025-06-16 20:07:08.972214
0.02669,2025-05-15,2025-05-22,sh.601825,2025-06-16 20:07:08.972214
-0.012566,2025-05-16,2025-05-23,sh.601825,2025-06-16 20:07:08.972214
0.01075,2025-05-19,2025-05-26,sh.601825,2025-06-16 20:07:08.972214
0.045,2025-05-20,2025-05-27,sh.601825,2025-06-16 20:07:08.972214
0.01417,2025-05-21,2025-05-28,sh.601825,2025-06-16 20:07:08.972214
0.043,2025-05-22,2025-05-29,sh.601825,2025-06-16 20:07:08.972214
0.05972,2025-05-23,2025-05-30,sh.601825,2025-06-16 20:07:08.972214
-0.01162,2025-05-26,2025-06-02,sh.601825,2025-06-16 20:07:08.972214
0.0002873,2025-05-27,2025-06-03,sh.601825,2025-06-16 20:07:08.972214
-0.00853,2025-05-28,2025-06-04,sh.601825,2025-06-16 20:07:08.972214
-0.01807,2025-05-29,2025-06-05,sh.601825,2025-06-16 20:07:08.972214
-0.001409,2025-05-30,2025-06-06,sh.601825,2025-06-16 20:07:08.972214
0.04095,2025-06-03,2025-06-10,sh.601825,2025-06-16 20:07:08.972214
0.05585,2025-06-04,2025-06-11,sh.601825,2025-06-16 20:07:08.972214
-0.0686,2025-06-05,2025-06-12,sh.601825,2025-06-16 20:07:08.972214
0.01453,2025-06-06,2025-06-13,sh.601825,2025-06-16 20:07:08.972214
-0.006287,2025-06-09,2025-06-16,sh.601825,2025-06-16 20:07:08.972214
0.04764,2025-06-10,2025-06-17,sh.601825,2025-06-16 20:07:08.972214
0.01807,2025-06-11,2025-06-18,sh.601825,2025-06-16 20:07:08.972214
-0.004715,2025-06-12,2025-06-19,sh.601825,2025-06-16 20:07:08.972214
-0.0671,2025-06-13,2025-06-20,sh.601825,2025-06-16 20:07:08.972214
0.00905,2025-06-16,2025-06-23,sh.601825,2025-06-16 20:07:08.972214
0.01022,2025-06-16,2025-06-23,sh.601825,2025-06-16 20:07:08.972214
-0.03683,2025-06-16,2025-06-23,sh.601838,2025-06-16 20:07:08.972214
-0.03683,2025-06-16,2025-06-23,sh.601838,2025-06-16 20:07:08.972214
-0.01293,2025-06-16,2025-06-23,sh.601857,2025-06-16 20:07:08.972214
-0.01293,2025-06-16,2025-06-23,sh.601857,2025-06-16 20:07:08.972214
0.215,2025-06-16,2025-06-23,sh.601865,2025-06-16 20:07:08.972214
0.2129,2025-06-16,2025-06-23,sh.601865,2025-06-16 20:07:08.972214
0.004253,2025-06-16,2025-06-23,sh.601868,2025-06-16 20:07:08.972214
0.0158,2025-06-16,2025-06-23,sh.601868,2025-06-16 20:07:08.972214
0.02538,2025-06-16,2025-06-23,sh.601872,2025-06-16 20:07:08.972214
0.02538,2025-06-16,2025-06-23,sh.601872,2025-06-16 20:07:08.972214
0.0924,2025-06-16,2025-06-23,sh.601877,2025-06-16 20:07:08.972214
0.05383,2025-06-16,2025-06-23,sh.601877,2025-06-16 20:07:08.972214
0.0443,2025-06-16,2025-06-23,sh.601878,2025-06-16 20:07:08.972214
0.0443,2025-06-16,2025-06-23,sh.601878,2025-06-16 20:07:08.972214
0.0141,2025-06-16,2025-06-23,sh.601881,2025-06-16 20:07:08.972214
0.01639,2025-06-16,2025-06-23,sh.601881,2025-06-16 20:07:08.972214
-0.3904,2025-06-16,2025-06-23,sh.601888,2025-06-16 20:07:08.972214
-0.3806,2025-06-16,2025-06-23,sh.601888,2025-06-16 20:07:08.972214
0.04782,2025-06-16,2025-06-23,sh.601898,2025-06-16 20:07:08.972214
0.04782,2025-06-16,2025-06-23,sh.601898,2025-06-16 20:07:08.972214
-0.0983,2025-06-16,2025-06-23,sh.601899,2025-06-16 20:07:08.972214
-0.0983,2025-06-16,2025-06-23,sh.601899,2025-06-16 20:07:08.972214
0.04715,2025-06-16,2025-06-23,sh.601901,2025-06-16 20:07:08.972214
0.04715,2025-06-16,2025-06-23,sh.601901,2025-06-16 20:07:08.972214
0.0429,2025-06-16,2025-06-23,sh.601916,2025-06-16 20:07:08.972214
0.0429,2025-06-16,2025-06-23,sh.601916,2025-06-16 20:07:08.972214
0.0063,2025-06-16,2025-06-23,sh.601919,2025-06-16 20:07:08.972214
-0.0004008,2025-06-16,2025-06-23,sh.601919,2025-06-16 20:07:08.972214
0.05597,2025-06-16,2025-06-23,sh.601939,2025-06-16 20:07:08.972214
0.05597,2025-06-16,2025-06-23,sh.601939,2025-06-16 20:07:08.972214
0.005028,2025-06-16,2025-06-23,sh.601985,2025-06-16 20:07:08.972214
0.005028,2025-06-16,2025-06-23,sh.601985,2025-06-16 20:07:08.972214
0.00543,2025-06-16,2025-06-23,sh.601988,2025-06-16 20:07:08.972214
0.005486,2025-06-16,2025-06-23,sh.601988,2025-06-16 20:07:08.972214
0.0634,2025-06-16,2025-06-23,sh.601989,2025-06-16 20:07:08.972214
0.0634,2025-06-16,2025-06-23,sh.601989,2025-06-16 20:07:08.972214
0.1371,2025-06-16,2025-06-23,sh.601995,2025-06-16 20:07:08.972214
0.1371,2025-06-16,2025-06-23,sh.601995,2025-06-16 20:07:08.972214
-0.01674,2025-06-16,2025-06-23,sh.601998,2025-06-16 20:07:08.972214
-0.01674,2025-06-16,2025-06-23,sh.601998,2025-06-16 20:07:08.972214
-0.1255,2025-06-16,2025-06-23,sh.603019,2025-06-16 20:07:08.972214
-0.1313,2025-06-16,2025-06-23,sh.603019,2025-06-16 20:07:08.972214
0.03424,2025-06-16,2025-06-23,sh.603195,2025-06-16 20:07:08.972214
0.03577,2025-06-16,2025-06-23,sh.603195,2025-06-16 20:07:08.972214
-0.1708,2025-06-16,2025-06-23,sh.603259,2025-06-16 20:07:08.972214
-0.1785,2025-06-16,2025-06-23,sh.603259,2025-06-16 20:07:08.972214
0.04865,2025-06-16,2025-06-23,sh.603260,2025-06-16 20:07:08.972214
0.0423,2025-06-16,2025-06-23,sh.603260,2025-06-16 20:07:08.972214
-0.2864,2025-06-16,2025-06-23,sh.603288,2025-06-16 20:07:08.972214
-0.2864,2025-06-16,2025-06-23,sh.603288,2025-06-16 20:07:08.972214
-0.01671,2025-06-16,2025-06-23,sh.603369,2025-06-16 20:07:08.972214
-0.01671,2025-06-16,2025-06-23,sh.603369,2025-06-16 20:07:08.972214
-0.224,2025-06-16,2025-06-23,sh.603392,2025-06-16 20:07:08.972214
-0.2427,2025-06-16,2025-06-23,sh.603392,2025-06-16 20:07:08.972214
0.1503,2025-06-16,2025-06-23,sh.603501,2025-06-16 20:07:08.972214
0.1503,2025-06-16,2025-06-23,sh.603501,2025-06-16 20:07:08.972214
0.005817,2025-06-16,2025-06-23,sh.603799,2025-06-16 20:07:08.972214
0.02942,2025-06-16,2025-06-23,sh.603799,2025-06-16 20:07:08.972214
-0.1189,2025-06-16,2025-06-23,sh.603806,2025-06-16 20:07:08.972214
-0.10156,2025-06-16,2025-06-23,sh.603806,2025-06-16 20:07:08.972214
-0.11676,2025-06-16,2025-06-23,sh.603833,2025-06-16 20:07:08.972214
-0.1271,2025-06-16,2025-06-23,sh.603833,2025-06-16 20:07:08.972214
-0.1362,2025-06-16,2025-06-23,sh.603986,2025-06-16 20:07:08.972214
-0.1368,2025-06-16,2025-06-23,sh.603986,2025-06-16 20:07:08.972214
-0.02025,2025-06-16,2025-06-23,sh.603993,2025-06-16 20:07:08.972214
-0.02025,2025-06-16,2025-06-23,sh.603993,2025-06-16 20:07:08.972214
-0.7993,2025-06-16,2025-06-23,sh.605117,2025-06-16 20:07:08.972214
-0.7964,2025-06-16,2025-06-23,sh.605117,2025-06-16 20:07:08.972214
-0.2163,2025-06-16,2025-06-23,sh.605499,2025-06-16 20:07:08.972214
-0.2104,2025-06-16,2025-06-23,sh.605499,2025-06-16 20:07:08.972214
-0.02066,2025-06-16,2025-06-23,sh.688008,2025-06-16 20:07:08.972214
-0.02066,2025-06-16,2025-06-23,sh.688008,2025-06-16 20:07:08.972214
-0.0338,2025-06-16,2025-06-23,sh.688009,2025-06-16 20:07:08.972214
-0.03372,2025-06-16,2025-06-23,sh.688009,2025-06-16 20:07:08.972214
0.1506,2025-06-16,2025-06-23,sh.688012,2025-06-16 20:07:08.972214
0.1573,2025-06-16,2025-06-23,sh.688012,2025-06-16 20:07:08.972214
0.1031,2025-06-16,2025-06-23,sh.688036,2025-06-16 20:07:08.972214
0.0933,2025-06-16,2025-06-23,sh.688036,2025-06-16 20:07:08.972214
-0.00281,2025-06-16,2025-06-23,sh.688082,2025-06-16 20:07:08.972214
-0.003136,2025-06-16,2025-06-23,sh.688082,2025-06-16 20:07:08.972214
0.0079,2025-06-16,2025-06-23,sh.688111,2025-06-16 20:07:08.972214
0.003529,2025-06-16,2025-06-23,sh.688111,2025-06-16 20:07:08.972214
-0.01712,2025-06-16,2025-06-23,sh.688126,2025-06-16 20:07:08.972214
-0.01712,2025-06-16,2025-06-23,sh.688126,2025-06-16 20:07:08.972214
-0.04565,2025-06-16,2025-06-23,sh.688169,2025-06-16 20:07:08.972214
-0.04907,2025-06-16,2025-06-23,sh.688169,2025-06-16 20:07:08.972214
0.09644,2025-06-16,2025-06-23,sh.688187,2025-06-16 20:07:08.972214
0.09644,2025-06-16,2025-06-23,sh.688187,2025-06-16 20:07:08.972214
0.1309,2025-06-16,2025-06-23,sh.688223,2025-06-16 20:07:08.972214
0.1309,2025-06-16,2025-06-23,sh.688223,2025-06-16 20:07:08.972214
-0.77,2025-06-16,2025-06-23,sh.688256,2025-06-16 20:07:08.972214
-0.775,2025-06-16,2025-06-23,sh.688256,2025-06-16 20:07:08.972214
0.2072,2025-06-16,2025-06-23,sh.688303,2025-06-16 20:07:08.972214
0.1804,2025-06-16,2025-06-23,sh.688303,2025-06-16 20:07:08.972214
0.06122,2025-06-16,2025-06-23,sh.688396,2025-06-16 20:07:08.972214
0.06122,2025-06-16,2025-06-23,sh.688396,2025-06-16 20:07:08.972214
0.2507,2025-06-16,2025-06-23,sh.688599,2025-06-16 20:07:08.972214
0.2126,2025-06-16,2025-06-23,sh.688599,2025-06-16 20:07:08.972214
0.007065,2025-06-16,2025-06-23,sh.688981,2025-06-16 20:07:08.972214
0.0236,2025-06-16,2025-06-23,sh.688981,2025-06-16 20:07:08.972214
-0.11847,2025-06-16,2025-06-23,sz.000001,2025-06-16 20:07:08.972214
-0.11755,2025-06-16,2025-06-23,sz.000001,2025-06-16 20:07:08.972214
-0.04794,2025-06-16,2025-06-23,sz.000002,2025-06-16 20:07:08.972214
-0.04788,2025-06-16,2025-06-23,sz.000002,2025-06-16 20:07:08.972214
0.02809,2025-06-16,2025-06-23,sz.000063,2025-06-16 20:07:08.972214
0.02847,2025-06-16,2025-06-23,sz.000063,2025-06-16 20:07:08.972214
0.02898,2025-06-16,2025-06-23,sz.000100,2025-06-16 20:07:08.972214
0.02898,2025-06-16,2025-06-23,sz.000100,2025-06-16 20:07:08.972214
0.04703,2025-06-16,2025-06-23,sz.000157,2025-06-16 20:07:08.972214
0.0481,2025-06-16,2025-06-23,sz.000157,2025-06-16 20:07:08.972214
0.003735,2025-06-16,2025-06-23,sz.000166,2025-06-16 20:07:08.972214
0.003735,2025-06-16,2025-06-23,sz.000166,2025-06-16 20:07:08.972214
0.09845,2025-06-16,2025-06-23,sz.000301,2025-06-16 20:07:08.972214
0.1158,2025-06-16,2025-06-23,sz.000301,2025-06-16 20:07:08.972214
-0.0346,2025-06-16,2025-06-23,sz.000333,2025-06-16 20:07:08.972214
-0.02438,2025-06-16,2025-06-23,sz.000333,2025-06-16 20:07:08.972214
-0.02339,2025-06-16,2025-06-23,sz.000338,2025-06-16 20:07:08.972214
-0.02296,2025-06-16,2025-06-23,sz.000338,2025-06-16 20:07:08.972214
-0.08936,2025-06-16,2025-06-23,sz.000408,2025-06-16 20:07:08.972214
-0.0911,2025-06-16,2025-06-23,sz.000408,2025-06-16 20:07:08.972214
-0.1532,2025-06-16,2025-06-23,sz.000425,2025-06-16 20:07:08.972214
-0.1564,2025-06-16,2025-06-23,sz.000425,2025-06-16 20:07:08.972214
-0.1229,2025-06-16,2025-06-23,sz.000538,2025-06-16 20:07:08.972214
-0.1229,2025-06-16,2025-06-23,sz.000538,2025-06-16 20:07:08.972214
-0.2125,2025-06-16,2025-06-23,sz.000568,2025-06-16 20:07:08.972214
-0.2124,2025-06-16,2025-06-23,sz.000568,2025-06-16 20:07:08.972214
-0.1932,2025-06-16,2025-06-23,sz.000596,2025-06-16 20:07:08.972214
-0.1923,2025-06-16,2025-06-23,sz.000596,2025-06-16 20:07:08.972214
-0.02151,2025-06-16,2025-06-23,sz.000617,2025-06-16 20:07:08.972214
-0.006702,2025-06-16,2025-06-23,sz.000617,2025-06-16 20:07:08.972214
-0.09564,2025-06-16,2025-06-23,sz.000625,2025-06-16 20:07:08.972214
-0.0961,2025-06-16,2025-06-23,sz.000625,2025-06-16 20:07:08.972214
0.10504,2025-06-16,2025-06-23,sz.000630,2025-06-16 20:07:08.972214
0.10504,2025-06-16,2025-06-23,sz.000630,2025-06-16 20:07:08.972214
-0.2499,2025-06-16,2025-06-23,sz.000651,2025-06-16 20:07:08.972214
-0.2498,2025-06-16,2025-06-23,sz.000651,2025-06-16 20:07:08.972214
-0.1475,2025-06-16,2025-06-23,sz.000661,2025-06-16 20:07:08.972214
-0.1476,2025-06-16,2025-06-23,sz.000661,2025-06-16 20:07:08.972214
0.09717,2025-06-16,2025-06-23,sz.000708,2025-06-16 20:07:08.972214
0.0953,2025-06-16,2025-06-23,sz.000708,2025-06-16 20:07:08.972214
0.107,2025-06-16,2025-06-23,sz.000725,2025-06-16 20:07:08.972214
0.107,2025-06-16,2025-06-23,sz.000725,2025-06-16 20:07:08.972214
-0.00198,2025-06-16,2025-06-23,sz.000768,2025-06-16 20:07:08.972214
-0.00955,2025-06-16,2025-06-23,sz.000768,2025-06-16 20:07:08.972214
0.1648,2025-06-16,2025-06-23,sz.000776,2025-06-16 20:07:08.972214
0.1648,2025-06-16,2025-06-23,sz.000776,2025-06-16 20:07:08.972214
-0.1812,2025-06-16,2025-06-23,sz.000786,2025-06-16 20:07:08.972214
-0.1697,2025-06-16,2025-06-23,sz.000786,2025-06-16 20:07:08.972214
-0.002151,2025-06-16,2025-06-23,sz.000792,2025-06-16 20:07:08.972214
-0.003225,2025-06-16,2025-06-23,sz.000792,2025-06-16 20:07:08.972214
0.05222,2025-06-16,2025-06-23,sz.000800,2025-06-16 20:07:08.972214
0.05185,2025-06-16,2025-06-23,sz.000800,2025-06-16 20:07:08.972214
-0.05954,2025-06-16,2025-06-23,sz.000807,2025-06-16 20:07:08.972214
-0.0981,2025-06-16,2025-06-23,sz.000807,2025-06-16 20:07:08.972214
-0.147,2025-06-16,2025-06-23,sz.000858,2025-06-16 20:07:08.972214
-0.147,2025-06-16,2025-06-23,sz.000858,2025-06-16 20:07:08.972214
-0.003223,2025-06-16,2025-06-23,sz.000876,2025-06-16 20:07:08.972214
0.00562,2025-06-16,2025-06-23,sz.000876,2025-06-16 20:07:08.972214
-0.01947,2025-06-16,2025-06-23,sz.000895,2025-06-16 20:07:08.972214
-0.01813,2025-06-16,2025-06-23,sz.000895,2025-06-16 20:07:08.972214
0.04703,2025-06-16,2025-06-23,sz.000938,2025-06-16 20:07:08.972214
0.04694,2025-06-16,2025-06-23,sz.000938,2025-06-16 20:07:08.972214
-0.4214,2025-06-16,2025-06-23,sz.000963,2025-06-16 20:07:08.972214
-0.4214,2025-06-16,2025-06-23,sz.000963,2025-06-16 20:07:08.972214
-0.2764,2025-06-16,2025-06-23,sz.000975,2025-06-16 20:07:08.972214
-0.2703,2025-06-16,2025-06-23,sz.000975,2025-06-16 20:07:08.972214
0.03577,2025-06-16,2025-06-23,sz.000977,2025-06-16 20:07:08.972214
0.0298,2025-06-16,2025-06-23,sz.000977,2025-06-16 20:07:08.972214
0.1755,2025-06-16,2025-06-23,sz.000983,2025-06-16 20:07:08.972214
0.1942,2025-06-16,2025-06-23,sz.000983,2025-06-16 20:07:08.972214
0.07526,2025-06-16,2025-06-23,sz.000999,2025-06-16 20:07:08.972214
0.05643,2025-06-16,2025-06-23,sz.000999,2025-06-16 20:07:08.972214
0.059,2025-06-16,2025-06-23,sz.001289,2025-06-16 20:07:08.972214
0.0305,2025-06-16,2025-06-23,sz.001289,2025-06-16 20:07:08.972214
-0.01346,2025-06-16,2025-06-23,sz.001965,2025-06-16 20:07:08.972214
-0.01346,2025-06-16,2025-06-23,sz.001965,2025-06-16 20:07:08.972214
0.1189,2025-06-16,2025-06-23,sz.001979,2025-06-16 20:07:08.972214
0.1189,2025-06-16,2025-06-23,sz.001979,2025-06-16 20:07:08.972214
-0.1124,2025-06-16,2025-06-23,sz.002001,2025-06-16 20:07:08.972214
-0.1124,2025-06-16,2025-06-23,sz.002001,2025-06-16 20:07:08.972214
0.0574,2025-06-16,2025-06-23,sz.002027,2025-06-16 20:07:08.972214
0.0574,2025-06-16,2025-06-23,sz.002027,2025-06-16 20:07:08.972214
-0.1499,2025-06-16,2025-06-23,sz.002028,2025-06-16 20:07:08.972214
-0.1494,2025-06-16,2025-06-23,sz.002028,2025-06-16 20:07:08.972214
-0.3088,2025-06-16,2025-06-23,sz.002049,2025-06-16 20:07:08.972214
-0.3042,2025-06-16,2025-06-23,sz.002049,2025-06-16 20:07:08.972214
0.043,2025-06-16,2025-06-23,sz.002050,2025-06-16 20:07:08.972214
0.03983,2025-06-16,2025-06-23,sz.002050,2025-06-16 20:07:08.972214
0.1285,2025-06-16,2025-06-23,sz.002074,2025-06-16 20:07:08.972214
0.1299,2025-06-16,2025-06-23,sz.002074,2025-06-16 20:07:08.972214
-0.1702,2025-06-16,2025-06-23,sz.002129,2025-06-16 20:07:08.972214
-0.1736,2025-06-16,2025-06-23,sz.002129,2025-06-16 20:07:08.972214
0.11786,2025-06-16,2025-06-23,sz.002142,2025-06-16 20:07:08.972214
0.11774,2025-06-16,2025-06-23,sz.002142,2025-06-16 20:07:08.972214
-0.05408,2025-06-16,2025-06-23,sz.002179,2025-06-16 20:07:08.972214
-0.0574,2025-06-16,2025-06-23,sz.002179,2025-06-16 20:07:08.972214
-0.1752,2025-06-16,2025-06-23,sz.002180,2025-06-16 20:07:08.972214
-0.1632,2025-06-16,2025-06-23,sz.002180,2025-06-16 20:07:08.972214
-0.04437,2025-06-16,2025-06-23,sz.002230,2025-06-16 20:07:08.972214
-0.04257,2025-06-16,2025-06-23,sz.002230,2025-06-16 20:07:08.972214
0.007675,2025-06-16,2025-06-23,sz.002236,2025-06-16 20:07:08.972214
0.00866,2025-06-16,2025-06-23,sz.002236,2025-06-16 20:07:08.972214
-0.07916,2025-06-16,2025-06-23,sz.002241,2025-06-16 20:07:08.972214
-0.08093,2025-06-16,2025-06-23,sz.002241,2025-06-16 20:07:08.972214
-0.000998,2025-06-16,2025-06-23,sz.002252,2025-06-16 20:07:08.972214
0.005272,2025-06-16,2025-06-23,sz.002252,2025-06-16 20:07:08.972214
-0.208,2025-06-16,2025-06-23,sz.002304,2025-06-16 20:07:08.972214
-0.2114,2025-06-16,2025-06-23,sz.002304,2025-06-16 20:07:08.972214
-0.1439,2025-06-16,2025-06-23,sz.002311,2025-06-16 20:07:08.972214
-0.1378,2025-06-16,2025-06-23,sz.002311,2025-06-16 20:07:08.972214
0.04733,2025-06-16,2025-06-23,sz.002352,2025-06-16 20:07:08.972214
0.0504,2025-06-16,2025-06-23,sz.002352,2025-06-16 20:07:08.972214
-0.1868,2025-06-16,2025-06-23,sz.002371,2025-06-16 20:07:08.972214
-0.1868,2025-06-16,2025-06-23,sz.002371,2025-06-16 20:07:08.972214
-0.00573,2025-06-16,2025-06-23,sz.002415,2025-06-16 20:07:08.972214
-0.005608,2025-06-16,2025-06-23,sz.002415,2025-06-16 20:07:08.972214
-0.2588,2025-06-16,2025-06-23,sz.002422,2025-06-16 20:07:08.972214
-0.2426,2025-06-16,2025-06-23,sz.002422,2025-06-16 20:07:08.972214
0.04565,2025-06-16,2025-06-23,sz.002459,2025-06-16 20:07:08.972214
0.04037,2025-06-16,2025-06-23,sz.002459,2025-06-16 20:07:08.972214
-0.2537,2025-06-16,2025-06-23,sz.002460,2025-06-16 20:07:08.972214
-0.257,2025-06-16,2025-06-23,sz.002460,2025-06-16 20:07:08.972214
-0.0838,2025-06-16,2025-06-23,sz.002463,2025-06-16 20:07:08.972214
-0.0778,2025-06-16,2025-06-23,sz.002463,2025-06-16 20:07:08.972214
-0.4133,2025-06-16,2025-06-23,sz.002466,2025-06-16 20:07:08.972214
-0.419,2025-06-16,2025-06-23,sz.002466,2025-06-16 20:07:08.972214
-0.0461,2025-06-16,2025-06-23,sz.002475,2025-06-16 20:07:08.972214
-0.04617,2025-06-16,2025-06-23,sz.002475,2025-06-16 20:07:08.972214
-0.3584,2025-06-16,2025-06-23,sz.002493,2025-06-16 20:07:08.972214
-0.342,2025-06-16,2025-06-23,sz.002493,2025-06-16 20:07:08.972214
-0.12006,2025-06-16,2025-06-23,sz.002594,2025-06-16 20:07:08.972214
-0.12006,2025-06-16,2025-06-23,sz.002594,2025-06-16 20:07:08.972214
-0.1632,2019-12-31,2020-01-07,sz.002600,2025-06-16 20:07:08.972214
-0.07245,2020-01-02,2020-01-09,sz.002600,2025-06-16 20:07:08.972214
-0.0742,2020-01-03,2020-01-10,sz.002600,2025-06-16 20:07:08.972214
-0.1233,2020-01-06,2020-01-13,sz.002600,2025-06-16 20:07:08.972214
-0.1362,2020-01-07,2020-01-14,sz.002600,2025-06-16 20:07:08.972214
-0.1726,2020-01-08,2020-01-15,sz.002600,2025-06-16 20:07:08.972214
-0.1068,2020-01-09,2020-01-16,sz.002600,2025-06-16 20:07:08.972214
-0.3271,2020-01-10,2020-01-17,sz.002600,2025-06-16 20:07:08.972214
-0.04745,2020-01-13,2020-01-20,sz.002600,2025-06-16 20:07:08.972214
-0.2081,2020-01-14,2020-01-21,sz.002600,2025-06-16 20:07:08.972214
-0.07043,2020-01-15,2020-01-22,sz.002600,2025-06-16 20:07:08.972214
-0.0601,2020-01-16,2020-01-23,sz.002600,2025-06-16 20:07:08.972214
-0.214,2020-01-17,2020-01-24,sz.002600,2025-06-16 20:07:08.972214
-0.1495,2020-01-20,2020-01-27,sz.002600,2025-06-16 20:07:08.972214
-0.1677,2020-01-21,2020-01-28,sz.002600,2025-06-16 20:07:08.972214
-0.2461,2020-01-22,2020-01-29,sz.002600,2025-06-16 20:07:08.972214
-0.257,2020-01-23,2020-01-30,sz.002600,2025-06-16 20:07:08.972214
-0.02768,2020-02-03,2020-02-10,sz.002600,2025-06-16 20:07:08.972214
-0.0466,2020-02-04,2020-02-11,sz.002600,2025-06-16 20:07:08.972214
-0.1373,2020-02-05,2020-02-12,sz.002600,2025-06-16 20:07:08.972214
-0.12415,2020-02-06,2020-02-13,sz.002600,2025-06-16 20:07:08.972214
-0.195,2020-02-07,2020-02-14,sz.002600,2025-06-16 20:07:08.972214
-0.08386,2020-02-10,2020-02-17,sz.002600,2025-06-16 20:07:08.972214
-0.1266,2020-02-11,2020-02-18,sz.002600,2025-06-16 20:07:08.972214
-0.0573,2020-02-12,2020-02-19,sz.002600,2025-06-16 20:07:08.972214
-0.1876,2020-02-13,2020-02-20,sz.002600,2025-06-16 20:07:08.972214
-0.1387,2020-02-14,2020-02-21,sz.002600,2025-06-16 20:07:08.972214
-0.1501,2020-02-17,2020-02-24,sz.002600,2025-06-16 20:07:08.972214
-0.1239,2020-02-18,2020-02-25,sz.002600,2025-06-16 20:07:08.972214
-0.1835,2020-02-19,2020-02-26,sz.002600,2025-06-16 20:07:08.972214
-0.07623,2020-02-20,2020-02-27,sz.002600,2025-06-16 20:07:08.972214
-0.2019,2020-02-21,2020-02-28,sz.002600,2025-06-16 20:07:08.972214
-0.0774,2020-02-24,2020-03-02,sz.002600,2025-06-16 20:07:08.972214
-0.2576,2020-02-25,2020-03-03,sz.002600,2025-06-16 20:07:08.972214
-0.4204,2020-02-26,2020-03-04,sz.002600,2025-06-16 20:07:08.972214
-0.2761,2020-02-27,2020-03-05,sz.002600,2025-06-16 20:07:08.972214
-0.4883,2020-02-28,2020-03-06,sz.002600,2025-06-16 20:07:08.972214
-0.0795,2020-03-02,2020-03-09,sz.002600,2025-06-16 20:07:08.972214
-0.1676,2020-03-03,2020-03-10,sz.002600,2025-06-16 20:07:08.972214
-0.1261,2020-03-04,2020-03-11,sz.002600,2025-06-16 20:07:08.972214
-0.2294,2020-03-05,2020-03-12,sz.002600,2025-06-16 20:07:08.972214
-0.0586,2020-03-06,2020-03-13,sz.002600,2025-06-16 20:07:08.972214
-0.379,2020-03-09,2020-03-16,sz.002600,2025-06-16 20:07:08.972214
-0.02968,2020-03-10,2020-03-17,sz.002600,2025-06-16 20:07:08.972214
-0.2695,2020-03-11,2020-03-18,sz.002600,2025-06-16 20:07:08.972214
-0.2161,2020-03-12,2020-03-19,sz.002600,2025-06-16 20:07:08.972214
-0.0843,2020-03-13,2020-03-20,sz.002600,2025-06-16 20:07:08.972214
-0.673,2020-03-16,2020-03-23,sz.002600,2025-06-16 20:07:08.972214
-0.328,2020-03-17,2020-03-24,sz.002600,2025-06-16 20:07:08.972214
-0.1859,2020-03-18,2020-03-25,sz.002600,2025-06-16 20:07:08.972214
-0.0869,2020-03-19,2020-03-26,sz.002600,2025-06-16 20:07:08.972214
-0.1796,2020-03-20,2020-03-27,sz.002600,2025-06-16 20:07:08.972214
-0.3706,2020-03-23,2020-03-30,sz.002600,2025-06-16 20:07:08.972214
-0.2278,2020-03-24,2020-03-31,sz.002600,2025-06-16 20:07:08.972214
-0.05832,2020-03-25,2020-04-01,sz.002600,2025-06-16 20:07:08.972214
-0.1945,2020-03-26,2020-04-02,sz.002600,2025-06-16 20:07:08.972214
-0.1125,2020-03-27,2020-04-03,sz.002600,2025-06-16 20:07:08.972214
-0.07153,2020-03-30,2020-04-06,sz.002600,2025-06-16 20:07:08.972214
-0.1284,2020-03-31,2020-04-07,sz.002600,2025-06-16 20:07:08.972214
0.02504,2020-04-01,2020-04-08,sz.002600,2025-06-16 20:07:08.972214
0.078,2020-04-02,2020-04-09,sz.002600,2025-06-16 20:07:08.972214
-0.09424,2020-04-03,2020-04-10,sz.002600,2025-06-16 20:07:08.972214
-0.1157,2020-04-07,2020-04-14,sz.002600,2025-06-16 20:07:08.972214
-0.07275,2020-04-08,2020-04-15,sz.002600,2025-06-16 20:07:08.972214
-0.0802,2020-04-09,2020-04-16,sz.002600,2025-06-16 20:07:08.972214
-0.2654,2020-04-10,2020-04-17,sz.002600,2025-06-16 20:07:08.972214
-0.1598,2020-04-13,2020-04-20,sz.002600,2025-06-16 20:07:08.972214
0.0419,2020-04-14,2020-04-21,sz.002600,2025-06-16 20:07:08.972214
-0.0723,2020-04-15,2020-04-22,sz.002600,2025-06-16 20:07:08.972214
0.004112,2020-04-16,2020-04-23,sz.002600,2025-06-16 20:07:08.972214
-0.1869,2020-04-17,2020-04-24,sz.002600,2025-06-16 20:07:08.972214
-0.06885,2020-04-20,2020-04-27,sz.002600,2025-06-16 20:07:08.972214
-0.1687,2020-04-21,2020-04-28,sz.002600,2025-06-16 20:07:08.972214
0.02118,2020-04-22,2020-04-29,sz.002600,2025-06-16 20:07:08.972214
-0.1663,2020-04-23,2020-04-30,sz.002600,2025-06-16 20:07:08.972214
-0.2014,2020-04-24,2020-05-01,sz.002600,2025-06-16 20:07:08.972214
-0.0615,2020-04-27,2020-05-04,sz.002600,2025-06-16 20:07:08.972214
-0.00991,2020-04-28,2020-05-05,sz.002600,2025-06-16 20:07:08.972214
-0.04858,2020-04-29,2020-05-06,sz.002600,2025-06-16 20:07:08.972214
0.03824,2020-04-30,2020-05-07,sz.002600,2025-06-16 20:07:08.972214
0.02155,2020-05-06,2020-05-13,sz.002600,2025-06-16 20:07:08.972214
-0.214,2020-05-07,2020-05-14,sz.002600,2025-06-16 20:07:08.972214
-0.1355,2020-05-08,2020-05-15,sz.002600,2025-06-16 20:07:08.972214
-0.213,2020-05-11,2020-05-18,sz.002600,2025-06-16 20:07:08.972214
-0.00791,2020-05-12,2020-05-19,sz.002600,2025-06-16 20:07:08.972214
-0.02805,2020-05-13,2020-05-20,sz.002600,2025-06-16 20:07:08.972214
-0.02742,2020-05-14,2020-05-21,sz.002600,2025-06-16 20:07:08.972214
-0.08746,2020-05-15,2020-05-22,sz.002600,2025-06-16 20:07:08.972214
-0.2534,2020-05-18,2020-05-25,sz.002600,2025-06-16 20:07:08.972214
-0.007538,2020-05-19,2020-05-26,sz.002600,2025-06-16 20:07:08.972214
-0.02103,2020-05-20,2020-05-27,sz.002600,2025-06-16 20:07:08.972214
-0.1696,2020-05-21,2020-05-28,sz.002600,2025-06-16 20:07:08.972214
-0.0631,2020-05-22,2020-05-29,sz.002600,2025-06-16 20:07:08.972214
-0.1458,2020-05-25,2020-06-01,sz.002600,2025-06-16 20:07:08.972214
0.03296,2020-05-26,2020-06-02,sz.002600,2025-06-16 20:07:08.972214
-0.1262,2020-05-27,2020-06-03,sz.002600,2025-06-16 20:07:08.972214
-0.03925,2020-05-28,2020-06-04,sz.002600,2025-06-16 20:07:08.972214
0.03723,2020-05-29,2020-06-05,sz.002600,2025-06-16 20:07:08.972214
0.04877,2020-06-01,2020-06-08,sz.002600,2025-06-16 20:07:08.972214
-0.1633,2020-06-02,2020-06-09,sz.002600,2025-06-16 20:07:08.972214
-0.1869,2020-06-03,2020-06-10,sz.002600,2025-06-16 20:07:08.972214
-0.1987,2020-06-04,2020-06-11,sz.002600,2025-06-16 20:07:08.972214
-0.0889,2020-06-05,2020-06-12,sz.002600,2025-06-16 20:07:08.972214
-0.2302,2020-06-08,2020-06-15,sz.002600,2025-06-16 20:07:08.972214
-0.04193,2020-06-09,2020-06-16,sz.002600,2025-06-16 20:07:08.972214
-0.1538,2020-06-10,2020-06-17,sz.002600,2025-06-16 20:07:08.972214
-0.1766,2020-06-11,2020-06-18,sz.002600,2025-06-16 20:07:08.972214
-0.10394,2020-06-12,2020-06-19,sz.002600,2025-06-16 20:07:08.972214
-0.1644,2020-06-15,2020-06-22,sz.002600,2025-06-16 20:07:08.972214
-0.05573,2020-06-16,2020-06-23,sz.002600,2025-06-16 20:07:08.972214
-0.12085,2020-06-17,2020-06-24,sz.002600,2025-06-16 20:07:08.972214
-0.0077,2020-06-18,2020-06-25,sz.002600,2025-06-16 20:07:08.972214
-0.002623,2020-06-19,2020-06-26,sz.002600,2025-06-16 20:07:08.972214
-0.05768,2020-06-22,2020-06-29,sz.002600,2025-06-16 20:07:08.972214
-0.0889,2020-06-23,2020-06-30,sz.002600,2025-06-16 20:07:08.972214
-0.02467,2020-06-24,2020-07-01,sz.002600,2025-06-16 20:07:08.972214
-0.1655,2020-06-29,2020-07-06,sz.002600,2025-06-16 20:07:08.972214
-0.07764,2020-06-30,2020-07-07,sz.002600,2025-06-16 20:07:08.972214
-0.1821,2020-07-01,2020-07-08,sz.002600,2025-06-16 20:07:08.972214
0.07086,2020-07-02,2020-07-09,sz.002600,2025-06-16 20:07:08.972214
-0.159,2020-07-03,2020-07-10,sz.002600,2025-06-16 20:07:08.972214
-0.0431,2020-07-06,2020-07-13,sz.002600,2025-06-16 20:07:08.972214
-0.1417,2020-07-07,2020-07-14,sz.002600,2025-06-16 20:07:08.972214
0.11414,2020-07-08,2020-07-15,sz.002600,2025-06-16 20:07:08.972214
-0.1627,2020-07-09,2020-07-16,sz.002600,2025-06-16 20:07:08.972214
-0.1656,2020-07-10,2020-07-17,sz.002600,2025-06-16 20:07:08.972214
0.00786,2020-07-13,2020-07-20,sz.002600,2025-06-16 20:07:08.972214
-0.3118,2020-07-14,2020-07-21,sz.002600,2025-06-16 20:07:08.972214
-0.4546,2020-07-15,2020-07-22,sz.002600,2025-06-16 20:07:08.972214
-0.5063,2020-07-16,2020-07-23,sz.002600,2025-06-16 20:07:08.972214
-0.1089,2020-07-17,2020-07-24,sz.002600,2025-06-16 20:07:08.972214
-0.05856,2020-07-20,2020-07-27,sz.002600,2025-06-16 20:07:08.972214
-0.02293,2020-07-21,2020-07-28,sz.002600,2025-06-16 20:07:08.972214
0.02939,2020-07-22,2020-07-29,sz.002600,2025-06-16 20:07:08.972214
-0.11224,2020-07-23,2020-07-30,sz.002600,2025-06-16 20:07:08.972214
-0.4233,2020-07-24,2020-07-31,sz.002600,2025-06-16 20:07:08.972214
-0.1963,2020-07-27,2020-08-03,sz.002600,2025-06-16 20:07:08.972214
-3.254e-05,2020-07-28,2020-08-04,sz.002600,2025-06-16 20:07:08.972214
0.03787,2020-07-29,2020-08-05,sz.002600,2025-06-16 20:07:08.972214
-0.1445,2020-07-30,2020-08-06,sz.002600,2025-06-16 20:07:08.972214
0.1199,2020-07-31,2020-08-07,sz.002600,2025-06-16 20:07:08.972214
-0.003504,2020-08-03,2020-08-10,sz.002600,2025-06-16 20:07:08.972214
-0.2383,2020-08-04,2020-08-11,sz.002600,2025-06-16 20:07:08.972214
-0.294,2020-08-05,2020-08-12,sz.002600,2025-06-16 20:07:08.972214
-0.1967,2020-08-06,2020-08-13,sz.002600,2025-06-16 20:07:08.972214
-0.287,2020-08-07,2020-08-14,sz.002600,2025-06-16 20:07:08.972214
-0.08435,2020-08-10,2020-08-17,sz.002600,2025-06-16 20:07:08.972214
-0.1864,2020-08-11,2020-08-18,sz.002600,2025-06-16 20:07:08.972214
0.0668,2020-08-12,2020-08-19,sz.002600,2025-06-16 20:07:08.972214
-0.0886,2020-08-13,2020-08-20,sz.002600,2025-06-16 20:07:08.972214
-0.0419,2020-08-14,2020-08-21,sz.002600,2025-06-16 20:07:08.972214
-0.01599,2020-08-17,2020-08-24,sz.002600,2025-06-16 20:07:08.972214
-0.04138,2020-08-18,2020-08-25,sz.002600,2025-06-16 20:07:08.972214
-0.2615,2020-08-19,2020-08-26,sz.002600,2025-06-16 20:07:08.972214
0.002607,2020-08-20,2020-08-27,sz.002600,2025-06-16 20:07:08.972214
-0.04016,2020-08-21,2020-08-28,sz.002600,2025-06-16 20:07:08.972214
-0.02231,2020-08-24,2020-08-31,sz.002600,2025-06-16 20:07:08.972214
-0.1501,2020-08-25,2020-09-01,sz.002600,2025-06-16 20:07:08.972214
-0.3032,2020-08-26,2020-09-02,sz.002600,2025-06-16 20:07:08.972214
-0.03738,2020-08-27,2020-09-03,sz.002600,2025-06-16 20:07:08.972214
-0.0308,2020-08-28,2020-09-04,sz.002600,2025-06-16 20:07:08.972214
-0.1664,2020-08-31,2020-09-07,sz.002600,2025-06-16 20:07:08.972214
-0.014694,2020-09-01,2020-09-08,sz.002600,2025-06-16 20:07:08.972214
-0.0952,2020-09-02,2020-09-09,sz.002600,2025-06-16 20:07:08.972214
-0.1532,2020-09-03,2020-09-10,sz.002600,2025-06-16 20:07:08.972214
-0.003508,2020-09-04,2020-09-11,sz.002600,2025-06-16 20:07:08.972214
-0.193,2020-09-07,2020-09-14,sz.002600,2025-06-16 20:07:08.972214
-0.03934,2020-09-08,2020-09-15,sz.002600,2025-06-16 20:07:08.972214
-0.1963,2020-09-09,2020-09-16,sz.002600,2025-06-16 20:07:08.972214
-0.2532,2020-09-10,2020-09-17,sz.002600,2025-06-16 20:07:08.972214
0.0296,2020-09-11,2020-09-18,sz.002600,2025-06-16 20:07:08.972214
0.0009117,2020-09-14,2020-09-21,sz.002600,2025-06-16 20:07:08.972214
-0.1043,2020-09-15,2020-09-22,sz.002600,2025-06-16 20:07:08.972214
-0.1366,2020-09-16,2020-09-23,sz.002600,2025-06-16 20:07:08.972214
-0.06946,2020-09-17,2020-09-24,sz.002600,2025-06-16 20:07:08.972214
0.02985,2020-09-18,2020-09-25,sz.002600,2025-06-16 20:07:08.972214
-0.1076,2020-09-21,2020-09-28,sz.002600,2025-06-16 20:07:08.972214
-0.02757,2020-09-22,2020-09-29,sz.002600,2025-06-16 20:07:08.972214
-0.06323,2020-09-23,2020-09-30,sz.002600,2025-06-16 20:07:08.972214
-0.1257,2020-09-24,2020-10-01,sz.002600,2025-06-16 20:07:08.972214
-0.04016,2020-09-25,2020-10-02,sz.002600,2025-06-16 20:07:08.972214
-0.009125,2020-09-28,2020-10-05,sz.002600,2025-06-16 20:07:08.972214
-0.03008,2020-09-29,2020-10-06,sz.002600,2025-06-16 20:07:08.972214
-0.04932,2020-09-30,2020-10-07,sz.002600,2025-06-16 20:07:08.972214
0.01913,2020-10-09,2020-10-16,sz.002600,2025-06-16 20:07:08.972214
-0.0004935,2020-10-12,2020-10-19,sz.002600,2025-06-16 20:07:08.972214
-0.1268,2020-10-13,2020-10-20,sz.002600,2025-06-16 20:07:08.972214
-0.3115,2020-10-14,2020-10-21,sz.002600,2025-06-16 20:07:08.972214
-0.0693,2020-10-15,2020-10-22,sz.002600,2025-06-16 20:07:08.972214
-0.1234,2020-10-16,2020-10-23,sz.002600,2025-06-16 20:07:08.972214
-0.03433,2020-10-19,2020-10-26,sz.002600,2025-06-16 20:07:08.972214
-0.0339,2020-10-20,2020-10-27,sz.002600,2025-06-16 20:07:08.972214
-0.2072,2020-10-21,2020-10-28,sz.002600,2025-06-16 20:07:08.972214
-0.1345,2020-10-22,2020-10-29,sz.002600,2025-06-16 20:07:08.972214
-0.3948,2020-10-23,2020-10-30,sz.002600,2025-06-16 20:07:08.972214
0.06555,2020-10-26,2020-11-02,sz.002600,2025-06-16 20:07:08.972214
-0.0519,2020-10-27,2020-11-03,sz.002600,2025-06-16 20:07:08.972214
-0.0335,2020-10-28,2020-11-04,sz.002600,2025-06-16 20:07:08.972214
-0.4275,2020-10-29,2020-11-05,sz.002600,2025-06-16 20:07:08.972214
-0.2905,2020-10-30,2020-11-06,sz.002600,2025-06-16 20:07:08.972214
-0.04935,2020-11-02,2020-11-09,sz.002600,2025-06-16 20:07:08.972214
-0.1694,2020-11-03,2020-11-10,sz.002600,2025-06-16 20:07:08.972214
-0.05585,2020-11-04,2020-11-11,sz.002600,2025-06-16 20:07:08.972214
-0.151,2020-11-05,2020-11-12,sz.002600,2025-06-16 20:07:08.972214
-0.3003,2020-11-06,2020-11-13,sz.002600,2025-06-16 20:07:08.972214
-0.04575,2020-11-09,2020-11-16,sz.002600,2025-06-16 20:07:08.972214
-0.08014,2020-11-10,2020-11-17,sz.002600,2025-06-16 20:07:08.972214
-0.3513,2020-11-11,2020-11-18,sz.002600,2025-06-16 20:07:08.972214
-0.09344,2020-11-12,2020-11-19,sz.002600,2025-06-16 20:07:08.972214
-0.2698,2020-11-13,2020-11-20,sz.002600,2025-06-16 20:07:08.972214
-0.1256,2020-11-16,2020-11-23,sz.002600,2025-06-16 20:07:08.972214
-0.3374,2020-11-17,2020-11-24,sz.002600,2025-06-16 20:07:08.972214
-0.03238,2020-11-18,2020-11-25,sz.002600,2025-06-16 20:07:08.972214
-0.0482,2020-11-19,2020-11-26,sz.002600,2025-06-16 20:07:08.972214
-0.1506,2020-11-20,2020-11-27,sz.002600,2025-06-16 20:07:08.972214
-0.09454,2020-11-23,2020-11-30,sz.002600,2025-06-16 20:07:08.972214
-0.09186,2020-11-24,2020-12-01,sz.002600,2025-06-16 20:07:08.972214
-0.1198,2020-11-25,2020-12-02,sz.002600,2025-06-16 20:07:08.972214
-0.01904,2020-11-26,2020-12-03,sz.002600,2025-06-16 20:07:08.972214
-0.02089,2020-11-27,2020-12-04,sz.002600,2025-06-16 20:07:08.972214
-0.05692,2020-11-30,2020-12-07,sz.002600,2025-06-16 20:07:08.972214
-0.0785,2020-12-01,2020-12-08,sz.002600,2025-06-16 20:07:08.972214
-0.08,2020-12-02,2020-12-09,sz.002600,2025-06-16 20:07:08.972214
-0.2063,2020-12-03,2020-12-10,sz.002600,2025-06-16 20:07:08.972214
-0.1394,2020-12-04,2020-12-11,sz.002600,2025-06-16 20:07:08.972214
-0.1683,2020-12-07,2020-12-14,sz.002600,2025-06-16 20:07:08.972214
-0.1364,2020-12-08,2020-12-15,sz.002600,2025-06-16 20:07:08.972214
-0.263,2020-12-09,2020-12-16,sz.002600,2025-06-16 20:07:08.972214
-0.1125,2020-12-10,2020-12-17,sz.002600,2025-06-16 20:07:08.972214
-0.3396,2020-12-11,2020-12-18,sz.002600,2025-06-16 20:07:08.972214
-0.2098,2020-12-14,2020-12-21,sz.002600,2025-06-16 20:07:08.972214
-0.08777,2020-12-15,2020-12-22,sz.002600,2025-06-16 20:07:08.972214
-0.7085,2020-12-16,2020-12-23,sz.002600,2025-06-16 20:07:08.972214
-0.1575,2020-12-17,2020-12-24,sz.002600,2025-06-16 20:07:08.972214
-0.1263,2020-12-18,2020-12-25,sz.002600,2025-06-16 20:07:08.972214
-0.12384,2020-12-21,2020-12-28,sz.002600,2025-06-16 20:07:08.972214
-0.3223,2020-12-22,2020-12-29,sz.002600,2025-06-16 20:07:08.972214
-0.12134,2020-12-23,2020-12-30,sz.002600,2025-06-16 20:07:08.972214
-0.2686,2020-12-24,2020-12-31,sz.002600,2025-06-16 20:07:08.972214
-0.0635,2020-12-25,2021-01-01,sz.002600,2025-06-16 20:07:08.972214
-0.235,2020-12-28,2021-01-04,sz.002600,2025-06-16 20:07:08.972214
-0.1203,2020-12-29,2021-01-05,sz.002600,2025-06-16 20:07:08.972214
-0.2844,2020-12-30,2021-01-06,sz.002600,2025-06-16 20:07:08.972214
-0.03093,2020-12-31,2021-01-07,sz.002600,2025-06-16 20:07:08.972214
-0.1575,2021-01-04,2021-01-11,sz.002600,2025-06-16 20:07:08.972214
0.04214,2021-01-05,2021-01-12,sz.002600,2025-06-16 20:07:08.972214
-0.2493,2021-01-06,2021-01-13,sz.002600,2025-06-16 20:07:08.972214
-0.216,2021-01-07,2021-01-14,sz.002600,2025-06-16 20:07:08.972214
0.00574,2021-01-08,2021-01-15,sz.002600,2025-06-16 20:07:08.972214
-0.002625,2021-01-11,2021-01-18,sz.002600,2025-06-16 20:07:08.972214
-0.02106,2021-01-12,2021-01-19,sz.002600,2025-06-16 20:07:08.972214
-0.1041,2021-01-13,2021-01-20,sz.002600,2025-06-16 20:07:08.972214
-0.2334,2021-01-14,2021-01-21,sz.002600,2025-06-16 20:07:08.972214
-0.2827,2021-01-15,2021-01-22,sz.002600,2025-06-16 20:07:08.972214
-0.0692,2021-01-18,2021-01-25,sz.002600,2025-06-16 20:07:08.972214
-0.1642,2021-01-19,2021-01-26,sz.002600,2025-06-16 20:07:08.972214
-0.02641,2021-01-20,2021-01-27,sz.002600,2025-06-16 20:07:08.972214
-0.11847,2021-01-21,2021-01-28,sz.002600,2025-06-16 20:07:08.972214
-0.157,2021-01-22,2021-01-29,sz.002600,2025-06-16 20:07:08.972214
-0.2515,2021-01-25,2021-02-01,sz.002600,2025-06-16 20:07:08.972214
-0.2776,2021-01-26,2021-02-02,sz.002600,2025-06-16 20:07:08.972214
-0.1094,2021-01-27,2021-02-03,sz.002600,2025-06-16 20:07:08.972214
-0.254,2021-01-28,2021-02-04,sz.002600,2025-06-16 20:07:08.972214
-0.1808,2021-01-29,2021-02-05,sz.002600,2025-06-16 20:07:08.972214
0.005856,2021-02-01,2021-02-08,sz.002600,2025-06-16 20:07:08.972214
-0.07166,2021-02-02,2021-02-09,sz.002600,2025-06-16 20:07:08.972214
-0.3115,2021-02-03,2021-02-10,sz.002600,2025-06-16 20:07:08.972214
-0.0738,2021-02-04,2021-02-11,sz.002600,2025-06-16 20:07:08.972214
-0.1492,2021-02-05,2021-02-12,sz.002600,2025-06-16 20:07:08.972214
-0.0865,2021-02-08,2021-02-15,sz.002600,2025-06-16 20:07:08.972214
0.02869,2021-02-09,2021-02-16,sz.002600,2025-06-16 20:07:08.972214
-0.0328,2021-02-10,2021-02-17,sz.002600,2025-06-16 20:07:08.972214
-0.2128,2021-02-18,2021-02-25,sz.002600,2025-06-16 20:07:08.972214
0.00313,2021-02-19,2021-02-26,sz.002600,2025-06-16 20:07:08.972214
-0.0952,2021-02-22,2021-03-01,sz.002600,2025-06-16 20:07:08.972214
-0.1368,2021-02-23,2021-03-02,sz.002600,2025-06-16 20:07:08.972214
-0.02747,2021-02-24,2021-03-03,sz.002600,2025-06-16 20:07:08.972214
-0.1915,2021-02-25,2021-03-04,sz.002600,2025-06-16 20:07:08.972214
-0.06464,2021-02-26,2021-03-05,sz.002600,2025-06-16 20:07:08.972214
0.0653,2021-03-01,2021-03-08,sz.002600,2025-06-16 20:07:08.972214
-0.134,2021-03-02,2021-03-09,sz.002600,2025-06-16 20:07:08.972214
-0.04504,2021-03-03,2021-03-10,sz.002600,2025-06-16 20:07:08.972214
-0.1561,2021-03-04,2021-03-11,sz.002600,2025-06-16 20:07:08.972214
-0.04626,2021-03-05,2021-03-12,sz.002600,2025-06-16 20:07:08.972214
-0.1827,2021-03-08,2021-03-15,sz.002600,2025-06-16 20:07:08.972214
-0.1859,2021-03-09,2021-03-16,sz.002600,2025-06-16 20:07:08.972214
-0.3545,2021-03-10,2021-03-17,sz.002600,2025-06-16 20:07:08.972214
-0.011665,2021-03-11,2021-03-18,sz.002600,2025-06-16 20:07:08.972214
-0.04257,2021-03-12,2021-03-19,sz.002600,2025-06-16 20:07:08.972214
-0.03096,2021-03-15,2021-03-22,sz.002600,2025-06-16 20:07:08.972214
-0.03964,2021-03-16,2021-03-23,sz.002600,2025-06-16 20:07:08.972214
-0.01572,2021-03-17,2021-03-24,sz.002600,2025-06-16 20:07:08.972214
-0.2051,2021-03-18,2021-03-25,sz.002600,2025-06-16 20:07:08.972214
-0.075,2021-03-19,2021-03-26,sz.002600,2025-06-16 20:07:08.972214
-0.02672,2021-03-22,2021-03-29,sz.002600,2025-06-16 20:07:08.972214
-0.2522,2021-03-23,2021-03-30,sz.002600,2025-06-16 20:07:08.972214
-0.08875,2021-03-24,2021-03-31,sz.002600,2025-06-16 20:07:08.972214
-0.05685,2021-03-25,2021-04-01,sz.002600,2025-06-16 20:07:08.972214
0.0583,2021-03-26,2021-04-02,sz.002600,2025-06-16 20:07:08.972214
0.01212,2021-03-29,2021-04-05,sz.002600,2025-06-16 20:07:08.972214
0.05786,2021-03-30,2021-04-06,sz.002600,2025-06-16 20:07:08.972214
-0.1913,2021-03-31,2021-04-07,sz.002600,2025-06-16 20:07:08.972214
0.04382,2021-04-01,2021-04-08,sz.002600,2025-06-16 20:07:08.972214
0.02159,2021-04-02,2021-04-09,sz.002600,2025-06-16 20:07:08.972214
0.00482,2021-04-06,2021-04-13,sz.002600,2025-06-16 20:07:08.972214
-0.1357,2021-04-07,2021-04-14,sz.002600,2025-06-16 20:07:08.972214
-0.0079,2021-04-08,2021-04-15,sz.002600,2025-06-16 20:07:08.972214
-0.03473,2021-04-09,2021-04-16,sz.002600,2025-06-16 20:07:08.972214
-0.0855,2021-04-12,2021-04-19,sz.002600,2025-06-16 20:07:08.972214
0.0169,2021-04-13,2021-04-20,sz.002600,2025-06-16 20:07:08.972214
0.0444,2021-04-14,2021-04-21,sz.002600,2025-06-16 20:07:08.972214
-0.036,2021-04-15,2021-04-22,sz.002600,2025-06-16 20:07:08.972214
0.07117,2021-04-16,2021-04-23,sz.002600,2025-06-16 20:07:08.972214
0.004456,2021-04-19,2021-04-26,sz.002600,2025-06-16 20:07:08.972214
-0.0367,2021-04-20,2021-04-27,sz.002600,2025-06-16 20:07:08.972214
0.01527,2021-04-21,2021-04-28,sz.002600,2025-06-16 20:07:08.972214
-0.01877,2021-04-22,2021-04-29,sz.002600,2025-06-16 20:07:08.972214
-0.02417,2021-04-23,2021-04-30,sz.002600,2025-06-16 20:07:08.972214
-0.03078,2021-04-26,2021-05-03,sz.002600,2025-06-16 20:07:08.972214
-0.03506,2021-04-27,2021-05-04,sz.002600,2025-06-16 20:07:08.972214
-0.0777,2021-04-28,2021-05-05,sz.002600,2025-06-16 20:07:08.972214
0.008446,2021-04-29,2021-05-06,sz.002600,2025-06-16 20:07:08.972214
-0.1229,2021-04-30,2021-05-07,sz.002600,2025-06-16 20:07:08.972214
0.01404,2021-05-06,2021-05-13,sz.002600,2025-06-16 20:07:08.972214
-0.01666,2021-05-07,2021-05-14,sz.002600,2025-06-16 20:07:08.972214
-0.0665,2021-05-10,2021-05-17,sz.002600,2025-06-16 20:07:08.972214
0.01526,2021-05-11,2021-05-18,sz.002600,2025-06-16 20:07:08.972214
0.0643,2021-05-12,2021-05-19,sz.002600,2025-06-16 20:07:08.972214
0.04916,2021-05-13,2021-05-20,sz.002600,2025-06-16 20:07:08.972214
0.04355,2021-05-14,2021-05-21,sz.002600,2025-06-16 20:07:08.972214
0.0318,2021-05-17,2021-05-24,sz.002600,2025-06-16 20:07:08.972214
0.0307,2021-05-18,2021-05-25,sz.002600,2025-06-16 20:07:08.972214
0.02274,2021-05-19,2021-05-26,sz.002600,2025-06-16 20:07:08.972214
0.0396,2021-05-20,2021-05-27,sz.002600,2025-06-16 20:07:08.972214
-0.04718,2021-05-21,2021-05-28,sz.002600,2025-06-16 20:07:08.972214
-0.0432,2021-05-24,2021-05-31,sz.002600,2025-06-16 20:07:08.972214
0.0604,2021-05-25,2021-06-01,sz.002600,2025-06-16 20:07:08.972214
-0.04135,2021-05-26,2021-06-02,sz.002600,2025-06-16 20:07:08.972214
0.0942,2021-05-27,2021-06-03,sz.002600,2025-06-16 20:07:08.972214
-0.0406,2021-05-28,2021-06-04,sz.002600,2025-06-16 20:07:08.972214
0.005463,2021-05-31,2021-06-07,sz.002600,2025-06-16 20:07:08.972214
0.07983,2021-06-01,2021-06-08,sz.002600,2025-06-16 20:07:08.972214
-0.0753,2021-06-02,2021-06-09,sz.002600,2025-06-16 20:07:08.972214
-0.054,2021-06-03,2021-06-10,sz.002600,2025-06-16 20:07:08.972214
-0.003304,2021-06-04,2021-06-11,sz.002600,2025-06-16 20:07:08.972214
0.05176,2021-06-07,2021-06-14,sz.002600,2025-06-16 20:07:08.972214
-0.04337,2021-06-08,2021-06-15,sz.002600,2025-06-16 20:07:08.972214
-0.2188,2021-06-09,2021-06-16,sz.002600,2025-06-16 20:07:08.972214
-0.02148,2021-06-10,2021-06-17,sz.002600,2025-06-16 20:07:08.972214
-0.01312,2021-06-11,2021-06-18,sz.002600,2025-06-16 20:07:08.972214
-0.082,2021-06-15,2021-06-22,sz.002600,2025-06-16 20:07:08.972214
-0.002106,2021-06-16,2021-06-23,sz.002600,2025-06-16 20:07:08.972214
0.05246,2021-06-17,2021-06-24,sz.002600,2025-06-16 20:07:08.972214
0.05634,2021-06-18,2021-06-25,sz.002600,2025-06-16 20:07:08.972214
0.0644,2021-06-21,2021-06-28,sz.002600,2025-06-16 20:07:08.972214
-0.0842,2021-06-22,2021-06-29,sz.002600,2025-06-16 20:07:08.972214
0.1565,2021-06-23,2021-06-30,sz.002600,2025-06-16 20:07:08.972214
-0.02925,2021-06-24,2021-07-01,sz.002600,2025-06-16 20:07:08.972214
0.01405,2021-06-25,2021-07-02,sz.002600,2025-06-16 20:07:08.972214
-0.0951,2021-06-28,2021-07-05,sz.002600,2025-06-16 20:07:08.972214
-0.2334,2021-06-29,2021-07-06,sz.002600,2025-06-16 20:07:08.972214
-0.06744,2021-06-30,2021-07-07,sz.002600,2025-06-16 20:07:08.972214
-0.1576,2021-07-01,2021-07-08,sz.002600,2025-06-16 20:07:08.972214
-0.01875,2021-07-02,2021-07-09,sz.002600,2025-06-16 20:07:08.972214
0.02489,2021-07-05,2021-07-12,sz.002600,2025-06-16 20:07:08.972214
-0.1367,2021-07-06,2021-07-13,sz.002600,2025-06-16 20:07:08.972214
-0.02641,2021-07-07,2021-07-14,sz.002600,2025-06-16 20:07:08.972214
0.004047,2021-07-08,2021-07-15,sz.002600,2025-06-16 20:07:08.972214
-0.02689,2021-07-09,2021-07-16,sz.002600,2025-06-16 20:07:08.972214
-0.01001,2021-07-12,2021-07-19,sz.002600,2025-06-16 20:07:08.972214
0.06116,2021-07-13,2021-07-20,sz.002600,2025-06-16 20:07:08.972214
0.00775,2021-07-14,2021-07-21,sz.002600,2025-06-16 20:07:08.972214
-0.05478,2021-07-15,2021-07-22,sz.002600,2025-06-16 20:07:08.972214
-0.02687,2021-07-16,2021-07-23,sz.002600,2025-06-16 20:07:08.972214
-0.2283,2021-07-19,2021-07-26,sz.002600,2025-06-16 20:07:08.972214
0.07086,2021-07-20,2021-07-27,sz.002600,2025-06-16 20:07:08.972214
-0.01596,2021-07-21,2021-07-28,sz.002600,2025-06-16 20:07:08.972214
-0.003859,2021-07-22,2021-07-29,sz.002600,2025-06-16 20:07:08.972214
0.03073,2021-07-23,2021-07-30,sz.002600,2025-06-16 20:07:08.972214
-0.09247,2021-07-26,2021-08-02,sz.002600,2025-06-16 20:07:08.972214
0.01859,2021-07-27,2021-08-03,sz.002600,2025-06-16 20:07:08.972214
-0.2654,2021-07-28,2021-08-04,sz.002600,2025-06-16 20:07:08.972214
-0.01082,2021-07-29,2021-08-05,sz.002600,2025-06-16 20:07:08.972214
0.00907,2021-07-30,2021-08-06,sz.002600,2025-06-16 20:07:08.972214
0.0338,2021-08-02,2021-08-09,sz.002600,2025-06-16 20:07:08.972214
-0.04218,2021-08-03,2021-08-10,sz.002600,2025-06-16 20:07:08.972214
-0.01802,2021-08-04,2021-08-11,sz.002600,2025-06-16 20:07:08.972214
-0.0831,2021-08-05,2021-08-12,sz.002600,2025-06-16 20:07:08.972214
0.02435,2021-08-06,2021-08-13,sz.002600,2025-06-16 20:07:08.972214
0.0647,2021-08-09,2021-08-16,sz.002600,2025-06-16 20:07:08.972214
-0.004326,2021-08-10,2021-08-17,sz.002600,2025-06-16 20:07:08.972214
0.004997,2021-08-11,2021-08-18,sz.002600,2025-06-16 20:07:08.972214
0.00946,2021-08-12,2021-08-19,sz.002600,2025-06-16 20:07:08.972214
0.0315,2021-08-13,2021-08-20,sz.002600,2025-06-16 20:07:08.972214
0.0436,2021-08-16,2021-08-23,sz.002600,2025-06-16 20:07:08.972214
-0.001924,2021-08-17,2021-08-24,sz.002600,2025-06-16 20:07:08.972214
0.007282,2021-08-18,2021-08-25,sz.002600,2025-06-16 20:07:08.972214
0.03897,2021-08-19,2021-08-26,sz.002600,2025-06-16 20:07:08.972214
-0.01965,2021-08-20,2021-08-27,sz.002600,2025-06-16 20:07:08.972214
0.04788,2021-08-23,2021-08-30,sz.002600,2025-06-16 20:07:08.972214
0.0004854,2021-08-24,2021-08-31,sz.002600,2025-06-16 20:07:08.972214
0.015465,2021-08-25,2021-09-01,sz.002600,2025-06-16 20:07:08.972214
0.0134,2021-08-26,2021-09-02,sz.002600,2025-06-16 20:07:08.972214
-0.02328,2021-08-27,2021-09-03,sz.002600,2025-06-16 20:07:08.972214
0.0229,2021-08-30,2021-09-06,sz.002600,2025-06-16 20:07:08.972214
-0.0625,2021-08-31,2021-09-07,sz.002600,2025-06-16 20:07:08.972214
0.0648,2021-09-01,2021-09-08,sz.002600,2025-06-16 20:07:08.972214
-0.03032,2021-09-02,2021-09-09,sz.002600,2025-06-16 20:07:08.972214
0.0385,2021-09-03,2021-09-10,sz.002600,2025-06-16 20:07:08.972214
0.01639,2021-09-06,2021-09-13,sz.002600,2025-06-16 20:07:08.972214
0.02109,2021-09-07,2021-09-14,sz.002600,2025-06-16 20:07:08.972214
0.02142,2021-09-08,2021-09-15,sz.002600,2025-06-16 20:07:08.972214
-0.02896,2021-09-09,2021-09-16,sz.002600,2025-06-16 20:07:08.972214
0.0485,2021-09-10,2021-09-17,sz.002600,2025-06-16 20:07:08.972214
0.0918,2021-09-13,2021-09-20,sz.002600,2025-06-16 20:07:08.972214
0.0324,2021-09-14,2021-09-21,sz.002600,2025-06-16 20:07:08.972214
-0.07587,2021-09-15,2021-09-22,sz.002600,2025-06-16 20:07:08.972214
0.0315,2021-09-16,2021-09-23,sz.002600,2025-06-16 20:07:08.972214
0.07825,2021-09-17,2021-09-24,sz.002600,2025-06-16 20:07:08.972214
0.015594,2021-09-22,2021-09-29,sz.002600,2025-06-16 20:07:08.972214
0.04712,2021-09-23,2021-09-30,sz.002600,2025-06-16 20:07:08.972214
-0.005566,2021-09-24,2021-10-01,sz.002600,2025-06-16 20:07:08.972214
-0.05975,2021-09-27,2021-10-04,sz.002600,2025-06-16 20:07:08.972214
0.03894,2021-09-28,2021-10-05,sz.002600,2025-06-16 20:07:08.972214
-0.02383,2021-09-29,2021-10-06,sz.002600,2025-06-16 20:07:08.972214
0.08344,2021-09-30,2021-10-07,sz.002600,2025-06-16 20:07:08.972214
0.07385,2021-10-08,2021-10-15,sz.002600,2025-06-16 20:07:08.972214
0.0808,2021-10-11,2021-10-18,sz.002600,2025-06-16 20:07:08.972214
0.0139,2021-10-12,2021-10-19,sz.002600,2025-06-16 20:07:08.972214
0.0827,2021-10-13,2021-10-20,sz.002600,2025-06-16 20:07:08.972214
-0.01761,2021-10-14,2021-10-21,sz.002600,2025-06-16 20:07:08.972214
-0.05783,2021-10-15,2021-10-22,sz.002600,2025-06-16 20:07:08.972214
-0.02272,2021-10-18,2021-10-25,sz.002600,2025-06-16 20:07:08.972214
0.1456,2021-10-19,2021-10-26,sz.002600,2025-06-16 20:07:08.972214
0.1147,2021-10-20,2021-10-27,sz.002600,2025-06-16 20:07:08.972214
-0.007423,2021-10-21,2021-10-28,sz.002600,2025-06-16 20:07:08.972214
0.11163,2021-10-22,2021-10-29,sz.002600,2025-06-16 20:07:08.972214
0.002617,2021-10-25,2021-11-01,sz.002600,2025-06-16 20:07:08.972214
0.2351,2021-10-26,2021-11-02,sz.002600,2025-06-16 20:07:08.972214
-0.09644,2021-10-27,2021-11-03,sz.002600,2025-06-16 20:07:08.972214
0.02861,2021-10-28,2021-11-04,sz.002600,2025-06-16 20:07:08.972214
0.0962,2021-10-29,2021-11-05,sz.002600,2025-06-16 20:07:08.972214
0.10156,2021-11-01,2021-11-08,sz.002600,2025-06-16 20:07:08.972214
-0.07666,2021-11-02,2021-11-09,sz.002600,2025-06-16 20:07:08.972214
0.01917,2021-11-03,2021-11-10,sz.002600,2025-06-16 20:07:08.972214
0.05603,2021-11-04,2021-11-11,sz.002600,2025-06-16 20:07:08.972214
0.03754,2021-11-05,2021-11-12,sz.002600,2025-06-16 20:07:08.972214
-0.0663,2021-11-08,2021-11-15,sz.002600,2025-06-16 20:07:08.972214
-0.01546,2021-11-09,2021-11-16,sz.002600,2025-06-16 20:07:08.972214
0.07745,2021-11-10,2021-11-17,sz.002600,2025-06-16 20:07:08.972214
0.11633,2021-11-11,2021-11-18,sz.002600,2025-06-16 20:07:08.972214
0.0693,2021-11-12,2021-11-19,sz.002600,2025-06-16 20:07:08.972214
-0.0411,2021-11-15,2021-11-22,sz.002600,2025-06-16 20:07:08.972214
-0.002506,2021-11-16,2021-11-23,sz.002600,2025-06-16 20:07:08.972214
0.09503,2021-11-17,2021-11-24,sz.002600,2025-06-16 20:07:08.972214
-0.08563,2021-11-18,2021-11-25,sz.002600,2025-06-16 20:07:08.972214
0.0491,2021-11-19,2021-11-26,sz.002600,2025-06-16 20:07:08.972214
0.1236,2021-11-22,2021-11-29,sz.002600,2025-06-16 20:07:08.972214
-0.00558,2021-11-23,2021-11-30,sz.002600,2025-06-16 20:07:08.972214
0.0394,2021-11-24,2021-12-01,sz.002600,2025-06-16 20:07:08.972214
-0.00594,2021-11-25,2021-12-02,sz.002600,2025-06-16 20:07:08.972214
0.0627,2021-11-26,2021-12-03,sz.002600,2025-06-16 20:07:08.972214
0.0688,2021-11-29,2021-12-06,sz.002600,2025-06-16 20:07:08.972214
-0.03366,2021-11-30,2021-12-07,sz.002600,2025-06-16 20:07:08.972214
0.1658,2021-12-01,2021-12-08,sz.002600,2025-06-16 20:07:08.972214
-0.02704,2021-12-02,2021-12-09,sz.002600,2025-06-16 20:07:08.972214
-0.2435,2021-12-03,2021-12-10,sz.002600,2025-06-16 20:07:08.972214
-0.253,2021-12-06,2021-12-13,sz.002600,2025-06-16 20:07:08.972214
-0.0308,2021-12-07,2021-12-14,sz.002600,2025-06-16 20:07:08.972214
0.03336,2021-12-08,2021-12-15,sz.002600,2025-06-16 20:07:08.972214
-0.03503,2021-12-09,2021-12-16,sz.002600,2025-06-16 20:07:08.972214
0.05716,2021-12-10,2021-12-17,sz.002600,2025-06-16 20:07:08.972214
-0.009125,2021-12-13,2021-12-20,sz.002600,2025-06-16 20:07:08.972214
0.01608,2021-12-14,2021-12-21,sz.002600,2025-06-16 20:07:08.972214
0.01483,2021-12-15,2021-12-22,sz.002600,2025-06-16 20:07:08.972214
0.1161,2021-12-16,2021-12-23,sz.002600,2025-06-16 20:07:08.972214
-0.1815,2021-12-17,2021-12-24,sz.002600,2025-06-16 20:07:08.972214
-0.00918,2021-12-20,2021-12-27,sz.002600,2025-06-16 20:07:08.972214
0.06213,2021-12-21,2021-12-28,sz.002600,2025-06-16 20:07:08.972214
0.0526,2021-12-22,2021-12-29,sz.002600,2025-06-16 20:07:08.972214
-0.0738,2021-12-23,2021-12-30,sz.002600,2025-06-16 20:07:08.972214
-0.0532,2021-12-24,2021-12-31,sz.002600,2025-06-16 20:07:08.972214
0.005516,2021-12-27,2022-01-03,sz.002600,2025-06-16 20:07:08.972214
-0.02286,2021-12-28,2022-01-04,sz.002600,2025-06-16 20:07:08.972214
-0.00993,2021-12-29,2022-01-05,sz.002600,2025-06-16 20:07:08.972214
0.02315,2021-12-30,2022-01-06,sz.002600,2025-06-16 20:07:08.972214
0.01595,2021-12-31,2022-01-07,sz.002600,2025-06-16 20:07:08.972214
0.0668,2022-01-04,2022-01-11,sz.002600,2025-06-16 20:07:08.972214
-0.1537,2022-01-05,2022-01-12,sz.002600,2025-06-16 20:07:08.972214
0.12085,2022-01-06,2022-01-13,sz.002600,2025-06-16 20:07:08.972214
-0.0389,2022-01-07,2022-01-14,sz.002600,2025-06-16 20:07:08.972214
0.03128,2022-01-10,2022-01-17,sz.002600,2025-06-16 20:07:08.972214
-0.03622,2022-01-11,2022-01-18,sz.002600,2025-06-16 20:07:08.972214
0.0822,2022-01-12,2022-01-19,sz.002600,2025-06-16 20:07:08.972214
0.00452,2022-01-13,2022-01-20,sz.002600,2025-06-16 20:07:08.972214
-0.0848,2022-01-14,2022-01-21,sz.002600,2025-06-16 20:07:08.972214
0.08875,2022-01-17,2022-01-24,sz.002600,2025-06-16 20:07:08.972214
-0.0008264,2022-01-18,2022-01-25,sz.002600,2025-06-16 20:07:08.972214
0.03555,2022-01-19,2022-01-26,sz.002600,2025-06-16 20:07:08.972214
-0.1404,2022-01-20,2022-01-27,sz.002600,2025-06-16 20:07:08.972214
-0.01825,2022-01-21,2022-01-28,sz.002600,2025-06-16 20:07:08.972214
0.1061,2022-01-24,2022-01-31,sz.002600,2025-06-16 20:07:08.972214
-0.1656,2022-01-25,2022-02-01,sz.002600,2025-06-16 20:07:08.972214
0.0786,2022-01-26,2022-02-02,sz.002600,2025-06-16 20:07:08.972214
-0.06064,2022-01-27,2022-02-03,sz.002600,2025-06-16 20:07:08.972214
0.09454,2022-01-28,2022-02-04,sz.002600,2025-06-16 20:07:08.972214
0.09875,2022-02-07,2022-02-14,sz.002600,2025-06-16 20:07:08.972214
0.12,2022-02-08,2022-02-15,sz.002600,2025-06-16 20:07:08.972214
0.1708,2022-02-09,2022-02-16,sz.002600,2025-06-16 20:07:08.972214
0.09546,2022-02-10,2022-02-17,sz.002600,2025-06-16 20:07:08.972214
-0.006916,2022-02-11,2022-02-18,sz.002600,2025-06-16 20:07:08.972214
0.099,2022-02-14,2022-02-21,sz.002600,2025-06-16 20:07:08.972214
0.0884,2022-02-15,2022-02-22,sz.002600,2025-06-16 20:07:08.972214
0.1175,2022-02-16,2022-02-23,sz.002600,2025-06-16 20:07:08.972214
0.0995,2022-02-17,2022-02-24,sz.002600,2025-06-16 20:07:08.972214
0.1384,2022-02-18,2022-02-25,sz.002600,2025-06-16 20:07:08.972214
0.1183,2022-02-21,2022-02-28,sz.002600,2025-06-16 20:07:08.972214
0.011955,2022-02-22,2022-03-01,sz.002600,2025-06-16 20:07:08.972214
0.1122,2022-02-23,2022-03-02,sz.002600,2025-06-16 20:07:08.972214
-0.05,2022-02-24,2022-03-03,sz.002600,2025-06-16 20:07:08.972214
0.0972,2022-02-25,2022-03-04,sz.002600,2025-06-16 20:07:08.972214
0.02145,2022-02-28,2022-03-07,sz.002600,2025-06-16 20:07:08.972214
0.1469,2022-03-01,2022-03-08,sz.002600,2025-06-16 20:07:08.972214
0.1566,2022-03-02,2022-03-09,sz.002600,2025-06-16 20:07:08.972214
0.0962,2022-03-03,2022-03-10,sz.002600,2025-06-16 20:07:08.972214
0.064,2022-03-04,2022-03-11,sz.002600,2025-06-16 20:07:08.972214
-0.10706,2022-03-07,2022-03-14,sz.002600,2025-06-16 20:07:08.972214
-0.01898,2022-03-08,2022-03-15,sz.002600,2025-06-16 20:07:08.972214
-0.1316,2022-03-09,2022-03-16,sz.002600,2025-06-16 20:07:08.972214
0.06946,2022-03-10,2022-03-17,sz.002600,2025-06-16 20:07:08.972214
0.183,2022-03-11,2022-03-18,sz.002600,2025-06-16 20:07:08.972214
0.08014,2022-03-14,2022-03-21,sz.002600,2025-06-16 20:07:08.972214
-0.1985,2022-03-15,2022-03-22,sz.002600,2025-06-16 20:07:08.972214
0.06915,2022-03-16,2022-03-23,sz.002600,2025-06-16 20:07:08.972214
0.10126,2022-03-17,2022-03-24,sz.002600,2025-06-16 20:07:08.972214
0.1514,2022-03-18,2022-03-25,sz.002600,2025-06-16 20:07:08.972214
0.02014,2022-03-21,2022-03-28,sz.002600,2025-06-16 20:07:08.972214
0.1062,2022-03-22,2022-03-29,sz.002600,2025-06-16 20:07:08.972214
0.1428,2022-03-23,2022-03-30,sz.002600,2025-06-16 20:07:08.972214
0.0896,2022-03-24,2022-03-31,sz.002600,2025-06-16 20:07:08.972214
0.1433,2022-03-25,2022-04-01,sz.002600,2025-06-16 20:07:08.972214
0.1632,2022-03-28,2022-04-04,sz.002600,2025-06-16 20:07:08.972214
0.0818,2022-03-29,2022-04-05,sz.002600,2025-06-16 20:07:08.972214
0.1493,2022-03-30,2022-04-06,sz.002600,2025-06-16 20:07:08.972214
0.0795,2022-03-31,2022-04-07,sz.002600,2025-06-16 20:07:08.972214
0.1654,2022-04-01,2022-04-08,sz.002600,2025-06-16 20:07:08.972214
0.1477,2022-04-06,2022-04-13,sz.002600,2025-06-16 20:07:08.972214
-0.01863,2022-04-07,2022-04-14,sz.002600,2025-06-16 20:07:08.972214
-0.0749,2022-04-08,2022-04-15,sz.002600,2025-06-16 20:07:08.972214
-0.02165,2022-04-11,2022-04-18,sz.002600,2025-06-16 20:07:08.972214
0.1753,2022-04-12,2022-04-19,sz.002600,2025-06-16 20:07:08.972214
0.1097,2022-04-13,2022-04-20,sz.002600,2025-06-16 20:07:08.972214
0.1525,2022-04-14,2022-04-21,sz.002600,2025-06-16 20:07:08.972214
0.0972,2022-04-15,2022-04-22,sz.002600,2025-06-16 20:07:08.972214
0.1311,2022-04-18,2022-04-25,sz.002600,2025-06-16 20:07:08.972214
0.0996,2022-04-19,2022-04-26,sz.002600,2025-06-16 20:07:08.972214
0.0958,2022-04-20,2022-04-27,sz.002600,2025-06-16 20:07:08.972214
-0.005733,2022-04-21,2022-04-28,sz.002600,2025-06-16 20:07:08.972214
-0.0974,2022-04-22,2022-04-29,sz.002600,2025-06-16 20:07:08.972214
-0.1074,2022-04-25,2022-05-02,sz.002600,2025-06-16 20:07:08.972214
0.0829,2022-04-26,2022-05-03,sz.002600,2025-06-16 20:07:08.972214
0.1718,2022-04-27,2022-05-04,sz.002600,2025-06-16 20:07:08.972214
0.1938,2022-04-28,2022-05-05,sz.002600,2025-06-16 20:07:08.972214
0.2296,2022-04-29,2022-05-06,sz.002600,2025-06-16 20:07:08.972214
0.2025,2022-05-05,2022-05-12,sz.002600,2025-06-16 20:07:08.972214
0.1101,2022-05-06,2022-05-13,sz.002600,2025-06-16 20:07:08.972214
0.1664,2022-05-09,2022-05-16,sz.002600,2025-06-16 20:07:08.972214
0.1654,2022-05-10,2022-05-17,sz.002600,2025-06-16 20:07:08.972214
0.109,2022-05-11,2022-05-18,sz.002600,2025-06-16 20:07:08.972214
0.1459,2022-05-12,2022-05-19,sz.002600,2025-06-16 20:07:08.972214
0.11285,2022-05-13,2022-05-20,sz.002600,2025-06-16 20:07:08.972214
0.06714,2022-05-16,2022-05-23,sz.002600,2025-06-16 20:07:08.972214
0.1262,2022-05-17,2022-05-24,sz.002600,2025-06-16 20:07:08.972214
0.1793,2022-05-18,2022-05-25,sz.002600,2025-06-16 20:07:08.972214
8.655e-05,2022-05-19,2022-05-26,sz.002600,2025-06-16 20:07:08.972214
0.03757,2022-05-20,2022-05-27,sz.002600,2025-06-16 20:07:08.972214
0.06866,2022-05-23,2022-05-30,sz.002600,2025-06-16 20:07:08.972214
-0.1536,2022-05-24,2022-05-31,sz.002600,2025-06-16 20:07:08.972214
0.1354,2022-05-25,2022-06-01,sz.002600,2025-06-16 20:07:08.972214
0.14,2022-05-26,2022-06-02,sz.002600,2025-06-16 20:07:08.972214
0.004887,2022-05-27,2022-06-03,sz.002600,2025-06-16 20:07:08.972214
0.1062,2022-05-30,2022-06-06,sz.002600,2025-06-16 20:07:08.972214
0.1564,2022-05-31,2022-06-07,sz.002600,2025-06-16 20:07:08.972214
0.077,2022-06-01,2022-06-08,sz.002600,2025-06-16 20:07:08.972214
0.1761,2022-06-02,2022-06-09,sz.002600,2025-06-16 20:07:08.972214
0.1335,2022-06-06,2022-06-13,sz.002600,2025-06-16 20:07:08.972214
0.077,2022-06-07,2022-06-14,sz.002600,2025-06-16 20:07:08.972214
0.0962,2022-06-08,2022-06-15,sz.002600,2025-06-16 20:07:08.972214
0.03958,2022-06-09,2022-06-16,sz.002600,2025-06-16 20:07:08.972214
0.1853,2022-06-10,2022-06-17,sz.002600,2025-06-16 20:07:08.972214
0.1346,2022-06-13,2022-06-20,sz.002600,2025-06-16 20:07:08.972214
0.142,2022-06-14,2022-06-21,sz.002600,2025-06-16 20:07:08.972214
0.1208,2022-06-15,2022-06-22,sz.002600,2025-06-16 20:07:08.972214
0.1011,2022-06-16,2022-06-23,sz.002600,2025-06-16 20:07:08.972214
0.15,2022-06-17,2022-06-24,sz.002600,2025-06-16 20:07:08.972214
0.1271,2022-06-20,2022-06-27,sz.002600,2025-06-16 20:07:08.972214
0.08246,2022-06-21,2022-06-28,sz.002600,2025-06-16 20:07:08.972214
-0.05072,2022-06-22,2022-06-29,sz.002600,2025-06-16 20:07:08.972214
0.1827,2022-06-23,2022-06-30,sz.002600,2025-06-16 20:07:08.972214
0.1351,2022-06-24,2022-07-01,sz.002600,2025-06-16 20:07:08.972214
0.0988,2022-06-27,2022-07-04,sz.002600,2025-06-16 20:07:08.972214
0.1525,2022-06-28,2022-07-05,sz.002600,2025-06-16 20:07:08.972214
0.03497,2022-06-29,2022-07-06,sz.002600,2025-06-16 20:07:08.972214
0.0652,2022-06-30,2022-07-07,sz.002600,2025-06-16 20:07:08.972214
0.10944,2022-07-01,2022-07-08,sz.002600,2025-06-16 20:07:08.972214
0.0743,2022-07-04,2022-07-11,sz.002600,2025-06-16 20:07:08.972214
0.0985,2022-07-05,2022-07-12,sz.002600,2025-06-16 20:07:08.972214
0.11694,2022-07-06,2022-07-13,sz.002600,2025-06-16 20:07:08.972214
0.2103,2022-07-07,2022-07-14,sz.002600,2025-06-16 20:07:08.972214
0.1534,2022-07-08,2022-07-15,sz.002600,2025-06-16 20:07:08.972214
0.08167,2022-07-11,2022-07-18,sz.002600,2025-06-16 20:07:08.972214
0.1247,2022-07-12,2022-07-19,sz.002600,2025-06-16 20:07:08.972214
0.11224,2022-07-13,2022-07-20,sz.002600,2025-06-16 20:07:08.972214
0.1824,2022-07-14,2022-07-21,sz.002600,2025-06-16 20:07:08.972214
0.0694,2022-07-15,2022-07-22,sz.002600,2025-06-16 20:07:08.972214
0.1877,2022-07-18,2022-07-25,sz.002600,2025-06-16 20:07:08.972214
0.1603,2022-07-19,2022-07-26,sz.002600,2025-06-16 20:07:08.972214
0.1301,2022-07-20,2022-07-27,sz.002600,2025-06-16 20:07:08.972214
0.1201,2022-07-21,2022-07-28,sz.002600,2025-06-16 20:07:08.972214
0.10065,2022-07-22,2022-07-29,sz.002600,2025-06-16 20:07:08.972214
0.0636,2022-07-25,2022-08-01,sz.002600,2025-06-16 20:07:08.972214
0.1032,2022-07-26,2022-08-02,sz.002600,2025-06-16 20:07:08.972214
0.1759,2022-07-27,2022-08-03,sz.002600,2025-06-16 20:07:08.972214
0.2039,2022-07-28,2022-08-04,sz.002600,2025-06-16 20:07:08.972214
0.1572,2022-07-29,2022-08-05,sz.002600,2025-06-16 20:07:08.972214
0.1583,2022-08-01,2022-08-08,sz.002600,2025-06-16 20:07:08.972214
0.00919,2022-08-02,2022-08-09,sz.002600,2025-06-16 20:07:08.972214
0.10364,2022-08-03,2022-08-10,sz.002600,2025-06-16 20:07:08.972214
0.1729,2022-08-04,2022-08-11,sz.002600,2025-06-16 20:07:08.972214
0.1251,2022-08-05,2022-08-12,sz.002600,2025-06-16 20:07:08.972214
0.1484,2022-08-08,2022-08-15,sz.002600,2025-06-16 20:07:08.972214
0.1484,2022-08-09,2022-08-16,sz.002600,2025-06-16 20:07:08.972214
0.07733,2022-08-10,2022-08-17,sz.002600,2025-06-16 20:07:08.972214
0.235,2022-08-11,2022-08-18,sz.002600,2025-06-16 20:07:08.972214
-0.3362,2022-08-12,2022-08-19,sz.002600,2025-06-16 20:07:08.972214
0.004456,2022-08-15,2022-08-22,sz.002600,2025-06-16 20:07:08.972214
0.0659,2022-08-16,2022-08-23,sz.002600,2025-06-16 20:07:08.972214
0.1519,2022-08-17,2022-08-24,sz.002600,2025-06-16 20:07:08.972214
0.005116,2022-08-18,2022-08-25,sz.002600,2025-06-16 20:07:08.972214
-0.1114,2022-08-19,2022-08-26,sz.002600,2025-06-16 20:07:08.972214
0.04504,2022-08-22,2022-08-29,sz.002600,2025-06-16 20:07:08.972214
0.1125,2022-08-23,2022-08-30,sz.002600,2025-06-16 20:07:08.972214
-0.02563,2022-08-24,2022-08-31,sz.002600,2025-06-16 20:07:08.972214
-0.0279,2022-08-25,2022-09-01,sz.002600,2025-06-16 20:07:08.972214
0.1174,2022-08-26,2022-09-02,sz.002600,2025-06-16 20:07:08.972214
0.1609,2022-08-29,2022-09-05,sz.002600,2025-06-16 20:07:08.972214
0.01776,2022-08-30,2022-09-06,sz.002600,2025-06-16 20:07:08.972214
0.09094,2022-08-31,2022-09-07,sz.002600,2025-06-16 20:07:08.972214
0.0497,2022-09-01,2022-09-08,sz.002600,2025-06-16 20:07:08.972214
0.1497,2022-09-02,2022-09-09,sz.002600,2025-06-16 20:07:08.972214
0.04993,2022-09-05,2022-09-12,sz.002600,2025-06-16 20:07:08.972214
0.1672,2022-09-06,2022-09-13,sz.002600,2025-06-16 20:07:08.972214
0.1404,2022-09-07,2022-09-14,sz.002600,2025-06-16 20:07:08.972214
-0.1074,2022-09-08,2022-09-15,sz.002600,2025-06-16 20:07:08.972214
0.06415,2022-09-09,2022-09-16,sz.002600,2025-06-16 20:07:08.972214
0.1503,2022-09-13,2022-09-20,sz.002600,2025-06-16 20:07:08.972214
0.03238,2022-09-14,2022-09-21,sz.002600,2025-06-16 20:07:08.972214
-0.0898,2022-09-15,2022-09-22,sz.002600,2025-06-16 20:07:08.972214
0.04776,2022-09-16,2022-09-23,sz.002600,2025-06-16 20:07:08.972214
0.0657,2022-09-19,2022-09-26,sz.002600,2025-06-16 20:07:08.972214
0.1855,2022-09-20,2022-09-27,sz.002600,2025-06-16 20:07:08.972214
0.1387,2022-09-21,2022-09-28,sz.002600,2025-06-16 20:07:08.972214
0.08575,2022-09-22,2022-09-29,sz.002600,2025-06-16 20:07:08.972214
0.0729,2022-09-23,2022-09-30,sz.002600,2025-06-16 20:07:08.972214
0.05344,2022-09-26,2022-10-03,sz.002600,2025-06-16 20:07:08.972214
0.188,2022-09-27,2022-10-04,sz.002600,2025-06-16 20:07:08.972214
0.01188,2022-09-28,2022-10-05,sz.002600,2025-06-16 20:07:08.972214
0.0289,2022-09-29,2022-10-06,sz.002600,2025-06-16 20:07:08.972214
0.1483,2022-09-30,2022-10-07,sz.002600,2025-06-16 20:07:08.972214
0.01625,2022-10-10,2022-10-17,sz.002600,2025-06-16 20:07:08.972214
0.1556,2022-10-11,2022-10-18,sz.002600,2025-06-16 20:07:08.972214
0.158,2022-10-12,2022-10-19,sz.002600,2025-06-16 20:07:08.972214
0.2306,2022-10-13,2022-10-20,sz.002600,2025-06-16 20:07:08.972214
0.1965,2022-10-14,2022-10-21,sz.002600,2025-06-16 20:07:08.972214
0.1799,2022-10-17,2022-10-24,sz.002600,2025-06-16 20:07:08.972214
0.1371,2022-10-18,2022-10-25,sz.002600,2025-06-16 20:07:08.972214
0.0786,2022-10-19,2022-10-26,sz.002600,2025-06-16 20:07:08.972214
0.1777,2022-10-20,2022-10-27,sz.002600,2025-06-16 20:07:08.972214
0.1736,2022-10-21,2022-10-28,sz.002600,2025-06-16 20:07:08.972214
0.09564,2022-10-24,2022-10-31,sz.002600,2025-06-16 20:07:08.972214
0.1731,2022-10-25,2022-11-01,sz.002600,2025-06-16 20:07:08.972214
0.2394,2022-10-26,2022-11-02,sz.002600,2025-06-16 20:07:08.972214
0.2122,2022-10-27,2022-11-03,sz.002600,2025-06-16 20:07:08.972214
0.00606,2022-10-28,2022-11-04,sz.002600,2025-06-16 20:07:08.972214
0.149,2022-10-31,2022-11-07,sz.002600,2025-06-16 20:07:08.972214
0.1625,2022-11-01,2022-11-08,sz.002600,2025-06-16 20:07:08.972214
0.12366,2022-11-02,2022-11-09,sz.002600,2025-06-16 20:07:08.972214
0.1461,2022-11-03,2022-11-10,sz.002600,2025-06-16 20:07:08.972214
0.171,2022-11-04,2022-11-11,sz.002600,2025-06-16 20:07:08.972214
0.1373,2022-11-07,2022-11-14,sz.002600,2025-06-16 20:07:08.972214
0.04092,2022-11-08,2022-11-15,sz.002600,2025-06-16 20:07:08.972214
0.05405,2022-11-09,2022-11-16,sz.002600,2025-06-16 20:07:08.972214
0.1173,2022-11-10,2022-11-17,sz.002600,2025-06-16 20:07:08.972214
0.06036,2022-11-11,2022-11-18,sz.002600,2025-06-16 20:07:08.972214
0.0743,2022-11-14,2022-11-21,sz.002600,2025-06-16 20:07:08.972214
0.1656,2022-11-15,2022-11-22,sz.002600,2025-06-16 20:07:08.972214
0.0835,2022-11-16,2022-11-23,sz.002600,2025-06-16 20:07:08.972214
0.10913,2022-11-17,2022-11-24,sz.002600,2025-06-16 20:07:08.972214
0.0827,2022-11-18,2022-11-25,sz.002600,2025-06-16 20:07:08.972214
0.1635,2022-11-21,2022-11-28,sz.002600,2025-06-16 20:07:08.972214
0.005146,2022-11-22,2022-11-29,sz.002600,2025-06-16 20:07:08.972214
0.08826,2022-11-23,2022-11-30,sz.002600,2025-06-16 20:07:08.972214
0.12036,2022-11-24,2022-12-01,sz.002600,2025-06-16 20:07:08.972214
0.1342,2022-11-25,2022-12-02,sz.002600,2025-06-16 20:07:08.972214
0.1214,2022-11-28,2022-12-05,sz.002600,2025-06-16 20:07:08.972214
0.1451,2022-11-29,2022-12-06,sz.002600,2025-06-16 20:07:08.972214
0.1371,2022-11-30,2022-12-07,sz.002600,2025-06-16 20:07:08.972214
0.1343,2022-12-01,2022-12-08,sz.002600,2025-06-16 20:07:08.972214
0.1181,2022-12-02,2022-12-09,sz.002600,2025-06-16 20:07:08.972214
0.1298,2022-12-05,2022-12-12,sz.002600,2025-06-16 20:07:08.972214
0.1307,2022-12-06,2022-12-13,sz.002600,2025-06-16 20:07:08.972214
0.11914,2022-12-07,2022-12-14,sz.002600,2025-06-16 20:07:08.972214
0.0994,2022-12-08,2022-12-15,sz.002600,2025-06-16 20:07:08.972214
0.1426,2022-12-09,2022-12-16,sz.002600,2025-06-16 20:07:08.972214
0.1355,2022-12-12,2022-12-19,sz.002600,2025-06-16 20:07:08.972214
0.1426,2022-12-13,2022-12-20,sz.002600,2025-06-16 20:07:08.972214
0.1345,2022-12-14,2022-12-21,sz.002600,2025-06-16 20:07:08.972214
0.1372,2022-12-15,2022-12-22,sz.002600,2025-06-16 20:07:08.972214
0.1757,2022-12-16,2022-12-23,sz.002600,2025-06-16 20:07:08.972214
-0.05307,2022-12-19,2022-12-26,sz.002600,2025-06-16 20:07:08.972214
0.0774,2022-12-20,2022-12-27,sz.002600,2025-06-16 20:07:08.972214
0.1975,2022-12-21,2022-12-28,sz.002600,2025-06-16 20:07:08.972214
0.11426,2022-12-22,2022-12-29,sz.002600,2025-06-16 20:07:08.972214
0.1494,2022-12-23,2022-12-30,sz.002600,2025-06-16 20:07:08.972214
0.247,2022-12-26,2023-01-02,sz.002600,2025-06-16 20:07:08.972214
0.2122,2022-12-27,2023-01-03,sz.002600,2025-06-16 20:07:08.972214
0.139,2022-12-28,2023-01-04,sz.002600,2025-06-16 20:07:08.972214
0.2068,2022-12-29,2023-01-05,sz.002600,2025-06-16 20:07:08.972214
0.2002,2022-12-30,2023-01-06,sz.002600,2025-06-16 20:07:08.972214
0.2192,2023-01-03,2023-01-10,sz.002600,2025-06-16 20:07:08.972214
0.0714,2023-01-04,2023-01-11,sz.002600,2025-06-16 20:07:08.972214
0.1333,2023-01-05,2023-01-12,sz.002600,2025-06-16 20:07:08.972214
0.1471,2023-01-06,2023-01-13,sz.002600,2025-06-16 20:07:08.972214
0.1967,2023-01-09,2023-01-16,sz.002600,2025-06-16 20:07:08.972214
0.1289,2023-01-10,2023-01-17,sz.002600,2025-06-16 20:07:08.972214
0.1423,2023-01-11,2023-01-18,sz.002600,2025-06-16 20:07:08.972214
0.1475,2023-01-12,2023-01-19,sz.002600,2025-06-16 20:07:08.972214
0.1606,2023-01-13,2023-01-20,sz.002600,2025-06-16 20:07:08.972214
0.2046,2023-01-16,2023-01-23,sz.002600,2025-06-16 20:07:08.972214
0.1678,2023-01-17,2023-01-24,sz.002600,2025-06-16 20:07:08.972214
0.1361,2023-01-18,2023-01-25,sz.002600,2025-06-16 20:07:08.972214
0.2035,2023-01-19,2023-01-26,sz.002600,2025-06-16 20:07:08.972214
0.07245,2023-01-20,2023-01-27,sz.002600,2025-06-16 20:07:08.972214
0.11395,2023-01-30,2023-02-06,sz.002600,2025-06-16 20:07:08.972214
-0.02574,2023-01-31,2023-02-07,sz.002600,2025-06-16 20:07:08.972214
0.1725,2023-02-01,2023-02-08,sz.002600,2025-06-16 20:07:08.972214
0.0648,2023-02-02,2023-02-09,sz.002600,2025-06-16 20:07:08.972214
0.134,2023-02-03,2023-02-10,sz.002600,2025-06-16 20:07:08.972214
0.1545,2023-02-06,2023-02-13,sz.002600,2025-06-16 20:07:08.972214
0.0944,2023-02-07,2023-02-14,sz.002600,2025-06-16 20:07:08.972214
0.1036,2023-02-08,2023-02-15,sz.002600,2025-06-16 20:07:08.972214
0.1835,2023-02-09,2023-02-16,sz.002600,2025-06-16 20:07:08.972214
0.1261,2023-02-10,2023-02-17,sz.002600,2025-06-16 20:07:08.972214
0.06024,2023-02-13,2023-02-20,sz.002600,2025-06-16 20:07:08.972214
0.1383,2023-02-14,2023-02-21,sz.002600,2025-06-16 20:07:08.972214
0.09314,2023-02-15,2023-02-22,sz.002600,2025-06-16 20:07:08.972214
-0.02757,2023-02-16,2023-02-23,sz.002600,2025-06-16 20:07:08.972214
0.0408,2023-02-17,2023-02-24,sz.002600,2025-06-16 20:07:08.972214
0.1633,2023-02-20,2023-02-27,sz.002600,2025-06-16 20:07:08.972214
0.1101,2023-02-21,2023-02-28,sz.002600,2025-06-16 20:07:08.972214
0.1323,2023-02-22,2023-03-01,sz.002600,2025-06-16 20:07:08.972214
0.0922,2023-02-23,2023-03-02,sz.002600,2025-06-16 20:07:08.972214
0.0346,2023-02-24,2023-03-03,sz.002600,2025-06-16 20:07:08.972214
0.1153,2023-02-27,2023-03-06,sz.002600,2025-06-16 20:07:08.972214
0.0908,2023-02-28,2023-03-07,sz.002600,2025-06-16 20:07:08.972214
0.1967,2023-03-01,2023-03-08,sz.002600,2025-06-16 20:07:08.972214
0.10846,2023-03-02,2023-03-09,sz.002600,2025-06-16 20:07:08.972214
0.1791,2023-03-03,2023-03-10,sz.002600,2025-06-16 20:07:08.972214
0.0729,2023-03-06,2023-03-13,sz.002600,2025-06-16 20:07:08.972214
0.01672,2023-03-07,2023-03-14,sz.002600,2025-06-16 20:07:08.972214
0.2025,2023-03-08,2023-03-15,sz.002600,2025-06-16 20:07:08.972214
0.0979,2023-03-09,2023-03-16,sz.002600,2025-06-16 20:07:08.972214
0.1333,2023-03-10,2023-03-17,sz.002600,2025-06-16 20:07:08.972214
0.1685,2023-03-13,2023-03-20,sz.002600,2025-06-16 20:07:08.972214
0.05032,2023-03-14,2023-03-21,sz.002600,2025-06-16 20:07:08.972214
0.06775,2023-03-15,2023-03-22,sz.002600,2025-06-16 20:07:08.972214
0.0173,2023-03-16,2023-03-23,sz.002600,2025-06-16 20:07:08.972214
0.04044,2023-03-17,2023-03-24,sz.002600,2025-06-16 20:07:08.972214
0.0888,2023-03-20,2023-03-27,sz.002600,2025-06-16 20:07:08.972214
0.01537,2023-03-21,2023-03-28,sz.002600,2025-06-16 20:07:08.972214
0.1622,2023-03-22,2023-03-29,sz.002600,2025-06-16 20:07:08.972214
0.12274,2023-03-23,2023-03-30,sz.002600,2025-06-16 20:07:08.972214
0.06744,2023-03-24,2023-03-31,sz.002600,2025-06-16 20:07:08.972214
-0.0467,2023-03-27,2023-04-03,sz.002600,2025-06-16 20:07:08.972214
0.0897,2023-03-28,2023-04-04,sz.002600,2025-06-16 20:07:08.972214
0.0848,2023-03-29,2023-04-05,sz.002600,2025-06-16 20:07:08.972214
0.066,2023-03-30,2023-04-06,sz.002600,2025-06-16 20:07:08.972214
0.09216,2023-03-31,2023-04-07,sz.002600,2025-06-16 20:07:08.972214
0.09485,2023-04-03,2023-04-10,sz.002600,2025-06-16 20:07:08.972214
0.07904,2023-04-04,2023-04-11,sz.002600,2025-06-16 20:07:08.972214
0.0872,2023-04-06,2023-04-13,sz.002600,2025-06-16 20:07:08.972214
-0.07587,2023-04-07,2023-04-14,sz.002600,2025-06-16 20:07:08.972214
0.05188,2023-04-10,2023-04-17,sz.002600,2025-06-16 20:07:08.972214
0.0586,2023-04-11,2023-04-18,sz.002600,2025-06-16 20:07:08.972214
0.0902,2023-04-12,2023-04-19,sz.002600,2025-06-16 20:07:08.972214
-0.0521,2023-04-13,2023-04-20,sz.002600,2025-06-16 20:07:08.972214
0.0677,2023-04-14,2023-04-21,sz.002600,2025-06-16 20:07:08.972214
0.07983,2023-04-17,2023-04-24,sz.002600,2025-06-16 20:07:08.972214
0.049,2023-04-18,2023-04-25,sz.002600,2025-06-16 20:07:08.972214
0.11395,2023-04-19,2023-04-26,sz.002600,2025-06-16 20:07:08.972214
0.1672,2023-04-20,2023-04-27,sz.002600,2025-06-16 20:07:08.972214
-0.1707,2023-04-21,2023-04-28,sz.002600,2025-06-16 20:07:08.972214
0.11053,2023-04-24,2023-05-01,sz.002600,2025-06-16 20:07:08.972214
-0.06384,2023-04-25,2023-05-02,sz.002600,2025-06-16 20:07:08.972214
-0.01275,2023-04-26,2023-05-03,sz.002600,2025-06-16 20:07:08.972214
-0.001353,2023-04-27,2023-05-04,sz.002600,2025-06-16 20:07:08.972214
0.154,2023-04-28,2023-05-05,sz.002600,2025-06-16 20:07:08.972214
-0.06244,2023-05-04,2023-05-11,sz.002600,2025-06-16 20:07:08.972214
0.10565,2023-05-05,2023-05-12,sz.002600,2025-06-16 20:07:08.972214
0.02509,2023-05-08,2023-05-15,sz.002600,2025-06-16 20:07:08.972214
0.04263,2023-05-09,2023-05-16,sz.002600,2025-06-16 20:07:08.972214
0.01685,2023-05-10,2023-05-17,sz.002600,2025-06-16 20:07:08.972214
0.1009,2023-05-11,2023-05-18,sz.002600,2025-06-16 20:07:08.972214
-0.0885,2023-05-12,2023-05-19,sz.002600,2025-06-16 20:07:08.972214
0.0263,2023-05-15,2023-05-22,sz.002600,2025-06-16 20:07:08.972214
0.1265,2023-05-16,2023-05-23,sz.002600,2025-06-16 20:07:08.972214
0.1711,2023-05-17,2023-05-24,sz.002600,2025-06-16 20:07:08.972214
0.05777,2023-05-18,2023-05-25,sz.002600,2025-06-16 20:07:08.972214
0.06235,2023-05-19,2023-05-26,sz.002600,2025-06-16 20:07:08.972214
-0.3115,2023-05-22,2023-05-29,sz.002600,2025-06-16 20:07:08.972214
-0.0652,2023-05-23,2023-05-30,sz.002600,2025-06-16 20:07:08.972214
-0.01533,2023-05-24,2023-05-31,sz.002600,2025-06-16 20:07:08.972214
-0.1124,2023-05-25,2023-06-01,sz.002600,2025-06-16 20:07:08.972214
0.1409,2023-05-26,2023-06-02,sz.002600,2025-06-16 20:07:08.972214
0.06854,2023-05-29,2023-06-05,sz.002600,2025-06-16 20:07:08.972214
0.1085,2023-05-30,2023-06-06,sz.002600,2025-06-16 20:07:08.972214
0.0994,2023-05-31,2023-06-07,sz.002600,2025-06-16 20:07:08.972214
0.02351,2023-06-01,2023-06-08,sz.002600,2025-06-16 20:07:08.972214
0.0168,2023-06-02,2023-06-09,sz.002600,2025-06-16 20:07:08.972214
0.02956,2023-06-05,2023-06-12,sz.002600,2025-06-16 20:07:08.972214
-0.0806,2023-06-06,2023-06-13,sz.002600,2025-06-16 20:07:08.972214
0.1162,2023-06-07,2023-06-14,sz.002600,2025-06-16 20:07:08.972214
0.0403,2023-06-08,2023-06-15,sz.002600,2025-06-16 20:07:08.972214
0.1576,2023-06-09,2023-06-16,sz.002600,2025-06-16 20:07:08.972214
0.1249,2023-06-12,2023-06-19,sz.002600,2025-06-16 20:07:08.972214
0.165,2023-06-13,2023-06-20,sz.002600,2025-06-16 20:07:08.972214
0.05325,2023-06-14,2023-06-21,sz.002600,2025-06-16 20:07:08.972214
0.04587,2023-06-15,2023-06-22,sz.002600,2025-06-16 20:07:08.972214
0.09143,2023-06-16,2023-06-23,sz.002600,2025-06-16 20:07:08.972214
0.09735,2023-06-19,2023-06-26,sz.002600,2025-06-16 20:07:08.972214
0.07916,2023-06-20,2023-06-27,sz.002600,2025-06-16 20:07:08.972214
-0.03397,2023-06-21,2023-06-28,sz.002600,2025-06-16 20:07:08.972214
-0.004875,2023-06-26,2023-07-03,sz.002600,2025-06-16 20:07:08.972214
0.07385,2023-06-27,2023-07-04,sz.002600,2025-06-16 20:07:08.972214
-0.03683,2023-06-28,2023-07-05,sz.002600,2025-06-16 20:07:08.972214
0.0374,2023-06-29,2023-07-06,sz.002600,2025-06-16 20:07:08.972214
-0.08203,2023-06-30,2023-07-07,sz.002600,2025-06-16 20:07:08.972214
-0.05838,2023-07-03,2023-07-10,sz.002600,2025-06-16 20:07:08.972214
0.0769,2023-07-04,2023-07-11,sz.002600,2025-06-16 20:07:08.972214
-0.01271,2023-07-05,2023-07-12,sz.002600,2025-06-16 20:07:08.972214
0.134,2023-07-06,2023-07-13,sz.002600,2025-06-16 20:07:08.972214
0.0184,2023-07-07,2023-07-14,sz.002600,2025-06-16 20:07:08.972214
0.1628,2023-07-10,2023-07-17,sz.002600,2025-06-16 20:07:08.972214
0.1083,2023-07-11,2023-07-18,sz.002600,2025-06-16 20:07:08.972214
-0.01015,2023-07-12,2023-07-19,sz.002600,2025-06-16 20:07:08.972214
0.0473,2023-07-13,2023-07-20,sz.002600,2025-06-16 20:07:08.972214
0.1158,2023-07-14,2023-07-21,sz.002600,2025-06-16 20:07:08.972214
0.0196,2023-07-17,2023-07-24,sz.002600,2025-06-16 20:07:08.972214
0.08673,2023-07-18,2023-07-25,sz.002600,2025-06-16 20:07:08.972214
0.0691,2023-07-19,2023-07-26,sz.002600,2025-06-16 20:07:08.972214
-0.0552,2023-07-20,2023-07-27,sz.002600,2025-06-16 20:07:08.972214
0.02126,2023-07-21,2023-07-28,sz.002600,2025-06-16 20:07:08.972214
0.07855,2023-07-24,2023-07-31,sz.002600,2025-06-16 20:07:08.972214
0.006958,2023-07-25,2023-08-01,sz.002600,2025-06-16 20:07:08.972214
-0.26,2023-07-26,2023-08-02,sz.002600,2025-06-16 20:07:08.972214
0.0513,2023-07-27,2023-08-03,sz.002600,2025-06-16 20:07:08.972214
0.1506,2023-07-28,2023-08-04,sz.002600,2025-06-16 20:07:08.972214
0.1038,2023-07-31,2023-08-07,sz.002600,2025-06-16 20:07:08.972214
0.1066,2023-08-01,2023-08-08,sz.002600,2025-06-16 20:07:08.972214
0.0967,2023-08-02,2023-08-09,sz.002600,2025-06-16 20:07:08.972214
0.1682,2023-08-03,2023-08-10,sz.002600,2025-06-16 20:07:08.972214
0.133,2023-08-04,2023-08-11,sz.002600,2025-06-16 20:07:08.972214
0.1273,2023-08-07,2023-08-14,sz.002600,2025-06-16 20:07:08.972214
0.0989,2023-08-08,2023-08-15,sz.002600,2025-06-16 20:07:08.972214
0.0464,2023-08-09,2023-08-16,sz.002600,2025-06-16 20:07:08.972214
0.0899,2023-08-10,2023-08-17,sz.002600,2025-06-16 20:07:08.972214
0.04614,2023-08-11,2023-08-18,sz.002600,2025-06-16 20:07:08.972214
0.1404,2023-08-14,2023-08-21,sz.002600,2025-06-16 20:07:08.972214
0.02289,2023-08-15,2023-08-22,sz.002600,2025-06-16 20:07:08.972214
0.0969,2023-08-16,2023-08-23,sz.002600,2025-06-16 20:07:08.972214
0.1979,2023-08-17,2023-08-24,sz.002600,2025-06-16 20:07:08.972214
0.04868,2023-08-18,2023-08-25,sz.002600,2025-06-16 20:07:08.972214
0.0616,2023-08-21,2023-08-28,sz.002600,2025-06-16 20:07:08.972214
0.03897,2023-08-22,2023-08-29,sz.002600,2025-06-16 20:07:08.972214
-0.0421,2023-08-23,2023-08-30,sz.002600,2025-06-16 20:07:08.972214
0.0662,2023-08-24,2023-08-31,sz.002600,2025-06-16 20:07:08.972214
0.07587,2023-08-25,2023-09-01,sz.002600,2025-06-16 20:07:08.972214
-0.1255,2023-08-28,2023-09-04,sz.002600,2025-06-16 20:07:08.972214
0.2036,2023-08-29,2023-09-05,sz.002600,2025-06-16 20:07:08.972214
0.1912,2023-08-30,2023-09-06,sz.002600,2025-06-16 20:07:08.972214
0.0593,2023-08-31,2023-09-07,sz.002600,2025-06-16 20:07:08.972214
0.1449,2023-09-01,2023-09-08,sz.002600,2025-06-16 20:07:08.972214
0.1669,2023-09-04,2023-09-11,sz.002600,2025-06-16 20:07:08.972214
0.08887,2023-09-05,2023-09-12,sz.002600,2025-06-16 20:07:08.972214
0.1344,2023-09-06,2023-09-13,sz.002600,2025-06-16 20:07:08.972214
0.02429,2023-09-07,2023-09-14,sz.002600,2025-06-16 20:07:08.972214
0.0778,2023-09-08,2023-09-15,sz.002600,2025-06-16 20:07:08.972214
0.1143,2023-09-11,2023-09-18,sz.002600,2025-06-16 20:07:08.972214
0.04904,2023-09-12,2023-09-19,sz.002600,2025-06-16 20:07:08.972214
-0.05966,2023-09-13,2023-09-20,sz.002600,2025-06-16 20:07:08.972214
0.1219,2023-09-14,2023-09-21,sz.002600,2025-06-16 20:07:08.972214
0.1223,2023-09-15,2023-09-22,sz.002600,2025-06-16 20:07:08.972214
0.1466,2023-09-18,2023-09-25,sz.002600,2025-06-16 20:07:08.972214
-0.003206,2023-09-19,2023-09-26,sz.002600,2025-06-16 20:07:08.972214
0.1348,2023-09-20,2023-09-27,sz.002600,2025-06-16 20:07:08.972214
0.1332,2023-09-21,2023-09-28,sz.002600,2025-06-16 20:07:08.972214
0.2317,2023-09-22,2023-09-29,sz.002600,2025-06-16 20:07:08.972214
0.1305,2023-09-25,2023-10-02,sz.002600,2025-06-16 20:07:08.972214
0.0698,2023-09-26,2023-10-03,sz.002600,2025-06-16 20:07:08.972214
0.19,2023-09-27,2023-10-04,sz.002600,2025-06-16 20:07:08.972214
0.1895,2023-09-28,2023-10-05,sz.002600,2025-06-16 20:07:08.972214
0.1547,2023-10-09,2023-10-16,sz.002600,2025-06-16 20:07:08.972214
0.1644,2023-10-10,2023-10-17,sz.002600,2025-06-16 20:07:08.972214
0.1199,2023-10-11,2023-10-18,sz.002600,2025-06-16 20:07:08.972214
0.1108,2023-10-12,2023-10-19,sz.002600,2025-06-16 20:07:08.972214
0.1393,2023-10-13,2023-10-20,sz.002600,2025-06-16 20:07:08.972214
0.01672,2023-10-16,2023-10-23,sz.002600,2025-06-16 20:07:08.972214
0.028,2023-10-17,2023-10-24,sz.002600,2025-06-16 20:07:08.972214
0.07935,2023-10-18,2023-10-25,sz.002600,2025-06-16 20:07:08.972214
0.0714,2023-10-19,2023-10-26,sz.002600,2025-06-16 20:07:08.972214
-0.01137,2023-10-20,2023-10-27,sz.002600,2025-06-16 20:07:08.972214
0.05835,2023-10-23,2023-10-30,sz.002600,2025-06-16 20:07:08.972214
0.1685,2023-10-24,2023-10-31,sz.002600,2025-06-16 20:07:08.972214
0.2311,2023-10-25,2023-11-01,sz.002600,2025-06-16 20:07:08.972214
0.1635,2023-10-26,2023-11-02,sz.002600,2025-06-16 20:07:08.972214
0.1708,2023-10-27,2023-11-03,sz.002600,2025-06-16 20:07:08.972214
0.1232,2023-10-30,2023-11-06,sz.002600,2025-06-16 20:07:08.972214
0.10394,2023-10-31,2023-11-07,sz.002600,2025-06-16 20:07:08.972214
0.00874,2023-11-01,2023-11-08,sz.002600,2025-06-16 20:07:08.972214
0.0421,2023-11-02,2023-11-09,sz.002600,2025-06-16 20:07:08.972214
0.146,2023-11-03,2023-11-10,sz.002600,2025-06-16 20:07:08.972214
0.1505,2023-11-06,2023-11-13,sz.002600,2025-06-16 20:07:08.972214
0.006454,2023-11-07,2023-11-14,sz.002600,2025-06-16 20:07:08.972214
0.0753,2023-11-08,2023-11-15,sz.002600,2025-06-16 20:07:08.972214
-0.00428,2023-11-09,2023-11-16,sz.002600,2025-06-16 20:07:08.972214
0.1329,2023-11-10,2023-11-17,sz.002600,2025-06-16 20:07:08.972214
-0.11316,2023-11-13,2023-11-20,sz.002600,2025-06-16 20:07:08.972214
0.05746,2023-11-14,2023-11-21,sz.002600,2025-06-16 20:07:08.972214
-0.1327,2023-11-15,2023-11-22,sz.002600,2025-06-16 20:07:08.972214
0.0834,2023-11-16,2023-11-23,sz.002600,2025-06-16 20:07:08.972214
0.04266,2023-11-17,2023-11-24,sz.002600,2025-06-16 20:07:08.972214
0.0822,2023-11-20,2023-11-27,sz.002600,2025-06-16 20:07:08.972214
-0.02708,2023-11-21,2023-11-28,sz.002600,2025-06-16 20:07:08.972214
0.02396,2023-11-22,2023-11-29,sz.002600,2025-06-16 20:07:08.972214
0.1747,2023-11-23,2023-11-30,sz.002600,2025-06-16 20:07:08.972214
0.08636,2023-11-24,2023-12-01,sz.002600,2025-06-16 20:07:08.972214
0.006413,2023-11-27,2023-12-04,sz.002600,2025-06-16 20:07:08.972214
-0.2341,2023-11-28,2023-12-05,sz.002600,2025-06-16 20:07:08.972214
0.006824,2023-11-29,2023-12-06,sz.002600,2025-06-16 20:07:08.972214
0.0526,2023-11-30,2023-12-07,sz.002600,2025-06-16 20:07:08.972214
0.0637,2023-12-01,2023-12-08,sz.002600,2025-06-16 20:07:08.972214
0.063,2023-12-04,2023-12-11,sz.002600,2025-06-16 20:07:08.972214
-0.1282,2023-12-05,2023-12-12,sz.002600,2025-06-16 20:07:08.972214
0.0895,2023-12-06,2023-12-13,sz.002600,2025-06-16 20:07:08.972214
0.0496,2023-12-07,2023-12-14,sz.002600,2025-06-16 20:07:08.972214
0.02676,2023-12-08,2023-12-15,sz.002600,2025-06-16 20:07:08.972214
0.05157,2023-12-11,2023-12-18,sz.002600,2025-06-16 20:07:08.972214
0.0718,2023-12-12,2023-12-19,sz.002600,2025-06-16 20:07:08.972214
0.0378,2023-12-13,2023-12-20,sz.002600,2025-06-16 20:07:08.972214
-0.0395,2023-12-14,2023-12-21,sz.002600,2025-06-16 20:07:08.972214
0.03262,2023-12-15,2023-12-22,sz.002600,2025-06-16 20:07:08.972214
0.02145,2023-12-18,2023-12-25,sz.002600,2025-06-16 20:07:08.972214
0.1481,2023-12-19,2023-12-26,sz.002600,2025-06-16 20:07:08.972214
0.0504,2023-12-20,2023-12-27,sz.002600,2025-06-16 20:07:08.972214
0.0247,2023-12-21,2023-12-28,sz.002600,2025-06-16 20:07:08.972214
-0.01915,2023-12-22,2023-12-29,sz.002600,2025-06-16 20:07:08.972214
0.05136,2023-12-25,2024-01-01,sz.002600,2025-06-16 20:07:08.972214
-0.08997,2023-12-26,2024-01-02,sz.002600,2025-06-16 20:07:08.972214
0.044,2023-12-27,2024-01-03,sz.002600,2025-06-16 20:07:08.972214
0.04987,2023-12-28,2024-01-04,sz.002600,2025-06-16 20:07:08.972214
0.0776,2023-12-29,2024-01-05,sz.002600,2025-06-16 20:07:08.972214
0.07764,2024-01-02,2024-01-09,sz.002600,2025-06-16 20:07:08.972214
-0.2123,2024-01-03,2024-01-10,sz.002600,2025-06-16 20:07:08.972214
0.04373,2024-01-04,2024-01-11,sz.002600,2025-06-16 20:07:08.972214
0.00919,2024-01-05,2024-01-12,sz.002600,2025-06-16 20:07:08.972214
-0.1144,2024-01-08,2024-01-15,sz.002600,2025-06-16 20:07:08.972214
-0.0064,2024-01-09,2024-01-16,sz.002600,2025-06-16 20:07:08.972214
0.02531,2024-01-10,2024-01-17,sz.002600,2025-06-16 20:07:08.972214
0.08307,2024-01-11,2024-01-18,sz.002600,2025-06-16 20:07:08.972214
-0.011635,2024-01-12,2024-01-19,sz.002600,2025-06-16 20:07:08.972214
0.0835,2024-01-15,2024-01-22,sz.002600,2025-06-16 20:07:08.972214
0.1292,2024-01-16,2024-01-23,sz.002600,2025-06-16 20:07:08.972214
-0.0706,2024-01-17,2024-01-24,sz.002600,2025-06-16 20:07:08.972214
0.04938,2024-01-18,2024-01-25,sz.002600,2025-06-16 20:07:08.972214
0.04675,2024-01-19,2024-01-26,sz.002600,2025-06-16 20:07:08.972214
-0.3242,2024-01-22,2024-01-29,sz.002600,2025-06-16 20:07:08.972214
0.09357,2024-01-23,2024-01-30,sz.002600,2025-06-16 20:07:08.972214
0.001027,2024-01-24,2024-01-31,sz.002600,2025-06-16 20:07:08.972214
0.1667,2024-01-25,2024-02-01,sz.002600,2025-06-16 20:07:08.972214
-0.01202,2024-01-26,2024-02-02,sz.002600,2025-06-16 20:07:08.972214
-0.05133,2024-01-29,2024-02-05,sz.002600,2025-06-16 20:07:08.972214
-0.05414,2024-01-30,2024-02-06,sz.002600,2025-06-16 20:07:08.972214
-0.002728,2024-01-31,2024-02-07,sz.002600,2025-06-16 20:07:08.972214
0.0361,2024-02-01,2024-02-08,sz.002600,2025-06-16 20:07:08.972214
-0.1456,2024-02-02,2024-02-09,sz.002600,2025-06-16 20:07:08.972214
-0.0635,2024-02-05,2024-02-12,sz.002600,2025-06-16 20:07:08.972214
0.158,2024-02-06,2024-02-13,sz.002600,2025-06-16 20:07:08.972214
0.1112,2024-02-07,2024-02-14,sz.002600,2025-06-16 20:07:08.972214
-0.00416,2024-02-08,2024-02-15,sz.002600,2025-06-16 20:07:08.972214
-0.0007467,2024-02-19,2024-02-26,sz.002600,2025-06-16 20:07:08.972214
0.06143,2024-02-20,2024-02-27,sz.002600,2025-06-16 20:07:08.972214
0.08344,2024-02-21,2024-02-28,sz.002600,2025-06-16 20:07:08.972214
0.08856,2024-02-22,2024-02-29,sz.002600,2025-06-16 20:07:08.972214
0.0832,2024-02-23,2024-03-01,sz.002600,2025-06-16 20:07:08.972214
0.1317,2024-02-26,2024-03-04,sz.002600,2025-06-16 20:07:08.972214
0.1417,2024-02-27,2024-03-05,sz.002600,2025-06-16 20:07:08.972214
-0.2064,2024-02-28,2024-03-06,sz.002600,2025-06-16 20:07:08.972214
0.1735,2024-02-29,2024-03-07,sz.002600,2025-06-16 20:07:08.972214
0.12213,2024-03-01,2024-03-08,sz.002600,2025-06-16 20:07:08.972214
0.03284,2024-03-04,2024-03-11,sz.002600,2025-06-16 20:07:08.972214
0.06033,2024-03-05,2024-03-12,sz.002600,2025-06-16 20:07:08.972214
0.06033,2024-03-06,2024-03-13,sz.002600,2025-06-16 20:07:08.972214
-0.04538,2024-03-07,2024-03-14,sz.002600,2025-06-16 20:07:08.972214
0.11505,2024-03-08,2024-03-15,sz.002600,2025-06-16 20:07:08.972214
0.1423,2024-03-11,2024-03-18,sz.002600,2025-06-16 20:07:08.972214
0.12103,2024-03-12,2024-03-19,sz.002600,2025-06-16 20:07:08.972214
0.0477,2024-03-13,2024-03-20,sz.002600,2025-06-16 20:07:08.972214
-0.0691,2024-03-14,2024-03-21,sz.002600,2025-06-16 20:07:08.972214
0.1439,2024-03-15,2024-03-22,sz.002600,2025-06-16 20:07:08.972214
0.1523,2024-03-18,2024-03-25,sz.002600,2025-06-16 20:07:08.972214
0.08545,2024-03-19,2024-03-26,sz.002600,2025-06-16 20:07:08.972214
0.01918,2024-03-20,2024-03-27,sz.002600,2025-06-16 20:07:08.972214
0.04855,2024-03-21,2024-03-28,sz.002600,2025-06-16 20:07:08.972214
0.00818,2024-03-22,2024-03-29,sz.002600,2025-06-16 20:07:08.972214
-0.00276,2024-03-25,2024-04-01,sz.002600,2025-06-16 20:07:08.972214
0.06964,2024-03-26,2024-04-02,sz.002600,2025-06-16 20:07:08.972214
-0.05753,2024-03-27,2024-04-03,sz.002600,2025-06-16 20:07:08.972214
0.1339,2024-03-28,2024-04-04,sz.002600,2025-06-16 20:07:08.972214
0.1181,2024-03-29,2024-04-05,sz.002600,2025-06-16 20:07:08.972214
0.1655,2024-04-01,2024-04-08,sz.002600,2025-06-16 20:07:08.972214
0.10156,2024-04-02,2024-04-09,sz.002600,2025-06-16 20:07:08.972214
0.0514,2024-04-03,2024-04-10,sz.002600,2025-06-16 20:07:08.972214
0.07446,2024-04-08,2024-04-15,sz.002600,2025-06-16 20:07:08.972214
0.1523,2024-04-09,2024-04-16,sz.002600,2025-06-16 20:07:08.972214
-0.02562,2024-04-10,2024-04-17,sz.002600,2025-06-16 20:07:08.972214
0.1151,2024-04-11,2024-04-18,sz.002600,2025-06-16 20:07:08.972214
0.0687,2024-04-12,2024-04-19,sz.002600,2025-06-16 20:07:08.972214
0.1444,2024-04-15,2024-04-22,sz.002600,2025-06-16 20:07:08.972214
0.05182,2024-04-16,2024-04-23,sz.002600,2025-06-16 20:07:08.972214
0.2076,2024-04-17,2024-04-24,sz.002600,2025-06-16 20:07:08.972214
0.07336,2024-04-18,2024-04-25,sz.002600,2025-06-16 20:07:08.972214
0.08124,2024-04-19,2024-04-26,sz.002600,2025-06-16 20:07:08.972214
0.1048,2024-04-22,2024-04-29,sz.002600,2025-06-16 20:07:08.972214
0.1277,2024-04-23,2024-04-30,sz.002600,2025-06-16 20:07:08.972214
0.2283,2024-04-24,2024-05-01,sz.002600,2025-06-16 20:07:08.972214
0.1126,2024-04-25,2024-05-02,sz.002600,2025-06-16 20:07:08.972214
0.17,2024-04-26,2024-05-03,sz.002600,2025-06-16 20:07:08.972214
0.11945,2024-04-29,2024-05-06,sz.002600,2025-06-16 20:07:08.972214
-0.0331,2024-04-30,2024-05-07,sz.002600,2025-06-16 20:07:08.972214
0.03152,2024-05-06,2024-05-13,sz.002600,2025-06-16 20:07:08.972214
0.05737,2024-05-07,2024-05-14,sz.002600,2025-06-16 20:07:08.972214
0.01852,2024-05-08,2024-05-15,sz.002600,2025-06-16 20:07:08.972214
0.1021,2024-05-09,2024-05-16,sz.002600,2025-06-16 20:07:08.972214
0.015274,2024-05-10,2024-05-17,sz.002600,2025-06-16 20:07:08.972214
0.01569,2024-05-13,2024-05-20,sz.002600,2025-06-16 20:07:08.972214
0.0244,2024-05-14,2024-05-21,sz.002600,2025-06-16 20:07:08.972214
0.02144,2024-05-15,2024-05-22,sz.002600,2025-06-16 20:07:08.972214
-0.004654,2024-05-16,2024-05-23,sz.002600,2025-06-16 20:07:08.972214
0.149,2024-05-17,2024-05-24,sz.002600,2025-06-16 20:07:08.972214
0.1228,2024-05-20,2024-05-27,sz.002600,2025-06-16 20:07:08.972214
0.06012,2024-05-21,2024-05-28,sz.002600,2025-06-16 20:07:08.972214
0.1288,2024-05-22,2024-05-29,sz.002600,2025-06-16 20:07:08.972214
0.02621,2024-05-23,2024-05-30,sz.002600,2025-06-16 20:07:08.972214
0.0429,2024-05-24,2024-05-31,sz.002600,2025-06-16 20:07:08.972214
0.044,2024-05-27,2024-06-03,sz.002600,2025-06-16 20:07:08.972214
0.03223,2024-05-28,2024-06-04,sz.002600,2025-06-16 20:07:08.972214
0.089,2024-05-29,2024-06-05,sz.002600,2025-06-16 20:07:08.972214
0.0939,2024-05-30,2024-06-06,sz.002600,2025-06-16 20:07:08.972214
0.112,2024-05-31,2024-06-07,sz.002600,2025-06-16 20:07:08.972214
0.02777,2024-06-03,2024-06-10,sz.002600,2025-06-16 20:07:08.972214
0.05206,2024-06-04,2024-06-11,sz.002600,2025-06-16 20:07:08.972214
0.1124,2024-06-05,2024-06-12,sz.002600,2025-06-16 20:07:08.972214
0.0883,2024-06-06,2024-06-13,sz.002600,2025-06-16 20:07:08.972214
-0.00551,2024-06-07,2024-06-14,sz.002600,2025-06-16 20:07:08.972214
0.1504,2024-06-11,2024-06-18,sz.002600,2025-06-16 20:07:08.972214
0.166,2024-06-12,2024-06-19,sz.002600,2025-06-16 20:07:08.972214
-0.06143,2024-06-13,2024-06-20,sz.002600,2025-06-16 20:07:08.972214
0.05566,2024-06-14,2024-06-21,sz.002600,2025-06-16 20:07:08.972214
0.2009,2024-06-17,2024-06-24,sz.002600,2025-06-16 20:07:08.972214
-0.010574,2024-06-18,2024-06-25,sz.002600,2025-06-16 20:07:08.972214
-0.010216,2024-06-19,2024-06-26,sz.002600,2025-06-16 20:07:08.972214
-0.1351,2024-06-20,2024-06-27,sz.002600,2025-06-16 20:07:08.972214
0.04065,2024-06-21,2024-06-28,sz.002600,2025-06-16 20:07:08.972214
-0.0733,2024-06-24,2024-07-01,sz.002600,2025-06-16 20:07:08.972214
0.0438,2024-06-25,2024-07-02,sz.002600,2025-06-16 20:07:08.972214
0.0239,2024-06-26,2024-07-03,sz.002600,2025-06-16 20:07:08.972214
0.0485,2024-06-27,2024-07-04,sz.002600,2025-06-16 20:07:08.972214
0.1415,2024-06-28,2024-07-05,sz.002600,2025-06-16 20:07:08.972214
-0.1361,2024-07-01,2024-07-08,sz.002600,2025-06-16 20:07:08.972214
-0.1797,2024-07-02,2024-07-09,sz.002600,2025-06-16 20:07:08.972214
-0.12036,2024-07-03,2024-07-10,sz.002600,2025-06-16 20:07:08.972214
-0.0824,2024-07-04,2024-07-11,sz.002600,2025-06-16 20:07:08.972214
-0.01936,2024-07-05,2024-07-12,sz.002600,2025-06-16 20:07:08.972214
0.0973,2024-07-08,2024-07-15,sz.002600,2025-06-16 20:07:08.972214
-0.009224,2024-07-09,2024-07-16,sz.002600,2025-06-16 20:07:08.972214
-0.05377,2024-07-10,2024-07-17,sz.002600,2025-06-16 20:07:08.972214
-0.0965,2024-07-11,2024-07-18,sz.002600,2025-06-16 20:07:08.972214
-0.02522,2024-07-12,2024-07-19,sz.002600,2025-06-16 20:07:08.972214
-0.1293,2024-07-15,2024-07-22,sz.002600,2025-06-16 20:07:08.972214
0.0836,2024-07-16,2024-07-23,sz.002600,2025-06-16 20:07:08.972214
-0.1959,2024-07-17,2024-07-24,sz.002600,2025-06-16 20:07:08.972214
0.03632,2024-07-18,2024-07-25,sz.002600,2025-06-16 20:07:08.972214
-0.0927,2024-07-19,2024-07-26,sz.002600,2025-06-16 20:07:08.972214
-0.03009,2024-07-22,2024-07-29,sz.002600,2025-06-16 20:07:08.972214
-0.112,2024-07-23,2024-07-30,sz.002600,2025-06-16 20:07:08.972214
-0.1112,2024-07-24,2024-07-31,sz.002600,2025-06-16 20:07:08.972214
-0.05145,2024-07-25,2024-08-01,sz.002600,2025-06-16 20:07:08.972214
0.02675,2024-07-26,2024-08-02,sz.002600,2025-06-16 20:07:08.972214
-0.018,2024-07-29,2024-08-05,sz.002600,2025-06-16 20:07:08.972214
-0.07526,2024-07-30,2024-08-06,sz.002600,2025-06-16 20:07:08.972214
0.0879,2024-07-31,2024-08-07,sz.002600,2025-06-16 20:07:08.972214
-0.04874,2024-08-01,2024-08-08,sz.002600,2025-06-16 20:07:08.972214
-0.1305,2024-08-02,2024-08-09,sz.002600,2025-06-16 20:07:08.972214
-0.1935,2024-08-05,2024-08-12,sz.002600,2025-06-16 20:07:08.972214
0.02019,2024-08-06,2024-08-13,sz.002600,2025-06-16 20:07:08.972214
-0.01556,2024-08-07,2024-08-14,sz.002600,2025-06-16 20:07:08.972214
-0.01976,2024-08-08,2024-08-15,sz.002600,2025-06-16 20:07:08.972214
-0.02946,2024-08-09,2024-08-16,sz.002600,2025-06-16 20:07:08.972214
-0.0642,2024-08-12,2024-08-19,sz.002600,2025-06-16 20:07:08.972214
0.03497,2024-08-13,2024-08-20,sz.002600,2025-06-16 20:07:08.972214
-0.02795,2024-08-14,2024-08-21,sz.002600,2025-06-16 20:07:08.972214
-0.005287,2024-08-15,2024-08-22,sz.002600,2025-06-16 20:07:08.972214
-0.0217,2024-08-16,2024-08-23,sz.002600,2025-06-16 20:07:08.972214
-0.1075,2024-08-19,2024-08-26,sz.002600,2025-06-16 20:07:08.972214
-0.03204,2024-08-20,2024-08-27,sz.002600,2025-06-16 20:07:08.972214
0.179,2024-08-21,2024-08-28,sz.002600,2025-06-16 20:07:08.972214
-0.08234,2024-08-22,2024-08-29,sz.002600,2025-06-16 20:07:08.972214
-0.0703,2024-08-23,2024-08-30,sz.002600,2025-06-16 20:07:08.972214
-0.05313,2024-08-26,2024-09-02,sz.002600,2025-06-16 20:07:08.972214
-0.2507,2024-08-27,2024-09-03,sz.002600,2025-06-16 20:07:08.972214
0.04126,2024-08-28,2024-09-04,sz.002600,2025-06-16 20:07:08.972214
0.127,2024-08-29,2024-09-05,sz.002600,2025-06-16 20:07:08.972214
0.0981,2024-08-30,2024-09-06,sz.002600,2025-06-16 20:07:08.972214
-0.4333,2024-09-02,2024-09-09,sz.002600,2025-06-16 20:07:08.972214
-0.01915,2024-09-03,2024-09-10,sz.002600,2025-06-16 20:07:08.972214
-0.2046,2024-09-04,2024-09-11,sz.002600,2025-06-16 20:07:08.972214
0.01653,2024-09-05,2024-09-12,sz.002600,2025-06-16 20:07:08.972214
-0.1385,2024-09-06,2024-09-13,sz.002600,2025-06-16 20:07:08.972214
-0.03336,2024-09-09,2024-09-16,sz.002600,2025-06-16 20:07:08.972214
-0.237,2024-09-10,2024-09-17,sz.002600,2025-06-16 20:07:08.972214
-0.1464,2024-09-11,2024-09-18,sz.002600,2025-06-16 20:07:08.972214
-0.185,2024-09-12,2024-09-19,sz.002600,2025-06-16 20:07:08.972214
-0.04987,2024-09-13,2024-09-20,sz.002600,2025-06-16 20:07:08.972214
-0.02106,2024-09-18,2024-09-25,sz.002600,2025-06-16 20:07:08.972214
0.03235,2024-09-19,2024-09-26,sz.002600,2025-06-16 20:07:08.972214
0.003363,2024-09-20,2024-09-27,sz.002600,2025-06-16 20:07:08.972214
-0.02829,2024-09-23,2024-09-30,sz.002600,2025-06-16 20:07:08.972214
0.0733,2024-09-24,2024-10-01,sz.002600,2025-06-16 20:07:08.972214
-0.08075,2024-09-25,2024-10-02,sz.002600,2025-06-16 20:07:08.972214
0.05728,2024-09-26,2024-10-03,sz.002600,2025-06-16 20:07:08.972214
0.01672,2024-09-27,2024-10-04,sz.002600,2025-06-16 20:07:08.972214
0.02542,2024-09-30,2024-10-07,sz.002600,2025-06-16 20:07:08.972214
-0.2354,2024-10-08,2024-10-15,sz.002600,2025-06-16 20:07:08.972214
-0.3057,2024-10-09,2024-10-16,sz.002600,2025-06-16 20:07:08.972214
0.08606,2024-10-10,2024-10-17,sz.002600,2025-06-16 20:07:08.972214
-0.202,2024-10-11,2024-10-18,sz.002600,2025-06-16 20:07:08.972214
0.1304,2024-10-14,2024-10-21,sz.002600,2025-06-16 20:07:08.972214
-0.11566,2024-10-15,2024-10-22,sz.002600,2025-06-16 20:07:08.972214
-0.158,2024-10-16,2024-10-23,sz.002600,2025-06-16 20:07:08.972214
-0.02803,2024-10-17,2024-10-24,sz.002600,2025-06-16 20:07:08.972214
-0.0489,2024-10-18,2024-10-25,sz.002600,2025-06-16 20:07:08.972214
-0.1758,2024-10-21,2024-10-28,sz.002600,2025-06-16 20:07:08.972214
-0.02266,2024-10-22,2024-10-29,sz.002600,2025-06-16 20:07:08.972214
-0.2097,2024-10-23,2024-10-30,sz.002600,2025-06-16 20:07:08.972214
-0.1533,2024-10-24,2024-10-31,sz.002600,2025-06-16 20:07:08.972214
-0.01211,2024-10-25,2024-11-01,sz.002600,2025-06-16 20:07:08.972214
-0.04044,2024-10-28,2024-11-04,sz.002600,2025-06-16 20:07:08.972214
-0.1508,2024-10-29,2024-11-05,sz.002600,2025-06-16 20:07:08.972214
-0.05115,2024-10-30,2024-11-06,sz.002600,2025-06-16 20:07:08.972214
-0.3022,2024-10-31,2024-11-07,sz.002600,2025-06-16 20:07:08.972214
-0.3357,2024-11-01,2024-11-08,sz.002600,2025-06-16 20:07:08.972214
0.012245,2024-11-04,2024-11-11,sz.002600,2025-06-16 20:07:08.972214
-0.002502,2024-11-05,2024-11-12,sz.002600,2025-06-16 20:07:08.972214
-0.1887,2024-11-06,2024-11-13,sz.002600,2025-06-16 20:07:08.972214
-0.0572,2024-11-07,2024-11-14,sz.002600,2025-06-16 20:07:08.972214
-0.1071,2024-11-08,2024-11-15,sz.002600,2025-06-16 20:07:08.972214
6.014e-05,2024-11-11,2024-11-18,sz.002600,2025-06-16 20:07:08.972214
-0.0945,2024-11-12,2024-11-19,sz.002600,2025-06-16 20:07:08.972214
-0.01054,2024-11-13,2024-11-20,sz.002600,2025-06-16 20:07:08.972214
-0.4824,2024-11-14,2024-11-21,sz.002600,2025-06-16 20:07:08.972214
-0.10474,2024-11-15,2024-11-22,sz.002600,2025-06-16 20:07:08.972214
-0.5483,2024-11-18,2024-11-25,sz.002600,2025-06-16 20:07:08.972214
0.03072,2024-11-19,2024-11-26,sz.002600,2025-06-16 20:07:08.972214
-0.01035,2024-11-20,2024-11-27,sz.002600,2025-06-16 20:07:08.972214
-0.02388,2024-11-21,2024-11-28,sz.002600,2025-06-16 20:07:08.972214
-0.1162,2024-11-22,2024-11-29,sz.002600,2025-06-16 20:07:08.972214
-0.2065,2024-11-25,2024-12-02,sz.002600,2025-06-16 20:07:08.972214
-0.0965,2024-11-26,2024-12-03,sz.002600,2025-06-16 20:07:08.972214
0.007614,2024-11-27,2024-12-04,sz.002600,2025-06-16 20:07:08.972214
-0.11536,2024-11-28,2024-12-05,sz.002600,2025-06-16 20:07:08.972214
0.02005,2024-11-29,2024-12-06,sz.002600,2025-06-16 20:07:08.972214
-0.0839,2024-12-02,2024-12-09,sz.002600,2025-06-16 20:07:08.972214
-0.0876,2024-12-03,2024-12-10,sz.002600,2025-06-16 20:07:08.972214
-0.05505,2024-12-04,2024-12-11,sz.002600,2025-06-16 20:07:08.972214
-0.02151,2024-12-05,2024-12-12,sz.002600,2025-06-16 20:07:08.972214
0.009186,2024-12-06,2024-12-13,sz.002600,2025-06-16 20:07:08.972214
-0.184,2024-12-09,2024-12-16,sz.002600,2025-06-16 20:07:08.972214
-0.1293,2024-12-10,2024-12-17,sz.002600,2025-06-16 20:07:08.972214
-0.0314,2024-12-11,2024-12-18,sz.002600,2025-06-16 20:07:08.972214
-0.187,2024-12-12,2024-12-19,sz.002600,2025-06-16 20:07:08.972214
-0.1343,2024-12-13,2024-12-20,sz.002600,2025-06-16 20:07:08.972214
-0.1343,2024-12-16,2024-12-23,sz.002600,2025-06-16 20:07:08.972214
-0.05618,2024-12-17,2024-12-24,sz.002600,2025-06-16 20:07:08.972214
-0.04956,2024-12-18,2024-12-25,sz.002600,2025-06-16 20:07:08.972214
-0.001404,2024-12-19,2024-12-26,sz.002600,2025-06-16 20:07:08.972214
-0.01732,2024-12-20,2024-12-27,sz.002600,2025-06-16 20:07:08.972214
-0.3062,2024-12-23,2024-12-30,sz.002600,2025-06-16 20:07:08.972214
0.04858,2024-12-24,2024-12-31,sz.002600,2025-06-16 20:07:08.972214
-0.202,2024-12-25,2025-01-01,sz.002600,2025-06-16 20:07:08.972214
0.03815,2024-12-26,2025-01-02,sz.002600,2025-06-16 20:07:08.972214
-0.01816,2024-12-27,2025-01-03,sz.002600,2025-06-16 20:07:08.972214
-0.1476,2024-12-30,2025-01-06,sz.002600,2025-06-16 20:07:08.972214
-0.2126,2024-12-31,2025-01-07,sz.002600,2025-06-16 20:07:08.972214
-0.1459,2025-01-02,2025-01-09,sz.002600,2025-06-16 20:07:08.972214
-0.1186,2025-01-03,2025-01-10,sz.002600,2025-06-16 20:07:08.972214
-0.1312,2025-01-06,2025-01-13,sz.002600,2025-06-16 20:07:08.972214
0.0315,2025-01-07,2025-01-14,sz.002600,2025-06-16 20:07:08.972214
-0.1031,2025-01-08,2025-01-15,sz.002600,2025-06-16 20:07:08.972214
0.002161,2025-01-09,2025-01-16,sz.002600,2025-06-16 20:07:08.972214
-0.0844,2025-01-10,2025-01-17,sz.002600,2025-06-16 20:07:08.972214
-0.03467,2025-01-13,2025-01-20,sz.002600,2025-06-16 20:07:08.972214
0.0657,2025-01-14,2025-01-21,sz.002600,2025-06-16 20:07:08.972214
-0.08673,2025-01-15,2025-01-22,sz.002600,2025-06-16 20:07:08.972214
-0.06305,2025-01-16,2025-01-23,sz.002600,2025-06-16 20:07:08.972214
-0.00685,2025-01-17,2025-01-24,sz.002600,2025-06-16 20:07:08.972214
-0.03035,2025-01-20,2025-01-27,sz.002600,2025-06-16 20:07:08.972214
-0.005245,2025-01-21,2025-01-28,sz.002600,2025-06-16 20:07:08.972214
-0.04333,2025-01-22,2025-01-29,sz.002600,2025-06-16 20:07:08.972214
-0.1813,2025-01-23,2025-01-30,sz.002600,2025-06-16 20:07:08.972214
0.02214,2025-01-24,2025-01-31,sz.002600,2025-06-16 20:07:08.972214
-0.1735,2025-01-27,2025-02-03,sz.002600,2025-06-16 20:07:08.972214
-0.0681,2025-02-05,2025-02-12,sz.002600,2025-06-16 20:07:08.972214
0.06155,2025-02-06,2025-02-13,sz.002600,2025-06-16 20:07:08.972214
-0.143,2025-02-07,2025-02-14,sz.002600,2025-06-16 20:07:08.972214
-0.32,2025-02-10,2025-02-17,sz.002600,2025-06-16 20:07:08.972214
-0.05573,2025-02-11,2025-02-18,sz.002600,2025-06-16 20:07:08.972214
-0.10175,2025-02-12,2025-02-19,sz.002600,2025-06-16 20:07:08.972214
-0.2008,2025-02-13,2025-02-20,sz.002600,2025-06-16 20:07:08.972214
-0.0629,2025-02-14,2025-02-21,sz.002600,2025-06-16 20:07:08.972214
0.002142,2025-02-17,2025-02-24,sz.002600,2025-06-16 20:07:08.972214
-0.349,2025-02-18,2025-02-25,sz.002600,2025-06-16 20:07:08.972214
0.04556,2025-02-19,2025-02-26,sz.002600,2025-06-16 20:07:08.972214
-0.1132,2025-02-20,2025-02-27,sz.002600,2025-06-16 20:07:08.972214
-0.2793,2025-02-21,2025-02-28,sz.002600,2025-06-16 20:07:08.972214
-0.268,2025-02-24,2025-03-03,sz.002600,2025-06-16 20:07:08.972214
-0.1525,2025-02-25,2025-03-04,sz.002600,2025-06-16 20:07:08.972214
-0.1561,2025-02-26,2025-03-05,sz.002600,2025-06-16 20:07:08.972214
-0.295,2025-02-27,2025-03-06,sz.002600,2025-06-16 20:07:08.972214
-0.4292,2025-02-28,2025-03-07,sz.002600,2025-06-16 20:07:08.972214
-0.1887,2025-03-03,2025-03-10,sz.002600,2025-06-16 20:07:08.972214
-0.00996,2025-03-04,2025-03-11,sz.002600,2025-06-16 20:07:08.972214
-0.02957,2025-03-05,2025-03-12,sz.002600,2025-06-16 20:07:08.972214
-0.03854,2025-03-06,2025-03-13,sz.002600,2025-06-16 20:07:08.972214
-0.11206,2025-03-07,2025-03-14,sz.002600,2025-06-16 20:07:08.972214
-0.1959,2025-03-10,2025-03-17,sz.002600,2025-06-16 20:07:08.972214
-0.062,2025-03-11,2025-03-18,sz.002600,2025-06-16 20:07:08.972214
-0.09503,2025-03-12,2025-03-19,sz.002600,2025-06-16 20:07:08.972214
-0.3093,2025-03-13,2025-03-20,sz.002600,2025-06-16 20:07:08.972214
-0.02782,2025-03-14,2025-03-21,sz.002600,2025-06-16 20:07:08.972214
-0.0874,2025-03-17,2025-03-24,sz.002600,2025-06-16 20:07:08.972214
-0.04523,2025-03-18,2025-03-25,sz.002600,2025-06-16 20:07:08.972214
-0.0938,2025-03-19,2025-03-26,sz.002600,2025-06-16 20:07:08.972214
-0.08545,2025-03-20,2025-03-27,sz.002600,2025-06-16 20:07:08.972214
-0.2576,2025-03-21,2025-03-28,sz.002600,2025-06-16 20:07:08.972214
-0.119,2025-03-24,2025-03-31,sz.002600,2025-06-16 20:07:08.972214
-0.133,2025-03-25,2025-04-01,sz.002600,2025-06-16 20:07:08.972214
-0.01455,2025-03-26,2025-04-02,sz.002600,2025-06-16 20:07:08.972214
-0.064,2025-03-27,2025-04-03,sz.002600,2025-06-16 20:07:08.972214
-0.04745,2025-03-28,2025-04-04,sz.002600,2025-06-16 20:07:08.972214
-0.07776,2025-03-31,2025-04-07,sz.002600,2025-06-16 20:07:08.972214
-0.11163,2025-04-01,2025-04-08,sz.002600,2025-06-16 20:07:08.972214
-0.002214,2025-04-02,2025-04-09,sz.002600,2025-06-16 20:07:08.972214
-0.356,2025-04-03,2025-04-10,sz.002600,2025-06-16 20:07:08.972214
0.02051,2025-04-07,2025-04-14,sz.002600,2025-06-16 20:07:08.972214
-0.0624,2025-04-08,2025-04-15,sz.002600,2025-06-16 20:07:08.972214
-0.0677,2025-04-09,2025-04-16,sz.002600,2025-06-16 20:07:08.972214
-0.10126,2025-04-10,2025-04-17,sz.002600,2025-06-16 20:07:08.972214
0.03168,2025-04-11,2025-04-18,sz.002600,2025-06-16 20:07:08.972214
-0.144,2025-04-14,2025-04-21,sz.002600,2025-06-16 20:07:08.972214
-0.1113,2025-04-15,2025-04-22,sz.002600,2025-06-16 20:07:08.972214
-0.08386,2025-04-16,2025-04-23,sz.002600,2025-06-16 20:07:08.972214
-0.01096,2025-04-17,2025-04-24,sz.002600,2025-06-16 20:07:08.972214
0.05164,2025-04-18,2025-04-25,sz.002600,2025-06-16 20:07:08.972214
-0.005394,2025-04-21,2025-04-28,sz.002600,2025-06-16 20:07:08.972214
-0.11206,2025-04-22,2025-04-29,sz.002600,2025-06-16 20:07:08.972214
-0.01764,2025-04-23,2025-04-30,sz.002600,2025-06-16 20:07:08.972214
-0.05194,2025-04-24,2025-05-01,sz.002600,2025-06-16 20:07:08.972214
-0.00883,2025-04-25,2025-05-02,sz.002600,2025-06-16 20:07:08.972214
-0.0382,2025-04-28,2025-05-05,sz.002600,2025-06-16 20:07:08.972214
0.0002002,2025-04-29,2025-05-06,sz.002600,2025-06-16 20:07:08.972214
-0.01855,2025-04-30,2025-05-07,sz.002600,2025-06-16 20:07:08.972214
0.01627,2025-05-06,2025-05-13,sz.002600,2025-06-16 20:07:08.972214
-0.2195,2025-05-07,2025-05-14,sz.002600,2025-06-16 20:07:08.972214
0.01464,2025-05-08,2025-05-15,sz.002600,2025-06-16 20:07:08.972214
-0.1587,2025-05-09,2025-05-16,sz.002600,2025-06-16 20:07:08.972214
-0.01362,2025-05-12,2025-05-19,sz.002600,2025-06-16 20:07:08.972214
-0.1838,2025-05-13,2025-05-20,sz.002600,2025-06-16 20:07:08.972214
-0.03293,2025-05-14,2025-05-21,sz.002600,2025-06-16 20:07:08.972214
-0.1575,2025-05-15,2025-05-22,sz.002600,2025-06-16 20:07:08.972214
0.00671,2025-05-16,2025-05-23,sz.002600,2025-06-16 20:07:08.972214
-0.04724,2025-05-19,2025-05-26,sz.002600,2025-06-16 20:07:08.972214
0.02834,2025-05-20,2025-05-27,sz.002600,2025-06-16 20:07:08.972214
-0.03085,2025-05-21,2025-05-28,sz.002600,2025-06-16 20:07:08.972214
-0.09296,2025-05-22,2025-05-29,sz.002600,2025-06-16 20:07:08.972214
-0.1105,2025-05-23,2025-05-30,sz.002600,2025-06-16 20:07:08.972214
0.03802,2025-05-26,2025-06-02,sz.002600,2025-06-16 20:07:08.972214
-0.0488,2025-05-27,2025-06-03,sz.002600,2025-06-16 20:07:08.972214
0.0339,2025-05-28,2025-06-04,sz.002600,2025-06-16 20:07:08.972214
0.004124,2025-05-29,2025-06-05,sz.002600,2025-06-16 20:07:08.972214
-0.04184,2025-05-30,2025-06-06,sz.002600,2025-06-16 20:07:08.972214
-0.03598,2025-06-03,2025-06-10,sz.002600,2025-06-16 20:07:08.972214
0.02654,2025-06-04,2025-06-11,sz.002600,2025-06-16 20:07:08.972214
0.01953,2025-06-05,2025-06-12,sz.002600,2025-06-16 20:07:08.972214
-0.0431,2025-06-06,2025-06-13,sz.002600,2025-06-16 20:07:08.972214
0.015114,2025-06-09,2025-06-16,sz.002600,2025-06-16 20:07:08.972214
-0.1025,2025-06-10,2025-06-17,sz.002600,2025-06-16 20:07:08.972214
0.009445,2025-06-11,2025-06-18,sz.002600,2025-06-16 20:07:08.972214
0.001786,2025-06-12,2025-06-19,sz.002600,2025-06-16 20:07:08.972214
-0.08594,2025-06-13,2025-06-20,sz.002600,2025-06-16 20:07:08.972214
0.00762,2025-06-16,2025-06-23,sz.002600,2025-06-16 20:07:08.972214
0.00762,2025-06-16,2025-06-23,sz.002600,2025-06-16 20:07:08.972214
0.1209,2025-06-16,2025-06-23,sz.002601,2025-06-16 20:07:08.972214
0.11383,2025-06-16,2025-06-23,sz.002601,2025-06-16 20:07:08.972214
-0.1505,2025-06-16,2025-06-23,sz.002648,2025-06-16 20:07:08.972214
-0.1501,2025-06-16,2025-06-23,sz.002648,2025-06-16 20:07:08.972214
-0.4531,2025-06-16,2025-06-23,sz.002709,2025-06-16 20:07:08.972214
-0.446,2025-06-16,2025-06-23,sz.002709,2025-06-16 20:07:08.972214
-0.0942,2025-06-16,2025-06-23,sz.002714,2025-06-16 20:07:08.972214
-0.0945,2025-06-16,2025-06-23,sz.002714,2025-06-16 20:07:08.972214
0.0467,2025-06-16,2025-06-23,sz.002736,2025-06-16 20:07:08.972214
0.0467,2025-06-16,2025-06-23,sz.002736,2025-06-16 20:07:08.972214
-0.0688,2025-06-16,2025-06-23,sz.002916,2025-06-16 20:07:08.972214
-0.0688,2025-06-16,2025-06-23,sz.002916,2025-06-16 20:07:08.972214
-0.085,2025-06-16,2025-06-23,sz.002920,2025-06-16 20:07:08.972214
-0.09686,2025-06-16,2025-06-23,sz.002920,2025-06-16 20:07:08.972214
0.004696,2025-06-16,2025-06-23,sz.002938,2025-06-16 20:07:08.972214
0.004696,2025-06-16,2025-06-23,sz.002938,2025-06-16 20:07:08.972214
0.0256,2025-06-16,2025-06-23,sz.003816,2025-06-16 20:07:08.972214
0.0256,2025-06-16,2025-06-23,sz.003816,2025-06-16 20:07:08.972214
-0.0787,2025-06-16,2025-06-23,sz.300014,2025-06-16 20:07:08.972214
-0.0798,2025-06-16,2025-06-23,sz.300014,2025-06-16 20:07:08.972214
-0.04623,2025-06-16,2025-06-23,sz.300015,2025-06-16 20:07:08.972214
-0.04745,2025-06-16,2025-06-23,sz.300015,2025-06-16 20:07:08.972214
-0.2451,2025-06-16,2025-06-23,sz.300033,2025-06-16 20:07:08.972214
-0.2452,2025-06-16,2025-06-23,sz.300033,2025-06-16 20:07:08.972214
-0.1775,2025-06-16,2025-06-23,sz.300059,2025-06-16 20:07:08.972214
-0.1775,2025-06-16,2025-06-23,sz.300059,2025-06-16 20:07:08.972214
-0.3245,2025-06-16,2025-06-23,sz.300122,2025-06-16 20:07:08.972214
-0.326,2025-06-16,2025-06-23,sz.300122,2025-06-16 20:07:08.972214
-0.1566,2025-06-16,2025-06-23,sz.300124,2025-06-16 20:07:08.972214
-0.1567,2025-06-16,2025-06-23,sz.300124,2025-06-16 20:07:08.972214
-0.03564,2025-06-16,2025-06-23,sz.300274,2025-06-16 20:07:08.972214
-0.03726,2025-06-16,2025-06-23,sz.300274,2025-06-16 20:07:08.972214
-0.3567,2025-06-16,2025-06-23,sz.300308,2025-06-16 20:07:08.972214
-0.353,2025-06-16,2025-06-23,sz.300308,2025-06-16 20:07:08.972214
-0.3782,2025-06-16,2025-06-23,sz.300316,2025-06-16 20:07:08.972214
-0.3784,2025-06-16,2025-06-23,sz.300316,2025-06-16 20:07:08.972214
-0.1705,2025-06-16,2025-06-23,sz.300347,2025-06-16 20:07:08.972214
-0.1714,2025-06-16,2025-06-23,sz.300347,2025-06-16 20:07:08.972214
-0.4065,2025-06-16,2025-06-23,sz.300394,2025-06-16 20:07:08.972214
-0.4028,2025-06-16,2025-06-23,sz.300394,2025-06-16 20:07:08.972214
0.1473,2025-06-16,2025-06-23,sz.300408,2025-06-16 20:07:08.972214
0.1476,2025-06-16,2025-06-23,sz.300408,2025-06-16 20:07:08.972214
0.0732,2025-06-16,2025-06-23,sz.300413,2025-06-16 20:07:08.972214
0.0732,2025-06-16,2025-06-23,sz.300413,2025-06-16 20:07:08.972214
0.05984,2025-06-16,2025-06-23,sz.300418,2025-06-16 20:07:08.972214
0.09454,2025-06-16,2025-06-23,sz.300418,2025-06-16 20:07:08.972214
-0.0315,2025-06-16,2025-06-23,sz.300433,2025-06-16 20:07:08.972214
-0.01657,2025-06-16,2025-06-23,sz.300433,2025-06-16 20:07:08.972214
-0.1043,2025-06-16,2025-06-23,sz.300442,2025-06-16 20:07:08.972214
-0.1044,2025-06-16,2025-06-23,sz.300442,2025-06-16 20:07:08.972214
0.00782,2025-06-16,2025-06-23,sz.300498,2025-06-16 20:07:08.972214
0.00782,2025-06-16,2025-06-23,sz.300498,2025-06-16 20:07:08.972214
-0.4656,2025-06-16,2025-06-23,sz.300502,2025-06-16 20:07:08.972214
-0.4631,2025-06-16,2025-06-23,sz.300502,2025-06-16 20:07:08.972214
-0.03174,2025-06-16,2025-06-23,sz.300628,2025-06-16 20:07:08.972214
-0.03204,2025-06-16,2025-06-23,sz.300628,2025-06-16 20:07:08.972214
-0.0957,2025-06-16,2025-06-23,sz.300661,2025-06-16 20:07:08.972214
-0.0984,2025-06-16,2025-06-23,sz.300661,2025-06-16 20:07:08.972214
-0.0884,2025-06-16,2025-06-23,sz.300750,2025-06-16 20:07:08.972214
-0.0865,2025-06-16,2025-06-23,sz.300750,2025-06-16 20:07:08.972214
-0.00192,2025-06-16,2025-06-23,sz.300759,2025-06-16 20:07:08.972214
-0.01979,2025-06-16,2025-06-23,sz.300759,2025-06-16 20:07:08.972214
-0.1359,2025-06-16,2025-06-23,sz.300760,2025-06-16 20:07:08.972214
-0.1357,2025-06-16,2025-06-23,sz.300760,2025-06-16 20:07:08.972214
-0.09485,2025-06-16,2025-06-23,sz.300782,2025-06-16 20:07:08.972214
-0.09845,2025-06-16,2025-06-23,sz.300782,2025-06-16 20:07:08.972214
-0.5225,2025-06-16,2025-06-23,sz.300832,2025-06-16 20:07:08.972214
-0.515,2025-06-16,2025-06-23,sz.300832,2025-06-16 20:07:08.972214
-0.2532,2025-06-16,2025-06-23,sz.300896,2025-06-16 20:07:08.972214
-0.2532,2025-06-16,2025-06-23,sz.300896,2025-06-16 20:07:08.972214
0.03052,2025-06-16,2025-06-23,sz.300979,2025-06-16 20:07:08.972214
0.0648,2025-06-16,2025-06-23,sz.300979,2025-06-16 20:07:08.972214
0.1067,2025-06-16,2025-06-23,sz.300999,2025-06-16 20:07:08.972214
0.1381,2025-06-16,2025-06-23,sz.300999,2025-06-16 20:07:08.972214
-0.5747,2025-03-19,2025-03-26,sz.301236,2025-06-16 20:07:08.972214
-0.3784,2025-03-20,2025-03-27,sz.301236,2025-06-16 20:07:08.972214
-0.722,2025-03-21,2025-03-28,sz.301236,2025-06-16 20:07:08.972214
-0.2979,2025-03-24,2025-03-31,sz.301236,2025-06-16 20:07:08.972214
-0.5986,2025-03-25,2025-04-01,sz.301236,2025-06-16 20:07:08.972214
-0.1179,2025-03-26,2025-04-02,sz.301236,2025-06-16 20:07:08.972214
-0.1218,2025-03-27,2025-04-03,sz.301236,2025-06-16 20:07:08.972214
-0.286,2025-03-28,2025-04-04,sz.301236,2025-06-16 20:07:08.972214
-0.1848,2025-03-31,2025-04-07,sz.301236,2025-06-16 20:07:08.972214
-0.1396,2025-04-01,2025-04-08,sz.301236,2025-06-16 20:07:08.972214
-0.1616,2025-04-02,2025-04-09,sz.301236,2025-06-16 20:07:08.972214
-0.1838,2025-04-03,2025-04-10,sz.301236,2025-06-16 20:07:08.972214
-1.296,2025-04-07,2025-04-14,sz.301236,2025-06-16 20:07:08.972214
-0.1056,2025-04-08,2025-04-15,sz.301236,2025-06-16 20:07:08.972214
0.001089,2025-04-09,2025-04-16,sz.301236,2025-06-16 20:07:08.972214
-0.3035,2025-04-10,2025-04-17,sz.301236,2025-06-16 20:07:08.972214
-0.02634,2025-04-11,2025-04-18,sz.301236,2025-06-16 20:07:08.972214
-0.255,2025-04-14,2025-04-21,sz.301236,2025-06-16 20:07:08.972214
-0.2035,2025-04-15,2025-04-22,sz.301236,2025-06-16 20:07:08.972214
-0.2688,2025-04-16,2025-04-23,sz.301236,2025-06-16 20:07:08.972214
-0.10693,2025-04-17,2025-04-24,sz.301236,2025-06-16 20:07:08.972214
-0.1066,2025-04-18,2025-04-25,sz.301236,2025-06-16 20:07:08.972214
-0.06024,2025-04-21,2025-04-28,sz.301236,2025-06-16 20:07:08.972214
-0.2761,2025-04-22,2025-04-29,sz.301236,2025-06-16 20:07:08.972214
-0.1938,2025-04-23,2025-04-30,sz.301236,2025-06-16 20:07:08.972214
-0.4373,2025-04-24,2025-05-01,sz.301236,2025-06-16 20:07:08.972214
-0.1443,2025-04-25,2025-05-02,sz.301236,2025-06-16 20:07:08.972214
-0.05237,2025-04-28,2025-05-05,sz.301236,2025-06-16 20:07:08.972214
-0.0366,2025-04-29,2025-05-06,sz.301236,2025-06-16 20:07:08.972214
0.04843,2025-04-30,2025-05-07,sz.301236,2025-06-16 20:07:08.972214
-0.1385,2025-05-06,2025-05-13,sz.301236,2025-06-16 20:07:08.972214
-0.5063,2025-05-07,2025-05-14,sz.301236,2025-06-16 20:07:08.972214
-0.3223,2025-05-08,2025-05-15,sz.301236,2025-06-16 20:07:08.972214
-0.3638,2025-05-09,2025-05-16,sz.301236,2025-06-16 20:07:08.972214
-0.1881,2025-05-12,2025-05-19,sz.301236,2025-06-16 20:07:08.972214
-0.4255,2025-05-13,2025-05-20,sz.301236,2025-06-16 20:07:08.972214
-0.1228,2025-05-14,2025-05-21,sz.301236,2025-06-16 20:07:08.972214
-0.626,2025-05-15,2025-05-22,sz.301236,2025-06-16 20:07:08.972214
-0.11786,2025-05-16,2025-05-23,sz.301236,2025-06-16 20:07:08.972214
-0.523,2025-05-19,2025-05-26,sz.301236,2025-06-16 20:07:08.972214
-0.319,2025-05-20,2025-05-27,sz.301236,2025-06-16 20:07:08.972214
-0.193,2025-05-21,2025-05-28,sz.301236,2025-06-16 20:07:08.972214
-0.252,2025-05-22,2025-05-29,sz.301236,2025-06-16 20:07:08.972214
-0.328,2025-05-23,2025-05-30,sz.301236,2025-06-16 20:07:08.972214
-0.01279,2025-05-26,2025-06-02,sz.301236,2025-06-16 20:07:08.972214
-0.218,2025-05-27,2025-06-03,sz.301236,2025-06-16 20:07:08.972214
-0.2394,2025-05-28,2025-06-04,sz.301236,2025-06-16 20:07:08.972214
0.01302,2025-05-29,2025-06-05,sz.301236,2025-06-16 20:07:08.972214
-0.2844,2025-05-30,2025-06-06,sz.301236,2025-06-16 20:07:08.972214
-0.06775,2025-06-03,2025-06-10,sz.301236,2025-06-16 20:07:08.972214
-0.0855,2025-06-04,2025-06-11,sz.301236,2025-06-16 20:07:08.972214
0.01229,2025-06-05,2025-06-12,sz.301236,2025-06-16 20:07:08.972214
-0.1315,2025-06-06,2025-06-13,sz.301236,2025-06-16 20:07:08.972214
-0.0619,2025-06-09,2025-06-16,sz.301236,2025-06-16 20:07:08.972214
-0.3337,2025-06-10,2025-06-17,sz.301236,2025-06-16 20:07:08.972214
-0.0697,2025-06-11,2025-06-18,sz.301236,2025-06-16 20:07:08.972214
-0.1276,2025-06-12,2025-06-19,sz.301236,2025-06-16 20:07:08.972214
-0.1133,2025-06-13,2025-06-20,sz.301236,2025-06-16 20:07:08.972214
0.013824,2025-06-16,2025-06-23,sz.301236,2025-06-16 20:07:08.972214
0.0084,2025-06-16,2025-06-23,sz.301236,2025-06-16 20:07:08.972214
0.065,2019-12-31,2020-01-07,sz.302132,2025-06-16 20:07:08.972214
0.0749,2020-01-02,2020-01-09,sz.302132,2025-06-16 20:07:08.972214
0.1088,2020-01-03,2020-01-10,sz.302132,2025-06-16 20:07:08.972214
0.0724,2020-01-06,2020-01-13,sz.302132,2025-06-16 20:07:08.972214
0.11255,2020-01-07,2020-01-14,sz.302132,2025-06-16 20:07:08.972214
0.03958,2020-01-08,2020-01-15,sz.302132,2025-06-16 20:07:08.972214
0.03375,2020-01-09,2020-01-16,sz.302132,2025-06-16 20:07:08.972214
-0.02614,2020-01-10,2020-01-17,sz.302132,2025-06-16 20:07:08.972214
0.043,2020-01-13,2020-01-20,sz.302132,2025-06-16 20:07:08.972214
0.03093,2020-01-14,2020-01-21,sz.302132,2025-06-16 20:07:08.972214
0.04788,2020-01-15,2020-01-22,sz.302132,2025-06-16 20:07:08.972214
0.0636,2020-01-16,2020-01-23,sz.302132,2025-06-16 20:07:08.972214
0.0697,2020-01-17,2020-01-24,sz.302132,2025-06-16 20:07:08.972214
0.027,2020-01-20,2020-01-27,sz.302132,2025-06-16 20:07:08.972214
-0.01126,2020-01-21,2020-01-28,sz.302132,2025-06-16 20:07:08.972214
0.01042,2020-01-22,2020-01-29,sz.302132,2025-06-16 20:07:08.972214
-0.03348,2020-01-23,2020-01-30,sz.302132,2025-06-16 20:07:08.972214
0.0836,2020-02-03,2020-02-10,sz.302132,2025-06-16 20:07:08.972214
0.05344,2020-02-04,2020-02-11,sz.302132,2025-06-16 20:07:08.972214
0.08057,2020-02-05,2020-02-12,sz.302132,2025-06-16 20:07:08.972214
0.05505,2020-02-06,2020-02-13,sz.302132,2025-06-16 20:07:08.972214
0.1041,2020-02-07,2020-02-14,sz.302132,2025-06-16 20:07:08.972214
0.1063,2020-02-10,2020-02-17,sz.302132,2025-06-16 20:07:08.972214
0.02557,2020-02-11,2020-02-18,sz.302132,2025-06-16 20:07:08.972214
0.1005,2020-02-12,2020-02-19,sz.302132,2025-06-16 20:07:08.972214
0.06207,2020-02-13,2020-02-20,sz.302132,2025-06-16 20:07:08.972214
0.0816,2020-02-14,2020-02-21,sz.302132,2025-06-16 20:07:08.972214
0.0883,2020-02-17,2020-02-24,sz.302132,2025-06-16 20:07:08.972214
0.0327,2020-02-18,2020-02-25,sz.302132,2025-06-16 20:07:08.972214
-0.0235,2020-02-19,2020-02-26,sz.302132,2025-06-16 20:07:08.972214
0.03757,2020-02-20,2020-02-27,sz.302132,2025-06-16 20:07:08.972214
0.0194,2020-02-21,2020-02-28,sz.302132,2025-06-16 20:07:08.972214
0.01518,2020-02-24,2020-03-02,sz.302132,2025-06-16 20:07:08.972214
0.1166,2020-02-25,2020-03-03,sz.302132,2025-06-16 20:07:08.972214
-0.014084,2020-02-26,2020-03-04,sz.302132,2025-06-16 20:07:08.972214
0.02487,2020-02-27,2020-03-05,sz.302132,2025-06-16 20:07:08.972214
-0.08655,2020-02-28,2020-03-06,sz.302132,2025-06-16 20:07:08.972214
0.0911,2020-03-02,2020-03-09,sz.302132,2025-06-16 20:07:08.972214
0.01683,2020-03-03,2020-03-10,sz.302132,2025-06-16 20:07:08.972214
0.068,2020-03-04,2020-03-11,sz.302132,2025-06-16 20:07:08.972214
0.01665,2020-03-05,2020-03-12,sz.302132,2025-06-16 20:07:08.972214
0.03802,2020-03-06,2020-03-13,sz.302132,2025-06-16 20:07:08.972214
-0.0809,2020-03-09,2020-03-16,sz.302132,2025-06-16 20:07:08.972214
0.1185,2020-03-10,2020-03-17,sz.302132,2025-06-16 20:07:08.972214
0.0316,2020-03-11,2020-03-18,sz.302132,2025-06-16 20:07:08.972214
-0.004303,2020-03-12,2020-03-19,sz.302132,2025-06-16 20:07:08.972214
0.06125,2020-03-13,2020-03-20,sz.302132,2025-06-16 20:07:08.972214
-0.0944,2020-03-16,2020-03-23,sz.302132,2025-06-16 20:07:08.972214
0.037,2020-03-17,2020-03-24,sz.302132,2025-06-16 20:07:08.972214
0.05936,2020-03-18,2020-03-25,sz.302132,2025-06-16 20:07:08.972214
0.05374,2020-03-19,2020-03-26,sz.302132,2025-06-16 20:07:08.972214
0.0969,2020-03-20,2020-03-27,sz.302132,2025-06-16 20:07:08.972214
0.05408,2020-03-23,2020-03-30,sz.302132,2025-06-16 20:07:08.972214
0.05438,2020-03-24,2020-03-31,sz.302132,2025-06-16 20:07:08.972214
0.093,2020-03-25,2020-04-01,sz.302132,2025-06-16 20:07:08.972214
0.03137,2020-03-26,2020-04-02,sz.302132,2025-06-16 20:07:08.972214
0.03137,2020-03-27,2020-04-03,sz.302132,2025-06-16 20:07:08.972214
-0.003075,2020-03-30,2020-04-06,sz.302132,2025-06-16 20:07:08.972214
0.0649,2020-03-31,2020-04-07,sz.302132,2025-06-16 20:07:08.972214
0.0639,2020-04-01,2020-04-08,sz.302132,2025-06-16 20:07:08.972214
0.0928,2020-04-02,2020-04-09,sz.302132,2025-06-16 20:07:08.972214
0.035,2020-04-03,2020-04-10,sz.302132,2025-06-16 20:07:08.972214
0.0946,2020-04-07,2020-04-14,sz.302132,2025-06-16 20:07:08.972214
0.0765,2020-04-08,2020-04-15,sz.302132,2025-06-16 20:07:08.972214
0.0705,2020-04-09,2020-04-16,sz.302132,2025-06-16 20:07:08.972214
-0.0498,2020-04-10,2020-04-17,sz.302132,2025-06-16 20:07:08.972214
0.01982,2020-04-13,2020-04-20,sz.302132,2025-06-16 20:07:08.972214
0.0918,2020-04-14,2020-04-21,sz.302132,2025-06-16 20:07:08.972214
0.02693,2020-04-15,2020-04-22,sz.302132,2025-06-16 20:07:08.972214
0.0854,2020-04-16,2020-04-23,sz.302132,2025-06-16 20:07:08.972214
0.0868,2020-04-17,2020-04-24,sz.302132,2025-06-16 20:07:08.972214
0.0562,2020-04-20,2020-04-27,sz.302132,2025-06-16 20:07:08.972214
0.0621,2020-04-21,2020-04-28,sz.302132,2025-06-16 20:07:08.972214
0.089,2020-04-22,2020-04-29,sz.302132,2025-06-16 20:07:08.972214
0.05154,2020-04-23,2020-04-30,sz.302132,2025-06-16 20:07:08.972214
0.01567,2020-04-24,2020-05-01,sz.302132,2025-06-16 20:07:08.972214
0.0359,2020-04-27,2020-05-04,sz.302132,2025-06-16 20:07:08.972214
-0.0247,2020-04-28,2020-05-05,sz.302132,2025-06-16 20:07:08.972214
0.07855,2020-04-29,2020-05-06,sz.302132,2025-06-16 20:07:08.972214
0.0997,2020-04-30,2020-05-07,sz.302132,2025-06-16 20:07:08.972214
0.11444,2020-05-06,2020-05-13,sz.302132,2025-06-16 20:07:08.972214
0.04648,2020-05-07,2020-05-14,sz.302132,2025-06-16 20:07:08.972214
0.04504,2020-05-08,2020-05-15,sz.302132,2025-06-16 20:07:08.972214
0.05853,2020-05-11,2020-05-18,sz.302132,2025-06-16 20:07:08.972214
0.04593,2020-05-12,2020-05-19,sz.302132,2025-06-16 20:07:08.972214
0.06525,2020-05-13,2020-05-20,sz.302132,2025-06-16 20:07:08.972214
0.06323,2020-05-14,2020-05-21,sz.302132,2025-06-16 20:07:08.972214
0.00961,2020-05-15,2020-05-22,sz.302132,2025-06-16 20:07:08.972214
0.06073,2020-05-18,2020-05-25,sz.302132,2025-06-16 20:07:08.972214
0.00985,2020-05-19,2020-05-26,sz.302132,2025-06-16 20:07:08.972214
-0.03433,2020-05-20,2020-05-27,sz.302132,2025-06-16 20:07:08.972214
0.007256,2020-05-21,2020-05-28,sz.302132,2025-06-16 20:07:08.972214
-0.03268,2020-05-22,2020-05-29,sz.302132,2025-06-16 20:07:08.972214
-0.01164,2020-05-25,2020-06-01,sz.302132,2025-06-16 20:07:08.972214
0.04153,2020-05-26,2020-06-02,sz.302132,2025-06-16 20:07:08.972214
0.02913,2020-05-27,2020-06-03,sz.302132,2025-06-16 20:07:08.972214
-0.03888,2020-05-28,2020-06-04,sz.302132,2025-06-16 20:07:08.972214
0.04288,2020-05-29,2020-06-05,sz.302132,2025-06-16 20:07:08.972214
0.00911,2020-06-01,2020-06-08,sz.302132,2025-06-16 20:07:08.972214
0.00883,2020-06-02,2020-06-09,sz.302132,2025-06-16 20:07:08.972214
-0.004196,2020-06-03,2020-06-10,sz.302132,2025-06-16 20:07:08.972214
-0.005325,2020-06-04,2020-06-11,sz.302132,2025-06-16 20:07:08.972214
0.02151,2020-06-05,2020-06-12,sz.302132,2025-06-16 20:07:08.972214
-0.03912,2020-06-08,2020-06-15,sz.302132,2025-06-16 20:07:08.972214
-0.00787,2020-06-09,2020-06-16,sz.302132,2025-06-16 20:07:08.972214
-0.00787,2020-06-10,2020-06-17,sz.302132,2025-06-16 20:07:08.972214
-0.02933,2020-06-11,2020-06-18,sz.302132,2025-06-16 20:07:08.972214
0.0316,2020-06-12,2020-06-19,sz.302132,2025-06-16 20:07:08.972214
0.012535,2020-06-15,2020-06-22,sz.302132,2025-06-16 20:07:08.972214
0.03534,2020-06-16,2020-06-23,sz.302132,2025-06-16 20:07:08.972214
0.0376,2020-06-17,2020-06-24,sz.302132,2025-06-16 20:07:08.972214
0.003904,2020-06-18,2020-06-25,sz.302132,2025-06-16 20:07:08.972214
0.02405,2020-06-19,2020-06-26,sz.302132,2025-06-16 20:07:08.972214
0.04105,2020-06-22,2020-06-29,sz.302132,2025-06-16 20:07:08.972214
0.01429,2020-06-23,2020-06-30,sz.302132,2025-06-16 20:07:08.972214
0.00847,2020-06-24,2020-07-01,sz.302132,2025-06-16 20:07:08.972214
0.014114,2020-06-29,2020-07-06,sz.302132,2025-06-16 20:07:08.972214
0.00594,2020-06-30,2020-07-07,sz.302132,2025-06-16 20:07:08.972214
0.0162,2020-07-01,2020-07-08,sz.302132,2025-06-16 20:07:08.972214
-0.0127,2020-07-02,2020-07-09,sz.302132,2025-06-16 20:07:08.972214
0.02429,2020-07-03,2020-07-10,sz.302132,2025-06-16 20:07:08.972214
0.00491,2020-07-06,2020-07-13,sz.302132,2025-06-16 20:07:08.972214
-0.0423,2020-07-07,2020-07-14,sz.302132,2025-06-16 20:07:08.972214
0.01952,2020-07-08,2020-07-15,sz.302132,2025-06-16 20:07:08.972214
-0.03473,2020-07-09,2020-07-16,sz.302132,2025-06-16 20:07:08.972214
-0.05505,2020-07-10,2020-07-17,sz.302132,2025-06-16 20:07:08.972214
0.0165,2020-07-13,2020-07-20,sz.302132,2025-06-16 20:07:08.972214
-0.0833,2020-07-14,2020-07-21,sz.302132,2025-06-16 20:07:08.972214
-0.0977,2020-07-15,2020-07-22,sz.302132,2025-06-16 20:07:08.972214
-0.142,2020-07-16,2020-07-23,sz.302132,2025-06-16 20:07:08.972214
1.645e-05,2020-07-17,2020-07-24,sz.302132,2025-06-16 20:07:08.972214
0.002556,2020-07-20,2020-07-27,sz.302132,2025-06-16 20:07:08.972214
-0.1208,2020-07-21,2020-07-28,sz.302132,2025-06-16 20:07:08.972214
0.03882,2020-07-22,2020-07-29,sz.302132,2025-06-16 20:07:08.972214
-0.02284,2020-07-23,2020-07-30,sz.302132,2025-06-16 20:07:08.972214
-0.1244,2020-07-24,2020-07-31,sz.302132,2025-06-16 20:07:08.972214
-0.03683,2020-07-27,2020-08-03,sz.302132,2025-06-16 20:07:08.972214
-0.03683,2020-07-28,2020-08-04,sz.302132,2025-06-16 20:07:08.972214
0.05606,2020-07-29,2020-08-05,sz.302132,2025-06-16 20:07:08.972214
0.006756,2020-07-30,2020-08-06,sz.302132,2025-06-16 20:07:08.972214
-0.0304,2020-07-31,2020-08-07,sz.302132,2025-06-16 20:07:08.972214
0.05972,2020-08-03,2020-08-10,sz.302132,2025-06-16 20:07:08.972214
-0.02144,2020-08-04,2020-08-11,sz.302132,2025-06-16 20:07:08.972214
-0.01772,2020-08-05,2020-08-12,sz.302132,2025-06-16 20:07:08.972214
-0.06506,2020-08-06,2020-08-13,sz.302132,2025-06-16 20:07:08.972214
-0.0423,2020-08-07,2020-08-14,sz.302132,2025-06-16 20:07:08.972214
-0.0982,2020-08-10,2020-08-17,sz.302132,2025-06-16 20:07:08.972214
-0.0814,2020-08-11,2020-08-18,sz.302132,2025-06-16 20:07:08.972214
-0.04465,2020-08-12,2020-08-19,sz.302132,2025-06-16 20:07:08.972214
-0.04517,2020-08-13,2020-08-20,sz.302132,2025-06-16 20:07:08.972214
0.05643,2020-08-14,2020-08-21,sz.302132,2025-06-16 20:07:08.972214
0.001877,2020-08-17,2020-08-24,sz.302132,2025-06-16 20:07:08.972214
-0.06256,2020-08-18,2020-08-25,sz.302132,2025-06-16 20:07:08.972214
-0.1139,2020-08-19,2020-08-26,sz.302132,2025-06-16 20:07:08.972214
-0.11017,2020-08-20,2020-08-27,sz.302132,2025-06-16 20:07:08.972214
-0.05487,2020-08-21,2020-08-28,sz.302132,2025-06-16 20:07:08.972214
0.02281,2020-08-24,2020-08-31,sz.302132,2025-06-16 20:07:08.972214
-0.0738,2020-08-25,2020-09-01,sz.302132,2025-06-16 20:07:08.972214
-0.001495,2020-08-26,2020-09-02,sz.302132,2025-06-16 20:07:08.972214
-0.0749,2020-08-27,2020-09-03,sz.302132,2025-06-16 20:07:08.972214
-5.877e-05,2020-08-28,2020-09-04,sz.302132,2025-06-16 20:07:08.972214
-0.0787,2020-08-31,2020-09-07,sz.302132,2025-06-16 20:07:08.972214
-0.01108,2020-09-01,2020-09-08,sz.302132,2025-06-16 20:07:08.972214
-0.03864,2020-09-02,2020-09-09,sz.302132,2025-06-16 20:07:08.972214
-0.03687,2020-09-03,2020-09-10,sz.302132,2025-06-16 20:07:08.972214
0.01797,2020-09-04,2020-09-11,sz.302132,2025-06-16 20:07:08.972214
-0.10486,2020-09-07,2020-09-14,sz.302132,2025-06-16 20:07:08.972214
-0.01569,2020-09-08,2020-09-15,sz.302132,2025-06-16 20:07:08.972214
-0.08636,2020-09-09,2020-09-16,sz.302132,2025-06-16 20:07:08.972214
-0.326,2020-09-10,2020-09-17,sz.302132,2025-06-16 20:07:08.972214
0.002338,2020-09-11,2020-09-18,sz.302132,2025-06-16 20:07:08.972214
-0.0005493,2020-09-14,2020-09-21,sz.302132,2025-06-16 20:07:08.972214
-0.01174,2020-09-15,2020-09-22,sz.302132,2025-06-16 20:07:08.972214
-0.1015,2020-09-16,2020-09-23,sz.302132,2025-06-16 20:07:08.972214
0.007687,2020-09-17,2020-09-24,sz.302132,2025-06-16 20:07:08.972214
0.05402,2020-09-18,2020-09-25,sz.302132,2025-06-16 20:07:08.972214
-0.03052,2020-09-21,2020-09-28,sz.302132,2025-06-16 20:07:08.972214
-0.002367,2020-09-22,2020-09-29,sz.302132,2025-06-16 20:07:08.972214
-0.04053,2020-09-23,2020-09-30,sz.302132,2025-06-16 20:07:08.972214
-0.0825,2020-09-24,2020-10-01,sz.302132,2025-06-16 20:07:08.972214
-0.0835,2020-09-25,2020-10-02,sz.302132,2025-06-16 20:07:08.972214
-0.11334,2020-09-28,2020-10-05,sz.302132,2025-06-16 20:07:08.972214
0.063,2020-09-29,2020-10-06,sz.302132,2025-06-16 20:07:08.972214
-0.0091,2020-09-30,2020-10-07,sz.302132,2025-06-16 20:07:08.972214
-0.0365,2020-10-09,2020-10-16,sz.302132,2025-06-16 20:07:08.972214
0.01678,2020-10-12,2020-10-19,sz.302132,2025-06-16 20:07:08.972214
0.01901,2020-10-13,2020-10-20,sz.302132,2025-06-16 20:07:08.972214
-0.1832,2020-10-14,2020-10-21,sz.302132,2025-06-16 20:07:08.972214
-0.01471,2020-10-15,2020-10-22,sz.302132,2025-06-16 20:07:08.972214
-0.08527,2020-10-16,2020-10-23,sz.302132,2025-06-16 20:07:08.972214
-0.014275,2020-10-19,2020-10-26,sz.302132,2025-06-16 20:07:08.972214
0.0158,2020-10-20,2020-10-27,sz.302132,2025-06-16 20:07:08.972214
-0.1248,2020-10-21,2020-10-28,sz.302132,2025-06-16 20:07:08.972214
-0.01996,2020-10-22,2020-10-29,sz.302132,2025-06-16 20:07:08.972214
-0.0252,2020-10-23,2020-10-30,sz.302132,2025-06-16 20:07:08.972214
-0.004772,2020-10-26,2020-11-02,sz.302132,2025-06-16 20:07:08.972214
-0.0835,2020-10-27,2020-11-03,sz.302132,2025-06-16 20:07:08.972214
0.010666,2020-10-28,2020-11-04,sz.302132,2025-06-16 20:07:08.972214
-0.0182,2020-10-29,2020-11-05,sz.302132,2025-06-16 20:07:08.972214
-0.025,2020-10-30,2020-11-06,sz.302132,2025-06-16 20:07:08.972214
-0.1785,2020-11-02,2020-11-09,sz.302132,2025-06-16 20:07:08.972214
0.002777,2020-11-03,2020-11-10,sz.302132,2025-06-16 20:07:08.972214
-0.0681,2020-11-04,2020-11-11,sz.302132,2025-06-16 20:07:08.972214
-0.02109,2020-11-05,2020-11-12,sz.302132,2025-06-16 20:07:08.972214
-0.11957,2020-11-06,2020-11-13,sz.302132,2025-06-16 20:07:08.972214
0.01793,2020-11-09,2020-11-16,sz.302132,2025-06-16 20:07:08.972214
-0.02588,2020-11-10,2020-11-17,sz.302132,2025-06-16 20:07:08.972214
-0.01551,2020-11-11,2020-11-18,sz.302132,2025-06-16 20:07:08.972214
-0.0572,2020-11-12,2020-11-19,sz.302132,2025-06-16 20:07:08.972214
-0.004745,2020-11-13,2020-11-20,sz.302132,2025-06-16 20:07:08.972214
-0.03004,2020-11-16,2020-11-23,sz.302132,2025-06-16 20:07:08.972214
-0.0772,2020-11-17,2020-11-24,sz.302132,2025-06-16 20:07:08.972214
0.0513,2020-11-18,2020-11-25,sz.302132,2025-06-16 20:07:08.972214
0.02834,2020-11-19,2020-11-26,sz.302132,2025-06-16 20:07:08.972214
-0.08,2020-11-20,2020-11-27,sz.302132,2025-06-16 20:07:08.972214
-0.01677,2020-11-23,2020-11-30,sz.302132,2025-06-16 20:07:08.972214
-0.01012,2020-11-24,2020-12-01,sz.302132,2025-06-16 20:07:08.972214
-0.01985,2020-11-25,2020-12-02,sz.302132,2025-06-16 20:07:08.972214
-0.02133,2020-11-26,2020-12-03,sz.302132,2025-06-16 20:07:08.972214
-0.0345,2020-11-27,2020-12-04,sz.302132,2025-06-16 20:07:08.972214
-0.04684,2020-11-30,2020-12-07,sz.302132,2025-06-16 20:07:08.972214
-0.01833,2020-12-01,2020-12-08,sz.302132,2025-06-16 20:07:08.972214
0.0225,2020-12-02,2020-12-09,sz.302132,2025-06-16 20:07:08.972214
-0.03683,2020-12-03,2020-12-10,sz.302132,2025-06-16 20:07:08.972214
-0.0646,2020-12-04,2020-12-11,sz.302132,2025-06-16 20:07:08.972214
-0.02089,2020-12-07,2020-12-14,sz.302132,2025-06-16 20:07:08.972214
-0.01833,2020-12-08,2020-12-15,sz.302132,2025-06-16 20:07:08.972214
-0.1519,2020-12-09,2020-12-16,sz.302132,2025-06-16 20:07:08.972214
-0.04388,2020-12-10,2020-12-17,sz.302132,2025-06-16 20:07:08.972214
-0.0968,2020-12-11,2020-12-18,sz.302132,2025-06-16 20:07:08.972214
-0.006973,2020-12-14,2020-12-21,sz.302132,2025-06-16 20:07:08.972214
-0.003513,2020-12-15,2020-12-22,sz.302132,2025-06-16 20:07:08.972214
-0.0594,2020-12-16,2020-12-23,sz.302132,2025-06-16 20:07:08.972214
0.001386,2020-12-17,2020-12-24,sz.302132,2025-06-16 20:07:08.972214
-0.00415,2020-12-18,2020-12-25,sz.302132,2025-06-16 20:07:08.972214
0.0526,2020-12-21,2020-12-28,sz.302132,2025-06-16 20:07:08.972214
-0.0795,2020-12-22,2020-12-29,sz.302132,2025-06-16 20:07:08.972214
0.03992,2020-12-23,2020-12-30,sz.302132,2025-06-16 20:07:08.972214
-0.0358,2020-12-24,2020-12-31,sz.302132,2025-06-16 20:07:08.972214
0.04337,2020-12-25,2021-01-01,sz.302132,2025-06-16 20:07:08.972214
0.002228,2020-12-28,2021-01-04,sz.302132,2025-06-16 20:07:08.972214
-0.05838,2020-12-29,2021-01-05,sz.302132,2025-06-16 20:07:08.972214
0.00925,2020-12-30,2021-01-06,sz.302132,2025-06-16 20:07:08.972214
0.0767,2020-12-31,2021-01-07,sz.302132,2025-06-16 20:07:08.972214
0.03534,2021-01-04,2021-01-11,sz.302132,2025-06-16 20:07:08.972214
0.01639,2021-01-05,2021-01-12,sz.302132,2025-06-16 20:07:08.972214
-0.1608,2021-01-06,2021-01-13,sz.302132,2025-06-16 20:07:08.972214
-0.1092,2021-01-07,2021-01-14,sz.302132,2025-06-16 20:07:08.972214
-0.005955,2021-01-08,2021-01-15,sz.302132,2025-06-16 20:07:08.972214
-0.0599,2021-01-11,2021-01-18,sz.302132,2025-06-16 20:07:08.972214
0.02489,2021-01-12,2021-01-19,sz.302132,2025-06-16 20:07:08.972214
-0.03958,2021-01-13,2021-01-20,sz.302132,2025-06-16 20:07:08.972214
-0.1326,2021-01-14,2021-01-21,sz.302132,2025-06-16 20:07:08.972214
-0.02359,2021-01-15,2021-01-22,sz.302132,2025-06-16 20:07:08.972214
0.02187,2021-01-18,2021-01-25,sz.302132,2025-06-16 20:07:08.972214
-0.0501,2021-01-19,2021-01-26,sz.302132,2025-06-16 20:07:08.972214
0.04306,2021-01-20,2021-01-27,sz.302132,2025-06-16 20:07:08.972214
-0.01469,2021-01-21,2021-01-28,sz.302132,2025-06-16 20:07:08.972214
-0.114,2021-01-22,2021-01-29,sz.302132,2025-06-16 20:07:08.972214
-0.219,2021-01-25,2021-02-01,sz.302132,2025-06-16 20:07:08.972214
-0.1461,2021-01-26,2021-02-02,sz.302132,2025-06-16 20:07:08.972214
-0.05978,2021-01-27,2021-02-03,sz.302132,2025-06-16 20:07:08.972214
-0.017,2021-01-28,2021-02-04,sz.302132,2025-06-16 20:07:08.972214
-0.07916,2021-01-29,2021-02-05,sz.302132,2025-06-16 20:07:08.972214
-0.007004,2021-02-01,2021-02-08,sz.302132,2025-06-16 20:07:08.972214
-0.004513,2021-02-02,2021-02-09,sz.302132,2025-06-16 20:07:08.972214
-0.07806,2021-02-03,2021-02-10,sz.302132,2025-06-16 20:07:08.972214
-0.05664,2021-02-04,2021-02-11,sz.302132,2025-06-16 20:07:08.972214
-0.05664,2021-02-05,2021-02-12,sz.302132,2025-06-16 20:07:08.972214
-0.01746,2021-02-08,2021-02-15,sz.302132,2025-06-16 20:07:08.972214
0.01683,2021-02-09,2021-02-16,sz.302132,2025-06-16 20:07:08.972214
0.03522,2021-02-10,2021-02-17,sz.302132,2025-06-16 20:07:08.972214
-0.03348,2021-02-18,2021-02-25,sz.302132,2025-06-16 20:07:08.972214
0.04678,2021-02-19,2021-02-26,sz.302132,2025-06-16 20:07:08.972214
-0.0382,2021-02-22,2021-03-01,sz.302132,2025-06-16 20:07:08.972214
0.07404,2021-02-23,2021-03-02,sz.302132,2025-06-16 20:07:08.972214
0.0616,2021-02-24,2021-03-03,sz.302132,2025-06-16 20:07:08.972214
-0.004314,2021-02-25,2021-03-04,sz.302132,2025-06-16 20:07:08.972214
-0.00784,2021-02-26,2021-03-05,sz.302132,2025-06-16 20:07:08.972214
0.0649,2021-03-01,2021-03-08,sz.302132,2025-06-16 20:07:08.972214
0.05444,2021-03-02,2021-03-09,sz.302132,2025-06-16 20:07:08.972214
0.0614,2021-03-03,2021-03-10,sz.302132,2025-06-16 20:07:08.972214
0.05344,2021-03-04,2021-03-11,sz.302132,2025-06-16 20:07:08.972214
0.06207,2021-03-05,2021-03-12,sz.302132,2025-06-16 20:07:08.972214
-0.00465,2021-03-08,2021-03-15,sz.302132,2025-06-16 20:07:08.972214
-0.04364,2021-03-09,2021-03-16,sz.302132,2025-06-16 20:07:08.972214
-0.02524,2021-03-10,2021-03-17,sz.302132,2025-06-16 20:07:08.972214
0.0772,2021-03-11,2021-03-18,sz.302132,2025-06-16 20:07:08.972214
0.0416,2021-03-12,2021-03-19,sz.302132,2025-06-16 20:07:08.972214
0.10913,2021-03-15,2021-03-22,sz.302132,2025-06-16 20:07:08.972214
0.10913,2021-03-16,2021-03-23,sz.302132,2025-06-16 20:07:08.972214
0.004368,2021-03-17,2021-03-24,sz.302132,2025-06-16 20:07:08.972214
0.10657,2021-03-18,2021-03-25,sz.302132,2025-06-16 20:07:08.972214
0.0529,2021-03-19,2021-03-26,sz.302132,2025-06-16 20:07:08.972214
0.06216,2021-03-22,2021-03-29,sz.302132,2025-06-16 20:07:08.972214
0.03455,2021-03-23,2021-03-30,sz.302132,2025-06-16 20:07:08.972214
0.0622,2021-03-24,2021-03-31,sz.302132,2025-06-16 20:07:08.972214
0.0622,2021-03-25,2021-04-01,sz.302132,2025-06-16 20:07:08.972214
0.05524,2021-03-26,2021-04-02,sz.302132,2025-06-16 20:07:08.972214
0.04578,2021-03-29,2021-04-05,sz.302132,2025-06-16 20:07:08.972214
0.03134,2021-03-30,2021-04-06,sz.302132,2025-06-16 20:07:08.972214
0.02223,2021-03-31,2021-04-07,sz.302132,2025-06-16 20:07:08.972214
0.03497,2021-04-01,2021-04-08,sz.302132,2025-06-16 20:07:08.972214
0.04898,2021-04-02,2021-04-09,sz.302132,2025-06-16 20:07:08.972214
0.04584,2021-04-06,2021-04-13,sz.302132,2025-06-16 20:07:08.972214
0.03497,2021-04-07,2021-04-14,sz.302132,2025-06-16 20:07:08.972214
0.05524,2021-04-08,2021-04-15,sz.302132,2025-06-16 20:07:08.972214
0.03677,2021-04-09,2021-04-16,sz.302132,2025-06-16 20:07:08.972214
0.03087,2021-04-12,2021-04-19,sz.302132,2025-06-16 20:07:08.972214
0.02663,2021-04-13,2021-04-20,sz.302132,2025-06-16 20:07:08.972214
0.06396,2021-04-14,2021-04-21,sz.302132,2025-06-16 20:07:08.972214
0.02922,2021-04-15,2021-04-22,sz.302132,2025-06-16 20:07:08.972214
0.0511,2021-04-16,2021-04-23,sz.302132,2025-06-16 20:07:08.972214
0.05933,2021-04-19,2021-04-26,sz.302132,2025-06-16 20:07:08.972214
0.03564,2021-04-20,2021-04-27,sz.302132,2025-06-16 20:07:08.972214
0.04797,2021-04-21,2021-04-28,sz.302132,2025-06-16 20:07:08.972214
0.04797,2021-04-22,2021-04-29,sz.302132,2025-06-16 20:07:08.972214
-0.03003,2021-04-23,2021-04-30,sz.302132,2025-06-16 20:07:08.972214
0.01522,2021-04-26,2021-05-03,sz.302132,2025-06-16 20:07:08.972214
0.0585,2021-04-27,2021-05-04,sz.302132,2025-06-16 20:07:08.972214
0.0124,2021-04-28,2021-05-05,sz.302132,2025-06-16 20:07:08.972214
0.04898,2021-04-29,2021-05-06,sz.302132,2025-06-16 20:07:08.972214
-0.01123,2021-04-30,2021-05-07,sz.302132,2025-06-16 20:07:08.972214
0.01517,2021-05-06,2021-05-13,sz.302132,2025-06-16 20:07:08.972214
0.00733,2021-05-07,2021-05-14,sz.302132,2025-06-16 20:07:08.972214
-0.052,2021-05-10,2021-05-17,sz.302132,2025-06-16 20:07:08.972214
0.03433,2021-05-11,2021-05-18,sz.302132,2025-06-16 20:07:08.972214
-0.0186,2021-05-12,2021-05-19,sz.302132,2025-06-16 20:07:08.972214
-0.003,2021-05-13,2021-05-20,sz.302132,2025-06-16 20:07:08.972214
0.0493,2021-05-14,2021-05-21,sz.302132,2025-06-16 20:07:08.972214
0.00794,2021-05-17,2021-05-24,sz.302132,2025-06-16 20:07:08.972214
0.0538,2021-05-18,2021-05-25,sz.302132,2025-06-16 20:07:08.972214
-0.01541,2021-05-19,2021-05-26,sz.302132,2025-06-16 20:07:08.972214
0.00794,2021-05-20,2021-05-27,sz.302132,2025-06-16 20:07:08.972214
0.0168,2021-05-21,2021-05-28,sz.302132,2025-06-16 20:07:08.972214
-0.00802,2021-05-24,2021-05-31,sz.302132,2025-06-16 20:07:08.972214
0.0549,2021-05-25,2021-06-01,sz.302132,2025-06-16 20:07:08.972214
0.01532,2021-05-26,2021-06-02,sz.302132,2025-06-16 20:07:08.972214
0.07574,2021-05-27,2021-06-03,sz.302132,2025-06-16 20:07:08.972214
0.003233,2021-05-28,2021-06-04,sz.302132,2025-06-16 20:07:08.972214
0.0424,2021-05-31,2021-06-07,sz.302132,2025-06-16 20:07:08.972214
-0.05548,2021-06-01,2021-06-08,sz.302132,2025-06-16 20:07:08.972214
-0.0587,2021-06-02,2021-06-09,sz.302132,2025-06-16 20:07:08.972214
0.02187,2021-06-03,2021-06-10,sz.302132,2025-06-16 20:07:08.972214
0.08246,2021-06-04,2021-06-11,sz.302132,2025-06-16 20:07:08.972214
0.0442,2021-06-07,2021-06-14,sz.302132,2025-06-16 20:07:08.972214
-0.0013275,2021-06-08,2021-06-15,sz.302132,2025-06-16 20:07:08.972214
-0.0276,2021-06-09,2021-06-16,sz.302132,2025-06-16 20:07:08.972214
0.0563,2021-06-10,2021-06-17,sz.302132,2025-06-16 20:07:08.972214
0.02141,2021-06-11,2021-06-18,sz.302132,2025-06-16 20:07:08.972214
0.01826,2021-06-15,2021-06-22,sz.302132,2025-06-16 20:07:08.972214
0.01431,2021-06-16,2021-06-23,sz.302132,2025-06-16 20:07:08.972214
0.02153,2021-06-17,2021-06-24,sz.302132,2025-06-16 20:07:08.972214
0.01218,2021-06-18,2021-06-25,sz.302132,2025-06-16 20:07:08.972214
0.05988,2021-06-21,2021-06-28,sz.302132,2025-06-16 20:07:08.972214
0.002115,2021-06-22,2021-06-29,sz.302132,2025-06-16 20:07:08.972214
-0.03983,2021-06-23,2021-06-30,sz.302132,2025-06-16 20:07:08.972214
-0.03023,2021-06-24,2021-07-01,sz.302132,2025-06-16 20:07:08.972214
0.02148,2021-06-25,2021-07-02,sz.302132,2025-06-16 20:07:08.972214
0.0524,2021-06-28,2021-07-05,sz.302132,2025-06-16 20:07:08.972214
-0.04614,2021-06-29,2021-07-06,sz.302132,2025-06-16 20:07:08.972214
0.0827,2021-06-30,2021-07-07,sz.302132,2025-06-16 20:07:08.972214
-0.1241,2021-07-01,2021-07-08,sz.302132,2025-06-16 20:07:08.972214
0.01197,2021-07-02,2021-07-09,sz.302132,2025-06-16 20:07:08.972214
0.04364,2021-07-05,2021-07-12,sz.302132,2025-06-16 20:07:08.972214
0.0661,2021-07-06,2021-07-13,sz.302132,2025-06-16 20:07:08.972214
-0.00848,2021-07-07,2021-07-14,sz.302132,2025-06-16 20:07:08.972214
-0.01299,2021-07-08,2021-07-15,sz.302132,2025-06-16 20:07:08.972214
-0.0655,2021-07-09,2021-07-16,sz.302132,2025-06-16 20:07:08.972214
-0.07495,2021-07-12,2021-07-19,sz.302132,2025-06-16 20:07:08.972214
-0.03687,2021-07-13,2021-07-20,sz.302132,2025-06-16 20:07:08.972214
-0.06433,2021-07-14,2021-07-21,sz.302132,2025-06-16 20:07:08.972214
0.03094,2021-07-15,2021-07-22,sz.302132,2025-06-16 20:07:08.972214
-0.01576,2021-07-16,2021-07-23,sz.302132,2025-06-16 20:07:08.972214
-0.05536,2021-07-19,2021-07-26,sz.302132,2025-06-16 20:07:08.972214
0.002264,2021-07-20,2021-07-27,sz.302132,2025-06-16 20:07:08.972214
-0.01316,2021-07-21,2021-07-28,sz.302132,2025-06-16 20:07:08.972214
-0.0809,2021-07-22,2021-07-29,sz.302132,2025-06-16 20:07:08.972214
0.02583,2021-07-23,2021-07-30,sz.302132,2025-06-16 20:07:08.972214
0.03027,2021-07-26,2021-08-02,sz.302132,2025-06-16 20:07:08.972214
-0.1874,2021-07-27,2021-08-03,sz.302132,2025-06-16 20:07:08.972214
-0.2238,2021-07-28,2021-08-04,sz.302132,2025-06-16 20:07:08.972214
0.0392,2021-07-29,2021-08-05,sz.302132,2025-06-16 20:07:08.972214
0.0159,2021-07-30,2021-08-06,sz.302132,2025-06-16 20:07:08.972214
0.05646,2021-08-02,2021-08-09,sz.302132,2025-06-16 20:07:08.972214
-0.09735,2021-08-03,2021-08-10,sz.302132,2025-06-16 20:07:08.972214
-0.006252,2021-08-04,2021-08-11,sz.302132,2025-06-16 20:07:08.972214
-0.00983,2021-08-05,2021-08-12,sz.302132,2025-06-16 20:07:08.972214
0.0361,2021-08-06,2021-08-13,sz.302132,2025-06-16 20:07:08.972214
-0.11566,2021-08-09,2021-08-16,sz.302132,2025-06-16 20:07:08.972214
-0.0868,2021-08-10,2021-08-17,sz.302132,2025-06-16 20:07:08.972214
-0.010086,2021-08-11,2021-08-18,sz.302132,2025-06-16 20:07:08.972214
-0.1165,2021-08-12,2021-08-19,sz.302132,2025-06-16 20:07:08.972214
-0.02141,2021-08-13,2021-08-20,sz.302132,2025-06-16 20:07:08.972214
-0.1219,2021-08-16,2021-08-23,sz.302132,2025-06-16 20:07:08.972214
-0.06186,2021-08-17,2021-08-24,sz.302132,2025-06-16 20:07:08.972214
-0.0586,2021-08-18,2021-08-25,sz.302132,2025-06-16 20:07:08.972214
-0.024,2021-08-19,2021-08-26,sz.302132,2025-06-16 20:07:08.972214
-0.07477,2021-08-20,2021-08-27,sz.302132,2025-06-16 20:07:08.972214
0.02284,2021-08-23,2021-08-30,sz.302132,2025-06-16 20:07:08.972214
-0.01575,2021-08-24,2021-08-31,sz.302132,2025-06-16 20:07:08.972214
-0.1653,2021-08-25,2021-09-01,sz.302132,2025-06-16 20:07:08.972214
-0.0854,2021-08-26,2021-09-02,sz.302132,2025-06-16 20:07:08.972214
-0.04132,2021-08-27,2021-09-03,sz.302132,2025-06-16 20:07:08.972214
0.03134,2021-08-30,2021-09-06,sz.302132,2025-06-16 20:07:08.972214
-0.0479,2021-08-31,2021-09-07,sz.302132,2025-06-16 20:07:08.972214
-0.2852,2021-09-01,2021-09-08,sz.302132,2025-06-16 20:07:08.972214
0.02058,2021-09-02,2021-09-09,sz.302132,2025-06-16 20:07:08.972214
-0.1626,2021-09-03,2021-09-10,sz.302132,2025-06-16 20:07:08.972214
-0.0223,2021-09-06,2021-09-13,sz.302132,2025-06-16 20:07:08.972214
0.01874,2021-09-07,2021-09-14,sz.302132,2025-06-16 20:07:08.972214
-0.06964,2021-09-08,2021-09-15,sz.302132,2025-06-16 20:07:08.972214
0.02162,2021-09-09,2021-09-16,sz.302132,2025-06-16 20:07:08.972214
-0.01249,2021-09-10,2021-09-17,sz.302132,2025-06-16 20:07:08.972214
-0.08124,2021-09-13,2021-09-20,sz.302132,2025-06-16 20:07:08.972214
-0.06067,2021-09-14,2021-09-21,sz.302132,2025-06-16 20:07:08.972214
-0.001639,2021-09-15,2021-09-22,sz.302132,2025-06-16 20:07:08.972214
-0.0712,2021-09-16,2021-09-23,sz.302132,2025-06-16 20:07:08.972214
-0.07336,2021-09-17,2021-09-24,sz.302132,2025-06-16 20:07:08.972214
0.04575,2021-09-22,2021-09-29,sz.302132,2025-06-16 20:07:08.972214
0.0192,2021-09-23,2021-09-30,sz.302132,2025-06-16 20:07:08.972214
-0.03198,2021-09-24,2021-10-01,sz.302132,2025-06-16 20:07:08.972214
-0.0958,2021-09-27,2021-10-04,sz.302132,2025-06-16 20:07:08.972214
0.05225,2021-09-28,2021-10-05,sz.302132,2025-06-16 20:07:08.972214
-0.0982,2021-09-29,2021-10-06,sz.302132,2025-06-16 20:07:08.972214
0.01369,2021-09-30,2021-10-07,sz.302132,2025-06-16 20:07:08.972214
0.01222,2021-10-08,2021-10-15,sz.302132,2025-06-16 20:07:08.972214
-0.03412,2021-10-11,2021-10-18,sz.302132,2025-06-16 20:07:08.972214
-0.1025,2021-10-12,2021-10-19,sz.302132,2025-06-16 20:07:08.972214
0.04462,2021-10-13,2021-10-20,sz.302132,2025-06-16 20:07:08.972214
0.04666,2021-10-14,2021-10-21,sz.302132,2025-06-16 20:07:08.972214
-0.00601,2021-10-15,2021-10-22,sz.302132,2025-06-16 20:07:08.972214
0.0461,2021-10-18,2021-10-25,sz.302132,2025-06-16 20:07:08.972214
0.0384,2021-10-19,2021-10-26,sz.302132,2025-06-16 20:07:08.972214
0.0325,2021-10-20,2021-10-27,sz.302132,2025-06-16 20:07:08.972214
-0.01176,2021-10-21,2021-10-28,sz.302132,2025-06-16 20:07:08.972214
0.003298,2021-10-22,2021-10-29,sz.302132,2025-06-16 20:07:08.972214
0.07623,2021-10-25,2021-11-01,sz.302132,2025-06-16 20:07:08.972214
0.03738,2021-10-26,2021-11-02,sz.302132,2025-06-16 20:07:08.972214
-0.1785,2021-10-27,2021-11-03,sz.302132,2025-06-16 20:07:08.972214
-0.0702,2021-10-28,2021-11-04,sz.302132,2025-06-16 20:07:08.972214
0.0365,2021-10-29,2021-11-05,sz.302132,2025-06-16 20:07:08.972214
0.08954,2021-11-01,2021-11-08,sz.302132,2025-06-16 20:07:08.972214
0.01103,2021-11-02,2021-11-09,sz.302132,2025-06-16 20:07:08.972214
-0.03442,2021-11-03,2021-11-10,sz.302132,2025-06-16 20:07:08.972214
0.0205,2021-11-04,2021-11-11,sz.302132,2025-06-16 20:07:08.972214
-0.003359,2021-11-05,2021-11-12,sz.302132,2025-06-16 20:07:08.972214
-0.11066,2021-11-08,2021-11-15,sz.302132,2025-06-16 20:07:08.972214
0.04993,2021-11-09,2021-11-16,sz.302132,2025-06-16 20:07:08.972214
0.006626,2021-11-10,2021-11-17,sz.302132,2025-06-16 20:07:08.972214
-0.0536,2021-11-11,2021-11-18,sz.302132,2025-06-16 20:07:08.972214
0.0371,2021-11-12,2021-11-19,sz.302132,2025-06-16 20:07:08.972214
-0.0638,2021-11-15,2021-11-22,sz.302132,2025-06-16 20:07:08.972214
-0.0751,2021-11-16,2021-11-23,sz.302132,2025-06-16 20:07:08.972214
0.01071,2021-11-17,2021-11-24,sz.302132,2025-06-16 20:07:08.972214
0.00929,2021-11-18,2021-11-25,sz.302132,2025-06-16 20:07:08.972214
0.0178,2021-11-19,2021-11-26,sz.302132,2025-06-16 20:07:08.972214
-0.04456,2021-11-22,2021-11-29,sz.302132,2025-06-16 20:07:08.972214
-0.02826,2021-11-23,2021-11-30,sz.302132,2025-06-16 20:07:08.972214
-0.0861,2021-11-24,2021-12-01,sz.302132,2025-06-16 20:07:08.972214
-0.00621,2021-11-25,2021-12-02,sz.302132,2025-06-16 20:07:08.972214
-0.07587,2021-11-26,2021-12-03,sz.302132,2025-06-16 20:07:08.972214
0.01429,2021-11-29,2021-12-06,sz.302132,2025-06-16 20:07:08.972214
0.00633,2021-11-30,2021-12-07,sz.302132,2025-06-16 20:07:08.972214
-0.03848,2021-12-01,2021-12-08,sz.302132,2025-06-16 20:07:08.972214
-0.069,2021-12-02,2021-12-09,sz.302132,2025-06-16 20:07:08.972214
0.000984,2021-12-03,2021-12-10,sz.302132,2025-06-16 20:07:08.972214
-0.02252,2021-12-06,2021-12-13,sz.302132,2025-06-16 20:07:08.972214
-0.1742,2021-12-07,2021-12-14,sz.302132,2025-06-16 20:07:08.972214
-0.00244,2021-12-08,2021-12-15,sz.302132,2025-06-16 20:07:08.972214
-0.0179,2021-12-09,2021-12-16,sz.302132,2025-06-16 20:07:08.972214
-0.0425,2021-12-10,2021-12-17,sz.302132,2025-06-16 20:07:08.972214
-0.02847,2021-12-13,2021-12-20,sz.302132,2025-06-16 20:07:08.972214
-0.01254,2021-12-14,2021-12-21,sz.302132,2025-06-16 20:07:08.972214
-0.03354,2021-12-15,2021-12-22,sz.302132,2025-06-16 20:07:08.972214
0.0244,2021-12-16,2021-12-23,sz.302132,2025-06-16 20:07:08.972214
-0.0805,2021-12-17,2021-12-24,sz.302132,2025-06-16 20:07:08.972214
-0.127,2021-12-20,2021-12-27,sz.302132,2025-06-16 20:07:08.972214
0.04684,2021-12-21,2021-12-28,sz.302132,2025-06-16 20:07:08.972214
-0.02937,2021-12-22,2021-12-29,sz.302132,2025-06-16 20:07:08.972214
0.0252,2021-12-23,2021-12-30,sz.302132,2025-06-16 20:07:08.972214
-0.05118,2021-12-24,2021-12-31,sz.302132,2025-06-16 20:07:08.972214
0.01683,2021-12-27,2022-01-03,sz.302132,2025-06-16 20:07:08.972214
0.0246,2021-12-28,2022-01-04,sz.302132,2025-06-16 20:07:08.972214
0.006077,2021-12-29,2022-01-05,sz.302132,2025-06-16 20:07:08.972214
-0.02805,2021-12-30,2022-01-06,sz.302132,2025-06-16 20:07:08.972214
-0.01822,2021-12-31,2022-01-07,sz.302132,2025-06-16 20:07:08.972214
-0.03522,2022-01-04,2022-01-11,sz.302132,2025-06-16 20:07:08.972214
-0.1681,2022-01-05,2022-01-12,sz.302132,2025-06-16 20:07:08.972214
-0.01823,2022-01-06,2022-01-13,sz.302132,2025-06-16 20:07:08.972214
-0.11084,2022-01-07,2022-01-14,sz.302132,2025-06-16 20:07:08.972214
0.04123,2022-01-10,2022-01-17,sz.302132,2025-06-16 20:07:08.972214
-0.0446,2022-01-11,2022-01-18,sz.302132,2025-06-16 20:07:08.972214
0.0514,2022-01-12,2022-01-19,sz.302132,2025-06-16 20:07:08.972214
-0.11743,2022-01-13,2022-01-20,sz.302132,2025-06-16 20:07:08.972214
0.03067,2022-01-14,2022-01-21,sz.302132,2025-06-16 20:07:08.972214
0.0544,2022-01-17,2022-01-24,sz.302132,2025-06-16 20:07:08.972214
0.01123,2022-01-18,2022-01-25,sz.302132,2025-06-16 20:07:08.972214
-0.02463,2022-01-19,2022-01-26,sz.302132,2025-06-16 20:07:08.972214
0.007378,2022-01-20,2022-01-27,sz.302132,2025-06-16 20:07:08.972214
-0.003258,2022-01-21,2022-01-28,sz.302132,2025-06-16 20:07:08.972214
0.010994,2022-01-24,2022-01-31,sz.302132,2025-06-16 20:07:08.972214
-0.1533,2022-01-25,2022-02-01,sz.302132,2025-06-16 20:07:08.972214
0.0649,2022-01-26,2022-02-02,sz.302132,2025-06-16 20:07:08.972214
0.005165,2022-01-27,2022-02-03,sz.302132,2025-06-16 20:07:08.972214
-0.0286,2022-01-28,2022-02-04,sz.302132,2025-06-16 20:07:08.972214
-0.01613,2022-02-07,2022-02-14,sz.302132,2025-06-16 20:07:08.972214
0.03397,2022-02-08,2022-02-15,sz.302132,2025-06-16 20:07:08.972214
0.03885,2022-02-09,2022-02-16,sz.302132,2025-06-16 20:07:08.972214
-0.00962,2022-02-10,2022-02-17,sz.302132,2025-06-16 20:07:08.972214
-0.00902,2022-02-11,2022-02-18,sz.302132,2025-06-16 20:07:08.972214
0.03928,2022-02-14,2022-02-21,sz.302132,2025-06-16 20:07:08.972214
0.04858,2022-02-15,2022-02-22,sz.302132,2025-06-16 20:07:08.972214
0.03885,2022-02-16,2022-02-23,sz.302132,2025-06-16 20:07:08.972214
0.04892,2022-02-17,2022-02-24,sz.302132,2025-06-16 20:07:08.972214
0.04376,2022-02-18,2022-02-25,sz.302132,2025-06-16 20:07:08.972214
0.04425,2022-02-21,2022-02-28,sz.302132,2025-06-16 20:07:08.972214
0.04105,2022-02-22,2022-03-01,sz.302132,2025-06-16 20:07:08.972214
0.0286,2022-02-23,2022-03-02,sz.302132,2025-06-16 20:07:08.972214
0.01842,2022-02-24,2022-03-03,sz.302132,2025-06-16 20:07:08.972214
0.0111,2022-02-25,2022-03-04,sz.302132,2025-06-16 20:07:08.972214
0.03986,2022-02-28,2022-03-07,sz.302132,2025-06-16 20:07:08.972214
0.0676,2022-03-01,2022-03-08,sz.302132,2025-06-16 20:07:08.972214
0.02577,2022-03-02,2022-03-09,sz.302132,2025-06-16 20:07:08.972214
-0.01518,2022-03-03,2022-03-10,sz.302132,2025-06-16 20:07:08.972214
-0.0583,2022-03-04,2022-03-11,sz.302132,2025-06-16 20:07:08.972214
-0.0015955,2022-03-07,2022-03-14,sz.302132,2025-06-16 20:07:08.972214
-0.04498,2022-03-08,2022-03-15,sz.302132,2025-06-16 20:07:08.972214
-0.0802,2022-03-09,2022-03-16,sz.302132,2025-06-16 20:07:08.972214
-0.03436,2022-03-10,2022-03-17,sz.302132,2025-06-16 20:07:08.972214
0.0607,2022-03-11,2022-03-18,sz.302132,2025-06-16 20:07:08.972214
-0.04047,2022-03-14,2022-03-21,sz.302132,2025-06-16 20:07:08.972214
-0.12244,2022-03-15,2022-03-22,sz.302132,2025-06-16 20:07:08.972214
0.00675,2022-03-16,2022-03-23,sz.302132,2025-06-16 20:07:08.972214
0.01646,2022-03-17,2022-03-24,sz.302132,2025-06-16 20:07:08.972214
0.04572,2022-03-18,2022-03-25,sz.302132,2025-06-16 20:07:08.972214
0.04102,2022-03-21,2022-03-28,sz.302132,2025-06-16 20:07:08.972214
0.02402,2022-03-22,2022-03-29,sz.302132,2025-06-16 20:07:08.972214
0.01055,2022-03-23,2022-03-30,sz.302132,2025-06-16 20:07:08.972214
-0.02063,2022-03-24,2022-03-31,sz.302132,2025-06-16 20:07:08.972214
-0.02286,2022-03-25,2022-04-01,sz.302132,2025-06-16 20:07:08.972214
-0.01569,2022-03-28,2022-04-04,sz.302132,2025-06-16 20:07:08.972214
0.0175,2022-03-29,2022-04-05,sz.302132,2025-06-16 20:07:08.972214
0.0927,2022-03-30,2022-04-06,sz.302132,2025-06-16 20:07:08.972214
0.003202,2022-03-31,2022-04-07,sz.302132,2025-06-16 20:07:08.972214
0.02705,2022-04-01,2022-04-08,sz.302132,2025-06-16 20:07:08.972214
0.0713,2022-04-06,2022-04-13,sz.302132,2025-06-16 20:07:08.972214
0.0449,2022-04-07,2022-04-14,sz.302132,2025-06-16 20:07:08.972214
-0.04703,2022-04-08,2022-04-15,sz.302132,2025-06-16 20:07:08.972214
-0.03586,2022-04-11,2022-04-18,sz.302132,2025-06-16 20:07:08.972214
0.0512,2022-04-12,2022-04-19,sz.302132,2025-06-16 20:07:08.972214
0.01947,2022-04-13,2022-04-20,sz.302132,2025-06-16 20:07:08.972214
0.0704,2022-04-14,2022-04-21,sz.302132,2025-06-16 20:07:08.972214
0.1196,2022-04-15,2022-04-22,sz.302132,2025-06-16 20:07:08.972214
0.0819,2022-04-18,2022-04-25,sz.302132,2025-06-16 20:07:08.972214
0.03027,2022-04-19,2022-04-26,sz.302132,2025-06-16 20:07:08.972214
-0.036,2022-04-20,2022-04-27,sz.302132,2025-06-16 20:07:08.972214
0.01958,2022-04-21,2022-04-28,sz.302132,2025-06-16 20:07:08.972214
0.03072,2022-04-22,2022-04-29,sz.302132,2025-06-16 20:07:08.972214
-0.2795,2022-04-25,2022-05-02,sz.302132,2025-06-16 20:07:08.972214
-0.0726,2022-04-26,2022-05-03,sz.302132,2025-06-16 20:07:08.972214
0.0946,2022-04-27,2022-05-04,sz.302132,2025-06-16 20:07:08.972214
-0.1838,2022-04-28,2022-05-05,sz.302132,2025-06-16 20:07:08.972214
0.0609,2022-04-29,2022-05-06,sz.302132,2025-06-16 20:07:08.972214
0.03937,2022-05-05,2022-05-12,sz.302132,2025-06-16 20:07:08.972214
0.0222,2022-05-06,2022-05-13,sz.302132,2025-06-16 20:07:08.972214
0.03152,2022-05-09,2022-05-16,sz.302132,2025-06-16 20:07:08.972214
0.05634,2022-05-10,2022-05-17,sz.302132,2025-06-16 20:07:08.972214
0.0004778,2022-05-11,2022-05-18,sz.302132,2025-06-16 20:07:08.972214
0.0007563,2022-05-12,2022-05-19,sz.302132,2025-06-16 20:07:08.972214
0.0937,2022-05-13,2022-05-20,sz.302132,2025-06-16 20:07:08.972214
0.0481,2022-05-16,2022-05-23,sz.302132,2025-06-16 20:07:08.972214
-2.59e-05,2022-05-17,2022-05-24,sz.302132,2025-06-16 20:07:08.972214
0.02577,2022-05-18,2022-05-25,sz.302132,2025-06-16 20:07:08.972214
0.08746,2022-05-19,2022-05-26,sz.302132,2025-06-16 20:07:08.972214
0.02164,2022-05-20,2022-05-27,sz.302132,2025-06-16 20:07:08.972214
0.02596,2022-05-23,2022-05-30,sz.302132,2025-06-16 20:07:08.972214
-0.0664,2022-05-24,2022-05-31,sz.302132,2025-06-16 20:07:08.972214
0.0593,2022-05-25,2022-06-01,sz.302132,2025-06-16 20:07:08.972214
0.0649,2022-05-26,2022-06-02,sz.302132,2025-06-16 20:07:08.972214
-0.05383,2022-05-27,2022-06-03,sz.302132,2025-06-16 20:07:08.972214
0.06085,2022-05-30,2022-06-06,sz.302132,2025-06-16 20:07:08.972214
0.07825,2022-05-31,2022-06-07,sz.302132,2025-06-16 20:07:08.972214
0.0676,2022-06-01,2022-06-08,sz.302132,2025-06-16 20:07:08.972214
0.07825,2022-06-02,2022-06-09,sz.302132,2025-06-16 20:07:08.972214
0.07336,2022-06-06,2022-06-13,sz.302132,2025-06-16 20:07:08.972214
-0.01416,2022-06-07,2022-06-14,sz.302132,2025-06-16 20:07:08.972214
0.02798,2022-06-08,2022-06-15,sz.302132,2025-06-16 20:07:08.972214
0.02213,2022-06-09,2022-06-16,sz.302132,2025-06-16 20:07:08.972214
0.0646,2022-06-10,2022-06-17,sz.302132,2025-06-16 20:07:08.972214
0.02257,2022-06-13,2022-06-20,sz.302132,2025-06-16 20:07:08.972214
-0.02742,2022-06-14,2022-06-21,sz.302132,2025-06-16 20:07:08.972214
0.05557,2022-06-15,2022-06-22,sz.302132,2025-06-16 20:07:08.972214
0.0579,2022-06-16,2022-06-23,sz.302132,2025-06-16 20:07:08.972214
0.06866,2022-06-17,2022-06-24,sz.302132,2025-06-16 20:07:08.972214
0.0668,2022-06-20,2022-06-27,sz.302132,2025-06-16 20:07:08.972214
-0.01704,2022-06-21,2022-06-28,sz.302132,2025-06-16 20:07:08.972214
0.0588,2022-06-22,2022-06-29,sz.302132,2025-06-16 20:07:08.972214
0.06714,2022-06-23,2022-06-30,sz.302132,2025-06-16 20:07:08.972214
0.0737,2022-06-24,2022-07-01,sz.302132,2025-06-16 20:07:08.972214
-0.01346,2022-06-27,2022-07-04,sz.302132,2025-06-16 20:07:08.972214
0.03827,2022-06-28,2022-07-05,sz.302132,2025-06-16 20:07:08.972214
-0.03143,2022-06-29,2022-07-06,sz.302132,2025-06-16 20:07:08.972214
0.05447,2022-06-30,2022-07-07,sz.302132,2025-06-16 20:07:08.972214
0.048,2022-07-01,2022-07-08,sz.302132,2025-06-16 20:07:08.972214
0.04977,2022-07-04,2022-07-11,sz.302132,2025-06-16 20:07:08.972214
-0.00895,2022-07-05,2022-07-12,sz.302132,2025-06-16 20:07:08.972214
0.03394,2022-07-06,2022-07-13,sz.302132,2025-06-16 20:07:08.972214
0.0481,2022-07-07,2022-07-14,sz.302132,2025-06-16 20:07:08.972214
0.03427,2022-07-08,2022-07-15,sz.302132,2025-06-16 20:07:08.972214
-0.004982,2022-07-11,2022-07-18,sz.302132,2025-06-16 20:07:08.972214
0.02556,2022-07-12,2022-07-19,sz.302132,2025-06-16 20:07:08.972214
0.013466,2022-07-13,2022-07-20,sz.302132,2025-06-16 20:07:08.972214
0.02663,2022-07-14,2022-07-21,sz.302132,2025-06-16 20:07:08.972214
0.0338,2022-07-15,2022-07-22,sz.302132,2025-06-16 20:07:08.972214
0.03284,2022-07-18,2022-07-25,sz.302132,2025-06-16 20:07:08.972214
0.0777,2022-07-19,2022-07-26,sz.302132,2025-06-16 20:07:08.972214
0.04703,2022-07-20,2022-07-27,sz.302132,2025-06-16 20:07:08.972214
-0.007084,2022-07-21,2022-07-28,sz.302132,2025-06-16 20:07:08.972214
-0.003294,2022-07-22,2022-07-29,sz.302132,2025-06-16 20:07:08.972214
-0.03087,2022-07-25,2022-08-01,sz.302132,2025-06-16 20:07:08.972214
0.0682,2022-07-26,2022-08-02,sz.302132,2025-06-16 20:07:08.972214
0.0464,2022-07-27,2022-08-03,sz.302132,2025-06-16 20:07:08.972214
0.05563,2022-07-28,2022-08-04,sz.302132,2025-06-16 20:07:08.972214
0.0456,2022-07-29,2022-08-05,sz.302132,2025-06-16 20:07:08.972214
0.03064,2022-08-01,2022-08-08,sz.302132,2025-06-16 20:07:08.972214
-0.06256,2022-08-02,2022-08-09,sz.302132,2025-06-16 20:07:08.972214
-0.02443,2022-08-03,2022-08-10,sz.302132,2025-06-16 20:07:08.972214
0.03226,2022-08-04,2022-08-11,sz.302132,2025-06-16 20:07:08.972214
0.02737,2022-08-05,2022-08-12,sz.302132,2025-06-16 20:07:08.972214
0.0409,2022-08-08,2022-08-15,sz.302132,2025-06-16 20:07:08.972214
0.05072,2022-08-09,2022-08-16,sz.302132,2025-06-16 20:07:08.972214
-0.009125,2022-08-10,2022-08-17,sz.302132,2025-06-16 20:07:08.972214
0.06836,2022-08-11,2022-08-18,sz.302132,2025-06-16 20:07:08.972214
-0.02205,2022-08-12,2022-08-19,sz.302132,2025-06-16 20:07:08.972214
0.0137,2022-08-15,2022-08-22,sz.302132,2025-06-16 20:07:08.972214
0.00702,2022-08-16,2022-08-23,sz.302132,2025-06-16 20:07:08.972214
0.00702,2022-08-17,2022-08-24,sz.302132,2025-06-16 20:07:08.972214
0.04126,2022-08-18,2022-08-25,sz.302132,2025-06-16 20:07:08.972214
0.007565,2022-08-19,2022-08-26,sz.302132,2025-06-16 20:07:08.972214
0.0486,2022-08-22,2022-08-29,sz.302132,2025-06-16 20:07:08.972214
-0.02014,2022-08-23,2022-08-30,sz.302132,2025-06-16 20:07:08.972214
-0.10895,2022-08-24,2022-08-31,sz.302132,2025-06-16 20:07:08.972214
-0.02702,2022-08-25,2022-09-01,sz.302132,2025-06-16 20:07:08.972214
-0.03076,2022-08-26,2022-09-02,sz.302132,2025-06-16 20:07:08.972214
0.02057,2022-08-29,2022-09-05,sz.302132,2025-06-16 20:07:08.972214
0.0758,2022-08-30,2022-09-06,sz.302132,2025-06-16 20:07:08.972214
0.0327,2022-08-31,2022-09-07,sz.302132,2025-06-16 20:07:08.972214
0.01805,2022-09-01,2022-09-08,sz.302132,2025-06-16 20:07:08.972214
0.02057,2022-09-02,2022-09-09,sz.302132,2025-06-16 20:07:08.972214
-0.001665,2022-09-05,2022-09-12,sz.302132,2025-06-16 20:07:08.972214
0.02454,2022-09-06,2022-09-13,sz.302132,2025-06-16 20:07:08.972214
0.03577,2022-09-07,2022-09-14,sz.302132,2025-06-16 20:07:08.972214
0.03345,2022-09-08,2022-09-15,sz.302132,2025-06-16 20:07:08.972214
0.03345,2022-09-09,2022-09-16,sz.302132,2025-06-16 20:07:08.972214
0.03345,2022-09-13,2022-09-20,sz.302132,2025-06-16 20:07:08.972214
0.0794,2022-09-14,2022-09-21,sz.302132,2025-06-16 20:07:08.972214
-0.01316,2022-09-15,2022-09-22,sz.302132,2025-06-16 20:07:08.972214
-0.05658,2022-09-16,2022-09-23,sz.302132,2025-06-16 20:07:08.972214
-0.015594,2022-09-19,2022-09-26,sz.302132,2025-06-16 20:07:08.972214
0.04984,2022-09-20,2022-09-27,sz.302132,2025-06-16 20:07:08.972214
0.04175,2022-09-21,2022-09-28,sz.302132,2025-06-16 20:07:08.972214
0.03525,2022-09-22,2022-09-29,sz.302132,2025-06-16 20:07:08.972214
-0.01837,2022-09-23,2022-09-30,sz.302132,2025-06-16 20:07:08.972214
0.002153,2022-09-26,2022-10-03,sz.302132,2025-06-16 20:07:08.972214
-0.01557,2022-09-27,2022-10-04,sz.302132,2025-06-16 20:07:08.972214
-0.05084,2022-09-28,2022-10-05,sz.302132,2025-06-16 20:07:08.972214
0.00666,2022-09-29,2022-10-06,sz.302132,2025-06-16 20:07:08.972214
-0.06055,2022-09-30,2022-10-07,sz.302132,2025-06-16 20:07:08.972214
-0.02512,2022-10-10,2022-10-17,sz.302132,2025-06-16 20:07:08.972214
0.07416,2022-10-11,2022-10-18,sz.302132,2025-06-16 20:07:08.972214
0.072,2022-10-12,2022-10-19,sz.302132,2025-06-16 20:07:08.972214
0.0347,2022-10-13,2022-10-20,sz.302132,2025-06-16 20:07:08.972214
0.01226,2022-10-14,2022-10-21,sz.302132,2025-06-16 20:07:08.972214
0.04465,2022-10-17,2022-10-24,sz.302132,2025-06-16 20:07:08.972214
0.04984,2022-10-18,2022-10-25,sz.302132,2025-06-16 20:07:08.972214
0.05014,2022-10-19,2022-10-26,sz.302132,2025-06-16 20:07:08.972214
-0.01672,2022-10-20,2022-10-27,sz.302132,2025-06-16 20:07:08.972214
0.05176,2022-10-21,2022-10-28,sz.302132,2025-06-16 20:07:08.972214
-0.01645,2022-10-24,2022-10-31,sz.302132,2025-06-16 20:07:08.972214
0.03525,2022-10-25,2022-11-01,sz.302132,2025-06-16 20:07:08.972214
0.03717,2022-10-26,2022-11-02,sz.302132,2025-06-16 20:07:08.972214
0.0217,2022-10-27,2022-11-03,sz.302132,2025-06-16 20:07:08.972214
0.02258,2022-10-28,2022-11-04,sz.302132,2025-06-16 20:07:08.972214
0.08026,2022-10-31,2022-11-07,sz.302132,2025-06-16 20:07:08.972214
0.012634,2022-11-01,2022-11-08,sz.302132,2025-06-16 20:07:08.972214
0.0794,2022-11-02,2022-11-09,sz.302132,2025-06-16 20:07:08.972214
0.0794,2022-11-03,2022-11-10,sz.302132,2025-06-16 20:07:08.972214
0.01831,2022-11-04,2022-11-11,sz.302132,2025-06-16 20:07:08.972214
0.01831,2022-11-07,2022-11-14,sz.302132,2025-06-16 20:07:08.972214
0.0833,2022-11-08,2022-11-15,sz.302132,2025-06-16 20:07:08.972214
0.01862,2022-11-09,2022-11-16,sz.302132,2025-06-16 20:07:08.972214
-0.0006924,2022-11-10,2022-11-17,sz.302132,2025-06-16 20:07:08.972214
0.01599,2022-11-11,2022-11-18,sz.302132,2025-06-16 20:07:08.972214
0.01599,2022-11-14,2022-11-21,sz.302132,2025-06-16 20:07:08.972214
0.02084,2022-11-15,2022-11-22,sz.302132,2025-06-16 20:07:08.972214
0.01862,2022-11-16,2022-11-23,sz.302132,2025-06-16 20:07:08.972214
0.06122,2022-11-17,2022-11-24,sz.302132,2025-06-16 20:07:08.972214
0.02092,2022-11-18,2022-11-25,sz.302132,2025-06-16 20:07:08.972214
0.02115,2022-11-21,2022-11-28,sz.302132,2025-06-16 20:07:08.972214
0.01982,2022-11-22,2022-11-29,sz.302132,2025-06-16 20:07:08.972214
0.01854,2022-11-23,2022-11-30,sz.302132,2025-06-16 20:07:08.972214
-0.0685,2022-11-24,2022-12-01,sz.302132,2025-06-16 20:07:08.972214
-0.01288,2022-11-25,2022-12-02,sz.302132,2025-06-16 20:07:08.972214
0.005894,2022-11-28,2022-12-05,sz.302132,2025-06-16 20:07:08.972214
0.0805,2022-11-29,2022-12-06,sz.302132,2025-06-16 20:07:08.972214
0.0833,2022-11-30,2022-12-07,sz.302132,2025-06-16 20:07:08.972214
0.06122,2022-12-01,2022-12-08,sz.302132,2025-06-16 20:07:08.972214
0.0416,2022-12-02,2022-12-09,sz.302132,2025-06-16 20:07:08.972214
0.0367,2022-12-05,2022-12-12,sz.302132,2025-06-16 20:07:08.972214
0.000992,2022-12-06,2022-12-13,sz.302132,2025-06-16 20:07:08.972214
-0.0122,2022-12-07,2022-12-14,sz.302132,2025-06-16 20:07:08.972214
0.0252,2022-12-08,2022-12-15,sz.302132,2025-06-16 20:07:08.972214
0.0201,2022-12-09,2022-12-16,sz.302132,2025-06-16 20:07:08.972214
0.03195,2022-12-12,2022-12-19,sz.302132,2025-06-16 20:07:08.972214
-0.0626,2022-12-13,2022-12-20,sz.302132,2025-06-16 20:07:08.972214
-0.04565,2022-12-14,2022-12-21,sz.302132,2025-06-16 20:07:08.972214
-0.03065,2022-12-15,2022-12-22,sz.302132,2025-06-16 20:07:08.972214
0.03336,2022-12-16,2022-12-23,sz.302132,2025-06-16 20:07:08.972214
0.01467,2022-12-19,2022-12-26,sz.302132,2025-06-16 20:07:08.972214
-0.003304,2022-12-20,2022-12-27,sz.302132,2025-06-16 20:07:08.972214
-0.05853,2022-12-21,2022-12-28,sz.302132,2025-06-16 20:07:08.972214
0.0451,2022-12-22,2022-12-29,sz.302132,2025-06-16 20:07:08.972214
0.04944,2022-12-23,2022-12-30,sz.302132,2025-06-16 20:07:08.972214
0.05685,2022-12-26,2023-01-02,sz.302132,2025-06-16 20:07:08.972214
0.003595,2022-12-27,2023-01-03,sz.302132,2025-06-16 20:07:08.972214
0.05212,2022-12-28,2023-01-04,sz.302132,2025-06-16 20:07:08.972214
0.05212,2022-12-29,2023-01-05,sz.302132,2025-06-16 20:07:08.972214
0.003595,2022-12-30,2023-01-06,sz.302132,2025-06-16 20:07:08.972214
0.0763,2023-01-03,2023-01-10,sz.302132,2025-06-16 20:07:08.972214
-0.01697,2023-01-04,2023-01-11,sz.302132,2025-06-16 20:07:08.972214
0.03023,2023-01-05,2023-01-12,sz.302132,2025-06-16 20:07:08.972214
-0.0344,2023-01-06,2023-01-13,sz.302132,2025-06-16 20:07:08.972214
-0.01697,2023-01-09,2023-01-16,sz.302132,2025-06-16 20:07:08.972214
0.02943,2023-01-10,2023-01-17,sz.302132,2025-06-16 20:07:08.972214
0.02888,2023-01-11,2023-01-18,sz.302132,2025-06-16 20:07:08.972214
0.03384,2023-02-02,2023-02-09,sz.302132,2025-06-16 20:07:08.972214
0.001406,2023-02-03,2023-02-10,sz.302132,2025-06-16 20:07:08.972214
0.002707,2023-02-06,2023-02-13,sz.302132,2025-06-16 20:07:08.972214
0.01258,2023-02-07,2023-02-14,sz.302132,2025-06-16 20:07:08.972214
-0.03564,2023-02-08,2023-02-15,sz.302132,2025-06-16 20:07:08.972214
-0.006294,2023-02-09,2023-02-16,sz.302132,2025-06-16 20:07:08.972214
-0.0527,2023-02-10,2023-02-17,sz.302132,2025-06-16 20:07:08.972214
-0.0629,2023-02-13,2023-02-20,sz.302132,2025-06-16 20:07:08.972214
-0.2637,2023-02-14,2023-02-21,sz.302132,2025-06-16 20:07:08.972214
-0.1761,2023-02-15,2023-02-22,sz.302132,2025-06-16 20:07:08.972214
-0.416,2023-02-16,2023-02-23,sz.302132,2025-06-16 20:07:08.972214
-0.266,2023-02-17,2023-02-24,sz.302132,2025-06-16 20:07:08.972214
-0.3455,2023-02-20,2023-02-27,sz.302132,2025-06-16 20:07:08.972214
-0.1257,2023-02-21,2023-02-28,sz.302132,2025-06-16 20:07:08.972214
-0.1892,2023-02-22,2023-03-01,sz.302132,2025-06-16 20:07:08.972214
-0.5073,2023-02-23,2023-03-02,sz.302132,2025-06-16 20:07:08.972214
-0.1814,2023-02-24,2023-03-03,sz.302132,2025-06-16 20:07:08.972214
-0.2935,2023-02-27,2023-03-06,sz.302132,2025-06-16 20:07:08.972214
-0.1213,2023-02-28,2023-03-07,sz.302132,2025-06-16 20:07:08.972214
-0.2408,2023-03-01,2023-03-08,sz.302132,2025-06-16 20:07:08.972214
-0.0896,2023-03-02,2023-03-09,sz.302132,2025-06-16 20:07:08.972214
-0.278,2023-03-03,2023-03-10,sz.302132,2025-06-16 20:07:08.972214
-0.1885,2023-03-06,2023-03-13,sz.302132,2025-06-16 20:07:08.972214
-0.3025,2023-03-07,2023-03-14,sz.302132,2025-06-16 20:07:08.972214
-0.147,2023-03-08,2023-03-15,sz.302132,2025-06-16 20:07:08.972214
-0.2751,2023-03-09,2023-03-16,sz.302132,2025-06-16 20:07:08.972214
-1.055,2023-03-10,2023-03-17,sz.302132,2025-06-16 20:07:08.972214
-0.1808,2023-03-13,2023-03-20,sz.302132,2025-06-16 20:07:08.972214
-0.3394,2023-03-14,2023-03-21,sz.302132,2025-06-16 20:07:08.972214
-0.1573,2023-03-15,2023-03-22,sz.302132,2025-06-16 20:07:08.972214
-0.4275,2023-03-16,2023-03-23,sz.302132,2025-06-16 20:07:08.972214
-0.2074,2023-03-17,2023-03-24,sz.302132,2025-06-16 20:07:08.972214
-0.10516,2023-03-20,2023-03-27,sz.302132,2025-06-16 20:07:08.972214
-0.1677,2023-03-21,2023-03-28,sz.302132,2025-06-16 20:07:08.972214
-0.2944,2023-03-22,2023-03-29,sz.302132,2025-06-16 20:07:08.972214
-0.08344,2023-03-23,2023-03-30,sz.302132,2025-06-16 20:07:08.972214
-0.03287,2023-03-24,2023-03-31,sz.302132,2025-06-16 20:07:08.972214
-0.214,2023-03-27,2023-04-03,sz.302132,2025-06-16 20:07:08.972214
-0.4548,2023-03-28,2023-04-04,sz.302132,2025-06-16 20:07:08.972214
-0.2311,2023-03-29,2023-04-05,sz.302132,2025-06-16 20:07:08.972214
-0.306,2023-03-30,2023-04-06,sz.302132,2025-06-16 20:07:08.972214
-0.1098,2023-03-31,2023-04-07,sz.302132,2025-06-16 20:07:08.972214
-0.103,2023-04-03,2023-04-10,sz.302132,2025-06-16 20:07:08.972214
-0.08136,2023-04-04,2023-04-11,sz.302132,2025-06-16 20:07:08.972214
-0.1802,2023-04-06,2023-04-13,sz.302132,2025-06-16 20:07:08.972214
-0.361,2023-04-07,2023-04-14,sz.302132,2025-06-16 20:07:08.972214
-0.2349,2023-04-10,2023-04-17,sz.302132,2025-06-16 20:07:08.972214
-0.194,2023-04-11,2023-04-18,sz.302132,2025-06-16 20:07:08.972214
-0.1439,2023-04-12,2023-04-19,sz.302132,2025-06-16 20:07:08.972214
-0.1943,2023-04-13,2023-04-20,sz.302132,2025-06-16 20:07:08.972214
-0.1263,2023-04-14,2023-04-21,sz.302132,2025-06-16 20:07:08.972214
-0.1923,2023-04-17,2023-04-24,sz.302132,2025-06-16 20:07:08.972214
-0.0855,2023-04-18,2023-04-25,sz.302132,2025-06-16 20:07:08.972214
-0.1965,2023-04-19,2023-04-26,sz.302132,2025-06-16 20:07:08.972214
-0.261,2023-04-20,2023-04-27,sz.302132,2025-06-16 20:07:08.972214
-0.1382,2023-04-21,2023-04-28,sz.302132,2025-06-16 20:07:08.972214
-0.2153,2023-04-24,2023-05-01,sz.302132,2025-06-16 20:07:08.972214
-0.1566,2023-04-25,2023-05-02,sz.302132,2025-06-16 20:07:08.972214
-0.071,2023-04-26,2023-05-03,sz.302132,2025-06-16 20:07:08.972214
-0.3247,2023-04-27,2023-05-04,sz.302132,2025-06-16 20:07:08.972214
-0.1068,2023-04-28,2023-05-05,sz.302132,2025-06-16 20:07:08.972214
-0.3137,2023-05-04,2023-05-11,sz.302132,2025-06-16 20:07:08.972214
-0.2122,2023-05-05,2023-05-12,sz.302132,2025-06-16 20:07:08.972214
-0.1682,2023-05-08,2023-05-15,sz.302132,2025-06-16 20:07:08.972214
-0.2832,2023-05-09,2023-05-16,sz.302132,2025-06-16 20:07:08.972214
-0.2747,2023-05-10,2023-05-17,sz.302132,2025-06-16 20:07:08.972214
-0.1792,2023-05-11,2023-05-18,sz.302132,2025-06-16 20:07:08.972214
-0.2668,2023-05-12,2023-05-19,sz.302132,2025-06-16 20:07:08.972214
-0.0994,2023-05-15,2023-05-22,sz.302132,2025-06-16 20:07:08.972214
-0.1584,2023-05-16,2023-05-23,sz.302132,2025-06-16 20:07:08.972214
-0.1615,2023-05-17,2023-05-24,sz.302132,2025-06-16 20:07:08.972214
-0.1448,2023-05-18,2023-05-25,sz.302132,2025-06-16 20:07:08.972214
-0.1349,2023-05-19,2023-05-26,sz.302132,2025-06-16 20:07:08.972214
-0.1881,2023-05-22,2023-05-29,sz.302132,2025-06-16 20:07:08.972214
-0.1693,2023-05-23,2023-05-30,sz.302132,2025-06-16 20:07:08.972214
-0.1183,2023-05-24,2023-05-31,sz.302132,2025-06-16 20:07:08.972214
-0.0893,2023-05-25,2023-06-01,sz.302132,2025-06-16 20:07:08.972214
-0.07477,2023-05-26,2023-06-02,sz.302132,2025-06-16 20:07:08.972214
-0.1888,2023-05-29,2023-06-05,sz.302132,2025-06-16 20:07:08.972214
-0.12054,2023-05-30,2023-06-06,sz.302132,2025-06-16 20:07:08.972214
-0.1161,2023-05-31,2023-06-07,sz.302132,2025-06-16 20:07:08.972214
-0.1301,2023-06-01,2023-06-08,sz.302132,2025-06-16 20:07:08.972214
-0.1091,2023-06-02,2023-06-09,sz.302132,2025-06-16 20:07:08.972214
-0.11664,2023-06-05,2023-06-12,sz.302132,2025-06-16 20:07:08.972214
-0.1392,2023-06-06,2023-06-13,sz.302132,2025-06-16 20:07:08.972214
-0.1127,2023-06-07,2023-06-14,sz.302132,2025-06-16 20:07:08.972214
-0.10455,2023-06-08,2023-06-15,sz.302132,2025-06-16 20:07:08.972214
-0.05814,2023-06-09,2023-06-16,sz.302132,2025-06-16 20:07:08.972214
-0.1254,2023-06-12,2023-06-19,sz.302132,2025-06-16 20:07:08.972214
-0.1242,2023-06-13,2023-06-20,sz.302132,2025-06-16 20:07:08.972214
-0.1571,2023-06-14,2023-06-21,sz.302132,2025-06-16 20:07:08.972214
-0.0986,2023-06-15,2023-06-22,sz.302132,2025-06-16 20:07:08.972214
-0.11993,2023-06-16,2023-06-23,sz.302132,2025-06-16 20:07:08.972214
-0.1722,2023-06-19,2023-06-26,sz.302132,2025-06-16 20:07:08.972214
-0.165,2023-06-20,2023-06-27,sz.302132,2025-06-16 20:07:08.972214
-0.2377,2023-06-21,2023-06-28,sz.302132,2025-06-16 20:07:08.972214
-0.1857,2023-06-26,2023-07-03,sz.302132,2025-06-16 20:07:08.972214
-0.208,2023-06-27,2023-07-04,sz.302132,2025-06-16 20:07:08.972214
-0.1982,2023-06-28,2023-07-05,sz.302132,2025-06-16 20:07:08.972214
-0.0973,2023-06-29,2023-07-06,sz.302132,2025-06-16 20:07:08.972214
-0.174,2023-06-30,2023-07-07,sz.302132,2025-06-16 20:07:08.972214
-0.1344,2023-07-03,2023-07-10,sz.302132,2025-06-16 20:07:08.972214
-0.1012,2023-07-04,2023-07-11,sz.302132,2025-06-16 20:07:08.972214
-0.1547,2023-07-05,2023-07-12,sz.302132,2025-06-16 20:07:08.972214
-0.2021,2023-07-06,2023-07-13,sz.302132,2025-06-16 20:07:08.972214
-0.1539,2023-07-07,2023-07-14,sz.302132,2025-06-16 20:07:08.972214
-0.1738,2023-07-10,2023-07-17,sz.302132,2025-06-16 20:07:08.972214
-0.06396,2023-07-11,2023-07-18,sz.302132,2025-06-16 20:07:08.972214
-0.1454,2023-07-12,2023-07-19,sz.302132,2025-06-16 20:07:08.972214
-0.08374,2023-07-13,2023-07-20,sz.302132,2025-06-16 20:07:08.972214
-0.086,2023-07-14,2023-07-21,sz.302132,2025-06-16 20:07:08.972214
-0.1346,2023-07-17,2023-07-24,sz.302132,2025-06-16 20:07:08.972214
-0.1233,2023-07-18,2023-07-25,sz.302132,2025-06-16 20:07:08.972214
-0.1388,2023-07-19,2023-07-26,sz.302132,2025-06-16 20:07:08.972214
-0.2307,2023-07-20,2023-07-27,sz.302132,2025-06-16 20:07:08.972214
-0.1276,2023-07-21,2023-07-28,sz.302132,2025-06-16 20:07:08.972214
-0.1394,2023-07-24,2023-07-31,sz.302132,2025-06-16 20:07:08.972214
-0.1489,2023-07-25,2023-08-01,sz.302132,2025-06-16 20:07:08.972214
-0.1279,2023-07-26,2023-08-02,sz.302132,2025-06-16 20:07:08.972214
-0.1423,2023-07-27,2023-08-03,sz.302132,2025-06-16 20:07:08.972214
-0.53,2023-07-28,2023-08-04,sz.302132,2025-06-16 20:07:08.972214
-0.3364,2023-07-31,2023-08-07,sz.302132,2025-06-16 20:07:08.972214
-0.4194,2023-08-01,2023-08-08,sz.302132,2025-06-16 20:07:08.972214
-0.2913,2023-08-02,2023-08-09,sz.302132,2025-06-16 20:07:08.972214
-0.1648,2023-08-03,2023-08-10,sz.302132,2025-06-16 20:07:08.972214
-0.1387,2023-08-04,2023-08-11,sz.302132,2025-06-16 20:07:08.972214
-0.1478,2023-08-07,2023-08-14,sz.302132,2025-06-16 20:07:08.972214
-0.1714,2023-08-08,2023-08-15,sz.302132,2025-06-16 20:07:08.972214
-0.09296,2023-08-09,2023-08-16,sz.302132,2025-06-16 20:07:08.972214
-0.1587,2023-08-10,2023-08-17,sz.302132,2025-06-16 20:07:08.972214
-0.10254,2023-08-11,2023-08-18,sz.302132,2025-06-16 20:07:08.972214
-0.0904,2023-08-14,2023-08-21,sz.302132,2025-06-16 20:07:08.972214
-0.0895,2023-08-15,2023-08-22,sz.302132,2025-06-16 20:07:08.972214
-0.2505,2023-08-16,2023-08-23,sz.302132,2025-06-16 20:07:08.972214
-0.08093,2023-08-17,2023-08-24,sz.302132,2025-06-16 20:07:08.972214
-0.1598,2023-08-18,2023-08-25,sz.302132,2025-06-16 20:07:08.972214
-0.152,2023-08-21,2023-08-28,sz.302132,2025-06-16 20:07:08.972214
-0.0685,2023-08-22,2023-08-29,sz.302132,2025-06-16 20:07:08.972214
-0.587,2023-08-23,2023-08-30,sz.302132,2025-06-16 20:07:08.972214
-0.1858,2023-08-24,2023-08-31,sz.302132,2025-06-16 20:07:08.972214
-0.2467,2023-08-25,2023-09-01,sz.302132,2025-06-16 20:07:08.972214
-0.51,2023-08-28,2023-09-04,sz.302132,2025-06-16 20:07:08.972214
-0.05237,2023-08-29,2023-09-05,sz.302132,2025-06-16 20:07:08.972214
-0.0727,2023-08-30,2023-09-06,sz.302132,2025-06-16 20:07:08.972214
-0.1354,2023-08-31,2023-09-07,sz.302132,2025-06-16 20:07:08.972214
-0.05438,2023-09-01,2023-09-08,sz.302132,2025-06-16 20:07:08.972214
-0.04407,2023-09-04,2023-09-11,sz.302132,2025-06-16 20:07:08.972214
-0.1058,2023-09-05,2023-09-12,sz.302132,2025-06-16 20:07:08.972214
-0.05853,2023-09-06,2023-09-13,sz.302132,2025-06-16 20:07:08.972214
-0.1555,2023-09-07,2023-09-14,sz.302132,2025-06-16 20:07:08.972214
-0.0696,2023-09-08,2023-09-15,sz.302132,2025-06-16 20:07:08.972214
-0.0756,2023-09-11,2023-09-18,sz.302132,2025-06-16 20:07:08.972214
-0.0822,2023-09-12,2023-09-19,sz.302132,2025-06-16 20:07:08.972214
-0.1594,2023-09-13,2023-09-20,sz.302132,2025-06-16 20:07:08.972214
-0.0589,2023-09-14,2023-09-21,sz.302132,2025-06-16 20:07:08.972214
-0.11487,2023-09-15,2023-09-22,sz.302132,2025-06-16 20:07:08.972214
-0.08997,2023-09-18,2023-09-25,sz.302132,2025-06-16 20:07:08.972214
-0.1965,2023-09-19,2023-09-26,sz.302132,2025-06-16 20:07:08.972214
-0.09357,2023-09-20,2023-09-27,sz.302132,2025-06-16 20:07:08.972214
-0.0636,2023-09-21,2023-09-28,sz.302132,2025-06-16 20:07:08.972214
-0.0397,2023-09-22,2023-09-29,sz.302132,2025-06-16 20:07:08.972214
-0.1335,2023-09-25,2023-10-02,sz.302132,2025-06-16 20:07:08.972214
-0.0879,2023-09-26,2023-10-03,sz.302132,2025-06-16 20:07:08.972214
-0.0571,2023-09-27,2023-10-04,sz.302132,2025-06-16 20:07:08.972214
-0.06885,2023-09-28,2023-10-05,sz.302132,2025-06-16 20:07:08.972214
-0.1378,2023-10-09,2023-10-16,sz.302132,2025-06-16 20:07:08.972214
-0.0742,2023-10-10,2023-10-17,sz.302132,2025-06-16 20:07:08.972214
-0.1006,2023-10-11,2023-10-18,sz.302132,2025-06-16 20:07:08.972214
-0.3281,2023-10-12,2023-10-19,sz.302132,2025-06-16 20:07:08.972214
-0.2913,2023-10-13,2023-10-20,sz.302132,2025-06-16 20:07:08.972214
-0.1305,2023-10-16,2023-10-23,sz.302132,2025-06-16 20:07:08.972214
-0.1472,2023-10-17,2023-10-24,sz.302132,2025-06-16 20:07:08.972214
-0.2101,2023-10-18,2023-10-25,sz.302132,2025-06-16 20:07:08.972214
-0.06232,2023-10-19,2023-10-26,sz.302132,2025-06-16 20:07:08.972214
-0.01184,2023-10-20,2023-10-27,sz.302132,2025-06-16 20:07:08.972214
-0.267,2023-10-23,2023-10-30,sz.302132,2025-06-16 20:07:08.972214
-0.2482,2023-10-24,2023-10-31,sz.302132,2025-06-16 20:07:08.972214
-0.084,2023-10-25,2023-11-01,sz.302132,2025-06-16 20:07:08.972214
-0.03717,2023-10-26,2023-11-02,sz.302132,2025-06-16 20:07:08.972214
-0.2098,2023-10-27,2023-11-03,sz.302132,2025-06-16 20:07:08.972214
-0.06976,2023-10-30,2023-11-06,sz.302132,2025-06-16 20:07:08.972214
-0.08984,2023-10-31,2023-11-07,sz.302132,2025-06-16 20:07:08.972214
-0.1926,2023-11-01,2023-11-08,sz.302132,2025-06-16 20:07:08.972214
-0.1758,2023-11-02,2023-11-09,sz.302132,2025-06-16 20:07:08.972214
-0.0906,2023-11-03,2023-11-10,sz.302132,2025-06-16 20:07:08.972214
-0.0871,2023-11-06,2023-11-13,sz.302132,2025-06-16 20:07:08.972214
-0.08624,2023-11-07,2023-11-14,sz.302132,2025-06-16 20:07:08.972214
-0.07605,2023-11-08,2023-11-15,sz.302132,2025-06-16 20:07:08.972214
-0.1349,2023-11-09,2023-11-16,sz.302132,2025-06-16 20:07:08.972214
-0.071,2023-11-10,2023-11-17,sz.302132,2025-06-16 20:07:08.972214
-0.0404,2023-11-13,2023-11-20,sz.302132,2025-06-16 20:07:08.972214
-0.0401,2023-11-14,2023-11-21,sz.302132,2025-06-16 20:07:08.972214
-0.07336,2023-11-15,2023-11-22,sz.302132,2025-06-16 20:07:08.972214
-0.171,2023-11-16,2023-11-23,sz.302132,2025-06-16 20:07:08.972214
-0.1611,2023-11-17,2023-11-24,sz.302132,2025-06-16 20:07:08.972214
-0.0497,2023-11-20,2023-11-27,sz.302132,2025-06-16 20:07:08.972214
-0.1309,2023-11-21,2023-11-28,sz.302132,2025-06-16 20:07:08.972214
-0.05847,2023-11-22,2023-11-29,sz.302132,2025-06-16 20:07:08.972214
-0.0716,2023-11-23,2023-11-30,sz.302132,2025-06-16 20:07:08.972214
-0.097,2023-11-24,2023-12-01,sz.302132,2025-06-16 20:07:08.972214
-0.10187,2023-11-27,2023-12-04,sz.302132,2025-06-16 20:07:08.972214
-0.10767,2023-11-28,2023-12-05,sz.302132,2025-06-16 20:07:08.972214
-0.08826,2023-11-29,2023-12-06,sz.302132,2025-06-16 20:07:08.972214
-0.1843,2023-11-30,2023-12-07,sz.302132,2025-06-16 20:07:08.972214
-0.05035,2023-12-01,2023-12-08,sz.302132,2025-06-16 20:07:08.972214
-0.05606,2023-12-04,2023-12-11,sz.302132,2025-06-16 20:07:08.972214
-0.1048,2023-12-05,2023-12-12,sz.302132,2025-06-16 20:07:08.972214
-0.04877,2023-12-06,2023-12-13,sz.302132,2025-06-16 20:07:08.972214
-0.05142,2023-12-07,2023-12-14,sz.302132,2025-06-16 20:07:08.972214
-0.02061,2023-12-08,2023-12-15,sz.302132,2025-06-16 20:07:08.972214
-0.0395,2023-12-11,2023-12-18,sz.302132,2025-06-16 20:07:08.972214
-0.12134,2023-12-12,2023-12-19,sz.302132,2025-06-16 20:07:08.972214
-0.07043,2023-12-13,2023-12-20,sz.302132,2025-06-16 20:07:08.972214
-0.1938,2023-12-14,2023-12-21,sz.302132,2025-06-16 20:07:08.972214
-0.1008,2023-12-15,2023-12-22,sz.302132,2025-06-16 20:07:08.972214
-0.265,2023-12-18,2023-12-25,sz.302132,2025-06-16 20:07:08.972214
-0.1349,2023-12-19,2023-12-26,sz.302132,2025-06-16 20:07:08.972214
-0.1353,2023-12-20,2023-12-27,sz.302132,2025-06-16 20:07:08.972214
-0.04398,2023-12-21,2023-12-28,sz.302132,2025-06-16 20:07:08.972214
-0.06195,2023-12-22,2023-12-29,sz.302132,2025-06-16 20:07:08.972214
-0.1081,2023-12-25,2024-01-01,sz.302132,2025-06-16 20:07:08.972214
-0.1197,2023-12-26,2024-01-02,sz.302132,2025-06-16 20:07:08.972214
-0.1476,2023-12-27,2024-01-03,sz.302132,2025-06-16 20:07:08.972214
-0.07355,2023-12-28,2024-01-04,sz.302132,2025-06-16 20:07:08.972214
-0.03047,2023-12-29,2024-01-05,sz.302132,2025-06-16 20:07:08.972214
-0.06232,2024-01-02,2024-01-09,sz.302132,2025-06-16 20:07:08.972214
-0.1271,2024-01-03,2024-01-10,sz.302132,2025-06-16 20:07:08.972214
-0.10913,2024-01-04,2024-01-11,sz.302132,2025-06-16 20:07:08.972214
-0.1062,2024-01-05,2024-01-12,sz.302132,2025-06-16 20:07:08.972214
-0.28,2024-01-08,2024-01-15,sz.302132,2025-06-16 20:07:08.972214
-0.1302,2024-01-09,2024-01-16,sz.302132,2025-06-16 20:07:08.972214
-0.06274,2024-01-10,2024-01-17,sz.302132,2025-06-16 20:07:08.972214
-0.01775,2024-01-11,2024-01-18,sz.302132,2025-06-16 20:07:08.972214
-0.02873,2024-01-12,2024-01-19,sz.302132,2025-06-16 20:07:08.972214
-0.1606,2024-01-15,2024-01-22,sz.302132,2025-06-16 20:07:08.972214
-0.05844,2024-01-16,2024-01-23,sz.302132,2025-06-16 20:07:08.972214
-0.1458,2024-01-17,2024-01-24,sz.302132,2025-06-16 20:07:08.972214
-0.2551,2024-01-18,2024-01-25,sz.302132,2025-06-16 20:07:08.972214
-0.1087,2024-01-19,2024-01-26,sz.302132,2025-06-16 20:07:08.972214
-0.3088,2024-01-22,2024-01-29,sz.302132,2025-06-16 20:07:08.972214
-0.039,2024-01-23,2024-01-30,sz.302132,2025-06-16 20:07:08.972214
-0.01627,2024-01-24,2024-01-31,sz.302132,2025-06-16 20:07:08.972214
-0.000998,2024-01-25,2024-02-01,sz.302132,2025-06-16 20:07:08.972214
-0.02296,2024-01-26,2024-02-02,sz.302132,2025-06-16 20:07:08.972214
-0.1967,2024-01-29,2024-02-05,sz.302132,2025-06-16 20:07:08.972214
-0.2007,2024-01-30,2024-02-06,sz.302132,2025-06-16 20:07:08.972214
-0.3223,2024-01-31,2024-02-07,sz.302132,2025-06-16 20:07:08.972214
-0.0802,2024-02-01,2024-02-08,sz.302132,2025-06-16 20:07:08.972214
-0.304,2024-02-02,2024-02-09,sz.302132,2025-06-16 20:07:08.972214
-0.3472,2024-02-05,2024-02-12,sz.302132,2025-06-16 20:07:08.972214
0.0763,2024-02-06,2024-02-13,sz.302132,2025-06-16 20:07:08.972214
0.003998,2024-02-07,2024-02-14,sz.302132,2025-06-16 20:07:08.972214
-0.0877,2024-02-08,2024-02-15,sz.302132,2025-06-16 20:07:08.972214
-0.1139,2024-02-19,2024-02-26,sz.302132,2025-06-16 20:07:08.972214
-0.03433,2024-02-20,2024-02-27,sz.302132,2025-06-16 20:07:08.972214
-0.0696,2024-02-21,2024-02-28,sz.302132,2025-06-16 20:07:08.972214
-0.0313,2024-02-22,2024-02-29,sz.302132,2025-06-16 20:07:08.972214
-0.06714,2024-02-23,2024-03-01,sz.302132,2025-06-16 20:07:08.972214
-0.03345,2024-02-26,2024-03-04,sz.302132,2025-06-16 20:07:08.972214
-0.02367,2024-02-27,2024-03-05,sz.302132,2025-06-16 20:07:08.972214
-0.2277,2024-02-28,2024-03-06,sz.302132,2025-06-16 20:07:08.972214
0.0105,2024-02-29,2024-03-07,sz.302132,2025-06-16 20:07:08.972214
-0.02298,2024-03-01,2024-03-08,sz.302132,2025-06-16 20:07:08.972214
-0.05756,2024-03-04,2024-03-11,sz.302132,2025-06-16 20:07:08.972214
-0.01567,2024-03-05,2024-03-12,sz.302132,2025-06-16 20:07:08.972214
-0.0917,2024-03-06,2024-03-13,sz.302132,2025-06-16 20:07:08.972214
-0.2,2024-03-07,2024-03-14,sz.302132,2025-06-16 20:07:08.972214
-0.02895,2024-03-08,2024-03-15,sz.302132,2025-06-16 20:07:08.972214
-0.0833,2024-03-11,2024-03-18,sz.302132,2025-06-16 20:07:08.972214
-0.11365,2024-03-12,2024-03-19,sz.302132,2025-06-16 20:07:08.972214
-0.07086,2024-03-13,2024-03-20,sz.302132,2025-06-16 20:07:08.972214
-0.126,2024-03-14,2024-03-21,sz.302132,2025-06-16 20:07:08.972214
-0.05334,2024-03-15,2024-03-22,sz.302132,2025-06-16 20:07:08.972214
-0.08716,2024-03-18,2024-03-25,sz.302132,2025-06-16 20:07:08.972214
-0.06335,2024-03-19,2024-03-26,sz.302132,2025-06-16 20:07:08.972214
-0.05716,2024-03-20,2024-03-27,sz.302132,2025-06-16 20:07:08.972214
-0.02303,2024-03-21,2024-03-28,sz.302132,2025-06-16 20:07:08.972214
-0.121,2024-03-22,2024-03-29,sz.302132,2025-06-16 20:07:08.972214
-0.302,2024-03-25,2024-04-01,sz.302132,2025-06-16 20:07:08.972214
-0.0664,2024-03-26,2024-04-02,sz.302132,2025-06-16 20:07:08.972214
-0.3516,2024-03-27,2024-04-03,sz.302132,2025-06-16 20:07:08.972214
0.01209,2024-03-28,2024-04-04,sz.302132,2025-06-16 20:07:08.972214
-0.04407,2024-03-29,2024-04-05,sz.302132,2025-06-16 20:07:08.972214
0.01081,2024-04-01,2024-04-08,sz.302132,2025-06-16 20:07:08.972214
-0.0806,2024-04-02,2024-04-09,sz.302132,2025-06-16 20:07:08.972214
-0.10114,2024-04-03,2024-04-10,sz.302132,2025-06-16 20:07:08.972214
-0.1498,2024-04-08,2024-04-15,sz.302132,2025-06-16 20:07:08.972214
0.006226,2024-04-09,2024-04-16,sz.302132,2025-06-16 20:07:08.972214
-0.1603,2024-04-10,2024-04-17,sz.302132,2025-06-16 20:07:08.972214
-0.0578,2024-04-11,2024-04-18,sz.302132,2025-06-16 20:07:08.972214
-0.0407,2024-04-12,2024-04-19,sz.302132,2025-06-16 20:07:08.972214
-0.03888,2024-04-15,2024-04-22,sz.302132,2025-06-16 20:07:08.972214
-0.2737,2024-04-16,2024-04-23,sz.302132,2025-06-16 20:07:08.972214
0.04944,2024-04-17,2024-04-24,sz.302132,2025-06-16 20:07:08.972214
-0.06134,2024-04-18,2024-04-25,sz.302132,2025-06-16 20:07:08.972214
0.0261,2024-04-19,2024-04-26,sz.302132,2025-06-16 20:07:08.972214
-0.04242,2024-04-22,2024-04-29,sz.302132,2025-06-16 20:07:08.972214
-0.0689,2024-04-23,2024-04-30,sz.302132,2025-06-16 20:07:08.972214
-0.01158,2024-04-24,2024-05-01,sz.302132,2025-06-16 20:07:08.972214
-0.05634,2024-04-25,2024-05-02,sz.302132,2025-06-16 20:07:08.972214
-0.01701,2024-04-26,2024-05-03,sz.302132,2025-06-16 20:07:08.972214
0.003092,2024-04-29,2024-05-06,sz.302132,2025-06-16 20:07:08.972214
-0.05588,2024-04-30,2024-05-07,sz.302132,2025-06-16 20:07:08.972214
-0.0982,2024-05-06,2024-05-13,sz.302132,2025-06-16 20:07:08.972214
-0.03653,2024-05-07,2024-05-14,sz.302132,2025-06-16 20:07:08.972214
-0.10657,2024-05-08,2024-05-15,sz.302132,2025-06-16 20:07:08.972214
0.0672,2024-05-09,2024-05-16,sz.302132,2025-06-16 20:07:08.972214
-0.05933,2024-05-10,2024-05-17,sz.302132,2025-06-16 20:07:08.972214
-0.06085,2024-05-13,2024-05-20,sz.302132,2025-06-16 20:07:08.972214
-0.0313,2024-05-14,2024-05-21,sz.302132,2025-06-16 20:07:08.972214
-0.03488,2024-05-15,2024-05-22,sz.302132,2025-06-16 20:07:08.972214
-0.06445,2024-05-16,2024-05-23,sz.302132,2025-06-16 20:07:08.972214
-0.01026,2024-05-17,2024-05-24,sz.302132,2025-06-16 20:07:08.972214
-0.01646,2024-05-20,2024-05-27,sz.302132,2025-06-16 20:07:08.972214
-0.02301,2024-05-21,2024-05-28,sz.302132,2025-06-16 20:07:08.972214
0.03976,2024-05-22,2024-05-29,sz.302132,2025-06-16 20:07:08.972214
-0.02159,2024-05-23,2024-05-30,sz.302132,2025-06-16 20:07:08.972214
-0.0569,2024-05-24,2024-05-31,sz.302132,2025-06-16 20:07:08.972214
-0.0606,2024-05-27,2024-06-03,sz.302132,2025-06-16 20:07:08.972214
-0.04602,2024-05-28,2024-06-04,sz.302132,2025-06-16 20:07:08.972214
0.01796,2024-05-29,2024-06-05,sz.302132,2025-06-16 20:07:08.972214
-0.01512,2024-05-30,2024-06-06,sz.302132,2025-06-16 20:07:08.972214
-0.008385,2024-05-31,2024-06-07,sz.302132,2025-06-16 20:07:08.972214
-0.2314,2024-06-03,2024-06-10,sz.302132,2025-06-16 20:07:08.972214
-0.005306,2024-06-04,2024-06-11,sz.302132,2025-06-16 20:07:08.972214
-0.02467,2024-06-05,2024-06-12,sz.302132,2025-06-16 20:07:08.972214
-0.0946,2024-06-06,2024-06-13,sz.302132,2025-06-16 20:07:08.972214
-0.11115,2024-06-07,2024-06-14,sz.302132,2025-06-16 20:07:08.972214
-0.03018,2024-06-11,2024-06-18,sz.302132,2025-06-16 20:07:08.972214
-0.00946,2024-06-12,2024-06-19,sz.302132,2025-06-16 20:07:08.972214
-0.0226,2024-06-13,2024-06-20,sz.302132,2025-06-16 20:07:08.972214
-0.01726,2024-06-14,2024-06-21,sz.302132,2025-06-16 20:07:08.972214
0.002932,2024-06-17,2024-06-24,sz.302132,2025-06-16 20:07:08.972214
0.02693,2024-06-18,2024-06-25,sz.302132,2025-06-16 20:07:08.972214
-0.0796,2024-06-19,2024-06-26,sz.302132,2025-06-16 20:07:08.972214
-0.06244,2024-06-20,2024-06-27,sz.302132,2025-06-16 20:07:08.972214
-0.01131,2024-06-21,2024-06-28,sz.302132,2025-06-16 20:07:08.972214
-0.1881,2024-06-24,2024-07-01,sz.302132,2025-06-16 20:07:08.972214
-0.2428,2024-06-25,2024-07-02,sz.302132,2025-06-16 20:07:08.972214
-0.08777,2024-06-26,2024-07-03,sz.302132,2025-06-16 20:07:08.972214
-0.1377,2024-06-27,2024-07-04,sz.302132,2025-06-16 20:07:08.972214
-0.05478,2024-06-28,2024-07-05,sz.302132,2025-06-16 20:07:08.972214
-0.1382,2024-07-01,2024-07-08,sz.302132,2025-06-16 20:07:08.972214
-0.1321,2024-07-02,2024-07-09,sz.302132,2025-06-16 20:07:08.972214
-0.04205,2024-07-03,2024-07-10,sz.302132,2025-06-16 20:07:08.972214
-0.1555,2024-07-04,2024-07-11,sz.302132,2025-06-16 20:07:08.972214
-0.02779,2024-07-05,2024-07-12,sz.302132,2025-06-16 20:07:08.972214
-0.25,2024-07-08,2024-07-15,sz.302132,2025-06-16 20:07:08.972214
-0.02779,2024-07-09,2024-07-16,sz.302132,2025-06-16 20:07:08.972214
-0.2369,2024-07-10,2024-07-17,sz.302132,2025-06-16 20:07:08.972214
-0.1836,2024-07-11,2024-07-18,sz.302132,2025-06-16 20:07:08.972214
-0.582,2024-07-12,2024-07-19,sz.302132,2025-06-16 20:07:08.972214
-0.02022,2024-07-15,2024-07-22,sz.302132,2025-06-16 20:07:08.972214
-0.0966,2024-07-16,2024-07-23,sz.302132,2025-06-16 20:07:08.972214
-0.3367,2024-07-17,2024-07-24,sz.302132,2025-06-16 20:07:08.972214
-0.0259,2024-07-18,2024-07-25,sz.302132,2025-06-16 20:07:08.972214
-0.0527,2024-07-19,2024-07-26,sz.302132,2025-06-16 20:07:08.972214
-0.0644,2024-07-22,2024-07-29,sz.302132,2025-06-16 20:07:08.972214
-0.3464,2024-07-23,2024-07-30,sz.302132,2025-06-16 20:07:08.972214
-0.144,2024-07-24,2024-07-31,sz.302132,2025-06-16 20:07:08.972214
-0.1174,2024-07-25,2024-08-01,sz.302132,2025-06-16 20:07:08.972214
0.01889,2024-07-26,2024-08-02,sz.302132,2025-06-16 20:07:08.972214
-0.01144,2024-07-29,2024-08-05,sz.302132,2025-06-16 20:07:08.972214
-0.0259,2024-07-30,2024-08-06,sz.302132,2025-06-16 20:07:08.972214
-0.010254,2024-07-31,2024-08-07,sz.302132,2025-06-16 20:07:08.972214
-0.04608,2024-08-01,2024-08-08,sz.302132,2025-06-16 20:07:08.972214
-0.0873,2024-08-02,2024-08-09,sz.302132,2025-06-16 20:07:08.972214
-0.1758,2024-08-05,2024-08-12,sz.302132,2025-06-16 20:07:08.972214
-0.01805,2024-08-06,2024-08-13,sz.302132,2025-06-16 20:07:08.972214
-0.2576,2024-08-07,2024-08-14,sz.302132,2025-06-16 20:07:08.972214
-0.2617,2024-08-08,2024-08-15,sz.302132,2025-06-16 20:07:08.972214
-0.0355,2024-08-09,2024-08-16,sz.302132,2025-06-16 20:07:08.972214
-0.05942,2024-08-12,2024-08-19,sz.302132,2025-06-16 20:07:08.972214
0.03677,2024-08-13,2024-08-20,sz.302132,2025-06-16 20:07:08.972214
-0.08905,2024-08-14,2024-08-21,sz.302132,2025-06-16 20:07:08.972214
-0.03964,2024-08-15,2024-08-22,sz.302132,2025-06-16 20:07:08.972214
-0.09454,2024-08-16,2024-08-23,sz.302132,2025-06-16 20:07:08.972214
-0.007767,2024-08-19,2024-08-26,sz.302132,2025-06-16 20:07:08.972214
-0.0972,2024-08-20,2024-08-27,sz.302132,2025-06-16 20:07:08.972214
0.001612,2024-08-21,2024-08-28,sz.302132,2025-06-16 20:07:08.972214
-0.03793,2024-08-22,2024-08-29,sz.302132,2025-06-16 20:07:08.972214
0.0163,2024-08-23,2024-08-30,sz.302132,2025-06-16 20:07:08.972214
-0.07837,2024-08-26,2024-09-02,sz.302132,2025-06-16 20:07:08.972214
-0.0179,2024-08-27,2024-09-03,sz.302132,2025-06-16 20:07:08.972214
0.03967,2024-08-28,2024-09-04,sz.302132,2025-06-16 20:07:08.972214
-0.0081,2024-08-29,2024-09-05,sz.302132,2025-06-16 20:07:08.972214
0.03534,2024-08-30,2024-09-06,sz.302132,2025-06-16 20:07:08.972214
-0.0979,2024-09-02,2024-09-09,sz.302132,2025-06-16 20:07:08.972214
-0.003555,2024-09-03,2024-09-10,sz.302132,2025-06-16 20:07:08.972214
-0.0163,2024-09-04,2024-09-11,sz.302132,2025-06-16 20:07:08.972214
0.01764,2024-09-05,2024-09-12,sz.302132,2025-06-16 20:07:08.972214
-0.1183,2024-09-06,2024-09-13,sz.302132,2025-06-16 20:07:08.972214
-0.02774,2024-09-09,2024-09-16,sz.302132,2025-06-16 20:07:08.972214
-0.04758,2024-09-10,2024-09-17,sz.302132,2025-06-16 20:07:08.972214
-0.03442,2024-09-11,2024-09-18,sz.302132,2025-06-16 20:07:08.972214
0.005314,2024-09-12,2024-09-19,sz.302132,2025-06-16 20:07:08.972214
0.02151,2024-09-13,2024-09-20,sz.302132,2025-06-16 20:07:08.972214
-0.01562,2024-09-18,2024-09-25,sz.302132,2025-06-16 20:07:08.972214
-0.0537,2024-09-19,2024-09-26,sz.302132,2025-06-16 20:07:08.972214
-0.00871,2024-09-20,2024-09-27,sz.302132,2025-06-16 20:07:08.972214
-0.0338,2024-09-23,2024-09-30,sz.302132,2025-06-16 20:07:08.972214
-0.00998,2024-09-24,2024-10-01,sz.302132,2025-06-16 20:07:08.972214
0.03656,2024-09-25,2024-10-02,sz.302132,2025-06-16 20:07:08.972214
0.05963,2024-09-26,2024-10-03,sz.302132,2025-06-16 20:07:08.972214
0.07526,2024-09-27,2024-10-04,sz.302132,2025-06-16 20:07:08.972214
-0.01438,2024-09-30,2024-10-07,sz.302132,2025-06-16 20:07:08.972214
-0.319,2024-10-08,2024-10-15,sz.302132,2025-06-16 20:07:08.972214
-0.5405,2024-10-09,2024-10-16,sz.302132,2025-06-16 20:07:08.972214
-0.1671,2024-10-10,2024-10-17,sz.302132,2025-06-16 20:07:08.972214
-0.873,2024-10-11,2024-10-18,sz.302132,2025-06-16 20:07:08.972214
0.01246,2024-10-14,2024-10-21,sz.302132,2025-06-16 20:07:08.972214
-0.4944,2024-10-15,2024-10-22,sz.302132,2025-06-16 20:07:08.972214
-0.3945,2024-10-16,2024-10-23,sz.302132,2025-06-16 20:07:08.972214
-0.2462,2024-10-17,2024-10-24,sz.302132,2025-06-16 20:07:08.972214
-0.43,2024-10-18,2024-10-25,sz.302132,2025-06-16 20:07:08.972214
-0.501,2024-10-21,2024-10-28,sz.302132,2025-06-16 20:07:08.972214
-0.408,2024-10-22,2024-10-29,sz.302132,2025-06-16 20:07:08.972214
-0.3074,2024-10-23,2024-10-30,sz.302132,2025-06-16 20:07:08.972214
-0.3186,2024-10-24,2024-10-31,sz.302132,2025-06-16 20:07:08.972214
-0.2654,2024-10-25,2024-11-01,sz.302132,2025-06-16 20:07:08.972214
-0.2031,2024-10-28,2024-11-04,sz.302132,2025-06-16 20:07:08.972214
-0.11237,2024-10-29,2024-11-05,sz.302132,2025-06-16 20:07:08.972214
-0.2908,2024-10-30,2024-11-06,sz.302132,2025-06-16 20:07:08.972214
-0.2654,2024-10-31,2024-11-07,sz.302132,2025-06-16 20:07:08.972214
-0.2778,2024-11-01,2024-11-08,sz.302132,2025-06-16 20:07:08.972214
-0.2407,2024-11-04,2024-11-11,sz.302132,2025-06-16 20:07:08.972214
-0.1887,2024-11-05,2024-11-12,sz.302132,2025-06-16 20:07:08.972214
-0.871,2024-11-06,2024-11-13,sz.302132,2025-06-16 20:07:08.972214
-0.4287,2024-11-07,2024-11-14,sz.302132,2025-06-16 20:07:08.972214
-0.24,2024-11-08,2024-11-15,sz.302132,2025-06-16 20:07:08.972214
-0.2255,2024-11-11,2024-11-18,sz.302132,2025-06-16 20:07:08.972214
-0.596,2024-11-12,2024-11-19,sz.302132,2025-06-16 20:07:08.972214
-0.1197,2024-11-13,2024-11-20,sz.302132,2025-06-16 20:07:08.972214
-0.4421,2024-11-14,2024-11-21,sz.302132,2025-06-16 20:07:08.972214
-0.616,2024-11-15,2024-11-22,sz.302132,2025-06-16 20:07:08.972214
-0.5737,2024-11-18,2024-11-25,sz.302132,2025-06-16 20:07:08.972214
-0.1257,2024-11-19,2024-11-26,sz.302132,2025-06-16 20:07:08.972214
-0.0984,2024-11-20,2024-11-27,sz.302132,2025-06-16 20:07:08.972214
-0.1809,2024-11-21,2024-11-28,sz.302132,2025-06-16 20:07:08.972214
-0.3901,2024-11-22,2024-11-29,sz.302132,2025-06-16 20:07:08.972214
-0.3901,2024-11-25,2024-12-02,sz.302132,2025-06-16 20:07:08.972214
-0.1537,2024-11-26,2024-12-03,sz.302132,2025-06-16 20:07:08.972214
-0.1292,2024-11-27,2024-12-04,sz.302132,2025-06-16 20:07:08.972214
-0.1923,2024-11-28,2024-12-05,sz.302132,2025-06-16 20:07:08.972214
-0.07294,2024-11-29,2024-12-06,sz.302132,2025-06-16 20:07:08.972214
-0.0661,2024-12-02,2024-12-09,sz.302132,2025-06-16 20:07:08.972214
-0.2009,2024-12-03,2024-12-10,sz.302132,2025-06-16 20:07:08.972214
-0.1522,2024-12-04,2024-12-11,sz.302132,2025-06-16 20:07:08.972214
-0.1383,2024-12-05,2024-12-12,sz.302132,2025-06-16 20:07:08.972214
-0.06665,2024-12-06,2024-12-13,sz.302132,2025-06-16 20:07:08.972214
-0.2155,2024-12-09,2024-12-16,sz.302132,2025-06-16 20:07:08.972214
-0.273,2024-12-10,2024-12-17,sz.302132,2025-06-16 20:07:08.972214
-0.0334,2024-12-11,2024-12-18,sz.302132,2025-06-16 20:07:08.972214
-0.0003126,2024-12-12,2024-12-19,sz.302132,2025-06-16 20:07:08.972214
-0.1552,2024-12-13,2024-12-20,sz.302132,2025-06-16 20:07:08.972214
-0.3118,2024-12-16,2024-12-23,sz.302132,2025-06-16 20:07:08.972214
-0.1906,2024-12-17,2024-12-24,sz.302132,2025-06-16 20:07:08.972214
-0.207,2024-12-18,2024-12-25,sz.302132,2025-06-16 20:07:08.972214
-0.1273,2024-12-19,2024-12-26,sz.302132,2025-06-16 20:07:08.972214
-0.0713,2024-12-20,2024-12-27,sz.302132,2025-06-16 20:07:08.972214
-0.2737,2024-12-23,2024-12-30,sz.302132,2025-06-16 20:07:08.972214
-0.9263,2024-12-24,2024-12-31,sz.302132,2025-06-16 20:07:08.972214
-0.1295,2024-12-25,2025-01-01,sz.302132,2025-06-16 20:07:08.972214
-0.2291,2024-12-26,2025-01-02,sz.302132,2025-06-16 20:07:08.972214
-0.6196,2024-12-27,2025-01-03,sz.302132,2025-06-16 20:07:08.972214
-0.551,2024-12-30,2025-01-06,sz.302132,2025-06-16 20:07:08.972214
-0.3252,2024-12-31,2025-01-07,sz.302132,2025-06-16 20:07:08.972214
-0.53,2025-01-02,2025-01-09,sz.302132,2025-06-16 20:07:08.972214
-0.503,2025-01-03,2025-01-10,sz.302132,2025-06-16 20:07:08.972214
-0.2484,2025-01-06,2025-01-13,sz.302132,2025-06-16 20:07:08.972214
-0.10364,2025-01-07,2025-01-14,sz.302132,2025-06-16 20:07:08.972214
-0.2019,2025-01-08,2025-01-15,sz.302132,2025-06-16 20:07:08.972214
-0.08875,2025-01-09,2025-01-16,sz.302132,2025-06-16 20:07:08.972214
-0.27,2025-01-10,2025-01-17,sz.302132,2025-06-16 20:07:08.972214
-0.3843,2025-01-13,2025-01-20,sz.302132,2025-06-16 20:07:08.972214
-0.00947,2025-01-14,2025-01-21,sz.302132,2025-06-16 20:07:08.972214
-0.204,2025-01-15,2025-01-22,sz.302132,2025-06-16 20:07:08.972214
-0.2009,2025-01-16,2025-01-23,sz.302132,2025-06-16 20:07:08.972214
-0.1525,2025-01-17,2025-01-24,sz.302132,2025-06-16 20:07:08.972214
-0.11664,2025-01-20,2025-01-27,sz.302132,2025-06-16 20:07:08.972214
-0.2615,2025-01-21,2025-01-28,sz.302132,2025-06-16 20:07:08.972214
-0.2732,2025-01-22,2025-01-29,sz.302132,2025-06-16 20:07:08.972214
-0.3906,2025-01-23,2025-01-30,sz.302132,2025-06-16 20:07:08.972214
-0.1382,2025-01-24,2025-01-31,sz.302132,2025-06-16 20:07:08.972214
-0.3994,2025-01-27,2025-02-03,sz.302132,2025-06-16 20:07:08.972214
-0.2491,2025-02-05,2025-02-12,sz.302132,2025-06-16 20:07:08.972214
-0.07715,2025-02-06,2025-02-13,sz.302132,2025-06-16 20:07:08.972214
-0.1381,2025-02-07,2025-02-14,sz.302132,2025-06-16 20:07:08.972214
-0.1522,2025-02-10,2025-02-17,sz.302132,2025-06-16 20:07:08.972214
-0.2502,2025-02-11,2025-02-18,sz.302132,2025-06-16 20:07:08.972214
-0.0719,2025-02-12,2025-02-19,sz.302132,2025-06-16 20:07:08.972214
-0.1494,2025-02-13,2025-02-20,sz.302132,2025-06-16 20:07:08.972214
-0.2025,2025-02-14,2025-02-21,sz.302132,2025-06-16 20:07:08.972214
-0.8037,2025-02-17,2025-02-24,sz.302132,2025-06-16 20:07:08.972214
-0.9854,2025-02-18,2025-02-25,sz.302132,2025-06-16 20:07:08.972214
-0.5293,2025-02-19,2025-02-26,sz.302132,2025-06-16 20:07:08.972214
-0.571,2025-02-20,2025-02-27,sz.302132,2025-06-16 20:07:08.972214
-0.5557,2025-02-21,2025-02-28,sz.302132,2025-06-16 20:07:08.972214
-0.6655,2025-02-24,2025-03-03,sz.302132,2025-06-16 20:07:08.972214
-0.539,2025-02-25,2025-03-04,sz.302132,2025-06-16 20:07:08.972214
-0.561,2025-02-26,2025-03-05,sz.302132,2025-06-16 20:07:08.972214
-0.663,2025-02-27,2025-03-06,sz.302132,2025-06-16 20:07:08.972214
-0.6455,2025-02-28,2025-03-07,sz.302132,2025-06-16 20:07:08.972214
-0.758,2025-03-03,2025-03-10,sz.302132,2025-06-16 20:07:08.972214
-0.4783,2025-03-04,2025-03-11,sz.302132,2025-06-16 20:07:08.972214
-0.511,2025-03-05,2025-03-12,sz.302132,2025-06-16 20:07:08.972214
-0.503,2025-03-06,2025-03-13,sz.302132,2025-06-16 20:07:08.972214
-0.5933,2025-03-07,2025-03-14,sz.302132,2025-06-16 20:07:08.972214
-0.635,2025-03-10,2025-03-17,sz.302132,2025-06-16 20:07:08.972214
-0.4988,2025-03-11,2025-03-18,sz.302132,2025-06-16 20:07:08.972214
-0.623,2025-03-12,2025-03-19,sz.302132,2025-06-16 20:07:08.972214
-0.6387,2025-03-13,2025-03-20,sz.302132,2025-06-16 20:07:08.972214
-0.508,2025-03-14,2025-03-21,sz.302132,2025-06-16 20:07:08.972214
-0.52,2025-03-17,2025-03-24,sz.302132,2025-06-16 20:07:08.972214
-0.538,2025-03-18,2025-03-25,sz.302132,2025-06-16 20:07:08.972214
-0.5713,2025-03-19,2025-03-26,sz.302132,2025-06-16 20:07:08.972214
-0.549,2025-03-20,2025-03-27,sz.302132,2025-06-16 20:07:08.972214
-0.602,2025-03-21,2025-03-28,sz.302132,2025-06-16 20:07:08.972214
-0.672,2025-03-24,2025-03-31,sz.302132,2025-06-16 20:07:08.972214
-0.4946,2025-03-25,2025-04-01,sz.302132,2025-06-16 20:07:08.972214
-0.4702,2025-03-26,2025-04-02,sz.302132,2025-06-16 20:07:08.972214
-0.47,2025-03-27,2025-04-03,sz.302132,2025-06-16 20:07:08.972214
-0.62,2025-03-28,2025-04-04,sz.302132,2025-06-16 20:07:08.972214
-0.5264,2025-03-31,2025-04-07,sz.302132,2025-06-16 20:07:08.972214
-0.4678,2025-04-01,2025-04-08,sz.302132,2025-06-16 20:07:08.972214
-0.5464,2025-04-02,2025-04-09,sz.302132,2025-06-16 20:07:08.972214
-0.4883,2025-04-03,2025-04-10,sz.302132,2025-06-16 20:07:08.972214
-1.36,2025-04-07,2025-04-14,sz.302132,2025-06-16 20:07:08.972214
-0.3867,2025-04-08,2025-04-15,sz.302132,2025-06-16 20:07:08.972214
-0.381,2025-04-09,2025-04-16,sz.302132,2025-06-16 20:07:08.972214
-0.565,2025-04-10,2025-04-17,sz.302132,2025-06-16 20:07:08.972214
-0.509,2025-04-11,2025-04-18,sz.302132,2025-06-16 20:07:08.972214
-0.466,2025-04-14,2025-04-21,sz.302132,2025-06-16 20:07:08.972214
-0.56,2025-04-15,2025-04-22,sz.302132,2025-06-16 20:07:08.972214
-0.561,2025-04-16,2025-04-23,sz.302132,2025-06-16 20:07:08.972214
-0.4895,2025-04-17,2025-04-24,sz.302132,2025-06-16 20:07:08.972214
-0.58,2025-04-18,2025-04-25,sz.302132,2025-06-16 20:07:08.972214
-0.4644,2025-04-21,2025-04-28,sz.302132,2025-06-16 20:07:08.972214
-0.4912,2025-04-22,2025-04-29,sz.302132,2025-06-16 20:07:08.972214
-0.4463,2025-04-23,2025-04-30,sz.302132,2025-06-16 20:07:08.972214
-0.611,2025-04-24,2025-05-01,sz.302132,2025-06-16 20:07:08.972214
-0.473,2025-04-25,2025-05-02,sz.302132,2025-06-16 20:07:08.972214
-0.4783,2025-04-28,2025-05-05,sz.302132,2025-06-16 20:07:08.972214
-0.589,2025-04-29,2025-05-06,sz.302132,2025-06-16 20:07:08.972214
-0.4426,2025-04-30,2025-05-07,sz.302132,2025-06-16 20:07:08.972214
-0.518,2025-05-06,2025-05-13,sz.302132,2025-06-16 20:07:08.972214
-0.5845,2025-05-07,2025-05-14,sz.302132,2025-06-16 20:07:08.972214
-0.4626,2025-05-08,2025-05-15,sz.302132,2025-06-16 20:07:08.972214
-1.366,2025-05-09,2025-05-16,sz.302132,2025-06-16 20:07:08.972214
-0.5327,2025-05-12,2025-05-19,sz.302132,2025-06-16 20:07:08.972214
-1.326,2025-05-13,2025-05-20,sz.302132,2025-06-16 20:07:08.972214
-0.879,2025-05-14,2025-05-21,sz.302132,2025-06-16 20:07:08.972214
-0.973,2025-05-15,2025-05-22,sz.302132,2025-06-16 20:07:08.972214
-0.831,2025-05-16,2025-05-23,sz.302132,2025-06-16 20:07:08.972214
-0.8984,2025-05-19,2025-05-26,sz.302132,2025-06-16 20:07:08.972214
-1.115,2025-05-20,2025-05-27,sz.302132,2025-06-16 20:07:08.972214
-0.6567,2025-05-21,2025-05-28,sz.302132,2025-06-16 20:07:08.972214
-0.878,2025-05-22,2025-05-29,sz.302132,2025-06-16 20:07:08.972214
-0.829,2025-05-23,2025-05-30,sz.302132,2025-06-16 20:07:08.972214
-0.7485,2025-05-26,2025-06-02,sz.302132,2025-06-16 20:07:08.972214
-0.695,2025-05-27,2025-06-03,sz.302132,2025-06-16 20:07:08.972214
-0.735,2025-05-28,2025-06-04,sz.302132,2025-06-16 20:07:08.972214
-0.604,2025-05-29,2025-06-05,sz.302132,2025-06-16 20:07:08.972214
-0.724,2025-05-30,2025-06-06,sz.302132,2025-06-16 20:07:08.972214
-0.7007,2025-06-03,2025-06-10,sz.302132,2025-06-16 20:07:08.972214
-0.627,2025-06-04,2025-06-11,sz.302132,2025-06-16 20:07:08.972214
-0.6455,2025-06-05,2025-06-12,sz.302132,2025-06-16 20:07:08.972214
-0.8516,2025-06-06,2025-06-13,sz.302132,2025-06-16 20:07:08.972214
-0.736,2025-06-09,2025-06-16,sz.302132,2025-06-16 20:07:08.972214
-0.8257,2025-06-10,2025-06-17,sz.302132,2025-06-16 20:07:08.972214
-0.6343,2025-06-11,2025-06-18,sz.302132,2025-06-16 20:07:08.972214
-0.642,2025-06-12,2025-06-19,sz.302132,2025-06-16 20:07:08.972214
-0.8315,2025-06-13,2025-06-20,sz.302132,2025-06-16 20:07:08.972214
-0.8735,2025-06-16,2025-06-23,sz.302132,2025-06-16 20:07:08.972214
-0.878,2025-06-16,2025-06-23,sz.302132,2025-06-16 20:07:08.972214
