score,time,target,code,predcit_time
-0.06024,2025-06-25,2025-07-02,sh.600000,2025-06-27 20:06:32.472737
-0.01788,2025-06-26,2025-07-03,sh.600000,2025-06-27 20:06:32.472737
-0.0427,2025-06-26,2025-07-03,sh.600000,2025-06-27 20:06:32.472737
-0.01831,2025-06-26,2025-07-03,sh.600000,2025-06-27 20:06:32.472737
-0.3318,2025-06-27,2025-07-04,sh.600000,2025-06-27 20:06:32.472737
-0.3125,2025-06-27,2025-07-04,sh.600000,2025-06-27 20:06:32.472737
0.10706,2025-06-25,2025-07-02,sh.600009,2025-06-27 20:06:32.472737
0.0994,2025-06-26,2025-07-03,sh.600009,2025-06-27 20:06:32.472737
0.0839,2025-06-26,2025-07-03,sh.600009,2025-06-27 20:06:32.472737
0.0513,2025-06-26,2025-07-03,sh.600009,2025-06-27 20:06:32.472737
0.0876,2025-06-27,2025-07-04,sh.600009,2025-06-27 20:06:32.472737
0.0877,2025-06-27,2025-07-04,sh.600009,2025-06-27 20:06:32.472737
0.07855,2025-06-25,2025-07-02,sh.600010,2025-06-27 20:06:32.472737
0.03833,2025-06-26,2025-07-03,sh.600010,2025-06-27 20:06:32.472737
0.03464,2025-06-26,2025-07-03,sh.600010,2025-06-27 20:06:32.472737
0.03464,2025-06-26,2025-07-03,sh.600010,2025-06-27 20:06:32.472737
0.02687,2025-06-27,2025-07-04,sh.600010,2025-06-27 20:06:32.472737
0.02687,2025-06-27,2025-07-04,sh.600010,2025-06-27 20:06:32.472737
0.0942,2025-06-25,2025-07-02,sh.600011,2025-06-27 20:06:32.472737
0.0379,2025-06-26,2025-07-03,sh.600011,2025-06-27 20:06:32.472737
0.0379,2025-06-26,2025-07-03,sh.600011,2025-06-27 20:06:32.472737
-0.1097,2025-06-27,2025-07-04,sh.600011,2025-06-27 20:06:32.472737
-0.1097,2025-06-27,2025-07-04,sh.600011,2025-06-27 20:06:32.472737
0.01997,2025-06-25,2025-07-02,sh.600015,2025-06-27 20:06:32.472737
0.009544,2025-06-26,2025-07-03,sh.600015,2025-06-27 20:06:32.472737
0.015274,2025-06-26,2025-07-03,sh.600015,2025-06-27 20:06:32.472737
-0.145,2025-06-27,2025-07-04,sh.600015,2025-06-27 20:06:32.472737
-0.145,2025-06-27,2025-07-04,sh.600015,2025-06-27 20:06:32.472737
0.0382,2025-06-25,2025-07-02,sh.600016,2025-06-27 20:06:32.472737
0.0258,2025-06-26,2025-07-03,sh.600016,2025-06-27 20:06:32.472737
0.002188,2025-06-26,2025-07-03,sh.600016,2025-06-27 20:06:32.472737
-0.3982,2025-06-27,2025-07-04,sh.600016,2025-06-27 20:06:32.472737
-0.398,2025-06-27,2025-07-04,sh.600016,2025-06-27 20:06:32.472737
0.1332,2025-06-25,2025-07-02,sh.600018,2025-06-27 20:06:32.472737
0.0725,2025-06-26,2025-07-03,sh.600018,2025-06-27 20:06:32.472737
0.08075,2025-06-26,2025-07-03,sh.600018,2025-06-27 20:06:32.472737
0.08075,2025-06-26,2025-07-03,sh.600018,2025-06-27 20:06:32.472737
-0.0383,2025-06-27,2025-07-04,sh.600018,2025-06-27 20:06:32.472737
-0.0219,2025-06-27,2025-07-04,sh.600018,2025-06-27 20:06:32.472737
0.02283,2025-06-25,2025-07-02,sh.600019,2025-06-27 20:06:32.472737
-0.0653,2025-06-26,2025-07-03,sh.600019,2025-06-27 20:06:32.472737
-0.0653,2025-06-26,2025-07-03,sh.600019,2025-06-27 20:06:32.472737
-0.0656,2025-06-26,2025-07-03,sh.600019,2025-06-27 20:06:32.472737
0.02385,2025-06-27,2025-07-04,sh.600019,2025-06-27 20:06:32.472737
0.02385,2025-06-27,2025-07-04,sh.600019,2025-06-27 20:06:32.472737
0.06216,2025-06-25,2025-07-02,sh.600023,2025-06-27 20:06:32.472737
0.00243,2025-06-26,2025-07-03,sh.600023,2025-06-27 20:06:32.472737
0.00465,2025-06-26,2025-07-03,sh.600023,2025-06-27 20:06:32.472737
0.00465,2025-06-27,2025-07-04,sh.600023,2025-06-27 20:06:32.472737
0.001937,2025-06-27,2025-07-04,sh.600023,2025-06-27 20:06:32.472737
0.075,2025-06-25,2025-07-02,sh.600025,2025-06-27 20:06:32.472737
-0.008934,2025-06-26,2025-07-03,sh.600025,2025-06-27 20:06:32.472737
-0.008934,2025-06-26,2025-07-03,sh.600025,2025-06-27 20:06:32.472737
-0.0611,2025-06-27,2025-07-04,sh.600025,2025-06-27 20:06:32.472737
-0.0611,2025-06-27,2025-07-04,sh.600025,2025-06-27 20:06:32.472737
0.09436,2025-06-25,2025-07-02,sh.600026,2025-06-27 20:06:32.472737
0.08203,2025-06-26,2025-07-03,sh.600026,2025-06-27 20:06:32.472737
0.08203,2025-06-26,2025-07-03,sh.600026,2025-06-27 20:06:32.472737
0.092,2025-06-26,2025-07-03,sh.600026,2025-06-27 20:06:32.472737
0.0994,2025-06-27,2025-07-04,sh.600026,2025-06-27 20:06:32.472737
0.0994,2025-06-27,2025-07-04,sh.600026,2025-06-27 20:06:32.472737
0.04794,2025-06-25,2025-07-02,sh.600027,2025-06-27 20:06:32.472737
0.02461,2025-06-26,2025-07-03,sh.600027,2025-06-27 20:06:32.472737
0.02461,2025-06-26,2025-07-03,sh.600027,2025-06-27 20:06:32.472737
0.02461,2025-06-26,2025-07-03,sh.600027,2025-06-27 20:06:32.472737
-0.002571,2025-06-27,2025-07-04,sh.600027,2025-06-27 20:06:32.472737
-0.002571,2025-06-27,2025-07-04,sh.600027,2025-06-27 20:06:32.472737
0.01773,2025-06-25,2025-07-02,sh.600028,2025-06-27 20:06:32.472737
-0.005978,2025-06-26,2025-07-03,sh.600028,2025-06-27 20:06:32.472737
0.01278,2025-06-26,2025-07-03,sh.600028,2025-06-27 20:06:32.472737
0.01119,2025-06-27,2025-07-04,sh.600028,2025-06-27 20:06:32.472737
0.01119,2025-06-27,2025-07-04,sh.600028,2025-06-27 20:06:32.472737
0.1181,2025-06-25,2025-07-02,sh.600029,2025-06-27 20:06:32.472737
0.1181,2025-06-26,2025-07-03,sh.600029,2025-06-27 20:06:32.472737
0.03366,2025-06-26,2025-07-03,sh.600029,2025-06-27 20:06:32.472737
0.03366,2025-06-26,2025-07-03,sh.600029,2025-06-27 20:06:32.472737
0.0765,2025-06-27,2025-07-04,sh.600029,2025-06-27 20:06:32.472737
0.0765,2025-06-27,2025-07-04,sh.600029,2025-06-27 20:06:32.472737
0.1267,2025-06-25,2025-07-02,sh.600030,2025-06-27 20:06:32.472737
-0.1426,2025-06-26,2025-07-03,sh.600030,2025-06-27 20:06:32.472737
-0.1426,2025-06-26,2025-07-03,sh.600030,2025-06-27 20:06:32.472737
-0.1489,2025-06-26,2025-07-03,sh.600030,2025-06-27 20:06:32.472737
-0.158,2025-06-27,2025-07-04,sh.600030,2025-06-27 20:06:32.472737
-0.1581,2025-06-27,2025-07-04,sh.600030,2025-06-27 20:06:32.472737
-0.05066,2025-06-25,2025-07-02,sh.600031,2025-06-27 20:06:32.472737
-0.06384,2025-06-26,2025-07-03,sh.600031,2025-06-27 20:06:32.472737
-0.0639,2025-06-26,2025-07-03,sh.600031,2025-06-27 20:06:32.472737
-0.0639,2025-06-26,2025-07-03,sh.600031,2025-06-27 20:06:32.472737
-0.03754,2025-06-27,2025-07-04,sh.600031,2025-06-27 20:06:32.472737
-0.037,2025-06-27,2025-07-04,sh.600031,2025-06-27 20:06:32.472737
0.10864,2025-06-25,2025-07-02,sh.600036,2025-06-27 20:06:32.472737
0.03763,2025-06-26,2025-07-03,sh.600036,2025-06-27 20:06:32.472737
0.03787,2025-06-26,2025-07-03,sh.600036,2025-06-27 20:06:32.472737
0.04306,2025-06-26,2025-07-03,sh.600036,2025-06-27 20:06:32.472737
-0.5225,2025-06-27,2025-07-04,sh.600036,2025-06-27 20:06:32.472737
-0.5303,2025-06-27,2025-07-04,sh.600036,2025-06-27 20:06:32.472737
0.063,2025-06-25,2025-07-02,sh.600039,2025-06-27 20:06:32.472737
-0.05588,2025-06-26,2025-07-03,sh.600039,2025-06-27 20:06:32.472737
-0.0295,2025-06-26,2025-07-03,sh.600039,2025-06-27 20:06:32.472737
-0.04364,2025-06-26,2025-07-03,sh.600039,2025-06-27 20:06:32.472737
-0.1952,2025-06-27,2025-07-04,sh.600039,2025-06-27 20:06:32.472737
-0.1948,2025-06-27,2025-07-04,sh.600039,2025-06-27 20:06:32.472737
-0.174,2025-06-25,2025-07-02,sh.600048,2025-06-27 20:06:32.472737
-0.1986,2025-06-26,2025-07-03,sh.600048,2025-06-27 20:06:32.472737
-0.1985,2025-06-26,2025-07-03,sh.600048,2025-06-27 20:06:32.472737
-0.1981,2025-06-26,2025-07-03,sh.600048,2025-06-27 20:06:32.472737
-0.2449,2025-06-27,2025-07-04,sh.600048,2025-06-27 20:06:32.472737
-0.2269,2025-06-27,2025-07-04,sh.600048,2025-06-27 20:06:32.472737
0.03745,2025-06-25,2025-07-02,sh.600050,2025-06-27 20:06:32.472737
0.01659,2025-06-26,2025-07-03,sh.600050,2025-06-27 20:06:32.472737
0.01659,2025-06-26,2025-07-03,sh.600050,2025-06-27 20:06:32.472737
0.01659,2025-06-26,2025-07-03,sh.600050,2025-06-27 20:06:32.472737
0.0304,2025-06-27,2025-07-04,sh.600050,2025-06-27 20:06:32.472737
0.0304,2025-06-27,2025-07-04,sh.600050,2025-06-27 20:06:32.472737
0.1531,2025-06-25,2025-07-02,sh.600061,2025-06-27 20:06:32.472737
0.02902,2025-06-26,2025-07-03,sh.600061,2025-06-27 20:06:32.472737
0.02902,2025-06-26,2025-07-03,sh.600061,2025-06-27 20:06:32.472737
0.02902,2025-06-26,2025-07-03,sh.600061,2025-06-27 20:06:32.472737
-0.0563,2025-06-27,2025-07-04,sh.600061,2025-06-27 20:06:32.472737
-0.0563,2025-06-27,2025-07-04,sh.600061,2025-06-27 20:06:32.472737
-0.2659,2025-06-25,2025-07-02,sh.600066,2025-06-27 20:06:32.472737
-0.2961,2025-06-26,2025-07-03,sh.600066,2025-06-27 20:06:32.472737
-0.2961,2025-06-26,2025-07-03,sh.600066,2025-06-27 20:06:32.472737
-0.2961,2025-06-26,2025-07-03,sh.600066,2025-06-27 20:06:32.472737
-0.2708,2025-06-27,2025-07-04,sh.600066,2025-06-27 20:06:32.472737
-0.2693,2025-06-27,2025-07-04,sh.600066,2025-06-27 20:06:32.472737
-0.0464,2025-06-25,2025-07-02,sh.600085,2025-06-27 20:06:32.472737
-0.05338,2025-06-26,2025-07-03,sh.600085,2025-06-27 20:06:32.472737
-0.05582,2025-06-26,2025-07-03,sh.600085,2025-06-27 20:06:32.472737
-0.07495,2025-06-27,2025-07-04,sh.600085,2025-06-27 20:06:32.472737
-0.0746,2025-06-27,2025-07-04,sh.600085,2025-06-27 20:06:32.472737
-0.005184,2025-06-25,2025-07-02,sh.600089,2025-06-27 20:06:32.472737
-0.03098,2025-06-26,2025-07-03,sh.600089,2025-06-27 20:06:32.472737
-0.03099,2025-06-26,2025-07-03,sh.600089,2025-06-27 20:06:32.472737
-0.0319,2025-06-26,2025-07-03,sh.600089,2025-06-27 20:06:32.472737
-0.0072,2025-06-27,2025-07-04,sh.600089,2025-06-27 20:06:32.472737
-0.007572,2025-06-27,2025-07-04,sh.600089,2025-06-27 20:06:32.472737
0.1184,2025-06-25,2025-07-02,sh.600104,2025-06-27 20:06:32.472737
0.02957,2025-06-26,2025-07-03,sh.600104,2025-06-27 20:06:32.472737
0.06015,2025-06-26,2025-07-03,sh.600104,2025-06-27 20:06:32.472737
0.0587,2025-06-26,2025-07-03,sh.600104,2025-06-27 20:06:32.472737
0.0816,2025-06-27,2025-07-04,sh.600104,2025-06-27 20:06:32.472737
0.09753,2025-06-27,2025-07-04,sh.600104,2025-06-27 20:06:32.472737
-0.04303,2025-06-25,2025-07-02,sh.600111,2025-06-27 20:06:32.472737
-0.2003,2025-06-26,2025-07-03,sh.600111,2025-06-27 20:06:32.472737
-0.2087,2025-06-26,2025-07-03,sh.600111,2025-06-27 20:06:32.472737
-0.09375,2025-06-27,2025-07-04,sh.600111,2025-06-27 20:06:32.472737
-0.0923,2025-06-27,2025-07-04,sh.600111,2025-06-27 20:06:32.472737
0.00459,2025-06-25,2025-07-02,sh.600115,2025-06-27 20:06:32.472737
0.0044,2025-06-26,2025-07-03,sh.600115,2025-06-27 20:06:32.472737
0.0044,2025-06-26,2025-07-03,sh.600115,2025-06-27 20:06:32.472737
0.0044,2025-06-26,2025-07-03,sh.600115,2025-06-27 20:06:32.472737
0.00459,2025-06-27,2025-07-04,sh.600115,2025-06-27 20:06:32.472737
0.00459,2025-06-27,2025-07-04,sh.600115,2025-06-27 20:06:32.472737
0.1332,2025-06-25,2025-07-02,sh.600150,2025-06-27 20:06:32.472737
-0.05762,2025-06-26,2025-07-03,sh.600150,2025-06-27 20:06:32.472737
-0.0189,2025-06-26,2025-07-03,sh.600150,2025-06-27 20:06:32.472737
-0.0189,2025-06-26,2025-07-03,sh.600150,2025-06-27 20:06:32.472737
0.0574,2025-06-27,2025-07-04,sh.600150,2025-06-27 20:06:32.472737
0.0574,2025-06-27,2025-07-04,sh.600150,2025-06-27 20:06:32.472737
-0.1663,2025-06-25,2025-07-02,sh.600160,2025-06-27 20:06:32.472737
-0.2678,2025-06-26,2025-07-03,sh.600160,2025-06-27 20:06:32.472737
-0.2627,2025-06-26,2025-07-03,sh.600160,2025-06-27 20:06:32.472737
-0.2588,2025-06-26,2025-07-03,sh.600160,2025-06-27 20:06:32.472737
-0.1016,2025-06-27,2025-07-04,sh.600160,2025-06-27 20:06:32.472737
-0.09216,2025-06-27,2025-07-04,sh.600160,2025-06-27 20:06:32.472737
0.02281,2025-06-25,2025-07-02,sh.600161,2025-06-27 20:06:32.472737
0.0695,2025-06-26,2025-07-03,sh.600161,2025-06-27 20:06:32.472737
0.064,2025-06-26,2025-07-03,sh.600161,2025-06-27 20:06:32.472737
0.0649,2025-06-26,2025-07-03,sh.600161,2025-06-27 20:06:32.472737
0.006733,2025-06-27,2025-07-04,sh.600161,2025-06-27 20:06:32.472737
0.006187,2025-06-27,2025-07-04,sh.600161,2025-06-27 20:06:32.472737
0.05695,2025-06-25,2025-07-02,sh.600176,2025-06-27 20:06:32.472737
-0.0726,2025-06-26,2025-07-03,sh.600176,2025-06-27 20:06:32.472737
-0.0723,2025-06-26,2025-07-03,sh.600176,2025-06-27 20:06:32.472737
-0.07025,2025-06-26,2025-07-03,sh.600176,2025-06-27 20:06:32.472737
0.01688,2025-06-27,2025-07-04,sh.600176,2025-06-27 20:06:32.472737
0.00558,2025-06-27,2025-07-04,sh.600176,2025-06-27 20:06:32.472737
-0.05334,2025-06-25,2025-07-02,sh.600183,2025-06-27 20:06:32.472737
-0.2646,2025-06-26,2025-07-03,sh.600183,2025-06-27 20:06:32.472737
-0.2605,2025-06-26,2025-07-03,sh.600183,2025-06-27 20:06:32.472737
-0.01904,2025-06-27,2025-07-04,sh.600183,2025-06-27 20:06:32.472737
-0.01706,2025-06-27,2025-07-04,sh.600183,2025-06-27 20:06:32.472737
0.1686,2025-06-25,2025-07-02,sh.600188,2025-06-27 20:06:32.472737
0.06793,2025-06-26,2025-07-03,sh.600188,2025-06-27 20:06:32.472737
0.06793,2025-06-26,2025-07-03,sh.600188,2025-06-27 20:06:32.472737
0.11633,2025-06-26,2025-07-03,sh.600188,2025-06-27 20:06:32.472737
0.1505,2025-06-27,2025-07-04,sh.600188,2025-06-27 20:06:32.472737
0.1505,2025-06-27,2025-07-04,sh.600188,2025-06-27 20:06:32.472737
-0.1783,2025-06-25,2025-07-02,sh.600196,2025-06-27 20:06:32.472737
-0.1747,2025-06-26,2025-07-03,sh.600196,2025-06-27 20:06:32.472737
-0.1824,2025-06-26,2025-07-03,sh.600196,2025-06-27 20:06:32.472737
-0.1741,2025-06-26,2025-07-03,sh.600196,2025-06-27 20:06:32.472737
-0.1128,2025-06-27,2025-07-04,sh.600196,2025-06-27 20:06:32.472737
-0.116,2025-06-27,2025-07-04,sh.600196,2025-06-27 20:06:32.472737
0.02101,2025-06-25,2025-07-02,sh.600219,2025-06-27 20:06:32.472737
0.0631,2025-06-26,2025-07-03,sh.600219,2025-06-27 20:06:32.472737
0.0654,2025-06-26,2025-07-03,sh.600219,2025-06-27 20:06:32.472737
0.0654,2025-06-26,2025-07-03,sh.600219,2025-06-27 20:06:32.472737
0.0518,2025-06-27,2025-07-04,sh.600219,2025-06-27 20:06:32.472737
0.04028,2025-06-27,2025-07-04,sh.600219,2025-06-27 20:06:32.472737
0.1844,2025-06-25,2025-07-02,sh.600233,2025-06-27 20:06:32.472737
0.03177,2025-06-26,2025-07-03,sh.600233,2025-06-27 20:06:32.472737
0.03177,2025-06-26,2025-07-03,sh.600233,2025-06-27 20:06:32.472737
0.05145,2025-06-26,2025-07-03,sh.600233,2025-06-27 20:06:32.472737
0.1039,2025-06-27,2025-07-04,sh.600233,2025-06-27 20:06:32.472737
0.1039,2025-06-27,2025-07-04,sh.600233,2025-06-27 20:06:32.472737
-0.221,2025-06-25,2025-07-02,sh.600276,2025-06-27 20:06:32.472737
-0.2358,2025-06-26,2025-07-03,sh.600276,2025-06-27 20:06:32.472737
-0.236,2025-06-26,2025-07-03,sh.600276,2025-06-27 20:06:32.472737
-0.2357,2025-06-26,2025-07-03,sh.600276,2025-06-27 20:06:32.472737
-0.2196,2025-06-27,2025-07-04,sh.600276,2025-06-27 20:06:32.472737
-0.2197,2025-06-27,2025-07-04,sh.600276,2025-06-27 20:06:32.472737
-0.1373,2025-06-25,2025-07-02,sh.600309,2025-06-27 20:06:32.472737
-0.1459,2025-06-26,2025-07-03,sh.600309,2025-06-27 20:06:32.472737
-0.1462,2025-06-26,2025-07-03,sh.600309,2025-06-27 20:06:32.472737
-0.1462,2025-06-26,2025-07-03,sh.600309,2025-06-27 20:06:32.472737
-0.1375,2025-06-27,2025-07-04,sh.600309,2025-06-27 20:06:32.472737
-0.1378,2025-06-27,2025-07-04,sh.600309,2025-06-27 20:06:32.472737
0.1431,2025-06-25,2025-07-02,sh.600332,2025-06-27 20:06:32.472737
0.1564,2025-06-26,2025-07-03,sh.600332,2025-06-27 20:06:32.472737
0.1564,2025-06-26,2025-07-03,sh.600332,2025-06-27 20:06:32.472737
0.1564,2025-06-26,2025-07-03,sh.600332,2025-06-27 20:06:32.472737
0.09717,2025-06-27,2025-07-04,sh.600332,2025-06-27 20:06:32.472737
0.09717,2025-06-27,2025-07-04,sh.600332,2025-06-27 20:06:32.472737
0.09717,2025-06-25,2025-07-02,sh.600346,2025-06-27 20:06:32.472737
0.03046,2025-06-26,2025-07-03,sh.600346,2025-06-27 20:06:32.472737
0.0357,2025-06-26,2025-07-03,sh.600346,2025-06-27 20:06:32.472737
0.0494,2025-06-26,2025-07-03,sh.600346,2025-06-27 20:06:32.472737
0.1262,2025-06-27,2025-07-04,sh.600346,2025-06-27 20:06:32.472737
0.12415,2025-06-27,2025-07-04,sh.600346,2025-06-27 20:06:32.472737
0.11035,2025-06-25,2025-07-02,sh.600362,2025-06-27 20:06:32.472737
0.04526,2025-06-26,2025-07-03,sh.600362,2025-06-27 20:06:32.472737
0.04526,2025-06-26,2025-07-03,sh.600362,2025-06-27 20:06:32.472737
0.04526,2025-06-26,2025-07-03,sh.600362,2025-06-27 20:06:32.472737
0.0999,2025-06-27,2025-07-04,sh.600362,2025-06-27 20:06:32.472737
0.09827,2025-06-27,2025-07-04,sh.600362,2025-06-27 20:06:32.472737
0.1403,2025-06-25,2025-07-02,sh.600372,2025-06-27 20:06:32.472737
0.1155,2025-06-26,2025-07-03,sh.600372,2025-06-27 20:06:32.472737
0.1311,2025-06-26,2025-07-03,sh.600372,2025-06-27 20:06:32.472737
0.1311,2025-06-26,2025-07-03,sh.600372,2025-06-27 20:06:32.472737
0.09326,2025-06-27,2025-07-04,sh.600372,2025-06-27 20:06:32.472737
0.09326,2025-06-27,2025-07-04,sh.600372,2025-06-27 20:06:32.472737
-0.04303,2025-06-25,2025-07-02,sh.600377,2025-06-27 20:06:32.472737
-0.04587,2025-06-26,2025-07-03,sh.600377,2025-06-27 20:06:32.472737
-0.04587,2025-06-26,2025-07-03,sh.600377,2025-06-27 20:06:32.472737
-0.10254,2025-06-27,2025-07-04,sh.600377,2025-06-27 20:06:32.472737
-0.07776,2025-06-27,2025-07-04,sh.600377,2025-06-27 20:06:32.472737
-0.04642,2025-06-25,2025-07-02,sh.600406,2025-06-27 20:06:32.472737
-0.0488,2025-06-26,2025-07-03,sh.600406,2025-06-27 20:06:32.472737
-0.0488,2025-06-26,2025-07-03,sh.600406,2025-06-27 20:06:32.472737
-0.04858,2025-06-26,2025-07-03,sh.600406,2025-06-27 20:06:32.472737
-0.04895,2025-06-27,2025-07-04,sh.600406,2025-06-27 20:06:32.472737
-0.04895,2025-06-27,2025-07-04,sh.600406,2025-06-27 20:06:32.472737
-0.6426,2025-06-25,2025-07-02,sh.600415,2025-06-27 20:06:32.472737
-0.81,2025-06-26,2025-07-03,sh.600415,2025-06-27 20:06:32.472737
-0.811,2025-06-26,2025-07-03,sh.600415,2025-06-27 20:06:32.472737
-0.8076,2025-06-26,2025-07-03,sh.600415,2025-06-27 20:06:32.472737
-1.356,2025-06-27,2025-07-04,sh.600415,2025-06-27 20:06:32.472737
-1.3545,2025-06-27,2025-07-04,sh.600415,2025-06-27 20:06:32.472737
-0.1238,2025-06-25,2025-07-02,sh.600426,2025-06-27 20:06:32.472737
-0.09564,2025-06-26,2025-07-03,sh.600426,2025-06-27 20:06:32.472737
-0.1052,2025-06-26,2025-07-03,sh.600426,2025-06-27 20:06:32.472737
-0.11176,2025-06-26,2025-07-03,sh.600426,2025-06-27 20:06:32.472737
-0.1083,2025-06-27,2025-07-04,sh.600426,2025-06-27 20:06:32.472737
-0.1028,2025-06-27,2025-07-04,sh.600426,2025-06-27 20:06:32.472737
-0.03812,2025-06-25,2025-07-02,sh.600436,2025-06-27 20:06:32.472737
-0.05365,2025-06-26,2025-07-03,sh.600436,2025-06-27 20:06:32.472737
-0.05478,2025-06-26,2025-07-03,sh.600436,2025-06-27 20:06:32.472737
-0.05396,2025-06-26,2025-07-03,sh.600436,2025-06-27 20:06:32.472737
-0.04407,2025-06-27,2025-07-04,sh.600436,2025-06-27 20:06:32.472737
-0.04352,2025-06-27,2025-07-04,sh.600436,2025-06-27 20:06:32.472737
-0.3123,2025-06-25,2025-07-02,sh.600438,2025-06-27 20:06:32.472737
-0.4321,2025-06-26,2025-07-03,sh.600438,2025-06-27 20:06:32.472737
-0.4282,2025-06-26,2025-07-03,sh.600438,2025-06-27 20:06:32.472737
-0.4219,2025-06-26,2025-07-03,sh.600438,2025-06-27 20:06:32.472737
-0.4006,2025-06-27,2025-07-04,sh.600438,2025-06-27 20:06:32.472737
-0.3994,2025-06-27,2025-07-04,sh.600438,2025-06-27 20:06:32.472737
-0.156,2025-06-25,2025-07-02,sh.600460,2025-06-27 20:06:32.472737
-0.2786,2025-06-26,2025-07-03,sh.600460,2025-06-27 20:06:32.472737
-0.2717,2025-06-26,2025-07-03,sh.600460,2025-06-27 20:06:32.472737
-0.2737,2025-06-26,2025-07-03,sh.600460,2025-06-27 20:06:32.472737
-0.2054,2025-06-27,2025-07-04,sh.600460,2025-06-27 20:06:32.472737
-0.2086,2025-06-27,2025-07-04,sh.600460,2025-06-27 20:06:32.472737
0.05847,2025-06-25,2025-07-02,sh.600482,2025-06-27 20:06:32.472737
-0.04166,2025-06-26,2025-07-03,sh.600482,2025-06-27 20:06:32.472737
-0.04166,2025-06-26,2025-07-03,sh.600482,2025-06-27 20:06:32.472737
-0.04166,2025-06-26,2025-07-03,sh.600482,2025-06-27 20:06:32.472737
0.005123,2025-06-27,2025-07-04,sh.600482,2025-06-27 20:06:32.472737
0.01709,2025-06-27,2025-07-04,sh.600482,2025-06-27 20:06:32.472737
0.1211,2025-06-25,2025-07-02,sh.600489,2025-06-27 20:06:32.472737
0.0435,2025-06-26,2025-07-03,sh.600489,2025-06-27 20:06:32.472737
0.0221,2025-06-26,2025-07-03,sh.600489,2025-06-27 20:06:32.472737
0.01413,2025-06-26,2025-07-03,sh.600489,2025-06-27 20:06:32.472737
-0.06232,2025-06-27,2025-07-04,sh.600489,2025-06-27 20:06:32.472737
-0.0625,2025-06-27,2025-07-04,sh.600489,2025-06-27 20:06:32.472737
0.02554,2025-06-25,2025-07-02,sh.600515,2025-06-27 20:06:32.472737
0.06137,2025-06-26,2025-07-03,sh.600515,2025-06-27 20:06:32.472737
0.06137,2025-06-26,2025-07-03,sh.600515,2025-06-27 20:06:32.472737
0.06137,2025-06-26,2025-07-03,sh.600515,2025-06-27 20:06:32.472737
9.245e-05,2025-06-27,2025-07-04,sh.600515,2025-06-27 20:06:32.472737
9.245e-05,2025-06-27,2025-07-04,sh.600515,2025-06-27 20:06:32.472737
-0.1821,2025-06-25,2025-07-02,sh.600519,2025-06-27 20:06:32.472737
-0.1715,2025-06-26,2025-07-03,sh.600519,2025-06-27 20:06:32.472737
-0.1674,2025-06-26,2025-07-03,sh.600519,2025-06-27 20:06:32.472737
-0.1855,2025-06-27,2025-07-04,sh.600519,2025-06-27 20:06:32.472737
-0.1857,2025-06-27,2025-07-04,sh.600519,2025-06-27 20:06:32.472737
-0.01365,2025-06-25,2025-07-02,sh.600547,2025-06-27 20:06:32.472737
-0.1029,2025-06-26,2025-07-03,sh.600547,2025-06-27 20:06:32.472737
-0.0986,2025-06-26,2025-07-03,sh.600547,2025-06-27 20:06:32.472737
-0.09894,2025-06-26,2025-07-03,sh.600547,2025-06-27 20:06:32.472737
-0.2935,2025-06-27,2025-07-04,sh.600547,2025-06-27 20:06:32.472737
-0.2932,2025-06-27,2025-07-04,sh.600547,2025-06-27 20:06:32.472737
-0.1143,2025-06-25,2025-07-02,sh.600570,2025-06-27 20:06:32.472737
-0.1744,2025-06-26,2025-07-03,sh.600570,2025-06-27 20:06:32.472737
-0.1746,2025-06-26,2025-07-03,sh.600570,2025-06-27 20:06:32.472737
-0.1746,2025-06-26,2025-07-03,sh.600570,2025-06-27 20:06:32.472737
-0.2029,2025-06-27,2025-07-04,sh.600570,2025-06-27 20:06:32.472737
-0.2026,2025-06-27,2025-07-04,sh.600570,2025-06-27 20:06:32.472737
0.10406,2025-06-25,2025-07-02,sh.600584,2025-06-27 20:06:32.472737
-0.07825,2025-06-26,2025-07-03,sh.600584,2025-06-27 20:06:32.472737
-0.07806,2025-06-26,2025-07-03,sh.600584,2025-06-27 20:06:32.472737
-0.08203,2025-06-26,2025-07-03,sh.600584,2025-06-27 20:06:32.472737
-0.0273,2025-06-27,2025-07-04,sh.600584,2025-06-27 20:06:32.472737
-0.02548,2025-06-27,2025-07-04,sh.600584,2025-06-27 20:06:32.472737
0.1869,2025-06-25,2025-07-02,sh.600585,2025-06-27 20:06:32.472737
0.0904,2025-06-26,2025-07-03,sh.600585,2025-06-27 20:06:32.472737
0.11597,2025-06-26,2025-07-03,sh.600585,2025-06-27 20:06:32.472737
0.04034,2025-06-27,2025-07-04,sh.600585,2025-06-27 20:06:32.472737
0.03275,2025-06-27,2025-07-04,sh.600585,2025-06-27 20:06:32.472737
-0.1278,2025-06-25,2025-07-02,sh.600588,2025-06-27 20:06:32.472737
-0.1505,2025-06-26,2025-07-03,sh.600588,2025-06-27 20:06:32.472737
-0.1534,2025-06-26,2025-07-03,sh.600588,2025-06-27 20:06:32.472737
-0.1514,2025-06-26,2025-07-03,sh.600588,2025-06-27 20:06:32.472737
-0.2532,2025-06-27,2025-07-04,sh.600588,2025-06-27 20:06:32.472737
-0.2554,2025-06-27,2025-07-04,sh.600588,2025-06-27 20:06:32.472737
0.1316,2025-06-25,2025-07-02,sh.600600,2025-06-27 20:06:32.472737
0.1279,2025-06-26,2025-07-03,sh.600600,2025-06-27 20:06:32.472737
0.1279,2025-06-26,2025-07-03,sh.600600,2025-06-27 20:06:32.472737
0.02759,2025-06-27,2025-07-04,sh.600600,2025-06-27 20:06:32.472737
0.02759,2025-06-27,2025-07-04,sh.600600,2025-06-27 20:06:32.472737
-0.2664,2025-06-25,2025-07-02,sh.600660,2025-06-27 20:06:32.472737
-0.2983,2025-06-26,2025-07-03,sh.600660,2025-06-27 20:06:32.472737
-0.2983,2025-06-26,2025-07-03,sh.600660,2025-06-27 20:06:32.472737
-0.2712,2025-06-27,2025-07-04,sh.600660,2025-06-27 20:06:32.472737
-0.2712,2025-06-27,2025-07-04,sh.600660,2025-06-27 20:06:32.472737
0.1643,2025-06-25,2025-07-02,sh.600674,2025-06-27 20:06:32.472737
0.09607,2025-06-26,2025-07-03,sh.600674,2025-06-27 20:06:32.472737
0.09607,2025-06-26,2025-07-03,sh.600674,2025-06-27 20:06:32.472737
0.0302,2025-06-27,2025-07-04,sh.600674,2025-06-27 20:06:32.472737
0.03363,2025-06-27,2025-07-04,sh.600674,2025-06-27 20:06:32.472737
-0.04034,2025-06-25,2025-07-02,sh.600690,2025-06-27 20:06:32.472737
-0.0642,2025-06-26,2025-07-03,sh.600690,2025-06-27 20:06:32.472737
-0.0642,2025-06-26,2025-07-03,sh.600690,2025-06-27 20:06:32.472737
-0.0636,2025-06-26,2025-07-03,sh.600690,2025-06-27 20:06:32.472737
-0.05292,2025-06-27,2025-07-04,sh.600690,2025-06-27 20:06:32.472737
-0.05304,2025-06-27,2025-07-04,sh.600690,2025-06-27 20:06:32.472737
-0.04913,2025-06-25,2025-07-02,sh.600741,2025-06-27 20:06:32.472737
-0.0915,2025-06-26,2025-07-03,sh.600741,2025-06-27 20:06:32.472737
-0.09204,2025-06-26,2025-07-03,sh.600741,2025-06-27 20:06:32.472737
-0.0784,2025-06-27,2025-07-04,sh.600741,2025-06-27 20:06:32.472737
-0.07715,2025-06-27,2025-07-04,sh.600741,2025-06-27 20:06:32.472737
-0.010735,2025-06-25,2025-07-02,sh.600760,2025-06-27 20:06:32.472737
-0.1466,2025-06-26,2025-07-03,sh.600760,2025-06-27 20:06:32.472737
-0.1411,2025-06-26,2025-07-03,sh.600760,2025-06-27 20:06:32.472737
-0.05557,2025-06-27,2025-07-04,sh.600760,2025-06-27 20:06:32.472737
-0.05832,2025-06-27,2025-07-04,sh.600760,2025-06-27 20:06:32.472737
-0.0834,2025-06-25,2025-07-02,sh.600795,2025-06-27 20:06:32.472737
-0.0952,2025-06-26,2025-07-03,sh.600795,2025-06-27 20:06:32.472737
-0.0953,2025-06-26,2025-07-03,sh.600795,2025-06-27 20:06:32.472737
-0.1552,2025-06-27,2025-07-04,sh.600795,2025-06-27 20:06:32.472737
-0.156,2025-06-27,2025-07-04,sh.600795,2025-06-27 20:06:32.472737
0.1311,2025-06-25,2025-07-02,sh.600803,2025-06-27 20:06:32.472737
0.06384,2025-06-26,2025-07-03,sh.600803,2025-06-27 20:06:32.472737
0.0754,2025-06-26,2025-07-03,sh.600803,2025-06-27 20:06:32.472737
0.1958,2025-06-27,2025-07-04,sh.600803,2025-06-27 20:06:32.472737
0.1958,2025-06-27,2025-07-04,sh.600803,2025-06-27 20:06:32.472737
-0.04565,2025-06-25,2025-07-02,sh.600809,2025-06-27 20:06:32.472737
-0.02786,2025-06-26,2025-07-03,sh.600809,2025-06-27 20:06:32.472737
-0.02917,2025-06-26,2025-07-03,sh.600809,2025-06-27 20:06:32.472737
-0.04913,2025-06-27,2025-07-04,sh.600809,2025-06-27 20:06:32.472737
-0.04935,2025-06-27,2025-07-04,sh.600809,2025-06-27 20:06:32.472737
-0.02759,2025-06-25,2025-07-02,sh.600845,2025-06-27 20:06:32.472737
-0.111,2025-06-26,2025-07-03,sh.600845,2025-06-27 20:06:32.472737
-0.1118,2025-06-26,2025-07-03,sh.600845,2025-06-27 20:06:32.472737
-0.10315,2025-06-27,2025-07-04,sh.600845,2025-06-27 20:06:32.472737
-0.10315,2025-06-27,2025-07-04,sh.600845,2025-06-27 20:06:32.472737
0.0962,2025-06-25,2025-07-02,sh.600875,2025-06-27 20:06:32.472737
0.11383,2025-06-26,2025-07-03,sh.600875,2025-06-27 20:06:32.472737
0.11383,2025-06-26,2025-07-03,sh.600875,2025-06-27 20:06:32.472737
0.1134,2025-06-27,2025-07-04,sh.600875,2025-06-27 20:06:32.472737
0.1134,2025-06-27,2025-07-04,sh.600875,2025-06-27 20:06:32.472737
0.0272,2025-06-25,2025-07-02,sh.600886,2025-06-27 20:06:32.472737
0.01208,2025-06-26,2025-07-03,sh.600886,2025-06-27 20:06:32.472737
0.01471,2025-06-26,2025-07-03,sh.600886,2025-06-27 20:06:32.472737
-0.04153,2025-06-27,2025-07-04,sh.600886,2025-06-27 20:06:32.472737
-0.03867,2025-06-27,2025-07-04,sh.600886,2025-06-27 20:06:32.472737
-0.1865,2025-06-25,2025-07-02,sh.600887,2025-06-27 20:06:32.472737
-0.1823,2025-06-26,2025-07-03,sh.600887,2025-06-27 20:06:32.472737
-0.1823,2025-06-26,2025-07-03,sh.600887,2025-06-27 20:06:32.472737
-0.1903,2025-06-27,2025-07-04,sh.600887,2025-06-27 20:06:32.472737
-0.1901,2025-06-27,2025-07-04,sh.600887,2025-06-27 20:06:32.472737
0.1841,2025-06-25,2025-07-02,sh.600893,2025-06-27 20:06:32.472737
-0.02702,2025-06-26,2025-07-03,sh.600893,2025-06-27 20:06:32.472737
-0.0268,2025-06-26,2025-07-03,sh.600893,2025-06-27 20:06:32.472737
0.0847,2025-06-27,2025-07-04,sh.600893,2025-06-27 20:06:32.472737
0.0742,2025-06-27,2025-07-04,sh.600893,2025-06-27 20:06:32.472737
0.10266,2025-06-25,2025-07-02,sh.600900,2025-06-27 20:06:32.472737
0.128,2025-06-26,2025-07-03,sh.600900,2025-06-27 20:06:32.472737
0.12305,2025-06-26,2025-07-03,sh.600900,2025-06-27 20:06:32.472737
-0.2844,2025-06-27,2025-07-04,sh.600900,2025-06-27 20:06:32.472737
-0.2844,2025-06-27,2025-07-04,sh.600900,2025-06-27 20:06:32.472737
0.02336,2025-06-25,2025-07-02,sh.600905,2025-06-27 20:06:32.472737
0.02336,2025-06-26,2025-07-03,sh.600905,2025-06-27 20:06:32.472737
0.02336,2025-06-26,2025-07-03,sh.600905,2025-06-27 20:06:32.472737
0.02336,2025-06-27,2025-07-04,sh.600905,2025-06-27 20:06:32.472737
0.02336,2025-06-27,2025-07-04,sh.600905,2025-06-27 20:06:32.472737
0.02206,2025-06-25,2025-07-02,sh.600918,2025-06-27 20:06:32.472737
0.02548,2025-06-26,2025-07-03,sh.600918,2025-06-27 20:06:32.472737
0.02548,2025-06-26,2025-07-03,sh.600918,2025-06-27 20:06:32.472737
0.0315,2025-06-27,2025-07-04,sh.600918,2025-06-27 20:06:32.472737
0.01082,2025-06-27,2025-07-04,sh.600918,2025-06-27 20:06:32.472737
0.03503,2025-06-25,2025-07-02,sh.600919,2025-06-27 20:06:32.472737
0.03616,2025-06-26,2025-07-03,sh.600919,2025-06-27 20:06:32.472737
0.03616,2025-06-26,2025-07-03,sh.600919,2025-06-27 20:06:32.472737
-0.1272,2025-06-27,2025-07-04,sh.600919,2025-06-27 20:06:32.472737
-0.1272,2025-06-27,2025-07-04,sh.600919,2025-06-27 20:06:32.472737
0.00432,2025-06-25,2025-07-02,sh.600926,2025-06-27 20:06:32.472737
0.02292,2025-06-26,2025-07-03,sh.600926,2025-06-27 20:06:32.472737
0.02292,2025-06-26,2025-07-03,sh.600926,2025-06-27 20:06:32.472737
-0.2837,2025-06-27,2025-07-04,sh.600926,2025-06-27 20:06:32.472737
-0.2837,2025-06-27,2025-07-04,sh.600926,2025-06-27 20:06:32.472737
0.0782,2025-06-25,2025-07-02,sh.600938,2025-06-27 20:06:32.472737
0.06476,2025-06-26,2025-07-03,sh.600938,2025-06-27 20:06:32.472737
0.063,2025-06-26,2025-07-03,sh.600938,2025-06-27 20:06:32.472737
0.02443,2025-06-27,2025-07-04,sh.600938,2025-06-27 20:06:32.472737
0.02443,2025-06-27,2025-07-04,sh.600938,2025-06-27 20:06:32.472737
0.05713,2025-06-25,2025-07-02,sh.600941,2025-06-27 20:06:32.472737
0.06018,2025-06-26,2025-07-03,sh.600941,2025-06-27 20:06:32.472737
0.0787,2025-06-26,2025-07-03,sh.600941,2025-06-27 20:06:32.472737
-0.10187,2025-06-27,2025-07-04,sh.600941,2025-06-27 20:06:32.472737
-0.1145,2025-06-27,2025-07-04,sh.600941,2025-06-27 20:06:32.472737
0.067,2025-06-25,2025-07-02,sh.600958,2025-06-27 20:06:32.472737
0.0676,2025-06-26,2025-07-03,sh.600958,2025-06-27 20:06:32.472737
0.0676,2025-06-26,2025-07-03,sh.600958,2025-06-27 20:06:32.472737
0.0616,2025-06-27,2025-07-04,sh.600958,2025-06-27 20:06:32.472737
0.0616,2025-06-27,2025-07-04,sh.600958,2025-06-27 20:06:32.472737
-0.0118,2025-06-25,2025-07-02,sh.600989,2025-06-27 20:06:32.472737
-0.01046,2025-06-26,2025-07-03,sh.600989,2025-06-27 20:06:32.472737
-0.03546,2025-06-26,2025-07-03,sh.600989,2025-06-27 20:06:32.472737
0.0731,2025-06-27,2025-07-04,sh.600989,2025-06-27 20:06:32.472737
0.0731,2025-06-27,2025-07-04,sh.600989,2025-06-27 20:06:32.472737
0.07574,2025-06-25,2025-07-02,sh.600999,2025-06-27 20:06:32.472737
0.003796,2025-06-26,2025-07-03,sh.600999,2025-06-27 20:06:32.472737
0.003796,2025-06-26,2025-07-03,sh.600999,2025-06-27 20:06:32.472737
-0.05743,2025-06-27,2025-07-04,sh.600999,2025-06-27 20:06:32.472737
-0.05743,2025-06-27,2025-07-04,sh.600999,2025-06-27 20:06:32.472737
-0.012505,2025-06-25,2025-07-02,sh.601006,2025-06-27 20:06:32.472737
-0.013695,2025-06-26,2025-07-03,sh.601006,2025-06-27 20:06:32.472737
-0.013695,2025-06-26,2025-07-03,sh.601006,2025-06-27 20:06:32.472737
0.002256,2025-06-27,2025-07-04,sh.601006,2025-06-27 20:06:32.472737
0.002256,2025-06-27,2025-07-04,sh.601006,2025-06-27 20:06:32.472737
0.11005,2025-06-25,2025-07-02,sh.601009,2025-06-27 20:06:32.472737
0.02957,2025-06-26,2025-07-03,sh.601009,2025-06-27 20:06:32.472737
0.02957,2025-06-26,2025-07-03,sh.601009,2025-06-27 20:06:32.472737
-0.35,2025-06-27,2025-07-04,sh.601009,2025-06-27 20:06:32.472737
-0.35,2025-06-27,2025-07-04,sh.601009,2025-06-27 20:06:32.472737
-0.4392,2025-06-25,2025-07-02,sh.601012,2025-06-27 20:06:32.472737
-0.487,2025-06-26,2025-07-03,sh.601012,2025-06-27 20:06:32.472737
-0.4946,2025-06-26,2025-07-03,sh.601012,2025-06-27 20:06:32.472737
-0.4568,2025-06-27,2025-07-04,sh.601012,2025-06-27 20:06:32.472737
-0.459,2025-06-27,2025-07-04,sh.601012,2025-06-27 20:06:32.472737
0.1731,2025-06-25,2025-07-02,sh.601021,2025-06-27 20:06:32.472737
-0.03314,2025-06-26,2025-07-03,sh.601021,2025-06-27 20:06:32.472737
-0.03314,2025-06-26,2025-07-03,sh.601021,2025-06-27 20:06:32.472737
0.1095,2025-06-27,2025-07-04,sh.601021,2025-06-27 20:06:32.472737
0.1095,2025-06-27,2025-07-04,sh.601021,2025-06-27 20:06:32.472737
0.1255,2025-06-25,2025-07-02,sh.601058,2025-06-27 20:06:32.472737
0.004974,2025-06-26,2025-07-03,sh.601058,2025-06-27 20:06:32.472737
0.004974,2025-06-26,2025-07-03,sh.601058,2025-06-27 20:06:32.472737
0.0536,2025-06-27,2025-07-04,sh.601058,2025-06-27 20:06:32.472737
0.0536,2025-06-27,2025-07-04,sh.601058,2025-06-27 20:06:32.472737
0.089,2025-06-25,2025-07-02,sh.601066,2025-06-27 20:06:32.472737
-0.02382,2025-06-26,2025-07-03,sh.601066,2025-06-27 20:06:32.472737
-0.02382,2025-06-26,2025-07-03,sh.601066,2025-06-27 20:06:32.472737
0.002542,2025-06-27,2025-07-04,sh.601066,2025-06-27 20:06:32.472737
0.002542,2025-06-27,2025-07-04,sh.601066,2025-06-27 20:06:32.472737
-0.010994,2025-06-25,2025-07-02,sh.601077,2025-06-27 20:06:32.472737
-0.004932,2025-06-26,2025-07-03,sh.601077,2025-06-27 20:06:32.472737
0.02206,2025-06-26,2025-07-03,sh.601077,2025-06-27 20:06:32.472737
-0.0763,2025-06-27,2025-07-04,sh.601077,2025-06-27 20:06:32.472737
-0.0684,2025-06-27,2025-07-04,sh.601077,2025-06-27 20:06:32.472737
0.10016,2025-06-25,2025-07-02,sh.601088,2025-06-27 20:06:32.472737
0.0389,2025-06-26,2025-07-03,sh.601088,2025-06-27 20:06:32.472737
0.01973,2025-06-26,2025-07-03,sh.601088,2025-06-27 20:06:32.472737
0.04053,2025-06-27,2025-07-04,sh.601088,2025-06-27 20:06:32.472737
0.03317,2025-06-27,2025-07-04,sh.601088,2025-06-27 20:06:32.472737
0.03656,2025-06-25,2025-07-02,sh.601100,2025-06-27 20:06:32.472737
-0.1549,2025-06-26,2025-07-03,sh.601100,2025-06-27 20:06:32.472737
-0.1515,2025-06-26,2025-07-03,sh.601100,2025-06-27 20:06:32.472737
-0.09534,2025-06-27,2025-07-04,sh.601100,2025-06-27 20:06:32.472737
-0.0943,2025-06-27,2025-07-04,sh.601100,2025-06-27 20:06:32.472737
0.05588,2025-06-25,2025-07-02,sh.601111,2025-06-27 20:06:32.472737
0.05118,2025-06-26,2025-07-03,sh.601111,2025-06-27 20:06:32.472737
0.05118,2025-06-26,2025-07-03,sh.601111,2025-06-27 20:06:32.472737
0.0411,2025-06-27,2025-07-04,sh.601111,2025-06-27 20:06:32.472737
0.0411,2025-06-27,2025-07-04,sh.601111,2025-06-27 20:06:32.472737
0.0636,2025-06-25,2025-07-02,sh.601117,2025-06-27 20:06:32.472737
0.0524,2025-06-26,2025-07-03,sh.601117,2025-06-27 20:06:32.472737
0.0524,2025-06-26,2025-07-03,sh.601117,2025-06-27 20:06:32.472737
0.04166,2025-06-27,2025-07-04,sh.601117,2025-06-27 20:06:32.472737
0.04166,2025-06-27,2025-07-04,sh.601117,2025-06-27 20:06:32.472737
-0.10114,2025-06-25,2025-07-02,sh.601127,2025-06-27 20:06:32.472737
-0.08527,2025-06-26,2025-07-03,sh.601127,2025-06-27 20:06:32.472737
-0.0848,2025-06-26,2025-07-03,sh.601127,2025-06-27 20:06:32.472737
-0.2257,2025-06-27,2025-07-04,sh.601127,2025-06-27 20:06:32.472737
-0.2291,2025-06-27,2025-07-04,sh.601127,2025-06-27 20:06:32.472737
0.02917,2025-06-25,2025-07-02,sh.601138,2025-06-27 20:06:32.472737
-0.0922,2025-06-26,2025-07-03,sh.601138,2025-06-27 20:06:32.472737
-0.077,2025-06-26,2025-07-03,sh.601138,2025-06-27 20:06:32.472737
-0.01387,2025-06-27,2025-07-04,sh.601138,2025-06-27 20:06:32.472737
-0.0137,2025-06-27,2025-07-04,sh.601138,2025-06-27 20:06:32.472737
0.004192,2025-06-25,2025-07-02,sh.601166,2025-06-27 20:06:32.472737
0.012215,2025-06-26,2025-07-03,sh.601166,2025-06-27 20:06:32.472737
0.0202,2025-06-26,2025-07-03,sh.601166,2025-06-27 20:06:32.472737
-0.3518,2025-06-27,2025-07-04,sh.601166,2025-06-27 20:06:32.472737
-0.3586,2025-06-27,2025-07-04,sh.601166,2025-06-27 20:06:32.472737
-0.0317,2025-06-25,2025-07-02,sh.601169,2025-06-27 20:06:32.472737
0.0348,2025-06-26,2025-07-03,sh.601169,2025-06-27 20:06:32.472737
0.0348,2025-06-26,2025-07-03,sh.601169,2025-06-27 20:06:32.472737
-0.1037,2025-06-27,2025-07-04,sh.601169,2025-06-27 20:06:32.472737
-0.1037,2025-06-27,2025-07-04,sh.601169,2025-06-27 20:06:32.472737
0.04126,2025-06-25,2025-07-02,sh.601186,2025-06-27 20:06:32.472737
0.0644,2025-06-26,2025-07-03,sh.601186,2025-06-27 20:06:32.472737
0.0644,2025-06-26,2025-07-03,sh.601186,2025-06-27 20:06:32.472737
0.0579,2025-06-27,2025-07-04,sh.601186,2025-06-27 20:06:32.472737
0.0579,2025-06-27,2025-07-04,sh.601186,2025-06-27 20:06:32.472737
0.0821,2025-06-25,2025-07-02,sh.601211,2025-06-27 20:06:32.472737
-0.1902,2025-06-26,2025-07-03,sh.601211,2025-06-27 20:06:32.472737
-0.1656,2025-06-26,2025-07-03,sh.601211,2025-06-27 20:06:32.472737
-0.06097,2025-06-27,2025-07-04,sh.601211,2025-06-27 20:06:32.472737
-0.06097,2025-06-27,2025-07-04,sh.601211,2025-06-27 20:06:32.472737
-0.02075,2025-06-25,2025-07-02,sh.601225,2025-06-27 20:06:32.472737
-0.06433,2025-06-26,2025-07-03,sh.601225,2025-06-27 20:06:32.472737
-0.0654,2025-06-26,2025-07-03,sh.601225,2025-06-27 20:06:32.472737
0.10645,2025-06-27,2025-07-04,sh.601225,2025-06-27 20:06:32.472737
0.0865,2025-06-27,2025-07-04,sh.601225,2025-06-27 20:06:32.472737
-0.02718,2025-06-25,2025-07-02,sh.601229,2025-06-27 20:06:32.472737
-0.06836,2025-06-26,2025-07-03,sh.601229,2025-06-27 20:06:32.472737
-0.06836,2025-06-26,2025-07-03,sh.601229,2025-06-27 20:06:32.472737
-0.2358,2025-06-27,2025-07-04,sh.601229,2025-06-27 20:06:32.472737
-0.2507,2025-06-27,2025-07-04,sh.601229,2025-06-27 20:06:32.472737
0.0516,2025-06-25,2025-07-02,sh.601236,2025-06-27 20:06:32.472737
0.0495,2025-06-26,2025-07-03,sh.601236,2025-06-27 20:06:32.472737
0.0495,2025-06-26,2025-07-03,sh.601236,2025-06-27 20:06:32.472737
0.06055,2025-06-27,2025-07-04,sh.601236,2025-06-27 20:06:32.472737
0.0495,2025-06-27,2025-07-04,sh.601236,2025-06-27 20:06:32.472737
0.1381,2025-06-25,2025-07-02,sh.601238,2025-06-27 20:06:32.472737
0.1244,2025-06-26,2025-07-03,sh.601238,2025-06-27 20:06:32.472737
0.05338,2025-06-26,2025-07-03,sh.601238,2025-06-27 20:06:32.472737
0.05817,2025-06-27,2025-07-04,sh.601238,2025-06-27 20:06:32.472737
0.05817,2025-06-27,2025-07-04,sh.601238,2025-06-27 20:06:32.472737
0.009514,2025-06-25,2025-07-02,sh.601288,2025-06-27 20:06:32.472737
0.04797,2025-06-26,2025-07-03,sh.601288,2025-06-27 20:06:32.472737
0.04797,2025-06-26,2025-07-03,sh.601288,2025-06-27 20:06:32.472737
0.04797,2025-06-26,2025-07-03,sh.601288,2025-06-27 20:06:32.472737
-0.06088,2025-06-27,2025-07-04,sh.601288,2025-06-27 20:06:32.472737
-0.06088,2025-06-27,2025-07-04,sh.601288,2025-06-27 20:06:32.472737
0.1251,2025-06-25,2025-07-02,sh.601318,2025-06-27 20:06:32.472737
0.02005,2025-06-26,2025-07-03,sh.601318,2025-06-27 20:06:32.472737
0.0204,2025-06-26,2025-07-03,sh.601318,2025-06-27 20:06:32.472737
-0.1835,2025-06-27,2025-07-04,sh.601318,2025-06-27 20:06:32.472737
-0.1835,2025-06-27,2025-07-04,sh.601318,2025-06-27 20:06:32.472737
0.0401,2025-06-25,2025-07-02,sh.601319,2025-06-27 20:06:32.472737
-0.002619,2025-06-26,2025-07-03,sh.601319,2025-06-27 20:06:32.472737
-0.002619,2025-06-26,2025-07-03,sh.601319,2025-06-27 20:06:32.472737
-0.0316,2025-06-27,2025-07-04,sh.601319,2025-06-27 20:06:32.472737
-0.03397,2025-06-27,2025-07-04,sh.601319,2025-06-27 20:06:32.472737
0.09607,2025-06-25,2025-07-02,sh.601328,2025-06-27 20:06:32.472737
-0.0004675,2025-06-26,2025-07-03,sh.601328,2025-06-27 20:06:32.472737
4.62e-05,2025-06-26,2025-07-03,sh.601328,2025-06-27 20:06:32.472737
-0.0697,2025-06-27,2025-07-04,sh.601328,2025-06-27 20:06:32.472737
-0.1202,2025-06-27,2025-07-04,sh.601328,2025-06-27 20:06:32.472737
0.0585,2025-06-25,2025-07-02,sh.601336,2025-06-27 20:06:32.472737
-0.05914,2025-06-26,2025-07-03,sh.601336,2025-06-27 20:06:32.472737
-0.07526,2025-06-26,2025-07-03,sh.601336,2025-06-27 20:06:32.472737
-0.3914,2025-06-27,2025-07-04,sh.601336,2025-06-27 20:06:32.472737
-0.4065,2025-06-27,2025-07-04,sh.601336,2025-06-27 20:06:32.472737
0.0605,2025-06-25,2025-07-02,sh.601360,2025-06-27 20:06:32.472737
-0.003288,2025-06-26,2025-07-03,sh.601360,2025-06-27 20:06:32.472737
-0.003288,2025-06-26,2025-07-03,sh.601360,2025-06-27 20:06:32.472737
0.00415,2025-06-27,2025-07-04,sh.601360,2025-06-27 20:06:32.472737
0.00415,2025-06-27,2025-07-04,sh.601360,2025-06-27 20:06:32.472737
0.0605,2025-06-25,2025-07-02,sh.601377,2025-06-27 20:06:32.472737
-0.03079,2025-06-26,2025-07-03,sh.601377,2025-06-27 20:06:32.472737
-0.03348,2025-06-26,2025-07-03,sh.601377,2025-06-27 20:06:32.472737
-0.01646,2025-06-27,2025-07-04,sh.601377,2025-06-27 20:06:32.472737
-0.01657,2025-06-27,2025-07-04,sh.601377,2025-06-27 20:06:32.472737
0.08,2025-06-25,2025-07-02,sh.601390,2025-06-27 20:06:32.472737
0.04037,2025-06-26,2025-07-03,sh.601390,2025-06-27 20:06:32.472737
0.04037,2025-06-26,2025-07-03,sh.601390,2025-06-27 20:06:32.472737
0.04037,2025-06-27,2025-07-04,sh.601390,2025-06-27 20:06:32.472737
0.04037,2025-06-27,2025-07-04,sh.601390,2025-06-27 20:06:32.472737
-0.02669,2025-06-25,2025-07-02,sh.601398,2025-06-27 20:06:32.472737
0.044,2025-06-26,2025-07-03,sh.601398,2025-06-27 20:06:32.472737
0.044,2025-06-26,2025-07-03,sh.601398,2025-06-27 20:06:32.472737
-0.06537,2025-06-27,2025-07-04,sh.601398,2025-06-27 20:06:32.472737
-0.06525,2025-06-27,2025-07-04,sh.601398,2025-06-27 20:06:32.472737
0.04337,2025-06-25,2025-07-02,sh.601600,2025-06-27 20:06:32.472737
0.0748,2025-06-26,2025-07-03,sh.601600,2025-06-27 20:06:32.472737
0.0695,2025-06-26,2025-07-03,sh.601600,2025-06-27 20:06:32.472737
0.0338,2025-06-27,2025-07-04,sh.601600,2025-06-27 20:06:32.472737
0.03108,2025-06-27,2025-07-04,sh.601600,2025-06-27 20:06:32.472737
0.04776,2025-06-25,2025-07-02,sh.601601,2025-06-27 20:06:32.472737
-0.1027,2025-06-26,2025-07-03,sh.601601,2025-06-27 20:06:32.472737
-0.10144,2025-06-26,2025-07-03,sh.601601,2025-06-27 20:06:32.472737
-0.088,2025-06-26,2025-07-03,sh.601601,2025-06-27 20:06:32.472737
-0.1957,2025-06-27,2025-07-04,sh.601601,2025-06-27 20:06:32.472737
-0.2063,2025-06-27,2025-07-04,sh.601601,2025-06-27 20:06:32.472737
0.12244,2025-06-25,2025-07-02,sh.601607,2025-06-27 20:06:32.472737
0.1,2025-06-26,2025-07-03,sh.601607,2025-06-27 20:06:32.472737
0.0975,2025-06-26,2025-07-03,sh.601607,2025-06-27 20:06:32.472737
0.11774,2025-06-27,2025-07-04,sh.601607,2025-06-27 20:06:32.472737
0.10455,2025-06-27,2025-07-04,sh.601607,2025-06-27 20:06:32.472737
0.06506,2025-06-25,2025-07-02,sh.601618,2025-06-27 20:06:32.472737
0.0534,2025-06-26,2025-07-03,sh.601618,2025-06-27 20:06:32.472737
0.06506,2025-06-26,2025-07-03,sh.601618,2025-06-27 20:06:32.472737
0.0534,2025-06-26,2025-07-03,sh.601618,2025-06-27 20:06:32.472737
0.06506,2025-06-27,2025-07-04,sh.601618,2025-06-27 20:06:32.472737
0.06506,2025-06-27,2025-07-04,sh.601618,2025-06-27 20:06:32.472737
0.0408,2025-06-25,2025-07-02,sh.601628,2025-06-27 20:06:32.472737
0.04465,2025-06-26,2025-07-03,sh.601628,2025-06-27 20:06:32.472737
0.02031,2025-06-26,2025-07-03,sh.601628,2025-06-27 20:06:32.472737
-0.2104,2025-06-27,2025-07-04,sh.601628,2025-06-27 20:06:32.472737
-0.2104,2025-06-27,2025-07-04,sh.601628,2025-06-27 20:06:32.472737
0.2009,2025-06-25,2025-07-02,sh.601633,2025-06-27 20:06:32.472737
0.017,2025-06-26,2025-07-03,sh.601633,2025-06-27 20:06:32.472737
0.005886,2025-06-26,2025-07-03,sh.601633,2025-06-27 20:06:32.472737
0.1383,2025-06-27,2025-07-04,sh.601633,2025-06-27 20:06:32.472737
0.1118,2025-06-27,2025-07-04,sh.601633,2025-06-27 20:06:32.472737
-0.00782,2025-06-25,2025-07-02,sh.601658,2025-06-27 20:06:32.472737
-0.00782,2025-06-26,2025-07-03,sh.601658,2025-06-27 20:06:32.472737
-0.00782,2025-06-26,2025-07-03,sh.601658,2025-06-27 20:06:32.472737
-0.04227,2025-06-27,2025-07-04,sh.601658,2025-06-27 20:06:32.472737
-0.04227,2025-06-27,2025-07-04,sh.601658,2025-06-27 20:06:32.472737
0.0543,2025-06-25,2025-07-02,sh.601668,2025-06-27 20:06:32.472737
0.01765,2025-06-26,2025-07-03,sh.601668,2025-06-27 20:06:32.472737
0.01765,2025-06-26,2025-07-03,sh.601668,2025-06-27 20:06:32.472737
0.006702,2025-06-27,2025-07-04,sh.601668,2025-06-27 20:06:32.472737
0.006702,2025-06-27,2025-07-04,sh.601668,2025-06-27 20:06:32.472737
0.05496,2025-06-25,2025-07-02,sh.601669,2025-06-27 20:06:32.472737
0.05496,2025-06-26,2025-07-03,sh.601669,2025-06-27 20:06:32.472737
0.05496,2025-06-26,2025-07-03,sh.601669,2025-06-27 20:06:32.472737
0.05496,2025-06-27,2025-07-04,sh.601669,2025-06-27 20:06:32.472737
0.05496,2025-06-27,2025-07-04,sh.601669,2025-06-27 20:06:32.472737
0.03482,2025-06-25,2025-07-02,sh.601688,2025-06-27 20:06:32.472737
0.0083,2025-06-26,2025-07-03,sh.601688,2025-06-27 20:06:32.472737
0.0083,2025-06-26,2025-07-03,sh.601688,2025-06-27 20:06:32.472737
0.001937,2025-06-27,2025-07-04,sh.601688,2025-06-27 20:06:32.472737
0.001937,2025-06-27,2025-07-04,sh.601688,2025-06-27 20:06:32.472737
0.129,2025-06-25,2025-07-02,sh.601689,2025-06-27 20:06:32.472737
-0.1716,2025-06-26,2025-07-03,sh.601689,2025-06-27 20:06:32.472737
-0.1798,2025-06-26,2025-07-03,sh.601689,2025-06-27 20:06:32.472737
-0.335,2025-06-27,2025-07-04,sh.601689,2025-06-27 20:06:32.472737
-0.3345,2025-06-27,2025-07-04,sh.601689,2025-06-27 20:06:32.472737
0.01729,2025-06-25,2025-07-02,sh.601698,2025-06-27 20:06:32.472737
-0.011635,2025-06-26,2025-07-03,sh.601698,2025-06-27 20:06:32.472737
-0.011635,2025-06-26,2025-07-03,sh.601698,2025-06-27 20:06:32.472737
-0.02193,2025-06-27,2025-07-04,sh.601698,2025-06-27 20:06:32.472737
-0.02164,2025-06-27,2025-07-04,sh.601698,2025-06-27 20:06:32.472737
0.0169,2025-06-25,2025-07-02,sh.601699,2025-06-27 20:06:32.472737
-0.02701,2025-06-26,2025-07-03,sh.601699,2025-06-27 20:06:32.472737
-0.02925,2025-06-26,2025-07-03,sh.601699,2025-06-27 20:06:32.472737
0.1603,2025-06-27,2025-07-04,sh.601699,2025-06-27 20:06:32.472737
0.1251,2025-06-27,2025-07-04,sh.601699,2025-06-27 20:06:32.472737
0.00918,2025-06-25,2025-07-02,sh.601728,2025-06-27 20:06:32.472737
0.009865,2025-06-26,2025-07-03,sh.601728,2025-06-27 20:06:32.472737
0.009865,2025-06-26,2025-07-03,sh.601728,2025-06-27 20:06:32.472737
0.01952,2025-06-27,2025-07-04,sh.601728,2025-06-27 20:06:32.472737
0.01952,2025-06-27,2025-07-04,sh.601728,2025-06-27 20:06:32.472737
-0.02686,2025-06-25,2025-07-02,sh.601766,2025-06-27 20:06:32.472737
0.01321,2025-06-26,2025-07-03,sh.601766,2025-06-27 20:06:32.472737
0.01321,2025-06-26,2025-07-03,sh.601766,2025-06-27 20:06:32.472737
-0.01613,2025-06-27,2025-07-04,sh.601766,2025-06-27 20:06:32.472737
-0.01613,2025-06-27,2025-07-04,sh.601766,2025-06-27 20:06:32.472737
-0.004463,2025-06-25,2025-07-02,sh.601788,2025-06-27 20:06:32.472737
-0.08417,2025-06-26,2025-07-03,sh.601788,2025-06-27 20:06:32.472737
-0.08417,2025-06-26,2025-07-03,sh.601788,2025-06-27 20:06:32.472737
-0.06335,2025-06-27,2025-07-04,sh.601788,2025-06-27 20:06:32.472737
-0.06335,2025-06-27,2025-07-04,sh.601788,2025-06-27 20:06:32.472737
0.126,2025-06-25,2025-07-02,sh.601799,2025-06-27 20:06:32.472737
-0.315,2025-06-26,2025-07-03,sh.601799,2025-06-27 20:06:32.472737
-0.3064,2025-06-26,2025-07-03,sh.601799,2025-06-27 20:06:32.472737
-0.0612,2025-06-27,2025-07-04,sh.601799,2025-06-27 20:06:32.472737
-0.07074,2025-06-27,2025-07-04,sh.601799,2025-06-27 20:06:32.472737
0.0742,2025-06-25,2025-07-02,sh.601800,2025-06-27 20:06:32.472737
0.0188,2025-06-26,2025-07-03,sh.601800,2025-06-27 20:06:32.472737
0.0188,2025-06-26,2025-07-03,sh.601800,2025-06-27 20:06:32.472737
0.017,2025-06-27,2025-07-04,sh.601800,2025-06-27 20:06:32.472737
0.01697,2025-06-27,2025-07-04,sh.601800,2025-06-27 20:06:32.472737
0.006973,2025-06-25,2025-07-02,sh.601808,2025-06-27 20:06:32.472737
0.009766,2025-06-26,2025-07-03,sh.601808,2025-06-27 20:06:32.472737
0.009766,2025-06-26,2025-07-03,sh.601808,2025-06-27 20:06:32.472737
0.03378,2025-06-27,2025-07-04,sh.601808,2025-06-27 20:06:32.472737
0.03378,2025-06-27,2025-07-04,sh.601808,2025-06-27 20:06:32.472737
-0.003742,2025-06-25,2025-07-02,sh.601816,2025-06-27 20:06:32.472737
0.002813,2025-06-26,2025-07-03,sh.601816,2025-06-27 20:06:32.472737
0.02179,2025-06-26,2025-07-03,sh.601816,2025-06-27 20:06:32.472737
-0.0326,2025-06-27,2025-07-04,sh.601816,2025-06-27 20:06:32.472737
-0.0326,2025-06-27,2025-07-04,sh.601816,2025-06-27 20:06:32.472737
-0.0277,2025-06-25,2025-07-02,sh.601818,2025-06-27 20:06:32.472737
-0.0378,2025-06-26,2025-07-03,sh.601818,2025-06-27 20:06:32.472737
-0.0378,2025-06-26,2025-07-03,sh.601818,2025-06-27 20:06:32.472737
-0.02924,2025-06-27,2025-07-04,sh.601818,2025-06-27 20:06:32.472737
-0.0291,2025-06-27,2025-07-04,sh.601818,2025-06-27 20:06:32.472737
0.02187,2025-06-25,2025-07-02,sh.601825,2025-06-27 20:06:32.472737
-0.0133,2025-06-26,2025-07-03,sh.601825,2025-06-27 20:06:32.472737
-0.0133,2025-06-26,2025-07-03,sh.601825,2025-06-27 20:06:32.472737
-0.0133,2025-06-26,2025-07-03,sh.601825,2025-06-27 20:06:32.472737
-0.04178,2025-06-27,2025-07-04,sh.601825,2025-06-27 20:06:32.472737
-0.04178,2025-06-27,2025-07-04,sh.601825,2025-06-27 20:06:32.472737
0.0115,2025-06-25,2025-07-02,sh.601838,2025-06-27 20:06:32.472737
-0.02925,2025-06-26,2025-07-03,sh.601838,2025-06-27 20:06:32.472737
-0.01362,2025-06-26,2025-07-03,sh.601838,2025-06-27 20:06:32.472737
-0.2227,2025-06-27,2025-07-04,sh.601838,2025-06-27 20:06:32.472737
-0.2227,2025-06-27,2025-07-04,sh.601838,2025-06-27 20:06:32.472737
-0.004803,2025-06-25,2025-07-02,sh.601857,2025-06-27 20:06:32.472737
0.06204,2025-06-26,2025-07-03,sh.601857,2025-06-27 20:06:32.472737
0.06204,2025-06-26,2025-07-03,sh.601857,2025-06-27 20:06:32.472737
0.000145,2025-06-27,2025-07-04,sh.601857,2025-06-27 20:06:32.472737
0.000145,2025-06-27,2025-07-04,sh.601857,2025-06-27 20:06:32.472737
0.2092,2025-06-25,2025-07-02,sh.601865,2025-06-27 20:06:32.472737
0.12445,2025-06-26,2025-07-03,sh.601865,2025-06-27 20:06:32.472737
0.143,2025-06-26,2025-07-03,sh.601865,2025-06-27 20:06:32.472737
0.1475,2025-06-27,2025-07-04,sh.601865,2025-06-27 20:06:32.472737
0.1987,2025-06-27,2025-07-04,sh.601865,2025-06-27 20:06:32.472737
0.004925,2025-06-25,2025-07-02,sh.601868,2025-06-27 20:06:32.472737
0.004925,2025-06-26,2025-07-03,sh.601868,2025-06-27 20:06:32.472737
0.004925,2025-06-26,2025-07-03,sh.601868,2025-06-27 20:06:32.472737
0.0175,2025-06-27,2025-07-04,sh.601868,2025-06-27 20:06:32.472737
0.004925,2025-06-27,2025-07-04,sh.601868,2025-06-27 20:06:32.472737
0.1081,2025-06-25,2025-07-02,sh.601872,2025-06-27 20:06:32.472737
0.0817,2025-06-26,2025-07-03,sh.601872,2025-06-27 20:06:32.472737
0.0817,2025-06-26,2025-07-03,sh.601872,2025-06-27 20:06:32.472737
0.0914,2025-06-27,2025-07-04,sh.601872,2025-06-27 20:06:32.472737
0.0914,2025-06-27,2025-07-04,sh.601872,2025-06-27 20:06:32.472737
0.1493,2025-06-25,2025-07-02,sh.601877,2025-06-27 20:06:32.472737
0.1549,2025-06-26,2025-07-03,sh.601877,2025-06-27 20:06:32.472737
0.1549,2025-06-26,2025-07-03,sh.601877,2025-06-27 20:06:32.472737
0.155,2025-06-27,2025-07-04,sh.601877,2025-06-27 20:06:32.472737
0.138,2025-06-27,2025-07-04,sh.601877,2025-06-27 20:06:32.472737
0.08905,2025-06-25,2025-07-02,sh.601878,2025-06-27 20:06:32.472737
0.01642,2025-06-26,2025-07-03,sh.601878,2025-06-27 20:06:32.472737
0.01642,2025-06-26,2025-07-03,sh.601878,2025-06-27 20:06:32.472737
-0.008415,2025-06-27,2025-07-04,sh.601878,2025-06-27 20:06:32.472737
-0.008415,2025-06-27,2025-07-04,sh.601878,2025-06-27 20:06:32.472737
-0.01204,2025-06-25,2025-07-02,sh.601881,2025-06-27 20:06:32.472737
-0.0664,2025-06-26,2025-07-03,sh.601881,2025-06-27 20:06:32.472737
-0.0664,2025-06-26,2025-07-03,sh.601881,2025-06-27 20:06:32.472737
-0.05457,2025-06-27,2025-07-04,sh.601881,2025-06-27 20:06:32.472737
-0.04974,2025-06-27,2025-07-04,sh.601881,2025-06-27 20:06:32.472737
-0.389,2025-06-25,2025-07-02,sh.601888,2025-06-27 20:06:32.472737
-0.4124,2025-06-26,2025-07-03,sh.601888,2025-06-27 20:06:32.472737
-0.4072,2025-06-26,2025-07-03,sh.601888,2025-06-27 20:06:32.472737
-0.4387,2025-06-27,2025-07-04,sh.601888,2025-06-27 20:06:32.472737
-0.442,2025-06-27,2025-07-04,sh.601888,2025-06-27 20:06:32.472737
0.0885,2025-06-25,2025-07-02,sh.601898,2025-06-27 20:06:32.472737
0.01987,2025-06-26,2025-07-03,sh.601898,2025-06-27 20:06:32.472737
0.005436,2025-06-26,2025-07-03,sh.601898,2025-06-27 20:06:32.472737
0.05234,2025-06-27,2025-07-04,sh.601898,2025-06-27 20:06:32.472737
0.05234,2025-06-27,2025-07-04,sh.601898,2025-06-27 20:06:32.472737
0.04895,2025-06-25,2025-07-02,sh.601899,2025-06-27 20:06:32.472737
-0.06415,2025-06-26,2025-07-03,sh.601899,2025-06-27 20:06:32.472737
-0.0659,2025-06-26,2025-07-03,sh.601899,2025-06-27 20:06:32.472737
-0.02274,2025-06-27,2025-07-04,sh.601899,2025-06-27 20:06:32.472737
-0.03072,2025-06-27,2025-07-04,sh.601899,2025-06-27 20:06:32.472737
0.05164,2025-06-25,2025-07-02,sh.601901,2025-06-27 20:06:32.472737
-0.01109,2025-06-26,2025-07-03,sh.601901,2025-06-27 20:06:32.472737
-0.01109,2025-06-26,2025-07-03,sh.601901,2025-06-27 20:06:32.472737
0.03778,2025-06-27,2025-07-04,sh.601901,2025-06-27 20:06:32.472737
0.03778,2025-06-27,2025-07-04,sh.601901,2025-06-27 20:06:32.472737
0.05133,2025-06-25,2025-07-02,sh.601916,2025-06-27 20:06:32.472737
0.0543,2025-06-26,2025-07-03,sh.601916,2025-06-27 20:06:32.472737
0.05692,2025-06-26,2025-07-03,sh.601916,2025-06-27 20:06:32.472737
0.0391,2025-06-27,2025-07-04,sh.601916,2025-06-27 20:06:32.472737
0.0391,2025-06-27,2025-07-04,sh.601916,2025-06-27 20:06:32.472737
-0.11383,2025-06-25,2025-07-02,sh.601919,2025-06-27 20:06:32.472737
0.002064,2025-06-26,2025-07-03,sh.601919,2025-06-27 20:06:32.472737
0.01475,2025-06-26,2025-07-03,sh.601919,2025-06-27 20:06:32.472737
0.02751,2025-06-27,2025-07-04,sh.601919,2025-06-27 20:06:32.472737
0.02751,2025-06-27,2025-07-04,sh.601919,2025-06-27 20:06:32.472737
0.00931,2025-06-25,2025-07-02,sh.601939,2025-06-27 20:06:32.472737
0.02806,2025-06-26,2025-07-03,sh.601939,2025-06-27 20:06:32.472737
0.02806,2025-06-26,2025-07-03,sh.601939,2025-06-27 20:06:32.472737
-0.0929,2025-06-27,2025-07-04,sh.601939,2025-06-27 20:06:32.472737
-0.0929,2025-06-27,2025-07-04,sh.601939,2025-06-27 20:06:32.472737
0.04446,2025-06-25,2025-07-02,sh.601985,2025-06-27 20:06:32.472737
-0.006786,2025-06-26,2025-07-03,sh.601985,2025-06-27 20:06:32.472737
-0.006786,2025-06-26,2025-07-03,sh.601985,2025-06-27 20:06:32.472737
0.002642,2025-06-27,2025-07-04,sh.601985,2025-06-27 20:06:32.472737
0.002642,2025-06-27,2025-07-04,sh.601985,2025-06-27 20:06:32.472737
0.00922,2025-06-25,2025-07-02,sh.601988,2025-06-27 20:06:32.472737
-0.013176,2025-06-26,2025-07-03,sh.601988,2025-06-27 20:06:32.472737
-0.013176,2025-06-26,2025-07-03,sh.601988,2025-06-27 20:06:32.472737
-0.08496,2025-06-27,2025-07-04,sh.601988,2025-06-27 20:06:32.472737
-0.08496,2025-06-27,2025-07-04,sh.601988,2025-06-27 20:06:32.472737
0.0703,2025-06-25,2025-07-02,sh.601989,2025-06-27 20:06:32.472737
0.04898,2025-06-26,2025-07-03,sh.601989,2025-06-27 20:06:32.472737
0.04898,2025-06-26,2025-07-03,sh.601989,2025-06-27 20:06:32.472737
0.0666,2025-06-27,2025-07-04,sh.601989,2025-06-27 20:06:32.472737
0.0666,2025-06-27,2025-07-04,sh.601989,2025-06-27 20:06:32.472737
0.1334,2025-06-25,2025-07-02,sh.601995,2025-06-27 20:06:32.472737
0.02657,2025-06-26,2025-07-03,sh.601995,2025-06-27 20:06:32.472737
0.02657,2025-06-26,2025-07-03,sh.601995,2025-06-27 20:06:32.472737
0.0432,2025-06-27,2025-07-04,sh.601995,2025-06-27 20:06:32.472737
0.0397,2025-06-27,2025-07-04,sh.601995,2025-06-27 20:06:32.472737
0.01484,2025-06-25,2025-07-02,sh.601998,2025-06-27 20:06:32.472737
-0.001859,2025-06-26,2025-07-03,sh.601998,2025-06-27 20:06:32.472737
-0.001859,2025-06-26,2025-07-03,sh.601998,2025-06-27 20:06:32.472737
-0.1112,2025-06-27,2025-07-04,sh.601998,2025-06-27 20:06:32.472737
-0.1112,2025-06-27,2025-07-04,sh.601998,2025-06-27 20:06:32.472737
-0.07666,2025-06-25,2025-07-02,sh.603019,2025-06-27 20:06:32.472737
-0.1807,2025-06-26,2025-07-03,sh.603019,2025-06-27 20:06:32.472737
-0.1788,2025-06-26,2025-07-03,sh.603019,2025-06-27 20:06:32.472737
-0.3745,2025-06-27,2025-07-04,sh.603019,2025-06-27 20:06:32.472737
-0.3767,2025-06-27,2025-07-04,sh.603019,2025-06-27 20:06:32.472737
0.1897,2025-06-25,2025-07-02,sh.603195,2025-06-27 20:06:32.472737
-0.004288,2025-06-26,2025-07-03,sh.603195,2025-06-27 20:06:32.472737
-0.004288,2025-06-26,2025-07-03,sh.603195,2025-06-27 20:06:32.472737
0.1517,2025-06-27,2025-07-04,sh.603195,2025-06-27 20:06:32.472737
0.1517,2025-06-27,2025-07-04,sh.603195,2025-06-27 20:06:32.472737
-0.04187,2025-06-25,2025-07-02,sh.603259,2025-06-27 20:06:32.472737
-0.45,2025-06-26,2025-07-03,sh.603259,2025-06-27 20:06:32.472737
-0.4617,2025-06-26,2025-07-03,sh.603259,2025-06-27 20:06:32.472737
-0.06085,2025-06-27,2025-07-04,sh.603259,2025-06-27 20:06:32.472737
-0.03625,2025-06-27,2025-07-04,sh.603259,2025-06-27 20:06:32.472737
0.02654,2025-06-25,2025-07-02,sh.603260,2025-06-27 20:06:32.472737
0.03818,2025-06-26,2025-07-03,sh.603260,2025-06-27 20:06:32.472737
0.07996,2025-06-26,2025-07-03,sh.603260,2025-06-27 20:06:32.472737
-0.1201,2025-06-27,2025-07-04,sh.603260,2025-06-27 20:06:32.472737
-0.1239,2025-06-27,2025-07-04,sh.603260,2025-06-27 20:06:32.472737
-0.1469,2025-06-25,2025-07-02,sh.603288,2025-06-27 20:06:32.472737
-0.2515,2025-06-26,2025-07-03,sh.603288,2025-06-27 20:06:32.472737
-0.2524,2025-06-26,2025-07-03,sh.603288,2025-06-27 20:06:32.472737
-0.1754,2025-06-27,2025-07-04,sh.603288,2025-06-27 20:06:32.472737
-0.1714,2025-06-27,2025-07-04,sh.603288,2025-06-27 20:06:32.472737
0.0736,2025-06-25,2025-07-02,sh.603369,2025-06-27 20:06:32.472737
0.0342,2025-06-26,2025-07-03,sh.603369,2025-06-27 20:06:32.472737
0.0342,2025-06-26,2025-07-03,sh.603369,2025-06-27 20:06:32.472737
0.0431,2025-06-26,2025-07-03,sh.603369,2025-06-27 20:06:32.472737
0.05984,2025-06-27,2025-07-04,sh.603369,2025-06-27 20:06:32.472737
0.05984,2025-06-27,2025-07-04,sh.603369,2025-06-27 20:06:32.472737
-0.0858,2025-06-25,2025-07-02,sh.603392,2025-06-27 20:06:32.472737
-0.2427,2025-06-26,2025-07-03,sh.603392,2025-06-27 20:06:32.472737
-0.2365,2025-06-26,2025-07-03,sh.603392,2025-06-27 20:06:32.472737
-0.0356,2025-06-27,2025-07-04,sh.603392,2025-06-27 20:06:32.472737
-0.02332,2025-06-27,2025-07-04,sh.603392,2025-06-27 20:06:32.472737
0.0704,2025-06-25,2025-07-02,sh.603501,2025-06-27 20:06:32.472737
-0.1659,2025-06-26,2025-07-03,sh.603501,2025-06-27 20:06:32.472737
-0.1656,2025-06-26,2025-07-03,sh.603501,2025-06-27 20:06:32.472737
-0.0271,2025-06-27,2025-07-04,sh.603501,2025-06-27 20:06:32.472737
-0.0187,2025-06-27,2025-07-04,sh.603501,2025-06-27 20:06:32.472737
-0.09204,2025-06-25,2025-07-02,sh.603799,2025-06-27 20:06:32.472737
-0.1943,2025-06-26,2025-07-03,sh.603799,2025-06-27 20:06:32.472737
-0.1824,2025-06-26,2025-07-03,sh.603799,2025-06-27 20:06:32.472737
-0.1886,2025-06-26,2025-07-03,sh.603799,2025-06-27 20:06:32.472737
-0.1688,2025-06-27,2025-07-04,sh.603799,2025-06-27 20:06:32.472737
-0.1606,2025-06-27,2025-07-04,sh.603799,2025-06-27 20:06:32.472737
-0.11786,2025-06-25,2025-07-02,sh.603806,2025-06-27 20:06:32.472737
-0.2036,2025-06-26,2025-07-03,sh.603806,2025-06-27 20:06:32.472737
-0.2137,2025-06-26,2025-07-03,sh.603806,2025-06-27 20:06:32.472737
-0.1697,2025-06-27,2025-07-04,sh.603806,2025-06-27 20:06:32.472737
-0.163,2025-06-27,2025-07-04,sh.603806,2025-06-27 20:06:32.472737
-0.006435,2025-06-25,2025-07-02,sh.603833,2025-06-27 20:06:32.472737
-0.0958,2025-06-26,2025-07-03,sh.603833,2025-06-27 20:06:32.472737
-0.0782,2025-06-26,2025-07-03,sh.603833,2025-06-27 20:06:32.472737
-0.0832,2025-06-27,2025-07-04,sh.603833,2025-06-27 20:06:32.472737
-0.0936,2025-06-27,2025-07-04,sh.603833,2025-06-27 20:06:32.472737
-0.1388,2025-06-25,2025-07-02,sh.603986,2025-06-27 20:06:32.472737
-0.1967,2025-06-26,2025-07-03,sh.603986,2025-06-27 20:06:32.472737
-0.1929,2025-06-26,2025-07-03,sh.603986,2025-06-27 20:06:32.472737
-0.1449,2025-06-27,2025-07-04,sh.603986,2025-06-27 20:06:32.472737
-0.1456,2025-06-27,2025-07-04,sh.603986,2025-06-27 20:06:32.472737
0.0252,2025-06-25,2025-07-02,sh.603993,2025-06-27 20:06:32.472737
0.03183,2025-06-26,2025-07-03,sh.603993,2025-06-27 20:06:32.472737
0.03183,2025-06-26,2025-07-03,sh.603993,2025-06-27 20:06:32.472737
-0.002542,2025-06-27,2025-07-04,sh.603993,2025-06-27 20:06:32.472737
-0.002542,2025-06-27,2025-07-04,sh.603993,2025-06-27 20:06:32.472737
-0.2627,2025-06-25,2025-07-02,sh.605117,2025-06-27 20:06:32.472737
-0.4663,2025-06-26,2025-07-03,sh.605117,2025-06-27 20:06:32.472737
-0.4756,2025-06-26,2025-07-03,sh.605117,2025-06-27 20:06:32.472737
-0.2228,2025-06-27,2025-07-04,sh.605117,2025-06-27 20:06:32.472737
-0.2233,2025-06-27,2025-07-04,sh.605117,2025-06-27 20:06:32.472737
-0.2612,2025-06-25,2025-07-02,sh.605499,2025-06-27 20:06:32.472737
-0.3535,2025-06-26,2025-07-03,sh.605499,2025-06-27 20:06:32.472737
-0.3389,2025-06-26,2025-07-03,sh.605499,2025-06-27 20:06:32.472737
-0.2773,2025-06-27,2025-07-04,sh.605499,2025-06-27 20:06:32.472737
-0.2769,2025-06-27,2025-07-04,sh.605499,2025-06-27 20:06:32.472737
0.03137,2025-06-25,2025-07-02,sh.688008,2025-06-27 20:06:32.472737
-0.10895,2025-06-26,2025-07-03,sh.688008,2025-06-27 20:06:32.472737
-0.10895,2025-06-26,2025-07-03,sh.688008,2025-06-27 20:06:32.472737
-0.0463,2025-06-27,2025-07-04,sh.688008,2025-06-27 20:06:32.472737
-0.04523,2025-06-27,2025-07-04,sh.688008,2025-06-27 20:06:32.472737
-0.02559,2025-06-25,2025-07-02,sh.688009,2025-06-27 20:06:32.472737
-0.03473,2025-06-26,2025-07-03,sh.688009,2025-06-27 20:06:32.472737
-0.06076,2025-06-26,2025-07-03,sh.688009,2025-06-27 20:06:32.472737
-0.02559,2025-06-27,2025-07-04,sh.688009,2025-06-27 20:06:32.472737
-0.02559,2025-06-27,2025-07-04,sh.688009,2025-06-27 20:06:32.472737
0.02269,2025-06-25,2025-07-02,sh.688012,2025-06-27 20:06:32.472737
-0.11945,2025-06-26,2025-07-03,sh.688012,2025-06-27 20:06:32.472737
-0.11945,2025-06-26,2025-07-03,sh.688012,2025-06-27 20:06:32.472737
-0.08167,2025-06-27,2025-07-04,sh.688012,2025-06-27 20:06:32.472737
-0.07434,2025-06-27,2025-07-04,sh.688012,2025-06-27 20:06:32.472737
-0.0872,2025-06-25,2025-07-02,sh.688036,2025-06-27 20:06:32.472737
-0.233,2025-06-26,2025-07-03,sh.688036,2025-06-27 20:06:32.472737
-0.2076,2025-06-26,2025-07-03,sh.688036,2025-06-27 20:06:32.472737
0.0722,2025-06-27,2025-07-04,sh.688036,2025-06-27 20:06:32.472737
0.0815,2025-06-27,2025-07-04,sh.688036,2025-06-27 20:06:32.472737
-0.2034,2025-06-26,2025-07-03,sh.688047,2025-06-27 20:06:32.472737
-0.9004,2025-06-27,2025-07-04,sh.688047,2025-06-27 20:06:32.472737
-0.9043,2025-06-27,2025-07-04,sh.688047,2025-06-27 20:06:32.472737
0.0913,2025-06-25,2025-07-02,sh.688082,2025-06-27 20:06:32.472737
-0.07935,2025-06-26,2025-07-03,sh.688082,2025-06-27 20:06:32.472737
-0.0751,2025-06-26,2025-07-03,sh.688082,2025-06-27 20:06:32.472737
-0.05344,2025-06-27,2025-07-04,sh.688082,2025-06-27 20:06:32.472737
-0.05344,2025-06-27,2025-07-04,sh.688082,2025-06-27 20:06:32.472737
-0.04297,2025-06-25,2025-07-02,sh.688111,2025-06-27 20:06:32.472737
-0.1953,2025-06-26,2025-07-03,sh.688111,2025-06-27 20:06:32.472737
-0.2028,2025-06-26,2025-07-03,sh.688111,2025-06-27 20:06:32.472737
-0.2494,2025-06-27,2025-07-04,sh.688111,2025-06-27 20:06:32.472737
-0.2489,2025-06-27,2025-07-04,sh.688111,2025-06-27 20:06:32.472737
0.0853,2025-06-25,2025-07-02,sh.688126,2025-06-27 20:06:32.472737
0.01289,2025-06-26,2025-07-03,sh.688126,2025-06-27 20:06:32.472737
0.01289,2025-06-26,2025-07-03,sh.688126,2025-06-27 20:06:32.472737
0.00841,2025-06-27,2025-07-04,sh.688126,2025-06-27 20:06:32.472737
0.00841,2025-06-27,2025-07-04,sh.688126,2025-06-27 20:06:32.472737
0.0632,2025-06-25,2025-07-02,sh.688169,2025-06-27 20:06:32.472737
-0.002302,2025-06-26,2025-07-03,sh.688169,2025-06-27 20:06:32.472737
0.001044,2025-06-26,2025-07-03,sh.688169,2025-06-27 20:06:32.472737
-0.1332,2025-06-27,2025-07-04,sh.688169,2025-06-27 20:06:32.472737
-0.1326,2025-06-27,2025-07-04,sh.688169,2025-06-27 20:06:32.472737
0.1959,2025-06-25,2025-07-02,sh.688187,2025-06-27 20:06:32.472737
0.0955,2025-06-26,2025-07-03,sh.688187,2025-06-27 20:06:32.472737
0.0956,2025-06-26,2025-07-03,sh.688187,2025-06-27 20:06:32.472737
0.1274,2025-06-27,2025-07-04,sh.688187,2025-06-27 20:06:32.472737
0.1299,2025-06-27,2025-07-04,sh.688187,2025-06-27 20:06:32.472737
0.1284,2025-06-25,2025-07-02,sh.688223,2025-06-27 20:06:32.472737
0.1009,2025-06-26,2025-07-03,sh.688223,2025-06-27 20:06:32.472737
0.1009,2025-06-26,2025-07-03,sh.688223,2025-06-27 20:06:32.472737
0.10956,2025-06-27,2025-07-04,sh.688223,2025-06-27 20:06:32.472737
0.10944,2025-06-27,2025-07-04,sh.688223,2025-06-27 20:06:32.472737
-0.7607,2025-06-25,2025-07-02,sh.688256,2025-06-27 20:06:32.472737
-0.873,2025-06-26,2025-07-03,sh.688256,2025-06-27 20:06:32.472737
-0.8667,2025-06-26,2025-07-03,sh.688256,2025-06-27 20:06:32.472737
-1.007,2025-06-27,2025-07-04,sh.688256,2025-06-27 20:06:32.472737
-1.003,2025-06-27,2025-07-04,sh.688256,2025-06-27 20:06:32.472737
0.1749,2025-06-25,2025-07-02,sh.688303,2025-06-27 20:06:32.472737
0.1041,2025-06-26,2025-07-03,sh.688303,2025-06-27 20:06:32.472737
0.06073,2025-06-26,2025-07-03,sh.688303,2025-06-27 20:06:32.472737
0.1526,2025-06-27,2025-07-04,sh.688303,2025-06-27 20:06:32.472737
0.1522,2025-06-27,2025-07-04,sh.688303,2025-06-27 20:06:32.472737
0.0811,2025-06-25,2025-07-02,sh.688396,2025-06-27 20:06:32.472737
0.0788,2025-06-26,2025-07-03,sh.688396,2025-06-27 20:06:32.472737
0.0788,2025-06-26,2025-07-03,sh.688396,2025-06-27 20:06:32.472737
0.04102,2025-06-27,2025-07-04,sh.688396,2025-06-27 20:06:32.472737
0.04102,2025-06-27,2025-07-04,sh.688396,2025-06-27 20:06:32.472737
0.2446,2025-06-25,2025-07-02,sh.688599,2025-06-27 20:06:32.472737
0.1549,2025-06-26,2025-07-03,sh.688599,2025-06-27 20:06:32.472737
0.1509,2025-06-26,2025-07-03,sh.688599,2025-06-27 20:06:32.472737
0.2251,2025-06-27,2025-07-04,sh.688599,2025-06-27 20:06:32.472737
0.2247,2025-06-27,2025-07-04,sh.688599,2025-06-27 20:06:32.472737
0.0836,2025-06-25,2025-07-02,sh.688981,2025-06-27 20:06:32.472737
-0.2283,2025-06-26,2025-07-03,sh.688981,2025-06-27 20:06:32.472737
-0.2319,2025-06-26,2025-07-03,sh.688981,2025-06-27 20:06:32.472737
-0.1438,2025-06-27,2025-07-04,sh.688981,2025-06-27 20:06:32.472737
-0.1387,2025-06-27,2025-07-04,sh.688981,2025-06-27 20:06:32.472737
-0.1337,2025-06-25,2025-07-02,sz.000001,2025-06-27 20:06:32.472737
-0.1354,2025-06-26,2025-07-03,sz.000001,2025-06-27 20:06:32.472737
-0.1354,2025-06-26,2025-07-03,sz.000001,2025-06-27 20:06:32.472737
-0.1798,2025-06-27,2025-07-04,sz.000001,2025-06-27 20:06:32.472737
-0.1796,2025-06-27,2025-07-04,sz.000001,2025-06-27 20:06:32.472737
-0.0413,2025-06-25,2025-07-02,sz.000002,2025-06-27 20:06:32.472737
-0.05807,2025-06-26,2025-07-03,sz.000002,2025-06-27 20:06:32.472737
-0.05713,2025-06-26,2025-07-03,sz.000002,2025-06-27 20:06:32.472737
-0.05713,2025-06-27,2025-07-04,sz.000002,2025-06-27 20:06:32.472737
-0.0583,2025-06-27,2025-07-04,sz.000002,2025-06-27 20:06:32.472737
0.0687,2025-06-25,2025-07-02,sz.000063,2025-06-27 20:06:32.472737
-0.0762,2025-06-26,2025-07-03,sz.000063,2025-06-27 20:06:32.472737
-0.07837,2025-06-26,2025-07-03,sz.000063,2025-06-27 20:06:32.472737
-0.03001,2025-06-27,2025-07-04,sz.000063,2025-06-27 20:06:32.472737
-0.0293,2025-06-27,2025-07-04,sz.000063,2025-06-27 20:06:32.472737
0.0381,2025-06-25,2025-07-02,sz.000100,2025-06-27 20:06:32.472737
-0.008965,2025-06-26,2025-07-03,sz.000100,2025-06-27 20:06:32.472737
-0.008965,2025-06-26,2025-07-03,sz.000100,2025-06-27 20:06:32.472737
0.0739,2025-06-27,2025-07-04,sz.000100,2025-06-27 20:06:32.472737
0.0739,2025-06-27,2025-07-04,sz.000100,2025-06-27 20:06:32.472737
0.1001,2025-06-25,2025-07-02,sz.000157,2025-06-27 20:06:32.472737
0.003069,2025-06-26,2025-07-03,sz.000157,2025-06-27 20:06:32.472737
0.01021,2025-06-26,2025-07-03,sz.000157,2025-06-27 20:06:32.472737
0.042,2025-06-27,2025-07-04,sz.000157,2025-06-27 20:06:32.472737
0.0368,2025-06-27,2025-07-04,sz.000157,2025-06-27 20:06:32.472737
-0.003021,2025-06-25,2025-07-02,sz.000166,2025-06-27 20:06:32.472737
-0.00784,2025-06-26,2025-07-03,sz.000166,2025-06-27 20:06:32.472737
-0.00784,2025-06-26,2025-07-03,sz.000166,2025-06-27 20:06:32.472737
-0.00655,2025-06-27,2025-07-04,sz.000166,2025-06-27 20:06:32.472737
-0.00655,2025-06-27,2025-07-04,sz.000166,2025-06-27 20:06:32.472737
0.1338,2025-06-25,2025-07-02,sz.000301,2025-06-27 20:06:32.472737
0.08276,2025-06-26,2025-07-03,sz.000301,2025-06-27 20:06:32.472737
0.0798,2025-06-26,2025-07-03,sz.000301,2025-06-27 20:06:32.472737
0.03162,2025-06-26,2025-07-03,sz.000301,2025-06-27 20:06:32.472737
0.02919,2025-06-27,2025-07-04,sz.000301,2025-06-27 20:06:32.472737
0.02884,2025-06-27,2025-07-04,sz.000301,2025-06-27 20:06:32.472737
0.04517,2025-06-25,2025-07-02,sz.000333,2025-06-27 20:06:32.472737
0.02019,2025-06-26,2025-07-03,sz.000333,2025-06-27 20:06:32.472737
0.01266,2025-06-26,2025-07-03,sz.000333,2025-06-27 20:06:32.472737
-0.0906,2025-06-27,2025-07-04,sz.000333,2025-06-27 20:06:32.472737
-0.08685,2025-06-27,2025-07-04,sz.000333,2025-06-27 20:06:32.472737
0.07916,2025-06-25,2025-07-02,sz.000338,2025-06-27 20:06:32.472737
-0.122,2025-06-26,2025-07-03,sz.000338,2025-06-27 20:06:32.472737
-0.1295,2025-06-26,2025-07-03,sz.000338,2025-06-27 20:06:32.472737
-0.12286,2025-06-26,2025-07-03,sz.000338,2025-06-27 20:06:32.472737
-0.122,2025-06-27,2025-07-04,sz.000338,2025-06-27 20:06:32.472737
-0.115,2025-06-27,2025-07-04,sz.000338,2025-06-27 20:06:32.472737
-0.03214,2025-06-25,2025-07-02,sz.000408,2025-06-27 20:06:32.472737
-0.0704,2025-06-26,2025-07-03,sz.000408,2025-06-27 20:06:32.472737
-0.0704,2025-06-26,2025-07-03,sz.000408,2025-06-27 20:06:32.472737
-0.001202,2025-06-27,2025-07-04,sz.000408,2025-06-27 20:06:32.472737
0.0009375,2025-06-27,2025-07-04,sz.000408,2025-06-27 20:06:32.472737
0.1338,2025-06-25,2025-07-02,sz.000425,2025-06-27 20:06:32.472737
-0.02097,2025-06-26,2025-07-03,sz.000425,2025-06-27 20:06:32.472737
-0.03455,2025-06-26,2025-07-03,sz.000425,2025-06-27 20:06:32.472737
0.06805,2025-06-27,2025-07-04,sz.000425,2025-06-27 20:06:32.472737
0.0658,2025-06-27,2025-07-04,sz.000425,2025-06-27 20:06:32.472737
-0.09454,2025-06-25,2025-07-02,sz.000538,2025-06-27 20:06:32.472737
-0.09595,2025-06-26,2025-07-03,sz.000538,2025-06-27 20:06:32.472737
-0.0958,2025-06-26,2025-07-03,sz.000538,2025-06-27 20:06:32.472737
-0.1103,2025-06-27,2025-07-04,sz.000538,2025-06-27 20:06:32.472737
-0.1101,2025-06-27,2025-07-04,sz.000538,2025-06-27 20:06:32.472737
-0.2351,2025-06-25,2025-07-02,sz.000568,2025-06-27 20:06:32.472737
-0.2253,2025-06-26,2025-07-03,sz.000568,2025-06-27 20:06:32.472737
-0.2255,2025-06-26,2025-07-03,sz.000568,2025-06-27 20:06:32.472737
-0.2266,2025-06-27,2025-07-04,sz.000568,2025-06-27 20:06:32.472737
-0.2263,2025-06-27,2025-07-04,sz.000568,2025-06-27 20:06:32.472737
-0.1454,2025-06-25,2025-07-02,sz.000596,2025-06-27 20:06:32.472737
-0.1703,2025-06-26,2025-07-03,sz.000596,2025-06-27 20:06:32.472737
-0.1606,2025-06-26,2025-07-03,sz.000596,2025-06-27 20:06:32.472737
-0.1816,2025-06-27,2025-07-04,sz.000596,2025-06-27 20:06:32.472737
-0.1812,2025-06-27,2025-07-04,sz.000596,2025-06-27 20:06:32.472737
0.05054,2025-06-25,2025-07-02,sz.000617,2025-06-27 20:06:32.472737
-0.0906,2025-06-26,2025-07-03,sz.000617,2025-06-27 20:06:32.472737
-0.0814,2025-06-26,2025-07-03,sz.000617,2025-06-27 20:06:32.472737
-0.1098,2025-06-27,2025-07-04,sz.000617,2025-06-27 20:06:32.472737
-0.0919,2025-06-27,2025-07-04,sz.000617,2025-06-27 20:06:32.472737
0.12256,2025-06-25,2025-07-02,sz.000625,2025-06-27 20:06:32.472737
0.01025,2025-06-26,2025-07-03,sz.000625,2025-06-27 20:06:32.472737
0.01025,2025-06-26,2025-07-03,sz.000625,2025-06-27 20:06:32.472737
-0.01991,2025-06-27,2025-07-04,sz.000625,2025-06-27 20:06:32.472737
-0.0219,2025-06-27,2025-07-04,sz.000625,2025-06-27 20:06:32.472737
0.0968,2025-06-25,2025-07-02,sz.000630,2025-06-27 20:06:32.472737
0.077,2025-06-26,2025-07-03,sz.000630,2025-06-27 20:06:32.472737
0.0769,2025-06-26,2025-07-03,sz.000630,2025-06-27 20:06:32.472737
0.1153,2025-06-27,2025-07-04,sz.000630,2025-06-27 20:06:32.472737
0.1153,2025-06-27,2025-07-04,sz.000630,2025-06-27 20:06:32.472737
-0.2333,2025-06-25,2025-07-02,sz.000651,2025-06-27 20:06:32.472737
-0.2394,2025-06-26,2025-07-03,sz.000651,2025-06-27 20:06:32.472737
-0.2394,2025-06-26,2025-07-03,sz.000651,2025-06-27 20:06:32.472737
-0.2394,2025-06-26,2025-07-03,sz.000651,2025-06-27 20:06:32.472737
-0.2455,2025-06-27,2025-07-04,sz.000651,2025-06-27 20:06:32.472737
-0.2456,2025-06-27,2025-07-04,sz.000651,2025-06-27 20:06:32.472737
-0.0997,2025-06-25,2025-07-02,sz.000661,2025-06-27 20:06:32.472737
-0.1065,2025-06-26,2025-07-03,sz.000661,2025-06-27 20:06:32.472737
-0.10724,2025-06-26,2025-07-03,sz.000661,2025-06-27 20:06:32.472737
-0.067,2025-06-27,2025-07-04,sz.000661,2025-06-27 20:06:32.472737
-0.0679,2025-06-27,2025-07-04,sz.000661,2025-06-27 20:06:32.472737
0.1901,2025-06-25,2025-07-02,sz.000708,2025-06-27 20:06:32.472737
0.132,2025-06-26,2025-07-03,sz.000708,2025-06-27 20:06:32.472737
0.183,2025-06-26,2025-07-03,sz.000708,2025-06-27 20:06:32.472737
0.1613,2025-06-27,2025-07-04,sz.000708,2025-06-27 20:06:32.472737
0.1432,2025-06-27,2025-07-04,sz.000708,2025-06-27 20:06:32.472737
0.0711,2025-06-25,2025-07-02,sz.000725,2025-06-27 20:06:32.472737
0.06,2025-06-26,2025-07-03,sz.000725,2025-06-27 20:06:32.472737
0.06235,2025-06-26,2025-07-03,sz.000725,2025-06-27 20:06:32.472737
0.0541,2025-06-27,2025-07-04,sz.000725,2025-06-27 20:06:32.472737
0.0541,2025-06-27,2025-07-04,sz.000725,2025-06-27 20:06:32.472737
0.1808,2025-06-25,2025-07-02,sz.000768,2025-06-27 20:06:32.472737
-0.11774,2025-06-26,2025-07-03,sz.000768,2025-06-27 20:06:32.472737
-0.0768,2025-06-26,2025-07-03,sz.000768,2025-06-27 20:06:32.472737
0.03464,2025-06-27,2025-07-04,sz.000768,2025-06-27 20:06:32.472737
0.01823,2025-06-27,2025-07-04,sz.000768,2025-06-27 20:06:32.472737
0.18,2025-06-25,2025-07-02,sz.000776,2025-06-27 20:06:32.472737
-0.0765,2025-06-26,2025-07-03,sz.000776,2025-06-27 20:06:32.472737
-0.07697,2025-06-26,2025-07-03,sz.000776,2025-06-27 20:06:32.472737
-0.1405,2025-06-27,2025-07-04,sz.000776,2025-06-27 20:06:32.472737
-0.1405,2025-06-27,2025-07-04,sz.000776,2025-06-27 20:06:32.472737
0.1015,2025-06-25,2025-07-02,sz.000786,2025-06-27 20:06:32.472737
0.02814,2025-06-26,2025-07-03,sz.000786,2025-06-27 20:06:32.472737
0.02432,2025-06-26,2025-07-03,sz.000786,2025-06-27 20:06:32.472737
0.04227,2025-06-27,2025-07-04,sz.000786,2025-06-27 20:06:32.472737
0.0491,2025-06-27,2025-07-04,sz.000786,2025-06-27 20:06:32.472737
0.02629,2025-06-25,2025-07-02,sz.000792,2025-06-27 20:06:32.472737
0.0803,2025-06-26,2025-07-03,sz.000792,2025-06-27 20:06:32.472737
0.04147,2025-06-26,2025-07-03,sz.000792,2025-06-27 20:06:32.472737
0.00833,2025-06-27,2025-07-04,sz.000792,2025-06-27 20:06:32.472737
0.009254,2025-06-27,2025-07-04,sz.000792,2025-06-27 20:06:32.472737
0.04208,2025-06-25,2025-07-02,sz.000800,2025-06-27 20:06:32.472737
0.0536,2025-06-26,2025-07-03,sz.000800,2025-06-27 20:06:32.472737
0.0536,2025-06-26,2025-07-03,sz.000800,2025-06-27 20:06:32.472737
0.09296,2025-06-27,2025-07-04,sz.000800,2025-06-27 20:06:32.472737
0.09296,2025-06-27,2025-07-04,sz.000800,2025-06-27 20:06:32.472737
0.00491,2025-06-25,2025-07-02,sz.000807,2025-06-27 20:06:32.472737
-0.02986,2025-06-26,2025-07-03,sz.000807,2025-06-27 20:06:32.472737
-0.0542,2025-06-26,2025-07-03,sz.000807,2025-06-27 20:06:32.472737
0.05505,2025-06-27,2025-07-04,sz.000807,2025-06-27 20:06:32.472737
0.04657,2025-06-27,2025-07-04,sz.000807,2025-06-27 20:06:32.472737
-0.1534,2025-06-25,2025-07-02,sz.000858,2025-06-27 20:06:32.472737
-0.1549,2025-06-26,2025-07-03,sz.000858,2025-06-27 20:06:32.472737
-0.1548,2025-06-26,2025-07-03,sz.000858,2025-06-27 20:06:32.472737
-0.1555,2025-06-27,2025-07-04,sz.000858,2025-06-27 20:06:32.472737
-0.1561,2025-06-27,2025-07-04,sz.000858,2025-06-27 20:06:32.472737
0.0332,2025-06-25,2025-07-02,sz.000876,2025-06-27 20:06:32.472737
-0.02197,2025-06-26,2025-07-03,sz.000876,2025-06-27 20:06:32.472737
-0.01675,2025-06-26,2025-07-03,sz.000876,2025-06-27 20:06:32.472737
0.02002,2025-06-27,2025-07-04,sz.000876,2025-06-27 20:06:32.472737
0.01176,2025-06-27,2025-07-04,sz.000876,2025-06-27 20:06:32.472737
0.02283,2025-06-25,2025-07-02,sz.000895,2025-06-27 20:06:32.472737
0.0322,2025-06-26,2025-07-03,sz.000895,2025-06-27 20:06:32.472737
0.0322,2025-06-26,2025-07-03,sz.000895,2025-06-27 20:06:32.472737
0.0323,2025-06-27,2025-07-04,sz.000895,2025-06-27 20:06:32.472737
0.03021,2025-06-27,2025-07-04,sz.000895,2025-06-27 20:06:32.472737
0.1152,2025-06-25,2025-07-02,sz.000938,2025-06-27 20:06:32.472737
-0.08215,2025-06-26,2025-07-03,sz.000938,2025-06-27 20:06:32.472737
-0.0823,2025-06-26,2025-07-03,sz.000938,2025-06-27 20:06:32.472737
0.03223,2025-06-27,2025-07-04,sz.000938,2025-06-27 20:06:32.472737
0.01541,2025-06-27,2025-07-04,sz.000938,2025-06-27 20:06:32.472737
-0.0687,2025-06-25,2025-07-02,sz.000963,2025-06-27 20:06:32.472737
-0.1002,2025-06-26,2025-07-03,sz.000963,2025-06-27 20:06:32.472737
-0.10315,2025-06-26,2025-07-03,sz.000963,2025-06-27 20:06:32.472737
-0.0276,2025-06-27,2025-07-04,sz.000963,2025-06-27 20:06:32.472737
-0.0276,2025-06-27,2025-07-04,sz.000963,2025-06-27 20:06:32.472737
0.03964,2025-06-25,2025-07-02,sz.000975,2025-06-27 20:06:32.472737
-0.007732,2025-06-26,2025-07-03,sz.000975,2025-06-27 20:06:32.472737
-0.01706,2025-06-26,2025-07-03,sz.000975,2025-06-27 20:06:32.472737
-0.1102,2025-06-27,2025-07-04,sz.000975,2025-06-27 20:06:32.472737
-0.1098,2025-06-27,2025-07-04,sz.000975,2025-06-27 20:06:32.472737
0.0666,2025-06-25,2025-07-02,sz.000977,2025-06-27 20:06:32.472737
-0.1914,2025-06-26,2025-07-03,sz.000977,2025-06-27 20:06:32.472737
-0.1946,2025-06-26,2025-07-03,sz.000977,2025-06-27 20:06:32.472737
-0.168,2025-06-27,2025-07-04,sz.000977,2025-06-27 20:06:32.472737
-0.1722,2025-06-27,2025-07-04,sz.000977,2025-06-27 20:06:32.472737
0.1193,2025-06-25,2025-07-02,sz.000983,2025-06-27 20:06:32.472737
0.0982,2025-06-26,2025-07-03,sz.000983,2025-06-27 20:06:32.472737
0.1052,2025-06-26,2025-07-03,sz.000983,2025-06-27 20:06:32.472737
0.17,2025-06-27,2025-07-04,sz.000983,2025-06-27 20:06:32.472737
0.17,2025-06-27,2025-07-04,sz.000983,2025-06-27 20:06:32.472737
0.1326,2025-06-25,2025-07-02,sz.000999,2025-06-27 20:06:32.472737
0.112,2025-06-26,2025-07-03,sz.000999,2025-06-27 20:06:32.472737
0.1088,2025-06-26,2025-07-03,sz.000999,2025-06-27 20:06:32.472737
0.0995,2025-06-26,2025-07-03,sz.000999,2025-06-27 20:06:32.472737
0.01831,2025-06-27,2025-07-04,sz.000999,2025-06-27 20:06:32.472737
0.03265,2025-06-27,2025-07-04,sz.000999,2025-06-27 20:06:32.472737
0.04807,2025-06-25,2025-07-02,sz.001289,2025-06-27 20:06:32.472737
0.0912,2025-06-26,2025-07-03,sz.001289,2025-06-27 20:06:32.472737
0.0912,2025-06-26,2025-07-03,sz.001289,2025-06-27 20:06:32.472737
0.0398,2025-06-27,2025-07-04,sz.001289,2025-06-27 20:06:32.472737
0.1323,2025-06-27,2025-07-04,sz.001289,2025-06-27 20:06:32.472737
0.0308,2025-06-25,2025-07-02,sz.001965,2025-06-27 20:06:32.472737
-0.049,2025-06-26,2025-07-03,sz.001965,2025-06-27 20:06:32.472737
-0.049,2025-06-26,2025-07-03,sz.001965,2025-06-27 20:06:32.472737
0.02763,2025-06-27,2025-07-04,sz.001965,2025-06-27 20:06:32.472737
0.02797,2025-06-27,2025-07-04,sz.001965,2025-06-27 20:06:32.472737
0.10254,2025-06-25,2025-07-02,sz.001979,2025-06-27 20:06:32.472737
0.04022,2025-06-26,2025-07-03,sz.001979,2025-06-27 20:06:32.472737
0.04022,2025-06-26,2025-07-03,sz.001979,2025-06-27 20:06:32.472737
0.04022,2025-06-27,2025-07-04,sz.001979,2025-06-27 20:06:32.472737
0.04065,2025-06-27,2025-07-04,sz.001979,2025-06-27 20:06:32.472737
-0.0702,2025-06-25,2025-07-02,sz.002001,2025-06-27 20:06:32.472737
-0.12317,2025-06-26,2025-07-03,sz.002001,2025-06-27 20:06:32.472737
-0.1235,2025-06-26,2025-07-03,sz.002001,2025-06-27 20:06:32.472737
-0.064,2025-06-27,2025-07-04,sz.002001,2025-06-27 20:06:32.472737
-0.06354,2025-06-27,2025-07-04,sz.002001,2025-06-27 20:06:32.472737
0.12,2025-06-25,2025-07-02,sz.002027,2025-06-27 20:06:32.472737
-0.1531,2025-06-26,2025-07-03,sz.002027,2025-06-27 20:06:32.472737
-0.153,2025-06-26,2025-07-03,sz.002027,2025-06-27 20:06:32.472737
0.05493,2025-06-27,2025-07-04,sz.002027,2025-06-27 20:06:32.472737
0.05487,2025-06-27,2025-07-04,sz.002027,2025-06-27 20:06:32.472737
-0.1509,2025-06-25,2025-07-02,sz.002028,2025-06-27 20:06:32.472737
-0.1761,2025-06-26,2025-07-03,sz.002028,2025-06-27 20:06:32.472737
-0.176,2025-06-26,2025-07-03,sz.002028,2025-06-27 20:06:32.472737
-0.1863,2025-06-27,2025-07-04,sz.002028,2025-06-27 20:06:32.472737
-0.1855,2025-06-27,2025-07-04,sz.002028,2025-06-27 20:06:32.472737
-0.3213,2025-06-25,2025-07-02,sz.002049,2025-06-27 20:06:32.472737
-0.392,2025-06-26,2025-07-03,sz.002049,2025-06-27 20:06:32.472737
-0.391,2025-06-26,2025-07-03,sz.002049,2025-06-27 20:06:32.472737
-0.361,2025-06-27,2025-07-04,sz.002049,2025-06-27 20:06:32.472737
-0.36,2025-06-27,2025-07-04,sz.002049,2025-06-27 20:06:32.472737
-0.001908,2025-06-25,2025-07-02,sz.002050,2025-06-27 20:06:32.472737
-0.2034,2025-06-26,2025-07-03,sz.002050,2025-06-27 20:06:32.472737
-0.2036,2025-06-26,2025-07-03,sz.002050,2025-06-27 20:06:32.472737
-0.1026,2025-06-27,2025-07-04,sz.002050,2025-06-27 20:06:32.472737
-0.1049,2025-06-27,2025-07-04,sz.002050,2025-06-27 20:06:32.472737
0.04636,2025-06-25,2025-07-02,sz.002074,2025-06-27 20:06:32.472737
-0.679,2025-06-26,2025-07-03,sz.002074,2025-06-27 20:06:32.472737
-0.7134,2025-06-26,2025-07-03,sz.002074,2025-06-27 20:06:32.472737
-0.353,2025-06-27,2025-07-04,sz.002074,2025-06-27 20:06:32.472737
-0.3904,2025-06-27,2025-07-04,sz.002074,2025-06-27 20:06:32.472737
-0.1686,2025-06-25,2025-07-02,sz.002129,2025-06-27 20:06:32.472737
-0.1857,2025-06-26,2025-07-03,sz.002129,2025-06-27 20:06:32.472737
-0.1975,2025-06-26,2025-07-03,sz.002129,2025-06-27 20:06:32.472737
-0.1741,2025-06-27,2025-07-04,sz.002129,2025-06-27 20:06:32.472737
-0.1469,2025-06-27,2025-07-04,sz.002129,2025-06-27 20:06:32.472737
0.1558,2025-06-25,2025-07-02,sz.002142,2025-06-27 20:06:32.472737
0.0961,2025-06-26,2025-07-03,sz.002142,2025-06-27 20:06:32.472737
0.0961,2025-06-26,2025-07-03,sz.002142,2025-06-27 20:06:32.472737
-0.2544,2025-06-27,2025-07-04,sz.002142,2025-06-27 20:06:32.472737
-0.2019,2025-06-27,2025-07-04,sz.002142,2025-06-27 20:06:32.472737
0.00673,2025-06-25,2025-07-02,sz.002179,2025-06-27 20:06:32.472737
-0.0864,2025-06-26,2025-07-03,sz.002179,2025-06-27 20:06:32.472737
-0.08417,2025-06-26,2025-07-03,sz.002179,2025-06-27 20:06:32.472737
-0.02243,2025-06-27,2025-07-04,sz.002179,2025-06-27 20:06:32.472737
-0.02223,2025-06-27,2025-07-04,sz.002179,2025-06-27 20:06:32.472737
-0.1204,2025-06-25,2025-07-02,sz.002180,2025-06-27 20:06:32.472737
-0.2428,2025-06-26,2025-07-03,sz.002180,2025-06-27 20:06:32.472737
-0.2482,2025-06-26,2025-07-03,sz.002180,2025-06-27 20:06:32.472737
-0.1671,2025-06-27,2025-07-04,sz.002180,2025-06-27 20:06:32.472737
-0.1725,2025-06-27,2025-07-04,sz.002180,2025-06-27 20:06:32.472737
0.005966,2025-06-25,2025-07-02,sz.002230,2025-06-27 20:06:32.472737
-0.0487,2025-06-26,2025-07-03,sz.002230,2025-06-27 20:06:32.472737
-0.04858,2025-06-26,2025-07-03,sz.002230,2025-06-27 20:06:32.472737
-0.03038,2025-06-27,2025-07-04,sz.002230,2025-06-27 20:06:32.472737
-0.02948,2025-06-27,2025-07-04,sz.002230,2025-06-27 20:06:32.472737
-0.00201,2025-06-25,2025-07-02,sz.002236,2025-06-27 20:06:32.472737
-0.01631,2025-06-26,2025-07-03,sz.002236,2025-06-27 20:06:32.472737
-0.01665,2025-06-26,2025-07-03,sz.002236,2025-06-27 20:06:32.472737
-0.03314,2025-06-27,2025-07-04,sz.002236,2025-06-27 20:06:32.472737
-0.03336,2025-06-27,2025-07-04,sz.002236,2025-06-27 20:06:32.472737
-0.1135,2025-06-25,2025-07-02,sz.002241,2025-06-27 20:06:32.472737
-0.2612,2025-06-26,2025-07-03,sz.002241,2025-06-27 20:06:32.472737
-0.2607,2025-06-26,2025-07-03,sz.002241,2025-06-27 20:06:32.472737
-0.2147,2025-06-27,2025-07-04,sz.002241,2025-06-27 20:06:32.472737
-0.2175,2025-06-27,2025-07-04,sz.002241,2025-06-27 20:06:32.472737
0.155,2025-06-25,2025-07-02,sz.002252,2025-06-27 20:06:32.472737
0.1644,2025-06-26,2025-07-03,sz.002252,2025-06-27 20:06:32.472737
0.1598,2025-06-26,2025-07-03,sz.002252,2025-06-27 20:06:32.472737
0.1035,2025-06-27,2025-07-04,sz.002252,2025-06-27 20:06:32.472737
0.1035,2025-06-27,2025-07-04,sz.002252,2025-06-27 20:06:32.472737
-0.2222,2025-06-25,2025-07-02,sz.002304,2025-06-27 20:06:32.472737
-0.2327,2025-06-26,2025-07-03,sz.002304,2025-06-27 20:06:32.472737
-0.2339,2025-06-26,2025-07-03,sz.002304,2025-06-27 20:06:32.472737
-0.314,2025-06-27,2025-07-04,sz.002304,2025-06-27 20:06:32.472737
-0.314,2025-06-27,2025-07-04,sz.002304,2025-06-27 20:06:32.472737
-0.0713,2025-06-25,2025-07-02,sz.002311,2025-06-27 20:06:32.472737
-0.2024,2025-06-26,2025-07-03,sz.002311,2025-06-27 20:06:32.472737
-0.2085,2025-06-26,2025-07-03,sz.002311,2025-06-27 20:06:32.472737
-0.02888,2025-06-27,2025-07-04,sz.002311,2025-06-27 20:06:32.472737
-0.03265,2025-06-27,2025-07-04,sz.002311,2025-06-27 20:06:32.472737
-0.1075,2025-06-25,2025-07-02,sz.002352,2025-06-27 20:06:32.472737
-0.1455,2025-06-26,2025-07-03,sz.002352,2025-06-27 20:06:32.472737
-0.1539,2025-06-26,2025-07-03,sz.002352,2025-06-27 20:06:32.472737
-0.0525,2025-06-27,2025-07-04,sz.002352,2025-06-27 20:06:32.472737
-0.04916,2025-06-27,2025-07-04,sz.002352,2025-06-27 20:06:32.472737
-0.207,2025-06-25,2025-07-02,sz.002371,2025-06-27 20:06:32.472737
-0.2253,2025-06-26,2025-07-03,sz.002371,2025-06-27 20:06:32.472737
-0.2252,2025-06-26,2025-07-03,sz.002371,2025-06-27 20:06:32.472737
-0.2225,2025-06-27,2025-07-04,sz.002371,2025-06-27 20:06:32.472737
-0.2224,2025-06-27,2025-07-04,sz.002371,2025-06-27 20:06:32.472737
0.0222,2025-06-25,2025-07-02,sz.002415,2025-06-27 20:06:32.472737
-0.02759,2025-06-26,2025-07-03,sz.002415,2025-06-27 20:06:32.472737
-0.0302,2025-06-26,2025-07-03,sz.002415,2025-06-27 20:06:32.472737
0.01052,2025-06-27,2025-07-04,sz.002415,2025-06-27 20:06:32.472737
0.01088,2025-06-27,2025-07-04,sz.002415,2025-06-27 20:06:32.472737
-0.1989,2025-06-25,2025-07-02,sz.002422,2025-06-27 20:06:32.472737
0.003647,2025-06-26,2025-07-03,sz.002422,2025-06-27 20:06:32.472737
0.02116,2025-06-26,2025-07-03,sz.002422,2025-06-27 20:06:32.472737
0.07367,2025-06-27,2025-07-04,sz.002422,2025-06-27 20:06:32.472737
0.07776,2025-06-27,2025-07-04,sz.002422,2025-06-27 20:06:32.472737
0.0635,2025-06-25,2025-07-02,sz.002459,2025-06-27 20:06:32.472737
-0.04495,2025-06-26,2025-07-03,sz.002459,2025-06-27 20:06:32.472737
-0.01726,2025-06-26,2025-07-03,sz.002459,2025-06-27 20:06:32.472737
-0.00773,2025-06-27,2025-07-04,sz.002459,2025-06-27 20:06:32.472737
-0.005344,2025-06-27,2025-07-04,sz.002459,2025-06-27 20:06:32.472737
-0.2316,2025-06-25,2025-07-02,sz.002460,2025-06-27 20:06:32.472737
-0.3135,2025-06-26,2025-07-03,sz.002460,2025-06-27 20:06:32.472737
-0.314,2025-06-26,2025-07-03,sz.002460,2025-06-27 20:06:32.472737
-0.255,2025-06-27,2025-07-04,sz.002460,2025-06-27 20:06:32.472737
-0.2556,2025-06-27,2025-07-04,sz.002460,2025-06-27 20:06:32.472737
-0.402,2025-06-25,2025-07-02,sz.002463,2025-06-27 20:06:32.472737
-0.52,2025-06-26,2025-07-03,sz.002463,2025-06-27 20:06:32.472737
-0.52,2025-06-26,2025-07-03,sz.002463,2025-06-27 20:06:32.472737
-0.1295,2025-06-27,2025-07-04,sz.002463,2025-06-27 20:06:32.472737
-0.10693,2025-06-27,2025-07-04,sz.002463,2025-06-27 20:06:32.472737
-0.399,2025-06-25,2025-07-02,sz.002466,2025-06-27 20:06:32.472737
-0.4932,2025-06-26,2025-07-03,sz.002466,2025-06-27 20:06:32.472737
-0.493,2025-06-26,2025-07-03,sz.002466,2025-06-27 20:06:32.472737
-0.4434,2025-06-27,2025-07-04,sz.002466,2025-06-27 20:06:32.472737
-0.4436,2025-06-27,2025-07-04,sz.002466,2025-06-27 20:06:32.472737
-0.0816,2025-06-25,2025-07-02,sz.002475,2025-06-27 20:06:32.472737
-0.0926,2025-06-26,2025-07-03,sz.002475,2025-06-27 20:06:32.472737
-0.0926,2025-06-26,2025-07-03,sz.002475,2025-06-27 20:06:32.472737
-0.0789,2025-06-27,2025-07-04,sz.002475,2025-06-27 20:06:32.472737
-0.0787,2025-06-27,2025-07-04,sz.002475,2025-06-27 20:06:32.472737
-0.0316,2025-06-25,2025-07-02,sz.002493,2025-06-27 20:06:32.472737
-0.04486,2025-06-26,2025-07-03,sz.002493,2025-06-27 20:06:32.472737
-0.0413,2025-06-26,2025-07-03,sz.002493,2025-06-27 20:06:32.472737
-0.02187,2025-06-27,2025-07-04,sz.002493,2025-06-27 20:06:32.472737
-0.01645,2025-06-27,2025-07-04,sz.002493,2025-06-27 20:06:32.472737
-0.00448,2025-06-25,2025-07-02,sz.002594,2025-06-27 20:06:32.472737
-0.273,2025-06-26,2025-07-03,sz.002594,2025-06-27 20:06:32.472737
-0.2742,2025-06-26,2025-07-03,sz.002594,2025-06-27 20:06:32.472737
0.003025,2025-06-27,2025-07-04,sz.002594,2025-06-27 20:06:32.472737
-0.01306,2025-06-27,2025-07-04,sz.002594,2025-06-27 20:06:32.472737
0.03044,2025-06-25,2025-07-02,sz.002600,2025-06-27 20:06:32.472737
-0.1675,2025-06-26,2025-07-03,sz.002600,2025-06-27 20:06:32.472737
-0.1675,2025-06-26,2025-07-03,sz.002600,2025-06-27 20:06:32.472737
-0.0474,2025-06-27,2025-07-04,sz.002600,2025-06-27 20:06:32.472737
-0.0474,2025-06-27,2025-07-04,sz.002600,2025-06-27 20:06:32.472737
0.10565,2025-06-25,2025-07-02,sz.002601,2025-06-27 20:06:32.472737
-0.0514,2025-06-26,2025-07-03,sz.002601,2025-06-27 20:06:32.472737
-0.0471,2025-06-26,2025-07-03,sz.002601,2025-06-27 20:06:32.472737
0.02045,2025-06-27,2025-07-04,sz.002601,2025-06-27 20:06:32.472737
0.005905,2025-06-27,2025-07-04,sz.002601,2025-06-27 20:06:32.472737
0.1271,2025-06-25,2025-07-02,sz.002648,2025-06-27 20:06:32.472737
-0.03128,2025-06-26,2025-07-03,sz.002648,2025-06-27 20:06:32.472737
-0.03009,2025-06-26,2025-07-03,sz.002648,2025-06-27 20:06:32.472737
0.05124,2025-06-27,2025-07-04,sz.002648,2025-06-27 20:06:32.472737
0.05124,2025-06-27,2025-07-04,sz.002648,2025-06-27 20:06:32.472737
-0.394,2025-06-25,2025-07-02,sz.002709,2025-06-27 20:06:32.472737
-0.4717,2025-06-26,2025-07-03,sz.002709,2025-06-27 20:06:32.472737
-0.475,2025-06-26,2025-07-03,sz.002709,2025-06-27 20:06:32.472737
-0.509,2025-06-27,2025-07-04,sz.002709,2025-06-27 20:06:32.472737
-0.5083,2025-06-27,2025-07-04,sz.002709,2025-06-27 20:06:32.472737
-0.0456,2025-06-25,2025-07-02,sz.002714,2025-06-27 20:06:32.472737
-0.05,2025-06-26,2025-07-03,sz.002714,2025-06-27 20:06:32.472737
-0.05286,2025-06-26,2025-07-03,sz.002714,2025-06-27 20:06:32.472737
-0.05807,2025-06-27,2025-07-04,sz.002714,2025-06-27 20:06:32.472737
-0.05777,2025-06-27,2025-07-04,sz.002714,2025-06-27 20:06:32.472737
0.05188,2025-06-25,2025-07-02,sz.002736,2025-06-27 20:06:32.472737
-0.01107,2025-06-26,2025-07-03,sz.002736,2025-06-27 20:06:32.472737
-0.01107,2025-06-26,2025-07-03,sz.002736,2025-06-27 20:06:32.472737
-0.0396,2025-06-27,2025-07-04,sz.002736,2025-06-27 20:06:32.472737
-0.0443,2025-06-27,2025-07-04,sz.002736,2025-06-27 20:06:32.472737
0.11884,2025-06-25,2025-07-02,sz.002916,2025-06-27 20:06:32.472737
-0.2852,2025-06-26,2025-07-03,sz.002916,2025-06-27 20:06:32.472737
-0.2827,2025-06-26,2025-07-03,sz.002916,2025-06-27 20:06:32.472737
-0.2493,2025-06-27,2025-07-04,sz.002916,2025-06-27 20:06:32.472737
-0.2493,2025-06-27,2025-07-04,sz.002916,2025-06-27 20:06:32.472737
0.03818,2025-06-25,2025-07-02,sz.002920,2025-06-27 20:06:32.472737
-0.0935,2025-06-26,2025-07-03,sz.002920,2025-06-27 20:06:32.472737
-0.0939,2025-06-26,2025-07-03,sz.002920,2025-06-27 20:06:32.472737
-0.4902,2025-06-27,2025-07-04,sz.002920,2025-06-27 20:06:32.472737
-0.4927,2025-06-27,2025-07-04,sz.002920,2025-06-27 20:06:32.472737
0.04553,2025-06-25,2025-07-02,sz.002938,2025-06-27 20:06:32.472737
0.02948,2025-06-26,2025-07-03,sz.002938,2025-06-27 20:06:32.472737
0.02948,2025-06-26,2025-07-03,sz.002938,2025-06-27 20:06:32.472737
0.02948,2025-06-26,2025-07-03,sz.002938,2025-06-27 20:06:32.472737
0.001832,2025-06-27,2025-07-04,sz.002938,2025-06-27 20:06:32.472737
0.001832,2025-06-27,2025-07-04,sz.002938,2025-06-27 20:06:32.472737
0.02985,2025-06-25,2025-07-02,sz.003816,2025-06-27 20:06:32.472737
-0.02098,2025-06-26,2025-07-03,sz.003816,2025-06-27 20:06:32.472737
-0.02098,2025-06-26,2025-07-03,sz.003816,2025-06-27 20:06:32.472737
0.013115,2025-06-27,2025-07-04,sz.003816,2025-06-27 20:06:32.472737
0.02423,2025-06-27,2025-07-04,sz.003816,2025-06-27 20:06:32.472737
-0.0772,2025-06-25,2025-07-02,sz.300014,2025-06-27 20:06:32.472737
-0.1753,2025-06-26,2025-07-03,sz.300014,2025-06-27 20:06:32.472737
-0.1752,2025-06-26,2025-07-03,sz.300014,2025-06-27 20:06:32.472737
-0.12366,2025-06-27,2025-07-04,sz.300014,2025-06-27 20:06:32.472737
-0.1218,2025-06-27,2025-07-04,sz.300014,2025-06-27 20:06:32.472737
-0.04715,2025-06-25,2025-07-02,sz.300015,2025-06-27 20:06:32.472737
-0.06805,2025-06-26,2025-07-03,sz.300015,2025-06-27 20:06:32.472737
-0.06885,2025-06-26,2025-07-03,sz.300015,2025-06-27 20:06:32.472737
-0.05658,2025-06-27,2025-07-04,sz.300015,2025-06-27 20:06:32.472737
-0.05566,2025-06-27,2025-07-04,sz.300015,2025-06-27 20:06:32.472737
-0.2024,2025-06-25,2025-07-02,sz.300033,2025-06-27 20:06:32.472737
-0.3176,2025-06-26,2025-07-03,sz.300033,2025-06-27 20:06:32.472737
-0.3176,2025-06-26,2025-07-03,sz.300033,2025-06-27 20:06:32.472737
-0.3237,2025-06-27,2025-07-04,sz.300033,2025-06-27 20:06:32.472737
-0.3235,2025-06-27,2025-07-04,sz.300033,2025-06-27 20:06:32.472737
-0.1779,2025-06-25,2025-07-02,sz.300059,2025-06-27 20:06:32.472737
-0.2379,2025-06-26,2025-07-03,sz.300059,2025-06-27 20:06:32.472737
-0.2378,2025-06-26,2025-07-03,sz.300059,2025-06-27 20:06:32.472737
-0.2285,2025-06-27,2025-07-04,sz.300059,2025-06-27 20:06:32.472737
-0.2284,2025-06-27,2025-07-04,sz.300059,2025-06-27 20:06:32.472737
-0.3157,2025-06-25,2025-07-02,sz.300122,2025-06-27 20:06:32.472737
-0.3447,2025-06-26,2025-07-03,sz.300122,2025-06-27 20:06:32.472737
-0.3525,2025-06-26,2025-07-03,sz.300122,2025-06-27 20:06:32.472737
-0.3286,2025-06-27,2025-07-04,sz.300122,2025-06-27 20:06:32.472737
-0.3328,2025-06-27,2025-07-04,sz.300122,2025-06-27 20:06:32.472737
-0.1328,2025-06-25,2025-07-02,sz.300124,2025-06-27 20:06:32.472737
-0.154,2025-06-26,2025-07-03,sz.300124,2025-06-27 20:06:32.472737
-0.1537,2025-06-26,2025-07-03,sz.300124,2025-06-27 20:06:32.472737
-0.1781,2025-06-27,2025-07-04,sz.300124,2025-06-27 20:06:32.472737
-0.1781,2025-06-27,2025-07-04,sz.300124,2025-06-27 20:06:32.472737
-0.0401,2025-06-25,2025-07-02,sz.300274,2025-06-27 20:06:32.472737
-0.1203,2025-06-26,2025-07-03,sz.300274,2025-06-27 20:06:32.472737
-0.12103,2025-06-26,2025-07-03,sz.300274,2025-06-27 20:06:32.472737
-0.03918,2025-06-27,2025-07-04,sz.300274,2025-06-27 20:06:32.472737
-0.03906,2025-06-27,2025-07-04,sz.300274,2025-06-27 20:06:32.472737
-0.4968,2025-06-25,2025-07-02,sz.300308,2025-06-27 20:06:32.472737
-0.4136,2025-06-26,2025-07-03,sz.300308,2025-06-27 20:06:32.472737
-0.4155,2025-06-26,2025-07-03,sz.300308,2025-06-27 20:06:32.472737
-0.4177,2025-06-27,2025-07-04,sz.300308,2025-06-27 20:06:32.472737
-0.415,2025-06-27,2025-07-04,sz.300308,2025-06-27 20:06:32.472737
-0.318,2025-06-25,2025-07-02,sz.300316,2025-06-27 20:06:32.472737
-0.3997,2025-06-26,2025-07-03,sz.300316,2025-06-27 20:06:32.472737
-0.4011,2025-06-26,2025-07-03,sz.300316,2025-06-27 20:06:32.472737
-0.3264,2025-06-27,2025-07-04,sz.300316,2025-06-27 20:06:32.472737
-0.3264,2025-06-27,2025-07-04,sz.300316,2025-06-27 20:06:32.472737
-0.1083,2025-06-25,2025-07-02,sz.300347,2025-06-27 20:06:32.472737
-0.2064,2025-06-26,2025-07-03,sz.300347,2025-06-27 20:06:32.472737
-0.2073,2025-06-26,2025-07-03,sz.300347,2025-06-27 20:06:32.472737
-0.09503,2025-06-27,2025-07-04,sz.300347,2025-06-27 20:06:32.472737
-0.0983,2025-06-27,2025-07-04,sz.300347,2025-06-27 20:06:32.472737
-0.5957,2025-06-25,2025-07-02,sz.300394,2025-06-27 20:06:32.472737
-0.453,2025-06-26,2025-07-03,sz.300394,2025-06-27 20:06:32.472737
-0.4524,2025-06-26,2025-07-03,sz.300394,2025-06-27 20:06:32.472737
-0.4443,2025-06-27,2025-07-04,sz.300394,2025-06-27 20:06:32.472737
-0.4377,2025-06-27,2025-07-04,sz.300394,2025-06-27 20:06:32.472737
0.0865,2025-06-25,2025-07-02,sz.300408,2025-06-27 20:06:32.472737
-0.2086,2025-06-26,2025-07-03,sz.300408,2025-06-27 20:06:32.472737
-0.2079,2025-06-26,2025-07-03,sz.300408,2025-06-27 20:06:32.472737
0.05344,2025-06-27,2025-07-04,sz.300408,2025-06-27 20:06:32.472737
0.06155,2025-06-27,2025-07-04,sz.300408,2025-06-27 20:06:32.472737
0.1458,2025-06-25,2025-07-02,sz.300413,2025-06-27 20:06:32.472737
0.011246,2025-06-26,2025-07-03,sz.300413,2025-06-27 20:06:32.472737
0.011246,2025-06-26,2025-07-03,sz.300413,2025-06-27 20:06:32.472737
0.05844,2025-06-27,2025-07-04,sz.300413,2025-06-27 20:06:32.472737
0.058,2025-06-27,2025-07-04,sz.300413,2025-06-27 20:06:32.472737
0.0223,2025-06-25,2025-07-02,sz.300418,2025-06-27 20:06:32.472737
-0.2095,2025-06-26,2025-07-03,sz.300418,2025-06-27 20:06:32.472737
-0.2281,2025-06-26,2025-07-03,sz.300418,2025-06-27 20:06:32.472737
-0.2224,2025-06-27,2025-07-04,sz.300418,2025-06-27 20:06:32.472737
-0.268,2025-06-27,2025-07-04,sz.300418,2025-06-27 20:06:32.472737
-0.2441,2025-06-25,2025-07-02,sz.300433,2025-06-27 20:06:32.472737
-0.287,2025-06-26,2025-07-03,sz.300433,2025-06-27 20:06:32.472737
-0.315,2025-06-26,2025-07-03,sz.300433,2025-06-27 20:06:32.472737
-0.216,2025-06-27,2025-07-04,sz.300433,2025-06-27 20:06:32.472737
-0.2078,2025-06-27,2025-07-04,sz.300433,2025-06-27 20:06:32.472737
-0.05942,2025-06-25,2025-07-02,sz.300442,2025-06-27 20:06:32.472737
-0.1384,2025-06-26,2025-07-03,sz.300442,2025-06-27 20:06:32.472737
-0.1384,2025-06-26,2025-07-03,sz.300442,2025-06-27 20:06:32.472737
-0.06158,2025-06-27,2025-07-04,sz.300442,2025-06-27 20:06:32.472737
-0.06158,2025-06-27,2025-07-04,sz.300442,2025-06-27 20:06:32.472737
0.11456,2025-06-25,2025-07-02,sz.300498,2025-06-27 20:06:32.472737
0.1151,2025-06-26,2025-07-03,sz.300498,2025-06-27 20:06:32.472737
0.1151,2025-06-26,2025-07-03,sz.300498,2025-06-27 20:06:32.472737
0.04944,2025-06-27,2025-07-04,sz.300498,2025-06-27 20:06:32.472737
0.04944,2025-06-27,2025-07-04,sz.300498,2025-06-27 20:06:32.472737
-0.528,2025-06-25,2025-07-02,sz.300502,2025-06-27 20:06:32.472737
-0.4893,2025-06-26,2025-07-03,sz.300502,2025-06-27 20:06:32.472737
-0.487,2025-06-26,2025-07-03,sz.300502,2025-06-27 20:06:32.472737
-0.4958,2025-06-27,2025-07-04,sz.300502,2025-06-27 20:06:32.472737
-0.4941,2025-06-27,2025-07-04,sz.300502,2025-06-27 20:06:32.472737
-0.02576,2025-06-25,2025-07-02,sz.300628,2025-06-27 20:06:32.472737
-0.1512,2025-06-26,2025-07-03,sz.300628,2025-06-27 20:06:32.472737
-0.1542,2025-06-26,2025-07-03,sz.300628,2025-06-27 20:06:32.472737
-0.04865,2025-06-27,2025-07-04,sz.300628,2025-06-27 20:06:32.472737
-0.04703,2025-06-27,2025-07-04,sz.300628,2025-06-27 20:06:32.472737
-0.07025,2025-06-25,2025-07-02,sz.300661,2025-06-27 20:06:32.472737
-0.1727,2025-06-26,2025-07-03,sz.300661,2025-06-27 20:06:32.472737
-0.1733,2025-06-26,2025-07-03,sz.300661,2025-06-27 20:06:32.472737
-0.12476,2025-06-27,2025-07-04,sz.300661,2025-06-27 20:06:32.472737
-0.1252,2025-06-27,2025-07-04,sz.300661,2025-06-27 20:06:32.472737
0.01056,2025-06-25,2025-07-02,sz.300750,2025-06-27 20:06:32.472737
-0.1635,2025-06-26,2025-07-03,sz.300750,2025-06-27 20:06:32.472737
-0.1608,2025-06-26,2025-07-03,sz.300750,2025-06-27 20:06:32.472737
-0.3037,2025-06-27,2025-07-04,sz.300750,2025-06-27 20:06:32.472737
-0.304,2025-06-27,2025-07-04,sz.300750,2025-06-27 20:06:32.472737
0.11304,2025-06-25,2025-07-02,sz.300759,2025-06-27 20:06:32.472737
-0.04886,2025-06-26,2025-07-03,sz.300759,2025-06-27 20:06:32.472737
-0.0952,2025-06-26,2025-07-03,sz.300759,2025-06-27 20:06:32.472737
0.046,2025-06-27,2025-07-04,sz.300759,2025-06-27 20:06:32.472737
0.05972,2025-06-27,2025-07-04,sz.300759,2025-06-27 20:06:32.472737
-0.01971,2025-06-25,2025-07-02,sz.300760,2025-06-27 20:06:32.472737
-0.1383,2025-06-26,2025-07-03,sz.300760,2025-06-27 20:06:32.472737
-0.1394,2025-06-26,2025-07-03,sz.300760,2025-06-27 20:06:32.472737
-0.10767,2025-06-27,2025-07-04,sz.300760,2025-06-27 20:06:32.472737
-0.11066,2025-06-27,2025-07-04,sz.300760,2025-06-27 20:06:32.472737
-0.0997,2025-06-25,2025-07-02,sz.300782,2025-06-27 20:06:32.472737
-0.1923,2025-06-26,2025-07-03,sz.300782,2025-06-27 20:06:32.472737
-0.1874,2025-06-26,2025-07-03,sz.300782,2025-06-27 20:06:32.472737
-0.1588,2025-06-27,2025-07-04,sz.300782,2025-06-27 20:06:32.472737
-0.1595,2025-06-27,2025-07-04,sz.300782,2025-06-27 20:06:32.472737
0.1111,2025-06-25,2025-07-02,sz.300832,2025-06-27 20:06:32.472737
0.0867,2025-06-26,2025-07-03,sz.300832,2025-06-27 20:06:32.472737
0.1007,2025-06-26,2025-07-03,sz.300832,2025-06-27 20:06:32.472737
-0.2362,2025-06-27,2025-07-04,sz.300832,2025-06-27 20:06:32.472737
-0.2236,2025-06-27,2025-07-04,sz.300832,2025-06-27 20:06:32.472737
-0.1819,2025-06-25,2025-07-02,sz.300896,2025-06-27 20:06:32.472737
-0.2227,2025-06-26,2025-07-03,sz.300896,2025-06-27 20:06:32.472737
-0.2239,2025-06-26,2025-07-03,sz.300896,2025-06-27 20:06:32.472737
-0.2001,2025-06-27,2025-07-04,sz.300896,2025-06-27 20:06:32.472737
-0.1931,2025-06-27,2025-07-04,sz.300896,2025-06-27 20:06:32.472737
0.1293,2025-06-25,2025-07-02,sz.300979,2025-06-27 20:06:32.472737
0.02242,2025-06-26,2025-07-03,sz.300979,2025-06-27 20:06:32.472737
-0.015274,2025-06-26,2025-07-03,sz.300979,2025-06-27 20:06:32.472737
0.006046,2025-06-27,2025-07-04,sz.300979,2025-06-27 20:06:32.472737
-0.01573,2025-06-27,2025-07-04,sz.300979,2025-06-27 20:06:32.472737
0.1112,2025-06-25,2025-07-02,sz.300999,2025-06-27 20:06:32.472737
0.0798,2025-06-26,2025-07-03,sz.300999,2025-06-27 20:06:32.472737
0.07947,2025-06-26,2025-07-03,sz.300999,2025-06-27 20:06:32.472737
0.10077,2025-06-27,2025-07-04,sz.300999,2025-06-27 20:06:32.472737
0.1005,2025-06-27,2025-07-04,sz.300999,2025-06-27 20:06:32.472737
0.05746,2025-06-25,2025-07-02,sz.301236,2025-06-27 20:06:32.472737
-0.2837,2025-06-26,2025-07-03,sz.301236,2025-06-27 20:06:32.472737
-0.2793,2025-06-26,2025-07-03,sz.301236,2025-06-27 20:06:32.472737
-0.203,2025-06-27,2025-07-04,sz.301236,2025-06-27 20:06:32.472737
-0.2129,2025-06-27,2025-07-04,sz.301236,2025-06-27 20:06:32.472737
-0.6885,2025-06-25,2025-07-02,sz.302132,2025-06-27 20:06:32.472737
-0.72,2025-06-26,2025-07-03,sz.302132,2025-06-27 20:06:32.472737
-0.72,2025-06-26,2025-07-03,sz.302132,2025-06-27 20:06:32.472737
-0.71,2025-06-27,2025-07-04,sz.302132,2025-06-27 20:06:32.472737
-0.7144,2025-06-27,2025-07-04,sz.302132,2025-06-27 20:06:32.472737
