score,time,target,code,predcit_time
0.0203,2025-12-15,2025-12-22,sh.600000,2025-12-15 20:06:53.901826
0.02315,2025-12-15,2025-12-22,sh.600000,2025-12-15 20:06:53.901826
0.12164,2025-12-15,2025-12-22,sh.600009,2025-12-15 20:06:53.901826
0.1287,2025-12-15,2025-12-22,sh.600009,2025-12-15 20:06:53.901826
0.04047,2025-12-15,2025-12-22,sh.600010,2025-12-15 20:06:53.901826
0.04047,2025-12-15,2025-12-22,sh.600010,2025-12-15 20:06:53.901826
0.12177,2025-12-15,2025-12-22,sh.600011,2025-12-15 20:06:53.901826
0.1197,2025-12-15,2025-12-22,sh.600011,2025-12-15 20:06:53.901826
0.0778,2025-12-15,2025-12-22,sh.600015,2025-12-15 20:06:53.901826
0.0778,2025-12-15,2025-12-22,sh.600015,2025-12-15 20:06:53.901826
0.1699,2025-12-15,2025-12-22,sh.600016,2025-12-15 20:06:53.901826
0.1699,2025-12-15,2025-12-22,sh.600016,2025-12-15 20:06:53.901826
0.1375,2025-12-15,2025-12-22,sh.600018,2025-12-15 20:06:53.901826
0.1213,2025-12-15,2025-12-22,sh.600018,2025-12-15 20:06:53.901826
-0.0193,2025-12-15,2025-12-22,sh.600019,2025-12-15 20:06:53.901826
-0.01672,2025-12-15,2025-12-22,sh.600019,2025-12-15 20:06:53.901826
0.02853,2025-12-15,2025-12-22,sh.600023,2025-12-15 20:06:53.901826
0.02876,2025-12-15,2025-12-22,sh.600023,2025-12-15 20:06:53.901826
0.0615,2025-12-15,2025-12-22,sh.600025,2025-12-15 20:06:53.901826
0.0615,2025-12-15,2025-12-22,sh.600025,2025-12-15 20:06:53.901826
0.064,2025-12-15,2025-12-22,sh.600026,2025-12-15 20:06:53.901826
0.064,2025-12-15,2025-12-22,sh.600026,2025-12-15 20:06:53.901826
0.02985,2025-12-15,2025-12-22,sh.600027,2025-12-15 20:06:53.901826
0.01889,2025-12-15,2025-12-22,sh.600027,2025-12-15 20:06:53.901826
0.07935,2025-12-15,2025-12-22,sh.600028,2025-12-15 20:06:53.901826
0.07935,2025-12-15,2025-12-22,sh.600028,2025-12-15 20:06:53.901826
0.1244,2025-12-15,2025-12-22,sh.600029,2025-12-15 20:06:53.901826
0.1244,2025-12-15,2025-12-22,sh.600029,2025-12-15 20:06:53.901826
0.02908,2025-12-15,2025-12-22,sh.600030,2025-12-15 20:06:53.901826
0.0294,2025-12-15,2025-12-22,sh.600030,2025-12-15 20:06:53.901826
-0.1595,2025-12-15,2025-12-22,sh.600031,2025-12-15 20:06:53.901826
-0.1595,2025-12-15,2025-12-22,sh.600031,2025-12-15 20:06:53.901826
0.0494,2025-12-15,2025-12-22,sh.600036,2025-12-15 20:06:53.901826
0.04852,2025-12-15,2025-12-22,sh.600036,2025-12-15 20:06:53.901826
-0.0709,2025-12-15,2025-12-22,sh.600039,2025-12-15 20:06:53.901826
-0.0709,2025-12-15,2025-12-22,sh.600039,2025-12-15 20:06:53.901826
-0.2517,2025-12-15,2025-12-22,sh.600048,2025-12-15 20:06:53.901826
-0.2441,2025-12-15,2025-12-22,sh.600048,2025-12-15 20:06:53.901826
-0.04047,2025-12-15,2025-12-22,sh.600050,2025-12-15 20:06:53.901826
-0.04047,2025-12-15,2025-12-22,sh.600050,2025-12-15 20:06:53.901826
0.1416,2025-12-15,2025-12-22,sh.600061,2025-12-15 20:06:53.901826
0.1327,2025-12-15,2025-12-22,sh.600061,2025-12-15 20:06:53.901826
-0.2651,2025-12-15,2025-12-22,sh.600066,2025-12-15 20:06:53.901826
-0.2644,2025-12-15,2025-12-22,sh.600066,2025-12-15 20:06:53.901826
-0.1422,2025-12-15,2025-12-22,sh.600085,2025-12-15 20:06:53.901826
-0.1368,2025-12-15,2025-12-22,sh.600085,2025-12-15 20:06:53.901826
-0.3323,2025-12-15,2025-12-22,sh.600089,2025-12-15 20:06:53.901826
-0.3318,2025-12-15,2025-12-22,sh.600089,2025-12-15 20:06:53.901826
0.1302,2025-12-15,2025-12-22,sh.600104,2025-12-15 20:06:53.901826
0.1301,2025-12-15,2025-12-22,sh.600104,2025-12-15 20:06:53.901826
-0.4617,2025-12-15,2025-12-22,sh.600111,2025-12-15 20:06:53.901826
-0.4563,2025-12-15,2025-12-22,sh.600111,2025-12-15 20:06:53.901826
0.01191,2025-12-15,2025-12-22,sh.600115,2025-12-15 20:06:53.901826
0.01191,2025-12-15,2025-12-22,sh.600115,2025-12-15 20:06:53.901826
0.014595,2025-12-15,2025-12-22,sh.600150,2025-12-15 20:06:53.901826
0.00495,2025-12-15,2025-12-22,sh.600150,2025-12-15 20:06:53.901826
-0.1566,2025-12-15,2025-12-22,sh.600160,2025-12-15 20:06:53.901826
-0.1698,2025-12-15,2025-12-22,sh.600160,2025-12-15 20:06:53.901826
-0.0853,2025-12-15,2025-12-22,sh.600161,2025-12-15 20:06:53.901826
-0.0788,2025-12-15,2025-12-22,sh.600161,2025-12-15 20:06:53.901826
0.01533,2025-12-15,2025-12-22,sh.600176,2025-12-15 20:06:53.901826
0.01186,2025-12-15,2025-12-22,sh.600176,2025-12-15 20:06:53.901826
-0.709,2025-12-15,2025-12-22,sh.600183,2025-12-15 20:06:53.901826
-0.7075,2025-12-15,2025-12-22,sh.600183,2025-12-15 20:06:53.901826
0.03253,2025-12-15,2025-12-22,sh.600188,2025-12-15 20:06:53.901826
0.03253,2025-12-15,2025-12-22,sh.600188,2025-12-15 20:06:53.901826
-0.1449,2025-12-15,2025-12-22,sh.600196,2025-12-15 20:06:53.901826
-0.1475,2025-12-15,2025-12-22,sh.600196,2025-12-15 20:06:53.901826
-0.0636,2025-12-15,2025-12-22,sh.600219,2025-12-15 20:06:53.901826
-0.0609,2025-12-15,2025-12-22,sh.600219,2025-12-15 20:06:53.901826
-0.1323,2025-12-15,2025-12-22,sh.600233,2025-12-15 20:06:53.901826
-0.1323,2025-12-15,2025-12-22,sh.600233,2025-12-15 20:06:53.901826
-0.2747,2025-12-15,2025-12-22,sh.600276,2025-12-15 20:06:53.901826
-0.2747,2025-12-15,2025-12-22,sh.600276,2025-12-15 20:06:53.901826
-0.1917,2025-12-15,2025-12-22,sh.600309,2025-12-15 20:06:53.901826
-0.1917,2025-12-15,2025-12-22,sh.600309,2025-12-15 20:06:53.901826
0.1487,2025-12-15,2025-12-22,sh.600346,2025-12-15 20:06:53.901826
0.1482,2025-12-15,2025-12-22,sh.600346,2025-12-15 20:06:53.901826
-0.08014,2025-12-15,2025-12-22,sh.600362,2025-12-15 20:06:53.901826
-0.07996,2025-12-15,2025-12-22,sh.600362,2025-12-15 20:06:53.901826
0.07294,2025-12-15,2025-12-22,sh.600372,2025-12-15 20:06:53.901826
0.07294,2025-12-15,2025-12-22,sh.600372,2025-12-15 20:06:53.901826
0.0994,2025-12-15,2025-12-22,sh.600377,2025-12-15 20:06:53.901826
0.0998,2025-12-15,2025-12-22,sh.600377,2025-12-15 20:06:53.901826
-0.09204,2025-12-15,2025-12-22,sh.600406,2025-12-15 20:06:53.901826
-0.09204,2025-12-15,2025-12-22,sh.600406,2025-12-15 20:06:53.901826
-0.3008,2025-12-15,2025-12-22,sh.600415,2025-12-15 20:06:53.901826
-0.2952,2025-12-15,2025-12-22,sh.600415,2025-12-15 20:06:53.901826
-0.10724,2025-12-15,2025-12-22,sh.600426,2025-12-15 20:06:53.901826
-0.10724,2025-12-15,2025-12-22,sh.600426,2025-12-15 20:06:53.901826
-0.01747,2025-12-15,2025-12-22,sh.600436,2025-12-15 20:06:53.901826
-0.0187,2025-12-15,2025-12-22,sh.600436,2025-12-15 20:06:53.901826
-0.1575,2025-12-15,2025-12-22,sh.600438,2025-12-15 20:06:53.901826
-0.1659,2025-12-15,2025-12-22,sh.600438,2025-12-15 20:06:53.901826
-0.2181,2025-12-15,2025-12-22,sh.600460,2025-12-15 20:06:53.901826
-0.2151,2025-12-15,2025-12-22,sh.600460,2025-12-15 20:06:53.901826
0.00444,2025-12-15,2025-12-22,sh.600482,2025-12-15 20:06:53.901826
-0.02556,2025-12-15,2025-12-22,sh.600482,2025-12-15 20:06:53.901826
0.02065,2025-12-15,2025-12-22,sh.600489,2025-12-15 20:06:53.901826
0.02559,2025-12-15,2025-12-22,sh.600489,2025-12-15 20:06:53.901826
-0.06866,2025-12-15,2025-12-22,sh.600515,2025-12-15 20:06:53.901826
-0.06274,2025-12-15,2025-12-22,sh.600515,2025-12-15 20:06:53.901826
-0.182,2025-12-15,2025-12-22,sh.600519,2025-12-15 20:06:53.901826
-0.182,2025-12-15,2025-12-22,sh.600519,2025-12-15 20:06:53.901826
0.1556,2019-12-31,2020-01-07,sh.600522,2025-12-15 20:06:53.901826
0.161,2020-01-02,2020-01-09,sh.600522,2025-12-15 20:06:53.901826
0.1224,2020-01-03,2020-01-10,sh.600522,2025-12-15 20:06:53.901826
0.126,2020-01-06,2020-01-13,sh.600522,2025-12-15 20:06:53.901826
0.128,2020-01-07,2020-01-14,sh.600522,2025-12-15 20:06:53.901826
0.022,2020-01-08,2020-01-15,sh.600522,2025-12-15 20:06:53.901826
0.10034,2020-01-09,2020-01-16,sh.600522,2025-12-15 20:06:53.901826
0.0627,2020-01-10,2020-01-17,sh.600522,2025-12-15 20:06:53.901826
0.1068,2020-01-13,2020-01-20,sh.600522,2025-12-15 20:06:53.901826
0.107,2020-01-14,2020-01-21,sh.600522,2025-12-15 20:06:53.901826
0.02165,2020-01-15,2020-01-22,sh.600522,2025-12-15 20:06:53.901826
0.005913,2020-01-16,2020-01-23,sh.600522,2025-12-15 20:06:53.901826
0.05664,2020-01-17,2020-01-24,sh.600522,2025-12-15 20:06:53.901826
0.1418,2020-01-20,2020-01-27,sh.600522,2025-12-15 20:06:53.901826
0.03014,2020-01-21,2020-01-28,sh.600522,2025-12-15 20:06:53.901826
0.03995,2020-01-22,2020-01-29,sh.600522,2025-12-15 20:06:53.901826
-0.1893,2020-01-23,2020-01-30,sh.600522,2025-12-15 20:06:53.901826
0.1797,2020-02-03,2020-02-10,sh.600522,2025-12-15 20:06:53.901826
0.12305,2020-02-04,2020-02-11,sh.600522,2025-12-15 20:06:53.901826
0.08484,2020-02-05,2020-02-12,sh.600522,2025-12-15 20:06:53.901826
0.1587,2020-02-06,2020-02-13,sh.600522,2025-12-15 20:06:53.901826
0.1445,2020-02-07,2020-02-14,sh.600522,2025-12-15 20:06:53.901826
0.1774,2020-02-10,2020-02-17,sh.600522,2025-12-15 20:06:53.901826
0.11975,2020-02-11,2020-02-18,sh.600522,2025-12-15 20:06:53.901826
0.2063,2020-02-12,2020-02-19,sh.600522,2025-12-15 20:06:53.901826
0.02092,2020-02-13,2020-02-20,sh.600522,2025-12-15 20:06:53.901826
0.1283,2020-02-14,2020-02-21,sh.600522,2025-12-15 20:06:53.901826
0.2041,2020-02-17,2020-02-24,sh.600522,2025-12-15 20:06:53.901826
0.08215,2020-02-18,2020-02-25,sh.600522,2025-12-15 20:06:53.901826
0.0657,2020-02-19,2020-02-26,sh.600522,2025-12-15 20:06:53.901826
-0.05276,2020-02-20,2020-02-27,sh.600522,2025-12-15 20:06:53.901826
0.07544,2020-02-21,2020-02-28,sh.600522,2025-12-15 20:06:53.901826
0.1719,2020-02-24,2020-03-02,sh.600522,2025-12-15 20:06:53.901826
0.1376,2020-02-25,2020-03-03,sh.600522,2025-12-15 20:06:53.901826
-0.3857,2020-02-26,2020-03-04,sh.600522,2025-12-15 20:06:53.901826
-0.3108,2020-02-27,2020-03-05,sh.600522,2025-12-15 20:06:53.901826
-0.09064,2020-02-28,2020-03-06,sh.600522,2025-12-15 20:06:53.901826
0.1763,2020-03-02,2020-03-09,sh.600522,2025-12-15 20:06:53.901826
-0.319,2020-03-03,2020-03-10,sh.600522,2025-12-15 20:06:53.901826
0.1251,2020-03-04,2020-03-11,sh.600522,2025-12-15 20:06:53.901826
-0.05023,2020-03-05,2020-03-12,sh.600522,2025-12-15 20:06:53.901826
0.00445,2020-03-06,2020-03-13,sh.600522,2025-12-15 20:06:53.901826
-0.073,2020-03-09,2020-03-16,sh.600522,2025-12-15 20:06:53.901826
0.3357,2020-03-10,2020-03-17,sh.600522,2025-12-15 20:06:53.901826
-0.452,2020-03-11,2020-03-18,sh.600522,2025-12-15 20:06:53.901826
0.238,2020-03-12,2020-03-19,sh.600522,2025-12-15 20:06:53.901826
-0.0835,2020-03-13,2020-03-20,sh.600522,2025-12-15 20:06:53.901826
-0.8574,2020-03-16,2020-03-23,sh.600522,2025-12-15 20:06:53.901826
0.02165,2020-03-17,2020-03-24,sh.600522,2025-12-15 20:06:53.901826
-0.3958,2020-03-18,2020-03-25,sh.600522,2025-12-15 20:06:53.901826
-0.0585,2020-03-19,2020-03-26,sh.600522,2025-12-15 20:06:53.901826
-0.3452,2020-03-20,2020-03-27,sh.600522,2025-12-15 20:06:53.901826
-0.6313,2020-03-23,2020-03-30,sh.600522,2025-12-15 20:06:53.901826
-0.8286,2020-03-24,2020-03-31,sh.600522,2025-12-15 20:06:53.901826
-0.2957,2020-03-25,2020-04-01,sh.600522,2025-12-15 20:06:53.901826
-0.1021,2020-03-26,2020-04-02,sh.600522,2025-12-15 20:06:53.901826
-0.509,2020-03-27,2020-04-03,sh.600522,2025-12-15 20:06:53.901826
-0.254,2020-03-30,2020-04-06,sh.600522,2025-12-15 20:06:53.901826
-0.4397,2020-03-31,2020-04-07,sh.600522,2025-12-15 20:06:53.901826
-0.1537,2020-04-01,2020-04-08,sh.600522,2025-12-15 20:06:53.901826
0.1908,2020-04-02,2020-04-09,sh.600522,2025-12-15 20:06:53.901826
-0.09674,2020-04-03,2020-04-10,sh.600522,2025-12-15 20:06:53.901826
0.01413,2020-04-07,2020-04-14,sh.600522,2025-12-15 20:06:53.901826
0.1282,2020-04-08,2020-04-15,sh.600522,2025-12-15 20:06:53.901826
-0.02068,2020-04-09,2020-04-16,sh.600522,2025-12-15 20:06:53.901826
-0.4988,2020-04-10,2020-04-17,sh.600522,2025-12-15 20:06:53.901826
-0.04614,2020-04-13,2020-04-20,sh.600522,2025-12-15 20:06:53.901826
0.1469,2020-04-14,2020-04-21,sh.600522,2025-12-15 20:06:53.901826
-0.0955,2020-04-15,2020-04-22,sh.600522,2025-12-15 20:06:53.901826
0.03806,2020-04-16,2020-04-23,sh.600522,2025-12-15 20:06:53.901826
-0.2942,2020-04-17,2020-04-24,sh.600522,2025-12-15 20:06:53.901826
0.12006,2020-04-20,2020-04-27,sh.600522,2025-12-15 20:06:53.901826
0.0955,2020-04-21,2020-04-28,sh.600522,2025-12-15 20:06:53.901826
0.01945,2020-04-22,2020-04-29,sh.600522,2025-12-15 20:06:53.901826
-0.537,2020-04-23,2020-04-30,sh.600522,2025-12-15 20:06:53.901826
-0.3577,2020-04-24,2020-05-01,sh.600522,2025-12-15 20:06:53.901826
-0.1213,2020-04-27,2020-05-04,sh.600522,2025-12-15 20:06:53.901826
-0.358,2020-04-28,2020-05-05,sh.600522,2025-12-15 20:06:53.901826
0.1447,2020-04-29,2020-05-06,sh.600522,2025-12-15 20:06:53.901826
0.0783,2020-04-30,2020-05-07,sh.600522,2025-12-15 20:06:53.901826
0.05585,2020-05-06,2020-05-13,sh.600522,2025-12-15 20:06:53.901826
-0.3606,2020-05-07,2020-05-14,sh.600522,2025-12-15 20:06:53.901826
0.04822,2020-05-08,2020-05-15,sh.600522,2025-12-15 20:06:53.901826
0.1415,2020-05-11,2020-05-18,sh.600522,2025-12-15 20:06:53.901826
-0.10205,2020-05-12,2020-05-19,sh.600522,2025-12-15 20:06:53.901826
-0.09015,2020-05-13,2020-05-20,sh.600522,2025-12-15 20:06:53.901826
-0.08527,2020-05-14,2020-05-21,sh.600522,2025-12-15 20:06:53.901826
-0.0804,2020-05-15,2020-05-22,sh.600522,2025-12-15 20:06:53.901826
-0.3423,2020-05-18,2020-05-25,sh.600522,2025-12-15 20:06:53.901826
-0.2344,2020-05-19,2020-05-26,sh.600522,2025-12-15 20:06:53.901826
-0.08954,2020-05-20,2020-05-27,sh.600522,2025-12-15 20:06:53.901826
-0.3542,2020-05-21,2020-05-28,sh.600522,2025-12-15 20:06:53.901826
-0.0725,2020-05-22,2020-05-29,sh.600522,2025-12-15 20:06:53.901826
-0.2211,2020-05-25,2020-06-01,sh.600522,2025-12-15 20:06:53.901826
0.124,2020-05-26,2020-06-02,sh.600522,2025-12-15 20:06:53.901826
0.07874,2020-05-27,2020-06-03,sh.600522,2025-12-15 20:06:53.901826
-0.266,2020-05-28,2020-06-04,sh.600522,2025-12-15 20:06:53.901826
-0.07764,2020-05-29,2020-06-05,sh.600522,2025-12-15 20:06:53.901826
0.06573,2020-06-01,2020-06-08,sh.600522,2025-12-15 20:06:53.901826
-0.10266,2020-06-02,2020-06-09,sh.600522,2025-12-15 20:06:53.901826
-0.1181,2020-06-03,2020-06-10,sh.600522,2025-12-15 20:06:53.901826
-0.0989,2020-06-04,2020-06-11,sh.600522,2025-12-15 20:06:53.901826
-0.2258,2020-06-05,2020-06-12,sh.600522,2025-12-15 20:06:53.901826
-0.0594,2020-06-08,2020-06-15,sh.600522,2025-12-15 20:06:53.901826
-0.1282,2020-06-09,2020-06-16,sh.600522,2025-12-15 20:06:53.901826
0.006058,2020-06-10,2020-06-17,sh.600522,2025-12-15 20:06:53.901826
-0.0935,2020-06-11,2020-06-18,sh.600522,2025-12-15 20:06:53.901826
0.0468,2020-06-12,2020-06-19,sh.600522,2025-12-15 20:06:53.901826
-0.3342,2020-06-15,2020-06-22,sh.600522,2025-12-15 20:06:53.901826
0.0854,2020-06-16,2020-06-23,sh.600522,2025-12-15 20:06:53.901826
-0.01808,2020-06-17,2020-06-24,sh.600522,2025-12-15 20:06:53.901826
0.07806,2020-06-18,2020-06-25,sh.600522,2025-12-15 20:06:53.901826
-0.1384,2020-06-19,2020-06-26,sh.600522,2025-12-15 20:06:53.901826
-0.1201,2020-06-22,2020-06-29,sh.600522,2025-12-15 20:06:53.901826
-0.2498,2020-06-23,2020-06-30,sh.600522,2025-12-15 20:06:53.901826
0.00803,2020-06-24,2020-07-01,sh.600522,2025-12-15 20:06:53.901826
0.004234,2020-06-29,2020-07-06,sh.600522,2025-12-15 20:06:53.901826
0.1247,2020-06-30,2020-07-07,sh.600522,2025-12-15 20:06:53.901826
-0.1979,2020-07-01,2020-07-08,sh.600522,2025-12-15 20:06:53.901826
0.09503,2020-07-02,2020-07-09,sh.600522,2025-12-15 20:06:53.901826
-0.03745,2020-07-03,2020-07-10,sh.600522,2025-12-15 20:06:53.901826
0.1267,2020-07-06,2020-07-13,sh.600522,2025-12-15 20:06:53.901826
-0.0898,2020-07-07,2020-07-14,sh.600522,2025-12-15 20:06:53.901826
-0.1065,2020-07-08,2020-07-15,sh.600522,2025-12-15 20:06:53.901826
0.2072,2020-07-09,2020-07-16,sh.600522,2025-12-15 20:06:53.901826
-0.4973,2020-07-10,2020-07-17,sh.600522,2025-12-15 20:06:53.901826
0.06024,2020-07-13,2020-07-20,sh.600522,2025-12-15 20:06:53.901826
-0.3557,2020-07-14,2020-07-21,sh.600522,2025-12-15 20:06:53.901826
-0.549,2020-07-15,2020-07-22,sh.600522,2025-12-15 20:06:53.901826
-0.8354,2020-07-16,2020-07-23,sh.600522,2025-12-15 20:06:53.901826
-0.03793,2020-07-17,2020-07-24,sh.600522,2025-12-15 20:06:53.901826
-0.04587,2020-07-20,2020-07-27,sh.600522,2025-12-15 20:06:53.901826
-0.1447,2020-07-21,2020-07-28,sh.600522,2025-12-15 20:06:53.901826
-0.0602,2020-07-22,2020-07-29,sh.600522,2025-12-15 20:06:53.901826
-0.2329,2020-07-23,2020-07-30,sh.600522,2025-12-15 20:06:53.901826
-0.39,2020-07-24,2020-07-31,sh.600522,2025-12-15 20:06:53.901826
0.02823,2020-07-27,2020-08-03,sh.600522,2025-12-15 20:06:53.901826
0.1267,2020-07-28,2020-08-04,sh.600522,2025-12-15 20:06:53.901826
0.07306,2020-07-29,2020-08-05,sh.600522,2025-12-15 20:06:53.901826
-0.1339,2020-07-30,2020-08-06,sh.600522,2025-12-15 20:06:53.901826
0.0747,2020-07-31,2020-08-07,sh.600522,2025-12-15 20:06:53.901826
0.10175,2020-08-03,2020-08-10,sh.600522,2025-12-15 20:06:53.901826
-0.168,2020-08-04,2020-08-11,sh.600522,2025-12-15 20:06:53.901826
0.0166,2020-08-05,2020-08-12,sh.600522,2025-12-15 20:06:53.901826
-0.1931,2020-08-06,2020-08-13,sh.600522,2025-12-15 20:06:53.901826
-0.1284,2020-08-07,2020-08-14,sh.600522,2025-12-15 20:06:53.901826
0.1254,2020-08-10,2020-08-17,sh.600522,2025-12-15 20:06:53.901826
-0.10535,2020-08-11,2020-08-18,sh.600522,2025-12-15 20:06:53.901826
0.03375,2020-08-12,2020-08-19,sh.600522,2025-12-15 20:06:53.901826
0.137,2020-08-13,2020-08-20,sh.600522,2025-12-15 20:06:53.901826
0.07074,2020-08-14,2020-08-21,sh.600522,2025-12-15 20:06:53.901826
0.1628,2020-08-17,2020-08-24,sh.600522,2025-12-15 20:06:53.901826
0.01301,2020-08-18,2020-08-25,sh.600522,2025-12-15 20:06:53.901826
-0.1189,2020-08-19,2020-08-26,sh.600522,2025-12-15 20:06:53.901826
0.05527,2020-08-20,2020-08-27,sh.600522,2025-12-15 20:06:53.901826
0.0852,2020-08-21,2020-08-28,sh.600522,2025-12-15 20:06:53.901826
0.05316,2020-08-24,2020-08-31,sh.600522,2025-12-15 20:06:53.901826
0.04443,2020-08-25,2020-09-01,sh.600522,2025-12-15 20:06:53.901826
-0.2969,2020-08-26,2020-09-02,sh.600522,2025-12-15 20:06:53.901826
0.02292,2020-08-27,2020-09-03,sh.600522,2025-12-15 20:06:53.901826
0.0826,2020-08-28,2020-09-04,sh.600522,2025-12-15 20:06:53.901826
0.0453,2020-08-31,2020-09-07,sh.600522,2025-12-15 20:06:53.901826
0.1434,2020-09-01,2020-09-08,sh.600522,2025-12-15 20:06:53.901826
-0.3386,2020-09-02,2020-09-09,sh.600522,2025-12-15 20:06:53.901826
-0.3635,2020-09-03,2020-09-10,sh.600522,2025-12-15 20:06:53.901826
0.0668,2020-09-04,2020-09-11,sh.600522,2025-12-15 20:06:53.901826
-0.0754,2020-09-07,2020-09-14,sh.600522,2025-12-15 20:06:53.901826
0.05273,2020-09-08,2020-09-15,sh.600522,2025-12-15 20:06:53.901826
-0.0632,2020-09-09,2020-09-16,sh.600522,2025-12-15 20:06:53.901826
-0.3206,2020-09-10,2020-09-17,sh.600522,2025-12-15 20:06:53.901826
0.1613,2020-09-11,2020-09-18,sh.600522,2025-12-15 20:06:53.901826
0.166,2020-09-14,2020-09-21,sh.600522,2025-12-15 20:06:53.901826
-0.07825,2020-09-15,2020-09-22,sh.600522,2025-12-15 20:06:53.901826
0.0931,2020-09-16,2020-09-23,sh.600522,2025-12-15 20:06:53.901826
0.03137,2020-09-17,2020-09-24,sh.600522,2025-12-15 20:06:53.901826
0.128,2020-09-18,2020-09-25,sh.600522,2025-12-15 20:06:53.901826
0.1316,2020-09-21,2020-09-28,sh.600522,2025-12-15 20:06:53.901826
-0.06757,2020-09-22,2020-09-29,sh.600522,2025-12-15 20:06:53.901826
0.0411,2020-09-23,2020-09-30,sh.600522,2025-12-15 20:06:53.901826
-0.03915,2020-09-24,2020-10-01,sh.600522,2025-12-15 20:06:53.901826
-0.06586,2020-09-25,2020-10-02,sh.600522,2025-12-15 20:06:53.901826
-0.06158,2020-09-28,2020-10-05,sh.600522,2025-12-15 20:06:53.901826
0.1576,2020-09-29,2020-10-06,sh.600522,2025-12-15 20:06:53.901826
0.0773,2020-09-30,2020-10-07,sh.600522,2025-12-15 20:06:53.901826
0.151,2020-10-09,2020-10-16,sh.600522,2025-12-15 20:06:53.901826
0.0875,2020-10-12,2020-10-19,sh.600522,2025-12-15 20:06:53.901826
0.05994,2020-10-13,2020-10-20,sh.600522,2025-12-15 20:06:53.901826
0.05054,2020-10-14,2020-10-21,sh.600522,2025-12-15 20:06:53.901826
-0.0727,2020-10-15,2020-10-22,sh.600522,2025-12-15 20:06:53.901826
0.00359,2020-10-16,2020-10-23,sh.600522,2025-12-15 20:06:53.901826
-0.701,2020-10-19,2020-10-26,sh.600522,2025-12-15 20:06:53.901826
0.0524,2020-10-20,2020-10-27,sh.600522,2025-12-15 20:06:53.901826
-0.4258,2020-10-21,2020-10-28,sh.600522,2025-12-15 20:06:53.901826
-0.01796,2020-10-22,2020-10-29,sh.600522,2025-12-15 20:06:53.901826
-0.0283,2020-10-23,2020-10-30,sh.600522,2025-12-15 20:06:53.901826
0.0922,2020-10-26,2020-11-02,sh.600522,2025-12-15 20:06:53.901826
0.06793,2020-10-27,2020-11-03,sh.600522,2025-12-15 20:06:53.901826
-0.00306,2020-10-28,2020-11-04,sh.600522,2025-12-15 20:06:53.901826
0.1135,2020-10-29,2020-11-05,sh.600522,2025-12-15 20:06:53.901826
-0.09454,2020-10-30,2020-11-06,sh.600522,2025-12-15 20:06:53.901826
-0.4434,2020-11-02,2020-11-09,sh.600522,2025-12-15 20:06:53.901826
0.08374,2020-11-03,2020-11-10,sh.600522,2025-12-15 20:06:53.901826
-0.12415,2020-11-04,2020-11-11,sh.600522,2025-12-15 20:06:53.901826
0.1748,2020-11-05,2020-11-12,sh.600522,2025-12-15 20:06:53.901826
-0.11017,2020-11-06,2020-11-13,sh.600522,2025-12-15 20:06:53.901826
0.01143,2020-11-09,2020-11-16,sh.600522,2025-12-15 20:06:53.901826
-0.1697,2020-11-10,2020-11-17,sh.600522,2025-12-15 20:06:53.901826
-0.3015,2020-11-11,2020-11-18,sh.600522,2025-12-15 20:06:53.901826
0.05597,2020-11-12,2020-11-19,sh.600522,2025-12-15 20:06:53.901826
0.05734,2020-11-13,2020-11-20,sh.600522,2025-12-15 20:06:53.901826
0.02055,2020-11-16,2020-11-23,sh.600522,2025-12-15 20:06:53.901826
0.07556,2020-11-17,2020-11-24,sh.600522,2025-12-15 20:06:53.901826
0.147,2020-11-18,2020-11-25,sh.600522,2025-12-15 20:06:53.901826
0.04044,2020-11-19,2020-11-26,sh.600522,2025-12-15 20:06:53.901826
0.073,2020-11-20,2020-11-27,sh.600522,2025-12-15 20:06:53.901826
0.0658,2020-11-23,2020-11-30,sh.600522,2025-12-15 20:06:53.901826
0.00686,2020-11-24,2020-12-01,sh.600522,2025-12-15 20:06:53.901826
-0.0751,2020-11-25,2020-12-02,sh.600522,2025-12-15 20:06:53.901826
0.1307,2020-11-26,2020-12-03,sh.600522,2025-12-15 20:06:53.901826
-0.01365,2020-11-27,2020-12-04,sh.600522,2025-12-15 20:06:53.901826
0.005512,2020-11-30,2020-12-07,sh.600522,2025-12-15 20:06:53.901826
0.1506,2020-12-01,2020-12-08,sh.600522,2025-12-15 20:06:53.901826
0.1377,2020-12-02,2020-12-09,sh.600522,2025-12-15 20:06:53.901826
-0.05936,2020-12-03,2020-12-10,sh.600522,2025-12-15 20:06:53.901826
0.078,2020-12-04,2020-12-11,sh.600522,2025-12-15 20:06:53.901826
0.1168,2020-12-07,2020-12-14,sh.600522,2025-12-15 20:06:53.901826
0.00212,2020-12-08,2020-12-15,sh.600522,2025-12-15 20:06:53.901826
-0.05038,2020-12-09,2020-12-16,sh.600522,2025-12-15 20:06:53.901826
0.09534,2020-12-10,2020-12-17,sh.600522,2025-12-15 20:06:53.901826
-0.0997,2020-12-11,2020-12-18,sh.600522,2025-12-15 20:06:53.901826
-0.0519,2020-12-14,2020-12-21,sh.600522,2025-12-15 20:06:53.901826
0.013954,2020-12-15,2020-12-22,sh.600522,2025-12-15 20:06:53.901826
0.1117,2020-12-16,2020-12-23,sh.600522,2025-12-15 20:06:53.901826
0.1279,2020-12-17,2020-12-24,sh.600522,2025-12-15 20:06:53.901826
0.05664,2020-12-18,2020-12-25,sh.600522,2025-12-15 20:06:53.901826
0.1497,2020-12-21,2020-12-28,sh.600522,2025-12-15 20:06:53.901826
-0.2245,2020-12-22,2020-12-29,sh.600522,2025-12-15 20:06:53.901826
0.1678,2020-12-23,2020-12-30,sh.600522,2025-12-15 20:06:53.901826
-0.03735,2020-12-24,2020-12-31,sh.600522,2025-12-15 20:06:53.901826
0.03625,2020-12-25,2021-01-01,sh.600522,2025-12-15 20:06:53.901826
0.03287,2020-12-28,2021-01-04,sh.600522,2025-12-15 20:06:53.901826
0.0705,2020-12-29,2021-01-05,sh.600522,2025-12-15 20:06:53.901826
-0.10846,2020-12-30,2021-01-06,sh.600522,2025-12-15 20:06:53.901826
0.0649,2020-12-31,2021-01-07,sh.600522,2025-12-15 20:06:53.901826
0.0815,2021-01-04,2021-01-11,sh.600522,2025-12-15 20:06:53.901826
0.139,2021-01-05,2021-01-12,sh.600522,2025-12-15 20:06:53.901826
-0.0674,2021-01-06,2021-01-13,sh.600522,2025-12-15 20:06:53.901826
-0.1501,2021-01-07,2021-01-14,sh.600522,2025-12-15 20:06:53.901826
0.213,2021-01-08,2021-01-15,sh.600522,2025-12-15 20:06:53.901826
-0.07196,2021-01-11,2021-01-18,sh.600522,2025-12-15 20:06:53.901826
0.04578,2021-01-12,2021-01-19,sh.600522,2025-12-15 20:06:53.901826
0.0642,2021-01-13,2021-01-20,sh.600522,2025-12-15 20:06:53.901826
-0.2515,2021-01-14,2021-01-21,sh.600522,2025-12-15 20:06:53.901826
-0.1481,2021-01-15,2021-01-22,sh.600522,2025-12-15 20:06:53.901826
0.0702,2021-01-18,2021-01-25,sh.600522,2025-12-15 20:06:53.901826
-0.3877,2021-01-19,2021-01-26,sh.600522,2025-12-15 20:06:53.901826
0.0002183,2021-01-20,2021-01-27,sh.600522,2025-12-15 20:06:53.901826
-0.001408,2021-01-21,2021-01-28,sh.600522,2025-12-15 20:06:53.901826
-0.1608,2021-01-22,2021-01-29,sh.600522,2025-12-15 20:06:53.901826
-0.01522,2021-01-25,2021-02-01,sh.600522,2025-12-15 20:06:53.901826
-0.1169,2021-01-26,2021-02-02,sh.600522,2025-12-15 20:06:53.901826
0.1132,2021-01-27,2021-02-03,sh.600522,2025-12-15 20:06:53.901826
-0.135,2021-01-28,2021-02-04,sh.600522,2025-12-15 20:06:53.901826
0.06433,2021-01-29,2021-02-05,sh.600522,2025-12-15 20:06:53.901826
0.1305,2021-02-01,2021-02-08,sh.600522,2025-12-15 20:06:53.901826
0.013016,2021-02-02,2021-02-09,sh.600522,2025-12-15 20:06:53.901826
-0.4326,2021-02-03,2021-02-10,sh.600522,2025-12-15 20:06:53.901826
-0.5293,2021-02-04,2021-02-11,sh.600522,2025-12-15 20:06:53.901826
-0.05585,2021-02-05,2021-02-12,sh.600522,2025-12-15 20:06:53.901826
0.04147,2021-02-08,2021-02-15,sh.600522,2025-12-15 20:06:53.901826
0.0958,2021-02-09,2021-02-16,sh.600522,2025-12-15 20:06:53.901826
0.075,2021-02-10,2021-02-17,sh.600522,2025-12-15 20:06:53.901826
0.1065,2021-02-18,2021-02-25,sh.600522,2025-12-15 20:06:53.901826
0.1759,2021-02-19,2021-02-26,sh.600522,2025-12-15 20:06:53.901826
0.02138,2021-02-22,2021-03-01,sh.600522,2025-12-15 20:06:53.901826
-0.1064,2021-02-23,2021-03-02,sh.600522,2025-12-15 20:06:53.901826
-0.05878,2021-02-24,2021-03-03,sh.600522,2025-12-15 20:06:53.901826
-0.1328,2021-02-25,2021-03-04,sh.600522,2025-12-15 20:06:53.901826
0.01797,2021-02-26,2021-03-05,sh.600522,2025-12-15 20:06:53.901826
0.1367,2021-03-01,2021-03-08,sh.600522,2025-12-15 20:06:53.901826
-0.0322,2021-03-02,2021-03-09,sh.600522,2025-12-15 20:06:53.901826
0.09705,2021-03-03,2021-03-10,sh.600522,2025-12-15 20:06:53.901826
0.005215,2021-03-04,2021-03-11,sh.600522,2025-12-15 20:06:53.901826
-0.2932,2021-03-05,2021-03-12,sh.600522,2025-12-15 20:06:53.901826
-0.1165,2021-03-08,2021-03-15,sh.600522,2025-12-15 20:06:53.901826
-0.2512,2021-03-09,2021-03-16,sh.600522,2025-12-15 20:06:53.901826
-0.2815,2021-03-10,2021-03-17,sh.600522,2025-12-15 20:06:53.901826
-0.07355,2021-03-11,2021-03-18,sh.600522,2025-12-15 20:06:53.901826
-0.10876,2021-03-12,2021-03-19,sh.600522,2025-12-15 20:06:53.901826
-0.006447,2021-03-15,2021-03-22,sh.600522,2025-12-15 20:06:53.901826
0.0992,2021-03-16,2021-03-23,sh.600522,2025-12-15 20:06:53.901826
-0.3079,2021-03-17,2021-03-24,sh.600522,2025-12-15 20:06:53.901826
0.0571,2021-03-18,2021-03-25,sh.600522,2025-12-15 20:06:53.901826
-0.06216,2021-03-19,2021-03-26,sh.600522,2025-12-15 20:06:53.901826
0.00398,2021-03-22,2021-03-29,sh.600522,2025-12-15 20:06:53.901826
-0.1411,2021-03-23,2021-03-30,sh.600522,2025-12-15 20:06:53.901826
-0.6465,2021-03-24,2021-03-31,sh.600522,2025-12-15 20:06:53.901826
0.0981,2021-03-25,2021-04-01,sh.600522,2025-12-15 20:06:53.901826
0.08636,2021-03-26,2021-04-02,sh.600522,2025-12-15 20:06:53.901826
-0.0388,2021-03-29,2021-04-05,sh.600522,2025-12-15 20:06:53.901826
-0.10254,2021-03-30,2021-04-06,sh.600522,2025-12-15 20:06:53.901826
0.02539,2021-03-31,2021-04-07,sh.600522,2025-12-15 20:06:53.901826
-0.1588,2021-04-01,2021-04-08,sh.600522,2025-12-15 20:06:53.901826
-0.1262,2021-04-02,2021-04-09,sh.600522,2025-12-15 20:06:53.901826
0.099,2021-04-06,2021-04-13,sh.600522,2025-12-15 20:06:53.901826
0.006535,2021-04-07,2021-04-14,sh.600522,2025-12-15 20:06:53.901826
0.02832,2021-04-08,2021-04-15,sh.600522,2025-12-15 20:06:53.901826
-0.1121,2021-04-09,2021-04-16,sh.600522,2025-12-15 20:06:53.901826
-0.219,2021-04-12,2021-04-19,sh.600522,2025-12-15 20:06:53.901826
0.07025,2021-04-13,2021-04-20,sh.600522,2025-12-15 20:06:53.901826
-0.02454,2021-04-14,2021-04-21,sh.600522,2025-12-15 20:06:53.901826
-0.07495,2021-04-15,2021-04-22,sh.600522,2025-12-15 20:06:53.901826
0.0894,2021-04-16,2021-04-23,sh.600522,2025-12-15 20:06:53.901826
0.04373,2021-04-19,2021-04-26,sh.600522,2025-12-15 20:06:53.901826
-0.1464,2021-04-20,2021-04-27,sh.600522,2025-12-15 20:06:53.901826
0.0693,2021-04-21,2021-04-28,sh.600522,2025-12-15 20:06:53.901826
0.007385,2021-04-22,2021-04-29,sh.600522,2025-12-15 20:06:53.901826
-0.08655,2021-04-23,2021-04-30,sh.600522,2025-12-15 20:06:53.901826
-0.1101,2021-04-26,2021-05-03,sh.600522,2025-12-15 20:06:53.901826
-0.02592,2021-04-27,2021-05-04,sh.600522,2025-12-15 20:06:53.901826
0.01152,2021-04-28,2021-05-05,sh.600522,2025-12-15 20:06:53.901826
-0.03986,2021-04-29,2021-05-06,sh.600522,2025-12-15 20:06:53.901826
-0.1628,2021-04-30,2021-05-07,sh.600522,2025-12-15 20:06:53.901826
-0.02386,2021-05-06,2021-05-13,sh.600522,2025-12-15 20:06:53.901826
0.00754,2021-05-07,2021-05-14,sh.600522,2025-12-15 20:06:53.901826
-0.04633,2021-05-10,2021-05-17,sh.600522,2025-12-15 20:06:53.901826
0.062,2021-05-11,2021-05-18,sh.600522,2025-12-15 20:06:53.901826
0.05432,2021-05-12,2021-05-19,sh.600522,2025-12-15 20:06:53.901826
0.00213,2021-05-13,2021-05-20,sh.600522,2025-12-15 20:06:53.901826
0.1486,2021-05-14,2021-05-21,sh.600522,2025-12-15 20:06:53.901826
0.0755,2021-05-17,2021-05-24,sh.600522,2025-12-15 20:06:53.901826
0.1085,2021-05-18,2021-05-25,sh.600522,2025-12-15 20:06:53.901826
-0.01959,2021-05-19,2021-05-26,sh.600522,2025-12-15 20:06:53.901826
0.01955,2021-05-20,2021-05-27,sh.600522,2025-12-15 20:06:53.901826
0.02283,2021-05-21,2021-05-28,sh.600522,2025-12-15 20:06:53.901826
0.158,2021-05-24,2021-05-31,sh.600522,2025-12-15 20:06:53.901826
0.1057,2021-05-25,2021-06-01,sh.600522,2025-12-15 20:06:53.901826
0.0928,2021-05-26,2021-06-02,sh.600522,2025-12-15 20:06:53.901826
0.1787,2021-05-27,2021-06-03,sh.600522,2025-12-15 20:06:53.901826
-0.0412,2021-05-28,2021-06-04,sh.600522,2025-12-15 20:06:53.901826
0.1406,2021-05-31,2021-06-07,sh.600522,2025-12-15 20:06:53.901826
0.0443,2021-06-01,2021-06-08,sh.600522,2025-12-15 20:06:53.901826
-0.1699,2021-06-02,2021-06-09,sh.600522,2025-12-15 20:06:53.901826
0.02924,2021-06-03,2021-06-10,sh.600522,2025-12-15 20:06:53.901826
0.05847,2021-06-04,2021-06-11,sh.600522,2025-12-15 20:06:53.901826
0.02118,2021-06-07,2021-06-14,sh.600522,2025-12-15 20:06:53.901826
-0.0917,2021-06-08,2021-06-15,sh.600522,2025-12-15 20:06:53.901826
0.0935,2021-06-09,2021-06-16,sh.600522,2025-12-15 20:06:53.901826
0.03415,2021-06-10,2021-06-17,sh.600522,2025-12-15 20:06:53.901826
-0.416,2021-06-11,2021-06-18,sh.600522,2025-12-15 20:06:53.901826
-0.2286,2021-06-15,2021-06-22,sh.600522,2025-12-15 20:06:53.901826
0.03342,2021-06-16,2021-06-23,sh.600522,2025-12-15 20:06:53.901826
0.08466,2021-06-17,2021-06-24,sh.600522,2025-12-15 20:06:53.901826
0.08545,2021-06-18,2021-06-25,sh.600522,2025-12-15 20:06:53.901826
0.02103,2021-06-21,2021-06-28,sh.600522,2025-12-15 20:06:53.901826
0.09186,2021-06-22,2021-06-29,sh.600522,2025-12-15 20:06:53.901826
0.0625,2021-06-23,2021-06-30,sh.600522,2025-12-15 20:06:53.901826
0.09344,2021-06-24,2021-07-01,sh.600522,2025-12-15 20:06:53.901826
-0.02296,2021-06-25,2021-07-02,sh.600522,2025-12-15 20:06:53.901826
0.03625,2021-06-28,2021-07-05,sh.600522,2025-12-15 20:06:53.901826
-0.07855,2021-06-29,2021-07-06,sh.600522,2025-12-15 20:06:53.901826
0.1351,2021-06-30,2021-07-07,sh.600522,2025-12-15 20:06:53.901826
-0.1554,2021-07-01,2021-07-08,sh.600522,2025-12-15 20:06:53.901826
0.003662,2021-07-02,2021-07-09,sh.600522,2025-12-15 20:06:53.901826
0.03098,2021-07-05,2021-07-12,sh.600522,2025-12-15 20:06:53.901826
0.12427,2021-07-06,2021-07-13,sh.600522,2025-12-15 20:06:53.901826
0.1406,2021-07-07,2021-07-14,sh.600522,2025-12-15 20:06:53.901826
0.1051,2021-07-08,2021-07-15,sh.600522,2025-12-15 20:06:53.901826
0.1543,2021-07-09,2021-07-16,sh.600522,2025-12-15 20:06:53.901826
0.1959,2021-07-12,2021-07-19,sh.600522,2025-12-15 20:06:53.901826
0.02528,2021-07-13,2021-07-20,sh.600522,2025-12-15 20:06:53.901826
-0.0397,2021-07-14,2021-07-21,sh.600522,2025-12-15 20:06:53.901826
0.11615,2021-07-15,2021-07-22,sh.600522,2025-12-15 20:06:53.901826
0.11584,2021-07-16,2021-07-23,sh.600522,2025-12-15 20:06:53.901826
0.034,2021-07-19,2021-07-26,sh.600522,2025-12-15 20:06:53.901826
0.04837,2021-07-20,2021-07-27,sh.600522,2025-12-15 20:06:53.901826
0.0808,2021-07-21,2021-07-28,sh.600522,2025-12-15 20:06:53.901826
0.1625,2021-07-22,2021-07-29,sh.600522,2025-12-15 20:06:53.901826
0.162,2021-07-23,2021-07-30,sh.600522,2025-12-15 20:06:53.901826
-0.1558,2021-07-26,2021-08-02,sh.600522,2025-12-15 20:06:53.901826
0.06036,2021-07-27,2021-08-03,sh.600522,2025-12-15 20:06:53.901826
-0.3267,2021-07-28,2021-08-04,sh.600522,2025-12-15 20:06:53.901826
0.03992,2021-07-29,2021-08-05,sh.600522,2025-12-15 20:06:53.901826
0.1696,2021-07-30,2021-08-06,sh.600522,2025-12-15 20:06:53.901826
0.0635,2021-08-02,2021-08-09,sh.600522,2025-12-15 20:06:53.901826
-0.00694,2021-08-03,2021-08-10,sh.600522,2025-12-15 20:06:53.901826
0.1952,2021-08-04,2021-08-11,sh.600522,2025-12-15 20:06:53.901826
0.04996,2021-08-05,2021-08-12,sh.600522,2025-12-15 20:06:53.901826
0.0911,2021-08-06,2021-08-13,sh.600522,2025-12-15 20:06:53.901826
0.1252,2021-08-09,2021-08-16,sh.600522,2025-12-15 20:06:53.901826
0.1315,2021-08-10,2021-08-17,sh.600522,2025-12-15 20:06:53.901826
0.3005,2021-08-11,2021-08-18,sh.600522,2025-12-15 20:06:53.901826
0.1209,2021-08-12,2021-08-19,sh.600522,2025-12-15 20:06:53.901826
-0.3213,2021-08-13,2021-08-20,sh.600522,2025-12-15 20:06:53.901826
-0.491,2021-08-16,2021-08-23,sh.600522,2025-12-15 20:06:53.901826
-0.4727,2021-08-17,2021-08-24,sh.600522,2025-12-15 20:06:53.901826
-0.3755,2021-08-18,2021-08-25,sh.600522,2025-12-15 20:06:53.901826
-0.06305,2021-08-19,2021-08-26,sh.600522,2025-12-15 20:06:53.901826
-0.01927,2021-08-20,2021-08-27,sh.600522,2025-12-15 20:06:53.901826
0.1932,2021-08-23,2021-08-30,sh.600522,2025-12-15 20:06:53.901826
0.02963,2021-08-24,2021-08-31,sh.600522,2025-12-15 20:06:53.901826
0.08844,2021-08-25,2021-09-01,sh.600522,2025-12-15 20:06:53.901826
0.0349,2021-08-26,2021-09-02,sh.600522,2025-12-15 20:06:53.901826
-0.2595,2021-08-27,2021-09-03,sh.600522,2025-12-15 20:06:53.901826
0.1134,2021-08-30,2021-09-06,sh.600522,2025-12-15 20:06:53.901826
-0.00464,2021-08-31,2021-09-07,sh.600522,2025-12-15 20:06:53.901826
-0.03854,2021-09-01,2021-09-08,sh.600522,2025-12-15 20:06:53.901826
0.0853,2021-09-02,2021-09-09,sh.600522,2025-12-15 20:06:53.901826
-0.183,2021-09-03,2021-09-10,sh.600522,2025-12-15 20:06:53.901826
0.05206,2021-09-06,2021-09-13,sh.600522,2025-12-15 20:06:53.901826
-0.1377,2021-09-07,2021-09-14,sh.600522,2025-12-15 20:06:53.901826
0.08215,2021-09-08,2021-09-15,sh.600522,2025-12-15 20:06:53.901826
-0.0018635,2021-09-09,2021-09-16,sh.600522,2025-12-15 20:06:53.901826
-0.3718,2021-09-10,2021-09-17,sh.600522,2025-12-15 20:06:53.901826
0.03345,2021-09-13,2021-09-20,sh.600522,2025-12-15 20:06:53.901826
-0.11456,2021-09-14,2021-09-21,sh.600522,2025-12-15 20:06:53.901826
0.2498,2021-09-15,2021-09-22,sh.600522,2025-12-15 20:06:53.901826
-0.3918,2021-09-16,2021-09-23,sh.600522,2025-12-15 20:06:53.901826
-0.0611,2021-09-17,2021-09-24,sh.600522,2025-12-15 20:06:53.901826
0.1248,2021-09-22,2021-09-29,sh.600522,2025-12-15 20:06:53.901826
-0.06775,2021-09-23,2021-09-30,sh.600522,2025-12-15 20:06:53.901826
-0.149,2021-09-24,2021-10-01,sh.600522,2025-12-15 20:06:53.901826
-0.3728,2021-09-27,2021-10-04,sh.600522,2025-12-15 20:06:53.901826
0.0956,2021-09-28,2021-10-05,sh.600522,2025-12-15 20:06:53.901826
-0.04324,2021-09-29,2021-10-06,sh.600522,2025-12-15 20:06:53.901826
0.1538,2021-09-30,2021-10-07,sh.600522,2025-12-15 20:06:53.901826
0.0416,2021-10-08,2021-10-15,sh.600522,2025-12-15 20:06:53.901826
0.0396,2021-10-11,2021-10-18,sh.600522,2025-12-15 20:06:53.901826
-0.268,2021-10-12,2021-10-19,sh.600522,2025-12-15 20:06:53.901826
-0.1385,2021-10-13,2021-10-20,sh.600522,2025-12-15 20:06:53.901826
0.0004916,2021-10-14,2021-10-21,sh.600522,2025-12-15 20:06:53.901826
-0.1626,2021-10-15,2021-10-22,sh.600522,2025-12-15 20:06:53.901826
0.05646,2021-10-18,2021-10-25,sh.600522,2025-12-15 20:06:53.901826
0.04843,2021-10-19,2021-10-26,sh.600522,2025-12-15 20:06:53.901826
0.10706,2021-10-20,2021-10-27,sh.600522,2025-12-15 20:06:53.901826
0.05945,2021-10-21,2021-10-28,sh.600522,2025-12-15 20:06:53.901826
0.04822,2021-10-22,2021-10-29,sh.600522,2025-12-15 20:06:53.901826
0.1262,2021-10-25,2021-11-01,sh.600522,2025-12-15 20:06:53.901826
0.1138,2021-10-26,2021-11-02,sh.600522,2025-12-15 20:06:53.901826
0.1244,2021-10-27,2021-11-03,sh.600522,2025-12-15 20:06:53.901826
0.05707,2021-10-28,2021-11-04,sh.600522,2025-12-15 20:06:53.901826
0.1389,2021-10-29,2021-11-05,sh.600522,2025-12-15 20:06:53.901826
0.11456,2021-11-01,2021-11-08,sh.600522,2025-12-15 20:06:53.901826
0.1182,2021-11-02,2021-11-09,sh.600522,2025-12-15 20:06:53.901826
0.05603,2021-11-03,2021-11-10,sh.600522,2025-12-15 20:06:53.901826
0.2617,2021-11-04,2021-11-11,sh.600522,2025-12-15 20:06:53.901826
-0.5625,2021-11-05,2021-11-12,sh.600522,2025-12-15 20:06:53.901826
-0.1034,2021-11-08,2021-11-15,sh.600522,2025-12-15 20:06:53.901826
-0.4937,2021-11-09,2021-11-16,sh.600522,2025-12-15 20:06:53.901826
-0.1276,2021-11-10,2021-11-17,sh.600522,2025-12-15 20:06:53.901826
-0.3567,2021-11-11,2021-11-18,sh.600522,2025-12-15 20:06:53.901826
0.1284,2021-11-12,2021-11-19,sh.600522,2025-12-15 20:06:53.901826
-0.795,2021-11-15,2021-11-22,sh.600522,2025-12-15 20:06:53.901826
-0.139,2021-11-16,2021-11-23,sh.600522,2025-12-15 20:06:53.901826
-0.03357,2021-11-17,2021-11-24,sh.600522,2025-12-15 20:06:53.901826
-0.659,2021-11-18,2021-11-25,sh.600522,2025-12-15 20:06:53.901826
-0.3179,2021-11-19,2021-11-26,sh.600522,2025-12-15 20:06:53.901826
-0.465,2021-11-22,2021-11-29,sh.600522,2025-12-15 20:06:53.901826
-0.2952,2021-11-23,2021-11-30,sh.600522,2025-12-15 20:06:53.901826
-0.3762,2021-11-24,2021-12-01,sh.600522,2025-12-15 20:06:53.901826
-0.424,2021-11-25,2021-12-02,sh.600522,2025-12-15 20:06:53.901826
-0.2174,2021-11-26,2021-12-03,sh.600522,2025-12-15 20:06:53.901826
-0.1495,2021-11-29,2021-12-06,sh.600522,2025-12-15 20:06:53.901826
-0.2703,2021-11-30,2021-12-07,sh.600522,2025-12-15 20:06:53.901826
-0.37,2021-12-01,2021-12-08,sh.600522,2025-12-15 20:06:53.901826
-0.6396,2021-12-02,2021-12-09,sh.600522,2025-12-15 20:06:53.901826
-0.4204,2021-12-03,2021-12-10,sh.600522,2025-12-15 20:06:53.901826
-0.3706,2021-12-06,2021-12-13,sh.600522,2025-12-15 20:06:53.901826
-0.3271,2021-12-07,2021-12-14,sh.600522,2025-12-15 20:06:53.901826
-0.06046,2021-12-08,2021-12-15,sh.600522,2025-12-15 20:06:53.901826
-0.12396,2021-12-09,2021-12-16,sh.600522,2025-12-15 20:06:53.901826
-0.293,2021-12-10,2021-12-17,sh.600522,2025-12-15 20:06:53.901826
-0.1978,2021-12-13,2021-12-20,sh.600522,2025-12-15 20:06:53.901826
-0.1383,2021-12-14,2021-12-21,sh.600522,2025-12-15 20:06:53.901826
-0.1409,2021-12-15,2021-12-22,sh.600522,2025-12-15 20:06:53.901826
-0.4792,2021-12-16,2021-12-23,sh.600522,2025-12-15 20:06:53.901826
-0.3228,2021-12-17,2021-12-24,sh.600522,2025-12-15 20:06:53.901826
-1.165,2021-12-20,2021-12-27,sh.600522,2025-12-15 20:06:53.901826
-0.0644,2021-12-21,2021-12-28,sh.600522,2025-12-15 20:06:53.901826
-0.2793,2021-12-22,2021-12-29,sh.600522,2025-12-15 20:06:53.901826
-0.1912,2021-12-23,2021-12-30,sh.600522,2025-12-15 20:06:53.901826
-0.9043,2021-12-24,2021-12-31,sh.600522,2025-12-15 20:06:53.901826
-0.2502,2021-12-27,2022-01-03,sh.600522,2025-12-15 20:06:53.901826
-0.1615,2021-12-28,2022-01-04,sh.600522,2025-12-15 20:06:53.901826
-0.331,2021-12-29,2022-01-05,sh.600522,2025-12-15 20:06:53.901826
-0.2737,2021-12-30,2022-01-06,sh.600522,2025-12-15 20:06:53.901826
-0.3315,2021-12-31,2022-01-07,sh.600522,2025-12-15 20:06:53.901826
-0.696,2022-01-04,2022-01-11,sh.600522,2025-12-15 20:06:53.901826
-0.57,2022-01-05,2022-01-12,sh.600522,2025-12-15 20:06:53.901826
-0.1135,2022-01-06,2022-01-13,sh.600522,2025-12-15 20:06:53.901826
-0.604,2022-01-07,2022-01-14,sh.600522,2025-12-15 20:06:53.901826
-0.4287,2022-01-10,2022-01-17,sh.600522,2025-12-15 20:06:53.901826
-0.323,2022-01-11,2022-01-18,sh.600522,2025-12-15 20:06:53.901826
-0.2317,2022-01-12,2022-01-19,sh.600522,2025-12-15 20:06:53.901826
-0.62,2022-01-13,2022-01-20,sh.600522,2025-12-15 20:06:53.901826
-0.04565,2022-01-14,2022-01-21,sh.600522,2025-12-15 20:06:53.901826
-0.1595,2022-01-17,2022-01-24,sh.600522,2025-12-15 20:06:53.901826
-0.1948,2022-01-18,2022-01-25,sh.600522,2025-12-15 20:06:53.901826
-0.2291,2022-01-19,2022-01-26,sh.600522,2025-12-15 20:06:53.901826
-0.3743,2022-01-20,2022-01-27,sh.600522,2025-12-15 20:06:53.901826
-0.2386,2022-01-21,2022-01-28,sh.600522,2025-12-15 20:06:53.901826
-0.005287,2022-01-24,2022-01-31,sh.600522,2025-12-15 20:06:53.901826
-0.3748,2022-01-25,2022-02-01,sh.600522,2025-12-15 20:06:53.901826
0.1515,2022-01-26,2022-02-02,sh.600522,2025-12-15 20:06:53.901826
-0.1862,2022-01-27,2022-02-03,sh.600522,2025-12-15 20:06:53.901826
-0.3687,2022-01-28,2022-02-04,sh.600522,2025-12-15 20:06:53.901826
-0.7505,2022-02-07,2022-02-14,sh.600522,2025-12-15 20:06:53.901826
-0.2832,2022-02-08,2022-02-15,sh.600522,2025-12-15 20:06:53.901826
-0.16,2022-02-09,2022-02-16,sh.600522,2025-12-15 20:06:53.901826
-0.3594,2022-02-10,2022-02-17,sh.600522,2025-12-15 20:06:53.901826
-0.288,2022-02-11,2022-02-18,sh.600522,2025-12-15 20:06:53.901826
-0.3914,2022-02-14,2022-02-21,sh.600522,2025-12-15 20:06:53.901826
0.1388,2022-02-15,2022-02-22,sh.600522,2025-12-15 20:06:53.901826
-0.3318,2022-02-16,2022-02-23,sh.600522,2025-12-15 20:06:53.901826
-0.08594,2022-02-17,2022-02-24,sh.600522,2025-12-15 20:06:53.901826
-0.2131,2022-02-18,2022-02-25,sh.600522,2025-12-15 20:06:53.901826
-0.0797,2022-02-21,2022-02-28,sh.600522,2025-12-15 20:06:53.901826
-0.1432,2022-02-22,2022-03-01,sh.600522,2025-12-15 20:06:53.901826
-0.09503,2022-02-23,2022-03-02,sh.600522,2025-12-15 20:06:53.901826
-0.5767,2022-02-24,2022-03-03,sh.600522,2025-12-15 20:06:53.901826
-0.2311,2022-02-25,2022-03-04,sh.600522,2025-12-15 20:06:53.901826
-0.06665,2022-02-28,2022-03-07,sh.600522,2025-12-15 20:06:53.901826
-0.2323,2022-03-01,2022-03-08,sh.600522,2025-12-15 20:06:53.901826
-0.5947,2022-03-02,2022-03-09,sh.600522,2025-12-15 20:06:53.901826
-1.035,2022-03-03,2022-03-10,sh.600522,2025-12-15 20:06:53.901826
-0.1667,2022-03-04,2022-03-11,sh.600522,2025-12-15 20:06:53.901826
-0.226,2022-03-07,2022-03-14,sh.600522,2025-12-15 20:06:53.901826
-0.2576,2022-03-08,2022-03-15,sh.600522,2025-12-15 20:06:53.901826
-0.3962,2022-03-09,2022-03-16,sh.600522,2025-12-15 20:06:53.901826
-0.714,2022-03-10,2022-03-17,sh.600522,2025-12-15 20:06:53.901826
-0.03543,2022-03-11,2022-03-18,sh.600522,2025-12-15 20:06:53.901826
-0.4307,2022-03-14,2022-03-21,sh.600522,2025-12-15 20:06:53.901826
-0.5205,2022-03-15,2022-03-22,sh.600522,2025-12-15 20:06:53.901826
0.03476,2022-03-16,2022-03-23,sh.600522,2025-12-15 20:06:53.901826
-0.4138,2022-03-17,2022-03-24,sh.600522,2025-12-15 20:06:53.901826
-0.2344,2022-03-18,2022-03-25,sh.600522,2025-12-15 20:06:53.901826
-0.3525,2022-03-21,2022-03-28,sh.600522,2025-12-15 20:06:53.901826
-0.142,2022-03-22,2022-03-29,sh.600522,2025-12-15 20:06:53.901826
-0.206,2022-03-23,2022-03-30,sh.600522,2025-12-15 20:06:53.901826
-0.1755,2022-03-24,2022-03-31,sh.600522,2025-12-15 20:06:53.901826
-0.6133,2022-03-25,2022-04-01,sh.600522,2025-12-15 20:06:53.901826
-0.2915,2022-03-28,2022-04-04,sh.600522,2025-12-15 20:06:53.901826
-0.285,2022-03-29,2022-04-05,sh.600522,2025-12-15 20:06:53.901826
0.1232,2022-03-30,2022-04-06,sh.600522,2025-12-15 20:06:53.901826
-0.2737,2022-03-31,2022-04-07,sh.600522,2025-12-15 20:06:53.901826
-0.0811,2022-04-01,2022-04-08,sh.600522,2025-12-15 20:06:53.901826
-0.8125,2022-04-06,2022-04-13,sh.600522,2025-12-15 20:06:53.901826
-0.1628,2022-04-07,2022-04-14,sh.600522,2025-12-15 20:06:53.901826
-0.1715,2022-04-08,2022-04-15,sh.600522,2025-12-15 20:06:53.901826
-0.6655,2022-04-11,2022-04-18,sh.600522,2025-12-15 20:06:53.901826
-0.1237,2022-04-12,2022-04-19,sh.600522,2025-12-15 20:06:53.901826
-0.1027,2022-04-13,2022-04-20,sh.600522,2025-12-15 20:06:53.901826
-0.2017,2022-04-14,2022-04-21,sh.600522,2025-12-15 20:06:53.901826
-0.2708,2022-04-15,2022-04-22,sh.600522,2025-12-15 20:06:53.901826
0.01675,2022-04-18,2022-04-25,sh.600522,2025-12-15 20:06:53.901826
-0.3997,2022-04-19,2022-04-26,sh.600522,2025-12-15 20:06:53.901826
-0.443,2022-04-20,2022-04-27,sh.600522,2025-12-15 20:06:53.901826
-0.1873,2022-04-21,2022-04-28,sh.600522,2025-12-15 20:06:53.901826
-0.1627,2022-04-22,2022-04-29,sh.600522,2025-12-15 20:06:53.901826
-0.4092,2022-04-25,2022-05-02,sh.600522,2025-12-15 20:06:53.901826
-0.2244,2022-04-26,2022-05-03,sh.600522,2025-12-15 20:06:53.901826
-0.2852,2022-04-27,2022-05-04,sh.600522,2025-12-15 20:06:53.901826
-0.074,2022-04-28,2022-05-05,sh.600522,2025-12-15 20:06:53.901826
-0.01744,2022-04-29,2022-05-06,sh.600522,2025-12-15 20:06:53.901826
-0.2722,2022-05-05,2022-05-12,sh.600522,2025-12-15 20:06:53.901826
-0.128,2022-05-06,2022-05-13,sh.600522,2025-12-15 20:06:53.901826
-0.10205,2022-05-09,2022-05-16,sh.600522,2025-12-15 20:06:53.901826
-0.06323,2022-05-10,2022-05-17,sh.600522,2025-12-15 20:06:53.901826
-0.2908,2022-05-11,2022-05-18,sh.600522,2025-12-15 20:06:53.901826
-0.00553,2022-05-12,2022-05-19,sh.600522,2025-12-15 20:06:53.901826
-0.1809,2022-05-13,2022-05-20,sh.600522,2025-12-15 20:06:53.901826
-0.4644,2022-05-16,2022-05-23,sh.600522,2025-12-15 20:06:53.901826
-0.0903,2022-05-17,2022-05-24,sh.600522,2025-12-15 20:06:53.901826
-0.503,2022-05-18,2022-05-25,sh.600522,2025-12-15 20:06:53.901826
0.000854,2022-05-19,2022-05-26,sh.600522,2025-12-15 20:06:53.901826
-0.1575,2022-05-20,2022-05-27,sh.600522,2025-12-15 20:06:53.901826
0.0178,2022-05-23,2022-05-30,sh.600522,2025-12-15 20:06:53.901826
-0.68,2022-05-24,2022-05-31,sh.600522,2025-12-15 20:06:53.901826
0.0807,2022-05-25,2022-06-01,sh.600522,2025-12-15 20:06:53.901826
-0.1935,2022-05-26,2022-06-02,sh.600522,2025-12-15 20:06:53.901826
-0.4314,2022-05-27,2022-06-03,sh.600522,2025-12-15 20:06:53.901826
-0.1628,2022-05-30,2022-06-06,sh.600522,2025-12-15 20:06:53.901826
-0.1531,2022-05-31,2022-06-07,sh.600522,2025-12-15 20:06:53.901826
-0.1472,2022-06-01,2022-06-08,sh.600522,2025-12-15 20:06:53.901826
-0.07794,2022-06-02,2022-06-09,sh.600522,2025-12-15 20:06:53.901826
-0.1398,2022-06-06,2022-06-13,sh.600522,2025-12-15 20:06:53.901826
-0.5933,2022-06-07,2022-06-14,sh.600522,2025-12-15 20:06:53.901826
-0.341,2022-06-08,2022-06-15,sh.600522,2025-12-15 20:06:53.901826
-0.3271,2022-06-09,2022-06-16,sh.600522,2025-12-15 20:06:53.901826
-0.0674,2022-06-10,2022-06-17,sh.600522,2025-12-15 20:06:53.901826
-0.10785,2022-06-13,2022-06-20,sh.600522,2025-12-15 20:06:53.901826
-0.4775,2022-06-14,2022-06-21,sh.600522,2025-12-15 20:06:53.901826
-0.2954,2022-06-15,2022-06-22,sh.600522,2025-12-15 20:06:53.901826
-0.0175,2022-06-16,2022-06-23,sh.600522,2025-12-15 20:06:53.901826
0.05798,2022-06-17,2022-06-24,sh.600522,2025-12-15 20:06:53.901826
-0.2212,2022-06-20,2022-06-27,sh.600522,2025-12-15 20:06:53.901826
-0.288,2022-06-21,2022-06-28,sh.600522,2025-12-15 20:06:53.901826
-0.3728,2022-06-22,2022-06-29,sh.600522,2025-12-15 20:06:53.901826
-0.2927,2022-06-23,2022-06-30,sh.600522,2025-12-15 20:06:53.901826
-0.0711,2022-06-24,2022-07-01,sh.600522,2025-12-15 20:06:53.901826
-0.286,2022-06-27,2022-07-04,sh.600522,2025-12-15 20:06:53.901826
-0.1871,2022-06-28,2022-07-05,sh.600522,2025-12-15 20:06:53.901826
-0.525,2022-06-29,2022-07-06,sh.600522,2025-12-15 20:06:53.901826
-0.21,2022-06-30,2022-07-07,sh.600522,2025-12-15 20:06:53.901826
-0.2357,2022-07-01,2022-07-08,sh.600522,2025-12-15 20:06:53.901826
-0.3096,2022-07-04,2022-07-11,sh.600522,2025-12-15 20:06:53.901826
-0.344,2022-07-05,2022-07-12,sh.600522,2025-12-15 20:06:53.901826
-0.3733,2022-07-06,2022-07-13,sh.600522,2025-12-15 20:06:53.901826
-0.257,2022-07-07,2022-07-14,sh.600522,2025-12-15 20:06:53.901826
-0.2942,2022-07-08,2022-07-15,sh.600522,2025-12-15 20:06:53.901826
-0.6855,2022-07-11,2022-07-18,sh.600522,2025-12-15 20:06:53.901826
-0.2737,2022-07-12,2022-07-19,sh.600522,2025-12-15 20:06:53.901826
-0.1594,2022-07-13,2022-07-20,sh.600522,2025-12-15 20:06:53.901826
0.01078,2022-07-14,2022-07-21,sh.600522,2025-12-15 20:06:53.901826
-0.3752,2022-07-15,2022-07-22,sh.600522,2025-12-15 20:06:53.901826
-0.4922,2022-07-18,2022-07-25,sh.600522,2025-12-15 20:06:53.901826
-0.5015,2022-07-19,2022-07-26,sh.600522,2025-12-15 20:06:53.901826
-0.2905,2022-07-20,2022-07-27,sh.600522,2025-12-15 20:06:53.901826
-0.5283,2022-07-21,2022-07-28,sh.600522,2025-12-15 20:06:53.901826
-0.4739,2022-07-22,2022-07-29,sh.600522,2025-12-15 20:06:53.901826
-0.9214,2022-07-25,2022-08-01,sh.600522,2025-12-15 20:06:53.901826
-0.3013,2022-07-26,2022-08-02,sh.600522,2025-12-15 20:06:53.901826
-0.392,2022-07-27,2022-08-03,sh.600522,2025-12-15 20:06:53.901826
-0.8726,2022-07-28,2022-08-04,sh.600522,2025-12-15 20:06:53.901826
-0.2314,2022-07-29,2022-08-05,sh.600522,2025-12-15 20:06:53.901826
-0.2568,2022-08-01,2022-08-08,sh.600522,2025-12-15 20:06:53.901826
-0.3481,2022-08-02,2022-08-09,sh.600522,2025-12-15 20:06:53.901826
-0.522,2022-08-03,2022-08-10,sh.600522,2025-12-15 20:06:53.901826
-0.4666,2022-08-04,2022-08-11,sh.600522,2025-12-15 20:06:53.901826
-0.2444,2022-08-05,2022-08-12,sh.600522,2025-12-15 20:06:53.901826
-0.1887,2022-08-08,2022-08-15,sh.600522,2025-12-15 20:06:53.901826
-0.1584,2022-08-09,2022-08-16,sh.600522,2025-12-15 20:06:53.901826
-0.4805,2022-08-10,2022-08-17,sh.600522,2025-12-15 20:06:53.901826
-0.2118,2022-08-11,2022-08-18,sh.600522,2025-12-15 20:06:53.901826
-0.4507,2022-08-12,2022-08-19,sh.600522,2025-12-15 20:06:53.901826
-0.1074,2022-08-15,2022-08-22,sh.600522,2025-12-15 20:06:53.901826
-0.1625,2022-08-16,2022-08-23,sh.600522,2025-12-15 20:06:53.901826
-0.3176,2022-08-17,2022-08-24,sh.600522,2025-12-15 20:06:53.901826
-0.1,2022-08-18,2022-08-25,sh.600522,2025-12-15 20:06:53.901826
-0.653,2022-08-19,2022-08-26,sh.600522,2025-12-15 20:06:53.901826
-0.1726,2022-08-22,2022-08-29,sh.600522,2025-12-15 20:06:53.901826
-0.3518,2022-08-23,2022-08-30,sh.600522,2025-12-15 20:06:53.901826
-0.441,2022-08-24,2022-08-31,sh.600522,2025-12-15 20:06:53.901826
-0.4585,2022-08-25,2022-09-01,sh.600522,2025-12-15 20:06:53.901826
-0.2388,2022-08-26,2022-09-02,sh.600522,2025-12-15 20:06:53.901826
-0.1383,2022-08-29,2022-09-05,sh.600522,2025-12-15 20:06:53.901826
-0.2329,2022-08-30,2022-09-06,sh.600522,2025-12-15 20:06:53.901826
-1.178,2022-08-31,2022-09-07,sh.600522,2025-12-15 20:06:53.901826
-0.04398,2022-09-01,2022-09-08,sh.600522,2025-12-15 20:06:53.901826
-0.534,2022-09-02,2022-09-09,sh.600522,2025-12-15 20:06:53.901826
-0.1187,2022-09-05,2022-09-12,sh.600522,2025-12-15 20:06:53.901826
-0.1881,2022-09-06,2022-09-13,sh.600522,2025-12-15 20:06:53.901826
-0.2207,2022-09-07,2022-09-14,sh.600522,2025-12-15 20:06:53.901826
-0.15,2022-09-08,2022-09-15,sh.600522,2025-12-15 20:06:53.901826
-0.454,2022-09-09,2022-09-16,sh.600522,2025-12-15 20:06:53.901826
-0.349,2022-09-13,2022-09-20,sh.600522,2025-12-15 20:06:53.901826
-0.508,2022-09-14,2022-09-21,sh.600522,2025-12-15 20:06:53.901826
-0.801,2022-09-15,2022-09-22,sh.600522,2025-12-15 20:06:53.901826
-0.4253,2022-09-16,2022-09-23,sh.600522,2025-12-15 20:06:53.901826
-0.1632,2022-09-19,2022-09-26,sh.600522,2025-12-15 20:06:53.901826
-0.1526,2022-09-20,2022-09-27,sh.600522,2025-12-15 20:06:53.901826
-0.3938,2022-09-21,2022-09-28,sh.600522,2025-12-15 20:06:53.901826
-0.3127,2022-09-22,2022-09-29,sh.600522,2025-12-15 20:06:53.901826
-0.495,2022-09-23,2022-09-30,sh.600522,2025-12-15 20:06:53.901826
-0.1218,2022-09-26,2022-10-03,sh.600522,2025-12-15 20:06:53.901826
-0.2317,2022-09-27,2022-10-04,sh.600522,2025-12-15 20:06:53.901826
-0.8765,2022-09-28,2022-10-05,sh.600522,2025-12-15 20:06:53.901826
-0.4128,2022-09-29,2022-10-06,sh.600522,2025-12-15 20:06:53.901826
-0.562,2022-09-30,2022-10-07,sh.600522,2025-12-15 20:06:53.901826
-0.799,2022-10-10,2022-10-17,sh.600522,2025-12-15 20:06:53.901826
-0.0405,2022-10-11,2022-10-18,sh.600522,2025-12-15 20:06:53.901826
0.01303,2022-10-12,2022-10-19,sh.600522,2025-12-15 20:06:53.901826
-0.262,2022-10-13,2022-10-20,sh.600522,2025-12-15 20:06:53.901826
-0.3813,2022-10-14,2022-10-21,sh.600522,2025-12-15 20:06:53.901826
-0.2214,2022-10-17,2022-10-24,sh.600522,2025-12-15 20:06:53.901826
-0.1051,2022-10-18,2022-10-25,sh.600522,2025-12-15 20:06:53.901826
-0.59,2022-10-19,2022-10-26,sh.600522,2025-12-15 20:06:53.901826
-0.586,2022-10-20,2022-10-27,sh.600522,2025-12-15 20:06:53.901826
-0.055,2022-10-21,2022-10-28,sh.600522,2025-12-15 20:06:53.901826
-0.317,2022-10-24,2022-10-31,sh.600522,2025-12-15 20:06:53.901826
-0.3242,2022-10-25,2022-11-01,sh.600522,2025-12-15 20:06:53.901826
-0.3914,2022-10-26,2022-11-02,sh.600522,2025-12-15 20:06:53.901826
-1.091,2022-10-27,2022-11-03,sh.600522,2025-12-15 20:06:53.901826
-0.09656,2022-10-28,2022-11-04,sh.600522,2025-12-15 20:06:53.901826
-0.3655,2022-10-31,2022-11-07,sh.600522,2025-12-15 20:06:53.901826
-1.027,2022-11-01,2022-11-08,sh.600522,2025-12-15 20:06:53.901826
-0.4136,2022-11-02,2022-11-09,sh.600522,2025-12-15 20:06:53.901826
-0.1895,2022-11-03,2022-11-10,sh.600522,2025-12-15 20:06:53.901826
-0.0897,2022-11-04,2022-11-11,sh.600522,2025-12-15 20:06:53.901826
-0.53,2022-11-07,2022-11-14,sh.600522,2025-12-15 20:06:53.901826
0.01361,2022-11-08,2022-11-15,sh.600522,2025-12-15 20:06:53.901826
-0.2275,2022-11-09,2022-11-16,sh.600522,2025-12-15 20:06:53.901826
-0.3376,2022-11-10,2022-11-17,sh.600522,2025-12-15 20:06:53.901826
-0.3933,2022-11-11,2022-11-18,sh.600522,2025-12-15 20:06:53.901826
-0.4614,2022-11-14,2022-11-21,sh.600522,2025-12-15 20:06:53.901826
0.02428,2022-11-15,2022-11-22,sh.600522,2025-12-15 20:06:53.901826
-0.5137,2022-11-16,2022-11-23,sh.600522,2025-12-15 20:06:53.901826
-0.5234,2022-11-17,2022-11-24,sh.600522,2025-12-15 20:06:53.901826
-0.5405,2022-11-18,2022-11-25,sh.600522,2025-12-15 20:06:53.901826
-0.1512,2022-11-21,2022-11-28,sh.600522,2025-12-15 20:06:53.901826
-0.366,2022-11-22,2022-11-29,sh.600522,2025-12-15 20:06:53.901826
-0.027,2022-11-23,2022-11-30,sh.600522,2025-12-15 20:06:53.901826
-0.2433,2022-11-24,2022-12-01,sh.600522,2025-12-15 20:06:53.901826
0.05975,2022-11-25,2022-12-02,sh.600522,2025-12-15 20:06:53.901826
0.1519,2022-11-28,2022-12-05,sh.600522,2025-12-15 20:06:53.901826
0.08716,2022-11-29,2022-12-06,sh.600522,2025-12-15 20:06:53.901826
0.04495,2022-11-30,2022-12-07,sh.600522,2025-12-15 20:06:53.901826
-0.3755,2022-12-01,2022-12-08,sh.600522,2025-12-15 20:06:53.901826
-0.02078,2022-12-02,2022-12-09,sh.600522,2025-12-15 20:06:53.901826
-0.2852,2022-12-05,2022-12-12,sh.600522,2025-12-15 20:06:53.901826
-0.291,2022-12-06,2022-12-13,sh.600522,2025-12-15 20:06:53.901826
-0.2231,2022-12-07,2022-12-14,sh.600522,2025-12-15 20:06:53.901826
-0.03558,2022-12-08,2022-12-15,sh.600522,2025-12-15 20:06:53.901826
-0.197,2022-12-09,2022-12-16,sh.600522,2025-12-15 20:06:53.901826
-0.1741,2022-12-12,2022-12-19,sh.600522,2025-12-15 20:06:53.901826
-0.3374,2022-12-13,2022-12-20,sh.600522,2025-12-15 20:06:53.901826
-0.2683,2022-12-14,2022-12-21,sh.600522,2025-12-15 20:06:53.901826
0.09503,2022-12-15,2022-12-22,sh.600522,2025-12-15 20:06:53.901826
-0.2544,2022-12-16,2022-12-23,sh.600522,2025-12-15 20:06:53.901826
-0.1931,2022-12-19,2022-12-26,sh.600522,2025-12-15 20:06:53.901826
0.1177,2022-12-20,2022-12-27,sh.600522,2025-12-15 20:06:53.901826
-0.2847,2022-12-21,2022-12-28,sh.600522,2025-12-15 20:06:53.901826
-0.57,2022-12-22,2022-12-29,sh.600522,2025-12-15 20:06:53.901826
-0.05835,2022-12-23,2022-12-30,sh.600522,2025-12-15 20:06:53.901826
0.2207,2022-12-26,2023-01-02,sh.600522,2025-12-15 20:06:53.901826
0.0868,2022-12-27,2023-01-03,sh.600522,2025-12-15 20:06:53.901826
-0.02223,2022-12-28,2023-01-04,sh.600522,2025-12-15 20:06:53.901826
-0.0996,2022-12-29,2023-01-05,sh.600522,2025-12-15 20:06:53.901826
-0.0234,2022-12-30,2023-01-06,sh.600522,2025-12-15 20:06:53.901826
0.1263,2023-01-03,2023-01-10,sh.600522,2025-12-15 20:06:53.901826
-0.531,2023-01-04,2023-01-11,sh.600522,2025-12-15 20:06:53.901826
0.0081,2023-01-05,2023-01-12,sh.600522,2025-12-15 20:06:53.901826
-0.004707,2023-01-06,2023-01-13,sh.600522,2025-12-15 20:06:53.901826
-0.00929,2023-01-09,2023-01-16,sh.600522,2025-12-15 20:06:53.901826
-0.2734,2023-01-10,2023-01-17,sh.600522,2025-12-15 20:06:53.901826
-0.447,2023-01-11,2023-01-18,sh.600522,2025-12-15 20:06:53.901826
-0.06946,2023-01-12,2023-01-19,sh.600522,2025-12-15 20:06:53.901826
-0.3882,2023-01-13,2023-01-20,sh.600522,2025-12-15 20:06:53.901826
-0.1328,2023-01-16,2023-01-23,sh.600522,2025-12-15 20:06:53.901826
-0.2216,2023-01-17,2023-01-24,sh.600522,2025-12-15 20:06:53.901826
0.12115,2023-01-18,2023-01-25,sh.600522,2025-12-15 20:06:53.901826
-1.017,2023-01-19,2023-01-26,sh.600522,2025-12-15 20:06:53.901826
0.1246,2023-01-20,2023-01-27,sh.600522,2025-12-15 20:06:53.901826
-0.067,2023-01-30,2023-02-06,sh.600522,2025-12-15 20:06:53.901826
0.03525,2023-01-31,2023-02-07,sh.600522,2025-12-15 20:06:53.901826
0.01848,2023-02-01,2023-02-08,sh.600522,2025-12-15 20:06:53.901826
-0.4346,2023-02-02,2023-02-09,sh.600522,2025-12-15 20:06:53.901826
-0.4126,2023-02-03,2023-02-10,sh.600522,2025-12-15 20:06:53.901826
0.06168,2023-02-06,2023-02-13,sh.600522,2025-12-15 20:06:53.901826
0.00874,2023-02-07,2023-02-14,sh.600522,2025-12-15 20:06:53.901826
0.0793,2023-02-08,2023-02-15,sh.600522,2025-12-15 20:06:53.901826
0.1511,2023-02-09,2023-02-16,sh.600522,2025-12-15 20:06:53.901826
-0.06635,2023-02-10,2023-02-17,sh.600522,2025-12-15 20:06:53.901826
0.086,2023-02-13,2023-02-20,sh.600522,2025-12-15 20:06:53.901826
0.10315,2023-02-14,2023-02-21,sh.600522,2025-12-15 20:06:53.901826
0.0812,2023-02-15,2023-02-22,sh.600522,2025-12-15 20:06:53.901826
-0.3413,2023-02-16,2023-02-23,sh.600522,2025-12-15 20:06:53.901826
-0.155,2023-02-17,2023-02-24,sh.600522,2025-12-15 20:06:53.901826
0.1646,2023-02-20,2023-02-27,sh.600522,2025-12-15 20:06:53.901826
0.0831,2023-02-21,2023-02-28,sh.600522,2025-12-15 20:06:53.901826
0.02731,2023-02-22,2023-03-01,sh.600522,2025-12-15 20:06:53.901826
0.2094,2023-02-23,2023-03-02,sh.600522,2025-12-15 20:06:53.901826
0.02885,2023-02-24,2023-03-03,sh.600522,2025-12-15 20:06:53.901826
0.1332,2023-02-27,2023-03-06,sh.600522,2025-12-15 20:06:53.901826
-0.1473,2023-02-28,2023-03-07,sh.600522,2025-12-15 20:06:53.901826
0.09344,2023-03-01,2023-03-08,sh.600522,2025-12-15 20:06:53.901826
0.006184,2023-03-02,2023-03-09,sh.600522,2025-12-15 20:06:53.901826
-0.2932,2023-03-03,2023-03-10,sh.600522,2025-12-15 20:06:53.901826
0.04636,2023-03-06,2023-03-13,sh.600522,2025-12-15 20:06:53.901826
-0.4446,2023-03-07,2023-03-14,sh.600522,2025-12-15 20:06:53.901826
0.132,2023-03-08,2023-03-15,sh.600522,2025-12-15 20:06:53.901826
-0.161,2023-03-09,2023-03-16,sh.600522,2025-12-15 20:06:53.901826
-0.238,2023-03-10,2023-03-17,sh.600522,2025-12-15 20:06:53.901826
0.02715,2023-03-13,2023-03-20,sh.600522,2025-12-15 20:06:53.901826
0.0537,2023-03-14,2023-03-21,sh.600522,2025-12-15 20:06:53.901826
0.1376,2023-03-15,2023-03-22,sh.600522,2025-12-15 20:06:53.901826
-0.2585,2023-03-16,2023-03-23,sh.600522,2025-12-15 20:06:53.901826
-0.02562,2023-03-17,2023-03-24,sh.600522,2025-12-15 20:06:53.901826
0.1945,2023-03-20,2023-03-27,sh.600522,2025-12-15 20:06:53.901826
-0.0386,2023-03-21,2023-03-28,sh.600522,2025-12-15 20:06:53.901826
-0.05872,2023-03-22,2023-03-29,sh.600522,2025-12-15 20:06:53.901826
0.07465,2023-03-23,2023-03-30,sh.600522,2025-12-15 20:06:53.901826
-0.2384,2023-03-24,2023-03-31,sh.600522,2025-12-15 20:06:53.901826
0.02812,2023-03-27,2023-04-03,sh.600522,2025-12-15 20:06:53.901826
-0.8325,2023-03-28,2023-04-04,sh.600522,2025-12-15 20:06:53.901826
-0.2269,2023-03-29,2023-04-05,sh.600522,2025-12-15 20:06:53.901826
0.047,2023-03-30,2023-04-06,sh.600522,2025-12-15 20:06:53.901826
0.06088,2023-03-31,2023-04-07,sh.600522,2025-12-15 20:06:53.901826
0.09265,2023-04-03,2023-04-10,sh.600522,2025-12-15 20:06:53.901826
-0.2947,2023-04-04,2023-04-11,sh.600522,2025-12-15 20:06:53.901826
0.06195,2023-04-06,2023-04-13,sh.600522,2025-12-15 20:06:53.901826
-0.3782,2023-04-07,2023-04-14,sh.600522,2025-12-15 20:06:53.901826
-0.3982,2023-04-10,2023-04-17,sh.600522,2025-12-15 20:06:53.901826
-0.0817,2023-04-11,2023-04-18,sh.600522,2025-12-15 20:06:53.901826
0.0347,2023-04-12,2023-04-19,sh.600522,2025-12-15 20:06:53.901826
-0.6577,2023-04-13,2023-04-20,sh.600522,2025-12-15 20:06:53.901826
-0.09283,2023-04-14,2023-04-21,sh.600522,2025-12-15 20:06:53.901826
-0.002182,2023-04-17,2023-04-24,sh.600522,2025-12-15 20:06:53.901826
0.1628,2023-04-18,2023-04-25,sh.600522,2025-12-15 20:06:53.901826
-0.084,2023-04-19,2023-04-26,sh.600522,2025-12-15 20:06:53.901826
0.0763,2023-04-20,2023-04-27,sh.600522,2025-12-15 20:06:53.901826
-0.618,2023-04-21,2023-04-28,sh.600522,2025-12-15 20:06:53.901826
0.06015,2023-04-24,2023-05-01,sh.600522,2025-12-15 20:06:53.901826
-0.1658,2023-04-25,2023-05-02,sh.600522,2025-12-15 20:06:53.901826
-0.0966,2023-04-26,2023-05-03,sh.600522,2025-12-15 20:06:53.901826
-0.08826,2023-04-27,2023-05-04,sh.600522,2025-12-15 20:06:53.901826
0.0356,2023-04-28,2023-05-05,sh.600522,2025-12-15 20:06:53.901826
0.07825,2023-05-04,2023-05-11,sh.600522,2025-12-15 20:06:53.901826
-0.3193,2023-05-05,2023-05-12,sh.600522,2025-12-15 20:06:53.901826
0.04358,2023-05-08,2023-05-15,sh.600522,2025-12-15 20:06:53.901826
-0.4158,2023-05-09,2023-05-16,sh.600522,2025-12-15 20:06:53.901826
0.2091,2023-05-10,2023-05-17,sh.600522,2025-12-15 20:06:53.901826
0.12195,2023-05-11,2023-05-18,sh.600522,2025-12-15 20:06:53.901826
-0.01297,2023-05-12,2023-05-19,sh.600522,2025-12-15 20:06:53.901826
0.006805,2023-05-15,2023-05-22,sh.600522,2025-12-15 20:06:53.901826
0.146,2023-05-16,2023-05-23,sh.600522,2025-12-15 20:06:53.901826
0.06714,2023-05-17,2023-05-24,sh.600522,2025-12-15 20:06:53.901826
0.0652,2023-05-18,2023-05-25,sh.600522,2025-12-15 20:06:53.901826
0.0042,2023-05-19,2023-05-26,sh.600522,2025-12-15 20:06:53.901826
-0.2505,2023-05-22,2023-05-29,sh.600522,2025-12-15 20:06:53.901826
-0.193,2023-05-23,2023-05-30,sh.600522,2025-12-15 20:06:53.901826
0.0272,2023-05-24,2023-05-31,sh.600522,2025-12-15 20:06:53.901826
0.1705,2023-05-25,2023-06-01,sh.600522,2025-12-15 20:06:53.901826
-0.2556,2023-05-26,2023-06-02,sh.600522,2025-12-15 20:06:53.901826
-0.271,2023-05-29,2023-06-05,sh.600522,2025-12-15 20:06:53.901826
-0.2043,2023-05-30,2023-06-06,sh.600522,2025-12-15 20:06:53.901826
0.04578,2023-05-31,2023-06-07,sh.600522,2025-12-15 20:06:53.901826
0.08496,2023-06-01,2023-06-08,sh.600522,2025-12-15 20:06:53.901826
0.01758,2023-06-02,2023-06-09,sh.600522,2025-12-15 20:06:53.901826
0.10803,2023-06-05,2023-06-12,sh.600522,2025-12-15 20:06:53.901826
-0.2466,2023-06-06,2023-06-13,sh.600522,2025-12-15 20:06:53.901826
-0.446,2023-06-07,2023-06-14,sh.600522,2025-12-15 20:06:53.901826
-0.0774,2023-06-08,2023-06-15,sh.600522,2025-12-15 20:06:53.901826
0.11615,2023-06-09,2023-06-16,sh.600522,2025-12-15 20:06:53.901826
-0.0768,2023-06-12,2023-06-19,sh.600522,2025-12-15 20:06:53.901826
0.1884,2023-06-13,2023-06-20,sh.600522,2025-12-15 20:06:53.901826
0.1652,2023-06-14,2023-06-21,sh.600522,2025-12-15 20:06:53.901826
0.0476,2023-06-15,2023-06-22,sh.600522,2025-12-15 20:06:53.901826
0.03815,2023-06-16,2023-06-23,sh.600522,2025-12-15 20:06:53.901826
0.0886,2023-06-19,2023-06-26,sh.600522,2025-12-15 20:06:53.901826
-0.143,2023-06-20,2023-06-27,sh.600522,2025-12-15 20:06:53.901826
-0.11285,2023-06-21,2023-06-28,sh.600522,2025-12-15 20:06:53.901826
0.05887,2023-06-26,2023-07-03,sh.600522,2025-12-15 20:06:53.901826
0.02133,2023-06-27,2023-07-04,sh.600522,2025-12-15 20:06:53.901826
-0.1597,2023-06-28,2023-07-05,sh.600522,2025-12-15 20:06:53.901826
-0.0677,2023-06-29,2023-07-06,sh.600522,2025-12-15 20:06:53.901826
0.065,2023-06-30,2023-07-07,sh.600522,2025-12-15 20:06:53.901826
0.1377,2023-07-03,2023-07-10,sh.600522,2025-12-15 20:06:53.901826
-0.1276,2023-07-04,2023-07-11,sh.600522,2025-12-15 20:06:53.901826
-0.1505,2023-07-05,2023-07-12,sh.600522,2025-12-15 20:06:53.901826
0.12476,2023-07-06,2023-07-13,sh.600522,2025-12-15 20:06:53.901826
-0.0961,2023-07-07,2023-07-14,sh.600522,2025-12-15 20:06:53.901826
-0.2947,2023-07-10,2023-07-17,sh.600522,2025-12-15 20:06:53.901826
0.1772,2023-07-11,2023-07-18,sh.600522,2025-12-15 20:06:53.901826
-0.1274,2023-07-12,2023-07-19,sh.600522,2025-12-15 20:06:53.901826
0.0548,2023-07-13,2023-07-20,sh.600522,2025-12-15 20:06:53.901826
0.1471,2023-07-14,2023-07-21,sh.600522,2025-12-15 20:06:53.901826
0.1202,2023-07-17,2023-07-24,sh.600522,2025-12-15 20:06:53.901826
-0.1609,2023-07-18,2023-07-25,sh.600522,2025-12-15 20:06:53.901826
-0.0451,2023-07-19,2023-07-26,sh.600522,2025-12-15 20:06:53.901826
0.005043,2023-07-20,2023-07-27,sh.600522,2025-12-15 20:06:53.901826
0.0793,2023-07-21,2023-07-28,sh.600522,2025-12-15 20:06:53.901826
0.00535,2023-07-24,2023-07-31,sh.600522,2025-12-15 20:06:53.901826
0.1282,2023-07-25,2023-08-01,sh.600522,2025-12-15 20:06:53.901826
0.11505,2023-07-26,2023-08-02,sh.600522,2025-12-15 20:06:53.901826
-0.05444,2023-07-27,2023-08-03,sh.600522,2025-12-15 20:06:53.901826
0.084,2023-07-28,2023-08-04,sh.600522,2025-12-15 20:06:53.901826
0.06726,2023-07-31,2023-08-07,sh.600522,2025-12-15 20:06:53.901826
0.0854,2023-08-01,2023-08-08,sh.600522,2025-12-15 20:06:53.901826
-0.366,2023-08-02,2023-08-09,sh.600522,2025-12-15 20:06:53.901826
0.000968,2023-08-03,2023-08-10,sh.600522,2025-12-15 20:06:53.901826
0.12134,2023-08-04,2023-08-11,sh.600522,2025-12-15 20:06:53.901826
0.04196,2023-08-07,2023-08-14,sh.600522,2025-12-15 20:06:53.901826
-0.2101,2023-08-08,2023-08-15,sh.600522,2025-12-15 20:06:53.901826
-0.04193,2023-08-09,2023-08-16,sh.600522,2025-12-15 20:06:53.901826
0.1674,2023-08-10,2023-08-17,sh.600522,2025-12-15 20:06:53.901826
0.03384,2023-08-11,2023-08-18,sh.600522,2025-12-15 20:06:53.901826
0.174,2023-08-14,2023-08-21,sh.600522,2025-12-15 20:06:53.901826
-0.0869,2023-08-15,2023-08-22,sh.600522,2025-12-15 20:06:53.901826
0.02037,2023-08-16,2023-08-23,sh.600522,2025-12-15 20:06:53.901826
0.2023,2023-08-17,2023-08-24,sh.600522,2025-12-15 20:06:53.901826
-0.07654,2023-08-18,2023-08-25,sh.600522,2025-12-15 20:06:53.901826
-0.0391,2023-08-21,2023-08-28,sh.600522,2025-12-15 20:06:53.901826
-0.1501,2023-08-22,2023-08-29,sh.600522,2025-12-15 20:06:53.901826
-0.1066,2023-08-23,2023-08-30,sh.600522,2025-12-15 20:06:53.901826
0.0983,2023-08-24,2023-08-31,sh.600522,2025-12-15 20:06:53.901826
-0.1616,2023-08-25,2023-09-01,sh.600522,2025-12-15 20:06:53.901826
-0.3613,2023-08-28,2023-09-04,sh.600522,2025-12-15 20:06:53.901826
0.1599,2023-08-29,2023-09-05,sh.600522,2025-12-15 20:06:53.901826
0.0772,2023-08-30,2023-09-06,sh.600522,2025-12-15 20:06:53.901826
0.03766,2023-08-31,2023-09-07,sh.600522,2025-12-15 20:06:53.901826
0.0881,2023-09-01,2023-09-08,sh.600522,2025-12-15 20:06:53.901826
0.1847,2023-09-04,2023-09-11,sh.600522,2025-12-15 20:06:53.901826
-0.02676,2023-09-05,2023-09-12,sh.600522,2025-12-15 20:06:53.901826
0.1157,2023-09-06,2023-09-13,sh.600522,2025-12-15 20:06:53.901826
-0.0938,2023-09-07,2023-09-14,sh.600522,2025-12-15 20:06:53.901826
0.06494,2023-09-08,2023-09-15,sh.600522,2025-12-15 20:06:53.901826
0.1138,2023-09-11,2023-09-18,sh.600522,2025-12-15 20:06:53.901826
0.01421,2023-09-12,2023-09-19,sh.600522,2025-12-15 20:06:53.901826
-0.06052,2023-09-13,2023-09-20,sh.600522,2025-12-15 20:06:53.901826
-0.04614,2023-09-14,2023-09-21,sh.600522,2025-12-15 20:06:53.901826
-0.0615,2023-09-15,2023-09-22,sh.600522,2025-12-15 20:06:53.901826
0.11536,2023-09-18,2023-09-25,sh.600522,2025-12-15 20:06:53.901826
0.05344,2023-09-19,2023-09-26,sh.600522,2025-12-15 20:06:53.901826
0.11017,2023-09-20,2023-09-27,sh.600522,2025-12-15 20:06:53.901826
-0.066,2023-09-21,2023-09-28,sh.600522,2025-12-15 20:06:53.901826
0.125,2023-09-22,2023-09-29,sh.600522,2025-12-15 20:06:53.901826
-0.00904,2023-09-25,2023-10-02,sh.600522,2025-12-15 20:06:53.901826
0.00408,2023-09-26,2023-10-03,sh.600522,2025-12-15 20:06:53.901826
0.2213,2023-09-27,2023-10-04,sh.600522,2025-12-15 20:06:53.901826
0.0714,2023-09-28,2023-10-05,sh.600522,2025-12-15 20:06:53.901826
0.011086,2023-10-09,2023-10-16,sh.600522,2025-12-15 20:06:53.901826
-0.1697,2023-10-10,2023-10-17,sh.600522,2025-12-15 20:06:53.901826
-0.0965,2023-10-11,2023-10-18,sh.600522,2025-12-15 20:06:53.901826
0.0366,2023-10-12,2023-10-19,sh.600522,2025-12-15 20:06:53.901826
0.07544,2023-10-13,2023-10-20,sh.600522,2025-12-15 20:06:53.901826
-0.201,2023-10-16,2023-10-23,sh.600522,2025-12-15 20:06:53.901826
0.1234,2023-10-17,2023-10-24,sh.600522,2025-12-15 20:06:53.901826
-0.086,2023-10-18,2023-10-25,sh.600522,2025-12-15 20:06:53.901826
0.02074,2023-10-19,2023-10-26,sh.600522,2025-12-15 20:06:53.901826
0.0332,2023-10-20,2023-10-27,sh.600522,2025-12-15 20:06:53.901826
-0.335,2023-10-23,2023-10-30,sh.600522,2025-12-15 20:06:53.901826
0.09045,2023-10-24,2023-10-31,sh.600522,2025-12-15 20:06:53.901826
-0.2079,2023-10-25,2023-11-01,sh.600522,2025-12-15 20:06:53.901826
0.0762,2023-10-26,2023-11-02,sh.600522,2025-12-15 20:06:53.901826
0.0509,2023-10-27,2023-11-03,sh.600522,2025-12-15 20:06:53.901826
-0.01653,2023-10-30,2023-11-06,sh.600522,2025-12-15 20:06:53.901826
-0.555,2023-10-31,2023-11-07,sh.600522,2025-12-15 20:06:53.901826
-0.02026,2023-11-01,2023-11-08,sh.600522,2025-12-15 20:06:53.901826
-0.2263,2023-11-02,2023-11-09,sh.600522,2025-12-15 20:06:53.901826
0.1425,2023-11-03,2023-11-10,sh.600522,2025-12-15 20:06:53.901826
0.1427,2023-11-06,2023-11-13,sh.600522,2025-12-15 20:06:53.901826
0.1118,2023-11-07,2023-11-14,sh.600522,2025-12-15 20:06:53.901826
0.009125,2023-11-08,2023-11-15,sh.600522,2025-12-15 20:06:53.901826
0.1731,2023-11-09,2023-11-16,sh.600522,2025-12-15 20:06:53.901826
-0.001254,2023-11-10,2023-11-17,sh.600522,2025-12-15 20:06:53.901826
-0.178,2023-11-13,2023-11-20,sh.600522,2025-12-15 20:06:53.901826
0.08624,2023-11-14,2023-11-21,sh.600522,2025-12-15 20:06:53.901826
0.0448,2023-11-15,2023-11-22,sh.600522,2025-12-15 20:06:53.901826
-0.06635,2023-11-16,2023-11-23,sh.600522,2025-12-15 20:06:53.901826
0.1545,2023-11-17,2023-11-24,sh.600522,2025-12-15 20:06:53.901826
0.1375,2023-11-20,2023-11-27,sh.600522,2025-12-15 20:06:53.901826
-0.0566,2023-11-21,2023-11-28,sh.600522,2025-12-15 20:06:53.901826
-0.08777,2023-11-22,2023-11-29,sh.600522,2025-12-15 20:06:53.901826
0.1744,2023-11-23,2023-11-30,sh.600522,2025-12-15 20:06:53.901826
-0.03009,2023-11-24,2023-12-01,sh.600522,2025-12-15 20:06:53.901826
0.0213,2023-11-27,2023-12-04,sh.600522,2025-12-15 20:06:53.901826
0.04892,2023-11-28,2023-12-05,sh.600522,2025-12-15 20:06:53.901826
-0.1342,2023-11-29,2023-12-06,sh.600522,2025-12-15 20:06:53.901826
-0.03915,2023-11-30,2023-12-07,sh.600522,2025-12-15 20:06:53.901826
-0.011406,2023-12-01,2023-12-08,sh.600522,2025-12-15 20:06:53.901826
0.1377,2023-12-04,2023-12-11,sh.600522,2025-12-15 20:06:53.901826
-0.04028,2023-12-05,2023-12-12,sh.600522,2025-12-15 20:06:53.901826
0.09326,2023-12-06,2023-12-13,sh.600522,2025-12-15 20:06:53.901826
-0.1357,2023-12-07,2023-12-14,sh.600522,2025-12-15 20:06:53.901826
0.1555,2023-12-08,2023-12-15,sh.600522,2025-12-15 20:06:53.901826
0.1293,2023-12-11,2023-12-18,sh.600522,2025-12-15 20:06:53.901826
0.1857,2023-12-12,2023-12-19,sh.600522,2025-12-15 20:06:53.901826
-0.292,2023-12-13,2023-12-20,sh.600522,2025-12-15 20:06:53.901826
0.0906,2023-12-14,2023-12-21,sh.600522,2025-12-15 20:06:53.901826
-0.1658,2023-12-15,2023-12-22,sh.600522,2025-12-15 20:06:53.901826
-0.2141,2023-12-18,2023-12-25,sh.600522,2025-12-15 20:06:53.901826
-0.04596,2023-12-19,2023-12-26,sh.600522,2025-12-15 20:06:53.901826
-0.02077,2023-12-20,2023-12-27,sh.600522,2025-12-15 20:06:53.901826
0.1741,2023-12-21,2023-12-28,sh.600522,2025-12-15 20:06:53.901826
0.125,2023-12-22,2023-12-29,sh.600522,2025-12-15 20:06:53.901826
0.1931,2023-12-25,2024-01-01,sh.600522,2025-12-15 20:06:53.901826
-0.09155,2023-12-26,2024-01-02,sh.600522,2025-12-15 20:06:53.901826
0.1321,2023-12-27,2024-01-03,sh.600522,2025-12-15 20:06:53.901826
0.1799,2023-12-28,2024-01-04,sh.600522,2025-12-15 20:06:53.901826
0.0907,2023-12-29,2024-01-05,sh.600522,2025-12-15 20:06:53.901826
0.011635,2024-01-02,2024-01-09,sh.600522,2025-12-15 20:06:53.901826
0.002148,2024-01-03,2024-01-10,sh.600522,2025-12-15 20:06:53.901826
-0.0131,2024-01-04,2024-01-11,sh.600522,2025-12-15 20:06:53.901826
-0.2642,2024-01-05,2024-01-12,sh.600522,2025-12-15 20:06:53.901826
-0.0755,2024-01-08,2024-01-15,sh.600522,2025-12-15 20:06:53.901826
-0.03894,2024-01-09,2024-01-16,sh.600522,2025-12-15 20:06:53.901826
-0.0813,2024-01-10,2024-01-17,sh.600522,2025-12-15 20:06:53.901826
0.2037,2024-01-11,2024-01-18,sh.600522,2025-12-15 20:06:53.901826
0.09076,2024-01-12,2024-01-19,sh.600522,2025-12-15 20:06:53.901826
-0.000778,2024-01-15,2024-01-22,sh.600522,2025-12-15 20:06:53.901826
0.0216,2024-01-16,2024-01-23,sh.600522,2025-12-15 20:06:53.901826
-0.2281,2024-01-17,2024-01-24,sh.600522,2025-12-15 20:06:53.901826
0.2062,2024-01-18,2024-01-25,sh.600522,2025-12-15 20:06:53.901826
-0.0726,2024-01-19,2024-01-26,sh.600522,2025-12-15 20:06:53.901826
-0.393,2024-01-22,2024-01-29,sh.600522,2025-12-15 20:06:53.901826
0.201,2024-01-23,2024-01-30,sh.600522,2025-12-15 20:06:53.901826
0.013405,2024-01-24,2024-01-31,sh.600522,2025-12-15 20:06:53.901826
0.1085,2024-01-25,2024-02-01,sh.600522,2025-12-15 20:06:53.901826
-0.0894,2024-01-26,2024-02-02,sh.600522,2025-12-15 20:06:53.901826
-0.0396,2024-01-29,2024-02-05,sh.600522,2025-12-15 20:06:53.901826
-0.1344,2024-01-30,2024-02-06,sh.600522,2025-12-15 20:06:53.901826
-0.0928,2024-01-31,2024-02-07,sh.600522,2025-12-15 20:06:53.901826
-0.0206,2024-02-01,2024-02-08,sh.600522,2025-12-15 20:06:53.901826
-0.3535,2024-02-02,2024-02-09,sh.600522,2025-12-15 20:06:53.901826
-0.565,2024-02-05,2024-02-12,sh.600522,2025-12-15 20:06:53.901826
0.1804,2024-02-06,2024-02-13,sh.600522,2025-12-15 20:06:53.901826
0.10455,2024-02-07,2024-02-14,sh.600522,2025-12-15 20:06:53.901826
0.1892,2024-02-08,2024-02-15,sh.600522,2025-12-15 20:06:53.901826
0.12286,2024-02-19,2024-02-26,sh.600522,2025-12-15 20:06:53.901826
0.04205,2024-02-20,2024-02-27,sh.600522,2025-12-15 20:06:53.901826
0.038,2024-02-21,2024-02-28,sh.600522,2025-12-15 20:06:53.901826
0.0558,2024-02-22,2024-02-29,sh.600522,2025-12-15 20:06:53.901826
0.08575,2024-02-23,2024-03-01,sh.600522,2025-12-15 20:06:53.901826
0.0385,2024-02-26,2024-03-04,sh.600522,2025-12-15 20:06:53.901826
0.205,2024-02-27,2024-03-05,sh.600522,2025-12-15 20:06:53.901826
-0.534,2024-02-28,2024-03-06,sh.600522,2025-12-15 20:06:53.901826
0.1996,2024-02-29,2024-03-07,sh.600522,2025-12-15 20:06:53.901826
0.01094,2024-03-01,2024-03-08,sh.600522,2025-12-15 20:06:53.901826
0.04993,2024-03-04,2024-03-11,sh.600522,2025-12-15 20:06:53.901826
-0.06476,2024-03-05,2024-03-12,sh.600522,2025-12-15 20:06:53.901826
0.205,2024-03-06,2024-03-13,sh.600522,2025-12-15 20:06:53.901826
-0.234,2024-03-07,2024-03-14,sh.600522,2025-12-15 20:06:53.901826
0.1587,2024-03-08,2024-03-15,sh.600522,2025-12-15 20:06:53.901826
0.0808,2024-03-11,2024-03-18,sh.600522,2025-12-15 20:06:53.901826
-0.08374,2024-03-12,2024-03-19,sh.600522,2025-12-15 20:06:53.901826
-0.01845,2024-03-13,2024-03-20,sh.600522,2025-12-15 20:06:53.901826
0.05228,2024-03-14,2024-03-21,sh.600522,2025-12-15 20:06:53.901826
-0.2406,2024-03-15,2024-03-22,sh.600522,2025-12-15 20:06:53.901826
0.0778,2024-03-18,2024-03-25,sh.600522,2025-12-15 20:06:53.901826
-0.06058,2024-03-19,2024-03-26,sh.600522,2025-12-15 20:06:53.901826
-0.03885,2024-03-20,2024-03-27,sh.600522,2025-12-15 20:06:53.901826
0.1475,2024-03-21,2024-03-28,sh.600522,2025-12-15 20:06:53.901826
-0.04434,2024-03-22,2024-03-29,sh.600522,2025-12-15 20:06:53.901826
-0.1656,2024-03-25,2024-04-01,sh.600522,2025-12-15 20:06:53.901826
-0.001718,2024-03-26,2024-04-02,sh.600522,2025-12-15 20:06:53.901826
-0.5957,2024-03-27,2024-04-03,sh.600522,2025-12-15 20:06:53.901826
0.1351,2024-03-28,2024-04-04,sh.600522,2025-12-15 20:06:53.901826
-0.00311,2024-03-29,2024-04-05,sh.600522,2025-12-15 20:06:53.901826
-0.0636,2024-04-01,2024-04-08,sh.600522,2025-12-15 20:06:53.901826
-0.3596,2024-04-02,2024-04-09,sh.600522,2025-12-15 20:06:53.901826
-0.375,2024-04-03,2024-04-10,sh.600522,2025-12-15 20:06:53.901826
-0.02437,2024-04-08,2024-04-15,sh.600522,2025-12-15 20:06:53.901826
0.1522,2024-04-09,2024-04-16,sh.600522,2025-12-15 20:06:53.901826
-0.4446,2024-04-10,2024-04-17,sh.600522,2025-12-15 20:06:53.901826
0.0639,2024-04-11,2024-04-18,sh.600522,2025-12-15 20:06:53.901826
0.0678,2024-04-12,2024-04-19,sh.600522,2025-12-15 20:06:53.901826
0.06033,2024-04-15,2024-04-22,sh.600522,2025-12-15 20:06:53.901826
-0.347,2024-04-16,2024-04-23,sh.600522,2025-12-15 20:06:53.901826
-0.01762,2024-04-17,2024-04-24,sh.600522,2025-12-15 20:06:53.901826
-0.177,2024-04-18,2024-04-25,sh.600522,2025-12-15 20:06:53.901826
-0.3513,2024-04-19,2024-04-26,sh.600522,2025-12-15 20:06:53.901826
-0.0001819,2024-04-22,2024-04-29,sh.600522,2025-12-15 20:06:53.901826
0.0549,2024-04-23,2024-04-30,sh.600522,2025-12-15 20:06:53.901826
0.1798,2024-04-24,2024-05-01,sh.600522,2025-12-15 20:06:53.901826
0.005444,2024-04-25,2024-05-02,sh.600522,2025-12-15 20:06:53.901826
-0.1092,2024-04-26,2024-05-03,sh.600522,2025-12-15 20:06:53.901826
0.1798,2024-04-29,2024-05-06,sh.600522,2025-12-15 20:06:53.901826
0.08624,2024-04-30,2024-05-07,sh.600522,2025-12-15 20:06:53.901826
-0.03247,2024-05-06,2024-05-13,sh.600522,2025-12-15 20:06:53.901826
0.01825,2024-05-07,2024-05-14,sh.600522,2025-12-15 20:06:53.901826
-0.03723,2024-05-08,2024-05-15,sh.600522,2025-12-15 20:06:53.901826
0.12225,2024-05-09,2024-05-16,sh.600522,2025-12-15 20:06:53.901826
0.08655,2024-05-10,2024-05-17,sh.600522,2025-12-15 20:06:53.901826
0.0721,2024-05-13,2024-05-20,sh.600522,2025-12-15 20:06:53.901826
-0.02797,2024-05-14,2024-05-21,sh.600522,2025-12-15 20:06:53.901826
-0.1559,2024-05-15,2024-05-22,sh.600522,2025-12-15 20:06:53.901826
-0.02179,2024-05-16,2024-05-23,sh.600522,2025-12-15 20:06:53.901826
-0.1622,2024-05-17,2024-05-24,sh.600522,2025-12-15 20:06:53.901826
0.0739,2024-05-20,2024-05-27,sh.600522,2025-12-15 20:06:53.901826
-0.0683,2024-05-21,2024-05-28,sh.600522,2025-12-15 20:06:53.901826
-0.186,2024-05-22,2024-05-29,sh.600522,2025-12-15 20:06:53.901826
-0.005978,2024-05-23,2024-05-30,sh.600522,2025-12-15 20:06:53.901826
-0.2012,2024-05-24,2024-05-31,sh.600522,2025-12-15 20:06:53.901826
0.1201,2024-05-27,2024-06-03,sh.600522,2025-12-15 20:06:53.901826
-0.3381,2024-05-28,2024-06-04,sh.600522,2025-12-15 20:06:53.901826
-0.06055,2024-05-29,2024-06-05,sh.600522,2025-12-15 20:06:53.901826
-0.0683,2024-05-30,2024-06-06,sh.600522,2025-12-15 20:06:53.901826
-0.282,2024-05-31,2024-06-07,sh.600522,2025-12-15 20:06:53.901826
-0.2303,2024-06-03,2024-06-10,sh.600522,2025-12-15 20:06:53.901826
0.158,2024-06-04,2024-06-11,sh.600522,2025-12-15 20:06:53.901826
-0.475,2024-06-05,2024-06-12,sh.600522,2025-12-15 20:06:53.901826
-0.1433,2024-06-06,2024-06-13,sh.600522,2025-12-15 20:06:53.901826
-0.04163,2024-06-07,2024-06-14,sh.600522,2025-12-15 20:06:53.901826
-0.02013,2024-06-11,2024-06-18,sh.600522,2025-12-15 20:06:53.901826
-0.1093,2024-06-12,2024-06-19,sh.600522,2025-12-15 20:06:53.901826
0.001902,2024-06-13,2024-06-20,sh.600522,2025-12-15 20:06:53.901826
0.0356,2024-06-14,2024-06-21,sh.600522,2025-12-15 20:06:53.901826
0.1715,2024-06-17,2024-06-24,sh.600522,2025-12-15 20:06:53.901826
0.0769,2024-06-18,2024-06-25,sh.600522,2025-12-15 20:06:53.901826
-0.08795,2024-06-19,2024-06-26,sh.600522,2025-12-15 20:06:53.901826
-0.05017,2024-06-20,2024-06-27,sh.600522,2025-12-15 20:06:53.901826
0.05212,2024-06-21,2024-06-28,sh.600522,2025-12-15 20:06:53.901826
-0.163,2024-06-24,2024-07-01,sh.600522,2025-12-15 20:06:53.901826
-0.2805,2024-06-25,2024-07-02,sh.600522,2025-12-15 20:06:53.901826
0.05292,2024-06-26,2024-07-03,sh.600522,2025-12-15 20:06:53.901826
-0.1121,2024-06-27,2024-07-04,sh.600522,2025-12-15 20:06:53.901826
0.05875,2024-06-28,2024-07-05,sh.600522,2025-12-15 20:06:53.901826
-0.02411,2024-07-01,2024-07-08,sh.600522,2025-12-15 20:06:53.901826
-0.9004,2024-07-02,2024-07-09,sh.600522,2025-12-15 20:06:53.901826
-0.02713,2024-07-03,2024-07-10,sh.600522,2025-12-15 20:06:53.901826
-0.0823,2024-07-04,2024-07-11,sh.600522,2025-12-15 20:06:53.901826
-0.0507,2024-07-05,2024-07-12,sh.600522,2025-12-15 20:06:53.901826
-0.1166,2024-07-08,2024-07-15,sh.600522,2025-12-15 20:06:53.901826
0.10205,2024-07-09,2024-07-16,sh.600522,2025-12-15 20:06:53.901826
-0.527,2024-07-10,2024-07-17,sh.600522,2025-12-15 20:06:53.901826
-0.4084,2024-07-11,2024-07-18,sh.600522,2025-12-15 20:06:53.901826
-0.1854,2024-07-12,2024-07-19,sh.600522,2025-12-15 20:06:53.901826
-0.2063,2024-07-15,2024-07-22,sh.600522,2025-12-15 20:06:53.901826
-0.287,2024-07-16,2024-07-23,sh.600522,2025-12-15 20:06:53.901826
-0.0719,2024-07-17,2024-07-24,sh.600522,2025-12-15 20:06:53.901826
-0.1456,2024-07-18,2024-07-25,sh.600522,2025-12-15 20:06:53.901826
0.03802,2024-07-19,2024-07-26,sh.600522,2025-12-15 20:06:53.901826
-0.1284,2024-07-22,2024-07-29,sh.600522,2025-12-15 20:06:53.901826
-0.5317,2024-07-23,2024-07-30,sh.600522,2025-12-15 20:06:53.901826
0.0534,2024-07-24,2024-07-31,sh.600522,2025-12-15 20:06:53.901826
0.0444,2024-07-25,2024-08-01,sh.600522,2025-12-15 20:06:53.901826
0.10583,2024-07-26,2024-08-02,sh.600522,2025-12-15 20:06:53.901826
-0.295,2024-07-29,2024-08-05,sh.600522,2025-12-15 20:06:53.901826
-0.0933,2024-07-30,2024-08-06,sh.600522,2025-12-15 20:06:53.901826
-0.197,2024-07-31,2024-08-07,sh.600522,2025-12-15 20:06:53.901826
-0.05917,2024-08-01,2024-08-08,sh.600522,2025-12-15 20:06:53.901826
-0.2051,2024-08-02,2024-08-09,sh.600522,2025-12-15 20:06:53.901826
-0.3728,2024-08-05,2024-08-12,sh.600522,2025-12-15 20:06:53.901826
-0.4666,2024-08-06,2024-08-13,sh.600522,2025-12-15 20:06:53.901826
0.0298,2024-08-07,2024-08-14,sh.600522,2025-12-15 20:06:53.901826
-0.276,2024-08-08,2024-08-15,sh.600522,2025-12-15 20:06:53.901826
-0.2622,2024-08-09,2024-08-16,sh.600522,2025-12-15 20:06:53.901826
-0.251,2024-08-12,2024-08-19,sh.600522,2025-12-15 20:06:53.901826
0.04715,2024-08-13,2024-08-20,sh.600522,2025-12-15 20:06:53.901826
-0.4546,2024-08-14,2024-08-21,sh.600522,2025-12-15 20:06:53.901826
-0.01965,2024-08-15,2024-08-22,sh.600522,2025-12-15 20:06:53.901826
0.03467,2024-08-16,2024-08-23,sh.600522,2025-12-15 20:06:53.901826
-0.0552,2024-08-19,2024-08-26,sh.600522,2025-12-15 20:06:53.901826
-0.0471,2024-08-20,2024-08-27,sh.600522,2025-12-15 20:06:53.901826
-0.00962,2024-08-21,2024-08-28,sh.600522,2025-12-15 20:06:53.901826
-0.1417,2024-08-22,2024-08-29,sh.600522,2025-12-15 20:06:53.901826
-0.04843,2024-08-23,2024-08-30,sh.600522,2025-12-15 20:06:53.901826
-0.06995,2024-08-26,2024-09-02,sh.600522,2025-12-15 20:06:53.901826
-0.1521,2024-08-27,2024-09-03,sh.600522,2025-12-15 20:06:53.901826
0.1195,2024-08-28,2024-09-04,sh.600522,2025-12-15 20:06:53.901826
0.10547,2024-08-29,2024-09-05,sh.600522,2025-12-15 20:06:53.901826
-0.1316,2024-08-30,2024-09-06,sh.600522,2025-12-15 20:06:53.901826
-0.3342,2024-09-02,2024-09-09,sh.600522,2025-12-15 20:06:53.901826
0.11816,2024-09-03,2024-09-10,sh.600522,2025-12-15 20:06:53.901826
0.04202,2024-09-04,2024-09-11,sh.600522,2025-12-15 20:06:53.901826
0.03528,2024-09-05,2024-09-12,sh.600522,2025-12-15 20:06:53.901826
-0.2214,2024-09-06,2024-09-13,sh.600522,2025-12-15 20:06:53.901826
0.1604,2024-09-09,2024-09-16,sh.600522,2025-12-15 20:06:53.901826
-0.0685,2024-09-10,2024-09-17,sh.600522,2025-12-15 20:06:53.901826
0.0928,2024-09-11,2024-09-18,sh.600522,2025-12-15 20:06:53.901826
-0.1747,2024-09-12,2024-09-19,sh.600522,2025-12-15 20:06:53.901826
-0.3557,2024-09-13,2024-09-20,sh.600522,2025-12-15 20:06:53.901826
0.0679,2024-09-18,2024-09-25,sh.600522,2025-12-15 20:06:53.901826
-0.0645,2024-09-19,2024-09-26,sh.600522,2025-12-15 20:06:53.901826
-0.3467,2024-09-20,2024-09-27,sh.600522,2025-12-15 20:06:53.901826
-0.146,2024-09-23,2024-09-30,sh.600522,2025-12-15 20:06:53.901826
0.0246,2024-09-24,2024-10-01,sh.600522,2025-12-15 20:06:53.901826
-0.11505,2024-09-25,2024-10-02,sh.600522,2025-12-15 20:06:53.901826
0.05463,2024-09-26,2024-10-03,sh.600522,2025-12-15 20:06:53.901826
0.1907,2024-09-27,2024-10-04,sh.600522,2025-12-15 20:06:53.901826
0.01102,2024-09-30,2024-10-07,sh.600522,2025-12-15 20:06:53.901826
-0.9414,2024-10-08,2024-10-15,sh.600522,2025-12-15 20:06:53.901826
-0.8135,2024-10-09,2024-10-16,sh.600522,2025-12-15 20:06:53.901826
-0.1637,2024-10-10,2024-10-17,sh.600522,2025-12-15 20:06:53.901826
-0.4795,2024-10-11,2024-10-18,sh.600522,2025-12-15 20:06:53.901826
0.03546,2024-10-14,2024-10-21,sh.600522,2025-12-15 20:06:53.901826
-0.402,2024-10-15,2024-10-22,sh.600522,2025-12-15 20:06:53.901826
-0.03062,2024-10-16,2024-10-23,sh.600522,2025-12-15 20:06:53.901826
0.01295,2024-10-17,2024-10-24,sh.600522,2025-12-15 20:06:53.901826
0.04065,2024-10-18,2024-10-25,sh.600522,2025-12-15 20:06:53.901826
-0.0946,2024-10-21,2024-10-28,sh.600522,2025-12-15 20:06:53.901826
0.1895,2024-10-22,2024-10-29,sh.600522,2025-12-15 20:06:53.901826
-0.3745,2024-10-23,2024-10-30,sh.600522,2025-12-15 20:06:53.901826
-0.0838,2024-10-24,2024-10-31,sh.600522,2025-12-15 20:06:53.901826
0.1019,2024-10-25,2024-11-01,sh.600522,2025-12-15 20:06:53.901826
-0.8486,2024-10-28,2024-11-04,sh.600522,2025-12-15 20:06:53.901826
-0.3523,2024-10-29,2024-11-05,sh.600522,2025-12-15 20:06:53.901826
-0.0406,2024-10-30,2024-11-06,sh.600522,2025-12-15 20:06:53.901826
-0.1478,2024-10-31,2024-11-07,sh.600522,2025-12-15 20:06:53.901826
-0.11584,2024-11-01,2024-11-08,sh.600522,2025-12-15 20:06:53.901826
-0.0489,2024-11-04,2024-11-11,sh.600522,2025-12-15 20:06:53.901826
0.139,2024-11-05,2024-11-12,sh.600522,2025-12-15 20:06:53.901826
0.02911,2024-11-06,2024-11-13,sh.600522,2025-12-15 20:06:53.901826
0.161,2024-11-07,2024-11-14,sh.600522,2025-12-15 20:06:53.901826
-0.2788,2024-11-08,2024-11-15,sh.600522,2025-12-15 20:06:53.901826
-0.06665,2024-11-11,2024-11-18,sh.600522,2025-12-15 20:06:53.901826
-0.2018,2024-11-12,2024-11-19,sh.600522,2025-12-15 20:06:53.901826
0.1343,2024-11-13,2024-11-20,sh.600522,2025-12-15 20:06:53.901826
-0.488,2024-11-14,2024-11-21,sh.600522,2025-12-15 20:06:53.901826
-0.2358,2024-11-15,2024-11-22,sh.600522,2025-12-15 20:06:53.901826
-0.2998,2024-11-18,2024-11-25,sh.600522,2025-12-15 20:06:53.901826
-0.1812,2024-11-19,2024-11-26,sh.600522,2025-12-15 20:06:53.901826
-0.01532,2024-11-20,2024-11-27,sh.600522,2025-12-15 20:06:53.901826
-0.02367,2024-11-21,2024-11-28,sh.600522,2025-12-15 20:06:53.901826
-0.513,2024-11-22,2024-11-29,sh.600522,2025-12-15 20:06:53.901826
-0.065,2024-11-25,2024-12-02,sh.600522,2025-12-15 20:06:53.901826
0.03613,2024-11-26,2024-12-03,sh.600522,2025-12-15 20:06:53.901826
0.1887,2024-11-27,2024-12-04,sh.600522,2025-12-15 20:06:53.901826
-0.3784,2024-11-28,2024-12-05,sh.600522,2025-12-15 20:06:53.901826
-0.01898,2024-11-29,2024-12-06,sh.600522,2025-12-15 20:06:53.901826
0.04196,2024-12-02,2024-12-09,sh.600522,2025-12-15 20:06:53.901826
0.03177,2024-12-03,2024-12-10,sh.600522,2025-12-15 20:06:53.901826
-0.3828,2024-12-04,2024-12-11,sh.600522,2025-12-15 20:06:53.901826
-0.3984,2024-12-05,2024-12-12,sh.600522,2025-12-15 20:06:53.901826
0.004917,2024-12-06,2024-12-13,sh.600522,2025-12-15 20:06:53.901826
0.00729,2024-12-09,2024-12-16,sh.600522,2025-12-15 20:06:53.901826
-0.437,2024-12-10,2024-12-17,sh.600522,2025-12-15 20:06:53.901826
0.1263,2024-12-11,2024-12-18,sh.600522,2025-12-15 20:06:53.901826
0.0754,2024-12-12,2024-12-19,sh.600522,2025-12-15 20:06:53.901826
-0.07336,2024-12-13,2024-12-20,sh.600522,2025-12-15 20:06:53.901826
-0.1787,2024-12-16,2024-12-23,sh.600522,2025-12-15 20:06:53.901826
-0.11633,2024-12-17,2024-12-24,sh.600522,2025-12-15 20:06:53.901826
-0.02287,2024-12-18,2024-12-25,sh.600522,2025-12-15 20:06:53.901826
-0.01254,2024-12-19,2024-12-26,sh.600522,2025-12-15 20:06:53.901826
-0.2059,2024-12-20,2024-12-27,sh.600522,2025-12-15 20:06:53.901826
-0.248,2024-12-23,2024-12-30,sh.600522,2025-12-15 20:06:53.901826
0.0006895,2024-12-24,2024-12-31,sh.600522,2025-12-15 20:06:53.901826
-0.3242,2024-12-25,2025-01-01,sh.600522,2025-12-15 20:06:53.901826
0.0261,2024-12-26,2025-01-02,sh.600522,2025-12-15 20:06:53.901826
-0.0165,2024-12-27,2025-01-03,sh.600522,2025-12-15 20:06:53.901826
-0.08704,2024-12-30,2025-01-06,sh.600522,2025-12-15 20:06:53.901826
-0.1625,2024-12-31,2025-01-07,sh.600522,2025-12-15 20:06:53.901826
-0.5146,2025-01-02,2025-01-09,sh.600522,2025-12-15 20:06:53.901826
-0.09326,2025-01-03,2025-01-10,sh.600522,2025-12-15 20:06:53.901826
0.01228,2025-01-06,2025-01-13,sh.600522,2025-12-15 20:06:53.901826
0.03326,2025-01-07,2025-01-14,sh.600522,2025-12-15 20:06:53.901826
-0.1815,2025-01-08,2025-01-15,sh.600522,2025-12-15 20:06:53.901826
-0.04623,2025-01-09,2025-01-16,sh.600522,2025-12-15 20:06:53.901826
-0.2004,2025-01-10,2025-01-17,sh.600522,2025-12-15 20:06:53.901826
-0.2012,2025-01-13,2025-01-20,sh.600522,2025-12-15 20:06:53.901826
0.0834,2025-01-14,2025-01-21,sh.600522,2025-12-15 20:06:53.901826
-0.002129,2025-01-15,2025-01-22,sh.600522,2025-12-15 20:06:53.901826
0.003792,2025-01-16,2025-01-23,sh.600522,2025-12-15 20:06:53.901826
0.0222,2025-01-17,2025-01-24,sh.600522,2025-12-15 20:06:53.901826
-0.1741,2025-01-20,2025-01-27,sh.600522,2025-12-15 20:06:53.901826
-0.0758,2025-01-21,2025-01-28,sh.600522,2025-12-15 20:06:53.901826
0.02994,2025-01-22,2025-01-29,sh.600522,2025-12-15 20:06:53.901826
-0.1741,2025-01-23,2025-01-30,sh.600522,2025-12-15 20:06:53.901826
0.0829,2025-01-24,2025-01-31,sh.600522,2025-12-15 20:06:53.901826
-0.3906,2025-01-27,2025-02-03,sh.600522,2025-12-15 20:06:53.901826
-0.3018,2025-02-05,2025-02-12,sh.600522,2025-12-15 20:06:53.901826
0.1396,2025-02-06,2025-02-13,sh.600522,2025-12-15 20:06:53.901826
0.04636,2025-02-07,2025-02-14,sh.600522,2025-12-15 20:06:53.901826
-0.02777,2025-02-10,2025-02-17,sh.600522,2025-12-15 20:06:53.901826
-0.02173,2025-02-11,2025-02-18,sh.600522,2025-12-15 20:06:53.901826
0.11725,2025-02-12,2025-02-19,sh.600522,2025-12-15 20:06:53.901826
-0.06586,2025-02-13,2025-02-20,sh.600522,2025-12-15 20:06:53.901826
0.05917,2025-02-14,2025-02-21,sh.600522,2025-12-15 20:06:53.901826
-0.121,2025-02-17,2025-02-24,sh.600522,2025-12-15 20:06:53.901826
-0.1956,2025-02-18,2025-02-25,sh.600522,2025-12-15 20:06:53.901826
0.08856,2025-02-19,2025-02-26,sh.600522,2025-12-15 20:06:53.901826
-0.11414,2025-02-20,2025-02-27,sh.600522,2025-12-15 20:06:53.901826
0.1877,2025-02-21,2025-02-28,sh.600522,2025-12-15 20:06:53.901826
-0.06113,2025-02-24,2025-03-03,sh.600522,2025-12-15 20:06:53.901826
-0.0133,2025-02-25,2025-03-04,sh.600522,2025-12-15 20:06:53.901826
0.09155,2025-02-26,2025-03-05,sh.600522,2025-12-15 20:06:53.901826
-0.1646,2025-02-27,2025-03-06,sh.600522,2025-12-15 20:06:53.901826
-0.3489,2025-02-28,2025-03-07,sh.600522,2025-12-15 20:06:53.901826
0.0822,2025-03-03,2025-03-10,sh.600522,2025-12-15 20:06:53.901826
0.08875,2025-03-04,2025-03-11,sh.600522,2025-12-15 20:06:53.901826
0.001822,2025-03-05,2025-03-12,sh.600522,2025-12-15 20:06:53.901826
0.09595,2025-03-06,2025-03-13,sh.600522,2025-12-15 20:06:53.901826
-0.0493,2025-03-07,2025-03-14,sh.600522,2025-12-15 20:06:53.901826
0.0653,2025-03-10,2025-03-17,sh.600522,2025-12-15 20:06:53.901826
0.1493,2025-03-11,2025-03-18,sh.600522,2025-12-15 20:06:53.901826
0.0545,2025-03-12,2025-03-19,sh.600522,2025-12-15 20:06:53.901826
0.05612,2025-03-13,2025-03-20,sh.600522,2025-12-15 20:06:53.901826
0.1824,2025-03-14,2025-03-21,sh.600522,2025-12-15 20:06:53.901826
-0.5996,2025-03-17,2025-03-24,sh.600522,2025-12-15 20:06:53.901826
-0.1027,2025-03-18,2025-03-25,sh.600522,2025-12-15 20:06:53.901826
-0.2203,2025-03-19,2025-03-26,sh.600522,2025-12-15 20:06:53.901826
-0.01309,2025-03-20,2025-03-27,sh.600522,2025-12-15 20:06:53.901826
0.0608,2025-03-21,2025-03-28,sh.600522,2025-12-15 20:06:53.901826
-0.473,2025-03-24,2025-03-31,sh.600522,2025-12-15 20:06:53.901826
-0.4016,2025-03-25,2025-04-01,sh.600522,2025-12-15 20:06:53.901826
-0.01467,2025-03-26,2025-04-02,sh.600522,2025-12-15 20:06:53.901826
-0.1571,2025-03-27,2025-04-03,sh.600522,2025-12-15 20:06:53.901826
0.01322,2025-03-28,2025-04-04,sh.600522,2025-12-15 20:06:53.901826
0.03683,2025-03-31,2025-04-07,sh.600522,2025-12-15 20:06:53.901826
-0.0364,2025-04-01,2025-04-08,sh.600522,2025-12-15 20:06:53.901826
0.05402,2025-04-02,2025-04-09,sh.600522,2025-12-15 20:06:53.901826
-0.04697,2025-04-03,2025-04-10,sh.600522,2025-12-15 20:06:53.901826
-0.4604,2025-04-07,2025-04-14,sh.600522,2025-12-15 20:06:53.901826
-0.00875,2025-04-08,2025-04-15,sh.600522,2025-12-15 20:06:53.901826
0.01845,2025-04-09,2025-04-16,sh.600522,2025-12-15 20:06:53.901826
-0.05182,2025-04-10,2025-04-17,sh.600522,2025-12-15 20:06:53.901826
0.07965,2025-04-11,2025-04-18,sh.600522,2025-12-15 20:06:53.901826
0.03732,2025-04-14,2025-04-21,sh.600522,2025-12-15 20:06:53.901826
-0.0746,2025-04-15,2025-04-22,sh.600522,2025-12-15 20:06:53.901826
0.015335,2025-04-16,2025-04-23,sh.600522,2025-12-15 20:06:53.901826
0.0826,2025-04-17,2025-04-24,sh.600522,2025-12-15 20:06:53.901826
0.1649,2025-04-18,2025-04-25,sh.600522,2025-12-15 20:06:53.901826
0.03363,2025-04-21,2025-04-28,sh.600522,2025-12-15 20:06:53.901826
0.0377,2025-04-22,2025-04-29,sh.600522,2025-12-15 20:06:53.901826
0.08093,2025-04-23,2025-04-30,sh.600522,2025-12-15 20:06:53.901826
-0.03119,2025-04-24,2025-05-01,sh.600522,2025-12-15 20:06:53.901826
0.165,2025-04-25,2025-05-02,sh.600522,2025-12-15 20:06:53.901826
-0.01272,2025-04-28,2025-05-05,sh.600522,2025-12-15 20:06:53.901826
0.04703,2025-04-29,2025-05-06,sh.600522,2025-12-15 20:06:53.901826
0.1088,2025-04-30,2025-05-07,sh.600522,2025-12-15 20:06:53.901826
0.1772,2025-05-06,2025-05-13,sh.600522,2025-12-15 20:06:53.901826
-0.05893,2025-05-07,2025-05-14,sh.600522,2025-12-15 20:06:53.901826
0.1165,2025-05-08,2025-05-15,sh.600522,2025-12-15 20:06:53.901826
-0.09515,2025-05-09,2025-05-16,sh.600522,2025-12-15 20:06:53.901826
0.1555,2025-05-12,2025-05-19,sh.600522,2025-12-15 20:06:53.901826
-0.03778,2025-05-13,2025-05-20,sh.600522,2025-12-15 20:06:53.901826
0.05447,2025-05-14,2025-05-21,sh.600522,2025-12-15 20:06:53.901826
-0.2678,2025-05-15,2025-05-22,sh.600522,2025-12-15 20:06:53.901826
0.0713,2025-05-16,2025-05-23,sh.600522,2025-12-15 20:06:53.901826
0.0757,2025-05-19,2025-05-26,sh.600522,2025-12-15 20:06:53.901826
0.09534,2025-05-20,2025-05-27,sh.600522,2025-12-15 20:06:53.901826
-0.1558,2025-05-21,2025-05-28,sh.600522,2025-12-15 20:06:53.901826
0.05637,2025-05-22,2025-05-29,sh.600522,2025-12-15 20:06:53.901826
-0.08954,2025-05-23,2025-05-30,sh.600522,2025-12-15 20:06:53.901826
0.1483,2025-05-26,2025-06-02,sh.600522,2025-12-15 20:06:53.901826
0.04376,2025-05-27,2025-06-03,sh.600522,2025-12-15 20:06:53.901826
0.1295,2025-05-28,2025-06-04,sh.600522,2025-12-15 20:06:53.901826
0.1687,2025-05-29,2025-06-05,sh.600522,2025-12-15 20:06:53.901826
-0.07025,2025-05-30,2025-06-06,sh.600522,2025-12-15 20:06:53.901826
0.1407,2025-06-03,2025-06-10,sh.600522,2025-12-15 20:06:53.901826
0.04126,2025-06-04,2025-06-11,sh.600522,2025-12-15 20:06:53.901826
0.1047,2025-06-05,2025-06-12,sh.600522,2025-12-15 20:06:53.901826
0.1224,2025-06-06,2025-06-13,sh.600522,2025-12-15 20:06:53.901826
0.1309,2025-06-09,2025-06-16,sh.600522,2025-12-15 20:06:53.901826
0.00899,2025-06-10,2025-06-17,sh.600522,2025-12-15 20:06:53.901826
0.1247,2025-06-11,2025-06-18,sh.600522,2025-12-15 20:06:53.901826
0.0724,2025-06-12,2025-06-19,sh.600522,2025-12-15 20:06:53.901826
-0.00259,2025-06-13,2025-06-20,sh.600522,2025-12-15 20:06:53.901826
0.09204,2025-06-16,2025-06-23,sh.600522,2025-12-15 20:06:53.901826
-0.01304,2025-06-17,2025-06-24,sh.600522,2025-12-15 20:06:53.901826
0.11316,2025-06-18,2025-06-25,sh.600522,2025-12-15 20:06:53.901826
-0.1344,2025-06-19,2025-06-26,sh.600522,2025-12-15 20:06:53.901826
-0.0334,2025-06-20,2025-06-27,sh.600522,2025-12-15 20:06:53.901826
0.1117,2025-06-23,2025-06-30,sh.600522,2025-12-15 20:06:53.901826
0.1425,2025-06-24,2025-07-01,sh.600522,2025-12-15 20:06:53.901826
0.04602,2025-06-25,2025-07-02,sh.600522,2025-12-15 20:06:53.901826
0.05432,2025-06-26,2025-07-03,sh.600522,2025-12-15 20:06:53.901826
0.10236,2025-06-27,2025-07-04,sh.600522,2025-12-15 20:06:53.901826
0.1978,2025-06-30,2025-07-07,sh.600522,2025-12-15 20:06:53.901826
0.04422,2025-07-01,2025-07-08,sh.600522,2025-12-15 20:06:53.901826
-0.3699,2025-07-02,2025-07-09,sh.600522,2025-12-15 20:06:53.901826
-8.58e-05,2025-07-03,2025-07-10,sh.600522,2025-12-15 20:06:53.901826
-0.12305,2025-07-04,2025-07-11,sh.600522,2025-12-15 20:06:53.901826
0.04156,2025-07-07,2025-07-14,sh.600522,2025-12-15 20:06:53.901826
0.1757,2025-07-08,2025-07-15,sh.600522,2025-12-15 20:06:53.901826
0.02141,2025-07-09,2025-07-16,sh.600522,2025-12-15 20:06:53.901826
0.11285,2025-07-10,2025-07-17,sh.600522,2025-12-15 20:06:53.901826
0.05505,2025-07-11,2025-07-18,sh.600522,2025-12-15 20:06:53.901826
0.1407,2025-07-14,2025-07-21,sh.600522,2025-12-15 20:06:53.901826
-0.003649,2025-07-15,2025-07-22,sh.600522,2025-12-15 20:06:53.901826
0.04004,2025-07-16,2025-07-23,sh.600522,2025-12-15 20:06:53.901826
0.1444,2025-07-17,2025-07-24,sh.600522,2025-12-15 20:06:53.901826
-0.07965,2025-07-18,2025-07-25,sh.600522,2025-12-15 20:06:53.901826
0.1864,2025-07-21,2025-07-28,sh.600522,2025-12-15 20:06:53.901826
0.1282,2025-07-22,2025-07-29,sh.600522,2025-12-15 20:06:53.901826
-0.0616,2025-07-23,2025-07-30,sh.600522,2025-12-15 20:06:53.901826
0.1617,2025-07-24,2025-07-31,sh.600522,2025-12-15 20:06:53.901826
-0.1265,2025-07-25,2025-08-01,sh.600522,2025-12-15 20:06:53.901826
0.1359,2025-07-28,2025-08-04,sh.600522,2025-12-15 20:06:53.901826
0.0894,2025-07-29,2025-08-05,sh.600522,2025-12-15 20:06:53.901826
0.0448,2025-07-30,2025-08-06,sh.600522,2025-12-15 20:06:53.901826
-0.0968,2025-07-31,2025-08-07,sh.600522,2025-12-15 20:06:53.901826
0.1184,2025-08-01,2025-08-08,sh.600522,2025-12-15 20:06:53.901826
0.09644,2025-08-04,2025-08-11,sh.600522,2025-12-15 20:06:53.901826
0.1514,2025-08-05,2025-08-12,sh.600522,2025-12-15 20:06:53.901826
0.0477,2025-08-06,2025-08-13,sh.600522,2025-12-15 20:06:53.901826
0.0158,2025-08-07,2025-08-14,sh.600522,2025-12-15 20:06:53.901826
0.1245,2025-08-08,2025-08-15,sh.600522,2025-12-15 20:06:53.901826
0.1771,2025-08-11,2025-08-18,sh.600522,2025-12-15 20:06:53.901826
0.1254,2025-08-12,2025-08-19,sh.600522,2025-12-15 20:06:53.901826
0.1139,2025-08-13,2025-08-20,sh.600522,2025-12-15 20:06:53.901826
-0.2184,2025-08-14,2025-08-21,sh.600522,2025-12-15 20:06:53.901826
0.0903,2025-08-15,2025-08-22,sh.600522,2025-12-15 20:06:53.901826
-0.09094,2025-08-18,2025-08-25,sh.600522,2025-12-15 20:06:53.901826
0.05255,2025-08-19,2025-08-26,sh.600522,2025-12-15 20:06:53.901826
0.0629,2025-08-20,2025-08-27,sh.600522,2025-12-15 20:06:53.901826
-0.1127,2025-08-21,2025-08-28,sh.600522,2025-12-15 20:06:53.901826
0.1974,2025-08-22,2025-08-29,sh.600522,2025-12-15 20:06:53.901826
0.1849,2025-08-25,2025-09-01,sh.600522,2025-12-15 20:06:53.901826
0.002926,2025-08-26,2025-09-02,sh.600522,2025-12-15 20:06:53.901826
-0.2026,2025-08-27,2025-09-03,sh.600522,2025-12-15 20:06:53.901826
0.1577,2025-08-28,2025-09-04,sh.600522,2025-12-15 20:06:53.901826
-0.1827,2025-08-29,2025-09-05,sh.600522,2025-12-15 20:06:53.901826
-0.1019,2025-09-01,2025-09-08,sh.600522,2025-12-15 20:06:53.901826
-0.621,2025-09-02,2025-09-09,sh.600522,2025-12-15 20:06:53.901826
-0.02945,2025-09-03,2025-09-10,sh.600522,2025-12-15 20:06:53.901826
-0.6685,2025-09-04,2025-09-11,sh.600522,2025-12-15 20:06:53.901826
0.2395,2025-09-05,2025-09-12,sh.600522,2025-12-15 20:06:53.901826
-0.11914,2025-09-08,2025-09-15,sh.600522,2025-12-15 20:06:53.901826
-0.283,2025-09-09,2025-09-16,sh.600522,2025-12-15 20:06:53.901826
-0.004906,2025-09-10,2025-09-17,sh.600522,2025-12-15 20:06:53.901826
0.1098,2025-09-11,2025-09-18,sh.600522,2025-12-15 20:06:53.901826
-0.0319,2025-09-12,2025-09-19,sh.600522,2025-12-15 20:06:53.901826
-0.3093,2025-09-15,2025-09-22,sh.600522,2025-12-15 20:06:53.901826
0.00915,2025-09-16,2025-09-23,sh.600522,2025-12-15 20:06:53.901826
0.1697,2025-09-17,2025-09-24,sh.600522,2025-12-15 20:06:53.901826
0.0772,2025-09-18,2025-09-25,sh.600522,2025-12-15 20:06:53.901826
-0.03592,2025-09-19,2025-09-26,sh.600522,2025-12-15 20:06:53.901826
-0.10876,2025-09-22,2025-09-29,sh.600522,2025-12-15 20:06:53.901826
-0.5977,2025-09-23,2025-09-30,sh.600522,2025-12-15 20:06:53.901826
0.0754,2025-09-24,2025-10-01,sh.600522,2025-12-15 20:06:53.901826
-0.04593,2025-09-25,2025-10-02,sh.600522,2025-12-15 20:06:53.901826
-0.1231,2025-09-26,2025-10-03,sh.600522,2025-12-15 20:06:53.901826
-0.07635,2025-09-29,2025-10-06,sh.600522,2025-12-15 20:06:53.901826
-0.05426,2025-09-30,2025-10-07,sh.600522,2025-12-15 20:06:53.901826
0.04404,2025-10-09,2025-10-16,sh.600522,2025-12-15 20:06:53.901826
-0.968,2025-10-10,2025-10-17,sh.600522,2025-12-15 20:06:53.901826
0.2742,2025-10-13,2025-10-20,sh.600522,2025-12-15 20:06:53.901826
-0.804,2025-10-14,2025-10-21,sh.600522,2025-12-15 20:06:53.901826
0.0996,2025-10-15,2025-10-22,sh.600522,2025-12-15 20:06:53.901826
-0.284,2025-10-16,2025-10-23,sh.600522,2025-12-15 20:06:53.901826
-0.9814,2025-10-17,2025-10-24,sh.600522,2025-12-15 20:06:53.901826
-0.08545,2025-10-20,2025-10-27,sh.600522,2025-12-15 20:06:53.901826
0.1676,2025-10-21,2025-10-28,sh.600522,2025-12-15 20:06:53.901826
-0.0832,2025-10-22,2025-10-29,sh.600522,2025-12-15 20:06:53.901826
0.0661,2025-10-23,2025-10-30,sh.600522,2025-12-15 20:06:53.901826
0.1034,2025-10-24,2025-10-31,sh.600522,2025-12-15 20:06:53.901826
-0.1898,2025-10-27,2025-11-03,sh.600522,2025-12-15 20:06:53.901826
-0.3196,2025-10-28,2025-11-04,sh.600522,2025-12-15 20:06:53.901826
0.1713,2025-10-29,2025-11-05,sh.600522,2025-12-15 20:06:53.901826
-0.2498,2025-10-30,2025-11-06,sh.600522,2025-12-15 20:06:53.901826
-0.173,2025-10-31,2025-11-07,sh.600522,2025-12-15 20:06:53.901826
-0.177,2025-11-03,2025-11-10,sh.600522,2025-12-15 20:06:53.901826
-0.3032,2025-11-04,2025-11-11,sh.600522,2025-12-15 20:06:53.901826
0.1648,2025-11-05,2025-11-12,sh.600522,2025-12-15 20:06:53.901826
0.04938,2025-11-06,2025-11-13,sh.600522,2025-12-15 20:06:53.901826
0.08466,2025-11-07,2025-11-14,sh.600522,2025-12-15 20:06:53.901826
-0.4548,2025-11-10,2025-11-17,sh.600522,2025-12-15 20:06:53.901826
-0.194,2025-11-11,2025-11-18,sh.600522,2025-12-15 20:06:53.901826
-0.2717,2025-11-12,2025-11-19,sh.600522,2025-12-15 20:06:53.901826
0.0712,2025-11-13,2025-11-20,sh.600522,2025-12-15 20:06:53.901826
-0.05615,2025-11-14,2025-11-21,sh.600522,2025-12-15 20:06:53.901826
-0.11707,2025-11-17,2025-11-24,sh.600522,2025-12-15 20:06:53.901826
0.00786,2025-11-18,2025-11-25,sh.600522,2025-12-15 20:06:53.901826
-0.0789,2025-11-19,2025-11-26,sh.600522,2025-12-15 20:06:53.901826
-0.1582,2025-11-20,2025-11-27,sh.600522,2025-12-15 20:06:53.901826
-0.3318,2025-11-21,2025-11-28,sh.600522,2025-12-15 20:06:53.901826
0.1533,2025-11-24,2025-12-01,sh.600522,2025-12-15 20:06:53.901826
0.03076,2025-11-25,2025-12-02,sh.600522,2025-12-15 20:06:53.901826
0.05316,2025-11-26,2025-12-03,sh.600522,2025-12-15 20:06:53.901826
-0.0455,2025-11-27,2025-12-04,sh.600522,2025-12-15 20:06:53.901826
0.129,2025-11-28,2025-12-05,sh.600522,2025-12-15 20:06:53.901826
0.05957,2025-12-01,2025-12-08,sh.600522,2025-12-15 20:06:53.901826
0.12177,2025-12-02,2025-12-09,sh.600522,2025-12-15 20:06:53.901826
-0.1599,2025-12-03,2025-12-10,sh.600522,2025-12-15 20:06:53.901826
0.02391,2025-12-04,2025-12-11,sh.600522,2025-12-15 20:06:53.901826
0.0801,2025-12-05,2025-12-12,sh.600522,2025-12-15 20:06:53.901826
0.05716,2025-12-08,2025-12-15,sh.600522,2025-12-15 20:06:53.901826
-0.01923,2025-12-09,2025-12-16,sh.600522,2025-12-15 20:06:53.901826
0.11285,2025-12-10,2025-12-17,sh.600522,2025-12-15 20:06:53.901826
-0.1444,2025-12-11,2025-12-18,sh.600522,2025-12-15 20:06:53.901826
0.1638,2025-12-12,2025-12-19,sh.600522,2025-12-15 20:06:53.901826
0.01016,2025-12-15,2025-12-22,sh.600522,2025-12-15 20:06:53.901826
0.00995,2025-12-15,2025-12-22,sh.600522,2025-12-15 20:06:53.901826
-0.06174,2025-12-15,2025-12-22,sh.600547,2025-12-15 20:06:53.901826
-0.0648,2025-12-15,2025-12-22,sh.600547,2025-12-15 20:06:53.901826
-0.12006,2025-12-15,2025-12-22,sh.600570,2025-12-15 20:06:53.901826
-0.11926,2025-12-15,2025-12-22,sh.600570,2025-12-15 20:06:53.901826
-0.0682,2025-12-15,2025-12-22,sh.600584,2025-12-15 20:06:53.901826
-0.05768,2025-12-15,2025-12-22,sh.600584,2025-12-15 20:06:53.901826
0.1686,2025-12-15,2025-12-22,sh.600585,2025-12-15 20:06:53.901826
0.1686,2025-12-15,2025-12-22,sh.600585,2025-12-15 20:06:53.901826
-0.2264,2025-12-15,2025-12-22,sh.600588,2025-12-15 20:06:53.901826
-0.227,2025-12-15,2025-12-22,sh.600588,2025-12-15 20:06:53.901826
0.1065,2025-12-15,2025-12-22,sh.600600,2025-12-15 20:06:53.901826
0.12213,2025-12-15,2025-12-22,sh.600600,2025-12-15 20:06:53.901826
-0.2737,2025-12-15,2025-12-22,sh.600660,2025-12-15 20:06:53.901826
-0.274,2025-12-15,2025-12-22,sh.600660,2025-12-15 20:06:53.901826
0.04443,2025-12-15,2025-12-22,sh.600674,2025-12-15 20:06:53.901826
0.04807,2025-12-15,2025-12-22,sh.600674,2025-12-15 20:06:53.901826
-0.0905,2025-12-15,2025-12-22,sh.600690,2025-12-15 20:06:53.901826
-0.0908,2025-12-15,2025-12-22,sh.600690,2025-12-15 20:06:53.901826
-0.11456,2025-12-15,2025-12-22,sh.600741,2025-12-15 20:06:53.901826
-0.1145,2025-12-15,2025-12-22,sh.600741,2025-12-15 20:06:53.901826
0.1049,2025-12-15,2025-12-22,sh.600760,2025-12-15 20:06:53.901826
0.105,2025-12-15,2025-12-22,sh.600760,2025-12-15 20:06:53.901826
-0.1746,2025-12-15,2025-12-22,sh.600795,2025-12-15 20:06:53.901826
-0.1742,2025-12-15,2025-12-22,sh.600795,2025-12-15 20:06:53.901826
0.003197,2025-12-15,2025-12-22,sh.600803,2025-12-15 20:06:53.901826
-0.001734,2025-12-15,2025-12-22,sh.600803,2025-12-15 20:06:53.901826
-0.07465,2025-12-15,2025-12-22,sh.600809,2025-12-15 20:06:53.901826
-0.0749,2025-12-15,2025-12-22,sh.600809,2025-12-15 20:06:53.901826
-0.2205,2025-12-15,2025-12-22,sh.600845,2025-12-15 20:06:53.901826
-0.2205,2025-12-15,2025-12-22,sh.600845,2025-12-15 20:06:53.901826
-0.1881,2025-12-15,2025-12-22,sh.600875,2025-12-15 20:06:53.901826
-0.1869,2025-12-15,2025-12-22,sh.600875,2025-12-15 20:06:53.901826
0.007866,2025-12-15,2025-12-22,sh.600886,2025-12-15 20:06:53.901826
0.009254,2025-12-15,2025-12-22,sh.600886,2025-12-15 20:06:53.901826
-0.1898,2025-12-15,2025-12-22,sh.600887,2025-12-15 20:06:53.901826
-0.1898,2025-12-15,2025-12-22,sh.600887,2025-12-15 20:06:53.901826
0.1323,2025-12-15,2025-12-22,sh.600893,2025-12-15 20:06:53.901826
0.1448,2025-12-15,2025-12-22,sh.600893,2025-12-15 20:06:53.901826
0.1257,2025-12-15,2025-12-22,sh.600900,2025-12-15 20:06:53.901826
0.126,2025-12-15,2025-12-22,sh.600900,2025-12-15 20:06:53.901826
-0.02806,2025-12-15,2025-12-22,sh.600905,2025-12-15 20:06:53.901826
-0.02806,2025-12-15,2025-12-22,sh.600905,2025-12-15 20:06:53.901826
0.01292,2025-12-15,2025-12-22,sh.600918,2025-12-15 20:06:53.901826
0.01292,2025-12-15,2025-12-22,sh.600918,2025-12-15 20:06:53.901826
-0.01334,2025-12-15,2025-12-22,sh.600919,2025-12-15 20:06:53.901826
-0.01334,2025-12-15,2025-12-22,sh.600919,2025-12-15 20:06:53.901826
0.0933,2025-12-15,2025-12-22,sh.600926,2025-12-15 20:06:53.901826
0.0933,2025-12-15,2025-12-22,sh.600926,2025-12-15 20:06:53.901826
0.01768,2025-12-15,2025-12-22,sh.600938,2025-12-15 20:06:53.901826
0.02458,2025-12-15,2025-12-22,sh.600938,2025-12-15 20:06:53.901826
-0.0738,2025-12-15,2025-12-22,sh.600941,2025-12-15 20:06:53.901826
-0.0872,2025-12-15,2025-12-22,sh.600941,2025-12-15 20:06:53.901826
0.0355,2025-12-15,2025-12-22,sh.600958,2025-12-15 20:06:53.901826
0.0355,2025-12-15,2025-12-22,sh.600958,2025-12-15 20:06:53.901826
0.006153,2025-12-15,2025-12-22,sh.600989,2025-12-15 20:06:53.901826
0.00859,2025-12-15,2025-12-22,sh.600989,2025-12-15 20:06:53.901826
0.05948,2025-12-15,2025-12-22,sh.600999,2025-12-15 20:06:53.901826
0.05948,2025-12-15,2025-12-22,sh.600999,2025-12-15 20:06:53.901826
0.04178,2025-12-15,2025-12-22,sh.601006,2025-12-15 20:06:53.901826
0.03586,2025-12-15,2025-12-22,sh.601006,2025-12-15 20:06:53.901826
-0.0008793,2025-12-15,2025-12-22,sh.601009,2025-12-15 20:06:53.901826
-0.0008793,2025-12-15,2025-12-22,sh.601009,2025-12-15 20:06:53.901826
-0.361,2025-12-15,2025-12-22,sh.601012,2025-12-15 20:06:53.901826
-0.3638,2025-12-15,2025-12-22,sh.601012,2025-12-15 20:06:53.901826
-0.02797,2019-12-31,2020-01-07,sh.601018,2025-12-15 20:06:53.901826
0.02455,2020-01-02,2020-01-09,sh.601018,2025-12-15 20:06:53.901826
-0.03128,2020-01-03,2020-01-10,sh.601018,2025-12-15 20:06:53.901826
0.02452,2020-01-06,2020-01-13,sh.601018,2025-12-15 20:06:53.901826
0.02455,2020-01-07,2020-01-14,sh.601018,2025-12-15 20:06:53.901826
0.02455,2020-01-08,2020-01-15,sh.601018,2025-12-15 20:06:53.901826
0.02452,2020-01-09,2020-01-16,sh.601018,2025-12-15 20:06:53.901826
0.02452,2020-01-10,2020-01-17,sh.601018,2025-12-15 20:06:53.901826
0.02452,2020-01-13,2020-01-20,sh.601018,2025-12-15 20:06:53.901826
0.02455,2020-01-14,2020-01-21,sh.601018,2025-12-15 20:06:53.901826
0.02452,2020-01-15,2020-01-22,sh.601018,2025-12-15 20:06:53.901826
0.02455,2020-01-16,2020-01-23,sh.601018,2025-12-15 20:06:53.901826
0.02455,2020-01-17,2020-01-24,sh.601018,2025-12-15 20:06:53.901826
0.02452,2020-01-20,2020-01-27,sh.601018,2025-12-15 20:06:53.901826
-0.03552,2020-01-21,2020-01-28,sh.601018,2025-12-15 20:06:53.901826
0.03607,2020-01-22,2020-01-29,sh.601018,2025-12-15 20:06:53.901826
-0.007587,2020-01-23,2020-01-30,sh.601018,2025-12-15 20:06:53.901826
0.0561,2020-02-03,2020-02-10,sh.601018,2025-12-15 20:06:53.901826
0.06088,2020-02-04,2020-02-11,sh.601018,2025-12-15 20:06:53.901826
0.03094,2020-02-05,2020-02-12,sh.601018,2025-12-15 20:06:53.901826
0.058,2020-02-06,2020-02-13,sh.601018,2025-12-15 20:06:53.901826
0.0446,2020-02-07,2020-02-14,sh.601018,2025-12-15 20:06:53.901826
0.058,2020-02-10,2020-02-17,sh.601018,2025-12-15 20:06:53.901826
-0.003242,2020-02-11,2020-02-18,sh.601018,2025-12-15 20:06:53.901826
-0.003242,2020-02-12,2020-02-19,sh.601018,2025-12-15 20:06:53.901826
-0.003242,2020-02-13,2020-02-20,sh.601018,2025-12-15 20:06:53.901826
0.0561,2020-02-14,2020-02-21,sh.601018,2025-12-15 20:06:53.901826
0.01242,2020-02-17,2020-02-24,sh.601018,2025-12-15 20:06:53.901826
0.0004396,2020-02-18,2020-02-25,sh.601018,2025-12-15 20:06:53.901826
0.0004396,2020-02-19,2020-02-26,sh.601018,2025-12-15 20:06:53.901826
0.0004396,2020-02-20,2020-02-27,sh.601018,2025-12-15 20:06:53.901826
-0.00391,2020-02-21,2020-02-28,sh.601018,2025-12-15 20:06:53.901826
0.0004396,2020-02-24,2020-03-02,sh.601018,2025-12-15 20:06:53.901826
-0.003242,2020-02-25,2020-03-03,sh.601018,2025-12-15 20:06:53.901826
0.01242,2020-02-26,2020-03-04,sh.601018,2025-12-15 20:06:53.901826
0.01242,2020-02-27,2020-03-05,sh.601018,2025-12-15 20:06:53.901826
0.0561,2020-02-28,2020-03-06,sh.601018,2025-12-15 20:06:53.901826
0.01242,2020-03-02,2020-03-09,sh.601018,2025-12-15 20:06:53.901826
-0.05774,2020-03-03,2020-03-10,sh.601018,2025-12-15 20:06:53.901826
0.005287,2020-03-04,2020-03-11,sh.601018,2025-12-15 20:06:53.901826
0.01736,2020-03-05,2020-03-12,sh.601018,2025-12-15 20:06:53.901826
0.0004396,2020-03-06,2020-03-13,sh.601018,2025-12-15 20:06:53.901826
-0.00458,2020-03-09,2020-03-16,sh.601018,2025-12-15 20:06:53.901826
0.0053,2020-03-10,2020-03-17,sh.601018,2025-12-15 20:06:53.901826
-0.00391,2020-03-11,2020-03-18,sh.601018,2025-12-15 20:06:53.901826
0.0004396,2020-03-12,2020-03-19,sh.601018,2025-12-15 20:06:53.901826
0.0446,2020-03-13,2020-03-20,sh.601018,2025-12-15 20:06:53.901826
0.0561,2020-03-16,2020-03-23,sh.601018,2025-12-15 20:06:53.901826
-0.02893,2020-03-17,2020-03-24,sh.601018,2025-12-15 20:06:53.901826
0.03094,2020-03-18,2020-03-25,sh.601018,2025-12-15 20:06:53.901826
0.05646,2020-03-19,2020-03-26,sh.601018,2025-12-15 20:06:53.901826
0.05646,2020-03-20,2020-03-27,sh.601018,2025-12-15 20:06:53.901826
0.03094,2020-03-23,2020-03-30,sh.601018,2025-12-15 20:06:53.901826
0.0561,2020-03-24,2020-03-31,sh.601018,2025-12-15 20:06:53.901826
0.001468,2020-03-25,2020-04-01,sh.601018,2025-12-15 20:06:53.901826
9.2e-06,2020-03-26,2020-04-02,sh.601018,2025-12-15 20:06:53.901826
-0.03253,2020-03-27,2020-04-03,sh.601018,2025-12-15 20:06:53.901826
-0.04297,2020-03-30,2020-04-06,sh.601018,2025-12-15 20:06:53.901826
-0.002096,2020-03-31,2020-04-07,sh.601018,2025-12-15 20:06:53.901826
-0.0559,2020-04-01,2020-04-08,sh.601018,2025-12-15 20:06:53.901826
0.005104,2020-04-02,2020-04-09,sh.601018,2025-12-15 20:06:53.901826
-0.0559,2020-04-03,2020-04-10,sh.601018,2025-12-15 20:06:53.901826
0.05585,2020-04-07,2020-04-14,sh.601018,2025-12-15 20:06:53.901826
-0.00349,2020-04-08,2020-04-15,sh.601018,2025-12-15 20:06:53.901826
-0.00349,2020-04-09,2020-04-16,sh.601018,2025-12-15 20:06:53.901826
-0.005135,2020-04-10,2020-04-17,sh.601018,2025-12-15 20:06:53.901826
0.005104,2020-04-13,2020-04-20,sh.601018,2025-12-15 20:06:53.901826
0.005104,2020-04-14,2020-04-21,sh.601018,2025-12-15 20:06:53.901826
0.005104,2020-04-15,2020-04-22,sh.601018,2025-12-15 20:06:53.901826
0.000394,2020-04-16,2020-04-23,sh.601018,2025-12-15 20:06:53.901826
0.000161,2020-04-17,2020-04-24,sh.601018,2025-12-15 20:06:53.901826
0.03696,2020-04-20,2020-04-27,sh.601018,2025-12-15 20:06:53.901826
0.03696,2020-04-21,2020-04-28,sh.601018,2025-12-15 20:06:53.901826
-0.01436,2020-04-22,2020-04-29,sh.601018,2025-12-15 20:06:53.901826
0.03696,2020-04-23,2020-04-30,sh.601018,2025-12-15 20:06:53.901826
-0.02905,2020-04-24,2020-05-01,sh.601018,2025-12-15 20:06:53.901826
0.08514,2020-04-27,2020-05-04,sh.601018,2025-12-15 20:06:53.901826
0.02867,2020-04-28,2020-05-05,sh.601018,2025-12-15 20:06:53.901826
0.08514,2020-04-29,2020-05-06,sh.601018,2025-12-15 20:06:53.901826
0.05594,2020-04-30,2020-05-07,sh.601018,2025-12-15 20:06:53.901826
0.08514,2020-05-06,2020-05-13,sh.601018,2025-12-15 20:06:53.901826
0.05594,2020-05-07,2020-05-14,sh.601018,2025-12-15 20:06:53.901826
-0.00877,2020-05-08,2020-05-15,sh.601018,2025-12-15 20:06:53.901826
0.03604,2020-05-11,2020-05-18,sh.601018,2025-12-15 20:06:53.901826
0.0521,2020-05-12,2020-05-19,sh.601018,2025-12-15 20:06:53.901826
0.0521,2020-05-13,2020-05-20,sh.601018,2025-12-15 20:06:53.901826
0.03827,2020-05-14,2020-05-21,sh.601018,2025-12-15 20:06:53.901826
0.033,2020-05-15,2020-05-22,sh.601018,2025-12-15 20:06:53.901826
0.002054,2020-05-18,2020-05-25,sh.601018,2025-12-15 20:06:53.901826
0.001162,2020-05-19,2020-05-26,sh.601018,2025-12-15 20:06:53.901826
-0.00611,2020-05-20,2020-05-27,sh.601018,2025-12-15 20:06:53.901826
-0.043,2020-05-21,2020-05-28,sh.601018,2025-12-15 20:06:53.901826
0.05524,2020-05-22,2020-05-29,sh.601018,2025-12-15 20:06:53.901826
0.05524,2020-05-25,2020-06-01,sh.601018,2025-12-15 20:06:53.901826
0.05524,2020-05-26,2020-06-02,sh.601018,2025-12-15 20:06:53.901826
0.05484,2020-05-27,2020-06-03,sh.601018,2025-12-15 20:06:53.901826
0.05524,2020-05-28,2020-06-04,sh.601018,2025-12-15 20:06:53.901826
-0.005997,2020-05-29,2020-06-05,sh.601018,2025-12-15 20:06:53.901826
0.00091,2020-06-01,2020-06-08,sh.601018,2025-12-15 20:06:53.901826
0.00091,2020-06-02,2020-06-09,sh.601018,2025-12-15 20:06:53.901826
0.00091,2020-06-03,2020-06-10,sh.601018,2025-12-15 20:06:53.901826
0.00091,2020-06-04,2020-06-11,sh.601018,2025-12-15 20:06:53.901826
0.00091,2020-06-05,2020-06-12,sh.601018,2025-12-15 20:06:53.901826
0.00091,2020-06-08,2020-06-15,sh.601018,2025-12-15 20:06:53.901826
0.00091,2020-06-09,2020-06-16,sh.601018,2025-12-15 20:06:53.901826
0.00091,2020-06-10,2020-06-17,sh.601018,2025-12-15 20:06:53.901826
0.00091,2020-06-11,2020-06-18,sh.601018,2025-12-15 20:06:53.901826
0.002083,2020-06-12,2020-06-19,sh.601018,2025-12-15 20:06:53.901826
-0.04617,2020-06-15,2020-06-22,sh.601018,2025-12-15 20:06:53.901826
0.01726,2020-06-16,2020-06-23,sh.601018,2025-12-15 20:06:53.901826
0.03833,2020-06-17,2020-06-24,sh.601018,2025-12-15 20:06:53.901826
0.03833,2020-06-18,2020-06-25,sh.601018,2025-12-15 20:06:53.901826
0.012215,2020-06-19,2020-06-26,sh.601018,2025-12-15 20:06:53.901826
0.012215,2020-06-22,2020-06-29,sh.601018,2025-12-15 20:06:53.901826
0.01848,2020-06-23,2020-06-30,sh.601018,2025-12-15 20:06:53.901826
0.02522,2020-06-24,2020-07-01,sh.601018,2025-12-15 20:06:53.901826
0.0253,2020-06-29,2020-07-06,sh.601018,2025-12-15 20:06:53.901826
0.02522,2020-06-30,2020-07-07,sh.601018,2025-12-15 20:06:53.901826
0.02522,2020-07-01,2020-07-08,sh.601018,2025-12-15 20:06:53.901826
0.0235,2020-07-02,2020-07-09,sh.601018,2025-12-15 20:06:53.901826
-0.02246,2020-07-03,2020-07-10,sh.601018,2025-12-15 20:06:53.901826
0.05563,2020-07-06,2020-07-13,sh.601018,2025-12-15 20:06:53.901826
0.01369,2020-07-07,2020-07-14,sh.601018,2025-12-15 20:06:53.901826
0.01369,2020-07-08,2020-07-15,sh.601018,2025-12-15 20:06:53.901826
0.00199,2020-07-09,2020-07-16,sh.601018,2025-12-15 20:06:53.901826
0.07263,2020-07-10,2020-07-17,sh.601018,2025-12-15 20:06:53.901826
-0.00601,2020-07-13,2020-07-20,sh.601018,2025-12-15 20:06:53.901826
-0.02419,2020-07-14,2020-07-21,sh.601018,2025-12-15 20:06:53.901826
0.007343,2020-07-15,2020-07-22,sh.601018,2025-12-15 20:06:53.901826
-0.05463,2020-07-16,2020-07-23,sh.601018,2025-12-15 20:06:53.901826
0.04773,2020-07-17,2020-07-24,sh.601018,2025-12-15 20:06:53.901826
0.0119,2020-07-20,2020-07-27,sh.601018,2025-12-15 20:06:53.901826
0.01915,2020-07-21,2020-07-28,sh.601018,2025-12-15 20:06:53.901826
-0.0002766,2020-07-22,2020-07-29,sh.601018,2025-12-15 20:06:53.901826
0.0068,2020-07-23,2020-07-30,sh.601018,2025-12-15 20:06:53.901826
0.01428,2020-07-24,2020-07-31,sh.601018,2025-12-15 20:06:53.901826
0.01428,2020-07-27,2020-08-03,sh.601018,2025-12-15 20:06:53.901826
0.01915,2020-07-28,2020-08-04,sh.601018,2025-12-15 20:06:53.901826
0.01428,2020-07-29,2020-08-05,sh.601018,2025-12-15 20:06:53.901826
0.001253,2020-07-30,2020-08-06,sh.601018,2025-12-15 20:06:53.901826
-0.00554,2020-07-31,2020-08-07,sh.601018,2025-12-15 20:06:53.901826
-0.0328,2020-08-03,2020-08-10,sh.601018,2025-12-15 20:06:53.901826
-0.0328,2020-08-04,2020-08-11,sh.601018,2025-12-15 20:06:53.901826
-0.02472,2020-08-05,2020-08-12,sh.601018,2025-12-15 20:06:53.901826
-0.02472,2020-08-06,2020-08-13,sh.601018,2025-12-15 20:06:53.901826
0.01915,2020-08-07,2020-08-14,sh.601018,2025-12-15 20:06:53.901826
0.01915,2020-08-10,2020-08-17,sh.601018,2025-12-15 20:06:53.901826
0.02063,2020-08-11,2020-08-18,sh.601018,2025-12-15 20:06:53.901826
0.02385,2020-08-12,2020-08-19,sh.601018,2025-12-15 20:06:53.901826
0.02873,2020-08-13,2020-08-20,sh.601018,2025-12-15 20:06:53.901826
0.0116,2020-08-14,2020-08-21,sh.601018,2025-12-15 20:06:53.901826
0.0361,2020-08-17,2020-08-24,sh.601018,2025-12-15 20:06:53.901826
0.02269,2020-08-18,2020-08-25,sh.601018,2025-12-15 20:06:53.901826
0.03284,2020-08-19,2020-08-26,sh.601018,2025-12-15 20:06:53.901826
0.06537,2020-08-20,2020-08-27,sh.601018,2025-12-15 20:06:53.901826
0.06537,2020-08-21,2020-08-28,sh.601018,2025-12-15 20:06:53.901826
0.07556,2020-08-24,2020-08-31,sh.601018,2025-12-15 20:06:53.901826
0.07556,2020-08-25,2020-09-01,sh.601018,2025-12-15 20:06:53.901826
-0.01399,2020-08-26,2020-09-02,sh.601018,2025-12-15 20:06:53.901826
0.074,2020-08-27,2020-09-03,sh.601018,2025-12-15 20:06:53.901826
-0.000951,2020-08-28,2020-09-04,sh.601018,2025-12-15 20:06:53.901826
-0.001029,2020-08-31,2020-09-07,sh.601018,2025-12-15 20:06:53.901826
0.07385,2020-09-01,2020-09-08,sh.601018,2025-12-15 20:06:53.901826
0.07385,2020-09-02,2020-09-09,sh.601018,2025-12-15 20:06:53.901826
-0.001029,2020-09-03,2020-09-10,sh.601018,2025-12-15 20:06:53.901826
0.06052,2020-09-04,2020-09-11,sh.601018,2025-12-15 20:06:53.901826
0.05716,2020-09-07,2020-09-14,sh.601018,2025-12-15 20:06:53.901826
0.05716,2020-09-08,2020-09-15,sh.601018,2025-12-15 20:06:53.901826
0.0674,2020-09-09,2020-09-16,sh.601018,2025-12-15 20:06:53.901826
0.0674,2020-09-10,2020-09-17,sh.601018,2025-12-15 20:06:53.901826
0.05716,2020-09-11,2020-09-18,sh.601018,2025-12-15 20:06:53.901826
0.0674,2020-09-14,2020-09-21,sh.601018,2025-12-15 20:06:53.901826
0.0674,2020-09-15,2020-09-22,sh.601018,2025-12-15 20:06:53.901826
0.01087,2020-09-16,2020-09-23,sh.601018,2025-12-15 20:06:53.901826
0.01087,2020-09-17,2020-09-24,sh.601018,2025-12-15 20:06:53.901826
0.02588,2020-09-18,2020-09-25,sh.601018,2025-12-15 20:06:53.901826
0.01743,2020-09-21,2020-09-28,sh.601018,2025-12-15 20:06:53.901826
0.02588,2020-09-22,2020-09-29,sh.601018,2025-12-15 20:06:53.901826
0.02005,2020-09-23,2020-09-30,sh.601018,2025-12-15 20:06:53.901826
0.0674,2020-09-24,2020-10-01,sh.601018,2025-12-15 20:06:53.901826
-0.006233,2020-09-25,2020-10-02,sh.601018,2025-12-15 20:06:53.901826
0.07385,2020-09-28,2020-10-05,sh.601018,2025-12-15 20:06:53.901826
0.07385,2020-09-29,2020-10-06,sh.601018,2025-12-15 20:06:53.901826
0.07385,2020-09-30,2020-10-07,sh.601018,2025-12-15 20:06:53.901826
0.04434,2020-10-09,2020-10-16,sh.601018,2025-12-15 20:06:53.901826
0.03757,2020-10-12,2020-10-19,sh.601018,2025-12-15 20:06:53.901826
0.0674,2020-10-13,2020-10-20,sh.601018,2025-12-15 20:06:53.901826
-0.004852,2020-10-14,2020-10-21,sh.601018,2025-12-15 20:06:53.901826
0.0642,2020-10-15,2020-10-22,sh.601018,2025-12-15 20:06:53.901826
0.0987,2020-10-16,2020-10-23,sh.601018,2025-12-15 20:06:53.901826
0.0642,2020-10-19,2020-10-26,sh.601018,2025-12-15 20:06:53.901826
0.06506,2020-10-20,2020-10-27,sh.601018,2025-12-15 20:06:53.901826
0.06506,2020-10-21,2020-10-28,sh.601018,2025-12-15 20:06:53.901826
0.06506,2020-10-22,2020-10-29,sh.601018,2025-12-15 20:06:53.901826
0.06506,2020-10-23,2020-10-30,sh.601018,2025-12-15 20:06:53.901826
0.02504,2020-10-26,2020-11-02,sh.601018,2025-12-15 20:06:53.901826
-0.03177,2020-10-27,2020-11-03,sh.601018,2025-12-15 20:06:53.901826
0.03003,2020-10-28,2020-11-04,sh.601018,2025-12-15 20:06:53.901826
0.03003,2020-10-29,2020-11-05,sh.601018,2025-12-15 20:06:53.901826
-0.03665,2020-10-30,2020-11-06,sh.601018,2025-12-15 20:06:53.901826
0.0289,2020-11-02,2020-11-09,sh.601018,2025-12-15 20:06:53.901826
0.0289,2020-11-03,2020-11-10,sh.601018,2025-12-15 20:06:53.901826
-0.01103,2020-11-04,2020-11-11,sh.601018,2025-12-15 20:06:53.901826
-0.009445,2020-11-05,2020-11-12,sh.601018,2025-12-15 20:06:53.901826
0.000612,2020-11-06,2020-11-13,sh.601018,2025-12-15 20:06:53.901826
-0.03918,2020-11-09,2020-11-16,sh.601018,2025-12-15 20:06:53.901826
-0.0973,2020-11-10,2020-11-17,sh.601018,2025-12-15 20:06:53.901826
-0.0346,2020-11-11,2020-11-18,sh.601018,2025-12-15 20:06:53.901826
-0.01851,2020-11-12,2020-11-19,sh.601018,2025-12-15 20:06:53.901826
-0.07965,2020-11-13,2020-11-20,sh.601018,2025-12-15 20:06:53.901826
-0.06042,2020-11-16,2020-11-23,sh.601018,2025-12-15 20:06:53.901826
-0.0634,2020-11-17,2020-11-24,sh.601018,2025-12-15 20:06:53.901826
-0.05112,2020-11-18,2020-11-25,sh.601018,2025-12-15 20:06:53.901826
-0.05783,2020-11-19,2020-11-26,sh.601018,2025-12-15 20:06:53.901826
-0.05927,2020-11-20,2020-11-27,sh.601018,2025-12-15 20:06:53.901826
-0.05566,2020-11-23,2020-11-30,sh.601018,2025-12-15 20:06:53.901826
-0.06274,2020-11-24,2020-12-01,sh.601018,2025-12-15 20:06:53.901826
-0.06042,2020-11-25,2020-12-02,sh.601018,2025-12-15 20:06:53.901826
-0.0346,2020-11-26,2020-12-03,sh.601018,2025-12-15 20:06:53.901826
-0.00545,2020-11-27,2020-12-04,sh.601018,2025-12-15 20:06:53.901826
-0.0115,2020-11-30,2020-12-07,sh.601018,2025-12-15 20:06:53.901826
-0.00545,2020-12-01,2020-12-08,sh.601018,2025-12-15 20:06:53.901826
-0.0205,2020-12-02,2020-12-09,sh.601018,2025-12-15 20:06:53.901826
-0.00545,2020-12-03,2020-12-10,sh.601018,2025-12-15 20:06:53.901826
-0.00957,2020-12-04,2020-12-11,sh.601018,2025-12-15 20:06:53.901826
0.01171,2020-12-07,2020-12-14,sh.601018,2025-12-15 20:06:53.901826
0.01171,2020-12-08,2020-12-15,sh.601018,2025-12-15 20:06:53.901826
-0.02092,2020-12-09,2020-12-16,sh.601018,2025-12-15 20:06:53.901826
0.031,2020-12-10,2020-12-17,sh.601018,2025-12-15 20:06:53.901826
0.0125,2020-12-11,2020-12-18,sh.601018,2025-12-15 20:06:53.901826
0.0125,2020-12-14,2020-12-21,sh.601018,2025-12-15 20:06:53.901826
0.0125,2020-12-15,2020-12-22,sh.601018,2025-12-15 20:06:53.901826
-0.00487,2020-12-16,2020-12-23,sh.601018,2025-12-15 20:06:53.901826
0.031,2020-12-17,2020-12-24,sh.601018,2025-12-15 20:06:53.901826
0.031,2020-12-18,2020-12-25,sh.601018,2025-12-15 20:06:53.901826
0.031,2020-12-21,2020-12-28,sh.601018,2025-12-15 20:06:53.901826
-0.00487,2020-12-22,2020-12-29,sh.601018,2025-12-15 20:06:53.901826
-0.01442,2020-12-23,2020-12-30,sh.601018,2025-12-15 20:06:53.901826
0.0125,2020-12-24,2020-12-31,sh.601018,2025-12-15 20:06:53.901826
-0.0099,2020-12-25,2021-01-01,sh.601018,2025-12-15 20:06:53.901826
0.0001576,2020-12-28,2021-01-04,sh.601018,2025-12-15 20:06:53.901826
-0.01802,2020-12-29,2021-01-05,sh.601018,2025-12-15 20:06:53.901826
-0.0546,2020-12-30,2021-01-06,sh.601018,2025-12-15 20:06:53.901826
-0.0546,2020-12-31,2021-01-07,sh.601018,2025-12-15 20:06:53.901826
-0.03525,2021-01-04,2021-01-11,sh.601018,2025-12-15 20:06:53.901826
0.02423,2021-01-05,2021-01-12,sh.601018,2025-12-15 20:06:53.901826
-0.0659,2021-01-06,2021-01-13,sh.601018,2025-12-15 20:06:53.901826
-0.0705,2021-01-07,2021-01-14,sh.601018,2025-12-15 20:06:53.901826
-0.0402,2021-01-08,2021-01-15,sh.601018,2025-12-15 20:06:53.901826
-0.06085,2021-01-11,2021-01-18,sh.601018,2025-12-15 20:06:53.901826
-0.01459,2021-01-12,2021-01-19,sh.601018,2025-12-15 20:06:53.901826
-0.06396,2021-01-13,2021-01-20,sh.601018,2025-12-15 20:06:53.901826
-0.05603,2021-01-14,2021-01-21,sh.601018,2025-12-15 20:06:53.901826
-0.05603,2021-01-15,2021-01-22,sh.601018,2025-12-15 20:06:53.901826
-0.03992,2021-01-18,2021-01-25,sh.601018,2025-12-15 20:06:53.901826
-0.0632,2021-01-19,2021-01-26,sh.601018,2025-12-15 20:06:53.901826
-0.0632,2021-01-20,2021-01-27,sh.601018,2025-12-15 20:06:53.901826
-0.04614,2021-01-21,2021-01-28,sh.601018,2025-12-15 20:06:53.901826
-0.04053,2021-01-22,2021-01-29,sh.601018,2025-12-15 20:06:53.901826
-0.0611,2021-01-25,2021-02-01,sh.601018,2025-12-15 20:06:53.901826
-0.0354,2021-01-26,2021-02-02,sh.601018,2025-12-15 20:06:53.901826
-0.01909,2021-01-27,2021-02-03,sh.601018,2025-12-15 20:06:53.901826
-0.0806,2021-01-28,2021-02-04,sh.601018,2025-12-15 20:06:53.901826
-0.00968,2021-01-29,2021-02-05,sh.601018,2025-12-15 20:06:53.901826
-0.00968,2021-02-01,2021-02-08,sh.601018,2025-12-15 20:06:53.901826
-0.01619,2021-02-02,2021-02-09,sh.601018,2025-12-15 20:06:53.901826
-0.01909,2021-02-03,2021-02-10,sh.601018,2025-12-15 20:06:53.901826
-0.0806,2021-02-04,2021-02-11,sh.601018,2025-12-15 20:06:53.901826
0.008,2021-02-05,2021-02-12,sh.601018,2025-12-15 20:06:53.901826
-0.01619,2021-02-08,2021-02-15,sh.601018,2025-12-15 20:06:53.901826
-0.01909,2021-02-09,2021-02-16,sh.601018,2025-12-15 20:06:53.901826
-0.0354,2021-02-10,2021-02-17,sh.601018,2025-12-15 20:06:53.901826
-0.01442,2021-02-18,2021-02-25,sh.601018,2025-12-15 20:06:53.901826
-0.04614,2021-02-19,2021-02-26,sh.601018,2025-12-15 20:06:53.901826
-0.05634,2021-02-22,2021-03-01,sh.601018,2025-12-15 20:06:53.901826
-0.04614,2021-02-23,2021-03-02,sh.601018,2025-12-15 20:06:53.901826
-0.04053,2021-02-24,2021-03-03,sh.601018,2025-12-15 20:06:53.901826
-0.04053,2021-02-25,2021-03-04,sh.601018,2025-12-15 20:06:53.901826
-0.05328,2021-02-26,2021-03-05,sh.601018,2025-12-15 20:06:53.901826
-0.05634,2021-03-01,2021-03-08,sh.601018,2025-12-15 20:06:53.901826
-0.05634,2021-03-02,2021-03-09,sh.601018,2025-12-15 20:06:53.901826
-0.04614,2021-03-03,2021-03-10,sh.601018,2025-12-15 20:06:53.901826
-0.05646,2021-03-04,2021-03-11,sh.601018,2025-12-15 20:06:53.901826
-0.07086,2021-03-05,2021-03-12,sh.601018,2025-12-15 20:06:53.901826
-0.04672,2021-03-08,2021-03-15,sh.601018,2025-12-15 20:06:53.901826
-0.00972,2021-03-09,2021-03-16,sh.601018,2025-12-15 20:06:53.901826
-0.0696,2021-03-10,2021-03-17,sh.601018,2025-12-15 20:06:53.901826
-0.0356,2021-03-11,2021-03-18,sh.601018,2025-12-15 20:06:53.901826
0.02432,2021-03-12,2021-03-19,sh.601018,2025-12-15 20:06:53.901826
0.01165,2021-03-15,2021-03-22,sh.601018,2025-12-15 20:06:53.901826
0.0202,2021-03-16,2021-03-23,sh.601018,2025-12-15 20:06:53.901826
0.01165,2021-03-17,2021-03-24,sh.601018,2025-12-15 20:06:53.901826
-0.05548,2021-03-18,2021-03-25,sh.601018,2025-12-15 20:06:53.901826
-0.02379,2021-03-19,2021-03-26,sh.601018,2025-12-15 20:06:53.901826
-0.0476,2021-03-22,2021-03-29,sh.601018,2025-12-15 20:06:53.901826
-0.02379,2021-03-23,2021-03-30,sh.601018,2025-12-15 20:06:53.901826
-0.03256,2021-03-24,2021-03-31,sh.601018,2025-12-15 20:06:53.901826
0.04214,2021-03-25,2021-04-01,sh.601018,2025-12-15 20:06:53.901826
0.04214,2021-03-26,2021-04-02,sh.601018,2025-12-15 20:06:53.901826
-0.05176,2021-03-29,2021-04-05,sh.601018,2025-12-15 20:06:53.901826
0.04214,2021-03-30,2021-04-06,sh.601018,2025-12-15 20:06:53.901826
-0.0356,2021-03-31,2021-04-07,sh.601018,2025-12-15 20:06:53.901826
-0.0388,2021-04-01,2021-04-08,sh.601018,2025-12-15 20:06:53.901826
-0.03256,2021-04-02,2021-04-09,sh.601018,2025-12-15 20:06:53.901826
-0.03256,2021-04-06,2021-04-13,sh.601018,2025-12-15 20:06:53.901826
-0.0476,2021-04-07,2021-04-14,sh.601018,2025-12-15 20:06:53.901826
-0.0388,2021-04-08,2021-04-15,sh.601018,2025-12-15 20:06:53.901826
-0.0571,2021-04-09,2021-04-16,sh.601018,2025-12-15 20:06:53.901826
-0.0476,2021-04-12,2021-04-19,sh.601018,2025-12-15 20:06:53.901826
-0.03137,2021-04-13,2021-04-20,sh.601018,2025-12-15 20:06:53.901826
-0.021,2021-04-14,2021-04-21,sh.601018,2025-12-15 20:06:53.901826
-0.0476,2021-04-15,2021-04-22,sh.601018,2025-12-15 20:06:53.901826
-0.021,2021-04-16,2021-04-23,sh.601018,2025-12-15 20:06:53.901826
-0.0571,2021-04-19,2021-04-26,sh.601018,2025-12-15 20:06:53.901826
-0.0571,2021-04-20,2021-04-27,sh.601018,2025-12-15 20:06:53.901826
-0.0476,2021-04-21,2021-04-28,sh.601018,2025-12-15 20:06:53.901826
-0.01125,2021-04-22,2021-04-29,sh.601018,2025-12-15 20:06:53.901826
-0.03827,2021-04-23,2021-04-30,sh.601018,2025-12-15 20:06:53.901826
-0.01593,2021-04-26,2021-05-03,sh.601018,2025-12-15 20:06:53.901826
0.02505,2021-04-27,2021-05-04,sh.601018,2025-12-15 20:06:53.901826
0.0265,2021-04-28,2021-05-05,sh.601018,2025-12-15 20:06:53.901826
0.03412,2021-04-29,2021-05-06,sh.601018,2025-12-15 20:06:53.901826
-0.04102,2021-04-30,2021-05-07,sh.601018,2025-12-15 20:06:53.901826
0.0313,2021-05-06,2021-05-13,sh.601018,2025-12-15 20:06:53.901826
0.04318,2021-05-07,2021-05-14,sh.601018,2025-12-15 20:06:53.901826
0.04318,2021-05-10,2021-05-17,sh.601018,2025-12-15 20:06:53.901826
0.04318,2021-05-11,2021-05-18,sh.601018,2025-12-15 20:06:53.901826
0.04318,2021-05-12,2021-05-19,sh.601018,2025-12-15 20:06:53.901826
0.04318,2021-05-13,2021-05-20,sh.601018,2025-12-15 20:06:53.901826
0.04318,2021-05-14,2021-05-21,sh.601018,2025-12-15 20:06:53.901826
0.04318,2021-05-17,2021-05-24,sh.601018,2025-12-15 20:06:53.901826
-0.011505,2021-05-18,2021-05-25,sh.601018,2025-12-15 20:06:53.901826
-0.011505,2021-05-19,2021-05-26,sh.601018,2025-12-15 20:06:53.901826
-0.011505,2021-05-20,2021-05-27,sh.601018,2025-12-15 20:06:53.901826
-0.011505,2021-05-21,2021-05-28,sh.601018,2025-12-15 20:06:53.901826
-0.011505,2021-05-24,2021-05-31,sh.601018,2025-12-15 20:06:53.901826
-0.0537,2021-05-25,2021-06-01,sh.601018,2025-12-15 20:06:53.901826
-0.011505,2021-05-26,2021-06-02,sh.601018,2025-12-15 20:06:53.901826
-0.011505,2021-05-27,2021-06-03,sh.601018,2025-12-15 20:06:53.901826
-0.03195,2021-05-28,2021-06-04,sh.601018,2025-12-15 20:06:53.901826
-0.011505,2021-05-31,2021-06-07,sh.601018,2025-12-15 20:06:53.901826
-0.011505,2021-06-01,2021-06-08,sh.601018,2025-12-15 20:06:53.901826
0.04276,2021-06-02,2021-06-09,sh.601018,2025-12-15 20:06:53.901826
-0.02127,2021-06-03,2021-06-10,sh.601018,2025-12-15 20:06:53.901826
-0.0634,2021-06-04,2021-06-11,sh.601018,2025-12-15 20:06:53.901826
-0.0478,2021-06-07,2021-06-14,sh.601018,2025-12-15 20:06:53.901826
-0.05017,2021-06-08,2021-06-15,sh.601018,2025-12-15 20:06:53.901826
-0.02184,2021-06-09,2021-06-16,sh.601018,2025-12-15 20:06:53.901826
-0.0548,2021-06-10,2021-06-17,sh.601018,2025-12-15 20:06:53.901826
-0.04318,2021-06-11,2021-06-18,sh.601018,2025-12-15 20:06:53.901826
-0.05017,2021-06-15,2021-06-22,sh.601018,2025-12-15 20:06:53.901826
0.04276,2021-06-16,2021-06-23,sh.601018,2025-12-15 20:06:53.901826
0.04276,2021-06-17,2021-06-24,sh.601018,2025-12-15 20:06:53.901826
0.04276,2021-06-18,2021-06-25,sh.601018,2025-12-15 20:06:53.901826
-0.04388,2021-06-21,2021-06-28,sh.601018,2025-12-15 20:06:53.901826
-0.02184,2021-06-22,2021-06-29,sh.601018,2025-12-15 20:06:53.901826
0.04276,2021-06-23,2021-06-30,sh.601018,2025-12-15 20:06:53.901826
-0.02184,2021-06-24,2021-07-01,sh.601018,2025-12-15 20:06:53.901826
-0.02184,2021-06-25,2021-07-02,sh.601018,2025-12-15 20:06:53.901826
-0.02184,2021-06-28,2021-07-05,sh.601018,2025-12-15 20:06:53.901826
-0.014046,2021-06-29,2021-07-06,sh.601018,2025-12-15 20:06:53.901826
-0.02184,2021-06-30,2021-07-07,sh.601018,2025-12-15 20:06:53.901826
-0.02184,2021-07-01,2021-07-08,sh.601018,2025-12-15 20:06:53.901826
-0.014046,2021-07-02,2021-07-09,sh.601018,2025-12-15 20:06:53.901826
0.04276,2021-07-05,2021-07-12,sh.601018,2025-12-15 20:06:53.901826
-0.02184,2021-07-06,2021-07-13,sh.601018,2025-12-15 20:06:53.901826
0.04276,2021-07-07,2021-07-14,sh.601018,2025-12-15 20:06:53.901826
0.04276,2021-07-08,2021-07-15,sh.601018,2025-12-15 20:06:53.901826
0.04276,2021-07-09,2021-07-16,sh.601018,2025-12-15 20:06:53.901826
-0.02184,2021-07-12,2021-07-19,sh.601018,2025-12-15 20:06:53.901826
-0.02184,2021-07-13,2021-07-20,sh.601018,2025-12-15 20:06:53.901826
0.04276,2021-07-14,2021-07-21,sh.601018,2025-12-15 20:06:53.901826
0.04276,2021-07-15,2021-07-22,sh.601018,2025-12-15 20:06:53.901826
-0.014046,2021-07-16,2021-07-23,sh.601018,2025-12-15 20:06:53.901826
-0.008095,2021-07-19,2021-07-26,sh.601018,2025-12-15 20:06:53.901826
0.02216,2021-07-20,2021-07-27,sh.601018,2025-12-15 20:06:53.901826
0.02216,2021-07-21,2021-07-28,sh.601018,2025-12-15 20:06:53.901826
0.02216,2021-07-22,2021-07-29,sh.601018,2025-12-15 20:06:53.901826
0.02216,2021-07-23,2021-07-30,sh.601018,2025-12-15 20:06:53.901826
0.010605,2021-07-26,2021-08-02,sh.601018,2025-12-15 20:06:53.901826
0.01765,2021-07-27,2021-08-03,sh.601018,2025-12-15 20:06:53.901826
0.02357,2021-07-28,2021-08-04,sh.601018,2025-12-15 20:06:53.901826
0.02357,2021-07-29,2021-08-05,sh.601018,2025-12-15 20:06:53.901826
0.02357,2021-07-30,2021-08-06,sh.601018,2025-12-15 20:06:53.901826
0.01131,2021-08-02,2021-08-09,sh.601018,2025-12-15 20:06:53.901826
0.02357,2021-08-03,2021-08-10,sh.601018,2025-12-15 20:06:53.901826
0.01131,2021-08-04,2021-08-11,sh.601018,2025-12-15 20:06:53.901826
0.02357,2021-08-05,2021-08-12,sh.601018,2025-12-15 20:06:53.901826
0.02357,2021-08-06,2021-08-13,sh.601018,2025-12-15 20:06:53.901826
0.01131,2021-08-09,2021-08-16,sh.601018,2025-12-15 20:06:53.901826
0.02357,2021-08-10,2021-08-17,sh.601018,2025-12-15 20:06:53.901826
0.01131,2021-08-11,2021-08-18,sh.601018,2025-12-15 20:06:53.901826
0.01101,2021-08-12,2021-08-19,sh.601018,2025-12-15 20:06:53.901826
0.01131,2021-08-13,2021-08-20,sh.601018,2025-12-15 20:06:53.901826
0.02357,2021-08-16,2021-08-23,sh.601018,2025-12-15 20:06:53.901826
0.02357,2021-08-17,2021-08-24,sh.601018,2025-12-15 20:06:53.901826
0.01131,2021-08-18,2021-08-25,sh.601018,2025-12-15 20:06:53.901826
0.02357,2021-08-19,2021-08-26,sh.601018,2025-12-15 20:06:53.901826
0.02357,2021-08-20,2021-08-27,sh.601018,2025-12-15 20:06:53.901826
0.02357,2021-08-23,2021-08-30,sh.601018,2025-12-15 20:06:53.901826
0.01131,2021-08-24,2021-08-31,sh.601018,2025-12-15 20:06:53.901826
0.01131,2021-08-25,2021-09-01,sh.601018,2025-12-15 20:06:53.901826
0.0221,2021-08-26,2021-09-02,sh.601018,2025-12-15 20:06:53.901826
0.00989,2021-08-27,2021-09-03,sh.601018,2025-12-15 20:06:53.901826
0.02216,2021-08-30,2021-09-06,sh.601018,2025-12-15 20:06:53.901826
0.010605,2021-08-31,2021-09-07,sh.601018,2025-12-15 20:06:53.901826
-0.02199,2021-09-01,2021-09-08,sh.601018,2025-12-15 20:06:53.901826
-0.014046,2021-09-02,2021-09-09,sh.601018,2025-12-15 20:06:53.901826
-0.014046,2021-09-03,2021-09-10,sh.601018,2025-12-15 20:06:53.901826
0.04276,2021-09-06,2021-09-13,sh.601018,2025-12-15 20:06:53.901826
0.04266,2021-09-07,2021-09-14,sh.601018,2025-12-15 20:06:53.901826
-0.0548,2021-09-08,2021-09-15,sh.601018,2025-12-15 20:06:53.901826
0.00783,2021-09-09,2021-09-16,sh.601018,2025-12-15 20:06:53.901826
-0.05273,2021-09-10,2021-09-17,sh.601018,2025-12-15 20:06:53.901826
0.007812,2021-09-13,2021-09-20,sh.601018,2025-12-15 20:06:53.901826
-0.05273,2021-09-14,2021-09-21,sh.601018,2025-12-15 20:06:53.901826
-0.04318,2021-09-15,2021-09-22,sh.601018,2025-12-15 20:06:53.901826
-0.04318,2021-09-16,2021-09-23,sh.601018,2025-12-15 20:06:53.901826
-0.05627,2021-09-17,2021-09-24,sh.601018,2025-12-15 20:06:53.901826
-0.05627,2021-09-22,2021-09-29,sh.601018,2025-12-15 20:06:53.901826
-0.0634,2021-09-23,2021-09-30,sh.601018,2025-12-15 20:06:53.901826
-0.05273,2021-09-24,2021-10-01,sh.601018,2025-12-15 20:06:53.901826
-0.05478,2021-09-27,2021-10-04,sh.601018,2025-12-15 20:06:53.901826
-0.0345,2021-09-28,2021-10-05,sh.601018,2025-12-15 20:06:53.901826
0.04276,2021-09-29,2021-10-06,sh.601018,2025-12-15 20:06:53.901826
0.04276,2021-09-30,2021-10-07,sh.601018,2025-12-15 20:06:53.901826
-0.02184,2021-10-08,2021-10-15,sh.601018,2025-12-15 20:06:53.901826
-0.02184,2021-10-11,2021-10-18,sh.601018,2025-12-15 20:06:53.901826
-0.008095,2021-10-12,2021-10-19,sh.601018,2025-12-15 20:06:53.901826
-0.04388,2021-10-13,2021-10-20,sh.601018,2025-12-15 20:06:53.901826
0.02216,2021-10-14,2021-10-21,sh.601018,2025-12-15 20:06:53.901826
-0.04324,2021-10-15,2021-10-22,sh.601018,2025-12-15 20:06:53.901826
0.00989,2021-10-18,2021-10-25,sh.601018,2025-12-15 20:06:53.901826
-0.04105,2021-10-19,2021-10-26,sh.601018,2025-12-15 20:06:53.901826
0.00989,2021-10-20,2021-10-27,sh.601018,2025-12-15 20:06:53.901826
0.02216,2021-10-21,2021-10-28,sh.601018,2025-12-15 20:06:53.901826
0.00989,2021-10-22,2021-10-29,sh.601018,2025-12-15 20:06:53.901826
0.01765,2021-10-25,2021-11-01,sh.601018,2025-12-15 20:06:53.901826
0.02357,2021-10-26,2021-11-02,sh.601018,2025-12-15 20:06:53.901826
0.02357,2021-10-27,2021-11-03,sh.601018,2025-12-15 20:06:53.901826
0.02357,2021-10-28,2021-11-04,sh.601018,2025-12-15 20:06:53.901826
0.02357,2021-10-29,2021-11-05,sh.601018,2025-12-15 20:06:53.901826
0.02357,2021-11-01,2021-11-08,sh.601018,2025-12-15 20:06:53.901826
0.02357,2021-11-02,2021-11-09,sh.601018,2025-12-15 20:06:53.901826
0.02357,2021-11-03,2021-11-10,sh.601018,2025-12-15 20:06:53.901826
0.02357,2021-11-04,2021-11-11,sh.601018,2025-12-15 20:06:53.901826
0.02357,2021-11-05,2021-11-12,sh.601018,2025-12-15 20:06:53.901826
0.02357,2021-11-08,2021-11-15,sh.601018,2025-12-15 20:06:53.901826
0.02357,2021-11-09,2021-11-16,sh.601018,2025-12-15 20:06:53.901826
0.02357,2021-11-10,2021-11-17,sh.601018,2025-12-15 20:06:53.901826
0.02357,2021-11-11,2021-11-18,sh.601018,2025-12-15 20:06:53.901826
0.02357,2021-11-12,2021-11-19,sh.601018,2025-12-15 20:06:53.901826
0.02357,2021-11-15,2021-11-22,sh.601018,2025-12-15 20:06:53.901826
0.02022,2021-11-16,2021-11-23,sh.601018,2025-12-15 20:06:53.901826
0.02022,2021-11-17,2021-11-24,sh.601018,2025-12-15 20:06:53.901826
-0.0408,2021-11-18,2021-11-25,sh.601018,2025-12-15 20:06:53.901826
0.02357,2021-11-19,2021-11-26,sh.601018,2025-12-15 20:06:53.901826
0.01765,2021-11-22,2021-11-29,sh.601018,2025-12-15 20:06:53.901826
0.02724,2021-11-23,2021-11-30,sh.601018,2025-12-15 20:06:53.901826
-0.04324,2021-11-24,2021-12-01,sh.601018,2025-12-15 20:06:53.901826
0.02022,2021-11-25,2021-12-02,sh.601018,2025-12-15 20:06:53.901826
0.02592,2021-11-26,2021-12-03,sh.601018,2025-12-15 20:06:53.901826
0.02592,2021-11-29,2021-12-06,sh.601018,2025-12-15 20:06:53.901826
0.02592,2021-11-30,2021-12-07,sh.601018,2025-12-15 20:06:53.901826
0.02592,2021-12-01,2021-12-08,sh.601018,2025-12-15 20:06:53.901826
0.02972,2021-12-02,2021-12-09,sh.601018,2025-12-15 20:06:53.901826
0.00855,2021-12-03,2021-12-10,sh.601018,2025-12-15 20:06:53.901826
-0.04718,2021-12-06,2021-12-13,sh.601018,2025-12-15 20:06:53.901826
-0.04892,2021-12-07,2021-12-14,sh.601018,2025-12-15 20:06:53.901826
-0.04892,2021-12-08,2021-12-15,sh.601018,2025-12-15 20:06:53.901826
-0.048,2021-12-09,2021-12-16,sh.601018,2025-12-15 20:06:53.901826
-0.0478,2021-12-10,2021-12-17,sh.601018,2025-12-15 20:06:53.901826
-0.03195,2021-12-13,2021-12-20,sh.601018,2025-12-15 20:06:53.901826
-0.007446,2021-12-14,2021-12-21,sh.601018,2025-12-15 20:06:53.901826
-0.007446,2021-12-15,2021-12-22,sh.601018,2025-12-15 20:06:53.901826
-0.011505,2021-12-16,2021-12-23,sh.601018,2025-12-15 20:06:53.901826
-0.011505,2021-12-17,2021-12-24,sh.601018,2025-12-15 20:06:53.901826
-0.011505,2021-12-20,2021-12-27,sh.601018,2025-12-15 20:06:53.901826
-0.02126,2021-12-21,2021-12-28,sh.601018,2025-12-15 20:06:53.901826
-0.04993,2021-12-22,2021-12-29,sh.601018,2025-12-15 20:06:53.901826
-0.011505,2021-12-23,2021-12-30,sh.601018,2025-12-15 20:06:53.901826
-0.011505,2021-12-24,2021-12-31,sh.601018,2025-12-15 20:06:53.901826
0.04318,2021-12-27,2022-01-03,sh.601018,2025-12-15 20:06:53.901826
0.04318,2021-12-28,2022-01-04,sh.601018,2025-12-15 20:06:53.901826
-0.0339,2021-12-29,2022-01-05,sh.601018,2025-12-15 20:06:53.901826
0.04318,2021-12-30,2022-01-06,sh.601018,2025-12-15 20:06:53.901826
0.04318,2021-12-31,2022-01-07,sh.601018,2025-12-15 20:06:53.901826
-0.0339,2022-01-04,2022-01-11,sh.601018,2025-12-15 20:06:53.901826
-0.04965,2022-01-05,2022-01-12,sh.601018,2025-12-15 20:06:53.901826
0.01862,2022-01-06,2022-01-13,sh.601018,2025-12-15 20:06:53.901826
-0.05618,2022-01-07,2022-01-14,sh.601018,2025-12-15 20:06:53.901826
-0.05618,2022-01-10,2022-01-17,sh.601018,2025-12-15 20:06:53.901826
-0.05618,2022-01-11,2022-01-18,sh.601018,2025-12-15 20:06:53.901826
-0.03029,2022-01-12,2022-01-19,sh.601018,2025-12-15 20:06:53.901826
-0.03029,2022-01-13,2022-01-20,sh.601018,2025-12-15 20:06:53.901826
-0.0553,2022-01-14,2022-01-21,sh.601018,2025-12-15 20:06:53.901826
-0.05603,2022-01-17,2022-01-24,sh.601018,2025-12-15 20:06:53.901826
-0.05603,2022-01-18,2022-01-25,sh.601018,2025-12-15 20:06:53.901826
-0.0553,2022-01-19,2022-01-26,sh.601018,2025-12-15 20:06:53.901826
-0.0553,2022-01-20,2022-01-27,sh.601018,2025-12-15 20:06:53.901826
-0.04993,2022-01-21,2022-01-28,sh.601018,2025-12-15 20:06:53.901826
-0.0339,2022-01-24,2022-01-31,sh.601018,2025-12-15 20:06:53.901826
0.04318,2022-01-25,2022-02-01,sh.601018,2025-12-15 20:06:53.901826
-0.01125,2022-01-26,2022-02-02,sh.601018,2025-12-15 20:06:53.901826
-0.01125,2022-01-27,2022-02-03,sh.601018,2025-12-15 20:06:53.901826
-0.007133,2022-01-28,2022-02-04,sh.601018,2025-12-15 20:06:53.901826
-0.021,2022-02-07,2022-02-14,sh.601018,2025-12-15 20:06:53.901826
-0.0571,2022-02-08,2022-02-15,sh.601018,2025-12-15 20:06:53.901826
-0.03029,2022-02-09,2022-02-16,sh.601018,2025-12-15 20:06:53.901826
0.01862,2022-02-10,2022-02-17,sh.601018,2025-12-15 20:06:53.901826
-0.04745,2022-02-11,2022-02-18,sh.601018,2025-12-15 20:06:53.901826
-0.0571,2022-02-14,2022-02-21,sh.601018,2025-12-15 20:06:53.901826
-0.04993,2022-02-15,2022-02-22,sh.601018,2025-12-15 20:06:53.901826
-0.021,2022-02-16,2022-02-23,sh.601018,2025-12-15 20:06:53.901826
-0.0571,2022-02-17,2022-02-24,sh.601018,2025-12-15 20:06:53.901826
-0.05338,2022-02-18,2022-02-25,sh.601018,2025-12-15 20:06:53.901826
-0.0553,2022-02-21,2022-02-28,sh.601018,2025-12-15 20:06:53.901826
-0.05338,2022-02-22,2022-03-01,sh.601018,2025-12-15 20:06:53.901826
-0.05338,2022-02-23,2022-03-02,sh.601018,2025-12-15 20:06:53.901826
-0.0476,2022-02-24,2022-03-03,sh.601018,2025-12-15 20:06:53.901826
-0.03137,2022-02-25,2022-03-04,sh.601018,2025-12-15 20:06:53.901826
0.02124,2022-02-28,2022-03-07,sh.601018,2025-12-15 20:06:53.901826
-0.04745,2022-03-01,2022-03-08,sh.601018,2025-12-15 20:06:53.901826
0.02124,2022-03-02,2022-03-09,sh.601018,2025-12-15 20:06:53.901826
0.00317,2022-03-03,2022-03-10,sh.601018,2025-12-15 20:06:53.901826
-0.05078,2022-03-04,2022-03-11,sh.601018,2025-12-15 20:06:53.901826
-0.04745,2022-03-07,2022-03-14,sh.601018,2025-12-15 20:06:53.901826
-0.04807,2022-03-08,2022-03-15,sh.601018,2025-12-15 20:06:53.901826
-0.04382,2022-03-09,2022-03-16,sh.601018,2025-12-15 20:06:53.901826
-0.0327,2022-03-10,2022-03-17,sh.601018,2025-12-15 20:06:53.901826
-0.03598,2022-03-11,2022-03-18,sh.601018,2025-12-15 20:06:53.901826
-0.0327,2022-03-14,2022-03-21,sh.601018,2025-12-15 20:06:53.901826
-0.09753,2022-03-15,2022-03-22,sh.601018,2025-12-15 20:06:53.901826
0.009766,2022-03-16,2022-03-23,sh.601018,2025-12-15 20:06:53.901826
-0.01593,2022-03-17,2022-03-24,sh.601018,2025-12-15 20:06:53.901826
0.0334,2022-03-18,2022-03-25,sh.601018,2025-12-15 20:06:53.901826
-0.01086,2022-03-21,2022-03-28,sh.601018,2025-12-15 20:06:53.901826
-0.01086,2022-03-22,2022-03-29,sh.601018,2025-12-15 20:06:53.901826
-0.007133,2022-03-23,2022-03-30,sh.601018,2025-12-15 20:06:53.901826
-0.03827,2022-03-24,2022-03-31,sh.601018,2025-12-15 20:06:53.901826
-0.01593,2022-03-25,2022-04-01,sh.601018,2025-12-15 20:06:53.901826
0.02505,2022-03-28,2022-04-04,sh.601018,2025-12-15 20:06:53.901826
-0.02046,2022-03-29,2022-04-05,sh.601018,2025-12-15 20:06:53.901826
0.03412,2022-03-30,2022-04-06,sh.601018,2025-12-15 20:06:53.901826
-0.01086,2022-03-31,2022-04-07,sh.601018,2025-12-15 20:06:53.901826
-0.02081,2022-04-01,2022-04-08,sh.601018,2025-12-15 20:06:53.901826
-0.03029,2022-04-06,2022-04-13,sh.601018,2025-12-15 20:06:53.901826
-0.02588,2022-04-07,2022-04-14,sh.601018,2025-12-15 20:06:53.901826
-0.05338,2022-04-08,2022-04-15,sh.601018,2025-12-15 20:06:53.901826
-0.02588,2022-04-11,2022-04-18,sh.601018,2025-12-15 20:06:53.901826
-0.04697,2022-04-12,2022-04-19,sh.601018,2025-12-15 20:06:53.901826
-0.04745,2022-04-13,2022-04-20,sh.601018,2025-12-15 20:06:53.901826
0.02124,2022-04-14,2022-04-21,sh.601018,2025-12-15 20:06:53.901826
-0.0571,2022-04-15,2022-04-22,sh.601018,2025-12-15 20:06:53.901826
-0.05603,2022-04-18,2022-04-25,sh.601018,2025-12-15 20:06:53.901826
-0.0553,2022-04-19,2022-04-26,sh.601018,2025-12-15 20:06:53.901826
-0.0571,2022-04-20,2022-04-27,sh.601018,2025-12-15 20:06:53.901826
-0.0476,2022-04-21,2022-04-28,sh.601018,2025-12-15 20:06:53.901826
-0.00986,2022-04-22,2022-04-29,sh.601018,2025-12-15 20:06:53.901826
-0.04102,2022-04-25,2022-05-02,sh.601018,2025-12-15 20:06:53.901826
0.01223,2022-04-26,2022-05-03,sh.601018,2025-12-15 20:06:53.901826
0.02745,2022-04-27,2022-05-04,sh.601018,2025-12-15 20:06:53.901826
-0.02017,2022-04-28,2022-05-05,sh.601018,2025-12-15 20:06:53.901826
0.0313,2022-04-29,2022-05-06,sh.601018,2025-12-15 20:06:53.901826
-0.00986,2022-05-05,2022-05-12,sh.601018,2025-12-15 20:06:53.901826
0.0265,2022-05-06,2022-05-13,sh.601018,2025-12-15 20:06:53.901826
0.0265,2022-05-09,2022-05-16,sh.601018,2025-12-15 20:06:53.901826
0.01223,2022-05-10,2022-05-17,sh.601018,2025-12-15 20:06:53.901826
-0.02017,2022-05-11,2022-05-18,sh.601018,2025-12-15 20:06:53.901826
-0.02017,2022-05-12,2022-05-19,sh.601018,2025-12-15 20:06:53.901826
-0.01572,2022-05-13,2022-05-20,sh.601018,2025-12-15 20:06:53.901826
-0.01984,2022-05-16,2022-05-23,sh.601018,2025-12-15 20:06:53.901826
-0.01984,2022-05-17,2022-05-24,sh.601018,2025-12-15 20:06:53.901826
-0.01585,2022-05-18,2022-05-25,sh.601018,2025-12-15 20:06:53.901826
0.03366,2022-05-19,2022-05-26,sh.601018,2025-12-15 20:06:53.901826
-0.01984,2022-05-20,2022-05-27,sh.601018,2025-12-15 20:06:53.901826
-0.01984,2022-05-23,2022-05-30,sh.601018,2025-12-15 20:06:53.901826
-0.03854,2022-05-24,2022-05-31,sh.601018,2025-12-15 20:06:53.901826
-0.02277,2022-05-25,2022-06-01,sh.601018,2025-12-15 20:06:53.901826
-0.02594,2022-05-26,2022-06-02,sh.601018,2025-12-15 20:06:53.901826
-0.03102,2022-05-27,2022-06-03,sh.601018,2025-12-15 20:06:53.901826
-0.03195,2022-05-30,2022-06-06,sh.601018,2025-12-15 20:06:53.901826
-0.03857,2022-05-31,2022-06-07,sh.601018,2025-12-15 20:06:53.901826
0.01033,2022-06-01,2022-06-08,sh.601018,2025-12-15 20:06:53.901826
-0.0608,2022-06-02,2022-06-09,sh.601018,2025-12-15 20:06:53.901826
-0.06064,2022-06-06,2022-06-13,sh.601018,2025-12-15 20:06:53.901826
0.01033,2022-06-07,2022-06-14,sh.601018,2025-12-15 20:06:53.901826
-0.0406,2022-06-08,2022-06-15,sh.601018,2025-12-15 20:06:53.901826
-0.0633,2022-06-09,2022-06-16,sh.601018,2025-12-15 20:06:53.901826
-0.0633,2022-06-10,2022-06-17,sh.601018,2025-12-15 20:06:53.901826
-0.0575,2022-06-13,2022-06-20,sh.601018,2025-12-15 20:06:53.901826
-0.06064,2022-06-14,2022-06-21,sh.601018,2025-12-15 20:06:53.901826
-0.0406,2022-06-15,2022-06-22,sh.601018,2025-12-15 20:06:53.901826
-0.0633,2022-06-16,2022-06-23,sh.601018,2025-12-15 20:06:53.901826
-0.06064,2022-06-17,2022-06-24,sh.601018,2025-12-15 20:06:53.901826
-0.06064,2022-06-20,2022-06-27,sh.601018,2025-12-15 20:06:53.901826
-0.06064,2022-06-21,2022-06-28,sh.601018,2025-12-15 20:06:53.901826
-0.05478,2022-06-22,2022-06-29,sh.601018,2025-12-15 20:06:53.901826
-0.0548,2022-06-23,2022-06-30,sh.601018,2025-12-15 20:06:53.901826
-0.06064,2022-06-24,2022-07-01,sh.601018,2025-12-15 20:06:53.901826
-0.06082,2022-06-27,2022-07-04,sh.601018,2025-12-15 20:06:53.901826
-0.06082,2022-06-28,2022-07-05,sh.601018,2025-12-15 20:06:53.901826
-0.05017,2022-06-29,2022-07-06,sh.601018,2025-12-15 20:06:53.901826
-0.02184,2022-06-30,2022-07-07,sh.601018,2025-12-15 20:06:53.901826
-0.02184,2022-07-01,2022-07-08,sh.601018,2025-12-15 20:06:53.901826
-0.02184,2022-07-04,2022-07-11,sh.601018,2025-12-15 20:06:53.901826
-0.0311,2022-07-05,2022-07-12,sh.601018,2025-12-15 20:06:53.901826
-0.05478,2022-07-06,2022-07-13,sh.601018,2025-12-15 20:06:53.901826
-0.02184,2022-07-07,2022-07-14,sh.601018,2025-12-15 20:06:53.901826
-0.02184,2022-07-08,2022-07-15,sh.601018,2025-12-15 20:06:53.901826
-0.02184,2022-07-11,2022-07-18,sh.601018,2025-12-15 20:06:53.901826
-0.02184,2022-07-12,2022-07-19,sh.601018,2025-12-15 20:06:53.901826
-0.0311,2022-07-13,2022-07-20,sh.601018,2025-12-15 20:06:53.901826
-0.06082,2022-07-14,2022-07-21,sh.601018,2025-12-15 20:06:53.901826
-0.02612,2022-07-15,2022-07-22,sh.601018,2025-12-15 20:06:53.901826
-0.02612,2022-07-18,2022-07-25,sh.601018,2025-12-15 20:06:53.901826
-0.02612,2022-07-19,2022-07-26,sh.601018,2025-12-15 20:06:53.901826
-0.06082,2022-07-20,2022-07-27,sh.601018,2025-12-15 20:06:53.901826
-0.05478,2022-07-21,2022-07-28,sh.601018,2025-12-15 20:06:53.901826
-0.0311,2022-07-22,2022-07-29,sh.601018,2025-12-15 20:06:53.901826
-0.06082,2022-07-25,2022-08-01,sh.601018,2025-12-15 20:06:53.901826
-0.0634,2022-07-26,2022-08-02,sh.601018,2025-12-15 20:06:53.901826
-0.06082,2022-07-27,2022-08-03,sh.601018,2025-12-15 20:06:53.901826
-0.06082,2022-07-28,2022-08-04,sh.601018,2025-12-15 20:06:53.901826
-0.05478,2022-07-29,2022-08-05,sh.601018,2025-12-15 20:06:53.901826
-0.02184,2022-08-01,2022-08-08,sh.601018,2025-12-15 20:06:53.901826
-0.04388,2022-08-02,2022-08-09,sh.601018,2025-12-15 20:06:53.901826
-0.02199,2022-08-03,2022-08-10,sh.601018,2025-12-15 20:06:53.901826
0.010605,2022-08-04,2022-08-11,sh.601018,2025-12-15 20:06:53.901826
0.010605,2022-08-05,2022-08-12,sh.601018,2025-12-15 20:06:53.901826
-0.02199,2022-08-08,2022-08-15,sh.601018,2025-12-15 20:06:53.901826
0.010605,2022-08-09,2022-08-16,sh.601018,2025-12-15 20:06:53.901826
0.010605,2022-08-10,2022-08-17,sh.601018,2025-12-15 20:06:53.901826
0.02376,2022-08-11,2022-08-18,sh.601018,2025-12-15 20:06:53.901826
-0.014046,2022-08-12,2022-08-19,sh.601018,2025-12-15 20:06:53.901826
-0.014046,2022-08-15,2022-08-22,sh.601018,2025-12-15 20:06:53.901826
-0.014046,2022-08-16,2022-08-23,sh.601018,2025-12-15 20:06:53.901826
-0.014046,2022-08-17,2022-08-24,sh.601018,2025-12-15 20:06:53.901826
-0.04388,2022-08-18,2022-08-25,sh.601018,2025-12-15 20:06:53.901826
-0.02199,2022-08-19,2022-08-26,sh.601018,2025-12-15 20:06:53.901826
0.02376,2022-08-22,2022-08-29,sh.601018,2025-12-15 20:06:53.901826
-0.014046,2022-08-23,2022-08-30,sh.601018,2025-12-15 20:06:53.901826
-0.02184,2022-08-24,2022-08-31,sh.601018,2025-12-15 20:06:53.901826
-0.02612,2022-08-25,2022-09-01,sh.601018,2025-12-15 20:06:53.901826
-0.02612,2022-08-26,2022-09-02,sh.601018,2025-12-15 20:06:53.901826
-0.02184,2022-08-29,2022-09-05,sh.601018,2025-12-15 20:06:53.901826
-0.02612,2022-08-30,2022-09-06,sh.601018,2025-12-15 20:06:53.901826
-0.02184,2022-08-31,2022-09-07,sh.601018,2025-12-15 20:06:53.901826
-0.02184,2022-09-01,2022-09-08,sh.601018,2025-12-15 20:06:53.901826
-0.02184,2022-09-02,2022-09-09,sh.601018,2025-12-15 20:06:53.901826
-0.02184,2022-09-05,2022-09-12,sh.601018,2025-12-15 20:06:53.901826
-0.02612,2022-09-06,2022-09-13,sh.601018,2025-12-15 20:06:53.901826
-0.02612,2022-09-07,2022-09-14,sh.601018,2025-12-15 20:06:53.901826
-0.02612,2022-09-08,2022-09-15,sh.601018,2025-12-15 20:06:53.901826
-0.02612,2022-09-09,2022-09-16,sh.601018,2025-12-15 20:06:53.901826
-0.02612,2022-09-13,2022-09-20,sh.601018,2025-12-15 20:06:53.901826
-0.02612,2022-09-14,2022-09-21,sh.601018,2025-12-15 20:06:53.901826
-0.02184,2022-09-15,2022-09-22,sh.601018,2025-12-15 20:06:53.901826
-0.04388,2022-09-16,2022-09-23,sh.601018,2025-12-15 20:06:53.901826
-0.02199,2022-09-19,2022-09-26,sh.601018,2025-12-15 20:06:53.901826
-0.02199,2022-09-20,2022-09-27,sh.601018,2025-12-15 20:06:53.901826
0.02376,2022-09-21,2022-09-28,sh.601018,2025-12-15 20:06:53.901826
-0.02199,2022-09-22,2022-09-29,sh.601018,2025-12-15 20:06:53.901826
-0.04388,2022-09-23,2022-09-30,sh.601018,2025-12-15 20:06:53.901826
0.02216,2022-09-26,2022-10-03,sh.601018,2025-12-15 20:06:53.901826
0.02148,2022-09-27,2022-10-04,sh.601018,2025-12-15 20:06:53.901826
0.010605,2022-09-28,2022-10-05,sh.601018,2025-12-15 20:06:53.901826
-0.0487,2022-09-29,2022-10-06,sh.601018,2025-12-15 20:06:53.901826
0.01131,2022-09-30,2022-10-07,sh.601018,2025-12-15 20:06:53.901826
0.01131,2022-10-10,2022-10-17,sh.601018,2025-12-15 20:06:53.901826
0.02124,2022-10-11,2022-10-18,sh.601018,2025-12-15 20:06:53.901826
0.02124,2022-10-12,2022-10-19,sh.601018,2025-12-15 20:06:53.901826
0.01131,2022-10-13,2022-10-20,sh.601018,2025-12-15 20:06:53.901826
0.01131,2022-10-14,2022-10-21,sh.601018,2025-12-15 20:06:53.901826
0.01131,2022-10-17,2022-10-24,sh.601018,2025-12-15 20:06:53.901826
0.01131,2022-10-18,2022-10-25,sh.601018,2025-12-15 20:06:53.901826
0.0221,2022-10-19,2022-10-26,sh.601018,2025-12-15 20:06:53.901826
0.01131,2022-10-20,2022-10-27,sh.601018,2025-12-15 20:06:53.901826
0.01131,2022-10-21,2022-10-28,sh.601018,2025-12-15 20:06:53.901826
0.02124,2022-10-24,2022-10-31,sh.601018,2025-12-15 20:06:53.901826
0.008705,2022-10-25,2022-11-01,sh.601018,2025-12-15 20:06:53.901826
0.02907,2022-10-26,2022-11-02,sh.601018,2025-12-15 20:06:53.901826
0.02124,2022-10-27,2022-11-03,sh.601018,2025-12-15 20:06:53.901826
0.008705,2022-10-28,2022-11-04,sh.601018,2025-12-15 20:06:53.901826
0.0333,2022-10-31,2022-11-07,sh.601018,2025-12-15 20:06:53.901826
0.02808,2022-11-01,2022-11-08,sh.601018,2025-12-15 20:06:53.901826
0.02808,2022-11-02,2022-11-09,sh.601018,2025-12-15 20:06:53.901826
0.02808,2022-11-03,2022-11-10,sh.601018,2025-12-15 20:06:53.901826
0.02907,2022-11-04,2022-11-11,sh.601018,2025-12-15 20:06:53.901826
0.02124,2022-11-07,2022-11-14,sh.601018,2025-12-15 20:06:53.901826
0.02124,2022-11-08,2022-11-15,sh.601018,2025-12-15 20:06:53.901826
0.02124,2022-11-09,2022-11-16,sh.601018,2025-12-15 20:06:53.901826
0.0482,2022-11-10,2022-11-17,sh.601018,2025-12-15 20:06:53.901826
0.01131,2022-11-11,2022-11-18,sh.601018,2025-12-15 20:06:53.901826
0.01131,2022-11-14,2022-11-21,sh.601018,2025-12-15 20:06:53.901826
0.01131,2022-11-15,2022-11-22,sh.601018,2025-12-15 20:06:53.901826
0.01131,2022-11-16,2022-11-23,sh.601018,2025-12-15 20:06:53.901826
0.01131,2022-11-17,2022-11-24,sh.601018,2025-12-15 20:06:53.901826
0.01131,2022-11-18,2022-11-25,sh.601018,2025-12-15 20:06:53.901826
0.01503,2022-11-21,2022-11-28,sh.601018,2025-12-15 20:06:53.901826
0.02907,2022-11-22,2022-11-29,sh.601018,2025-12-15 20:06:53.901826
0.02357,2022-11-23,2022-11-30,sh.601018,2025-12-15 20:06:53.901826
0.02357,2022-11-24,2022-12-01,sh.601018,2025-12-15 20:06:53.901826
0.02357,2022-11-25,2022-12-02,sh.601018,2025-12-15 20:06:53.901826
0.02357,2022-11-28,2022-12-05,sh.601018,2025-12-15 20:06:53.901826
0.02724,2022-11-29,2022-12-06,sh.601018,2025-12-15 20:06:53.901826
0.00989,2022-11-30,2022-12-07,sh.601018,2025-12-15 20:06:53.901826
-0.04324,2022-12-01,2022-12-08,sh.601018,2025-12-15 20:06:53.901826
0.02357,2022-12-02,2022-12-09,sh.601018,2025-12-15 20:06:53.901826
0.02724,2022-12-05,2022-12-12,sh.601018,2025-12-15 20:06:53.901826
0.02216,2022-12-06,2022-12-13,sh.601018,2025-12-15 20:06:53.901826
0.02216,2022-12-07,2022-12-14,sh.601018,2025-12-15 20:06:53.901826
-0.01865,2022-12-08,2022-12-15,sh.601018,2025-12-15 20:06:53.901826
0.00989,2022-12-09,2022-12-16,sh.601018,2025-12-15 20:06:53.901826
-0.04324,2022-12-12,2022-12-19,sh.601018,2025-12-15 20:06:53.901826
0.02724,2022-12-13,2022-12-20,sh.601018,2025-12-15 20:06:53.901826
-0.04324,2022-12-14,2022-12-21,sh.601018,2025-12-15 20:06:53.901826
0.01765,2022-12-15,2022-12-22,sh.601018,2025-12-15 20:06:53.901826
0.02357,2022-12-16,2022-12-23,sh.601018,2025-12-15 20:06:53.901826
0.02357,2022-12-19,2022-12-26,sh.601018,2025-12-15 20:06:53.901826
0.02592,2022-12-20,2022-12-27,sh.601018,2025-12-15 20:06:53.901826
0.02357,2022-12-21,2022-12-28,sh.601018,2025-12-15 20:06:53.901826
0.01503,2022-12-22,2022-12-29,sh.601018,2025-12-15 20:06:53.901826
0.0333,2022-12-23,2022-12-30,sh.601018,2025-12-15 20:06:53.901826
0.0333,2022-12-26,2023-01-02,sh.601018,2025-12-15 20:06:53.901826
0.0482,2022-12-27,2023-01-03,sh.601018,2025-12-15 20:06:53.901826
0.03041,2022-12-28,2023-01-04,sh.601018,2025-12-15 20:06:53.901826
0.03323,2022-12-29,2023-01-05,sh.601018,2025-12-15 20:06:53.901826
0.0482,2022-12-30,2023-01-06,sh.601018,2025-12-15 20:06:53.901826
0.03041,2023-01-03,2023-01-10,sh.601018,2025-12-15 20:06:53.901826
0.02357,2023-01-04,2023-01-11,sh.601018,2025-12-15 20:06:53.901826
0.02357,2023-01-05,2023-01-12,sh.601018,2025-12-15 20:06:53.901826
0.03041,2023-01-06,2023-01-13,sh.601018,2025-12-15 20:06:53.901826
0.0329,2023-01-09,2023-01-16,sh.601018,2025-12-15 20:06:53.901826
0.01503,2023-01-10,2023-01-17,sh.601018,2025-12-15 20:06:53.901826
0.03323,2023-01-11,2023-01-18,sh.601018,2025-12-15 20:06:53.901826
0.0333,2023-01-12,2023-01-19,sh.601018,2025-12-15 20:06:53.901826
0.03323,2023-01-13,2023-01-20,sh.601018,2025-12-15 20:06:53.901826
0.03041,2023-01-16,2023-01-23,sh.601018,2025-12-15 20:06:53.901826
0.02357,2023-01-17,2023-01-24,sh.601018,2025-12-15 20:06:53.901826
0.02357,2023-01-18,2023-01-25,sh.601018,2025-12-15 20:06:53.901826
0.02357,2023-01-19,2023-01-26,sh.601018,2025-12-15 20:06:53.901826
0.02357,2023-01-20,2023-01-27,sh.601018,2025-12-15 20:06:53.901826
-0.04324,2023-01-30,2023-02-06,sh.601018,2025-12-15 20:06:53.901826
0.02592,2023-01-31,2023-02-07,sh.601018,2025-12-15 20:06:53.901826
0.02592,2023-02-01,2023-02-08,sh.601018,2025-12-15 20:06:53.901826
0.01765,2023-02-02,2023-02-09,sh.601018,2025-12-15 20:06:53.901826
0.02592,2023-02-03,2023-02-10,sh.601018,2025-12-15 20:06:53.901826
0.02357,2023-02-06,2023-02-13,sh.601018,2025-12-15 20:06:53.901826
0.02357,2023-02-07,2023-02-14,sh.601018,2025-12-15 20:06:53.901826
0.02592,2023-02-08,2023-02-15,sh.601018,2025-12-15 20:06:53.901826
0.02635,2023-02-09,2023-02-16,sh.601018,2025-12-15 20:06:53.901826
0.02592,2023-02-10,2023-02-17,sh.601018,2025-12-15 20:06:53.901826
0.02635,2023-02-13,2023-02-20,sh.601018,2025-12-15 20:06:53.901826
0.02635,2023-02-14,2023-02-21,sh.601018,2025-12-15 20:06:53.901826
0.02635,2023-02-15,2023-02-22,sh.601018,2025-12-15 20:06:53.901826
0.02635,2023-02-16,2023-02-23,sh.601018,2025-12-15 20:06:53.901826
0.02592,2023-02-17,2023-02-24,sh.601018,2025-12-15 20:06:53.901826
0.02592,2023-02-20,2023-02-27,sh.601018,2025-12-15 20:06:53.901826
0.02022,2023-02-21,2023-02-28,sh.601018,2025-12-15 20:06:53.901826
0.02635,2023-02-22,2023-03-01,sh.601018,2025-12-15 20:06:53.901826
0.02592,2023-02-23,2023-03-02,sh.601018,2025-12-15 20:06:53.901826
0.02635,2023-02-24,2023-03-03,sh.601018,2025-12-15 20:06:53.901826
0.02635,2023-02-27,2023-03-06,sh.601018,2025-12-15 20:06:53.901826
0.02592,2023-02-28,2023-03-07,sh.601018,2025-12-15 20:06:53.901826
0.02635,2023-03-01,2023-03-08,sh.601018,2025-12-15 20:06:53.901826
0.02083,2023-03-02,2023-03-09,sh.601018,2025-12-15 20:06:53.901826
0.0301,2023-03-03,2023-03-10,sh.601018,2025-12-15 20:06:53.901826
0.01271,2023-03-06,2023-03-13,sh.601018,2025-12-15 20:06:53.901826
-0.04034,2023-03-07,2023-03-14,sh.601018,2025-12-15 20:06:53.901826
0.02635,2023-03-08,2023-03-15,sh.601018,2025-12-15 20:06:53.901826
0.02083,2023-03-09,2023-03-16,sh.601018,2025-12-15 20:06:53.901826
0.02635,2023-03-10,2023-03-17,sh.601018,2025-12-15 20:06:53.901826
0.02649,2023-03-13,2023-03-20,sh.601018,2025-12-15 20:06:53.901826
0.02649,2023-03-14,2023-03-21,sh.601018,2025-12-15 20:06:53.901826
0.03004,2023-03-15,2023-03-22,sh.601018,2025-12-15 20:06:53.901826
0.01303,2023-03-16,2023-03-23,sh.601018,2025-12-15 20:06:53.901826
0.02457,2023-03-17,2023-03-24,sh.601018,2025-12-15 20:06:53.901826
0.01303,2023-03-20,2023-03-27,sh.601018,2025-12-15 20:06:53.901826
-0.04034,2023-03-21,2023-03-28,sh.601018,2025-12-15 20:06:53.901826
-0.04034,2023-03-22,2023-03-29,sh.601018,2025-12-15 20:06:53.901826
0.02649,2023-03-23,2023-03-30,sh.601018,2025-12-15 20:06:53.901826
0.02649,2023-03-24,2023-03-31,sh.601018,2025-12-15 20:06:53.901826
0.03458,2023-03-27,2023-04-03,sh.601018,2025-12-15 20:06:53.901826
0.02649,2023-03-28,2023-04-04,sh.601018,2025-12-15 20:06:53.901826
0.03473,2023-03-29,2023-04-05,sh.601018,2025-12-15 20:06:53.901826
0.03473,2023-03-30,2023-04-06,sh.601018,2025-12-15 20:06:53.901826
0.02649,2023-03-31,2023-04-07,sh.601018,2025-12-15 20:06:53.901826
0.03473,2023-04-03,2023-04-10,sh.601018,2025-12-15 20:06:53.901826
0.03696,2023-04-04,2023-04-11,sh.601018,2025-12-15 20:06:53.901826
0.0099,2023-04-06,2023-04-13,sh.601018,2025-12-15 20:06:53.901826
0.0099,2023-04-07,2023-04-14,sh.601018,2025-12-15 20:06:53.901826
-0.03998,2023-04-10,2023-04-17,sh.601018,2025-12-15 20:06:53.901826
0.0225,2023-04-11,2023-04-18,sh.601018,2025-12-15 20:06:53.901826
0.0099,2023-04-12,2023-04-19,sh.601018,2025-12-15 20:06:53.901826
0.00892,2023-04-13,2023-04-20,sh.601018,2025-12-15 20:06:53.901826
0.00892,2023-04-14,2023-04-21,sh.601018,2025-12-15 20:06:53.901826
0.00892,2023-04-17,2023-04-24,sh.601018,2025-12-15 20:06:53.901826
0.00892,2023-04-18,2023-04-25,sh.601018,2025-12-15 20:06:53.901826
0.0335,2023-04-19,2023-04-26,sh.601018,2025-12-15 20:06:53.901826
-0.04285,2023-04-20,2023-04-27,sh.601018,2025-12-15 20:06:53.901826
-0.02031,2023-04-21,2023-04-28,sh.601018,2025-12-15 20:06:53.901826
0.00892,2023-04-24,2023-05-01,sh.601018,2025-12-15 20:06:53.901826
0.00892,2023-04-25,2023-05-02,sh.601018,2025-12-15 20:06:53.901826
0.00892,2023-04-26,2023-05-03,sh.601018,2025-12-15 20:06:53.901826
0.00892,2023-04-27,2023-05-04,sh.601018,2025-12-15 20:06:53.901826
0.00892,2023-04-28,2023-05-05,sh.601018,2025-12-15 20:06:53.901826
-0.02031,2023-05-04,2023-05-11,sh.601018,2025-12-15 20:06:53.901826
-0.01072,2023-05-05,2023-05-12,sh.601018,2025-12-15 20:06:53.901826
-0.05176,2023-05-08,2023-05-15,sh.601018,2025-12-15 20:06:53.901826
-0.05176,2023-05-09,2023-05-16,sh.601018,2025-12-15 20:06:53.901826
-0.02031,2023-05-10,2023-05-17,sh.601018,2025-12-15 20:06:53.901826
-0.02278,2023-05-11,2023-05-18,sh.601018,2025-12-15 20:06:53.901826
0.00892,2023-05-12,2023-05-19,sh.601018,2025-12-15 20:06:53.901826
0.0099,2023-05-15,2023-05-22,sh.601018,2025-12-15 20:06:53.901826
-0.0806,2023-05-16,2023-05-23,sh.601018,2025-12-15 20:06:53.901826
0.03473,2023-05-17,2023-05-24,sh.601018,2025-12-15 20:06:53.901826
-0.00968,2023-05-18,2023-05-25,sh.601018,2025-12-15 20:06:53.901826
0.008,2023-05-19,2023-05-26,sh.601018,2025-12-15 20:06:53.901826
0.008,2023-05-22,2023-05-29,sh.601018,2025-12-15 20:06:53.901826
-0.007427,2023-05-23,2023-05-30,sh.601018,2025-12-15 20:06:53.901826
-0.01153,2023-05-24,2023-05-31,sh.601018,2025-12-15 20:06:53.901826
-0.01153,2023-05-25,2023-06-01,sh.601018,2025-12-15 20:06:53.901826
-0.01268,2023-05-26,2023-06-02,sh.601018,2025-12-15 20:06:53.901826
0.008,2023-05-29,2023-06-05,sh.601018,2025-12-15 20:06:53.901826
-0.01021,2023-05-30,2023-06-06,sh.601018,2025-12-15 20:06:53.901826
-0.007427,2023-05-31,2023-06-07,sh.601018,2025-12-15 20:06:53.901826
-0.01153,2023-06-01,2023-06-08,sh.601018,2025-12-15 20:06:53.901826
-0.01021,2023-06-02,2023-06-09,sh.601018,2025-12-15 20:06:53.901826
0.008,2023-06-05,2023-06-12,sh.601018,2025-12-15 20:06:53.901826
-0.007427,2023-06-06,2023-06-13,sh.601018,2025-12-15 20:06:53.901826
-0.01153,2023-06-07,2023-06-14,sh.601018,2025-12-15 20:06:53.901826
-0.01268,2023-06-08,2023-06-15,sh.601018,2025-12-15 20:06:53.901826
0.008,2023-06-09,2023-06-16,sh.601018,2025-12-15 20:06:53.901826
-0.01021,2023-06-12,2023-06-19,sh.601018,2025-12-15 20:06:53.901826
-0.01153,2023-06-13,2023-06-20,sh.601018,2025-12-15 20:06:53.901826
0.02815,2023-06-14,2023-06-21,sh.601018,2025-12-15 20:06:53.901826
0.02815,2023-06-15,2023-06-22,sh.601018,2025-12-15 20:06:53.901826
0.02815,2023-06-16,2023-06-23,sh.601018,2025-12-15 20:06:53.901826
0.02815,2023-06-19,2023-06-26,sh.601018,2025-12-15 20:06:53.901826
0.02815,2023-06-20,2023-06-27,sh.601018,2025-12-15 20:06:53.901826
0.02815,2023-06-21,2023-06-28,sh.601018,2025-12-15 20:06:53.901826
-0.06323,2023-06-26,2023-07-03,sh.601018,2025-12-15 20:06:53.901826
0.0282,2023-06-27,2023-07-04,sh.601018,2025-12-15 20:06:53.901826
0.02815,2023-06-28,2023-07-05,sh.601018,2025-12-15 20:06:53.901826
0.02815,2023-06-29,2023-07-06,sh.601018,2025-12-15 20:06:53.901826
0.02815,2023-06-30,2023-07-07,sh.601018,2025-12-15 20:06:53.901826
0.02815,2023-07-03,2023-07-10,sh.601018,2025-12-15 20:06:53.901826
0.02815,2023-07-04,2023-07-11,sh.601018,2025-12-15 20:06:53.901826
0.02815,2023-07-05,2023-07-12,sh.601018,2025-12-15 20:06:53.901826
0.02815,2023-07-06,2023-07-13,sh.601018,2025-12-15 20:06:53.901826
0.02815,2023-07-07,2023-07-14,sh.601018,2025-12-15 20:06:53.901826
0.02815,2023-07-10,2023-07-17,sh.601018,2025-12-15 20:06:53.901826
0.02815,2023-07-11,2023-07-18,sh.601018,2025-12-15 20:06:53.901826
0.02815,2023-07-12,2023-07-19,sh.601018,2025-12-15 20:06:53.901826
0.02815,2023-07-13,2023-07-20,sh.601018,2025-12-15 20:06:53.901826
0.02815,2023-07-14,2023-07-21,sh.601018,2025-12-15 20:06:53.901826
0.02815,2023-07-17,2023-07-24,sh.601018,2025-12-15 20:06:53.901826
0.02815,2023-07-18,2023-07-25,sh.601018,2025-12-15 20:06:53.901826
0.02815,2023-07-19,2023-07-26,sh.601018,2025-12-15 20:06:53.901826
0.02815,2023-07-20,2023-07-27,sh.601018,2025-12-15 20:06:53.901826
-0.01153,2023-07-21,2023-07-28,sh.601018,2025-12-15 20:06:53.901826
-0.01268,2023-07-24,2023-07-31,sh.601018,2025-12-15 20:06:53.901826
0.008,2023-07-25,2023-08-01,sh.601018,2025-12-15 20:06:53.901826
0.008,2023-07-26,2023-08-02,sh.601018,2025-12-15 20:06:53.901826
0.008,2023-07-27,2023-08-03,sh.601018,2025-12-15 20:06:53.901826
0.008,2023-07-28,2023-08-04,sh.601018,2025-12-15 20:06:53.901826
0.008,2023-07-31,2023-08-07,sh.601018,2025-12-15 20:06:53.901826
-0.00968,2023-08-01,2023-08-08,sh.601018,2025-12-15 20:06:53.901826
0.008,2023-08-02,2023-08-09,sh.601018,2025-12-15 20:06:53.901826
0.008,2023-08-03,2023-08-10,sh.601018,2025-12-15 20:06:53.901826
0.008,2023-08-04,2023-08-11,sh.601018,2025-12-15 20:06:53.901826
0.008,2023-08-07,2023-08-14,sh.601018,2025-12-15 20:06:53.901826
-0.01021,2023-08-08,2023-08-15,sh.601018,2025-12-15 20:06:53.901826
-0.007427,2023-08-09,2023-08-16,sh.601018,2025-12-15 20:06:53.901826
-0.01268,2023-08-10,2023-08-17,sh.601018,2025-12-15 20:06:53.901826
-0.007427,2023-08-11,2023-08-18,sh.601018,2025-12-15 20:06:53.901826
0.02815,2023-08-14,2023-08-21,sh.601018,2025-12-15 20:06:53.901826
-0.01268,2023-08-15,2023-08-22,sh.601018,2025-12-15 20:06:53.901826
-0.007427,2023-08-16,2023-08-23,sh.601018,2025-12-15 20:06:53.901826
0.02815,2023-08-17,2023-08-24,sh.601018,2025-12-15 20:06:53.901826
-0.01153,2023-08-18,2023-08-25,sh.601018,2025-12-15 20:06:53.901826
-0.007427,2023-08-21,2023-08-28,sh.601018,2025-12-15 20:06:53.901826
0.02815,2023-08-22,2023-08-29,sh.601018,2025-12-15 20:06:53.901826
0.02815,2023-08-23,2023-08-30,sh.601018,2025-12-15 20:06:53.901826
0.02815,2023-08-24,2023-08-31,sh.601018,2025-12-15 20:06:53.901826
0.02815,2023-08-25,2023-09-01,sh.601018,2025-12-15 20:06:53.901826
-0.007427,2023-08-28,2023-09-04,sh.601018,2025-12-15 20:06:53.901826
0.02815,2023-08-29,2023-09-05,sh.601018,2025-12-15 20:06:53.901826
0.02815,2023-08-30,2023-09-06,sh.601018,2025-12-15 20:06:53.901826
0.02815,2023-08-31,2023-09-07,sh.601018,2025-12-15 20:06:53.901826
0.02815,2023-09-01,2023-09-08,sh.601018,2025-12-15 20:06:53.901826
-0.01153,2023-09-04,2023-09-11,sh.601018,2025-12-15 20:06:53.901826
0.02815,2023-09-05,2023-09-12,sh.601018,2025-12-15 20:06:53.901826
0.02815,2023-09-06,2023-09-13,sh.601018,2025-12-15 20:06:53.901826
0.02815,2023-09-07,2023-09-14,sh.601018,2025-12-15 20:06:53.901826
0.02815,2023-09-08,2023-09-15,sh.601018,2025-12-15 20:06:53.901826
0.02815,2023-09-11,2023-09-18,sh.601018,2025-12-15 20:06:53.901826
0.02815,2023-09-12,2023-09-19,sh.601018,2025-12-15 20:06:53.901826
0.02815,2023-09-13,2023-09-20,sh.601018,2025-12-15 20:06:53.901826
0.02815,2023-09-14,2023-09-21,sh.601018,2025-12-15 20:06:53.901826
0.02815,2023-09-15,2023-09-22,sh.601018,2025-12-15 20:06:53.901826
0.02815,2023-09-18,2023-09-25,sh.601018,2025-12-15 20:06:53.901826
-0.01268,2023-09-19,2023-09-26,sh.601018,2025-12-15 20:06:53.901826
0.008,2023-09-20,2023-09-27,sh.601018,2025-12-15 20:06:53.901826
0.008,2023-09-21,2023-09-28,sh.601018,2025-12-15 20:06:53.901826
-0.01021,2023-09-22,2023-09-29,sh.601018,2025-12-15 20:06:53.901826
-0.01021,2023-09-25,2023-10-02,sh.601018,2025-12-15 20:06:53.901826
0.008,2023-09-26,2023-10-03,sh.601018,2025-12-15 20:06:53.901826
-0.007427,2023-09-27,2023-10-04,sh.601018,2025-12-15 20:06:53.901826
0.02815,2023-09-28,2023-10-05,sh.601018,2025-12-15 20:06:53.901826
-0.01153,2023-10-09,2023-10-16,sh.601018,2025-12-15 20:06:53.901826
0.02815,2023-10-10,2023-10-17,sh.601018,2025-12-15 20:06:53.901826
0.02815,2023-10-11,2023-10-18,sh.601018,2025-12-15 20:06:53.901826
0.02815,2023-10-12,2023-10-19,sh.601018,2025-12-15 20:06:53.901826
0.02815,2023-10-13,2023-10-20,sh.601018,2025-12-15 20:06:53.901826
0.02815,2023-10-16,2023-10-23,sh.601018,2025-12-15 20:06:53.901826
0.02815,2023-10-17,2023-10-24,sh.601018,2025-12-15 20:06:53.901826
0.02815,2023-10-18,2023-10-25,sh.601018,2025-12-15 20:06:53.901826
-0.06323,2023-10-19,2023-10-26,sh.601018,2025-12-15 20:06:53.901826
-0.01013,2023-10-20,2023-10-27,sh.601018,2025-12-15 20:06:53.901826
-0.02806,2023-10-23,2023-10-30,sh.601018,2025-12-15 20:06:53.901826
-0.02806,2023-10-24,2023-10-31,sh.601018,2025-12-15 20:06:53.901826
-0.02806,2023-10-25,2023-11-01,sh.601018,2025-12-15 20:06:53.901826
0.04395,2023-10-26,2023-11-02,sh.601018,2025-12-15 20:06:53.901826
0.02815,2023-10-27,2023-11-03,sh.601018,2025-12-15 20:06:53.901826
-0.01153,2023-10-30,2023-11-06,sh.601018,2025-12-15 20:06:53.901826
-0.01153,2023-10-31,2023-11-07,sh.601018,2025-12-15 20:06:53.901826
-0.01021,2023-11-01,2023-11-08,sh.601018,2025-12-15 20:06:53.901826
-0.01268,2023-11-02,2023-11-09,sh.601018,2025-12-15 20:06:53.901826
-0.007427,2023-11-03,2023-11-10,sh.601018,2025-12-15 20:06:53.901826
0.02815,2023-11-06,2023-11-13,sh.601018,2025-12-15 20:06:53.901826
0.02815,2023-11-07,2023-11-14,sh.601018,2025-12-15 20:06:53.901826
0.02815,2023-11-08,2023-11-15,sh.601018,2025-12-15 20:06:53.901826
0.02815,2023-11-09,2023-11-16,sh.601018,2025-12-15 20:06:53.901826
0.02815,2023-11-10,2023-11-17,sh.601018,2025-12-15 20:06:53.901826
-0.01268,2023-11-13,2023-11-20,sh.601018,2025-12-15 20:06:53.901826
-0.01021,2023-11-14,2023-11-21,sh.601018,2025-12-15 20:06:53.901826
-0.01021,2023-11-15,2023-11-22,sh.601018,2025-12-15 20:06:53.901826
-0.01021,2023-11-16,2023-11-23,sh.601018,2025-12-15 20:06:53.901826
-0.01153,2023-11-17,2023-11-24,sh.601018,2025-12-15 20:06:53.901826
-0.01268,2023-11-20,2023-11-27,sh.601018,2025-12-15 20:06:53.901826
0.008,2023-11-21,2023-11-28,sh.601018,2025-12-15 20:06:53.901826
0.008,2023-11-22,2023-11-29,sh.601018,2025-12-15 20:06:53.901826
0.008,2023-11-23,2023-11-30,sh.601018,2025-12-15 20:06:53.901826
-0.00968,2023-11-24,2023-12-01,sh.601018,2025-12-15 20:06:53.901826
-0.01619,2023-11-27,2023-12-04,sh.601018,2025-12-15 20:06:53.901826
-0.01909,2023-11-28,2023-12-05,sh.601018,2025-12-15 20:06:53.901826
-0.01909,2023-11-29,2023-12-06,sh.601018,2025-12-15 20:06:53.901826
-0.01909,2023-11-30,2023-12-07,sh.601018,2025-12-15 20:06:53.901826
-0.0354,2023-12-01,2023-12-08,sh.601018,2025-12-15 20:06:53.901826
-0.0354,2023-12-04,2023-12-11,sh.601018,2025-12-15 20:06:53.901826
-0.0354,2023-12-05,2023-12-12,sh.601018,2025-12-15 20:06:53.901826
-0.0354,2023-12-06,2023-12-13,sh.601018,2025-12-15 20:06:53.901826
-0.0354,2023-12-07,2023-12-14,sh.601018,2025-12-15 20:06:53.901826
-0.0354,2023-12-08,2023-12-15,sh.601018,2025-12-15 20:06:53.901826
-0.01909,2023-12-11,2023-12-18,sh.601018,2025-12-15 20:06:53.901826
-0.0354,2023-12-12,2023-12-19,sh.601018,2025-12-15 20:06:53.901826
-0.0354,2023-12-13,2023-12-20,sh.601018,2025-12-15 20:06:53.901826
-0.0354,2023-12-14,2023-12-21,sh.601018,2025-12-15 20:06:53.901826
-0.0354,2023-12-15,2023-12-22,sh.601018,2025-12-15 20:06:53.901826
-0.0354,2023-12-18,2023-12-25,sh.601018,2025-12-15 20:06:53.901826
-0.0354,2023-12-19,2023-12-26,sh.601018,2025-12-15 20:06:53.901826
-0.0354,2023-12-20,2023-12-27,sh.601018,2025-12-15 20:06:53.901826
-0.01909,2023-12-21,2023-12-28,sh.601018,2025-12-15 20:06:53.901826
-0.0354,2023-12-22,2023-12-29,sh.601018,2025-12-15 20:06:53.901826
-0.01909,2023-12-25,2024-01-01,sh.601018,2025-12-15 20:06:53.901826
-0.0354,2023-12-26,2024-01-02,sh.601018,2025-12-15 20:06:53.901826
-0.01909,2023-12-27,2024-01-03,sh.601018,2025-12-15 20:06:53.901826
-0.0806,2023-12-28,2024-01-04,sh.601018,2025-12-15 20:06:53.901826
0.008,2023-12-29,2024-01-05,sh.601018,2025-12-15 20:06:53.901826
-0.01619,2024-01-02,2024-01-09,sh.601018,2025-12-15 20:06:53.901826
-0.01619,2024-01-03,2024-01-10,sh.601018,2025-12-15 20:06:53.901826
-0.0354,2024-01-04,2024-01-11,sh.601018,2025-12-15 20:06:53.901826
-0.0354,2024-01-05,2024-01-12,sh.601018,2025-12-15 20:06:53.901826
-0.0806,2024-01-08,2024-01-15,sh.601018,2025-12-15 20:06:53.901826
-0.00968,2024-01-09,2024-01-16,sh.601018,2025-12-15 20:06:53.901826
-0.01619,2024-01-10,2024-01-17,sh.601018,2025-12-15 20:06:53.901826
-0.00968,2024-01-11,2024-01-18,sh.601018,2025-12-15 20:06:53.901826
-0.01619,2024-01-12,2024-01-19,sh.601018,2025-12-15 20:06:53.901826
-0.01909,2024-01-15,2024-01-22,sh.601018,2025-12-15 20:06:53.901826
-0.01909,2024-01-16,2024-01-23,sh.601018,2025-12-15 20:06:53.901826
-0.0806,2024-01-17,2024-01-24,sh.601018,2025-12-15 20:06:53.901826
-0.01021,2024-01-18,2024-01-25,sh.601018,2025-12-15 20:06:53.901826
-0.01021,2024-01-19,2024-01-26,sh.601018,2025-12-15 20:06:53.901826
-0.007427,2024-01-22,2024-01-29,sh.601018,2025-12-15 20:06:53.901826
0.0282,2024-01-23,2024-01-30,sh.601018,2025-12-15 20:06:53.901826
-0.01268,2024-01-24,2024-01-31,sh.601018,2025-12-15 20:06:53.901826
0.00688,2024-01-25,2024-02-01,sh.601018,2025-12-15 20:06:53.901826
-0.0354,2024-01-26,2024-02-02,sh.601018,2025-12-15 20:06:53.901826
-0.05536,2024-01-29,2024-02-05,sh.601018,2025-12-15 20:06:53.901826
-0.01909,2024-01-30,2024-02-06,sh.601018,2025-12-15 20:06:53.901826
-0.0806,2024-01-31,2024-02-07,sh.601018,2025-12-15 20:06:53.901826
-0.00968,2024-02-01,2024-02-08,sh.601018,2025-12-15 20:06:53.901826
-0.01938,2024-02-02,2024-02-09,sh.601018,2025-12-15 20:06:53.901826
-0.007427,2024-02-05,2024-02-12,sh.601018,2025-12-15 20:06:53.901826
-0.01268,2024-02-06,2024-02-13,sh.601018,2025-12-15 20:06:53.901826
-0.007427,2024-02-07,2024-02-14,sh.601018,2025-12-15 20:06:53.901826
0.0282,2024-02-08,2024-02-15,sh.601018,2025-12-15 20:06:53.901826
-0.01268,2024-02-19,2024-02-26,sh.601018,2025-12-15 20:06:53.901826
0.008,2024-02-20,2024-02-27,sh.601018,2025-12-15 20:06:53.901826
-0.00968,2024-02-21,2024-02-28,sh.601018,2025-12-15 20:06:53.901826
0.008,2024-02-22,2024-02-29,sh.601018,2025-12-15 20:06:53.901826
-0.00968,2024-02-23,2024-03-01,sh.601018,2025-12-15 20:06:53.901826
0.008,2024-02-26,2024-03-04,sh.601018,2025-12-15 20:06:53.901826
-0.00968,2024-02-27,2024-03-05,sh.601018,2025-12-15 20:06:53.901826
0.008,2024-02-28,2024-03-06,sh.601018,2025-12-15 20:06:53.901826
0.008,2024-02-29,2024-03-07,sh.601018,2025-12-15 20:06:53.901826
0.008,2024-03-01,2024-03-08,sh.601018,2025-12-15 20:06:53.901826
-0.01021,2024-03-04,2024-03-11,sh.601018,2025-12-15 20:06:53.901826
-0.01153,2024-03-05,2024-03-12,sh.601018,2025-12-15 20:06:53.901826
0.02815,2024-03-06,2024-03-13,sh.601018,2025-12-15 20:06:53.901826
-0.01153,2024-03-07,2024-03-14,sh.601018,2025-12-15 20:06:53.901826
0.02815,2024-03-08,2024-03-15,sh.601018,2025-12-15 20:06:53.901826
0.02815,2024-03-11,2024-03-18,sh.601018,2025-12-15 20:06:53.901826
0.02815,2024-03-12,2024-03-19,sh.601018,2025-12-15 20:06:53.901826
0.02815,2024-03-13,2024-03-20,sh.601018,2025-12-15 20:06:53.901826
0.02815,2024-03-14,2024-03-21,sh.601018,2025-12-15 20:06:53.901826
0.02815,2024-03-15,2024-03-22,sh.601018,2025-12-15 20:06:53.901826
-0.01268,2024-03-18,2024-03-25,sh.601018,2025-12-15 20:06:53.901826
-0.007427,2024-03-19,2024-03-26,sh.601018,2025-12-15 20:06:53.901826
-0.01153,2024-03-20,2024-03-27,sh.601018,2025-12-15 20:06:53.901826
-0.01268,2024-03-21,2024-03-28,sh.601018,2025-12-15 20:06:53.901826
-0.007427,2024-03-22,2024-03-29,sh.601018,2025-12-15 20:06:53.901826
0.02815,2024-03-25,2024-04-01,sh.601018,2025-12-15 20:06:53.901826
0.02815,2024-03-26,2024-04-02,sh.601018,2025-12-15 20:06:53.901826
0.02815,2024-03-27,2024-04-03,sh.601018,2025-12-15 20:06:53.901826
0.03287,2024-03-28,2024-04-04,sh.601018,2025-12-15 20:06:53.901826
0.02815,2024-03-29,2024-04-05,sh.601018,2025-12-15 20:06:53.901826
0.04312,2024-04-01,2024-04-08,sh.601018,2025-12-15 20:06:53.901826
0.04086,2024-04-02,2024-04-09,sh.601018,2025-12-15 20:06:53.901826
0.03473,2024-04-03,2024-04-10,sh.601018,2025-12-15 20:06:53.901826
0.008,2024-04-08,2024-04-15,sh.601018,2025-12-15 20:06:53.901826
0.0225,2024-04-09,2024-04-16,sh.601018,2025-12-15 20:06:53.901826
0.0225,2024-04-10,2024-04-17,sh.601018,2025-12-15 20:06:53.901826
0.03696,2024-04-11,2024-04-18,sh.601018,2025-12-15 20:06:53.901826
0.00892,2024-04-12,2024-04-19,sh.601018,2025-12-15 20:06:53.901826
0.0099,2024-04-15,2024-04-22,sh.601018,2025-12-15 20:06:53.901826
0.0099,2024-04-16,2024-04-23,sh.601018,2025-12-15 20:06:53.901826
0.0099,2024-04-17,2024-04-24,sh.601018,2025-12-15 20:06:53.901826
-0.02031,2024-04-18,2024-04-25,sh.601018,2025-12-15 20:06:53.901826
0.00892,2024-04-19,2024-04-26,sh.601018,2025-12-15 20:06:53.901826
0.00892,2024-04-22,2024-04-29,sh.601018,2025-12-15 20:06:53.901826
-0.03998,2024-04-23,2024-04-30,sh.601018,2025-12-15 20:06:53.901826
0.0225,2024-04-24,2024-05-01,sh.601018,2025-12-15 20:06:53.901826
0.03696,2024-04-25,2024-05-02,sh.601018,2025-12-15 20:06:53.901826
-0.03998,2024-04-26,2024-05-03,sh.601018,2025-12-15 20:06:53.901826
0.0225,2024-04-29,2024-05-06,sh.601018,2025-12-15 20:06:53.901826
0.03696,2024-04-30,2024-05-07,sh.601018,2025-12-15 20:06:53.901826
0.00892,2024-05-06,2024-05-13,sh.601018,2025-12-15 20:06:53.901826
0.00892,2024-05-07,2024-05-14,sh.601018,2025-12-15 20:06:53.901826
0.00892,2024-05-08,2024-05-15,sh.601018,2025-12-15 20:06:53.901826
0.00892,2024-05-09,2024-05-16,sh.601018,2025-12-15 20:06:53.901826
0.00892,2024-05-10,2024-05-17,sh.601018,2025-12-15 20:06:53.901826
0.0335,2024-05-13,2024-05-20,sh.601018,2025-12-15 20:06:53.901826
-0.04285,2024-05-14,2024-05-21,sh.601018,2025-12-15 20:06:53.901826
0.00892,2024-05-15,2024-05-22,sh.601018,2025-12-15 20:06:53.901826
0.00892,2024-05-16,2024-05-23,sh.601018,2025-12-15 20:06:53.901826
0.00892,2024-05-17,2024-05-24,sh.601018,2025-12-15 20:06:53.901826
0.00892,2024-05-20,2024-05-27,sh.601018,2025-12-15 20:06:53.901826
0.00892,2024-05-21,2024-05-28,sh.601018,2025-12-15 20:06:53.901826
0.00892,2024-05-22,2024-05-29,sh.601018,2025-12-15 20:06:53.901826
-0.03998,2024-05-23,2024-05-30,sh.601018,2025-12-15 20:06:53.901826
0.03696,2024-05-24,2024-05-31,sh.601018,2025-12-15 20:06:53.901826
0.00892,2024-05-27,2024-06-03,sh.601018,2025-12-15 20:06:53.901826
-0.02031,2024-05-28,2024-06-04,sh.601018,2025-12-15 20:06:53.901826
-0.02031,2024-05-29,2024-06-05,sh.601018,2025-12-15 20:06:53.901826
0.00892,2024-05-30,2024-06-06,sh.601018,2025-12-15 20:06:53.901826
0.00892,2024-05-31,2024-06-07,sh.601018,2025-12-15 20:06:53.901826
0.0099,2024-06-03,2024-06-10,sh.601018,2025-12-15 20:06:53.901826
0.0099,2024-06-04,2024-06-11,sh.601018,2025-12-15 20:06:53.901826
-0.03998,2024-06-05,2024-06-12,sh.601018,2025-12-15 20:06:53.901826
0.03473,2024-06-06,2024-06-13,sh.601018,2025-12-15 20:06:53.901826
0.03696,2024-06-07,2024-06-14,sh.601018,2025-12-15 20:06:53.901826
-0.03998,2024-06-11,2024-06-18,sh.601018,2025-12-15 20:06:53.901826
0.03473,2024-06-12,2024-06-19,sh.601018,2025-12-15 20:06:53.901826
0.03473,2024-06-13,2024-06-20,sh.601018,2025-12-15 20:06:53.901826
0.0325,2024-06-14,2024-06-21,sh.601018,2025-12-15 20:06:53.901826
0.02803,2024-06-17,2024-06-24,sh.601018,2025-12-15 20:06:53.901826
0.04086,2024-06-18,2024-06-25,sh.601018,2025-12-15 20:06:53.901826
0.02803,2024-06-19,2024-06-26,sh.601018,2025-12-15 20:06:53.901826
0.04312,2024-06-20,2024-06-27,sh.601018,2025-12-15 20:06:53.901826
0.04086,2024-06-21,2024-06-28,sh.601018,2025-12-15 20:06:53.901826
0.02803,2024-06-24,2024-07-01,sh.601018,2025-12-15 20:06:53.901826
0.04312,2024-06-25,2024-07-02,sh.601018,2025-12-15 20:06:53.901826
0.04086,2024-06-26,2024-07-03,sh.601018,2025-12-15 20:06:53.901826
0.04312,2024-06-27,2024-07-04,sh.601018,2025-12-15 20:06:53.901826
0.04086,2024-06-28,2024-07-05,sh.601018,2025-12-15 20:06:53.901826
0.03473,2024-07-01,2024-07-08,sh.601018,2025-12-15 20:06:53.901826
0.0225,2024-07-02,2024-07-09,sh.601018,2025-12-15 20:06:53.901826
0.0225,2024-07-03,2024-07-10,sh.601018,2025-12-15 20:06:53.901826
-0.04,2024-07-04,2024-07-11,sh.601018,2025-12-15 20:06:53.901826
0.03473,2024-07-05,2024-07-12,sh.601018,2025-12-15 20:06:53.901826
0.03473,2024-07-08,2024-07-15,sh.601018,2025-12-15 20:06:53.901826
0.03458,2024-07-09,2024-07-16,sh.601018,2025-12-15 20:06:53.901826
0.03473,2024-07-10,2024-07-17,sh.601018,2025-12-15 20:06:53.901826
0.03473,2024-07-11,2024-07-18,sh.601018,2025-12-15 20:06:53.901826
0.03473,2024-07-12,2024-07-19,sh.601018,2025-12-15 20:06:53.901826
0.0368,2024-07-15,2024-07-22,sh.601018,2025-12-15 20:06:53.901826
0.0099,2024-07-16,2024-07-23,sh.601018,2025-12-15 20:06:53.901826
0.02235,2024-07-17,2024-07-24,sh.601018,2025-12-15 20:06:53.901826
0.0368,2024-07-18,2024-07-25,sh.601018,2025-12-15 20:06:53.901826
0.02235,2024-07-19,2024-07-26,sh.601018,2025-12-15 20:06:53.901826
0.03458,2024-07-22,2024-07-29,sh.601018,2025-12-15 20:06:53.901826
0.0206,2024-07-23,2024-07-30,sh.601018,2025-12-15 20:06:53.901826
0.03004,2024-07-24,2024-07-31,sh.601018,2025-12-15 20:06:53.901826
0.009766,2024-07-25,2024-08-01,sh.601018,2025-12-15 20:06:53.901826
0.02466,2024-07-26,2024-08-02,sh.601018,2025-12-15 20:06:53.901826
0.00892,2024-07-29,2024-08-05,sh.601018,2025-12-15 20:06:53.901826
0.00892,2024-07-30,2024-08-06,sh.601018,2025-12-15 20:06:53.901826
-0.02046,2024-07-31,2024-08-07,sh.601018,2025-12-15 20:06:53.901826
0.02466,2024-08-01,2024-08-08,sh.601018,2025-12-15 20:06:53.901826
0.02466,2024-08-02,2024-08-09,sh.601018,2025-12-15 20:06:53.901826
0.00892,2024-08-05,2024-08-12,sh.601018,2025-12-15 20:06:53.901826
0.02466,2024-08-06,2024-08-13,sh.601018,2025-12-15 20:06:53.901826
0.02466,2024-08-07,2024-08-14,sh.601018,2025-12-15 20:06:53.901826
0.02466,2024-08-08,2024-08-15,sh.601018,2025-12-15 20:06:53.901826
0.00892,2024-08-09,2024-08-16,sh.601018,2025-12-15 20:06:53.901826
0.02466,2024-08-12,2024-08-19,sh.601018,2025-12-15 20:06:53.901826
0.02466,2024-08-13,2024-08-20,sh.601018,2025-12-15 20:06:53.901826
0.00892,2024-08-14,2024-08-21,sh.601018,2025-12-15 20:06:53.901826
0.02466,2024-08-15,2024-08-22,sh.601018,2025-12-15 20:06:53.901826
0.0334,2024-08-16,2024-08-23,sh.601018,2025-12-15 20:06:53.901826
0.04214,2024-08-19,2024-08-26,sh.601018,2025-12-15 20:06:53.901826
-0.043,2024-08-20,2024-08-27,sh.601018,2025-12-15 20:06:53.901826
-0.043,2024-08-21,2024-08-28,sh.601018,2025-12-15 20:06:53.901826
0.0334,2024-08-22,2024-08-29,sh.601018,2025-12-15 20:06:53.901826
-0.043,2024-08-23,2024-08-30,sh.601018,2025-12-15 20:06:53.901826
0.02466,2024-08-26,2024-09-02,sh.601018,2025-12-15 20:06:53.901826
0.02466,2024-08-27,2024-09-03,sh.601018,2025-12-15 20:06:53.901826
0.02466,2024-08-28,2024-09-04,sh.601018,2025-12-15 20:06:53.901826
-0.04,2024-08-29,2024-09-05,sh.601018,2025-12-15 20:06:53.901826
0.03473,2024-08-30,2024-09-06,sh.601018,2025-12-15 20:06:53.901826
0.02768,2024-09-02,2024-09-09,sh.601018,2025-12-15 20:06:53.901826
0.03238,2024-09-03,2024-09-10,sh.601018,2025-12-15 20:06:53.901826
0.02768,2024-09-04,2024-09-11,sh.601018,2025-12-15 20:06:53.901826
0.03287,2024-09-05,2024-09-12,sh.601018,2025-12-15 20:06:53.901826
0.043,2024-09-06,2024-09-13,sh.601018,2025-12-15 20:06:53.901826
0.03287,2024-09-09,2024-09-16,sh.601018,2025-12-15 20:06:53.901826
0.0327,2024-09-10,2024-09-17,sh.601018,2025-12-15 20:06:53.901826
-0.006916,2024-09-11,2024-09-18,sh.601018,2025-12-15 20:06:53.901826
0.0513,2024-09-12,2024-09-19,sh.601018,2025-12-15 20:06:53.901826
-0.006916,2024-09-13,2024-09-20,sh.601018,2025-12-15 20:06:53.901826
0.0513,2024-09-18,2024-09-25,sh.601018,2025-12-15 20:06:53.901826
0.0328,2024-09-19,2024-09-26,sh.601018,2025-12-15 20:06:53.901826
0.0625,2024-09-20,2024-09-27,sh.601018,2025-12-15 20:06:53.901826
0.0625,2024-09-23,2024-09-30,sh.601018,2025-12-15 20:06:53.901826
0.03986,2024-09-24,2024-10-01,sh.601018,2025-12-15 20:06:53.901826
0.02649,2024-09-25,2024-10-02,sh.601018,2025-12-15 20:06:53.901826
0.02649,2024-09-26,2024-10-03,sh.601018,2025-12-15 20:06:53.901826
0.02505,2024-09-27,2024-10-04,sh.601018,2025-12-15 20:06:53.901826
-0.02081,2024-09-30,2024-10-07,sh.601018,2025-12-15 20:06:53.901826
-0.0533,2024-10-08,2024-10-15,sh.601018,2025-12-15 20:06:53.901826
-0.0954,2024-10-09,2024-10-16,sh.601018,2025-12-15 20:06:53.901826
-0.02232,2024-10-10,2024-10-17,sh.601018,2025-12-15 20:06:53.901826
-0.01125,2024-10-11,2024-10-18,sh.601018,2025-12-15 20:06:53.901826
-0.01125,2024-10-14,2024-10-21,sh.601018,2025-12-15 20:06:53.901826
-0.01125,2024-10-15,2024-10-22,sh.601018,2025-12-15 20:06:53.901826
-0.007133,2024-10-16,2024-10-23,sh.601018,2025-12-15 20:06:53.901826
-0.03827,2024-10-17,2024-10-24,sh.601018,2025-12-15 20:06:53.901826
0.03412,2024-10-18,2024-10-25,sh.601018,2025-12-15 20:06:53.901826
-0.03827,2024-10-21,2024-10-28,sh.601018,2025-12-15 20:06:53.901826
0.02505,2024-10-22,2024-10-29,sh.601018,2025-12-15 20:06:53.901826
0.03412,2024-10-23,2024-10-30,sh.601018,2025-12-15 20:06:53.901826
-0.01125,2024-10-24,2024-10-31,sh.601018,2025-12-15 20:06:53.901826
-0.01125,2024-10-25,2024-11-01,sh.601018,2025-12-15 20:06:53.901826
0.04214,2024-10-28,2024-11-04,sh.601018,2025-12-15 20:06:53.901826
0.04214,2024-10-29,2024-11-05,sh.601018,2025-12-15 20:06:53.901826
0.04214,2024-10-30,2024-11-06,sh.601018,2025-12-15 20:06:53.901826
0.04214,2024-10-31,2024-11-07,sh.601018,2025-12-15 20:06:53.901826
0.04214,2024-11-01,2024-11-08,sh.601018,2025-12-15 20:06:53.901826
-0.0357,2024-11-04,2024-11-11,sh.601018,2025-12-15 20:06:53.901826
-0.0387,2024-11-05,2024-11-12,sh.601018,2025-12-15 20:06:53.901826
-0.0479,2024-11-06,2024-11-13,sh.601018,2025-12-15 20:06:53.901826
-0.04947,2024-11-07,2024-11-14,sh.601018,2025-12-15 20:06:53.901826
-0.0664,2024-11-08,2024-11-15,sh.601018,2025-12-15 20:06:53.901826
-0.0479,2024-11-11,2024-11-18,sh.601018,2025-12-15 20:06:53.901826
-0.0479,2024-11-12,2024-11-19,sh.601018,2025-12-15 20:06:53.901826
-0.0479,2024-11-13,2024-11-20,sh.601018,2025-12-15 20:06:53.901826
-0.0479,2024-11-14,2024-11-21,sh.601018,2025-12-15 20:06:53.901826
-0.0479,2024-11-15,2024-11-22,sh.601018,2025-12-15 20:06:53.901826
-0.02394,2024-11-18,2024-11-25,sh.601018,2025-12-15 20:06:53.901826
-0.02394,2024-11-19,2024-11-26,sh.601018,2025-12-15 20:06:53.901826
0.03775,2024-11-20,2024-11-27,sh.601018,2025-12-15 20:06:53.901826
-0.0664,2024-11-21,2024-11-28,sh.601018,2025-12-15 20:06:53.901826
-0.0327,2024-11-22,2024-11-29,sh.601018,2025-12-15 20:06:53.901826
-0.0519,2024-11-25,2024-12-02,sh.601018,2025-12-15 20:06:53.901826
-0.0357,2024-11-26,2024-12-03,sh.601018,2025-12-15 20:06:53.901826
-0.0357,2024-11-27,2024-12-04,sh.601018,2025-12-15 20:06:53.901826
-0.0479,2024-11-28,2024-12-05,sh.601018,2025-12-15 20:06:53.901826
-0.0479,2024-11-29,2024-12-06,sh.601018,2025-12-15 20:06:53.901826
0.03775,2024-12-02,2024-12-09,sh.601018,2025-12-15 20:06:53.901826
-0.05557,2024-12-03,2024-12-10,sh.601018,2025-12-15 20:06:53.901826
-0.0664,2024-12-04,2024-12-11,sh.601018,2025-12-15 20:06:53.901826
-0.0664,2024-12-05,2024-12-12,sh.601018,2025-12-15 20:06:53.901826
0.03775,2024-12-06,2024-12-13,sh.601018,2025-12-15 20:06:53.901826
0.006344,2024-12-09,2024-12-16,sh.601018,2025-12-15 20:06:53.901826
0.01141,2024-12-10,2024-12-17,sh.601018,2025-12-15 20:06:53.901826
0.006344,2024-12-11,2024-12-18,sh.601018,2025-12-15 20:06:53.901826
0.00648,2024-12-12,2024-12-19,sh.601018,2025-12-15 20:06:53.901826
-0.05557,2024-12-13,2024-12-20,sh.601018,2025-12-15 20:06:53.901826
0.006344,2024-12-16,2024-12-23,sh.601018,2025-12-15 20:06:53.901826
-0.05557,2024-12-17,2024-12-24,sh.601018,2025-12-15 20:06:53.901826
-0.0664,2024-12-18,2024-12-25,sh.601018,2025-12-15 20:06:53.901826
-0.0479,2024-12-19,2024-12-26,sh.601018,2025-12-15 20:06:53.901826
-0.0571,2024-12-20,2024-12-27,sh.601018,2025-12-15 20:06:53.901826
-0.0479,2024-12-23,2024-12-30,sh.601018,2025-12-15 20:06:53.901826
-0.0479,2024-12-24,2024-12-31,sh.601018,2025-12-15 20:06:53.901826
-0.0476,2024-12-25,2025-01-01,sh.601018,2025-12-15 20:06:53.901826
-0.05338,2024-12-26,2025-01-02,sh.601018,2025-12-15 20:06:53.901826
-0.0571,2024-12-27,2025-01-03,sh.601018,2025-12-15 20:06:53.901826
-0.0476,2024-12-30,2025-01-06,sh.601018,2025-12-15 20:06:53.901826
-0.02394,2024-12-31,2025-01-07,sh.601018,2025-12-15 20:06:53.901826
-0.0327,2025-01-02,2025-01-09,sh.601018,2025-12-15 20:06:53.901826
-0.0519,2025-01-03,2025-01-10,sh.601018,2025-12-15 20:06:53.901826
0.04214,2025-01-06,2025-01-13,sh.601018,2025-12-15 20:06:53.901826
0.04214,2025-01-07,2025-01-14,sh.601018,2025-12-15 20:06:53.901826
0.04214,2025-01-08,2025-01-15,sh.601018,2025-12-15 20:06:53.901826
-0.043,2025-01-09,2025-01-16,sh.601018,2025-12-15 20:06:53.901826
-0.02046,2025-01-10,2025-01-17,sh.601018,2025-12-15 20:06:53.901826
0.02466,2025-01-13,2025-01-20,sh.601018,2025-12-15 20:06:53.901826
0.03412,2025-01-14,2025-01-21,sh.601018,2025-12-15 20:06:53.901826
-0.007133,2025-01-15,2025-01-22,sh.601018,2025-12-15 20:06:53.901826
-0.01086,2025-01-16,2025-01-23,sh.601018,2025-12-15 20:06:53.901826
-0.02046,2025-01-17,2025-01-24,sh.601018,2025-12-15 20:06:53.901826
-0.03827,2025-01-20,2025-01-27,sh.601018,2025-12-15 20:06:53.901826
0.02466,2025-01-21,2025-01-28,sh.601018,2025-12-15 20:06:53.901826
0.02505,2025-01-22,2025-01-29,sh.601018,2025-12-15 20:06:53.901826
0.02466,2025-01-23,2025-01-30,sh.601018,2025-12-15 20:06:53.901826
0.02505,2025-01-24,2025-01-31,sh.601018,2025-12-15 20:06:53.901826
0.03412,2025-01-27,2025-02-03,sh.601018,2025-12-15 20:06:53.901826
-0.043,2025-02-05,2025-02-12,sh.601018,2025-12-15 20:06:53.901826
0.02505,2025-02-06,2025-02-13,sh.601018,2025-12-15 20:06:53.901826
0.03412,2025-02-07,2025-02-14,sh.601018,2025-12-15 20:06:53.901826
-0.007133,2025-02-10,2025-02-17,sh.601018,2025-12-15 20:06:53.901826
-0.007133,2025-02-11,2025-02-18,sh.601018,2025-12-15 20:06:53.901826
-0.007133,2025-02-12,2025-02-19,sh.601018,2025-12-15 20:06:53.901826
-0.01593,2025-02-13,2025-02-20,sh.601018,2025-12-15 20:06:53.901826
0.02505,2025-02-14,2025-02-21,sh.601018,2025-12-15 20:06:53.901826
0.02505,2025-02-17,2025-02-24,sh.601018,2025-12-15 20:06:53.901826
0.02505,2025-02-18,2025-02-25,sh.601018,2025-12-15 20:06:53.901826
0.02505,2025-02-19,2025-02-26,sh.601018,2025-12-15 20:06:53.901826
0.02505,2025-02-20,2025-02-27,sh.601018,2025-12-15 20:06:53.901826
0.02505,2025-02-21,2025-02-28,sh.601018,2025-12-15 20:06:53.901826
0.02505,2025-02-24,2025-03-03,sh.601018,2025-12-15 20:06:53.901826
0.02505,2025-02-25,2025-03-04,sh.601018,2025-12-15 20:06:53.901826
0.02505,2025-02-26,2025-03-05,sh.601018,2025-12-15 20:06:53.901826
0.02505,2025-02-27,2025-03-06,sh.601018,2025-12-15 20:06:53.901826
0.02505,2025-02-28,2025-03-07,sh.601018,2025-12-15 20:06:53.901826
0.02505,2025-03-03,2025-03-10,sh.601018,2025-12-15 20:06:53.901826
0.02505,2025-03-04,2025-03-11,sh.601018,2025-12-15 20:06:53.901826
0.02505,2025-03-05,2025-03-12,sh.601018,2025-12-15 20:06:53.901826
0.02505,2025-03-06,2025-03-13,sh.601018,2025-12-15 20:06:53.901826
0.02505,2025-03-07,2025-03-14,sh.601018,2025-12-15 20:06:53.901826
0.02505,2025-03-10,2025-03-17,sh.601018,2025-12-15 20:06:53.901826
0.02505,2025-03-11,2025-03-18,sh.601018,2025-12-15 20:06:53.901826
0.02505,2025-03-12,2025-03-19,sh.601018,2025-12-15 20:06:53.901826
0.02505,2025-03-13,2025-03-20,sh.601018,2025-12-15 20:06:53.901826
0.0313,2025-03-14,2025-03-21,sh.601018,2025-12-15 20:06:53.901826
0.04318,2025-03-17,2025-03-24,sh.601018,2025-12-15 20:06:53.901826
-0.02727,2025-03-18,2025-03-25,sh.601018,2025-12-15 20:06:53.901826
-0.01125,2025-03-19,2025-03-26,sh.601018,2025-12-15 20:06:53.901826
0.04318,2025-03-20,2025-03-27,sh.601018,2025-12-15 20:06:53.901826
-0.03137,2025-03-21,2025-03-28,sh.601018,2025-12-15 20:06:53.901826
-0.01125,2025-03-24,2025-03-31,sh.601018,2025-12-15 20:06:53.901826
-0.0339,2025-03-25,2025-04-01,sh.601018,2025-12-15 20:06:53.901826
-0.021,2025-03-26,2025-04-02,sh.601018,2025-12-15 20:06:53.901826
-0.0571,2025-03-27,2025-04-03,sh.601018,2025-12-15 20:06:53.901826
-0.0476,2025-03-28,2025-04-04,sh.601018,2025-12-15 20:06:53.901826
-0.03137,2025-03-31,2025-04-07,sh.601018,2025-12-15 20:06:53.901826
-0.01125,2025-04-01,2025-04-08,sh.601018,2025-12-15 20:06:53.901826
0.04318,2025-04-02,2025-04-09,sh.601018,2025-12-15 20:06:53.901826
-0.0339,2025-04-03,2025-04-10,sh.601018,2025-12-15 20:06:53.901826
-0.10474,2025-04-07,2025-04-14,sh.601018,2025-12-15 20:06:53.901826
0.02745,2025-04-08,2025-04-15,sh.601018,2025-12-15 20:06:53.901826
0.04752,2025-04-09,2025-04-16,sh.601018,2025-12-15 20:06:53.901826
-0.04993,2025-04-10,2025-04-17,sh.601018,2025-12-15 20:06:53.901826
-0.0339,2025-04-11,2025-04-18,sh.601018,2025-12-15 20:06:53.901826
0.04318,2025-04-14,2025-04-21,sh.601018,2025-12-15 20:06:53.901826
-0.03827,2025-04-15,2025-04-22,sh.601018,2025-12-15 20:06:53.901826
0.0313,2025-04-16,2025-04-23,sh.601018,2025-12-15 20:06:53.901826
-0.00986,2025-04-17,2025-04-24,sh.601018,2025-12-15 20:06:53.901826
-0.04102,2025-04-18,2025-04-25,sh.601018,2025-12-15 20:06:53.901826
0.0265,2025-04-21,2025-04-28,sh.601018,2025-12-15 20:06:53.901826
0.0313,2025-04-22,2025-04-29,sh.601018,2025-12-15 20:06:53.901826
-0.00986,2025-04-23,2025-04-30,sh.601018,2025-12-15 20:06:53.901826
-0.02017,2025-04-24,2025-05-01,sh.601018,2025-12-15 20:06:53.901826
0.0265,2025-04-25,2025-05-02,sh.601018,2025-12-15 20:06:53.901826
0.0265,2025-04-28,2025-05-05,sh.601018,2025-12-15 20:06:53.901826
0.0265,2025-04-29,2025-05-06,sh.601018,2025-12-15 20:06:53.901826
0.0265,2025-04-30,2025-05-07,sh.601018,2025-12-15 20:06:53.901826
0.0265,2025-05-06,2025-05-13,sh.601018,2025-12-15 20:06:53.901826
0.0313,2025-05-07,2025-05-14,sh.601018,2025-12-15 20:06:53.901826
-0.02017,2025-05-08,2025-05-15,sh.601018,2025-12-15 20:06:53.901826
0.0313,2025-05-09,2025-05-16,sh.601018,2025-12-15 20:06:53.901826
0.04318,2025-05-12,2025-05-19,sh.601018,2025-12-15 20:06:53.901826
-0.05603,2025-05-13,2025-05-20,sh.601018,2025-12-15 20:06:53.901826
-0.05603,2025-05-14,2025-05-21,sh.601018,2025-12-15 20:06:53.901826
-0.00062,2025-05-15,2025-05-22,sh.601018,2025-12-15 20:06:53.901826
-0.04993,2025-05-16,2025-05-23,sh.601018,2025-12-15 20:06:53.901826
0.002394,2025-05-19,2025-05-26,sh.601018,2025-12-15 20:06:53.901826
-0.0532,2025-05-20,2025-05-27,sh.601018,2025-12-15 20:06:53.901826
-0.04648,2025-05-21,2025-05-28,sh.601018,2025-12-15 20:06:53.901826
-0.03029,2025-05-22,2025-05-29,sh.601018,2025-12-15 20:06:53.901826
-0.04993,2025-05-23,2025-05-30,sh.601018,2025-12-15 20:06:53.901826
-0.0339,2025-05-26,2025-06-02,sh.601018,2025-12-15 20:06:53.901826
0.04318,2025-05-27,2025-06-03,sh.601018,2025-12-15 20:06:53.901826
-0.0339,2025-05-28,2025-06-04,sh.601018,2025-12-15 20:06:53.901826
-0.05075,2025-05-29,2025-06-05,sh.601018,2025-12-15 20:06:53.901826
-0.04993,2025-05-30,2025-06-06,sh.601018,2025-12-15 20:06:53.901826
0.04318,2025-06-03,2025-06-10,sh.601018,2025-12-15 20:06:53.901826
0.04318,2025-06-04,2025-06-11,sh.601018,2025-12-15 20:06:53.901826
0.04318,2025-06-05,2025-06-12,sh.601018,2025-12-15 20:06:53.901826
0.04318,2025-06-06,2025-06-13,sh.601018,2025-12-15 20:06:53.901826
0.04318,2025-06-09,2025-06-16,sh.601018,2025-12-15 20:06:53.901826
0.05295,2025-06-10,2025-06-17,sh.601018,2025-12-15 20:06:53.901826
-0.03029,2025-06-11,2025-06-18,sh.601018,2025-12-15 20:06:53.901826
-0.05603,2025-06-12,2025-06-19,sh.601018,2025-12-15 20:06:53.901826
-0.02126,2025-06-13,2025-06-20,sh.601018,2025-12-15 20:06:53.901826
-0.03195,2025-06-16,2025-06-23,sh.601018,2025-12-15 20:06:53.901826
-0.02126,2025-06-17,2025-06-24,sh.601018,2025-12-15 20:06:53.901826
-0.0478,2025-06-18,2025-06-25,sh.601018,2025-12-15 20:06:53.901826
-0.011505,2025-06-19,2025-06-26,sh.601018,2025-12-15 20:06:53.901826
0.04318,2025-06-20,2025-06-27,sh.601018,2025-12-15 20:06:53.901826
-0.0537,2025-06-23,2025-06-30,sh.601018,2025-12-15 20:06:53.901826
-0.05603,2025-06-24,2025-07-01,sh.601018,2025-12-15 20:06:53.901826
-0.0537,2025-06-25,2025-07-02,sh.601018,2025-12-15 20:06:53.901826
-0.0553,2025-06-26,2025-07-03,sh.601018,2025-12-15 20:06:53.901826
-0.0553,2025-06-27,2025-07-04,sh.601018,2025-12-15 20:06:53.901826
-0.0537,2025-06-30,2025-07-07,sh.601018,2025-12-15 20:06:53.901826
-0.0553,2025-07-01,2025-07-08,sh.601018,2025-12-15 20:06:53.901826
-0.0553,2025-07-02,2025-07-09,sh.601018,2025-12-15 20:06:53.901826
-0.0553,2025-07-03,2025-07-10,sh.601018,2025-12-15 20:06:53.901826
-0.0553,2025-07-04,2025-07-11,sh.601018,2025-12-15 20:06:53.901826
-0.0553,2025-07-07,2025-07-14,sh.601018,2025-12-15 20:06:53.901826
-0.0553,2025-07-08,2025-07-15,sh.601018,2025-12-15 20:06:53.901826
-0.0631,2025-07-09,2025-07-16,sh.601018,2025-12-15 20:06:53.901826
-0.0553,2025-07-10,2025-07-17,sh.601018,2025-12-15 20:06:53.901826
-0.0553,2025-07-11,2025-07-18,sh.601018,2025-12-15 20:06:53.901826
-0.0553,2025-07-14,2025-07-21,sh.601018,2025-12-15 20:06:53.901826
-0.0553,2025-07-15,2025-07-22,sh.601018,2025-12-15 20:06:53.901826
-0.0575,2025-07-16,2025-07-23,sh.601018,2025-12-15 20:06:53.901826
-0.0575,2025-07-17,2025-07-24,sh.601018,2025-12-15 20:06:53.901826
-0.0553,2025-07-18,2025-07-25,sh.601018,2025-12-15 20:06:53.901826
-0.0553,2025-07-21,2025-07-28,sh.601018,2025-12-15 20:06:53.901826
0.0207,2025-07-22,2025-07-29,sh.601018,2025-12-15 20:06:53.901826
-0.048,2025-07-23,2025-07-30,sh.601018,2025-12-15 20:06:53.901826
-0.05618,2025-07-24,2025-07-31,sh.601018,2025-12-15 20:06:53.901826
-0.04993,2025-07-25,2025-08-01,sh.601018,2025-12-15 20:06:53.901826
-0.0553,2025-07-28,2025-08-04,sh.601018,2025-12-15 20:06:53.901826
-0.0575,2025-07-29,2025-08-05,sh.601018,2025-12-15 20:06:53.901826
-0.0631,2025-07-30,2025-08-06,sh.601018,2025-12-15 20:06:53.901826
-0.0478,2025-07-31,2025-08-07,sh.601018,2025-12-15 20:06:53.901826
-0.03195,2025-08-01,2025-08-08,sh.601018,2025-12-15 20:06:53.901826
-0.011505,2025-08-04,2025-08-11,sh.601018,2025-12-15 20:06:53.901826
-0.03195,2025-08-05,2025-08-12,sh.601018,2025-12-15 20:06:53.901826
-0.03195,2025-08-06,2025-08-13,sh.601018,2025-12-15 20:06:53.901826
-0.0537,2025-08-07,2025-08-14,sh.601018,2025-12-15 20:06:53.901826
-0.0553,2025-08-08,2025-08-15,sh.601018,2025-12-15 20:06:53.901826
-0.0575,2025-08-11,2025-08-18,sh.601018,2025-12-15 20:06:53.901826
-0.0575,2025-08-12,2025-08-19,sh.601018,2025-12-15 20:06:53.901826
-0.0575,2025-08-13,2025-08-20,sh.601018,2025-12-15 20:06:53.901826
-0.0478,2025-08-14,2025-08-21,sh.601018,2025-12-15 20:06:53.901826
-0.03195,2025-08-15,2025-08-22,sh.601018,2025-12-15 20:06:53.901826
-0.0478,2025-08-18,2025-08-25,sh.601018,2025-12-15 20:06:53.901826
-0.03195,2025-08-19,2025-08-26,sh.601018,2025-12-15 20:06:53.901826
-0.02126,2025-08-20,2025-08-27,sh.601018,2025-12-15 20:06:53.901826
-0.0575,2025-08-21,2025-08-28,sh.601018,2025-12-15 20:06:53.901826
-0.0537,2025-08-22,2025-08-29,sh.601018,2025-12-15 20:06:53.901826
-0.0575,2025-08-25,2025-09-01,sh.601018,2025-12-15 20:06:53.901826
-0.0575,2025-08-26,2025-09-02,sh.601018,2025-12-15 20:06:53.901826
-0.0478,2025-08-27,2025-09-03,sh.601018,2025-12-15 20:06:53.901826
-0.0478,2025-08-28,2025-09-04,sh.601018,2025-12-15 20:06:53.901826
-0.0478,2025-08-29,2025-09-05,sh.601018,2025-12-15 20:06:53.901826
-0.03195,2025-09-01,2025-09-08,sh.601018,2025-12-15 20:06:53.901826
-0.02126,2025-09-02,2025-09-09,sh.601018,2025-12-15 20:06:53.901826
-0.03195,2025-09-03,2025-09-10,sh.601018,2025-12-15 20:06:53.901826
-0.011505,2025-09-04,2025-09-11,sh.601018,2025-12-15 20:06:53.901826
-0.011505,2025-09-05,2025-09-12,sh.601018,2025-12-15 20:06:53.901826
-0.011505,2025-09-08,2025-09-15,sh.601018,2025-12-15 20:06:53.901826
-0.011505,2025-09-09,2025-09-16,sh.601018,2025-12-15 20:06:53.901826
-0.011505,2025-09-10,2025-09-17,sh.601018,2025-12-15 20:06:53.901826
-0.011505,2025-09-11,2025-09-18,sh.601018,2025-12-15 20:06:53.901826
-0.03195,2025-09-12,2025-09-19,sh.601018,2025-12-15 20:06:53.901826
-0.02126,2025-09-15,2025-09-22,sh.601018,2025-12-15 20:06:53.901826
-0.0575,2025-09-16,2025-09-23,sh.601018,2025-12-15 20:06:53.901826
-0.0575,2025-09-17,2025-09-24,sh.601018,2025-12-15 20:06:53.901826
-0.0537,2025-09-18,2025-09-25,sh.601018,2025-12-15 20:06:53.901826
-0.0537,2025-09-19,2025-09-26,sh.601018,2025-12-15 20:06:53.901826
-0.02638,2025-09-22,2025-09-29,sh.601018,2025-12-15 20:06:53.901826
-0.01338,2025-09-23,2025-09-30,sh.601018,2025-12-15 20:06:53.901826
-0.0406,2025-09-24,2025-10-01,sh.601018,2025-12-15 20:06:53.901826
-0.0478,2025-09-25,2025-10-02,sh.601018,2025-12-15 20:06:53.901826
-0.01984,2025-09-26,2025-10-03,sh.601018,2025-12-15 20:06:53.901826
-0.03102,2025-09-29,2025-10-06,sh.601018,2025-12-15 20:06:53.901826
-0.0537,2025-09-30,2025-10-07,sh.601018,2025-12-15 20:06:53.901826
-0.02126,2025-10-09,2025-10-16,sh.601018,2025-12-15 20:06:53.901826
-0.0575,2025-10-10,2025-10-17,sh.601018,2025-12-15 20:06:53.901826
-0.0575,2025-10-13,2025-10-20,sh.601018,2025-12-15 20:06:53.901826
0.0207,2025-10-14,2025-10-21,sh.601018,2025-12-15 20:06:53.901826
-0.0497,2025-10-15,2025-10-22,sh.601018,2025-12-15 20:06:53.901826
0.01548,2025-10-16,2025-10-23,sh.601018,2025-12-15 20:06:53.901826
0.01351,2025-10-17,2025-10-24,sh.601018,2025-12-15 20:06:53.901826
-0.0497,2025-10-20,2025-10-27,sh.601018,2025-12-15 20:06:53.901826
0.01351,2025-10-21,2025-10-28,sh.601018,2025-12-15 20:06:53.901826
0.01548,2025-10-22,2025-10-29,sh.601018,2025-12-15 20:06:53.901826
0.01548,2025-10-23,2025-10-30,sh.601018,2025-12-15 20:06:53.901826
0.01548,2025-10-24,2025-10-31,sh.601018,2025-12-15 20:06:53.901826
0.00888,2025-10-27,2025-11-03,sh.601018,2025-12-15 20:06:53.901826
0.01548,2025-10-28,2025-11-04,sh.601018,2025-12-15 20:06:53.901826
0.01351,2025-10-29,2025-11-05,sh.601018,2025-12-15 20:06:53.901826
0.01548,2025-10-30,2025-11-06,sh.601018,2025-12-15 20:06:53.901826
-0.0497,2025-10-31,2025-11-07,sh.601018,2025-12-15 20:06:53.901826
-0.05618,2025-11-03,2025-11-10,sh.601018,2025-12-15 20:06:53.901826
-0.05618,2025-11-04,2025-11-11,sh.601018,2025-12-15 20:06:53.901826
-0.0497,2025-11-05,2025-11-12,sh.601018,2025-12-15 20:06:53.901826
0.01351,2025-11-06,2025-11-13,sh.601018,2025-12-15 20:06:53.901826
0.01351,2025-11-07,2025-11-14,sh.601018,2025-12-15 20:06:53.901826
0.01351,2025-11-10,2025-11-17,sh.601018,2025-12-15 20:06:53.901826
0.0159,2025-11-11,2025-11-18,sh.601018,2025-12-15 20:06:53.901826
0.01351,2025-11-12,2025-11-19,sh.601018,2025-12-15 20:06:53.901826
0.01351,2025-11-13,2025-11-20,sh.601018,2025-12-15 20:06:53.901826
0.02441,2025-11-14,2025-11-21,sh.601018,2025-12-15 20:06:53.901826
0.006615,2025-11-17,2025-11-24,sh.601018,2025-12-15 20:06:53.901826
0.01351,2025-11-18,2025-11-25,sh.601018,2025-12-15 20:06:53.901826
0.01351,2025-11-19,2025-11-26,sh.601018,2025-12-15 20:06:53.901826
0.01351,2025-11-20,2025-11-27,sh.601018,2025-12-15 20:06:53.901826
-0.04745,2025-11-21,2025-11-28,sh.601018,2025-12-15 20:06:53.901826
-0.0571,2025-11-24,2025-12-01,sh.601018,2025-12-15 20:06:53.901826
-0.0571,2025-11-25,2025-12-02,sh.601018,2025-12-15 20:06:53.901826
-0.0553,2025-11-26,2025-12-03,sh.601018,2025-12-15 20:06:53.901826
-0.0571,2025-11-27,2025-12-04,sh.601018,2025-12-15 20:06:53.901826
0.02124,2025-11-28,2025-12-05,sh.601018,2025-12-15 20:06:53.901826
0.0159,2025-12-01,2025-12-08,sh.601018,2025-12-15 20:06:53.901826
0.0159,2025-12-02,2025-12-09,sh.601018,2025-12-15 20:06:53.901826
0.0159,2025-12-03,2025-12-10,sh.601018,2025-12-15 20:06:53.901826
0.0159,2025-12-04,2025-12-11,sh.601018,2025-12-15 20:06:53.901826
-0.04745,2025-12-05,2025-12-12,sh.601018,2025-12-15 20:06:53.901826
-0.0571,2025-12-08,2025-12-15,sh.601018,2025-12-15 20:06:53.901826
-0.0571,2025-12-09,2025-12-16,sh.601018,2025-12-15 20:06:53.901826
-0.02588,2025-12-10,2025-12-17,sh.601018,2025-12-15 20:06:53.901826
-0.02588,2025-12-11,2025-12-18,sh.601018,2025-12-15 20:06:53.901826
-0.0571,2025-12-12,2025-12-19,sh.601018,2025-12-15 20:06:53.901826
-0.0571,2025-12-15,2025-12-22,sh.601018,2025-12-15 20:06:53.901826
-0.0571,2025-12-15,2025-12-22,sh.601018,2025-12-15 20:06:53.901826
0.1744,2025-12-15,2025-12-22,sh.601021,2025-12-15 20:06:53.901826
0.1744,2025-12-15,2025-12-22,sh.601021,2025-12-15 20:06:53.901826
-0.2703,2025-12-15,2025-12-22,sh.601058,2025-12-15 20:06:53.901826
-0.262,2025-12-15,2025-12-22,sh.601058,2025-12-15 20:06:53.901826
0.0913,2025-12-15,2025-12-22,sh.601066,2025-12-15 20:06:53.901826
0.1031,2025-12-15,2025-12-22,sh.601066,2025-12-15 20:06:53.901826
-0.00072,2025-12-15,2025-12-22,sh.601077,2025-12-15 20:06:53.901826
0.0434,2025-12-15,2025-12-22,sh.601077,2025-12-15 20:06:53.901826
0.04016,2025-12-15,2025-12-22,sh.601088,2025-12-15 20:06:53.901826
0.03204,2025-12-15,2025-12-22,sh.601088,2025-12-15 20:06:53.901826
-0.3176,2025-12-15,2025-12-22,sh.601100,2025-12-15 20:06:53.901826
-0.3176,2025-12-15,2025-12-22,sh.601100,2025-12-15 20:06:53.901826
0.02126,2025-12-15,2025-12-22,sh.601111,2025-12-15 20:06:53.901826
0.0238,2025-12-15,2025-12-22,sh.601111,2025-12-15 20:06:53.901826
0.0821,2025-12-15,2025-12-22,sh.601117,2025-12-15 20:06:53.901826
0.0821,2025-12-15,2025-12-22,sh.601117,2025-12-15 20:06:53.901826
-0.1959,2025-12-15,2025-12-22,sh.601127,2025-12-15 20:06:53.901826
-0.1873,2025-12-15,2025-12-22,sh.601127,2025-12-15 20:06:53.901826
0.007748,2025-12-15,2025-12-22,sh.601136,2025-12-15 20:06:53.901826
0.007748,2025-12-15,2025-12-22,sh.601136,2025-12-15 20:06:53.901826
-0.226,2025-12-15,2025-12-22,sh.601138,2025-12-15 20:06:53.901826
-0.1868,2025-12-15,2025-12-22,sh.601138,2025-12-15 20:06:53.901826
0.1315,2025-12-15,2025-12-22,sh.601166,2025-12-15 20:06:53.901826
0.1274,2025-12-15,2025-12-22,sh.601166,2025-12-15 20:06:53.901826
0.06934,2025-12-15,2025-12-22,sh.601169,2025-12-15 20:06:53.901826
0.06934,2025-12-15,2025-12-22,sh.601169,2025-12-15 20:06:53.901826
0.0457,2025-12-15,2025-12-22,sh.601186,2025-12-15 20:06:53.901826
0.0457,2025-12-15,2025-12-22,sh.601186,2025-12-15 20:06:53.901826
-0.02979,2025-12-15,2025-12-22,sh.601211,2025-12-15 20:06:53.901826
-0.02979,2025-12-15,2025-12-22,sh.601211,2025-12-15 20:06:53.901826
0.0788,2025-12-15,2025-12-22,sh.601225,2025-12-15 20:06:53.901826
0.0725,2025-12-15,2025-12-22,sh.601225,2025-12-15 20:06:53.901826
0.06714,2025-12-15,2025-12-22,sh.601229,2025-12-15 20:06:53.901826
0.06714,2025-12-15,2025-12-22,sh.601229,2025-12-15 20:06:53.901826
0.002628,2025-12-15,2025-12-22,sh.601236,2025-12-15 20:06:53.901826
0.002628,2025-12-15,2025-12-22,sh.601236,2025-12-15 20:06:53.901826
0.1141,2025-12-15,2025-12-22,sh.601238,2025-12-15 20:06:53.901826
0.1151,2025-12-15,2025-12-22,sh.601238,2025-12-15 20:06:53.901826
-0.0115,2025-12-15,2025-12-22,sh.601288,2025-12-15 20:06:53.901826
-0.0115,2025-12-15,2025-12-22,sh.601288,2025-12-15 20:06:53.901826
0.07874,2025-12-15,2025-12-22,sh.601298,2025-12-15 20:06:53.901826
0.07874,2025-12-15,2025-12-22,sh.601298,2025-12-15 20:06:53.901826
0.1488,2025-12-15,2025-12-22,sh.601318,2025-12-15 20:06:53.901826
0.1493,2025-12-15,2025-12-22,sh.601318,2025-12-15 20:06:53.901826
-0.03072,2025-12-15,2025-12-22,sh.601319,2025-12-15 20:06:53.901826
-0.03072,2025-12-15,2025-12-22,sh.601319,2025-12-15 20:06:53.901826
0.05115,2025-12-15,2025-12-22,sh.601328,2025-12-15 20:06:53.901826
0.05115,2025-12-15,2025-12-22,sh.601328,2025-12-15 20:06:53.901826
-0.01519,2025-12-15,2025-12-22,sh.601336,2025-12-15 20:06:53.901826
-0.04086,2025-12-15,2025-12-22,sh.601336,2025-12-15 20:06:53.901826
0.03827,2025-12-15,2025-12-22,sh.601360,2025-12-15 20:06:53.901826
0.006367,2025-12-15,2025-12-22,sh.601360,2025-12-15 20:06:53.901826
0.03586,2025-12-15,2025-12-22,sh.601377,2025-12-15 20:06:53.901826
0.03586,2025-12-15,2025-12-22,sh.601377,2025-12-15 20:06:53.901826
0.0324,2025-12-15,2025-12-22,sh.601390,2025-12-15 20:06:53.901826
0.0324,2025-12-15,2025-12-22,sh.601390,2025-12-15 20:06:53.901826
0.0368,2025-12-15,2025-12-22,sh.601398,2025-12-15 20:06:53.901826
0.0368,2025-12-15,2025-12-22,sh.601398,2025-12-15 20:06:53.901826
0.07916,2023-08-16,2023-08-23,sh.601456,2025-12-15 20:06:53.901826
0.0692,2023-08-17,2023-08-24,sh.601456,2025-12-15 20:06:53.901826
-0.01808,2023-08-18,2023-08-25,sh.601456,2025-12-15 20:06:53.901826
-0.0132,2023-08-21,2023-08-28,sh.601456,2025-12-15 20:06:53.901826
0.05814,2023-08-22,2023-08-29,sh.601456,2025-12-15 20:06:53.901826
-0.01633,2023-08-23,2023-08-30,sh.601456,2025-12-15 20:06:53.901826
0.08374,2023-08-24,2023-08-31,sh.601456,2025-12-15 20:06:53.901826
0.08496,2023-08-25,2023-09-01,sh.601456,2025-12-15 20:06:53.901826
-0.06976,2023-08-28,2023-09-04,sh.601456,2025-12-15 20:06:53.901826
0.01472,2023-08-29,2023-09-05,sh.601456,2025-12-15 20:06:53.901826
0.02028,2023-08-30,2023-09-06,sh.601456,2025-12-15 20:06:53.901826
0.06573,2023-08-31,2023-09-07,sh.601456,2025-12-15 20:06:53.901826
0.01683,2023-09-01,2023-09-08,sh.601456,2025-12-15 20:06:53.901826
0.0691,2023-09-04,2023-09-11,sh.601456,2025-12-15 20:06:53.901826
0.02234,2023-09-05,2023-09-12,sh.601456,2025-12-15 20:06:53.901826
0.1216,2023-09-06,2023-09-13,sh.601456,2025-12-15 20:06:53.901826
0.04364,2023-09-07,2023-09-14,sh.601456,2025-12-15 20:06:53.901826
0.1216,2023-09-08,2023-09-15,sh.601456,2025-12-15 20:06:53.901826
0.0514,2023-09-11,2023-09-18,sh.601456,2025-12-15 20:06:53.901826
0.07587,2023-09-12,2023-09-19,sh.601456,2025-12-15 20:06:53.901826
0.09766,2023-09-13,2023-09-20,sh.601456,2025-12-15 20:06:53.901826
0.0839,2023-09-14,2023-09-21,sh.601456,2025-12-15 20:06:53.901826
0.09,2023-09-15,2023-09-22,sh.601456,2025-12-15 20:06:53.901826
0.11456,2023-09-18,2023-09-25,sh.601456,2025-12-15 20:06:53.901826
0.02913,2023-09-19,2023-09-26,sh.601456,2025-12-15 20:06:53.901826
0.07245,2023-09-20,2023-09-27,sh.601456,2025-12-15 20:06:53.901826
0.03177,2023-09-21,2023-09-28,sh.601456,2025-12-15 20:06:53.901826
0.11615,2023-09-22,2023-09-29,sh.601456,2025-12-15 20:06:53.901826
0.03384,2023-09-25,2023-10-02,sh.601456,2025-12-15 20:06:53.901826
0.02126,2023-09-26,2023-10-03,sh.601456,2025-12-15 20:06:53.901826
0.082,2023-09-27,2023-10-04,sh.601456,2025-12-15 20:06:53.901826
0.03488,2023-09-28,2023-10-05,sh.601456,2025-12-15 20:06:53.901826
0.05264,2023-10-09,2023-10-16,sh.601456,2025-12-15 20:06:53.901826
0.08704,2023-10-10,2023-10-17,sh.601456,2025-12-15 20:06:53.901826
0.0781,2023-10-11,2023-10-18,sh.601456,2025-12-15 20:06:53.901826
0.0382,2023-10-12,2023-10-19,sh.601456,2025-12-15 20:06:53.901826
0.0382,2023-10-13,2023-10-20,sh.601456,2025-12-15 20:06:53.901826
0.0382,2023-10-16,2023-10-23,sh.601456,2025-12-15 20:06:53.901826
0.1078,2023-10-17,2023-10-24,sh.601456,2025-12-15 20:06:53.901826
0.04575,2023-10-18,2023-10-25,sh.601456,2025-12-15 20:06:53.901826
0.02014,2023-10-19,2023-10-26,sh.601456,2025-12-15 20:06:53.901826
0.04736,2023-10-20,2023-10-27,sh.601456,2025-12-15 20:06:53.901826
0.06116,2023-10-23,2023-10-30,sh.601456,2025-12-15 20:06:53.901826
0.0705,2023-10-24,2023-10-31,sh.601456,2025-12-15 20:06:53.901826
0.02951,2023-10-25,2023-11-01,sh.601456,2025-12-15 20:06:53.901826
0.0669,2023-10-26,2023-11-02,sh.601456,2025-12-15 20:06:53.901826
0.0732,2023-10-27,2023-11-03,sh.601456,2025-12-15 20:06:53.901826
0.04974,2023-10-30,2023-11-06,sh.601456,2025-12-15 20:06:53.901826
0.05557,2023-10-31,2023-11-07,sh.601456,2025-12-15 20:06:53.901826
0.02568,2023-11-01,2023-11-08,sh.601456,2025-12-15 20:06:53.901826
0.0888,2023-11-02,2023-11-09,sh.601456,2025-12-15 20:06:53.901826
0.1304,2023-11-03,2023-11-10,sh.601456,2025-12-15 20:06:53.901826
0.1229,2023-11-06,2023-11-13,sh.601456,2025-12-15 20:06:53.901826
0.1595,2023-11-07,2023-11-14,sh.601456,2025-12-15 20:06:53.901826
0.004333,2023-11-08,2023-11-15,sh.601456,2025-12-15 20:06:53.901826
0.09045,2023-11-09,2023-11-16,sh.601456,2025-12-15 20:06:53.901826
0.07886,2023-11-10,2023-11-17,sh.601456,2025-12-15 20:06:53.901826
0.0782,2023-11-13,2023-11-20,sh.601456,2025-12-15 20:06:53.901826
-0.01101,2023-11-14,2023-11-21,sh.601456,2025-12-15 20:06:53.901826
0.0005445,2023-11-15,2023-11-22,sh.601456,2025-12-15 20:06:53.901826
0.006012,2023-11-16,2023-11-23,sh.601456,2025-12-15 20:06:53.901826
0.08344,2023-11-17,2023-11-24,sh.601456,2025-12-15 20:06:53.901826
0.0537,2023-11-20,2023-11-27,sh.601456,2025-12-15 20:06:53.901826
0.0702,2023-11-21,2023-11-28,sh.601456,2025-12-15 20:06:53.901826
0.12146,2023-11-22,2023-11-29,sh.601456,2025-12-15 20:06:53.901826
0.125,2023-11-23,2023-11-30,sh.601456,2025-12-15 20:06:53.901826
0.1037,2023-11-24,2023-12-01,sh.601456,2025-12-15 20:06:53.901826
0.02121,2023-11-27,2023-12-04,sh.601456,2025-12-15 20:06:53.901826
0.0499,2023-11-28,2023-12-05,sh.601456,2025-12-15 20:06:53.901826
0.0339,2023-11-29,2023-12-06,sh.601456,2025-12-15 20:06:53.901826
0.1265,2023-11-30,2023-12-07,sh.601456,2025-12-15 20:06:53.901826
0.03836,2023-12-01,2023-12-08,sh.601456,2025-12-15 20:06:53.901826
0.03137,2023-12-04,2023-12-11,sh.601456,2025-12-15 20:06:53.901826
0.01836,2023-12-05,2023-12-12,sh.601456,2025-12-15 20:06:53.901826
0.02869,2023-12-06,2023-12-13,sh.601456,2025-12-15 20:06:53.901826
0.02219,2023-12-07,2023-12-14,sh.601456,2025-12-15 20:06:53.901826
-0.04016,2023-12-08,2023-12-15,sh.601456,2025-12-15 20:06:53.901826
0.03592,2023-12-11,2023-12-18,sh.601456,2025-12-15 20:06:53.901826
0.02658,2023-12-12,2023-12-19,sh.601456,2025-12-15 20:06:53.901826
-0.03073,2023-12-13,2023-12-20,sh.601456,2025-12-15 20:06:53.901826
0.01889,2023-12-14,2023-12-21,sh.601456,2025-12-15 20:06:53.901826
0.0576,2023-12-15,2023-12-22,sh.601456,2025-12-15 20:06:53.901826
-0.1337,2023-12-18,2023-12-25,sh.601456,2025-12-15 20:06:53.901826
-0.08215,2023-12-19,2023-12-26,sh.601456,2025-12-15 20:06:53.901826
-0.12396,2023-12-20,2023-12-27,sh.601456,2025-12-15 20:06:53.901826
0.02861,2023-12-21,2023-12-28,sh.601456,2025-12-15 20:06:53.901826
0.03482,2023-12-22,2023-12-29,sh.601456,2025-12-15 20:06:53.901826
-0.00811,2023-12-25,2024-01-01,sh.601456,2025-12-15 20:06:53.901826
-5.45e-05,2023-12-26,2024-01-02,sh.601456,2025-12-15 20:06:53.901826
0.01732,2023-12-27,2024-01-03,sh.601456,2025-12-15 20:06:53.901826
0.0668,2023-12-28,2024-01-04,sh.601456,2025-12-15 20:06:53.901826
0.05176,2023-12-29,2024-01-05,sh.601456,2025-12-15 20:06:53.901826
0.0659,2024-01-02,2024-01-09,sh.601456,2025-12-15 20:06:53.901826
0.06573,2024-01-03,2024-01-10,sh.601456,2025-12-15 20:06:53.901826
-0.01765,2024-01-04,2024-01-11,sh.601456,2025-12-15 20:06:53.901826
0.0703,2024-01-05,2024-01-12,sh.601456,2025-12-15 20:06:53.901826
0.06003,2024-01-08,2024-01-15,sh.601456,2025-12-15 20:06:53.901826
-0.04034,2024-01-09,2024-01-16,sh.601456,2025-12-15 20:06:53.901826
-0.04343,2024-01-10,2024-01-17,sh.601456,2025-12-15 20:06:53.901826
0.03232,2024-01-11,2024-01-18,sh.601456,2025-12-15 20:06:53.901826
0.063,2024-01-12,2024-01-19,sh.601456,2025-12-15 20:06:53.901826
0.0683,2024-01-15,2024-01-22,sh.601456,2025-12-15 20:06:53.901826
0.0817,2024-01-16,2024-01-23,sh.601456,2025-12-15 20:06:53.901826
0.0592,2024-01-17,2024-01-24,sh.601456,2025-12-15 20:06:53.901826
0.06866,2024-01-18,2024-01-25,sh.601456,2025-12-15 20:06:53.901826
0.06335,2024-01-19,2024-01-26,sh.601456,2025-12-15 20:06:53.901826
-0.0544,2024-01-22,2024-01-29,sh.601456,2025-12-15 20:06:53.901826
0.0958,2024-01-23,2024-01-30,sh.601456,2025-12-15 20:06:53.901826
0.02339,2024-01-24,2024-01-31,sh.601456,2025-12-15 20:06:53.901826
0.02141,2024-01-25,2024-02-01,sh.601456,2025-12-15 20:06:53.901826
0.006752,2024-01-26,2024-02-02,sh.601456,2025-12-15 20:06:53.901826
-0.03586,2024-01-29,2024-02-05,sh.601456,2025-12-15 20:06:53.901826
0.002134,2024-01-30,2024-02-06,sh.601456,2025-12-15 20:06:53.901826
0.01228,2024-01-31,2024-02-07,sh.601456,2025-12-15 20:06:53.901826
0.01576,2024-02-01,2024-02-08,sh.601456,2025-12-15 20:06:53.901826
-0.011086,2024-02-02,2024-02-09,sh.601456,2025-12-15 20:06:53.901826
0.00729,2024-02-05,2024-02-12,sh.601456,2025-12-15 20:06:53.901826
0.077,2024-02-06,2024-02-13,sh.601456,2025-12-15 20:06:53.901826
0.0486,2024-02-07,2024-02-14,sh.601456,2025-12-15 20:06:53.901826
0.0541,2024-02-08,2024-02-15,sh.601456,2025-12-15 20:06:53.901826
0.03983,2024-02-19,2024-02-26,sh.601456,2025-12-15 20:06:53.901826
0.04807,2024-02-20,2024-02-27,sh.601456,2025-12-15 20:06:53.901826
0.03009,2024-02-21,2024-02-28,sh.601456,2025-12-15 20:06:53.901826
0.048,2024-02-22,2024-02-29,sh.601456,2025-12-15 20:06:53.901826
0.0626,2024-02-23,2024-03-01,sh.601456,2025-12-15 20:06:53.901826
0.01584,2024-02-26,2024-03-04,sh.601456,2025-12-15 20:06:53.901826
0.05005,2024-02-27,2024-03-05,sh.601456,2025-12-15 20:06:53.901826
-0.0567,2024-02-28,2024-03-06,sh.601456,2025-12-15 20:06:53.901826
0.0598,2024-02-29,2024-03-07,sh.601456,2025-12-15 20:06:53.901826
0.04324,2024-03-01,2024-03-08,sh.601456,2025-12-15 20:06:53.901826
0.04297,2024-03-04,2024-03-11,sh.601456,2025-12-15 20:06:53.901826
0.0622,2024-03-05,2024-03-12,sh.601456,2025-12-15 20:06:53.901826
0.07355,2024-03-06,2024-03-13,sh.601456,2025-12-15 20:06:53.901826
0.00587,2024-03-07,2024-03-14,sh.601456,2025-12-15 20:06:53.901826
0.08075,2024-03-08,2024-03-15,sh.601456,2025-12-15 20:06:53.901826
0.06836,2024-03-11,2024-03-18,sh.601456,2025-12-15 20:06:53.901826
0.02364,2024-03-12,2024-03-19,sh.601456,2025-12-15 20:06:53.901826
0.0302,2024-03-13,2024-03-20,sh.601456,2025-12-15 20:06:53.901826
-0.00952,2024-03-14,2024-03-21,sh.601456,2025-12-15 20:06:53.901826
0.03333,2024-03-15,2024-03-22,sh.601456,2025-12-15 20:06:53.901826
0.02727,2024-03-18,2024-03-25,sh.601456,2025-12-15 20:06:53.901826
0.03485,2024-03-19,2024-03-26,sh.601456,2025-12-15 20:06:53.901826
-0.02379,2024-03-20,2024-03-27,sh.601456,2025-12-15 20:06:53.901826
0.000667,2024-03-21,2024-03-28,sh.601456,2025-12-15 20:06:53.901826
0.00936,2024-03-22,2024-03-29,sh.601456,2025-12-15 20:06:53.901826
-0.03111,2024-03-25,2024-04-01,sh.601456,2025-12-15 20:06:53.901826
0.03333,2024-03-26,2024-04-02,sh.601456,2025-12-15 20:06:53.901826
-0.00813,2024-03-27,2024-04-03,sh.601456,2025-12-15 20:06:53.901826
0.0779,2024-03-28,2024-04-04,sh.601456,2025-12-15 20:06:53.901826
-0.003397,2024-03-29,2024-04-05,sh.601456,2025-12-15 20:06:53.901826
0.04745,2024-04-01,2024-04-08,sh.601456,2025-12-15 20:06:53.901826
0.00564,2024-04-02,2024-04-09,sh.601456,2025-12-15 20:06:53.901826
0.0875,2024-04-03,2024-04-10,sh.601456,2025-12-15 20:06:53.901826
0.0661,2024-04-08,2024-04-15,sh.601456,2025-12-15 20:06:53.901826
0.087,2024-04-09,2024-04-16,sh.601456,2025-12-15 20:06:53.901826
-0.01343,2024-04-10,2024-04-17,sh.601456,2025-12-15 20:06:53.901826
0.02768,2024-04-11,2024-04-18,sh.601456,2025-12-15 20:06:53.901826
0.0367,2024-04-12,2024-04-19,sh.601456,2025-12-15 20:06:53.901826
0.0109,2024-04-15,2024-04-22,sh.601456,2025-12-15 20:06:53.901826
-0.04562,2024-04-16,2024-04-23,sh.601456,2025-12-15 20:06:53.901826
0.09186,2024-04-17,2024-04-24,sh.601456,2025-12-15 20:06:53.901826
0.02368,2024-04-18,2024-04-25,sh.601456,2025-12-15 20:06:53.901826
0.0276,2024-04-19,2024-04-26,sh.601456,2025-12-15 20:06:53.901826
0.0861,2024-04-22,2024-04-29,sh.601456,2025-12-15 20:06:53.901826
0.0272,2024-04-23,2024-04-30,sh.601456,2025-12-15 20:06:53.901826
0.07806,2024-04-24,2024-05-01,sh.601456,2025-12-15 20:06:53.901826
0.0237,2024-04-25,2024-05-02,sh.601456,2025-12-15 20:06:53.901826
0.04,2024-05-15,2024-05-22,sh.601456,2025-12-15 20:06:53.901826
0.07495,2024-05-16,2024-05-23,sh.601456,2025-12-15 20:06:53.901826
-0.1328,2024-05-17,2024-05-24,sh.601456,2025-12-15 20:06:53.901826
0.01401,2024-05-20,2024-05-27,sh.601456,2025-12-15 20:06:53.901826
0.04355,2024-05-21,2024-05-28,sh.601456,2025-12-15 20:06:53.901826
0.0342,2024-05-22,2024-05-29,sh.601456,2025-12-15 20:06:53.901826
0.04214,2024-05-23,2024-05-30,sh.601456,2025-12-15 20:06:53.901826
-0.00711,2024-05-24,2024-05-31,sh.601456,2025-12-15 20:06:53.901826
-0.01482,2024-05-27,2024-06-03,sh.601456,2025-12-15 20:06:53.901826
0.02087,2024-05-28,2024-06-04,sh.601456,2025-12-15 20:06:53.901826
0.00952,2024-05-29,2024-06-05,sh.601456,2025-12-15 20:06:53.901826
0.02618,2024-05-30,2024-06-06,sh.601456,2025-12-15 20:06:53.901826
0.01234,2024-05-31,2024-06-07,sh.601456,2025-12-15 20:06:53.901826
0.05823,2024-06-03,2024-06-10,sh.601456,2025-12-15 20:06:53.901826
0.08563,2024-06-04,2024-06-11,sh.601456,2025-12-15 20:06:53.901826
0.05823,2024-06-05,2024-06-12,sh.601456,2025-12-15 20:06:53.901826
0.0228,2024-06-06,2024-06-13,sh.601456,2025-12-15 20:06:53.901826
0.0258,2024-06-07,2024-06-14,sh.601456,2025-12-15 20:06:53.901826
0.0265,2024-06-11,2024-06-18,sh.601456,2025-12-15 20:06:53.901826
0.0949,2024-06-12,2024-06-19,sh.601456,2025-12-15 20:06:53.901826
0.0949,2024-06-13,2024-06-20,sh.601456,2025-12-15 20:06:53.901826
0.03653,2024-06-14,2024-06-21,sh.601456,2025-12-15 20:06:53.901826
0.0189,2024-06-17,2024-06-24,sh.601456,2025-12-15 20:06:53.901826
0.06604,2024-06-18,2024-06-25,sh.601456,2025-12-15 20:06:53.901826
-0.05664,2024-06-19,2024-06-26,sh.601456,2025-12-15 20:06:53.901826
0.0396,2024-06-20,2024-06-27,sh.601456,2025-12-15 20:06:53.901826
0.0322,2024-06-21,2024-06-28,sh.601456,2025-12-15 20:06:53.901826
-0.02254,2024-06-24,2024-07-01,sh.601456,2025-12-15 20:06:53.901826
0.006718,2024-06-25,2024-07-02,sh.601456,2025-12-15 20:06:53.901826
0.1267,2024-06-26,2024-07-03,sh.601456,2025-12-15 20:06:53.901826
0.02995,2024-06-27,2024-07-04,sh.601456,2025-12-15 20:06:53.901826
0.02992,2024-06-28,2024-07-05,sh.601456,2025-12-15 20:06:53.901826
0.10114,2024-07-01,2024-07-08,sh.601456,2025-12-15 20:06:53.901826
0.0835,2024-07-02,2024-07-09,sh.601456,2025-12-15 20:06:53.901826
0.0663,2024-07-03,2024-07-10,sh.601456,2025-12-15 20:06:53.901826
0.02992,2024-07-04,2024-07-11,sh.601456,2025-12-15 20:06:53.901826
0.00213,2024-07-05,2024-07-12,sh.601456,2025-12-15 20:06:53.901826
0.02928,2024-07-08,2024-07-15,sh.601456,2025-12-15 20:06:53.901826
0.0756,2024-07-09,2024-07-16,sh.601456,2025-12-15 20:06:53.901826
0.011055,2024-07-10,2024-07-17,sh.601456,2025-12-15 20:06:53.901826
0.05966,2024-07-11,2024-07-18,sh.601456,2025-12-15 20:06:53.901826
0.05966,2024-07-12,2024-07-19,sh.601456,2025-12-15 20:06:53.901826
0.05927,2024-07-15,2024-07-22,sh.601456,2025-12-15 20:06:53.901826
0.0693,2024-07-16,2024-07-23,sh.601456,2025-12-15 20:06:53.901826
0.03705,2024-07-17,2024-07-24,sh.601456,2025-12-15 20:06:53.901826
0.0592,2024-07-18,2024-07-25,sh.601456,2025-12-15 20:06:53.901826
0.05383,2024-07-19,2024-07-26,sh.601456,2025-12-15 20:06:53.901826
0.04565,2024-07-22,2024-07-29,sh.601456,2025-12-15 20:06:53.901826
0.0349,2024-07-23,2024-07-30,sh.601456,2025-12-15 20:06:53.901826
0.02867,2024-07-24,2024-07-31,sh.601456,2025-12-15 20:06:53.901826
0.0751,2024-07-25,2024-08-01,sh.601456,2025-12-15 20:06:53.901826
0.05325,2024-07-26,2024-08-02,sh.601456,2025-12-15 20:06:53.901826
0.03705,2024-07-29,2024-08-05,sh.601456,2025-12-15 20:06:53.901826
0.05383,2024-07-30,2024-08-06,sh.601456,2025-12-15 20:06:53.901826
0.02759,2024-07-31,2024-08-07,sh.601456,2025-12-15 20:06:53.901826
0.04953,2024-08-01,2024-08-08,sh.601456,2025-12-15 20:06:53.901826
-0.0212,2024-08-02,2024-08-09,sh.601456,2025-12-15 20:06:53.901826
-0.01219,2024-08-05,2024-08-12,sh.601456,2025-12-15 20:06:53.901826
0.064,2024-08-06,2024-08-13,sh.601456,2025-12-15 20:06:53.901826
0.0394,2024-08-07,2024-08-14,sh.601456,2025-12-15 20:06:53.901826
0.0549,2024-08-08,2024-08-15,sh.601456,2025-12-15 20:06:53.901826
-0.08777,2024-08-09,2024-08-16,sh.601456,2025-12-15 20:06:53.901826
0.04477,2024-08-12,2024-08-19,sh.601456,2025-12-15 20:06:53.901826
0.0981,2024-08-13,2024-08-20,sh.601456,2025-12-15 20:06:53.901826
0.013336,2024-08-14,2024-08-21,sh.601456,2025-12-15 20:06:53.901826
0.003748,2024-08-15,2024-08-22,sh.601456,2025-12-15 20:06:53.901826
0.0648,2024-08-16,2024-08-23,sh.601456,2025-12-15 20:06:53.901826
0.0805,2024-08-19,2024-08-26,sh.601456,2025-12-15 20:06:53.901826
0.05914,2024-08-20,2024-08-27,sh.601456,2025-12-15 20:06:53.901826
0.0805,2024-08-21,2024-08-28,sh.601456,2025-12-15 20:06:53.901826
-0.00405,2024-08-22,2024-08-29,sh.601456,2025-12-15 20:06:53.901826
0.05417,2024-08-23,2024-08-30,sh.601456,2025-12-15 20:06:53.901826
0.0642,2024-08-26,2024-09-02,sh.601456,2025-12-15 20:06:53.901826
0.04352,2024-08-27,2024-09-03,sh.601456,2025-12-15 20:06:53.901826
0.02567,2024-08-28,2024-09-04,sh.601456,2025-12-15 20:06:53.901826
0.03378,2024-08-29,2024-09-05,sh.601456,2025-12-15 20:06:53.901826
0.07605,2024-08-30,2024-09-06,sh.601456,2025-12-15 20:06:53.901826
0.04318,2024-09-02,2024-09-09,sh.601456,2025-12-15 20:06:53.901826
0.0236,2024-09-03,2024-09-10,sh.601456,2025-12-15 20:06:53.901826
0.0597,2024-09-04,2024-09-11,sh.601456,2025-12-15 20:06:53.901826
0.04825,2024-09-05,2024-09-12,sh.601456,2025-12-15 20:06:53.901826
0.05505,2024-09-06,2024-09-13,sh.601456,2025-12-15 20:06:53.901826
0.09393,2024-09-09,2024-09-16,sh.601456,2025-12-15 20:06:53.901826
0.007076,2024-09-10,2024-09-17,sh.601456,2025-12-15 20:06:53.901826
0.0805,2024-09-11,2024-09-18,sh.601456,2025-12-15 20:06:53.901826
0.0598,2024-09-12,2024-09-19,sh.601456,2025-12-15 20:06:53.901826
0.044,2024-09-13,2024-09-20,sh.601456,2025-12-15 20:06:53.901826
0.10974,2024-09-18,2024-09-25,sh.601456,2025-12-15 20:06:53.901826
0.06476,2024-09-19,2024-09-26,sh.601456,2025-12-15 20:06:53.901826
0.0598,2024-09-20,2024-09-27,sh.601456,2025-12-15 20:06:53.901826
0.06323,2024-09-23,2024-09-30,sh.601456,2025-12-15 20:06:53.901826
0.07904,2024-09-24,2024-10-01,sh.601456,2025-12-15 20:06:53.901826
0.04245,2024-09-25,2024-10-02,sh.601456,2025-12-15 20:06:53.901826
0.0669,2024-09-26,2024-10-03,sh.601456,2025-12-15 20:06:53.901826
0.05508,2024-09-27,2024-10-04,sh.601456,2025-12-15 20:06:53.901826
0.02219,2024-09-30,2024-10-07,sh.601456,2025-12-15 20:06:53.901826
-0.02567,2024-10-08,2024-10-15,sh.601456,2025-12-15 20:06:53.901826
-0.2314,2024-10-09,2024-10-16,sh.601456,2025-12-15 20:06:53.901826
-0.10156,2024-10-10,2024-10-17,sh.601456,2025-12-15 20:06:53.901826
-0.005875,2024-10-11,2024-10-18,sh.601456,2025-12-15 20:06:53.901826
0.0334,2024-10-14,2024-10-21,sh.601456,2025-12-15 20:06:53.901826
0.02278,2024-10-15,2024-10-22,sh.601456,2025-12-15 20:06:53.901826
0.02394,2024-10-16,2024-10-23,sh.601456,2025-12-15 20:06:53.901826
-0.02744,2024-10-17,2024-10-24,sh.601456,2025-12-15 20:06:53.901826
0.007996,2024-10-18,2024-10-25,sh.601456,2025-12-15 20:06:53.901826
0.02293,2024-10-21,2024-10-28,sh.601456,2025-12-15 20:06:53.901826
0.02293,2024-10-22,2024-10-29,sh.601456,2025-12-15 20:06:53.901826
0.01988,2024-10-23,2024-10-30,sh.601456,2025-12-15 20:06:53.901826
0.02596,2024-10-24,2024-10-31,sh.601456,2025-12-15 20:06:53.901826
0.03595,2024-10-25,2024-11-01,sh.601456,2025-12-15 20:06:53.901826
0.1013,2024-10-28,2024-11-04,sh.601456,2025-12-15 20:06:53.901826
-0.05347,2024-10-29,2024-11-05,sh.601456,2025-12-15 20:06:53.901826
0.0952,2024-10-30,2024-11-06,sh.601456,2025-12-15 20:06:53.901826
0.05655,2024-10-31,2024-11-07,sh.601456,2025-12-15 20:06:53.901826
-0.01915,2024-11-01,2024-11-08,sh.601456,2025-12-15 20:06:53.901826
0.1013,2024-11-04,2024-11-11,sh.601456,2025-12-15 20:06:53.901826
0.0394,2024-11-05,2024-11-12,sh.601456,2025-12-15 20:06:53.901826
0.01108,2024-11-06,2024-11-13,sh.601456,2025-12-15 20:06:53.901826
0.04547,2024-11-07,2024-11-14,sh.601456,2025-12-15 20:06:53.901826
-0.068,2024-11-08,2024-11-15,sh.601456,2025-12-15 20:06:53.901826
0.077,2024-11-11,2024-11-18,sh.601456,2025-12-15 20:06:53.901826
-0.0743,2024-11-12,2024-11-19,sh.601456,2025-12-15 20:06:53.901826
0.1057,2024-11-13,2024-11-20,sh.601456,2025-12-15 20:06:53.901826
0.02487,2024-11-14,2024-11-21,sh.601456,2025-12-15 20:06:53.901826
-0.02164,2024-11-15,2024-11-22,sh.601456,2025-12-15 20:06:53.901826
-0.00855,2024-11-18,2024-11-25,sh.601456,2025-12-15 20:06:53.901826
0.03604,2024-11-19,2024-11-26,sh.601456,2025-12-15 20:06:53.901826
0.02293,2024-11-20,2024-11-27,sh.601456,2025-12-15 20:06:53.901826
0.0433,2024-11-21,2024-11-28,sh.601456,2025-12-15 20:06:53.901826
-0.03586,2024-11-22,2024-11-29,sh.601456,2025-12-15 20:06:53.901826
0.01738,2024-11-25,2024-12-02,sh.601456,2025-12-15 20:06:53.901826
-0.01016,2024-11-26,2024-12-03,sh.601456,2025-12-15 20:06:53.901826
0.0652,2024-11-27,2024-12-04,sh.601456,2025-12-15 20:06:53.901826
0.02397,2024-11-28,2024-12-05,sh.601456,2025-12-15 20:06:53.901826
0.09314,2024-11-29,2024-12-06,sh.601456,2025-12-15 20:06:53.901826
0.1315,2024-12-02,2024-12-09,sh.601456,2025-12-15 20:06:53.901826
0.0313,2024-12-03,2024-12-10,sh.601456,2025-12-15 20:06:53.901826
0.0313,2024-12-04,2024-12-11,sh.601456,2025-12-15 20:06:53.901826
0.05618,2024-12-05,2024-12-12,sh.601456,2025-12-15 20:06:53.901826
0.04456,2024-12-06,2024-12-13,sh.601456,2025-12-15 20:06:53.901826
0.04068,2024-12-09,2024-12-16,sh.601456,2025-12-15 20:06:53.901826
-0.02164,2024-12-10,2024-12-17,sh.601456,2025-12-15 20:06:53.901826
0.002062,2024-12-11,2024-12-18,sh.601456,2025-12-15 20:06:53.901826
0.05856,2024-12-12,2024-12-19,sh.601456,2025-12-15 20:06:53.901826
-0.04672,2024-12-13,2024-12-20,sh.601456,2025-12-15 20:06:53.901826
-0.101,2024-12-16,2024-12-23,sh.601456,2025-12-15 20:06:53.901826
0.04135,2024-12-17,2024-12-24,sh.601456,2025-12-15 20:06:53.901826
-0.04178,2024-12-18,2024-12-25,sh.601456,2025-12-15 20:06:53.901826
0.00018,2024-12-19,2024-12-26,sh.601456,2025-12-15 20:06:53.901826
-0.05817,2024-12-20,2024-12-27,sh.601456,2025-12-15 20:06:53.901826
0.01225,2024-12-23,2024-12-30,sh.601456,2025-12-15 20:06:53.901826
0.0916,2024-12-24,2024-12-31,sh.601456,2025-12-15 20:06:53.901826
0.06198,2024-12-25,2025-01-01,sh.601456,2025-12-15 20:06:53.901826
0.0863,2024-12-26,2025-01-02,sh.601456,2025-12-15 20:06:53.901826
0.0376,2024-12-27,2025-01-03,sh.601456,2025-12-15 20:06:53.901826
0.0787,2024-12-30,2025-01-06,sh.601456,2025-12-15 20:06:53.901826
-0.1417,2024-12-31,2025-01-07,sh.601456,2025-12-15 20:06:53.901826
-0.2249,2025-01-02,2025-01-09,sh.601456,2025-12-15 20:06:53.901826
-0.0866,2025-01-03,2025-01-10,sh.601456,2025-12-15 20:06:53.901826
0.03986,2025-01-06,2025-01-13,sh.601456,2025-12-15 20:06:53.901826
0.01112,2025-01-07,2025-01-14,sh.601456,2025-12-15 20:06:53.901826
-0.03616,2025-01-08,2025-01-15,sh.601456,2025-12-15 20:06:53.901826
0.02766,2025-01-09,2025-01-16,sh.601456,2025-12-15 20:06:53.901826
0.041,2025-01-10,2025-01-17,sh.601456,2025-12-15 20:06:53.901826
0.0474,2025-01-13,2025-01-20,sh.601456,2025-12-15 20:06:53.901826
0.0911,2025-01-14,2025-01-21,sh.601456,2025-12-15 20:06:53.901826
0.04022,2025-01-15,2025-01-22,sh.601456,2025-12-15 20:06:53.901826
0.0364,2025-01-16,2025-01-23,sh.601456,2025-12-15 20:06:53.901826
0.0638,2025-01-17,2025-01-24,sh.601456,2025-12-15 20:06:53.901826
0.0636,2025-01-20,2025-01-27,sh.601456,2025-12-15 20:06:53.901826
0.05743,2025-01-21,2025-01-28,sh.601456,2025-12-15 20:06:53.901826
0.0638,2025-01-22,2025-01-29,sh.601456,2025-12-15 20:06:53.901826
0.0661,2025-01-23,2025-01-30,sh.601456,2025-12-15 20:06:53.901826
0.06027,2025-01-24,2025-01-31,sh.601456,2025-12-15 20:06:53.901826
-0.0459,2025-01-27,2025-02-03,sh.601456,2025-12-15 20:06:53.901826
0.01947,2025-02-05,2025-02-12,sh.601456,2025-12-15 20:06:53.901826
0.1097,2025-02-06,2025-02-13,sh.601456,2025-12-15 20:06:53.901826
0.03564,2025-02-07,2025-02-14,sh.601456,2025-12-15 20:06:53.901826
0.0843,2025-02-10,2025-02-17,sh.601456,2025-12-15 20:06:53.901826
0.02371,2025-02-11,2025-02-18,sh.601456,2025-12-15 20:06:53.901826
0.0673,2025-02-12,2025-02-19,sh.601456,2025-12-15 20:06:53.901826
-0.01302,2025-02-13,2025-02-20,sh.601456,2025-12-15 20:06:53.901826
0.01564,2025-02-14,2025-02-21,sh.601456,2025-12-15 20:06:53.901826
0.0185,2025-02-17,2025-02-24,sh.601456,2025-12-15 20:06:53.901826
0.01727,2025-02-18,2025-02-25,sh.601456,2025-12-15 20:06:53.901826
0.0404,2025-02-19,2025-02-26,sh.601456,2025-12-15 20:06:53.901826
0.05008,2025-02-20,2025-02-27,sh.601456,2025-12-15 20:06:53.901826
0.03967,2025-02-21,2025-02-28,sh.601456,2025-12-15 20:06:53.901826
0.0404,2025-02-24,2025-03-03,sh.601456,2025-12-15 20:06:53.901826
0.0316,2025-02-25,2025-03-04,sh.601456,2025-12-15 20:06:53.901826
0.02792,2025-02-26,2025-03-05,sh.601456,2025-12-15 20:06:53.901826
0.0294,2025-02-27,2025-03-06,sh.601456,2025-12-15 20:06:53.901826
0.05054,2025-02-28,2025-03-07,sh.601456,2025-12-15 20:06:53.901826
0.0316,2025-03-03,2025-03-10,sh.601456,2025-12-15 20:06:53.901826
0.06415,2025-03-04,2025-03-11,sh.601456,2025-12-15 20:06:53.901826
0.0647,2025-03-05,2025-03-12,sh.601456,2025-12-15 20:06:53.901826
0.04398,2025-03-06,2025-03-13,sh.601456,2025-12-15 20:06:53.901826
0.03467,2025-03-07,2025-03-14,sh.601456,2025-12-15 20:06:53.901826
0.0587,2025-03-10,2025-03-17,sh.601456,2025-12-15 20:06:53.901826
0.04562,2025-03-11,2025-03-18,sh.601456,2025-12-15 20:06:53.901826
0.07745,2025-03-12,2025-03-19,sh.601456,2025-12-15 20:06:53.901826
-0.00603,2025-03-13,2025-03-20,sh.601456,2025-12-15 20:06:53.901826
0.03903,2025-03-14,2025-03-21,sh.601456,2025-12-15 20:06:53.901826
0.0345,2025-03-17,2025-03-24,sh.601456,2025-12-15 20:06:53.901826
0.04532,2025-03-18,2025-03-25,sh.601456,2025-12-15 20:06:53.901826
0.0345,2025-03-19,2025-03-26,sh.601456,2025-12-15 20:06:53.901826
0.0773,2025-03-20,2025-03-27,sh.601456,2025-12-15 20:06:53.901826
0.06323,2025-03-21,2025-03-28,sh.601456,2025-12-15 20:06:53.901826
0.01912,2025-03-24,2025-03-31,sh.601456,2025-12-15 20:06:53.901826
0.00248,2025-03-25,2025-04-01,sh.601456,2025-12-15 20:06:53.901826
0.0871,2025-03-26,2025-04-02,sh.601456,2025-12-15 20:06:53.901826
0.0595,2025-03-27,2025-04-03,sh.601456,2025-12-15 20:06:53.901826
0.05832,2025-03-28,2025-04-04,sh.601456,2025-12-15 20:06:53.901826
0.07086,2025-03-31,2025-04-07,sh.601456,2025-12-15 20:06:53.901826
0.0984,2025-04-01,2025-04-08,sh.601456,2025-12-15 20:06:53.901826
0.0804,2025-04-02,2025-04-09,sh.601456,2025-12-15 20:06:53.901826
0.0735,2025-04-03,2025-04-10,sh.601456,2025-12-15 20:06:53.901826
-0.00589,2025-04-07,2025-04-14,sh.601456,2025-12-15 20:06:53.901826
0.03027,2025-04-08,2025-04-15,sh.601456,2025-12-15 20:06:53.901826
0.10345,2025-04-09,2025-04-16,sh.601456,2025-12-15 20:06:53.901826
0.0753,2025-04-10,2025-04-17,sh.601456,2025-12-15 20:06:53.901826
0.07666,2025-04-11,2025-04-18,sh.601456,2025-12-15 20:06:53.901826
0.0525,2025-04-14,2025-04-21,sh.601456,2025-12-15 20:06:53.901826
0.08936,2025-04-15,2025-04-22,sh.601456,2025-12-15 20:06:53.901826
0.09656,2025-04-16,2025-04-23,sh.601456,2025-12-15 20:06:53.901826
0.04633,2025-04-17,2025-04-24,sh.601456,2025-12-15 20:06:53.901826
0.03087,2025-04-18,2025-04-25,sh.601456,2025-12-15 20:06:53.901826
0.10645,2025-04-21,2025-04-28,sh.601456,2025-12-15 20:06:53.901826
0.0936,2025-04-22,2025-04-29,sh.601456,2025-12-15 20:06:53.901826
0.0936,2025-04-23,2025-04-30,sh.601456,2025-12-15 20:06:53.901826
0.01349,2025-04-24,2025-05-01,sh.601456,2025-12-15 20:06:53.901826
0.0936,2025-04-25,2025-05-02,sh.601456,2025-12-15 20:06:53.901826
0.03098,2025-04-28,2025-05-05,sh.601456,2025-12-15 20:06:53.901826
0.0241,2025-04-29,2025-05-06,sh.601456,2025-12-15 20:06:53.901826
0.0796,2025-04-30,2025-05-07,sh.601456,2025-12-15 20:06:53.901826
0.0737,2025-05-06,2025-05-13,sh.601456,2025-12-15 20:06:53.901826
0.02393,2025-05-07,2025-05-14,sh.601456,2025-12-15 20:06:53.901826
0.08276,2025-05-08,2025-05-15,sh.601456,2025-12-15 20:06:53.901826
0.03168,2025-05-09,2025-05-16,sh.601456,2025-12-15 20:06:53.901826
0.04846,2025-05-12,2025-05-19,sh.601456,2025-12-15 20:06:53.901826
0.03772,2025-05-13,2025-05-20,sh.601456,2025-12-15 20:06:53.901826
0.0862,2025-05-14,2025-05-21,sh.601456,2025-12-15 20:06:53.901826
0.05807,2025-05-15,2025-05-22,sh.601456,2025-12-15 20:06:53.901826
0.03772,2025-05-16,2025-05-23,sh.601456,2025-12-15 20:06:53.901826
0.08276,2025-05-19,2025-05-26,sh.601456,2025-12-15 20:06:53.901826
0.083,2025-05-20,2025-05-27,sh.601456,2025-12-15 20:06:53.901826
0.083,2025-05-21,2025-05-28,sh.601456,2025-12-15 20:06:53.901826
0.0795,2025-05-22,2025-05-29,sh.601456,2025-12-15 20:06:53.901826
0.05234,2025-05-23,2025-05-30,sh.601456,2025-12-15 20:06:53.901826
0.07666,2025-05-26,2025-06-02,sh.601456,2025-12-15 20:06:53.901826
0.07214,2025-05-27,2025-06-03,sh.601456,2025-12-15 20:06:53.901826
0.0834,2025-05-28,2025-06-04,sh.601456,2025-12-15 20:06:53.901826
0.07214,2025-05-29,2025-06-05,sh.601456,2025-12-15 20:06:53.901826
0.0795,2025-05-30,2025-06-06,sh.601456,2025-12-15 20:06:53.901826
0.0834,2025-06-03,2025-06-10,sh.601456,2025-12-15 20:06:53.901826
0.04858,2025-06-04,2025-06-11,sh.601456,2025-12-15 20:06:53.901826
0.09204,2025-06-05,2025-06-12,sh.601456,2025-12-15 20:06:53.901826
0.03784,2025-06-06,2025-06-13,sh.601456,2025-12-15 20:06:53.901826
0.0814,2025-06-09,2025-06-16,sh.601456,2025-12-15 20:06:53.901826
0.03546,2025-06-10,2025-06-17,sh.601456,2025-12-15 20:06:53.901826
0.04495,2025-06-11,2025-06-18,sh.601456,2025-12-15 20:06:53.901826
0.0814,2025-06-12,2025-06-19,sh.601456,2025-12-15 20:06:53.901826
0.0378,2025-06-13,2025-06-20,sh.601456,2025-12-15 20:06:53.901826
0.04858,2025-06-16,2025-06-23,sh.601456,2025-12-15 20:06:53.901826
0.09204,2025-06-17,2025-06-24,sh.601456,2025-12-15 20:06:53.901826
0.03708,2025-06-18,2025-06-25,sh.601456,2025-12-15 20:06:53.901826
0.07214,2025-06-19,2025-06-26,sh.601456,2025-12-15 20:06:53.901826
0.05234,2025-06-20,2025-06-27,sh.601456,2025-12-15 20:06:53.901826
0.07886,2025-06-23,2025-06-30,sh.601456,2025-12-15 20:06:53.901826
0.1367,2025-06-24,2025-07-01,sh.601456,2025-12-15 20:06:53.901826
0.03214,2025-06-25,2025-07-02,sh.601456,2025-12-15 20:06:53.901826
0.0543,2025-06-26,2025-07-03,sh.601456,2025-12-15 20:06:53.901826
0.0568,2025-06-27,2025-07-04,sh.601456,2025-12-15 20:06:53.901826
0.0752,2025-06-30,2025-07-07,sh.601456,2025-12-15 20:06:53.901826
0.0823,2025-07-01,2025-07-08,sh.601456,2025-12-15 20:06:53.901826
0.1051,2025-07-02,2025-07-09,sh.601456,2025-12-15 20:06:53.901826
0.1051,2025-07-03,2025-07-10,sh.601456,2025-12-15 20:06:53.901826
0.07355,2025-07-04,2025-07-11,sh.601456,2025-12-15 20:06:53.901826
0.1051,2025-07-07,2025-07-14,sh.601456,2025-12-15 20:06:53.901826
0.10815,2025-07-08,2025-07-15,sh.601456,2025-12-15 20:06:53.901826
0.09155,2025-07-09,2025-07-16,sh.601456,2025-12-15 20:06:53.901826
0.04718,2025-07-10,2025-07-17,sh.601456,2025-12-15 20:06:53.901826
0.06015,2025-07-11,2025-07-18,sh.601456,2025-12-15 20:06:53.901826
-0.00916,2025-07-14,2025-07-21,sh.601456,2025-12-15 20:06:53.901826
0.00551,2025-07-15,2025-07-22,sh.601456,2025-12-15 20:06:53.901826
0.009605,2025-07-16,2025-07-23,sh.601456,2025-12-15 20:06:53.901826
0.01275,2025-07-17,2025-07-24,sh.601456,2025-12-15 20:06:53.901826
0.01646,2025-07-18,2025-07-25,sh.601456,2025-12-15 20:06:53.901826
0.0256,2025-07-21,2025-07-28,sh.601456,2025-12-15 20:06:53.901826
0.01041,2025-07-22,2025-07-29,sh.601456,2025-12-15 20:06:53.901826
-0.011116,2025-07-23,2025-07-30,sh.601456,2025-12-15 20:06:53.901826
0.0287,2025-07-24,2025-07-31,sh.601456,2025-12-15 20:06:53.901826
0.0614,2025-07-25,2025-08-01,sh.601456,2025-12-15 20:06:53.901826
0.008316,2025-07-28,2025-08-04,sh.601456,2025-12-15 20:06:53.901826
0.04126,2025-07-29,2025-08-05,sh.601456,2025-12-15 20:06:53.901826
-0.007423,2025-07-30,2025-08-06,sh.601456,2025-12-15 20:06:53.901826
0.0215,2025-07-31,2025-08-07,sh.601456,2025-12-15 20:06:53.901826
0.04303,2025-08-01,2025-08-08,sh.601456,2025-12-15 20:06:53.901826
0.0733,2025-08-04,2025-08-11,sh.601456,2025-12-15 20:06:53.901826
0.0753,2025-08-05,2025-08-12,sh.601456,2025-12-15 20:06:53.901826
0.0755,2025-08-06,2025-08-13,sh.601456,2025-12-15 20:06:53.901826
0.04,2025-08-07,2025-08-14,sh.601456,2025-12-15 20:06:53.901826
0.02869,2025-08-08,2025-08-15,sh.601456,2025-12-15 20:06:53.901826
0.0896,2025-08-11,2025-08-18,sh.601456,2025-12-15 20:06:53.901826
0.04,2025-08-12,2025-08-19,sh.601456,2025-12-15 20:06:53.901826
0.06696,2025-08-13,2025-08-20,sh.601456,2025-12-15 20:06:53.901826
0.007263,2025-08-14,2025-08-21,sh.601456,2025-12-15 20:06:53.901826
0.05045,2025-08-15,2025-08-22,sh.601456,2025-12-15 20:06:53.901826
0.04913,2025-08-18,2025-08-25,sh.601456,2025-12-15 20:06:53.901826
0.0639,2025-08-19,2025-08-26,sh.601456,2025-12-15 20:06:53.901826
0.06494,2025-08-20,2025-08-27,sh.601456,2025-12-15 20:06:53.901826
-0.01034,2025-08-21,2025-08-28,sh.601456,2025-12-15 20:06:53.901826
0.0908,2025-08-22,2025-08-29,sh.601456,2025-12-15 20:06:53.901826
0.04538,2025-08-25,2025-09-01,sh.601456,2025-12-15 20:06:53.901826
0.02121,2025-08-26,2025-09-02,sh.601456,2025-12-15 20:06:53.901826
-0.05475,2025-08-27,2025-09-03,sh.601456,2025-12-15 20:06:53.901826
0.0456,2025-08-28,2025-09-04,sh.601456,2025-12-15 20:06:53.901826
-0.009445,2025-08-29,2025-09-05,sh.601456,2025-12-15 20:06:53.901826
0.04538,2025-09-01,2025-09-08,sh.601456,2025-12-15 20:06:53.901826
0.00919,2025-09-02,2025-09-09,sh.601456,2025-12-15 20:06:53.901826
-0.05176,2025-09-03,2025-09-10,sh.601456,2025-12-15 20:06:53.901826
0.00815,2025-09-04,2025-09-11,sh.601456,2025-12-15 20:06:53.901826
0.04126,2025-09-05,2025-09-12,sh.601456,2025-12-15 20:06:53.901826
-0.007423,2025-09-08,2025-09-15,sh.601456,2025-12-15 20:06:53.901826
0.01275,2025-09-09,2025-09-16,sh.601456,2025-12-15 20:06:53.901826
-0.005234,2025-09-10,2025-09-17,sh.601456,2025-12-15 20:06:53.901826
0.08563,2025-09-11,2025-09-18,sh.601456,2025-12-15 20:06:53.901826
0.01646,2025-09-12,2025-09-19,sh.601456,2025-12-15 20:06:53.901826
0.04053,2025-09-15,2025-09-22,sh.601456,2025-12-15 20:06:53.901826
0.04074,2025-09-16,2025-09-23,sh.601456,2025-12-15 20:06:53.901826
0.014114,2025-09-17,2025-09-24,sh.601456,2025-12-15 20:06:53.901826
-0.03995,2025-09-18,2025-09-25,sh.601456,2025-12-15 20:06:53.901826
0.01279,2025-09-19,2025-09-26,sh.601456,2025-12-15 20:06:53.901826
0.0733,2025-09-22,2025-09-29,sh.601456,2025-12-15 20:06:53.901826
0.01416,2025-09-23,2025-09-30,sh.601456,2025-12-15 20:06:53.901826
-0.002562,2025-09-24,2025-10-01,sh.601456,2025-12-15 20:06:53.901826
-0.00479,2025-09-25,2025-10-02,sh.601456,2025-12-15 20:06:53.901826
0.02457,2025-09-26,2025-10-03,sh.601456,2025-12-15 20:06:53.901826
0.07,2025-09-29,2025-10-06,sh.601456,2025-12-15 20:06:53.901826
0.04202,2025-09-30,2025-10-07,sh.601456,2025-12-15 20:06:53.901826
0.04074,2025-10-09,2025-10-16,sh.601456,2025-12-15 20:06:53.901826
0.005,2025-10-10,2025-10-17,sh.601456,2025-12-15 20:06:53.901826
0.05063,2025-10-13,2025-10-20,sh.601456,2025-12-15 20:06:53.901826
0.04,2025-10-14,2025-10-21,sh.601456,2025-12-15 20:06:53.901826
0.04053,2025-10-15,2025-10-22,sh.601456,2025-12-15 20:06:53.901826
0.04202,2025-10-16,2025-10-23,sh.601456,2025-12-15 20:06:53.901826
-0.0213,2025-10-17,2025-10-24,sh.601456,2025-12-15 20:06:53.901826
0.01279,2025-10-20,2025-10-27,sh.601456,2025-12-15 20:06:53.901826
0.010284,2025-10-21,2025-10-28,sh.601456,2025-12-15 20:06:53.901826
0.0925,2025-10-22,2025-10-29,sh.601456,2025-12-15 20:06:53.901826
0.078,2025-10-23,2025-10-30,sh.601456,2025-12-15 20:06:53.901826
0.0897,2025-10-24,2025-10-31,sh.601456,2025-12-15 20:06:53.901826
0.01041,2025-10-27,2025-11-03,sh.601456,2025-12-15 20:06:53.901826
0.0167,2025-10-28,2025-11-04,sh.601456,2025-12-15 20:06:53.901826
0.01944,2025-10-29,2025-11-05,sh.601456,2025-12-15 20:06:53.901826
0.0167,2025-10-30,2025-11-06,sh.601456,2025-12-15 20:06:53.901826
0.02885,2025-10-31,2025-11-07,sh.601456,2025-12-15 20:06:53.901826
0.00759,2025-11-03,2025-11-10,sh.601456,2025-12-15 20:06:53.901826
0.07697,2025-11-04,2025-11-11,sh.601456,2025-12-15 20:06:53.901826
0.06064,2025-11-05,2025-11-12,sh.601456,2025-12-15 20:06:53.901826
0.0876,2025-11-06,2025-11-13,sh.601456,2025-12-15 20:06:53.901826
0.1405,2025-11-07,2025-11-14,sh.601456,2025-12-15 20:06:53.901826
0.0876,2025-11-10,2025-11-17,sh.601456,2025-12-15 20:06:53.901826
0.0248,2025-11-11,2025-11-18,sh.601456,2025-12-15 20:06:53.901826
0.0577,2025-11-12,2025-11-19,sh.601456,2025-12-15 20:06:53.901826
0.07886,2025-11-13,2025-11-20,sh.601456,2025-12-15 20:06:53.901826
0.07886,2025-11-14,2025-11-21,sh.601456,2025-12-15 20:06:53.901826
0.07886,2025-11-17,2025-11-24,sh.601456,2025-12-15 20:06:53.901826
0.10266,2025-11-18,2025-11-25,sh.601456,2025-12-15 20:06:53.901826
0.04297,2025-11-19,2025-11-26,sh.601456,2025-12-15 20:06:53.901826
0.0234,2025-11-20,2025-11-27,sh.601456,2025-12-15 20:06:53.901826
0.05005,2025-11-21,2025-11-28,sh.601456,2025-12-15 20:06:53.901826
0.09827,2025-11-24,2025-12-01,sh.601456,2025-12-15 20:06:53.901826
0.0875,2025-11-25,2025-12-02,sh.601456,2025-12-15 20:06:53.901826
0.0984,2025-11-26,2025-12-03,sh.601456,2025-12-15 20:06:53.901826
0.1048,2025-11-27,2025-12-04,sh.601456,2025-12-15 20:06:53.901826
0.1048,2025-11-28,2025-12-05,sh.601456,2025-12-15 20:06:53.901826
0.0818,2025-12-01,2025-12-08,sh.601456,2025-12-15 20:06:53.901826
0.0811,2025-12-02,2025-12-09,sh.601456,2025-12-15 20:06:53.901826
0.0811,2025-12-03,2025-12-10,sh.601456,2025-12-15 20:06:53.901826
0.04297,2025-12-04,2025-12-11,sh.601456,2025-12-15 20:06:53.901826
0.1137,2025-12-05,2025-12-12,sh.601456,2025-12-15 20:06:53.901826
0.10406,2025-12-08,2025-12-15,sh.601456,2025-12-15 20:06:53.901826
0.06714,2025-12-09,2025-12-16,sh.601456,2025-12-15 20:06:53.901826
0.06537,2025-12-10,2025-12-17,sh.601456,2025-12-15 20:06:53.901826
0.0433,2025-12-11,2025-12-18,sh.601456,2025-12-15 20:06:53.901826
0.006695,2025-12-12,2025-12-19,sh.601456,2025-12-15 20:06:53.901826
0.0874,2025-12-15,2025-12-22,sh.601456,2025-12-15 20:06:53.901826
0.0874,2025-12-15,2025-12-22,sh.601456,2025-12-15 20:06:53.901826
-0.003134,2025-12-15,2025-12-22,sh.601600,2025-12-15 20:06:53.901826
0.01522,2025-12-15,2025-12-22,sh.601600,2025-12-15 20:06:53.901826
0.02158,2025-12-15,2025-12-22,sh.601601,2025-12-15 20:06:53.901826
0.02686,2025-12-15,2025-12-22,sh.601601,2025-12-15 20:06:53.901826
0.0917,2025-12-15,2025-12-22,sh.601607,2025-12-15 20:06:53.901826
0.09576,2025-12-15,2025-12-22,sh.601607,2025-12-15 20:06:53.901826
0.0682,2025-12-15,2025-12-22,sh.601618,2025-12-15 20:06:53.901826
0.0682,2025-12-15,2025-12-22,sh.601618,2025-12-15 20:06:53.901826
0.04745,2025-12-15,2025-12-22,sh.601628,2025-12-15 20:06:53.901826
0.04745,2025-12-15,2025-12-22,sh.601628,2025-12-15 20:06:53.901826
0.11145,2025-12-15,2025-12-22,sh.601633,2025-12-15 20:06:53.901826
0.1152,2025-12-15,2025-12-22,sh.601633,2025-12-15 20:06:53.901826
0.09467,2025-12-15,2025-12-22,sh.601658,2025-12-15 20:06:53.901826
0.09467,2025-12-15,2025-12-22,sh.601658,2025-12-15 20:06:53.901826
0.0921,2025-12-15,2025-12-22,sh.601668,2025-12-15 20:06:53.901826
0.0921,2025-12-15,2025-12-22,sh.601668,2025-12-15 20:06:53.901826
0.01894,2025-12-15,2025-12-22,sh.601669,2025-12-15 20:06:53.901826
0.01894,2025-12-15,2025-12-22,sh.601669,2025-12-15 20:06:53.901826
0.002726,2025-12-15,2025-12-22,sh.601688,2025-12-15 20:06:53.901826
0.002726,2025-12-15,2025-12-22,sh.601688,2025-12-15 20:06:53.901826
-0.06714,2025-12-15,2025-12-22,sh.601689,2025-12-15 20:06:53.901826
-0.0727,2025-12-15,2025-12-22,sh.601689,2025-12-15 20:06:53.901826
0.01582,2025-12-15,2025-12-22,sh.601698,2025-12-15 20:06:53.901826
0.01582,2025-12-15,2025-12-22,sh.601698,2025-12-15 20:06:53.901826
0.03278,2025-12-15,2025-12-22,sh.601728,2025-12-15 20:06:53.901826
0.03278,2025-12-15,2025-12-22,sh.601728,2025-12-15 20:06:53.901826
-0.01828,2025-12-15,2025-12-22,sh.601766,2025-12-15 20:06:53.901826
-0.01828,2025-12-15,2025-12-22,sh.601766,2025-12-15 20:06:53.901826
0.013596,2025-12-15,2025-12-22,sh.601788,2025-12-15 20:06:53.901826
0.013596,2025-12-15,2025-12-22,sh.601788,2025-12-15 20:06:53.901826
0.04068,2025-12-15,2025-12-22,sh.601800,2025-12-15 20:06:53.901826
0.04068,2025-12-15,2025-12-22,sh.601800,2025-12-15 20:06:53.901826
0.0683,2025-12-15,2025-12-22,sh.601808,2025-12-15 20:06:53.901826
0.0683,2025-12-15,2025-12-22,sh.601808,2025-12-15 20:06:53.901826
0.03033,2025-12-15,2025-12-22,sh.601816,2025-12-15 20:06:53.901826
0.03033,2025-12-15,2025-12-22,sh.601816,2025-12-15 20:06:53.901826
0.09955,2025-12-15,2025-12-22,sh.601818,2025-12-15 20:06:53.901826
0.0825,2025-12-15,2025-12-22,sh.601818,2025-12-15 20:06:53.901826
0.04184,2025-12-15,2025-12-22,sh.601825,2025-12-15 20:06:53.901826
0.0373,2025-12-15,2025-12-22,sh.601825,2025-12-15 20:06:53.901826
0.1092,2025-12-15,2025-12-22,sh.601838,2025-12-15 20:06:53.901826
0.1092,2025-12-15,2025-12-22,sh.601838,2025-12-15 20:06:53.901826
0.00938,2025-12-15,2025-12-22,sh.601857,2025-12-15 20:06:53.901826
0.00938,2025-12-15,2025-12-22,sh.601857,2025-12-15 20:06:53.901826
0.02675,2025-12-15,2025-12-22,sh.601868,2025-12-15 20:06:53.901826
0.0338,2025-12-15,2025-12-22,sh.601868,2025-12-15 20:06:53.901826
0.03073,2025-12-15,2025-12-22,sh.601872,2025-12-15 20:06:53.901826
0.03073,2025-12-15,2025-12-22,sh.601872,2025-12-15 20:06:53.901826
-0.06506,2025-12-15,2025-12-22,sh.601877,2025-12-15 20:06:53.901826
-0.066,2025-12-15,2025-12-22,sh.601877,2025-12-15 20:06:53.901826
0.07635,2025-12-15,2025-12-22,sh.601878,2025-12-15 20:06:53.901826
0.07635,2025-12-15,2025-12-22,sh.601878,2025-12-15 20:06:53.901826
0.04352,2025-12-15,2025-12-22,sh.601881,2025-12-15 20:06:53.901826
0.04352,2025-12-15,2025-12-22,sh.601881,2025-12-15 20:06:53.901826
-0.3345,2025-12-15,2025-12-22,sh.601888,2025-12-15 20:06:53.901826
-0.338,2025-12-15,2025-12-22,sh.601888,2025-12-15 20:06:53.901826
-0.01092,2025-12-15,2025-12-22,sh.601898,2025-12-15 20:06:53.901826
-0.01092,2025-12-15,2025-12-22,sh.601898,2025-12-15 20:06:53.901826
-0.10266,2025-12-15,2025-12-22,sh.601899,2025-12-15 20:06:53.901826
-0.10974,2025-12-15,2025-12-22,sh.601899,2025-12-15 20:06:53.901826
0.04617,2025-12-15,2025-12-22,sh.601901,2025-12-15 20:06:53.901826
0.04617,2025-12-15,2025-12-22,sh.601901,2025-12-15 20:06:53.901826
0.03415,2025-12-15,2025-12-22,sh.601916,2025-12-15 20:06:53.901826
0.03415,2025-12-15,2025-12-22,sh.601916,2025-12-15 20:06:53.901826
0.01313,2025-12-15,2025-12-22,sh.601919,2025-12-15 20:06:53.901826
0.01313,2025-12-15,2025-12-22,sh.601919,2025-12-15 20:06:53.901826
0.02374,2025-12-15,2025-12-22,sh.601939,2025-12-15 20:06:53.901826
0.03784,2025-12-15,2025-12-22,sh.601939,2025-12-15 20:06:53.901826
0.0654,2025-12-15,2025-12-22,sh.601985,2025-12-15 20:06:53.901826
0.0654,2025-12-15,2025-12-22,sh.601985,2025-12-15 20:06:53.901826
0.00868,2025-12-15,2025-12-22,sh.601988,2025-12-15 20:06:53.901826
0.00868,2025-12-15,2025-12-22,sh.601988,2025-12-15 20:06:53.901826
-0.002472,2025-12-15,2025-12-22,sh.601998,2025-12-15 20:06:53.901826
-0.002472,2025-12-15,2025-12-22,sh.601998,2025-12-15 20:06:53.901826
-0.5312,2025-12-15,2025-12-22,sh.603019,2025-12-15 20:06:53.901826
-0.5273,2025-12-15,2025-12-22,sh.603019,2025-12-15 20:06:53.901826
0.1405,2025-12-15,2025-12-22,sh.603195,2025-12-15 20:06:53.901826
0.1405,2025-12-15,2025-12-22,sh.603195,2025-12-15 20:06:53.901826
-0.338,2025-12-15,2025-12-22,sh.603259,2025-12-15 20:06:53.901826
-0.338,2025-12-15,2025-12-22,sh.603259,2025-12-15 20:06:53.901826
0.2079,2025-12-15,2025-12-22,sh.603260,2025-12-15 20:06:53.901826
0.1921,2025-12-15,2025-12-22,sh.603260,2025-12-15 20:06:53.901826
-0.09625,2025-12-15,2025-12-22,sh.603288,2025-12-15 20:06:53.901826
-0.09717,2025-12-15,2025-12-22,sh.603288,2025-12-15 20:06:53.901826
0.02637,2025-12-15,2025-12-22,sh.603369,2025-12-15 20:06:53.901826
0.02661,2025-12-15,2025-12-22,sh.603369,2025-12-15 20:06:53.901826
-0.1327,2025-12-15,2025-12-22,sh.603392,2025-12-15 20:06:53.901826
-0.1388,2025-12-15,2025-12-22,sh.603392,2025-12-15 20:06:53.901826
-0.06094,2025-12-15,2025-12-22,sh.603501,2025-12-15 20:06:53.901826
-0.06055,2025-12-15,2025-12-22,sh.603501,2025-12-15 20:06:53.901826
-0.3816,2025-12-15,2025-12-22,sh.603799,2025-12-15 20:06:53.901826
-0.3816,2025-12-15,2025-12-22,sh.603799,2025-12-15 20:06:53.901826
-0.03085,2023-02-08,2023-02-15,sh.603893,2025-12-15 20:06:53.901826
-0.0483,2023-02-09,2023-02-16,sh.603893,2025-12-15 20:06:53.901826
-0.0907,2023-02-10,2023-02-17,sh.603893,2025-12-15 20:06:53.901826
0.1222,2023-02-13,2023-02-20,sh.603893,2025-12-15 20:06:53.901826
-0.059,2023-02-14,2023-02-21,sh.603893,2025-12-15 20:06:53.901826
0.0718,2023-02-15,2023-02-22,sh.603893,2025-12-15 20:06:53.901826
-0.207,2023-02-16,2023-02-23,sh.603893,2025-12-15 20:06:53.901826
-0.612,2023-02-17,2023-02-24,sh.603893,2025-12-15 20:06:53.901826
-0.1743,2023-02-20,2023-02-27,sh.603893,2025-12-15 20:06:53.901826
-0.1776,2023-02-21,2023-02-28,sh.603893,2025-12-15 20:06:53.901826
0.02632,2023-02-22,2023-03-01,sh.603893,2025-12-15 20:06:53.901826
0.09424,2023-02-23,2023-03-02,sh.603893,2025-12-15 20:06:53.901826
-0.1044,2023-02-24,2023-03-03,sh.603893,2025-12-15 20:06:53.901826
0.01678,2023-02-27,2023-03-06,sh.603893,2025-12-15 20:06:53.901826
-0.03076,2023-02-28,2023-03-07,sh.603893,2025-12-15 20:06:53.901826
0.07446,2023-03-01,2023-03-08,sh.603893,2025-12-15 20:06:53.901826
-0.07446,2023-03-02,2023-03-09,sh.603893,2025-12-15 20:06:53.901826
-0.2637,2023-03-03,2023-03-10,sh.603893,2025-12-15 20:06:53.901826
-0.618,2023-03-06,2023-03-13,sh.603893,2025-12-15 20:06:53.901826
-0.4836,2023-03-07,2023-03-14,sh.603893,2025-12-15 20:06:53.901826
0.0865,2023-03-08,2023-03-15,sh.603893,2025-12-15 20:06:53.901826
0.1202,2023-03-09,2023-03-16,sh.603893,2025-12-15 20:06:53.901826
-0.1318,2023-03-10,2023-03-17,sh.603893,2025-12-15 20:06:53.901826
-0.2954,2023-03-13,2023-03-20,sh.603893,2025-12-15 20:06:53.901826
0.12244,2023-03-14,2023-03-21,sh.603893,2025-12-15 20:06:53.901826
0.0634,2023-03-15,2023-03-22,sh.603893,2025-12-15 20:06:53.901826
0.007782,2023-03-16,2023-03-23,sh.603893,2025-12-15 20:06:53.901826
0.2153,2023-03-17,2023-03-24,sh.603893,2025-12-15 20:06:53.901826
0.1552,2023-03-20,2023-03-27,sh.603893,2025-12-15 20:06:53.901826
0.0312,2023-03-21,2023-03-28,sh.603893,2025-12-15 20:06:53.901826
0.10333,2023-03-22,2023-03-29,sh.603893,2025-12-15 20:06:53.901826
0.1432,2023-03-23,2023-03-30,sh.603893,2025-12-15 20:06:53.901826
-0.2957,2023-03-24,2023-03-31,sh.603893,2025-12-15 20:06:53.901826
-0.3252,2023-03-27,2023-04-03,sh.603893,2025-12-15 20:06:53.901826
-0.5693,2023-03-28,2023-04-04,sh.603893,2025-12-15 20:06:53.901826
-0.096,2023-03-29,2023-04-05,sh.603893,2025-12-15 20:06:53.901826
-0.03308,2023-03-30,2023-04-06,sh.603893,2025-12-15 20:06:53.901826
-0.1123,2023-03-31,2023-04-07,sh.603893,2025-12-15 20:06:53.901826
-0.1255,2023-04-03,2023-04-10,sh.603893,2025-12-15 20:06:53.901826
-0.0106,2023-04-04,2023-04-11,sh.603893,2025-12-15 20:06:53.901826
0.2303,2023-04-06,2023-04-13,sh.603893,2025-12-15 20:06:53.901826
-0.2314,2023-04-07,2023-04-14,sh.603893,2025-12-15 20:06:53.901826
-0.4958,2023-04-10,2023-04-17,sh.603893,2025-12-15 20:06:53.901826
-0.6147,2023-04-11,2023-04-18,sh.603893,2025-12-15 20:06:53.901826
-0.01521,2023-04-12,2023-04-19,sh.603893,2025-12-15 20:06:53.901826
-0.6494,2023-04-13,2023-04-20,sh.603893,2025-12-15 20:06:53.901826
-0.01314,2023-04-14,2023-04-21,sh.603893,2025-12-15 20:06:53.901826
-0.5327,2023-04-17,2023-04-24,sh.603893,2025-12-15 20:06:53.901826
-0.2092,2023-04-18,2023-04-25,sh.603893,2025-12-15 20:06:53.901826
-0.2213,2023-04-19,2023-04-26,sh.603893,2025-12-15 20:06:53.901826
0.0683,2023-04-20,2023-04-27,sh.603893,2025-12-15 20:06:53.901826
-0.9976,2023-04-21,2023-04-28,sh.603893,2025-12-15 20:06:53.901826
-0.3655,2023-04-24,2023-05-01,sh.603893,2025-12-15 20:06:53.901826
-0.4065,2023-04-25,2023-05-02,sh.603893,2025-12-15 20:06:53.901826
-0.2793,2023-04-26,2023-05-03,sh.603893,2025-12-15 20:06:53.901826
-0.0682,2023-04-27,2023-05-04,sh.603893,2025-12-15 20:06:53.901826
0.0712,2023-04-28,2023-05-05,sh.603893,2025-12-15 20:06:53.901826
-0.2402,2023-05-04,2023-05-11,sh.603893,2025-12-15 20:06:53.901826
-0.0713,2023-05-05,2023-05-12,sh.603893,2025-12-15 20:06:53.901826
0.1592,2023-05-08,2023-05-15,sh.603893,2025-12-15 20:06:53.901826
-0.0963,2023-05-09,2023-05-16,sh.603893,2025-12-15 20:06:53.901826
0.0532,2023-05-10,2023-05-17,sh.603893,2025-12-15 20:06:53.901826
0.0773,2023-05-11,2023-05-18,sh.603893,2025-12-15 20:06:53.901826
-0.08264,2023-05-12,2023-05-19,sh.603893,2025-12-15 20:06:53.901826
0.1924,2023-05-15,2023-05-22,sh.603893,2025-12-15 20:06:53.901826
-0.0281,2023-05-16,2023-05-23,sh.603893,2025-12-15 20:06:53.901826
0.07855,2023-05-17,2023-05-24,sh.603893,2025-12-15 20:06:53.901826
0.1135,2023-05-18,2023-05-25,sh.603893,2025-12-15 20:06:53.901826
0.1631,2023-05-19,2023-05-26,sh.603893,2025-12-15 20:06:53.901826
-0.3604,2023-05-22,2023-05-29,sh.603893,2025-12-15 20:06:53.901826
0.00939,2023-05-23,2023-05-30,sh.603893,2025-12-15 20:06:53.901826
-0.1165,2023-05-24,2023-05-31,sh.603893,2025-12-15 20:06:53.901826
-0.00613,2023-05-25,2023-06-01,sh.603893,2025-12-15 20:06:53.901826
0.112,2023-05-26,2023-06-02,sh.603893,2025-12-15 20:06:53.901826
-0.1731,2023-05-29,2023-06-05,sh.603893,2025-12-15 20:06:53.901826
-0.02875,2023-05-30,2023-06-06,sh.603893,2025-12-15 20:06:53.901826
0.2537,2023-05-31,2023-06-07,sh.603893,2025-12-15 20:06:53.901826
-0.0562,2023-06-01,2023-06-08,sh.603893,2025-12-15 20:06:53.901826
-0.272,2023-06-02,2023-06-09,sh.603893,2025-12-15 20:06:53.901826
-0.2168,2023-06-05,2023-06-12,sh.603893,2025-12-15 20:06:53.901826
-0.398,2023-06-06,2023-06-13,sh.603893,2025-12-15 20:06:53.901826
-0.1743,2023-06-07,2023-06-14,sh.603893,2025-12-15 20:06:53.901826
-0.257,2023-06-08,2023-06-15,sh.603893,2025-12-15 20:06:53.901826
-0.5303,2023-06-09,2023-06-16,sh.603893,2025-12-15 20:06:53.901826
0.006718,2023-06-12,2023-06-19,sh.603893,2025-12-15 20:06:53.901826
0.1234,2023-06-13,2023-06-20,sh.603893,2025-12-15 20:06:53.901826
0.01617,2023-06-14,2023-06-21,sh.603893,2025-12-15 20:06:53.901826
-0.1824,2023-06-15,2023-06-22,sh.603893,2025-12-15 20:06:53.901826
0.0787,2023-06-16,2023-06-23,sh.603893,2025-12-15 20:06:53.901826
0.071,2023-06-19,2023-06-26,sh.603893,2025-12-15 20:06:53.901826
0.04535,2023-06-20,2023-06-27,sh.603893,2025-12-15 20:06:53.901826
-0.4758,2023-06-21,2023-06-28,sh.603893,2025-12-15 20:06:53.901826
-0.1976,2023-06-26,2023-07-03,sh.603893,2025-12-15 20:06:53.901826
-0.05804,2023-06-27,2023-07-04,sh.603893,2025-12-15 20:06:53.901826
-0.3518,2023-06-28,2023-07-05,sh.603893,2025-12-15 20:06:53.901826
-0.07043,2023-06-29,2023-07-06,sh.603893,2025-12-15 20:06:53.901826
0.01162,2023-06-30,2023-07-07,sh.603893,2025-12-15 20:06:53.901826
-0.07214,2023-07-03,2023-07-10,sh.603893,2025-12-15 20:06:53.901826
0.0266,2023-07-04,2023-07-11,sh.603893,2025-12-15 20:06:53.901826
-0.01032,2023-07-05,2023-07-12,sh.603893,2025-12-15 20:06:53.901826
-0.1252,2023-07-06,2023-07-13,sh.603893,2025-12-15 20:06:53.901826
-0.01779,2023-07-07,2023-07-14,sh.603893,2025-12-15 20:06:53.901826
-0.0773,2023-07-10,2023-07-17,sh.603893,2025-12-15 20:06:53.901826
0.1436,2023-07-11,2023-07-18,sh.603893,2025-12-15 20:06:53.901826
-0.3462,2023-07-12,2023-07-19,sh.603893,2025-12-15 20:06:53.901826
0.0778,2023-07-13,2023-07-20,sh.603893,2025-12-15 20:06:53.901826
-0.1404,2023-07-14,2023-07-21,sh.603893,2025-12-15 20:06:53.901826
0.0433,2023-07-17,2023-07-24,sh.603893,2025-12-15 20:06:53.901826
-0.05286,2023-07-18,2023-07-25,sh.603893,2025-12-15 20:06:53.901826
-0.002825,2023-07-19,2023-07-26,sh.603893,2025-12-15 20:06:53.901826
-0.5464,2023-07-20,2023-07-27,sh.603893,2025-12-15 20:06:53.901826
-0.03955,2023-07-21,2023-07-28,sh.603893,2025-12-15 20:06:53.901826
0.05182,2023-07-24,2023-07-31,sh.603893,2025-12-15 20:06:53.901826
-0.02312,2023-07-25,2023-08-01,sh.603893,2025-12-15 20:06:53.901826
-0.3062,2023-07-26,2023-08-02,sh.603893,2025-12-15 20:06:53.901826
-0.2048,2023-07-27,2023-08-03,sh.603893,2025-12-15 20:06:53.901826
-0.001354,2023-07-28,2023-08-04,sh.603893,2025-12-15 20:06:53.901826
0.0656,2023-07-31,2023-08-07,sh.603893,2025-12-15 20:06:53.901826
0.01314,2023-08-01,2023-08-08,sh.603893,2025-12-15 20:06:53.901826
0.02351,2023-08-02,2023-08-09,sh.603893,2025-12-15 20:06:53.901826
0.0686,2023-08-03,2023-08-10,sh.603893,2025-12-15 20:06:53.901826
-0.0958,2023-08-04,2023-08-11,sh.603893,2025-12-15 20:06:53.901826
-0.1842,2023-08-07,2023-08-14,sh.603893,2025-12-15 20:06:53.901826
-0.05774,2023-08-08,2023-08-15,sh.603893,2025-12-15 20:06:53.901826
0.095,2023-08-09,2023-08-16,sh.603893,2025-12-15 20:06:53.901826
0.02156,2023-08-10,2023-08-17,sh.603893,2025-12-15 20:06:53.901826
-0.2343,2023-08-11,2023-08-18,sh.603893,2025-12-15 20:06:53.901826
-0.03044,2023-08-14,2023-08-21,sh.603893,2025-12-15 20:06:53.901826
-0.06104,2023-08-15,2023-08-22,sh.603893,2025-12-15 20:06:53.901826
-0.03867,2023-08-16,2023-08-23,sh.603893,2025-12-15 20:06:53.901826
0.0681,2023-08-17,2023-08-24,sh.603893,2025-12-15 20:06:53.901826
0.02786,2023-08-18,2023-08-25,sh.603893,2025-12-15 20:06:53.901826
-0.682,2023-08-21,2023-08-28,sh.603893,2025-12-15 20:06:53.901826
0.04135,2023-08-22,2023-08-29,sh.603893,2025-12-15 20:06:53.901826
-0.0688,2023-08-23,2023-08-30,sh.603893,2025-12-15 20:06:53.901826
0.010895,2023-08-24,2023-08-31,sh.603893,2025-12-15 20:06:53.901826
-0.2008,2023-08-25,2023-09-01,sh.603893,2025-12-15 20:06:53.901826
-0.4634,2023-08-28,2023-09-04,sh.603893,2025-12-15 20:06:53.901826
0.08777,2023-08-29,2023-09-05,sh.603893,2025-12-15 20:06:53.901826
-0.01172,2023-08-30,2023-09-06,sh.603893,2025-12-15 20:06:53.901826
0.09937,2023-08-31,2023-09-07,sh.603893,2025-12-15 20:06:53.901826
-0.1046,2023-09-01,2023-09-08,sh.603893,2025-12-15 20:06:53.901826
0.11053,2023-09-04,2023-09-11,sh.603893,2025-12-15 20:06:53.901826
-0.1447,2023-09-05,2023-09-12,sh.603893,2025-12-15 20:06:53.901826
0.1236,2023-09-06,2023-09-13,sh.603893,2025-12-15 20:06:53.901826
-0.3142,2023-09-07,2023-09-14,sh.603893,2025-12-15 20:06:53.901826
0.07745,2023-09-08,2023-09-15,sh.603893,2025-12-15 20:06:53.901826
-0.01323,2023-09-11,2023-09-18,sh.603893,2025-12-15 20:06:53.901826
-0.03848,2023-09-12,2023-09-19,sh.603893,2025-12-15 20:06:53.901826
-0.09094,2023-09-13,2023-09-20,sh.603893,2025-12-15 20:06:53.901826
0.001972,2023-09-14,2023-09-21,sh.603893,2025-12-15 20:06:53.901826
-0.07574,2023-09-15,2023-09-22,sh.603893,2025-12-15 20:06:53.901826
-0.06195,2023-09-18,2023-09-25,sh.603893,2025-12-15 20:06:53.901826
-0.06323,2023-09-19,2023-09-26,sh.603893,2025-12-15 20:06:53.901826
-0.1388,2023-09-20,2023-09-27,sh.603893,2025-12-15 20:06:53.901826
0.1333,2023-09-21,2023-09-28,sh.603893,2025-12-15 20:06:53.901826
0.1334,2023-09-22,2023-09-29,sh.603893,2025-12-15 20:06:53.901826
-0.08496,2023-09-25,2023-10-02,sh.603893,2025-12-15 20:06:53.901826
-0.0578,2023-09-26,2023-10-03,sh.603893,2025-12-15 20:06:53.901826
-0.04495,2023-09-27,2023-10-04,sh.603893,2025-12-15 20:06:53.901826
0.094,2023-09-28,2023-10-05,sh.603893,2025-12-15 20:06:53.901826
0.1124,2023-10-09,2023-10-16,sh.603893,2025-12-15 20:06:53.901826
0.0943,2023-10-10,2023-10-17,sh.603893,2025-12-15 20:06:53.901826
0.06116,2023-10-11,2023-10-18,sh.603893,2025-12-15 20:06:53.901826
0.03012,2023-10-12,2023-10-19,sh.603893,2025-12-15 20:06:53.901826
0.082,2023-10-13,2023-10-20,sh.603893,2025-12-15 20:06:53.901826
-0.1583,2023-10-16,2023-10-23,sh.603893,2025-12-15 20:06:53.901826
0.02582,2023-10-17,2023-10-24,sh.603893,2025-12-15 20:06:53.901826
-0.1254,2023-10-18,2023-10-25,sh.603893,2025-12-15 20:06:53.901826
0.1349,2023-10-19,2023-10-26,sh.603893,2025-12-15 20:06:53.901826
-0.368,2023-10-20,2023-10-27,sh.603893,2025-12-15 20:06:53.901826
-0.288,2023-10-23,2023-10-30,sh.603893,2025-12-15 20:06:53.901826
-0.6343,2023-10-24,2023-10-31,sh.603893,2025-12-15 20:06:53.901826
-0.0337,2023-10-25,2023-11-01,sh.603893,2025-12-15 20:06:53.901826
-0.0898,2023-10-26,2023-11-02,sh.603893,2025-12-15 20:06:53.901826
0.04556,2023-10-27,2023-11-03,sh.603893,2025-12-15 20:06:53.901826
0.1575,2023-10-30,2023-11-06,sh.603893,2025-12-15 20:06:53.901826
-0.1365,2023-10-31,2023-11-07,sh.603893,2025-12-15 20:06:53.901826
-0.02336,2023-11-01,2023-11-08,sh.603893,2025-12-15 20:06:53.901826
-0.05756,2023-11-02,2023-11-09,sh.603893,2025-12-15 20:06:53.901826
0.10583,2023-11-03,2023-11-10,sh.603893,2025-12-15 20:06:53.901826
0.02011,2023-11-06,2023-11-13,sh.603893,2025-12-15 20:06:53.901826
0.01971,2023-11-07,2023-11-14,sh.603893,2025-12-15 20:06:53.901826
-0.12134,2023-11-08,2023-11-15,sh.603893,2025-12-15 20:06:53.901826
-0.1869,2023-11-09,2023-11-16,sh.603893,2025-12-15 20:06:53.901826
-0.05783,2023-11-10,2023-11-17,sh.603893,2025-12-15 20:06:53.901826
-0.011986,2023-11-13,2023-11-20,sh.603893,2025-12-15 20:06:53.901826
0.08575,2023-11-14,2023-11-21,sh.603893,2025-12-15 20:06:53.901826
-0.1389,2023-11-15,2023-11-22,sh.603893,2025-12-15 20:06:53.901826
-0.1274,2023-11-16,2023-11-23,sh.603893,2025-12-15 20:06:53.901826
0.1431,2023-11-17,2023-11-24,sh.603893,2025-12-15 20:06:53.901826
-0.07874,2023-11-20,2023-11-27,sh.603893,2025-12-15 20:06:53.901826
-0.02672,2023-11-21,2023-11-28,sh.603893,2025-12-15 20:06:53.901826
-0.01462,2023-11-22,2023-11-29,sh.603893,2025-12-15 20:06:53.901826
0.04547,2023-11-23,2023-11-30,sh.603893,2025-12-15 20:06:53.901826
-0.12354,2023-11-24,2023-12-01,sh.603893,2025-12-15 20:06:53.901826
0.1138,2023-11-27,2023-12-04,sh.603893,2025-12-15 20:06:53.901826
0.0666,2023-11-28,2023-12-05,sh.603893,2025-12-15 20:06:53.901826
-0.02841,2023-11-29,2023-12-06,sh.603893,2025-12-15 20:06:53.901826
-0.01596,2023-11-30,2023-12-07,sh.603893,2025-12-15 20:06:53.901826
0.05923,2023-12-01,2023-12-08,sh.603893,2025-12-15 20:06:53.901826
-0.128,2023-12-04,2023-12-11,sh.603893,2025-12-15 20:06:53.901826
-0.1848,2023-12-05,2023-12-12,sh.603893,2025-12-15 20:06:53.901826
0.04193,2023-12-06,2023-12-13,sh.603893,2025-12-15 20:06:53.901826
-0.01204,2023-12-07,2023-12-14,sh.603893,2025-12-15 20:06:53.901826
0.0345,2023-12-08,2023-12-15,sh.603893,2025-12-15 20:06:53.901826
0.0718,2023-12-11,2023-12-18,sh.603893,2025-12-15 20:06:53.901826
-0.03008,2023-12-12,2023-12-19,sh.603893,2025-12-15 20:06:53.901826
-0.03293,2023-12-13,2023-12-20,sh.603893,2025-12-15 20:06:53.901826
-0.03497,2023-12-14,2023-12-21,sh.603893,2025-12-15 20:06:53.901826
-0.2527,2023-12-15,2023-12-22,sh.603893,2025-12-15 20:06:53.901826
-0.3542,2023-12-18,2023-12-25,sh.603893,2025-12-15 20:06:53.901826
0.05472,2023-12-19,2023-12-26,sh.603893,2025-12-15 20:06:53.901826
-0.2422,2023-12-20,2023-12-27,sh.603893,2025-12-15 20:06:53.901826
-0.0643,2023-12-21,2023-12-28,sh.603893,2025-12-15 20:06:53.901826
-0.08014,2023-12-22,2023-12-29,sh.603893,2025-12-15 20:06:53.901826
0.001921,2023-12-25,2024-01-01,sh.603893,2025-12-15 20:06:53.901826
-0.2057,2023-12-26,2024-01-02,sh.603893,2025-12-15 20:06:53.901826
0.01208,2023-12-27,2024-01-03,sh.603893,2025-12-15 20:06:53.901826
-0.01491,2023-12-28,2024-01-04,sh.603893,2025-12-15 20:06:53.901826
0.05988,2023-12-29,2024-01-05,sh.603893,2025-12-15 20:06:53.901826
-0.1212,2024-01-02,2024-01-09,sh.603893,2025-12-15 20:06:53.901826
-0.1564,2024-01-03,2024-01-10,sh.603893,2025-12-15 20:06:53.901826
-0.09314,2024-01-04,2024-01-11,sh.603893,2025-12-15 20:06:53.901826
-0.2264,2024-01-05,2024-01-12,sh.603893,2025-12-15 20:06:53.901826
-0.3252,2024-01-08,2024-01-15,sh.603893,2025-12-15 20:06:53.901826
-0.04175,2024-01-09,2024-01-16,sh.603893,2025-12-15 20:06:53.901826
-0.04483,2024-01-10,2024-01-17,sh.603893,2025-12-15 20:06:53.901826
0.02756,2024-01-11,2024-01-18,sh.603893,2025-12-15 20:06:53.901826
-0.04718,2024-01-12,2024-01-19,sh.603893,2025-12-15 20:06:53.901826
-0.04654,2024-01-15,2024-01-22,sh.603893,2025-12-15 20:06:53.901826
-0.03833,2024-01-16,2024-01-23,sh.603893,2025-12-15 20:06:53.901826
-0.225,2024-01-17,2024-01-24,sh.603893,2025-12-15 20:06:53.901826
0.03476,2024-01-18,2024-01-25,sh.603893,2025-12-15 20:06:53.901826
-0.0649,2024-01-19,2024-01-26,sh.603893,2025-12-15 20:06:53.901826
-0.3828,2024-01-22,2024-01-29,sh.603893,2025-12-15 20:06:53.901826
0.001594,2024-01-23,2024-01-30,sh.603893,2025-12-15 20:06:53.901826
-0.2751,2024-01-24,2024-01-31,sh.603893,2025-12-15 20:06:53.901826
0.01398,2024-01-25,2024-02-01,sh.603893,2025-12-15 20:06:53.901826
-0.05276,2024-01-26,2024-02-02,sh.603893,2025-12-15 20:06:53.901826
-0.2427,2024-01-29,2024-02-05,sh.603893,2025-12-15 20:06:53.901826
-0.2079,2024-01-30,2024-02-06,sh.603893,2025-12-15 20:06:53.901826
-0.2625,2024-01-31,2024-02-07,sh.603893,2025-12-15 20:06:53.901826
-0.1144,2024-02-01,2024-02-08,sh.603893,2025-12-15 20:06:53.901826
-0.4216,2024-02-02,2024-02-09,sh.603893,2025-12-15 20:06:53.901826
-0.2169,2024-02-05,2024-02-12,sh.603893,2025-12-15 20:06:53.901826
0.03378,2024-02-06,2024-02-13,sh.603893,2025-12-15 20:06:53.901826
0.0927,2024-02-07,2024-02-14,sh.603893,2025-12-15 20:06:53.901826
-0.12,2024-02-08,2024-02-15,sh.603893,2025-12-15 20:06:53.901826
-0.2612,2024-02-19,2024-02-26,sh.603893,2025-12-15 20:06:53.901826
-0.0889,2024-02-20,2024-02-27,sh.603893,2025-12-15 20:06:53.901826
-0.04498,2024-02-21,2024-02-28,sh.603893,2025-12-15 20:06:53.901826
0.04593,2024-02-22,2024-02-29,sh.603893,2025-12-15 20:06:53.901826
-0.0664,2024-02-23,2024-03-01,sh.603893,2025-12-15 20:06:53.901826
0.02072,2024-02-26,2024-03-04,sh.603893,2025-12-15 20:06:53.901826
0.0764,2024-02-27,2024-03-05,sh.603893,2025-12-15 20:06:53.901826
-0.4934,2024-02-28,2024-03-06,sh.603893,2025-12-15 20:06:53.901826
0.138,2024-02-29,2024-03-07,sh.603893,2025-12-15 20:06:53.901826
0.02875,2024-03-01,2024-03-08,sh.603893,2025-12-15 20:06:53.901826
-0.11914,2024-03-04,2024-03-11,sh.603893,2025-12-15 20:06:53.901826
-0.0306,2024-03-05,2024-03-12,sh.603893,2025-12-15 20:06:53.901826
-0.0532,2024-03-06,2024-03-13,sh.603893,2025-12-15 20:06:53.901826
-0.261,2024-03-07,2024-03-14,sh.603893,2025-12-15 20:06:53.901826
0.04468,2024-03-08,2024-03-15,sh.603893,2025-12-15 20:06:53.901826
0.05444,2024-03-11,2024-03-18,sh.603893,2025-12-15 20:06:53.901826
-0.05167,2024-03-12,2024-03-19,sh.603893,2025-12-15 20:06:53.901826
-0.03265,2024-03-13,2024-03-20,sh.603893,2025-12-15 20:06:53.901826
-0.0948,2024-03-14,2024-03-21,sh.603893,2025-12-15 20:06:53.901826
0.002668,2024-03-15,2024-03-22,sh.603893,2025-12-15 20:06:53.901826
0.09644,2024-03-18,2024-03-25,sh.603893,2025-12-15 20:06:53.901826
-0.03656,2024-03-19,2024-03-26,sh.603893,2025-12-15 20:06:53.901826
0.004498,2024-03-20,2024-03-27,sh.603893,2025-12-15 20:06:53.901826
-0.11334,2024-03-21,2024-03-28,sh.603893,2025-12-15 20:06:53.901826
-0.2094,2024-03-22,2024-03-29,sh.603893,2025-12-15 20:06:53.901826
-0.2032,2024-03-25,2024-04-01,sh.603893,2025-12-15 20:06:53.901826
-0.10175,2024-03-26,2024-04-02,sh.603893,2025-12-15 20:06:53.901826
-0.2793,2024-03-27,2024-04-03,sh.603893,2025-12-15 20:06:53.901826
0.03105,2024-03-28,2024-04-04,sh.603893,2025-12-15 20:06:53.901826
0.015564,2024-03-29,2024-04-05,sh.603893,2025-12-15 20:06:53.901826
0.0586,2024-04-01,2024-04-08,sh.603893,2025-12-15 20:06:53.901826
-0.0602,2024-04-02,2024-04-09,sh.603893,2025-12-15 20:06:53.901826
-0.071,2024-04-03,2024-04-10,sh.603893,2025-12-15 20:06:53.901826
-0.1647,2024-04-08,2024-04-15,sh.603893,2025-12-15 20:06:53.901826
0.03516,2024-04-09,2024-04-16,sh.603893,2025-12-15 20:06:53.901826
-0.0757,2024-04-10,2024-04-17,sh.603893,2025-12-15 20:06:53.901826
-0.006454,2024-04-11,2024-04-18,sh.603893,2025-12-15 20:06:53.901826
0.1473,2024-04-12,2024-04-19,sh.603893,2025-12-15 20:06:53.901826
0.0337,2024-04-15,2024-04-22,sh.603893,2025-12-15 20:06:53.901826
-0.2764,2024-04-16,2024-04-23,sh.603893,2025-12-15 20:06:53.901826
0.1047,2024-04-17,2024-04-24,sh.603893,2025-12-15 20:06:53.901826
-0.0735,2024-04-18,2024-04-25,sh.603893,2025-12-15 20:06:53.901826
-0.01244,2024-04-19,2024-04-26,sh.603893,2025-12-15 20:06:53.901826
0.01064,2024-04-22,2024-04-29,sh.603893,2025-12-15 20:06:53.901826
0.007046,2024-04-23,2024-04-30,sh.603893,2025-12-15 20:06:53.901826
0.10974,2024-04-24,2024-05-01,sh.603893,2025-12-15 20:06:53.901826
-0.002615,2024-04-25,2024-05-02,sh.603893,2025-12-15 20:06:53.901826
0.08246,2024-04-26,2024-05-03,sh.603893,2025-12-15 20:06:53.901826
0.1375,2024-04-29,2024-05-06,sh.603893,2025-12-15 20:06:53.901826
0.02493,2024-04-30,2024-05-07,sh.603893,2025-12-15 20:06:53.901826
-0.06125,2024-05-06,2024-05-13,sh.603893,2025-12-15 20:06:53.901826
0.01657,2024-05-07,2024-05-14,sh.603893,2025-12-15 20:06:53.901826
-0.04828,2024-05-08,2024-05-15,sh.603893,2025-12-15 20:06:53.901826
0.0779,2024-05-09,2024-05-16,sh.603893,2025-12-15 20:06:53.901826
0.02937,2024-05-10,2024-05-17,sh.603893,2025-12-15 20:06:53.901826
0.01645,2024-05-13,2024-05-20,sh.603893,2025-12-15 20:06:53.901826
-0.10864,2024-05-14,2024-05-21,sh.603893,2025-12-15 20:06:53.901826
-0.1023,2024-05-15,2024-05-22,sh.603893,2025-12-15 20:06:53.901826
-0.12036,2024-05-16,2024-05-23,sh.603893,2025-12-15 20:06:53.901826
0.0942,2024-05-17,2024-05-24,sh.603893,2025-12-15 20:06:53.901826
0.07745,2024-05-20,2024-05-27,sh.603893,2025-12-15 20:06:53.901826
0.02986,2024-05-21,2024-05-28,sh.603893,2025-12-15 20:06:53.901826
0.0346,2024-05-22,2024-05-29,sh.603893,2025-12-15 20:06:53.901826
-0.2019,2024-05-23,2024-05-30,sh.603893,2025-12-15 20:06:53.901826
-0.1095,2024-05-24,2024-05-31,sh.603893,2025-12-15 20:06:53.901826
-0.005867,2024-05-27,2024-06-03,sh.603893,2025-12-15 20:06:53.901826
0.03842,2024-05-28,2024-06-04,sh.603893,2025-12-15 20:06:53.901826
-0.02286,2024-05-29,2024-06-05,sh.603893,2025-12-15 20:06:53.901826
0.07324,2024-05-30,2024-06-06,sh.603893,2025-12-15 20:06:53.901826
0.084,2024-05-31,2024-06-07,sh.603893,2025-12-15 20:06:53.901826
-0.02916,2024-06-03,2024-06-10,sh.603893,2025-12-15 20:06:53.901826
0.0198,2024-06-04,2024-06-11,sh.603893,2025-12-15 20:06:53.901826
0.03094,2024-06-05,2024-06-12,sh.603893,2025-12-15 20:06:53.901826
-0.10443,2024-06-06,2024-06-13,sh.603893,2025-12-15 20:06:53.901826
-0.06586,2024-06-07,2024-06-14,sh.603893,2025-12-15 20:06:53.901826
0.1938,2024-06-11,2024-06-18,sh.603893,2025-12-15 20:06:53.901826
-0.05655,2024-06-12,2024-06-19,sh.603893,2025-12-15 20:06:53.901826
0.03336,2024-06-13,2024-06-20,sh.603893,2025-12-15 20:06:53.901826
0.0657,2024-06-14,2024-06-21,sh.603893,2025-12-15 20:06:53.901826
0.1101,2024-06-17,2024-06-24,sh.603893,2025-12-15 20:06:53.901826
0.01645,2024-06-18,2024-06-25,sh.603893,2025-12-15 20:06:53.901826
-0.0954,2024-06-19,2024-06-26,sh.603893,2025-12-15 20:06:53.901826
0.04758,2024-06-20,2024-06-27,sh.603893,2025-12-15 20:06:53.901826
0.04062,2024-06-21,2024-06-28,sh.603893,2025-12-15 20:06:53.901826
-0.1675,2024-06-24,2024-07-01,sh.603893,2025-12-15 20:06:53.901826
-0.2345,2024-06-25,2024-07-02,sh.603893,2025-12-15 20:06:53.901826
0.0966,2024-06-26,2024-07-03,sh.603893,2025-12-15 20:06:53.901826
-0.0668,2024-06-27,2024-07-04,sh.603893,2025-12-15 20:06:53.901826
0.02698,2024-06-28,2024-07-05,sh.603893,2025-12-15 20:06:53.901826
-0.1326,2024-07-01,2024-07-08,sh.603893,2025-12-15 20:06:53.901826
-0.07874,2024-07-02,2024-07-09,sh.603893,2025-12-15 20:06:53.901826
0.0865,2024-07-03,2024-07-10,sh.603893,2025-12-15 20:06:53.901826
-0.129,2024-07-04,2024-07-11,sh.603893,2025-12-15 20:06:53.901826
-0.05215,2024-07-05,2024-07-12,sh.603893,2025-12-15 20:06:53.901826
-0.07043,2024-07-08,2024-07-15,sh.603893,2025-12-15 20:06:53.901826
0.1957,2024-07-09,2024-07-16,sh.603893,2025-12-15 20:06:53.901826
0.1595,2024-07-10,2024-07-17,sh.603893,2025-12-15 20:06:53.901826
0.0724,2024-07-11,2024-07-18,sh.603893,2025-12-15 20:06:53.901826
0.01686,2024-07-12,2024-07-19,sh.603893,2025-12-15 20:06:53.901826
-0.0225,2024-07-15,2024-07-22,sh.603893,2025-12-15 20:06:53.901826
0.0634,2024-07-16,2024-07-23,sh.603893,2025-12-15 20:06:53.901826
-0.1459,2024-07-17,2024-07-24,sh.603893,2025-12-15 20:06:53.901826
-0.04953,2024-07-18,2024-07-25,sh.603893,2025-12-15 20:06:53.901826
-0.007786,2024-07-19,2024-07-26,sh.603893,2025-12-15 20:06:53.901826
-0.0849,2024-07-22,2024-07-29,sh.603893,2025-12-15 20:06:53.901826
-0.258,2024-07-23,2024-07-30,sh.603893,2025-12-15 20:06:53.901826
-0.1594,2024-07-24,2024-07-31,sh.603893,2025-12-15 20:06:53.901826
-0.2925,2024-07-25,2024-08-01,sh.603893,2025-12-15 20:06:53.901826
-0.07874,2024-07-26,2024-08-02,sh.603893,2025-12-15 20:06:53.901826
-0.09204,2024-07-29,2024-08-05,sh.603893,2025-12-15 20:06:53.901826
0.05453,2024-07-30,2024-08-06,sh.603893,2025-12-15 20:06:53.901826
0.11835,2024-07-31,2024-08-07,sh.603893,2025-12-15 20:06:53.901826
0.00974,2024-08-01,2024-08-08,sh.603893,2025-12-15 20:06:53.901826
-0.02654,2024-08-02,2024-08-09,sh.603893,2025-12-15 20:06:53.901826
-0.36,2024-08-05,2024-08-12,sh.603893,2025-12-15 20:06:53.901826
-0.1086,2024-08-06,2024-08-13,sh.603893,2025-12-15 20:06:53.901826
0.02719,2024-08-07,2024-08-14,sh.603893,2025-12-15 20:06:53.901826
0.01057,2024-08-08,2024-08-15,sh.603893,2025-12-15 20:06:53.901826
-0.0807,2024-08-09,2024-08-16,sh.603893,2025-12-15 20:06:53.901826
0.0254,2024-08-12,2024-08-19,sh.603893,2025-12-15 20:06:53.901826
0.0937,2024-08-13,2024-08-20,sh.603893,2025-12-15 20:06:53.901826
-0.1302,2024-08-14,2024-08-21,sh.603893,2025-12-15 20:06:53.901826
0.05585,2024-08-15,2024-08-22,sh.603893,2025-12-15 20:06:53.901826
-0.05554,2024-08-16,2024-08-23,sh.603893,2025-12-15 20:06:53.901826
0.04547,2024-08-19,2024-08-26,sh.603893,2025-12-15 20:06:53.901826
-0.01517,2024-08-20,2024-08-27,sh.603893,2025-12-15 20:06:53.901826
-0.03735,2024-08-21,2024-08-28,sh.603893,2025-12-15 20:06:53.901826
0.0296,2024-08-22,2024-08-29,sh.603893,2025-12-15 20:06:53.901826
0.141,2024-08-23,2024-08-30,sh.603893,2025-12-15 20:06:53.901826
-0.007454,2024-08-26,2024-09-02,sh.603893,2025-12-15 20:06:53.901826
-0.0951,2024-08-27,2024-09-03,sh.603893,2025-12-15 20:06:53.901826
0.0923,2024-08-28,2024-09-04,sh.603893,2025-12-15 20:06:53.901826
0.10815,2024-08-29,2024-09-05,sh.603893,2025-12-15 20:06:53.901826
0.1415,2024-08-30,2024-09-06,sh.603893,2025-12-15 20:06:53.901826
-0.2705,2024-09-02,2024-09-09,sh.603893,2025-12-15 20:06:53.901826
0.02238,2024-09-03,2024-09-10,sh.603893,2025-12-15 20:06:53.901826
0.1239,2024-09-04,2024-09-11,sh.603893,2025-12-15 20:06:53.901826
0.04654,2024-09-05,2024-09-12,sh.603893,2025-12-15 20:06:53.901826
-0.0854,2024-09-06,2024-09-13,sh.603893,2025-12-15 20:06:53.901826
0.10614,2024-09-09,2024-09-16,sh.603893,2025-12-15 20:06:53.901826
0.014046,2024-09-10,2024-09-17,sh.603893,2025-12-15 20:06:53.901826
0.135,2024-09-11,2024-09-18,sh.603893,2025-12-15 20:06:53.901826
-0.00492,2024-09-12,2024-09-19,sh.603893,2025-12-15 20:06:53.901826
0.0405,2024-09-13,2024-09-20,sh.603893,2025-12-15 20:06:53.901826
0.0799,2024-09-18,2024-09-25,sh.603893,2025-12-15 20:06:53.901826
0.01404,2024-09-19,2024-09-26,sh.603893,2025-12-15 20:06:53.901826
-0.06247,2024-09-20,2024-09-27,sh.603893,2025-12-15 20:06:53.901826
0.0795,2024-09-23,2024-09-30,sh.603893,2025-12-15 20:06:53.901826
0.087,2024-09-24,2024-10-01,sh.603893,2025-12-15 20:06:53.901826
-0.003054,2024-09-25,2024-10-02,sh.603893,2025-12-15 20:06:53.901826
0.251,2024-09-26,2024-10-03,sh.603893,2025-12-15 20:06:53.901826
0.2117,2024-09-27,2024-10-04,sh.603893,2025-12-15 20:06:53.901826
0.1444,2024-09-30,2024-10-07,sh.603893,2025-12-15 20:06:53.901826
-0.0736,2024-10-08,2024-10-15,sh.603893,2025-12-15 20:06:53.901826
-0.239,2024-10-09,2024-10-16,sh.603893,2025-12-15 20:06:53.901826
-0.747,2024-10-10,2024-10-17,sh.603893,2025-12-15 20:06:53.901826
-0.4243,2024-10-11,2024-10-18,sh.603893,2025-12-15 20:06:53.901826
0.1598,2024-10-14,2024-10-21,sh.603893,2025-12-15 20:06:53.901826
-0.1333,2024-10-15,2024-10-22,sh.603893,2025-12-15 20:06:53.901826
-0.07526,2024-10-16,2024-10-23,sh.603893,2025-12-15 20:06:53.901826
-0.2637,2024-10-17,2024-10-24,sh.603893,2025-12-15 20:06:53.901826
0.2098,2024-10-18,2024-10-25,sh.603893,2025-12-15 20:06:53.901826
0.1621,2024-10-21,2024-10-28,sh.603893,2025-12-15 20:06:53.901826
-0.656,2024-10-22,2024-10-29,sh.603893,2025-12-15 20:06:53.901826
-0.3772,2024-10-23,2024-10-30,sh.603893,2025-12-15 20:06:53.901826
-0.04617,2024-10-24,2024-10-31,sh.603893,2025-12-15 20:06:53.901826
-0.2158,2024-10-25,2024-11-01,sh.603893,2025-12-15 20:06:53.901826
0.00841,2024-10-28,2024-11-04,sh.603893,2025-12-15 20:06:53.901826
-0.1214,2024-10-29,2024-11-05,sh.603893,2025-12-15 20:06:53.901826
0.00981,2024-10-30,2024-11-06,sh.603893,2025-12-15 20:06:53.901826
-0.1565,2024-10-31,2024-11-07,sh.603893,2025-12-15 20:06:53.901826
-0.3765,2024-11-01,2024-11-08,sh.603893,2025-12-15 20:06:53.901826
0.0304,2024-11-04,2024-11-11,sh.603893,2025-12-15 20:06:53.901826
0.1069,2024-11-05,2024-11-12,sh.603893,2025-12-15 20:06:53.901826
-0.308,2024-11-06,2024-11-13,sh.603893,2025-12-15 20:06:53.901826
-0.0855,2024-11-07,2024-11-14,sh.603893,2025-12-15 20:06:53.901826
-0.3188,2024-11-08,2024-11-15,sh.603893,2025-12-15 20:06:53.901826
0.02708,2024-11-11,2024-11-18,sh.603893,2025-12-15 20:06:53.901826
-0.265,2024-11-12,2024-11-19,sh.603893,2025-12-15 20:06:53.901826
-0.02148,2024-11-13,2024-11-20,sh.603893,2025-12-15 20:06:53.901826
-0.613,2024-11-14,2024-11-21,sh.603893,2025-12-15 20:06:53.901826
-0.4246,2024-11-15,2024-11-22,sh.603893,2025-12-15 20:06:53.901826
-0.5146,2024-11-18,2024-11-25,sh.603893,2025-12-15 20:06:53.901826
0.11346,2024-11-19,2024-11-26,sh.603893,2025-12-15 20:06:53.901826
0.0236,2024-11-20,2024-11-27,sh.603893,2025-12-15 20:06:53.901826
0.01787,2024-11-21,2024-11-28,sh.603893,2025-12-15 20:06:53.901826
-0.4968,2024-11-22,2024-11-29,sh.603893,2025-12-15 20:06:53.901826
-0.166,2024-11-25,2024-12-02,sh.603893,2025-12-15 20:06:53.901826
-0.0249,2024-11-26,2024-12-03,sh.603893,2025-12-15 20:06:53.901826
0.0654,2024-11-27,2024-12-04,sh.603893,2025-12-15 20:06:53.901826
-0.03008,2024-11-28,2024-12-05,sh.603893,2025-12-15 20:06:53.901826
0.01843,2024-11-29,2024-12-06,sh.603893,2025-12-15 20:06:53.901826
-0.0641,2024-12-02,2024-12-09,sh.603893,2025-12-15 20:06:53.901826
-0.0628,2024-12-03,2024-12-10,sh.603893,2025-12-15 20:06:53.901826
-0.2913,2024-12-04,2024-12-11,sh.603893,2025-12-15 20:06:53.901826
0.00299,2024-12-05,2024-12-12,sh.603893,2025-12-15 20:06:53.901826
-0.03143,2024-12-06,2024-12-13,sh.603893,2025-12-15 20:06:53.901826
-0.0484,2024-12-09,2024-12-16,sh.603893,2025-12-15 20:06:53.901826
-0.07965,2024-12-10,2024-12-17,sh.603893,2025-12-15 20:06:53.901826
0.2598,2024-12-11,2024-12-18,sh.603893,2025-12-15 20:06:53.901826
-0.2732,2024-12-12,2024-12-19,sh.603893,2025-12-15 20:06:53.901826
-0.05493,2024-12-13,2024-12-20,sh.603893,2025-12-15 20:06:53.901826
-0.8667,2024-12-16,2024-12-23,sh.603893,2025-12-15 20:06:53.901826
-0.3882,2024-12-17,2024-12-24,sh.603893,2025-12-15 20:06:53.901826
0.1501,2024-12-18,2024-12-25,sh.603893,2025-12-15 20:06:53.901826
0.3003,2024-12-19,2024-12-26,sh.603893,2025-12-15 20:06:53.901826
0.1725,2024-12-20,2024-12-27,sh.603893,2025-12-15 20:06:53.901826
-0.793,2024-12-23,2024-12-30,sh.603893,2025-12-15 20:06:53.901826
-0.284,2024-12-24,2024-12-31,sh.603893,2025-12-15 20:06:53.901826
-0.2578,2024-12-25,2025-01-01,sh.603893,2025-12-15 20:06:53.901826
0.2441,2024-12-26,2025-01-02,sh.603893,2025-12-15 20:06:53.901826
-0.568,2024-12-27,2025-01-03,sh.603893,2025-12-15 20:06:53.901826
-0.268,2024-12-30,2025-01-06,sh.603893,2025-12-15 20:06:53.901826
-0.598,2024-12-31,2025-01-07,sh.603893,2025-12-15 20:06:53.901826
-0.912,2025-01-02,2025-01-09,sh.603893,2025-12-15 20:06:53.901826
-0.62,2025-01-03,2025-01-10,sh.603893,2025-12-15 20:06:53.901826
-0.2197,2025-01-06,2025-01-13,sh.603893,2025-12-15 20:06:53.901826
0.1808,2025-01-07,2025-01-14,sh.603893,2025-12-15 20:06:53.901826
0.1282,2025-01-08,2025-01-15,sh.603893,2025-12-15 20:06:53.901826
-0.1256,2025-01-09,2025-01-16,sh.603893,2025-12-15 20:06:53.901826
-0.3271,2025-01-10,2025-01-17,sh.603893,2025-12-15 20:06:53.901826
-0.7026,2025-01-13,2025-01-20,sh.603893,2025-12-15 20:06:53.901826
-0.1572,2025-01-14,2025-01-21,sh.603893,2025-12-15 20:06:53.901826
-0.05865,2025-01-15,2025-01-22,sh.603893,2025-12-15 20:06:53.901826
-0.7314,2025-01-16,2025-01-23,sh.603893,2025-12-15 20:06:53.901826
0.131,2025-01-17,2025-01-24,sh.603893,2025-12-15 20:06:53.901826
-0.323,2025-01-20,2025-01-27,sh.603893,2025-12-15 20:06:53.901826
-0.1898,2025-01-21,2025-01-28,sh.603893,2025-12-15 20:06:53.901826
-0.3677,2025-01-22,2025-01-29,sh.603893,2025-12-15 20:06:53.901826
-0.5156,2025-01-23,2025-01-30,sh.603893,2025-12-15 20:06:53.901826
-0.2158,2025-01-24,2025-01-31,sh.603893,2025-12-15 20:06:53.901826
-0.2578,2025-01-27,2025-02-03,sh.603893,2025-12-15 20:06:53.901826
-0.866,2025-02-05,2025-02-12,sh.603893,2025-12-15 20:06:53.901826
0.0574,2025-02-06,2025-02-13,sh.603893,2025-12-15 20:06:53.901826
-0.9077,2025-02-07,2025-02-14,sh.603893,2025-12-15 20:06:53.901826
-0.1913,2025-02-10,2025-02-17,sh.603893,2025-12-15 20:06:53.901826
-0.524,2025-02-11,2025-02-18,sh.603893,2025-12-15 20:06:53.901826
-0.382,2025-02-12,2025-02-19,sh.603893,2025-12-15 20:06:53.901826
-0.908,2025-02-13,2025-02-20,sh.603893,2025-12-15 20:06:53.901826
-0.305,2025-02-14,2025-02-21,sh.603893,2025-12-15 20:06:53.901826
-0.1417,2025-02-17,2025-02-24,sh.603893,2025-12-15 20:06:53.901826
-0.4302,2025-02-18,2025-02-25,sh.603893,2025-12-15 20:06:53.901826
-0.0711,2025-02-19,2025-02-26,sh.603893,2025-12-15 20:06:53.901826
-0.3318,2025-02-20,2025-02-27,sh.603893,2025-12-15 20:06:53.901826
-0.2134,2025-02-21,2025-02-28,sh.603893,2025-12-15 20:06:53.901826
-0.766,2025-02-24,2025-03-03,sh.603893,2025-12-15 20:06:53.901826
-0.317,2025-02-25,2025-03-04,sh.603893,2025-12-15 20:06:53.901826
-0.3066,2025-02-26,2025-03-05,sh.603893,2025-12-15 20:06:53.901826
-0.4565,2025-02-27,2025-03-06,sh.603893,2025-12-15 20:06:53.901826
-0.988,2025-02-28,2025-03-07,sh.603893,2025-12-15 20:06:53.901826
-0.1965,2025-03-03,2025-03-10,sh.603893,2025-12-15 20:06:53.901826
-0.1599,2025-03-04,2025-03-11,sh.603893,2025-12-15 20:06:53.901826
-0.2559,2025-03-05,2025-03-12,sh.603893,2025-12-15 20:06:53.901826
-0.2349,2025-03-06,2025-03-13,sh.603893,2025-12-15 20:06:53.901826
-0.4668,2025-03-07,2025-03-14,sh.603893,2025-12-15 20:06:53.901826
-0.2274,2025-03-10,2025-03-17,sh.603893,2025-12-15 20:06:53.901826
-0.292,2025-03-11,2025-03-18,sh.603893,2025-12-15 20:06:53.901826
-0.306,2025-03-12,2025-03-19,sh.603893,2025-12-15 20:06:53.901826
-0.585,2025-03-13,2025-03-20,sh.603893,2025-12-15 20:06:53.901826
-0.04633,2025-03-14,2025-03-21,sh.603893,2025-12-15 20:06:53.901826
-0.2421,2025-03-17,2025-03-24,sh.603893,2025-12-15 20:06:53.901826
-0.3096,2025-03-18,2025-03-25,sh.603893,2025-12-15 20:06:53.901826
-0.307,2025-03-19,2025-03-26,sh.603893,2025-12-15 20:06:53.901826
-0.3582,2025-03-20,2025-03-27,sh.603893,2025-12-15 20:06:53.901826
-0.685,2025-03-21,2025-03-28,sh.603893,2025-12-15 20:06:53.901826
-0.1277,2025-03-24,2025-03-31,sh.603893,2025-12-15 20:06:53.901826
-0.639,2025-03-25,2025-04-01,sh.603893,2025-12-15 20:06:53.901826
-0.2598,2025-03-26,2025-04-02,sh.603893,2025-12-15 20:06:53.901826
-0.2169,2025-03-27,2025-04-03,sh.603893,2025-12-15 20:06:53.901826
-0.2595,2025-03-28,2025-04-04,sh.603893,2025-12-15 20:06:53.901826
-0.1082,2025-03-31,2025-04-07,sh.603893,2025-12-15 20:06:53.901826
-0.572,2025-04-01,2025-04-08,sh.603893,2025-12-15 20:06:53.901826
-0.2067,2025-04-02,2025-04-09,sh.603893,2025-12-15 20:06:53.901826
-0.3926,2025-04-03,2025-04-10,sh.603893,2025-12-15 20:06:53.901826
-0.5396,2025-04-07,2025-04-14,sh.603893,2025-12-15 20:06:53.901826
-0.962,2025-04-08,2025-04-15,sh.603893,2025-12-15 20:06:53.901826
-0.1185,2025-04-09,2025-04-16,sh.603893,2025-12-15 20:06:53.901826
-0.2808,2025-04-10,2025-04-17,sh.603893,2025-12-15 20:06:53.901826
-0.163,2025-04-11,2025-04-18,sh.603893,2025-12-15 20:06:53.901826
-0.1472,2025-04-14,2025-04-21,sh.603893,2025-12-15 20:06:53.901826
-0.3315,2025-04-15,2025-04-22,sh.603893,2025-12-15 20:06:53.901826
-0.412,2025-04-16,2025-04-23,sh.603893,2025-12-15 20:06:53.901826
-0.1884,2025-04-17,2025-04-24,sh.603893,2025-12-15 20:06:53.901826
-0.2306,2025-04-18,2025-04-25,sh.603893,2025-12-15 20:06:53.901826
-0.2177,2025-04-21,2025-04-28,sh.603893,2025-12-15 20:06:53.901826
-0.3884,2025-04-22,2025-04-29,sh.603893,2025-12-15 20:06:53.901826
-0.216,2025-04-23,2025-04-30,sh.603893,2025-12-15 20:06:53.901826
-0.4133,2025-04-24,2025-05-01,sh.603893,2025-12-15 20:06:53.901826
-0.3193,2025-04-25,2025-05-02,sh.603893,2025-12-15 20:06:53.901826
-0.1595,2025-04-28,2025-05-05,sh.603893,2025-12-15 20:06:53.901826
-0.1337,2025-04-29,2025-05-06,sh.603893,2025-12-15 20:06:53.901826
0.0317,2025-04-30,2025-05-07,sh.603893,2025-12-15 20:06:53.901826
-0.3284,2025-05-06,2025-05-13,sh.603893,2025-12-15 20:06:53.901826
-0.2583,2025-05-07,2025-05-14,sh.603893,2025-12-15 20:06:53.901826
-0.3862,2025-05-08,2025-05-15,sh.603893,2025-12-15 20:06:53.901826
-0.3376,2025-05-09,2025-05-16,sh.603893,2025-12-15 20:06:53.901826
-0.1881,2025-05-12,2025-05-19,sh.603893,2025-12-15 20:06:53.901826
-0.4226,2025-05-13,2025-05-20,sh.603893,2025-12-15 20:06:53.901826
-0.2937,2025-05-14,2025-05-21,sh.603893,2025-12-15 20:06:53.901826
-0.2722,2025-05-15,2025-05-22,sh.603893,2025-12-15 20:06:53.901826
-0.169,2025-05-16,2025-05-23,sh.603893,2025-12-15 20:06:53.901826
-0.0701,2025-05-19,2025-05-26,sh.603893,2025-12-15 20:06:53.901826
-0.1427,2025-05-20,2025-05-27,sh.603893,2025-12-15 20:06:53.901826
-0.3994,2025-05-21,2025-05-28,sh.603893,2025-12-15 20:06:53.901826
-0.1416,2025-05-22,2025-05-29,sh.603893,2025-12-15 20:06:53.901826
-0.3845,2025-05-23,2025-05-30,sh.603893,2025-12-15 20:06:53.901826
-0.0799,2025-05-26,2025-06-02,sh.603893,2025-12-15 20:06:53.901826
-0.3757,2025-05-27,2025-06-03,sh.603893,2025-12-15 20:06:53.901826
-0.2147,2025-05-28,2025-06-04,sh.603893,2025-12-15 20:06:53.901826
-0.08777,2025-05-29,2025-06-05,sh.603893,2025-12-15 20:06:53.901826
-0.2288,2025-05-30,2025-06-06,sh.603893,2025-12-15 20:06:53.901826
-0.1925,2025-06-03,2025-06-10,sh.603893,2025-12-15 20:06:53.901826
-0.1525,2025-06-04,2025-06-11,sh.603893,2025-12-15 20:06:53.901826
-0.1387,2025-06-05,2025-06-12,sh.603893,2025-12-15 20:06:53.901826
-0.1407,2025-06-06,2025-06-13,sh.603893,2025-12-15 20:06:53.901826
-0.1508,2025-06-09,2025-06-16,sh.603893,2025-12-15 20:06:53.901826
-0.538,2025-06-10,2025-06-17,sh.603893,2025-12-15 20:06:53.901826
-0.1124,2025-06-11,2025-06-18,sh.603893,2025-12-15 20:06:53.901826
-0.1754,2025-06-12,2025-06-19,sh.603893,2025-12-15 20:06:53.901826
-0.0615,2025-06-13,2025-06-20,sh.603893,2025-12-15 20:06:53.901826
-0.08307,2025-06-16,2025-06-23,sh.603893,2025-12-15 20:06:53.901826
-0.1418,2025-06-17,2025-06-24,sh.603893,2025-12-15 20:06:53.901826
-0.06836,2025-06-18,2025-06-25,sh.603893,2025-12-15 20:06:53.901826
-0.2482,2025-06-19,2025-06-26,sh.603893,2025-12-15 20:06:53.901826
-0.0656,2025-06-20,2025-06-27,sh.603893,2025-12-15 20:06:53.901826
-0.072,2025-06-23,2025-06-30,sh.603893,2025-12-15 20:06:53.901826
-0.04266,2025-06-24,2025-07-01,sh.603893,2025-12-15 20:06:53.901826
-0.1329,2025-06-25,2025-07-02,sh.603893,2025-12-15 20:06:53.901826
-0.2449,2025-06-26,2025-07-03,sh.603893,2025-12-15 20:06:53.901826
-0.2559,2025-06-27,2025-07-04,sh.603893,2025-12-15 20:06:53.901826
-0.1284,2025-06-30,2025-07-07,sh.603893,2025-12-15 20:06:53.901826
-0.1799,2025-07-01,2025-07-08,sh.603893,2025-12-15 20:06:53.901826
-0.626,2025-07-02,2025-07-09,sh.603893,2025-12-15 20:06:53.901826
-0.07184,2025-07-03,2025-07-10,sh.603893,2025-12-15 20:06:53.901826
-0.2163,2025-07-04,2025-07-11,sh.603893,2025-12-15 20:06:53.901826
-0.0891,2025-07-07,2025-07-14,sh.603893,2025-12-15 20:06:53.901826
-0.7153,2025-07-08,2025-07-15,sh.603893,2025-12-15 20:06:53.901826
-0.3425,2025-07-09,2025-07-16,sh.603893,2025-12-15 20:06:53.901826
-0.269,2025-07-10,2025-07-17,sh.603893,2025-12-15 20:06:53.901826
-0.05734,2025-07-11,2025-07-18,sh.603893,2025-12-15 20:06:53.901826
-0.1138,2025-07-14,2025-07-21,sh.603893,2025-12-15 20:06:53.901826
-0.0862,2025-07-15,2025-07-22,sh.603893,2025-12-15 20:06:53.901826
-0.3066,2025-07-16,2025-07-23,sh.603893,2025-12-15 20:06:53.901826
-0.374,2025-07-17,2025-07-24,sh.603893,2025-12-15 20:06:53.901826
-0.3538,2025-07-18,2025-07-25,sh.603893,2025-12-15 20:06:53.901826
-0.1191,2025-07-21,2025-07-28,sh.603893,2025-12-15 20:06:53.901826
-0.3374,2025-07-22,2025-07-29,sh.603893,2025-12-15 20:06:53.901826
-0.1713,2025-07-23,2025-07-30,sh.603893,2025-12-15 20:06:53.901826
-0.0911,2025-07-24,2025-07-31,sh.603893,2025-12-15 20:06:53.901826
-0.0968,2025-07-25,2025-08-01,sh.603893,2025-12-15 20:06:53.901826
-0.178,2025-07-28,2025-08-04,sh.603893,2025-12-15 20:06:53.901826
-0.1257,2025-07-29,2025-08-05,sh.603893,2025-12-15 20:06:53.901826
-0.2603,2025-07-30,2025-08-06,sh.603893,2025-12-15 20:06:53.901826
-0.3625,2025-07-31,2025-08-07,sh.603893,2025-12-15 20:06:53.901826
-0.2524,2025-08-01,2025-08-08,sh.603893,2025-12-15 20:06:53.901826
-0.0844,2025-08-04,2025-08-11,sh.603893,2025-12-15 20:06:53.901826
-0.1779,2025-08-05,2025-08-12,sh.603893,2025-12-15 20:06:53.901826
-0.2634,2025-08-06,2025-08-13,sh.603893,2025-12-15 20:06:53.901826
-0.2517,2025-08-07,2025-08-14,sh.603893,2025-12-15 20:06:53.901826
-0.4111,2025-08-08,2025-08-15,sh.603893,2025-12-15 20:06:53.901826
-0.09015,2025-08-11,2025-08-18,sh.603893,2025-12-15 20:06:53.901826
-0.02287,2025-08-12,2025-08-19,sh.603893,2025-12-15 20:06:53.901826
-0.166,2025-08-13,2025-08-20,sh.603893,2025-12-15 20:06:53.901826
-0.3618,2025-08-14,2025-08-21,sh.603893,2025-12-15 20:06:53.901826
-0.1952,2025-08-15,2025-08-22,sh.603893,2025-12-15 20:06:53.901826
-0.2399,2025-08-18,2025-08-25,sh.603893,2025-12-15 20:06:53.901826
-0.5083,2025-08-19,2025-08-26,sh.603893,2025-12-15 20:06:53.901826
-0.09705,2025-08-20,2025-08-27,sh.603893,2025-12-15 20:06:53.901826
-0.639,2025-08-21,2025-08-28,sh.603893,2025-12-15 20:06:53.901826
-0.04416,2025-08-22,2025-08-29,sh.603893,2025-12-15 20:06:53.901826
-0.787,2025-08-25,2025-09-01,sh.603893,2025-12-15 20:06:53.901826
-0.3083,2025-08-26,2025-09-02,sh.603893,2025-12-15 20:06:53.901826
-0.02768,2025-08-27,2025-09-03,sh.603893,2025-12-15 20:06:53.901826
-0.1597,2025-08-28,2025-09-04,sh.603893,2025-12-15 20:06:53.901826
-0.3098,2025-08-29,2025-09-05,sh.603893,2025-12-15 20:06:53.901826
-1.03,2025-09-01,2025-09-08,sh.603893,2025-12-15 20:06:53.901826
-1.047,2025-09-02,2025-09-09,sh.603893,2025-12-15 20:06:53.901826
-0.671,2025-09-03,2025-09-10,sh.603893,2025-12-15 20:06:53.901826
-0.979,2025-09-04,2025-09-11,sh.603893,2025-12-15 20:06:53.901826
-0.2194,2025-09-05,2025-09-12,sh.603893,2025-12-15 20:06:53.901826
-0.333,2025-09-08,2025-09-15,sh.603893,2025-12-15 20:06:53.901826
-0.4778,2025-09-09,2025-09-16,sh.603893,2025-12-15 20:06:53.901826
-0.1713,2025-09-10,2025-09-17,sh.603893,2025-12-15 20:06:53.901826
-0.08765,2025-09-11,2025-09-18,sh.603893,2025-12-15 20:06:53.901826
-0.3613,2025-09-12,2025-09-19,sh.603893,2025-12-15 20:06:53.901826
-0.791,2025-09-15,2025-09-22,sh.603893,2025-12-15 20:06:53.901826
-0.2632,2025-09-16,2025-09-23,sh.603893,2025-12-15 20:06:53.901826
-0.3716,2025-09-17,2025-09-24,sh.603893,2025-12-15 20:06:53.901826
-0.2107,2025-09-18,2025-09-25,sh.603893,2025-12-15 20:06:53.901826
-0.6304,2025-09-19,2025-09-26,sh.603893,2025-12-15 20:06:53.901826
-0.2024,2025-09-22,2025-09-29,sh.603893,2025-12-15 20:06:53.901826
-0.581,2025-09-23,2025-09-30,sh.603893,2025-12-15 20:06:53.901826
-0.3643,2025-09-24,2025-10-01,sh.603893,2025-12-15 20:06:53.901826
-0.2678,2025-09-25,2025-10-02,sh.603893,2025-12-15 20:06:53.901826
-0.8374,2025-09-26,2025-10-03,sh.603893,2025-12-15 20:06:53.901826
-0.203,2025-09-29,2025-10-06,sh.603893,2025-12-15 20:06:53.901826
-0.1123,2025-09-30,2025-10-07,sh.603893,2025-12-15 20:06:53.901826
-0.4377,2025-10-09,2025-10-16,sh.603893,2025-12-15 20:06:53.901826
-0.882,2025-10-10,2025-10-17,sh.603893,2025-12-15 20:06:53.901826
-0.081,2025-10-13,2025-10-20,sh.603893,2025-12-15 20:06:53.901826
-0.953,2025-10-14,2025-10-21,sh.603893,2025-12-15 20:06:53.901826
-0.438,2025-10-15,2025-10-22,sh.603893,2025-12-15 20:06:53.901826
-0.3083,2025-10-16,2025-10-23,sh.603893,2025-12-15 20:06:53.901826
-0.6006,2025-10-17,2025-10-24,sh.603893,2025-12-15 20:06:53.901826
-0.2411,2025-10-20,2025-10-27,sh.603893,2025-12-15 20:06:53.901826
-0.10535,2025-10-21,2025-10-28,sh.603893,2025-12-15 20:06:53.901826
-0.1771,2025-10-22,2025-10-29,sh.603893,2025-12-15 20:06:53.901826
-0.2499,2025-10-23,2025-10-30,sh.603893,2025-12-15 20:06:53.901826
-0.07513,2025-10-24,2025-10-31,sh.603893,2025-12-15 20:06:53.901826
-0.4612,2025-10-27,2025-11-03,sh.603893,2025-12-15 20:06:53.901826
-0.4504,2025-10-28,2025-11-04,sh.603893,2025-12-15 20:06:53.901826
-0.1815,2025-10-29,2025-11-05,sh.603893,2025-12-15 20:06:53.901826
-0.562,2025-10-30,2025-11-06,sh.603893,2025-12-15 20:06:53.901826
-0.3416,2025-10-31,2025-11-07,sh.603893,2025-12-15 20:06:53.901826
-0.3625,2025-11-03,2025-11-10,sh.603893,2025-12-15 20:06:53.901826
-0.411,2025-11-04,2025-11-11,sh.603893,2025-12-15 20:06:53.901826
-0.05475,2025-11-05,2025-11-12,sh.603893,2025-12-15 20:06:53.901826
-0.07104,2025-11-06,2025-11-13,sh.603893,2025-12-15 20:06:53.901826
-0.1804,2025-11-07,2025-11-14,sh.603893,2025-12-15 20:06:53.901826
-0.3594,2025-11-10,2025-11-17,sh.603893,2025-12-15 20:06:53.901826
-0.4312,2025-11-11,2025-11-18,sh.603893,2025-12-15 20:06:53.901826
-0.2222,2025-11-12,2025-11-19,sh.603893,2025-12-15 20:06:53.901826
-0.0643,2025-11-13,2025-11-20,sh.603893,2025-12-15 20:06:53.901826
-0.2942,2025-11-14,2025-11-21,sh.603893,2025-12-15 20:06:53.901826
-0.153,2025-11-17,2025-11-24,sh.603893,2025-12-15 20:06:53.901826
-0.12054,2025-11-18,2025-11-25,sh.603893,2025-12-15 20:06:53.901826
-0.2795,2025-11-19,2025-11-26,sh.603893,2025-12-15 20:06:53.901826
-0.6865,2025-11-20,2025-11-27,sh.603893,2025-12-15 20:06:53.901826
-0.1649,2025-11-21,2025-11-28,sh.603893,2025-12-15 20:06:53.901826
-0.202,2025-11-24,2025-12-01,sh.603893,2025-12-15 20:06:53.901826
-0.1472,2025-11-25,2025-12-02,sh.603893,2025-12-15 20:06:53.901826
-0.1066,2025-11-26,2025-12-03,sh.603893,2025-12-15 20:06:53.901826
-0.3445,2025-11-27,2025-12-04,sh.603893,2025-12-15 20:06:53.901826
-0.05292,2025-11-28,2025-12-05,sh.603893,2025-12-15 20:06:53.901826
-0.1965,2025-12-01,2025-12-08,sh.603893,2025-12-15 20:06:53.901826
-0.3955,2025-12-02,2025-12-09,sh.603893,2025-12-15 20:06:53.901826
-0.489,2025-12-03,2025-12-10,sh.603893,2025-12-15 20:06:53.901826
-0.10815,2025-12-04,2025-12-11,sh.603893,2025-12-15 20:06:53.901826
-0.2435,2025-12-05,2025-12-12,sh.603893,2025-12-15 20:06:53.901826
-0.129,2025-12-08,2025-12-15,sh.603893,2025-12-15 20:06:53.901826
-0.2478,2025-12-09,2025-12-16,sh.603893,2025-12-15 20:06:53.901826
-0.1132,2025-12-10,2025-12-17,sh.603893,2025-12-15 20:06:53.901826
-0.2856,2025-12-11,2025-12-18,sh.603893,2025-12-15 20:06:53.901826
-0.1959,2025-12-12,2025-12-19,sh.603893,2025-12-15 20:06:53.901826
-0.3838,2025-12-15,2025-12-22,sh.603893,2025-12-15 20:06:53.901826
-0.3748,2025-12-15,2025-12-22,sh.603893,2025-12-15 20:06:53.901826
-0.3235,2025-12-15,2025-12-22,sh.603986,2025-12-15 20:06:53.901826
-0.3237,2025-12-15,2025-12-22,sh.603986,2025-12-15 20:06:53.901826
-0.1122,2025-12-15,2025-12-22,sh.603993,2025-12-15 20:06:53.901826
-0.1071,2025-12-15,2025-12-22,sh.603993,2025-12-15 20:06:53.901826
-0.3137,2025-12-15,2025-12-22,sh.605117,2025-12-15 20:06:53.901826
-0.314,2025-12-15,2025-12-22,sh.605117,2025-12-15 20:06:53.901826
0.0343,2025-12-15,2025-12-22,sh.605499,2025-12-15 20:06:53.901826
0.0322,2025-12-15,2025-12-22,sh.605499,2025-12-15 20:06:53.901826
-0.3792,2025-12-15,2025-12-22,sh.688008,2025-12-15 20:06:53.901826
-0.3745,2025-12-15,2025-12-22,sh.688008,2025-12-15 20:06:53.901826
0.02715,2025-12-15,2025-12-22,sh.688009,2025-12-15 20:06:53.901826
0.02715,2025-12-15,2025-12-22,sh.688009,2025-12-15 20:06:53.901826
-0.4502,2025-12-15,2025-12-22,sh.688012,2025-12-15 20:06:53.901826
-0.4485,2025-12-15,2025-12-22,sh.688012,2025-12-15 20:06:53.901826
-0.09503,2025-12-15,2025-12-22,sh.688036,2025-12-15 20:06:53.901826
-0.09283,2025-12-15,2025-12-22,sh.688036,2025-12-15 20:06:53.901826
-0.438,2025-12-15,2025-12-22,sh.688041,2025-12-15 20:06:53.901826
-0.4375,2025-12-15,2025-12-22,sh.688041,2025-12-15 20:06:53.901826
-0.02493,2025-12-15,2025-12-22,sh.688047,2025-12-15 20:06:53.901826
-0.02493,2025-12-15,2025-12-22,sh.688047,2025-12-15 20:06:53.901826
-0.3994,2025-12-15,2025-12-22,sh.688082,2025-12-15 20:06:53.901826
-0.3977,2025-12-15,2025-12-22,sh.688082,2025-12-15 20:06:53.901826
-0.0757,2025-12-15,2025-12-22,sh.688111,2025-12-15 20:06:53.901826
-0.07416,2025-12-15,2025-12-22,sh.688111,2025-12-15 20:06:53.901826
-0.012184,2025-12-15,2025-12-22,sh.688126,2025-12-15 20:06:53.901826
-0.012184,2025-12-15,2025-12-22,sh.688126,2025-12-15 20:06:53.901826
-0.1339,2025-12-15,2025-12-22,sh.688169,2025-12-15 20:06:53.901826
-0.1337,2025-12-15,2025-12-22,sh.688169,2025-12-15 20:06:53.901826
-0.01924,2025-12-15,2025-12-22,sh.688187,2025-12-15 20:06:53.901826
-0.01941,2025-12-15,2025-12-22,sh.688187,2025-12-15 20:06:53.901826
0.0788,2025-12-15,2025-12-22,sh.688223,2025-12-15 20:06:53.901826
0.0788,2025-12-15,2025-12-22,sh.688223,2025-12-15 20:06:53.901826
-0.6577,2025-12-15,2025-12-22,sh.688256,2025-12-15 20:06:53.901826
-0.656,2025-12-15,2025-12-22,sh.688256,2025-12-15 20:06:53.901826
0.1558,2025-12-15,2025-12-22,sh.688271,2025-12-15 20:06:53.901826
0.1626,2025-12-15,2025-12-22,sh.688271,2025-12-15 20:06:53.901826
0.10596,2025-12-15,2025-12-22,sh.688303,2025-12-15 20:06:53.901826
0.10596,2025-12-15,2025-12-22,sh.688303,2025-12-15 20:06:53.901826
-0.05786,2025-12-15,2025-12-22,sh.688396,2025-12-15 20:06:53.901826
-0.05786,2025-12-15,2025-12-22,sh.688396,2025-12-15 20:06:53.901826
-0.395,2025-12-12,2025-12-19,sh.688506,2025-12-15 20:06:53.901826
-0.607,2025-12-15,2025-12-22,sh.688506,2025-12-15 20:06:53.901826
-0.5947,2025-12-15,2025-12-22,sh.688506,2025-12-15 20:06:53.901826
-0.2844,2025-12-15,2025-12-22,sh.688981,2025-12-15 20:06:53.901826
-0.2986,2025-12-15,2025-12-22,sh.688981,2025-12-15 20:06:53.901826
-0.11053,2025-12-15,2025-12-22,sz.000001,2025-12-15 20:06:53.901826
-0.11053,2025-12-15,2025-12-22,sz.000001,2025-12-15 20:06:53.901826
-0.12354,2025-12-15,2025-12-22,sz.000002,2025-12-15 20:06:53.901826
-0.1229,2025-12-15,2025-12-22,sz.000002,2025-12-15 20:06:53.901826
-0.1575,2025-12-15,2025-12-22,sz.000063,2025-12-15 20:06:53.901826
-0.1538,2025-12-15,2025-12-22,sz.000063,2025-12-15 20:06:53.901826
0.02107,2025-12-15,2025-12-22,sz.000100,2025-12-15 20:06:53.901826
0.0212,2025-12-15,2025-12-22,sz.000100,2025-12-15 20:06:53.901826
-0.0979,2025-12-15,2025-12-22,sz.000157,2025-12-15 20:06:53.901826
-0.09717,2025-12-15,2025-12-22,sz.000157,2025-12-15 20:06:53.901826
0.006542,2025-12-15,2025-12-22,sz.000166,2025-12-15 20:06:53.901826
0.03015,2025-12-15,2025-12-22,sz.000166,2025-12-15 20:06:53.901826
0.10693,2025-12-15,2025-12-22,sz.000301,2025-12-15 20:06:53.901826
0.1071,2025-12-15,2025-12-22,sz.000301,2025-12-15 20:06:53.901826
0.013794,2025-12-15,2025-12-22,sz.000333,2025-12-15 20:06:53.901826
0.01787,2025-12-15,2025-12-22,sz.000333,2025-12-15 20:06:53.901826
-0.03072,2025-12-15,2025-12-22,sz.000338,2025-12-15 20:06:53.901826
-0.03032,2025-12-15,2025-12-22,sz.000338,2025-12-15 20:06:53.901826
-0.3289,2025-12-15,2025-12-22,sz.000408,2025-12-15 20:06:53.901826
-0.326,2025-12-15,2025-12-22,sz.000408,2025-12-15 20:06:53.901826
-0.0999,2025-12-15,2025-12-22,sz.000425,2025-12-15 20:06:53.901826
-0.1073,2025-12-15,2025-12-22,sz.000425,2025-12-15 20:06:53.901826
-0.0933,2025-12-15,2025-12-22,sz.000538,2025-12-15 20:06:53.901826
-0.0932,2025-12-15,2025-12-22,sz.000538,2025-12-15 20:06:53.901826
-0.262,2025-12-15,2025-12-22,sz.000568,2025-12-15 20:06:53.901826
-0.262,2025-12-15,2025-12-22,sz.000568,2025-12-15 20:06:53.901826
-0.2126,2025-12-15,2025-12-22,sz.000596,2025-12-15 20:06:53.901826
-0.2166,2025-12-15,2025-12-22,sz.000596,2025-12-15 20:06:53.901826
-0.02278,2025-12-15,2025-12-22,sz.000617,2025-12-15 20:06:53.901826
-0.04907,2025-12-15,2025-12-22,sz.000617,2025-12-15 20:06:53.901826
0.0987,2025-12-15,2025-12-22,sz.000625,2025-12-15 20:06:53.901826
0.0987,2025-12-15,2025-12-22,sz.000625,2025-12-15 20:06:53.901826
-0.08026,2025-12-15,2025-12-22,sz.000630,2025-12-15 20:06:53.901826
-0.11847,2025-12-15,2025-12-22,sz.000630,2025-12-15 20:06:53.901826
-0.2471,2025-12-15,2025-12-22,sz.000651,2025-12-15 20:06:53.901826
-0.2471,2025-12-15,2025-12-22,sz.000651,2025-12-15 20:06:53.901826
-0.1154,2025-12-15,2025-12-22,sz.000661,2025-12-15 20:06:53.901826
-0.11237,2025-12-15,2025-12-22,sz.000661,2025-12-15 20:06:53.901826
0.04907,2025-12-15,2025-12-22,sz.000708,2025-12-15 20:06:53.901826
0.04907,2025-12-15,2025-12-22,sz.000708,2025-12-15 20:06:53.901826
0.0559,2025-12-15,2025-12-22,sz.000725,2025-12-15 20:06:53.901826
0.05878,2025-12-15,2025-12-22,sz.000725,2025-12-15 20:06:53.901826
0.1704,2025-12-15,2025-12-22,sz.000768,2025-12-15 20:06:53.901826
0.1704,2025-12-15,2025-12-22,sz.000768,2025-12-15 20:06:53.901826
0.02885,2025-12-15,2025-12-22,sz.000776,2025-12-15 20:06:53.901826
0.02269,2025-12-15,2025-12-22,sz.000776,2025-12-15 20:06:53.901826
0.0924,2025-12-15,2025-12-22,sz.000786,2025-12-15 20:06:53.901826
0.0924,2025-12-15,2025-12-22,sz.000786,2025-12-15 20:06:53.901826
0.01052,2025-12-15,2025-12-22,sz.000792,2025-12-15 20:06:53.901826
0.01052,2025-12-15,2025-12-22,sz.000792,2025-12-15 20:06:53.901826
-0.1418,2025-12-15,2025-12-22,sz.000807,2025-12-15 20:06:53.901826
-0.1383,2025-12-15,2025-12-22,sz.000807,2025-12-15 20:06:53.901826
-0.146,2025-12-15,2025-12-22,sz.000858,2025-12-15 20:06:53.901826
-0.1458,2025-12-15,2025-12-22,sz.000858,2025-12-15 20:06:53.901826
0.0737,2025-12-15,2025-12-22,sz.000876,2025-12-15 20:06:53.901826
0.08276,2025-12-15,2025-12-22,sz.000876,2025-12-15 20:06:53.901826
-0.0204,2025-12-15,2025-12-22,sz.000895,2025-12-15 20:06:53.901826
-0.02052,2025-12-15,2025-12-22,sz.000895,2025-12-15 20:06:53.901826
-0.1315,2025-12-15,2025-12-22,sz.000938,2025-12-15 20:06:53.901826
-0.1315,2025-12-15,2025-12-22,sz.000938,2025-12-15 20:06:53.901826
-0.4382,2025-12-15,2025-12-22,sz.000963,2025-12-15 20:06:53.901826
-0.435,2025-12-15,2025-12-22,sz.000963,2025-12-15 20:06:53.901826
-0.05548,2025-12-15,2025-12-22,sz.000975,2025-12-15 20:06:53.901826
-0.0514,2025-12-15,2025-12-22,sz.000975,2025-12-15 20:06:53.901826
-0.0908,2025-12-15,2025-12-22,sz.000977,2025-12-15 20:06:53.901826
-0.09485,2025-12-15,2025-12-22,sz.000977,2025-12-15 20:06:53.901826
0.1501,2025-12-15,2025-12-22,sz.000983,2025-12-15 20:06:53.901826
0.1243,2025-12-15,2025-12-22,sz.000983,2025-12-15 20:06:53.901826
0.1522,2025-12-15,2025-12-22,sz.000999,2025-12-15 20:06:53.901826
0.1562,2025-12-15,2025-12-22,sz.000999,2025-12-15 20:06:53.901826
0.01578,2025-12-15,2025-12-22,sz.001965,2025-12-15 20:06:53.901826
0.01578,2025-12-15,2025-12-22,sz.001965,2025-12-15 20:06:53.901826
0.05597,2025-12-15,2025-12-22,sz.001979,2025-12-15 20:06:53.901826
0.05597,2025-12-15,2025-12-22,sz.001979,2025-12-15 20:06:53.901826
-0.1036,2025-12-15,2025-12-22,sz.002001,2025-12-15 20:06:53.901826
-0.1008,2025-12-15,2025-12-22,sz.002001,2025-12-15 20:06:53.901826
0.01408,2025-12-15,2025-12-22,sz.002027,2025-12-15 20:06:53.901826
0.01408,2025-12-15,2025-12-22,sz.002027,2025-12-15 20:06:53.901826
-0.2979,2025-12-15,2025-12-22,sz.002028,2025-12-15 20:06:53.901826
-0.297,2025-12-15,2025-12-22,sz.002028,2025-12-15 20:06:53.901826
-0.3027,2025-12-15,2025-12-22,sz.002049,2025-12-15 20:06:53.901826
-0.3103,2025-12-15,2025-12-22,sz.002049,2025-12-15 20:06:53.901826
-0.4858,2025-12-15,2025-12-22,sz.002050,2025-12-15 20:06:53.901826
-0.4888,2025-12-15,2025-12-22,sz.002050,2025-12-15 20:06:53.901826
-0.2722,2025-12-15,2025-12-22,sz.002074,2025-12-15 20:06:53.901826
-0.2722,2025-12-15,2025-12-22,sz.002074,2025-12-15 20:06:53.901826
0.0947,2025-12-15,2025-12-22,sz.002142,2025-12-15 20:06:53.901826
0.10876,2025-12-15,2025-12-22,sz.002142,2025-12-15 20:06:53.901826
-0.0323,2025-12-15,2025-12-22,sz.002179,2025-12-15 20:06:53.901826
-0.02939,2025-12-15,2025-12-22,sz.002179,2025-12-15 20:06:53.901826
-0.05115,2025-12-15,2025-12-22,sz.002230,2025-12-15 20:06:53.901826
-0.05124,2025-12-15,2025-12-22,sz.002230,2025-12-15 20:06:53.901826
-0.1161,2025-12-15,2025-12-22,sz.002236,2025-12-15 20:06:53.901826
-0.11646,2025-12-15,2025-12-22,sz.002236,2025-12-15 20:06:53.901826
-0.2507,2025-12-15,2025-12-22,sz.002241,2025-12-15 20:06:53.901826
-0.2473,2025-12-15,2025-12-22,sz.002241,2025-12-15 20:06:53.901826
-0.04175,2025-12-15,2025-12-22,sz.002252,2025-12-15 20:06:53.901826
-0.05417,2025-12-15,2025-12-22,sz.002252,2025-12-15 20:06:53.901826
-0.2817,2025-12-15,2025-12-22,sz.002304,2025-12-15 20:06:53.901826
-0.2808,2025-12-15,2025-12-22,sz.002304,2025-12-15 20:06:53.901826
-0.00441,2025-12-15,2025-12-22,sz.002311,2025-12-15 20:06:53.901826
-0.005524,2025-12-15,2025-12-22,sz.002311,2025-12-15 20:06:53.901826
0.115,2025-12-15,2025-12-22,sz.002352,2025-12-15 20:06:53.901826
0.08844,2025-12-15,2025-12-22,sz.002352,2025-12-15 20:06:53.901826
-0.305,2025-12-15,2025-12-22,sz.002371,2025-12-15 20:06:53.901826
-0.3044,2025-12-15,2025-12-22,sz.002371,2025-12-15 20:06:53.901826
-0.3633,2019-12-31,2020-01-07,sz.002384,2025-12-15 20:06:53.901826
0.1869,2020-01-02,2020-01-09,sz.002384,2025-12-15 20:06:53.901826
-0.0339,2020-01-03,2020-01-10,sz.002384,2025-12-15 20:06:53.901826
-0.2109,2020-01-06,2020-01-13,sz.002384,2025-12-15 20:06:53.901826
-0.2632,2020-01-07,2020-01-14,sz.002384,2025-12-15 20:06:53.901826
-0.611,2020-01-08,2020-01-15,sz.002384,2025-12-15 20:06:53.901826
-0.11017,2020-01-09,2020-01-16,sz.002384,2025-12-15 20:06:53.901826
-0.5703,2020-01-10,2020-01-17,sz.002384,2025-12-15 20:06:53.901826
0.1537,2020-01-13,2020-01-20,sz.002384,2025-12-15 20:06:53.901826
-0.657,2020-01-14,2020-01-21,sz.002384,2025-12-15 20:06:53.901826
-0.2438,2020-01-15,2020-01-22,sz.002384,2025-12-15 20:06:53.901826
-0.4,2020-01-16,2020-01-23,sz.002384,2025-12-15 20:06:53.901826
-0.4326,2020-01-17,2020-01-24,sz.002384,2025-12-15 20:06:53.901826
-0.02052,2020-01-20,2020-01-27,sz.002384,2025-12-15 20:06:53.901826
-0.3157,2020-01-21,2020-01-28,sz.002384,2025-12-15 20:06:53.901826
-0.1075,2020-01-22,2020-01-29,sz.002384,2025-12-15 20:06:53.901826
-1.057,2020-01-23,2020-01-30,sz.002384,2025-12-15 20:06:53.901826
0.008675,2020-02-03,2020-02-10,sz.002384,2025-12-15 20:06:53.901826
-0.02393,2020-02-04,2020-02-11,sz.002384,2025-12-15 20:06:53.901826
-0.6543,2020-02-05,2020-02-12,sz.002384,2025-12-15 20:06:53.901826
-0.1722,2020-02-06,2020-02-13,sz.002384,2025-12-15 20:06:53.901826
-0.2305,2020-02-07,2020-02-14,sz.002384,2025-12-15 20:06:53.901826
-0.4502,2020-02-10,2020-02-17,sz.002384,2025-12-15 20:06:53.901826
-0.0663,2020-02-11,2020-02-18,sz.002384,2025-12-15 20:06:53.901826
-0.09064,2020-02-12,2020-02-19,sz.002384,2025-12-15 20:06:53.901826
-0.3965,2020-02-13,2020-02-20,sz.002384,2025-12-15 20:06:53.901826
-0.4883,2020-02-14,2020-02-21,sz.002384,2025-12-15 20:06:53.901826
-0.1039,2020-02-17,2020-02-24,sz.002384,2025-12-15 20:06:53.901826
-0.3716,2020-02-18,2020-02-25,sz.002384,2025-12-15 20:06:53.901826
-0.607,2020-02-19,2020-02-26,sz.002384,2025-12-15 20:06:53.901826
0.001433,2020-02-20,2020-02-27,sz.002384,2025-12-15 20:06:53.901826
-0.2883,2020-02-21,2020-02-28,sz.002384,2025-12-15 20:06:53.901826
-0.1555,2020-02-24,2020-03-02,sz.002384,2025-12-15 20:06:53.901826
-0.3704,2020-02-25,2020-03-03,sz.002384,2025-12-15 20:06:53.901826
-1.128,2020-02-26,2020-03-04,sz.002384,2025-12-15 20:06:53.901826
-0.7407,2020-02-27,2020-03-05,sz.002384,2025-12-15 20:06:53.901826
-0.8467,2020-02-28,2020-03-06,sz.002384,2025-12-15 20:06:53.901826
-0.5127,2020-03-02,2020-03-09,sz.002384,2025-12-15 20:06:53.901826
-1.007,2020-03-03,2020-03-10,sz.002384,2025-12-15 20:06:53.901826
-0.554,2020-03-04,2020-03-11,sz.002384,2025-12-15 20:06:53.901826
-0.5674,2020-03-05,2020-03-12,sz.002384,2025-12-15 20:06:53.901826
-0.2035,2020-03-06,2020-03-13,sz.002384,2025-12-15 20:06:53.901826
-0.773,2020-03-09,2020-03-16,sz.002384,2025-12-15 20:06:53.901826
-0.05728,2020-03-10,2020-03-17,sz.002384,2025-12-15 20:06:53.901826
-1.004,2020-03-11,2020-03-18,sz.002384,2025-12-15 20:06:53.901826
-0.4478,2020-03-12,2020-03-19,sz.002384,2025-12-15 20:06:53.901826
-0.1477,2020-03-13,2020-03-20,sz.002384,2025-12-15 20:06:53.901826
-1.583,2020-03-16,2020-03-23,sz.002384,2025-12-15 20:06:53.901826
-1.162,2020-03-17,2020-03-24,sz.002384,2025-12-15 20:06:53.901826
-0.855,2020-03-18,2020-03-25,sz.002384,2025-12-15 20:06:53.901826
-0.2361,2020-03-19,2020-03-26,sz.002384,2025-12-15 20:06:53.901826
-0.6323,2020-03-20,2020-03-27,sz.002384,2025-12-15 20:06:53.901826
-1.042,2020-03-23,2020-03-30,sz.002384,2025-12-15 20:06:53.901826
-0.3955,2020-03-24,2020-03-31,sz.002384,2025-12-15 20:06:53.901826
0.001892,2020-03-25,2020-04-01,sz.002384,2025-12-15 20:06:53.901826
-0.2625,2020-03-26,2020-04-02,sz.002384,2025-12-15 20:06:53.901826
-0.7153,2020-03-27,2020-04-03,sz.002384,2025-12-15 20:06:53.901826
-0.5664,2020-03-30,2020-04-06,sz.002384,2025-12-15 20:06:53.901826
-0.4797,2020-03-31,2020-04-07,sz.002384,2025-12-15 20:06:53.901826
-0.2065,2020-04-01,2020-04-08,sz.002384,2025-12-15 20:06:53.901826
0.2198,2020-04-02,2020-04-09,sz.002384,2025-12-15 20:06:53.901826
-0.3093,2020-04-03,2020-04-10,sz.002384,2025-12-15 20:06:53.901826
-0.1973,2020-04-07,2020-04-14,sz.002384,2025-12-15 20:06:53.901826
0.1283,2020-04-08,2020-04-15,sz.002384,2025-12-15 20:06:53.901826
-0.4473,2020-04-09,2020-04-16,sz.002384,2025-12-15 20:06:53.901826
-0.927,2020-04-10,2020-04-17,sz.002384,2025-12-15 20:06:53.901826
-0.357,2020-04-13,2020-04-20,sz.002384,2025-12-15 20:06:53.901826
0.06223,2020-04-14,2020-04-21,sz.002384,2025-12-15 20:06:53.901826
-0.2195,2020-04-15,2020-04-22,sz.002384,2025-12-15 20:06:53.901826
-0.1461,2020-04-16,2020-04-23,sz.002384,2025-12-15 20:06:53.901826
-0.2382,2020-04-17,2020-04-24,sz.002384,2025-12-15 20:06:53.901826
-0.1885,2020-04-20,2020-04-27,sz.002384,2025-12-15 20:06:53.901826
-0.5513,2020-04-21,2020-04-28,sz.002384,2025-12-15 20:06:53.901826
0.0544,2020-04-22,2020-04-29,sz.002384,2025-12-15 20:06:53.901826
-0.538,2020-04-23,2020-04-30,sz.002384,2025-12-15 20:06:53.901826
-0.3618,2020-04-24,2020-05-01,sz.002384,2025-12-15 20:06:53.901826
0.04178,2020-04-27,2020-05-04,sz.002384,2025-12-15 20:06:53.901826
-0.3147,2020-04-28,2020-05-05,sz.002384,2025-12-15 20:06:53.901826
0.04202,2020-04-29,2020-05-06,sz.002384,2025-12-15 20:06:53.901826
0.1008,2020-04-30,2020-05-07,sz.002384,2025-12-15 20:06:53.901826
0.0759,2020-05-06,2020-05-13,sz.002384,2025-12-15 20:06:53.901826
-0.6665,2020-05-07,2020-05-14,sz.002384,2025-12-15 20:06:53.901826
-0.354,2020-05-08,2020-05-15,sz.002384,2025-12-15 20:06:53.901826
-0.2367,2020-05-11,2020-05-18,sz.002384,2025-12-15 20:06:53.901826
-0.10046,2020-05-12,2020-05-19,sz.002384,2025-12-15 20:06:53.901826
-0.05472,2020-05-13,2020-05-20,sz.002384,2025-12-15 20:06:53.901826
-0.1918,2020-05-14,2020-05-21,sz.002384,2025-12-15 20:06:53.901826
-0.2089,2020-05-15,2020-05-22,sz.002384,2025-12-15 20:06:53.901826
-1.123,2020-05-18,2020-05-25,sz.002384,2025-12-15 20:06:53.901826
-0.01653,2020-05-19,2020-05-26,sz.002384,2025-12-15 20:06:53.901826
-0.5044,2020-05-20,2020-05-27,sz.002384,2025-12-15 20:06:53.901826
-0.7056,2020-05-21,2020-05-28,sz.002384,2025-12-15 20:06:53.901826
-0.4592,2020-05-22,2020-05-29,sz.002384,2025-12-15 20:06:53.901826
-0.3928,2020-05-25,2020-06-01,sz.002384,2025-12-15 20:06:53.901826
0.06415,2020-05-26,2020-06-02,sz.002384,2025-12-15 20:06:53.901826
-0.738,2020-05-27,2020-06-03,sz.002384,2025-12-15 20:06:53.901826
-0.3613,2020-05-28,2020-06-04,sz.002384,2025-12-15 20:06:53.901826
-0.159,2020-05-29,2020-06-05,sz.002384,2025-12-15 20:06:53.901826
0.1575,2020-06-01,2020-06-08,sz.002384,2025-12-15 20:06:53.901826
-0.09467,2020-06-02,2020-06-09,sz.002384,2025-12-15 20:06:53.901826
-0.2039,2020-06-03,2020-06-10,sz.002384,2025-12-15 20:06:53.901826
-0.4155,2020-06-04,2020-06-11,sz.002384,2025-12-15 20:06:53.901826
-0.402,2020-06-05,2020-06-12,sz.002384,2025-12-15 20:06:53.901826
-0.6,2020-06-08,2020-06-15,sz.002384,2025-12-15 20:06:53.901826
-1.07,2020-06-09,2020-06-16,sz.002384,2025-12-15 20:06:53.901826
-0.2015,2020-06-10,2020-06-17,sz.002384,2025-12-15 20:06:53.901826
-0.3594,2020-06-11,2020-06-18,sz.002384,2025-12-15 20:06:53.901826
-0.2554,2020-06-12,2020-06-19,sz.002384,2025-12-15 20:06:53.901826
-0.5366,2020-06-15,2020-06-22,sz.002384,2025-12-15 20:06:53.901826
-0.092,2020-06-16,2020-06-23,sz.002384,2025-12-15 20:06:53.901826
-0.2993,2020-06-17,2020-06-24,sz.002384,2025-12-15 20:06:53.901826
0.02203,2020-06-18,2020-06-25,sz.002384,2025-12-15 20:06:53.901826
-0.0748,2020-06-19,2020-06-26,sz.002384,2025-12-15 20:06:53.901826
-0.131,2020-06-22,2020-06-29,sz.002384,2025-12-15 20:06:53.901826
-0.2439,2020-06-23,2020-06-30,sz.002384,2025-12-15 20:06:53.901826
-0.4854,2020-06-24,2020-07-01,sz.002384,2025-12-15 20:06:53.901826
-0.3503,2020-06-29,2020-07-06,sz.002384,2025-12-15 20:06:53.901826
-0.02498,2020-06-30,2020-07-07,sz.002384,2025-12-15 20:06:53.901826
-0.2957,2020-07-01,2020-07-08,sz.002384,2025-12-15 20:06:53.901826
-0.2054,2020-07-02,2020-07-09,sz.002384,2025-12-15 20:06:53.901826
-0.4697,2020-07-03,2020-07-10,sz.002384,2025-12-15 20:06:53.901826
-0.06003,2020-07-06,2020-07-13,sz.002384,2025-12-15 20:06:53.901826
-0.3103,2020-07-07,2020-07-14,sz.002384,2025-12-15 20:06:53.901826
-0.177,2020-07-08,2020-07-15,sz.002384,2025-12-15 20:06:53.901826
-0.367,2020-07-09,2020-07-16,sz.002384,2025-12-15 20:06:53.901826
-0.306,2020-07-10,2020-07-17,sz.002384,2025-12-15 20:06:53.901826
-0.02359,2020-07-13,2020-07-20,sz.002384,2025-12-15 20:06:53.901826
-0.8286,2020-07-14,2020-07-21,sz.002384,2025-12-15 20:06:53.901826
-0.917,2020-07-15,2020-07-22,sz.002384,2025-12-15 20:06:53.901826
-1.329,2020-07-16,2020-07-23,sz.002384,2025-12-15 20:06:53.901826
-0.1505,2020-07-17,2020-07-24,sz.002384,2025-12-15 20:06:53.901826
-0.2242,2020-07-20,2020-07-27,sz.002384,2025-12-15 20:06:53.901826
-0.319,2020-07-21,2020-07-28,sz.002384,2025-12-15 20:06:53.901826
-0.1631,2020-07-22,2020-07-29,sz.002384,2025-12-15 20:06:53.901826
-0.4243,2020-07-23,2020-07-30,sz.002384,2025-12-15 20:06:53.901826
-1.176,2020-07-24,2020-07-31,sz.002384,2025-12-15 20:06:53.901826
-0.3306,2020-07-27,2020-08-03,sz.002384,2025-12-15 20:06:53.901826
0.06354,2020-07-28,2020-08-04,sz.002384,2025-12-15 20:06:53.901826
0.0841,2020-07-29,2020-08-05,sz.002384,2025-12-15 20:06:53.901826
-0.401,2020-07-30,2020-08-06,sz.002384,2025-12-15 20:06:53.901826
-0.1151,2020-07-31,2020-08-07,sz.002384,2025-12-15 20:06:53.901826
-0.1682,2020-08-03,2020-08-10,sz.002384,2025-12-15 20:06:53.901826
-0.846,2020-08-04,2020-08-11,sz.002384,2025-12-15 20:06:53.901826
-0.2988,2020-08-05,2020-08-12,sz.002384,2025-12-15 20:06:53.901826
-0.2437,2020-08-06,2020-08-13,sz.002384,2025-12-15 20:06:53.901826
-0.8647,2020-08-07,2020-08-14,sz.002384,2025-12-15 20:06:53.901826
-0.2255,2020-08-10,2020-08-17,sz.002384,2025-12-15 20:06:53.901826
-0.3484,2020-08-11,2020-08-18,sz.002384,2025-12-15 20:06:53.901826
-0.04257,2020-08-12,2020-08-19,sz.002384,2025-12-15 20:06:53.901826
-0.2004,2020-08-13,2020-08-20,sz.002384,2025-12-15 20:06:53.901826
-0.02945,2020-08-14,2020-08-21,sz.002384,2025-12-15 20:06:53.901826
0.01127,2020-08-17,2020-08-24,sz.002384,2025-12-15 20:06:53.901826
-0.2363,2020-08-18,2020-08-25,sz.002384,2025-12-15 20:06:53.901826
-0.516,2020-08-19,2020-08-26,sz.002384,2025-12-15 20:06:53.901826
-0.0743,2020-08-20,2020-08-27,sz.002384,2025-12-15 20:06:53.901826
-0.2952,2020-08-21,2020-08-28,sz.002384,2025-12-15 20:06:53.901826
-0.2181,2020-08-24,2020-08-31,sz.002384,2025-12-15 20:06:53.901826
-0.1573,2020-08-25,2020-09-01,sz.002384,2025-12-15 20:06:53.901826
-0.2057,2020-08-26,2020-09-02,sz.002384,2025-12-15 20:06:53.901826
-0.1763,2020-08-27,2020-09-03,sz.002384,2025-12-15 20:06:53.901826
-0.1652,2020-08-28,2020-09-04,sz.002384,2025-12-15 20:06:53.901826
-0.3135,2020-08-31,2020-09-07,sz.002384,2025-12-15 20:06:53.901826
-0.3228,2020-09-01,2020-09-08,sz.002384,2025-12-15 20:06:53.901826
0.04233,2020-09-02,2020-09-09,sz.002384,2025-12-15 20:06:53.901826
-0.177,2020-09-03,2020-09-10,sz.002384,2025-12-15 20:06:53.901826
0.06354,2020-09-04,2020-09-11,sz.002384,2025-12-15 20:06:53.901826
-0.6904,2020-09-07,2020-09-14,sz.002384,2025-12-15 20:06:53.901826
-0.1665,2020-09-08,2020-09-15,sz.002384,2025-12-15 20:06:53.901826
-0.2203,2020-09-09,2020-09-16,sz.002384,2025-12-15 20:06:53.901826
-0.283,2020-09-10,2020-09-17,sz.002384,2025-12-15 20:06:53.901826
0.14,2020-09-11,2020-09-18,sz.002384,2025-12-15 20:06:53.901826
-0.0428,2020-09-14,2020-09-21,sz.002384,2025-12-15 20:06:53.901826
-0.07916,2020-09-15,2020-09-22,sz.002384,2025-12-15 20:06:53.901826
-0.3516,2020-09-16,2020-09-23,sz.002384,2025-12-15 20:06:53.901826
-0.01506,2020-09-17,2020-09-24,sz.002384,2025-12-15 20:06:53.901826
0.05905,2020-09-18,2020-09-25,sz.002384,2025-12-15 20:06:53.901826
-0.1802,2020-09-21,2020-09-28,sz.002384,2025-12-15 20:06:53.901826
-0.2783,2020-09-22,2020-09-29,sz.002384,2025-12-15 20:06:53.901826
-0.1503,2020-09-23,2020-09-30,sz.002384,2025-12-15 20:06:53.901826
-0.3975,2020-09-24,2020-10-01,sz.002384,2025-12-15 20:06:53.901826
-0.002167,2020-09-25,2020-10-02,sz.002384,2025-12-15 20:06:53.901826
-0.519,2020-09-28,2020-10-05,sz.002384,2025-12-15 20:06:53.901826
0.02684,2020-09-29,2020-10-06,sz.002384,2025-12-15 20:06:53.901826
0.00343,2020-09-30,2020-10-07,sz.002384,2025-12-15 20:06:53.901826
-0.04193,2020-10-09,2020-10-16,sz.002384,2025-12-15 20:06:53.901826
-0.1244,2020-10-12,2020-10-19,sz.002384,2025-12-15 20:06:53.901826
-0.0953,2020-10-13,2020-10-20,sz.002384,2025-12-15 20:06:53.901826
-0.2664,2020-10-14,2020-10-21,sz.002384,2025-12-15 20:06:53.901826
-0.6465,2020-10-15,2020-10-22,sz.002384,2025-12-15 20:06:53.901826
-0.449,2020-10-16,2020-10-23,sz.002384,2025-12-15 20:06:53.901826
-0.03326,2020-10-19,2020-10-26,sz.002384,2025-12-15 20:06:53.901826
-0.5767,2020-10-20,2020-10-27,sz.002384,2025-12-15 20:06:53.901826
-0.3623,2020-10-21,2020-10-28,sz.002384,2025-12-15 20:06:53.901826
-0.05963,2020-10-22,2020-10-29,sz.002384,2025-12-15 20:06:53.901826
-0.5776,2020-10-23,2020-10-30,sz.002384,2025-12-15 20:06:53.901826
0.02985,2020-10-26,2020-11-02,sz.002384,2025-12-15 20:06:53.901826
0.1428,2020-10-27,2020-11-03,sz.002384,2025-12-15 20:06:53.901826
-0.2683,2020-10-28,2020-11-04,sz.002384,2025-12-15 20:06:53.901826
-0.442,2020-10-29,2020-11-05,sz.002384,2025-12-15 20:06:53.901826
-0.4587,2020-10-30,2020-11-06,sz.002384,2025-12-15 20:06:53.901826
0.01503,2020-11-02,2020-11-09,sz.002384,2025-12-15 20:06:53.901826
-0.0729,2020-11-03,2020-11-10,sz.002384,2025-12-15 20:06:53.901826
-0.0686,2020-11-04,2020-11-11,sz.002384,2025-12-15 20:06:53.901826
0.09546,2020-11-05,2020-11-12,sz.002384,2025-12-15 20:06:53.901826
-0.11005,2020-11-06,2020-11-13,sz.002384,2025-12-15 20:06:53.901826
0.2432,2020-11-09,2020-11-16,sz.002384,2025-12-15 20:06:53.901826
-0.37,2020-11-10,2020-11-17,sz.002384,2025-12-15 20:06:53.901826
-0.992,2020-11-11,2020-11-18,sz.002384,2025-12-15 20:06:53.901826
-0.08923,2020-11-12,2020-11-19,sz.002384,2025-12-15 20:06:53.901826
-0.3875,2020-11-13,2020-11-20,sz.002384,2025-12-15 20:06:53.901826
-0.5176,2020-11-16,2020-11-23,sz.002384,2025-12-15 20:06:53.901826
-0.11017,2020-11-17,2020-11-24,sz.002384,2025-12-15 20:06:53.901826
-0.0477,2020-11-18,2020-11-25,sz.002384,2025-12-15 20:06:53.901826
-0.0174,2020-11-19,2020-11-26,sz.002384,2025-12-15 20:06:53.901826
-0.1383,2020-11-20,2020-11-27,sz.002384,2025-12-15 20:06:53.901826
-0.006752,2020-11-23,2020-11-30,sz.002384,2025-12-15 20:06:53.901826
-0.0907,2020-11-24,2020-12-01,sz.002384,2025-12-15 20:06:53.901826
-0.506,2020-11-25,2020-12-02,sz.002384,2025-12-15 20:06:53.901826
0.10864,2020-11-26,2020-12-03,sz.002384,2025-12-15 20:06:53.901826
0.122,2020-11-27,2020-12-04,sz.002384,2025-12-15 20:06:53.901826
-0.1305,2020-11-30,2020-12-07,sz.002384,2025-12-15 20:06:53.901826
-0.1589,2020-12-01,2020-12-08,sz.002384,2025-12-15 20:06:53.901826
-0.2456,2020-12-02,2020-12-09,sz.002384,2025-12-15 20:06:53.901826
-0.03824,2020-12-03,2020-12-10,sz.002384,2025-12-15 20:06:53.901826
0.03696,2020-12-04,2020-12-11,sz.002384,2025-12-15 20:06:53.901826
-0.1444,2020-12-07,2020-12-14,sz.002384,2025-12-15 20:06:53.901826
-0.11163,2020-12-08,2020-12-15,sz.002384,2025-12-15 20:06:53.901826
-0.4575,2020-12-09,2020-12-16,sz.002384,2025-12-15 20:06:53.901826
-0.2137,2020-12-10,2020-12-17,sz.002384,2025-12-15 20:06:53.901826
-0.9805,2020-12-11,2020-12-18,sz.002384,2025-12-15 20:06:53.901826
-0.677,2020-12-14,2020-12-21,sz.002384,2025-12-15 20:06:53.901826
-0.1509,2020-12-15,2020-12-22,sz.002384,2025-12-15 20:06:53.901826
-0.549,2020-12-16,2020-12-23,sz.002384,2025-12-15 20:06:53.901826
0.11926,2020-12-17,2020-12-24,sz.002384,2025-12-15 20:06:53.901826
-0.2299,2020-12-18,2020-12-25,sz.002384,2025-12-15 20:06:53.901826
-0.0384,2020-12-21,2020-12-28,sz.002384,2025-12-15 20:06:53.901826
-0.2238,2020-12-22,2020-12-29,sz.002384,2025-12-15 20:06:53.901826
-0.5835,2020-12-23,2020-12-30,sz.002384,2025-12-15 20:06:53.901826
-0.2515,2020-12-24,2020-12-31,sz.002384,2025-12-15 20:06:53.901826
-0.00978,2020-12-25,2021-01-01,sz.002384,2025-12-15 20:06:53.901826
-0.3447,2020-12-28,2021-01-04,sz.002384,2025-12-15 20:06:53.901826
0.1063,2020-12-29,2021-01-05,sz.002384,2025-12-15 20:06:53.901826
-0.2832,2020-12-30,2021-01-06,sz.002384,2025-12-15 20:06:53.901826
-0.096,2020-12-31,2021-01-07,sz.002384,2025-12-15 20:06:53.901826
0.02075,2021-01-04,2021-01-11,sz.002384,2025-12-15 20:06:53.901826
0.1821,2021-01-05,2021-01-12,sz.002384,2025-12-15 20:06:53.901826
-0.573,2021-01-06,2021-01-13,sz.002384,2025-12-15 20:06:53.901826
-0.3484,2021-01-07,2021-01-14,sz.002384,2025-12-15 20:06:53.901826
-0.2424,2021-01-08,2021-01-15,sz.002384,2025-12-15 20:06:53.901826
-0.06287,2021-01-11,2021-01-18,sz.002384,2025-12-15 20:06:53.901826
-0.08453,2021-01-12,2021-01-19,sz.002384,2025-12-15 20:06:53.901826
0.074,2021-01-13,2021-01-20,sz.002384,2025-12-15 20:06:53.901826
-0.01412,2021-01-14,2021-01-21,sz.002384,2025-12-15 20:06:53.901826
-0.5776,2021-01-15,2021-01-22,sz.002384,2025-12-15 20:06:53.901826
0.0481,2021-01-18,2021-01-25,sz.002384,2025-12-15 20:06:53.901826
-0.1266,2021-01-19,2021-01-26,sz.002384,2025-12-15 20:06:53.901826
-0.5444,2021-01-20,2021-01-27,sz.002384,2025-12-15 20:06:53.901826
-1.091,2021-01-21,2021-01-28,sz.002384,2025-12-15 20:06:53.901826
0.0828,2021-01-22,2021-01-29,sz.002384,2025-12-15 20:06:53.901826
-0.2551,2021-01-25,2021-02-01,sz.002384,2025-12-15 20:06:53.901826
-0.1565,2021-01-26,2021-02-02,sz.002384,2025-12-15 20:06:53.901826
0.1444,2021-01-27,2021-02-03,sz.002384,2025-12-15 20:06:53.901826
-0.2686,2021-01-28,2021-02-04,sz.002384,2025-12-15 20:06:53.901826
-0.3596,2021-01-29,2021-02-05,sz.002384,2025-12-15 20:06:53.901826
0.1288,2021-02-01,2021-02-08,sz.002384,2025-12-15 20:06:53.901826
0.2035,2021-02-02,2021-02-09,sz.002384,2025-12-15 20:06:53.901826
-0.6904,2021-02-03,2021-02-10,sz.002384,2025-12-15 20:06:53.901826
-0.3975,2021-02-04,2021-02-11,sz.002384,2025-12-15 20:06:53.901826
-0.3784,2021-02-05,2021-02-12,sz.002384,2025-12-15 20:06:53.901826
-0.655,2021-02-08,2021-02-15,sz.002384,2025-12-15 20:06:53.901826
0.183,2021-02-09,2021-02-16,sz.002384,2025-12-15 20:06:53.901826
0.0719,2021-02-10,2021-02-17,sz.002384,2025-12-15 20:06:53.901826
-0.7915,2021-02-18,2021-02-25,sz.002384,2025-12-15 20:06:53.901826
0.1968,2021-02-19,2021-02-26,sz.002384,2025-12-15 20:06:53.901826
-0.2446,2021-02-22,2021-03-01,sz.002384,2025-12-15 20:06:53.901826
-0.0417,2021-02-23,2021-03-02,sz.002384,2025-12-15 20:06:53.901826
-0.1152,2021-02-24,2021-03-03,sz.002384,2025-12-15 20:06:53.901826
-0.2096,2021-02-25,2021-03-04,sz.002384,2025-12-15 20:06:53.901826
0.01065,2021-02-26,2021-03-05,sz.002384,2025-12-15 20:06:53.901826
0.1956,2021-03-01,2021-03-08,sz.002384,2025-12-15 20:06:53.901826
-0.1454,2021-03-02,2021-03-09,sz.002384,2025-12-15 20:06:53.901826
0.133,2021-03-03,2021-03-10,sz.002384,2025-12-15 20:06:53.901826
-0.4426,2021-03-04,2021-03-11,sz.002384,2025-12-15 20:06:53.901826
0.1332,2021-03-05,2021-03-12,sz.002384,2025-12-15 20:06:53.901826
-0.4087,2021-03-08,2021-03-15,sz.002384,2025-12-15 20:06:53.901826
-0.283,2021-03-09,2021-03-16,sz.002384,2025-12-15 20:06:53.901826
-0.6475,2021-03-10,2021-03-17,sz.002384,2025-12-15 20:06:53.901826
-0.2115,2021-03-11,2021-03-18,sz.002384,2025-12-15 20:06:53.901826
-0.53,2021-03-12,2021-03-19,sz.002384,2025-12-15 20:06:53.901826
-1.034,2021-03-15,2021-03-22,sz.002384,2025-12-15 20:06:53.901826
-0.1936,2021-03-16,2021-03-23,sz.002384,2025-12-15 20:06:53.901826
0.1586,2021-03-17,2021-03-24,sz.002384,2025-12-15 20:06:53.901826
0.006596,2021-03-18,2021-03-25,sz.002384,2025-12-15 20:06:53.901826
-0.0547,2021-03-19,2021-03-26,sz.002384,2025-12-15 20:06:53.901826
0.1074,2021-03-22,2021-03-29,sz.002384,2025-12-15 20:06:53.901826
0.04855,2021-03-23,2021-03-30,sz.002384,2025-12-15 20:06:53.901826
-0.4038,2021-03-24,2021-03-31,sz.002384,2025-12-15 20:06:53.901826
0.0838,2021-03-25,2021-04-01,sz.002384,2025-12-15 20:06:53.901826
0.2173,2021-03-26,2021-04-02,sz.002384,2025-12-15 20:06:53.901826
-0.125,2021-03-29,2021-04-05,sz.002384,2025-12-15 20:06:53.901826
0.1545,2021-03-30,2021-04-06,sz.002384,2025-12-15 20:06:53.901826
0.0798,2021-03-31,2021-04-07,sz.002384,2025-12-15 20:06:53.901826
0.1814,2021-04-01,2021-04-08,sz.002384,2025-12-15 20:06:53.901826
0.1432,2021-04-02,2021-04-09,sz.002384,2025-12-15 20:06:53.901826
-0.0936,2021-04-06,2021-04-13,sz.002384,2025-12-15 20:06:53.901826
0.0715,2021-04-07,2021-04-14,sz.002384,2025-12-15 20:06:53.901826
-0.0336,2021-04-08,2021-04-15,sz.002384,2025-12-15 20:06:53.901826
-0.002237,2021-04-09,2021-04-16,sz.002384,2025-12-15 20:06:53.901826
-0.2627,2021-04-12,2021-04-19,sz.002384,2025-12-15 20:06:53.901826
-0.0324,2021-04-13,2021-04-20,sz.002384,2025-12-15 20:06:53.901826
0.1523,2021-04-14,2021-04-21,sz.002384,2025-12-15 20:06:53.901826
0.1164,2021-04-15,2021-04-22,sz.002384,2025-12-15 20:06:53.901826
0.1131,2021-04-16,2021-04-23,sz.002384,2025-12-15 20:06:53.901826
0.1987,2021-04-19,2021-04-26,sz.002384,2025-12-15 20:06:53.901826
-0.2375,2021-04-20,2021-04-27,sz.002384,2025-12-15 20:06:53.901826
0.06946,2021-04-21,2021-04-28,sz.002384,2025-12-15 20:06:53.901826
0.1384,2021-04-22,2021-04-29,sz.002384,2025-12-15 20:06:53.901826
-0.0902,2021-04-23,2021-04-30,sz.002384,2025-12-15 20:06:53.901826
-0.3503,2021-04-26,2021-05-03,sz.002384,2025-12-15 20:06:53.901826
-0.579,2021-04-27,2021-05-04,sz.002384,2025-12-15 20:06:53.901826
0.01575,2021-04-28,2021-05-05,sz.002384,2025-12-15 20:06:53.901826
0.1299,2021-04-29,2021-05-06,sz.002384,2025-12-15 20:06:53.901826
-0.00863,2021-04-30,2021-05-07,sz.002384,2025-12-15 20:06:53.901826
-0.2522,2021-05-06,2021-05-13,sz.002384,2025-12-15 20:06:53.901826
-0.3835,2021-05-07,2021-05-14,sz.002384,2025-12-15 20:06:53.901826
-0.06204,2021-05-10,2021-05-17,sz.002384,2025-12-15 20:06:53.901826
0.1925,2021-05-11,2021-05-18,sz.002384,2025-12-15 20:06:53.901826
0.03278,2021-05-12,2021-05-19,sz.002384,2025-12-15 20:06:53.901826
0.02155,2021-05-13,2021-05-20,sz.002384,2025-12-15 20:06:53.901826
0.226,2021-05-14,2021-05-21,sz.002384,2025-12-15 20:06:53.901826
0.0765,2021-05-17,2021-05-24,sz.002384,2025-12-15 20:06:53.901826
0.008606,2021-05-18,2021-05-25,sz.002384,2025-12-15 20:06:53.901826
0.2173,2021-05-19,2021-05-26,sz.002384,2025-12-15 20:06:53.901826
0.0736,2021-05-20,2021-05-27,sz.002384,2025-12-15 20:06:53.901826
-0.2148,2021-05-21,2021-05-28,sz.002384,2025-12-15 20:06:53.901826
0.2047,2021-05-24,2021-05-31,sz.002384,2025-12-15 20:06:53.901826
0.217,2021-05-25,2021-06-01,sz.002384,2025-12-15 20:06:53.901826
-0.2235,2021-05-26,2021-06-02,sz.002384,2025-12-15 20:06:53.901826
0.1519,2021-05-27,2021-06-03,sz.002384,2025-12-15 20:06:53.901826
0.147,2021-05-28,2021-06-04,sz.002384,2025-12-15 20:06:53.901826
-0.05524,2021-05-31,2021-06-07,sz.002384,2025-12-15 20:06:53.901826
0.1283,2021-06-01,2021-06-08,sz.002384,2025-12-15 20:06:53.901826
0.01854,2021-06-02,2021-06-09,sz.002384,2025-12-15 20:06:53.901826
-0.1254,2021-06-03,2021-06-10,sz.002384,2025-12-15 20:06:53.901826
0.1528,2021-06-04,2021-06-11,sz.002384,2025-12-15 20:06:53.901826
-0.10693,2021-06-07,2021-06-14,sz.002384,2025-12-15 20:06:53.901826
-0.01168,2021-06-08,2021-06-15,sz.002384,2025-12-15 20:06:53.901826
-0.3992,2021-06-09,2021-06-16,sz.002384,2025-12-15 20:06:53.901826
0.1139,2021-06-10,2021-06-17,sz.002384,2025-12-15 20:06:53.901826
-0.2335,2021-06-11,2021-06-18,sz.002384,2025-12-15 20:06:53.901826
0.0835,2021-06-15,2021-06-22,sz.002384,2025-12-15 20:06:53.901826
-0.1997,2021-06-16,2021-06-23,sz.002384,2025-12-15 20:06:53.901826
0.1162,2021-06-17,2021-06-24,sz.002384,2025-12-15 20:06:53.901826
-0.2269,2021-06-18,2021-06-25,sz.002384,2025-12-15 20:06:53.901826
0.04776,2021-06-21,2021-06-28,sz.002384,2025-12-15 20:06:53.901826
-0.1382,2021-06-22,2021-06-29,sz.002384,2025-12-15 20:06:53.901826
0.3992,2021-06-23,2021-06-30,sz.002384,2025-12-15 20:06:53.901826
0.1187,2021-06-24,2021-07-01,sz.002384,2025-12-15 20:06:53.901826
-0.2498,2021-06-25,2021-07-02,sz.002384,2025-12-15 20:06:53.901826
-0.0243,2021-06-28,2021-07-05,sz.002384,2025-12-15 20:06:53.901826
-0.3223,2021-06-29,2021-07-06,sz.002384,2025-12-15 20:06:53.901826
-0.282,2021-06-30,2021-07-07,sz.002384,2025-12-15 20:06:53.901826
-0.3738,2021-07-01,2021-07-08,sz.002384,2025-12-15 20:06:53.901826
-0.508,2021-07-02,2021-07-09,sz.002384,2025-12-15 20:06:53.901826
0.0426,2021-07-05,2021-07-12,sz.002384,2025-12-15 20:06:53.901826
-0.19,2021-07-06,2021-07-13,sz.002384,2025-12-15 20:06:53.901826
0.07733,2021-07-07,2021-07-14,sz.002384,2025-12-15 20:06:53.901826
-0.004112,2021-07-08,2021-07-15,sz.002384,2025-12-15 20:06:53.901826
-0.602,2021-07-09,2021-07-16,sz.002384,2025-12-15 20:06:53.901826
0.2307,2021-07-12,2021-07-19,sz.002384,2025-12-15 20:06:53.901826
-0.185,2021-07-13,2021-07-20,sz.002384,2025-12-15 20:06:53.901826
-0.3848,2021-07-14,2021-07-21,sz.002384,2025-12-15 20:06:53.901826
-0.02957,2021-07-15,2021-07-22,sz.002384,2025-12-15 20:06:53.901826
0.10144,2021-07-16,2021-07-23,sz.002384,2025-12-15 20:06:53.901826
0.1901,2021-07-19,2021-07-26,sz.002384,2025-12-15 20:06:53.901826
0.1694,2021-07-20,2021-07-27,sz.002384,2025-12-15 20:06:53.901826
-0.4263,2021-07-21,2021-07-28,sz.002384,2025-12-15 20:06:53.901826
-0.2147,2021-07-22,2021-07-29,sz.002384,2025-12-15 20:06:53.901826
-0.4143,2021-07-23,2021-07-30,sz.002384,2025-12-15 20:06:53.901826
-0.1443,2021-07-26,2021-08-02,sz.002384,2025-12-15 20:06:53.901826
-0.319,2021-07-27,2021-08-03,sz.002384,2025-12-15 20:06:53.901826
-0.6035,2021-07-28,2021-08-04,sz.002384,2025-12-15 20:06:53.901826
0.2231,2021-07-29,2021-08-05,sz.002384,2025-12-15 20:06:53.901826
0.009514,2021-07-30,2021-08-06,sz.002384,2025-12-15 20:06:53.901826
0.12103,2021-08-02,2021-08-09,sz.002384,2025-12-15 20:06:53.901826
-0.47,2021-08-03,2021-08-10,sz.002384,2025-12-15 20:06:53.901826
0.167,2021-08-04,2021-08-11,sz.002384,2025-12-15 20:06:53.901826
-0.2625,2021-08-05,2021-08-12,sz.002384,2025-12-15 20:06:53.901826
0.011314,2021-08-06,2021-08-13,sz.002384,2025-12-15 20:06:53.901826
-0.0904,2021-08-09,2021-08-16,sz.002384,2025-12-15 20:06:53.901826
-0.11224,2021-08-10,2021-08-17,sz.002384,2025-12-15 20:06:53.901826
0.1211,2021-08-11,2021-08-18,sz.002384,2025-12-15 20:06:53.901826
-0.2415,2021-08-12,2021-08-19,sz.002384,2025-12-15 20:06:53.901826
-0.1247,2021-08-13,2021-08-20,sz.002384,2025-12-15 20:06:53.901826
0.02902,2021-08-16,2021-08-23,sz.002384,2025-12-15 20:06:53.901826
-0.3064,2021-08-17,2021-08-24,sz.002384,2025-12-15 20:06:53.901826
-0.2332,2021-08-18,2021-08-25,sz.002384,2025-12-15 20:06:53.901826
-0.0727,2021-08-19,2021-08-26,sz.002384,2025-12-15 20:06:53.901826
-0.09894,2021-08-20,2021-08-27,sz.002384,2025-12-15 20:06:53.901826
0.1273,2021-08-23,2021-08-30,sz.002384,2025-12-15 20:06:53.901826
-0.2122,2021-08-24,2021-08-31,sz.002384,2025-12-15 20:06:53.901826
-0.2058,2021-08-25,2021-09-01,sz.002384,2025-12-15 20:06:53.901826
-0.1302,2021-08-26,2021-09-02,sz.002384,2025-12-15 20:06:53.901826
-0.2725,2021-08-27,2021-09-03,sz.002384,2025-12-15 20:06:53.901826
-0.00623,2021-08-30,2021-09-06,sz.002384,2025-12-15 20:06:53.901826
0.148,2021-08-31,2021-09-07,sz.002384,2025-12-15 20:06:53.901826
0.00674,2021-09-01,2021-09-08,sz.002384,2025-12-15 20:06:53.901826
-0.03696,2021-09-02,2021-09-09,sz.002384,2025-12-15 20:06:53.901826
0.03635,2021-09-03,2021-09-10,sz.002384,2025-12-15 20:06:53.901826
0.09564,2021-09-06,2021-09-13,sz.002384,2025-12-15 20:06:53.901826
0.0915,2021-09-07,2021-09-14,sz.002384,2025-12-15 20:06:53.901826
0.192,2021-09-08,2021-09-15,sz.002384,2025-12-15 20:06:53.901826
-0.2212,2021-09-09,2021-09-16,sz.002384,2025-12-15 20:06:53.901826
0.06064,2021-09-10,2021-09-17,sz.002384,2025-12-15 20:06:53.901826
0.1129,2021-09-13,2021-09-20,sz.002384,2025-12-15 20:06:53.901826
-0.49,2021-09-14,2021-09-21,sz.002384,2025-12-15 20:06:53.901826
-0.0878,2021-09-15,2021-09-22,sz.002384,2025-12-15 20:06:53.901826
-0.336,2021-09-16,2021-09-23,sz.002384,2025-12-15 20:06:53.901826
0.1578,2021-09-17,2021-09-24,sz.002384,2025-12-15 20:06:53.901826
0.006416,2021-09-22,2021-09-29,sz.002384,2025-12-15 20:06:53.901826
0.1796,2021-09-23,2021-09-30,sz.002384,2025-12-15 20:06:53.901826
-0.5283,2021-09-24,2021-10-01,sz.002384,2025-12-15 20:06:53.901826
0.1531,2021-09-27,2021-10-04,sz.002384,2025-12-15 20:06:53.901826
-0.0704,2021-09-28,2021-10-05,sz.002384,2025-12-15 20:06:53.901826
-0.5923,2021-09-29,2021-10-06,sz.002384,2025-12-15 20:06:53.901826
-0.143,2021-09-30,2021-10-07,sz.002384,2025-12-15 20:06:53.901826
-0.3845,2021-10-08,2021-10-15,sz.002384,2025-12-15 20:06:53.901826
-0.02809,2021-10-11,2021-10-18,sz.002384,2025-12-15 20:06:53.901826
-0.2644,2021-10-12,2021-10-19,sz.002384,2025-12-15 20:06:53.901826
-0.0994,2021-10-13,2021-10-20,sz.002384,2025-12-15 20:06:53.901826
-0.543,2021-10-14,2021-10-21,sz.002384,2025-12-15 20:06:53.901826
0.02048,2021-10-15,2021-10-22,sz.002384,2025-12-15 20:06:53.901826
-0.3513,2021-10-18,2021-10-25,sz.002384,2025-12-15 20:06:53.901826
0.1,2021-10-19,2021-10-26,sz.002384,2025-12-15 20:06:53.901826
-0.05942,2021-10-20,2021-10-27,sz.002384,2025-12-15 20:06:53.901826
-0.3408,2021-10-21,2021-10-28,sz.002384,2025-12-15 20:06:53.901826
-0.03485,2021-10-22,2021-10-29,sz.002384,2025-12-15 20:06:53.901826
-0.014725,2021-10-25,2021-11-01,sz.002384,2025-12-15 20:06:53.901826
0.161,2021-10-26,2021-11-02,sz.002384,2025-12-15 20:06:53.901826
-0.7705,2021-10-27,2021-11-03,sz.002384,2025-12-15 20:06:53.901826
-0.4604,2021-10-28,2021-11-04,sz.002384,2025-12-15 20:06:53.901826
-0.08484,2021-10-29,2021-11-05,sz.002384,2025-12-15 20:06:53.901826
0.1371,2021-11-01,2021-11-08,sz.002384,2025-12-15 20:06:53.901826
-0.1659,2021-11-02,2021-11-09,sz.002384,2025-12-15 20:06:53.901826
-0.0447,2021-11-03,2021-11-10,sz.002384,2025-12-15 20:06:53.901826
0.3386,2021-11-04,2021-11-11,sz.002384,2025-12-15 20:06:53.901826
-0.2544,2021-11-05,2021-11-12,sz.002384,2025-12-15 20:06:53.901826
0.02666,2021-11-08,2021-11-15,sz.002384,2025-12-15 20:06:53.901826
-0.1637,2021-11-09,2021-11-16,sz.002384,2025-12-15 20:06:53.901826
-0.2113,2021-11-10,2021-11-17,sz.002384,2025-12-15 20:06:53.901826
-0.1401,2021-11-11,2021-11-18,sz.002384,2025-12-15 20:06:53.901826
-0.2015,2021-11-12,2021-11-19,sz.002384,2025-12-15 20:06:53.901826
-0.2786,2021-11-15,2021-11-22,sz.002384,2025-12-15 20:06:53.901826
-0.2651,2021-11-16,2021-11-23,sz.002384,2025-12-15 20:06:53.901826
-0.09625,2021-11-17,2021-11-24,sz.002384,2025-12-15 20:06:53.901826
-0.469,2021-11-18,2021-11-25,sz.002384,2025-12-15 20:06:53.901826
-0.1925,2021-11-19,2021-11-26,sz.002384,2025-12-15 20:06:53.901826
-0.03099,2021-11-22,2021-11-29,sz.002384,2025-12-15 20:06:53.901826
-0.2893,2021-11-23,2021-11-30,sz.002384,2025-12-15 20:06:53.901826
-0.2048,2021-11-24,2021-12-01,sz.002384,2025-12-15 20:06:53.901826
-0.2267,2021-11-25,2021-12-02,sz.002384,2025-12-15 20:06:53.901826
-0.557,2021-11-26,2021-12-03,sz.002384,2025-12-15 20:06:53.901826
-0.0504,2021-11-29,2021-12-06,sz.002384,2025-12-15 20:06:53.901826
-0.1709,2021-11-30,2021-12-07,sz.002384,2025-12-15 20:06:53.901826
-0.1166,2021-12-01,2021-12-08,sz.002384,2025-12-15 20:06:53.901826
-0.4285,2021-12-02,2021-12-09,sz.002384,2025-12-15 20:06:53.901826
-0.07294,2021-12-03,2021-12-10,sz.002384,2025-12-15 20:06:53.901826
-0.3276,2021-12-06,2021-12-13,sz.002384,2025-12-15 20:06:53.901826
-0.1907,2021-12-07,2021-12-14,sz.002384,2025-12-15 20:06:53.901826
0.00808,2021-12-08,2021-12-15,sz.002384,2025-12-15 20:06:53.901826
-0.006836,2021-12-09,2021-12-16,sz.002384,2025-12-15 20:06:53.901826
0.02339,2021-12-10,2021-12-17,sz.002384,2025-12-15 20:06:53.901826
-0.01378,2021-12-13,2021-12-20,sz.002384,2025-12-15 20:06:53.901826
0.006245,2021-12-14,2021-12-21,sz.002384,2025-12-15 20:06:53.901826
-0.0856,2021-12-15,2021-12-22,sz.002384,2025-12-15 20:06:53.901826
-0.4275,2021-12-16,2021-12-23,sz.002384,2025-12-15 20:06:53.901826
-0.5303,2021-12-17,2021-12-24,sz.002384,2025-12-15 20:06:53.901826
-0.1805,2021-12-20,2021-12-27,sz.002384,2025-12-15 20:06:53.901826
-0.03534,2021-12-21,2021-12-28,sz.002384,2025-12-15 20:06:53.901826
-0.11334,2021-12-22,2021-12-29,sz.002384,2025-12-15 20:06:53.901826
-0.3088,2021-12-23,2021-12-30,sz.002384,2025-12-15 20:06:53.901826
-0.05136,2021-12-24,2021-12-31,sz.002384,2025-12-15 20:06:53.901826
-0.6304,2021-12-27,2022-01-03,sz.002384,2025-12-15 20:06:53.901826
-0.2295,2021-12-28,2022-01-04,sz.002384,2025-12-15 20:06:53.901826
-0.5864,2021-12-29,2022-01-05,sz.002384,2025-12-15 20:06:53.901826
0.1401,2021-12-30,2022-01-06,sz.002384,2025-12-15 20:06:53.901826
-0.08405,2021-12-31,2022-01-07,sz.002384,2025-12-15 20:06:53.901826
-0.1573,2022-01-04,2022-01-11,sz.002384,2025-12-15 20:06:53.901826
-0.7837,2022-01-05,2022-01-12,sz.002384,2025-12-15 20:06:53.901826
-0.249,2022-01-06,2022-01-13,sz.002384,2025-12-15 20:06:53.901826
-0.06354,2022-01-07,2022-01-14,sz.002384,2025-12-15 20:06:53.901826
-0.0238,2022-01-10,2022-01-17,sz.002384,2025-12-15 20:06:53.901826
-0.709,2022-01-11,2022-01-18,sz.002384,2025-12-15 20:06:53.901826
0.10834,2022-01-12,2022-01-19,sz.002384,2025-12-15 20:06:53.901826
-0.2805,2022-01-13,2022-01-20,sz.002384,2025-12-15 20:06:53.901826
0.0417,2022-01-14,2022-01-21,sz.002384,2025-12-15 20:06:53.901826
0.0691,2022-01-17,2022-01-24,sz.002384,2025-12-15 20:06:53.901826
-1.044,2022-01-18,2022-01-25,sz.002384,2025-12-15 20:06:53.901826
-0.5054,2022-01-19,2022-01-26,sz.002384,2025-12-15 20:06:53.901826
0.14,2022-01-20,2022-01-27,sz.002384,2025-12-15 20:06:53.901826
-0.195,2022-01-21,2022-01-28,sz.002384,2025-12-15 20:06:53.901826
-0.07806,2022-01-24,2022-01-31,sz.002384,2025-12-15 20:06:53.901826
-0.6865,2022-01-25,2022-02-01,sz.002384,2025-12-15 20:06:53.901826
-0.103,2022-01-26,2022-02-02,sz.002384,2025-12-15 20:06:53.901826
-0.4426,2022-01-27,2022-02-03,sz.002384,2025-12-15 20:06:53.901826
-0.2537,2022-01-28,2022-02-04,sz.002384,2025-12-15 20:06:53.901826
-0.794,2022-02-07,2022-02-14,sz.002384,2025-12-15 20:06:53.901826
-0.833,2022-02-08,2022-02-15,sz.002384,2025-12-15 20:06:53.901826
0.12134,2022-02-09,2022-02-16,sz.002384,2025-12-15 20:06:53.901826
-0.065,2022-02-10,2022-02-17,sz.002384,2025-12-15 20:06:53.901826
-0.695,2022-02-11,2022-02-18,sz.002384,2025-12-15 20:06:53.901826
-0.2198,2022-02-14,2022-02-21,sz.002384,2025-12-15 20:06:53.901826
0.1417,2022-02-15,2022-02-22,sz.002384,2025-12-15 20:06:53.901826
-0.192,2022-02-16,2022-02-23,sz.002384,2025-12-15 20:06:53.901826
-0.07135,2022-02-17,2022-02-24,sz.002384,2025-12-15 20:06:53.901826
-0.2343,2022-02-18,2022-02-25,sz.002384,2025-12-15 20:06:53.901826
-0.6807,2022-02-21,2022-02-28,sz.002384,2025-12-15 20:06:53.901826
-0.3027,2022-02-22,2022-03-01,sz.002384,2025-12-15 20:06:53.901826
0.1247,2022-02-23,2022-03-02,sz.002384,2025-12-15 20:06:53.901826
-0.5864,2022-02-24,2022-03-03,sz.002384,2025-12-15 20:06:53.901826
-0.2505,2022-02-25,2022-03-04,sz.002384,2025-12-15 20:06:53.901826
-0.222,2022-02-28,2022-03-07,sz.002384,2025-12-15 20:06:53.901826
-0.03333,2022-03-01,2022-03-08,sz.002384,2025-12-15 20:06:53.901826
-0.5747,2022-03-02,2022-03-09,sz.002384,2025-12-15 20:06:53.901826
-0.6255,2022-03-03,2022-03-10,sz.002384,2025-12-15 20:06:53.901826
0.1209,2022-03-04,2022-03-11,sz.002384,2025-12-15 20:06:53.901826
-0.3213,2022-03-07,2022-03-14,sz.002384,2025-12-15 20:06:53.901826
-0.532,2022-03-08,2022-03-15,sz.002384,2025-12-15 20:06:53.901826
-0.3096,2022-03-09,2022-03-16,sz.002384,2025-12-15 20:06:53.901826
-0.2954,2022-03-10,2022-03-17,sz.002384,2025-12-15 20:06:53.901826
-0.0935,2022-03-11,2022-03-18,sz.002384,2025-12-15 20:06:53.901826
-0.1962,2022-03-14,2022-03-21,sz.002384,2025-12-15 20:06:53.901826
-0.883,2022-03-15,2022-03-22,sz.002384,2025-12-15 20:06:53.901826
-0.2347,2022-03-16,2022-03-23,sz.002384,2025-12-15 20:06:53.901826
0.242,2022-03-17,2022-03-24,sz.002384,2025-12-15 20:06:53.901826
-0.4365,2022-03-18,2022-03-25,sz.002384,2025-12-15 20:06:53.901826
-0.0009103,2022-03-21,2022-03-28,sz.002384,2025-12-15 20:06:53.901826
-0.0844,2022-03-22,2022-03-29,sz.002384,2025-12-15 20:06:53.901826
0.0674,2022-03-23,2022-03-30,sz.002384,2025-12-15 20:06:53.901826
-0.1017,2022-03-24,2022-03-31,sz.002384,2025-12-15 20:06:53.901826
-0.3909,2022-03-25,2022-04-01,sz.002384,2025-12-15 20:06:53.901826
-0.04956,2022-03-28,2022-04-04,sz.002384,2025-12-15 20:06:53.901826
-0.552,2022-03-29,2022-04-05,sz.002384,2025-12-15 20:06:53.901826
0.0919,2022-03-30,2022-04-06,sz.002384,2025-12-15 20:06:53.901826
-0.456,2022-03-31,2022-04-07,sz.002384,2025-12-15 20:06:53.901826
-0.2316,2022-04-01,2022-04-08,sz.002384,2025-12-15 20:06:53.901826
-0.2747,2022-04-06,2022-04-13,sz.002384,2025-12-15 20:06:53.901826
-0.194,2022-04-07,2022-04-14,sz.002384,2025-12-15 20:06:53.901826
-0.1979,2022-04-08,2022-04-15,sz.002384,2025-12-15 20:06:53.901826
-0.9263,2022-04-11,2022-04-18,sz.002384,2025-12-15 20:06:53.901826
0.03442,2022-04-12,2022-04-19,sz.002384,2025-12-15 20:06:53.901826
-0.0638,2022-04-13,2022-04-20,sz.002384,2025-12-15 20:06:53.901826
0.05212,2022-04-14,2022-04-21,sz.002384,2025-12-15 20:06:53.901826
-0.2063,2022-04-15,2022-04-22,sz.002384,2025-12-15 20:06:53.901826
0.002886,2022-04-18,2022-04-25,sz.002384,2025-12-15 20:06:53.901826
-0.1844,2022-04-19,2022-04-26,sz.002384,2025-12-15 20:06:53.901826
-0.2339,2022-04-20,2022-04-27,sz.002384,2025-12-15 20:06:53.901826
-0.4814,2022-04-21,2022-04-28,sz.002384,2025-12-15 20:06:53.901826
-0.4585,2022-04-22,2022-04-29,sz.002384,2025-12-15 20:06:53.901826
-0.8076,2022-04-25,2022-05-02,sz.002384,2025-12-15 20:06:53.901826
-0.2493,2022-04-26,2022-05-03,sz.002384,2025-12-15 20:06:53.901826
0.007355,2022-04-27,2022-05-04,sz.002384,2025-12-15 20:06:53.901826
-0.05927,2022-04-28,2022-05-05,sz.002384,2025-12-15 20:06:53.901826
0.05582,2022-04-29,2022-05-06,sz.002384,2025-12-15 20:06:53.901826
-0.133,2022-05-05,2022-05-12,sz.002384,2025-12-15 20:06:53.901826
-0.0353,2022-05-06,2022-05-13,sz.002384,2025-12-15 20:06:53.901826
-0.08276,2022-05-09,2022-05-16,sz.002384,2025-12-15 20:06:53.901826
-0.1692,2022-05-10,2022-05-17,sz.002384,2025-12-15 20:06:53.901826
-0.1675,2022-05-11,2022-05-18,sz.002384,2025-12-15 20:06:53.901826
-0.1669,2022-05-12,2022-05-19,sz.002384,2025-12-15 20:06:53.901826
-0.2148,2022-05-13,2022-05-20,sz.002384,2025-12-15 20:06:53.901826
-0.316,2022-05-16,2022-05-23,sz.002384,2025-12-15 20:06:53.901826
-0.04407,2022-05-17,2022-05-24,sz.002384,2025-12-15 20:06:53.901826
-0.05618,2022-05-18,2022-05-25,sz.002384,2025-12-15 20:06:53.901826
0.0492,2022-05-19,2022-05-26,sz.002384,2025-12-15 20:06:53.901826
0.09906,2022-05-20,2022-05-27,sz.002384,2025-12-15 20:06:53.901826
-0.07007,2022-05-23,2022-05-30,sz.002384,2025-12-15 20:06:53.901826
-0.1576,2022-05-24,2022-05-31,sz.002384,2025-12-15 20:06:53.901826
-0.2817,2022-05-25,2022-06-01,sz.002384,2025-12-15 20:06:53.901826
-0.2634,2022-05-26,2022-06-02,sz.002384,2025-12-15 20:06:53.901826
-0.1722,2022-05-27,2022-06-03,sz.002384,2025-12-15 20:06:53.901826
-0.1262,2022-05-30,2022-06-06,sz.002384,2025-12-15 20:06:53.901826
0.1614,2022-05-31,2022-06-07,sz.002384,2025-12-15 20:06:53.901826
-0.2913,2022-06-01,2022-06-08,sz.002384,2025-12-15 20:06:53.901826
0.00306,2022-06-02,2022-06-09,sz.002384,2025-12-15 20:06:53.901826
-0.05856,2022-06-06,2022-06-13,sz.002384,2025-12-15 20:06:53.901826
-0.4495,2022-06-07,2022-06-14,sz.002384,2025-12-15 20:06:53.901826
-0.1191,2022-06-08,2022-06-15,sz.002384,2025-12-15 20:06:53.901826
-0.2683,2022-06-09,2022-06-16,sz.002384,2025-12-15 20:06:53.901826
0.0556,2022-06-10,2022-06-17,sz.002384,2025-12-15 20:06:53.901826
0.09125,2022-06-13,2022-06-20,sz.002384,2025-12-15 20:06:53.901826
-0.1709,2022-06-14,2022-06-21,sz.002384,2025-12-15 20:06:53.901826
-0.1277,2022-06-15,2022-06-22,sz.002384,2025-12-15 20:06:53.901826
0.2,2022-06-16,2022-06-23,sz.002384,2025-12-15 20:06:53.901826
-0.38,2022-06-17,2022-06-24,sz.002384,2025-12-15 20:06:53.901826
0.275,2022-06-20,2022-06-27,sz.002384,2025-12-15 20:06:53.901826
-0.2822,2022-06-21,2022-06-28,sz.002384,2025-12-15 20:06:53.901826
-1.013,2022-06-22,2022-06-29,sz.002384,2025-12-15 20:06:53.901826
0.04578,2022-06-23,2022-06-30,sz.002384,2025-12-15 20:06:53.901826
0.3108,2022-06-24,2022-07-01,sz.002384,2025-12-15 20:06:53.901826
-0.2367,2022-06-27,2022-07-04,sz.002384,2025-12-15 20:06:53.901826
-0.1747,2022-06-28,2022-07-05,sz.002384,2025-12-15 20:06:53.901826
-1.028,2022-06-29,2022-07-06,sz.002384,2025-12-15 20:06:53.901826
0.0317,2022-06-30,2022-07-07,sz.002384,2025-12-15 20:06:53.901826
-0.4607,2022-07-01,2022-07-08,sz.002384,2025-12-15 20:06:53.901826
-0.65,2022-07-04,2022-07-11,sz.002384,2025-12-15 20:06:53.901826
-0.66,2022-07-05,2022-07-12,sz.002384,2025-12-15 20:06:53.901826
-0.02193,2022-07-06,2022-07-13,sz.002384,2025-12-15 20:06:53.901826
-0.0751,2022-07-07,2022-07-14,sz.002384,2025-12-15 20:06:53.901826
-0.2773,2022-07-08,2022-07-15,sz.002384,2025-12-15 20:06:53.901826
-0.408,2022-07-11,2022-07-18,sz.002384,2025-12-15 20:06:53.901826
-0.2712,2022-07-12,2022-07-19,sz.002384,2025-12-15 20:06:53.901826
-0.347,2022-07-13,2022-07-20,sz.002384,2025-12-15 20:06:53.901826
0.0363,2022-07-14,2022-07-21,sz.002384,2025-12-15 20:06:53.901826
-0.0263,2022-07-15,2022-07-22,sz.002384,2025-12-15 20:06:53.901826
-0.2461,2022-07-18,2022-07-25,sz.002384,2025-12-15 20:06:53.901826
-0.07544,2022-07-19,2022-07-26,sz.002384,2025-12-15 20:06:53.901826
0.161,2022-07-20,2022-07-27,sz.002384,2025-12-15 20:06:53.901826
-0.567,2022-07-21,2022-07-28,sz.002384,2025-12-15 20:06:53.901826
-0.319,2022-07-22,2022-07-29,sz.002384,2025-12-15 20:06:53.901826
-0.3745,2022-07-25,2022-08-01,sz.002384,2025-12-15 20:06:53.901826
-0.2062,2022-07-26,2022-08-02,sz.002384,2025-12-15 20:06:53.901826
-0.06757,2022-07-27,2022-08-03,sz.002384,2025-12-15 20:06:53.901826
0.238,2022-07-28,2022-08-04,sz.002384,2025-12-15 20:06:53.901826
-0.2473,2022-07-29,2022-08-05,sz.002384,2025-12-15 20:06:53.901826
-0.11346,2022-08-01,2022-08-08,sz.002384,2025-12-15 20:06:53.901826
-0.2534,2022-08-02,2022-08-09,sz.002384,2025-12-15 20:06:53.901826
-1.172,2022-08-03,2022-08-10,sz.002384,2025-12-15 20:06:53.901826
-0.3594,2022-08-04,2022-08-11,sz.002384,2025-12-15 20:06:53.901826
-0.7603,2022-08-05,2022-08-12,sz.002384,2025-12-15 20:06:53.901826
-0.3745,2022-08-08,2022-08-15,sz.002384,2025-12-15 20:06:53.901826
-0.1392,2022-08-09,2022-08-16,sz.002384,2025-12-15 20:06:53.901826
-0.536,2022-08-10,2022-08-17,sz.002384,2025-12-15 20:06:53.901826
0.0548,2022-08-11,2022-08-18,sz.002384,2025-12-15 20:06:53.901826
-0.598,2022-08-12,2022-08-19,sz.002384,2025-12-15 20:06:53.901826
-0.1094,2022-08-15,2022-08-22,sz.002384,2025-12-15 20:06:53.901826
-0.2742,2022-08-16,2022-08-23,sz.002384,2025-12-15 20:06:53.901826
0.00966,2022-08-17,2022-08-24,sz.002384,2025-12-15 20:06:53.901826
-0.3557,2022-08-18,2022-08-25,sz.002384,2025-12-15 20:06:53.901826
-0.3877,2022-08-19,2022-08-26,sz.002384,2025-12-15 20:06:53.901826
-0.429,2022-08-22,2022-08-29,sz.002384,2025-12-15 20:06:53.901826
-0.422,2022-08-23,2022-08-30,sz.002384,2025-12-15 20:06:53.901826
-0.9233,2022-08-24,2022-08-31,sz.002384,2025-12-15 20:06:53.901826
-0.4028,2022-08-25,2022-09-01,sz.002384,2025-12-15 20:06:53.901826
-0.8584,2022-08-26,2022-09-02,sz.002384,2025-12-15 20:06:53.901826
-0.11316,2022-08-29,2022-09-05,sz.002384,2025-12-15 20:06:53.901826
-0.294,2022-08-30,2022-09-06,sz.002384,2025-12-15 20:06:53.901826
-0.8945,2022-08-31,2022-09-07,sz.002384,2025-12-15 20:06:53.901826
-0.2003,2022-09-01,2022-09-08,sz.002384,2025-12-15 20:06:53.901826
-0.01022,2022-09-02,2022-09-09,sz.002384,2025-12-15 20:06:53.901826
-0.4185,2022-09-05,2022-09-12,sz.002384,2025-12-15 20:06:53.901826
-0.1964,2022-09-06,2022-09-13,sz.002384,2025-12-15 20:06:53.901826
-0.02052,2022-09-07,2022-09-14,sz.002384,2025-12-15 20:06:53.901826
-0.3276,2022-09-08,2022-09-15,sz.002384,2025-12-15 20:06:53.901826
-0.2462,2022-09-09,2022-09-16,sz.002384,2025-12-15 20:06:53.901826
-0.4463,2022-09-13,2022-09-20,sz.002384,2025-12-15 20:06:53.901826
-0.3628,2022-09-14,2022-09-21,sz.002384,2025-12-15 20:06:53.901826
-1.329,2022-09-15,2022-09-22,sz.002384,2025-12-15 20:06:53.901826
-0.53,2022-09-16,2022-09-23,sz.002384,2025-12-15 20:06:53.901826
-0.2864,2022-09-19,2022-09-26,sz.002384,2025-12-15 20:06:53.901826
-0.168,2022-09-20,2022-09-27,sz.002384,2025-12-15 20:06:53.901826
-0.3474,2022-09-21,2022-09-28,sz.002384,2025-12-15 20:06:53.901826
-0.727,2022-09-22,2022-09-29,sz.002384,2025-12-15 20:06:53.901826
-0.5186,2022-09-23,2022-09-30,sz.002384,2025-12-15 20:06:53.901826
-0.02101,2022-09-26,2022-10-03,sz.002384,2025-12-15 20:06:53.901826
-0.0999,2022-09-27,2022-10-04,sz.002384,2025-12-15 20:06:53.901826
-1.004,2022-09-28,2022-10-05,sz.002384,2025-12-15 20:06:53.901826
-0.04285,2022-09-29,2022-10-06,sz.002384,2025-12-15 20:06:53.901826
-0.7314,2022-09-30,2022-10-07,sz.002384,2025-12-15 20:06:53.901826
-0.6006,2022-10-10,2022-10-17,sz.002384,2025-12-15 20:06:53.901826
-0.3145,2022-10-11,2022-10-18,sz.002384,2025-12-15 20:06:53.901826
0.09094,2022-10-12,2022-10-19,sz.002384,2025-12-15 20:06:53.901826
-0.3816,2022-10-13,2022-10-20,sz.002384,2025-12-15 20:06:53.901826
0.1661,2022-10-14,2022-10-21,sz.002384,2025-12-15 20:06:53.901826
-0.08887,2022-10-17,2022-10-24,sz.002384,2025-12-15 20:06:53.901826
-0.04413,2022-10-18,2022-10-25,sz.002384,2025-12-15 20:06:53.901826
-0.1564,2022-10-19,2022-10-26,sz.002384,2025-12-15 20:06:53.901826
-0.2374,2022-10-20,2022-10-27,sz.002384,2025-12-15 20:06:53.901826
-0.1958,2022-10-21,2022-10-28,sz.002384,2025-12-15 20:06:53.901826
-0.4421,2022-10-24,2022-10-31,sz.002384,2025-12-15 20:06:53.901826
-0.09656,2022-10-25,2022-11-01,sz.002384,2025-12-15 20:06:53.901826
-0.2756,2022-10-26,2022-11-02,sz.002384,2025-12-15 20:06:53.901826
-0.3674,2022-10-27,2022-11-03,sz.002384,2025-12-15 20:06:53.901826
-0.8525,2022-10-28,2022-11-04,sz.002384,2025-12-15 20:06:53.901826
-0.04474,2022-10-31,2022-11-07,sz.002384,2025-12-15 20:06:53.901826
-0.1594,2022-11-01,2022-11-08,sz.002384,2025-12-15 20:06:53.901826
-0.995,2022-11-02,2022-11-09,sz.002384,2025-12-15 20:06:53.901826
0.1362,2022-11-03,2022-11-10,sz.002384,2025-12-15 20:06:53.901826
0.01566,2022-11-04,2022-11-11,sz.002384,2025-12-15 20:06:53.901826
-0.00419,2022-11-07,2022-11-14,sz.002384,2025-12-15 20:06:53.901826
-0.2277,2022-11-08,2022-11-15,sz.002384,2025-12-15 20:06:53.901826
-0.3098,2022-11-09,2022-11-16,sz.002384,2025-12-15 20:06:53.901826
-0.6597,2022-11-10,2022-11-17,sz.002384,2025-12-15 20:06:53.901826
-0.664,2022-11-11,2022-11-18,sz.002384,2025-12-15 20:06:53.901826
-0.1569,2022-11-14,2022-11-21,sz.002384,2025-12-15 20:06:53.901826
0.2556,2022-11-15,2022-11-22,sz.002384,2025-12-15 20:06:53.901826
-0.688,2022-11-16,2022-11-23,sz.002384,2025-12-15 20:06:53.901826
-0.09595,2022-11-17,2022-11-24,sz.002384,2025-12-15 20:06:53.901826
-0.4778,2022-11-18,2022-11-25,sz.002384,2025-12-15 20:06:53.901826
0.07214,2022-11-21,2022-11-28,sz.002384,2025-12-15 20:06:53.901826
-0.4949,2022-11-22,2022-11-29,sz.002384,2025-12-15 20:06:53.901826
-0.04553,2022-11-23,2022-11-30,sz.002384,2025-12-15 20:06:53.901826
-0.4736,2022-11-24,2022-12-01,sz.002384,2025-12-15 20:06:53.901826
-0.2258,2022-11-25,2022-12-02,sz.002384,2025-12-15 20:06:53.901826
0.0172,2022-11-28,2022-12-05,sz.002384,2025-12-15 20:06:53.901826
-0.06146,2022-11-29,2022-12-06,sz.002384,2025-12-15 20:06:53.901826
-0.06158,2022-11-30,2022-12-07,sz.002384,2025-12-15 20:06:53.901826
-0.1567,2022-12-01,2022-12-08,sz.002384,2025-12-15 20:06:53.901826
-0.1588,2022-12-02,2022-12-09,sz.002384,2025-12-15 20:06:53.901826
-1.27,2022-12-05,2022-12-12,sz.002384,2025-12-15 20:06:53.901826
0.05878,2022-12-06,2022-12-13,sz.002384,2025-12-15 20:06:53.901826
-0.1616,2022-12-07,2022-12-14,sz.002384,2025-12-15 20:06:53.901826
-0.2273,2022-12-08,2022-12-15,sz.002384,2025-12-15 20:06:53.901826
-0.2197,2022-12-09,2022-12-16,sz.002384,2025-12-15 20:06:53.901826
0.02496,2022-12-12,2022-12-19,sz.002384,2025-12-15 20:06:53.901826
-0.1964,2022-12-13,2022-12-20,sz.002384,2025-12-15 20:06:53.901826
-0.3076,2022-12-14,2022-12-21,sz.002384,2025-12-15 20:06:53.901826
-0.0232,2022-12-15,2022-12-22,sz.002384,2025-12-15 20:06:53.901826
-0.4302,2022-12-16,2022-12-23,sz.002384,2025-12-15 20:06:53.901826
-0.02722,2022-12-19,2022-12-26,sz.002384,2025-12-15 20:06:53.901826
0.0826,2022-12-20,2022-12-27,sz.002384,2025-12-15 20:06:53.901826
-0.4287,2022-12-21,2022-12-28,sz.002384,2025-12-15 20:06:53.901826
-0.1547,2022-12-22,2022-12-29,sz.002384,2025-12-15 20:06:53.901826
-0.1952,2022-12-23,2022-12-30,sz.002384,2025-12-15 20:06:53.901826
0.1278,2022-12-26,2023-01-02,sz.002384,2025-12-15 20:06:53.901826
0.001993,2022-12-27,2023-01-03,sz.002384,2025-12-15 20:06:53.901826
-0.0954,2022-12-28,2023-01-04,sz.002384,2025-12-15 20:06:53.901826
-0.131,2022-12-29,2023-01-05,sz.002384,2025-12-15 20:06:53.901826
-0.4614,2022-12-30,2023-01-06,sz.002384,2025-12-15 20:06:53.901826
-0.276,2023-01-03,2023-01-10,sz.002384,2025-12-15 20:06:53.901826
-1.501,2023-01-04,2023-01-11,sz.002384,2025-12-15 20:06:53.901826
0.18,2023-01-05,2023-01-12,sz.002384,2025-12-15 20:06:53.901826
-0.0894,2023-01-06,2023-01-13,sz.002384,2025-12-15 20:06:53.901826
-0.07623,2023-01-09,2023-01-16,sz.002384,2025-12-15 20:06:53.901826
0.0003872,2023-01-10,2023-01-17,sz.002384,2025-12-15 20:06:53.901826
-0.2161,2023-01-11,2023-01-18,sz.002384,2025-12-15 20:06:53.901826
0.0889,2023-01-12,2023-01-19,sz.002384,2025-12-15 20:06:53.901826
-0.1394,2023-01-13,2023-01-20,sz.002384,2025-12-15 20:06:53.901826
-0.11554,2023-01-16,2023-01-23,sz.002384,2025-12-15 20:06:53.901826
-0.0538,2023-01-17,2023-01-24,sz.002384,2025-12-15 20:06:53.901826
0.03494,2023-01-18,2023-01-25,sz.002384,2025-12-15 20:06:53.901826
-0.1434,2023-01-19,2023-01-26,sz.002384,2025-12-15 20:06:53.901826
-0.115,2023-01-20,2023-01-27,sz.002384,2025-12-15 20:06:53.901826
-0.0784,2023-01-30,2023-02-06,sz.002384,2025-12-15 20:06:53.901826
-0.297,2023-01-31,2023-02-07,sz.002384,2025-12-15 20:06:53.901826
-0.2874,2023-02-01,2023-02-08,sz.002384,2025-12-15 20:06:53.901826
-0.4006,2023-02-02,2023-02-09,sz.002384,2025-12-15 20:06:53.901826
-0.1214,2023-02-03,2023-02-10,sz.002384,2025-12-15 20:06:53.901826
-0.2166,2023-02-06,2023-02-13,sz.002384,2025-12-15 20:06:53.901826
-0.2029,2023-02-07,2023-02-14,sz.002384,2025-12-15 20:06:53.901826
-0.2037,2023-02-08,2023-02-15,sz.002384,2025-12-15 20:06:53.901826
-0.006905,2023-02-09,2023-02-16,sz.002384,2025-12-15 20:06:53.901826
-0.03082,2023-02-10,2023-02-17,sz.002384,2025-12-15 20:06:53.901826
-0.02614,2023-02-13,2023-02-20,sz.002384,2025-12-15 20:06:53.901826
-0.004925,2023-02-14,2023-02-21,sz.002384,2025-12-15 20:06:53.901826
0.0576,2023-02-15,2023-02-22,sz.002384,2025-12-15 20:06:53.901826
-0.2251,2023-02-16,2023-02-23,sz.002384,2025-12-15 20:06:53.901826
-1.104,2023-02-17,2023-02-24,sz.002384,2025-12-15 20:06:53.901826
-0.2861,2023-02-20,2023-02-27,sz.002384,2025-12-15 20:06:53.901826
-0.1538,2023-02-21,2023-02-28,sz.002384,2025-12-15 20:06:53.901826
-0.015076,2023-02-22,2023-03-01,sz.002384,2025-12-15 20:06:53.901826
-0.3137,2023-02-23,2023-03-02,sz.002384,2025-12-15 20:06:53.901826
-0.15,2023-02-24,2023-03-03,sz.002384,2025-12-15 20:06:53.901826
-0.0629,2023-02-27,2023-03-06,sz.002384,2025-12-15 20:06:53.901826
-0.2399,2023-02-28,2023-03-07,sz.002384,2025-12-15 20:06:53.901826
-0.1527,2023-03-01,2023-03-08,sz.002384,2025-12-15 20:06:53.901826
-0.3982,2023-03-02,2023-03-09,sz.002384,2025-12-15 20:06:53.901826
-0.2659,2023-03-03,2023-03-10,sz.002384,2025-12-15 20:06:53.901826
0.03503,2023-03-06,2023-03-13,sz.002384,2025-12-15 20:06:53.901826
-0.5435,2023-03-07,2023-03-14,sz.002384,2025-12-15 20:06:53.901826
-0.04813,2023-03-08,2023-03-15,sz.002384,2025-12-15 20:06:53.901826
-0.02705,2023-03-09,2023-03-16,sz.002384,2025-12-15 20:06:53.901826
-0.0709,2023-03-10,2023-03-17,sz.002384,2025-12-15 20:06:53.901826
-0.002958,2023-03-13,2023-03-20,sz.002384,2025-12-15 20:06:53.901826
-0.2505,2023-03-14,2023-03-21,sz.002384,2025-12-15 20:06:53.901826
-0.202,2023-03-15,2023-03-22,sz.002384,2025-12-15 20:06:53.901826
-0.2744,2023-03-16,2023-03-23,sz.002384,2025-12-15 20:06:53.901826
-0.3416,2023-03-17,2023-03-24,sz.002384,2025-12-15 20:06:53.901826
-0.1902,2023-03-20,2023-03-27,sz.002384,2025-12-15 20:06:53.901826
-0.1638,2023-03-21,2023-03-28,sz.002384,2025-12-15 20:06:53.901826
0.1127,2023-03-22,2023-03-29,sz.002384,2025-12-15 20:06:53.901826
0.0742,2023-03-23,2023-03-30,sz.002384,2025-12-15 20:06:53.901826
-0.2957,2023-03-24,2023-03-31,sz.002384,2025-12-15 20:06:53.901826
-0.3953,2023-03-27,2023-04-03,sz.002384,2025-12-15 20:06:53.901826
-0.1404,2023-03-28,2023-04-04,sz.002384,2025-12-15 20:06:53.901826
0.0879,2023-03-29,2023-04-05,sz.002384,2025-12-15 20:06:53.901826
-0.217,2023-03-30,2023-04-06,sz.002384,2025-12-15 20:06:53.901826
-0.12115,2023-03-31,2023-04-07,sz.002384,2025-12-15 20:06:53.901826
-0.7275,2023-04-03,2023-04-10,sz.002384,2025-12-15 20:06:53.901826
-0.1906,2023-04-04,2023-04-11,sz.002384,2025-12-15 20:06:53.901826
-0.2837,2023-04-06,2023-04-13,sz.002384,2025-12-15 20:06:53.901826
0.00862,2023-04-07,2023-04-14,sz.002384,2025-12-15 20:06:53.901826
-0.704,2023-04-10,2023-04-17,sz.002384,2025-12-15 20:06:53.901826
-0.403,2023-04-11,2023-04-18,sz.002384,2025-12-15 20:06:53.901826
-0.1362,2023-04-12,2023-04-19,sz.002384,2025-12-15 20:06:53.901826
-0.575,2023-04-13,2023-04-20,sz.002384,2025-12-15 20:06:53.901826
-0.006016,2023-04-14,2023-04-21,sz.002384,2025-12-15 20:06:53.901826
0.02357,2023-04-17,2023-04-24,sz.002384,2025-12-15 20:06:53.901826
-0.03378,2023-04-18,2023-04-25,sz.002384,2025-12-15 20:06:53.901826
-0.5103,2023-04-19,2023-04-26,sz.002384,2025-12-15 20:06:53.901826
-0.1296,2023-04-20,2023-04-27,sz.002384,2025-12-15 20:06:53.901826
-0.7627,2023-04-21,2023-04-28,sz.002384,2025-12-15 20:06:53.901826
-0.282,2023-04-24,2023-05-01,sz.002384,2025-12-15 20:06:53.901826
-0.527,2023-04-25,2023-05-02,sz.002384,2025-12-15 20:06:53.901826
-0.069,2023-04-26,2023-05-03,sz.002384,2025-12-15 20:06:53.901826
-0.2678,2023-04-27,2023-05-04,sz.002384,2025-12-15 20:06:53.901826
0.03223,2023-04-28,2023-05-05,sz.002384,2025-12-15 20:06:53.901826
-0.4731,2023-05-04,2023-05-11,sz.002384,2025-12-15 20:06:53.901826
-0.1793,2023-05-05,2023-05-12,sz.002384,2025-12-15 20:06:53.901826
-0.1632,2023-05-08,2023-05-15,sz.002384,2025-12-15 20:06:53.901826
-0.1522,2023-05-09,2023-05-16,sz.002384,2025-12-15 20:06:53.901826
-0.131,2023-05-10,2023-05-17,sz.002384,2025-12-15 20:06:53.901826
-0.1018,2023-05-11,2023-05-18,sz.002384,2025-12-15 20:06:53.901826
-0.01964,2023-05-12,2023-05-19,sz.002384,2025-12-15 20:06:53.901826
-0.00975,2023-05-15,2023-05-22,sz.002384,2025-12-15 20:06:53.901826
-0.03568,2023-05-16,2023-05-23,sz.002384,2025-12-15 20:06:53.901826
0.1214,2023-05-17,2023-05-24,sz.002384,2025-12-15 20:06:53.901826
-0.3865,2023-05-18,2023-05-25,sz.002384,2025-12-15 20:06:53.901826
0.06415,2023-05-19,2023-05-26,sz.002384,2025-12-15 20:06:53.901826
-0.1748,2023-05-22,2023-05-29,sz.002384,2025-12-15 20:06:53.901826
-0.02452,2023-05-23,2023-05-30,sz.002384,2025-12-15 20:06:53.901826
-0.2864,2023-05-24,2023-05-31,sz.002384,2025-12-15 20:06:53.901826
-0.056,2023-05-25,2023-06-01,sz.002384,2025-12-15 20:06:53.901826
0.02084,2023-05-26,2023-06-02,sz.002384,2025-12-15 20:06:53.901826
-1.217,2023-05-29,2023-06-05,sz.002384,2025-12-15 20:06:53.901826
0.1667,2023-05-30,2023-06-06,sz.002384,2025-12-15 20:06:53.901826
-0.2852,2023-05-31,2023-06-07,sz.002384,2025-12-15 20:06:53.901826
-0.4397,2023-06-01,2023-06-08,sz.002384,2025-12-15 20:06:53.901826
0.0832,2023-06-02,2023-06-09,sz.002384,2025-12-15 20:06:53.901826
-0.2167,2023-06-05,2023-06-12,sz.002384,2025-12-15 20:06:53.901826
-0.9204,2023-06-06,2023-06-13,sz.002384,2025-12-15 20:06:53.901826
-0.1377,2023-06-07,2023-06-14,sz.002384,2025-12-15 20:06:53.901826
-0.2512,2023-06-08,2023-06-15,sz.002384,2025-12-15 20:06:53.901826
0.1167,2023-06-09,2023-06-16,sz.002384,2025-12-15 20:06:53.901826
0.1844,2023-06-12,2023-06-19,sz.002384,2025-12-15 20:06:53.901826
0.02736,2023-06-13,2023-06-20,sz.002384,2025-12-15 20:06:53.901826
-0.359,2023-06-14,2023-06-21,sz.002384,2025-12-15 20:06:53.901826
-0.02264,2023-06-15,2023-06-22,sz.002384,2025-12-15 20:06:53.901826
0.1401,2023-06-16,2023-06-23,sz.002384,2025-12-15 20:06:53.901826
-0.5146,2023-06-19,2023-06-26,sz.002384,2025-12-15 20:06:53.901826
-0.543,2023-06-20,2023-06-27,sz.002384,2025-12-15 20:06:53.901826
-1.014,2023-06-21,2023-06-28,sz.002384,2025-12-15 20:06:53.901826
-0.571,2023-06-26,2023-07-03,sz.002384,2025-12-15 20:06:53.901826
-0.2032,2023-06-27,2023-07-04,sz.002384,2025-12-15 20:06:53.901826
-0.4502,2023-06-28,2023-07-05,sz.002384,2025-12-15 20:06:53.901826
-0.0324,2023-06-29,2023-07-06,sz.002384,2025-12-15 20:06:53.901826
0.0866,2023-06-30,2023-07-07,sz.002384,2025-12-15 20:06:53.901826
-0.3918,2023-07-03,2023-07-10,sz.002384,2025-12-15 20:06:53.901826
-0.02776,2023-07-04,2023-07-11,sz.002384,2025-12-15 20:06:53.901826
-0.2986,2023-07-05,2023-07-12,sz.002384,2025-12-15 20:06:53.901826
-0.1079,2023-07-06,2023-07-13,sz.002384,2025-12-15 20:06:53.901826
-0.3408,2023-07-07,2023-07-14,sz.002384,2025-12-15 20:06:53.901826
-0.4065,2023-07-10,2023-07-17,sz.002384,2025-12-15 20:06:53.901826
0.06616,2023-07-11,2023-07-18,sz.002384,2025-12-15 20:06:53.901826
-0.4492,2023-07-12,2023-07-19,sz.002384,2025-12-15 20:06:53.901826
-0.167,2023-07-13,2023-07-20,sz.002384,2025-12-15 20:06:53.901826
-0.32,2023-07-14,2023-07-21,sz.002384,2025-12-15 20:06:53.901826
-0.4749,2023-07-17,2023-07-24,sz.002384,2025-12-15 20:06:53.901826
0.04712,2023-07-18,2023-07-25,sz.002384,2025-12-15 20:06:53.901826
-0.2695,2023-07-19,2023-07-26,sz.002384,2025-12-15 20:06:53.901826
-0.4812,2023-07-20,2023-07-27,sz.002384,2025-12-15 20:06:53.901826
-0.2335,2023-07-21,2023-07-28,sz.002384,2025-12-15 20:06:53.901826
0.0833,2023-07-24,2023-07-31,sz.002384,2025-12-15 20:06:53.901826
0.09796,2023-07-25,2023-08-01,sz.002384,2025-12-15 20:06:53.901826
-0.03824,2023-07-26,2023-08-02,sz.002384,2025-12-15 20:06:53.901826
-0.2688,2023-07-27,2023-08-03,sz.002384,2025-12-15 20:06:53.901826
0.02623,2023-07-28,2023-08-04,sz.002384,2025-12-15 20:06:53.901826
-0.2837,2023-07-31,2023-08-07,sz.002384,2025-12-15 20:06:53.901826
0.1368,2023-08-01,2023-08-08,sz.002384,2025-12-15 20:06:53.901826
0.08875,2023-08-02,2023-08-09,sz.002384,2025-12-15 20:06:53.901826
-0.11896,2023-08-03,2023-08-10,sz.002384,2025-12-15 20:06:53.901826
0.0874,2023-08-04,2023-08-11,sz.002384,2025-12-15 20:06:53.901826
0.1515,2023-08-07,2023-08-14,sz.002384,2025-12-15 20:06:53.901826
-0.207,2023-08-08,2023-08-15,sz.002384,2025-12-15 20:06:53.901826
0.0266,2023-08-09,2023-08-16,sz.002384,2025-12-15 20:06:53.901826
-0.1769,2023-08-10,2023-08-17,sz.002384,2025-12-15 20:06:53.901826
-1.14,2023-08-11,2023-08-18,sz.002384,2025-12-15 20:06:53.901826
-0.05496,2023-08-14,2023-08-21,sz.002384,2025-12-15 20:06:53.901826
-0.2423,2023-08-15,2023-08-22,sz.002384,2025-12-15 20:06:53.901826
-0.3342,2023-08-16,2023-08-23,sz.002384,2025-12-15 20:06:53.901826
-0.094,2023-08-17,2023-08-24,sz.002384,2025-12-15 20:06:53.901826
-0.36,2023-08-18,2023-08-25,sz.002384,2025-12-15 20:06:53.901826
0.005707,2023-08-21,2023-08-28,sz.002384,2025-12-15 20:06:53.901826
-0.1737,2023-08-22,2023-08-29,sz.002384,2025-12-15 20:06:53.901826
-0.5273,2023-08-23,2023-08-30,sz.002384,2025-12-15 20:06:53.901826
-0.01796,2023-08-24,2023-08-31,sz.002384,2025-12-15 20:06:53.901826
-0.2162,2023-08-25,2023-09-01,sz.002384,2025-12-15 20:06:53.901826
-0.6387,2023-08-28,2023-09-04,sz.002384,2025-12-15 20:06:53.901826
0.0818,2023-08-29,2023-09-05,sz.002384,2025-12-15 20:06:53.901826
0.02849,2023-08-30,2023-09-06,sz.002384,2025-12-15 20:06:53.901826
-0.108,2023-08-31,2023-09-07,sz.002384,2025-12-15 20:06:53.901826
0.09454,2023-09-01,2023-09-08,sz.002384,2025-12-15 20:06:53.901826
-0.0095,2023-09-04,2023-09-11,sz.002384,2025-12-15 20:06:53.901826
-0.08795,2023-09-05,2023-09-12,sz.002384,2025-12-15 20:06:53.901826
0.0669,2023-09-06,2023-09-13,sz.002384,2025-12-15 20:06:53.901826
-0.5215,2023-09-07,2023-09-14,sz.002384,2025-12-15 20:06:53.901826
-0.15,2023-09-08,2023-09-15,sz.002384,2025-12-15 20:06:53.901826
-0.01913,2023-09-11,2023-09-18,sz.002384,2025-12-15 20:06:53.901826
0.09595,2023-09-12,2023-09-19,sz.002384,2025-12-15 20:06:53.901826
-0.5444,2023-09-13,2023-09-20,sz.002384,2025-12-15 20:06:53.901826
-0.02583,2023-09-14,2023-09-21,sz.002384,2025-12-15 20:06:53.901826
-0.09955,2023-09-15,2023-09-22,sz.002384,2025-12-15 20:06:53.901826
-0.0966,2023-09-18,2023-09-25,sz.002384,2025-12-15 20:06:53.901826
-0.1769,2023-09-19,2023-09-26,sz.002384,2025-12-15 20:06:53.901826
-0.0675,2023-09-20,2023-09-27,sz.002384,2025-12-15 20:06:53.901826
-0.05414,2023-09-21,2023-09-28,sz.002384,2025-12-15 20:06:53.901826
0.1254,2023-09-22,2023-09-29,sz.002384,2025-12-15 20:06:53.901826
-0.1536,2023-09-25,2023-10-02,sz.002384,2025-12-15 20:06:53.901826
-0.0935,2023-09-26,2023-10-03,sz.002384,2025-12-15 20:06:53.901826
0.04865,2023-09-27,2023-10-04,sz.002384,2025-12-15 20:06:53.901826
0.07794,2023-09-28,2023-10-05,sz.002384,2025-12-15 20:06:53.901826
0.03497,2023-10-09,2023-10-16,sz.002384,2025-12-15 20:06:53.901826
0.04382,2023-10-10,2023-10-17,sz.002384,2025-12-15 20:06:53.901826
-0.01262,2023-10-11,2023-10-18,sz.002384,2025-12-15 20:06:53.901826
0.06366,2023-10-12,2023-10-19,sz.002384,2025-12-15 20:06:53.901826
-0.05264,2023-10-13,2023-10-20,sz.002384,2025-12-15 20:06:53.901826
-0.575,2023-10-16,2023-10-23,sz.002384,2025-12-15 20:06:53.901826
-0.2666,2023-10-17,2023-10-24,sz.002384,2025-12-15 20:06:53.901826
-0.1864,2023-10-18,2023-10-25,sz.002384,2025-12-15 20:06:53.901826
-0.1613,2023-10-19,2023-10-26,sz.002384,2025-12-15 20:06:53.901826
-0.3062,2023-10-20,2023-10-27,sz.002384,2025-12-15 20:06:53.901826
-0.2351,2023-10-23,2023-10-30,sz.002384,2025-12-15 20:06:53.901826
-0.02673,2023-10-24,2023-10-31,sz.002384,2025-12-15 20:06:53.901826
-0.03534,2023-10-25,2023-11-01,sz.002384,2025-12-15 20:06:53.901826
-0.02377,2023-10-26,2023-11-02,sz.002384,2025-12-15 20:06:53.901826
0.087,2023-10-27,2023-11-03,sz.002384,2025-12-15 20:06:53.901826
0.04486,2023-10-30,2023-11-06,sz.002384,2025-12-15 20:06:53.901826
-0.1248,2023-10-31,2023-11-07,sz.002384,2025-12-15 20:06:53.901826
-0.0723,2023-11-01,2023-11-08,sz.002384,2025-12-15 20:06:53.901826
-0.1334,2023-11-02,2023-11-09,sz.002384,2025-12-15 20:06:53.901826
0.1398,2023-11-03,2023-11-10,sz.002384,2025-12-15 20:06:53.901826
0.08356,2023-11-06,2023-11-13,sz.002384,2025-12-15 20:06:53.901826
-0.00738,2023-11-07,2023-11-14,sz.002384,2025-12-15 20:06:53.901826
-0.05975,2023-11-08,2023-11-15,sz.002384,2025-12-15 20:06:53.901826
-0.03403,2023-11-09,2023-11-16,sz.002384,2025-12-15 20:06:53.901826
-0.0907,2023-11-10,2023-11-17,sz.002384,2025-12-15 20:06:53.901826
-0.162,2023-11-13,2023-11-20,sz.002384,2025-12-15 20:06:53.901826
-0.06604,2023-11-14,2023-11-21,sz.002384,2025-12-15 20:06:53.901826
-0.04193,2023-11-15,2023-11-22,sz.002384,2025-12-15 20:06:53.901826
-0.1661,2023-11-16,2023-11-23,sz.002384,2025-12-15 20:06:53.901826
0.0832,2023-11-17,2023-11-24,sz.002384,2025-12-15 20:06:53.901826
-0.0001409,2023-11-20,2023-11-27,sz.002384,2025-12-15 20:06:53.901826
-0.09503,2023-11-21,2023-11-28,sz.002384,2025-12-15 20:06:53.901826
-0.2491,2023-11-22,2023-11-29,sz.002384,2025-12-15 20:06:53.901826
0.0799,2023-11-23,2023-11-30,sz.002384,2025-12-15 20:06:53.901826
-0.1037,2023-11-24,2023-12-01,sz.002384,2025-12-15 20:06:53.901826
0.05145,2023-11-27,2023-12-04,sz.002384,2025-12-15 20:06:53.901826
0.0346,2023-11-28,2023-12-05,sz.002384,2025-12-15 20:06:53.901826
-0.02979,2023-11-29,2023-12-06,sz.002384,2025-12-15 20:06:53.901826
-0.1743,2023-11-30,2023-12-07,sz.002384,2025-12-15 20:06:53.901826
-0.003826,2023-12-01,2023-12-08,sz.002384,2025-12-15 20:06:53.901826
-0.1849,2023-12-04,2023-12-11,sz.002384,2025-12-15 20:06:53.901826
-0.1501,2023-12-05,2023-12-12,sz.002384,2025-12-15 20:06:53.901826
0.00302,2023-12-06,2023-12-13,sz.002384,2025-12-15 20:06:53.901826
0.0412,2023-12-07,2023-12-14,sz.002384,2025-12-15 20:06:53.901826
-0.001547,2023-12-08,2023-12-15,sz.002384,2025-12-15 20:06:53.901826
0.1107,2023-12-11,2023-12-18,sz.002384,2025-12-15 20:06:53.901826
0.0575,2023-12-12,2023-12-19,sz.002384,2025-12-15 20:06:53.901826
-0.0994,2023-12-13,2023-12-20,sz.002384,2025-12-15 20:06:53.901826
-0.0593,2023-12-14,2023-12-21,sz.002384,2025-12-15 20:06:53.901826
-0.05264,2023-12-15,2023-12-22,sz.002384,2025-12-15 20:06:53.901826
-0.2861,2023-12-18,2023-12-25,sz.002384,2025-12-15 20:06:53.901826
0.03738,2023-12-19,2023-12-26,sz.002384,2025-12-15 20:06:53.901826
-0.1647,2023-12-20,2023-12-27,sz.002384,2025-12-15 20:06:53.901826
0.03107,2023-12-21,2023-12-28,sz.002384,2025-12-15 20:06:53.901826
-0.06995,2023-12-22,2023-12-29,sz.002384,2025-12-15 20:06:53.901826
0.01283,2023-12-25,2024-01-01,sz.002384,2025-12-15 20:06:53.901826
-0.1719,2023-12-26,2024-01-02,sz.002384,2025-12-15 20:06:53.901826
-0.023,2023-12-27,2024-01-03,sz.002384,2025-12-15 20:06:53.901826
0.10547,2023-12-28,2024-01-04,sz.002384,2025-12-15 20:06:53.901826
0.1707,2023-12-29,2024-01-05,sz.002384,2025-12-15 20:06:53.901826
-0.2717,2024-01-02,2024-01-09,sz.002384,2025-12-15 20:06:53.901826
-0.4893,2024-01-03,2024-01-10,sz.002384,2025-12-15 20:06:53.901826
-0.09924,2024-01-04,2024-01-11,sz.002384,2025-12-15 20:06:53.901826
-0.261,2024-01-05,2024-01-12,sz.002384,2025-12-15 20:06:53.901826
-0.3267,2024-01-08,2024-01-15,sz.002384,2025-12-15 20:06:53.901826
-0.04037,2024-01-09,2024-01-16,sz.002384,2025-12-15 20:06:53.901826
-0.05734,2024-01-10,2024-01-17,sz.002384,2025-12-15 20:06:53.901826
0.06384,2024-01-11,2024-01-18,sz.002384,2025-12-15 20:06:53.901826
-0.0342,2024-01-12,2024-01-19,sz.002384,2025-12-15 20:06:53.901826
-0.03354,2024-01-15,2024-01-22,sz.002384,2025-12-15 20:06:53.901826
-0.11914,2024-01-16,2024-01-23,sz.002384,2025-12-15 20:06:53.901826
-0.2825,2024-01-17,2024-01-24,sz.002384,2025-12-15 20:06:53.901826
0.03384,2024-01-18,2024-01-25,sz.002384,2025-12-15 20:06:53.901826
-0.02379,2024-01-19,2024-01-26,sz.002384,2025-12-15 20:06:53.901826
-0.5435,2024-01-22,2024-01-29,sz.002384,2025-12-15 20:06:53.901826
-0.006443,2024-01-23,2024-01-30,sz.002384,2025-12-15 20:06:53.901826
-0.134,2024-01-24,2024-01-31,sz.002384,2025-12-15 20:06:53.901826
0.05563,2024-01-25,2024-02-01,sz.002384,2025-12-15 20:06:53.901826
-0.2054,2024-01-26,2024-02-02,sz.002384,2025-12-15 20:06:53.901826
-0.6377,2024-01-29,2024-02-05,sz.002384,2025-12-15 20:06:53.901826
-0.1979,2024-01-30,2024-02-06,sz.002384,2025-12-15 20:06:53.901826
-0.426,2024-01-31,2024-02-07,sz.002384,2025-12-15 20:06:53.901826
-0.01478,2024-02-01,2024-02-08,sz.002384,2025-12-15 20:06:53.901826
-0.478,2024-02-02,2024-02-09,sz.002384,2025-12-15 20:06:53.901826
-0.446,2024-02-05,2024-02-12,sz.002384,2025-12-15 20:06:53.901826
0.11053,2024-02-06,2024-02-13,sz.002384,2025-12-15 20:06:53.901826
0.0922,2024-02-07,2024-02-14,sz.002384,2025-12-15 20:06:53.901826
-0.3523,2024-02-08,2024-02-15,sz.002384,2025-12-15 20:06:53.901826
-0.03735,2024-02-19,2024-02-26,sz.002384,2025-12-15 20:06:53.901826
-0.1272,2024-02-20,2024-02-27,sz.002384,2025-12-15 20:06:53.901826
-0.0662,2024-02-21,2024-02-28,sz.002384,2025-12-15 20:06:53.901826
0.0856,2024-02-22,2024-02-29,sz.002384,2025-12-15 20:06:53.901826
0.00666,2024-02-23,2024-03-01,sz.002384,2025-12-15 20:06:53.901826
-0.04132,2024-02-26,2024-03-04,sz.002384,2025-12-15 20:06:53.901826
0.11145,2024-02-27,2024-03-05,sz.002384,2025-12-15 20:06:53.901826
-0.5713,2024-02-28,2024-03-06,sz.002384,2025-12-15 20:06:53.901826
0.1534,2024-02-29,2024-03-07,sz.002384,2025-12-15 20:06:53.901826
0.03041,2024-03-01,2024-03-08,sz.002384,2025-12-15 20:06:53.901826
-0.07697,2024-03-04,2024-03-11,sz.002384,2025-12-15 20:06:53.901826
-0.06537,2024-03-05,2024-03-12,sz.002384,2025-12-15 20:06:53.901826
-0.0923,2024-03-06,2024-03-13,sz.002384,2025-12-15 20:06:53.901826
-0.2603,2024-03-07,2024-03-14,sz.002384,2025-12-15 20:06:53.901826
0.1162,2024-03-08,2024-03-15,sz.002384,2025-12-15 20:06:53.901826
0.010506,2024-03-11,2024-03-18,sz.002384,2025-12-15 20:06:53.901826
-0.0676,2024-03-12,2024-03-19,sz.002384,2025-12-15 20:06:53.901826
-0.01608,2024-03-13,2024-03-20,sz.002384,2025-12-15 20:06:53.901826
-0.2979,2024-03-14,2024-03-21,sz.002384,2025-12-15 20:06:53.901826
-0.0322,2024-03-15,2024-03-22,sz.002384,2025-12-15 20:06:53.901826
0.0678,2024-03-18,2024-03-25,sz.002384,2025-12-15 20:06:53.901826
-0.1012,2024-03-19,2024-03-26,sz.002384,2025-12-15 20:06:53.901826
-0.08704,2024-03-20,2024-03-27,sz.002384,2025-12-15 20:06:53.901826
-0.3264,2024-03-21,2024-03-28,sz.002384,2025-12-15 20:06:53.901826
-0.2354,2024-03-22,2024-03-29,sz.002384,2025-12-15 20:06:53.901826
-0.4768,2024-03-25,2024-04-01,sz.002384,2025-12-15 20:06:53.901826
-0.1361,2024-03-26,2024-04-02,sz.002384,2025-12-15 20:06:53.901826
-0.4587,2024-03-27,2024-04-03,sz.002384,2025-12-15 20:06:53.901826
0.01717,2024-03-28,2024-04-04,sz.002384,2025-12-15 20:06:53.901826
0.00711,2024-03-29,2024-04-05,sz.002384,2025-12-15 20:06:53.901826
0.08453,2024-04-01,2024-04-08,sz.002384,2025-12-15 20:06:53.901826
0.00913,2024-04-02,2024-04-09,sz.002384,2025-12-15 20:06:53.901826
-0.1276,2024-04-03,2024-04-10,sz.002384,2025-12-15 20:06:53.901826
-0.3923,2024-04-08,2024-04-15,sz.002384,2025-12-15 20:06:53.901826
0.03488,2024-04-09,2024-04-16,sz.002384,2025-12-15 20:06:53.901826
-0.344,2024-04-10,2024-04-17,sz.002384,2025-12-15 20:06:53.901826
-0.1584,2024-04-11,2024-04-18,sz.002384,2025-12-15 20:06:53.901826
-0.05536,2024-04-12,2024-04-19,sz.002384,2025-12-15 20:06:53.901826
-0.11206,2024-04-15,2024-04-22,sz.002384,2025-12-15 20:06:53.901826
-0.2515,2024-04-16,2024-04-23,sz.002384,2025-12-15 20:06:53.901826
0.0834,2024-04-17,2024-04-24,sz.002384,2025-12-15 20:06:53.901826
-0.0671,2024-04-18,2024-04-25,sz.002384,2025-12-15 20:06:53.901826
-0.01814,2024-04-19,2024-04-26,sz.002384,2025-12-15 20:06:53.901826
-0.1006,2024-04-22,2024-04-29,sz.002384,2025-12-15 20:06:53.901826
-0.08484,2024-04-23,2024-04-30,sz.002384,2025-12-15 20:06:53.901826
0.026,2024-04-24,2024-05-01,sz.002384,2025-12-15 20:06:53.901826
-0.09686,2024-04-25,2024-05-02,sz.002384,2025-12-15 20:06:53.901826
0.1019,2024-04-26,2024-05-03,sz.002384,2025-12-15 20:06:53.901826
0.1005,2024-04-29,2024-05-06,sz.002384,2025-12-15 20:06:53.901826
-0.01504,2024-04-30,2024-05-07,sz.002384,2025-12-15 20:06:53.901826
0.0589,2024-05-06,2024-05-13,sz.002384,2025-12-15 20:06:53.901826
-0.1594,2024-05-07,2024-05-14,sz.002384,2025-12-15 20:06:53.901826
-0.191,2024-05-08,2024-05-15,sz.002384,2025-12-15 20:06:53.901826
0.06445,2024-05-09,2024-05-16,sz.002384,2025-12-15 20:06:53.901826
-0.1346,2024-05-10,2024-05-17,sz.002384,2025-12-15 20:06:53.901826
-0.03668,2024-05-13,2024-05-20,sz.002384,2025-12-15 20:06:53.901826
-0.3408,2024-05-14,2024-05-21,sz.002384,2025-12-15 20:06:53.901826
-0.1771,2024-05-15,2024-05-22,sz.002384,2025-12-15 20:06:53.901826
0.047,2024-05-16,2024-05-23,sz.002384,2025-12-15 20:06:53.901826
0.05154,2024-05-17,2024-05-24,sz.002384,2025-12-15 20:06:53.901826
0.02353,2024-05-20,2024-05-27,sz.002384,2025-12-15 20:06:53.901826
0.07477,2024-05-21,2024-05-28,sz.002384,2025-12-15 20:06:53.901826
-0.03796,2024-05-22,2024-05-29,sz.002384,2025-12-15 20:06:53.901826
-0.1769,2024-05-23,2024-05-30,sz.002384,2025-12-15 20:06:53.901826
-0.1924,2024-05-24,2024-05-31,sz.002384,2025-12-15 20:06:53.901826
-0.03784,2024-05-27,2024-06-03,sz.002384,2025-12-15 20:06:53.901826
-0.2178,2024-05-28,2024-06-04,sz.002384,2025-12-15 20:06:53.901826
-0.01581,2024-05-29,2024-06-05,sz.002384,2025-12-15 20:06:53.901826
0.025,2024-05-30,2024-06-06,sz.002384,2025-12-15 20:06:53.901826
-0.09076,2024-05-31,2024-06-07,sz.002384,2025-12-15 20:06:53.901826
-0.0675,2024-06-03,2024-06-10,sz.002384,2025-12-15 20:06:53.901826
-0.05386,2024-06-04,2024-06-11,sz.002384,2025-12-15 20:06:53.901826
-0.1718,2024-06-05,2024-06-12,sz.002384,2025-12-15 20:06:53.901826
-0.1368,2024-06-06,2024-06-13,sz.002384,2025-12-15 20:06:53.901826
-0.294,2024-06-07,2024-06-14,sz.002384,2025-12-15 20:06:53.901826
0.0111,2024-06-11,2024-06-18,sz.002384,2025-12-15 20:06:53.901826
-0.1775,2024-06-12,2024-06-19,sz.002384,2025-12-15 20:06:53.901826
-0.02336,2024-06-13,2024-06-20,sz.002384,2025-12-15 20:06:53.901826
0.10065,2024-06-14,2024-06-21,sz.002384,2025-12-15 20:06:53.901826
0.1654,2024-06-17,2024-06-24,sz.002384,2025-12-15 20:06:53.901826
-0.002087,2024-06-18,2024-06-25,sz.002384,2025-12-15 20:06:53.901826
-0.3591,2024-06-19,2024-06-26,sz.002384,2025-12-15 20:06:53.901826
-0.4346,2024-06-20,2024-06-27,sz.002384,2025-12-15 20:06:53.901826
0.055,2024-06-21,2024-06-28,sz.002384,2025-12-15 20:06:53.901826
-0.342,2024-06-24,2024-07-01,sz.002384,2025-12-15 20:06:53.901826
-0.2778,2024-06-25,2024-07-02,sz.002384,2025-12-15 20:06:53.901826
-0.078,2024-06-26,2024-07-03,sz.002384,2025-12-15 20:06:53.901826
-0.2297,2024-06-27,2024-07-04,sz.002384,2025-12-15 20:06:53.901826
-0.0472,2024-06-28,2024-07-05,sz.002384,2025-12-15 20:06:53.901826
-0.1884,2024-07-01,2024-07-08,sz.002384,2025-12-15 20:06:53.901826
-0.2351,2024-07-02,2024-07-09,sz.002384,2025-12-15 20:06:53.901826
-0.502,2024-07-03,2024-07-10,sz.002384,2025-12-15 20:06:53.901826
-0.06232,2024-07-04,2024-07-11,sz.002384,2025-12-15 20:06:53.901826
-0.435,2024-07-05,2024-07-12,sz.002384,2025-12-15 20:06:53.901826
0.05798,2024-07-08,2024-07-15,sz.002384,2025-12-15 20:06:53.901826
0.1833,2024-07-09,2024-07-16,sz.002384,2025-12-15 20:06:53.901826
0.1016,2024-07-10,2024-07-17,sz.002384,2025-12-15 20:06:53.901826
-0.4246,2024-07-11,2024-07-18,sz.002384,2025-12-15 20:06:53.901826
-0.1333,2024-07-12,2024-07-19,sz.002384,2025-12-15 20:06:53.901826
-0.1241,2024-07-15,2024-07-22,sz.002384,2025-12-15 20:06:53.901826
0.244,2024-07-16,2024-07-23,sz.002384,2025-12-15 20:06:53.901826
-1.061,2024-07-17,2024-07-24,sz.002384,2025-12-15 20:06:53.901826
-0.492,2024-07-18,2024-07-25,sz.002384,2025-12-15 20:06:53.901826
-0.2485,2024-07-19,2024-07-26,sz.002384,2025-12-15 20:06:53.901826
-0.0615,2024-07-22,2024-07-29,sz.002384,2025-12-15 20:06:53.901826
-0.3484,2024-07-23,2024-07-30,sz.002384,2025-12-15 20:06:53.901826
-0.454,2024-07-24,2024-07-31,sz.002384,2025-12-15 20:06:53.901826
-0.4016,2024-07-25,2024-08-01,sz.002384,2025-12-15 20:06:53.901826
0.04907,2024-07-26,2024-08-02,sz.002384,2025-12-15 20:06:53.901826
-0.4233,2024-07-29,2024-08-05,sz.002384,2025-12-15 20:06:53.901826
-0.1893,2024-07-30,2024-08-06,sz.002384,2025-12-15 20:06:53.901826
-0.0322,2024-07-31,2024-08-07,sz.002384,2025-12-15 20:06:53.901826
-0.856,2024-08-01,2024-08-08,sz.002384,2025-12-15 20:06:53.901826
-0.4695,2024-08-02,2024-08-09,sz.002384,2025-12-15 20:06:53.901826
-0.9556,2024-08-05,2024-08-12,sz.002384,2025-12-15 20:06:53.901826
-0.2783,2024-08-06,2024-08-13,sz.002384,2025-12-15 20:06:53.901826
-0.1077,2024-08-07,2024-08-14,sz.002384,2025-12-15 20:06:53.901826
-0.1276,2024-08-08,2024-08-15,sz.002384,2025-12-15 20:06:53.901826
-0.0644,2024-08-09,2024-08-16,sz.002384,2025-12-15 20:06:53.901826
-0.2274,2024-08-12,2024-08-19,sz.002384,2025-12-15 20:06:53.901826
0.009995,2024-08-13,2024-08-20,sz.002384,2025-12-15 20:06:53.901826
-0.2279,2024-08-14,2024-08-21,sz.002384,2025-12-15 20:06:53.901826
-0.1702,2024-08-15,2024-08-22,sz.002384,2025-12-15 20:06:53.901826
-0.0732,2024-08-16,2024-08-23,sz.002384,2025-12-15 20:06:53.901826
-0.2517,2024-08-19,2024-08-26,sz.002384,2025-12-15 20:06:53.901826
-0.2411,2024-08-20,2024-08-27,sz.002384,2025-12-15 20:06:53.901826
-0.1401,2024-08-21,2024-08-28,sz.002384,2025-12-15 20:06:53.901826
-0.3384,2024-08-22,2024-08-29,sz.002384,2025-12-15 20:06:53.901826
-0.2274,2024-08-23,2024-08-30,sz.002384,2025-12-15 20:06:53.901826
-0.2896,2024-08-26,2024-09-02,sz.002384,2025-12-15 20:06:53.901826
-0.5547,2024-08-27,2024-09-03,sz.002384,2025-12-15 20:06:53.901826
-0.2048,2024-08-28,2024-09-04,sz.002384,2025-12-15 20:06:53.901826
-0.12024,2024-08-29,2024-09-05,sz.002384,2025-12-15 20:06:53.901826
0.2747,2024-08-30,2024-09-06,sz.002384,2025-12-15 20:06:53.901826
-1.008,2024-09-02,2024-09-09,sz.002384,2025-12-15 20:06:53.901826
-0.336,2024-09-03,2024-09-10,sz.002384,2025-12-15 20:06:53.901826
-0.251,2024-09-04,2024-09-11,sz.002384,2025-12-15 20:06:53.901826
-0.266,2024-09-05,2024-09-12,sz.002384,2025-12-15 20:06:53.901826
-0.525,2024-09-06,2024-09-13,sz.002384,2025-12-15 20:06:53.901826
-0.1349,2024-09-09,2024-09-16,sz.002384,2025-12-15 20:06:53.901826
-0.2322,2024-09-10,2024-09-17,sz.002384,2025-12-15 20:06:53.901826
-0.2808,2024-09-11,2024-09-18,sz.002384,2025-12-15 20:06:53.901826
-0.4536,2024-09-12,2024-09-19,sz.002384,2025-12-15 20:06:53.901826
-0.1257,2024-09-13,2024-09-20,sz.002384,2025-12-15 20:06:53.901826
-0.945,2024-09-18,2024-09-25,sz.002384,2025-12-15 20:06:53.901826
-0.4097,2024-09-19,2024-09-26,sz.002384,2025-12-15 20:06:53.901826
-0.217,2024-09-20,2024-09-27,sz.002384,2025-12-15 20:06:53.901826
-0.187,2024-09-23,2024-09-30,sz.002384,2025-12-15 20:06:53.901826
0.1094,2024-09-24,2024-10-01,sz.002384,2025-12-15 20:06:53.901826
-0.6206,2024-09-25,2024-10-02,sz.002384,2025-12-15 20:06:53.901826
-0.3645,2024-09-26,2024-10-03,sz.002384,2025-12-15 20:06:53.901826
-0.0259,2024-09-27,2024-10-04,sz.002384,2025-12-15 20:06:53.901826
0.0677,2024-09-30,2024-10-07,sz.002384,2025-12-15 20:06:53.901826
-0.989,2024-10-08,2024-10-15,sz.002384,2025-12-15 20:06:53.901826
-0.969,2024-10-09,2024-10-16,sz.002384,2025-12-15 20:06:53.901826
-0.399,2024-10-10,2024-10-17,sz.002384,2025-12-15 20:06:53.901826
-1.005,2024-10-11,2024-10-18,sz.002384,2025-12-15 20:06:53.901826
0.1678,2024-10-14,2024-10-21,sz.002384,2025-12-15 20:06:53.901826
-0.3223,2024-10-15,2024-10-22,sz.002384,2025-12-15 20:06:53.901826
-0.411,2024-10-16,2024-10-23,sz.002384,2025-12-15 20:06:53.901826
-0.3447,2024-10-17,2024-10-24,sz.002384,2025-12-15 20:06:53.901826
0.07794,2024-10-18,2024-10-25,sz.002384,2025-12-15 20:06:53.901826
-0.3145,2024-10-21,2024-10-28,sz.002384,2025-12-15 20:06:53.901826
-0.3894,2024-10-22,2024-10-29,sz.002384,2025-12-15 20:06:53.901826
-0.2324,2024-10-23,2024-10-30,sz.002384,2025-12-15 20:06:53.901826
-0.01886,2024-10-24,2024-10-31,sz.002384,2025-12-15 20:06:53.901826
-0.845,2024-10-25,2024-11-01,sz.002384,2025-12-15 20:06:53.901826
-0.1064,2024-10-28,2024-11-04,sz.002384,2025-12-15 20:06:53.901826
-0.01503,2024-10-29,2024-11-05,sz.002384,2025-12-15 20:06:53.901826
-0.1343,2024-10-30,2024-11-06,sz.002384,2025-12-15 20:06:53.901826
-0.0239,2024-10-31,2024-11-07,sz.002384,2025-12-15 20:06:53.901826
-0.739,2024-11-01,2024-11-08,sz.002384,2025-12-15 20:06:53.901826
-0.4895,2024-11-04,2024-11-11,sz.002384,2025-12-15 20:06:53.901826
-0.0912,2024-11-05,2024-11-12,sz.002384,2025-12-15 20:06:53.901826
-1.264,2024-11-06,2024-11-13,sz.002384,2025-12-15 20:06:53.901826
-0.52,2024-11-07,2024-11-14,sz.002384,2025-12-15 20:06:53.901826
-1.664,2024-11-08,2024-11-15,sz.002384,2025-12-15 20:06:53.901826
-0.415,2024-11-11,2024-11-18,sz.002384,2025-12-15 20:06:53.901826
-1.02,2024-11-12,2024-11-19,sz.002384,2025-12-15 20:06:53.901826
-0.1543,2024-11-13,2024-11-20,sz.002384,2025-12-15 20:06:53.901826
-0.27,2024-11-14,2024-11-21,sz.002384,2025-12-15 20:06:53.901826
-0.5786,2024-11-15,2024-11-22,sz.002384,2025-12-15 20:06:53.901826
-1.204,2024-11-18,2024-11-25,sz.002384,2025-12-15 20:06:53.901826
0.03635,2024-11-19,2024-11-26,sz.002384,2025-12-15 20:06:53.901826
-0.289,2024-11-20,2024-11-27,sz.002384,2025-12-15 20:06:53.901826
-0.4004,2024-11-21,2024-11-28,sz.002384,2025-12-15 20:06:53.901826
-0.99,2024-11-22,2024-11-29,sz.002384,2025-12-15 20:06:53.901826
-0.3616,2024-11-25,2024-12-02,sz.002384,2025-12-15 20:06:53.901826
-0.2499,2024-11-26,2024-12-03,sz.002384,2025-12-15 20:06:53.901826
-0.0748,2024-11-27,2024-12-04,sz.002384,2025-12-15 20:06:53.901826
-0.4966,2024-11-28,2024-12-05,sz.002384,2025-12-15 20:06:53.901826
-0.2627,2024-11-29,2024-12-06,sz.002384,2025-12-15 20:06:53.901826
-0.113,2024-12-02,2024-12-09,sz.002384,2025-12-15 20:06:53.901826
-0.1152,2024-12-03,2024-12-10,sz.002384,2025-12-15 20:06:53.901826
-0.3323,2024-12-04,2024-12-11,sz.002384,2025-12-15 20:06:53.901826
-0.1066,2024-12-05,2024-12-12,sz.002384,2025-12-15 20:06:53.901826
0.1123,2024-12-06,2024-12-13,sz.002384,2025-12-15 20:06:53.901826
-0.4165,2024-12-09,2024-12-16,sz.002384,2025-12-15 20:06:53.901826
-0.305,2024-12-10,2024-12-17,sz.002384,2025-12-15 20:06:53.901826
-0.02342,2024-12-11,2024-12-18,sz.002384,2025-12-15 20:06:53.901826
-0.3035,2024-12-12,2024-12-19,sz.002384,2025-12-15 20:06:53.901826
-0.5474,2024-12-13,2024-12-20,sz.002384,2025-12-15 20:06:53.901826
-0.5645,2024-12-16,2024-12-23,sz.002384,2025-12-15 20:06:53.901826
-0.2083,2024-12-17,2024-12-24,sz.002384,2025-12-15 20:06:53.901826
-0.1915,2024-12-18,2024-12-25,sz.002384,2025-12-15 20:06:53.901826
0.0772,2024-12-19,2024-12-26,sz.002384,2025-12-15 20:06:53.901826
-0.1497,2024-12-20,2024-12-27,sz.002384,2025-12-15 20:06:53.901826
-0.5347,2024-12-23,2024-12-30,sz.002384,2025-12-15 20:06:53.901826
0.03842,2024-12-24,2024-12-31,sz.002384,2025-12-15 20:06:53.901826
-0.4019,2024-12-25,2025-01-01,sz.002384,2025-12-15 20:06:53.901826
0.02461,2024-12-26,2025-01-02,sz.002384,2025-12-15 20:06:53.901826
-0.7075,2024-12-27,2025-01-03,sz.002384,2025-12-15 20:06:53.901826
-0.1033,2024-12-30,2025-01-06,sz.002384,2025-12-15 20:06:53.901826
-0.965,2024-12-31,2025-01-07,sz.002384,2025-12-15 20:06:53.901826
-0.2085,2025-01-02,2025-01-09,sz.002384,2025-12-15 20:06:53.901826
-1.037,2025-01-03,2025-01-10,sz.002384,2025-12-15 20:06:53.901826
-0.1356,2025-01-06,2025-01-13,sz.002384,2025-12-15 20:06:53.901826
0.07135,2025-01-07,2025-01-14,sz.002384,2025-12-15 20:06:53.901826
-0.373,2025-01-08,2025-01-15,sz.002384,2025-12-15 20:06:53.901826
-0.3008,2025-01-09,2025-01-16,sz.002384,2025-12-15 20:06:53.901826
-0.6465,2025-01-10,2025-01-17,sz.002384,2025-12-15 20:06:53.901826
-0.4397,2025-01-13,2025-01-20,sz.002384,2025-12-15 20:06:53.901826
-0.06207,2025-01-14,2025-01-21,sz.002384,2025-12-15 20:06:53.901826
-0.4395,2025-01-15,2025-01-22,sz.002384,2025-12-15 20:06:53.901826
-0.5596,2025-01-16,2025-01-23,sz.002384,2025-12-15 20:06:53.901826
0.00429,2025-01-17,2025-01-24,sz.002384,2025-12-15 20:06:53.901826
-0.2113,2025-01-20,2025-01-27,sz.002384,2025-12-15 20:06:53.901826
-0.2458,2025-01-21,2025-01-28,sz.002384,2025-12-15 20:06:53.901826
-0.00811,2025-01-22,2025-01-29,sz.002384,2025-12-15 20:06:53.901826
-0.5464,2025-01-23,2025-01-30,sz.002384,2025-12-15 20:06:53.901826
0.01217,2025-01-24,2025-01-31,sz.002384,2025-12-15 20:06:53.901826
-0.9966,2025-01-27,2025-02-03,sz.002384,2025-12-15 20:06:53.901826
-1.409,2025-02-05,2025-02-12,sz.002384,2025-12-15 20:06:53.901826
-0.2017,2025-02-06,2025-02-13,sz.002384,2025-12-15 20:06:53.901826
-0.548,2025-02-07,2025-02-14,sz.002384,2025-12-15 20:06:53.901826
-0.03397,2025-02-10,2025-02-17,sz.002384,2025-12-15 20:06:53.901826
-0.2302,2025-02-11,2025-02-18,sz.002384,2025-12-15 20:06:53.901826
-0.128,2025-02-12,2025-02-19,sz.002384,2025-12-15 20:06:53.901826
-0.871,2025-02-13,2025-02-20,sz.002384,2025-12-15 20:06:53.901826
-0.539,2025-02-14,2025-02-21,sz.002384,2025-12-15 20:06:53.901826
0.04572,2025-02-17,2025-02-24,sz.002384,2025-12-15 20:06:53.901826
-0.498,2025-02-18,2025-02-25,sz.002384,2025-12-15 20:06:53.901826
-0.06647,2025-02-19,2025-02-26,sz.002384,2025-12-15 20:06:53.901826
-0.02467,2025-02-20,2025-02-27,sz.002384,2025-12-15 20:06:53.901826
-0.2332,2025-02-21,2025-02-28,sz.002384,2025-12-15 20:06:53.901826
-0.3755,2025-02-24,2025-03-03,sz.002384,2025-12-15 20:06:53.901826
-0.2654,2025-02-25,2025-03-04,sz.002384,2025-12-15 20:06:53.901826
-0.3184,2025-02-26,2025-03-05,sz.002384,2025-12-15 20:06:53.901826
-0.673,2025-02-27,2025-03-06,sz.002384,2025-12-15 20:06:53.901826
-0.798,2025-02-28,2025-03-07,sz.002384,2025-12-15 20:06:53.901826
-1.294,2025-03-03,2025-03-10,sz.002384,2025-12-15 20:06:53.901826
-0.08936,2025-03-04,2025-03-11,sz.002384,2025-12-15 20:06:53.901826
0.0768,2025-03-05,2025-03-12,sz.002384,2025-12-15 20:06:53.901826
-0.7188,2025-03-06,2025-03-13,sz.002384,2025-12-15 20:06:53.901826
-0.3127,2025-03-07,2025-03-14,sz.002384,2025-12-15 20:06:53.901826
-0.05258,2025-03-10,2025-03-17,sz.002384,2025-12-15 20:06:53.901826
0.03708,2025-03-11,2025-03-18,sz.002384,2025-12-15 20:06:53.901826
-0.1931,2025-03-12,2025-03-19,sz.002384,2025-12-15 20:06:53.901826
-0.4329,2025-03-13,2025-03-20,sz.002384,2025-12-15 20:06:53.901826
0.05328,2025-03-14,2025-03-21,sz.002384,2025-12-15 20:06:53.901826
-0.0942,2025-03-17,2025-03-24,sz.002384,2025-12-15 20:06:53.901826
-0.03552,2025-03-18,2025-03-25,sz.002384,2025-12-15 20:06:53.901826
-0.6074,2025-03-19,2025-03-26,sz.002384,2025-12-15 20:06:53.901826
-0.6396,2025-03-20,2025-03-27,sz.002384,2025-12-15 20:06:53.901826
-0.3203,2025-03-21,2025-03-28,sz.002384,2025-12-15 20:06:53.901826
-0.607,2025-03-24,2025-03-31,sz.002384,2025-12-15 20:06:53.901826
-0.836,2025-03-25,2025-04-01,sz.002384,2025-12-15 20:06:53.901826
-0.2102,2025-03-26,2025-04-02,sz.002384,2025-12-15 20:06:53.901826
-0.2021,2025-03-27,2025-04-03,sz.002384,2025-12-15 20:06:53.901826
-0.0805,2025-03-28,2025-04-04,sz.002384,2025-12-15 20:06:53.901826
-0.4429,2025-03-31,2025-04-07,sz.002384,2025-12-15 20:06:53.901826
-0.3591,2025-04-01,2025-04-08,sz.002384,2025-12-15 20:06:53.901826
-0.1587,2025-04-02,2025-04-09,sz.002384,2025-12-15 20:06:53.901826
-1.203,2025-04-03,2025-04-10,sz.002384,2025-12-15 20:06:53.901826
0.0701,2025-04-07,2025-04-14,sz.002384,2025-12-15 20:06:53.901826
0.03305,2025-04-08,2025-04-15,sz.002384,2025-12-15 20:06:53.901826
0.08014,2025-04-09,2025-04-16,sz.002384,2025-12-15 20:06:53.901826
-1.186,2025-04-10,2025-04-17,sz.002384,2025-12-15 20:06:53.901826
0.0004334,2025-04-11,2025-04-18,sz.002384,2025-12-15 20:06:53.901826
-0.867,2025-04-14,2025-04-21,sz.002384,2025-12-15 20:06:53.901826
-0.3848,2025-04-15,2025-04-22,sz.002384,2025-12-15 20:06:53.901826
-0.8457,2025-04-16,2025-04-23,sz.002384,2025-12-15 20:06:53.901826
-0.2942,2025-04-17,2025-04-24,sz.002384,2025-12-15 20:06:53.901826
0.01201,2025-04-18,2025-04-25,sz.002384,2025-12-15 20:06:53.901826
-0.11444,2025-04-21,2025-04-28,sz.002384,2025-12-15 20:06:53.901826
-0.3672,2025-04-22,2025-04-29,sz.002384,2025-12-15 20:06:53.901826
-0.3445,2025-04-23,2025-04-30,sz.002384,2025-12-15 20:06:53.901826
-0.2517,2025-04-24,2025-05-01,sz.002384,2025-12-15 20:06:53.901826
-0.03848,2025-04-25,2025-05-02,sz.002384,2025-12-15 20:06:53.901826
-0.1066,2025-04-28,2025-05-05,sz.002384,2025-12-15 20:06:53.901826
-0.1698,2025-04-29,2025-05-06,sz.002384,2025-12-15 20:06:53.901826
-0.0002496,2025-04-30,2025-05-07,sz.002384,2025-12-15 20:06:53.901826
0.1221,2025-05-06,2025-05-13,sz.002384,2025-12-15 20:06:53.901826
-0.808,2025-05-07,2025-05-14,sz.002384,2025-12-15 20:06:53.901826
0.005344,2025-05-08,2025-05-15,sz.002384,2025-12-15 20:06:53.901826
-0.5254,2025-05-09,2025-05-16,sz.002384,2025-12-15 20:06:53.901826
-0.1289,2025-05-12,2025-05-19,sz.002384,2025-12-15 20:06:53.901826
-0.566,2025-05-13,2025-05-20,sz.002384,2025-12-15 20:06:53.901826
-0.4016,2025-05-14,2025-05-21,sz.002384,2025-12-15 20:06:53.901826
-0.4133,2025-05-15,2025-05-22,sz.002384,2025-12-15 20:06:53.901826
-0.08936,2025-05-16,2025-05-23,sz.002384,2025-12-15 20:06:53.901826
-0.1876,2025-05-19,2025-05-26,sz.002384,2025-12-15 20:06:53.901826
-0.0439,2025-05-20,2025-05-27,sz.002384,2025-12-15 20:06:53.901826
-0.0391,2025-05-21,2025-05-28,sz.002384,2025-12-15 20:06:53.901826
-0.3538,2025-05-22,2025-05-29,sz.002384,2025-12-15 20:06:53.901826
-0.4583,2025-05-23,2025-05-30,sz.002384,2025-12-15 20:06:53.901826
-0.03265,2025-05-26,2025-06-02,sz.002384,2025-12-15 20:06:53.901826
-0.0986,2025-05-27,2025-06-03,sz.002384,2025-12-15 20:06:53.901826
-0.3323,2025-05-28,2025-06-04,sz.002384,2025-12-15 20:06:53.901826
-0.0179,2025-05-29,2025-06-05,sz.002384,2025-12-15 20:06:53.901826
-0.3184,2025-05-30,2025-06-06,sz.002384,2025-12-15 20:06:53.901826
-0.01173,2025-06-03,2025-06-10,sz.002384,2025-12-15 20:06:53.901826
0.05502,2025-06-04,2025-06-11,sz.002384,2025-12-15 20:06:53.901826
-0.1421,2025-06-05,2025-06-12,sz.002384,2025-12-15 20:06:53.901826
-0.04178,2025-06-06,2025-06-13,sz.002384,2025-12-15 20:06:53.901826
-0.09357,2025-06-09,2025-06-16,sz.002384,2025-12-15 20:06:53.901826
-0.407,2025-06-10,2025-06-17,sz.002384,2025-12-15 20:06:53.901826
-0.2532,2025-06-11,2025-06-18,sz.002384,2025-12-15 20:06:53.901826
-0.0347,2025-06-12,2025-06-19,sz.002384,2025-12-15 20:06:53.901826
-0.4614,2025-06-13,2025-06-20,sz.002384,2025-12-15 20:06:53.901826
0.2009,2025-06-16,2025-06-23,sz.002384,2025-12-15 20:06:53.901826
-0.2294,2025-06-17,2025-06-24,sz.002384,2025-12-15 20:06:53.901826
-0.0362,2025-06-18,2025-06-25,sz.002384,2025-12-15 20:06:53.901826
-0.3943,2025-06-19,2025-06-26,sz.002384,2025-12-15 20:06:53.901826
-0.4746,2025-06-20,2025-06-27,sz.002384,2025-12-15 20:06:53.901826
-0.09894,2025-06-23,2025-06-30,sz.002384,2025-12-15 20:06:53.901826
-0.4526,2025-06-24,2025-07-01,sz.002384,2025-12-15 20:06:53.901826
-0.4,2025-06-25,2025-07-02,sz.002384,2025-12-15 20:06:53.901826
-0.3433,2025-06-26,2025-07-03,sz.002384,2025-12-15 20:06:53.901826
-0.4019,2025-06-27,2025-07-04,sz.002384,2025-12-15 20:06:53.901826
-0.1666,2025-06-30,2025-07-07,sz.002384,2025-12-15 20:06:53.901826
0.1368,2025-07-01,2025-07-08,sz.002384,2025-12-15 20:06:53.901826
-0.5156,2025-07-02,2025-07-09,sz.002384,2025-12-15 20:06:53.901826
-0.1744,2025-07-03,2025-07-10,sz.002384,2025-12-15 20:06:53.901826
-0.9053,2025-07-04,2025-07-11,sz.002384,2025-12-15 20:06:53.901826
-0.7007,2025-07-07,2025-07-14,sz.002384,2025-12-15 20:06:53.901826
-0.1208,2025-07-08,2025-07-15,sz.002384,2025-12-15 20:06:53.901826
-0.2382,2025-07-09,2025-07-16,sz.002384,2025-12-15 20:06:53.901826
-0.5103,2025-07-10,2025-07-17,sz.002384,2025-12-15 20:06:53.901826
-0.7744,2025-07-11,2025-07-18,sz.002384,2025-12-15 20:06:53.901826
-0.233,2025-07-14,2025-07-21,sz.002384,2025-12-15 20:06:53.901826
-0.10034,2025-07-15,2025-07-22,sz.002384,2025-12-15 20:06:53.901826
-0.576,2025-07-16,2025-07-23,sz.002384,2025-12-15 20:06:53.901826
-0.1589,2025-07-17,2025-07-24,sz.002384,2025-12-15 20:06:53.901826
-1.157,2025-07-18,2025-07-25,sz.002384,2025-12-15 20:06:53.901826
-0.4712,2025-07-21,2025-07-28,sz.002384,2025-12-15 20:06:53.901826
-0.871,2025-07-22,2025-07-29,sz.002384,2025-12-15 20:06:53.901826
-0.3184,2025-07-23,2025-07-30,sz.002384,2025-12-15 20:06:53.901826
-0.678,2025-07-24,2025-07-31,sz.002384,2025-12-15 20:06:53.901826
-0.4849,2025-07-25,2025-08-01,sz.002384,2025-12-15 20:06:53.901826
-0.661,2025-07-28,2025-08-04,sz.002384,2025-12-15 20:06:53.901826
-0.2068,2025-07-29,2025-08-05,sz.002384,2025-12-15 20:06:53.901826
-0.698,2025-07-30,2025-08-06,sz.002384,2025-12-15 20:06:53.901826
-0.765,2025-07-31,2025-08-07,sz.002384,2025-12-15 20:06:53.901826
-0.8896,2025-08-01,2025-08-08,sz.002384,2025-12-15 20:06:53.901826
-0.4587,2025-08-04,2025-08-11,sz.002384,2025-12-15 20:06:53.901826
-0.76,2025-08-05,2025-08-12,sz.002384,2025-12-15 20:06:53.901826
-0.5127,2025-08-06,2025-08-13,sz.002384,2025-12-15 20:06:53.901826
-0.6006,2025-08-07,2025-08-14,sz.002384,2025-12-15 20:06:53.901826
-0.3127,2025-08-08,2025-08-15,sz.002384,2025-12-15 20:06:53.901826
-0.339,2025-08-11,2025-08-18,sz.002384,2025-12-15 20:06:53.901826
-0.422,2025-08-12,2025-08-19,sz.002384,2025-12-15 20:06:53.901826
-0.3875,2025-08-13,2025-08-20,sz.002384,2025-12-15 20:06:53.901826
-1.114,2025-08-14,2025-08-21,sz.002384,2025-12-15 20:06:53.901826
-0.8228,2025-08-15,2025-08-22,sz.002384,2025-12-15 20:06:53.901826
-0.435,2025-08-18,2025-08-25,sz.002384,2025-12-15 20:06:53.901826
-0.7324,2025-08-19,2025-08-26,sz.002384,2025-12-15 20:06:53.901826
-0.2708,2025-08-20,2025-08-27,sz.002384,2025-12-15 20:06:53.901826
-0.5527,2025-08-21,2025-08-28,sz.002384,2025-12-15 20:06:53.901826
-0.2025,2025-08-22,2025-08-29,sz.002384,2025-12-15 20:06:53.901826
-0.3762,2025-08-25,2025-09-01,sz.002384,2025-12-15 20:06:53.901826
-0.708,2025-08-26,2025-09-02,sz.002384,2025-12-15 20:06:53.901826
-0.576,2025-08-27,2025-09-03,sz.002384,2025-12-15 20:06:53.901826
-0.1409,2025-08-28,2025-09-04,sz.002384,2025-12-15 20:06:53.901826
-0.453,2025-08-29,2025-09-05,sz.002384,2025-12-15 20:06:53.901826
-0.7217,2025-09-01,2025-09-08,sz.002384,2025-12-15 20:06:53.901826
-1.532,2025-09-02,2025-09-09,sz.002384,2025-12-15 20:06:53.901826
-0.71,2025-09-03,2025-09-10,sz.002384,2025-12-15 20:06:53.901826
-1.519,2025-09-04,2025-09-11,sz.002384,2025-12-15 20:06:53.901826
-0.3076,2025-09-05,2025-09-12,sz.002384,2025-12-15 20:06:53.901826
-0.907,2025-09-08,2025-09-15,sz.002384,2025-12-15 20:06:53.901826
-0.7837,2025-09-09,2025-09-16,sz.002384,2025-12-15 20:06:53.901826
-0.4375,2025-09-10,2025-09-17,sz.002384,2025-12-15 20:06:53.901826
-0.5176,2025-09-11,2025-09-18,sz.002384,2025-12-15 20:06:53.901826
-0.9995,2025-09-12,2025-09-19,sz.002384,2025-12-15 20:06:53.901826
-0.8,2025-09-15,2025-09-22,sz.002384,2025-12-15 20:06:53.901826
-0.771,2025-09-16,2025-09-23,sz.002384,2025-12-15 20:06:53.901826
-0.9805,2025-09-17,2025-09-24,sz.002384,2025-12-15 20:06:53.901826
-0.906,2025-09-18,2025-09-25,sz.002384,2025-12-15 20:06:53.901826
-0.8994,2025-09-19,2025-09-26,sz.002384,2025-12-15 20:06:53.901826
-0.6826,2025-09-22,2025-09-29,sz.002384,2025-12-15 20:06:53.901826
-1.455,2025-09-23,2025-09-30,sz.002384,2025-12-15 20:06:53.901826
-0.6587,2025-09-24,2025-10-01,sz.002384,2025-12-15 20:06:53.901826
-0.7285,2025-09-25,2025-10-02,sz.002384,2025-12-15 20:06:53.901826
-1.145,2025-09-26,2025-10-03,sz.002384,2025-12-15 20:06:53.901826
-0.4133,2025-09-29,2025-10-06,sz.002384,2025-12-15 20:06:53.901826
-0.732,2025-09-30,2025-10-07,sz.002384,2025-12-15 20:06:53.901826
-0.835,2025-10-09,2025-10-16,sz.002384,2025-12-15 20:06:53.901826
-0.753,2025-10-10,2025-10-17,sz.002384,2025-12-15 20:06:53.901826
-0.4229,2025-10-13,2025-10-20,sz.002384,2025-12-15 20:06:53.901826
-1.369,2025-10-14,2025-10-21,sz.002384,2025-12-15 20:06:53.901826
-0.3594,2025-10-15,2025-10-22,sz.002384,2025-12-15 20:06:53.901826
-0.502,2025-10-16,2025-10-23,sz.002384,2025-12-15 20:06:53.901826
-1.001,2025-10-17,2025-10-24,sz.002384,2025-12-15 20:06:53.901826
-0.4841,2025-10-20,2025-10-27,sz.002384,2025-12-15 20:06:53.901826
-0.4011,2025-10-21,2025-10-28,sz.002384,2025-12-15 20:06:53.901826
-0.5786,2025-10-22,2025-10-29,sz.002384,2025-12-15 20:06:53.901826
-0.7056,2025-10-23,2025-10-30,sz.002384,2025-12-15 20:06:53.901826
-0.498,2025-10-24,2025-10-31,sz.002384,2025-12-15 20:06:53.901826
-0.5566,2025-10-27,2025-11-03,sz.002384,2025-12-15 20:06:53.901826
-0.6855,2025-10-28,2025-11-04,sz.002384,2025-12-15 20:06:53.901826
-0.92,2025-10-29,2025-11-05,sz.002384,2025-12-15 20:06:53.901826
-0.694,2025-10-30,2025-11-06,sz.002384,2025-12-15 20:06:53.901826
-0.961,2025-10-31,2025-11-07,sz.002384,2025-12-15 20:06:53.901826
-0.529,2025-11-03,2025-11-10,sz.002384,2025-12-15 20:06:53.901826
-0.6562,2025-11-04,2025-11-11,sz.002384,2025-12-15 20:06:53.901826
-0.3782,2025-11-05,2025-11-12,sz.002384,2025-12-15 20:06:53.901826
-0.3577,2025-11-06,2025-11-13,sz.002384,2025-12-15 20:06:53.901826
-0.7935,2025-11-07,2025-11-14,sz.002384,2025-12-15 20:06:53.901826
-0.6943,2025-11-10,2025-11-17,sz.002384,2025-12-15 20:06:53.901826
-0.877,2025-11-11,2025-11-18,sz.002384,2025-12-15 20:06:53.901826
-0.5835,2025-11-12,2025-11-19,sz.002384,2025-12-15 20:06:53.901826
-0.85,2025-11-13,2025-11-20,sz.002384,2025-12-15 20:06:53.901826
-0.731,2025-11-14,2025-11-21,sz.002384,2025-12-15 20:06:53.901826
-0.511,2025-11-17,2025-11-24,sz.002384,2025-12-15 20:06:53.901826
-0.5767,2025-11-18,2025-11-25,sz.002384,2025-12-15 20:06:53.901826
-0.6455,2025-11-19,2025-11-26,sz.002384,2025-12-15 20:06:53.901826
-1.018,2025-11-20,2025-11-27,sz.002384,2025-12-15 20:06:53.901826
-1.029,2025-11-21,2025-11-28,sz.002384,2025-12-15 20:06:53.901826
-0.8066,2025-11-24,2025-12-01,sz.002384,2025-12-15 20:06:53.901826
-0.4006,2025-11-25,2025-12-02,sz.002384,2025-12-15 20:06:53.901826
-0.5024,2025-11-26,2025-12-03,sz.002384,2025-12-15 20:06:53.901826
-0.8086,2025-11-27,2025-12-04,sz.002384,2025-12-15 20:06:53.901826
-0.698,2025-11-28,2025-12-05,sz.002384,2025-12-15 20:06:53.901826
-0.624,2025-12-01,2025-12-08,sz.002384,2025-12-15 20:06:53.901826
-0.817,2025-12-02,2025-12-09,sz.002384,2025-12-15 20:06:53.901826
-0.6772,2025-12-03,2025-12-10,sz.002384,2025-12-15 20:06:53.901826
-1.097,2025-12-04,2025-12-11,sz.002384,2025-12-15 20:06:53.901826
-0.5576,2025-12-05,2025-12-12,sz.002384,2025-12-15 20:06:53.901826
-0.494,2025-12-08,2025-12-15,sz.002384,2025-12-15 20:06:53.901826
-0.638,2025-12-09,2025-12-16,sz.002384,2025-12-15 20:06:53.901826
-0.812,2025-12-10,2025-12-17,sz.002384,2025-12-15 20:06:53.901826
-0.766,2025-12-11,2025-12-18,sz.002384,2025-12-15 20:06:53.901826
-0.5757,2025-12-12,2025-12-19,sz.002384,2025-12-15 20:06:53.901826
-0.7866,2025-12-15,2025-12-22,sz.002384,2025-12-15 20:06:53.901826
-0.785,2025-12-15,2025-12-22,sz.002384,2025-12-15 20:06:53.901826
-0.07587,2025-12-15,2025-12-22,sz.002415,2025-12-15 20:06:53.901826
-0.07587,2025-12-15,2025-12-22,sz.002415,2025-12-15 20:06:53.901826
0.0756,2025-12-15,2025-12-22,sz.002422,2025-12-15 20:06:53.901826
0.0845,2025-12-15,2025-12-22,sz.002422,2025-12-15 20:06:53.901826
0.1302,2025-12-15,2025-12-22,sz.002459,2025-12-15 20:06:53.901826
0.09204,2025-12-15,2025-12-22,sz.002459,2025-12-15 20:06:53.901826
-0.2944,2025-12-15,2025-12-22,sz.002460,2025-12-15 20:06:53.901826
-0.2952,2025-12-15,2025-12-22,sz.002460,2025-12-15 20:06:53.901826
-0.4856,2025-12-15,2025-12-22,sz.002463,2025-12-15 20:06:53.901826
-0.4912,2025-12-15,2025-12-22,sz.002463,2025-12-15 20:06:53.901826
-0.5415,2025-12-15,2025-12-22,sz.002466,2025-12-15 20:06:53.901826
-0.5386,2025-12-15,2025-12-22,sz.002466,2025-12-15 20:06:53.901826
-0.2883,2025-12-15,2025-12-22,sz.002475,2025-12-15 20:06:53.901826
-0.2876,2025-12-15,2025-12-22,sz.002475,2025-12-15 20:06:53.901826
0.02586,2025-12-15,2025-12-22,sz.002493,2025-12-15 20:06:53.901826
0.0281,2025-12-15,2025-12-22,sz.002493,2025-12-15 20:06:53.901826
-0.0734,2025-12-15,2025-12-22,sz.002594,2025-12-15 20:06:53.901826
-0.0734,2025-12-15,2025-12-22,sz.002594,2025-12-15 20:06:53.901826
-0.2247,2025-12-15,2025-12-22,sz.002600,2025-12-15 20:06:53.901826
-0.2283,2025-12-15,2025-12-22,sz.002600,2025-12-15 20:06:53.901826
0.08,2025-12-15,2025-12-22,sz.002601,2025-12-15 20:06:53.901826
0.07996,2025-12-15,2025-12-22,sz.002601,2025-12-15 20:06:53.901826
-0.1211,2019-12-31,2020-01-07,sz.002625,2025-12-15 20:06:53.901826
-0.02391,2020-01-02,2020-01-09,sz.002625,2025-12-15 20:06:53.901826
-0.05878,2020-01-03,2020-01-10,sz.002625,2025-12-15 20:06:53.901826
-0.1096,2020-01-06,2020-01-13,sz.002625,2025-12-15 20:06:53.901826
-0.013,2020-01-07,2020-01-14,sz.002625,2025-12-15 20:06:53.901826
-0.11194,2020-01-08,2020-01-15,sz.002625,2025-12-15 20:06:53.901826
0.01117,2020-01-09,2020-01-16,sz.002625,2025-12-15 20:06:53.901826
-0.1799,2020-01-10,2020-01-17,sz.002625,2025-12-15 20:06:53.901826
-0.02402,2020-01-13,2020-01-20,sz.002625,2025-12-15 20:06:53.901826
-0.01486,2020-01-14,2020-01-21,sz.002625,2025-12-15 20:06:53.901826
-0.1824,2020-01-15,2020-01-22,sz.002625,2025-12-15 20:06:53.901826
-0.1692,2020-01-16,2020-01-23,sz.002625,2025-12-15 20:06:53.901826
-0.1604,2020-01-17,2020-01-24,sz.002625,2025-12-15 20:06:53.901826
-0.1165,2020-01-20,2020-01-27,sz.002625,2025-12-15 20:06:53.901826
-0.1671,2020-01-21,2020-01-28,sz.002625,2025-12-15 20:06:53.901826
-0.09393,2020-01-22,2020-01-29,sz.002625,2025-12-15 20:06:53.901826
-0.3523,2020-01-23,2020-01-30,sz.002625,2025-12-15 20:06:53.901826
0.01374,2020-02-03,2020-02-10,sz.002625,2025-12-15 20:06:53.901826
-0.05756,2020-02-04,2020-02-11,sz.002625,2025-12-15 20:06:53.901826
0.0304,2020-02-05,2020-02-12,sz.002625,2025-12-15 20:06:53.901826
-0.03433,2020-02-06,2020-02-13,sz.002625,2025-12-15 20:06:53.901826
-0.0982,2020-02-07,2020-02-14,sz.002625,2025-12-15 20:06:53.901826
-0.0666,2020-02-10,2020-02-17,sz.002625,2025-12-15 20:06:53.901826
-0.2335,2020-02-11,2020-02-18,sz.002625,2025-12-15 20:06:53.901826
0.01286,2020-02-12,2020-02-19,sz.002625,2025-12-15 20:06:53.901826
-0.192,2020-02-13,2020-02-20,sz.002625,2025-12-15 20:06:53.901826
-0.05963,2020-02-14,2020-02-21,sz.002625,2025-12-15 20:06:53.901826
-0.03616,2020-02-17,2020-02-24,sz.002625,2025-12-15 20:06:53.901826
-0.12317,2020-02-18,2020-02-25,sz.002625,2025-12-15 20:06:53.901826
-0.0986,2020-02-19,2020-02-26,sz.002625,2025-12-15 20:06:53.901826
-0.05737,2020-02-20,2020-02-27,sz.002625,2025-12-15 20:06:53.901826
-0.07684,2020-02-21,2020-02-28,sz.002625,2025-12-15 20:06:53.901826
-0.02612,2020-02-24,2020-03-02,sz.002625,2025-12-15 20:06:53.901826
0.01521,2020-02-25,2020-03-03,sz.002625,2025-12-15 20:06:53.901826
-0.3264,2020-02-26,2020-03-04,sz.002625,2025-12-15 20:06:53.901826
-0.2642,2020-02-27,2020-03-05,sz.002625,2025-12-15 20:06:53.901826
-0.4739,2020-02-28,2020-03-06,sz.002625,2025-12-15 20:06:53.901826
-0.02469,2020-03-02,2020-03-09,sz.002625,2025-12-15 20:06:53.901826
-0.2318,2020-03-03,2020-03-10,sz.002625,2025-12-15 20:06:53.901826
-0.0913,2020-03-04,2020-03-11,sz.002625,2025-12-15 20:06:53.901826
-0.11334,2020-03-05,2020-03-12,sz.002625,2025-12-15 20:06:53.901826
-0.003696,2020-03-06,2020-03-13,sz.002625,2025-12-15 20:06:53.901826
-0.3572,2020-03-09,2020-03-16,sz.002625,2025-12-15 20:06:53.901826
0.0752,2020-03-10,2020-03-17,sz.002625,2025-12-15 20:06:53.901826
-0.2393,2020-03-11,2020-03-18,sz.002625,2025-12-15 20:06:53.901826
-0.2131,2020-03-12,2020-03-19,sz.002625,2025-12-15 20:06:53.901826
0.005924,2020-03-13,2020-03-20,sz.002625,2025-12-15 20:06:53.901826
-0.3958,2020-03-16,2020-03-23,sz.002625,2025-12-15 20:06:53.901826
-0.3096,2020-03-17,2020-03-24,sz.002625,2025-12-15 20:06:53.901826
-0.2163,2020-03-18,2020-03-25,sz.002625,2025-12-15 20:06:53.901826
-0.00702,2020-03-19,2020-03-26,sz.002625,2025-12-15 20:06:53.901826
-0.0292,2020-03-20,2020-03-27,sz.002625,2025-12-15 20:06:53.901826
-0.1583,2020-03-23,2020-03-30,sz.002625,2025-12-15 20:06:53.901826
-0.0405,2020-03-24,2020-03-31,sz.002625,2025-12-15 20:06:53.901826
-0.1047,2020-03-25,2020-04-01,sz.002625,2025-12-15 20:06:53.901826
-0.1616,2020-03-26,2020-04-02,sz.002625,2025-12-15 20:06:53.901826
-0.1114,2020-03-27,2020-04-03,sz.002625,2025-12-15 20:06:53.901826
-0.1328,2020-03-30,2020-04-06,sz.002625,2025-12-15 20:06:53.901826
-0.1968,2020-03-31,2020-04-07,sz.002625,2025-12-15 20:06:53.901826
-0.04865,2020-04-01,2020-04-08,sz.002625,2025-12-15 20:06:53.901826
0.012405,2020-04-02,2020-04-09,sz.002625,2025-12-15 20:06:53.901826
-0.1166,2020-04-03,2020-04-10,sz.002625,2025-12-15 20:06:53.901826
-0.008,2020-04-07,2020-04-14,sz.002625,2025-12-15 20:06:53.901826
0.01237,2020-04-08,2020-04-15,sz.002625,2025-12-15 20:06:53.901826
-0.003435,2020-04-09,2020-04-16,sz.002625,2025-12-15 20:06:53.901826
-0.2045,2020-04-10,2020-04-17,sz.002625,2025-12-15 20:06:53.901826
-0.01361,2020-04-13,2020-04-20,sz.002625,2025-12-15 20:06:53.901826
0.01747,2020-04-14,2020-04-21,sz.002625,2025-12-15 20:06:53.901826
-0.132,2020-04-15,2020-04-22,sz.002625,2025-12-15 20:06:53.901826
-0.010796,2020-04-16,2020-04-23,sz.002625,2025-12-15 20:06:53.901826
-0.0522,2020-04-17,2020-04-24,sz.002625,2025-12-15 20:06:53.901826
-0.05292,2020-04-20,2020-04-27,sz.002625,2025-12-15 20:06:53.901826
-0.0727,2020-04-21,2020-04-28,sz.002625,2025-12-15 20:06:53.901826
-0.01533,2020-04-22,2020-04-29,sz.002625,2025-12-15 20:06:53.901826
-0.1229,2020-04-23,2020-04-30,sz.002625,2025-12-15 20:06:53.901826
-0.0005193,2020-04-24,2020-05-01,sz.002625,2025-12-15 20:06:53.901826
-0.05557,2020-04-27,2020-05-04,sz.002625,2025-12-15 20:06:53.901826
-0.3076,2020-04-28,2020-05-05,sz.002625,2025-12-15 20:06:53.901826
-0.06158,2020-04-29,2020-05-06,sz.002625,2025-12-15 20:06:53.901826
-0.03726,2020-04-30,2020-05-07,sz.002625,2025-12-15 20:06:53.901826
0.05862,2020-05-06,2020-05-13,sz.002625,2025-12-15 20:06:53.901826
-0.1147,2020-05-07,2020-05-14,sz.002625,2025-12-15 20:06:53.901826
0.04443,2020-05-08,2020-05-15,sz.002625,2025-12-15 20:06:53.901826
0.1123,2020-05-11,2020-05-18,sz.002625,2025-12-15 20:06:53.901826
0.02377,2020-05-12,2020-05-19,sz.002625,2025-12-15 20:06:53.901826
-0.03967,2020-05-13,2020-05-20,sz.002625,2025-12-15 20:06:53.901826
-0.11,2020-05-14,2020-05-21,sz.002625,2025-12-15 20:06:53.901826
-0.01506,2020-05-15,2020-05-22,sz.002625,2025-12-15 20:06:53.901826
-0.237,2020-05-18,2020-05-25,sz.002625,2025-12-15 20:06:53.901826
-0.12286,2020-05-19,2020-05-26,sz.002625,2025-12-15 20:06:53.901826
0.010414,2020-05-20,2020-05-27,sz.002625,2025-12-15 20:06:53.901826
-0.2107,2020-05-21,2020-05-28,sz.002625,2025-12-15 20:06:53.901826
-0.216,2020-05-22,2020-05-29,sz.002625,2025-12-15 20:06:53.901826
-0.00761,2020-05-25,2020-06-01,sz.002625,2025-12-15 20:06:53.901826
-0.2727,2020-05-26,2020-06-02,sz.002625,2025-12-15 20:06:53.901826
-0.198,2020-05-27,2020-06-03,sz.002625,2025-12-15 20:06:53.901826
0.008705,2020-05-28,2020-06-04,sz.002625,2025-12-15 20:06:53.901826
0.000704,2020-05-29,2020-06-05,sz.002625,2025-12-15 20:06:53.901826
0.0522,2020-06-01,2020-06-08,sz.002625,2025-12-15 20:06:53.901826
0.01903,2020-06-02,2020-06-09,sz.002625,2025-12-15 20:06:53.901826
0.01588,2020-06-03,2020-06-10,sz.002625,2025-12-15 20:06:53.901826
0.004692,2020-06-04,2020-06-11,sz.002625,2025-12-15 20:06:53.901826
-0.0498,2020-06-05,2020-06-12,sz.002625,2025-12-15 20:06:53.901826
-0.01985,2020-06-08,2020-06-15,sz.002625,2025-12-15 20:06:53.901826
0.00299,2020-06-09,2020-06-16,sz.002625,2025-12-15 20:06:53.901826
0.0116,2020-06-10,2020-06-17,sz.002625,2025-12-15 20:06:53.901826
-0.03302,2020-06-11,2020-06-18,sz.002625,2025-12-15 20:06:53.901826
0.0328,2020-06-12,2020-06-19,sz.002625,2025-12-15 20:06:53.901826
0.03857,2020-06-15,2020-06-22,sz.002625,2025-12-15 20:06:53.901826
0.10156,2020-06-16,2020-06-23,sz.002625,2025-12-15 20:06:53.901826
0.0443,2020-06-17,2020-06-24,sz.002625,2025-12-15 20:06:53.901826
0.0541,2020-06-18,2020-06-25,sz.002625,2025-12-15 20:06:53.901826
-0.0208,2020-06-19,2020-06-26,sz.002625,2025-12-15 20:06:53.901826
0.01927,2020-06-22,2020-06-29,sz.002625,2025-12-15 20:06:53.901826
-0.04248,2020-06-23,2020-06-30,sz.002625,2025-12-15 20:06:53.901826
-0.0079,2020-06-24,2020-07-01,sz.002625,2025-12-15 20:06:53.901826
-0.00829,2020-06-29,2020-07-06,sz.002625,2025-12-15 20:06:53.901826
0.01979,2020-06-30,2020-07-07,sz.002625,2025-12-15 20:06:53.901826
-0.004524,2020-07-01,2020-07-08,sz.002625,2025-12-15 20:06:53.901826
0.0853,2020-07-02,2020-07-09,sz.002625,2025-12-15 20:06:53.901826
0.0929,2020-07-03,2020-07-10,sz.002625,2025-12-15 20:06:53.901826
0.11285,2020-07-06,2020-07-13,sz.002625,2025-12-15 20:06:53.901826
-0.01952,2020-07-07,2020-07-14,sz.002625,2025-12-15 20:06:53.901826
0.11487,2020-07-08,2020-07-15,sz.002625,2025-12-15 20:06:53.901826
0.0493,2020-07-09,2020-07-16,sz.002625,2025-12-15 20:06:53.901826
0.1824,2020-07-10,2020-07-17,sz.002625,2025-12-15 20:06:53.901826
-0.0549,2020-07-13,2020-07-20,sz.002625,2025-12-15 20:06:53.901826
-0.01817,2020-07-14,2020-07-21,sz.002625,2025-12-15 20:06:53.901826
-1.166,2020-07-15,2020-07-22,sz.002625,2025-12-15 20:06:53.901826
-0.3416,2020-07-16,2020-07-23,sz.002625,2025-12-15 20:06:53.901826
-0.0672,2020-07-17,2020-07-24,sz.002625,2025-12-15 20:06:53.901826
-0.04,2020-07-20,2020-07-27,sz.002625,2025-12-15 20:06:53.901826
0.1344,2020-07-21,2020-07-28,sz.002625,2025-12-15 20:06:53.901826
-0.1886,2020-07-22,2020-07-29,sz.002625,2025-12-15 20:06:53.901826
0.1467,2020-07-23,2020-07-30,sz.002625,2025-12-15 20:06:53.901826
-0.2444,2020-07-24,2020-07-31,sz.002625,2025-12-15 20:06:53.901826
0.2783,2020-07-27,2020-08-03,sz.002625,2025-12-15 20:06:53.901826
0.02826,2020-07-28,2020-08-04,sz.002625,2025-12-15 20:06:53.901826
-0.1237,2020-07-29,2020-08-05,sz.002625,2025-12-15 20:06:53.901826
-0.1517,2020-07-30,2020-08-06,sz.002625,2025-12-15 20:06:53.901826
-0.1956,2020-07-31,2020-08-07,sz.002625,2025-12-15 20:06:53.901826
-0.0184,2020-08-03,2020-08-10,sz.002625,2025-12-15 20:06:53.901826
-0.03986,2020-08-04,2020-08-11,sz.002625,2025-12-15 20:06:53.901826
-0.0777,2020-08-05,2020-08-12,sz.002625,2025-12-15 20:06:53.901826
-1.197,2020-08-06,2020-08-13,sz.002625,2025-12-15 20:06:53.901826
-0.1267,2020-08-07,2020-08-14,sz.002625,2025-12-15 20:06:53.901826
-0.558,2020-08-10,2020-08-17,sz.002625,2025-12-15 20:06:53.901826
-1.16,2020-08-11,2020-08-18,sz.002625,2025-12-15 20:06:53.901826
-0.624,2020-08-12,2020-08-19,sz.002625,2025-12-15 20:06:53.901826
-1.048,2020-08-13,2020-08-20,sz.002625,2025-12-15 20:06:53.901826
-0.5913,2020-08-14,2020-08-21,sz.002625,2025-12-15 20:06:53.901826
-0.2393,2020-08-17,2020-08-24,sz.002625,2025-12-15 20:06:53.901826
-0.1284,2020-08-18,2020-08-25,sz.002625,2025-12-15 20:06:53.901826
-1.118,2020-08-19,2020-08-26,sz.002625,2025-12-15 20:06:53.901826
-0.683,2020-08-20,2020-08-27,sz.002625,2025-12-15 20:06:53.901826
-0.2078,2020-08-21,2020-08-28,sz.002625,2025-12-15 20:06:53.901826
-0.3813,2020-08-24,2020-08-31,sz.002625,2025-12-15 20:06:53.901826
-0.84,2020-08-25,2020-09-01,sz.002625,2025-12-15 20:06:53.901826
-0.2866,2020-08-26,2020-09-02,sz.002625,2025-12-15 20:06:53.901826
-0.2502,2020-08-27,2020-09-03,sz.002625,2025-12-15 20:06:53.901826
-0.3982,2020-08-28,2020-09-04,sz.002625,2025-12-15 20:06:53.901826
-0.3008,2020-08-31,2020-09-07,sz.002625,2025-12-15 20:06:53.901826
-0.314,2020-09-01,2020-09-08,sz.002625,2025-12-15 20:06:53.901826
-0.8247,2020-09-02,2020-09-09,sz.002625,2025-12-15 20:06:53.901826
-0.353,2020-09-03,2020-09-10,sz.002625,2025-12-15 20:06:53.901826
-0.1564,2020-09-04,2020-09-11,sz.002625,2025-12-15 20:06:53.901826
-0.922,2020-09-07,2020-09-14,sz.002625,2025-12-15 20:06:53.901826
-0.53,2020-09-08,2020-09-15,sz.002625,2025-12-15 20:06:53.901826
-0.353,2020-09-09,2020-09-16,sz.002625,2025-12-15 20:06:53.901826
0.03482,2020-09-10,2020-09-17,sz.002625,2025-12-15 20:06:53.901826
-1.229,2020-09-11,2020-09-18,sz.002625,2025-12-15 20:06:53.901826
-0.2607,2020-09-14,2020-09-21,sz.002625,2025-12-15 20:06:53.901826
-0.1843,2020-09-15,2020-09-22,sz.002625,2025-12-15 20:06:53.901826
-0.2502,2020-09-16,2020-09-23,sz.002625,2025-12-15 20:06:53.901826
-0.3594,2020-09-17,2020-09-24,sz.002625,2025-12-15 20:06:53.901826
-0.02074,2020-09-18,2020-09-25,sz.002625,2025-12-15 20:06:53.901826
-0.02495,2020-09-21,2020-09-28,sz.002625,2025-12-15 20:06:53.901826
-0.5684,2020-09-22,2020-09-29,sz.002625,2025-12-15 20:06:53.901826
0.0461,2020-09-23,2020-09-30,sz.002625,2025-12-15 20:06:53.901826
-0.304,2020-09-24,2020-10-01,sz.002625,2025-12-15 20:06:53.901826
-0.125,2020-09-25,2020-10-02,sz.002625,2025-12-15 20:06:53.901826
-0.3923,2020-09-28,2020-10-05,sz.002625,2025-12-15 20:06:53.901826
-0.2593,2020-09-29,2020-10-06,sz.002625,2025-12-15 20:06:53.901826
-0.7397,2020-09-30,2020-10-07,sz.002625,2025-12-15 20:06:53.901826
-0.3303,2020-10-09,2020-10-16,sz.002625,2025-12-15 20:06:53.901826
-0.2717,2020-10-12,2020-10-19,sz.002625,2025-12-15 20:06:53.901826
-0.1932,2020-10-13,2020-10-20,sz.002625,2025-12-15 20:06:53.901826
-0.7983,2020-10-14,2020-10-21,sz.002625,2025-12-15 20:06:53.901826
-0.2125,2020-10-15,2020-10-22,sz.002625,2025-12-15 20:06:53.901826
-0.112,2020-10-16,2020-10-23,sz.002625,2025-12-15 20:06:53.901826
-0.4219,2020-10-19,2020-10-26,sz.002625,2025-12-15 20:06:53.901826
-0.1226,2020-10-20,2020-10-27,sz.002625,2025-12-15 20:06:53.901826
-0.803,2020-10-21,2020-10-28,sz.002625,2025-12-15 20:06:53.901826
-0.2202,2020-10-22,2020-10-29,sz.002625,2025-12-15 20:06:53.901826
-0.3193,2020-10-23,2020-10-30,sz.002625,2025-12-15 20:06:53.901826
-0.2744,2020-10-26,2020-11-02,sz.002625,2025-12-15 20:06:53.901826
0.0001332,2020-10-27,2020-11-03,sz.002625,2025-12-15 20:06:53.901826
-0.1414,2020-10-28,2020-11-04,sz.002625,2025-12-15 20:06:53.901826
-0.01653,2020-10-29,2020-11-05,sz.002625,2025-12-15 20:06:53.901826
-1.382,2020-10-30,2020-11-06,sz.002625,2025-12-15 20:06:53.901826
-0.1288,2020-11-02,2020-11-09,sz.002625,2025-12-15 20:06:53.901826
-0.075,2020-11-03,2020-11-10,sz.002625,2025-12-15 20:06:53.901826
-0.1597,2020-11-04,2020-11-11,sz.002625,2025-12-15 20:06:53.901826
-0.2238,2020-11-05,2020-11-12,sz.002625,2025-12-15 20:06:53.901826
-0.4902,2020-11-06,2020-11-13,sz.002625,2025-12-15 20:06:53.901826
-0.1954,2020-11-09,2020-11-16,sz.002625,2025-12-15 20:06:53.901826
-0.3318,2020-11-10,2020-11-17,sz.002625,2025-12-15 20:06:53.901826
-0.663,2020-11-11,2020-11-18,sz.002625,2025-12-15 20:06:53.901826
-0.2303,2020-11-12,2020-11-19,sz.002625,2025-12-15 20:06:53.901826
-0.2286,2020-11-13,2020-11-20,sz.002625,2025-12-15 20:06:53.901826
-0.1393,2020-11-16,2020-11-23,sz.002625,2025-12-15 20:06:53.901826
-0.5176,2020-11-17,2020-11-24,sz.002625,2025-12-15 20:06:53.901826
0.02429,2020-11-18,2020-11-25,sz.002625,2025-12-15 20:06:53.901826
-0.1489,2020-11-19,2020-11-26,sz.002625,2025-12-15 20:06:53.901826
-0.1979,2020-11-20,2020-11-27,sz.002625,2025-12-15 20:06:53.901826
-0.378,2020-11-23,2020-11-30,sz.002625,2025-12-15 20:06:53.901826
-0.135,2020-11-24,2020-12-01,sz.002625,2025-12-15 20:06:53.901826
-0.4512,2020-11-25,2020-12-02,sz.002625,2025-12-15 20:06:53.901826
-0.2452,2020-11-26,2020-12-03,sz.002625,2025-12-15 20:06:53.901826
-0.38,2020-11-27,2020-12-04,sz.002625,2025-12-15 20:06:53.901826
-0.0774,2020-11-30,2020-12-07,sz.002625,2025-12-15 20:06:53.901826
-0.1581,2020-12-01,2020-12-08,sz.002625,2025-12-15 20:06:53.901826
-0.2465,2020-12-02,2020-12-09,sz.002625,2025-12-15 20:06:53.901826
-0.10596,2020-12-03,2020-12-10,sz.002625,2025-12-15 20:06:53.901826
-0.0487,2020-12-04,2020-12-11,sz.002625,2025-12-15 20:06:53.901826
-0.298,2020-12-07,2020-12-14,sz.002625,2025-12-15 20:06:53.901826
-0.1498,2020-12-08,2020-12-15,sz.002625,2025-12-15 20:06:53.901826
-0.2673,2020-12-09,2020-12-16,sz.002625,2025-12-15 20:06:53.901826
-0.3914,2020-12-10,2020-12-17,sz.002625,2025-12-15 20:06:53.901826
-0.07983,2020-12-11,2020-12-18,sz.002625,2025-12-15 20:06:53.901826
-0.1588,2020-12-14,2020-12-21,sz.002625,2025-12-15 20:06:53.901826
-0.1649,2020-12-15,2020-12-22,sz.002625,2025-12-15 20:06:53.901826
-0.334,2020-12-16,2020-12-23,sz.002625,2025-12-15 20:06:53.901826
-0.2935,2020-12-17,2020-12-24,sz.002625,2025-12-15 20:06:53.901826
-0.04877,2020-12-18,2020-12-25,sz.002625,2025-12-15 20:06:53.901826
-0.19,2020-12-21,2020-12-28,sz.002625,2025-12-15 20:06:53.901826
-0.273,2020-12-22,2020-12-29,sz.002625,2025-12-15 20:06:53.901826
-0.03065,2020-12-23,2020-12-30,sz.002625,2025-12-15 20:06:53.901826
-0.323,2020-12-24,2020-12-31,sz.002625,2025-12-15 20:06:53.901826
-0.1164,2020-12-25,2021-01-01,sz.002625,2025-12-15 20:06:53.901826
-0.234,2020-12-28,2021-01-04,sz.002625,2025-12-15 20:06:53.901826
-0.173,2020-12-29,2021-01-05,sz.002625,2025-12-15 20:06:53.901826
-0.324,2020-12-30,2021-01-06,sz.002625,2025-12-15 20:06:53.901826
0.06714,2020-12-31,2021-01-07,sz.002625,2025-12-15 20:06:53.901826
-0.0707,2021-01-04,2021-01-11,sz.002625,2025-12-15 20:06:53.901826
-1.147,2021-01-05,2021-01-12,sz.002625,2025-12-15 20:06:53.901826
0.0954,2021-01-06,2021-01-13,sz.002625,2025-12-15 20:06:53.901826
-0.645,2021-01-07,2021-01-14,sz.002625,2025-12-15 20:06:53.901826
-0.6978,2021-01-08,2021-01-15,sz.002625,2025-12-15 20:06:53.901826
-1.038,2021-01-11,2021-01-18,sz.002625,2025-12-15 20:06:53.901826
-0.2683,2021-01-12,2021-01-19,sz.002625,2025-12-15 20:06:53.901826
-0.2983,2021-01-13,2021-01-20,sz.002625,2025-12-15 20:06:53.901826
-0.9126,2021-01-14,2021-01-21,sz.002625,2025-12-15 20:06:53.901826
-0.03326,2021-01-15,2021-01-22,sz.002625,2025-12-15 20:06:53.901826
-0.81,2021-01-18,2021-01-25,sz.002625,2025-12-15 20:06:53.901826
-0.917,2021-01-19,2021-01-26,sz.002625,2025-12-15 20:06:53.901826
-0.1343,2021-01-20,2021-01-27,sz.002625,2025-12-15 20:06:53.901826
-0.2324,2021-01-21,2021-01-28,sz.002625,2025-12-15 20:06:53.901826
-0.4897,2021-01-22,2021-01-29,sz.002625,2025-12-15 20:06:53.901826
-0.4539,2021-01-25,2021-02-01,sz.002625,2025-12-15 20:06:53.901826
-0.4182,2021-01-26,2021-02-02,sz.002625,2025-12-15 20:06:53.901826
-0.2382,2021-01-27,2021-02-03,sz.002625,2025-12-15 20:06:53.901826
-0.4214,2021-01-28,2021-02-04,sz.002625,2025-12-15 20:06:53.901826
-0.3174,2021-01-29,2021-02-05,sz.002625,2025-12-15 20:06:53.901826
-0.5605,2021-02-01,2021-02-08,sz.002625,2025-12-15 20:06:53.901826
0.05936,2021-02-02,2021-02-09,sz.002625,2025-12-15 20:06:53.901826
-0.8276,2021-02-03,2021-02-10,sz.002625,2025-12-15 20:06:53.901826
-0.3972,2021-02-04,2021-02-11,sz.002625,2025-12-15 20:06:53.901826
-0.4253,2021-02-05,2021-02-12,sz.002625,2025-12-15 20:06:53.901826
-0.506,2021-02-08,2021-02-15,sz.002625,2025-12-15 20:06:53.901826
-0.4116,2021-02-09,2021-02-16,sz.002625,2025-12-15 20:06:53.901826
-0.3623,2021-02-10,2021-02-17,sz.002625,2025-12-15 20:06:53.901826
-0.2393,2021-02-18,2021-02-25,sz.002625,2025-12-15 20:06:53.901826
-0.465,2021-02-19,2021-02-26,sz.002625,2025-12-15 20:06:53.901826
-0.696,2021-02-22,2021-03-01,sz.002625,2025-12-15 20:06:53.901826
-0.2045,2021-02-23,2021-03-02,sz.002625,2025-12-15 20:06:53.901826
-0.235,2021-02-24,2021-03-03,sz.002625,2025-12-15 20:06:53.901826
-0.4424,2021-02-25,2021-03-04,sz.002625,2025-12-15 20:06:53.901826
-0.5654,2021-02-26,2021-03-05,sz.002625,2025-12-15 20:06:53.901826
-0.0934,2021-03-01,2021-03-08,sz.002625,2025-12-15 20:06:53.901826
-0.086,2021-03-02,2021-03-09,sz.002625,2025-12-15 20:06:53.901826
-0.496,2021-03-03,2021-03-10,sz.002625,2025-12-15 20:06:53.901826
-0.1831,2021-03-04,2021-03-11,sz.002625,2025-12-15 20:06:53.901826
-0.0806,2021-03-05,2021-03-12,sz.002625,2025-12-15 20:06:53.901826
-0.9434,2021-03-08,2021-03-15,sz.002625,2025-12-15 20:06:53.901826
-0.3044,2021-03-09,2021-03-16,sz.002625,2025-12-15 20:06:53.901826
-0.2573,2021-03-10,2021-03-17,sz.002625,2025-12-15 20:06:53.901826
-0.1427,2021-03-11,2021-03-18,sz.002625,2025-12-15 20:06:53.901826
-0.2817,2021-03-12,2021-03-19,sz.002625,2025-12-15 20:06:53.901826
-0.1404,2021-03-15,2021-03-22,sz.002625,2025-12-15 20:06:53.901826
-0.0798,2021-03-16,2021-03-23,sz.002625,2025-12-15 20:06:53.901826
-0.1617,2021-03-17,2021-03-24,sz.002625,2025-12-15 20:06:53.901826
-0.0839,2021-03-18,2021-03-25,sz.002625,2025-12-15 20:06:53.901826
-0.405,2021-03-19,2021-03-26,sz.002625,2025-12-15 20:06:53.901826
-0.1533,2021-03-22,2021-03-29,sz.002625,2025-12-15 20:06:53.901826
-0.57,2021-03-23,2021-03-30,sz.002625,2025-12-15 20:06:53.901826
-0.4153,2021-03-24,2021-03-31,sz.002625,2025-12-15 20:06:53.901826
-0.2325,2021-03-25,2021-04-01,sz.002625,2025-12-15 20:06:53.901826
-0.2798,2021-03-26,2021-04-02,sz.002625,2025-12-15 20:06:53.901826
-0.11835,2021-03-29,2021-04-05,sz.002625,2025-12-15 20:06:53.901826
-0.2484,2021-03-30,2021-04-06,sz.002625,2025-12-15 20:06:53.901826
-0.415,2021-03-31,2021-04-07,sz.002625,2025-12-15 20:06:53.901826
-0.0829,2021-04-01,2021-04-08,sz.002625,2025-12-15 20:06:53.901826
-0.0709,2021-04-02,2021-04-09,sz.002625,2025-12-15 20:06:53.901826
-0.0956,2021-04-06,2021-04-13,sz.002625,2025-12-15 20:06:53.901826
-0.227,2021-04-07,2021-04-14,sz.002625,2025-12-15 20:06:53.901826
-0.1223,2021-04-08,2021-04-15,sz.002625,2025-12-15 20:06:53.901826
-0.073,2021-04-09,2021-04-16,sz.002625,2025-12-15 20:06:53.901826
-0.584,2021-04-12,2021-04-19,sz.002625,2025-12-15 20:06:53.901826
-0.0635,2021-04-13,2021-04-20,sz.002625,2025-12-15 20:06:53.901826
-0.00296,2021-04-14,2021-04-21,sz.002625,2025-12-15 20:06:53.901826
-0.0774,2021-04-15,2021-04-22,sz.002625,2025-12-15 20:06:53.901826
-0.06726,2021-04-16,2021-04-23,sz.002625,2025-12-15 20:06:53.901826
-0.1533,2021-04-19,2021-04-26,sz.002625,2025-12-15 20:06:53.901826
-0.1608,2021-04-20,2021-04-27,sz.002625,2025-12-15 20:06:53.901826
-0.253,2021-04-21,2021-04-28,sz.002625,2025-12-15 20:06:53.901826
-0.3,2021-04-22,2021-04-29,sz.002625,2025-12-15 20:06:53.901826
-0.0631,2021-04-23,2021-04-30,sz.002625,2025-12-15 20:06:53.901826
-0.4497,2021-04-26,2021-05-03,sz.002625,2025-12-15 20:06:53.901826
-0.352,2021-04-27,2021-05-04,sz.002625,2025-12-15 20:06:53.901826
-0.2783,2021-04-28,2021-05-05,sz.002625,2025-12-15 20:06:53.901826
-0.1714,2021-04-29,2021-05-06,sz.002625,2025-12-15 20:06:53.901826
-0.1704,2021-04-30,2021-05-07,sz.002625,2025-12-15 20:06:53.901826
-0.274,2021-05-06,2021-05-13,sz.002625,2025-12-15 20:06:53.901826
-0.4204,2021-05-07,2021-05-14,sz.002625,2025-12-15 20:06:53.901826
-0.10675,2021-05-10,2021-05-17,sz.002625,2025-12-15 20:06:53.901826
-0.113,2021-05-11,2021-05-18,sz.002625,2025-12-15 20:06:53.901826
-0.3167,2021-05-12,2021-05-19,sz.002625,2025-12-15 20:06:53.901826
-0.757,2021-05-13,2021-05-20,sz.002625,2025-12-15 20:06:53.901826
-0.188,2021-05-14,2021-05-21,sz.002625,2025-12-15 20:06:53.901826
-0.368,2021-05-17,2021-05-24,sz.002625,2025-12-15 20:06:53.901826
-0.0668,2021-05-18,2021-05-25,sz.002625,2025-12-15 20:06:53.901826
0.007236,2021-05-19,2021-05-26,sz.002625,2025-12-15 20:06:53.901826
-0.09875,2021-05-20,2021-05-27,sz.002625,2025-12-15 20:06:53.901826
-0.4656,2021-05-21,2021-05-28,sz.002625,2025-12-15 20:06:53.901826
-0.1677,2021-05-24,2021-05-31,sz.002625,2025-12-15 20:06:53.901826
-0.02385,2021-05-25,2021-06-01,sz.002625,2025-12-15 20:06:53.901826
-0.1787,2021-05-26,2021-06-02,sz.002625,2025-12-15 20:06:53.901826
-0.09375,2021-05-27,2021-06-03,sz.002625,2025-12-15 20:06:53.901826
-0.2698,2021-05-28,2021-06-04,sz.002625,2025-12-15 20:06:53.901826
0.0381,2021-05-31,2021-06-07,sz.002625,2025-12-15 20:06:53.901826
-0.344,2021-06-01,2021-06-08,sz.002625,2025-12-15 20:06:53.901826
-0.3923,2021-06-02,2021-06-09,sz.002625,2025-12-15 20:06:53.901826
-0.1438,2021-06-03,2021-06-10,sz.002625,2025-12-15 20:06:53.901826
-0.0584,2021-06-04,2021-06-11,sz.002625,2025-12-15 20:06:53.901826
-0.06177,2021-06-07,2021-06-14,sz.002625,2025-12-15 20:06:53.901826
-0.4492,2021-06-08,2021-06-15,sz.002625,2025-12-15 20:06:53.901826
0.1724,2021-06-09,2021-06-16,sz.002625,2025-12-15 20:06:53.901826
0.01585,2021-06-10,2021-06-17,sz.002625,2025-12-15 20:06:53.901826
-0.0673,2021-06-11,2021-06-18,sz.002625,2025-12-15 20:06:53.901826
-0.2773,2021-06-15,2021-06-22,sz.002625,2025-12-15 20:06:53.901826
-0.588,2021-06-16,2021-06-23,sz.002625,2025-12-15 20:06:53.901826
-0.142,2021-06-17,2021-06-24,sz.002625,2025-12-15 20:06:53.901826
-0.4934,2021-06-18,2021-06-25,sz.002625,2025-12-15 20:06:53.901826
-0.4304,2021-06-21,2021-06-28,sz.002625,2025-12-15 20:06:53.901826
-1.052,2021-06-22,2021-06-29,sz.002625,2025-12-15 20:06:53.901826
-0.4526,2021-06-23,2021-06-30,sz.002625,2025-12-15 20:06:53.901826
-0.408,2021-06-24,2021-07-01,sz.002625,2025-12-15 20:06:53.901826
-0.2344,2021-06-25,2021-07-02,sz.002625,2025-12-15 20:06:53.901826
-0.359,2021-06-28,2021-07-05,sz.002625,2025-12-15 20:06:53.901826
-0.6523,2021-06-29,2021-07-06,sz.002625,2025-12-15 20:06:53.901826
-0.1497,2021-06-30,2021-07-07,sz.002625,2025-12-15 20:06:53.901826
-0.7896,2021-07-01,2021-07-08,sz.002625,2025-12-15 20:06:53.901826
-0.02635,2021-07-02,2021-07-09,sz.002625,2025-12-15 20:06:53.901826
-0.2001,2021-07-05,2021-07-12,sz.002625,2025-12-15 20:06:53.901826
0.0922,2021-07-06,2021-07-13,sz.002625,2025-12-15 20:06:53.901826
-0.2266,2021-07-07,2021-07-14,sz.002625,2025-12-15 20:06:53.901826
-0.1482,2021-07-08,2021-07-15,sz.002625,2025-12-15 20:06:53.901826
-0.319,2021-07-09,2021-07-16,sz.002625,2025-12-15 20:06:53.901826
-0.08356,2021-07-12,2021-07-19,sz.002625,2025-12-15 20:06:53.901826
-0.2026,2021-07-13,2021-07-20,sz.002625,2025-12-15 20:06:53.901826
-0.4592,2021-07-14,2021-07-21,sz.002625,2025-12-15 20:06:53.901826
-0.317,2021-07-15,2021-07-22,sz.002625,2025-12-15 20:06:53.901826
-0.1597,2021-07-16,2021-07-23,sz.002625,2025-12-15 20:06:53.901826
-0.4817,2021-07-19,2021-07-26,sz.002625,2025-12-15 20:06:53.901826
-0.08215,2021-07-20,2021-07-27,sz.002625,2025-12-15 20:06:53.901826
-0.1958,2021-07-21,2021-07-28,sz.002625,2025-12-15 20:06:53.901826
-0.6694,2021-07-22,2021-07-29,sz.002625,2025-12-15 20:06:53.901826
-0.10205,2021-07-23,2021-07-30,sz.002625,2025-12-15 20:06:53.901826
-0.03137,2021-07-26,2021-08-02,sz.002625,2025-12-15 20:06:53.901826
-0.82,2021-07-27,2021-08-03,sz.002625,2025-12-15 20:06:53.901826
-0.625,2021-07-28,2021-08-04,sz.002625,2025-12-15 20:06:53.901826
-0.0607,2021-07-29,2021-08-05,sz.002625,2025-12-15 20:06:53.901826
-0.21,2021-07-30,2021-08-06,sz.002625,2025-12-15 20:06:53.901826
0.05344,2021-08-02,2021-08-09,sz.002625,2025-12-15 20:06:53.901826
-0.3774,2021-08-03,2021-08-10,sz.002625,2025-12-15 20:06:53.901826
-0.05417,2021-08-04,2021-08-11,sz.002625,2025-12-15 20:06:53.901826
-0.1411,2021-08-05,2021-08-12,sz.002625,2025-12-15 20:06:53.901826
-0.2266,2021-08-06,2021-08-13,sz.002625,2025-12-15 20:06:53.901826
-0.2161,2021-08-09,2021-08-16,sz.002625,2025-12-15 20:06:53.901826
0.11334,2021-08-10,2021-08-17,sz.002625,2025-12-15 20:06:53.901826
-0.467,2021-08-11,2021-08-18,sz.002625,2025-12-15 20:06:53.901826
-0.537,2021-08-12,2021-08-19,sz.002625,2025-12-15 20:06:53.901826
-0.779,2021-08-13,2021-08-20,sz.002625,2025-12-15 20:06:53.901826
-0.8315,2021-08-16,2021-08-23,sz.002625,2025-12-15 20:06:53.901826
-0.6943,2021-08-17,2021-08-24,sz.002625,2025-12-15 20:06:53.901826
-0.195,2021-08-18,2021-08-25,sz.002625,2025-12-15 20:06:53.901826
-0.10284,2021-08-19,2021-08-26,sz.002625,2025-12-15 20:06:53.901826
-0.2253,2021-08-20,2021-08-27,sz.002625,2025-12-15 20:06:53.901826
-0.0956,2021-08-23,2021-08-30,sz.002625,2025-12-15 20:06:53.901826
-0.182,2021-08-24,2021-08-31,sz.002625,2025-12-15 20:06:53.901826
-0.5747,2021-08-25,2021-09-01,sz.002625,2025-12-15 20:06:53.901826
-0.3901,2021-08-26,2021-09-02,sz.002625,2025-12-15 20:06:53.901826
-0.09375,2021-08-27,2021-09-03,sz.002625,2025-12-15 20:06:53.901826
-0.1923,2021-08-30,2021-09-06,sz.002625,2025-12-15 20:06:53.901826
-0.3896,2021-08-31,2021-09-07,sz.002625,2025-12-15 20:06:53.901826
-0.645,2021-09-01,2021-09-08,sz.002625,2025-12-15 20:06:53.901826
-0.1532,2021-09-02,2021-09-09,sz.002625,2025-12-15 20:06:53.901826
-0.3416,2021-09-03,2021-09-10,sz.002625,2025-12-15 20:06:53.901826
-0.1021,2021-09-06,2021-09-13,sz.002625,2025-12-15 20:06:53.901826
-0.02863,2021-09-07,2021-09-14,sz.002625,2025-12-15 20:06:53.901826
-0.275,2021-09-08,2021-09-15,sz.002625,2025-12-15 20:06:53.901826
0.0385,2021-09-09,2021-09-16,sz.002625,2025-12-15 20:06:53.901826
-0.3403,2021-09-10,2021-09-17,sz.002625,2025-12-15 20:06:53.901826
-0.005527,2021-09-13,2021-09-20,sz.002625,2025-12-15 20:06:53.901826
-0.37,2021-09-14,2021-09-21,sz.002625,2025-12-15 20:06:53.901826
-0.1398,2021-09-15,2021-09-22,sz.002625,2025-12-15 20:06:53.901826
-0.8667,2021-09-16,2021-09-23,sz.002625,2025-12-15 20:06:53.901826
-0.4065,2021-09-17,2021-09-24,sz.002625,2025-12-15 20:06:53.901826
-0.1367,2021-09-22,2021-09-29,sz.002625,2025-12-15 20:06:53.901826
-0.1768,2021-09-23,2021-09-30,sz.002625,2025-12-15 20:06:53.901826
-0.04526,2021-09-24,2021-10-01,sz.002625,2025-12-15 20:06:53.901826
-0.238,2021-09-27,2021-10-04,sz.002625,2025-12-15 20:06:53.901826
-0.6313,2021-09-28,2021-10-05,sz.002625,2025-12-15 20:06:53.901826
-0.308,2021-09-29,2021-10-06,sz.002625,2025-12-15 20:06:53.901826
-0.0788,2021-09-30,2021-10-07,sz.002625,2025-12-15 20:06:53.901826
-0.4292,2021-10-08,2021-10-15,sz.002625,2025-12-15 20:06:53.901826
-0.2155,2021-10-11,2021-10-18,sz.002625,2025-12-15 20:06:53.901826
-0.841,2021-10-12,2021-10-19,sz.002625,2025-12-15 20:06:53.901826
-0.0926,2021-10-13,2021-10-20,sz.002625,2025-12-15 20:06:53.901826
-0.1228,2021-10-14,2021-10-21,sz.002625,2025-12-15 20:06:53.901826
-0.1229,2021-10-15,2021-10-22,sz.002625,2025-12-15 20:06:53.901826
-0.1035,2021-10-18,2021-10-25,sz.002625,2025-12-15 20:06:53.901826
-0.1349,2021-10-19,2021-10-26,sz.002625,2025-12-15 20:06:53.901826
-0.222,2021-10-20,2021-10-27,sz.002625,2025-12-15 20:06:53.901826
-0.662,2021-10-21,2021-10-28,sz.002625,2025-12-15 20:06:53.901826
-0.1097,2021-10-22,2021-10-29,sz.002625,2025-12-15 20:06:53.901826
-0.05847,2021-10-25,2021-11-01,sz.002625,2025-12-15 20:06:53.901826
-0.0842,2021-10-26,2021-11-02,sz.002625,2025-12-15 20:06:53.901826
-0.533,2021-10-27,2021-11-03,sz.002625,2025-12-15 20:06:53.901826
0.02013,2021-10-28,2021-11-04,sz.002625,2025-12-15 20:06:53.901826
-0.3403,2021-10-29,2021-11-05,sz.002625,2025-12-15 20:06:53.901826
-0.0553,2021-11-01,2021-11-08,sz.002625,2025-12-15 20:06:53.901826
-0.0881,2021-11-02,2021-11-09,sz.002625,2025-12-15 20:06:53.901826
-0.001701,2021-11-03,2021-11-10,sz.002625,2025-12-15 20:06:53.901826
-0.2104,2021-11-04,2021-11-11,sz.002625,2025-12-15 20:06:53.901826
-0.09015,2021-11-05,2021-11-12,sz.002625,2025-12-15 20:06:53.901826
-0.05685,2021-11-08,2021-11-15,sz.002625,2025-12-15 20:06:53.901826
-0.324,2021-11-09,2021-11-16,sz.002625,2025-12-15 20:06:53.901826
-0.2788,2021-11-10,2021-11-17,sz.002625,2025-12-15 20:06:53.901826
-0.02547,2021-11-11,2021-11-18,sz.002625,2025-12-15 20:06:53.901826
-0.03,2021-11-12,2021-11-19,sz.002625,2025-12-15 20:06:53.901826
-0.06866,2021-11-15,2021-11-22,sz.002625,2025-12-15 20:06:53.901826
-0.4927,2021-11-16,2021-11-23,sz.002625,2025-12-15 20:06:53.901826
-0.05542,2021-11-17,2021-11-24,sz.002625,2025-12-15 20:06:53.901826
-0.117,2021-11-18,2021-11-25,sz.002625,2025-12-15 20:06:53.901826
0.02779,2021-11-19,2021-11-26,sz.002625,2025-12-15 20:06:53.901826
0.009224,2021-11-22,2021-11-29,sz.002625,2025-12-15 20:06:53.901826
-0.187,2021-11-23,2021-11-30,sz.002625,2025-12-15 20:06:53.901826
-0.1064,2021-11-24,2021-12-01,sz.002625,2025-12-15 20:06:53.901826
-0.11774,2021-11-25,2021-12-02,sz.002625,2025-12-15 20:06:53.901826
-0.337,2021-11-26,2021-12-03,sz.002625,2025-12-15 20:06:53.901826
-0.01008,2021-11-29,2021-12-06,sz.002625,2025-12-15 20:06:53.901826
-0.04312,2021-11-30,2021-12-07,sz.002625,2025-12-15 20:06:53.901826
-0.3018,2021-12-01,2021-12-08,sz.002625,2025-12-15 20:06:53.901826
-0.1664,2021-12-02,2021-12-09,sz.002625,2025-12-15 20:06:53.901826
-0.01733,2021-12-03,2021-12-10,sz.002625,2025-12-15 20:06:53.901826
-0.253,2021-12-06,2021-12-13,sz.002625,2025-12-15 20:06:53.901826
-0.9224,2021-12-07,2021-12-14,sz.002625,2025-12-15 20:06:53.901826
0.1882,2021-12-08,2021-12-15,sz.002625,2025-12-15 20:06:53.901826
-0.517,2021-12-09,2021-12-16,sz.002625,2025-12-15 20:06:53.901826
-0.2603,2021-12-10,2021-12-17,sz.002625,2025-12-15 20:06:53.901826
-0.2463,2021-12-13,2021-12-20,sz.002625,2025-12-15 20:06:53.901826
-0.1965,2021-12-14,2021-12-21,sz.002625,2025-12-15 20:06:53.901826
-0.3337,2021-12-15,2021-12-22,sz.002625,2025-12-15 20:06:53.901826
-0.1049,2021-12-16,2021-12-23,sz.002625,2025-12-15 20:06:53.901826
-0.2216,2021-12-17,2021-12-24,sz.002625,2025-12-15 20:06:53.901826
-0.701,2021-12-20,2021-12-27,sz.002625,2025-12-15 20:06:53.901826
-0.07825,2021-12-21,2021-12-28,sz.002625,2025-12-15 20:06:53.901826
-0.0571,2021-12-22,2021-12-29,sz.002625,2025-12-15 20:06:53.901826
-0.3157,2021-12-23,2021-12-30,sz.002625,2025-12-15 20:06:53.901826
-0.0917,2021-12-24,2021-12-31,sz.002625,2025-12-15 20:06:53.901826
-0.07916,2021-12-27,2022-01-03,sz.002625,2025-12-15 20:06:53.901826
0.01175,2021-12-28,2022-01-04,sz.002625,2025-12-15 20:06:53.901826
0.04706,2021-12-29,2022-01-05,sz.002625,2025-12-15 20:06:53.901826
0.0745,2021-12-30,2022-01-06,sz.002625,2025-12-15 20:06:53.901826
0.001167,2021-12-31,2022-01-07,sz.002625,2025-12-15 20:06:53.901826
-0.7266,2022-01-04,2022-01-11,sz.002625,2025-12-15 20:06:53.901826
-0.7515,2022-01-05,2022-01-12,sz.002625,2025-12-15 20:06:53.901826
-0.0405,2022-01-06,2022-01-13,sz.002625,2025-12-15 20:06:53.901826
-0.3264,2022-01-07,2022-01-14,sz.002625,2025-12-15 20:06:53.901826
-0.0548,2022-01-10,2022-01-17,sz.002625,2025-12-15 20:06:53.901826
-0.1117,2022-01-11,2022-01-18,sz.002625,2025-12-15 20:06:53.901826
0.06525,2022-01-12,2022-01-19,sz.002625,2025-12-15 20:06:53.901826
-0.666,2022-01-13,2022-01-20,sz.002625,2025-12-15 20:06:53.901826
-0.1818,2022-01-14,2022-01-21,sz.002625,2025-12-15 20:06:53.901826
0.000321,2022-01-17,2022-01-24,sz.002625,2025-12-15 20:06:53.901826
-0.0244,2022-01-18,2022-01-25,sz.002625,2025-12-15 20:06:53.901826
-0.457,2022-01-19,2022-01-26,sz.002625,2025-12-15 20:06:53.901826
-0.175,2022-01-20,2022-01-27,sz.002625,2025-12-15 20:06:53.901826
-0.3208,2022-01-21,2022-01-28,sz.002625,2025-12-15 20:06:53.901826
0.02078,2022-01-24,2022-01-31,sz.002625,2025-12-15 20:06:53.901826
-0.181,2022-01-25,2022-02-01,sz.002625,2025-12-15 20:06:53.901826
-0.01083,2022-01-26,2022-02-02,sz.002625,2025-12-15 20:06:53.901826
-0.931,2022-01-27,2022-02-03,sz.002625,2025-12-15 20:06:53.901826
-0.27,2022-01-28,2022-02-04,sz.002625,2025-12-15 20:06:53.901826
-0.3213,2022-02-07,2022-02-14,sz.002625,2025-12-15 20:06:53.901826
0.06464,2022-02-08,2022-02-15,sz.002625,2025-12-15 20:06:53.901826
-0.12024,2022-02-09,2022-02-16,sz.002625,2025-12-15 20:06:53.901826
0.00897,2022-02-10,2022-02-17,sz.002625,2025-12-15 20:06:53.901826
-0.3137,2022-02-11,2022-02-18,sz.002625,2025-12-15 20:06:53.901826
-0.033,2022-02-14,2022-02-21,sz.002625,2025-12-15 20:06:53.901826
0.0197,2022-02-15,2022-02-22,sz.002625,2025-12-15 20:06:53.901826
-0.00191,2022-02-16,2022-02-23,sz.002625,2025-12-15 20:06:53.901826
0.0369,2022-02-17,2022-02-24,sz.002625,2025-12-15 20:06:53.901826
0.03632,2022-02-18,2022-02-25,sz.002625,2025-12-15 20:06:53.901826
0.0865,2022-02-21,2022-02-28,sz.002625,2025-12-15 20:06:53.901826
-0.1103,2022-02-22,2022-03-01,sz.002625,2025-12-15 20:06:53.901826
0.0907,2022-02-23,2022-03-02,sz.002625,2025-12-15 20:06:53.901826
-0.0673,2022-02-24,2022-03-03,sz.002625,2025-12-15 20:06:53.901826
-0.1015,2022-02-25,2022-03-04,sz.002625,2025-12-15 20:06:53.901826
-0.2087,2022-02-28,2022-03-07,sz.002625,2025-12-15 20:06:53.901826
-0.003376,2022-03-01,2022-03-08,sz.002625,2025-12-15 20:06:53.901826
-0.04053,2022-03-02,2022-03-09,sz.002625,2025-12-15 20:06:53.901826
-0.05463,2022-03-03,2022-03-10,sz.002625,2025-12-15 20:06:53.901826
-0.2067,2022-03-04,2022-03-11,sz.002625,2025-12-15 20:06:53.901826
-0.2808,2022-03-07,2022-03-14,sz.002625,2025-12-15 20:06:53.901826
-0.517,2022-03-08,2022-03-15,sz.002625,2025-12-15 20:06:53.901826
-0.8223,2022-03-09,2022-03-16,sz.002625,2025-12-15 20:06:53.901826
-0.2515,2022-03-10,2022-03-17,sz.002625,2025-12-15 20:06:53.901826
0.06836,2022-03-11,2022-03-18,sz.002625,2025-12-15 20:06:53.901826
-0.232,2022-03-14,2022-03-21,sz.002625,2025-12-15 20:06:53.901826
-0.7603,2022-03-15,2022-03-22,sz.002625,2025-12-15 20:06:53.901826
-0.1249,2022-03-16,2022-03-23,sz.002625,2025-12-15 20:06:53.901826
-0.02016,2022-03-17,2022-03-24,sz.002625,2025-12-15 20:06:53.901826
0.0459,2022-03-18,2022-03-25,sz.002625,2025-12-15 20:06:53.901826
0.02974,2022-03-21,2022-03-28,sz.002625,2025-12-15 20:06:53.901826
-0.1548,2022-03-22,2022-03-29,sz.002625,2025-12-15 20:06:53.901826
0.01836,2022-03-23,2022-03-30,sz.002625,2025-12-15 20:06:53.901826
0.007465,2022-03-24,2022-03-31,sz.002625,2025-12-15 20:06:53.901826
-0.2489,2022-03-25,2022-04-01,sz.002625,2025-12-15 20:06:53.901826
-0.02103,2022-03-28,2022-04-04,sz.002625,2025-12-15 20:06:53.901826
-0.2722,2022-03-29,2022-04-05,sz.002625,2025-12-15 20:06:53.901826
-0.02646,2022-03-30,2022-04-06,sz.002625,2025-12-15 20:06:53.901826
-0.2463,2022-03-31,2022-04-07,sz.002625,2025-12-15 20:06:53.901826
0.09607,2022-04-01,2022-04-08,sz.002625,2025-12-15 20:06:53.901826
-0.02779,2022-04-06,2022-04-13,sz.002625,2025-12-15 20:06:53.901826
-0.2279,2022-04-07,2022-04-14,sz.002625,2025-12-15 20:06:53.901826
-0.3662,2022-04-08,2022-04-15,sz.002625,2025-12-15 20:06:53.901826
-0.814,2022-04-11,2022-04-18,sz.002625,2025-12-15 20:06:53.901826
0.006653,2022-04-12,2022-04-19,sz.002625,2025-12-15 20:06:53.901826
-0.1545,2022-04-13,2022-04-20,sz.002625,2025-12-15 20:06:53.901826
-0.1061,2022-04-14,2022-04-21,sz.002625,2025-12-15 20:06:53.901826
-0.2788,2022-04-15,2022-04-22,sz.002625,2025-12-15 20:06:53.901826
0.0348,2022-04-18,2022-04-25,sz.002625,2025-12-15 20:06:53.901826
-0.2306,2022-04-19,2022-04-26,sz.002625,2025-12-15 20:06:53.901826
-0.352,2022-04-20,2022-04-27,sz.002625,2025-12-15 20:06:53.901826
-0.5596,2022-04-21,2022-04-28,sz.002625,2025-12-15 20:06:53.901826
-0.09143,2022-04-22,2022-04-29,sz.002625,2025-12-15 20:06:53.901826
-0.86,2022-04-25,2022-05-02,sz.002625,2025-12-15 20:06:53.901826
-0.5376,2022-04-26,2022-05-03,sz.002625,2025-12-15 20:06:53.901826
0.2412,2022-04-27,2022-05-04,sz.002625,2025-12-15 20:06:53.901826
0.04654,2022-04-28,2022-05-05,sz.002625,2025-12-15 20:06:53.901826
0.05737,2022-04-29,2022-05-06,sz.002625,2025-12-15 20:06:53.901826
-0.07825,2022-05-05,2022-05-12,sz.002625,2025-12-15 20:06:53.901826
0.05875,2022-05-06,2022-05-13,sz.002625,2025-12-15 20:06:53.901826
0.3645,2022-05-09,2022-05-16,sz.002625,2025-12-15 20:06:53.901826
-0.08777,2022-05-10,2022-05-17,sz.002625,2025-12-15 20:06:53.901826
-0.1554,2022-05-11,2022-05-18,sz.002625,2025-12-15 20:06:53.901826
-0.0217,2022-05-12,2022-05-19,sz.002625,2025-12-15 20:06:53.901826
0.06415,2022-05-13,2022-05-20,sz.002625,2025-12-15 20:06:53.901826
-0.05362,2022-05-16,2022-05-23,sz.002625,2025-12-15 20:06:53.901826
-0.009026,2022-05-17,2022-05-24,sz.002625,2025-12-15 20:06:53.901826
0.01756,2022-05-18,2022-05-25,sz.002625,2025-12-15 20:06:53.901826
0.1797,2022-05-19,2022-05-26,sz.002625,2025-12-15 20:06:53.901826
-0.02531,2022-05-20,2022-05-27,sz.002625,2025-12-15 20:06:53.901826
0.1189,2022-05-23,2022-05-30,sz.002625,2025-12-15 20:06:53.901826
-0.566,2022-05-24,2022-05-31,sz.002625,2025-12-15 20:06:53.901826
0.0433,2022-05-25,2022-06-01,sz.002625,2025-12-15 20:06:53.901826
0.1432,2022-05-26,2022-06-02,sz.002625,2025-12-15 20:06:53.901826
-0.303,2022-05-27,2022-06-03,sz.002625,2025-12-15 20:06:53.901826
0.06195,2022-05-30,2022-06-06,sz.002625,2025-12-15 20:06:53.901826
0.1346,2022-05-31,2022-06-07,sz.002625,2025-12-15 20:06:53.901826
0.05807,2022-06-01,2022-06-08,sz.002625,2025-12-15 20:06:53.901826
0.1334,2022-06-02,2022-06-09,sz.002625,2025-12-15 20:06:53.901826
0.0956,2022-06-06,2022-06-13,sz.002625,2025-12-15 20:06:53.901826
-0.09784,2022-06-07,2022-06-14,sz.002625,2025-12-15 20:06:53.901826
0.04984,2022-06-08,2022-06-15,sz.002625,2025-12-15 20:06:53.901826
-0.084,2022-06-09,2022-06-16,sz.002625,2025-12-15 20:06:53.901826
-0.126,2022-06-10,2022-06-17,sz.002625,2025-12-15 20:06:53.901826
0.1192,2022-06-13,2022-06-20,sz.002625,2025-12-15 20:06:53.901826
-0.2443,2022-06-14,2022-06-21,sz.002625,2025-12-15 20:06:53.901826
-0.005127,2022-06-15,2022-06-22,sz.002625,2025-12-15 20:06:53.901826
-0.096,2022-06-16,2022-06-23,sz.002625,2025-12-15 20:06:53.901826
-0.002293,2022-06-17,2022-06-24,sz.002625,2025-12-15 20:06:53.901826
0.0556,2022-06-20,2022-06-27,sz.002625,2025-12-15 20:06:53.901826
-0.10864,2022-06-21,2022-06-28,sz.002625,2025-12-15 20:06:53.901826
-0.412,2022-06-22,2022-06-29,sz.002625,2025-12-15 20:06:53.901826
0.397,2022-06-23,2022-06-30,sz.002625,2025-12-15 20:06:53.901826
-0.010025,2022-06-24,2022-07-01,sz.002625,2025-12-15 20:06:53.901826
0.06232,2022-06-27,2022-07-04,sz.002625,2025-12-15 20:06:53.901826
0.02222,2022-06-28,2022-07-05,sz.002625,2025-12-15 20:06:53.901826
-0.4968,2022-06-29,2022-07-06,sz.002625,2025-12-15 20:06:53.901826
0.0432,2022-06-30,2022-07-07,sz.002625,2025-12-15 20:06:53.901826
0.1226,2022-07-01,2022-07-08,sz.002625,2025-12-15 20:06:53.901826
-0.1078,2022-07-04,2022-07-11,sz.002625,2025-12-15 20:06:53.901826
-0.0688,2022-07-05,2022-07-12,sz.002625,2025-12-15 20:06:53.901826
-0.1849,2022-07-06,2022-07-13,sz.002625,2025-12-15 20:06:53.901826
-0.07477,2022-07-07,2022-07-14,sz.002625,2025-12-15 20:06:53.901826
-0.0933,2022-07-08,2022-07-15,sz.002625,2025-12-15 20:06:53.901826
0.08075,2022-07-11,2022-07-18,sz.002625,2025-12-15 20:06:53.901826
-0.3608,2022-07-12,2022-07-19,sz.002625,2025-12-15 20:06:53.901826
-0.08636,2022-07-13,2022-07-20,sz.002625,2025-12-15 20:06:53.901826
-0.02838,2022-07-14,2022-07-21,sz.002625,2025-12-15 20:06:53.901826
-0.1932,2022-07-15,2022-07-22,sz.002625,2025-12-15 20:06:53.901826
-0.1394,2022-07-18,2022-07-25,sz.002625,2025-12-15 20:06:53.901826
-0.1181,2022-07-19,2022-07-26,sz.002625,2025-12-15 20:06:53.901826
0.2205,2022-07-20,2022-07-27,sz.002625,2025-12-15 20:06:53.901826
-0.2206,2022-07-21,2022-07-28,sz.002625,2025-12-15 20:06:53.901826
-0.4434,2022-07-22,2022-07-29,sz.002625,2025-12-15 20:06:53.901826
-0.3928,2022-07-25,2022-08-01,sz.002625,2025-12-15 20:06:53.901826
0.0824,2022-07-26,2022-08-02,sz.002625,2025-12-15 20:06:53.901826
0.02737,2022-07-27,2022-08-03,sz.002625,2025-12-15 20:06:53.901826
0.1289,2022-07-28,2022-08-04,sz.002625,2025-12-15 20:06:53.901826
-0.015274,2022-07-29,2022-08-05,sz.002625,2025-12-15 20:06:53.901826
-0.464,2022-08-01,2022-08-08,sz.002625,2025-12-15 20:06:53.901826
-0.681,2022-08-02,2022-08-09,sz.002625,2025-12-15 20:06:53.901826
0.002487,2022-08-03,2022-08-10,sz.002625,2025-12-15 20:06:53.901826
-0.4424,2022-08-04,2022-08-11,sz.002625,2025-12-15 20:06:53.901826
-0.05963,2022-08-05,2022-08-12,sz.002625,2025-12-15 20:06:53.901826
0.07764,2022-08-08,2022-08-15,sz.002625,2025-12-15 20:06:53.901826
-0.09186,2022-08-09,2022-08-16,sz.002625,2025-12-15 20:06:53.901826
-0.1624,2022-08-10,2022-08-17,sz.002625,2025-12-15 20:06:53.901826
0.062,2022-08-11,2022-08-18,sz.002625,2025-12-15 20:06:53.901826
-0.08545,2022-08-12,2022-08-19,sz.002625,2025-12-15 20:06:53.901826
0.0739,2022-08-15,2022-08-22,sz.002625,2025-12-15 20:06:53.901826
-0.1199,2022-08-16,2022-08-23,sz.002625,2025-12-15 20:06:53.901826
0.1092,2022-08-17,2022-08-24,sz.002625,2025-12-15 20:06:53.901826
0.1175,2022-08-18,2022-08-25,sz.002625,2025-12-15 20:06:53.901826
-0.3584,2022-08-19,2022-08-26,sz.002625,2025-12-15 20:06:53.901826
0.1064,2022-08-22,2022-08-29,sz.002625,2025-12-15 20:06:53.901826
-0.002895,2022-08-23,2022-08-30,sz.002625,2025-12-15 20:06:53.901826
-0.6626,2022-08-24,2022-08-31,sz.002625,2025-12-15 20:06:53.901826
-0.01775,2022-08-25,2022-09-01,sz.002625,2025-12-15 20:06:53.901826
0.01952,2022-08-26,2022-09-02,sz.002625,2025-12-15 20:06:53.901826
0.2227,2022-08-29,2022-09-05,sz.002625,2025-12-15 20:06:53.901826
0.01425,2022-08-30,2022-09-06,sz.002625,2025-12-15 20:06:53.901826
-0.3293,2022-08-31,2022-09-07,sz.002625,2025-12-15 20:06:53.901826
-0.10583,2022-09-01,2022-09-08,sz.002625,2025-12-15 20:06:53.901826
-0.03497,2022-09-02,2022-09-09,sz.002625,2025-12-15 20:06:53.901826
-0.2397,2022-09-05,2022-09-12,sz.002625,2025-12-15 20:06:53.901826
0.03772,2022-09-06,2022-09-13,sz.002625,2025-12-15 20:06:53.901826
-0.01607,2022-09-07,2022-09-14,sz.002625,2025-12-15 20:06:53.901826
-0.03525,2022-09-08,2022-09-15,sz.002625,2025-12-15 20:06:53.901826
-0.1066,2022-09-09,2022-09-16,sz.002625,2025-12-15 20:06:53.901826
-0.02045,2022-09-13,2022-09-20,sz.002625,2025-12-15 20:06:53.901826
-0.02467,2022-09-14,2022-09-21,sz.002625,2025-12-15 20:06:53.901826
-0.852,2022-09-15,2022-09-22,sz.002625,2025-12-15 20:06:53.901826
-0.342,2022-09-16,2022-09-23,sz.002625,2025-12-15 20:06:53.901826
-0.624,2022-09-19,2022-09-26,sz.002625,2025-12-15 20:06:53.901826
-0.0841,2022-09-20,2022-09-27,sz.002625,2025-12-15 20:06:53.901826
-0.612,2022-09-21,2022-09-28,sz.002625,2025-12-15 20:06:53.901826
0.1147,2022-09-22,2022-09-29,sz.002625,2025-12-15 20:06:53.901826
-0.472,2022-09-23,2022-09-30,sz.002625,2025-12-15 20:06:53.901826
-0.338,2022-09-26,2022-10-03,sz.002625,2025-12-15 20:06:53.901826
0.1157,2022-09-27,2022-10-04,sz.002625,2025-12-15 20:06:53.901826
-0.8574,2022-09-28,2022-10-05,sz.002625,2025-12-15 20:06:53.901826
-0.1567,2022-09-29,2022-10-06,sz.002625,2025-12-15 20:06:53.901826
-0.416,2022-09-30,2022-10-07,sz.002625,2025-12-15 20:06:53.901826
-0.466,2022-10-10,2022-10-17,sz.002625,2025-12-15 20:06:53.901826
0.0653,2022-10-11,2022-10-18,sz.002625,2025-12-15 20:06:53.901826
0.0726,2022-10-12,2022-10-19,sz.002625,2025-12-15 20:06:53.901826
0.0898,2022-10-13,2022-10-20,sz.002625,2025-12-15 20:06:53.901826
0.1052,2022-10-14,2022-10-21,sz.002625,2025-12-15 20:06:53.901826
0.2308,2022-10-17,2022-10-24,sz.002625,2025-12-15 20:06:53.901826
-0.4458,2022-10-18,2022-10-25,sz.002625,2025-12-15 20:06:53.901826
-0.1832,2022-10-19,2022-10-26,sz.002625,2025-12-15 20:06:53.901826
-0.1665,2022-10-20,2022-10-27,sz.002625,2025-12-15 20:06:53.901826
-0.004135,2022-10-21,2022-10-28,sz.002625,2025-12-15 20:06:53.901826
-0.1277,2022-10-24,2022-10-31,sz.002625,2025-12-15 20:06:53.901826
-0.02937,2022-10-25,2022-11-01,sz.002625,2025-12-15 20:06:53.901826
0.1236,2022-10-26,2022-11-02,sz.002625,2025-12-15 20:06:53.901826
-0.607,2022-10-27,2022-11-03,sz.002625,2025-12-15 20:06:53.901826
-0.58,2022-10-28,2022-11-04,sz.002625,2025-12-15 20:06:53.901826
-0.01828,2022-10-31,2022-11-07,sz.002625,2025-12-15 20:06:53.901826
0.05295,2022-11-01,2022-11-08,sz.002625,2025-12-15 20:06:53.901826
0.01971,2022-11-02,2022-11-09,sz.002625,2025-12-15 20:06:53.901826
-0.03488,2022-11-03,2022-11-10,sz.002625,2025-12-15 20:06:53.901826
0.0735,2022-11-04,2022-11-11,sz.002625,2025-12-15 20:06:53.901826
-0.0791,2022-11-07,2022-11-14,sz.002625,2025-12-15 20:06:53.901826
-0.4797,2022-11-08,2022-11-15,sz.002625,2025-12-15 20:06:53.901826
-0.2937,2022-11-09,2022-11-16,sz.002625,2025-12-15 20:06:53.901826
-0.1361,2022-11-10,2022-11-17,sz.002625,2025-12-15 20:06:53.901826
-0.07465,2022-11-11,2022-11-18,sz.002625,2025-12-15 20:06:53.901826
-0.10986,2022-11-14,2022-11-21,sz.002625,2025-12-15 20:06:53.901826
0.0352,2022-11-15,2022-11-22,sz.002625,2025-12-15 20:06:53.901826
-0.04044,2022-11-16,2022-11-23,sz.002625,2025-12-15 20:06:53.901826
0.03107,2022-11-17,2022-11-24,sz.002625,2025-12-15 20:06:53.901826
-0.2395,2022-11-18,2022-11-25,sz.002625,2025-12-15 20:06:53.901826
0.08856,2022-11-21,2022-11-28,sz.002625,2025-12-15 20:06:53.901826
-0.3516,2022-11-22,2022-11-29,sz.002625,2025-12-15 20:06:53.901826
-0.1998,2022-11-23,2022-11-30,sz.002625,2025-12-15 20:06:53.901826
-0.1605,2022-11-24,2022-12-01,sz.002625,2025-12-15 20:06:53.901826
0.007217,2022-11-25,2022-12-02,sz.002625,2025-12-15 20:06:53.901826
-0.4717,2022-11-28,2022-12-05,sz.002625,2025-12-15 20:06:53.901826
-0.01305,2022-11-29,2022-12-06,sz.002625,2025-12-15 20:06:53.901826
-0.1842,2022-11-30,2022-12-07,sz.002625,2025-12-15 20:06:53.901826
0.08466,2022-12-01,2022-12-08,sz.002625,2025-12-15 20:06:53.901826
-0.1809,2022-12-02,2022-12-09,sz.002625,2025-12-15 20:06:53.901826
-0.08624,2022-12-05,2022-12-12,sz.002625,2025-12-15 20:06:53.901826
-0.04285,2022-12-06,2022-12-13,sz.002625,2025-12-15 20:06:53.901826
0.02638,2022-12-07,2022-12-14,sz.002625,2025-12-15 20:06:53.901826
-0.1642,2022-12-08,2022-12-15,sz.002625,2025-12-15 20:06:53.901826
-0.05997,2022-12-09,2022-12-16,sz.002625,2025-12-15 20:06:53.901826
-0.1906,2022-12-12,2022-12-19,sz.002625,2025-12-15 20:06:53.901826
-0.09045,2022-12-13,2022-12-20,sz.002625,2025-12-15 20:06:53.901826
-0.254,2022-12-14,2022-12-21,sz.002625,2025-12-15 20:06:53.901826
-0.03378,2022-12-15,2022-12-22,sz.002625,2025-12-15 20:06:53.901826
-0.3042,2022-12-16,2022-12-23,sz.002625,2025-12-15 20:06:53.901826
-0.094,2022-12-19,2022-12-26,sz.002625,2025-12-15 20:06:53.901826
-0.02768,2022-12-20,2022-12-27,sz.002625,2025-12-15 20:06:53.901826
-0.2181,2022-12-21,2022-12-28,sz.002625,2025-12-15 20:06:53.901826
-0.214,2022-12-22,2022-12-29,sz.002625,2025-12-15 20:06:53.901826
-0.05756,2022-12-23,2022-12-30,sz.002625,2025-12-15 20:06:53.901826
0.07837,2022-12-26,2023-01-02,sz.002625,2025-12-15 20:06:53.901826
0.0672,2022-12-27,2023-01-03,sz.002625,2025-12-15 20:06:53.901826
-0.1807,2022-12-28,2023-01-04,sz.002625,2025-12-15 20:06:53.901826
0.0863,2022-12-29,2023-01-05,sz.002625,2025-12-15 20:06:53.901826
-0.05017,2022-12-30,2023-01-06,sz.002625,2025-12-15 20:06:53.901826
0.02402,2023-01-03,2023-01-10,sz.002625,2025-12-15 20:06:53.901826
0.01593,2023-01-04,2023-01-11,sz.002625,2025-12-15 20:06:53.901826
0.04492,2023-01-05,2023-01-12,sz.002625,2025-12-15 20:06:53.901826
-0.0693,2023-01-06,2023-01-13,sz.002625,2025-12-15 20:06:53.901826
-0.1558,2023-01-09,2023-01-16,sz.002625,2025-12-15 20:06:53.901826
-0.0609,2023-01-10,2023-01-17,sz.002625,2025-12-15 20:06:53.901826
-0.2087,2023-01-11,2023-01-18,sz.002625,2025-12-15 20:06:53.901826
-0.685,2023-01-12,2023-01-19,sz.002625,2025-12-15 20:06:53.901826
-0.01504,2023-01-13,2023-01-20,sz.002625,2025-12-15 20:06:53.901826
0.03632,2023-01-16,2023-01-23,sz.002625,2025-12-15 20:06:53.901826
-0.1209,2023-01-17,2023-01-24,sz.002625,2025-12-15 20:06:53.901826
0.05707,2023-01-18,2023-01-25,sz.002625,2025-12-15 20:06:53.901826
-0.010605,2023-01-19,2023-01-26,sz.002625,2025-12-15 20:06:53.901826
-0.01232,2023-01-20,2023-01-27,sz.002625,2025-12-15 20:06:53.901826
-0.1691,2023-01-30,2023-02-06,sz.002625,2025-12-15 20:06:53.901826
-0.010635,2023-01-31,2023-02-07,sz.002625,2025-12-15 20:06:53.901826
0.00395,2023-02-01,2023-02-08,sz.002625,2025-12-15 20:06:53.901826
-0.403,2023-02-02,2023-02-09,sz.002625,2025-12-15 20:06:53.901826
0.06866,2023-02-03,2023-02-10,sz.002625,2025-12-15 20:06:53.901826
-0.2467,2023-02-06,2023-02-13,sz.002625,2025-12-15 20:06:53.901826
-0.266,2023-02-07,2023-02-14,sz.002625,2025-12-15 20:06:53.901826
-0.2485,2023-02-08,2023-02-15,sz.002625,2025-12-15 20:06:53.901826
0.133,2023-02-09,2023-02-16,sz.002625,2025-12-15 20:06:53.901826
-0.2181,2023-02-10,2023-02-17,sz.002625,2025-12-15 20:06:53.901826
-0.0797,2023-02-13,2023-02-20,sz.002625,2025-12-15 20:06:53.901826
-0.1002,2023-02-14,2023-02-21,sz.002625,2025-12-15 20:06:53.901826
-0.03217,2023-02-15,2023-02-22,sz.002625,2025-12-15 20:06:53.901826
-0.372,2023-02-16,2023-02-23,sz.002625,2025-12-15 20:06:53.901826
-0.1219,2023-02-17,2023-02-24,sz.002625,2025-12-15 20:06:53.901826
0.046,2023-02-20,2023-02-27,sz.002625,2025-12-15 20:06:53.901826
-0.0424,2023-02-21,2023-02-28,sz.002625,2025-12-15 20:06:53.901826
0.01003,2023-02-22,2023-03-01,sz.002625,2025-12-15 20:06:53.901826
-0.1578,2023-02-23,2023-03-02,sz.002625,2025-12-15 20:06:53.901826
-0.0855,2023-02-24,2023-03-03,sz.002625,2025-12-15 20:06:53.901826
-0.1192,2023-02-27,2023-03-06,sz.002625,2025-12-15 20:06:53.901826
0.03017,2023-02-28,2023-03-07,sz.002625,2025-12-15 20:06:53.901826
0.03424,2023-03-01,2023-03-08,sz.002625,2025-12-15 20:06:53.901826
-0.2388,2023-03-02,2023-03-09,sz.002625,2025-12-15 20:06:53.901826
0.006817,2023-03-03,2023-03-10,sz.002625,2025-12-15 20:06:53.901826
-0.1032,2023-03-06,2023-03-13,sz.002625,2025-12-15 20:06:53.901826
-0.333,2023-03-07,2023-03-14,sz.002625,2025-12-15 20:06:53.901826
0.0483,2023-03-08,2023-03-15,sz.002625,2025-12-15 20:06:53.901826
-0.3057,2023-03-09,2023-03-16,sz.002625,2025-12-15 20:06:53.901826
-0.173,2023-03-10,2023-03-17,sz.002625,2025-12-15 20:06:53.901826
0.0811,2023-03-13,2023-03-20,sz.002625,2025-12-15 20:06:53.901826
-0.0642,2023-03-14,2023-03-21,sz.002625,2025-12-15 20:06:53.901826
-0.0765,2023-03-15,2023-03-22,sz.002625,2025-12-15 20:06:53.901826
-0.1708,2023-03-16,2023-03-23,sz.002625,2025-12-15 20:06:53.901826
-0.1356,2023-03-17,2023-03-24,sz.002625,2025-12-15 20:06:53.901826
-0.1307,2023-03-20,2023-03-27,sz.002625,2025-12-15 20:06:53.901826
0.033,2023-03-21,2023-03-28,sz.002625,2025-12-15 20:06:53.901826
-0.0425,2023-03-22,2023-03-29,sz.002625,2025-12-15 20:06:53.901826
0.0801,2023-03-23,2023-03-30,sz.002625,2025-12-15 20:06:53.901826
0.01842,2023-03-24,2023-03-31,sz.002625,2025-12-15 20:06:53.901826
-0.2363,2023-03-27,2023-04-03,sz.002625,2025-12-15 20:06:53.901826
-0.172,2023-03-28,2023-04-04,sz.002625,2025-12-15 20:06:53.901826
-0.1422,2023-03-29,2023-04-05,sz.002625,2025-12-15 20:06:53.901826
0.0195,2023-03-30,2023-04-06,sz.002625,2025-12-15 20:06:53.901826
-0.002682,2023-03-31,2023-04-07,sz.002625,2025-12-15 20:06:53.901826
0.1504,2023-04-03,2023-04-10,sz.002625,2025-12-15 20:06:53.901826
-0.01342,2023-04-04,2023-04-11,sz.002625,2025-12-15 20:06:53.901826
-0.05383,2023-04-06,2023-04-13,sz.002625,2025-12-15 20:06:53.901826
0.00839,2023-04-07,2023-04-14,sz.002625,2025-12-15 20:06:53.901826
-0.1772,2023-04-10,2023-04-17,sz.002625,2025-12-15 20:06:53.901826
0.06366,2023-04-11,2023-04-18,sz.002625,2025-12-15 20:06:53.901826
-0.0984,2023-04-12,2023-04-19,sz.002625,2025-12-15 20:06:53.901826
-0.07477,2023-04-13,2023-04-20,sz.002625,2025-12-15 20:06:53.901826
-0.0503,2023-04-14,2023-04-21,sz.002625,2025-12-15 20:06:53.901826
0.00247,2023-04-17,2023-04-24,sz.002625,2025-12-15 20:06:53.901826
-0.2688,2023-04-18,2023-04-25,sz.002625,2025-12-15 20:06:53.901826
0.04587,2023-04-19,2023-04-26,sz.002625,2025-12-15 20:06:53.901826
-0.2446,2023-04-20,2023-04-27,sz.002625,2025-12-15 20:06:53.901826
-0.4163,2023-04-21,2023-04-28,sz.002625,2025-12-15 20:06:53.901826
-0.2969,2023-04-24,2023-05-01,sz.002625,2025-12-15 20:06:53.901826
-0.5083,2023-04-25,2023-05-02,sz.002625,2025-12-15 20:06:53.901826
0.04694,2023-04-26,2023-05-03,sz.002625,2025-12-15 20:06:53.901826
0.2432,2023-04-27,2023-05-04,sz.002625,2025-12-15 20:06:53.901826
-0.1992,2023-04-28,2023-05-05,sz.002625,2025-12-15 20:06:53.901826
-0.1134,2023-05-04,2023-05-11,sz.002625,2025-12-15 20:06:53.901826
-0.213,2023-05-05,2023-05-12,sz.002625,2025-12-15 20:06:53.901826
-0.01272,2023-05-08,2023-05-15,sz.002625,2025-12-15 20:06:53.901826
-0.4634,2023-05-09,2023-05-16,sz.002625,2025-12-15 20:06:53.901826
-0.1154,2023-05-10,2023-05-17,sz.002625,2025-12-15 20:06:53.901826
-0.0849,2023-05-11,2023-05-18,sz.002625,2025-12-15 20:06:53.901826
-0.1709,2023-05-12,2023-05-19,sz.002625,2025-12-15 20:06:53.901826
0.094,2023-05-15,2023-05-22,sz.002625,2025-12-15 20:06:53.901826
-0.162,2023-05-16,2023-05-23,sz.002625,2025-12-15 20:06:53.901826
0.0801,2023-05-17,2023-05-24,sz.002625,2025-12-15 20:06:53.901826
-0.006927,2023-05-18,2023-05-25,sz.002625,2025-12-15 20:06:53.901826
0.01217,2023-05-19,2023-05-26,sz.002625,2025-12-15 20:06:53.901826
-0.02791,2023-05-22,2023-05-29,sz.002625,2025-12-15 20:06:53.901826
-0.0939,2023-05-23,2023-05-30,sz.002625,2025-12-15 20:06:53.901826
-0.001999,2023-05-24,2023-05-31,sz.002625,2025-12-15 20:06:53.901826
0.06525,2023-05-25,2023-06-01,sz.002625,2025-12-15 20:06:53.901826
-0.06665,2023-05-26,2023-06-02,sz.002625,2025-12-15 20:06:53.901826
-0.2218,2023-05-29,2023-06-05,sz.002625,2025-12-15 20:06:53.901826
0.1038,2023-05-30,2023-06-06,sz.002625,2025-12-15 20:06:53.901826
0.003746,2023-05-31,2023-06-07,sz.002625,2025-12-15 20:06:53.901826
-0.09216,2023-06-01,2023-06-08,sz.002625,2025-12-15 20:06:53.901826
0.00909,2023-06-02,2023-06-09,sz.002625,2025-12-15 20:06:53.901826
-0.1365,2023-06-05,2023-06-12,sz.002625,2025-12-15 20:06:53.901826
-0.0798,2023-06-06,2023-06-13,sz.002625,2025-12-15 20:06:53.901826
-0.1565,2023-06-07,2023-06-14,sz.002625,2025-12-15 20:06:53.901826
0.03778,2023-06-08,2023-06-15,sz.002625,2025-12-15 20:06:53.901826
-0.2196,2023-06-09,2023-06-16,sz.002625,2025-12-15 20:06:53.901826
0.11176,2023-06-12,2023-06-19,sz.002625,2025-12-15 20:06:53.901826
0.06134,2023-06-13,2023-06-20,sz.002625,2025-12-15 20:06:53.901826
-0.0569,2023-06-14,2023-06-21,sz.002625,2025-12-15 20:06:53.901826
0.07697,2023-06-15,2023-06-22,sz.002625,2025-12-15 20:06:53.901826
0.10516,2023-06-16,2023-06-23,sz.002625,2025-12-15 20:06:53.901826
-0.03806,2023-06-19,2023-06-26,sz.002625,2025-12-15 20:06:53.901826
0.06134,2023-06-20,2023-06-27,sz.002625,2025-12-15 20:06:53.901826
0.0301,2023-06-21,2023-06-28,sz.002625,2025-12-15 20:06:53.901826
0.01215,2023-06-26,2023-07-03,sz.002625,2025-12-15 20:06:53.901826
0.02791,2023-06-27,2023-07-04,sz.002625,2025-12-15 20:06:53.901826
0.02419,2023-06-28,2023-07-05,sz.002625,2025-12-15 20:06:53.901826
0.0672,2023-06-29,2023-07-06,sz.002625,2025-12-15 20:06:53.901826
-0.02643,2023-06-30,2023-07-07,sz.002625,2025-12-15 20:06:53.901826
-0.02823,2023-07-03,2023-07-10,sz.002625,2025-12-15 20:06:53.901826
0.0818,2023-07-04,2023-07-11,sz.002625,2025-12-15 20:06:53.901826
-0.0923,2023-07-05,2023-07-12,sz.002625,2025-12-15 20:06:53.901826
-0.04282,2023-07-06,2023-07-13,sz.002625,2025-12-15 20:06:53.901826
-0.0618,2023-07-07,2023-07-14,sz.002625,2025-12-15 20:06:53.901826
0.0762,2023-07-10,2023-07-17,sz.002625,2025-12-15 20:06:53.901826
0.10297,2023-07-11,2023-07-18,sz.002625,2025-12-15 20:06:53.901826
-0.1431,2023-07-12,2023-07-19,sz.002625,2025-12-15 20:06:53.901826
0.00993,2023-07-13,2023-07-20,sz.002625,2025-12-15 20:06:53.901826
0.05942,2023-07-14,2023-07-21,sz.002625,2025-12-15 20:06:53.901826
-0.3203,2023-07-17,2023-07-24,sz.002625,2025-12-15 20:06:53.901826
-0.11816,2023-07-18,2023-07-25,sz.002625,2025-12-15 20:06:53.901826
-0.04938,2023-07-19,2023-07-26,sz.002625,2025-12-15 20:06:53.901826
-0.2001,2023-07-20,2023-07-27,sz.002625,2025-12-15 20:06:53.901826
0.06192,2023-07-21,2023-07-28,sz.002625,2025-12-15 20:06:53.901826
0.02542,2023-07-24,2023-07-31,sz.002625,2025-12-15 20:06:53.901826
0.0959,2023-07-25,2023-08-01,sz.002625,2025-12-15 20:06:53.901826
0.03778,2023-07-26,2023-08-02,sz.002625,2025-12-15 20:06:53.901826
-0.1022,2023-07-27,2023-08-03,sz.002625,2025-12-15 20:06:53.901826
0.095,2023-07-28,2023-08-04,sz.002625,2025-12-15 20:06:53.901826
0.05487,2023-07-31,2023-08-07,sz.002625,2025-12-15 20:06:53.901826
0.03044,2023-08-01,2023-08-08,sz.002625,2025-12-15 20:06:53.901826
-0.01073,2023-08-02,2023-08-09,sz.002625,2025-12-15 20:06:53.901826
0.00675,2023-08-03,2023-08-10,sz.002625,2025-12-15 20:06:53.901826
-0.002096,2023-08-04,2023-08-11,sz.002625,2025-12-15 20:06:53.901826
0.0374,2023-08-07,2023-08-14,sz.002625,2025-12-15 20:06:53.901826
0.01932,2023-08-08,2023-08-15,sz.002625,2025-12-15 20:06:53.901826
0.1012,2023-08-09,2023-08-16,sz.002625,2025-12-15 20:06:53.901826
0.0506,2023-08-10,2023-08-17,sz.002625,2025-12-15 20:06:53.901826
-0.2275,2023-08-11,2023-08-18,sz.002625,2025-12-15 20:06:53.901826
-0.07007,2023-08-14,2023-08-21,sz.002625,2025-12-15 20:06:53.901826
-0.0981,2023-08-15,2023-08-22,sz.002625,2025-12-15 20:06:53.901826
0.01811,2023-08-16,2023-08-23,sz.002625,2025-12-15 20:06:53.901826
0.01402,2023-08-17,2023-08-24,sz.002625,2025-12-15 20:06:53.901826
0.00904,2023-08-18,2023-08-25,sz.002625,2025-12-15 20:06:53.901826
-0.412,2023-08-21,2023-08-28,sz.002625,2025-12-15 20:06:53.901826
-0.154,2023-08-22,2023-08-29,sz.002625,2025-12-15 20:06:53.901826
-0.1661,2023-08-23,2023-08-30,sz.002625,2025-12-15 20:06:53.901826
0.11774,2023-08-24,2023-08-31,sz.002625,2025-12-15 20:06:53.901826
-0.385,2023-08-25,2023-09-01,sz.002625,2025-12-15 20:06:53.901826
-0.2917,2023-08-28,2023-09-04,sz.002625,2025-12-15 20:06:53.901826
0.1627,2023-08-29,2023-09-05,sz.002625,2025-12-15 20:06:53.901826
0.007084,2023-08-30,2023-09-06,sz.002625,2025-12-15 20:06:53.901826
0.009,2023-08-31,2023-09-07,sz.002625,2025-12-15 20:06:53.901826
-0.1044,2023-09-01,2023-09-08,sz.002625,2025-12-15 20:06:53.901826
0.01952,2023-09-04,2023-09-11,sz.002625,2025-12-15 20:06:53.901826
-0.1398,2023-09-05,2023-09-12,sz.002625,2025-12-15 20:06:53.901826
0.0733,2023-09-06,2023-09-13,sz.002625,2025-12-15 20:06:53.901826
-0.1683,2023-09-07,2023-09-14,sz.002625,2025-12-15 20:06:53.901826
0.1329,2023-09-08,2023-09-15,sz.002625,2025-12-15 20:06:53.901826
0.003338,2023-09-11,2023-09-18,sz.002625,2025-12-15 20:06:53.901826
0.005306,2023-09-12,2023-09-19,sz.002625,2025-12-15 20:06:53.901826
-0.1037,2023-09-13,2023-09-20,sz.002625,2025-12-15 20:06:53.901826
-0.116,2023-09-14,2023-09-21,sz.002625,2025-12-15 20:06:53.901826
-0.02284,2023-09-15,2023-09-22,sz.002625,2025-12-15 20:06:53.901826
-0.02466,2023-09-18,2023-09-25,sz.002625,2025-12-15 20:06:53.901826
-0.1398,2023-09-19,2023-09-26,sz.002625,2025-12-15 20:06:53.901826
0.01436,2023-09-20,2023-09-27,sz.002625,2025-12-15 20:06:53.901826
0.05746,2023-09-21,2023-09-28,sz.002625,2025-12-15 20:06:53.901826
0.1273,2023-09-22,2023-09-29,sz.002625,2025-12-15 20:06:53.901826
-0.1661,2023-09-25,2023-10-02,sz.002625,2025-12-15 20:06:53.901826
0.03146,2023-09-26,2023-10-03,sz.002625,2025-12-15 20:06:53.901826
0.07947,2023-09-27,2023-10-04,sz.002625,2025-12-15 20:06:53.901826
0.0634,2023-09-28,2023-10-05,sz.002625,2025-12-15 20:06:53.901826
0.02501,2023-10-09,2023-10-16,sz.002625,2025-12-15 20:06:53.901826
0.02968,2023-10-10,2023-10-17,sz.002625,2025-12-15 20:06:53.901826
-0.09955,2023-10-11,2023-10-18,sz.002625,2025-12-15 20:06:53.901826
0.0689,2023-10-12,2023-10-19,sz.002625,2025-12-15 20:06:53.901826
-0.1229,2023-10-13,2023-10-20,sz.002625,2025-12-15 20:06:53.901826
-0.1414,2023-10-16,2023-10-23,sz.002625,2025-12-15 20:06:53.901826
0.0721,2023-10-17,2023-10-24,sz.002625,2025-12-15 20:06:53.901826
0.01808,2023-10-18,2023-10-25,sz.002625,2025-12-15 20:06:53.901826
-0.098,2023-10-19,2023-10-26,sz.002625,2025-12-15 20:06:53.901826
-0.01464,2023-10-20,2023-10-27,sz.002625,2025-12-15 20:06:53.901826
-0.1864,2023-10-23,2023-10-30,sz.002625,2025-12-15 20:06:53.901826
-0.02869,2023-10-24,2023-10-31,sz.002625,2025-12-15 20:06:53.901826
-0.02763,2023-10-25,2023-11-01,sz.002625,2025-12-15 20:06:53.901826
0.091,2023-10-26,2023-11-02,sz.002625,2025-12-15 20:06:53.901826
0.09534,2023-10-27,2023-11-03,sz.002625,2025-12-15 20:06:53.901826
0.10736,2023-10-30,2023-11-06,sz.002625,2025-12-15 20:06:53.901826
-0.0372,2023-10-31,2023-11-07,sz.002625,2025-12-15 20:06:53.901826
0.07104,2023-11-01,2023-11-08,sz.002625,2025-12-15 20:06:53.901826
-0.0615,2023-11-02,2023-11-09,sz.002625,2025-12-15 20:06:53.901826
0.1289,2023-11-03,2023-11-10,sz.002625,2025-12-15 20:06:53.901826
0.10236,2023-11-06,2023-11-13,sz.002625,2025-12-15 20:06:53.901826
0.0726,2023-11-07,2023-11-14,sz.002625,2025-12-15 20:06:53.901826
0.08215,2023-11-08,2023-11-15,sz.002625,2025-12-15 20:06:53.901826
-0.05396,2023-11-09,2023-11-16,sz.002625,2025-12-15 20:06:53.901826
0.06256,2023-11-10,2023-11-17,sz.002625,2025-12-15 20:06:53.901826
0.1294,2023-11-13,2023-11-20,sz.002625,2025-12-15 20:06:53.901826
0.0501,2023-11-14,2023-11-21,sz.002625,2025-12-15 20:06:53.901826
-0.01808,2023-11-15,2023-11-22,sz.002625,2025-12-15 20:06:53.901826
-0.006,2023-11-16,2023-11-23,sz.002625,2025-12-15 20:06:53.901826
0.1416,2023-11-17,2023-11-24,sz.002625,2025-12-15 20:06:53.901826
0.0582,2023-11-20,2023-11-27,sz.002625,2025-12-15 20:06:53.901826
-0.0345,2023-11-21,2023-11-28,sz.002625,2025-12-15 20:06:53.901826
-0.0371,2023-11-22,2023-11-29,sz.002625,2025-12-15 20:06:53.901826
0.09625,2023-11-23,2023-11-30,sz.002625,2025-12-15 20:06:53.901826
-0.1458,2023-11-24,2023-12-01,sz.002625,2025-12-15 20:06:53.901826
0.0891,2023-11-27,2023-12-04,sz.002625,2025-12-15 20:06:53.901826
0.10547,2023-11-28,2023-12-05,sz.002625,2025-12-15 20:06:53.901826
0.02657,2023-11-29,2023-12-06,sz.002625,2025-12-15 20:06:53.901826
-0.0497,2023-11-30,2023-12-07,sz.002625,2025-12-15 20:06:53.901826
-0.03873,2023-12-01,2023-12-08,sz.002625,2025-12-15 20:06:53.901826
0.007507,2023-12-04,2023-12-11,sz.002625,2025-12-15 20:06:53.901826
-0.09247,2023-12-05,2023-12-12,sz.002625,2025-12-15 20:06:53.901826
0.0643,2023-12-06,2023-12-13,sz.002625,2025-12-15 20:06:53.901826
-0.12213,2023-12-07,2023-12-14,sz.002625,2025-12-15 20:06:53.901826
0.04752,2023-12-08,2023-12-15,sz.002625,2025-12-15 20:06:53.901826
0.136,2023-12-11,2023-12-18,sz.002625,2025-12-15 20:06:53.901826
-0.2489,2023-12-12,2023-12-19,sz.002625,2025-12-15 20:06:53.901826
-0.06155,2023-12-13,2023-12-20,sz.002625,2025-12-15 20:06:53.901826
0.03293,2023-12-14,2023-12-21,sz.002625,2025-12-15 20:06:53.901826
-0.2065,2023-12-15,2023-12-22,sz.002625,2025-12-15 20:06:53.901826
-0.2031,2023-12-18,2023-12-25,sz.002625,2025-12-15 20:06:53.901826
0.02911,2023-12-19,2023-12-26,sz.002625,2025-12-15 20:06:53.901826
-0.0683,2023-12-20,2023-12-27,sz.002625,2025-12-15 20:06:53.901826
0.0885,2023-12-21,2023-12-28,sz.002625,2025-12-15 20:06:53.901826
0.0676,2023-12-22,2023-12-29,sz.002625,2025-12-15 20:06:53.901826
-0.03696,2023-12-25,2024-01-01,sz.002625,2025-12-15 20:06:53.901826
-0.003893,2023-12-26,2024-01-02,sz.002625,2025-12-15 20:06:53.901826
0.000498,2023-12-27,2024-01-03,sz.002625,2025-12-15 20:06:53.901826
0.0372,2023-12-28,2024-01-04,sz.002625,2025-12-15 20:06:53.901826
0.08936,2023-12-29,2024-01-05,sz.002625,2025-12-15 20:06:53.901826
-0.01057,2024-01-02,2024-01-09,sz.002625,2025-12-15 20:06:53.901826
0.02335,2024-01-03,2024-01-10,sz.002625,2025-12-15 20:06:53.901826
-0.1098,2024-01-04,2024-01-11,sz.002625,2025-12-15 20:06:53.901826
-0.2014,2024-01-05,2024-01-12,sz.002625,2025-12-15 20:06:53.901826
-0.2444,2024-01-08,2024-01-15,sz.002625,2025-12-15 20:06:53.901826
-0.010315,2024-01-09,2024-01-16,sz.002625,2025-12-15 20:06:53.901826
-0.03473,2024-01-10,2024-01-17,sz.002625,2025-12-15 20:06:53.901826
0.08813,2024-01-11,2024-01-18,sz.002625,2025-12-15 20:06:53.901826
0.05844,2024-01-12,2024-01-19,sz.002625,2025-12-15 20:06:53.901826
-0.09973,2024-01-15,2024-01-22,sz.002625,2025-12-15 20:06:53.901826
-0.11707,2024-01-16,2024-01-23,sz.002625,2025-12-15 20:06:53.901826
-0.341,2024-01-17,2024-01-24,sz.002625,2025-12-15 20:06:53.901826
-0.168,2024-01-18,2024-01-25,sz.002625,2025-12-15 20:06:53.901826
-0.1193,2024-01-19,2024-01-26,sz.002625,2025-12-15 20:06:53.901826
-0.553,2024-01-22,2024-01-29,sz.002625,2025-12-15 20:06:53.901826
0.1487,2024-01-23,2024-01-30,sz.002625,2025-12-15 20:06:53.901826
-0.1443,2024-01-24,2024-01-31,sz.002625,2025-12-15 20:06:53.901826
0.0584,2024-01-25,2024-02-01,sz.002625,2025-12-15 20:06:53.901826
-0.07855,2024-01-26,2024-02-02,sz.002625,2025-12-15 20:06:53.901826
-0.3186,2024-01-29,2024-02-05,sz.002625,2025-12-15 20:06:53.901826
-0.09814,2024-01-30,2024-02-06,sz.002625,2025-12-15 20:06:53.901826
-0.2847,2024-01-31,2024-02-07,sz.002625,2025-12-15 20:06:53.901826
-0.0916,2024-02-01,2024-02-08,sz.002625,2025-12-15 20:06:53.901826
-0.5957,2024-02-02,2024-02-09,sz.002625,2025-12-15 20:06:53.901826
-0.567,2024-02-05,2024-02-12,sz.002625,2025-12-15 20:06:53.901826
0.12274,2024-02-06,2024-02-13,sz.002625,2025-12-15 20:06:53.901826
0.0674,2024-02-07,2024-02-14,sz.002625,2025-12-15 20:06:53.901826
0.0759,2024-02-08,2024-02-15,sz.002625,2025-12-15 20:06:53.901826
-0.616,2024-02-19,2024-02-26,sz.002625,2025-12-15 20:06:53.901826
-0.3022,2024-02-20,2024-02-27,sz.002625,2025-12-15 20:06:53.901826
-0.0597,2024-02-21,2024-02-28,sz.002625,2025-12-15 20:06:53.901826
0.0907,2024-02-22,2024-02-29,sz.002625,2025-12-15 20:06:53.901826
-0.02115,2024-02-23,2024-03-01,sz.002625,2025-12-15 20:06:53.901826
0.07947,2024-02-26,2024-03-04,sz.002625,2025-12-15 20:06:53.901826
0.0727,2024-02-27,2024-03-05,sz.002625,2025-12-15 20:06:53.901826
-0.4456,2024-02-28,2024-03-06,sz.002625,2025-12-15 20:06:53.901826
0.236,2024-02-29,2024-03-07,sz.002625,2025-12-15 20:06:53.901826
0.1688,2024-03-01,2024-03-08,sz.002625,2025-12-15 20:06:53.901826
-0.1101,2024-03-04,2024-03-11,sz.002625,2025-12-15 20:06:53.901826
-0.12256,2024-03-05,2024-03-12,sz.002625,2025-12-15 20:06:53.901826
-0.075,2024-03-06,2024-03-13,sz.002625,2025-12-15 20:06:53.901826
-0.4526,2024-03-07,2024-03-14,sz.002625,2025-12-15 20:06:53.901826
0.0823,2024-03-08,2024-03-15,sz.002625,2025-12-15 20:06:53.901826
0.1512,2024-03-11,2024-03-18,sz.002625,2025-12-15 20:06:53.901826
-0.034,2024-03-12,2024-03-19,sz.002625,2025-12-15 20:06:53.901826
-0.0393,2024-03-13,2024-03-20,sz.002625,2025-12-15 20:06:53.901826
-0.1753,2024-03-14,2024-03-21,sz.002625,2025-12-15 20:06:53.901826
0.131,2024-03-15,2024-03-22,sz.002625,2025-12-15 20:06:53.901826
-0.2301,2024-03-18,2024-03-25,sz.002625,2025-12-15 20:06:53.901826
-0.07294,2024-03-19,2024-03-26,sz.002625,2025-12-15 20:06:53.901826
0.2219,2024-03-20,2024-03-27,sz.002625,2025-12-15 20:06:53.901826
-0.2847,2024-03-21,2024-03-28,sz.002625,2025-12-15 20:06:53.901826
0.0917,2024-03-22,2024-03-29,sz.002625,2025-12-15 20:06:53.901826
-0.288,2024-03-25,2024-04-01,sz.002625,2025-12-15 20:06:53.901826
0.07715,2024-03-26,2024-04-02,sz.002625,2025-12-15 20:06:53.901826
-0.1898,2024-03-27,2024-04-03,sz.002625,2025-12-15 20:06:53.901826
-0.11115,2024-03-28,2024-04-04,sz.002625,2025-12-15 20:06:53.901826
0.1763,2024-03-29,2024-04-05,sz.002625,2025-12-15 20:06:53.901826
-1.163,2024-04-01,2024-04-08,sz.002625,2025-12-15 20:06:53.901826
-1.356,2024-04-02,2024-04-09,sz.002625,2025-12-15 20:06:53.901826
-0.486,2024-04-03,2024-04-10,sz.002625,2025-12-15 20:06:53.901826
-0.7324,2024-04-08,2024-04-15,sz.002625,2025-12-15 20:06:53.901826
-0.2773,2024-04-09,2024-04-16,sz.002625,2025-12-15 20:06:53.901826
-0.0802,2024-04-10,2024-04-17,sz.002625,2025-12-15 20:06:53.901826
-0.171,2024-04-11,2024-04-18,sz.002625,2025-12-15 20:06:53.901826
-0.02611,2024-04-12,2024-04-19,sz.002625,2025-12-15 20:06:53.901826
-0.037,2024-04-15,2024-04-22,sz.002625,2025-12-15 20:06:53.901826
-1.129,2024-04-16,2024-04-23,sz.002625,2025-12-15 20:06:53.901826
0.2003,2024-04-17,2024-04-24,sz.002625,2025-12-15 20:06:53.901826
-0.0901,2024-04-18,2024-04-25,sz.002625,2025-12-15 20:06:53.901826
0.2544,2024-04-19,2024-04-26,sz.002625,2025-12-15 20:06:53.901826
-0.847,2024-04-22,2024-04-29,sz.002625,2025-12-15 20:06:53.901826
-0.2404,2024-04-23,2024-04-30,sz.002625,2025-12-15 20:06:53.901826
0.2439,2024-04-24,2024-05-01,sz.002625,2025-12-15 20:06:53.901826
-0.2247,2024-04-25,2024-05-02,sz.002625,2025-12-15 20:06:53.901826
0.1163,2024-04-26,2024-05-03,sz.002625,2025-12-15 20:06:53.901826
0.1074,2024-04-29,2024-05-06,sz.002625,2025-12-15 20:06:53.901826
-0.529,2024-04-30,2024-05-07,sz.002625,2025-12-15 20:06:53.901826
-0.0769,2024-05-06,2024-05-13,sz.002625,2025-12-15 20:06:53.901826
-0.002575,2024-05-07,2024-05-14,sz.002625,2025-12-15 20:06:53.901826
-0.627,2024-05-08,2024-05-15,sz.002625,2025-12-15 20:06:53.901826
-0.1043,2024-05-09,2024-05-16,sz.002625,2025-12-15 20:06:53.901826
-0.3472,2024-05-10,2024-05-17,sz.002625,2025-12-15 20:06:53.901826
-0.2573,2024-05-13,2024-05-20,sz.002625,2025-12-15 20:06:53.901826
-0.1035,2024-05-14,2024-05-21,sz.002625,2025-12-15 20:06:53.901826
-0.01646,2024-05-15,2024-05-22,sz.002625,2025-12-15 20:06:53.901826
-0.1338,2024-05-16,2024-05-23,sz.002625,2025-12-15 20:06:53.901826
0.1168,2024-05-17,2024-05-24,sz.002625,2025-12-15 20:06:53.901826
-0.1675,2024-05-20,2024-05-27,sz.002625,2025-12-15 20:06:53.901826
-0.007004,2024-05-21,2024-05-28,sz.002625,2025-12-15 20:06:53.901826
-0.0112,2024-05-22,2024-05-29,sz.002625,2025-12-15 20:06:53.901826
-0.03836,2024-05-23,2024-05-30,sz.002625,2025-12-15 20:06:53.901826
-0.51,2024-05-24,2024-05-31,sz.002625,2025-12-15 20:06:53.901826
0.005947,2024-05-27,2024-06-03,sz.002625,2025-12-15 20:06:53.901826
-0.2225,2024-05-28,2024-06-04,sz.002625,2025-12-15 20:06:53.901826
0.03873,2024-05-29,2024-06-05,sz.002625,2025-12-15 20:06:53.901826
0.002436,2024-05-30,2024-06-06,sz.002625,2025-12-15 20:06:53.901826
0.1501,2024-05-31,2024-06-07,sz.002625,2025-12-15 20:06:53.901826
-0.1547,2024-06-03,2024-06-10,sz.002625,2025-12-15 20:06:53.901826
0.1583,2024-06-04,2024-06-11,sz.002625,2025-12-15 20:06:53.901826
-0.0469,2024-06-05,2024-06-12,sz.002625,2025-12-15 20:06:53.901826
-0.389,2024-06-06,2024-06-13,sz.002625,2025-12-15 20:06:53.901826
-0.1417,2024-06-07,2024-06-14,sz.002625,2025-12-15 20:06:53.901826
0.1072,2024-06-11,2024-06-18,sz.002625,2025-12-15 20:06:53.901826
0.1473,2024-06-12,2024-06-19,sz.002625,2025-12-15 20:06:53.901826
0.0403,2024-06-13,2024-06-20,sz.002625,2025-12-15 20:06:53.901826
-0.012474,2024-06-14,2024-06-21,sz.002625,2025-12-15 20:06:53.901826
0.07837,2024-06-17,2024-06-24,sz.002625,2025-12-15 20:06:53.901826
0.1233,2024-06-18,2024-06-25,sz.002625,2025-12-15 20:06:53.901826
-0.1666,2024-06-19,2024-06-26,sz.002625,2025-12-15 20:06:53.901826
-0.3281,2024-06-20,2024-06-27,sz.002625,2025-12-15 20:06:53.901826
0.0397,2024-06-21,2024-06-28,sz.002625,2025-12-15 20:06:53.901826
-0.28,2024-06-24,2024-07-01,sz.002625,2025-12-15 20:06:53.901826
-0.2318,2024-06-25,2024-07-02,sz.002625,2025-12-15 20:06:53.901826
0.1715,2024-06-26,2024-07-03,sz.002625,2025-12-15 20:06:53.901826
-0.1971,2024-06-27,2024-07-04,sz.002625,2025-12-15 20:06:53.901826
0.0523,2024-06-28,2024-07-05,sz.002625,2025-12-15 20:06:53.901826
-0.00553,2024-07-01,2024-07-08,sz.002625,2025-12-15 20:06:53.901826
-0.2078,2024-07-02,2024-07-09,sz.002625,2025-12-15 20:06:53.901826
-0.02078,2024-07-03,2024-07-10,sz.002625,2025-12-15 20:06:53.901826
-0.094,2024-07-04,2024-07-11,sz.002625,2025-12-15 20:06:53.901826
0.10205,2024-07-05,2024-07-12,sz.002625,2025-12-15 20:06:53.901826
-0.1577,2024-07-08,2024-07-15,sz.002625,2025-12-15 20:06:53.901826
0.254,2024-07-09,2024-07-16,sz.002625,2025-12-15 20:06:53.901826
0.06104,2024-07-10,2024-07-17,sz.002625,2025-12-15 20:06:53.901826
-0.04224,2024-07-11,2024-07-18,sz.002625,2025-12-15 20:06:53.901826
0.03885,2024-07-12,2024-07-19,sz.002625,2025-12-15 20:06:53.901826
-0.2361,2024-07-15,2024-07-22,sz.002625,2025-12-15 20:06:53.901826
0.1821,2024-07-16,2024-07-23,sz.002625,2025-12-15 20:06:53.901826
-0.153,2024-07-17,2024-07-24,sz.002625,2025-12-15 20:06:53.901826
-0.02376,2024-07-18,2024-07-25,sz.002625,2025-12-15 20:06:53.901826
0.0498,2024-07-19,2024-07-26,sz.002625,2025-12-15 20:06:53.901826
0.03226,2024-07-22,2024-07-29,sz.002625,2025-12-15 20:06:53.901826
-0.5625,2024-07-23,2024-07-30,sz.002625,2025-12-15 20:06:53.901826
-0.1274,2024-07-24,2024-07-31,sz.002625,2025-12-15 20:06:53.901826
-0.04486,2024-07-25,2024-08-01,sz.002625,2025-12-15 20:06:53.901826
0.1613,2024-07-26,2024-08-02,sz.002625,2025-12-15 20:06:53.901826
-0.04004,2024-07-29,2024-08-05,sz.002625,2025-12-15 20:06:53.901826
-0.03394,2024-07-30,2024-08-06,sz.002625,2025-12-15 20:06:53.901826
0.1501,2024-07-31,2024-08-07,sz.002625,2025-12-15 20:06:53.901826
-0.000738,2024-08-01,2024-08-08,sz.002625,2025-12-15 20:06:53.901826
-0.1201,2024-08-02,2024-08-09,sz.002625,2025-12-15 20:06:53.901826
-0.679,2024-08-05,2024-08-12,sz.002625,2025-12-15 20:06:53.901826
0.12213,2024-08-06,2024-08-13,sz.002625,2025-12-15 20:06:53.901826
-0.00353,2024-08-07,2024-08-14,sz.002625,2025-12-15 20:06:53.901826
-0.2428,2024-08-08,2024-08-15,sz.002625,2025-12-15 20:06:53.901826
-0.07825,2024-08-09,2024-08-16,sz.002625,2025-12-15 20:06:53.901826
-0.01172,2024-08-12,2024-08-19,sz.002625,2025-12-15 20:06:53.901826
-0.10455,2024-08-13,2024-08-20,sz.002625,2025-12-15 20:06:53.901826
-0.12396,2024-08-14,2024-08-21,sz.002625,2025-12-15 20:06:53.901826
0.09235,2024-08-15,2024-08-22,sz.002625,2025-12-15 20:06:53.901826
-0.251,2024-08-16,2024-08-23,sz.002625,2025-12-15 20:06:53.901826
0.1252,2024-08-19,2024-08-26,sz.002625,2025-12-15 20:06:53.901826
-0.2783,2024-08-20,2024-08-27,sz.002625,2025-12-15 20:06:53.901826
0.1227,2024-08-21,2024-08-28,sz.002625,2025-12-15 20:06:53.901826
-0.2676,2024-08-22,2024-08-29,sz.002625,2025-12-15 20:06:53.901826
0.10455,2024-08-23,2024-08-30,sz.002625,2025-12-15 20:06:53.901826
0.04718,2024-08-26,2024-09-02,sz.002625,2025-12-15 20:06:53.901826
-0.1815,2024-08-27,2024-09-03,sz.002625,2025-12-15 20:06:53.901826
-0.1355,2024-08-28,2024-09-04,sz.002625,2025-12-15 20:06:53.901826
0.1576,2024-08-29,2024-09-05,sz.002625,2025-12-15 20:06:53.901826
0.1984,2024-08-30,2024-09-06,sz.002625,2025-12-15 20:06:53.901826
-0.23,2024-09-02,2024-09-09,sz.002625,2025-12-15 20:06:53.901826
0.1255,2024-09-03,2024-09-10,sz.002625,2025-12-15 20:06:53.901826
0.056,2024-09-04,2024-09-11,sz.002625,2025-12-15 20:06:53.901826
0.0818,2024-09-05,2024-09-12,sz.002625,2025-12-15 20:06:53.901826
-0.1405,2024-09-06,2024-09-13,sz.002625,2025-12-15 20:06:53.901826
0.0418,2024-09-09,2024-09-16,sz.002625,2025-12-15 20:06:53.901826
0.2123,2024-09-10,2024-09-17,sz.002625,2025-12-15 20:06:53.901826
0.04553,2024-09-11,2024-09-18,sz.002625,2025-12-15 20:06:53.901826
-0.2878,2024-09-12,2024-09-19,sz.002625,2025-12-15 20:06:53.901826
-0.1666,2024-09-13,2024-09-20,sz.002625,2025-12-15 20:06:53.901826
-0.05542,2024-09-18,2024-09-25,sz.002625,2025-12-15 20:06:53.901826
-0.3386,2024-09-19,2024-09-26,sz.002625,2025-12-15 20:06:53.901826
-0.09845,2024-09-20,2024-09-27,sz.002625,2025-12-15 20:06:53.901826
-0.02055,2024-09-23,2024-09-30,sz.002625,2025-12-15 20:06:53.901826
0.0921,2024-09-24,2024-10-01,sz.002625,2025-12-15 20:06:53.901826
0.1263,2024-09-25,2024-10-02,sz.002625,2025-12-15 20:06:53.901826
0.2249,2024-09-26,2024-10-03,sz.002625,2025-12-15 20:06:53.901826
-0.015,2024-09-27,2024-10-04,sz.002625,2025-12-15 20:06:53.901826
0.1532,2024-09-30,2024-10-07,sz.002625,2025-12-15 20:06:53.901826
0.02861,2024-10-08,2024-10-15,sz.002625,2025-12-15 20:06:53.901826
-0.865,2024-10-09,2024-10-16,sz.002625,2025-12-15 20:06:53.901826
-0.8447,2024-10-10,2024-10-17,sz.002625,2025-12-15 20:06:53.901826
-0.4834,2024-10-11,2024-10-18,sz.002625,2025-12-15 20:06:53.901826
-0.4197,2024-10-14,2024-10-21,sz.002625,2025-12-15 20:06:53.901826
0.00844,2024-10-15,2024-10-22,sz.002625,2025-12-15 20:06:53.901826
-1.227,2024-10-16,2024-10-23,sz.002625,2025-12-15 20:06:53.901826
-0.014465,2024-10-17,2024-10-24,sz.002625,2025-12-15 20:06:53.901826
-0.4185,2024-10-18,2024-10-25,sz.002625,2025-12-15 20:06:53.901826
-0.144,2024-10-21,2024-10-28,sz.002625,2025-12-15 20:06:53.901826
-0.994,2024-10-22,2024-10-29,sz.002625,2025-12-15 20:06:53.901826
0.04257,2024-10-23,2024-10-30,sz.002625,2025-12-15 20:06:53.901826
-0.8633,2024-10-24,2024-10-31,sz.002625,2025-12-15 20:06:53.901826
-0.7593,2024-10-25,2024-11-01,sz.002625,2025-12-15 20:06:53.901826
-0.03546,2024-10-28,2024-11-04,sz.002625,2025-12-15 20:06:53.901826
-0.564,2024-10-29,2024-11-05,sz.002625,2025-12-15 20:06:53.901826
-0.375,2024-10-30,2024-11-06,sz.002625,2025-12-15 20:06:53.901826
-0.4863,2024-10-31,2024-11-07,sz.002625,2025-12-15 20:06:53.901826
-1.209,2024-11-01,2024-11-08,sz.002625,2025-12-15 20:06:53.901826
-0.3926,2024-11-04,2024-11-11,sz.002625,2025-12-15 20:06:53.901826
-0.02802,2024-11-05,2024-11-12,sz.002625,2025-12-15 20:06:53.901826
-0.3552,2024-11-06,2024-11-13,sz.002625,2025-12-15 20:06:53.901826
-0.75,2024-11-07,2024-11-14,sz.002625,2025-12-15 20:06:53.901826
-0.2362,2024-11-08,2024-11-15,sz.002625,2025-12-15 20:06:53.901826
-0.563,2024-11-11,2024-11-18,sz.002625,2025-12-15 20:06:53.901826
-0.655,2024-11-12,2024-11-19,sz.002625,2025-12-15 20:06:53.901826
-0.6655,2024-11-13,2024-11-20,sz.002625,2025-12-15 20:06:53.901826
-0.837,2024-11-14,2024-11-21,sz.002625,2025-12-15 20:06:53.901826
-1.254,2024-11-15,2024-11-22,sz.002625,2025-12-15 20:06:53.901826
-1.18,2024-11-18,2024-11-25,sz.002625,2025-12-15 20:06:53.901826
-0.1696,2024-11-19,2024-11-26,sz.002625,2025-12-15 20:06:53.901826
-0.3135,2024-11-20,2024-11-27,sz.002625,2025-12-15 20:06:53.901826
-0.378,2024-11-21,2024-11-28,sz.002625,2025-12-15 20:06:53.901826
-0.573,2024-11-22,2024-11-29,sz.002625,2025-12-15 20:06:53.901826
-0.398,2024-11-25,2024-12-02,sz.002625,2025-12-15 20:06:53.901826
-0.687,2024-11-26,2024-12-03,sz.002625,2025-12-15 20:06:53.901826
-0.1586,2024-11-27,2024-12-04,sz.002625,2025-12-15 20:06:53.901826
-0.5205,2024-11-28,2024-12-05,sz.002625,2025-12-15 20:06:53.901826
-0.2534,2024-11-29,2024-12-06,sz.002625,2025-12-15 20:06:53.901826
-0.2207,2024-12-02,2024-12-09,sz.002625,2025-12-15 20:06:53.901826
-0.352,2024-12-03,2024-12-10,sz.002625,2025-12-15 20:06:53.901826
-0.4363,2024-12-04,2024-12-11,sz.002625,2025-12-15 20:06:53.901826
-0.1696,2024-12-05,2024-12-12,sz.002625,2025-12-15 20:06:53.901826
-0.274,2024-12-06,2024-12-13,sz.002625,2025-12-15 20:06:53.901826
-0.4612,2024-12-09,2024-12-16,sz.002625,2025-12-15 20:06:53.901826
-0.612,2024-12-10,2024-12-17,sz.002625,2025-12-15 20:06:53.901826
-0.2109,2024-12-11,2024-12-18,sz.002625,2025-12-15 20:06:53.901826
-0.237,2024-12-12,2024-12-19,sz.002625,2025-12-15 20:06:53.901826
-0.624,2024-12-13,2024-12-20,sz.002625,2025-12-15 20:06:53.901826
-0.2717,2024-12-16,2024-12-23,sz.002625,2025-12-15 20:06:53.901826
-0.5728,2024-12-17,2024-12-24,sz.002625,2025-12-15 20:06:53.901826
-0.3997,2024-12-18,2024-12-25,sz.002625,2025-12-15 20:06:53.901826
-0.1403,2024-12-19,2024-12-26,sz.002625,2025-12-15 20:06:53.901826
-0.385,2024-12-20,2024-12-27,sz.002625,2025-12-15 20:06:53.901826
-0.4875,2024-12-23,2024-12-30,sz.002625,2025-12-15 20:06:53.901826
-0.2734,2024-12-24,2024-12-31,sz.002625,2025-12-15 20:06:53.901826
-0.405,2024-12-25,2025-01-01,sz.002625,2025-12-15 20:06:53.901826
-0.2466,2024-12-26,2025-01-02,sz.002625,2025-12-15 20:06:53.901826
-0.3198,2024-12-27,2025-01-03,sz.002625,2025-12-15 20:06:53.901826
-0.3804,2024-12-30,2025-01-06,sz.002625,2025-12-15 20:06:53.901826
-0.3882,2024-12-31,2025-01-07,sz.002625,2025-12-15 20:06:53.901826
-1.308,2025-01-02,2025-01-09,sz.002625,2025-12-15 20:06:53.901826
-0.678,2025-01-03,2025-01-10,sz.002625,2025-12-15 20:06:53.901826
-0.5796,2025-01-06,2025-01-13,sz.002625,2025-12-15 20:06:53.901826
-0.1659,2025-01-07,2025-01-14,sz.002625,2025-12-15 20:06:53.901826
-0.2003,2025-01-08,2025-01-15,sz.002625,2025-12-15 20:06:53.901826
-0.3315,2025-01-09,2025-01-16,sz.002625,2025-12-15 20:06:53.901826
-0.4253,2025-01-10,2025-01-17,sz.002625,2025-12-15 20:06:53.901826
-0.2507,2025-01-13,2025-01-20,sz.002625,2025-12-15 20:06:53.901826
-0.2229,2025-01-14,2025-01-21,sz.002625,2025-12-15 20:06:53.901826
-0.3936,2025-01-15,2025-01-22,sz.002625,2025-12-15 20:06:53.901826
-0.3125,2025-01-16,2025-01-23,sz.002625,2025-12-15 20:06:53.901826
-0.2776,2025-01-17,2025-01-24,sz.002625,2025-12-15 20:06:53.901826
-0.2852,2025-01-20,2025-01-27,sz.002625,2025-12-15 20:06:53.901826
-0.3564,2025-01-21,2025-01-28,sz.002625,2025-12-15 20:06:53.901826
-0.3696,2025-01-22,2025-01-29,sz.002625,2025-12-15 20:06:53.901826
-1.402,2025-01-23,2025-01-30,sz.002625,2025-12-15 20:06:53.901826
-0.2256,2025-01-24,2025-01-31,sz.002625,2025-12-15 20:06:53.901826
-0.3733,2025-01-27,2025-02-03,sz.002625,2025-12-15 20:06:53.901826
-0.2551,2025-02-05,2025-02-12,sz.002625,2025-12-15 20:06:53.901826
-0.3433,2025-02-06,2025-02-13,sz.002625,2025-12-15 20:06:53.901826
-0.353,2025-02-07,2025-02-14,sz.002625,2025-12-15 20:06:53.901826
-0.2874,2025-02-10,2025-02-17,sz.002625,2025-12-15 20:06:53.901826
-0.4773,2025-02-11,2025-02-18,sz.002625,2025-12-15 20:06:53.901826
-0.1436,2025-02-12,2025-02-19,sz.002625,2025-12-15 20:06:53.901826
-0.6587,2025-02-13,2025-02-20,sz.002625,2025-12-15 20:06:53.901826
-0.1659,2025-02-14,2025-02-21,sz.002625,2025-12-15 20:06:53.901826
-0.1976,2025-02-17,2025-02-24,sz.002625,2025-12-15 20:06:53.901826
-0.618,2025-02-18,2025-02-25,sz.002625,2025-12-15 20:06:53.901826
-0.1184,2025-02-19,2025-02-26,sz.002625,2025-12-15 20:06:53.901826
-0.23,2025-02-20,2025-02-27,sz.002625,2025-12-15 20:06:53.901826
-0.1882,2025-02-21,2025-02-28,sz.002625,2025-12-15 20:06:53.901826
-0.4854,2025-02-24,2025-03-03,sz.002625,2025-12-15 20:06:53.901826
-0.289,2025-02-25,2025-03-04,sz.002625,2025-12-15 20:06:53.901826
-0.3826,2025-02-26,2025-03-05,sz.002625,2025-12-15 20:06:53.901826
-0.602,2025-02-27,2025-03-06,sz.002625,2025-12-15 20:06:53.901826
-0.527,2025-02-28,2025-03-07,sz.002625,2025-12-15 20:06:53.901826
-0.3962,2025-03-03,2025-03-10,sz.002625,2025-12-15 20:06:53.901826
-0.1466,2025-03-04,2025-03-11,sz.002625,2025-12-15 20:06:53.901826
-0.2112,2025-03-05,2025-03-12,sz.002625,2025-12-15 20:06:53.901826
-0.2312,2025-03-06,2025-03-13,sz.002625,2025-12-15 20:06:53.901826
-0.4133,2025-03-07,2025-03-14,sz.002625,2025-12-15 20:06:53.901826
-0.2542,2025-03-10,2025-03-17,sz.002625,2025-12-15 20:06:53.901826
-0.2002,2025-03-11,2025-03-18,sz.002625,2025-12-15 20:06:53.901826
-0.255,2025-03-12,2025-03-19,sz.002625,2025-12-15 20:06:53.901826
-0.4202,2025-03-13,2025-03-20,sz.002625,2025-12-15 20:06:53.901826
-0.1256,2025-03-14,2025-03-21,sz.002625,2025-12-15 20:06:53.901826
-0.269,2025-03-17,2025-03-24,sz.002625,2025-12-15 20:06:53.901826
-0.1532,2025-03-18,2025-03-25,sz.002625,2025-12-15 20:06:53.901826
-0.572,2025-03-19,2025-03-26,sz.002625,2025-12-15 20:06:53.901826
-0.2834,2025-03-20,2025-03-27,sz.002625,2025-12-15 20:06:53.901826
-0.2433,2025-03-21,2025-03-28,sz.002625,2025-12-15 20:06:53.901826
-0.2207,2025-03-24,2025-03-31,sz.002625,2025-12-15 20:06:53.901826
-0.676,2025-03-25,2025-04-01,sz.002625,2025-12-15 20:06:53.901826
-0.2935,2025-03-26,2025-04-02,sz.002625,2025-12-15 20:06:53.901826
-0.2842,2025-03-27,2025-04-03,sz.002625,2025-12-15 20:06:53.901826
-0.25,2025-03-28,2025-04-04,sz.002625,2025-12-15 20:06:53.901826
-0.3867,2025-03-31,2025-04-07,sz.002625,2025-12-15 20:06:53.901826
-1.29,2025-04-01,2025-04-08,sz.002625,2025-12-15 20:06:53.901826
-0.1682,2025-04-02,2025-04-09,sz.002625,2025-12-15 20:06:53.901826
-0.06012,2025-04-03,2025-04-10,sz.002625,2025-12-15 20:06:53.901826
-1.134,2025-04-07,2025-04-14,sz.002625,2025-12-15 20:06:53.901826
-0.2715,2025-04-08,2025-04-15,sz.002625,2025-12-15 20:06:53.901826
-0.3386,2025-04-09,2025-04-16,sz.002625,2025-12-15 20:06:53.901826
-0.03986,2025-04-10,2025-04-17,sz.002625,2025-12-15 20:06:53.901826
-0.2502,2025-04-11,2025-04-18,sz.002625,2025-12-15 20:06:53.901826
-0.2211,2025-04-14,2025-04-21,sz.002625,2025-12-15 20:06:53.901826
-0.2888,2025-04-15,2025-04-22,sz.002625,2025-12-15 20:06:53.901826
-0.2113,2025-04-16,2025-04-23,sz.002625,2025-12-15 20:06:53.901826
-0.214,2025-04-17,2025-04-24,sz.002625,2025-12-15 20:06:53.901826
-0.2349,2025-04-18,2025-04-25,sz.002625,2025-12-15 20:06:53.901826
-0.0814,2025-04-21,2025-04-28,sz.002625,2025-12-15 20:06:53.901826
-0.5347,2025-04-22,2025-04-29,sz.002625,2025-12-15 20:06:53.901826
-0.2423,2025-04-23,2025-04-30,sz.002625,2025-12-15 20:06:53.901826
-0.2446,2025-04-24,2025-05-01,sz.002625,2025-12-15 20:06:53.901826
-0.1733,2025-04-25,2025-05-02,sz.002625,2025-12-15 20:06:53.901826
-0.4102,2025-04-28,2025-05-05,sz.002625,2025-12-15 20:06:53.901826
-0.3706,2025-04-29,2025-05-06,sz.002625,2025-12-15 20:06:53.901826
-0.1375,2025-04-30,2025-05-07,sz.002625,2025-12-15 20:06:53.901826
-0.1975,2025-05-06,2025-05-13,sz.002625,2025-12-15 20:06:53.901826
-0.24,2025-05-07,2025-05-14,sz.002625,2025-12-15 20:06:53.901826
-0.3103,2025-05-08,2025-05-15,sz.002625,2025-12-15 20:06:53.901826
-0.322,2025-05-09,2025-05-16,sz.002625,2025-12-15 20:06:53.901826
-0.382,2025-05-12,2025-05-19,sz.002625,2025-12-15 20:06:53.901826
-0.4258,2025-05-13,2025-05-20,sz.002625,2025-12-15 20:06:53.901826
-0.2524,2025-05-14,2025-05-21,sz.002625,2025-12-15 20:06:53.901826
-0.282,2025-05-15,2025-05-22,sz.002625,2025-12-15 20:06:53.901826
-0.2886,2025-05-16,2025-05-23,sz.002625,2025-12-15 20:06:53.901826
-0.2554,2025-05-19,2025-05-26,sz.002625,2025-12-15 20:06:53.901826
-0.3052,2025-05-20,2025-05-27,sz.002625,2025-12-15 20:06:53.901826
-0.1255,2025-05-21,2025-05-28,sz.002625,2025-12-15 20:06:53.901826
-0.1389,2025-05-22,2025-05-29,sz.002625,2025-12-15 20:06:53.901826
-0.3086,2025-05-23,2025-05-30,sz.002625,2025-12-15 20:06:53.901826
-0.2413,2025-05-26,2025-06-02,sz.002625,2025-12-15 20:06:53.901826
-0.362,2025-05-27,2025-06-03,sz.002625,2025-12-15 20:06:53.901826
-0.1948,2025-05-28,2025-06-04,sz.002625,2025-12-15 20:06:53.901826
-0.1461,2025-05-29,2025-06-05,sz.002625,2025-12-15 20:06:53.901826
-0.4495,2025-05-30,2025-06-06,sz.002625,2025-12-15 20:06:53.901826
-0.7573,2025-06-03,2025-06-10,sz.002625,2025-12-15 20:06:53.901826
-0.1577,2025-06-04,2025-06-11,sz.002625,2025-12-15 20:06:53.901826
-0.1989,2025-06-05,2025-06-12,sz.002625,2025-12-15 20:06:53.901826
-0.1554,2025-06-06,2025-06-13,sz.002625,2025-12-15 20:06:53.901826
-0.1814,2025-06-09,2025-06-16,sz.002625,2025-12-15 20:06:53.901826
-0.3862,2025-06-10,2025-06-17,sz.002625,2025-12-15 20:06:53.901826
-0.1809,2025-06-11,2025-06-18,sz.002625,2025-12-15 20:06:53.901826
-0.294,2025-06-12,2025-06-19,sz.002625,2025-12-15 20:06:53.901826
-0.1844,2025-06-13,2025-06-20,sz.002625,2025-12-15 20:06:53.901826
-0.537,2025-06-16,2025-06-23,sz.002625,2025-12-15 20:06:53.901826
-0.1622,2025-06-17,2025-06-24,sz.002625,2025-12-15 20:06:53.901826
-0.1059,2025-06-18,2025-06-25,sz.002625,2025-12-15 20:06:53.901826
-0.332,2025-06-19,2025-06-26,sz.002625,2025-12-15 20:06:53.901826
-0.2761,2025-06-20,2025-06-27,sz.002625,2025-12-15 20:06:53.901826
-0.02664,2025-06-23,2025-06-30,sz.002625,2025-12-15 20:06:53.901826
-0.0781,2025-06-24,2025-07-01,sz.002625,2025-12-15 20:06:53.901826
-0.1425,2025-06-25,2025-07-02,sz.002625,2025-12-15 20:06:53.901826
-0.276,2025-06-26,2025-07-03,sz.002625,2025-12-15 20:06:53.901826
-0.1627,2025-06-27,2025-07-04,sz.002625,2025-12-15 20:06:53.901826
-0.03012,2025-06-30,2025-07-07,sz.002625,2025-12-15 20:06:53.901826
-0.3257,2025-07-01,2025-07-08,sz.002625,2025-12-15 20:06:53.901826
-0.3325,2025-07-02,2025-07-09,sz.002625,2025-12-15 20:06:53.901826
-0.02097,2025-07-03,2025-07-10,sz.002625,2025-12-15 20:06:53.901826
-0.2734,2025-07-04,2025-07-11,sz.002625,2025-12-15 20:06:53.901826
-0.2106,2025-07-07,2025-07-14,sz.002625,2025-12-15 20:06:53.901826
-0.04984,2025-07-08,2025-07-15,sz.002625,2025-12-15 20:06:53.901826
-0.3315,2025-07-09,2025-07-16,sz.002625,2025-12-15 20:06:53.901826
-0.11707,2025-07-10,2025-07-17,sz.002625,2025-12-15 20:06:53.901826
-0.1558,2025-07-11,2025-07-18,sz.002625,2025-12-15 20:06:53.901826
-0.1744,2025-07-14,2025-07-21,sz.002625,2025-12-15 20:06:53.901826
-0.2715,2025-07-15,2025-07-22,sz.002625,2025-12-15 20:06:53.901826
-0.302,2025-07-16,2025-07-23,sz.002625,2025-12-15 20:06:53.901826
-0.12213,2025-07-17,2025-07-24,sz.002625,2025-12-15 20:06:53.901826
-0.2803,2025-07-18,2025-07-25,sz.002625,2025-12-15 20:06:53.901826
-0.06976,2025-07-21,2025-07-28,sz.002625,2025-12-15 20:06:53.901826
-0.3857,2025-07-22,2025-07-29,sz.002625,2025-12-15 20:06:53.901826
-0.1307,2025-07-23,2025-07-30,sz.002625,2025-12-15 20:06:53.901826
-0.08295,2025-07-24,2025-07-31,sz.002625,2025-12-15 20:06:53.901826
-0.08844,2025-07-25,2025-08-01,sz.002625,2025-12-15 20:06:53.901826
-0.1001,2025-07-28,2025-08-04,sz.002625,2025-12-15 20:06:53.901826
-0.2402,2025-07-29,2025-08-05,sz.002625,2025-12-15 20:06:53.901826
-0.3362,2025-07-30,2025-08-06,sz.002625,2025-12-15 20:06:53.901826
-0.2937,2025-07-31,2025-08-07,sz.002625,2025-12-15 20:06:53.901826
-0.3247,2025-08-01,2025-08-08,sz.002625,2025-12-15 20:06:53.901826
-0.1349,2025-08-04,2025-08-11,sz.002625,2025-12-15 20:06:53.901826
-0.204,2025-08-05,2025-08-12,sz.002625,2025-12-15 20:06:53.901826
-0.04413,2025-08-06,2025-08-13,sz.002625,2025-12-15 20:06:53.901826
-0.1572,2025-08-07,2025-08-14,sz.002625,2025-12-15 20:06:53.901826
-0.227,2025-08-08,2025-08-15,sz.002625,2025-12-15 20:06:53.901826
-0.1738,2025-08-11,2025-08-18,sz.002625,2025-12-15 20:06:53.901826
-0.449,2025-08-12,2025-08-19,sz.002625,2025-12-15 20:06:53.901826
-0.293,2025-08-13,2025-08-20,sz.002625,2025-12-15 20:06:53.901826
-0.3743,2025-08-14,2025-08-21,sz.002625,2025-12-15 20:06:53.901826
-0.1121,2025-08-15,2025-08-22,sz.002625,2025-12-15 20:06:53.901826
-0.12494,2025-08-18,2025-08-25,sz.002625,2025-12-15 20:06:53.901826
-0.7197,2025-08-19,2025-08-26,sz.002625,2025-12-15 20:06:53.901826
-0.0009055,2025-08-20,2025-08-27,sz.002625,2025-12-15 20:06:53.901826
-0.6006,2025-08-21,2025-08-28,sz.002625,2025-12-15 20:06:53.901826
-0.2898,2025-08-22,2025-08-29,sz.002625,2025-12-15 20:06:53.901826
-0.1652,2025-08-25,2025-09-01,sz.002625,2025-12-15 20:06:53.901826
-0.356,2025-08-26,2025-09-02,sz.002625,2025-12-15 20:06:53.901826
-0.446,2025-08-27,2025-09-03,sz.002625,2025-12-15 20:06:53.901826
-0.554,2025-08-28,2025-09-04,sz.002625,2025-12-15 20:06:53.901826
-0.4976,2025-08-29,2025-09-05,sz.002625,2025-12-15 20:06:53.901826
-0.546,2025-09-01,2025-09-08,sz.002625,2025-12-15 20:06:53.901826
-0.8354,2025-09-02,2025-09-09,sz.002625,2025-12-15 20:06:53.901826
-1.01,2025-09-03,2025-09-10,sz.002625,2025-12-15 20:06:53.901826
-1.084,2025-09-04,2025-09-11,sz.002625,2025-12-15 20:06:53.901826
-0.2396,2025-09-05,2025-09-12,sz.002625,2025-12-15 20:06:53.901826
-0.6045,2025-09-08,2025-09-15,sz.002625,2025-12-15 20:06:53.901826
-0.759,2025-09-09,2025-09-16,sz.002625,2025-12-15 20:06:53.901826
-0.1106,2025-09-10,2025-09-17,sz.002625,2025-12-15 20:06:53.901826
-0.2117,2025-09-11,2025-09-18,sz.002625,2025-12-15 20:06:53.901826
-0.3252,2025-09-12,2025-09-19,sz.002625,2025-12-15 20:06:53.901826
-0.273,2025-09-15,2025-09-22,sz.002625,2025-12-15 20:06:53.901826
-0.2166,2025-09-16,2025-09-23,sz.002625,2025-12-15 20:06:53.901826
-0.1752,2025-09-17,2025-09-24,sz.002625,2025-12-15 20:06:53.901826
-0.548,2025-09-18,2025-09-25,sz.002625,2025-12-15 20:06:53.901826
-0.4941,2025-09-19,2025-09-26,sz.002625,2025-12-15 20:06:53.901826
-0.1613,2025-09-22,2025-09-29,sz.002625,2025-12-15 20:06:53.901826
-0.2727,2025-09-23,2025-09-30,sz.002625,2025-12-15 20:06:53.901826
-0.2583,2025-09-24,2025-10-01,sz.002625,2025-12-15 20:06:53.901826
-0.2603,2025-09-25,2025-10-02,sz.002625,2025-12-15 20:06:53.901826
-0.393,2025-09-26,2025-10-03,sz.002625,2025-12-15 20:06:53.901826
-0.2036,2025-09-29,2025-10-06,sz.002625,2025-12-15 20:06:53.901826
-0.251,2025-09-30,2025-10-07,sz.002625,2025-12-15 20:06:53.901826
-0.4238,2025-10-09,2025-10-16,sz.002625,2025-12-15 20:06:53.901826
-0.4531,2025-10-10,2025-10-17,sz.002625,2025-12-15 20:06:53.901826
-0.1257,2025-10-13,2025-10-20,sz.002625,2025-12-15 20:06:53.901826
-0.58,2025-10-14,2025-10-21,sz.002625,2025-12-15 20:06:53.901826
-0.3496,2025-10-15,2025-10-22,sz.002625,2025-12-15 20:06:53.901826
-0.586,2025-10-16,2025-10-23,sz.002625,2025-12-15 20:06:53.901826
-0.7974,2025-10-17,2025-10-24,sz.002625,2025-12-15 20:06:53.901826
-0.427,2025-10-20,2025-10-27,sz.002625,2025-12-15 20:06:53.901826
-0.10675,2025-10-21,2025-10-28,sz.002625,2025-12-15 20:06:53.901826
-0.2517,2025-10-22,2025-10-29,sz.002625,2025-12-15 20:06:53.901826
-0.4788,2025-10-23,2025-10-30,sz.002625,2025-12-15 20:06:53.901826
-0.0467,2025-10-24,2025-10-31,sz.002625,2025-12-15 20:06:53.901826
-0.3252,2025-10-27,2025-11-03,sz.002625,2025-12-15 20:06:53.901826
-0.3032,2025-10-28,2025-11-04,sz.002625,2025-12-15 20:06:53.901826
-0.1549,2025-10-29,2025-11-05,sz.002625,2025-12-15 20:06:53.901826
-0.3484,2025-10-30,2025-11-06,sz.002625,2025-12-15 20:06:53.901826
-0.2507,2025-10-31,2025-11-07,sz.002625,2025-12-15 20:06:53.901826
-0.10223,2025-11-03,2025-11-10,sz.002625,2025-12-15 20:06:53.901826
-0.9224,2025-11-04,2025-11-11,sz.002625,2025-12-15 20:06:53.901826
-0.0991,2025-11-05,2025-11-12,sz.002625,2025-12-15 20:06:53.901826
-0.2073,2025-11-06,2025-11-13,sz.002625,2025-12-15 20:06:53.901826
-0.2659,2025-11-07,2025-11-14,sz.002625,2025-12-15 20:06:53.901826
-0.3464,2025-11-10,2025-11-17,sz.002625,2025-12-15 20:06:53.901826
-0.894,2025-11-11,2025-11-18,sz.002625,2025-12-15 20:06:53.901826
-0.1262,2025-11-12,2025-11-19,sz.002625,2025-12-15 20:06:53.901826
-0.1344,2025-11-13,2025-11-20,sz.002625,2025-12-15 20:06:53.901826
-0.134,2025-11-14,2025-11-21,sz.002625,2025-12-15 20:06:53.901826
-0.287,2025-11-17,2025-11-24,sz.002625,2025-12-15 20:06:53.901826
-0.1047,2025-11-18,2025-11-25,sz.002625,2025-12-15 20:06:53.901826
-0.2079,2025-11-19,2025-11-26,sz.002625,2025-12-15 20:06:53.901826
-0.259,2025-11-20,2025-11-27,sz.002625,2025-12-15 20:06:53.901826
-0.1537,2025-11-21,2025-11-28,sz.002625,2025-12-15 20:06:53.901826
-0.006313,2025-11-24,2025-12-01,sz.002625,2025-12-15 20:06:53.901826
-0.1743,2025-11-25,2025-12-02,sz.002625,2025-12-15 20:06:53.901826
-0.1583,2025-11-26,2025-12-03,sz.002625,2025-12-15 20:06:53.901826
-0.3523,2025-11-27,2025-12-04,sz.002625,2025-12-15 20:06:53.901826
-0.1375,2025-11-28,2025-12-05,sz.002625,2025-12-15 20:06:53.901826
-0.1907,2025-12-01,2025-12-08,sz.002625,2025-12-15 20:06:53.901826
-0.5425,2025-12-02,2025-12-09,sz.002625,2025-12-15 20:06:53.901826
-0.3584,2025-12-03,2025-12-10,sz.002625,2025-12-15 20:06:53.901826
-0.4187,2025-12-04,2025-12-11,sz.002625,2025-12-15 20:06:53.901826
-0.1274,2025-12-05,2025-12-12,sz.002625,2025-12-15 20:06:53.901826
-0.4219,2025-12-08,2025-12-15,sz.002625,2025-12-15 20:06:53.901826
-0.3088,2025-12-09,2025-12-16,sz.002625,2025-12-15 20:06:53.901826
-0.175,2025-12-10,2025-12-17,sz.002625,2025-12-15 20:06:53.901826
-0.2595,2025-12-11,2025-12-18,sz.002625,2025-12-15 20:06:53.901826
-0.3125,2025-12-12,2025-12-19,sz.002625,2025-12-15 20:06:53.901826
-0.2827,2025-12-15,2025-12-22,sz.002625,2025-12-15 20:06:53.901826
-0.2883,2025-12-15,2025-12-22,sz.002625,2025-12-15 20:06:53.901826
0.0659,2025-12-15,2025-12-22,sz.002648,2025-12-15 20:06:53.901826
0.0659,2025-12-15,2025-12-22,sz.002648,2025-12-15 20:06:53.901826
-0.406,2025-12-15,2025-12-22,sz.002709,2025-12-15 20:06:53.901826
-0.409,2025-12-15,2025-12-22,sz.002709,2025-12-15 20:06:53.901826
-0.1029,2025-12-15,2025-12-22,sz.002714,2025-12-15 20:06:53.901826
-0.1023,2025-12-15,2025-12-22,sz.002714,2025-12-15 20:06:53.901826
-0.00208,2025-12-15,2025-12-22,sz.002736,2025-12-15 20:06:53.901826
-0.00208,2025-12-15,2025-12-22,sz.002736,2025-12-15 20:06:53.901826
-0.4377,2025-12-15,2025-12-22,sz.002916,2025-12-15 20:06:53.901826
-0.4358,2025-12-15,2025-12-22,sz.002916,2025-12-15 20:06:53.901826
-0.0998,2025-12-15,2025-12-22,sz.002920,2025-12-15 20:06:53.901826
-0.0998,2025-12-15,2025-12-22,sz.002920,2025-12-15 20:06:53.901826
-0.1838,2025-12-15,2025-12-22,sz.002938,2025-12-15 20:06:53.901826
-0.1838,2025-12-15,2025-12-22,sz.002938,2025-12-15 20:06:53.901826
0.0451,2025-12-15,2025-12-22,sz.003816,2025-12-15 20:06:53.901826
0.0451,2025-12-15,2025-12-22,sz.003816,2025-12-15 20:06:53.901826
-0.2637,2025-12-15,2025-12-22,sz.300014,2025-12-15 20:06:53.901826
-0.2627,2025-12-15,2025-12-22,sz.300014,2025-12-15 20:06:53.901826
-0.05252,2025-12-15,2025-12-22,sz.300015,2025-12-15 20:06:53.901826
-0.05298,2025-12-15,2025-12-22,sz.300015,2025-12-15 20:06:53.901826
-0.2866,2025-12-15,2025-12-22,sz.300033,2025-12-15 20:06:53.901826
-0.2866,2025-12-15,2025-12-22,sz.300033,2025-12-15 20:06:53.901826
-0.1934,2025-12-15,2025-12-22,sz.300059,2025-12-15 20:06:53.901826
-0.1934,2025-12-15,2025-12-22,sz.300059,2025-12-15 20:06:53.901826
-0.35,2025-12-15,2025-12-22,sz.300122,2025-12-15 20:06:53.901826
-0.345,2025-12-15,2025-12-22,sz.300122,2025-12-15 20:06:53.901826
-0.1959,2025-12-15,2025-12-22,sz.300124,2025-12-15 20:06:53.901826
-0.196,2025-12-15,2025-12-22,sz.300124,2025-12-15 20:06:53.901826
-0.1924,2019-12-31,2020-01-07,sz.300251,2025-12-15 20:06:53.901826
-0.1307,2020-01-02,2020-01-09,sz.300251,2025-12-15 20:06:53.901826
-0.4539,2020-01-03,2020-01-10,sz.300251,2025-12-15 20:06:53.901826
-0.1959,2020-01-06,2020-01-13,sz.300251,2025-12-15 20:06:53.901826
-0.10815,2020-01-07,2020-01-14,sz.300251,2025-12-15 20:06:53.901826
-0.3438,2020-01-08,2020-01-15,sz.300251,2025-12-15 20:06:53.901826
-0.1108,2020-01-09,2020-01-16,sz.300251,2025-12-15 20:06:53.901826
-0.257,2020-01-10,2020-01-17,sz.300251,2025-12-15 20:06:53.901826
0.01534,2020-01-13,2020-01-20,sz.300251,2025-12-15 20:06:53.901826
-0.2305,2020-01-14,2020-01-21,sz.300251,2025-12-15 20:06:53.901826
-0.1838,2020-01-15,2020-01-22,sz.300251,2025-12-15 20:06:53.901826
-0.3862,2020-01-16,2020-01-23,sz.300251,2025-12-15 20:06:53.901826
-0.5396,2020-01-17,2020-01-24,sz.300251,2025-12-15 20:06:53.901826
-0.8276,2020-01-20,2020-01-27,sz.300251,2025-12-15 20:06:53.901826
-0.5527,2020-01-21,2020-01-28,sz.300251,2025-12-15 20:06:53.901826
-0.1682,2020-01-22,2020-01-29,sz.300251,2025-12-15 20:06:53.901826
-0.7036,2020-01-23,2020-01-30,sz.300251,2025-12-15 20:06:53.901826
0.0783,2020-02-03,2020-02-10,sz.300251,2025-12-15 20:06:53.901826
0.08496,2020-02-04,2020-02-11,sz.300251,2025-12-15 20:06:53.901826
-0.07166,2020-02-05,2020-02-12,sz.300251,2025-12-15 20:06:53.901826
-0.1411,2020-02-06,2020-02-13,sz.300251,2025-12-15 20:06:53.901826
-0.4336,2020-02-07,2020-02-14,sz.300251,2025-12-15 20:06:53.901826
0.0468,2020-02-10,2020-02-17,sz.300251,2025-12-15 20:06:53.901826
-0.3606,2020-02-11,2020-02-18,sz.300251,2025-12-15 20:06:53.901826
-0.2225,2020-02-12,2020-02-19,sz.300251,2025-12-15 20:06:53.901826
-0.1759,2020-02-13,2020-02-20,sz.300251,2025-12-15 20:06:53.901826
-0.09186,2020-02-14,2020-02-21,sz.300251,2025-12-15 20:06:53.901826
0.03577,2020-02-17,2020-02-24,sz.300251,2025-12-15 20:06:53.901826
-0.25,2020-02-18,2020-02-25,sz.300251,2025-12-15 20:06:53.901826
-0.4128,2020-02-19,2020-02-26,sz.300251,2025-12-15 20:06:53.901826
-0.04147,2020-02-20,2020-02-27,sz.300251,2025-12-15 20:06:53.901826
-0.2135,2020-02-21,2020-02-28,sz.300251,2025-12-15 20:06:53.901826
-0.3452,2020-02-24,2020-03-02,sz.300251,2025-12-15 20:06:53.901826
-0.3914,2020-02-25,2020-03-03,sz.300251,2025-12-15 20:06:53.901826
-0.31,2020-02-26,2020-03-04,sz.300251,2025-12-15 20:06:53.901826
-0.1951,2020-02-27,2020-03-05,sz.300251,2025-12-15 20:06:53.901826
-0.6694,2020-02-28,2020-03-06,sz.300251,2025-12-15 20:06:53.901826
-0.3625,2020-03-02,2020-03-09,sz.300251,2025-12-15 20:06:53.901826
-0.693,2020-03-03,2020-03-10,sz.300251,2025-12-15 20:06:53.901826
-0.183,2020-03-04,2020-03-11,sz.300251,2025-12-15 20:06:53.901826
-0.2344,2020-03-05,2020-03-12,sz.300251,2025-12-15 20:06:53.901826
-0.0846,2020-03-06,2020-03-13,sz.300251,2025-12-15 20:06:53.901826
-0.3596,2020-03-09,2020-03-16,sz.300251,2025-12-15 20:06:53.901826
0.07733,2020-03-10,2020-03-17,sz.300251,2025-12-15 20:06:53.901826
-0.5137,2020-03-11,2020-03-18,sz.300251,2025-12-15 20:06:53.901826
-0.4482,2020-03-12,2020-03-19,sz.300251,2025-12-15 20:06:53.901826
-0.0925,2020-03-13,2020-03-20,sz.300251,2025-12-15 20:06:53.901826
-0.9062,2020-03-16,2020-03-23,sz.300251,2025-12-15 20:06:53.901826
-0.1578,2020-03-17,2020-03-24,sz.300251,2025-12-15 20:06:53.901826
-0.4453,2020-03-18,2020-03-25,sz.300251,2025-12-15 20:06:53.901826
-0.234,2020-03-19,2020-03-26,sz.300251,2025-12-15 20:06:53.901826
-0.0694,2020-03-20,2020-03-27,sz.300251,2025-12-15 20:06:53.901826
-0.1956,2020-03-23,2020-03-30,sz.300251,2025-12-15 20:06:53.901826
0.0764,2020-03-24,2020-03-31,sz.300251,2025-12-15 20:06:53.901826
-0.09265,2020-03-25,2020-04-01,sz.300251,2025-12-15 20:06:53.901826
-0.3137,2020-03-26,2020-04-02,sz.300251,2025-12-15 20:06:53.901826
-0.3687,2020-03-27,2020-04-03,sz.300251,2025-12-15 20:06:53.901826
-0.6196,2020-03-30,2020-04-06,sz.300251,2025-12-15 20:06:53.901826
-0.476,2020-03-31,2020-04-07,sz.300251,2025-12-15 20:06:53.901826
-0.3748,2020-04-01,2020-04-08,sz.300251,2025-12-15 20:06:53.901826
0.1309,2020-04-02,2020-04-09,sz.300251,2025-12-15 20:06:53.901826
-0.2695,2020-04-03,2020-04-10,sz.300251,2025-12-15 20:06:53.901826
-0.0897,2020-04-07,2020-04-14,sz.300251,2025-12-15 20:06:53.901826
-0.000298,2020-04-08,2020-04-15,sz.300251,2025-12-15 20:06:53.901826
-0.1318,2020-04-09,2020-04-16,sz.300251,2025-12-15 20:06:53.901826
-0.1238,2020-04-10,2020-04-17,sz.300251,2025-12-15 20:06:53.901826
-0.2157,2020-04-13,2020-04-20,sz.300251,2025-12-15 20:06:53.901826
-0.0687,2020-04-14,2020-04-21,sz.300251,2025-12-15 20:06:53.901826
-0.2805,2020-04-15,2020-04-22,sz.300251,2025-12-15 20:06:53.901826
0.07367,2020-04-16,2020-04-23,sz.300251,2025-12-15 20:06:53.901826
-0.05804,2020-04-17,2020-04-24,sz.300251,2025-12-15 20:06:53.901826
-0.3542,2020-04-20,2020-04-27,sz.300251,2025-12-15 20:06:53.901826
-0.4563,2020-04-21,2020-04-28,sz.300251,2025-12-15 20:06:53.901826
-0.01917,2020-04-22,2020-04-29,sz.300251,2025-12-15 20:06:53.901826
-0.3396,2020-04-23,2020-04-30,sz.300251,2025-12-15 20:06:53.901826
-0.1356,2020-04-24,2020-05-01,sz.300251,2025-12-15 20:06:53.901826
-0.08234,2020-04-27,2020-05-04,sz.300251,2025-12-15 20:06:53.901826
-0.2244,2020-04-28,2020-05-05,sz.300251,2025-12-15 20:06:53.901826
-0.2373,2020-04-29,2020-05-06,sz.300251,2025-12-15 20:06:53.901826
-0.01319,2020-04-30,2020-05-07,sz.300251,2025-12-15 20:06:53.901826
-0.1528,2020-05-06,2020-05-13,sz.300251,2025-12-15 20:06:53.901826
-0.3013,2020-05-07,2020-05-14,sz.300251,2025-12-15 20:06:53.901826
0.011604,2020-05-08,2020-05-15,sz.300251,2025-12-15 20:06:53.901826
-0.648,2020-05-11,2020-05-18,sz.300251,2025-12-15 20:06:53.901826
-0.08887,2020-05-12,2020-05-19,sz.300251,2025-12-15 20:06:53.901826
0.01414,2020-05-13,2020-05-20,sz.300251,2025-12-15 20:06:53.901826
-0.3499,2020-05-14,2020-05-21,sz.300251,2025-12-15 20:06:53.901826
-0.1058,2020-05-15,2020-05-22,sz.300251,2025-12-15 20:06:53.901826
-0.1715,2020-05-18,2020-05-25,sz.300251,2025-12-15 20:06:53.901826
-0.0811,2020-05-19,2020-05-26,sz.300251,2025-12-15 20:06:53.901826
-0.4182,2020-05-20,2020-05-27,sz.300251,2025-12-15 20:06:53.901826
-0.2045,2020-05-21,2020-05-28,sz.300251,2025-12-15 20:06:53.901826
-0.3662,2020-05-22,2020-05-29,sz.300251,2025-12-15 20:06:53.901826
-0.04153,2020-05-25,2020-06-01,sz.300251,2025-12-15 20:06:53.901826
-0.09344,2020-05-26,2020-06-02,sz.300251,2025-12-15 20:06:53.901826
-0.262,2020-05-27,2020-06-03,sz.300251,2025-12-15 20:06:53.901826
-0.10645,2020-05-28,2020-06-04,sz.300251,2025-12-15 20:06:53.901826
0.032,2020-05-29,2020-06-05,sz.300251,2025-12-15 20:06:53.901826
-0.01686,2020-06-01,2020-06-08,sz.300251,2025-12-15 20:06:53.901826
-0.4595,2020-06-02,2020-06-09,sz.300251,2025-12-15 20:06:53.901826
-0.2595,2020-06-03,2020-06-10,sz.300251,2025-12-15 20:06:53.901826
-0.3953,2020-06-04,2020-06-11,sz.300251,2025-12-15 20:06:53.901826
-0.0523,2020-06-05,2020-06-12,sz.300251,2025-12-15 20:06:53.901826
-0.2744,2020-06-08,2020-06-15,sz.300251,2025-12-15 20:06:53.901826
-0.05243,2020-06-09,2020-06-16,sz.300251,2025-12-15 20:06:53.901826
-0.10345,2020-06-10,2020-06-17,sz.300251,2025-12-15 20:06:53.901826
-0.4456,2020-06-11,2020-06-18,sz.300251,2025-12-15 20:06:53.901826
-0.04742,2020-06-12,2020-06-19,sz.300251,2025-12-15 20:06:53.901826
-0.3892,2020-06-15,2020-06-22,sz.300251,2025-12-15 20:06:53.901826
-0.551,2020-06-16,2020-06-23,sz.300251,2025-12-15 20:06:53.901826
-0.1148,2020-06-17,2020-06-24,sz.300251,2025-12-15 20:06:53.901826
-0.1776,2020-06-18,2020-06-25,sz.300251,2025-12-15 20:06:53.901826
-0.1077,2020-06-19,2020-06-26,sz.300251,2025-12-15 20:06:53.901826
-0.1396,2020-06-22,2020-06-29,sz.300251,2025-12-15 20:06:53.901826
-0.0803,2020-06-23,2020-06-30,sz.300251,2025-12-15 20:06:53.901826
-0.2864,2020-06-24,2020-07-01,sz.300251,2025-12-15 20:06:53.901826
-0.5312,2020-06-29,2020-07-06,sz.300251,2025-12-15 20:06:53.901826
-0.1877,2020-06-30,2020-07-07,sz.300251,2025-12-15 20:06:53.901826
-0.03574,2020-07-01,2020-07-08,sz.300251,2025-12-15 20:06:53.901826
0.1108,2020-07-02,2020-07-09,sz.300251,2025-12-15 20:06:53.901826
-0.1829,2020-07-03,2020-07-10,sz.300251,2025-12-15 20:06:53.901826
-0.03183,2020-07-06,2020-07-13,sz.300251,2025-12-15 20:06:53.901826
-0.153,2020-07-07,2020-07-14,sz.300251,2025-12-15 20:06:53.901826
-0.1428,2020-07-08,2020-07-15,sz.300251,2025-12-15 20:06:53.901826
-0.2615,2020-07-09,2020-07-16,sz.300251,2025-12-15 20:06:53.901826
0.1388,2020-07-10,2020-07-17,sz.300251,2025-12-15 20:06:53.901826
-0.3755,2020-07-13,2020-07-20,sz.300251,2025-12-15 20:06:53.901826
-0.5522,2020-07-14,2020-07-21,sz.300251,2025-12-15 20:06:53.901826
-0.758,2020-07-15,2020-07-22,sz.300251,2025-12-15 20:06:53.901826
-1.697,2020-07-16,2020-07-23,sz.300251,2025-12-15 20:06:53.901826
-0.3887,2020-07-17,2020-07-24,sz.300251,2025-12-15 20:06:53.901826
-0.591,2020-07-20,2020-07-27,sz.300251,2025-12-15 20:06:53.901826
-0.4656,2020-07-21,2020-07-28,sz.300251,2025-12-15 20:06:53.901826
-0.2229,2020-07-22,2020-07-29,sz.300251,2025-12-15 20:06:53.901826
-0.353,2020-07-23,2020-07-30,sz.300251,2025-12-15 20:06:53.901826
-0.3894,2020-07-24,2020-07-31,sz.300251,2025-12-15 20:06:53.901826
-0.2253,2020-07-27,2020-08-03,sz.300251,2025-12-15 20:06:53.901826
-0.2874,2020-07-28,2020-08-04,sz.300251,2025-12-15 20:06:53.901826
-0.08185,2020-07-29,2020-08-05,sz.300251,2025-12-15 20:06:53.901826
-0.9536,2020-07-30,2020-08-06,sz.300251,2025-12-15 20:06:53.901826
-0.4875,2020-07-31,2020-08-07,sz.300251,2025-12-15 20:06:53.901826
0.02222,2020-08-03,2020-08-10,sz.300251,2025-12-15 20:06:53.901826
-0.8003,2020-08-04,2020-08-11,sz.300251,2025-12-15 20:06:53.901826
-0.2,2020-08-05,2020-08-12,sz.300251,2025-12-15 20:06:53.901826
-0.1895,2020-08-06,2020-08-13,sz.300251,2025-12-15 20:06:53.901826
-0.6265,2020-08-07,2020-08-14,sz.300251,2025-12-15 20:06:53.901826
-0.0427,2020-08-10,2020-08-17,sz.300251,2025-12-15 20:06:53.901826
-0.2964,2020-08-11,2020-08-18,sz.300251,2025-12-15 20:06:53.901826
-0.10693,2020-08-12,2020-08-19,sz.300251,2025-12-15 20:06:53.901826
-0.4023,2020-08-13,2020-08-20,sz.300251,2025-12-15 20:06:53.901826
-0.3174,2020-08-14,2020-08-21,sz.300251,2025-12-15 20:06:53.901826
-0.819,2020-08-17,2020-08-24,sz.300251,2025-12-15 20:06:53.901826
-0.3945,2020-08-18,2020-08-25,sz.300251,2025-12-15 20:06:53.901826
-0.75,2020-08-19,2020-08-26,sz.300251,2025-12-15 20:06:53.901826
-0.079,2020-08-20,2020-08-27,sz.300251,2025-12-15 20:06:53.901826
-0.3005,2020-08-21,2020-08-28,sz.300251,2025-12-15 20:06:53.901826
-0.4314,2020-08-24,2020-08-31,sz.300251,2025-12-15 20:06:53.901826
-0.1407,2020-08-25,2020-09-01,sz.300251,2025-12-15 20:06:53.901826
-0.542,2020-08-26,2020-09-02,sz.300251,2025-12-15 20:06:53.901826
-0.908,2020-08-27,2020-09-03,sz.300251,2025-12-15 20:06:53.901826
-0.1904,2020-08-28,2020-09-04,sz.300251,2025-12-15 20:06:53.901826
-0.377,2020-08-31,2020-09-07,sz.300251,2025-12-15 20:06:53.901826
-0.4548,2020-09-01,2020-09-08,sz.300251,2025-12-15 20:06:53.901826
-0.2039,2020-09-02,2020-09-09,sz.300251,2025-12-15 20:06:53.901826
-0.2617,2020-09-03,2020-09-10,sz.300251,2025-12-15 20:06:53.901826
-0.2393,2020-09-04,2020-09-11,sz.300251,2025-12-15 20:06:53.901826
-0.9175,2020-09-07,2020-09-14,sz.300251,2025-12-15 20:06:53.901826
-0.7603,2020-09-08,2020-09-15,sz.300251,2025-12-15 20:06:53.901826
-0.6587,2020-09-09,2020-09-16,sz.300251,2025-12-15 20:06:53.901826
-0.522,2020-09-10,2020-09-17,sz.300251,2025-12-15 20:06:53.901826
-0.04507,2020-09-11,2020-09-18,sz.300251,2025-12-15 20:06:53.901826
-0.272,2020-09-14,2020-09-21,sz.300251,2025-12-15 20:06:53.901826
-0.5815,2020-09-15,2020-09-22,sz.300251,2025-12-15 20:06:53.901826
-0.3909,2020-09-16,2020-09-23,sz.300251,2025-12-15 20:06:53.901826
-0.8433,2020-09-17,2020-09-24,sz.300251,2025-12-15 20:06:53.901826
-0.133,2020-09-18,2020-09-25,sz.300251,2025-12-15 20:06:53.901826
-0.11273,2020-09-21,2020-09-28,sz.300251,2025-12-15 20:06:53.901826
-0.2993,2020-09-22,2020-09-29,sz.300251,2025-12-15 20:06:53.901826
-0.307,2020-09-23,2020-09-30,sz.300251,2025-12-15 20:06:53.901826
-0.189,2020-09-24,2020-10-01,sz.300251,2025-12-15 20:06:53.901826
-0.545,2020-09-25,2020-10-02,sz.300251,2025-12-15 20:06:53.901826
-0.2087,2020-09-28,2020-10-05,sz.300251,2025-12-15 20:06:53.901826
-0.4434,2020-09-29,2020-10-06,sz.300251,2025-12-15 20:06:53.901826
-0.04605,2020-09-30,2020-10-07,sz.300251,2025-12-15 20:06:53.901826
-1.032,2020-10-09,2020-10-16,sz.300251,2025-12-15 20:06:53.901826
-0.1848,2020-10-12,2020-10-19,sz.300251,2025-12-15 20:06:53.901826
-0.928,2020-10-13,2020-10-20,sz.300251,2025-12-15 20:06:53.901826
-0.607,2020-10-14,2020-10-21,sz.300251,2025-12-15 20:06:53.901826
-0.2773,2020-10-15,2020-10-22,sz.300251,2025-12-15 20:06:53.901826
-0.10333,2020-10-16,2020-10-23,sz.300251,2025-12-15 20:06:53.901826
-0.191,2020-10-19,2020-10-26,sz.300251,2025-12-15 20:06:53.901826
-0.0156,2020-10-20,2020-10-27,sz.300251,2025-12-15 20:06:53.901826
-0.4644,2020-10-21,2020-10-28,sz.300251,2025-12-15 20:06:53.901826
-0.1688,2020-10-22,2020-10-29,sz.300251,2025-12-15 20:06:53.901826
-0.28,2020-10-23,2020-10-30,sz.300251,2025-12-15 20:06:53.901826
-0.2927,2020-10-26,2020-11-02,sz.300251,2025-12-15 20:06:53.901826
-0.05954,2020-10-27,2020-11-03,sz.300251,2025-12-15 20:06:53.901826
-0.02103,2020-10-28,2020-11-04,sz.300251,2025-12-15 20:06:53.901826
-0.1965,2020-10-29,2020-11-05,sz.300251,2025-12-15 20:06:53.901826
-0.499,2020-10-30,2020-11-06,sz.300251,2025-12-15 20:06:53.901826
-0.2717,2020-11-02,2020-11-09,sz.300251,2025-12-15 20:06:53.901826
-0.11554,2020-11-03,2020-11-10,sz.300251,2025-12-15 20:06:53.901826
-0.357,2020-11-04,2020-11-11,sz.300251,2025-12-15 20:06:53.901826
-0.0892,2020-11-05,2020-11-12,sz.300251,2025-12-15 20:06:53.901826
-0.447,2020-11-06,2020-11-13,sz.300251,2025-12-15 20:06:53.901826
-0.04965,2020-11-09,2020-11-16,sz.300251,2025-12-15 20:06:53.901826
-0.867,2020-11-10,2020-11-17,sz.300251,2025-12-15 20:06:53.901826
-0.3044,2020-11-11,2020-11-18,sz.300251,2025-12-15 20:06:53.901826
0.0849,2020-11-12,2020-11-19,sz.300251,2025-12-15 20:06:53.901826
0.01371,2020-11-13,2020-11-20,sz.300251,2025-12-15 20:06:53.901826
-0.05585,2020-11-16,2020-11-23,sz.300251,2025-12-15 20:06:53.901826
-0.2495,2020-11-17,2020-11-24,sz.300251,2025-12-15 20:06:53.901826
-0.209,2020-11-18,2020-11-25,sz.300251,2025-12-15 20:06:53.901826
-0.0364,2020-11-19,2020-11-26,sz.300251,2025-12-15 20:06:53.901826
0.02855,2020-11-20,2020-11-27,sz.300251,2025-12-15 20:06:53.901826
-0.1307,2020-11-23,2020-11-30,sz.300251,2025-12-15 20:06:53.901826
-0.002457,2020-11-24,2020-12-01,sz.300251,2025-12-15 20:06:53.901826
-0.4006,2020-11-25,2020-12-02,sz.300251,2025-12-15 20:06:53.901826
-0.0653,2020-11-26,2020-12-03,sz.300251,2025-12-15 20:06:53.901826
-0.2822,2020-11-27,2020-12-04,sz.300251,2025-12-15 20:06:53.901826
-0.02731,2020-11-30,2020-12-07,sz.300251,2025-12-15 20:06:53.901826
-0.06247,2020-12-01,2020-12-08,sz.300251,2025-12-15 20:06:53.901826
-0.1871,2020-12-02,2020-12-09,sz.300251,2025-12-15 20:06:53.901826
-0.0841,2020-12-03,2020-12-10,sz.300251,2025-12-15 20:06:53.901826
-0.07043,2020-12-04,2020-12-11,sz.300251,2025-12-15 20:06:53.901826
-0.21,2020-12-07,2020-12-14,sz.300251,2025-12-15 20:06:53.901826
-0.02344,2020-12-08,2020-12-15,sz.300251,2025-12-15 20:06:53.901826
-0.666,2020-12-09,2020-12-16,sz.300251,2025-12-15 20:06:53.901826
-0.333,2020-12-10,2020-12-17,sz.300251,2025-12-15 20:06:53.901826
-0.58,2020-12-11,2020-12-18,sz.300251,2025-12-15 20:06:53.901826
-0.08594,2020-12-14,2020-12-21,sz.300251,2025-12-15 20:06:53.901826
-0.0807,2020-12-15,2020-12-22,sz.300251,2025-12-15 20:06:53.901826
-0.1464,2020-12-16,2020-12-23,sz.300251,2025-12-15 20:06:53.901826
0.01614,2020-12-17,2020-12-24,sz.300251,2025-12-15 20:06:53.901826
-0.1326,2020-12-18,2020-12-25,sz.300251,2025-12-15 20:06:53.901826
-0.0641,2020-12-21,2020-12-28,sz.300251,2025-12-15 20:06:53.901826
-0.536,2020-12-22,2020-12-29,sz.300251,2025-12-15 20:06:53.901826
-0.4424,2020-12-23,2020-12-30,sz.300251,2025-12-15 20:06:53.901826
-0.808,2020-12-24,2020-12-31,sz.300251,2025-12-15 20:06:53.901826
-0.2354,2020-12-25,2021-01-01,sz.300251,2025-12-15 20:06:53.901826
-0.616,2020-12-28,2021-01-04,sz.300251,2025-12-15 20:06:53.901826
-0.1849,2020-12-29,2021-01-05,sz.300251,2025-12-15 20:06:53.901826
-0.02681,2020-12-30,2021-01-06,sz.300251,2025-12-15 20:06:53.901826
-0.0702,2020-12-31,2021-01-07,sz.300251,2025-12-15 20:06:53.901826
-0.1743,2021-01-04,2021-01-11,sz.300251,2025-12-15 20:06:53.901826
-0.151,2021-01-05,2021-01-12,sz.300251,2025-12-15 20:06:53.901826
-0.4392,2021-01-06,2021-01-13,sz.300251,2025-12-15 20:06:53.901826
-0.3723,2021-01-07,2021-01-14,sz.300251,2025-12-15 20:06:53.901826
-0.006374,2021-01-08,2021-01-15,sz.300251,2025-12-15 20:06:53.901826
-0.1174,2021-01-11,2021-01-18,sz.300251,2025-12-15 20:06:53.901826
-0.2537,2021-01-12,2021-01-19,sz.300251,2025-12-15 20:06:53.901826
-0.1687,2021-01-13,2021-01-20,sz.300251,2025-12-15 20:06:53.901826
-0.2944,2021-01-14,2021-01-21,sz.300251,2025-12-15 20:06:53.901826
-0.3386,2021-01-15,2021-01-22,sz.300251,2025-12-15 20:06:53.901826
-0.342,2021-01-18,2021-01-25,sz.300251,2025-12-15 20:06:53.901826
-0.1564,2021-01-19,2021-01-26,sz.300251,2025-12-15 20:06:53.901826
-0.1879,2021-01-20,2021-01-27,sz.300251,2025-12-15 20:06:53.901826
-0.10223,2021-01-21,2021-01-28,sz.300251,2025-12-15 20:06:53.901826
-0.507,2021-01-22,2021-01-29,sz.300251,2025-12-15 20:06:53.901826
-0.6396,2021-01-25,2021-02-01,sz.300251,2025-12-15 20:06:53.901826
-0.2883,2021-01-26,2021-02-02,sz.300251,2025-12-15 20:06:53.901826
0.1071,2021-01-27,2021-02-03,sz.300251,2025-12-15 20:06:53.901826
-0.7935,2021-01-28,2021-02-04,sz.300251,2025-12-15 20:06:53.901826
-0.04245,2021-01-29,2021-02-05,sz.300251,2025-12-15 20:06:53.901826
-0.08826,2021-02-01,2021-02-08,sz.300251,2025-12-15 20:06:53.901826
-0.1908,2021-02-02,2021-02-09,sz.300251,2025-12-15 20:06:53.901826
-0.4424,2021-02-03,2021-02-10,sz.300251,2025-12-15 20:06:53.901826
-0.295,2021-02-04,2021-02-11,sz.300251,2025-12-15 20:06:53.901826
-1.511,2021-02-05,2021-02-12,sz.300251,2025-12-15 20:06:53.901826
0.0777,2021-02-08,2021-02-15,sz.300251,2025-12-15 20:06:53.901826
-0.159,2021-02-09,2021-02-16,sz.300251,2025-12-15 20:06:53.901826
0.009796,2021-02-10,2021-02-17,sz.300251,2025-12-15 20:06:53.901826
-1.031,2021-02-18,2021-02-25,sz.300251,2025-12-15 20:06:53.901826
-0.1936,2021-02-19,2021-02-26,sz.300251,2025-12-15 20:06:53.901826
-0.04672,2021-02-22,2021-03-01,sz.300251,2025-12-15 20:06:53.901826
-0.3052,2021-02-23,2021-03-02,sz.300251,2025-12-15 20:06:53.901826
0.02141,2021-02-24,2021-03-03,sz.300251,2025-12-15 20:06:53.901826
-0.2423,2021-02-25,2021-03-04,sz.300251,2025-12-15 20:06:53.901826
-0.4578,2021-02-26,2021-03-05,sz.300251,2025-12-15 20:06:53.901826
-0.5396,2021-03-01,2021-03-08,sz.300251,2025-12-15 20:06:53.901826
-0.5674,2021-03-02,2021-03-09,sz.300251,2025-12-15 20:06:53.901826
0.05417,2021-03-03,2021-03-10,sz.300251,2025-12-15 20:06:53.901826
-0.4216,2021-03-04,2021-03-11,sz.300251,2025-12-15 20:06:53.901826
-0.1738,2021-03-05,2021-03-12,sz.300251,2025-12-15 20:06:53.901826
-0.3767,2021-03-08,2021-03-15,sz.300251,2025-12-15 20:06:53.901826
-0.256,2021-03-09,2021-03-16,sz.300251,2025-12-15 20:06:53.901826
-1.085,2021-03-10,2021-03-17,sz.300251,2025-12-15 20:06:53.901826
0.04938,2021-03-11,2021-03-18,sz.300251,2025-12-15 20:06:53.901826
-0.1198,2021-03-12,2021-03-19,sz.300251,2025-12-15 20:06:53.901826
-0.10535,2021-03-15,2021-03-22,sz.300251,2025-12-15 20:06:53.901826
-0.1637,2021-03-16,2021-03-23,sz.300251,2025-12-15 20:06:53.901826
-0.10504,2021-03-17,2021-03-24,sz.300251,2025-12-15 20:06:53.901826
-0.295,2021-03-18,2021-03-25,sz.300251,2025-12-15 20:06:53.901826
-0.2013,2021-03-19,2021-03-26,sz.300251,2025-12-15 20:06:53.901826
0.01866,2021-03-22,2021-03-29,sz.300251,2025-12-15 20:06:53.901826
-0.0637,2021-03-23,2021-03-30,sz.300251,2025-12-15 20:06:53.901826
-0.223,2021-03-24,2021-03-31,sz.300251,2025-12-15 20:06:53.901826
-0.3218,2021-03-25,2021-04-01,sz.300251,2025-12-15 20:06:53.901826
0.0544,2021-03-26,2021-04-02,sz.300251,2025-12-15 20:06:53.901826
0.01878,2021-03-29,2021-04-05,sz.300251,2025-12-15 20:06:53.901826
-0.0209,2021-03-30,2021-04-06,sz.300251,2025-12-15 20:06:53.901826
-0.0753,2021-03-31,2021-04-07,sz.300251,2025-12-15 20:06:53.901826
0.04785,2021-04-01,2021-04-08,sz.300251,2025-12-15 20:06:53.901826
-0.109,2021-04-02,2021-04-09,sz.300251,2025-12-15 20:06:53.901826
-0.1768,2021-04-06,2021-04-13,sz.300251,2025-12-15 20:06:53.901826
0.04028,2021-04-07,2021-04-14,sz.300251,2025-12-15 20:06:53.901826
-0.1353,2021-04-08,2021-04-15,sz.300251,2025-12-15 20:06:53.901826
-0.000747,2021-04-09,2021-04-16,sz.300251,2025-12-15 20:06:53.901826
-0.1818,2021-04-12,2021-04-19,sz.300251,2025-12-15 20:06:53.901826
-0.2133,2021-04-13,2021-04-20,sz.300251,2025-12-15 20:06:53.901826
-0.11835,2021-04-14,2021-04-21,sz.300251,2025-12-15 20:06:53.901826
0.07214,2021-04-15,2021-04-22,sz.300251,2025-12-15 20:06:53.901826
0.1334,2021-04-16,2021-04-23,sz.300251,2025-12-15 20:06:53.901826
0.05115,2021-04-19,2021-04-26,sz.300251,2025-12-15 20:06:53.901826
0.00418,2021-04-20,2021-04-27,sz.300251,2025-12-15 20:06:53.901826
-0.03677,2021-04-21,2021-04-28,sz.300251,2025-12-15 20:06:53.901826
-0.1061,2021-04-22,2021-04-29,sz.300251,2025-12-15 20:06:53.901826
0.01159,2021-04-23,2021-04-30,sz.300251,2025-12-15 20:06:53.901826
-0.5254,2021-04-26,2021-05-03,sz.300251,2025-12-15 20:06:53.901826
-0.04675,2021-04-27,2021-05-04,sz.300251,2025-12-15 20:06:53.901826
0.1057,2021-04-28,2021-05-05,sz.300251,2025-12-15 20:06:53.901826
-0.1407,2021-04-29,2021-05-06,sz.300251,2025-12-15 20:06:53.901826
-0.1831,2021-04-30,2021-05-07,sz.300251,2025-12-15 20:06:53.901826
-0.2216,2021-05-06,2021-05-13,sz.300251,2025-12-15 20:06:53.901826
-0.2896,2021-05-07,2021-05-14,sz.300251,2025-12-15 20:06:53.901826
-0.3616,2021-05-10,2021-05-17,sz.300251,2025-12-15 20:06:53.901826
-0.02765,2021-05-11,2021-05-18,sz.300251,2025-12-15 20:06:53.901826
0.04324,2021-05-12,2021-05-19,sz.300251,2025-12-15 20:06:53.901826
-0.061,2021-05-13,2021-05-20,sz.300251,2025-12-15 20:06:53.901826
-0.00877,2021-05-14,2021-05-21,sz.300251,2025-12-15 20:06:53.901826
-0.03906,2021-05-17,2021-05-24,sz.300251,2025-12-15 20:06:53.901826
-0.2542,2021-05-18,2021-05-25,sz.300251,2025-12-15 20:06:53.901826
-0.05908,2021-05-19,2021-05-26,sz.300251,2025-12-15 20:06:53.901826
-0.0555,2021-05-20,2021-05-27,sz.300251,2025-12-15 20:06:53.901826
-0.289,2021-05-21,2021-05-28,sz.300251,2025-12-15 20:06:53.901826
0.1376,2021-05-24,2021-05-31,sz.300251,2025-12-15 20:06:53.901826
0.00859,2021-05-25,2021-06-01,sz.300251,2025-12-15 20:06:53.901826
0.05194,2021-05-26,2021-06-02,sz.300251,2025-12-15 20:06:53.901826
-0.125,2021-05-27,2021-06-03,sz.300251,2025-12-15 20:06:53.901826
-0.151,2021-05-28,2021-06-04,sz.300251,2025-12-15 20:06:53.901826
0.0247,2021-05-31,2021-06-07,sz.300251,2025-12-15 20:06:53.901826
0.00499,2021-06-01,2021-06-08,sz.300251,2025-12-15 20:06:53.901826
-0.26,2021-06-02,2021-06-09,sz.300251,2025-12-15 20:06:53.901826
-0.1866,2021-06-03,2021-06-10,sz.300251,2025-12-15 20:06:53.901826
-0.04535,2021-06-04,2021-06-11,sz.300251,2025-12-15 20:06:53.901826
0.03687,2021-06-07,2021-06-14,sz.300251,2025-12-15 20:06:53.901826
-0.00647,2021-06-08,2021-06-15,sz.300251,2025-12-15 20:06:53.901826
-0.2273,2021-06-09,2021-06-16,sz.300251,2025-12-15 20:06:53.901826
-0.4883,2021-06-10,2021-06-17,sz.300251,2025-12-15 20:06:53.901826
-1.036,2021-06-11,2021-06-18,sz.300251,2025-12-15 20:06:53.901826
-0.2903,2021-06-15,2021-06-22,sz.300251,2025-12-15 20:06:53.901826
-0.02376,2021-06-16,2021-06-23,sz.300251,2025-12-15 20:06:53.901826
-0.01539,2021-06-17,2021-06-24,sz.300251,2025-12-15 20:06:53.901826
0.002604,2021-06-18,2021-06-25,sz.300251,2025-12-15 20:06:53.901826
-0.2396,2021-06-21,2021-06-28,sz.300251,2025-12-15 20:06:53.901826
-0.0708,2021-06-22,2021-06-29,sz.300251,2025-12-15 20:06:53.901826
-0.04425,2021-06-23,2021-06-30,sz.300251,2025-12-15 20:06:53.901826
-0.11444,2021-06-24,2021-07-01,sz.300251,2025-12-15 20:06:53.901826
-0.0659,2021-06-25,2021-07-02,sz.300251,2025-12-15 20:06:53.901826
-0.1799,2021-06-28,2021-07-05,sz.300251,2025-12-15 20:06:53.901826
-0.1912,2021-06-29,2021-07-06,sz.300251,2025-12-15 20:06:53.901826
0.01068,2021-06-30,2021-07-07,sz.300251,2025-12-15 20:06:53.901826
0.00662,2021-07-01,2021-07-08,sz.300251,2025-12-15 20:06:53.901826
-0.3533,2021-07-02,2021-07-09,sz.300251,2025-12-15 20:06:53.901826
-0.4778,2021-07-05,2021-07-12,sz.300251,2025-12-15 20:06:53.901826
0.0829,2021-07-06,2021-07-13,sz.300251,2025-12-15 20:06:53.901826
-0.0902,2021-07-07,2021-07-14,sz.300251,2025-12-15 20:06:53.901826
-0.3154,2021-07-08,2021-07-15,sz.300251,2025-12-15 20:06:53.901826
-0.3809,2021-07-09,2021-07-16,sz.300251,2025-12-15 20:06:53.901826
-0.219,2021-07-12,2021-07-19,sz.300251,2025-12-15 20:06:53.901826
-0.11975,2021-07-13,2021-07-20,sz.300251,2025-12-15 20:06:53.901826
-0.3738,2021-07-14,2021-07-21,sz.300251,2025-12-15 20:06:53.901826
-0.2563,2021-07-15,2021-07-22,sz.300251,2025-12-15 20:06:53.901826
-0.01334,2021-07-16,2021-07-23,sz.300251,2025-12-15 20:06:53.901826
-0.02686,2021-07-19,2021-07-26,sz.300251,2025-12-15 20:06:53.901826
-0.1288,2021-07-20,2021-07-27,sz.300251,2025-12-15 20:06:53.901826
-0.0714,2021-07-21,2021-07-28,sz.300251,2025-12-15 20:06:53.901826
0.01286,2021-07-22,2021-07-29,sz.300251,2025-12-15 20:06:53.901826
-0.1134,2021-07-23,2021-07-30,sz.300251,2025-12-15 20:06:53.901826
-0.4504,2021-07-26,2021-08-02,sz.300251,2025-12-15 20:06:53.901826
-0.3425,2021-07-27,2021-08-03,sz.300251,2025-12-15 20:06:53.901826
-0.5054,2021-07-28,2021-08-04,sz.300251,2025-12-15 20:06:53.901826
-0.235,2021-07-29,2021-08-05,sz.300251,2025-12-15 20:06:53.901826
-0.2085,2021-07-30,2021-08-06,sz.300251,2025-12-15 20:06:53.901826
0.02844,2021-08-02,2021-08-09,sz.300251,2025-12-15 20:06:53.901826
-0.102,2021-08-03,2021-08-10,sz.300251,2025-12-15 20:06:53.901826
-0.2114,2021-08-04,2021-08-11,sz.300251,2025-12-15 20:06:53.901826
-0.2019,2021-08-05,2021-08-12,sz.300251,2025-12-15 20:06:53.901826
-0.01886,2021-08-06,2021-08-13,sz.300251,2025-12-15 20:06:53.901826
0.05597,2021-08-09,2021-08-16,sz.300251,2025-12-15 20:06:53.901826
0.07513,2021-08-10,2021-08-17,sz.300251,2025-12-15 20:06:53.901826
-0.113,2021-08-11,2021-08-18,sz.300251,2025-12-15 20:06:53.901826
-0.09106,2021-08-12,2021-08-19,sz.300251,2025-12-15 20:06:53.901826
-0.1688,2021-08-13,2021-08-20,sz.300251,2025-12-15 20:06:53.901826
-0.06964,2021-08-16,2021-08-23,sz.300251,2025-12-15 20:06:53.901826
-0.1064,2021-08-17,2021-08-24,sz.300251,2025-12-15 20:06:53.901826
0.01533,2021-08-18,2021-08-25,sz.300251,2025-12-15 20:06:53.901826
0.0598,2021-08-19,2021-08-26,sz.300251,2025-12-15 20:06:53.901826
-0.07574,2021-08-20,2021-08-27,sz.300251,2025-12-15 20:06:53.901826
-0.04495,2021-08-23,2021-08-30,sz.300251,2025-12-15 20:06:53.901826
0.05508,2021-08-24,2021-08-31,sz.300251,2025-12-15 20:06:53.901826
0.0541,2021-08-25,2021-09-01,sz.300251,2025-12-15 20:06:53.901826
-0.11646,2021-08-26,2021-09-02,sz.300251,2025-12-15 20:06:53.901826
-0.1746,2021-08-27,2021-09-03,sz.300251,2025-12-15 20:06:53.901826
-0.04675,2021-08-30,2021-09-06,sz.300251,2025-12-15 20:06:53.901826
0.09656,2021-08-31,2021-09-07,sz.300251,2025-12-15 20:06:53.901826
0.01053,2021-09-01,2021-09-08,sz.300251,2025-12-15 20:06:53.901826
-0.1725,2021-09-02,2021-09-09,sz.300251,2025-12-15 20:06:53.901826
-0.03256,2021-09-03,2021-09-10,sz.300251,2025-12-15 20:06:53.901826
-0.1102,2021-09-06,2021-09-13,sz.300251,2025-12-15 20:06:53.901826
0.05,2021-09-07,2021-09-14,sz.300251,2025-12-15 20:06:53.901826
0.1205,2021-09-08,2021-09-15,sz.300251,2025-12-15 20:06:53.901826
-0.1091,2021-09-09,2021-09-16,sz.300251,2025-12-15 20:06:53.901826
-0.3315,2021-09-10,2021-09-17,sz.300251,2025-12-15 20:06:53.901826
-0.03787,2021-09-13,2021-09-20,sz.300251,2025-12-15 20:06:53.901826
-0.319,2021-09-14,2021-09-21,sz.300251,2025-12-15 20:06:53.901826
0.06415,2021-09-15,2021-09-22,sz.300251,2025-12-15 20:06:53.901826
-0.1926,2021-09-16,2021-09-23,sz.300251,2025-12-15 20:06:53.901826
-0.04175,2021-09-17,2021-09-24,sz.300251,2025-12-15 20:06:53.901826
-0.5283,2021-09-22,2021-09-29,sz.300251,2025-12-15 20:06:53.901826
0.1636,2021-09-23,2021-09-30,sz.300251,2025-12-15 20:06:53.901826
-0.02087,2021-09-24,2021-10-01,sz.300251,2025-12-15 20:06:53.901826
-0.0689,2021-09-27,2021-10-04,sz.300251,2025-12-15 20:06:53.901826
-0.1112,2021-09-28,2021-10-05,sz.300251,2025-12-15 20:06:53.901826
-0.2168,2021-09-29,2021-10-06,sz.300251,2025-12-15 20:06:53.901826
0.1353,2021-09-30,2021-10-07,sz.300251,2025-12-15 20:06:53.901826
-0.344,2021-10-08,2021-10-15,sz.300251,2025-12-15 20:06:53.901826
-0.4644,2021-10-11,2021-10-18,sz.300251,2025-12-15 20:06:53.901826
-0.0692,2021-10-12,2021-10-19,sz.300251,2025-12-15 20:06:53.901826
0.002455,2021-10-13,2021-10-20,sz.300251,2025-12-15 20:06:53.901826
-0.0671,2021-10-14,2021-10-21,sz.300251,2025-12-15 20:06:53.901826
0.1116,2021-10-15,2021-10-22,sz.300251,2025-12-15 20:06:53.901826
-0.2378,2021-10-18,2021-10-25,sz.300251,2025-12-15 20:06:53.901826
-0.1454,2021-10-19,2021-10-26,sz.300251,2025-12-15 20:06:53.901826
-0.359,2021-10-20,2021-10-27,sz.300251,2025-12-15 20:06:53.901826
0.01556,2021-10-21,2021-10-28,sz.300251,2025-12-15 20:06:53.901826
-0.02797,2021-10-22,2021-10-29,sz.300251,2025-12-15 20:06:53.901826
-0.2751,2021-10-25,2021-11-01,sz.300251,2025-12-15 20:06:53.901826
-0.02914,2021-10-26,2021-11-02,sz.300251,2025-12-15 20:06:53.901826
-0.2198,2021-10-27,2021-11-03,sz.300251,2025-12-15 20:06:53.901826
-0.0721,2021-10-28,2021-11-04,sz.300251,2025-12-15 20:06:53.901826
0.0791,2021-10-29,2021-11-05,sz.300251,2025-12-15 20:06:53.901826
-0.0939,2021-11-01,2021-11-08,sz.300251,2025-12-15 20:06:53.901826
-0.1194,2021-11-02,2021-11-09,sz.300251,2025-12-15 20:06:53.901826
0.02693,2021-11-03,2021-11-10,sz.300251,2025-12-15 20:06:53.901826
0.0649,2021-11-04,2021-11-11,sz.300251,2025-12-15 20:06:53.901826
0.01654,2021-11-05,2021-11-12,sz.300251,2025-12-15 20:06:53.901826
-0.2401,2021-11-08,2021-11-15,sz.300251,2025-12-15 20:06:53.901826
0.02357,2021-11-09,2021-11-16,sz.300251,2025-12-15 20:06:53.901826
-0.1508,2021-11-10,2021-11-17,sz.300251,2025-12-15 20:06:53.901826
0.10034,2021-11-11,2021-11-18,sz.300251,2025-12-15 20:06:53.901826
-0.0746,2021-11-12,2021-11-19,sz.300251,2025-12-15 20:06:53.901826
0.01137,2021-11-15,2021-11-22,sz.300251,2025-12-15 20:06:53.901826
-0.1004,2021-11-16,2021-11-23,sz.300251,2025-12-15 20:06:53.901826
-0.00417,2021-11-17,2021-11-24,sz.300251,2025-12-15 20:06:53.901826
-0.1875,2021-11-18,2021-11-25,sz.300251,2025-12-15 20:06:53.901826
0.02756,2021-11-19,2021-11-26,sz.300251,2025-12-15 20:06:53.901826
-0.175,2021-11-22,2021-11-29,sz.300251,2025-12-15 20:06:53.901826
0.04407,2021-11-23,2021-11-30,sz.300251,2025-12-15 20:06:53.901826
0.089,2021-11-24,2021-12-01,sz.300251,2025-12-15 20:06:53.901826
-0.1819,2021-11-25,2021-12-02,sz.300251,2025-12-15 20:06:53.901826
-0.04126,2021-11-26,2021-12-03,sz.300251,2025-12-15 20:06:53.901826
0.06235,2021-11-29,2021-12-06,sz.300251,2025-12-15 20:06:53.901826
-0.006073,2021-11-30,2021-12-07,sz.300251,2025-12-15 20:06:53.901826
0.04257,2021-12-01,2021-12-08,sz.300251,2025-12-15 20:06:53.901826
-0.2141,2021-12-02,2021-12-09,sz.300251,2025-12-15 20:06:53.901826
0.0607,2021-12-03,2021-12-10,sz.300251,2025-12-15 20:06:53.901826
0.001334,2021-12-06,2021-12-13,sz.300251,2025-12-15 20:06:53.901826
0.00497,2021-12-07,2021-12-14,sz.300251,2025-12-15 20:06:53.901826
-0.1298,2021-12-08,2021-12-15,sz.300251,2025-12-15 20:06:53.901826
-0.0791,2021-12-09,2021-12-16,sz.300251,2025-12-15 20:06:53.901826
0.03513,2021-12-10,2021-12-17,sz.300251,2025-12-15 20:06:53.901826
0.091,2021-12-13,2021-12-20,sz.300251,2025-12-15 20:06:53.901826
-0.05032,2021-12-14,2021-12-21,sz.300251,2025-12-15 20:06:53.901826
-0.08856,2021-12-15,2021-12-22,sz.300251,2025-12-15 20:06:53.901826
-0.0789,2021-12-16,2021-12-23,sz.300251,2025-12-15 20:06:53.901826
-0.1902,2021-12-17,2021-12-24,sz.300251,2025-12-15 20:06:53.901826
-0.0792,2021-12-20,2021-12-27,sz.300251,2025-12-15 20:06:53.901826
-0.006237,2021-12-21,2021-12-28,sz.300251,2025-12-15 20:06:53.901826
-0.01794,2021-12-22,2021-12-29,sz.300251,2025-12-15 20:06:53.901826
-0.2413,2021-12-23,2021-12-30,sz.300251,2025-12-15 20:06:53.901826
-0.001131,2021-12-24,2021-12-31,sz.300251,2025-12-15 20:06:53.901826
-0.4731,2021-12-27,2022-01-03,sz.300251,2025-12-15 20:06:53.901826
-0.5337,2021-12-28,2022-01-04,sz.300251,2025-12-15 20:06:53.901826
-0.2463,2021-12-29,2022-01-05,sz.300251,2025-12-15 20:06:53.901826
0.1804,2021-12-30,2022-01-06,sz.300251,2025-12-15 20:06:53.901826
0.0756,2021-12-31,2022-01-07,sz.300251,2025-12-15 20:06:53.901826
-0.1017,2022-01-04,2022-01-11,sz.300251,2025-12-15 20:06:53.901826
-0.412,2022-01-05,2022-01-12,sz.300251,2025-12-15 20:06:53.901826
-0.823,2022-01-06,2022-01-13,sz.300251,2025-12-15 20:06:53.901826
-0.6416,2022-01-07,2022-01-14,sz.300251,2025-12-15 20:06:53.901826
-0.1791,2022-01-10,2022-01-17,sz.300251,2025-12-15 20:06:53.901826
-0.255,2022-01-11,2022-01-18,sz.300251,2025-12-15 20:06:53.901826
-0.2333,2022-01-12,2022-01-19,sz.300251,2025-12-15 20:06:53.901826
-0.303,2022-01-13,2022-01-20,sz.300251,2025-12-15 20:06:53.901826
-0.1232,2022-01-14,2022-01-21,sz.300251,2025-12-15 20:06:53.901826
-0.01567,2022-01-17,2022-01-24,sz.300251,2025-12-15 20:06:53.901826
-0.3093,2022-01-18,2022-01-25,sz.300251,2025-12-15 20:06:53.901826
-0.175,2022-01-19,2022-01-26,sz.300251,2025-12-15 20:06:53.901826
-0.3071,2022-01-20,2022-01-27,sz.300251,2025-12-15 20:06:53.901826
-0.1595,2022-01-21,2022-01-28,sz.300251,2025-12-15 20:06:53.901826
-0.8315,2022-01-24,2022-01-31,sz.300251,2025-12-15 20:06:53.901826
-0.796,2022-01-25,2022-02-01,sz.300251,2025-12-15 20:06:53.901826
-0.2493,2022-01-26,2022-02-02,sz.300251,2025-12-15 20:06:53.901826
-0.3098,2022-01-27,2022-02-03,sz.300251,2025-12-15 20:06:53.901826
-0.08655,2022-01-28,2022-02-04,sz.300251,2025-12-15 20:06:53.901826
-0.3809,2022-02-07,2022-02-14,sz.300251,2025-12-15 20:06:53.901826
-0.09204,2022-02-08,2022-02-15,sz.300251,2025-12-15 20:06:53.901826
0.02542,2022-02-09,2022-02-16,sz.300251,2025-12-15 20:06:53.901826
-0.0554,2022-02-10,2022-02-17,sz.300251,2025-12-15 20:06:53.901826
-0.418,2022-02-11,2022-02-18,sz.300251,2025-12-15 20:06:53.901826
-0.1771,2022-02-14,2022-02-21,sz.300251,2025-12-15 20:06:53.901826
-0.2932,2022-02-15,2022-02-22,sz.300251,2025-12-15 20:06:53.901826
-0.1549,2022-02-16,2022-02-23,sz.300251,2025-12-15 20:06:53.901826
-0.1958,2022-02-17,2022-02-24,sz.300251,2025-12-15 20:06:53.901826
0.04916,2022-02-18,2022-02-25,sz.300251,2025-12-15 20:06:53.901826
0.004963,2022-02-21,2022-02-28,sz.300251,2025-12-15 20:06:53.901826
-0.221,2022-02-22,2022-03-01,sz.300251,2025-12-15 20:06:53.901826
0.0739,2022-02-23,2022-03-02,sz.300251,2025-12-15 20:06:53.901826
-0.405,2022-02-24,2022-03-03,sz.300251,2025-12-15 20:06:53.901826
0.05142,2022-02-25,2022-03-04,sz.300251,2025-12-15 20:06:53.901826
-0.013596,2022-02-28,2022-03-07,sz.300251,2025-12-15 20:06:53.901826
-0.03052,2022-03-01,2022-03-08,sz.300251,2025-12-15 20:06:53.901826
2.38e-05,2022-03-02,2022-03-09,sz.300251,2025-12-15 20:06:53.901826
-0.02643,2022-03-03,2022-03-10,sz.300251,2025-12-15 20:06:53.901826
-0.12274,2022-03-04,2022-03-11,sz.300251,2025-12-15 20:06:53.901826
-0.378,2022-03-07,2022-03-14,sz.300251,2025-12-15 20:06:53.901826
-0.248,2022-03-08,2022-03-15,sz.300251,2025-12-15 20:06:53.901826
-0.5933,2022-03-09,2022-03-16,sz.300251,2025-12-15 20:06:53.901826
-0.2786,2022-03-10,2022-03-17,sz.300251,2025-12-15 20:06:53.901826
-0.0721,2022-03-11,2022-03-18,sz.300251,2025-12-15 20:06:53.901826
-0.4434,2022-03-14,2022-03-21,sz.300251,2025-12-15 20:06:53.901826
-0.8643,2022-03-15,2022-03-22,sz.300251,2025-12-15 20:06:53.901826
-0.1512,2022-03-16,2022-03-23,sz.300251,2025-12-15 20:06:53.901826
-0.1362,2022-03-17,2022-03-24,sz.300251,2025-12-15 20:06:53.901826
-0.04474,2022-03-18,2022-03-25,sz.300251,2025-12-15 20:06:53.901826
-0.1473,2022-03-21,2022-03-28,sz.300251,2025-12-15 20:06:53.901826
-0.0722,2022-03-22,2022-03-29,sz.300251,2025-12-15 20:06:53.901826
-0.10175,2022-03-23,2022-03-30,sz.300251,2025-12-15 20:06:53.901826
-0.1935,2022-03-24,2022-03-31,sz.300251,2025-12-15 20:06:53.901826
-0.1375,2022-03-25,2022-04-01,sz.300251,2025-12-15 20:06:53.901826
-0.09515,2022-03-28,2022-04-04,sz.300251,2025-12-15 20:06:53.901826
-0.1719,2022-03-29,2022-04-05,sz.300251,2025-12-15 20:06:53.901826
-0.01915,2022-03-30,2022-04-06,sz.300251,2025-12-15 20:06:53.901826
-0.05927,2022-03-31,2022-04-07,sz.300251,2025-12-15 20:06:53.901826
-0.05234,2022-04-01,2022-04-08,sz.300251,2025-12-15 20:06:53.901826
-0.241,2022-04-06,2022-04-13,sz.300251,2025-12-15 20:06:53.901826
-0.511,2022-04-07,2022-04-14,sz.300251,2025-12-15 20:06:53.901826
-0.261,2022-04-08,2022-04-15,sz.300251,2025-12-15 20:06:53.901826
-0.4856,2022-04-11,2022-04-18,sz.300251,2025-12-15 20:06:53.901826
-0.034,2022-04-12,2022-04-19,sz.300251,2025-12-15 20:06:53.901826
-0.1415,2022-04-13,2022-04-20,sz.300251,2025-12-15 20:06:53.901826
-0.1368,2022-04-14,2022-04-21,sz.300251,2025-12-15 20:06:53.901826
-0.2666,2022-04-15,2022-04-22,sz.300251,2025-12-15 20:06:53.901826
-0.08575,2022-04-18,2022-04-25,sz.300251,2025-12-15 20:06:53.901826
-0.0953,2022-04-19,2022-04-26,sz.300251,2025-12-15 20:06:53.901826
-0.0434,2022-04-20,2022-04-27,sz.300251,2025-12-15 20:06:53.901826
-0.541,2022-04-21,2022-04-28,sz.300251,2025-12-15 20:06:53.901826
-1.087,2022-04-22,2022-04-29,sz.300251,2025-12-15 20:06:53.901826
-0.4304,2022-04-25,2022-05-02,sz.300251,2025-12-15 20:06:53.901826
-0.2979,2022-04-26,2022-05-03,sz.300251,2025-12-15 20:06:53.901826
-0.1501,2022-04-27,2022-05-04,sz.300251,2025-12-15 20:06:53.901826
-0.2952,2022-04-28,2022-05-05,sz.300251,2025-12-15 20:06:53.901826
0.02184,2022-04-29,2022-05-06,sz.300251,2025-12-15 20:06:53.901826
-0.222,2022-05-05,2022-05-12,sz.300251,2025-12-15 20:06:53.901826
-0.1534,2022-05-06,2022-05-13,sz.300251,2025-12-15 20:06:53.901826
-0.10486,2022-05-09,2022-05-16,sz.300251,2025-12-15 20:06:53.901826
-0.04813,2022-05-10,2022-05-17,sz.300251,2025-12-15 20:06:53.901826
-0.23,2022-05-11,2022-05-18,sz.300251,2025-12-15 20:06:53.901826
-0.1219,2022-05-12,2022-05-19,sz.300251,2025-12-15 20:06:53.901826
-0.1223,2022-05-13,2022-05-20,sz.300251,2025-12-15 20:06:53.901826
-0.1818,2022-05-16,2022-05-23,sz.300251,2025-12-15 20:06:53.901826
-0.09106,2022-05-17,2022-05-24,sz.300251,2025-12-15 20:06:53.901826
-0.1807,2022-05-18,2022-05-25,sz.300251,2025-12-15 20:06:53.901826
-0.0699,2022-05-19,2022-05-26,sz.300251,2025-12-15 20:06:53.901826
-0.02237,2022-05-20,2022-05-27,sz.300251,2025-12-15 20:06:53.901826
-0.1588,2022-05-23,2022-05-30,sz.300251,2025-12-15 20:06:53.901826
-0.5054,2022-05-24,2022-05-31,sz.300251,2025-12-15 20:06:53.901826
-0.01668,2022-05-25,2022-06-01,sz.300251,2025-12-15 20:06:53.901826
-0.1085,2022-05-26,2022-06-02,sz.300251,2025-12-15 20:06:53.901826
-0.105,2022-05-27,2022-06-03,sz.300251,2025-12-15 20:06:53.901826
-0.0649,2022-05-30,2022-06-06,sz.300251,2025-12-15 20:06:53.901826
-0.05365,2022-05-31,2022-06-07,sz.300251,2025-12-15 20:06:53.901826
-0.01063,2022-06-01,2022-06-08,sz.300251,2025-12-15 20:06:53.901826
-0.1975,2022-06-02,2022-06-09,sz.300251,2025-12-15 20:06:53.901826
-0.0788,2022-06-06,2022-06-13,sz.300251,2025-12-15 20:06:53.901826
-0.11053,2022-06-07,2022-06-14,sz.300251,2025-12-15 20:06:53.901826
-0.0796,2022-06-08,2022-06-15,sz.300251,2025-12-15 20:06:53.901826
-0.12305,2022-06-09,2022-06-16,sz.300251,2025-12-15 20:06:53.901826
-0.08765,2022-06-10,2022-06-17,sz.300251,2025-12-15 20:06:53.901826
-0.4163,2022-06-13,2022-06-20,sz.300251,2025-12-15 20:06:53.901826
-0.1388,2022-06-14,2022-06-21,sz.300251,2025-12-15 20:06:53.901826
-0.109,2022-06-15,2022-06-22,sz.300251,2025-12-15 20:06:53.901826
-0.1166,2022-06-16,2022-06-23,sz.300251,2025-12-15 20:06:53.901826
-0.1558,2022-06-17,2022-06-24,sz.300251,2025-12-15 20:06:53.901826
-0.2041,2022-06-20,2022-06-27,sz.300251,2025-12-15 20:06:53.901826
-0.04123,2022-06-21,2022-06-28,sz.300251,2025-12-15 20:06:53.901826
-0.2272,2022-06-22,2022-06-29,sz.300251,2025-12-15 20:06:53.901826
-0.2246,2022-06-23,2022-06-30,sz.300251,2025-12-15 20:06:53.901826
-0.03625,2022-06-24,2022-07-01,sz.300251,2025-12-15 20:06:53.901826
-0.3433,2022-06-27,2022-07-04,sz.300251,2025-12-15 20:06:53.901826
-0.02396,2022-06-28,2022-07-05,sz.300251,2025-12-15 20:06:53.901826
-0.2358,2022-06-29,2022-07-06,sz.300251,2025-12-15 20:06:53.901826
-0.157,2022-06-30,2022-07-07,sz.300251,2025-12-15 20:06:53.901826
-0.403,2022-07-01,2022-07-08,sz.300251,2025-12-15 20:06:53.901826
-0.3413,2022-07-04,2022-07-11,sz.300251,2025-12-15 20:06:53.901826
-0.2435,2022-07-05,2022-07-12,sz.300251,2025-12-15 20:06:53.901826
-0.3208,2022-07-06,2022-07-13,sz.300251,2025-12-15 20:06:53.901826
-0.1483,2022-07-07,2022-07-14,sz.300251,2025-12-15 20:06:53.901826
-0.2974,2022-07-08,2022-07-15,sz.300251,2025-12-15 20:06:53.901826
-0.3796,2022-07-11,2022-07-18,sz.300251,2025-12-15 20:06:53.901826
-0.2407,2022-07-12,2022-07-19,sz.300251,2025-12-15 20:06:53.901826
-0.155,2022-07-13,2022-07-20,sz.300251,2025-12-15 20:06:53.901826
-0.1735,2022-07-14,2022-07-21,sz.300251,2025-12-15 20:06:53.901826
-0.337,2022-07-15,2022-07-22,sz.300251,2025-12-15 20:06:53.901826
0.01958,2022-07-18,2022-07-25,sz.300251,2025-12-15 20:06:53.901826
-0.149,2022-07-19,2022-07-26,sz.300251,2025-12-15 20:06:53.901826
-0.02408,2022-07-20,2022-07-27,sz.300251,2025-12-15 20:06:53.901826
-0.1235,2022-07-21,2022-07-28,sz.300251,2025-12-15 20:06:53.901826
-0.2654,2022-07-22,2022-07-29,sz.300251,2025-12-15 20:06:53.901826
-0.244,2022-07-25,2022-08-01,sz.300251,2025-12-15 20:06:53.901826
-0.0008307,2022-07-26,2022-08-02,sz.300251,2025-12-15 20:06:53.901826
-0.1833,2022-07-27,2022-08-03,sz.300251,2025-12-15 20:06:53.901826
-0.1615,2022-07-28,2022-08-04,sz.300251,2025-12-15 20:06:53.901826
-0.4575,2022-07-29,2022-08-05,sz.300251,2025-12-15 20:06:53.901826
-0.1182,2022-08-01,2022-08-08,sz.300251,2025-12-15 20:06:53.901826
-0.4924,2022-08-02,2022-08-09,sz.300251,2025-12-15 20:06:53.901826
-0.2072,2022-08-03,2022-08-10,sz.300251,2025-12-15 20:06:53.901826
-0.0977,2022-08-04,2022-08-11,sz.300251,2025-12-15 20:06:53.901826
-0.0969,2022-08-05,2022-08-12,sz.300251,2025-12-15 20:06:53.901826
-0.0384,2022-08-08,2022-08-15,sz.300251,2025-12-15 20:06:53.901826
-0.1256,2022-08-09,2022-08-16,sz.300251,2025-12-15 20:06:53.901826
-0.0697,2022-08-10,2022-08-17,sz.300251,2025-12-15 20:06:53.901826
-0.02637,2022-08-11,2022-08-18,sz.300251,2025-12-15 20:06:53.901826
-0.117,2022-08-12,2022-08-19,sz.300251,2025-12-15 20:06:53.901826
-0.0878,2022-08-15,2022-08-22,sz.300251,2025-12-15 20:06:53.901826
-0.1338,2022-08-16,2022-08-23,sz.300251,2025-12-15 20:06:53.901826
-0.03577,2022-08-17,2022-08-24,sz.300251,2025-12-15 20:06:53.901826
-0.12463,2022-08-18,2022-08-25,sz.300251,2025-12-15 20:06:53.901826
-0.2064,2022-08-19,2022-08-26,sz.300251,2025-12-15 20:06:53.901826
-0.10724,2022-08-22,2022-08-29,sz.300251,2025-12-15 20:06:53.901826
-0.1521,2022-08-23,2022-08-30,sz.300251,2025-12-15 20:06:53.901826
-0.5103,2022-08-24,2022-08-31,sz.300251,2025-12-15 20:06:53.901826
-0.1569,2022-08-25,2022-09-01,sz.300251,2025-12-15 20:06:53.901826
-0.2164,2022-08-26,2022-09-02,sz.300251,2025-12-15 20:06:53.901826
-0.0883,2022-08-29,2022-09-05,sz.300251,2025-12-15 20:06:53.901826
-0.2261,2022-08-30,2022-09-06,sz.300251,2025-12-15 20:06:53.901826
-0.1063,2022-08-31,2022-09-07,sz.300251,2025-12-15 20:06:53.901826
-0.2163,2022-09-01,2022-09-08,sz.300251,2025-12-15 20:06:53.901826
-0.00039,2022-09-02,2022-09-09,sz.300251,2025-12-15 20:06:53.901826
-0.2886,2022-09-05,2022-09-12,sz.300251,2025-12-15 20:06:53.901826
-0.2935,2022-09-06,2022-09-13,sz.300251,2025-12-15 20:06:53.901826
-0.1897,2022-09-07,2022-09-14,sz.300251,2025-12-15 20:06:53.901826
-0.1875,2022-09-08,2022-09-15,sz.300251,2025-12-15 20:06:53.901826
-0.2333,2022-09-09,2022-09-16,sz.300251,2025-12-15 20:06:53.901826
-0.1992,2022-09-13,2022-09-20,sz.300251,2025-12-15 20:06:53.901826
-0.432,2022-09-14,2022-09-21,sz.300251,2025-12-15 20:06:53.901826
-0.3613,2022-09-15,2022-09-22,sz.300251,2025-12-15 20:06:53.901826
-0.2319,2022-09-16,2022-09-23,sz.300251,2025-12-15 20:06:53.901826
-0.753,2022-09-19,2022-09-26,sz.300251,2025-12-15 20:06:53.901826
-0.3945,2022-09-20,2022-09-27,sz.300251,2025-12-15 20:06:53.901826
-0.3916,2022-09-21,2022-09-28,sz.300251,2025-12-15 20:06:53.901826
-0.251,2022-09-22,2022-09-29,sz.300251,2025-12-15 20:06:53.901826
-0.3367,2022-09-23,2022-09-30,sz.300251,2025-12-15 20:06:53.901826
-0.2344,2022-09-26,2022-10-03,sz.300251,2025-12-15 20:06:53.901826
-0.1537,2022-09-27,2022-10-04,sz.300251,2025-12-15 20:06:53.901826
-0.3647,2022-09-28,2022-10-05,sz.300251,2025-12-15 20:06:53.901826
-0.3784,2022-09-29,2022-10-06,sz.300251,2025-12-15 20:06:53.901826
-0.252,2022-09-30,2022-10-07,sz.300251,2025-12-15 20:06:53.901826
-0.422,2022-10-10,2022-10-17,sz.300251,2025-12-15 20:06:53.901826
-0.2421,2022-10-11,2022-10-18,sz.300251,2025-12-15 20:06:53.901826
-0.1028,2022-10-12,2022-10-19,sz.300251,2025-12-15 20:06:53.901826
-0.1693,2022-10-13,2022-10-20,sz.300251,2025-12-15 20:06:53.901826
-0.142,2022-10-14,2022-10-21,sz.300251,2025-12-15 20:06:53.901826
-0.1599,2022-10-17,2022-10-24,sz.300251,2025-12-15 20:06:53.901826
-0.1812,2022-10-18,2022-10-25,sz.300251,2025-12-15 20:06:53.901826
-0.2234,2022-10-19,2022-10-26,sz.300251,2025-12-15 20:06:53.901826
-0.1908,2022-10-20,2022-10-27,sz.300251,2025-12-15 20:06:53.901826
-0.2427,2022-10-21,2022-10-28,sz.300251,2025-12-15 20:06:53.901826
-0.4924,2022-10-24,2022-10-31,sz.300251,2025-12-15 20:06:53.901826
-0.2546,2022-10-25,2022-11-01,sz.300251,2025-12-15 20:06:53.901826
-0.1096,2022-10-26,2022-11-02,sz.300251,2025-12-15 20:06:53.901826
-0.1848,2022-10-27,2022-11-03,sz.300251,2025-12-15 20:06:53.901826
-0.488,2022-10-28,2022-11-04,sz.300251,2025-12-15 20:06:53.901826
-0.2224,2022-10-31,2022-11-07,sz.300251,2025-12-15 20:06:53.901826
-0.0773,2022-11-01,2022-11-08,sz.300251,2025-12-15 20:06:53.901826
-0.15,2022-11-02,2022-11-09,sz.300251,2025-12-15 20:06:53.901826
-0.3896,2022-11-03,2022-11-10,sz.300251,2025-12-15 20:06:53.901826
-0.07886,2022-11-04,2022-11-11,sz.300251,2025-12-15 20:06:53.901826
-0.1224,2022-11-07,2022-11-14,sz.300251,2025-12-15 20:06:53.901826
-0.2489,2022-11-08,2022-11-15,sz.300251,2025-12-15 20:06:53.901826
-0.2339,2022-11-09,2022-11-16,sz.300251,2025-12-15 20:06:53.901826
-0.0987,2022-11-10,2022-11-17,sz.300251,2025-12-15 20:06:53.901826
-0.3723,2022-11-11,2022-11-18,sz.300251,2025-12-15 20:06:53.901826
-0.1782,2022-11-14,2022-11-21,sz.300251,2025-12-15 20:06:53.901826
-0.077,2022-11-15,2022-11-22,sz.300251,2025-12-15 20:06:53.901826
-0.2278,2022-11-16,2022-11-23,sz.300251,2025-12-15 20:06:53.901826
-0.11633,2022-11-17,2022-11-24,sz.300251,2025-12-15 20:06:53.901826
-0.2062,2022-11-18,2022-11-25,sz.300251,2025-12-15 20:06:53.901826
-0.718,2022-11-21,2022-11-28,sz.300251,2025-12-15 20:06:53.901826
-0.3413,2022-11-22,2022-11-29,sz.300251,2025-12-15 20:06:53.901826
-0.2231,2022-11-23,2022-11-30,sz.300251,2025-12-15 20:06:53.901826
-0.297,2022-11-24,2022-12-01,sz.300251,2025-12-15 20:06:53.901826
-0.1549,2022-11-25,2022-12-02,sz.300251,2025-12-15 20:06:53.901826
-0.08734,2022-11-28,2022-12-05,sz.300251,2025-12-15 20:06:53.901826
-0.04947,2022-11-29,2022-12-06,sz.300251,2025-12-15 20:06:53.901826
-0.0987,2022-11-30,2022-12-07,sz.300251,2025-12-15 20:06:53.901826
-0.2047,2022-12-01,2022-12-08,sz.300251,2025-12-15 20:06:53.901826
-0.5435,2022-12-02,2022-12-09,sz.300251,2025-12-15 20:06:53.901826
-0.4312,2022-12-05,2022-12-12,sz.300251,2025-12-15 20:06:53.901826
-0.278,2022-12-06,2022-12-13,sz.300251,2025-12-15 20:06:53.901826
-0.1946,2022-12-07,2022-12-14,sz.300251,2025-12-15 20:06:53.901826
-0.1084,2022-12-08,2022-12-15,sz.300251,2025-12-15 20:06:53.901826
-0.247,2022-12-09,2022-12-16,sz.300251,2025-12-15 20:06:53.901826
-0.3376,2022-12-12,2022-12-19,sz.300251,2025-12-15 20:06:53.901826
-0.1065,2022-12-13,2022-12-20,sz.300251,2025-12-15 20:06:53.901826
-0.0964,2022-12-14,2022-12-21,sz.300251,2025-12-15 20:06:53.901826
-0.3784,2022-12-15,2022-12-22,sz.300251,2025-12-15 20:06:53.901826
-0.1562,2022-12-16,2022-12-23,sz.300251,2025-12-15 20:06:53.901826
-0.2683,2022-12-19,2022-12-26,sz.300251,2025-12-15 20:06:53.901826
-0.4263,2022-12-20,2022-12-27,sz.300251,2025-12-15 20:06:53.901826
-0.1079,2022-12-21,2022-12-28,sz.300251,2025-12-15 20:06:53.901826
-0.265,2022-12-22,2022-12-29,sz.300251,2025-12-15 20:06:53.901826
-0.1779,2022-12-23,2022-12-30,sz.300251,2025-12-15 20:06:53.901826
-0.209,2022-12-26,2023-01-02,sz.300251,2025-12-15 20:06:53.901826
-0.318,2022-12-27,2023-01-03,sz.300251,2025-12-15 20:06:53.901826
-0.1203,2022-12-28,2023-01-04,sz.300251,2025-12-15 20:06:53.901826
-0.1965,2022-12-29,2023-01-05,sz.300251,2025-12-15 20:06:53.901826
-0.1628,2022-12-30,2023-01-06,sz.300251,2025-12-15 20:06:53.901826
-0.0865,2023-01-03,2023-01-10,sz.300251,2025-12-15 20:06:53.901826
-0.1804,2023-01-04,2023-01-11,sz.300251,2025-12-15 20:06:53.901826
-0.3408,2023-01-05,2023-01-12,sz.300251,2025-12-15 20:06:53.901826
-0.519,2023-01-06,2023-01-13,sz.300251,2025-12-15 20:06:53.901826
-0.1716,2023-01-09,2023-01-16,sz.300251,2025-12-15 20:06:53.901826
-0.2566,2023-01-10,2023-01-17,sz.300251,2025-12-15 20:06:53.901826
-0.233,2023-01-11,2023-01-18,sz.300251,2025-12-15 20:06:53.901826
-0.2637,2023-01-12,2023-01-19,sz.300251,2025-12-15 20:06:53.901826
-0.09644,2023-01-13,2023-01-20,sz.300251,2025-12-15 20:06:53.901826
-0.6406,2023-01-16,2023-01-23,sz.300251,2025-12-15 20:06:53.901826
-0.2961,2023-01-17,2023-01-24,sz.300251,2025-12-15 20:06:53.901826
-0.1515,2023-01-18,2023-01-25,sz.300251,2025-12-15 20:06:53.901826
-0.04303,2023-01-19,2023-01-26,sz.300251,2025-12-15 20:06:53.901826
-0.1685,2023-01-20,2023-01-27,sz.300251,2025-12-15 20:06:53.901826
-1.223,2023-01-30,2023-02-06,sz.300251,2025-12-15 20:06:53.901826
-0.275,2023-01-31,2023-02-07,sz.300251,2025-12-15 20:06:53.901826
-0.1168,2023-02-01,2023-02-08,sz.300251,2025-12-15 20:06:53.901826
-0.1844,2023-02-02,2023-02-09,sz.300251,2025-12-15 20:06:53.901826
-0.1526,2023-02-03,2023-02-10,sz.300251,2025-12-15 20:06:53.901826
-0.2559,2023-02-06,2023-02-13,sz.300251,2025-12-15 20:06:53.901826
-0.2712,2023-02-07,2023-02-14,sz.300251,2025-12-15 20:06:53.901826
-0.259,2023-02-08,2023-02-15,sz.300251,2025-12-15 20:06:53.901826
-0.08496,2023-02-09,2023-02-16,sz.300251,2025-12-15 20:06:53.901826
-0.1097,2023-02-10,2023-02-17,sz.300251,2025-12-15 20:06:53.901826
-0.09204,2023-02-13,2023-02-20,sz.300251,2025-12-15 20:06:53.901826
-0.1804,2023-02-14,2023-02-21,sz.300251,2025-12-15 20:06:53.901826
-0.1052,2023-02-15,2023-02-22,sz.300251,2025-12-15 20:06:53.901826
-0.3198,2023-02-16,2023-02-23,sz.300251,2025-12-15 20:06:53.901826
-0.2905,2023-02-17,2023-02-24,sz.300251,2025-12-15 20:06:53.901826
-0.11426,2023-02-20,2023-02-27,sz.300251,2025-12-15 20:06:53.901826
-0.2185,2023-02-21,2023-02-28,sz.300251,2025-12-15 20:06:53.901826
-0.1295,2023-02-22,2023-03-01,sz.300251,2025-12-15 20:06:53.901826
-0.1678,2023-02-23,2023-03-02,sz.300251,2025-12-15 20:06:53.901826
-0.191,2023-02-24,2023-03-03,sz.300251,2025-12-15 20:06:53.901826
-0.2135,2023-02-27,2023-03-06,sz.300251,2025-12-15 20:06:53.901826
-0.1494,2023-02-28,2023-03-07,sz.300251,2025-12-15 20:06:53.901826
-0.10474,2023-03-01,2023-03-08,sz.300251,2025-12-15 20:06:53.901826
-0.1426,2023-03-02,2023-03-09,sz.300251,2025-12-15 20:06:53.901826
-0.2144,2023-03-03,2023-03-10,sz.300251,2025-12-15 20:06:53.901826
-0.1893,2023-03-06,2023-03-13,sz.300251,2025-12-15 20:06:53.901826
-0.402,2023-03-07,2023-03-14,sz.300251,2025-12-15 20:06:53.901826
-0.1351,2023-03-08,2023-03-15,sz.300251,2025-12-15 20:06:53.901826
-0.2208,2023-03-09,2023-03-16,sz.300251,2025-12-15 20:06:53.901826
-0.242,2023-03-10,2023-03-17,sz.300251,2025-12-15 20:06:53.901826
-0.1433,2023-03-13,2023-03-20,sz.300251,2025-12-15 20:06:53.901826
-0.3948,2023-03-14,2023-03-21,sz.300251,2025-12-15 20:06:53.901826
-0.2983,2023-03-15,2023-03-22,sz.300251,2025-12-15 20:06:53.901826
-0.1726,2023-03-16,2023-03-23,sz.300251,2025-12-15 20:06:53.901826
-0.1168,2023-03-17,2023-03-24,sz.300251,2025-12-15 20:06:53.901826
-0.2074,2023-03-20,2023-03-27,sz.300251,2025-12-15 20:06:53.901826
-0.178,2023-03-21,2023-03-28,sz.300251,2025-12-15 20:06:53.901826
-0.1007,2023-03-22,2023-03-29,sz.300251,2025-12-15 20:06:53.901826
-0.303,2023-03-23,2023-03-30,sz.300251,2025-12-15 20:06:53.901826
-0.4119,2023-03-24,2023-03-31,sz.300251,2025-12-15 20:06:53.901826
-0.354,2023-03-27,2023-04-03,sz.300251,2025-12-15 20:06:53.901826
-0.815,2023-03-28,2023-04-04,sz.300251,2025-12-15 20:06:53.901826
-0.4272,2023-03-29,2023-04-05,sz.300251,2025-12-15 20:06:53.901826
-0.3643,2023-03-30,2023-04-06,sz.300251,2025-12-15 20:06:53.901826
-0.1235,2023-03-31,2023-04-07,sz.300251,2025-12-15 20:06:53.901826
-0.0804,2023-04-03,2023-04-10,sz.300251,2025-12-15 20:06:53.901826
-0.1693,2023-04-04,2023-04-11,sz.300251,2025-12-15 20:06:53.901826
-0.6567,2023-04-06,2023-04-13,sz.300251,2025-12-15 20:06:53.901826
-0.4717,2023-04-07,2023-04-14,sz.300251,2025-12-15 20:06:53.901826
-1.085,2023-04-10,2023-04-17,sz.300251,2025-12-15 20:06:53.901826
-0.1201,2023-04-11,2023-04-18,sz.300251,2025-12-15 20:06:53.901826
0.227,2023-04-12,2023-04-19,sz.300251,2025-12-15 20:06:53.901826
-0.7188,2023-04-13,2023-04-20,sz.300251,2025-12-15 20:06:53.901826
-0.5913,2023-04-14,2023-04-21,sz.300251,2025-12-15 20:06:53.901826
-1.157,2023-04-17,2023-04-24,sz.300251,2025-12-15 20:06:53.901826
-0.411,2023-04-18,2023-04-25,sz.300251,2025-12-15 20:06:53.901826
-0.2109,2023-04-19,2023-04-26,sz.300251,2025-12-15 20:06:53.901826
-0.1146,2023-04-20,2023-04-27,sz.300251,2025-12-15 20:06:53.901826
-1.089,2023-04-21,2023-04-28,sz.300251,2025-12-15 20:06:53.901826
-0.3052,2023-04-24,2023-05-01,sz.300251,2025-12-15 20:06:53.901826
-0.4028,2023-04-25,2023-05-02,sz.300251,2025-12-15 20:06:53.901826
-0.933,2023-04-26,2023-05-03,sz.300251,2025-12-15 20:06:53.901826
-0.6753,2023-04-27,2023-05-04,sz.300251,2025-12-15 20:06:53.901826
-0.1359,2023-04-28,2023-05-05,sz.300251,2025-12-15 20:06:53.901826
0.0408,2023-05-04,2023-05-11,sz.300251,2025-12-15 20:06:53.901826
-0.3694,2023-05-05,2023-05-12,sz.300251,2025-12-15 20:06:53.901826
-0.74,2023-05-08,2023-05-15,sz.300251,2025-12-15 20:06:53.901826
-1.018,2023-05-09,2023-05-16,sz.300251,2025-12-15 20:06:53.901826
-0.3655,2023-05-10,2023-05-17,sz.300251,2025-12-15 20:06:53.901826
-0.2196,2023-05-11,2023-05-18,sz.300251,2025-12-15 20:06:53.901826
-1.017,2023-05-12,2023-05-19,sz.300251,2025-12-15 20:06:53.901826
-0.991,2023-05-15,2023-05-22,sz.300251,2025-12-15 20:06:53.901826
-0.74,2023-05-16,2023-05-23,sz.300251,2025-12-15 20:06:53.901826
-0.3386,2023-05-17,2023-05-24,sz.300251,2025-12-15 20:06:53.901826
-0.2181,2023-05-18,2023-05-25,sz.300251,2025-12-15 20:06:53.901826
-0.4387,2023-05-19,2023-05-26,sz.300251,2025-12-15 20:06:53.901826
-0.3193,2023-05-22,2023-05-29,sz.300251,2025-12-15 20:06:53.901826
-0.242,2023-05-23,2023-05-30,sz.300251,2025-12-15 20:06:53.901826
-0.5713,2023-05-24,2023-05-31,sz.300251,2025-12-15 20:06:53.901826
-0.4321,2023-05-25,2023-06-01,sz.300251,2025-12-15 20:06:53.901826
-0.1836,2023-05-26,2023-06-02,sz.300251,2025-12-15 20:06:53.901826
-0.1339,2023-05-29,2023-06-05,sz.300251,2025-12-15 20:06:53.901826
-0.1499,2023-05-30,2023-06-06,sz.300251,2025-12-15 20:06:53.901826
-0.1742,2023-05-31,2023-06-07,sz.300251,2025-12-15 20:06:53.901826
-0.1809,2023-06-01,2023-06-08,sz.300251,2025-12-15 20:06:53.901826
-0.37,2023-06-02,2023-06-09,sz.300251,2025-12-15 20:06:53.901826
-0.11066,2023-06-05,2023-06-12,sz.300251,2025-12-15 20:06:53.901826
-0.506,2023-06-06,2023-06-13,sz.300251,2025-12-15 20:06:53.901826
-0.2098,2023-06-07,2023-06-14,sz.300251,2025-12-15 20:06:53.901826
-0.4849,2023-06-08,2023-06-15,sz.300251,2025-12-15 20:06:53.901826
-0.1173,2023-06-09,2023-06-16,sz.300251,2025-12-15 20:06:53.901826
-0.2583,2023-06-12,2023-06-19,sz.300251,2025-12-15 20:06:53.901826
-0.1432,2023-06-13,2023-06-20,sz.300251,2025-12-15 20:06:53.901826
-0.336,2023-06-14,2023-06-21,sz.300251,2025-12-15 20:06:53.901826
-0.3008,2023-06-15,2023-06-22,sz.300251,2025-12-15 20:06:53.901826
-0.2715,2023-06-16,2023-06-23,sz.300251,2025-12-15 20:06:53.901826
-0.2219,2023-06-19,2023-06-26,sz.300251,2025-12-15 20:06:53.901826
-0.1825,2023-06-20,2023-06-27,sz.300251,2025-12-15 20:06:53.901826
-0.956,2023-06-21,2023-06-28,sz.300251,2025-12-15 20:06:53.901826
-0.7407,2023-06-26,2023-07-03,sz.300251,2025-12-15 20:06:53.901826
-0.285,2023-06-27,2023-07-04,sz.300251,2025-12-15 20:06:53.901826
-0.5654,2023-06-28,2023-07-05,sz.300251,2025-12-15 20:06:53.901826
-0.166,2023-06-29,2023-07-06,sz.300251,2025-12-15 20:06:53.901826
-0.2568,2023-06-30,2023-07-07,sz.300251,2025-12-15 20:06:53.901826
-0.2798,2023-07-03,2023-07-10,sz.300251,2025-12-15 20:06:53.901826
-0.1758,2023-07-04,2023-07-11,sz.300251,2025-12-15 20:06:53.901826
-0.3362,2023-07-05,2023-07-12,sz.300251,2025-12-15 20:06:53.901826
-0.2125,2023-07-06,2023-07-13,sz.300251,2025-12-15 20:06:53.901826
-0.2137,2023-07-07,2023-07-14,sz.300251,2025-12-15 20:06:53.901826
-0.145,2023-07-10,2023-07-17,sz.300251,2025-12-15 20:06:53.901826
-0.3352,2023-07-11,2023-07-18,sz.300251,2025-12-15 20:06:53.901826
-0.4863,2023-07-12,2023-07-19,sz.300251,2025-12-15 20:06:53.901826
-0.07965,2023-07-13,2023-07-20,sz.300251,2025-12-15 20:06:53.901826
-0.2634,2023-07-14,2023-07-21,sz.300251,2025-12-15 20:06:53.901826
-0.4187,2023-07-17,2023-07-24,sz.300251,2025-12-15 20:06:53.901826
-0.359,2023-07-18,2023-07-25,sz.300251,2025-12-15 20:06:53.901826
-0.1399,2023-07-19,2023-07-26,sz.300251,2025-12-15 20:06:53.901826
-0.2302,2023-07-20,2023-07-27,sz.300251,2025-12-15 20:06:53.901826
-0.2206,2023-07-21,2023-07-28,sz.300251,2025-12-15 20:06:53.901826
-0.3184,2023-07-24,2023-07-31,sz.300251,2025-12-15 20:06:53.901826
-0.2146,2023-07-25,2023-08-01,sz.300251,2025-12-15 20:06:53.901826
-0.3608,2023-07-26,2023-08-02,sz.300251,2025-12-15 20:06:53.901826
-0.264,2023-07-27,2023-08-03,sz.300251,2025-12-15 20:06:53.901826
-0.1214,2023-07-28,2023-08-04,sz.300251,2025-12-15 20:06:53.901826
-0.1901,2023-07-31,2023-08-07,sz.300251,2025-12-15 20:06:53.901826
-0.2068,2023-08-01,2023-08-08,sz.300251,2025-12-15 20:06:53.901826
-0.1857,2023-08-02,2023-08-09,sz.300251,2025-12-15 20:06:53.901826
-0.1816,2023-08-03,2023-08-10,sz.300251,2025-12-15 20:06:53.901826
-0.1393,2023-08-04,2023-08-11,sz.300251,2025-12-15 20:06:53.901826
-0.1189,2023-08-07,2023-08-14,sz.300251,2025-12-15 20:06:53.901826
-0.10913,2023-08-08,2023-08-15,sz.300251,2025-12-15 20:06:53.901826
-0.1711,2023-08-09,2023-08-16,sz.300251,2025-12-15 20:06:53.901826
-0.1087,2023-08-10,2023-08-17,sz.300251,2025-12-15 20:06:53.901826
-0.381,2023-08-11,2023-08-18,sz.300251,2025-12-15 20:06:53.901826
-0.1058,2023-08-14,2023-08-21,sz.300251,2025-12-15 20:06:53.901826
-0.3357,2023-08-15,2023-08-22,sz.300251,2025-12-15 20:06:53.901826
-0.279,2023-08-16,2023-08-23,sz.300251,2025-12-15 20:06:53.901826
-0.175,2023-08-17,2023-08-24,sz.300251,2025-12-15 20:06:53.901826
-0.3494,2023-08-18,2023-08-25,sz.300251,2025-12-15 20:06:53.901826
-0.3276,2023-08-21,2023-08-28,sz.300251,2025-12-15 20:06:53.901826
-0.1295,2023-08-22,2023-08-29,sz.300251,2025-12-15 20:06:53.901826
-0.4155,2023-08-23,2023-08-30,sz.300251,2025-12-15 20:06:53.901826
-0.05273,2023-08-24,2023-08-31,sz.300251,2025-12-15 20:06:53.901826
-0.3118,2023-08-25,2023-09-01,sz.300251,2025-12-15 20:06:53.901826
-0.408,2023-08-28,2023-09-04,sz.300251,2025-12-15 20:06:53.901826
-8.076e-05,2023-08-29,2023-09-05,sz.300251,2025-12-15 20:06:53.901826
-0.1628,2023-08-30,2023-09-06,sz.300251,2025-12-15 20:06:53.901826
-0.295,2023-08-31,2023-09-07,sz.300251,2025-12-15 20:06:53.901826
-0.1919,2023-09-01,2023-09-08,sz.300251,2025-12-15 20:06:53.901826
-0.1345,2023-09-04,2023-09-11,sz.300251,2025-12-15 20:06:53.901826
-0.2343,2023-09-05,2023-09-12,sz.300251,2025-12-15 20:06:53.901826
-0.1978,2023-09-06,2023-09-13,sz.300251,2025-12-15 20:06:53.901826
-0.502,2023-09-07,2023-09-14,sz.300251,2025-12-15 20:06:53.901826
-0.0892,2023-09-08,2023-09-15,sz.300251,2025-12-15 20:06:53.901826
-0.133,2023-09-11,2023-09-18,sz.300251,2025-12-15 20:06:53.901826
-0.1464,2023-09-12,2023-09-19,sz.300251,2025-12-15 20:06:53.901826
-0.2864,2023-09-13,2023-09-20,sz.300251,2025-12-15 20:06:53.901826
-0.0877,2023-09-14,2023-09-21,sz.300251,2025-12-15 20:06:53.901826
-0.09076,2023-09-15,2023-09-22,sz.300251,2025-12-15 20:06:53.901826
-0.0594,2023-09-18,2023-09-25,sz.300251,2025-12-15 20:06:53.901826
-1.473,2023-09-19,2023-09-26,sz.300251,2025-12-15 20:06:53.901826
-0.3398,2023-09-20,2023-09-27,sz.300251,2025-12-15 20:06:53.901826
-0.4583,2023-09-21,2023-09-28,sz.300251,2025-12-15 20:06:53.901826
-0.08203,2023-09-22,2023-09-29,sz.300251,2025-12-15 20:06:53.901826
-0.058,2023-09-25,2023-10-02,sz.300251,2025-12-15 20:06:53.901826
-0.2068,2023-09-26,2023-10-03,sz.300251,2025-12-15 20:06:53.901826
-0.1488,2023-09-27,2023-10-04,sz.300251,2025-12-15 20:06:53.901826
-0.3271,2023-09-28,2023-10-05,sz.300251,2025-12-15 20:06:53.901826
-0.7905,2023-10-09,2023-10-16,sz.300251,2025-12-15 20:06:53.901826
-0.2474,2023-10-10,2023-10-17,sz.300251,2025-12-15 20:06:53.901826
-0.1681,2023-10-11,2023-10-18,sz.300251,2025-12-15 20:06:53.901826
-0.1619,2023-10-12,2023-10-19,sz.300251,2025-12-15 20:06:53.901826
-0.1432,2023-10-13,2023-10-20,sz.300251,2025-12-15 20:06:53.901826
-0.1621,2023-10-16,2023-10-23,sz.300251,2025-12-15 20:06:53.901826
-0.2269,2023-10-17,2023-10-24,sz.300251,2025-12-15 20:06:53.901826
-0.318,2023-10-18,2023-10-25,sz.300251,2025-12-15 20:06:53.901826
-0.1266,2023-10-19,2023-10-26,sz.300251,2025-12-15 20:06:53.901826
-0.337,2023-10-20,2023-10-27,sz.300251,2025-12-15 20:06:53.901826
-0.254,2023-10-23,2023-10-30,sz.300251,2025-12-15 20:06:53.901826
-0.1355,2023-10-24,2023-10-31,sz.300251,2025-12-15 20:06:53.901826
-0.2644,2023-10-25,2023-11-01,sz.300251,2025-12-15 20:06:53.901826
-0.1381,2023-10-26,2023-11-02,sz.300251,2025-12-15 20:06:53.901826
-0.1772,2023-10-27,2023-11-03,sz.300251,2025-12-15 20:06:53.901826
-0.1414,2023-10-30,2023-11-06,sz.300251,2025-12-15 20:06:53.901826
-0.2006,2023-10-31,2023-11-07,sz.300251,2025-12-15 20:06:53.901826
-0.1443,2023-11-01,2023-11-08,sz.300251,2025-12-15 20:06:53.901826
-0.1501,2023-11-02,2023-11-09,sz.300251,2025-12-15 20:06:53.901826
-0.177,2023-11-03,2023-11-10,sz.300251,2025-12-15 20:06:53.901826
-0.0499,2023-11-06,2023-11-13,sz.300251,2025-12-15 20:06:53.901826
-0.1871,2023-11-07,2023-11-14,sz.300251,2025-12-15 20:06:53.901826
-0.1309,2023-11-08,2023-11-15,sz.300251,2025-12-15 20:06:53.901826
-0.3445,2023-11-09,2023-11-16,sz.300251,2025-12-15 20:06:53.901826
-0.3328,2023-11-10,2023-11-17,sz.300251,2025-12-15 20:06:53.901826
-0.11554,2023-11-13,2023-11-20,sz.300251,2025-12-15 20:06:53.901826
-0.10315,2023-11-14,2023-11-21,sz.300251,2025-12-15 20:06:53.901826
-0.3086,2023-11-15,2023-11-22,sz.300251,2025-12-15 20:06:53.901826
-0.1058,2023-11-16,2023-11-23,sz.300251,2025-12-15 20:06:53.901826
-0.08936,2023-11-17,2023-11-24,sz.300251,2025-12-15 20:06:53.901826
-0.1774,2023-11-20,2023-11-27,sz.300251,2025-12-15 20:06:53.901826
-0.1481,2023-11-21,2023-11-28,sz.300251,2025-12-15 20:06:53.901826
-0.1428,2023-11-22,2023-11-29,sz.300251,2025-12-15 20:06:53.901826
-0.2439,2023-11-23,2023-11-30,sz.300251,2025-12-15 20:06:53.901826
-0.2844,2023-11-24,2023-12-01,sz.300251,2025-12-15 20:06:53.901826
-0.1318,2023-11-27,2023-12-04,sz.300251,2025-12-15 20:06:53.901826
-0.1315,2023-11-28,2023-12-05,sz.300251,2025-12-15 20:06:53.901826
-0.1677,2023-11-29,2023-12-06,sz.300251,2025-12-15 20:06:53.901826
-0.1255,2023-11-30,2023-12-07,sz.300251,2025-12-15 20:06:53.901826
-0.03732,2023-12-01,2023-12-08,sz.300251,2025-12-15 20:06:53.901826
-0.1771,2023-12-04,2023-12-11,sz.300251,2025-12-15 20:06:53.901826
-0.7173,2023-12-05,2023-12-12,sz.300251,2025-12-15 20:06:53.901826
-0.12164,2023-12-06,2023-12-13,sz.300251,2025-12-15 20:06:53.901826
-0.1185,2023-12-07,2023-12-14,sz.300251,2025-12-15 20:06:53.901826
-0.2076,2023-12-08,2023-12-15,sz.300251,2025-12-15 20:06:53.901826
-0.06604,2023-12-11,2023-12-18,sz.300251,2025-12-15 20:06:53.901826
-0.1442,2023-12-12,2023-12-19,sz.300251,2025-12-15 20:06:53.901826
-0.3088,2023-12-13,2023-12-20,sz.300251,2025-12-15 20:06:53.901826
-0.12054,2023-12-14,2023-12-21,sz.300251,2025-12-15 20:06:53.901826
-0.2065,2023-12-15,2023-12-22,sz.300251,2025-12-15 20:06:53.901826
-0.371,2023-12-18,2023-12-25,sz.300251,2025-12-15 20:06:53.901826
-0.11554,2023-12-19,2023-12-26,sz.300251,2025-12-15 20:06:53.901826
-0.364,2023-12-20,2023-12-27,sz.300251,2025-12-15 20:06:53.901826
-0.1133,2023-12-21,2023-12-28,sz.300251,2025-12-15 20:06:53.901826
-0.699,2023-12-22,2023-12-29,sz.300251,2025-12-15 20:06:53.901826
-0.1726,2023-12-25,2024-01-01,sz.300251,2025-12-15 20:06:53.901826
-0.4917,2023-12-26,2024-01-02,sz.300251,2025-12-15 20:06:53.901826
-0.1794,2023-12-27,2024-01-03,sz.300251,2025-12-15 20:06:53.901826
-0.006447,2023-12-28,2024-01-04,sz.300251,2025-12-15 20:06:53.901826
-0.1741,2023-12-29,2024-01-05,sz.300251,2025-12-15 20:06:53.901826
-0.2117,2024-01-02,2024-01-09,sz.300251,2025-12-15 20:06:53.901826
-0.113,2024-01-03,2024-01-10,sz.300251,2025-12-15 20:06:53.901826
-0.1516,2024-01-04,2024-01-11,sz.300251,2025-12-15 20:06:53.901826
-0.2815,2024-01-05,2024-01-12,sz.300251,2025-12-15 20:06:53.901826
-0.3003,2024-01-08,2024-01-15,sz.300251,2025-12-15 20:06:53.901826
-0.06464,2024-01-09,2024-01-16,sz.300251,2025-12-15 20:06:53.901826
-0.2308,2024-01-10,2024-01-17,sz.300251,2025-12-15 20:06:53.901826
-0.07007,2024-01-11,2024-01-18,sz.300251,2025-12-15 20:06:53.901826
-0.272,2024-01-12,2024-01-19,sz.300251,2025-12-15 20:06:53.901826
-0.1755,2024-01-15,2024-01-22,sz.300251,2025-12-15 20:06:53.901826
-0.447,2024-01-16,2024-01-23,sz.300251,2025-12-15 20:06:53.901826
-0.381,2024-01-17,2024-01-24,sz.300251,2025-12-15 20:06:53.901826
-0.1019,2024-01-18,2024-01-25,sz.300251,2025-12-15 20:06:53.901826
-0.1871,2024-01-19,2024-01-26,sz.300251,2025-12-15 20:06:53.901826
-0.793,2024-01-22,2024-01-29,sz.300251,2025-12-15 20:06:53.901826
-0.0678,2024-01-23,2024-01-30,sz.300251,2025-12-15 20:06:53.901826
-0.1766,2024-01-24,2024-01-31,sz.300251,2025-12-15 20:06:53.901826
-0.1017,2024-01-25,2024-02-01,sz.300251,2025-12-15 20:06:53.901826
-0.3525,2024-01-26,2024-02-02,sz.300251,2025-12-15 20:06:53.901826
-0.4507,2024-01-29,2024-02-05,sz.300251,2025-12-15 20:06:53.901826
-0.2457,2024-01-30,2024-02-06,sz.300251,2025-12-15 20:06:53.901826
-0.4492,2024-01-31,2024-02-07,sz.300251,2025-12-15 20:06:53.901826
-0.4983,2024-02-01,2024-02-08,sz.300251,2025-12-15 20:06:53.901826
-0.418,2024-02-02,2024-02-09,sz.300251,2025-12-15 20:06:53.901826
-0.5454,2024-02-05,2024-02-12,sz.300251,2025-12-15 20:06:53.901826
0.0007715,2024-02-06,2024-02-13,sz.300251,2025-12-15 20:06:53.901826
-0.07544,2024-02-07,2024-02-14,sz.300251,2025-12-15 20:06:53.901826
-0.4167,2024-02-08,2024-02-15,sz.300251,2025-12-15 20:06:53.901826
-0.2351,2024-02-19,2024-02-26,sz.300251,2025-12-15 20:06:53.901826
-0.239,2024-02-20,2024-02-27,sz.300251,2025-12-15 20:06:53.901826
-0.1704,2024-02-21,2024-02-28,sz.300251,2025-12-15 20:06:53.901826
-0.0535,2024-02-22,2024-02-29,sz.300251,2025-12-15 20:06:53.901826
-0.04578,2024-02-23,2024-03-01,sz.300251,2025-12-15 20:06:53.901826
-0.01167,2024-02-26,2024-03-04,sz.300251,2025-12-15 20:06:53.901826
-0.03452,2024-02-27,2024-03-05,sz.300251,2025-12-15 20:06:53.901826
-0.737,2024-02-28,2024-03-06,sz.300251,2025-12-15 20:06:53.901826
0.03262,2024-02-29,2024-03-07,sz.300251,2025-12-15 20:06:53.901826
0.011856,2024-03-01,2024-03-08,sz.300251,2025-12-15 20:06:53.901826
-0.0298,2024-03-04,2024-03-11,sz.300251,2025-12-15 20:06:53.901826
-0.2744,2024-03-05,2024-03-12,sz.300251,2025-12-15 20:06:53.901826
-0.2356,2024-03-06,2024-03-13,sz.300251,2025-12-15 20:06:53.901826
-0.665,2024-03-07,2024-03-14,sz.300251,2025-12-15 20:06:53.901826
0.01729,2024-03-08,2024-03-15,sz.300251,2025-12-15 20:06:53.901826
-0.08044,2024-03-11,2024-03-18,sz.300251,2025-12-15 20:06:53.901826
-0.4897,2024-03-12,2024-03-19,sz.300251,2025-12-15 20:06:53.901826
-0.1219,2024-03-13,2024-03-20,sz.300251,2025-12-15 20:06:53.901826
-0.09784,2024-03-14,2024-03-21,sz.300251,2025-12-15 20:06:53.901826
-0.06354,2024-03-15,2024-03-22,sz.300251,2025-12-15 20:06:53.901826
-0.066,2024-03-18,2024-03-25,sz.300251,2025-12-15 20:06:53.901826
-0.3003,2024-03-19,2024-03-26,sz.300251,2025-12-15 20:06:53.901826
-0.00946,2024-03-20,2024-03-27,sz.300251,2025-12-15 20:06:53.901826
-0.2776,2024-03-21,2024-03-28,sz.300251,2025-12-15 20:06:53.901826
-0.0911,2024-03-22,2024-03-29,sz.300251,2025-12-15 20:06:53.901826
-0.7363,2024-03-25,2024-04-01,sz.300251,2025-12-15 20:06:53.901826
-0.1941,2024-03-26,2024-04-02,sz.300251,2025-12-15 20:06:53.901826
-0.294,2024-03-27,2024-04-03,sz.300251,2025-12-15 20:06:53.901826
-0.03766,2024-03-28,2024-04-04,sz.300251,2025-12-15 20:06:53.901826
-0.03543,2024-03-29,2024-04-05,sz.300251,2025-12-15 20:06:53.901826
-0.3083,2024-04-01,2024-04-08,sz.300251,2025-12-15 20:06:53.901826
-0.7534,2024-04-02,2024-04-09,sz.300251,2025-12-15 20:06:53.901826
-0.06113,2024-04-03,2024-04-10,sz.300251,2025-12-15 20:06:53.901826
-0.1917,2024-04-08,2024-04-15,sz.300251,2025-12-15 20:06:53.901826
-0.1442,2024-04-09,2024-04-16,sz.300251,2025-12-15 20:06:53.901826
-0.3772,2024-04-10,2024-04-17,sz.300251,2025-12-15 20:06:53.901826
-0.0559,2024-04-11,2024-04-18,sz.300251,2025-12-15 20:06:53.901826
-0.3335,2024-04-12,2024-04-19,sz.300251,2025-12-15 20:06:53.901826
-0.10077,2024-04-15,2024-04-22,sz.300251,2025-12-15 20:06:53.901826
-0.4153,2024-04-16,2024-04-23,sz.300251,2025-12-15 20:06:53.901826
0.1021,2024-04-17,2024-04-24,sz.300251,2025-12-15 20:06:53.901826
-0.2354,2024-04-18,2024-04-25,sz.300251,2025-12-15 20:06:53.901826
-0.1096,2024-04-19,2024-04-26,sz.300251,2025-12-15 20:06:53.901826
-1.08,2024-04-22,2024-04-29,sz.300251,2025-12-15 20:06:53.901826
0.0253,2024-04-23,2024-04-30,sz.300251,2025-12-15 20:06:53.901826
-0.9595,2024-04-24,2024-05-01,sz.300251,2025-12-15 20:06:53.901826
-0.3535,2024-04-25,2024-05-02,sz.300251,2025-12-15 20:06:53.901826
0.03525,2024-04-26,2024-05-03,sz.300251,2025-12-15 20:06:53.901826
0.013695,2024-04-29,2024-05-06,sz.300251,2025-12-15 20:06:53.901826
-0.4487,2024-04-30,2024-05-07,sz.300251,2025-12-15 20:06:53.901826
0.03247,2024-05-06,2024-05-13,sz.300251,2025-12-15 20:06:53.901826
-0.2289,2024-05-07,2024-05-14,sz.300251,2025-12-15 20:06:53.901826
-0.4375,2024-05-08,2024-05-15,sz.300251,2025-12-15 20:06:53.901826
-0.3682,2024-05-09,2024-05-16,sz.300251,2025-12-15 20:06:53.901826
-0.3184,2024-05-10,2024-05-17,sz.300251,2025-12-15 20:06:53.901826
-0.05792,2024-05-13,2024-05-20,sz.300251,2025-12-15 20:06:53.901826
-0.3096,2024-05-14,2024-05-21,sz.300251,2025-12-15 20:06:53.901826
-0.1952,2024-05-15,2024-05-22,sz.300251,2025-12-15 20:06:53.901826
-0.07855,2024-05-16,2024-05-23,sz.300251,2025-12-15 20:06:53.901826
-0.31,2024-05-17,2024-05-24,sz.300251,2025-12-15 20:06:53.901826
-0.0361,2024-05-20,2024-05-27,sz.300251,2025-12-15 20:06:53.901826
0.01651,2024-05-21,2024-05-28,sz.300251,2025-12-15 20:06:53.901826
0.04562,2024-05-22,2024-05-29,sz.300251,2025-12-15 20:06:53.901826
-0.3464,2024-05-23,2024-05-30,sz.300251,2025-12-15 20:06:53.901826
-0.06006,2024-05-24,2024-05-31,sz.300251,2025-12-15 20:06:53.901826
-0.355,2024-05-27,2024-06-03,sz.300251,2025-12-15 20:06:53.901826
-0.3962,2024-05-28,2024-06-04,sz.300251,2025-12-15 20:06:53.901826
-0.01703,2024-05-29,2024-06-05,sz.300251,2025-12-15 20:06:53.901826
-0.00906,2024-05-30,2024-06-06,sz.300251,2025-12-15 20:06:53.901826
0.02437,2024-05-31,2024-06-07,sz.300251,2025-12-15 20:06:53.901826
-0.2294,2024-06-03,2024-06-10,sz.300251,2025-12-15 20:06:53.901826
0.02834,2024-06-04,2024-06-11,sz.300251,2025-12-15 20:06:53.901826
-0.11127,2024-06-05,2024-06-12,sz.300251,2025-12-15 20:06:53.901826
-0.4275,2024-06-06,2024-06-13,sz.300251,2025-12-15 20:06:53.901826
-0.0451,2024-06-07,2024-06-14,sz.300251,2025-12-15 20:06:53.901826
-0.02574,2024-06-11,2024-06-18,sz.300251,2025-12-15 20:06:53.901826
0.02411,2024-06-12,2024-06-19,sz.300251,2025-12-15 20:06:53.901826
-0.0341,2024-06-13,2024-06-20,sz.300251,2025-12-15 20:06:53.901826
0.03815,2024-06-14,2024-06-21,sz.300251,2025-12-15 20:06:53.901826
-0.2637,2024-06-17,2024-06-24,sz.300251,2025-12-15 20:06:53.901826
-0.527,2024-06-18,2024-06-25,sz.300251,2025-12-15 20:06:53.901826
-0.1913,2024-06-19,2024-06-26,sz.300251,2025-12-15 20:06:53.901826
-0.1925,2024-06-20,2024-06-27,sz.300251,2025-12-15 20:06:53.901826
-0.0267,2024-06-21,2024-06-28,sz.300251,2025-12-15 20:06:53.901826
-0.3057,2024-06-24,2024-07-01,sz.300251,2025-12-15 20:06:53.901826
-0.3252,2024-06-25,2024-07-02,sz.300251,2025-12-15 20:06:53.901826
0.09845,2024-06-26,2024-07-03,sz.300251,2025-12-15 20:06:53.901826
-0.2095,2024-06-27,2024-07-04,sz.300251,2025-12-15 20:06:53.901826
-0.3977,2024-06-28,2024-07-05,sz.300251,2025-12-15 20:06:53.901826
-0.0273,2024-07-01,2024-07-08,sz.300251,2025-12-15 20:06:53.901826
-0.8174,2024-07-02,2024-07-09,sz.300251,2025-12-15 20:06:53.901826
-0.147,2024-07-03,2024-07-10,sz.300251,2025-12-15 20:06:53.901826
-0.4055,2024-07-04,2024-07-11,sz.300251,2025-12-15 20:06:53.901826
0.05167,2024-07-05,2024-07-12,sz.300251,2025-12-15 20:06:53.901826
-0.3147,2024-07-08,2024-07-15,sz.300251,2025-12-15 20:06:53.901826
-0.1505,2024-07-09,2024-07-16,sz.300251,2025-12-15 20:06:53.901826
-0.1562,2024-07-10,2024-07-17,sz.300251,2025-12-15 20:06:53.901826
-0.1111,2024-07-11,2024-07-18,sz.300251,2025-12-15 20:06:53.901826
-0.1663,2024-07-12,2024-07-19,sz.300251,2025-12-15 20:06:53.901826
-0.001974,2024-07-15,2024-07-22,sz.300251,2025-12-15 20:06:53.901826
-0.08716,2024-07-16,2024-07-23,sz.300251,2025-12-15 20:06:53.901826
-0.0232,2024-07-17,2024-07-24,sz.300251,2025-12-15 20:06:53.901826
-0.03485,2024-07-18,2024-07-25,sz.300251,2025-12-15 20:06:53.901826
-0.02902,2024-07-19,2024-07-26,sz.300251,2025-12-15 20:06:53.901826
-0.6567,2024-07-22,2024-07-29,sz.300251,2025-12-15 20:06:53.901826
-0.2698,2024-07-23,2024-07-30,sz.300251,2025-12-15 20:06:53.901826
-0.2397,2024-07-24,2024-07-31,sz.300251,2025-12-15 20:06:53.901826
-0.07556,2024-07-25,2024-08-01,sz.300251,2025-12-15 20:06:53.901826
0.01633,2024-07-26,2024-08-02,sz.300251,2025-12-15 20:06:53.901826
-0.01852,2024-07-29,2024-08-05,sz.300251,2025-12-15 20:06:53.901826
-0.08276,2024-07-30,2024-08-06,sz.300251,2025-12-15 20:06:53.901826
0.0971,2024-07-31,2024-08-07,sz.300251,2025-12-15 20:06:53.901826
-0.2307,2024-08-01,2024-08-08,sz.300251,2025-12-15 20:06:53.901826
-0.2024,2024-08-02,2024-08-09,sz.300251,2025-12-15 20:06:53.901826
-0.1985,2024-08-05,2024-08-12,sz.300251,2025-12-15 20:06:53.901826
-0.1185,2024-08-06,2024-08-13,sz.300251,2025-12-15 20:06:53.901826
-0.02951,2024-08-07,2024-08-14,sz.300251,2025-12-15 20:06:53.901826
-0.0583,2024-08-08,2024-08-15,sz.300251,2025-12-15 20:06:53.901826
-0.321,2024-08-09,2024-08-16,sz.300251,2025-12-15 20:06:53.901826
-0.0685,2024-08-12,2024-08-19,sz.300251,2025-12-15 20:06:53.901826
-0.1644,2024-08-13,2024-08-20,sz.300251,2025-12-15 20:06:53.901826
-0.0679,2024-08-14,2024-08-21,sz.300251,2025-12-15 20:06:53.901826
-0.04202,2024-08-15,2024-08-22,sz.300251,2025-12-15 20:06:53.901826
-0.2218,2024-08-16,2024-08-23,sz.300251,2025-12-15 20:06:53.901826
-0.01365,2024-08-19,2024-08-26,sz.300251,2025-12-15 20:06:53.901826
-0.1425,2024-08-20,2024-08-27,sz.300251,2025-12-15 20:06:53.901826
-0.1193,2024-08-21,2024-08-28,sz.300251,2025-12-15 20:06:53.901826
-0.287,2024-08-22,2024-08-29,sz.300251,2025-12-15 20:06:53.901826
-0.03845,2024-08-23,2024-08-30,sz.300251,2025-12-15 20:06:53.901826
-0.06012,2024-08-26,2024-09-02,sz.300251,2025-12-15 20:06:53.901826
-0.3022,2024-08-27,2024-09-03,sz.300251,2025-12-15 20:06:53.901826
0.0367,2024-08-28,2024-09-04,sz.300251,2025-12-15 20:06:53.901826
-0.1173,2024-08-29,2024-09-05,sz.300251,2025-12-15 20:06:53.901826
-0.003527,2024-08-30,2024-09-06,sz.300251,2025-12-15 20:06:53.901826
-0.61,2024-09-02,2024-09-09,sz.300251,2025-12-15 20:06:53.901826
-0.03348,2024-09-03,2024-09-10,sz.300251,2025-12-15 20:06:53.901826
-0.10864,2024-09-04,2024-09-11,sz.300251,2025-12-15 20:06:53.901826
-0.01483,2024-09-05,2024-09-12,sz.300251,2025-12-15 20:06:53.901826
-0.1628,2024-09-06,2024-09-13,sz.300251,2025-12-15 20:06:53.901826
-0.0594,2024-09-09,2024-09-16,sz.300251,2025-12-15 20:06:53.901826
-0.1236,2024-09-10,2024-09-17,sz.300251,2025-12-15 20:06:53.901826
-0.0637,2024-09-11,2024-09-18,sz.300251,2025-12-15 20:06:53.901826
-0.1364,2024-09-12,2024-09-19,sz.300251,2025-12-15 20:06:53.901826
-0.1726,2024-09-13,2024-09-20,sz.300251,2025-12-15 20:06:53.901826
-0.173,2024-09-18,2024-09-25,sz.300251,2025-12-15 20:06:53.901826
-0.02371,2024-09-19,2024-09-26,sz.300251,2025-12-15 20:06:53.901826
-0.10626,2024-09-20,2024-09-27,sz.300251,2025-12-15 20:06:53.901826
-0.07715,2024-09-23,2024-09-30,sz.300251,2025-12-15 20:06:53.901826
0.0687,2024-09-24,2024-10-01,sz.300251,2025-12-15 20:06:53.901826
-0.1343,2024-09-25,2024-10-02,sz.300251,2025-12-15 20:06:53.901826
0.0906,2024-09-26,2024-10-03,sz.300251,2025-12-15 20:06:53.901826
-0.07025,2024-09-27,2024-10-04,sz.300251,2025-12-15 20:06:53.901826
0.078,2024-09-30,2024-10-07,sz.300251,2025-12-15 20:06:53.901826
-1.766,2024-10-08,2024-10-15,sz.300251,2025-12-15 20:06:53.901826
-1.513,2024-10-09,2024-10-16,sz.300251,2025-12-15 20:06:53.901826
-0.5186,2024-10-10,2024-10-17,sz.300251,2025-12-15 20:06:53.901826
-0.5796,2024-10-11,2024-10-18,sz.300251,2025-12-15 20:06:53.901826
-0.02594,2024-10-14,2024-10-21,sz.300251,2025-12-15 20:06:53.901826
-0.2698,2024-10-15,2024-10-22,sz.300251,2025-12-15 20:06:53.901826
-0.05896,2024-10-16,2024-10-23,sz.300251,2025-12-15 20:06:53.901826
-0.2245,2024-10-17,2024-10-24,sz.300251,2025-12-15 20:06:53.901826
-0.1486,2024-10-18,2024-10-25,sz.300251,2025-12-15 20:06:53.901826
0.00394,2024-10-21,2024-10-28,sz.300251,2025-12-15 20:06:53.901826
-0.2362,2024-10-22,2024-10-29,sz.300251,2025-12-15 20:06:53.901826
-0.2566,2024-10-23,2024-10-30,sz.300251,2025-12-15 20:06:53.901826
-0.0654,2024-10-24,2024-10-31,sz.300251,2025-12-15 20:06:53.901826
0.0995,2024-10-25,2024-11-01,sz.300251,2025-12-15 20:06:53.901826
-0.006405,2024-10-28,2024-11-04,sz.300251,2025-12-15 20:06:53.901826
-0.7246,2024-10-29,2024-11-05,sz.300251,2025-12-15 20:06:53.901826
-0.336,2024-10-30,2024-11-06,sz.300251,2025-12-15 20:06:53.901826
-0.1685,2024-10-31,2024-11-07,sz.300251,2025-12-15 20:06:53.901826
-0.5884,2024-11-01,2024-11-08,sz.300251,2025-12-15 20:06:53.901826
0.06573,2024-11-04,2024-11-11,sz.300251,2025-12-15 20:06:53.901826
0.1103,2024-11-05,2024-11-12,sz.300251,2025-12-15 20:06:53.901826
-0.05322,2024-11-06,2024-11-13,sz.300251,2025-12-15 20:06:53.901826
0.03265,2024-11-07,2024-11-14,sz.300251,2025-12-15 20:06:53.901826
-0.3184,2024-11-08,2024-11-15,sz.300251,2025-12-15 20:06:53.901826
0.02443,2024-11-11,2024-11-18,sz.300251,2025-12-15 20:06:53.901826
-0.452,2024-11-12,2024-11-19,sz.300251,2025-12-15 20:06:53.901826
-0.01044,2024-11-13,2024-11-20,sz.300251,2025-12-15 20:06:53.901826
-0.477,2024-11-14,2024-11-21,sz.300251,2025-12-15 20:06:53.901826
-0.1969,2024-11-15,2024-11-22,sz.300251,2025-12-15 20:06:53.901826
-1.024,2024-11-18,2024-11-25,sz.300251,2025-12-15 20:06:53.901826
-0.04504,2024-11-19,2024-11-26,sz.300251,2025-12-15 20:06:53.901826
0.010155,2024-11-20,2024-11-27,sz.300251,2025-12-15 20:06:53.901826
-0.0973,2024-11-21,2024-11-28,sz.300251,2025-12-15 20:06:53.901826
-0.5664,2024-11-22,2024-11-29,sz.300251,2025-12-15 20:06:53.901826
-0.3093,2024-11-25,2024-12-02,sz.300251,2025-12-15 20:06:53.901826
-0.2389,2024-11-26,2024-12-03,sz.300251,2025-12-15 20:06:53.901826
0.05225,2024-11-27,2024-12-04,sz.300251,2025-12-15 20:06:53.901826
-0.3909,2024-11-28,2024-12-05,sz.300251,2025-12-15 20:06:53.901826
-0.006138,2024-11-29,2024-12-06,sz.300251,2025-12-15 20:06:53.901826
0.03296,2024-12-02,2024-12-09,sz.300251,2025-12-15 20:06:53.901826
-0.1313,2024-12-03,2024-12-10,sz.300251,2025-12-15 20:06:53.901826
-0.2068,2024-12-04,2024-12-11,sz.300251,2025-12-15 20:06:53.901826
0.01991,2024-12-05,2024-12-12,sz.300251,2025-12-15 20:06:53.901826
-0.08887,2024-12-06,2024-12-13,sz.300251,2025-12-15 20:06:53.901826
-0.5044,2024-12-09,2024-12-16,sz.300251,2025-12-15 20:06:53.901826
-0.573,2024-12-10,2024-12-17,sz.300251,2025-12-15 20:06:53.901826
-0.2438,2024-12-11,2024-12-18,sz.300251,2025-12-15 20:06:53.901826
-0.0902,2024-12-12,2024-12-19,sz.300251,2025-12-15 20:06:53.901826
-0.2202,2024-12-13,2024-12-20,sz.300251,2025-12-15 20:06:53.901826
-0.4167,2024-12-16,2024-12-23,sz.300251,2025-12-15 20:06:53.901826
-0.1517,2024-12-17,2024-12-24,sz.300251,2025-12-15 20:06:53.901826
-0.1329,2024-12-18,2024-12-25,sz.300251,2025-12-15 20:06:53.901826
0.0215,2024-12-19,2024-12-26,sz.300251,2025-12-15 20:06:53.901826
-0.05695,2024-12-20,2024-12-27,sz.300251,2025-12-15 20:06:53.901826
-0.6445,2024-12-23,2024-12-30,sz.300251,2025-12-15 20:06:53.901826
0.04294,2024-12-24,2024-12-31,sz.300251,2025-12-15 20:06:53.901826
-0.1979,2024-12-25,2025-01-01,sz.300251,2025-12-15 20:06:53.901826
0.06125,2024-12-26,2025-01-02,sz.300251,2025-12-15 20:06:53.901826
-0.1837,2024-12-27,2025-01-03,sz.300251,2025-12-15 20:06:53.901826
-0.2632,2024-12-30,2025-01-06,sz.300251,2025-12-15 20:06:53.901826
-0.2505,2024-12-31,2025-01-07,sz.300251,2025-12-15 20:06:53.901826
-0.593,2025-01-02,2025-01-09,sz.300251,2025-12-15 20:06:53.901826
-0.991,2025-01-03,2025-01-10,sz.300251,2025-12-15 20:06:53.901826
-0.4539,2025-01-06,2025-01-13,sz.300251,2025-12-15 20:06:53.901826
0.0643,2025-01-07,2025-01-14,sz.300251,2025-12-15 20:06:53.901826
-0.129,2025-01-08,2025-01-15,sz.300251,2025-12-15 20:06:53.901826
-0.3208,2025-01-09,2025-01-16,sz.300251,2025-12-15 20:06:53.901826
-0.4268,2025-01-10,2025-01-17,sz.300251,2025-12-15 20:06:53.901826
-0.001575,2025-01-13,2025-01-20,sz.300251,2025-12-15 20:06:53.901826
0.11444,2025-01-14,2025-01-21,sz.300251,2025-12-15 20:06:53.901826
-0.1148,2025-01-15,2025-01-22,sz.300251,2025-12-15 20:06:53.901826
-0.1372,2025-01-16,2025-01-23,sz.300251,2025-12-15 20:06:53.901826
0.01991,2025-01-17,2025-01-24,sz.300251,2025-12-15 20:06:53.901826
-0.3733,2025-01-20,2025-01-27,sz.300251,2025-12-15 20:06:53.901826
-0.1186,2025-01-21,2025-01-28,sz.300251,2025-12-15 20:06:53.901826
-0.1545,2025-01-22,2025-01-29,sz.300251,2025-12-15 20:06:53.901826
-0.1426,2025-01-23,2025-01-30,sz.300251,2025-12-15 20:06:53.901826
-0.007164,2025-01-24,2025-01-31,sz.300251,2025-12-15 20:06:53.901826
-0.2146,2025-01-27,2025-02-03,sz.300251,2025-12-15 20:06:53.901826
-0.2566,2025-02-05,2025-02-12,sz.300251,2025-12-15 20:06:53.901826
-0.0337,2025-02-06,2025-02-13,sz.300251,2025-12-15 20:06:53.901826
-0.3638,2025-02-07,2025-02-14,sz.300251,2025-12-15 20:06:53.901826
0.0869,2025-02-10,2025-02-17,sz.300251,2025-12-15 20:06:53.901826
-0.184,2025-02-11,2025-02-18,sz.300251,2025-12-15 20:06:53.901826
-0.4675,2025-02-12,2025-02-19,sz.300251,2025-12-15 20:06:53.901826
-0.6646,2025-02-13,2025-02-20,sz.300251,2025-12-15 20:06:53.901826
-0.8696,2025-02-14,2025-02-21,sz.300251,2025-12-15 20:06:53.901826
-2.25,2025-02-17,2025-02-24,sz.300251,2025-12-15 20:06:53.901826
-1.225,2025-02-18,2025-02-25,sz.300251,2025-12-15 20:06:53.901826
-0.881,2025-02-19,2025-02-26,sz.300251,2025-12-15 20:06:53.901826
-1.137,2025-02-20,2025-02-27,sz.300251,2025-12-15 20:06:53.901826
-0.8564,2025-02-21,2025-02-28,sz.300251,2025-12-15 20:06:53.901826
-1.196,2025-02-24,2025-03-03,sz.300251,2025-12-15 20:06:53.901826
-1.259,2025-02-25,2025-03-04,sz.300251,2025-12-15 20:06:53.901826
-0.8237,2025-02-26,2025-03-05,sz.300251,2025-12-15 20:06:53.901826
-0.9,2025-02-27,2025-03-06,sz.300251,2025-12-15 20:06:53.901826
-0.8496,2025-02-28,2025-03-07,sz.300251,2025-12-15 20:06:53.901826
-0.717,2025-03-03,2025-03-10,sz.300251,2025-12-15 20:06:53.901826
-0.838,2025-03-04,2025-03-11,sz.300251,2025-12-15 20:06:53.901826
-0.6445,2025-03-05,2025-03-12,sz.300251,2025-12-15 20:06:53.901826
-0.6045,2025-03-06,2025-03-13,sz.300251,2025-12-15 20:06:53.901826
-0.9126,2025-03-07,2025-03-14,sz.300251,2025-12-15 20:06:53.901826
-0.6406,2025-03-10,2025-03-17,sz.300251,2025-12-15 20:06:53.901826
-0.585,2025-03-11,2025-03-18,sz.300251,2025-12-15 20:06:53.901826
-0.755,2025-03-12,2025-03-19,sz.300251,2025-12-15 20:06:53.901826
-0.7793,2025-03-13,2025-03-20,sz.300251,2025-12-15 20:06:53.901826
-0.615,2025-03-14,2025-03-21,sz.300251,2025-12-15 20:06:53.901826
-0.759,2025-03-17,2025-03-24,sz.300251,2025-12-15 20:06:53.901826
-0.738,2025-03-18,2025-03-25,sz.300251,2025-12-15 20:06:53.901826
-0.809,2025-03-19,2025-03-26,sz.300251,2025-12-15 20:06:53.901826
-0.637,2025-03-20,2025-03-27,sz.300251,2025-12-15 20:06:53.901826
-0.6816,2025-03-21,2025-03-28,sz.300251,2025-12-15 20:06:53.901826
-0.755,2025-03-24,2025-03-31,sz.300251,2025-12-15 20:06:53.901826
-0.8296,2025-03-25,2025-04-01,sz.300251,2025-12-15 20:06:53.901826
-0.4941,2025-03-26,2025-04-02,sz.300251,2025-12-15 20:06:53.901826
-0.582,2025-03-27,2025-04-03,sz.300251,2025-12-15 20:06:53.901826
-0.5464,2025-03-28,2025-04-04,sz.300251,2025-12-15 20:06:53.901826
-0.577,2025-03-31,2025-04-07,sz.300251,2025-12-15 20:06:53.901826
-0.6045,2025-04-01,2025-04-08,sz.300251,2025-12-15 20:06:53.901826
-0.577,2025-04-02,2025-04-09,sz.300251,2025-12-15 20:06:53.901826
-0.475,2025-04-03,2025-04-10,sz.300251,2025-12-15 20:06:53.901826
-1.71,2025-04-07,2025-04-14,sz.300251,2025-12-15 20:06:53.901826
-0.4338,2025-04-08,2025-04-15,sz.300251,2025-12-15 20:06:53.901826
-0.466,2025-04-09,2025-04-16,sz.300251,2025-12-15 20:06:53.901826
-0.4602,2025-04-10,2025-04-17,sz.300251,2025-12-15 20:06:53.901826
-0.9746,2025-04-11,2025-04-18,sz.300251,2025-12-15 20:06:53.901826
-0.4868,2025-04-14,2025-04-21,sz.300251,2025-12-15 20:06:53.901826
-0.5215,2025-04-15,2025-04-22,sz.300251,2025-12-15 20:06:53.901826
-0.5713,2025-04-16,2025-04-23,sz.300251,2025-12-15 20:06:53.901826
-0.4226,2025-04-17,2025-04-24,sz.300251,2025-12-15 20:06:53.901826
-0.3628,2025-04-18,2025-04-25,sz.300251,2025-12-15 20:06:53.901826
-0.4763,2025-04-21,2025-04-28,sz.300251,2025-12-15 20:06:53.901826
-0.901,2025-04-22,2025-04-29,sz.300251,2025-12-15 20:06:53.901826
-0.8926,2025-04-23,2025-04-30,sz.300251,2025-12-15 20:06:53.901826
-0.885,2025-04-24,2025-05-01,sz.300251,2025-12-15 20:06:53.901826
-0.3887,2025-04-25,2025-05-02,sz.300251,2025-12-15 20:06:53.901826
-0.351,2025-04-28,2025-05-05,sz.300251,2025-12-15 20:06:53.901826
-0.3723,2025-04-29,2025-05-06,sz.300251,2025-12-15 20:06:53.901826
-0.3271,2025-04-30,2025-05-07,sz.300251,2025-12-15 20:06:53.901826
-0.37,2025-05-06,2025-05-13,sz.300251,2025-12-15 20:06:53.901826
-0.673,2025-05-07,2025-05-14,sz.300251,2025-12-15 20:06:53.901826
-0.3318,2025-05-08,2025-05-15,sz.300251,2025-12-15 20:06:53.901826
-0.6367,2025-05-09,2025-05-16,sz.300251,2025-12-15 20:06:53.901826
-0.2952,2025-05-12,2025-05-19,sz.300251,2025-12-15 20:06:53.901826
-0.5107,2025-05-13,2025-05-20,sz.300251,2025-12-15 20:06:53.901826
-0.321,2025-05-14,2025-05-21,sz.300251,2025-12-15 20:06:53.901826
-0.5757,2025-05-15,2025-05-22,sz.300251,2025-12-15 20:06:53.901826
-0.3093,2025-05-16,2025-05-23,sz.300251,2025-12-15 20:06:53.901826
-0.2898,2025-05-19,2025-05-26,sz.300251,2025-12-15 20:06:53.901826
-0.2737,2025-05-20,2025-05-27,sz.300251,2025-12-15 20:06:53.901826
-0.2522,2025-05-21,2025-05-28,sz.300251,2025-12-15 20:06:53.901826
-0.4265,2025-05-22,2025-05-29,sz.300251,2025-12-15 20:06:53.901826
-0.387,2025-05-23,2025-05-30,sz.300251,2025-12-15 20:06:53.901826
-0.1757,2025-05-26,2025-06-02,sz.300251,2025-12-15 20:06:53.901826
-0.3245,2025-05-27,2025-06-03,sz.300251,2025-12-15 20:06:53.901826
-0.3477,2025-05-28,2025-06-04,sz.300251,2025-12-15 20:06:53.901826
-0.19,2025-05-29,2025-06-05,sz.300251,2025-12-15 20:06:53.901826
-0.52,2025-05-30,2025-06-06,sz.300251,2025-12-15 20:06:53.901826
-0.198,2025-06-03,2025-06-10,sz.300251,2025-12-15 20:06:53.901826
-0.2437,2025-06-04,2025-06-11,sz.300251,2025-12-15 20:06:53.901826
-0.2566,2025-06-05,2025-06-12,sz.300251,2025-12-15 20:06:53.901826
-0.3215,2025-06-06,2025-06-13,sz.300251,2025-12-15 20:06:53.901826
-0.2722,2025-06-09,2025-06-16,sz.300251,2025-12-15 20:06:53.901826
-0.3696,2025-06-10,2025-06-17,sz.300251,2025-12-15 20:06:53.901826
-0.2319,2025-06-11,2025-06-18,sz.300251,2025-12-15 20:06:53.901826
-0.3167,2025-06-12,2025-06-19,sz.300251,2025-12-15 20:06:53.901826
-0.4749,2025-06-13,2025-06-20,sz.300251,2025-12-15 20:06:53.901826
-0.1448,2025-06-16,2025-06-23,sz.300251,2025-12-15 20:06:53.901826
-1.369,2025-06-17,2025-06-24,sz.300251,2025-12-15 20:06:53.901826
-0.7407,2025-06-18,2025-06-25,sz.300251,2025-12-15 20:06:53.901826
-0.8115,2025-06-19,2025-06-26,sz.300251,2025-12-15 20:06:53.901826
-0.7656,2025-06-20,2025-06-27,sz.300251,2025-12-15 20:06:53.901826
-0.3774,2025-06-23,2025-06-30,sz.300251,2025-12-15 20:06:53.901826
-0.335,2025-06-24,2025-07-01,sz.300251,2025-12-15 20:06:53.901826
-0.3406,2025-06-25,2025-07-02,sz.300251,2025-12-15 20:06:53.901826
-0.4714,2025-06-26,2025-07-03,sz.300251,2025-12-15 20:06:53.901826
-0.558,2025-06-27,2025-07-04,sz.300251,2025-12-15 20:06:53.901826
-0.431,2025-06-30,2025-07-07,sz.300251,2025-12-15 20:06:53.901826
-0.6616,2025-07-01,2025-07-08,sz.300251,2025-12-15 20:06:53.901826
-0.4565,2025-07-02,2025-07-09,sz.300251,2025-12-15 20:06:53.901826
-0.4517,2025-07-03,2025-07-10,sz.300251,2025-12-15 20:06:53.901826
-0.4912,2025-07-04,2025-07-11,sz.300251,2025-12-15 20:06:53.901826
-0.3203,2025-07-07,2025-07-14,sz.300251,2025-12-15 20:06:53.901826
-0.2822,2025-07-08,2025-07-15,sz.300251,2025-12-15 20:06:53.901826
-0.3677,2025-07-09,2025-07-16,sz.300251,2025-12-15 20:06:53.901826
-0.455,2025-07-10,2025-07-17,sz.300251,2025-12-15 20:06:53.901826
-0.3813,2025-07-11,2025-07-18,sz.300251,2025-12-15 20:06:53.901826
-0.3833,2025-07-14,2025-07-21,sz.300251,2025-12-15 20:06:53.901826
-0.3987,2025-07-15,2025-07-22,sz.300251,2025-12-15 20:06:53.901826
-0.3745,2025-07-16,2025-07-23,sz.300251,2025-12-15 20:06:53.901826
-0.302,2025-07-17,2025-07-24,sz.300251,2025-12-15 20:06:53.901826
-0.4185,2025-07-18,2025-07-25,sz.300251,2025-12-15 20:06:53.901826
-0.3684,2025-07-21,2025-07-28,sz.300251,2025-12-15 20:06:53.901826
-0.4358,2025-07-22,2025-07-29,sz.300251,2025-12-15 20:06:53.901826
-0.379,2025-07-23,2025-07-30,sz.300251,2025-12-15 20:06:53.901826
-0.255,2025-07-24,2025-07-31,sz.300251,2025-12-15 20:06:53.901826
-0.388,2025-07-25,2025-08-01,sz.300251,2025-12-15 20:06:53.901826
-0.3347,2025-07-28,2025-08-04,sz.300251,2025-12-15 20:06:53.901826
-0.521,2025-07-29,2025-08-05,sz.300251,2025-12-15 20:06:53.901826
-0.538,2025-07-30,2025-08-06,sz.300251,2025-12-15 20:06:53.901826
-0.7344,2025-07-31,2025-08-07,sz.300251,2025-12-15 20:06:53.901826
-0.4597,2025-08-01,2025-08-08,sz.300251,2025-12-15 20:06:53.901826
-0.6675,2025-08-04,2025-08-11,sz.300251,2025-12-15 20:06:53.901826
-0.4458,2025-08-05,2025-08-12,sz.300251,2025-12-15 20:06:53.901826
-0.694,2025-08-06,2025-08-13,sz.300251,2025-12-15 20:06:53.901826
-0.3909,2025-08-07,2025-08-14,sz.300251,2025-12-15 20:06:53.901826
-0.699,2025-08-08,2025-08-15,sz.300251,2025-12-15 20:06:53.901826
-0.4727,2025-08-11,2025-08-18,sz.300251,2025-12-15 20:06:53.901826
-0.44,2025-08-12,2025-08-19,sz.300251,2025-12-15 20:06:53.901826
-0.307,2025-08-13,2025-08-20,sz.300251,2025-12-15 20:06:53.901826
-0.575,2025-08-14,2025-08-21,sz.300251,2025-12-15 20:06:53.901826
-0.2445,2025-08-15,2025-08-22,sz.300251,2025-12-15 20:06:53.901826
-0.314,2025-08-18,2025-08-25,sz.300251,2025-12-15 20:06:53.901826
-0.507,2025-08-19,2025-08-26,sz.300251,2025-12-15 20:06:53.901826
-0.3044,2025-08-20,2025-08-27,sz.300251,2025-12-15 20:06:53.901826
-0.3442,2025-08-21,2025-08-28,sz.300251,2025-12-15 20:06:53.901826
-0.3389,2025-08-22,2025-08-29,sz.300251,2025-12-15 20:06:53.901826
-0.374,2025-08-25,2025-09-01,sz.300251,2025-12-15 20:06:53.901826
-0.344,2025-08-26,2025-09-02,sz.300251,2025-12-15 20:06:53.901826
-0.853,2025-08-27,2025-09-03,sz.300251,2025-12-15 20:06:53.901826
-0.3608,2025-08-28,2025-09-04,sz.300251,2025-12-15 20:06:53.901826
-0.5317,2025-08-29,2025-09-05,sz.300251,2025-12-15 20:06:53.901826
-0.3328,2025-09-01,2025-09-08,sz.300251,2025-12-15 20:06:53.901826
-0.86,2025-09-02,2025-09-09,sz.300251,2025-12-15 20:06:53.901826
-0.7256,2025-09-03,2025-09-10,sz.300251,2025-12-15 20:06:53.901826
-0.6313,2025-09-04,2025-09-11,sz.300251,2025-12-15 20:06:53.901826
-0.2062,2025-09-05,2025-09-12,sz.300251,2025-12-15 20:06:53.901826
-0.2573,2025-09-08,2025-09-15,sz.300251,2025-12-15 20:06:53.901826
-0.3923,2025-09-09,2025-09-16,sz.300251,2025-12-15 20:06:53.901826
-0.315,2025-09-10,2025-09-17,sz.300251,2025-12-15 20:06:53.901826
-0.4475,2025-09-11,2025-09-18,sz.300251,2025-12-15 20:06:53.901826
-0.3733,2025-09-12,2025-09-19,sz.300251,2025-12-15 20:06:53.901826
-0.4219,2025-09-15,2025-09-22,sz.300251,2025-12-15 20:06:53.901826
-0.4219,2025-09-16,2025-09-23,sz.300251,2025-12-15 20:06:53.901826
-0.3904,2025-09-17,2025-09-24,sz.300251,2025-12-15 20:06:53.901826
-0.565,2025-09-18,2025-09-25,sz.300251,2025-12-15 20:06:53.901826
-0.3723,2025-09-19,2025-09-26,sz.300251,2025-12-15 20:06:53.901826
-0.3953,2025-09-22,2025-09-29,sz.300251,2025-12-15 20:06:53.901826
-0.2546,2025-09-23,2025-09-30,sz.300251,2025-12-15 20:06:53.901826
-0.3813,2025-09-24,2025-10-01,sz.300251,2025-12-15 20:06:53.901826
-0.3472,2025-09-25,2025-10-02,sz.300251,2025-12-15 20:06:53.901826
-0.6396,2025-09-26,2025-10-03,sz.300251,2025-12-15 20:06:53.901826
-0.551,2025-09-29,2025-10-06,sz.300251,2025-12-15 20:06:53.901826
-0.367,2025-09-30,2025-10-07,sz.300251,2025-12-15 20:06:53.901826
-1.049,2025-10-09,2025-10-16,sz.300251,2025-12-15 20:06:53.901826
-0.2195,2025-10-10,2025-10-17,sz.300251,2025-12-15 20:06:53.901826
-0.194,2025-10-13,2025-10-20,sz.300251,2025-12-15 20:06:53.901826
-0.394,2025-10-14,2025-10-21,sz.300251,2025-12-15 20:06:53.901826
-0.1489,2025-10-15,2025-10-22,sz.300251,2025-12-15 20:06:53.901826
-0.2654,2025-10-16,2025-10-23,sz.300251,2025-12-15 20:06:53.901826
-0.4329,2025-10-17,2025-10-24,sz.300251,2025-12-15 20:06:53.901826
-0.12024,2025-10-20,2025-10-27,sz.300251,2025-12-15 20:06:53.901826
-0.128,2025-10-21,2025-10-28,sz.300251,2025-12-15 20:06:53.901826
-0.1617,2025-10-22,2025-10-29,sz.300251,2025-12-15 20:06:53.901826
-0.1725,2025-10-23,2025-10-30,sz.300251,2025-12-15 20:06:53.901826
-0.1714,2025-10-24,2025-10-31,sz.300251,2025-12-15 20:06:53.901826
-0.1674,2025-10-27,2025-11-03,sz.300251,2025-12-15 20:06:53.901826
-0.1527,2025-10-28,2025-11-04,sz.300251,2025-12-15 20:06:53.901826
-0.318,2025-10-29,2025-11-05,sz.300251,2025-12-15 20:06:53.901826
-0.2937,2025-10-30,2025-11-06,sz.300251,2025-12-15 20:06:53.901826
-0.1532,2025-10-31,2025-11-07,sz.300251,2025-12-15 20:06:53.901826
-0.1301,2025-11-03,2025-11-10,sz.300251,2025-12-15 20:06:53.901826
-0.3347,2025-11-04,2025-11-11,sz.300251,2025-12-15 20:06:53.901826
-0.287,2025-11-05,2025-11-12,sz.300251,2025-12-15 20:06:53.901826
-0.2727,2025-11-06,2025-11-13,sz.300251,2025-12-15 20:06:53.901826
-0.2175,2025-11-07,2025-11-14,sz.300251,2025-12-15 20:06:53.901826
-0.1686,2025-11-10,2025-11-17,sz.300251,2025-12-15 20:06:53.901826
-0.2379,2025-11-11,2025-11-18,sz.300251,2025-12-15 20:06:53.901826
-0.3276,2025-11-12,2025-11-19,sz.300251,2025-12-15 20:06:53.901826
-0.1236,2025-11-13,2025-11-20,sz.300251,2025-12-15 20:06:53.901826
-0.3208,2025-11-14,2025-11-21,sz.300251,2025-12-15 20:06:53.901826
-0.152,2025-11-17,2025-11-24,sz.300251,2025-12-15 20:06:53.901826
-0.152,2025-11-18,2025-11-25,sz.300251,2025-12-15 20:06:53.901826
-0.42,2025-11-19,2025-11-26,sz.300251,2025-12-15 20:06:53.901826
-0.304,2025-11-20,2025-11-27,sz.300251,2025-12-15 20:06:53.901826
-0.3972,2025-11-21,2025-11-28,sz.300251,2025-12-15 20:06:53.901826
-0.0989,2025-11-24,2025-12-01,sz.300251,2025-12-15 20:06:53.901826
-0.1381,2025-11-25,2025-12-02,sz.300251,2025-12-15 20:06:53.901826
-0.31,2025-11-26,2025-12-03,sz.300251,2025-12-15 20:06:53.901826
-0.3362,2025-11-27,2025-12-04,sz.300251,2025-12-15 20:06:53.901826
-0.0686,2025-11-28,2025-12-05,sz.300251,2025-12-15 20:06:53.901826
-0.1592,2025-12-01,2025-12-08,sz.300251,2025-12-15 20:06:53.901826
-0.331,2025-12-02,2025-12-09,sz.300251,2025-12-15 20:06:53.901826
-0.3843,2025-12-03,2025-12-10,sz.300251,2025-12-15 20:06:53.901826
-0.2216,2025-12-04,2025-12-11,sz.300251,2025-12-15 20:06:53.901826
-0.098,2025-12-05,2025-12-12,sz.300251,2025-12-15 20:06:53.901826
-0.07324,2025-12-08,2025-12-15,sz.300251,2025-12-15 20:06:53.901826
-0.2004,2025-12-09,2025-12-16,sz.300251,2025-12-15 20:06:53.901826
-0.10834,2025-12-10,2025-12-17,sz.300251,2025-12-15 20:06:53.901826
-0.2003,2025-12-11,2025-12-18,sz.300251,2025-12-15 20:06:53.901826
-0.275,2025-12-12,2025-12-19,sz.300251,2025-12-15 20:06:53.901826
-0.4463,2025-12-15,2025-12-22,sz.300251,2025-12-15 20:06:53.901826
-0.4473,2025-12-15,2025-12-22,sz.300251,2025-12-15 20:06:53.901826
-0.346,2025-12-15,2025-12-22,sz.300274,2025-12-15 20:06:53.901826
-0.3455,2025-12-15,2025-12-22,sz.300274,2025-12-15 20:06:53.901826
-0.4382,2025-12-15,2025-12-22,sz.300308,2025-12-15 20:06:53.901826
-0.4377,2025-12-15,2025-12-22,sz.300308,2025-12-15 20:06:53.901826
-0.627,2025-12-15,2025-12-22,sz.300316,2025-12-15 20:06:53.901826
-0.627,2025-12-15,2025-12-22,sz.300316,2025-12-15 20:06:53.901826
-0.1223,2025-12-15,2025-12-22,sz.300347,2025-12-15 20:06:53.901826
-0.123,2025-12-15,2025-12-22,sz.300347,2025-12-15 20:06:53.901826
-0.4407,2025-12-15,2025-12-22,sz.300394,2025-12-15 20:06:53.901826
-0.44,2025-12-15,2025-12-22,sz.300394,2025-12-15 20:06:53.901826
-0.1908,2025-12-15,2025-12-22,sz.300408,2025-12-15 20:06:53.901826
-0.1908,2025-12-15,2025-12-22,sz.300408,2025-12-15 20:06:53.901826
0.00729,2025-12-15,2025-12-22,sz.300413,2025-12-15 20:06:53.901826
0.00729,2025-12-15,2025-12-22,sz.300413,2025-12-15 20:06:53.901826
-0.3147,2025-12-15,2025-12-22,sz.300418,2025-12-15 20:06:53.901826
-0.304,2025-12-15,2025-12-22,sz.300418,2025-12-15 20:06:53.901826
-0.301,2025-12-15,2025-12-22,sz.300433,2025-12-15 20:06:53.901826
-0.302,2025-12-15,2025-12-22,sz.300433,2025-12-15 20:06:53.901826
-0.0874,2025-12-15,2025-12-22,sz.300442,2025-12-15 20:06:53.901826
-0.07104,2025-12-15,2025-12-22,sz.300442,2025-12-15 20:06:53.901826
0.00773,2019-12-31,2020-01-07,sz.300476,2025-12-15 20:06:53.901826
0.04095,2020-01-02,2020-01-09,sz.300476,2025-12-15 20:06:53.901826
-0.03442,2020-01-03,2020-01-10,sz.300476,2025-12-15 20:06:53.901826
0.006973,2020-01-06,2020-01-13,sz.300476,2025-12-15 20:06:53.901826
-0.623,2020-01-07,2020-01-14,sz.300476,2025-12-15 20:06:53.901826
-0.2688,2020-01-08,2020-01-15,sz.300476,2025-12-15 20:06:53.901826
-0.1284,2020-01-09,2020-01-16,sz.300476,2025-12-15 20:06:53.901826
-0.3733,2020-01-10,2020-01-17,sz.300476,2025-12-15 20:06:53.901826
-0.10876,2020-01-13,2020-01-20,sz.300476,2025-12-15 20:06:53.901826
-0.05505,2020-01-14,2020-01-21,sz.300476,2025-12-15 20:06:53.901826
-0.03775,2020-01-15,2020-01-22,sz.300476,2025-12-15 20:06:53.901826
-0.2148,2020-01-16,2020-01-23,sz.300476,2025-12-15 20:06:53.901826
-0.2764,2020-01-17,2020-01-24,sz.300476,2025-12-15 20:06:53.901826
0.1301,2020-01-20,2020-01-27,sz.300476,2025-12-15 20:06:53.901826
-0.3174,2020-01-21,2020-01-28,sz.300476,2025-12-15 20:06:53.901826
0.02747,2020-01-22,2020-01-29,sz.300476,2025-12-15 20:06:53.901826
-0.3528,2020-01-23,2020-01-30,sz.300476,2025-12-15 20:06:53.901826
-0.043,2020-02-03,2020-02-10,sz.300476,2025-12-15 20:06:53.901826
0.1074,2020-02-04,2020-02-11,sz.300476,2025-12-15 20:06:53.901826
-0.6562,2020-02-05,2020-02-12,sz.300476,2025-12-15 20:06:53.901826
-0.05548,2020-02-06,2020-02-13,sz.300476,2025-12-15 20:06:53.901826
-0.2603,2020-02-07,2020-02-14,sz.300476,2025-12-15 20:06:53.901826
-0.1725,2020-02-10,2020-02-17,sz.300476,2025-12-15 20:06:53.901826
-0.0721,2020-02-11,2020-02-18,sz.300476,2025-12-15 20:06:53.901826
0.1394,2020-02-12,2020-02-19,sz.300476,2025-12-15 20:06:53.901826
-0.3403,2020-02-13,2020-02-20,sz.300476,2025-12-15 20:06:53.901826
-0.153,2020-02-14,2020-02-21,sz.300476,2025-12-15 20:06:53.901826
-0.4426,2020-02-17,2020-02-24,sz.300476,2025-12-15 20:06:53.901826
-0.2588,2020-02-18,2020-02-25,sz.300476,2025-12-15 20:06:53.901826
-0.2942,2020-02-19,2020-02-26,sz.300476,2025-12-15 20:06:53.901826
-0.54,2020-02-20,2020-02-27,sz.300476,2025-12-15 20:06:53.901826
-0.2852,2020-02-21,2020-02-28,sz.300476,2025-12-15 20:06:53.901826
-0.02383,2020-02-24,2020-03-02,sz.300476,2025-12-15 20:06:53.901826
-0.429,2020-02-25,2020-03-03,sz.300476,2025-12-15 20:06:53.901826
-0.753,2020-02-26,2020-03-04,sz.300476,2025-12-15 20:06:53.901826
-0.2742,2020-02-27,2020-03-05,sz.300476,2025-12-15 20:06:53.901826
-0.7163,2020-02-28,2020-03-06,sz.300476,2025-12-15 20:06:53.901826
-0.0877,2020-03-02,2020-03-09,sz.300476,2025-12-15 20:06:53.901826
-0.554,2020-03-03,2020-03-10,sz.300476,2025-12-15 20:06:53.901826
-0.1553,2020-03-04,2020-03-11,sz.300476,2025-12-15 20:06:53.901826
-0.5117,2020-03-05,2020-03-12,sz.300476,2025-12-15 20:06:53.901826
-0.11163,2020-03-06,2020-03-13,sz.300476,2025-12-15 20:06:53.901826
-0.911,2020-03-09,2020-03-16,sz.300476,2025-12-15 20:06:53.901826
-0.1185,2020-03-10,2020-03-17,sz.300476,2025-12-15 20:06:53.901826
-0.6055,2020-03-11,2020-03-18,sz.300476,2025-12-15 20:06:53.901826
-0.3472,2020-03-12,2020-03-19,sz.300476,2025-12-15 20:06:53.901826
-0.1324,2020-03-13,2020-03-20,sz.300476,2025-12-15 20:06:53.901826
-0.975,2020-03-16,2020-03-23,sz.300476,2025-12-15 20:06:53.901826
-0.3442,2020-03-17,2020-03-24,sz.300476,2025-12-15 20:06:53.901826
-0.527,2020-03-18,2020-03-25,sz.300476,2025-12-15 20:06:53.901826
-0.1095,2020-03-19,2020-03-26,sz.300476,2025-12-15 20:06:53.901826
-0.5405,2020-03-20,2020-03-27,sz.300476,2025-12-15 20:06:53.901826
-0.5835,2020-03-23,2020-03-30,sz.300476,2025-12-15 20:06:53.901826
-0.4204,2020-03-24,2020-03-31,sz.300476,2025-12-15 20:06:53.901826
0.0008507,2020-03-25,2020-04-01,sz.300476,2025-12-15 20:06:53.901826
-0.3672,2020-03-26,2020-04-02,sz.300476,2025-12-15 20:06:53.901826
-0.3862,2020-03-27,2020-04-03,sz.300476,2025-12-15 20:06:53.901826
-0.4968,2020-03-30,2020-04-06,sz.300476,2025-12-15 20:06:53.901826
-0.1635,2020-03-31,2020-04-07,sz.300476,2025-12-15 20:06:53.901826
-0.1965,2020-04-01,2020-04-08,sz.300476,2025-12-15 20:06:53.901826
0.1117,2020-04-02,2020-04-09,sz.300476,2025-12-15 20:06:53.901826
-0.373,2020-04-03,2020-04-10,sz.300476,2025-12-15 20:06:53.901826
0.00864,2020-04-07,2020-04-14,sz.300476,2025-12-15 20:06:53.901826
-0.0611,2020-04-08,2020-04-15,sz.300476,2025-12-15 20:06:53.901826
-0.1381,2020-04-09,2020-04-16,sz.300476,2025-12-15 20:06:53.901826
-0.222,2020-04-10,2020-04-17,sz.300476,2025-12-15 20:06:53.901826
-0.6074,2020-04-13,2020-04-20,sz.300476,2025-12-15 20:06:53.901826
-0.08905,2020-04-14,2020-04-21,sz.300476,2025-12-15 20:06:53.901826
-0.1726,2020-04-15,2020-04-22,sz.300476,2025-12-15 20:06:53.901826
-0.2032,2020-04-16,2020-04-23,sz.300476,2025-12-15 20:06:53.901826
-0.001675,2020-04-17,2020-04-24,sz.300476,2025-12-15 20:06:53.901826
-0.0834,2020-04-20,2020-04-27,sz.300476,2025-12-15 20:06:53.901826
-0.1455,2020-04-21,2020-04-28,sz.300476,2025-12-15 20:06:53.901826
-0.003933,2020-04-22,2020-04-29,sz.300476,2025-12-15 20:06:53.901826
-0.2546,2020-04-23,2020-04-30,sz.300476,2025-12-15 20:06:53.901826
-0.3113,2020-04-24,2020-05-01,sz.300476,2025-12-15 20:06:53.901826
-0.2786,2020-04-27,2020-05-04,sz.300476,2025-12-15 20:06:53.901826
-0.1683,2020-04-28,2020-05-05,sz.300476,2025-12-15 20:06:53.901826
0.1162,2020-04-29,2020-05-06,sz.300476,2025-12-15 20:06:53.901826
-0.157,2020-04-30,2020-05-07,sz.300476,2025-12-15 20:06:53.901826
-0.067,2020-05-06,2020-05-13,sz.300476,2025-12-15 20:06:53.901826
-0.192,2020-05-07,2020-05-14,sz.300476,2025-12-15 20:06:53.901826
-0.2073,2020-05-08,2020-05-15,sz.300476,2025-12-15 20:06:53.901826
-0.2218,2020-05-11,2020-05-18,sz.300476,2025-12-15 20:06:53.901826
-0.0419,2020-05-12,2020-05-19,sz.300476,2025-12-15 20:06:53.901826
-0.2383,2020-05-13,2020-05-20,sz.300476,2025-12-15 20:06:53.901826
-0.09735,2020-05-14,2020-05-21,sz.300476,2025-12-15 20:06:53.901826
-0.06107,2020-05-15,2020-05-22,sz.300476,2025-12-15 20:06:53.901826
-0.7344,2020-05-18,2020-05-25,sz.300476,2025-12-15 20:06:53.901826
-0.1625,2020-05-19,2020-05-26,sz.300476,2025-12-15 20:06:53.901826
-0.4802,2020-05-20,2020-05-27,sz.300476,2025-12-15 20:06:53.901826
-0.5347,2020-05-21,2020-05-28,sz.300476,2025-12-15 20:06:53.901826
-0.4526,2020-05-22,2020-05-29,sz.300476,2025-12-15 20:06:53.901826
-0.263,2020-05-25,2020-06-01,sz.300476,2025-12-15 20:06:53.901826
-0.003468,2020-05-26,2020-06-02,sz.300476,2025-12-15 20:06:53.901826
-0.551,2020-05-27,2020-06-03,sz.300476,2025-12-15 20:06:53.901826
-0.06995,2020-05-28,2020-06-04,sz.300476,2025-12-15 20:06:53.901826
-0.1898,2020-05-29,2020-06-05,sz.300476,2025-12-15 20:06:53.901826
0.0338,2020-06-01,2020-06-08,sz.300476,2025-12-15 20:06:53.901826
-0.1092,2020-06-02,2020-06-09,sz.300476,2025-12-15 20:06:53.901826
-0.2264,2020-06-03,2020-06-10,sz.300476,2025-12-15 20:06:53.901826
-0.2517,2020-06-04,2020-06-11,sz.300476,2025-12-15 20:06:53.901826
-0.4001,2020-06-05,2020-06-12,sz.300476,2025-12-15 20:06:53.901826
-0.2834,2020-06-08,2020-06-15,sz.300476,2025-12-15 20:06:53.901826
-0.2483,2020-06-09,2020-06-16,sz.300476,2025-12-15 20:06:53.901826
-0.1757,2020-06-10,2020-06-17,sz.300476,2025-12-15 20:06:53.901826
-0.2585,2020-06-11,2020-06-18,sz.300476,2025-12-15 20:06:53.901826
-0.00871,2020-06-12,2020-06-19,sz.300476,2025-12-15 20:06:53.901826
-0.2112,2020-06-15,2020-06-22,sz.300476,2025-12-15 20:06:53.901826
-0.03577,2020-06-16,2020-06-23,sz.300476,2025-12-15 20:06:53.901826
-0.1997,2020-06-17,2020-06-24,sz.300476,2025-12-15 20:06:53.901826
0.02463,2020-06-18,2020-06-25,sz.300476,2025-12-15 20:06:53.901826
-0.05182,2020-06-19,2020-06-26,sz.300476,2025-12-15 20:06:53.901826
-0.1185,2020-06-22,2020-06-29,sz.300476,2025-12-15 20:06:53.901826
-0.1015,2020-06-23,2020-06-30,sz.300476,2025-12-15 20:06:53.901826
-0.1392,2020-06-24,2020-07-01,sz.300476,2025-12-15 20:06:53.901826
-0.2756,2020-06-29,2020-07-06,sz.300476,2025-12-15 20:06:53.901826
0.003565,2020-06-30,2020-07-07,sz.300476,2025-12-15 20:06:53.901826
-0.2408,2020-07-01,2020-07-08,sz.300476,2025-12-15 20:06:53.901826
-0.1948,2020-07-02,2020-07-09,sz.300476,2025-12-15 20:06:53.901826
-0.0593,2020-07-03,2020-07-10,sz.300476,2025-12-15 20:06:53.901826
-0.0854,2020-07-06,2020-07-13,sz.300476,2025-12-15 20:06:53.901826
-0.4963,2020-07-07,2020-07-14,sz.300476,2025-12-15 20:06:53.901826
-0.2009,2020-07-08,2020-07-15,sz.300476,2025-12-15 20:06:53.901826
-0.05167,2020-07-09,2020-07-16,sz.300476,2025-12-15 20:06:53.901826
-0.256,2020-07-10,2020-07-17,sz.300476,2025-12-15 20:06:53.901826
-0.02538,2020-07-13,2020-07-20,sz.300476,2025-12-15 20:06:53.901826
-0.6655,2020-07-14,2020-07-21,sz.300476,2025-12-15 20:06:53.901826
-0.4495,2020-07-15,2020-07-22,sz.300476,2025-12-15 20:06:53.901826
-0.7905,2020-07-16,2020-07-23,sz.300476,2025-12-15 20:06:53.901826
-0.385,2020-07-17,2020-07-24,sz.300476,2025-12-15 20:06:53.901826
0.005386,2020-07-20,2020-07-27,sz.300476,2025-12-15 20:06:53.901826
-0.1445,2020-07-21,2020-07-28,sz.300476,2025-12-15 20:06:53.901826
-0.0882,2020-07-22,2020-07-29,sz.300476,2025-12-15 20:06:53.901826
-0.4292,2020-07-23,2020-07-30,sz.300476,2025-12-15 20:06:53.901826
-0.84,2020-07-24,2020-07-31,sz.300476,2025-12-15 20:06:53.901826
-0.4937,2020-07-27,2020-08-03,sz.300476,2025-12-15 20:06:53.901826
-0.1893,2020-07-28,2020-08-04,sz.300476,2025-12-15 20:06:53.901826
0.0729,2020-07-29,2020-08-05,sz.300476,2025-12-15 20:06:53.901826
-0.2185,2020-07-30,2020-08-06,sz.300476,2025-12-15 20:06:53.901826
-0.03586,2020-07-31,2020-08-07,sz.300476,2025-12-15 20:06:53.901826
-0.1174,2020-08-03,2020-08-10,sz.300476,2025-12-15 20:06:53.901826
-0.376,2020-08-04,2020-08-11,sz.300476,2025-12-15 20:06:53.901826
-0.2656,2020-08-05,2020-08-12,sz.300476,2025-12-15 20:06:53.901826
-0.2062,2020-08-06,2020-08-13,sz.300476,2025-12-15 20:06:53.901826
-0.519,2020-08-07,2020-08-14,sz.300476,2025-12-15 20:06:53.901826
-0.03638,2020-08-10,2020-08-17,sz.300476,2025-12-15 20:06:53.901826
-0.4092,2020-08-11,2020-08-18,sz.300476,2025-12-15 20:06:53.901826
-0.1192,2020-08-12,2020-08-19,sz.300476,2025-12-15 20:06:53.901826
-0.0932,2020-08-13,2020-08-20,sz.300476,2025-12-15 20:06:53.901826
0.09247,2020-08-14,2020-08-21,sz.300476,2025-12-15 20:06:53.901826
0.1814,2020-08-17,2020-08-24,sz.300476,2025-12-15 20:06:53.901826
-0.4155,2020-08-18,2020-08-25,sz.300476,2025-12-15 20:06:53.901826
-0.2844,2020-08-19,2020-08-26,sz.300476,2025-12-15 20:06:53.901826
-0.1838,2020-08-20,2020-08-27,sz.300476,2025-12-15 20:06:53.901826
-0.599,2020-08-21,2020-08-28,sz.300476,2025-12-15 20:06:53.901826
-0.167,2020-08-24,2020-08-31,sz.300476,2025-12-15 20:06:53.901826
-0.09106,2020-08-25,2020-09-01,sz.300476,2025-12-15 20:06:53.901826
-0.5073,2020-08-26,2020-09-02,sz.300476,2025-12-15 20:06:53.901826
-0.1692,2020-08-27,2020-09-03,sz.300476,2025-12-15 20:06:53.901826
-0.1443,2020-08-28,2020-09-04,sz.300476,2025-12-15 20:06:53.901826
-0.0907,2020-08-31,2020-09-07,sz.300476,2025-12-15 20:06:53.901826
-0.04495,2020-09-01,2020-09-08,sz.300476,2025-12-15 20:06:53.901826
-0.3577,2020-09-02,2020-09-09,sz.300476,2025-12-15 20:06:53.901826
-0.5938,2020-09-03,2020-09-10,sz.300476,2025-12-15 20:06:53.901826
0.0299,2020-09-04,2020-09-11,sz.300476,2025-12-15 20:06:53.901826
-0.3276,2020-09-07,2020-09-14,sz.300476,2025-12-15 20:06:53.901826
-0.2064,2020-09-08,2020-09-15,sz.300476,2025-12-15 20:06:53.901826
-0.537,2020-09-09,2020-09-16,sz.300476,2025-12-15 20:06:53.901826
-0.3506,2020-09-10,2020-09-17,sz.300476,2025-12-15 20:06:53.901826
0.0878,2020-09-11,2020-09-18,sz.300476,2025-12-15 20:06:53.901826
-0.11743,2020-09-14,2020-09-21,sz.300476,2025-12-15 20:06:53.901826
-0.014595,2020-09-15,2020-09-22,sz.300476,2025-12-15 20:06:53.901826
-0.1683,2020-09-16,2020-09-23,sz.300476,2025-12-15 20:06:53.901826
0.05,2020-09-17,2020-09-24,sz.300476,2025-12-15 20:06:53.901826
0.02812,2020-09-18,2020-09-25,sz.300476,2025-12-15 20:06:53.901826
-0.06903,2020-09-21,2020-09-28,sz.300476,2025-12-15 20:06:53.901826
-0.1256,2020-09-22,2020-09-29,sz.300476,2025-12-15 20:06:53.901826
-0.068,2020-09-23,2020-09-30,sz.300476,2025-12-15 20:06:53.901826
-0.1342,2020-09-24,2020-10-01,sz.300476,2025-12-15 20:06:53.901826
-0.2098,2020-09-25,2020-10-02,sz.300476,2025-12-15 20:06:53.901826
-0.02097,2020-09-28,2020-10-05,sz.300476,2025-12-15 20:06:53.901826
-0.02557,2020-09-29,2020-10-06,sz.300476,2025-12-15 20:06:53.901826
0.007614,2020-09-30,2020-10-07,sz.300476,2025-12-15 20:06:53.901826
-0.02776,2020-10-09,2020-10-16,sz.300476,2025-12-15 20:06:53.901826
0.0187,2020-10-12,2020-10-19,sz.300476,2025-12-15 20:06:53.901826
-0.03406,2020-10-13,2020-10-20,sz.300476,2025-12-15 20:06:53.901826
-0.393,2020-10-14,2020-10-21,sz.300476,2025-12-15 20:06:53.901826
-0.375,2020-10-15,2020-10-22,sz.300476,2025-12-15 20:06:53.901826
-0.01826,2020-10-16,2020-10-23,sz.300476,2025-12-15 20:06:53.901826
-0.1414,2020-10-19,2020-10-26,sz.300476,2025-12-15 20:06:53.901826
-0.01901,2020-10-20,2020-10-27,sz.300476,2025-12-15 20:06:53.901826
-0.2869,2020-10-21,2020-10-28,sz.300476,2025-12-15 20:06:53.901826
-0.0547,2020-10-22,2020-10-29,sz.300476,2025-12-15 20:06:53.901826
-0.3303,2020-10-23,2020-10-30,sz.300476,2025-12-15 20:06:53.901826
-0.1075,2020-10-26,2020-11-02,sz.300476,2025-12-15 20:06:53.901826
-0.02496,2020-10-27,2020-11-03,sz.300476,2025-12-15 20:06:53.901826
-0.04083,2020-10-28,2020-11-04,sz.300476,2025-12-15 20:06:53.901826
-0.01088,2020-10-29,2020-11-05,sz.300476,2025-12-15 20:06:53.901826
-0.3232,2020-10-30,2020-11-06,sz.300476,2025-12-15 20:06:53.901826
0.0342,2020-11-02,2020-11-09,sz.300476,2025-12-15 20:06:53.901826
-0.00567,2020-11-03,2020-11-10,sz.300476,2025-12-15 20:06:53.901826
-0.3838,2020-11-04,2020-11-11,sz.300476,2025-12-15 20:06:53.901826
-0.2551,2020-11-05,2020-11-12,sz.300476,2025-12-15 20:06:53.901826
0.11224,2020-11-06,2020-11-13,sz.300476,2025-12-15 20:06:53.901826
-0.0365,2020-11-09,2020-11-16,sz.300476,2025-12-15 20:06:53.901826
-0.1203,2020-11-10,2020-11-17,sz.300476,2025-12-15 20:06:53.901826
-0.339,2020-11-11,2020-11-18,sz.300476,2025-12-15 20:06:53.901826
-0.0756,2020-11-12,2020-11-19,sz.300476,2025-12-15 20:06:53.901826
0.0667,2020-11-13,2020-11-20,sz.300476,2025-12-15 20:06:53.901826
-0.124,2020-11-16,2020-11-23,sz.300476,2025-12-15 20:06:53.901826
-0.2659,2020-11-17,2020-11-24,sz.300476,2025-12-15 20:06:53.901826
-0.2014,2020-11-18,2020-11-25,sz.300476,2025-12-15 20:06:53.901826
-0.2463,2020-11-19,2020-11-26,sz.300476,2025-12-15 20:06:53.901826
-0.1403,2020-11-20,2020-11-27,sz.300476,2025-12-15 20:06:53.901826
-0.323,2020-11-23,2020-11-30,sz.300476,2025-12-15 20:06:53.901826
-0.0875,2020-11-24,2020-12-01,sz.300476,2025-12-15 20:06:53.901826
-0.327,2020-11-25,2020-12-02,sz.300476,2025-12-15 20:06:53.901826
-0.1539,2020-11-26,2020-12-03,sz.300476,2025-12-15 20:06:53.901826
-0.0848,2020-11-27,2020-12-04,sz.300476,2025-12-15 20:06:53.901826
-0.1279,2020-11-30,2020-12-07,sz.300476,2025-12-15 20:06:53.901826
0.093,2020-12-01,2020-12-08,sz.300476,2025-12-15 20:06:53.901826
-0.1404,2020-12-02,2020-12-09,sz.300476,2025-12-15 20:06:53.901826
-0.2068,2020-12-03,2020-12-10,sz.300476,2025-12-15 20:06:53.901826
-0.05197,2020-12-04,2020-12-11,sz.300476,2025-12-15 20:06:53.901826
-0.06256,2020-12-07,2020-12-14,sz.300476,2025-12-15 20:06:53.901826
-0.2727,2020-12-08,2020-12-15,sz.300476,2025-12-15 20:06:53.901826
-0.3545,2020-12-09,2020-12-16,sz.300476,2025-12-15 20:06:53.901826
-0.09485,2020-12-10,2020-12-17,sz.300476,2025-12-15 20:06:53.901826
-0.1382,2020-12-11,2020-12-18,sz.300476,2025-12-15 20:06:53.901826
-0.533,2020-12-14,2020-12-21,sz.300476,2025-12-15 20:06:53.901826
-0.2144,2020-12-15,2020-12-22,sz.300476,2025-12-15 20:06:53.901826
0.1368,2020-12-16,2020-12-23,sz.300476,2025-12-15 20:06:53.901826
-0.1469,2020-12-17,2020-12-24,sz.300476,2025-12-15 20:06:53.901826
-0.413,2020-12-18,2020-12-25,sz.300476,2025-12-15 20:06:53.901826
0.001782,2020-12-21,2020-12-28,sz.300476,2025-12-15 20:06:53.901826
-0.2096,2020-12-22,2020-12-29,sz.300476,2025-12-15 20:06:53.901826
-0.2397,2020-12-23,2020-12-30,sz.300476,2025-12-15 20:06:53.901826
-0.1137,2020-12-24,2020-12-31,sz.300476,2025-12-15 20:06:53.901826
-0.2465,2020-12-25,2021-01-01,sz.300476,2025-12-15 20:06:53.901826
-0.4404,2020-12-28,2021-01-04,sz.300476,2025-12-15 20:06:53.901826
0.04996,2020-12-29,2021-01-05,sz.300476,2025-12-15 20:06:53.901826
-0.1109,2020-12-30,2021-01-06,sz.300476,2025-12-15 20:06:53.901826
0.04565,2020-12-31,2021-01-07,sz.300476,2025-12-15 20:06:53.901826
0.08636,2021-01-04,2021-01-11,sz.300476,2025-12-15 20:06:53.901826
-0.302,2021-01-05,2021-01-12,sz.300476,2025-12-15 20:06:53.901826
-0.166,2021-01-06,2021-01-13,sz.300476,2025-12-15 20:06:53.901826
-0.2559,2021-01-07,2021-01-14,sz.300476,2025-12-15 20:06:53.901826
-0.2147,2021-01-08,2021-01-15,sz.300476,2025-12-15 20:06:53.901826
0.01062,2021-01-11,2021-01-18,sz.300476,2025-12-15 20:06:53.901826
-0.3428,2021-01-12,2021-01-19,sz.300476,2025-12-15 20:06:53.901826
-0.09314,2021-01-13,2021-01-20,sz.300476,2025-12-15 20:06:53.901826
-0.2795,2021-01-14,2021-01-21,sz.300476,2025-12-15 20:06:53.901826
-0.571,2021-01-15,2021-01-22,sz.300476,2025-12-15 20:06:53.901826
-0.036,2021-01-18,2021-01-25,sz.300476,2025-12-15 20:06:53.901826
-0.521,2021-01-19,2021-01-26,sz.300476,2025-12-15 20:06:53.901826
0.08075,2021-01-20,2021-01-27,sz.300476,2025-12-15 20:06:53.901826
-0.3325,2021-01-21,2021-01-28,sz.300476,2025-12-15 20:06:53.901826
-1.157,2021-01-22,2021-01-29,sz.300476,2025-12-15 20:06:53.901826
-0.1422,2021-01-25,2021-02-01,sz.300476,2025-12-15 20:06:53.901826
-0.2988,2021-01-26,2021-02-02,sz.300476,2025-12-15 20:06:53.901826
-0.3381,2021-01-27,2021-02-03,sz.300476,2025-12-15 20:06:53.901826
-0.5605,2021-01-28,2021-02-04,sz.300476,2025-12-15 20:06:53.901826
-0.11194,2021-01-29,2021-02-05,sz.300476,2025-12-15 20:06:53.901826
-0.417,2021-02-01,2021-02-08,sz.300476,2025-12-15 20:06:53.901826
0.09796,2021-02-02,2021-02-09,sz.300476,2025-12-15 20:06:53.901826
-0.2219,2021-02-03,2021-02-10,sz.300476,2025-12-15 20:06:53.901826
-0.5586,2021-02-04,2021-02-11,sz.300476,2025-12-15 20:06:53.901826
-0.5215,2021-02-05,2021-02-12,sz.300476,2025-12-15 20:06:53.901826
-0.2057,2021-02-08,2021-02-15,sz.300476,2025-12-15 20:06:53.901826
0.0943,2021-02-09,2021-02-16,sz.300476,2025-12-15 20:06:53.901826
-0.334,2021-02-10,2021-02-17,sz.300476,2025-12-15 20:06:53.901826
0.0679,2021-02-18,2021-02-25,sz.300476,2025-12-15 20:06:53.901826
-0.02962,2021-02-19,2021-02-26,sz.300476,2025-12-15 20:06:53.901826
-0.03513,2021-02-22,2021-03-01,sz.300476,2025-12-15 20:06:53.901826
-0.0768,2021-02-23,2021-03-02,sz.300476,2025-12-15 20:06:53.901826
-0.1746,2021-02-24,2021-03-03,sz.300476,2025-12-15 20:06:53.901826
-0.1373,2021-02-25,2021-03-04,sz.300476,2025-12-15 20:06:53.901826
-0.04538,2021-02-26,2021-03-05,sz.300476,2025-12-15 20:06:53.901826
0.09863,2021-03-01,2021-03-08,sz.300476,2025-12-15 20:06:53.901826
-0.2327,2021-03-02,2021-03-09,sz.300476,2025-12-15 20:06:53.901826
-0.1771,2021-03-03,2021-03-10,sz.300476,2025-12-15 20:06:53.901826
0.05966,2021-03-04,2021-03-11,sz.300476,2025-12-15 20:06:53.901826
-0.05807,2021-03-05,2021-03-12,sz.300476,2025-12-15 20:06:53.901826
-0.4705,2021-03-08,2021-03-15,sz.300476,2025-12-15 20:06:53.901826
-1.283,2021-03-09,2021-03-16,sz.300476,2025-12-15 20:06:53.901826
-0.3909,2021-03-10,2021-03-17,sz.300476,2025-12-15 20:06:53.901826
-0.0957,2021-03-11,2021-03-18,sz.300476,2025-12-15 20:06:53.901826
-0.499,2021-03-12,2021-03-19,sz.300476,2025-12-15 20:06:53.901826
-0.3127,2021-03-15,2021-03-22,sz.300476,2025-12-15 20:06:53.901826
0.1047,2021-03-16,2021-03-23,sz.300476,2025-12-15 20:06:53.901826
-0.11816,2021-03-17,2021-03-24,sz.300476,2025-12-15 20:06:53.901826
-0.2993,2021-03-18,2021-03-25,sz.300476,2025-12-15 20:06:53.901826
-0.01807,2021-03-19,2021-03-26,sz.300476,2025-12-15 20:06:53.901826
-0.003048,2021-03-22,2021-03-29,sz.300476,2025-12-15 20:06:53.901826
-0.1699,2021-03-23,2021-03-30,sz.300476,2025-12-15 20:06:53.901826
-0.4756,2021-03-24,2021-03-31,sz.300476,2025-12-15 20:06:53.901826
-0.10376,2021-03-25,2021-04-01,sz.300476,2025-12-15 20:06:53.901826
0.0925,2021-03-26,2021-04-02,sz.300476,2025-12-15 20:06:53.901826
-0.1373,2021-03-29,2021-04-05,sz.300476,2025-12-15 20:06:53.901826
-0.03366,2021-03-30,2021-04-06,sz.300476,2025-12-15 20:06:53.901826
-0.2096,2021-03-31,2021-04-07,sz.300476,2025-12-15 20:06:53.901826
-0.151,2021-04-01,2021-04-08,sz.300476,2025-12-15 20:06:53.901826
-0.0641,2021-04-02,2021-04-09,sz.300476,2025-12-15 20:06:53.901826
-0.2216,2021-04-06,2021-04-13,sz.300476,2025-12-15 20:06:53.901826
0.0245,2021-04-07,2021-04-14,sz.300476,2025-12-15 20:06:53.901826
-0.2257,2021-04-08,2021-04-15,sz.300476,2025-12-15 20:06:53.901826
-0.29,2021-04-09,2021-04-16,sz.300476,2025-12-15 20:06:53.901826
-0.5015,2021-04-12,2021-04-19,sz.300476,2025-12-15 20:06:53.901826
-0.1309,2021-04-13,2021-04-20,sz.300476,2025-12-15 20:06:53.901826
0.00642,2021-04-14,2021-04-21,sz.300476,2025-12-15 20:06:53.901826
0.01378,2021-04-15,2021-04-22,sz.300476,2025-12-15 20:06:53.901826
-0.003515,2021-04-16,2021-04-23,sz.300476,2025-12-15 20:06:53.901826
-0.01567,2021-04-19,2021-04-26,sz.300476,2025-12-15 20:06:53.901826
-0.176,2021-04-20,2021-04-27,sz.300476,2025-12-15 20:06:53.901826
-0.1142,2021-04-21,2021-04-28,sz.300476,2025-12-15 20:06:53.901826
-0.0627,2021-04-22,2021-04-29,sz.300476,2025-12-15 20:06:53.901826
0.0853,2021-04-23,2021-04-30,sz.300476,2025-12-15 20:06:53.901826
-0.5444,2021-04-26,2021-05-03,sz.300476,2025-12-15 20:06:53.901826
-0.1825,2021-04-27,2021-05-04,sz.300476,2025-12-15 20:06:53.901826
-0.1593,2021-04-28,2021-05-05,sz.300476,2025-12-15 20:06:53.901826
-0.3186,2021-04-29,2021-05-06,sz.300476,2025-12-15 20:06:53.901826
0.03784,2021-04-30,2021-05-07,sz.300476,2025-12-15 20:06:53.901826
-0.3396,2021-05-06,2021-05-13,sz.300476,2025-12-15 20:06:53.901826
-0.4746,2021-05-07,2021-05-14,sz.300476,2025-12-15 20:06:53.901826
-0.3022,2021-05-10,2021-05-17,sz.300476,2025-12-15 20:06:53.901826
0.0513,2021-05-11,2021-05-18,sz.300476,2025-12-15 20:06:53.901826
-0.0337,2021-05-12,2021-05-19,sz.300476,2025-12-15 20:06:53.901826
-0.03104,2021-05-13,2021-05-20,sz.300476,2025-12-15 20:06:53.901826
-0.02148,2021-05-14,2021-05-21,sz.300476,2025-12-15 20:06:53.901826
-0.4211,2021-05-17,2021-05-24,sz.300476,2025-12-15 20:06:53.901826
-0.0767,2021-05-18,2021-05-25,sz.300476,2025-12-15 20:06:53.901826
-0.1417,2021-05-19,2021-05-26,sz.300476,2025-12-15 20:06:53.901826
-0.00919,2021-05-20,2021-05-27,sz.300476,2025-12-15 20:06:53.901826
0.027,2021-05-21,2021-05-28,sz.300476,2025-12-15 20:06:53.901826
-0.10657,2021-05-24,2021-05-31,sz.300476,2025-12-15 20:06:53.901826
-0.0783,2021-05-25,2021-06-01,sz.300476,2025-12-15 20:06:53.901826
-0.02786,2021-05-26,2021-06-02,sz.300476,2025-12-15 20:06:53.901826
-0.0001034,2021-05-27,2021-06-03,sz.300476,2025-12-15 20:06:53.901826
-0.4495,2021-05-28,2021-06-04,sz.300476,2025-12-15 20:06:53.901826
-0.0032,2021-05-31,2021-06-07,sz.300476,2025-12-15 20:06:53.901826
-0.02795,2021-06-01,2021-06-08,sz.300476,2025-12-15 20:06:53.901826
-0.3882,2021-06-02,2021-06-09,sz.300476,2025-12-15 20:06:53.901826
-0.1134,2021-06-03,2021-06-10,sz.300476,2025-12-15 20:06:53.901826
-0.2573,2021-06-04,2021-06-11,sz.300476,2025-12-15 20:06:53.901826
0.181,2021-06-07,2021-06-14,sz.300476,2025-12-15 20:06:53.901826
-0.1354,2021-06-08,2021-06-15,sz.300476,2025-12-15 20:06:53.901826
-0.2057,2021-06-09,2021-06-16,sz.300476,2025-12-15 20:06:53.901826
-0.1173,2021-06-10,2021-06-17,sz.300476,2025-12-15 20:06:53.901826
-0.2551,2021-06-11,2021-06-18,sz.300476,2025-12-15 20:06:53.901826
-0.02684,2021-06-15,2021-06-22,sz.300476,2025-12-15 20:06:53.901826
-0.3318,2021-06-16,2021-06-23,sz.300476,2025-12-15 20:06:53.901826
0.1434,2021-06-17,2021-06-24,sz.300476,2025-12-15 20:06:53.901826
-0.01588,2021-06-18,2021-06-25,sz.300476,2025-12-15 20:06:53.901826
0.13,2021-06-21,2021-06-28,sz.300476,2025-12-15 20:06:53.901826
-0.01915,2021-06-22,2021-06-29,sz.300476,2025-12-15 20:06:53.901826
0.0777,2021-06-23,2021-06-30,sz.300476,2025-12-15 20:06:53.901826
-0.11487,2021-06-24,2021-07-01,sz.300476,2025-12-15 20:06:53.901826
0.009605,2021-06-25,2021-07-02,sz.300476,2025-12-15 20:06:53.901826
0.1406,2021-06-28,2021-07-05,sz.300476,2025-12-15 20:06:53.901826
-0.5845,2021-06-29,2021-07-06,sz.300476,2025-12-15 20:06:53.901826
-0.284,2021-06-30,2021-07-07,sz.300476,2025-12-15 20:06:53.901826
-0.2642,2021-07-01,2021-07-08,sz.300476,2025-12-15 20:06:53.901826
-0.03516,2021-07-02,2021-07-09,sz.300476,2025-12-15 20:06:53.901826
0.05685,2021-07-05,2021-07-12,sz.300476,2025-12-15 20:06:53.901826
-0.1678,2021-07-06,2021-07-13,sz.300476,2025-12-15 20:06:53.901826
0.07196,2021-07-07,2021-07-14,sz.300476,2025-12-15 20:06:53.901826
0.02348,2021-07-08,2021-07-15,sz.300476,2025-12-15 20:06:53.901826
-0.01318,2021-07-09,2021-07-16,sz.300476,2025-12-15 20:06:53.901826
0.0576,2021-07-12,2021-07-19,sz.300476,2025-12-15 20:06:53.901826
-0.02347,2021-07-13,2021-07-20,sz.300476,2025-12-15 20:06:53.901826
-0.0711,2021-07-14,2021-07-21,sz.300476,2025-12-15 20:06:53.901826
-0.11694,2021-07-15,2021-07-22,sz.300476,2025-12-15 20:06:53.901826
-0.3374,2021-07-16,2021-07-23,sz.300476,2025-12-15 20:06:53.901826
-0.2278,2021-07-19,2021-07-26,sz.300476,2025-12-15 20:06:53.901826
0.038,2021-07-20,2021-07-27,sz.300476,2025-12-15 20:06:53.901826
0.0173,2021-07-21,2021-07-28,sz.300476,2025-12-15 20:06:53.901826
-0.04062,2021-07-22,2021-07-29,sz.300476,2025-12-15 20:06:53.901826
-0.2764,2021-07-23,2021-07-30,sz.300476,2025-12-15 20:06:53.901826
-0.0916,2021-07-26,2021-08-02,sz.300476,2025-12-15 20:06:53.901826
0.02989,2021-07-27,2021-08-03,sz.300476,2025-12-15 20:06:53.901826
-0.3447,2021-07-28,2021-08-04,sz.300476,2025-12-15 20:06:53.901826
0.006832,2021-07-29,2021-08-05,sz.300476,2025-12-15 20:06:53.901826
-0.425,2021-07-30,2021-08-06,sz.300476,2025-12-15 20:06:53.901826
-0.1104,2021-08-02,2021-08-09,sz.300476,2025-12-15 20:06:53.901826
-0.4204,2021-08-03,2021-08-10,sz.300476,2025-12-15 20:06:53.901826
0.022,2021-08-04,2021-08-11,sz.300476,2025-12-15 20:06:53.901826
0.01907,2021-08-05,2021-08-12,sz.300476,2025-12-15 20:06:53.901826
-0.4907,2021-08-06,2021-08-13,sz.300476,2025-12-15 20:06:53.901826
-0.2283,2021-08-09,2021-08-16,sz.300476,2025-12-15 20:06:53.901826
-0.3237,2021-08-10,2021-08-17,sz.300476,2025-12-15 20:06:53.901826
-0.2235,2021-08-11,2021-08-18,sz.300476,2025-12-15 20:06:53.901826
-0.02289,2021-08-12,2021-08-19,sz.300476,2025-12-15 20:06:53.901826
-1.163,2021-08-13,2021-08-20,sz.300476,2025-12-15 20:06:53.901826
-0.4543,2021-08-16,2021-08-23,sz.300476,2025-12-15 20:06:53.901826
-0.581,2021-08-17,2021-08-24,sz.300476,2025-12-15 20:06:53.901826
-0.0967,2021-08-18,2021-08-25,sz.300476,2025-12-15 20:06:53.901826
-0.01921,2021-08-19,2021-08-26,sz.300476,2025-12-15 20:06:53.901826
-0.0467,2021-08-20,2021-08-27,sz.300476,2025-12-15 20:06:53.901826
0.05493,2021-08-23,2021-08-30,sz.300476,2025-12-15 20:06:53.901826
-0.03445,2021-08-24,2021-08-31,sz.300476,2025-12-15 20:06:53.901826
-0.01381,2021-08-25,2021-09-01,sz.300476,2025-12-15 20:06:53.901826
-0.2502,2021-08-26,2021-09-02,sz.300476,2025-12-15 20:06:53.901826
0.12494,2021-08-27,2021-09-03,sz.300476,2025-12-15 20:06:53.901826
-0.5376,2021-08-30,2021-09-06,sz.300476,2025-12-15 20:06:53.901826
-0.4775,2021-08-31,2021-09-07,sz.300476,2025-12-15 20:06:53.901826
-0.1212,2021-09-01,2021-09-08,sz.300476,2025-12-15 20:06:53.901826
-0.00844,2021-09-02,2021-09-09,sz.300476,2025-12-15 20:06:53.901826
-0.1956,2021-09-03,2021-09-10,sz.300476,2025-12-15 20:06:53.901826
0.1873,2021-09-06,2021-09-13,sz.300476,2025-12-15 20:06:53.901826
-0.2448,2021-09-07,2021-09-14,sz.300476,2025-12-15 20:06:53.901826
-0.681,2021-09-08,2021-09-15,sz.300476,2025-12-15 20:06:53.901826
-0.2156,2021-09-09,2021-09-16,sz.300476,2025-12-15 20:06:53.901826
-0.06726,2021-09-10,2021-09-17,sz.300476,2025-12-15 20:06:53.901826
-0.615,2021-09-13,2021-09-20,sz.300476,2025-12-15 20:06:53.901826
-0.1761,2021-09-14,2021-09-21,sz.300476,2025-12-15 20:06:53.901826
-0.259,2021-09-15,2021-09-22,sz.300476,2025-12-15 20:06:53.901826
-0.1742,2021-09-16,2021-09-23,sz.300476,2025-12-15 20:06:53.901826
-0.8535,2021-09-17,2021-09-24,sz.300476,2025-12-15 20:06:53.901826
-0.0317,2021-09-22,2021-09-29,sz.300476,2025-12-15 20:06:53.901826
-0.05753,2021-09-23,2021-09-30,sz.300476,2025-12-15 20:06:53.901826
-0.1637,2021-09-24,2021-10-01,sz.300476,2025-12-15 20:06:53.901826
-0.7153,2021-09-27,2021-10-04,sz.300476,2025-12-15 20:06:53.901826
-0.3167,2021-09-28,2021-10-05,sz.300476,2025-12-15 20:06:53.901826
-0.113,2021-09-29,2021-10-06,sz.300476,2025-12-15 20:06:53.901826
-0.1159,2021-09-30,2021-10-07,sz.300476,2025-12-15 20:06:53.901826
-0.4387,2021-10-08,2021-10-15,sz.300476,2025-12-15 20:06:53.901826
-0.894,2021-10-11,2021-10-18,sz.300476,2025-12-15 20:06:53.901826
-0.3394,2021-10-12,2021-10-19,sz.300476,2025-12-15 20:06:53.901826
0.05444,2021-10-13,2021-10-20,sz.300476,2025-12-15 20:06:53.901826
-0.3433,2021-10-14,2021-10-21,sz.300476,2025-12-15 20:06:53.901826
-0.08685,2021-10-15,2021-10-22,sz.300476,2025-12-15 20:06:53.901826
-0.1523,2021-10-18,2021-10-25,sz.300476,2025-12-15 20:06:53.901826
-0.405,2021-10-19,2021-10-26,sz.300476,2025-12-15 20:06:53.901826
-0.1309,2021-10-20,2021-10-27,sz.300476,2025-12-15 20:06:53.901826
-0.03152,2021-10-21,2021-10-28,sz.300476,2025-12-15 20:06:53.901826
-0.3354,2021-10-22,2021-10-29,sz.300476,2025-12-15 20:06:53.901826
-0.2205,2021-10-25,2021-11-01,sz.300476,2025-12-15 20:06:53.901826
-0.6494,2021-10-26,2021-11-02,sz.300476,2025-12-15 20:06:53.901826
-0.1399,2021-10-27,2021-11-03,sz.300476,2025-12-15 20:06:53.901826
-0.6016,2021-10-28,2021-11-04,sz.300476,2025-12-15 20:06:53.901826
-0.4885,2021-10-29,2021-11-05,sz.300476,2025-12-15 20:06:53.901826
0.0883,2021-11-01,2021-11-08,sz.300476,2025-12-15 20:06:53.901826
-0.5664,2021-11-02,2021-11-09,sz.300476,2025-12-15 20:06:53.901826
-0.5474,2021-11-03,2021-11-10,sz.300476,2025-12-15 20:06:53.901826
-0.07697,2021-11-04,2021-11-11,sz.300476,2025-12-15 20:06:53.901826
-0.4683,2021-11-05,2021-11-12,sz.300476,2025-12-15 20:06:53.901826
-0.3264,2021-11-08,2021-11-15,sz.300476,2025-12-15 20:06:53.901826
-0.2096,2021-11-09,2021-11-16,sz.300476,2025-12-15 20:06:53.901826
-0.4048,2021-11-10,2021-11-17,sz.300476,2025-12-15 20:06:53.901826
-0.259,2021-11-11,2021-11-18,sz.300476,2025-12-15 20:06:53.901826
-0.1272,2021-11-12,2021-11-19,sz.300476,2025-12-15 20:06:53.901826
-0.338,2021-11-15,2021-11-22,sz.300476,2025-12-15 20:06:53.901826
-0.13,2021-11-16,2021-11-23,sz.300476,2025-12-15 20:06:53.901826
-0.0995,2021-11-17,2021-11-24,sz.300476,2025-12-15 20:06:53.901826
-0.4019,2021-11-18,2021-11-25,sz.300476,2025-12-15 20:06:53.901826
-0.05502,2021-11-19,2021-11-26,sz.300476,2025-12-15 20:06:53.901826
-0.1797,2021-11-22,2021-11-29,sz.300476,2025-12-15 20:06:53.901826
-0.1632,2021-11-23,2021-11-30,sz.300476,2025-12-15 20:06:53.901826
-0.6743,2021-11-24,2021-12-01,sz.300476,2025-12-15 20:06:53.901826
-0.1729,2021-11-25,2021-12-02,sz.300476,2025-12-15 20:06:53.901826
-0.4727,2021-11-26,2021-12-03,sz.300476,2025-12-15 20:06:53.901826
-0.05573,2021-11-29,2021-12-06,sz.300476,2025-12-15 20:06:53.901826
-0.0991,2021-11-30,2021-12-07,sz.300476,2025-12-15 20:06:53.901826
-0.2468,2021-12-01,2021-12-08,sz.300476,2025-12-15 20:06:53.901826
-0.1844,2021-12-02,2021-12-09,sz.300476,2025-12-15 20:06:53.901826
-0.1326,2021-12-03,2021-12-10,sz.300476,2025-12-15 20:06:53.901826
-0.2676,2021-12-06,2021-12-13,sz.300476,2025-12-15 20:06:53.901826
-0.627,2021-12-07,2021-12-14,sz.300476,2025-12-15 20:06:53.901826
-0.0762,2021-12-08,2021-12-15,sz.300476,2025-12-15 20:06:53.901826
-0.1603,2021-12-09,2021-12-16,sz.300476,2025-12-15 20:06:53.901826
-0.2323,2021-12-10,2021-12-17,sz.300476,2025-12-15 20:06:53.901826
-0.4268,2021-12-13,2021-12-20,sz.300476,2025-12-15 20:06:53.901826
-0.181,2021-12-14,2021-12-21,sz.300476,2025-12-15 20:06:53.901826
-0.3887,2021-12-15,2021-12-22,sz.300476,2025-12-15 20:06:53.901826
-0.392,2021-12-16,2021-12-23,sz.300476,2025-12-15 20:06:53.901826
-0.272,2021-12-17,2021-12-24,sz.300476,2025-12-15 20:06:53.901826
-0.2179,2021-12-20,2021-12-27,sz.300476,2025-12-15 20:06:53.901826
0.01826,2021-12-21,2021-12-28,sz.300476,2025-12-15 20:06:53.901826
-0.0971,2021-12-22,2021-12-29,sz.300476,2025-12-15 20:06:53.901826
0.007233,2021-12-23,2021-12-30,sz.300476,2025-12-15 20:06:53.901826
-0.2522,2021-12-24,2021-12-31,sz.300476,2025-12-15 20:06:53.901826
-0.3213,2021-12-27,2022-01-03,sz.300476,2025-12-15 20:06:53.901826
-0.2876,2021-12-28,2022-01-04,sz.300476,2025-12-15 20:06:53.901826
-0.3677,2021-12-29,2022-01-05,sz.300476,2025-12-15 20:06:53.901826
-0.2673,2021-12-30,2022-01-06,sz.300476,2025-12-15 20:06:53.901826
-0.2035,2021-12-31,2022-01-07,sz.300476,2025-12-15 20:06:53.901826
-0.1658,2022-01-04,2022-01-11,sz.300476,2025-12-15 20:06:53.901826
-0.815,2022-01-05,2022-01-12,sz.300476,2025-12-15 20:06:53.901826
-0.0853,2022-01-06,2022-01-13,sz.300476,2025-12-15 20:06:53.901826
-0.3743,2022-01-07,2022-01-14,sz.300476,2025-12-15 20:06:53.901826
-0.0717,2022-01-10,2022-01-17,sz.300476,2025-12-15 20:06:53.901826
-0.2922,2022-01-11,2022-01-18,sz.300476,2025-12-15 20:06:53.901826
-0.0629,2022-01-12,2022-01-19,sz.300476,2025-12-15 20:06:53.901826
-0.5737,2022-01-13,2022-01-20,sz.300476,2025-12-15 20:06:53.901826
-0.04465,2022-01-14,2022-01-21,sz.300476,2025-12-15 20:06:53.901826
0.097,2022-01-17,2022-01-24,sz.300476,2025-12-15 20:06:53.901826
0.03357,2022-01-18,2022-01-25,sz.300476,2025-12-15 20:06:53.901826
-0.876,2022-01-19,2022-01-26,sz.300476,2025-12-15 20:06:53.901826
-0.293,2022-01-20,2022-01-27,sz.300476,2025-12-15 20:06:53.901826
-0.1973,2022-01-21,2022-01-28,sz.300476,2025-12-15 20:06:53.901826
-0.186,2022-01-24,2022-01-31,sz.300476,2025-12-15 20:06:53.901826
-0.744,2022-01-25,2022-02-01,sz.300476,2025-12-15 20:06:53.901826
-0.172,2022-01-26,2022-02-02,sz.300476,2025-12-15 20:06:53.901826
-0.5864,2022-01-27,2022-02-03,sz.300476,2025-12-15 20:06:53.901826
-0.3984,2022-01-28,2022-02-04,sz.300476,2025-12-15 20:06:53.901826
-0.03827,2022-02-07,2022-02-14,sz.300476,2025-12-15 20:06:53.901826
-0.509,2022-02-08,2022-02-15,sz.300476,2025-12-15 20:06:53.901826
-0.2119,2022-02-09,2022-02-16,sz.300476,2025-12-15 20:06:53.901826
0.013916,2022-02-10,2022-02-17,sz.300476,2025-12-15 20:06:53.901826
-0.2805,2022-02-11,2022-02-18,sz.300476,2025-12-15 20:06:53.901826
-0.1763,2022-02-14,2022-02-21,sz.300476,2025-12-15 20:06:53.901826
-0.001375,2022-02-15,2022-02-22,sz.300476,2025-12-15 20:06:53.901826
-0.1942,2022-02-16,2022-02-23,sz.300476,2025-12-15 20:06:53.901826
-0.1324,2022-02-17,2022-02-24,sz.300476,2025-12-15 20:06:53.901826
0.01238,2022-02-18,2022-02-25,sz.300476,2025-12-15 20:06:53.901826
-0.1122,2022-02-21,2022-02-28,sz.300476,2025-12-15 20:06:53.901826
-0.01744,2022-02-22,2022-03-01,sz.300476,2025-12-15 20:06:53.901826
0.08856,2022-02-23,2022-03-02,sz.300476,2025-12-15 20:06:53.901826
-0.3413,2022-02-24,2022-03-03,sz.300476,2025-12-15 20:06:53.901826
-0.05756,2022-02-25,2022-03-04,sz.300476,2025-12-15 20:06:53.901826
-0.005226,2022-02-28,2022-03-07,sz.300476,2025-12-15 20:06:53.901826
0.02043,2022-03-01,2022-03-08,sz.300476,2025-12-15 20:06:53.901826
-0.053,2022-03-02,2022-03-09,sz.300476,2025-12-15 20:06:53.901826
-0.3843,2022-03-03,2022-03-10,sz.300476,2025-12-15 20:06:53.901826
-0.08325,2022-03-04,2022-03-11,sz.300476,2025-12-15 20:06:53.901826
-0.651,2022-03-07,2022-03-14,sz.300476,2025-12-15 20:06:53.901826
-0.2316,2022-03-08,2022-03-15,sz.300476,2025-12-15 20:06:53.901826
-0.4937,2022-03-09,2022-03-16,sz.300476,2025-12-15 20:06:53.901826
-0.1835,2022-03-10,2022-03-17,sz.300476,2025-12-15 20:06:53.901826
-0.06012,2022-03-11,2022-03-18,sz.300476,2025-12-15 20:06:53.901826
-0.4539,2022-03-14,2022-03-21,sz.300476,2025-12-15 20:06:53.901826
-0.5415,2022-03-15,2022-03-22,sz.300476,2025-12-15 20:06:53.901826
-0.1564,2022-03-16,2022-03-23,sz.300476,2025-12-15 20:06:53.901826
0.04553,2022-03-17,2022-03-24,sz.300476,2025-12-15 20:06:53.901826
0.01805,2022-03-18,2022-03-25,sz.300476,2025-12-15 20:06:53.901826
-0.0597,2022-03-21,2022-03-28,sz.300476,2025-12-15 20:06:53.901826
-0.2196,2022-03-22,2022-03-29,sz.300476,2025-12-15 20:06:53.901826
-0.02637,2022-03-23,2022-03-30,sz.300476,2025-12-15 20:06:53.901826
-0.2146,2022-03-24,2022-03-31,sz.300476,2025-12-15 20:06:53.901826
-0.4133,2022-03-25,2022-04-01,sz.300476,2025-12-15 20:06:53.901826
-0.2064,2022-03-28,2022-04-04,sz.300476,2025-12-15 20:06:53.901826
-0.2654,2022-03-29,2022-04-05,sz.300476,2025-12-15 20:06:53.901826
0.06244,2022-03-30,2022-04-06,sz.300476,2025-12-15 20:06:53.901826
-0.2974,2022-03-31,2022-04-07,sz.300476,2025-12-15 20:06:53.901826
0.0546,2022-04-01,2022-04-08,sz.300476,2025-12-15 20:06:53.901826
-0.1606,2022-04-06,2022-04-13,sz.300476,2025-12-15 20:06:53.901826
-0.4185,2022-04-07,2022-04-14,sz.300476,2025-12-15 20:06:53.901826
-0.332,2022-04-08,2022-04-15,sz.300476,2025-12-15 20:06:53.901826
-0.8276,2022-04-11,2022-04-18,sz.300476,2025-12-15 20:06:53.901826
0.01037,2022-04-12,2022-04-19,sz.300476,2025-12-15 20:06:53.901826
-0.4438,2022-04-13,2022-04-20,sz.300476,2025-12-15 20:06:53.901826
0.01475,2022-04-14,2022-04-21,sz.300476,2025-12-15 20:06:53.901826
0.01043,2022-04-15,2022-04-22,sz.300476,2025-12-15 20:06:53.901826
0.0651,2022-04-18,2022-04-25,sz.300476,2025-12-15 20:06:53.901826
-0.0628,2022-04-19,2022-04-26,sz.300476,2025-12-15 20:06:53.901826
-0.1145,2022-04-20,2022-04-27,sz.300476,2025-12-15 20:06:53.901826
-0.2876,2022-04-21,2022-04-28,sz.300476,2025-12-15 20:06:53.901826
-0.2435,2022-04-22,2022-04-29,sz.300476,2025-12-15 20:06:53.901826
-0.8506,2022-04-25,2022-05-02,sz.300476,2025-12-15 20:06:53.901826
-0.6494,2022-04-26,2022-05-03,sz.300476,2025-12-15 20:06:53.901826
-0.0707,2022-04-27,2022-05-04,sz.300476,2025-12-15 20:06:53.901826
-1.243,2022-04-28,2022-05-05,sz.300476,2025-12-15 20:06:53.901826
-0.2089,2022-04-29,2022-05-06,sz.300476,2025-12-15 20:06:53.901826
-0.2056,2022-05-05,2022-05-12,sz.300476,2025-12-15 20:06:53.901826
-0.06097,2022-05-06,2022-05-13,sz.300476,2025-12-15 20:06:53.901826
-0.03433,2022-05-09,2022-05-16,sz.300476,2025-12-15 20:06:53.901826
0.1389,2022-05-10,2022-05-17,sz.300476,2025-12-15 20:06:53.901826
-0.07544,2022-05-11,2022-05-18,sz.300476,2025-12-15 20:06:53.901826
0.2245,2022-05-12,2022-05-19,sz.300476,2025-12-15 20:06:53.901826
0.0006733,2022-05-13,2022-05-20,sz.300476,2025-12-15 20:06:53.901826
-0.1276,2022-05-16,2022-05-23,sz.300476,2025-12-15 20:06:53.901826
0.10925,2022-05-17,2022-05-24,sz.300476,2025-12-15 20:06:53.901826
0.02171,2022-05-18,2022-05-25,sz.300476,2025-12-15 20:06:53.901826
0.176,2022-05-19,2022-05-26,sz.300476,2025-12-15 20:06:53.901826
0.148,2022-05-20,2022-05-27,sz.300476,2025-12-15 20:06:53.901826
-0.1626,2022-05-23,2022-05-30,sz.300476,2025-12-15 20:06:53.901826
-0.831,2022-05-24,2022-05-31,sz.300476,2025-12-15 20:06:53.901826
0.1451,2022-05-25,2022-06-01,sz.300476,2025-12-15 20:06:53.901826
-0.06885,2022-05-26,2022-06-02,sz.300476,2025-12-15 20:06:53.901826
-0.2421,2022-05-27,2022-06-03,sz.300476,2025-12-15 20:06:53.901826
0.03467,2022-05-30,2022-06-06,sz.300476,2025-12-15 20:06:53.901826
0.09283,2022-05-31,2022-06-07,sz.300476,2025-12-15 20:06:53.901826
0.004246,2022-06-01,2022-06-08,sz.300476,2025-12-15 20:06:53.901826
0.1543,2022-06-02,2022-06-09,sz.300476,2025-12-15 20:06:53.901826
0.08014,2022-06-06,2022-06-13,sz.300476,2025-12-15 20:06:53.901826
-0.11005,2022-06-07,2022-06-14,sz.300476,2025-12-15 20:06:53.901826
-0.11255,2022-06-08,2022-06-15,sz.300476,2025-12-15 20:06:53.901826
-0.0704,2022-06-09,2022-06-16,sz.300476,2025-12-15 20:06:53.901826
0.1272,2022-06-10,2022-06-17,sz.300476,2025-12-15 20:06:53.901826
-0.1394,2022-06-13,2022-06-20,sz.300476,2025-12-15 20:06:53.901826
-0.1575,2022-06-14,2022-06-21,sz.300476,2025-12-15 20:06:53.901826
0.0003846,2022-06-15,2022-06-22,sz.300476,2025-12-15 20:06:53.901826
0.09393,2022-06-16,2022-06-23,sz.300476,2025-12-15 20:06:53.901826
0.1199,2022-06-17,2022-06-24,sz.300476,2025-12-15 20:06:53.901826
0.0592,2022-06-20,2022-06-27,sz.300476,2025-12-15 20:06:53.901826
0.05652,2022-06-21,2022-06-28,sz.300476,2025-12-15 20:06:53.901826
-0.3652,2022-06-22,2022-06-29,sz.300476,2025-12-15 20:06:53.901826
0.2015,2022-06-23,2022-06-30,sz.300476,2025-12-15 20:06:53.901826
-0.00605,2022-06-24,2022-07-01,sz.300476,2025-12-15 20:06:53.901826
0.00538,2022-06-27,2022-07-04,sz.300476,2025-12-15 20:06:53.901826
-0.0432,2022-06-28,2022-07-05,sz.300476,2025-12-15 20:06:53.901826
-0.2388,2022-06-29,2022-07-06,sz.300476,2025-12-15 20:06:53.901826
0.0832,2022-06-30,2022-07-07,sz.300476,2025-12-15 20:06:53.901826
-0.3496,2022-07-01,2022-07-08,sz.300476,2025-12-15 20:06:53.901826
-0.3167,2022-07-04,2022-07-11,sz.300476,2025-12-15 20:06:53.901826
-0.4863,2022-07-05,2022-07-12,sz.300476,2025-12-15 20:06:53.901826
-0.0164,2022-07-06,2022-07-13,sz.300476,2025-12-15 20:06:53.901826
-0.01465,2022-07-07,2022-07-14,sz.300476,2025-12-15 20:06:53.901826
0.0727,2022-07-08,2022-07-15,sz.300476,2025-12-15 20:06:53.901826
-0.4016,2022-07-11,2022-07-18,sz.300476,2025-12-15 20:06:53.901826
-0.2422,2022-07-12,2022-07-19,sz.300476,2025-12-15 20:06:53.901826
-0.081,2022-07-13,2022-07-20,sz.300476,2025-12-15 20:06:53.901826
0.1604,2022-07-14,2022-07-21,sz.300476,2025-12-15 20:06:53.901826
-0.08795,2022-07-15,2022-07-22,sz.300476,2025-12-15 20:06:53.901826
0.1613,2022-07-18,2022-07-25,sz.300476,2025-12-15 20:06:53.901826
0.1135,2022-07-19,2022-07-26,sz.300476,2025-12-15 20:06:53.901826
0.08527,2022-07-20,2022-07-27,sz.300476,2025-12-15 20:06:53.901826
0.08344,2022-07-21,2022-07-28,sz.300476,2025-12-15 20:06:53.901826
0.1276,2022-07-22,2022-07-29,sz.300476,2025-12-15 20:06:53.901826
0.02156,2022-07-25,2022-08-01,sz.300476,2025-12-15 20:06:53.901826
-0.2568,2022-07-26,2022-08-02,sz.300476,2025-12-15 20:06:53.901826
-0.04358,2022-07-27,2022-08-03,sz.300476,2025-12-15 20:06:53.901826
0.1171,2022-07-28,2022-08-04,sz.300476,2025-12-15 20:06:53.901826
-0.2323,2022-07-29,2022-08-05,sz.300476,2025-12-15 20:06:53.901826
0.1106,2022-08-01,2022-08-08,sz.300476,2025-12-15 20:06:53.901826
-0.2834,2022-08-02,2022-08-09,sz.300476,2025-12-15 20:06:53.901826
-0.4946,2022-08-03,2022-08-10,sz.300476,2025-12-15 20:06:53.901826
-0.03693,2022-08-04,2022-08-11,sz.300476,2025-12-15 20:06:53.901826
0.1628,2022-08-05,2022-08-12,sz.300476,2025-12-15 20:06:53.901826
-0.1991,2022-08-08,2022-08-15,sz.300476,2025-12-15 20:06:53.901826
-0.01459,2022-08-09,2022-08-16,sz.300476,2025-12-15 20:06:53.901826
0.009766,2022-08-10,2022-08-17,sz.300476,2025-12-15 20:06:53.901826
0.1907,2022-08-11,2022-08-18,sz.300476,2025-12-15 20:06:53.901826
-0.2264,2022-08-12,2022-08-19,sz.300476,2025-12-15 20:06:53.901826
0.04843,2022-08-15,2022-08-22,sz.300476,2025-12-15 20:06:53.901826
-0.03104,2022-08-16,2022-08-23,sz.300476,2025-12-15 20:06:53.901826
0.1586,2022-08-17,2022-08-24,sz.300476,2025-12-15 20:06:53.901826
0.071,2022-08-18,2022-08-25,sz.300476,2025-12-15 20:06:53.901826
-0.3442,2022-08-19,2022-08-26,sz.300476,2025-12-15 20:06:53.901826
-0.0677,2022-08-22,2022-08-29,sz.300476,2025-12-15 20:06:53.901826
-0.3584,2022-08-23,2022-08-30,sz.300476,2025-12-15 20:06:53.901826
-0.71,2022-08-24,2022-08-31,sz.300476,2025-12-15 20:06:53.901826
-0.2695,2022-08-25,2022-09-01,sz.300476,2025-12-15 20:06:53.901826
-0.1996,2022-08-26,2022-09-02,sz.300476,2025-12-15 20:06:53.901826
0.1137,2022-08-29,2022-09-05,sz.300476,2025-12-15 20:06:53.901826
0.0947,2022-08-30,2022-09-06,sz.300476,2025-12-15 20:06:53.901826
-0.04272,2022-08-31,2022-09-07,sz.300476,2025-12-15 20:06:53.901826
-0.04282,2022-09-01,2022-09-08,sz.300476,2025-12-15 20:06:53.901826
0.10535,2022-09-02,2022-09-09,sz.300476,2025-12-15 20:06:53.901826
-0.09546,2022-09-05,2022-09-12,sz.300476,2025-12-15 20:06:53.901826
0.2051,2022-09-06,2022-09-13,sz.300476,2025-12-15 20:06:53.901826
-0.1547,2022-09-07,2022-09-14,sz.300476,2025-12-15 20:06:53.901826
-0.278,2022-09-08,2022-09-15,sz.300476,2025-12-15 20:06:53.901826
0.02846,2022-09-09,2022-09-16,sz.300476,2025-12-15 20:06:53.901826
-0.1134,2022-09-13,2022-09-20,sz.300476,2025-12-15 20:06:53.901826
0.0444,2022-09-14,2022-09-21,sz.300476,2025-12-15 20:06:53.901826
-0.259,2022-09-15,2022-09-22,sz.300476,2025-12-15 20:06:53.901826
-0.03842,2022-09-16,2022-09-23,sz.300476,2025-12-15 20:06:53.901826
-0.1831,2022-09-19,2022-09-26,sz.300476,2025-12-15 20:06:53.901826
0.0625,2022-09-20,2022-09-27,sz.300476,2025-12-15 20:06:53.901826
0.1261,2022-09-21,2022-09-28,sz.300476,2025-12-15 20:06:53.901826
-0.04132,2022-09-22,2022-09-29,sz.300476,2025-12-15 20:06:53.901826
-0.2012,2022-09-23,2022-09-30,sz.300476,2025-12-15 20:06:53.901826
-0.06073,2022-09-26,2022-10-03,sz.300476,2025-12-15 20:06:53.901826
0.1976,2022-09-27,2022-10-04,sz.300476,2025-12-15 20:06:53.901826
-0.1915,2022-09-28,2022-10-05,sz.300476,2025-12-15 20:06:53.901826
0.007904,2022-09-29,2022-10-06,sz.300476,2025-12-15 20:06:53.901826
-0.0406,2022-09-30,2022-10-07,sz.300476,2025-12-15 20:06:53.901826
-0.3252,2022-10-10,2022-10-17,sz.300476,2025-12-15 20:06:53.901826
-0.04602,2022-10-11,2022-10-18,sz.300476,2025-12-15 20:06:53.901826
0.14,2022-10-12,2022-10-19,sz.300476,2025-12-15 20:06:53.901826
0.04944,2022-10-13,2022-10-20,sz.300476,2025-12-15 20:06:53.901826
0.1439,2022-10-14,2022-10-21,sz.300476,2025-12-15 20:06:53.901826
0.1927,2022-10-17,2022-10-24,sz.300476,2025-12-15 20:06:53.901826
0.0451,2022-10-18,2022-10-25,sz.300476,2025-12-15 20:06:53.901826
-0.02197,2022-10-19,2022-10-26,sz.300476,2025-12-15 20:06:53.901826
0.0299,2022-10-20,2022-10-27,sz.300476,2025-12-15 20:06:53.901826
-0.05994,2022-10-21,2022-10-28,sz.300476,2025-12-15 20:06:53.901826
-0.1236,2022-10-24,2022-10-31,sz.300476,2025-12-15 20:06:53.901826
0.0363,2022-10-25,2022-11-01,sz.300476,2025-12-15 20:06:53.901826
0.05774,2022-10-26,2022-11-02,sz.300476,2025-12-15 20:06:53.901826
0.0969,2022-10-27,2022-11-03,sz.300476,2025-12-15 20:06:53.901826
-0.5513,2022-10-28,2022-11-04,sz.300476,2025-12-15 20:06:53.901826
0.0815,2022-10-31,2022-11-07,sz.300476,2025-12-15 20:06:53.901826
0.1599,2022-11-01,2022-11-08,sz.300476,2025-12-15 20:06:53.901826
0.198,2022-11-02,2022-11-09,sz.300476,2025-12-15 20:06:53.901826
0.09644,2022-11-03,2022-11-10,sz.300476,2025-12-15 20:06:53.901826
0.1521,2022-11-04,2022-11-11,sz.300476,2025-12-15 20:06:53.901826
0.03998,2022-11-07,2022-11-14,sz.300476,2025-12-15 20:06:53.901826
0.02081,2022-11-08,2022-11-15,sz.300476,2025-12-15 20:06:53.901826
0.0399,2022-11-09,2022-11-16,sz.300476,2025-12-15 20:06:53.901826
0.0583,2022-11-10,2022-11-17,sz.300476,2025-12-15 20:06:53.901826
0.02765,2022-11-11,2022-11-18,sz.300476,2025-12-15 20:06:53.901826
-0.01585,2022-11-14,2022-11-21,sz.300476,2025-12-15 20:06:53.901826
0.1672,2022-11-15,2022-11-22,sz.300476,2025-12-15 20:06:53.901826
-0.0616,2022-11-16,2022-11-23,sz.300476,2025-12-15 20:06:53.901826
0.1791,2022-11-17,2022-11-24,sz.300476,2025-12-15 20:06:53.901826
-0.0728,2022-11-18,2022-11-25,sz.300476,2025-12-15 20:06:53.901826
0.1538,2022-11-21,2022-11-28,sz.300476,2025-12-15 20:06:53.901826
0.04022,2022-11-22,2022-11-29,sz.300476,2025-12-15 20:06:53.901826
-0.075,2022-11-23,2022-11-30,sz.300476,2025-12-15 20:06:53.901826
0.0751,2022-11-24,2022-12-01,sz.300476,2025-12-15 20:06:53.901826
-0.000569,2022-11-25,2022-12-02,sz.300476,2025-12-15 20:06:53.901826
-0.03302,2022-11-28,2022-12-05,sz.300476,2025-12-15 20:06:53.901826
0.1627,2022-11-29,2022-12-06,sz.300476,2025-12-15 20:06:53.901826
0.09393,2022-11-30,2022-12-07,sz.300476,2025-12-15 20:06:53.901826
0.03226,2022-12-01,2022-12-08,sz.300476,2025-12-15 20:06:53.901826
0.0607,2022-12-02,2022-12-09,sz.300476,2025-12-15 20:06:53.901826
0.1754,2022-12-05,2022-12-12,sz.300476,2025-12-15 20:06:53.901826
0.1719,2022-12-06,2022-12-13,sz.300476,2025-12-15 20:06:53.901826
-0.0676,2022-12-07,2022-12-14,sz.300476,2025-12-15 20:06:53.901826
0.00966,2022-12-08,2022-12-15,sz.300476,2025-12-15 20:06:53.901826
0.03943,2022-12-09,2022-12-16,sz.300476,2025-12-15 20:06:53.901826
0.1674,2022-12-12,2022-12-19,sz.300476,2025-12-15 20:06:53.901826
-0.07684,2022-12-13,2022-12-20,sz.300476,2025-12-15 20:06:53.901826
0.02623,2022-12-14,2022-12-21,sz.300476,2025-12-15 20:06:53.901826
0.1646,2022-12-15,2022-12-22,sz.300476,2025-12-15 20:06:53.901826
0.00137,2022-12-16,2022-12-23,sz.300476,2025-12-15 20:06:53.901826
-0.1289,2022-12-19,2022-12-26,sz.300476,2025-12-15 20:06:53.901826
0.0941,2022-12-20,2022-12-27,sz.300476,2025-12-15 20:06:53.901826
-0.0745,2022-12-21,2022-12-28,sz.300476,2025-12-15 20:06:53.901826
-0.07886,2022-12-22,2022-12-29,sz.300476,2025-12-15 20:06:53.901826
0.1355,2022-12-23,2022-12-30,sz.300476,2025-12-15 20:06:53.901826
0.1451,2022-12-26,2023-01-02,sz.300476,2025-12-15 20:06:53.901826
0.0803,2022-12-27,2023-01-03,sz.300476,2025-12-15 20:06:53.901826
0.03836,2022-12-28,2023-01-04,sz.300476,2025-12-15 20:06:53.901826
0.10187,2022-12-29,2023-01-05,sz.300476,2025-12-15 20:06:53.901826
0.0987,2022-12-30,2023-01-06,sz.300476,2025-12-15 20:06:53.901826
0.1648,2023-01-03,2023-01-10,sz.300476,2025-12-15 20:06:53.901826
0.07043,2023-01-04,2023-01-11,sz.300476,2025-12-15 20:06:53.901826
0.1733,2023-01-05,2023-01-12,sz.300476,2025-12-15 20:06:53.901826
0.11145,2023-01-06,2023-01-13,sz.300476,2025-12-15 20:06:53.901826
0.1411,2023-01-09,2023-01-16,sz.300476,2025-12-15 20:06:53.901826
0.079,2023-01-10,2023-01-17,sz.300476,2025-12-15 20:06:53.901826
0.04926,2023-01-11,2023-01-18,sz.300476,2025-12-15 20:06:53.901826
0.11847,2023-01-12,2023-01-19,sz.300476,2025-12-15 20:06:53.901826
0.11176,2023-01-13,2023-01-20,sz.300476,2025-12-15 20:06:53.901826
0.164,2023-01-16,2023-01-23,sz.300476,2025-12-15 20:06:53.901826
0.10986,2023-01-17,2023-01-24,sz.300476,2025-12-15 20:06:53.901826
0.1302,2023-01-18,2023-01-25,sz.300476,2025-12-15 20:06:53.901826
0.1624,2023-01-19,2023-01-26,sz.300476,2025-12-15 20:06:53.901826
0.1561,2023-01-20,2023-01-27,sz.300476,2025-12-15 20:06:53.901826
0.02507,2023-01-30,2023-02-06,sz.300476,2025-12-15 20:06:53.901826
0.1624,2023-01-31,2023-02-07,sz.300476,2025-12-15 20:06:53.901826
0.1466,2023-02-01,2023-02-08,sz.300476,2025-12-15 20:06:53.901826
0.0775,2023-02-02,2023-02-09,sz.300476,2025-12-15 20:06:53.901826
0.1733,2023-02-03,2023-02-10,sz.300476,2025-12-15 20:06:53.901826
0.1688,2023-02-06,2023-02-13,sz.300476,2025-12-15 20:06:53.901826
0.09607,2023-02-07,2023-02-14,sz.300476,2025-12-15 20:06:53.901826
0.00813,2023-02-08,2023-02-15,sz.300476,2025-12-15 20:06:53.901826
0.3147,2023-02-09,2023-02-16,sz.300476,2025-12-15 20:06:53.901826
-0.03464,2023-02-10,2023-02-17,sz.300476,2025-12-15 20:06:53.901826
0.06885,2023-02-13,2023-02-20,sz.300476,2025-12-15 20:06:53.901826
-0.504,2023-02-14,2023-02-21,sz.300476,2025-12-15 20:06:53.901826
0.0783,2023-02-15,2023-02-22,sz.300476,2025-12-15 20:06:53.901826
-0.799,2023-02-16,2023-02-23,sz.300476,2025-12-15 20:06:53.901826
-0.5054,2023-02-17,2023-02-24,sz.300476,2025-12-15 20:06:53.901826
0.0791,2023-02-20,2023-02-27,sz.300476,2025-12-15 20:06:53.901826
-0.1505,2023-02-21,2023-02-28,sz.300476,2025-12-15 20:06:53.901826
-0.0467,2023-02-22,2023-03-01,sz.300476,2025-12-15 20:06:53.901826
-0.2686,2023-02-23,2023-03-02,sz.300476,2025-12-15 20:06:53.901826
-0.1703,2023-02-24,2023-03-03,sz.300476,2025-12-15 20:06:53.901826
-0.3113,2023-02-27,2023-03-06,sz.300476,2025-12-15 20:06:53.901826
0.0782,2023-02-28,2023-03-07,sz.300476,2025-12-15 20:06:53.901826
0.02124,2023-03-01,2023-03-08,sz.300476,2025-12-15 20:06:53.901826
-0.0992,2023-03-02,2023-03-09,sz.300476,2025-12-15 20:06:53.901826
0.07574,2023-03-03,2023-03-10,sz.300476,2025-12-15 20:06:53.901826
-0.1396,2023-03-06,2023-03-13,sz.300476,2025-12-15 20:06:53.901826
-0.461,2023-03-07,2023-03-14,sz.300476,2025-12-15 20:06:53.901826
0.1273,2023-03-08,2023-03-15,sz.300476,2025-12-15 20:06:53.901826
0.01144,2023-03-09,2023-03-16,sz.300476,2025-12-15 20:06:53.901826
-0.1461,2023-03-10,2023-03-17,sz.300476,2025-12-15 20:06:53.901826
0.0669,2023-03-13,2023-03-20,sz.300476,2025-12-15 20:06:53.901826
-0.294,2023-03-14,2023-03-21,sz.300476,2025-12-15 20:06:53.901826
-0.2256,2023-03-15,2023-03-22,sz.300476,2025-12-15 20:06:53.901826
-0.1356,2023-03-16,2023-03-23,sz.300476,2025-12-15 20:06:53.901826
0.0802,2023-03-17,2023-03-24,sz.300476,2025-12-15 20:06:53.901826
0.11053,2023-03-20,2023-03-27,sz.300476,2025-12-15 20:06:53.901826
-0.03067,2023-03-21,2023-03-28,sz.300476,2025-12-15 20:06:53.901826
-0.1332,2023-03-22,2023-03-29,sz.300476,2025-12-15 20:06:53.901826
0.2751,2023-03-23,2023-03-30,sz.300476,2025-12-15 20:06:53.901826
-0.1891,2023-03-24,2023-03-31,sz.300476,2025-12-15 20:06:53.901826
-0.2507,2023-03-27,2023-04-03,sz.300476,2025-12-15 20:06:53.901826
-0.6357,2023-03-28,2023-04-04,sz.300476,2025-12-15 20:06:53.901826
-0.1643,2023-03-29,2023-04-05,sz.300476,2025-12-15 20:06:53.901826
-0.322,2023-03-30,2023-04-06,sz.300476,2025-12-15 20:06:53.901826
-0.08136,2023-03-31,2023-04-07,sz.300476,2025-12-15 20:06:53.901826
-0.3232,2023-04-03,2023-04-10,sz.300476,2025-12-15 20:06:53.901826
0.03735,2023-04-04,2023-04-11,sz.300476,2025-12-15 20:06:53.901826
0.3938,2023-04-06,2023-04-13,sz.300476,2025-12-15 20:06:53.901826
-0.6313,2023-04-07,2023-04-14,sz.300476,2025-12-15 20:06:53.901826
-0.7363,2023-04-10,2023-04-17,sz.300476,2025-12-15 20:06:53.901826
-0.1289,2023-04-11,2023-04-18,sz.300476,2025-12-15 20:06:53.901826
-0.03256,2023-04-12,2023-04-19,sz.300476,2025-12-15 20:06:53.901826
-0.797,2023-04-13,2023-04-20,sz.300476,2025-12-15 20:06:53.901826
-0.00709,2023-04-14,2023-04-21,sz.300476,2025-12-15 20:06:53.901826
-0.265,2023-04-17,2023-04-24,sz.300476,2025-12-15 20:06:53.901826
-0.006165,2023-04-18,2023-04-25,sz.300476,2025-12-15 20:06:53.901826
-0.02933,2023-04-19,2023-04-26,sz.300476,2025-12-15 20:06:53.901826
-0.1846,2023-04-20,2023-04-27,sz.300476,2025-12-15 20:06:53.901826
-0.741,2023-04-21,2023-04-28,sz.300476,2025-12-15 20:06:53.901826
-0.04526,2023-04-24,2023-05-01,sz.300476,2025-12-15 20:06:53.901826
-0.674,2023-04-25,2023-05-02,sz.300476,2025-12-15 20:06:53.901826
-1.299,2023-04-26,2023-05-03,sz.300476,2025-12-15 20:06:53.901826
-0.3,2023-04-27,2023-05-04,sz.300476,2025-12-15 20:06:53.901826
0.161,2023-04-28,2023-05-05,sz.300476,2025-12-15 20:06:53.901826
-0.6455,2023-05-04,2023-05-11,sz.300476,2025-12-15 20:06:53.901826
-0.4373,2023-05-05,2023-05-12,sz.300476,2025-12-15 20:06:53.901826
0.03406,2023-05-08,2023-05-15,sz.300476,2025-12-15 20:06:53.901826
-0.2399,2023-05-09,2023-05-16,sz.300476,2025-12-15 20:06:53.901826
-0.2815,2023-05-10,2023-05-17,sz.300476,2025-12-15 20:06:53.901826
-0.04004,2023-05-11,2023-05-18,sz.300476,2025-12-15 20:06:53.901826
-0.3652,2023-05-12,2023-05-19,sz.300476,2025-12-15 20:06:53.901826
0.10516,2023-05-15,2023-05-22,sz.300476,2025-12-15 20:06:53.901826
-0.0895,2023-05-16,2023-05-23,sz.300476,2025-12-15 20:06:53.901826
0.1133,2023-05-17,2023-05-24,sz.300476,2025-12-15 20:06:53.901826
0.0687,2023-05-18,2023-05-25,sz.300476,2025-12-15 20:06:53.901826
0.1459,2023-05-19,2023-05-26,sz.300476,2025-12-15 20:06:53.901826
-0.0478,2023-05-22,2023-05-29,sz.300476,2025-12-15 20:06:53.901826
-0.05063,2023-05-23,2023-05-30,sz.300476,2025-12-15 20:06:53.901826
-0.05533,2023-05-24,2023-05-31,sz.300476,2025-12-15 20:06:53.901826
-1.564,2023-05-25,2023-06-01,sz.300476,2025-12-15 20:06:53.901826
0.4573,2023-05-26,2023-06-02,sz.300476,2025-12-15 20:06:53.901826
-0.4963,2023-05-29,2023-06-05,sz.300476,2025-12-15 20:06:53.901826
-0.1136,2023-05-30,2023-06-06,sz.300476,2025-12-15 20:06:53.901826
-0.5156,2023-05-31,2023-06-07,sz.300476,2025-12-15 20:06:53.901826
-0.1421,2023-06-01,2023-06-08,sz.300476,2025-12-15 20:06:53.901826
-1.293,2023-06-02,2023-06-09,sz.300476,2025-12-15 20:06:53.901826
-0.5967,2023-06-05,2023-06-12,sz.300476,2025-12-15 20:06:53.901826
-0.609,2023-06-06,2023-06-13,sz.300476,2025-12-15 20:06:53.901826
-0.1992,2023-06-07,2023-06-14,sz.300476,2025-12-15 20:06:53.901826
-0.3857,2023-06-08,2023-06-15,sz.300476,2025-12-15 20:06:53.901826
-0.01272,2023-06-09,2023-06-16,sz.300476,2025-12-15 20:06:53.901826
-0.4539,2023-06-12,2023-06-19,sz.300476,2025-12-15 20:06:53.901826
-0.08417,2023-06-13,2023-06-20,sz.300476,2025-12-15 20:06:53.901826
-0.1818,2023-06-14,2023-06-21,sz.300476,2025-12-15 20:06:53.901826
-0.9067,2023-06-15,2023-06-22,sz.300476,2025-12-15 20:06:53.901826
0.008545,2023-06-16,2023-06-23,sz.300476,2025-12-15 20:06:53.901826
-0.1255,2023-06-19,2023-06-26,sz.300476,2025-12-15 20:06:53.901826
-0.2316,2023-06-20,2023-06-27,sz.300476,2025-12-15 20:06:53.901826
-0.943,2023-06-21,2023-06-28,sz.300476,2025-12-15 20:06:53.901826
-0.624,2023-06-26,2023-07-03,sz.300476,2025-12-15 20:06:53.901826
-0.2175,2023-06-27,2023-07-04,sz.300476,2025-12-15 20:06:53.901826
-0.661,2023-06-28,2023-07-05,sz.300476,2025-12-15 20:06:53.901826
0.03543,2023-06-29,2023-07-06,sz.300476,2025-12-15 20:06:53.901826
0.0728,2023-06-30,2023-07-07,sz.300476,2025-12-15 20:06:53.901826
-0.3162,2023-07-03,2023-07-10,sz.300476,2025-12-15 20:06:53.901826
-0.1981,2023-07-04,2023-07-11,sz.300476,2025-12-15 20:06:53.901826
-0.4158,2023-07-05,2023-07-12,sz.300476,2025-12-15 20:06:53.901826
0.0868,2023-07-06,2023-07-13,sz.300476,2025-12-15 20:06:53.901826
-0.8374,2023-07-07,2023-07-14,sz.300476,2025-12-15 20:06:53.901826
-0.4084,2023-07-10,2023-07-17,sz.300476,2025-12-15 20:06:53.901826
-0.04297,2023-07-11,2023-07-18,sz.300476,2025-12-15 20:06:53.901826
-0.5425,2023-07-12,2023-07-19,sz.300476,2025-12-15 20:06:53.901826
0.0751,2023-07-13,2023-07-20,sz.300476,2025-12-15 20:06:53.901826
0.0798,2023-07-14,2023-07-21,sz.300476,2025-12-15 20:06:53.901826
-0.253,2023-07-17,2023-07-24,sz.300476,2025-12-15 20:06:53.901826
-0.6187,2023-07-18,2023-07-25,sz.300476,2025-12-15 20:06:53.901826
-0.4597,2023-07-19,2023-07-26,sz.300476,2025-12-15 20:06:53.901826
-1.321,2023-07-20,2023-07-27,sz.300476,2025-12-15 20:06:53.901826
-0.2688,2023-07-21,2023-07-28,sz.300476,2025-12-15 20:06:53.901826
-0.2404,2023-07-24,2023-07-31,sz.300476,2025-12-15 20:06:53.901826
-0.3904,2023-07-25,2023-08-01,sz.300476,2025-12-15 20:06:53.901826
-0.8564,2023-07-26,2023-08-02,sz.300476,2025-12-15 20:06:53.901826
-0.609,2023-07-27,2023-08-03,sz.300476,2025-12-15 20:06:53.901826
-0.3052,2023-07-28,2023-08-04,sz.300476,2025-12-15 20:06:53.901826
-0.3696,2023-07-31,2023-08-07,sz.300476,2025-12-15 20:06:53.901826
-0.177,2023-08-01,2023-08-08,sz.300476,2025-12-15 20:06:53.901826
0.10144,2023-08-02,2023-08-09,sz.300476,2025-12-15 20:06:53.901826
-0.2241,2023-08-03,2023-08-10,sz.300476,2025-12-15 20:06:53.901826
0.10406,2023-08-04,2023-08-11,sz.300476,2025-12-15 20:06:53.901826
-0.1963,2023-08-07,2023-08-14,sz.300476,2025-12-15 20:06:53.901826
-0.4065,2023-08-08,2023-08-15,sz.300476,2025-12-15 20:06:53.901826
-0.588,2023-08-09,2023-08-16,sz.300476,2025-12-15 20:06:53.901826
-0.352,2023-08-10,2023-08-17,sz.300476,2025-12-15 20:06:53.901826
-0.406,2023-08-11,2023-08-18,sz.300476,2025-12-15 20:06:53.901826
0.1234,2023-08-14,2023-08-21,sz.300476,2025-12-15 20:06:53.901826
-0.47,2023-08-15,2023-08-22,sz.300476,2025-12-15 20:06:53.901826
-0.0914,2023-08-16,2023-08-23,sz.300476,2025-12-15 20:06:53.901826
-0.00914,2023-08-17,2023-08-24,sz.300476,2025-12-15 20:06:53.901826
-0.6484,2023-08-18,2023-08-25,sz.300476,2025-12-15 20:06:53.901826
-0.10474,2023-08-21,2023-08-28,sz.300476,2025-12-15 20:06:53.901826
-0.11194,2023-08-22,2023-08-29,sz.300476,2025-12-15 20:06:53.901826
-0.423,2023-08-23,2023-08-30,sz.300476,2025-12-15 20:06:53.901826
-0.2343,2023-08-24,2023-08-31,sz.300476,2025-12-15 20:06:53.901826
-0.5786,2023-08-25,2023-09-01,sz.300476,2025-12-15 20:06:53.901826
-0.4604,2023-08-28,2023-09-04,sz.300476,2025-12-15 20:06:53.901826
0.04178,2023-08-29,2023-09-05,sz.300476,2025-12-15 20:06:53.901826
-0.0969,2023-08-30,2023-09-06,sz.300476,2025-12-15 20:06:53.901826
0.04376,2023-08-31,2023-09-07,sz.300476,2025-12-15 20:06:53.901826
0.04468,2023-09-01,2023-09-08,sz.300476,2025-12-15 20:06:53.901826
0.1816,2023-09-04,2023-09-11,sz.300476,2025-12-15 20:06:53.901826
-0.1163,2023-09-05,2023-09-12,sz.300476,2025-12-15 20:06:53.901826
0.04477,2023-09-06,2023-09-13,sz.300476,2025-12-15 20:06:53.901826
-0.3215,2023-09-07,2023-09-14,sz.300476,2025-12-15 20:06:53.901826
-0.021,2023-09-08,2023-09-15,sz.300476,2025-12-15 20:06:53.901826
-0.003386,2023-09-11,2023-09-18,sz.300476,2025-12-15 20:06:53.901826
-0.4233,2023-09-12,2023-09-19,sz.300476,2025-12-15 20:06:53.901826
-0.645,2023-09-13,2023-09-20,sz.300476,2025-12-15 20:06:53.901826
-0.2683,2023-09-14,2023-09-21,sz.300476,2025-12-15 20:06:53.901826
-0.4094,2023-09-15,2023-09-22,sz.300476,2025-12-15 20:06:53.901826
-0.0702,2023-09-18,2023-09-25,sz.300476,2025-12-15 20:06:53.901826
-0.08887,2023-09-19,2023-09-26,sz.300476,2025-12-15 20:06:53.901826
-0.1948,2023-09-20,2023-09-27,sz.300476,2025-12-15 20:06:53.901826
-0.06274,2023-09-21,2023-09-28,sz.300476,2025-12-15 20:06:53.901826
0.2915,2023-09-22,2023-09-29,sz.300476,2025-12-15 20:06:53.901826
-0.02481,2023-09-25,2023-10-02,sz.300476,2025-12-15 20:06:53.901826
-0.2896,2023-09-26,2023-10-03,sz.300476,2025-12-15 20:06:53.901826
-0.1765,2023-09-27,2023-10-04,sz.300476,2025-12-15 20:06:53.901826
-0.11334,2023-09-28,2023-10-05,sz.300476,2025-12-15 20:06:53.901826
-0.09796,2023-10-09,2023-10-16,sz.300476,2025-12-15 20:06:53.901826
-0.3333,2023-10-10,2023-10-17,sz.300476,2025-12-15 20:06:53.901826
-0.01636,2023-10-11,2023-10-18,sz.300476,2025-12-15 20:06:53.901826
-0.09235,2023-10-12,2023-10-19,sz.300476,2025-12-15 20:06:53.901826
-0.12476,2023-10-13,2023-10-20,sz.300476,2025-12-15 20:06:53.901826
-0.27,2023-10-16,2023-10-23,sz.300476,2025-12-15 20:06:53.901826
-0.2164,2023-10-17,2023-10-24,sz.300476,2025-12-15 20:06:53.901826
-0.9414,2023-10-18,2023-10-25,sz.300476,2025-12-15 20:06:53.901826
-0.04843,2023-10-19,2023-10-26,sz.300476,2025-12-15 20:06:53.901826
-0.4792,2023-10-20,2023-10-27,sz.300476,2025-12-15 20:06:53.901826
-0.5454,2023-10-23,2023-10-30,sz.300476,2025-12-15 20:06:53.901826
-0.10016,2023-10-24,2023-10-31,sz.300476,2025-12-15 20:06:53.901826
-0.0941,2023-10-25,2023-11-01,sz.300476,2025-12-15 20:06:53.901826
0.11,2023-10-26,2023-11-02,sz.300476,2025-12-15 20:06:53.901826
-0.00923,2023-10-27,2023-11-03,sz.300476,2025-12-15 20:06:53.901826
0.191,2023-10-30,2023-11-06,sz.300476,2025-12-15 20:06:53.901826
-0.1126,2023-10-31,2023-11-07,sz.300476,2025-12-15 20:06:53.901826
0.1339,2023-11-01,2023-11-08,sz.300476,2025-12-15 20:06:53.901826
-0.982,2023-11-02,2023-11-09,sz.300476,2025-12-15 20:06:53.901826
0.03088,2023-11-03,2023-11-10,sz.300476,2025-12-15 20:06:53.901826
0.1299,2023-11-06,2023-11-13,sz.300476,2025-12-15 20:06:53.901826
-0.03604,2023-11-07,2023-11-14,sz.300476,2025-12-15 20:06:53.901826
-0.1517,2023-11-08,2023-11-15,sz.300476,2025-12-15 20:06:53.901826
-0.03384,2023-11-09,2023-11-16,sz.300476,2025-12-15 20:06:53.901826
-0.4438,2023-11-10,2023-11-17,sz.300476,2025-12-15 20:06:53.901826
-0.07196,2023-11-13,2023-11-20,sz.300476,2025-12-15 20:06:53.901826
-0.03677,2023-11-14,2023-11-21,sz.300476,2025-12-15 20:06:53.901826
-0.4258,2023-11-15,2023-11-22,sz.300476,2025-12-15 20:06:53.901826
-0.1661,2023-11-16,2023-11-23,sz.300476,2025-12-15 20:06:53.901826
0.1693,2023-11-17,2023-11-24,sz.300476,2025-12-15 20:06:53.901826
-0.202,2023-11-20,2023-11-27,sz.300476,2025-12-15 20:06:53.901826
-0.2974,2023-11-21,2023-11-28,sz.300476,2025-12-15 20:06:53.901826
-0.4138,2023-11-22,2023-11-29,sz.300476,2025-12-15 20:06:53.901826
0.1014,2023-11-23,2023-11-30,sz.300476,2025-12-15 20:06:53.901826
-0.4675,2023-11-24,2023-12-01,sz.300476,2025-12-15 20:06:53.901826
-0.1357,2023-11-27,2023-12-04,sz.300476,2025-12-15 20:06:53.901826
-0.02448,2023-11-28,2023-12-05,sz.300476,2025-12-15 20:06:53.901826
0.0705,2023-11-29,2023-12-06,sz.300476,2025-12-15 20:06:53.901826
-0.1393,2023-11-30,2023-12-07,sz.300476,2025-12-15 20:06:53.901826
0.14,2023-12-01,2023-12-08,sz.300476,2025-12-15 20:06:53.901826
-0.066,2023-12-04,2023-12-11,sz.300476,2025-12-15 20:06:53.901826
-0.412,2023-12-05,2023-12-12,sz.300476,2025-12-15 20:06:53.901826
-0.04785,2023-12-06,2023-12-13,sz.300476,2025-12-15 20:06:53.901826
0.0884,2023-12-07,2023-12-14,sz.300476,2025-12-15 20:06:53.901826
0.04346,2023-12-08,2023-12-15,sz.300476,2025-12-15 20:06:53.901826
-0.11395,2023-12-11,2023-12-18,sz.300476,2025-12-15 20:06:53.901826
-0.1165,2023-12-12,2023-12-19,sz.300476,2025-12-15 20:06:53.901826
-0.02989,2023-12-13,2023-12-20,sz.300476,2025-12-15 20:06:53.901826
-0.1887,2023-12-14,2023-12-21,sz.300476,2025-12-15 20:06:53.901826
-0.1647,2023-12-15,2023-12-22,sz.300476,2025-12-15 20:06:53.901826
-0.154,2023-12-18,2023-12-25,sz.300476,2025-12-15 20:06:53.901826
-0.01984,2023-12-19,2023-12-26,sz.300476,2025-12-15 20:06:53.901826
-0.306,2023-12-20,2023-12-27,sz.300476,2025-12-15 20:06:53.901826
0.003817,2023-12-21,2023-12-28,sz.300476,2025-12-15 20:06:53.901826
-0.1893,2023-12-22,2023-12-29,sz.300476,2025-12-15 20:06:53.901826
0.05945,2023-12-25,2024-01-01,sz.300476,2025-12-15 20:06:53.901826
-0.2227,2023-12-26,2024-01-02,sz.300476,2025-12-15 20:06:53.901826
0.0437,2023-12-27,2024-01-03,sz.300476,2025-12-15 20:06:53.901826
0.0716,2023-12-28,2024-01-04,sz.300476,2025-12-15 20:06:53.901826
0.1721,2023-12-29,2024-01-05,sz.300476,2025-12-15 20:06:53.901826
-0.1041,2024-01-02,2024-01-09,sz.300476,2025-12-15 20:06:53.901826
-0.3323,2024-01-03,2024-01-10,sz.300476,2025-12-15 20:06:53.901826
-0.06464,2024-01-04,2024-01-11,sz.300476,2025-12-15 20:06:53.901826
-0.3442,2024-01-05,2024-01-12,sz.300476,2025-12-15 20:06:53.901826
-0.1597,2024-01-08,2024-01-15,sz.300476,2025-12-15 20:06:53.901826
-0.2026,2024-01-09,2024-01-16,sz.300476,2025-12-15 20:06:53.901826
-0.189,2024-01-10,2024-01-17,sz.300476,2025-12-15 20:06:53.901826
0.1414,2024-01-11,2024-01-18,sz.300476,2025-12-15 20:06:53.901826
-0.148,2024-01-12,2024-01-19,sz.300476,2025-12-15 20:06:53.901826
0.07135,2024-01-15,2024-01-22,sz.300476,2025-12-15 20:06:53.901826
-0.0695,2024-01-16,2024-01-23,sz.300476,2025-12-15 20:06:53.901826
-0.2761,2024-01-17,2024-01-24,sz.300476,2025-12-15 20:06:53.901826
0.1284,2024-01-18,2024-01-25,sz.300476,2025-12-15 20:06:53.901826
-0.0776,2024-01-19,2024-01-26,sz.300476,2025-12-15 20:06:53.901826
-0.786,2024-01-22,2024-01-29,sz.300476,2025-12-15 20:06:53.901826
0.1337,2024-01-23,2024-01-30,sz.300476,2025-12-15 20:06:53.901826
-0.4612,2024-01-24,2024-01-31,sz.300476,2025-12-15 20:06:53.901826
0.1235,2024-01-25,2024-02-01,sz.300476,2025-12-15 20:06:53.901826
-0.3447,2024-01-26,2024-02-02,sz.300476,2025-12-15 20:06:53.901826
-0.9473,2024-01-29,2024-02-05,sz.300476,2025-12-15 20:06:53.901826
-0.3938,2024-01-30,2024-02-06,sz.300476,2025-12-15 20:06:53.901826
-0.3262,2024-01-31,2024-02-07,sz.300476,2025-12-15 20:06:53.901826
0.003994,2024-02-01,2024-02-08,sz.300476,2025-12-15 20:06:53.901826
-0.698,2024-02-02,2024-02-09,sz.300476,2025-12-15 20:06:53.901826
-0.426,2024-02-05,2024-02-12,sz.300476,2025-12-15 20:06:53.901826
0.2756,2024-02-06,2024-02-13,sz.300476,2025-12-15 20:06:53.901826
0.05045,2024-02-07,2024-02-14,sz.300476,2025-12-15 20:06:53.901826
-0.333,2024-02-08,2024-02-15,sz.300476,2025-12-15 20:06:53.901826
0.06012,2024-02-19,2024-02-26,sz.300476,2025-12-15 20:06:53.901826
-0.1148,2024-02-20,2024-02-27,sz.300476,2025-12-15 20:06:53.901826
-0.10455,2024-02-21,2024-02-28,sz.300476,2025-12-15 20:06:53.901826
-0.01202,2024-02-22,2024-02-29,sz.300476,2025-12-15 20:06:53.901826
-0.4836,2024-02-23,2024-03-01,sz.300476,2025-12-15 20:06:53.901826
-0.0864,2024-02-26,2024-03-04,sz.300476,2025-12-15 20:06:53.901826
0.353,2024-02-27,2024-03-05,sz.300476,2025-12-15 20:06:53.901826
-1.062,2024-02-28,2024-03-06,sz.300476,2025-12-15 20:06:53.901826
0.1508,2024-02-29,2024-03-07,sz.300476,2025-12-15 20:06:53.901826
0.0699,2024-03-01,2024-03-08,sz.300476,2025-12-15 20:06:53.901826
-0.3125,2024-03-04,2024-03-11,sz.300476,2025-12-15 20:06:53.901826
-0.4385,2024-03-05,2024-03-12,sz.300476,2025-12-15 20:06:53.901826
-0.2725,2024-03-06,2024-03-13,sz.300476,2025-12-15 20:06:53.901826
-0.4136,2024-03-07,2024-03-14,sz.300476,2025-12-15 20:06:53.901826
0.0974,2024-03-08,2024-03-15,sz.300476,2025-12-15 20:06:53.901826
-0.01328,2024-03-11,2024-03-18,sz.300476,2025-12-15 20:06:53.901826
-0.4465,2024-03-12,2024-03-19,sz.300476,2025-12-15 20:06:53.901826
-0.4001,2024-03-13,2024-03-20,sz.300476,2025-12-15 20:06:53.901826
-0.2935,2024-03-14,2024-03-21,sz.300476,2025-12-15 20:06:53.901826
0.007244,2024-03-15,2024-03-22,sz.300476,2025-12-15 20:06:53.901826
-0.3308,2024-03-18,2024-03-25,sz.300476,2025-12-15 20:06:53.901826
-0.2299,2024-03-19,2024-03-26,sz.300476,2025-12-15 20:06:53.901826
-0.4436,2024-03-20,2024-03-27,sz.300476,2025-12-15 20:06:53.901826
-0.3904,2024-03-21,2024-03-28,sz.300476,2025-12-15 20:06:53.901826
-0.2837,2024-03-22,2024-03-29,sz.300476,2025-12-15 20:06:53.901826
-0.8735,2024-03-25,2024-04-01,sz.300476,2025-12-15 20:06:53.901826
-0.349,2024-03-26,2024-04-02,sz.300476,2025-12-15 20:06:53.901826
-0.3538,2024-03-27,2024-04-03,sz.300476,2025-12-15 20:06:53.901826
0.12463,2024-03-28,2024-04-04,sz.300476,2025-12-15 20:06:53.901826
-0.04245,2024-03-29,2024-04-05,sz.300476,2025-12-15 20:06:53.901826
-0.304,2024-04-01,2024-04-08,sz.300476,2025-12-15 20:06:53.901826
-0.2903,2024-04-02,2024-04-09,sz.300476,2025-12-15 20:06:53.901826
-0.2407,2024-04-03,2024-04-10,sz.300476,2025-12-15 20:06:53.901826
-0.0479,2024-04-08,2024-04-15,sz.300476,2025-12-15 20:06:53.901826
-0.015526,2024-04-09,2024-04-16,sz.300476,2025-12-15 20:06:53.901826
-0.3635,2024-04-10,2024-04-17,sz.300476,2025-12-15 20:06:53.901826
-0.2732,2024-04-11,2024-04-18,sz.300476,2025-12-15 20:06:53.901826
-0.11426,2024-04-12,2024-04-19,sz.300476,2025-12-15 20:06:53.901826
0.1603,2024-04-15,2024-04-22,sz.300476,2025-12-15 20:06:53.901826
-0.5312,2024-04-16,2024-04-23,sz.300476,2025-12-15 20:06:53.901826
0.0854,2024-04-17,2024-04-24,sz.300476,2025-12-15 20:06:53.901826
-0.09924,2024-04-18,2024-04-25,sz.300476,2025-12-15 20:06:53.901826
-0.3184,2024-04-19,2024-04-26,sz.300476,2025-12-15 20:06:53.901826
-0.2144,2024-04-22,2024-04-29,sz.300476,2025-12-15 20:06:53.901826
-0.1968,2024-04-23,2024-04-30,sz.300476,2025-12-15 20:06:53.901826
0.2472,2024-04-24,2024-05-01,sz.300476,2025-12-15 20:06:53.901826
-0.3682,2024-04-25,2024-05-02,sz.300476,2025-12-15 20:06:53.901826
-0.2744,2024-04-26,2024-05-03,sz.300476,2025-12-15 20:06:53.901826
-0.3093,2024-04-29,2024-05-06,sz.300476,2025-12-15 20:06:53.901826
-0.5254,2024-04-30,2024-05-07,sz.300476,2025-12-15 20:06:53.901826
-0.63,2024-05-06,2024-05-13,sz.300476,2025-12-15 20:06:53.901826
-0.57,2024-05-07,2024-05-14,sz.300476,2025-12-15 20:06:53.901826
-0.1561,2024-05-08,2024-05-15,sz.300476,2025-12-15 20:06:53.901826
-0.0846,2024-05-09,2024-05-16,sz.300476,2025-12-15 20:06:53.901826
-0.7246,2024-05-10,2024-05-17,sz.300476,2025-12-15 20:06:53.901826
-0.3232,2024-05-13,2024-05-20,sz.300476,2025-12-15 20:06:53.901826
-0.828,2024-05-14,2024-05-21,sz.300476,2025-12-15 20:06:53.901826
-0.1808,2024-05-15,2024-05-22,sz.300476,2025-12-15 20:06:53.901826
-0.353,2024-05-16,2024-05-23,sz.300476,2025-12-15 20:06:53.901826
-0.4624,2024-05-17,2024-05-24,sz.300476,2025-12-15 20:06:53.901826
-0.1747,2024-05-20,2024-05-27,sz.300476,2025-12-15 20:06:53.901826
-0.592,2024-05-21,2024-05-28,sz.300476,2025-12-15 20:06:53.901826
-0.2544,2024-05-22,2024-05-29,sz.300476,2025-12-15 20:06:53.901826
-0.7197,2024-05-23,2024-05-30,sz.300476,2025-12-15 20:06:53.901826
-0.7305,2024-05-24,2024-05-31,sz.300476,2025-12-15 20:06:53.901826
-0.0862,2024-05-27,2024-06-03,sz.300476,2025-12-15 20:06:53.901826
-0.598,2024-05-28,2024-06-04,sz.300476,2025-12-15 20:06:53.901826
-0.1373,2024-05-29,2024-06-05,sz.300476,2025-12-15 20:06:53.901826
-0.10236,2024-05-30,2024-06-06,sz.300476,2025-12-15 20:06:53.901826
-0.2827,2024-05-31,2024-06-07,sz.300476,2025-12-15 20:06:53.901826
0.1415,2024-06-03,2024-06-10,sz.300476,2025-12-15 20:06:53.901826
0.02766,2024-06-04,2024-06-11,sz.300476,2025-12-15 20:06:53.901826
-0.4282,2024-06-05,2024-06-12,sz.300476,2025-12-15 20:06:53.901826
-0.4802,2024-06-06,2024-06-13,sz.300476,2025-12-15 20:06:53.901826
-0.568,2024-06-07,2024-06-14,sz.300476,2025-12-15 20:06:53.901826
-0.1709,2024-06-11,2024-06-18,sz.300476,2025-12-15 20:06:53.901826
-0.819,2024-06-12,2024-06-19,sz.300476,2025-12-15 20:06:53.901826
-0.1635,2024-06-13,2024-06-20,sz.300476,2025-12-15 20:06:53.901826
-0.1913,2024-06-14,2024-06-21,sz.300476,2025-12-15 20:06:53.901826
-0.2637,2024-06-17,2024-06-24,sz.300476,2025-12-15 20:06:53.901826
-0.3018,2024-06-18,2024-06-25,sz.300476,2025-12-15 20:06:53.901826
-0.608,2024-06-19,2024-06-26,sz.300476,2025-12-15 20:06:53.901826
-0.4653,2024-06-20,2024-06-27,sz.300476,2025-12-15 20:06:53.901826
-0.113,2024-06-21,2024-06-28,sz.300476,2025-12-15 20:06:53.901826
-0.535,2024-06-24,2024-07-01,sz.300476,2025-12-15 20:06:53.901826
-0.3909,2024-06-25,2024-07-02,sz.300476,2025-12-15 20:06:53.901826
0.0613,2024-06-26,2024-07-03,sz.300476,2025-12-15 20:06:53.901826
-0.3794,2024-06-27,2024-07-04,sz.300476,2025-12-15 20:06:53.901826
-0.1048,2024-06-28,2024-07-05,sz.300476,2025-12-15 20:06:53.901826
-0.2302,2024-07-01,2024-07-08,sz.300476,2025-12-15 20:06:53.901826
-0.5513,2024-07-02,2024-07-09,sz.300476,2025-12-15 20:06:53.901826
-0.2869,2024-07-03,2024-07-10,sz.300476,2025-12-15 20:06:53.901826
-0.3496,2024-07-04,2024-07-11,sz.300476,2025-12-15 20:06:53.901826
-0.4536,2024-07-05,2024-07-12,sz.300476,2025-12-15 20:06:53.901826
-0.2231,2024-07-08,2024-07-15,sz.300476,2025-12-15 20:06:53.901826
0.1604,2024-07-09,2024-07-16,sz.300476,2025-12-15 20:06:53.901826
-0.02255,2024-07-10,2024-07-17,sz.300476,2025-12-15 20:06:53.901826
-0.6025,2024-07-11,2024-07-18,sz.300476,2025-12-15 20:06:53.901826
-0.4565,2024-07-12,2024-07-19,sz.300476,2025-12-15 20:06:53.901826
-0.3765,2024-07-15,2024-07-22,sz.300476,2025-12-15 20:06:53.901826
-0.04593,2024-07-16,2024-07-23,sz.300476,2025-12-15 20:06:53.901826
-0.7085,2024-07-17,2024-07-24,sz.300476,2025-12-15 20:06:53.901826
-0.4316,2024-07-18,2024-07-25,sz.300476,2025-12-15 20:06:53.901826
-0.373,2024-07-19,2024-07-26,sz.300476,2025-12-15 20:06:53.901826
-0.09143,2024-07-22,2024-07-29,sz.300476,2025-12-15 20:06:53.901826
-0.4143,2024-07-23,2024-07-30,sz.300476,2025-12-15 20:06:53.901826
-0.4492,2024-07-24,2024-07-31,sz.300476,2025-12-15 20:06:53.901826
-0.7427,2024-07-25,2024-08-01,sz.300476,2025-12-15 20:06:53.901826
-0.2576,2024-07-26,2024-08-02,sz.300476,2025-12-15 20:06:53.901826
-0.3862,2024-07-29,2024-08-05,sz.300476,2025-12-15 20:06:53.901826
-0.637,2024-07-30,2024-08-06,sz.300476,2025-12-15 20:06:53.901826
-0.5166,2024-07-31,2024-08-07,sz.300476,2025-12-15 20:06:53.901826
-0.7026,2024-08-01,2024-08-08,sz.300476,2025-12-15 20:06:53.901826
-1.046,2024-08-02,2024-08-09,sz.300476,2025-12-15 20:06:53.901826
-1.308,2024-08-05,2024-08-12,sz.300476,2025-12-15 20:06:53.901826
-0.3945,2024-08-06,2024-08-13,sz.300476,2025-12-15 20:06:53.901826
-0.4375,2024-08-07,2024-08-14,sz.300476,2025-12-15 20:06:53.901826
-0.12115,2024-08-08,2024-08-15,sz.300476,2025-12-15 20:06:53.901826
-0.1719,2024-08-09,2024-08-16,sz.300476,2025-12-15 20:06:53.901826
-0.03244,2024-08-12,2024-08-19,sz.300476,2025-12-15 20:06:53.901826
-0.1128,2024-08-13,2024-08-20,sz.300476,2025-12-15 20:06:53.901826
-0.745,2024-08-14,2024-08-21,sz.300476,2025-12-15 20:06:53.901826
-0.1799,2024-08-15,2024-08-22,sz.300476,2025-12-15 20:06:53.901826
-0.2747,2024-08-16,2024-08-23,sz.300476,2025-12-15 20:06:53.901826
-0.2164,2024-08-19,2024-08-26,sz.300476,2025-12-15 20:06:53.901826
-0.534,2024-08-20,2024-08-27,sz.300476,2025-12-15 20:06:53.901826
-0.10693,2024-08-21,2024-08-28,sz.300476,2025-12-15 20:06:53.901826
-0.278,2024-08-22,2024-08-29,sz.300476,2025-12-15 20:06:53.901826
-0.2966,2024-08-23,2024-08-30,sz.300476,2025-12-15 20:06:53.901826
-0.4077,2024-08-26,2024-09-02,sz.300476,2025-12-15 20:06:53.901826
-0.198,2024-08-27,2024-09-03,sz.300476,2025-12-15 20:06:53.901826
-0.1445,2024-08-28,2024-09-04,sz.300476,2025-12-15 20:06:53.901826
-0.1913,2024-08-29,2024-09-05,sz.300476,2025-12-15 20:06:53.901826
-0.02266,2024-08-30,2024-09-06,sz.300476,2025-12-15 20:06:53.901826
-1.184,2024-09-02,2024-09-09,sz.300476,2025-12-15 20:06:53.901826
-0.7783,2024-09-03,2024-09-10,sz.300476,2025-12-15 20:06:53.901826
-0.4746,2024-09-04,2024-09-11,sz.300476,2025-12-15 20:06:53.901826
-0.2263,2024-09-05,2024-09-12,sz.300476,2025-12-15 20:06:53.901826
-0.4653,2024-09-06,2024-09-13,sz.300476,2025-12-15 20:06:53.901826
-0.04233,2024-09-09,2024-09-16,sz.300476,2025-12-15 20:06:53.901826
-0.01636,2024-09-10,2024-09-17,sz.300476,2025-12-15 20:06:53.901826
0.02284,2024-09-11,2024-09-18,sz.300476,2025-12-15 20:06:53.901826
-1.025,2024-09-12,2024-09-19,sz.300476,2025-12-15 20:06:53.901826
-0.1189,2024-09-13,2024-09-20,sz.300476,2025-12-15 20:06:53.901826
-0.1621,2024-09-18,2024-09-25,sz.300476,2025-12-15 20:06:53.901826
-0.4202,2024-09-19,2024-09-26,sz.300476,2025-12-15 20:06:53.901826
-0.265,2024-09-20,2024-09-27,sz.300476,2025-12-15 20:06:53.901826
-0.125,2024-09-23,2024-09-30,sz.300476,2025-12-15 20:06:53.901826
0.1794,2024-09-24,2024-10-01,sz.300476,2025-12-15 20:06:53.901826
-0.763,2024-09-25,2024-10-02,sz.300476,2025-12-15 20:06:53.901826
0.07336,2024-09-26,2024-10-03,sz.300476,2025-12-15 20:06:53.901826
0.01935,2024-09-27,2024-10-04,sz.300476,2025-12-15 20:06:53.901826
0.0829,2024-09-30,2024-10-07,sz.300476,2025-12-15 20:06:53.901826
-0.732,2024-10-08,2024-10-15,sz.300476,2025-12-15 20:06:53.901826
-1.472,2024-10-09,2024-10-16,sz.300476,2025-12-15 20:06:53.901826
-0.898,2024-10-10,2024-10-17,sz.300476,2025-12-15 20:06:53.901826
-0.6396,2024-10-11,2024-10-18,sz.300476,2025-12-15 20:06:53.901826
-0.1158,2024-10-14,2024-10-21,sz.300476,2025-12-15 20:06:53.901826
-0.5312,2024-10-15,2024-10-22,sz.300476,2025-12-15 20:06:53.901826
-0.2488,2024-10-16,2024-10-23,sz.300476,2025-12-15 20:06:53.901826
-0.2573,2024-10-17,2024-10-24,sz.300476,2025-12-15 20:06:53.901826
-0.214,2024-10-18,2024-10-25,sz.300476,2025-12-15 20:06:53.901826
-0.6187,2024-10-21,2024-10-28,sz.300476,2025-12-15 20:06:53.901826
-0.87,2024-10-22,2024-10-29,sz.300476,2025-12-15 20:06:53.901826
-0.4565,2024-10-23,2024-10-30,sz.300476,2025-12-15 20:06:53.901826
-0.3147,2024-10-24,2024-10-31,sz.300476,2025-12-15 20:06:53.901826
-0.4731,2024-10-25,2024-11-01,sz.300476,2025-12-15 20:06:53.901826
-0.7524,2024-10-28,2024-11-04,sz.300476,2025-12-15 20:06:53.901826
-0.432,2024-10-29,2024-11-05,sz.300476,2025-12-15 20:06:53.901826
-0.4949,2024-10-30,2024-11-06,sz.300476,2025-12-15 20:06:53.901826
-0.2732,2024-10-31,2024-11-07,sz.300476,2025-12-15 20:06:53.901826
-0.6797,2024-11-01,2024-11-08,sz.300476,2025-12-15 20:06:53.901826
-0.0786,2024-11-04,2024-11-11,sz.300476,2025-12-15 20:06:53.901826
-0.1426,2024-11-05,2024-11-12,sz.300476,2025-12-15 20:06:53.901826
-0.7056,2024-11-06,2024-11-13,sz.300476,2025-12-15 20:06:53.901826
-0.0733,2024-11-07,2024-11-14,sz.300476,2025-12-15 20:06:53.901826
-0.426,2024-11-08,2024-11-15,sz.300476,2025-12-15 20:06:53.901826
-0.9106,2024-11-11,2024-11-18,sz.300476,2025-12-15 20:06:53.901826
-0.579,2024-11-12,2024-11-19,sz.300476,2025-12-15 20:06:53.901826
-0.2161,2024-11-13,2024-11-20,sz.300476,2025-12-15 20:06:53.901826
-0.4868,2024-11-14,2024-11-21,sz.300476,2025-12-15 20:06:53.901826
-0.959,2024-11-15,2024-11-22,sz.300476,2025-12-15 20:06:53.901826
-0.721,2024-11-18,2024-11-25,sz.300476,2025-12-15 20:06:53.901826
-0.10126,2024-11-19,2024-11-26,sz.300476,2025-12-15 20:06:53.901826
-0.172,2024-11-20,2024-11-27,sz.300476,2025-12-15 20:06:53.901826
-0.4795,2024-11-21,2024-11-28,sz.300476,2025-12-15 20:06:53.901826
-0.747,2024-11-22,2024-11-29,sz.300476,2025-12-15 20:06:53.901826
-0.7397,2024-11-25,2024-12-02,sz.300476,2025-12-15 20:06:53.901826
-0.1191,2024-11-26,2024-12-03,sz.300476,2025-12-15 20:06:53.901826
-0.1399,2024-11-27,2024-12-04,sz.300476,2025-12-15 20:06:53.901826
-0.5684,2024-11-28,2024-12-05,sz.300476,2025-12-15 20:06:53.901826
0.01689,2024-11-29,2024-12-06,sz.300476,2025-12-15 20:06:53.901826
-0.06244,2024-12-02,2024-12-09,sz.300476,2025-12-15 20:06:53.901826
-0.2766,2024-12-03,2024-12-10,sz.300476,2025-12-15 20:06:53.901826
-0.2206,2024-12-04,2024-12-11,sz.300476,2025-12-15 20:06:53.901826
-0.05127,2024-12-05,2024-12-12,sz.300476,2025-12-15 20:06:53.901826
-0.2922,2024-12-06,2024-12-13,sz.300476,2025-12-15 20:06:53.901826
-0.2172,2024-12-09,2024-12-16,sz.300476,2025-12-15 20:06:53.901826
-0.874,2024-12-10,2024-12-17,sz.300476,2025-12-15 20:06:53.901826
-0.1342,2024-12-11,2024-12-18,sz.300476,2025-12-15 20:06:53.901826
-0.2659,2024-12-12,2024-12-19,sz.300476,2025-12-15 20:06:53.901826
-0.3936,2024-12-13,2024-12-20,sz.300476,2025-12-15 20:06:53.901826
-0.2815,2024-12-16,2024-12-23,sz.300476,2025-12-15 20:06:53.901826
-0.11774,2024-12-17,2024-12-24,sz.300476,2025-12-15 20:06:53.901826
-0.5576,2024-12-18,2024-12-25,sz.300476,2025-12-15 20:06:53.901826
-0.10004,2024-12-19,2024-12-26,sz.300476,2025-12-15 20:06:53.901826
-0.2461,2024-12-20,2024-12-27,sz.300476,2025-12-15 20:06:53.901826
-0.5757,2024-12-23,2024-12-30,sz.300476,2025-12-15 20:06:53.901826
-0.2798,2024-12-24,2024-12-31,sz.300476,2025-12-15 20:06:53.901826
-0.1747,2024-12-25,2025-01-01,sz.300476,2025-12-15 20:06:53.901826
-0.10815,2024-12-26,2025-01-02,sz.300476,2025-12-15 20:06:53.901826
-0.2908,2024-12-27,2025-01-03,sz.300476,2025-12-15 20:06:53.901826
-0.6855,2024-12-30,2025-01-06,sz.300476,2025-12-15 20:06:53.901826
-1.276,2024-12-31,2025-01-07,sz.300476,2025-12-15 20:06:53.901826
-0.4192,2025-01-02,2025-01-09,sz.300476,2025-12-15 20:06:53.901826
-0.7124,2025-01-03,2025-01-10,sz.300476,2025-12-15 20:06:53.901826
-0.2869,2025-01-06,2025-01-13,sz.300476,2025-12-15 20:06:53.901826
0.07404,2025-01-07,2025-01-14,sz.300476,2025-12-15 20:06:53.901826
-0.1328,2025-01-08,2025-01-15,sz.300476,2025-12-15 20:06:53.901826
-0.4866,2025-01-09,2025-01-16,sz.300476,2025-12-15 20:06:53.901826
-0.735,2025-01-10,2025-01-17,sz.300476,2025-12-15 20:06:53.901826
-0.5693,2025-01-13,2025-01-20,sz.300476,2025-12-15 20:06:53.901826
-0.1917,2025-01-14,2025-01-21,sz.300476,2025-12-15 20:06:53.901826
-0.3115,2025-01-15,2025-01-22,sz.300476,2025-12-15 20:06:53.901826
-0.74,2025-01-16,2025-01-23,sz.300476,2025-12-15 20:06:53.901826
-0.106,2025-01-17,2025-01-24,sz.300476,2025-12-15 20:06:53.901826
-0.2786,2025-01-20,2025-01-27,sz.300476,2025-12-15 20:06:53.901826
-0.402,2025-01-21,2025-01-28,sz.300476,2025-12-15 20:06:53.901826
-0.1289,2025-01-22,2025-01-29,sz.300476,2025-12-15 20:06:53.901826
-0.638,2025-01-23,2025-01-30,sz.300476,2025-12-15 20:06:53.901826
-0.5396,2025-01-24,2025-01-31,sz.300476,2025-12-15 20:06:53.901826
-0.644,2025-01-27,2025-02-03,sz.300476,2025-12-15 20:06:53.901826
-1.317,2025-02-05,2025-02-12,sz.300476,2025-12-15 20:06:53.901826
-0.1904,2025-02-06,2025-02-13,sz.300476,2025-12-15 20:06:53.901826
-0.3608,2025-02-07,2025-02-14,sz.300476,2025-12-15 20:06:53.901826
-0.2435,2025-02-10,2025-02-17,sz.300476,2025-12-15 20:06:53.901826
-0.3,2025-02-11,2025-02-18,sz.300476,2025-12-15 20:06:53.901826
-0.361,2025-02-12,2025-02-19,sz.300476,2025-12-15 20:06:53.901826
-0.444,2025-02-13,2025-02-20,sz.300476,2025-12-15 20:06:53.901826
-0.637,2025-02-14,2025-02-21,sz.300476,2025-12-15 20:06:53.901826
-0.2437,2025-02-17,2025-02-24,sz.300476,2025-12-15 20:06:53.901826
-0.4934,2025-02-18,2025-02-25,sz.300476,2025-12-15 20:06:53.901826
-0.3308,2025-02-19,2025-02-26,sz.300476,2025-12-15 20:06:53.901826
-0.4446,2025-02-20,2025-02-27,sz.300476,2025-12-15 20:06:53.901826
-0.1544,2025-02-21,2025-02-28,sz.300476,2025-12-15 20:06:53.901826
-0.483,2025-02-24,2025-03-03,sz.300476,2025-12-15 20:06:53.901826
-0.2664,2025-02-25,2025-03-04,sz.300476,2025-12-15 20:06:53.901826
-0.1256,2025-02-26,2025-03-05,sz.300476,2025-12-15 20:06:53.901826
-0.6514,2025-02-27,2025-03-06,sz.300476,2025-12-15 20:06:53.901826
-0.5293,2025-02-28,2025-03-07,sz.300476,2025-12-15 20:06:53.901826
-0.4126,2025-03-03,2025-03-10,sz.300476,2025-12-15 20:06:53.901826
-0.1619,2025-03-04,2025-03-11,sz.300476,2025-12-15 20:06:53.901826
-0.1412,2025-03-05,2025-03-12,sz.300476,2025-12-15 20:06:53.901826
-0.4158,2025-03-06,2025-03-13,sz.300476,2025-12-15 20:06:53.901826
-0.4185,2025-03-07,2025-03-14,sz.300476,2025-12-15 20:06:53.901826
-0.2295,2025-03-10,2025-03-17,sz.300476,2025-12-15 20:06:53.901826
-0.545,2025-03-11,2025-03-18,sz.300476,2025-12-15 20:06:53.901826
-0.5796,2025-03-12,2025-03-19,sz.300476,2025-12-15 20:06:53.901826
-0.5063,2025-03-13,2025-03-20,sz.300476,2025-12-15 20:06:53.901826
-0.3584,2025-03-14,2025-03-21,sz.300476,2025-12-15 20:06:53.901826
-0.396,2025-03-17,2025-03-24,sz.300476,2025-12-15 20:06:53.901826
-0.627,2025-03-18,2025-03-25,sz.300476,2025-12-15 20:06:53.901826
-1.228,2025-03-19,2025-03-26,sz.300476,2025-12-15 20:06:53.901826
-0.578,2025-03-20,2025-03-27,sz.300476,2025-12-15 20:06:53.901826
-0.564,2025-03-21,2025-03-28,sz.300476,2025-12-15 20:06:53.901826
-0.418,2025-03-24,2025-03-31,sz.300476,2025-12-15 20:06:53.901826
-1.097,2025-03-25,2025-04-01,sz.300476,2025-12-15 20:06:53.901826
-0.398,2025-03-26,2025-04-02,sz.300476,2025-12-15 20:06:53.901826
-0.5938,2025-03-27,2025-04-03,sz.300476,2025-12-15 20:06:53.901826
-0.5044,2025-03-28,2025-04-04,sz.300476,2025-12-15 20:06:53.901826
-0.704,2025-03-31,2025-04-07,sz.300476,2025-12-15 20:06:53.901826
-0.706,2025-04-01,2025-04-08,sz.300476,2025-12-15 20:06:53.901826
-0.477,2025-04-02,2025-04-09,sz.300476,2025-12-15 20:06:53.901826
-0.947,2025-04-03,2025-04-10,sz.300476,2025-12-15 20:06:53.901826
-0.8555,2025-04-07,2025-04-14,sz.300476,2025-12-15 20:06:53.901826
-1.217,2025-04-08,2025-04-15,sz.300476,2025-12-15 20:06:53.901826
-0.344,2025-04-09,2025-04-16,sz.300476,2025-12-15 20:06:53.901826
-0.996,2025-04-10,2025-04-17,sz.300476,2025-12-15 20:06:53.901826
-0.3916,2025-04-11,2025-04-18,sz.300476,2025-12-15 20:06:53.901826
-0.731,2025-04-14,2025-04-21,sz.300476,2025-12-15 20:06:53.901826
-0.3823,2025-04-15,2025-04-22,sz.300476,2025-12-15 20:06:53.901826
-0.3542,2025-04-16,2025-04-23,sz.300476,2025-12-15 20:06:53.901826
-0.4175,2025-04-17,2025-04-24,sz.300476,2025-12-15 20:06:53.901826
-0.3035,2025-04-18,2025-04-25,sz.300476,2025-12-15 20:06:53.901826
-0.3816,2025-04-21,2025-04-28,sz.300476,2025-12-15 20:06:53.901826
-0.9277,2025-04-22,2025-04-29,sz.300476,2025-12-15 20:06:53.901826
-0.82,2025-04-23,2025-04-30,sz.300476,2025-12-15 20:06:53.901826
-0.6724,2025-04-24,2025-05-01,sz.300476,2025-12-15 20:06:53.901826
-0.4973,2025-04-25,2025-05-02,sz.300476,2025-12-15 20:06:53.901826
-0.4849,2025-04-28,2025-05-05,sz.300476,2025-12-15 20:06:53.901826
-0.5303,2025-04-29,2025-05-06,sz.300476,2025-12-15 20:06:53.901826
-0.5005,2025-04-30,2025-05-07,sz.300476,2025-12-15 20:06:53.901826
-0.2637,2025-05-06,2025-05-13,sz.300476,2025-12-15 20:06:53.901826
-0.806,2025-05-07,2025-05-14,sz.300476,2025-12-15 20:06:53.901826
-0.381,2025-05-08,2025-05-15,sz.300476,2025-12-15 20:06:53.901826
-0.5796,2025-05-09,2025-05-16,sz.300476,2025-12-15 20:06:53.901826
-0.4663,2025-05-12,2025-05-19,sz.300476,2025-12-15 20:06:53.901826
-0.656,2025-05-13,2025-05-20,sz.300476,2025-12-15 20:06:53.901826
-0.6694,2025-05-14,2025-05-21,sz.300476,2025-12-15 20:06:53.901826
-0.816,2025-05-15,2025-05-22,sz.300476,2025-12-15 20:06:53.901826
-0.3748,2025-05-16,2025-05-23,sz.300476,2025-12-15 20:06:53.901826
-0.4187,2025-05-19,2025-05-26,sz.300476,2025-12-15 20:06:53.901826
-0.3057,2025-05-20,2025-05-27,sz.300476,2025-12-15 20:06:53.901826
-0.4119,2025-05-21,2025-05-28,sz.300476,2025-12-15 20:06:53.901826
-0.6074,2025-05-22,2025-05-29,sz.300476,2025-12-15 20:06:53.901826
-0.4895,2025-05-23,2025-05-30,sz.300476,2025-12-15 20:06:53.901826
-0.3142,2025-05-26,2025-06-02,sz.300476,2025-12-15 20:06:53.901826
-0.4062,2025-05-27,2025-06-03,sz.300476,2025-12-15 20:06:53.901826
-0.4226,2025-05-28,2025-06-04,sz.300476,2025-12-15 20:06:53.901826
-0.4734,2025-05-29,2025-06-05,sz.300476,2025-12-15 20:06:53.901826
-0.4075,2025-05-30,2025-06-06,sz.300476,2025-12-15 20:06:53.901826
-0.506,2025-06-03,2025-06-10,sz.300476,2025-12-15 20:06:53.901826
-0.4485,2025-06-04,2025-06-11,sz.300476,2025-12-15 20:06:53.901826
-0.4302,2025-06-05,2025-06-12,sz.300476,2025-12-15 20:06:53.901826
-0.5386,2025-06-06,2025-06-13,sz.300476,2025-12-15 20:06:53.901826
-0.6787,2025-06-09,2025-06-16,sz.300476,2025-12-15 20:06:53.901826
-0.6074,2025-06-10,2025-06-17,sz.300476,2025-12-15 20:06:53.901826
-0.638,2025-06-11,2025-06-18,sz.300476,2025-12-15 20:06:53.901826
-0.6924,2025-06-12,2025-06-19,sz.300476,2025-12-15 20:06:53.901826
-0.784,2025-06-13,2025-06-20,sz.300476,2025-12-15 20:06:53.901826
-0.671,2025-06-16,2025-06-23,sz.300476,2025-12-15 20:06:53.901826
-0.7847,2025-06-17,2025-06-24,sz.300476,2025-12-15 20:06:53.901826
-0.6665,2025-06-18,2025-06-25,sz.300476,2025-12-15 20:06:53.901826
-0.709,2025-06-19,2025-06-26,sz.300476,2025-12-15 20:06:53.901826
-0.9854,2025-06-20,2025-06-27,sz.300476,2025-12-15 20:06:53.901826
-0.6816,2025-06-23,2025-06-30,sz.300476,2025-12-15 20:06:53.901826
-0.6343,2025-06-24,2025-07-01,sz.300476,2025-12-15 20:06:53.901826
-0.7974,2025-06-25,2025-07-02,sz.300476,2025-12-15 20:06:53.901826
-0.7905,2025-06-26,2025-07-03,sz.300476,2025-12-15 20:06:53.901826
-0.834,2025-06-27,2025-07-04,sz.300476,2025-12-15 20:06:53.901826
-0.9165,2025-06-30,2025-07-07,sz.300476,2025-12-15 20:06:53.901826
-0.8105,2025-07-01,2025-07-08,sz.300476,2025-12-15 20:06:53.901826
-0.875,2025-07-02,2025-07-09,sz.300476,2025-12-15 20:06:53.901826
-0.802,2025-07-03,2025-07-10,sz.300476,2025-12-15 20:06:53.901826
-0.9595,2025-07-04,2025-07-11,sz.300476,2025-12-15 20:06:53.901826
-1.073,2025-07-07,2025-07-14,sz.300476,2025-12-15 20:06:53.901826
-0.8477,2025-07-08,2025-07-15,sz.300476,2025-12-15 20:06:53.901826
-1.097,2025-07-09,2025-07-16,sz.300476,2025-12-15 20:06:53.901826
-1.453,2025-07-10,2025-07-17,sz.300476,2025-12-15 20:06:53.901826
-0.994,2025-07-11,2025-07-18,sz.300476,2025-12-15 20:06:53.901826
-0.918,2025-07-14,2025-07-21,sz.300476,2025-12-15 20:06:53.901826
-0.909,2025-07-15,2025-07-22,sz.300476,2025-12-15 20:06:53.901826
-1.255,2025-07-16,2025-07-23,sz.300476,2025-12-15 20:06:53.901826
-0.935,2025-07-17,2025-07-24,sz.300476,2025-12-15 20:06:53.901826
-1.356,2025-07-18,2025-07-25,sz.300476,2025-12-15 20:06:53.901826
-1.166,2025-07-21,2025-07-28,sz.300476,2025-12-15 20:06:53.901826
-1.165,2025-07-22,2025-07-29,sz.300476,2025-12-15 20:06:53.901826
-1.014,2025-07-23,2025-07-30,sz.300476,2025-12-15 20:06:53.901826
-1.144,2025-07-24,2025-07-31,sz.300476,2025-12-15 20:06:53.901826
-0.9834,2025-07-25,2025-08-01,sz.300476,2025-12-15 20:06:53.901826
-1.008,2025-07-28,2025-08-04,sz.300476,2025-12-15 20:06:53.901826
-1.029,2025-07-29,2025-08-05,sz.300476,2025-12-15 20:06:53.901826
-1.0625,2025-07-30,2025-08-06,sz.300476,2025-12-15 20:06:53.901826
-1.215,2025-07-31,2025-08-07,sz.300476,2025-12-15 20:06:53.901826
-1.07,2025-08-01,2025-08-08,sz.300476,2025-12-15 20:06:53.901826
-1.081,2025-08-04,2025-08-11,sz.300476,2025-12-15 20:06:53.901826
-1.236,2025-08-05,2025-08-12,sz.300476,2025-12-15 20:06:53.901826
-1.067,2025-08-06,2025-08-13,sz.300476,2025-12-15 20:06:53.901826
-1.271,2025-08-07,2025-08-14,sz.300476,2025-12-15 20:06:53.901826
-1.039,2025-08-08,2025-08-15,sz.300476,2025-12-15 20:06:53.901826
-1.089,2025-08-11,2025-08-18,sz.300476,2025-12-15 20:06:53.901826
-1.0205,2025-08-12,2025-08-19,sz.300476,2025-12-15 20:06:53.901826
-0.9873,2025-08-13,2025-08-20,sz.300476,2025-12-15 20:06:53.901826
-1.135,2025-08-14,2025-08-21,sz.300476,2025-12-15 20:06:53.901826
-1.035,2025-08-15,2025-08-22,sz.300476,2025-12-15 20:06:53.901826
-1.147,2025-08-18,2025-08-25,sz.300476,2025-12-15 20:06:53.901826
-1.033,2025-08-19,2025-08-26,sz.300476,2025-12-15 20:06:53.901826
-1.086,2025-08-20,2025-08-27,sz.300476,2025-12-15 20:06:53.901826
-1.237,2025-08-21,2025-08-28,sz.300476,2025-12-15 20:06:53.901826
-1.06,2025-08-22,2025-08-29,sz.300476,2025-12-15 20:06:53.901826
-1.157,2025-08-25,2025-09-01,sz.300476,2025-12-15 20:06:53.901826
-1.203,2025-08-26,2025-09-02,sz.300476,2025-12-15 20:06:53.901826
-1.118,2025-08-27,2025-09-03,sz.300476,2025-12-15 20:06:53.901826
-0.9487,2025-08-28,2025-09-04,sz.300476,2025-12-15 20:06:53.901826
-1.009,2025-08-29,2025-09-05,sz.300476,2025-12-15 20:06:53.901826
-1.054,2025-09-01,2025-09-08,sz.300476,2025-12-15 20:06:53.901826
-1.107,2025-09-02,2025-09-09,sz.300476,2025-12-15 20:06:53.901826
-1.003,2025-09-03,2025-09-10,sz.300476,2025-12-15 20:06:53.901826
-1.375,2025-09-04,2025-09-11,sz.300476,2025-12-15 20:06:53.901826
-0.9004,2025-09-05,2025-09-12,sz.300476,2025-12-15 20:06:53.901826
-1.16,2025-09-08,2025-09-15,sz.300476,2025-12-15 20:06:53.901826
-1.053,2025-09-09,2025-09-16,sz.300476,2025-12-15 20:06:53.901826
-0.925,2025-09-10,2025-09-17,sz.300476,2025-12-15 20:06:53.901826
-0.854,2025-09-11,2025-09-18,sz.300476,2025-12-15 20:06:53.901826
-0.817,2025-09-12,2025-09-19,sz.300476,2025-12-15 20:06:53.901826
-0.919,2025-09-15,2025-09-22,sz.300476,2025-12-15 20:06:53.901826
-0.856,2025-09-16,2025-09-23,sz.300476,2025-12-15 20:06:53.901826
-0.9478,2025-09-17,2025-09-24,sz.300476,2025-12-15 20:06:53.901826
-0.8716,2025-09-18,2025-09-25,sz.300476,2025-12-15 20:06:53.901826
-0.911,2025-09-19,2025-09-26,sz.300476,2025-12-15 20:06:53.901826
-0.9126,2025-09-22,2025-09-29,sz.300476,2025-12-15 20:06:53.901826
-1.041,2025-09-23,2025-09-30,sz.300476,2025-12-15 20:06:53.901826
-0.878,2025-09-24,2025-10-01,sz.300476,2025-12-15 20:06:53.901826
-0.9497,2025-09-25,2025-10-02,sz.300476,2025-12-15 20:06:53.901826
-0.999,2025-09-26,2025-10-03,sz.300476,2025-12-15 20:06:53.901826
-0.8833,2025-09-29,2025-10-06,sz.300476,2025-12-15 20:06:53.901826
-0.9893,2025-09-30,2025-10-07,sz.300476,2025-12-15 20:06:53.901826
-0.9204,2025-10-09,2025-10-16,sz.300476,2025-12-15 20:06:53.901826
-1.052,2025-10-10,2025-10-17,sz.300476,2025-12-15 20:06:53.901826
-0.9243,2025-10-13,2025-10-20,sz.300476,2025-12-15 20:06:53.901826
-1.099,2025-10-14,2025-10-21,sz.300476,2025-12-15 20:06:53.901826
-0.951,2025-10-15,2025-10-22,sz.300476,2025-12-15 20:06:53.901826
-0.8867,2025-10-16,2025-10-23,sz.300476,2025-12-15 20:06:53.901826
-0.998,2025-10-17,2025-10-24,sz.300476,2025-12-15 20:06:53.901826
-0.9434,2025-10-20,2025-10-27,sz.300476,2025-12-15 20:06:53.901826
-0.9165,2025-10-21,2025-10-28,sz.300476,2025-12-15 20:06:53.901826
-0.8657,2025-10-22,2025-10-29,sz.300476,2025-12-15 20:06:53.901826
-0.854,2025-10-23,2025-10-30,sz.300476,2025-12-15 20:06:53.901826
-0.855,2025-10-24,2025-10-31,sz.300476,2025-12-15 20:06:53.901826
-0.775,2025-10-27,2025-11-03,sz.300476,2025-12-15 20:06:53.901826
-0.808,2025-10-28,2025-11-04,sz.300476,2025-12-15 20:06:53.901826
-0.86,2025-10-29,2025-11-05,sz.300476,2025-12-15 20:06:53.901826
-0.8794,2025-10-30,2025-11-06,sz.300476,2025-12-15 20:06:53.901826
-1.079,2025-10-31,2025-11-07,sz.300476,2025-12-15 20:06:53.901826
-0.8555,2025-11-03,2025-11-10,sz.300476,2025-12-15 20:06:53.901826
-0.874,2025-11-04,2025-11-11,sz.300476,2025-12-15 20:06:53.901826
-0.815,2025-11-05,2025-11-12,sz.300476,2025-12-15 20:06:53.901826
-0.812,2025-11-06,2025-11-13,sz.300476,2025-12-15 20:06:53.901826
-0.839,2025-11-07,2025-11-14,sz.300476,2025-12-15 20:06:53.901826
-0.992,2025-11-10,2025-11-17,sz.300476,2025-12-15 20:06:53.901826
-0.979,2025-11-11,2025-11-18,sz.300476,2025-12-15 20:06:53.901826
-0.847,2025-11-12,2025-11-19,sz.300476,2025-12-15 20:06:53.901826
-0.8477,2025-11-13,2025-11-20,sz.300476,2025-12-15 20:06:53.901826
-0.9146,2025-11-14,2025-11-21,sz.300476,2025-12-15 20:06:53.901826
-0.8613,2025-11-17,2025-11-24,sz.300476,2025-12-15 20:06:53.901826
-0.861,2025-11-18,2025-11-25,sz.300476,2025-12-15 20:06:53.901826
-0.8545,2025-11-19,2025-11-26,sz.300476,2025-12-15 20:06:53.901826
-0.966,2025-11-20,2025-11-27,sz.300476,2025-12-15 20:06:53.901826
-0.967,2025-11-21,2025-11-28,sz.300476,2025-12-15 20:06:53.901826
-0.9873,2025-11-24,2025-12-01,sz.300476,2025-12-15 20:06:53.901826
-0.8623,2025-11-25,2025-12-02,sz.300476,2025-12-15 20:06:53.901826
-0.8525,2025-11-26,2025-12-03,sz.300476,2025-12-15 20:06:53.901826
-0.8613,2025-11-27,2025-12-04,sz.300476,2025-12-15 20:06:53.901826
-0.877,2025-11-28,2025-12-05,sz.300476,2025-12-15 20:06:53.901826
-0.891,2025-12-01,2025-12-08,sz.300476,2025-12-15 20:06:53.901826
-0.863,2025-12-02,2025-12-09,sz.300476,2025-12-15 20:06:53.901826
-0.8823,2025-12-03,2025-12-10,sz.300476,2025-12-15 20:06:53.901826
-0.8413,2025-12-04,2025-12-11,sz.300476,2025-12-15 20:06:53.901826
-0.8975,2025-12-05,2025-12-12,sz.300476,2025-12-15 20:06:53.901826
-0.8027,2025-12-08,2025-12-15,sz.300476,2025-12-15 20:06:53.901826
-0.75,2025-12-09,2025-12-16,sz.300476,2025-12-15 20:06:53.901826
-0.913,2025-12-10,2025-12-17,sz.300476,2025-12-15 20:06:53.901826
-0.817,2025-12-11,2025-12-18,sz.300476,2025-12-15 20:06:53.901826
-0.8164,2025-12-12,2025-12-19,sz.300476,2025-12-15 20:06:53.901826
-0.8364,2025-12-15,2025-12-22,sz.300476,2025-12-15 20:06:53.901826
-0.834,2025-12-15,2025-12-22,sz.300476,2025-12-15 20:06:53.901826
0.05698,2025-12-15,2025-12-22,sz.300498,2025-12-15 20:06:53.901826
0.05698,2025-12-15,2025-12-22,sz.300498,2025-12-15 20:06:53.901826
-0.3884,2025-12-15,2025-12-22,sz.300502,2025-12-15 20:06:53.901826
-0.388,2025-12-15,2025-12-22,sz.300502,2025-12-15 20:06:53.901826
-0.10645,2025-12-15,2025-12-22,sz.300628,2025-12-15 20:06:53.901826
-0.1044,2025-12-15,2025-12-22,sz.300628,2025-12-15 20:06:53.901826
-0.12494,2025-12-15,2025-12-22,sz.300661,2025-12-15 20:06:53.901826
-0.1243,2025-12-15,2025-12-22,sz.300661,2025-12-15 20:06:53.901826
-0.411,2025-12-15,2025-12-22,sz.300750,2025-12-15 20:06:53.901826
-0.4067,2025-12-15,2025-12-22,sz.300750,2025-12-15 20:06:53.901826
-0.2585,2025-12-15,2025-12-22,sz.300759,2025-12-15 20:06:53.901826
-0.2115,2025-12-15,2025-12-22,sz.300759,2025-12-15 20:06:53.901826
-0.1627,2025-12-15,2025-12-22,sz.300760,2025-12-15 20:06:53.901826
-0.1613,2025-12-15,2025-12-22,sz.300760,2025-12-15 20:06:53.901826
-0.2103,2025-12-15,2025-12-22,sz.300782,2025-12-15 20:06:53.901826
-0.2081,2025-12-15,2025-12-22,sz.300782,2025-12-15 20:06:53.901826
-0.08215,2022-11-18,2022-11-25,sz.300803,2025-12-15 20:06:53.901826
-0.169,2022-11-21,2022-11-28,sz.300803,2025-12-15 20:06:53.901826
-0.1184,2022-11-22,2022-11-29,sz.300803,2025-12-15 20:06:53.901826
-0.2064,2022-11-23,2022-11-30,sz.300803,2025-12-15 20:06:53.901826
-0.0587,2022-11-24,2022-12-01,sz.300803,2025-12-15 20:06:53.901826
-0.04227,2022-11-25,2022-12-02,sz.300803,2025-12-15 20:06:53.901826
0.08514,2022-11-28,2022-12-05,sz.300803,2025-12-15 20:06:53.901826
0.12115,2022-11-29,2022-12-06,sz.300803,2025-12-15 20:06:53.901826
-0.02072,2022-11-30,2022-12-07,sz.300803,2025-12-15 20:06:53.901826
-0.26,2022-12-01,2022-12-08,sz.300803,2025-12-15 20:06:53.901826
-0.1608,2022-12-02,2022-12-09,sz.300803,2025-12-15 20:06:53.901826
0.0722,2022-12-05,2022-12-12,sz.300803,2025-12-15 20:06:53.901826
0.0567,2022-12-06,2022-12-13,sz.300803,2025-12-15 20:06:53.901826
-0.05392,2022-12-07,2022-12-14,sz.300803,2025-12-15 20:06:53.901826
0.0003972,2022-12-08,2022-12-15,sz.300803,2025-12-15 20:06:53.901826
0.04584,2022-12-09,2022-12-16,sz.300803,2025-12-15 20:06:53.901826
-0.1619,2022-12-12,2022-12-19,sz.300803,2025-12-15 20:06:53.901826
0.05273,2022-12-13,2022-12-20,sz.300803,2025-12-15 20:06:53.901826
0.08344,2022-12-14,2022-12-21,sz.300803,2025-12-15 20:06:53.901826
0.04514,2022-12-15,2022-12-22,sz.300803,2025-12-15 20:06:53.901826
-0.02501,2022-12-16,2022-12-23,sz.300803,2025-12-15 20:06:53.901826
-0.2227,2022-12-19,2022-12-26,sz.300803,2025-12-15 20:06:53.901826
-0.1696,2022-12-20,2022-12-27,sz.300803,2025-12-15 20:06:53.901826
-0.03278,2022-12-21,2022-12-28,sz.300803,2025-12-15 20:06:53.901826
-0.03268,2022-12-22,2022-12-29,sz.300803,2025-12-15 20:06:53.901826
0.03152,2022-12-23,2022-12-30,sz.300803,2025-12-15 20:06:53.901826
-0.0567,2022-12-26,2023-01-02,sz.300803,2025-12-15 20:06:53.901826
-0.0001669,2022-12-27,2023-01-03,sz.300803,2025-12-15 20:06:53.901826
-0.00741,2022-12-28,2023-01-04,sz.300803,2025-12-15 20:06:53.901826
0.03412,2022-12-29,2023-01-05,sz.300803,2025-12-15 20:06:53.901826
0.09717,2022-12-30,2023-01-06,sz.300803,2025-12-15 20:06:53.901826
0.09485,2023-01-03,2023-01-10,sz.300803,2025-12-15 20:06:53.901826
-0.04208,2023-01-04,2023-01-11,sz.300803,2025-12-15 20:06:53.901826
0.1083,2023-01-05,2023-01-12,sz.300803,2025-12-15 20:06:53.901826
0.08124,2023-01-06,2023-01-13,sz.300803,2025-12-15 20:06:53.901826
-0.02423,2023-01-09,2023-01-16,sz.300803,2025-12-15 20:06:53.901826
-0.002565,2023-01-10,2023-01-17,sz.300803,2025-12-15 20:06:53.901826
-0.06058,2023-01-11,2023-01-18,sz.300803,2025-12-15 20:06:53.901826
-0.01105,2023-01-12,2023-01-19,sz.300803,2025-12-15 20:06:53.901826
-0.2228,2023-01-13,2023-01-20,sz.300803,2025-12-15 20:06:53.901826
-0.1399,2023-01-16,2023-01-23,sz.300803,2025-12-15 20:06:53.901826
0.00481,2023-01-17,2023-01-24,sz.300803,2025-12-15 20:06:53.901826
-0.1626,2023-01-18,2023-01-25,sz.300803,2025-12-15 20:06:53.901826
0.03674,2023-01-19,2023-01-26,sz.300803,2025-12-15 20:06:53.901826
-0.0677,2023-01-20,2023-01-27,sz.300803,2025-12-15 20:06:53.901826
-0.343,2023-01-30,2023-02-06,sz.300803,2025-12-15 20:06:53.901826
-0.1029,2023-01-31,2023-02-07,sz.300803,2025-12-15 20:06:53.901826
0.084,2023-02-01,2023-02-08,sz.300803,2025-12-15 20:06:53.901826
-0.4314,2023-02-02,2023-02-09,sz.300803,2025-12-15 20:06:53.901826
-0.02376,2023-02-03,2023-02-10,sz.300803,2025-12-15 20:06:53.901826
-0.1384,2023-02-06,2023-02-13,sz.300803,2025-12-15 20:06:53.901826
-0.06287,2023-02-07,2023-02-14,sz.300803,2025-12-15 20:06:53.901826
-0.3015,2023-02-08,2023-02-15,sz.300803,2025-12-15 20:06:53.901826
0.04758,2023-02-09,2023-02-16,sz.300803,2025-12-15 20:06:53.901826
-0.0728,2023-02-10,2023-02-17,sz.300803,2025-12-15 20:06:53.901826
0.02933,2023-02-13,2023-02-20,sz.300803,2025-12-15 20:06:53.901826
-0.02205,2023-02-14,2023-02-21,sz.300803,2025-12-15 20:06:53.901826
0.0123,2023-02-15,2023-02-22,sz.300803,2025-12-15 20:06:53.901826
-0.2433,2023-02-16,2023-02-23,sz.300803,2025-12-15 20:06:53.901826
-0.1846,2023-02-17,2023-02-24,sz.300803,2025-12-15 20:06:53.901826
0.01143,2023-02-20,2023-02-27,sz.300803,2025-12-15 20:06:53.901826
-0.0176,2023-02-21,2023-02-28,sz.300803,2025-12-15 20:06:53.901826
-0.012276,2023-02-22,2023-03-01,sz.300803,2025-12-15 20:06:53.901826
0.05777,2023-02-23,2023-03-02,sz.300803,2025-12-15 20:06:53.901826
-0.05618,2023-02-24,2023-03-03,sz.300803,2025-12-15 20:06:53.901826
0.010315,2023-02-27,2023-03-06,sz.300803,2025-12-15 20:06:53.901826
0.02771,2023-02-28,2023-03-07,sz.300803,2025-12-15 20:06:53.901826
0.097,2023-03-01,2023-03-08,sz.300803,2025-12-15 20:06:53.901826
0.00924,2023-03-02,2023-03-09,sz.300803,2025-12-15 20:06:53.901826
0.04532,2023-03-03,2023-03-10,sz.300803,2025-12-15 20:06:53.901826
-0.1862,2023-03-06,2023-03-13,sz.300803,2025-12-15 20:06:53.901826
-0.12024,2023-03-07,2023-03-14,sz.300803,2025-12-15 20:06:53.901826
0.09503,2023-03-08,2023-03-15,sz.300803,2025-12-15 20:06:53.901826
0.08057,2023-03-09,2023-03-16,sz.300803,2025-12-15 20:06:53.901826
0.0809,2023-03-10,2023-03-17,sz.300803,2025-12-15 20:06:53.901826
0.1334,2023-03-13,2023-03-20,sz.300803,2025-12-15 20:06:53.901826
-0.1823,2023-03-14,2023-03-21,sz.300803,2025-12-15 20:06:53.901826
-0.1062,2023-03-15,2023-03-22,sz.300803,2025-12-15 20:06:53.901826
0.09515,2023-03-16,2023-03-23,sz.300803,2025-12-15 20:06:53.901826
0.04657,2023-03-17,2023-03-24,sz.300803,2025-12-15 20:06:53.901826
0.00504,2023-03-20,2023-03-27,sz.300803,2025-12-15 20:06:53.901826
0.11145,2023-03-21,2023-03-28,sz.300803,2025-12-15 20:06:53.901826
-0.1975,2023-03-22,2023-03-29,sz.300803,2025-12-15 20:06:53.901826
0.0785,2023-03-23,2023-03-30,sz.300803,2025-12-15 20:06:53.901826
-0.1295,2023-03-24,2023-03-31,sz.300803,2025-12-15 20:06:53.901826
-0.07904,2023-03-27,2023-04-03,sz.300803,2025-12-15 20:06:53.901826
-0.2646,2023-03-28,2023-04-04,sz.300803,2025-12-15 20:06:53.901826
-0.0489,2023-03-29,2023-04-05,sz.300803,2025-12-15 20:06:53.901826
-0.0911,2023-03-30,2023-04-06,sz.300803,2025-12-15 20:06:53.901826
0.02234,2023-03-31,2023-04-07,sz.300803,2025-12-15 20:06:53.901826
0.1423,2023-04-03,2023-04-10,sz.300803,2025-12-15 20:06:53.901826
-0.0244,2023-04-04,2023-04-11,sz.300803,2025-12-15 20:06:53.901826
-0.315,2023-04-06,2023-04-13,sz.300803,2025-12-15 20:06:53.901826
-0.10284,2023-04-07,2023-04-14,sz.300803,2025-12-15 20:06:53.901826
-0.57,2023-04-10,2023-04-17,sz.300803,2025-12-15 20:06:53.901826
-0.09814,2023-04-11,2023-04-18,sz.300803,2025-12-15 20:06:53.901826
0.003822,2023-04-12,2023-04-19,sz.300803,2025-12-15 20:06:53.901826
-0.0494,2023-04-13,2023-04-20,sz.300803,2025-12-15 20:06:53.901826
-0.04593,2023-04-14,2023-04-21,sz.300803,2025-12-15 20:06:53.901826
-0.162,2023-04-17,2023-04-24,sz.300803,2025-12-15 20:06:53.901826
-0.1506,2023-04-18,2023-04-25,sz.300803,2025-12-15 20:06:53.901826
-0.08386,2023-04-19,2023-04-26,sz.300803,2025-12-15 20:06:53.901826
-0.007645,2023-04-20,2023-04-27,sz.300803,2025-12-15 20:06:53.901826
-0.487,2023-04-21,2023-04-28,sz.300803,2025-12-15 20:06:53.901826
-0.1886,2023-04-24,2023-05-01,sz.300803,2025-12-15 20:06:53.901826
-0.008644,2023-04-25,2023-05-02,sz.300803,2025-12-15 20:06:53.901826
-0.4597,2023-04-26,2023-05-03,sz.300803,2025-12-15 20:06:53.901826
0.0809,2023-04-27,2023-05-04,sz.300803,2025-12-15 20:06:53.901826
0.11786,2023-04-28,2023-05-05,sz.300803,2025-12-15 20:06:53.901826
-0.08026,2023-05-04,2023-05-11,sz.300803,2025-12-15 20:06:53.901826
-0.0554,2023-05-05,2023-05-12,sz.300803,2025-12-15 20:06:53.901826
0.02966,2023-05-08,2023-05-15,sz.300803,2025-12-15 20:06:53.901826
-0.01968,2023-05-09,2023-05-16,sz.300803,2025-12-15 20:06:53.901826
-0.09937,2023-05-10,2023-05-17,sz.300803,2025-12-15 20:06:53.901826
-0.11316,2023-05-11,2023-05-18,sz.300803,2025-12-15 20:06:53.901826
0.02467,2023-05-12,2023-05-19,sz.300803,2025-12-15 20:06:53.901826
0.01559,2023-05-15,2023-05-22,sz.300803,2025-12-15 20:06:53.901826
-0.1481,2023-05-16,2023-05-23,sz.300803,2025-12-15 20:06:53.901826
0.01625,2023-05-17,2023-05-24,sz.300803,2025-12-15 20:06:53.901826
0.0881,2023-05-18,2023-05-25,sz.300803,2025-12-15 20:06:53.901826
0.08075,2023-05-19,2023-05-26,sz.300803,2025-12-15 20:06:53.901826
0.00394,2023-05-22,2023-05-29,sz.300803,2025-12-15 20:06:53.901826
-0.286,2023-05-23,2023-05-30,sz.300803,2025-12-15 20:06:53.901826
-0.05026,2023-05-24,2023-05-31,sz.300803,2025-12-15 20:06:53.901826
0.05612,2023-05-25,2023-06-01,sz.300803,2025-12-15 20:06:53.901826
0.0561,2023-05-26,2023-06-02,sz.300803,2025-12-15 20:06:53.901826
-0.0644,2023-05-29,2023-06-05,sz.300803,2025-12-15 20:06:53.901826
0.12054,2023-05-30,2023-06-06,sz.300803,2025-12-15 20:06:53.901826
0.0431,2023-05-31,2023-06-07,sz.300803,2025-12-15 20:06:53.901826
0.02518,2023-06-01,2023-06-08,sz.300803,2025-12-15 20:06:53.901826
-0.006752,2023-06-02,2023-06-09,sz.300803,2025-12-15 20:06:53.901826
0.00379,2023-06-05,2023-06-12,sz.300803,2025-12-15 20:06:53.901826
-0.1656,2023-06-06,2023-06-13,sz.300803,2025-12-15 20:06:53.901826
0.0517,2023-06-07,2023-06-14,sz.300803,2025-12-15 20:06:53.901826
0.0903,2023-06-08,2023-06-15,sz.300803,2025-12-15 20:06:53.901826
-0.0695,2023-06-09,2023-06-16,sz.300803,2025-12-15 20:06:53.901826
0.0421,2023-06-12,2023-06-19,sz.300803,2025-12-15 20:06:53.901826
0.05713,2023-06-13,2023-06-20,sz.300803,2025-12-15 20:06:53.901826
-0.0328,2023-06-14,2023-06-21,sz.300803,2025-12-15 20:06:53.901826
-0.05722,2023-06-15,2023-06-22,sz.300803,2025-12-15 20:06:53.901826
0.00729,2023-06-16,2023-06-23,sz.300803,2025-12-15 20:06:53.901826
0.0634,2023-06-19,2023-06-26,sz.300803,2025-12-15 20:06:53.901826
-0.02785,2023-06-20,2023-06-27,sz.300803,2025-12-15 20:06:53.901826
-0.131,2023-06-21,2023-06-28,sz.300803,2025-12-15 20:06:53.901826
-0.1512,2023-06-26,2023-07-03,sz.300803,2025-12-15 20:06:53.901826
0.01569,2023-06-27,2023-07-04,sz.300803,2025-12-15 20:06:53.901826
-0.1309,2023-06-28,2023-07-05,sz.300803,2025-12-15 20:06:53.901826
0.1227,2023-06-29,2023-07-06,sz.300803,2025-12-15 20:06:53.901826
0.04034,2023-06-30,2023-07-07,sz.300803,2025-12-15 20:06:53.901826
0.00719,2023-07-03,2023-07-10,sz.300803,2025-12-15 20:06:53.901826
-0.001588,2023-07-04,2023-07-11,sz.300803,2025-12-15 20:06:53.901826
0.05527,2023-07-05,2023-07-12,sz.300803,2025-12-15 20:06:53.901826
-0.06665,2023-07-06,2023-07-13,sz.300803,2025-12-15 20:06:53.901826
0.05157,2023-07-07,2023-07-14,sz.300803,2025-12-15 20:06:53.901826
-0.0232,2023-07-10,2023-07-17,sz.300803,2025-12-15 20:06:53.901826
0.10144,2023-07-11,2023-07-18,sz.300803,2025-12-15 20:06:53.901826
-0.0602,2023-07-12,2023-07-19,sz.300803,2025-12-15 20:06:53.901826
0.07336,2023-07-13,2023-07-20,sz.300803,2025-12-15 20:06:53.901826
0.0765,2023-07-14,2023-07-21,sz.300803,2025-12-15 20:06:53.901826
0.0285,2023-07-17,2023-07-24,sz.300803,2025-12-15 20:06:53.901826
0.006943,2023-07-18,2023-07-25,sz.300803,2025-12-15 20:06:53.901826
0.08435,2023-07-19,2023-07-26,sz.300803,2025-12-15 20:06:53.901826
-0.12024,2023-07-20,2023-07-27,sz.300803,2025-12-15 20:06:53.901826
-0.04922,2023-07-21,2023-07-28,sz.300803,2025-12-15 20:06:53.901826
-0.0913,2023-07-24,2023-07-31,sz.300803,2025-12-15 20:06:53.901826
0.001197,2023-07-25,2023-08-01,sz.300803,2025-12-15 20:06:53.901826
-0.2927,2023-07-26,2023-08-02,sz.300803,2025-12-15 20:06:53.901826
-0.05264,2023-07-27,2023-08-03,sz.300803,2025-12-15 20:06:53.901826
0.2285,2023-07-28,2023-08-04,sz.300803,2025-12-15 20:06:53.901826
-0.5195,2023-07-31,2023-08-07,sz.300803,2025-12-15 20:06:53.901826
-0.1918,2023-08-01,2023-08-08,sz.300803,2025-12-15 20:06:53.901826
-0.03915,2023-08-02,2023-08-09,sz.300803,2025-12-15 20:06:53.901826
-0.1758,2023-08-03,2023-08-10,sz.300803,2025-12-15 20:06:53.901826
-0.5327,2023-08-04,2023-08-11,sz.300803,2025-12-15 20:06:53.901826
-0.04922,2023-08-07,2023-08-14,sz.300803,2025-12-15 20:06:53.901826
-0.3804,2023-08-08,2023-08-15,sz.300803,2025-12-15 20:06:53.901826
-0.1864,2023-08-09,2023-08-16,sz.300803,2025-12-15 20:06:53.901826
0.01974,2023-08-10,2023-08-17,sz.300803,2025-12-15 20:06:53.901826
-0.4565,2023-08-11,2023-08-18,sz.300803,2025-12-15 20:06:53.901826
-0.514,2023-08-14,2023-08-21,sz.300803,2025-12-15 20:06:53.901826
0.10016,2023-08-15,2023-08-22,sz.300803,2025-12-15 20:06:53.901826
-0.4402,2023-08-16,2023-08-23,sz.300803,2025-12-15 20:06:53.901826
-0.3662,2023-08-17,2023-08-24,sz.300803,2025-12-15 20:06:53.901826
-0.421,2023-08-18,2023-08-25,sz.300803,2025-12-15 20:06:53.901826
-0.09985,2023-08-21,2023-08-28,sz.300803,2025-12-15 20:06:53.901826
-0.05243,2023-08-22,2023-08-29,sz.300803,2025-12-15 20:06:53.901826
-0.2625,2023-08-23,2023-08-30,sz.300803,2025-12-15 20:06:53.901826
-0.1223,2023-08-24,2023-08-31,sz.300803,2025-12-15 20:06:53.901826
0.0052,2023-08-25,2023-09-01,sz.300803,2025-12-15 20:06:53.901826
-1.34,2023-08-28,2023-09-04,sz.300803,2025-12-15 20:06:53.901826
-0.1499,2023-08-29,2023-09-05,sz.300803,2025-12-15 20:06:53.901826
-0.587,2023-08-30,2023-09-06,sz.300803,2025-12-15 20:06:53.901826
-0.2866,2023-08-31,2023-09-07,sz.300803,2025-12-15 20:06:53.901826
-0.238,2023-09-01,2023-09-08,sz.300803,2025-12-15 20:06:53.901826
-0.1406,2023-09-04,2023-09-11,sz.300803,2025-12-15 20:06:53.901826
-0.102,2023-09-05,2023-09-12,sz.300803,2025-12-15 20:06:53.901826
-0.1943,2023-09-06,2023-09-13,sz.300803,2025-12-15 20:06:53.901826
-0.04337,2023-09-07,2023-09-14,sz.300803,2025-12-15 20:06:53.901826
0.01703,2023-09-08,2023-09-15,sz.300803,2025-12-15 20:06:53.901826
-0.1277,2023-09-11,2023-09-18,sz.300803,2025-12-15 20:06:53.901826
-0.09503,2023-09-12,2023-09-19,sz.300803,2025-12-15 20:06:53.901826
-0.1385,2023-09-13,2023-09-20,sz.300803,2025-12-15 20:06:53.901826
-0.06445,2023-09-14,2023-09-21,sz.300803,2025-12-15 20:06:53.901826
-0.2102,2023-09-15,2023-09-22,sz.300803,2025-12-15 20:06:53.901826
0.01784,2023-09-18,2023-09-25,sz.300803,2025-12-15 20:06:53.901826
-0.05118,2023-09-19,2023-09-26,sz.300803,2025-12-15 20:06:53.901826
-0.05313,2023-09-20,2023-09-27,sz.300803,2025-12-15 20:06:53.901826
-0.002258,2023-09-21,2023-09-28,sz.300803,2025-12-15 20:06:53.901826
0.1035,2023-09-22,2023-09-29,sz.300803,2025-12-15 20:06:53.901826
-0.2966,2023-09-25,2023-10-02,sz.300803,2025-12-15 20:06:53.901826
-0.005917,2023-09-26,2023-10-03,sz.300803,2025-12-15 20:06:53.901826
0.009605,2023-09-27,2023-10-04,sz.300803,2025-12-15 20:06:53.901826
-0.306,2023-09-28,2023-10-05,sz.300803,2025-12-15 20:06:53.901826
-0.2944,2023-10-09,2023-10-16,sz.300803,2025-12-15 20:06:53.901826
-0.084,2023-10-10,2023-10-17,sz.300803,2025-12-15 20:06:53.901826
-0.10535,2023-10-11,2023-10-18,sz.300803,2025-12-15 20:06:53.901826
-0.334,2023-10-12,2023-10-19,sz.300803,2025-12-15 20:06:53.901826
-0.08716,2023-10-13,2023-10-20,sz.300803,2025-12-15 20:06:53.901826
-0.1593,2023-10-16,2023-10-23,sz.300803,2025-12-15 20:06:53.901826
-0.02466,2023-10-17,2023-10-24,sz.300803,2025-12-15 20:06:53.901826
-0.05515,2023-10-18,2023-10-25,sz.300803,2025-12-15 20:06:53.901826
-0.1012,2023-10-19,2023-10-26,sz.300803,2025-12-15 20:06:53.901826
-0.06195,2023-10-20,2023-10-27,sz.300803,2025-12-15 20:06:53.901826
-0.2832,2023-10-23,2023-10-30,sz.300803,2025-12-15 20:06:53.901826
-0.1467,2023-10-24,2023-10-31,sz.300803,2025-12-15 20:06:53.901826
-0.4458,2023-10-25,2023-11-01,sz.300803,2025-12-15 20:06:53.901826
-0.01294,2023-10-26,2023-11-02,sz.300803,2025-12-15 20:06:53.901826
-0.0808,2023-10-27,2023-11-03,sz.300803,2025-12-15 20:06:53.901826
0.01707,2023-10-30,2023-11-06,sz.300803,2025-12-15 20:06:53.901826
-0.0788,2023-10-31,2023-11-07,sz.300803,2025-12-15 20:06:53.901826
-0.4275,2023-11-01,2023-11-08,sz.300803,2025-12-15 20:06:53.901826
-0.2384,2023-11-02,2023-11-09,sz.300803,2025-12-15 20:06:53.901826
0.02919,2023-11-03,2023-11-10,sz.300803,2025-12-15 20:06:53.901826
-0.0514,2023-11-06,2023-11-13,sz.300803,2025-12-15 20:06:53.901826
0.03903,2023-11-07,2023-11-14,sz.300803,2025-12-15 20:06:53.901826
-0.0964,2023-11-08,2023-11-15,sz.300803,2025-12-15 20:06:53.901826
-0.03546,2023-11-09,2023-11-16,sz.300803,2025-12-15 20:06:53.901826
-0.02036,2023-11-10,2023-11-17,sz.300803,2025-12-15 20:06:53.901826
-0.04865,2023-11-13,2023-11-20,sz.300803,2025-12-15 20:06:53.901826
-0.02165,2023-11-14,2023-11-21,sz.300803,2025-12-15 20:06:53.901826
-0.1775,2023-11-15,2023-11-22,sz.300803,2025-12-15 20:06:53.901826
-0.11584,2023-11-16,2023-11-23,sz.300803,2025-12-15 20:06:53.901826
0.007965,2023-11-17,2023-11-24,sz.300803,2025-12-15 20:06:53.901826
-0.08545,2023-11-20,2023-11-27,sz.300803,2025-12-15 20:06:53.901826
-0.1069,2023-11-21,2023-11-28,sz.300803,2025-12-15 20:06:53.901826
-0.0945,2023-11-22,2023-11-29,sz.300803,2025-12-15 20:06:53.901826
-0.03845,2023-11-23,2023-11-30,sz.300803,2025-12-15 20:06:53.901826
-0.174,2023-11-24,2023-12-01,sz.300803,2025-12-15 20:06:53.901826
-0.032,2023-11-27,2023-12-04,sz.300803,2025-12-15 20:06:53.901826
-0.03247,2023-11-28,2023-12-05,sz.300803,2025-12-15 20:06:53.901826
0.0181,2023-11-29,2023-12-06,sz.300803,2025-12-15 20:06:53.901826
0.01246,2023-11-30,2023-12-07,sz.300803,2025-12-15 20:06:53.901826
-0.04074,2023-12-01,2023-12-08,sz.300803,2025-12-15 20:06:53.901826
-0.0717,2023-12-04,2023-12-11,sz.300803,2025-12-15 20:06:53.901826
-0.0976,2023-12-05,2023-12-12,sz.300803,2025-12-15 20:06:53.901826
-0.0352,2023-12-06,2023-12-13,sz.300803,2025-12-15 20:06:53.901826
-0.03085,2023-12-07,2023-12-14,sz.300803,2025-12-15 20:06:53.901826
-0.0867,2023-12-08,2023-12-15,sz.300803,2025-12-15 20:06:53.901826
-0.1252,2023-12-11,2023-12-18,sz.300803,2025-12-15 20:06:53.901826
-0.0803,2023-12-12,2023-12-19,sz.300803,2025-12-15 20:06:53.901826
-0.1597,2023-12-13,2023-12-20,sz.300803,2025-12-15 20:06:53.901826
-0.10254,2023-12-14,2023-12-21,sz.300803,2025-12-15 20:06:53.901826
-0.0162,2023-12-15,2023-12-22,sz.300803,2025-12-15 20:06:53.901826
-0.02951,2023-12-18,2023-12-25,sz.300803,2025-12-15 20:06:53.901826
-0.008865,2023-12-19,2023-12-26,sz.300803,2025-12-15 20:06:53.901826
-0.6313,2023-12-20,2023-12-27,sz.300803,2025-12-15 20:06:53.901826
-0.0313,2023-12-21,2023-12-28,sz.300803,2025-12-15 20:06:53.901826
-0.1396,2023-12-22,2023-12-29,sz.300803,2025-12-15 20:06:53.901826
-0.2335,2023-12-25,2024-01-01,sz.300803,2025-12-15 20:06:53.901826
-0.02092,2023-12-26,2024-01-02,sz.300803,2025-12-15 20:06:53.901826
-0.06015,2023-12-27,2024-01-03,sz.300803,2025-12-15 20:06:53.901826
0.00889,2023-12-28,2024-01-04,sz.300803,2025-12-15 20:06:53.901826
-0.0856,2023-12-29,2024-01-05,sz.300803,2025-12-15 20:06:53.901826
-0.228,2024-01-02,2024-01-09,sz.300803,2025-12-15 20:06:53.901826
-0.06384,2024-01-03,2024-01-10,sz.300803,2025-12-15 20:06:53.901826
-0.09503,2024-01-04,2024-01-11,sz.300803,2025-12-15 20:06:53.901826
-0.0612,2024-01-05,2024-01-12,sz.300803,2025-12-15 20:06:53.901826
-0.1843,2024-01-08,2024-01-15,sz.300803,2025-12-15 20:06:53.901826
-1.082,2024-01-09,2024-01-16,sz.300803,2025-12-15 20:06:53.901826
-0.296,2024-01-10,2024-01-17,sz.300803,2025-12-15 20:06:53.901826
0.0326,2024-01-11,2024-01-18,sz.300803,2025-12-15 20:06:53.901826
-0.2632,2024-01-12,2024-01-19,sz.300803,2025-12-15 20:06:53.901826
0.04187,2024-01-15,2024-01-22,sz.300803,2025-12-15 20:06:53.901826
-0.02118,2024-01-16,2024-01-23,sz.300803,2025-12-15 20:06:53.901826
-0.1334,2024-01-17,2024-01-24,sz.300803,2025-12-15 20:06:53.901826
0.04913,2024-01-18,2024-01-25,sz.300803,2025-12-15 20:06:53.901826
-0.1421,2024-01-19,2024-01-26,sz.300803,2025-12-15 20:06:53.901826
-0.3506,2024-01-22,2024-01-29,sz.300803,2025-12-15 20:06:53.901826
0.12476,2024-01-23,2024-01-30,sz.300803,2025-12-15 20:06:53.901826
0.00943,2024-01-24,2024-01-31,sz.300803,2025-12-15 20:06:53.901826
0.05502,2024-01-25,2024-02-01,sz.300803,2025-12-15 20:06:53.901826
0.04874,2024-01-26,2024-02-02,sz.300803,2025-12-15 20:06:53.901826
-0.2069,2024-01-29,2024-02-05,sz.300803,2025-12-15 20:06:53.901826
-0.1224,2024-01-30,2024-02-06,sz.300803,2025-12-15 20:06:53.901826
-0.4053,2024-01-31,2024-02-07,sz.300803,2025-12-15 20:06:53.901826
-0.10254,2024-02-01,2024-02-08,sz.300803,2025-12-15 20:06:53.901826
-0.4944,2024-02-02,2024-02-09,sz.300803,2025-12-15 20:06:53.901826
-0.664,2024-02-05,2024-02-12,sz.300803,2025-12-15 20:06:53.901826
0.1715,2024-02-06,2024-02-13,sz.300803,2025-12-15 20:06:53.901826
-0.0739,2024-02-07,2024-02-14,sz.300803,2025-12-15 20:06:53.901826
-0.06152,2024-02-08,2024-02-15,sz.300803,2025-12-15 20:06:53.901826
0.0935,2024-02-19,2024-02-26,sz.300803,2025-12-15 20:06:53.901826
0.06366,2024-02-20,2024-02-27,sz.300803,2025-12-15 20:06:53.901826
-0.0613,2024-02-21,2024-02-28,sz.300803,2025-12-15 20:06:53.901826
0.04214,2024-02-22,2024-02-29,sz.300803,2025-12-15 20:06:53.901826
0.0526,2024-02-23,2024-03-01,sz.300803,2025-12-15 20:06:53.901826
-0.0437,2024-02-26,2024-03-04,sz.300803,2025-12-15 20:06:53.901826
0.1589,2024-02-27,2024-03-05,sz.300803,2025-12-15 20:06:53.901826
-0.5547,2024-02-28,2024-03-06,sz.300803,2025-12-15 20:06:53.901826
0.1282,2024-02-29,2024-03-07,sz.300803,2025-12-15 20:06:53.901826
-0.01416,2024-03-01,2024-03-08,sz.300803,2025-12-15 20:06:53.901826
-0.05032,2024-03-04,2024-03-11,sz.300803,2025-12-15 20:06:53.901826
-0.073,2024-03-05,2024-03-12,sz.300803,2025-12-15 20:06:53.901826
-0.0382,2024-03-06,2024-03-13,sz.300803,2025-12-15 20:06:53.901826
-0.1677,2024-03-07,2024-03-14,sz.300803,2025-12-15 20:06:53.901826
0.00673,2024-03-08,2024-03-15,sz.300803,2025-12-15 20:06:53.901826
0.08136,2024-03-11,2024-03-18,sz.300803,2025-12-15 20:06:53.901826
0.02809,2024-03-12,2024-03-19,sz.300803,2025-12-15 20:06:53.901826
-0.03485,2024-03-13,2024-03-20,sz.300803,2025-12-15 20:06:53.901826
-0.0003572,2024-03-14,2024-03-21,sz.300803,2025-12-15 20:06:53.901826
0.1317,2024-03-15,2024-03-22,sz.300803,2025-12-15 20:06:53.901826
0.1119,2024-03-18,2024-03-25,sz.300803,2025-12-15 20:06:53.901826
-0.1388,2024-03-19,2024-03-26,sz.300803,2025-12-15 20:06:53.901826
0.02638,2024-03-20,2024-03-27,sz.300803,2025-12-15 20:06:53.901826
-0.0435,2024-03-21,2024-03-28,sz.300803,2025-12-15 20:06:53.901826
-0.1675,2024-03-22,2024-03-29,sz.300803,2025-12-15 20:06:53.901826
-0.1324,2024-03-25,2024-04-01,sz.300803,2025-12-15 20:06:53.901826
-0.1163,2024-03-26,2024-04-02,sz.300803,2025-12-15 20:06:53.901826
-0.2996,2024-03-27,2024-04-03,sz.300803,2025-12-15 20:06:53.901826
0.05014,2024-03-28,2024-04-04,sz.300803,2025-12-15 20:06:53.901826
0.0845,2024-03-29,2024-04-05,sz.300803,2025-12-15 20:06:53.901826
0.06067,2024-04-01,2024-04-08,sz.300803,2025-12-15 20:06:53.901826
-0.03516,2024-04-02,2024-04-09,sz.300803,2025-12-15 20:06:53.901826
0.0756,2024-04-03,2024-04-10,sz.300803,2025-12-15 20:06:53.901826
-0.02031,2024-04-08,2024-04-15,sz.300803,2025-12-15 20:06:53.901826
0.01776,2024-04-09,2024-04-16,sz.300803,2025-12-15 20:06:53.901826
-0.0744,2024-04-10,2024-04-17,sz.300803,2025-12-15 20:06:53.901826
-0.0627,2024-04-11,2024-04-18,sz.300803,2025-12-15 20:06:53.901826
-0.09143,2024-04-12,2024-04-19,sz.300803,2025-12-15 20:06:53.901826
0.0534,2024-04-15,2024-04-22,sz.300803,2025-12-15 20:06:53.901826
-0.2024,2024-04-16,2024-04-23,sz.300803,2025-12-15 20:06:53.901826
0.2079,2024-04-17,2024-04-24,sz.300803,2025-12-15 20:06:53.901826
-0.0376,2024-04-18,2024-04-25,sz.300803,2025-12-15 20:06:53.901826
0.013916,2024-04-19,2024-04-26,sz.300803,2025-12-15 20:06:53.901826
0.07043,2024-04-22,2024-04-29,sz.300803,2025-12-15 20:06:53.901826
0.1338,2024-04-23,2024-04-30,sz.300803,2025-12-15 20:06:53.901826
0.0911,2024-04-24,2024-05-01,sz.300803,2025-12-15 20:06:53.901826
-0.0759,2024-04-25,2024-05-02,sz.300803,2025-12-15 20:06:53.901826
0.01463,2024-04-26,2024-05-03,sz.300803,2025-12-15 20:06:53.901826
0.04712,2024-04-29,2024-05-06,sz.300803,2025-12-15 20:06:53.901826
0.00321,2024-04-30,2024-05-07,sz.300803,2025-12-15 20:06:53.901826
-0.03616,2024-05-06,2024-05-13,sz.300803,2025-12-15 20:06:53.901826
-0.0309,2024-05-07,2024-05-14,sz.300803,2025-12-15 20:06:53.901826
-0.1727,2024-05-08,2024-05-15,sz.300803,2025-12-15 20:06:53.901826
-0.003649,2024-05-09,2024-05-16,sz.300803,2025-12-15 20:06:53.901826
0.04947,2024-05-10,2024-05-17,sz.300803,2025-12-15 20:06:53.901826
-0.03015,2024-05-13,2024-05-20,sz.300803,2025-12-15 20:06:53.901826
0.0844,2024-05-14,2024-05-21,sz.300803,2025-12-15 20:06:53.901826
-0.42,2024-05-15,2024-05-22,sz.300803,2025-12-15 20:06:53.901826
-0.077,2024-05-16,2024-05-23,sz.300803,2025-12-15 20:06:53.901826
0.1364,2024-05-17,2024-05-24,sz.300803,2025-12-15 20:06:53.901826
0.01987,2024-05-20,2024-05-27,sz.300803,2025-12-15 20:06:53.901826
0.01123,2024-05-21,2024-05-28,sz.300803,2025-12-15 20:06:53.901826
0.1167,2024-05-22,2024-05-29,sz.300803,2025-12-15 20:06:53.901826
-0.10626,2024-05-23,2024-05-30,sz.300803,2025-12-15 20:06:53.901826
-0.1027,2024-05-24,2024-05-31,sz.300803,2025-12-15 20:06:53.901826
0.03873,2024-05-27,2024-06-03,sz.300803,2025-12-15 20:06:53.901826
-0.00763,2024-05-28,2024-06-04,sz.300803,2025-12-15 20:06:53.901826
0.1586,2024-05-29,2024-06-05,sz.300803,2025-12-15 20:06:53.901826
0.0565,2024-05-30,2024-06-06,sz.300803,2025-12-15 20:06:53.901826
0.04407,2024-05-31,2024-06-07,sz.300803,2025-12-15 20:06:53.901826
0.09814,2024-06-03,2024-06-10,sz.300803,2025-12-15 20:06:53.901826
0.0627,2024-06-04,2024-06-11,sz.300803,2025-12-15 20:06:53.901826
0.05722,2024-06-05,2024-06-12,sz.300803,2025-12-15 20:06:53.901826
-0.09906,2024-06-06,2024-06-13,sz.300803,2025-12-15 20:06:53.901826
-0.08453,2024-06-07,2024-06-14,sz.300803,2025-12-15 20:06:53.901826
0.1515,2024-06-11,2024-06-18,sz.300803,2025-12-15 20:06:53.901826
0.1004,2024-06-12,2024-06-19,sz.300803,2025-12-15 20:06:53.901826
0.06525,2024-06-13,2024-06-20,sz.300803,2025-12-15 20:06:53.901826
0.137,2024-06-14,2024-06-21,sz.300803,2025-12-15 20:06:53.901826
0.03214,2024-06-17,2024-06-24,sz.300803,2025-12-15 20:06:53.901826
0.1396,2024-06-18,2024-06-25,sz.300803,2025-12-15 20:06:53.901826
-0.1543,2024-06-19,2024-06-26,sz.300803,2025-12-15 20:06:53.901826
-0.0769,2024-06-20,2024-06-27,sz.300803,2025-12-15 20:06:53.901826
0.0584,2024-06-21,2024-06-28,sz.300803,2025-12-15 20:06:53.901826
-0.02754,2024-06-24,2024-07-01,sz.300803,2025-12-15 20:06:53.901826
-0.1602,2024-06-25,2024-07-02,sz.300803,2025-12-15 20:06:53.901826
0.1792,2024-06-26,2024-07-03,sz.300803,2025-12-15 20:06:53.901826
0.007652,2024-06-27,2024-07-04,sz.300803,2025-12-15 20:06:53.901826
-0.4,2024-06-28,2024-07-05,sz.300803,2025-12-15 20:06:53.901826
0.1316,2024-07-01,2024-07-08,sz.300803,2025-12-15 20:06:53.901826
-0.03644,2024-07-02,2024-07-09,sz.300803,2025-12-15 20:06:53.901826
0.0003982,2024-07-03,2024-07-10,sz.300803,2025-12-15 20:06:53.901826
-0.208,2024-07-04,2024-07-11,sz.300803,2025-12-15 20:06:53.901826
0.1605,2024-07-05,2024-07-12,sz.300803,2025-12-15 20:06:53.901826
-0.07434,2024-07-08,2024-07-15,sz.300803,2025-12-15 20:06:53.901826
0.1796,2024-07-09,2024-07-16,sz.300803,2025-12-15 20:06:53.901826
0.1116,2024-07-10,2024-07-17,sz.300803,2025-12-15 20:06:53.901826
0.0914,2024-07-11,2024-07-18,sz.300803,2025-12-15 20:06:53.901826
0.10114,2024-07-12,2024-07-19,sz.300803,2025-12-15 20:06:53.901826
0.1017,2024-07-15,2024-07-22,sz.300803,2025-12-15 20:06:53.901826
0.0924,2024-07-16,2024-07-23,sz.300803,2025-12-15 20:06:53.901826
0.08594,2024-07-17,2024-07-24,sz.300803,2025-12-15 20:06:53.901826
0.114,2024-07-18,2024-07-25,sz.300803,2025-12-15 20:06:53.901826
0.1384,2024-07-19,2024-07-26,sz.300803,2025-12-15 20:06:53.901826
-0.0441,2024-07-22,2024-07-29,sz.300803,2025-12-15 20:06:53.901826
-0.12225,2024-07-23,2024-07-30,sz.300803,2025-12-15 20:06:53.901826
-0.09314,2024-07-24,2024-07-31,sz.300803,2025-12-15 20:06:53.901826
0.1137,2024-07-25,2024-08-01,sz.300803,2025-12-15 20:06:53.901826
0.0703,2024-07-26,2024-08-02,sz.300803,2025-12-15 20:06:53.901826
0.0493,2024-07-29,2024-08-05,sz.300803,2025-12-15 20:06:53.901826
0.1273,2024-07-30,2024-08-06,sz.300803,2025-12-15 20:06:53.901826
0.2467,2024-07-31,2024-08-07,sz.300803,2025-12-15 20:06:53.901826
-0.05197,2024-08-01,2024-08-08,sz.300803,2025-12-15 20:06:53.901826
-0.1002,2024-08-02,2024-08-09,sz.300803,2025-12-15 20:06:53.901826
-0.03696,2024-08-05,2024-08-12,sz.300803,2025-12-15 20:06:53.901826
-0.1362,2024-08-06,2024-08-13,sz.300803,2025-12-15 20:06:53.901826
0.08765,2024-08-07,2024-08-14,sz.300803,2025-12-15 20:06:53.901826
0.01622,2024-08-08,2024-08-15,sz.300803,2025-12-15 20:06:53.901826
-0.0787,2024-08-09,2024-08-16,sz.300803,2025-12-15 20:06:53.901826
0.10376,2024-08-12,2024-08-19,sz.300803,2025-12-15 20:06:53.901826
0.1632,2024-08-13,2024-08-20,sz.300803,2025-12-15 20:06:53.901826
0.11566,2024-08-14,2024-08-21,sz.300803,2025-12-15 20:06:53.901826
0.0671,2024-08-15,2024-08-22,sz.300803,2025-12-15 20:06:53.901826
-0.02702,2024-08-16,2024-08-23,sz.300803,2025-12-15 20:06:53.901826
0.0824,2024-08-19,2024-08-26,sz.300803,2025-12-15 20:06:53.901826
-0.06433,2024-08-20,2024-08-27,sz.300803,2025-12-15 20:06:53.901826
0.07684,2024-08-21,2024-08-28,sz.300803,2025-12-15 20:06:53.901826
-0.2578,2024-08-22,2024-08-29,sz.300803,2025-12-15 20:06:53.901826
0.1499,2024-08-23,2024-08-30,sz.300803,2025-12-15 20:06:53.901826
0.10657,2024-08-26,2024-09-02,sz.300803,2025-12-15 20:06:53.901826
-0.013176,2024-08-27,2024-09-03,sz.300803,2025-12-15 20:06:53.901826
0.05954,2024-08-28,2024-09-04,sz.300803,2025-12-15 20:06:53.901826
0.0705,2024-08-29,2024-09-05,sz.300803,2025-12-15 20:06:53.901826
0.0347,2024-08-30,2024-09-06,sz.300803,2025-12-15 20:06:53.901826
-0.11536,2024-09-02,2024-09-09,sz.300803,2025-12-15 20:06:53.901826
0.1274,2024-09-03,2024-09-10,sz.300803,2025-12-15 20:06:53.901826
0.10126,2024-09-04,2024-09-11,sz.300803,2025-12-15 20:06:53.901826
0.1672,2024-09-05,2024-09-12,sz.300803,2025-12-15 20:06:53.901826
-0.3108,2024-09-06,2024-09-13,sz.300803,2025-12-15 20:06:53.901826
0.09656,2024-09-09,2024-09-16,sz.300803,2025-12-15 20:06:53.901826
0.02844,2024-09-10,2024-09-17,sz.300803,2025-12-15 20:06:53.901826
0.0991,2024-09-11,2024-09-18,sz.300803,2025-12-15 20:06:53.901826
-0.009796,2024-09-12,2024-09-19,sz.300803,2025-12-15 20:06:53.901826
0.01862,2024-09-13,2024-09-20,sz.300803,2025-12-15 20:06:53.901826
0.0991,2024-09-18,2024-09-25,sz.300803,2025-12-15 20:06:53.901826
0.11145,2024-09-19,2024-09-26,sz.300803,2025-12-15 20:06:53.901826
0.1111,2024-09-20,2024-09-27,sz.300803,2025-12-15 20:06:53.901826
0.03354,2024-09-23,2024-09-30,sz.300803,2025-12-15 20:06:53.901826
0.2008,2024-09-24,2024-10-01,sz.300803,2025-12-15 20:06:53.901826
-0.2588,2024-09-25,2024-10-02,sz.300803,2025-12-15 20:06:53.901826
0.03622,2024-09-26,2024-10-03,sz.300803,2025-12-15 20:06:53.901826
0.0831,2024-09-27,2024-10-04,sz.300803,2025-12-15 20:06:53.901826
-0.1302,2024-09-30,2024-10-07,sz.300803,2025-12-15 20:06:53.901826
-0.12244,2024-10-08,2024-10-15,sz.300803,2025-12-15 20:06:53.901826
-1.487,2024-10-09,2024-10-16,sz.300803,2025-12-15 20:06:53.901826
-1.48,2024-10-10,2024-10-17,sz.300803,2025-12-15 20:06:53.901826
-0.2544,2024-10-11,2024-10-18,sz.300803,2025-12-15 20:06:53.901826
-0.2451,2024-10-14,2024-10-21,sz.300803,2025-12-15 20:06:53.901826
-0.435,2024-10-15,2024-10-22,sz.300803,2025-12-15 20:06:53.901826
-0.1428,2024-10-16,2024-10-23,sz.300803,2025-12-15 20:06:53.901826
-0.4634,2024-10-17,2024-10-24,sz.300803,2025-12-15 20:06:53.901826
0.1192,2024-10-18,2024-10-25,sz.300803,2025-12-15 20:06:53.901826
-0.5186,2024-10-21,2024-10-28,sz.300803,2025-12-15 20:06:53.901826
-0.2139,2024-10-22,2024-10-29,sz.300803,2025-12-15 20:06:53.901826
-1.381,2024-10-23,2024-10-30,sz.300803,2025-12-15 20:06:53.901826
-0.3506,2024-10-24,2024-10-31,sz.300803,2025-12-15 20:06:53.901826
-0.4282,2024-10-25,2024-11-01,sz.300803,2025-12-15 20:06:53.901826
-0.07654,2024-10-28,2024-11-04,sz.300803,2025-12-15 20:06:53.901826
-0.4775,2024-10-29,2024-11-05,sz.300803,2025-12-15 20:06:53.901826
-0.2499,2024-10-30,2024-11-06,sz.300803,2025-12-15 20:06:53.901826
-0.3904,2024-10-31,2024-11-07,sz.300803,2025-12-15 20:06:53.901826
-0.8633,2024-11-01,2024-11-08,sz.300803,2025-12-15 20:06:53.901826
0.04755,2024-11-04,2024-11-11,sz.300803,2025-12-15 20:06:53.901826
-0.2935,2024-11-05,2024-11-12,sz.300803,2025-12-15 20:06:53.901826
-0.9272,2024-11-06,2024-11-13,sz.300803,2025-12-15 20:06:53.901826
-0.156,2024-11-07,2024-11-14,sz.300803,2025-12-15 20:06:53.901826
-1.127,2024-11-08,2024-11-15,sz.300803,2025-12-15 20:06:53.901826
-0.2007,2024-11-11,2024-11-18,sz.300803,2025-12-15 20:06:53.901826
-0.4807,2024-11-12,2024-11-19,sz.300803,2025-12-15 20:06:53.901826
-0.2377,2024-11-13,2024-11-20,sz.300803,2025-12-15 20:06:53.901826
-0.4094,2024-11-14,2024-11-21,sz.300803,2025-12-15 20:06:53.901826
-0.9624,2024-11-15,2024-11-22,sz.300803,2025-12-15 20:06:53.901826
-0.6426,2024-11-18,2024-11-25,sz.300803,2025-12-15 20:06:53.901826
-0.0716,2024-11-19,2024-11-26,sz.300803,2025-12-15 20:06:53.901826
-0.1359,2024-11-20,2024-11-27,sz.300803,2025-12-15 20:06:53.901826
-0.2065,2024-11-21,2024-11-28,sz.300803,2025-12-15 20:06:53.901826
-0.625,2024-11-22,2024-11-29,sz.300803,2025-12-15 20:06:53.901826
-0.257,2024-11-25,2024-12-02,sz.300803,2025-12-15 20:06:53.901826
-0.2925,2024-11-26,2024-12-03,sz.300803,2025-12-15 20:06:53.901826
-0.00627,2024-11-27,2024-12-04,sz.300803,2025-12-15 20:06:53.901826
-0.3672,2024-11-28,2024-12-05,sz.300803,2025-12-15 20:06:53.901826
-0.3716,2024-11-29,2024-12-06,sz.300803,2025-12-15 20:06:53.901826
-0.09314,2024-12-02,2024-12-09,sz.300803,2025-12-15 20:06:53.901826
-0.2664,2024-12-03,2024-12-10,sz.300803,2025-12-15 20:06:53.901826
-0.3213,2024-12-04,2024-12-11,sz.300803,2025-12-15 20:06:53.901826
-0.1509,2024-12-05,2024-12-12,sz.300803,2025-12-15 20:06:53.901826
-0.486,2024-12-06,2024-12-13,sz.300803,2025-12-15 20:06:53.901826
-0.541,2024-12-09,2024-12-16,sz.300803,2025-12-15 20:06:53.901826
-0.77,2024-12-10,2024-12-17,sz.300803,2025-12-15 20:06:53.901826
-0.44,2024-12-11,2024-12-18,sz.300803,2025-12-15 20:06:53.901826
-0.1525,2024-12-12,2024-12-19,sz.300803,2025-12-15 20:06:53.901826
-0.4106,2024-12-13,2024-12-20,sz.300803,2025-12-15 20:06:53.901826
-0.2998,2024-12-16,2024-12-23,sz.300803,2025-12-15 20:06:53.901826
-0.2522,2024-12-17,2024-12-24,sz.300803,2025-12-15 20:06:53.901826
-0.1638,2024-12-18,2024-12-25,sz.300803,2025-12-15 20:06:53.901826
-0.05457,2024-12-19,2024-12-26,sz.300803,2025-12-15 20:06:53.901826
-0.07477,2024-12-20,2024-12-27,sz.300803,2025-12-15 20:06:53.901826
-0.4292,2024-12-23,2024-12-30,sz.300803,2025-12-15 20:06:53.901826
-0.1302,2024-12-24,2024-12-31,sz.300803,2025-12-15 20:06:53.901826
-0.005013,2024-12-25,2025-01-01,sz.300803,2025-12-15 20:06:53.901826
-0.1761,2024-12-26,2025-01-02,sz.300803,2025-12-15 20:06:53.901826
-0.3735,2024-12-27,2025-01-03,sz.300803,2025-12-15 20:06:53.901826
-0.1126,2024-12-30,2025-01-06,sz.300803,2025-12-15 20:06:53.901826
-0.97,2024-12-31,2025-01-07,sz.300803,2025-12-15 20:06:53.901826
-0.722,2025-01-02,2025-01-09,sz.300803,2025-12-15 20:06:53.901826
-0.426,2025-01-03,2025-01-10,sz.300803,2025-12-15 20:06:53.901826
-0.4329,2025-01-06,2025-01-13,sz.300803,2025-12-15 20:06:53.901826
-0.10046,2025-01-07,2025-01-14,sz.300803,2025-12-15 20:06:53.901826
-0.2163,2025-01-08,2025-01-15,sz.300803,2025-12-15 20:06:53.901826
-0.0881,2025-01-09,2025-01-16,sz.300803,2025-12-15 20:06:53.901826
-0.3271,2025-01-10,2025-01-17,sz.300803,2025-12-15 20:06:53.901826
-0.002018,2025-01-13,2025-01-20,sz.300803,2025-12-15 20:06:53.901826
0.0705,2025-01-14,2025-01-21,sz.300803,2025-12-15 20:06:53.901826
-0.2598,2025-01-15,2025-01-22,sz.300803,2025-12-15 20:06:53.901826
-0.3499,2025-01-16,2025-01-23,sz.300803,2025-12-15 20:06:53.901826
-0.1584,2025-01-17,2025-01-24,sz.300803,2025-12-15 20:06:53.901826
-0.2103,2025-01-20,2025-01-27,sz.300803,2025-12-15 20:06:53.901826
-0.1741,2025-01-21,2025-01-28,sz.300803,2025-12-15 20:06:53.901826
-0.05536,2025-01-22,2025-01-29,sz.300803,2025-12-15 20:06:53.901826
-0.829,2025-01-23,2025-01-30,sz.300803,2025-12-15 20:06:53.901826
-0.1137,2025-01-24,2025-01-31,sz.300803,2025-12-15 20:06:53.901826
-0.5166,2025-01-27,2025-02-03,sz.300803,2025-12-15 20:06:53.901826
-0.1938,2025-02-05,2025-02-12,sz.300803,2025-12-15 20:06:53.901826
-0.09,2025-02-06,2025-02-13,sz.300803,2025-12-15 20:06:53.901826
-0.1605,2025-02-07,2025-02-14,sz.300803,2025-12-15 20:06:53.901826
-0.1267,2025-02-10,2025-02-17,sz.300803,2025-12-15 20:06:53.901826
-0.1959,2025-02-11,2025-02-18,sz.300803,2025-12-15 20:06:53.901826
-0.0222,2025-02-12,2025-02-19,sz.300803,2025-12-15 20:06:53.901826
-0.3245,2025-02-13,2025-02-20,sz.300803,2025-12-15 20:06:53.901826
-0.1154,2025-02-14,2025-02-21,sz.300803,2025-12-15 20:06:53.901826
-0.2234,2025-02-17,2025-02-24,sz.300803,2025-12-15 20:06:53.901826
-0.6387,2025-02-18,2025-02-25,sz.300803,2025-12-15 20:06:53.901826
-0.05588,2025-02-19,2025-02-26,sz.300803,2025-12-15 20:06:53.901826
-0.1593,2025-02-20,2025-02-27,sz.300803,2025-12-15 20:06:53.901826
-0.1445,2025-02-21,2025-02-28,sz.300803,2025-12-15 20:06:53.901826
-0.0874,2025-02-24,2025-03-03,sz.300803,2025-12-15 20:06:53.901826
-0.319,2025-02-25,2025-03-04,sz.300803,2025-12-15 20:06:53.901826
-0.0497,2025-02-26,2025-03-05,sz.300803,2025-12-15 20:06:53.901826
-0.4585,2025-02-27,2025-03-06,sz.300803,2025-12-15 20:06:53.901826
-0.503,2025-02-28,2025-03-07,sz.300803,2025-12-15 20:06:53.901826
-0.2244,2025-03-03,2025-03-10,sz.300803,2025-12-15 20:06:53.901826
0.0169,2025-03-04,2025-03-11,sz.300803,2025-12-15 20:06:53.901826
-0.1262,2025-03-05,2025-03-12,sz.300803,2025-12-15 20:06:53.901826
-0.04666,2025-03-06,2025-03-13,sz.300803,2025-12-15 20:06:53.901826
-0.2056,2025-03-07,2025-03-14,sz.300803,2025-12-15 20:06:53.901826
-0.1128,2025-03-10,2025-03-17,sz.300803,2025-12-15 20:06:53.901826
-0.003012,2025-03-11,2025-03-18,sz.300803,2025-12-15 20:06:53.901826
-0.1863,2025-03-12,2025-03-19,sz.300803,2025-12-15 20:06:53.901826
-0.3503,2025-03-13,2025-03-20,sz.300803,2025-12-15 20:06:53.901826
-0.1733,2025-03-14,2025-03-21,sz.300803,2025-12-15 20:06:53.901826
-0.12244,2025-03-17,2025-03-24,sz.300803,2025-12-15 20:06:53.901826
-0.05362,2025-03-18,2025-03-25,sz.300803,2025-12-15 20:06:53.901826
-0.116,2025-03-19,2025-03-26,sz.300803,2025-12-15 20:06:53.901826
-0.1561,2025-03-20,2025-03-27,sz.300803,2025-12-15 20:06:53.901826
-0.4182,2025-03-21,2025-03-28,sz.300803,2025-12-15 20:06:53.901826
-0.1606,2025-03-24,2025-03-31,sz.300803,2025-12-15 20:06:53.901826
-0.4558,2025-03-25,2025-04-01,sz.300803,2025-12-15 20:06:53.901826
-0.12213,2025-03-26,2025-04-02,sz.300803,2025-12-15 20:06:53.901826
-0.0687,2025-03-27,2025-04-03,sz.300803,2025-12-15 20:06:53.901826
-0.0932,2025-03-28,2025-04-04,sz.300803,2025-12-15 20:06:53.901826
-0.2532,2025-03-31,2025-04-07,sz.300803,2025-12-15 20:06:53.901826
-0.987,2025-04-01,2025-04-08,sz.300803,2025-12-15 20:06:53.901826
-0.0505,2025-04-02,2025-04-09,sz.300803,2025-12-15 20:06:53.901826
-0.09784,2025-04-03,2025-04-10,sz.300803,2025-12-15 20:06:53.901826
-0.6553,2025-04-07,2025-04-14,sz.300803,2025-12-15 20:06:53.901826
-0.373,2025-04-08,2025-04-15,sz.300803,2025-12-15 20:06:53.901826
-0.04822,2025-04-09,2025-04-16,sz.300803,2025-12-15 20:06:53.901826
-0.3208,2025-04-10,2025-04-17,sz.300803,2025-12-15 20:06:53.901826
-0.1556,2025-04-11,2025-04-18,sz.300803,2025-12-15 20:06:53.901826
-0.1881,2025-04-14,2025-04-21,sz.300803,2025-12-15 20:06:53.901826
-0.086,2025-04-15,2025-04-22,sz.300803,2025-12-15 20:06:53.901826
-0.1528,2025-04-16,2025-04-23,sz.300803,2025-12-15 20:06:53.901826
-0.0866,2025-04-17,2025-04-24,sz.300803,2025-12-15 20:06:53.901826
0.01017,2025-04-18,2025-04-25,sz.300803,2025-12-15 20:06:53.901826
0.08356,2025-04-21,2025-04-28,sz.300803,2025-12-15 20:06:53.901826
-0.08105,2025-04-22,2025-04-29,sz.300803,2025-12-15 20:06:53.901826
-0.2192,2025-04-23,2025-04-30,sz.300803,2025-12-15 20:06:53.901826
-0.1381,2025-04-24,2025-05-01,sz.300803,2025-12-15 20:06:53.901826
-0.1615,2025-04-25,2025-05-02,sz.300803,2025-12-15 20:06:53.901826
-0.1678,2025-04-28,2025-05-05,sz.300803,2025-12-15 20:06:53.901826
-0.0875,2025-04-29,2025-05-06,sz.300803,2025-12-15 20:06:53.901826
-0.1647,2025-04-30,2025-05-07,sz.300803,2025-12-15 20:06:53.901826
-0.02963,2025-05-06,2025-05-13,sz.300803,2025-12-15 20:06:53.901826
-0.94,2025-05-07,2025-05-14,sz.300803,2025-12-15 20:06:53.901826
-0.1678,2025-05-08,2025-05-15,sz.300803,2025-12-15 20:06:53.901826
-0.2463,2025-05-09,2025-05-16,sz.300803,2025-12-15 20:06:53.901826
-0.04666,2025-05-12,2025-05-19,sz.300803,2025-12-15 20:06:53.901826
-0.2712,2025-05-13,2025-05-20,sz.300803,2025-12-15 20:06:53.901826
-0.1559,2025-05-14,2025-05-21,sz.300803,2025-12-15 20:06:53.901826
-0.334,2025-05-15,2025-05-22,sz.300803,2025-12-15 20:06:53.901826
-0.2211,2025-05-16,2025-05-23,sz.300803,2025-12-15 20:06:53.901826
-0.09344,2025-05-19,2025-05-26,sz.300803,2025-12-15 20:06:53.901826
-0.03436,2025-05-20,2025-05-27,sz.300803,2025-12-15 20:06:53.901826
-0.10364,2025-05-21,2025-05-28,sz.300803,2025-12-15 20:06:53.901826
-0.04407,2025-05-22,2025-05-29,sz.300803,2025-12-15 20:06:53.901826
-0.3325,2025-05-23,2025-05-30,sz.300803,2025-12-15 20:06:53.901826
0.05414,2025-05-26,2025-06-02,sz.300803,2025-12-15 20:06:53.901826
-0.0692,2025-05-27,2025-06-03,sz.300803,2025-12-15 20:06:53.901826
-0.2219,2025-05-28,2025-06-04,sz.300803,2025-12-15 20:06:53.901826
0.01371,2025-05-29,2025-06-05,sz.300803,2025-12-15 20:06:53.901826
-0.05692,2025-05-30,2025-06-06,sz.300803,2025-12-15 20:06:53.901826
-0.04663,2025-06-03,2025-06-10,sz.300803,2025-12-15 20:06:53.901826
0.007362,2025-06-04,2025-06-11,sz.300803,2025-12-15 20:06:53.901826
-0.0242,2025-06-05,2025-06-12,sz.300803,2025-12-15 20:06:53.901826
-0.184,2025-06-06,2025-06-13,sz.300803,2025-12-15 20:06:53.901826
-0.08203,2025-06-09,2025-06-16,sz.300803,2025-12-15 20:06:53.901826
-0.2188,2025-06-10,2025-06-17,sz.300803,2025-12-15 20:06:53.901826
-0.1127,2025-06-11,2025-06-18,sz.300803,2025-12-15 20:06:53.901826
-0.094,2025-06-12,2025-06-19,sz.300803,2025-12-15 20:06:53.901826
-0.05362,2025-06-13,2025-06-20,sz.300803,2025-12-15 20:06:53.901826
0.02438,2025-06-16,2025-06-23,sz.300803,2025-12-15 20:06:53.901826
-0.02856,2025-06-17,2025-06-24,sz.300803,2025-12-15 20:06:53.901826
-0.2177,2025-06-18,2025-06-25,sz.300803,2025-12-15 20:06:53.901826
-0.3887,2025-06-19,2025-06-26,sz.300803,2025-12-15 20:06:53.901826
-0.11523,2025-06-20,2025-06-27,sz.300803,2025-12-15 20:06:53.901826
-0.01611,2025-06-23,2025-06-30,sz.300803,2025-12-15 20:06:53.901826
-0.08954,2025-06-24,2025-07-01,sz.300803,2025-12-15 20:06:53.901826
0.197,2025-06-25,2025-07-02,sz.300803,2025-12-15 20:06:53.901826
-0.4739,2025-06-26,2025-07-03,sz.300803,2025-12-15 20:06:53.901826
-0.613,2025-06-27,2025-07-04,sz.300803,2025-12-15 20:06:53.901826
-0.2422,2025-06-30,2025-07-07,sz.300803,2025-12-15 20:06:53.901826
-0.562,2025-07-01,2025-07-08,sz.300803,2025-12-15 20:06:53.901826
-0.2401,2025-07-02,2025-07-09,sz.300803,2025-12-15 20:06:53.901826
-0.1919,2025-07-03,2025-07-10,sz.300803,2025-12-15 20:06:53.901826
-0.345,2025-07-04,2025-07-11,sz.300803,2025-12-15 20:06:53.901826
-0.1705,2025-07-07,2025-07-14,sz.300803,2025-12-15 20:06:53.901826
-0.1355,2025-07-08,2025-07-15,sz.300803,2025-12-15 20:06:53.901826
-0.4395,2025-07-09,2025-07-16,sz.300803,2025-12-15 20:06:53.901826
-0.1979,2025-07-10,2025-07-17,sz.300803,2025-12-15 20:06:53.901826
-0.284,2025-07-11,2025-07-18,sz.300803,2025-12-15 20:06:53.901826
-0.742,2025-07-14,2025-07-21,sz.300803,2025-12-15 20:06:53.901826
-0.3381,2025-07-15,2025-07-22,sz.300803,2025-12-15 20:06:53.901826
-0.1552,2025-07-16,2025-07-23,sz.300803,2025-12-15 20:06:53.901826
-0.07764,2025-07-17,2025-07-24,sz.300803,2025-12-15 20:06:53.901826
-0.3667,2025-07-18,2025-07-25,sz.300803,2025-12-15 20:06:53.901826
-0.3672,2025-07-21,2025-07-28,sz.300803,2025-12-15 20:06:53.901826
-0.1844,2025-07-22,2025-07-29,sz.300803,2025-12-15 20:06:53.901826
-0.4062,2025-07-23,2025-07-30,sz.300803,2025-12-15 20:06:53.901826
-0.07263,2025-07-24,2025-07-31,sz.300803,2025-12-15 20:06:53.901826
-0.4595,2025-07-25,2025-08-01,sz.300803,2025-12-15 20:06:53.901826
-0.2756,2025-07-28,2025-08-04,sz.300803,2025-12-15 20:06:53.901826
-0.2151,2025-07-29,2025-08-05,sz.300803,2025-12-15 20:06:53.901826
-0.2825,2025-07-30,2025-08-06,sz.300803,2025-12-15 20:06:53.901826
-0.4631,2025-07-31,2025-08-07,sz.300803,2025-12-15 20:06:53.901826
-0.2905,2025-08-01,2025-08-08,sz.300803,2025-12-15 20:06:53.901826
-0.2157,2025-08-04,2025-08-11,sz.300803,2025-12-15 20:06:53.901826
-0.1864,2025-08-05,2025-08-12,sz.300803,2025-12-15 20:06:53.901826
-0.071,2025-08-06,2025-08-13,sz.300803,2025-12-15 20:06:53.901826
-0.2878,2025-08-07,2025-08-14,sz.300803,2025-12-15 20:06:53.901826
-0.3376,2025-08-08,2025-08-15,sz.300803,2025-12-15 20:06:53.901826
-0.0967,2025-08-11,2025-08-18,sz.300803,2025-12-15 20:06:53.901826
-0.0566,2025-08-12,2025-08-19,sz.300803,2025-12-15 20:06:53.901826
-0.363,2025-08-13,2025-08-20,sz.300803,2025-12-15 20:06:53.901826
-0.5884,2025-08-14,2025-08-21,sz.300803,2025-12-15 20:06:53.901826
0.1803,2025-08-15,2025-08-22,sz.300803,2025-12-15 20:06:53.901826
-0.444,2025-08-18,2025-08-25,sz.300803,2025-12-15 20:06:53.901826
-0.2411,2025-08-19,2025-08-26,sz.300803,2025-12-15 20:06:53.901826
-0.4397,2025-08-20,2025-08-27,sz.300803,2025-12-15 20:06:53.901826
-0.4128,2025-08-21,2025-08-28,sz.300803,2025-12-15 20:06:53.901826
-0.0685,2025-08-22,2025-08-29,sz.300803,2025-12-15 20:06:53.901826
-0.512,2025-08-25,2025-09-01,sz.300803,2025-12-15 20:06:53.901826
-0.0825,2025-08-26,2025-09-02,sz.300803,2025-12-15 20:06:53.901826
-0.692,2025-08-27,2025-09-03,sz.300803,2025-12-15 20:06:53.901826
-0.2986,2025-08-28,2025-09-04,sz.300803,2025-12-15 20:06:53.901826
-0.955,2025-08-29,2025-09-05,sz.300803,2025-12-15 20:06:53.901826
-0.4155,2025-09-01,2025-09-08,sz.300803,2025-12-15 20:06:53.901826
-0.6963,2025-09-02,2025-09-09,sz.300803,2025-12-15 20:06:53.901826
-0.805,2025-09-03,2025-09-10,sz.300803,2025-12-15 20:06:53.901826
-0.6333,2025-09-04,2025-09-11,sz.300803,2025-12-15 20:06:53.901826
-0.3115,2025-09-05,2025-09-12,sz.300803,2025-12-15 20:06:53.901826
-0.3079,2025-09-08,2025-09-15,sz.300803,2025-12-15 20:06:53.901826
-0.601,2025-09-09,2025-09-16,sz.300803,2025-12-15 20:06:53.901826
-0.3308,2025-09-10,2025-09-17,sz.300803,2025-12-15 20:06:53.901826
-0.178,2025-09-11,2025-09-18,sz.300803,2025-12-15 20:06:53.901826
-0.628,2025-09-12,2025-09-19,sz.300803,2025-12-15 20:06:53.901826
-0.3242,2025-09-15,2025-09-22,sz.300803,2025-12-15 20:06:53.901826
-0.1951,2025-09-16,2025-09-23,sz.300803,2025-12-15 20:06:53.901826
-0.3677,2025-09-17,2025-09-24,sz.300803,2025-12-15 20:06:53.901826
-0.819,2025-09-18,2025-09-25,sz.300803,2025-12-15 20:06:53.901826
-0.581,2025-09-19,2025-09-26,sz.300803,2025-12-15 20:06:53.901826
-0.1876,2025-09-22,2025-09-29,sz.300803,2025-12-15 20:06:53.901826
-0.407,2025-09-23,2025-09-30,sz.300803,2025-12-15 20:06:53.901826
-0.3716,2025-09-24,2025-10-01,sz.300803,2025-12-15 20:06:53.901826
-0.3987,2025-09-25,2025-10-02,sz.300803,2025-12-15 20:06:53.901826
-0.5176,2025-09-26,2025-10-03,sz.300803,2025-12-15 20:06:53.901826
-0.407,2025-09-29,2025-10-06,sz.300803,2025-12-15 20:06:53.901826
-0.3748,2025-09-30,2025-10-07,sz.300803,2025-12-15 20:06:53.901826
-0.3718,2025-10-09,2025-10-16,sz.300803,2025-12-15 20:06:53.901826
-0.9453,2025-10-10,2025-10-17,sz.300803,2025-12-15 20:06:53.901826
-0.2727,2025-10-13,2025-10-20,sz.300803,2025-12-15 20:06:53.901826
-0.73,2025-10-14,2025-10-21,sz.300803,2025-12-15 20:06:53.901826
-0.2908,2025-10-15,2025-10-22,sz.300803,2025-12-15 20:06:53.901826
-0.4614,2025-10-16,2025-10-23,sz.300803,2025-12-15 20:06:53.901826
-0.7554,2025-10-17,2025-10-24,sz.300803,2025-12-15 20:06:53.901826
-0.4863,2025-10-20,2025-10-27,sz.300803,2025-12-15 20:06:53.901826
-0.3,2025-10-21,2025-10-28,sz.300803,2025-12-15 20:06:53.901826
-0.3125,2025-10-22,2025-10-29,sz.300803,2025-12-15 20:06:53.901826
-0.3235,2025-10-23,2025-10-30,sz.300803,2025-12-15 20:06:53.901826
-0.1654,2025-10-24,2025-10-31,sz.300803,2025-12-15 20:06:53.901826
-0.4968,2025-10-27,2025-11-03,sz.300803,2025-12-15 20:06:53.901826
-0.4653,2025-10-28,2025-11-04,sz.300803,2025-12-15 20:06:53.901826
-0.2362,2025-10-29,2025-11-05,sz.300803,2025-12-15 20:06:53.901826
-0.8506,2025-10-30,2025-11-06,sz.300803,2025-12-15 20:06:53.901826
-0.4175,2025-10-31,2025-11-07,sz.300803,2025-12-15 20:06:53.901826
-0.2878,2025-11-03,2025-11-10,sz.300803,2025-12-15 20:06:53.901826
-0.6616,2025-11-04,2025-11-11,sz.300803,2025-12-15 20:06:53.901826
-0.3281,2025-11-05,2025-11-12,sz.300803,2025-12-15 20:06:53.901826
-0.3154,2025-11-06,2025-11-13,sz.300803,2025-12-15 20:06:53.901826
-0.4126,2025-11-07,2025-11-14,sz.300803,2025-12-15 20:06:53.901826
-0.242,2025-11-10,2025-11-17,sz.300803,2025-12-15 20:06:53.901826
-1.067,2025-11-11,2025-11-18,sz.300803,2025-12-15 20:06:53.901826
-0.5273,2025-11-12,2025-11-19,sz.300803,2025-12-15 20:06:53.901826
-0.1597,2025-11-13,2025-11-20,sz.300803,2025-12-15 20:06:53.901826
-0.2256,2025-11-14,2025-11-21,sz.300803,2025-12-15 20:06:53.901826
-0.1681,2025-11-17,2025-11-24,sz.300803,2025-12-15 20:06:53.901826
-0.2462,2025-11-18,2025-11-25,sz.300803,2025-12-15 20:06:53.901826
-0.3042,2025-11-19,2025-11-26,sz.300803,2025-12-15 20:06:53.901826
-0.7456,2025-11-20,2025-11-27,sz.300803,2025-12-15 20:06:53.901826
-0.4475,2025-11-21,2025-11-28,sz.300803,2025-12-15 20:06:53.901826
-0.2593,2025-11-24,2025-12-01,sz.300803,2025-12-15 20:06:53.901826
-0.2576,2025-11-25,2025-12-02,sz.300803,2025-12-15 20:06:53.901826
-0.2001,2025-11-26,2025-12-03,sz.300803,2025-12-15 20:06:53.901826
-0.3254,2025-11-27,2025-12-04,sz.300803,2025-12-15 20:06:53.901826
-0.1197,2025-11-28,2025-12-05,sz.300803,2025-12-15 20:06:53.901826
-0.1526,2025-12-01,2025-12-08,sz.300803,2025-12-15 20:06:53.901826
-0.3887,2025-12-02,2025-12-09,sz.300803,2025-12-15 20:06:53.901826
-0.431,2025-12-03,2025-12-10,sz.300803,2025-12-15 20:06:53.901826
-0.2172,2025-12-04,2025-12-11,sz.300803,2025-12-15 20:06:53.901826
-0.2263,2025-12-05,2025-12-12,sz.300803,2025-12-15 20:06:53.901826
-0.4626,2025-12-08,2025-12-15,sz.300803,2025-12-15 20:06:53.901826
-0.3335,2025-12-09,2025-12-16,sz.300803,2025-12-15 20:06:53.901826
-0.2031,2025-12-10,2025-12-17,sz.300803,2025-12-15 20:06:53.901826
-0.4368,2025-12-11,2025-12-18,sz.300803,2025-12-15 20:06:53.901826
-0.334,2025-12-12,2025-12-19,sz.300803,2025-12-15 20:06:53.901826
-0.323,2025-12-15,2025-12-22,sz.300803,2025-12-15 20:06:53.901826
-0.3193,2025-12-15,2025-12-22,sz.300803,2025-12-15 20:06:53.901826
-0.06174,2025-12-15,2025-12-22,sz.300832,2025-12-15 20:06:53.901826
-0.06174,2025-12-15,2025-12-22,sz.300832,2025-12-15 20:06:53.901826
-0.06726,2023-08-24,2023-08-31,sz.300866,2025-12-15 20:06:53.901826
-0.2175,2023-08-25,2023-09-01,sz.300866,2025-12-15 20:06:53.901826
-0.912,2023-08-28,2023-09-04,sz.300866,2025-12-15 20:06:53.901826
0.03647,2023-08-29,2023-09-05,sz.300866,2025-12-15 20:06:53.901826
-0.1307,2023-08-30,2023-09-06,sz.300866,2025-12-15 20:06:53.901826
-0.2443,2023-08-31,2023-09-07,sz.300866,2025-12-15 20:06:53.901826
-0.1217,2023-09-01,2023-09-08,sz.300866,2025-12-15 20:06:53.901826
0.0115,2023-09-04,2023-09-11,sz.300866,2025-12-15 20:06:53.901826
-0.11774,2023-09-05,2023-09-12,sz.300866,2025-12-15 20:06:53.901826
-0.05414,2023-09-06,2023-09-13,sz.300866,2025-12-15 20:06:53.901826
-0.0705,2023-09-07,2023-09-14,sz.300866,2025-12-15 20:06:53.901826
-0.09766,2023-09-08,2023-09-15,sz.300866,2025-12-15 20:06:53.901826
-0.1655,2023-09-11,2023-09-18,sz.300866,2025-12-15 20:06:53.901826
-0.01648,2023-09-12,2023-09-19,sz.300866,2025-12-15 20:06:53.901826
-0.1353,2023-09-13,2023-09-20,sz.300866,2025-12-15 20:06:53.901826
-0.1302,2023-09-14,2023-09-21,sz.300866,2025-12-15 20:06:53.901826
-0.0791,2023-09-15,2023-09-22,sz.300866,2025-12-15 20:06:53.901826
-0.0377,2023-09-18,2023-09-25,sz.300866,2025-12-15 20:06:53.901826
-0.1063,2023-09-19,2023-09-26,sz.300866,2025-12-15 20:06:53.901826
-0.08496,2023-09-20,2023-09-27,sz.300866,2025-12-15 20:06:53.901826
-0.1107,2023-09-21,2023-09-28,sz.300866,2025-12-15 20:06:53.901826
-0.001596,2023-09-22,2023-09-29,sz.300866,2025-12-15 20:06:53.901826
-0.0627,2023-09-25,2023-10-02,sz.300866,2025-12-15 20:06:53.901826
-0.04388,2023-09-26,2023-10-03,sz.300866,2025-12-15 20:06:53.901826
-0.004597,2023-09-27,2023-10-04,sz.300866,2025-12-15 20:06:53.901826
0.02501,2023-09-28,2023-10-05,sz.300866,2025-12-15 20:06:53.901826
-0.3215,2023-10-09,2023-10-16,sz.300866,2025-12-15 20:06:53.901826
-0.0681,2023-10-10,2023-10-17,sz.300866,2025-12-15 20:06:53.901826
0.0465,2023-10-11,2023-10-18,sz.300866,2025-12-15 20:06:53.901826
-0.178,2023-10-12,2023-10-19,sz.300866,2025-12-15 20:06:53.901826
-0.1135,2023-10-13,2023-10-20,sz.300866,2025-12-15 20:06:53.901826
-0.1492,2023-10-16,2023-10-23,sz.300866,2025-12-15 20:06:53.901826
0.014824,2023-10-17,2023-10-24,sz.300866,2025-12-15 20:06:53.901826
0.03763,2023-10-18,2023-10-25,sz.300866,2025-12-15 20:06:53.901826
-0.2742,2023-10-19,2023-10-26,sz.300866,2025-12-15 20:06:53.901826
-0.312,2023-10-20,2023-10-27,sz.300866,2025-12-15 20:06:53.901826
-0.33,2023-10-23,2023-10-30,sz.300866,2025-12-15 20:06:53.901826
-0.1206,2023-10-24,2023-10-31,sz.300866,2025-12-15 20:06:53.901826
-0.179,2023-10-25,2023-11-01,sz.300866,2025-12-15 20:06:53.901826
-0.0457,2023-10-26,2023-11-02,sz.300866,2025-12-15 20:06:53.901826
0.02563,2023-10-27,2023-11-03,sz.300866,2025-12-15 20:06:53.901826
-0.632,2023-10-30,2023-11-06,sz.300866,2025-12-15 20:06:53.901826
-0.4976,2023-10-31,2023-11-07,sz.300866,2025-12-15 20:06:53.901826
-0.2844,2023-11-01,2023-11-08,sz.300866,2025-12-15 20:06:53.901826
-0.303,2023-11-02,2023-11-09,sz.300866,2025-12-15 20:06:53.901826
-0.01024,2023-11-03,2023-11-10,sz.300866,2025-12-15 20:06:53.901826
-0.3057,2023-11-06,2023-11-13,sz.300866,2025-12-15 20:06:53.901826
-0.1123,2023-11-07,2023-11-14,sz.300866,2025-12-15 20:06:53.901826
-0.2205,2023-11-08,2023-11-15,sz.300866,2025-12-15 20:06:53.901826
-0.03714,2023-11-09,2023-11-16,sz.300866,2025-12-15 20:06:53.901826
-0.06323,2023-11-10,2023-11-17,sz.300866,2025-12-15 20:06:53.901826
-0.08215,2023-11-13,2023-11-20,sz.300866,2025-12-15 20:06:53.901826
-0.1338,2023-11-14,2023-11-21,sz.300866,2025-12-15 20:06:53.901826
-0.0364,2023-11-15,2023-11-22,sz.300866,2025-12-15 20:06:53.901826
-0.12134,2023-11-16,2023-11-23,sz.300866,2025-12-15 20:06:53.901826
0.02359,2023-11-17,2023-11-24,sz.300866,2025-12-15 20:06:53.901826
-0.418,2023-11-20,2023-11-27,sz.300866,2025-12-15 20:06:53.901826
-0.03056,2023-11-21,2023-11-28,sz.300866,2025-12-15 20:06:53.901826
-0.1189,2023-11-22,2023-11-29,sz.300866,2025-12-15 20:06:53.901826
0.03342,2023-11-23,2023-11-30,sz.300866,2025-12-15 20:06:53.901826
-0.3103,2023-11-24,2023-12-01,sz.300866,2025-12-15 20:06:53.901826
-0.08136,2023-11-27,2023-12-04,sz.300866,2025-12-15 20:06:53.901826
0.02553,2023-11-28,2023-12-05,sz.300866,2025-12-15 20:06:53.901826
-0.0286,2023-11-29,2023-12-06,sz.300866,2025-12-15 20:06:53.901826
-0.07495,2023-11-30,2023-12-07,sz.300866,2025-12-15 20:06:53.901826
-0.3157,2023-12-01,2023-12-08,sz.300866,2025-12-15 20:06:53.901826
-0.07196,2023-12-04,2023-12-11,sz.300866,2025-12-15 20:06:53.901826
-0.0362,2023-12-05,2023-12-12,sz.300866,2025-12-15 20:06:53.901826
-0.0004396,2023-12-06,2023-12-13,sz.300866,2025-12-15 20:06:53.901826
-0.0633,2023-12-07,2023-12-14,sz.300866,2025-12-15 20:06:53.901826
-0.0674,2023-12-08,2023-12-15,sz.300866,2025-12-15 20:06:53.901826
-0.04803,2023-12-11,2023-12-18,sz.300866,2025-12-15 20:06:53.901826
-0.0523,2023-12-12,2023-12-19,sz.300866,2025-12-15 20:06:53.901826
-0.2842,2023-12-13,2023-12-20,sz.300866,2025-12-15 20:06:53.901826
-0.1619,2023-12-14,2023-12-21,sz.300866,2025-12-15 20:06:53.901826
-0.27,2023-12-15,2023-12-22,sz.300866,2025-12-15 20:06:53.901826
-0.02443,2023-12-18,2023-12-25,sz.300866,2025-12-15 20:06:53.901826
-0.01534,2023-12-19,2023-12-26,sz.300866,2025-12-15 20:06:53.901826
-0.2151,2023-12-20,2023-12-27,sz.300866,2025-12-15 20:06:53.901826
0.02739,2023-12-21,2023-12-28,sz.300866,2025-12-15 20:06:53.901826
-0.05826,2023-12-22,2023-12-29,sz.300866,2025-12-15 20:06:53.901826
-0.06073,2023-12-25,2024-01-01,sz.300866,2025-12-15 20:06:53.901826
-0.438,2023-12-26,2024-01-02,sz.300866,2025-12-15 20:06:53.901826
-0.03146,2023-12-27,2024-01-03,sz.300866,2025-12-15 20:06:53.901826
-0.1589,2023-12-28,2024-01-04,sz.300866,2025-12-15 20:06:53.901826
0.128,2023-12-29,2024-01-05,sz.300866,2025-12-15 20:06:53.901826
-0.5894,2024-01-02,2024-01-09,sz.300866,2025-12-15 20:06:53.901826
-0.7563,2024-01-03,2024-01-10,sz.300866,2025-12-15 20:06:53.901826
0.04782,2024-01-04,2024-01-11,sz.300866,2025-12-15 20:06:53.901826
-0.1083,2024-01-05,2024-01-12,sz.300866,2025-12-15 20:06:53.901826
-0.3066,2024-01-08,2024-01-15,sz.300866,2025-12-15 20:06:53.901826
-0.05157,2024-01-09,2024-01-16,sz.300866,2025-12-15 20:06:53.901826
-0.1105,2024-01-10,2024-01-17,sz.300866,2025-12-15 20:06:53.901826
0.0277,2024-01-11,2024-01-18,sz.300866,2025-12-15 20:06:53.901826
0.0827,2024-01-12,2024-01-19,sz.300866,2025-12-15 20:06:53.901826
-0.1388,2024-01-15,2024-01-22,sz.300866,2025-12-15 20:06:53.901826
-0.11346,2024-01-16,2024-01-23,sz.300866,2025-12-15 20:06:53.901826
-0.3276,2024-01-17,2024-01-24,sz.300866,2025-12-15 20:06:53.901826
-0.2179,2024-01-18,2024-01-25,sz.300866,2025-12-15 20:06:53.901826
-0.077,2024-01-19,2024-01-26,sz.300866,2025-12-15 20:06:53.901826
-0.6924,2024-01-22,2024-01-29,sz.300866,2025-12-15 20:06:53.901826
0.05252,2024-01-23,2024-01-30,sz.300866,2025-12-15 20:06:53.901826
-0.1403,2024-01-24,2024-01-31,sz.300866,2025-12-15 20:06:53.901826
-0.2367,2024-01-25,2024-02-01,sz.300866,2025-12-15 20:06:53.901826
-0.1523,2024-01-26,2024-02-02,sz.300866,2025-12-15 20:06:53.901826
-0.405,2024-01-29,2024-02-05,sz.300866,2025-12-15 20:06:53.901826
-0.4265,2024-01-30,2024-02-06,sz.300866,2025-12-15 20:06:53.901826
-0.22,2024-01-31,2024-02-07,sz.300866,2025-12-15 20:06:53.901826
-0.0629,2024-02-01,2024-02-08,sz.300866,2025-12-15 20:06:53.901826
-0.4668,2024-02-02,2024-02-09,sz.300866,2025-12-15 20:06:53.901826
-0.5474,2024-02-05,2024-02-12,sz.300866,2025-12-15 20:06:53.901826
0.2642,2024-02-06,2024-02-13,sz.300866,2025-12-15 20:06:53.901826
0.0997,2024-02-07,2024-02-14,sz.300866,2025-12-15 20:06:53.901826
-0.9683,2024-02-08,2024-02-15,sz.300866,2025-12-15 20:06:53.901826
-0.5234,2024-02-19,2024-02-26,sz.300866,2025-12-15 20:06:53.901826
-0.1548,2024-02-20,2024-02-27,sz.300866,2025-12-15 20:06:53.901826
-0.2036,2024-02-21,2024-02-28,sz.300866,2025-12-15 20:06:53.901826
-0.01794,2024-02-22,2024-02-29,sz.300866,2025-12-15 20:06:53.901826
-0.2203,2024-02-23,2024-03-01,sz.300866,2025-12-15 20:06:53.901826
-0.04718,2024-02-26,2024-03-04,sz.300866,2025-12-15 20:06:53.901826
0.1349,2024-02-27,2024-03-05,sz.300866,2025-12-15 20:06:53.901826
-0.5977,2024-02-28,2024-03-06,sz.300866,2025-12-15 20:06:53.901826
0.1339,2024-02-29,2024-03-07,sz.300866,2025-12-15 20:06:53.901826
0.04034,2024-03-01,2024-03-08,sz.300866,2025-12-15 20:06:53.901826
0.005856,2024-03-04,2024-03-11,sz.300866,2025-12-15 20:06:53.901826
-0.0328,2024-03-05,2024-03-12,sz.300866,2025-12-15 20:06:53.901826
-0.248,2024-03-06,2024-03-13,sz.300866,2025-12-15 20:06:53.901826
-0.2563,2024-03-07,2024-03-14,sz.300866,2025-12-15 20:06:53.901826
0.1296,2024-03-08,2024-03-15,sz.300866,2025-12-15 20:06:53.901826
0.0576,2024-03-11,2024-03-18,sz.300866,2025-12-15 20:06:53.901826
-0.0862,2024-03-12,2024-03-19,sz.300866,2025-12-15 20:06:53.901826
-0.1531,2024-03-13,2024-03-20,sz.300866,2025-12-15 20:06:53.901826
-0.03192,2024-03-14,2024-03-21,sz.300866,2025-12-15 20:06:53.901826
0.11774,2024-03-15,2024-03-22,sz.300866,2025-12-15 20:06:53.901826
0.0716,2024-03-18,2024-03-25,sz.300866,2025-12-15 20:06:53.901826
-0.0677,2024-03-19,2024-03-26,sz.300866,2025-12-15 20:06:53.901826
-0.2407,2024-03-20,2024-03-27,sz.300866,2025-12-15 20:06:53.901826
-0.0371,2024-03-21,2024-03-28,sz.300866,2025-12-15 20:06:53.901826
-0.1747,2024-03-22,2024-03-29,sz.300866,2025-12-15 20:06:53.901826
-0.2408,2024-03-25,2024-04-01,sz.300866,2025-12-15 20:06:53.901826
-0.2037,2024-03-26,2024-04-02,sz.300866,2025-12-15 20:06:53.901826
-0.3113,2024-03-27,2024-04-03,sz.300866,2025-12-15 20:06:53.901826
0.003592,2024-03-28,2024-04-04,sz.300866,2025-12-15 20:06:53.901826
0.11945,2024-03-29,2024-04-05,sz.300866,2025-12-15 20:06:53.901826
0.09314,2024-04-01,2024-04-08,sz.300866,2025-12-15 20:06:53.901826
0.01675,2024-04-02,2024-04-09,sz.300866,2025-12-15 20:06:53.901826
0.02928,2024-04-03,2024-04-10,sz.300866,2025-12-15 20:06:53.901826
-0.1617,2024-04-08,2024-04-15,sz.300866,2025-12-15 20:06:53.901826
0.0981,2024-04-09,2024-04-16,sz.300866,2025-12-15 20:06:53.901826
-0.04312,2024-04-10,2024-04-17,sz.300866,2025-12-15 20:06:53.901826
0.02596,2024-04-11,2024-04-18,sz.300866,2025-12-15 20:06:53.901826
0.0338,2024-04-12,2024-04-19,sz.300866,2025-12-15 20:06:53.901826
0.0814,2024-04-15,2024-04-22,sz.300866,2025-12-15 20:06:53.901826
-0.01814,2024-04-16,2024-04-23,sz.300866,2025-12-15 20:06:53.901826
0.1586,2024-04-17,2024-04-24,sz.300866,2025-12-15 20:06:53.901826
0.1533,2024-04-18,2024-04-25,sz.300866,2025-12-15 20:06:53.901826
-0.208,2024-04-19,2024-04-26,sz.300866,2025-12-15 20:06:53.901826
0.05365,2024-04-22,2024-04-29,sz.300866,2025-12-15 20:06:53.901826
0.01095,2024-04-23,2024-04-30,sz.300866,2025-12-15 20:06:53.901826
0.08276,2024-04-24,2024-05-01,sz.300866,2025-12-15 20:06:53.901826
-0.9507,2024-04-25,2024-05-02,sz.300866,2025-12-15 20:06:53.901826
0.2336,2024-04-26,2024-05-03,sz.300866,2025-12-15 20:06:53.901826
0.1672,2024-04-29,2024-05-06,sz.300866,2025-12-15 20:06:53.901826
0.0973,2024-04-30,2024-05-07,sz.300866,2025-12-15 20:06:53.901826
0.0558,2024-05-06,2024-05-13,sz.300866,2025-12-15 20:06:53.901826
0.0887,2024-05-07,2024-05-14,sz.300866,2025-12-15 20:06:53.901826
-0.05832,2024-05-08,2024-05-15,sz.300866,2025-12-15 20:06:53.901826
0.10266,2024-05-09,2024-05-16,sz.300866,2025-12-15 20:06:53.901826
0.0497,2024-05-10,2024-05-17,sz.300866,2025-12-15 20:06:53.901826
0.0962,2024-05-13,2024-05-20,sz.300866,2025-12-15 20:06:53.901826
-0.4255,2024-05-14,2024-05-21,sz.300866,2025-12-15 20:06:53.901826
0.0932,2024-05-15,2024-05-22,sz.300866,2025-12-15 20:06:53.901826
-0.084,2024-05-16,2024-05-23,sz.300866,2025-12-15 20:06:53.901826
-0.3796,2024-05-17,2024-05-24,sz.300866,2025-12-15 20:06:53.901826
-0.1729,2024-05-20,2024-05-27,sz.300866,2025-12-15 20:06:53.901826
0.0341,2024-05-21,2024-05-28,sz.300866,2025-12-15 20:06:53.901826
-0.08124,2024-05-22,2024-05-29,sz.300866,2025-12-15 20:06:53.901826
-0.1891,2024-05-23,2024-05-30,sz.300866,2025-12-15 20:06:53.901826
0.0935,2024-05-24,2024-05-31,sz.300866,2025-12-15 20:06:53.901826
0.04782,2024-05-27,2024-06-03,sz.300866,2025-12-15 20:06:53.901826
-0.0767,2024-05-28,2024-06-04,sz.300866,2025-12-15 20:06:53.901826
-0.009674,2024-05-29,2024-06-05,sz.300866,2025-12-15 20:06:53.901826
-0.03513,2024-05-30,2024-06-06,sz.300866,2025-12-15 20:06:53.901826
-0.264,2024-05-31,2024-06-07,sz.300866,2025-12-15 20:06:53.901826
0.04028,2024-06-03,2024-06-10,sz.300866,2025-12-15 20:06:53.901826
0.1062,2024-06-04,2024-06-11,sz.300866,2025-12-15 20:06:53.901826
-0.1616,2024-06-05,2024-06-12,sz.300866,2025-12-15 20:06:53.901826
0.05038,2024-06-06,2024-06-13,sz.300866,2025-12-15 20:06:53.901826
-0.3018,2024-06-07,2024-06-14,sz.300866,2025-12-15 20:06:53.901826
0.06573,2024-06-11,2024-06-18,sz.300866,2025-12-15 20:06:53.901826
0.1465,2024-06-12,2024-06-19,sz.300866,2025-12-15 20:06:53.901826
-0.0148,2024-06-13,2024-06-20,sz.300866,2025-12-15 20:06:53.901826
-0.11755,2024-06-14,2024-06-21,sz.300866,2025-12-15 20:06:53.901826
0.1384,2024-06-17,2024-06-24,sz.300866,2025-12-15 20:06:53.901826
-0.0984,2024-06-18,2024-06-25,sz.300866,2025-12-15 20:06:53.901826
-0.0388,2024-06-19,2024-06-26,sz.300866,2025-12-15 20:06:53.901826
-0.03867,2024-06-20,2024-06-27,sz.300866,2025-12-15 20:06:53.901826
0.0744,2024-06-21,2024-06-28,sz.300866,2025-12-15 20:06:53.901826
-0.358,2024-06-24,2024-07-01,sz.300866,2025-12-15 20:06:53.901826
-0.0855,2024-06-25,2024-07-02,sz.300866,2025-12-15 20:06:53.901826
-0.06616,2024-06-26,2024-07-03,sz.300866,2025-12-15 20:06:53.901826
-0.0833,2024-06-27,2024-07-04,sz.300866,2025-12-15 20:06:53.901826
-0.0559,2024-06-28,2024-07-05,sz.300866,2025-12-15 20:06:53.901826
-0.2319,2024-07-01,2024-07-08,sz.300866,2025-12-15 20:06:53.901826
-0.594,2024-07-02,2024-07-09,sz.300866,2025-12-15 20:06:53.901826
-0.3525,2024-07-03,2024-07-10,sz.300866,2025-12-15 20:06:53.901826
0.03857,2024-07-04,2024-07-11,sz.300866,2025-12-15 20:06:53.901826
-0.2236,2024-07-05,2024-07-12,sz.300866,2025-12-15 20:06:53.901826
-0.203,2024-07-08,2024-07-15,sz.300866,2025-12-15 20:06:53.901826
0.01441,2024-07-09,2024-07-16,sz.300866,2025-12-15 20:06:53.901826
-0.1384,2024-07-10,2024-07-17,sz.300866,2025-12-15 20:06:53.901826
-0.069,2024-07-11,2024-07-18,sz.300866,2025-12-15 20:06:53.901826
-0.03317,2024-07-12,2024-07-19,sz.300866,2025-12-15 20:06:53.901826
-0.3875,2024-07-15,2024-07-22,sz.300866,2025-12-15 20:06:53.901826
-0.06537,2024-07-16,2024-07-23,sz.300866,2025-12-15 20:06:53.901826
-0.589,2024-07-17,2024-07-24,sz.300866,2025-12-15 20:06:53.901826
0.0524,2024-07-18,2024-07-25,sz.300866,2025-12-15 20:06:53.901826
0.11786,2024-07-19,2024-07-26,sz.300866,2025-12-15 20:06:53.901826
0.0404,2024-07-22,2024-07-29,sz.300866,2025-12-15 20:06:53.901826
-0.2632,2024-07-23,2024-07-30,sz.300866,2025-12-15 20:06:53.901826
-0.09064,2024-07-24,2024-07-31,sz.300866,2025-12-15 20:06:53.901826
-0.01366,2024-07-25,2024-08-01,sz.300866,2025-12-15 20:06:53.901826
0.03632,2024-07-26,2024-08-02,sz.300866,2025-12-15 20:06:53.901826
0.0773,2024-07-29,2024-08-05,sz.300866,2025-12-15 20:06:53.901826
-0.02773,2024-07-30,2024-08-06,sz.300866,2025-12-15 20:06:53.901826
0.2188,2024-07-31,2024-08-07,sz.300866,2025-12-15 20:06:53.901826
-0.1793,2024-08-01,2024-08-08,sz.300866,2025-12-15 20:06:53.901826
-0.0958,2024-08-02,2024-08-09,sz.300866,2025-12-15 20:06:53.901826
-0.1011,2024-08-05,2024-08-12,sz.300866,2025-12-15 20:06:53.901826
-0.0309,2024-08-06,2024-08-13,sz.300866,2025-12-15 20:06:53.901826
0.0807,2024-08-07,2024-08-14,sz.300866,2025-12-15 20:06:53.901826
0.04224,2024-08-08,2024-08-15,sz.300866,2025-12-15 20:06:53.901826
0.1849,2024-08-09,2024-08-16,sz.300866,2025-12-15 20:06:53.901826
-0.01383,2024-08-12,2024-08-19,sz.300866,2025-12-15 20:06:53.901826
-0.04492,2024-08-13,2024-08-20,sz.300866,2025-12-15 20:06:53.901826
-0.2479,2024-08-14,2024-08-21,sz.300866,2025-12-15 20:06:53.901826
0.0818,2024-08-15,2024-08-22,sz.300866,2025-12-15 20:06:53.901826
-0.03702,2024-08-16,2024-08-23,sz.300866,2025-12-15 20:06:53.901826
0.202,2024-08-19,2024-08-26,sz.300866,2025-12-15 20:06:53.901826
0.126,2024-08-20,2024-08-27,sz.300866,2025-12-15 20:06:53.901826
0.02374,2024-08-21,2024-08-28,sz.300866,2025-12-15 20:06:53.901826
-0.1467,2024-08-22,2024-08-29,sz.300866,2025-12-15 20:06:53.901826
0.12366,2024-08-23,2024-08-30,sz.300866,2025-12-15 20:06:53.901826
-0.2418,2024-08-26,2024-09-02,sz.300866,2025-12-15 20:06:53.901826
0.22,2024-08-27,2024-09-03,sz.300866,2025-12-15 20:06:53.901826
0.065,2024-08-28,2024-09-04,sz.300866,2025-12-15 20:06:53.901826
0.2075,2024-08-29,2024-09-05,sz.300866,2025-12-15 20:06:53.901826
-0.1749,2024-08-30,2024-09-06,sz.300866,2025-12-15 20:06:53.901826
-0.2437,2024-09-02,2024-09-09,sz.300866,2025-12-15 20:06:53.901826
0.1847,2024-09-03,2024-09-10,sz.300866,2025-12-15 20:06:53.901826
0.04938,2024-09-04,2024-09-11,sz.300866,2025-12-15 20:06:53.901826
0.0967,2024-09-05,2024-09-12,sz.300866,2025-12-15 20:06:53.901826
-0.2437,2024-09-06,2024-09-13,sz.300866,2025-12-15 20:06:53.901826
-0.0421,2024-09-09,2024-09-16,sz.300866,2025-12-15 20:06:53.901826
0.0827,2024-09-10,2024-09-17,sz.300866,2025-12-15 20:06:53.901826
0.208,2024-09-11,2024-09-18,sz.300866,2025-12-15 20:06:53.901826
-0.0688,2024-09-12,2024-09-19,sz.300866,2025-12-15 20:06:53.901826
-0.07324,2024-09-13,2024-09-20,sz.300866,2025-12-15 20:06:53.901826
0.1759,2024-09-18,2024-09-25,sz.300866,2025-12-15 20:06:53.901826
-0.0531,2024-09-19,2024-09-26,sz.300866,2025-12-15 20:06:53.901826
-0.0708,2024-09-20,2024-09-27,sz.300866,2025-12-15 20:06:53.901826
0.1257,2024-09-23,2024-09-30,sz.300866,2025-12-15 20:06:53.901826
0.0235,2024-09-24,2024-10-01,sz.300866,2025-12-15 20:06:53.901826
-0.3992,2024-09-25,2024-10-02,sz.300866,2025-12-15 20:06:53.901826
0.08594,2024-09-26,2024-10-03,sz.300866,2025-12-15 20:06:53.901826
0.0241,2024-09-27,2024-10-04,sz.300866,2025-12-15 20:06:53.901826
0.0945,2024-09-30,2024-10-07,sz.300866,2025-12-15 20:06:53.901826
-0.9917,2024-10-08,2024-10-15,sz.300866,2025-12-15 20:06:53.901826
-1.064,2024-10-09,2024-10-16,sz.300866,2025-12-15 20:06:53.901826
-0.572,2024-10-10,2024-10-17,sz.300866,2025-12-15 20:06:53.901826
-0.8,2024-10-11,2024-10-18,sz.300866,2025-12-15 20:06:53.901826
-0.0705,2024-10-14,2024-10-21,sz.300866,2025-12-15 20:06:53.901826
-0.4426,2024-10-15,2024-10-22,sz.300866,2025-12-15 20:06:53.901826
-0.1967,2024-10-16,2024-10-23,sz.300866,2025-12-15 20:06:53.901826
-0.2493,2024-10-17,2024-10-24,sz.300866,2025-12-15 20:06:53.901826
-0.11127,2024-10-18,2024-10-25,sz.300866,2025-12-15 20:06:53.901826
-0.4956,2024-10-21,2024-10-28,sz.300866,2025-12-15 20:06:53.901826
-0.1554,2024-10-22,2024-10-29,sz.300866,2025-12-15 20:06:53.901826
-0.09393,2024-10-23,2024-10-30,sz.300866,2025-12-15 20:06:53.901826
-0.03778,2024-10-24,2024-10-31,sz.300866,2025-12-15 20:06:53.901826
-0.03915,2024-10-25,2024-11-01,sz.300866,2025-12-15 20:06:53.901826
0.002161,2024-10-28,2024-11-04,sz.300866,2025-12-15 20:06:53.901826
-0.2208,2024-10-29,2024-11-05,sz.300866,2025-12-15 20:06:53.901826
-0.8228,2024-10-30,2024-11-06,sz.300866,2025-12-15 20:06:53.901826
-0.1892,2024-10-31,2024-11-07,sz.300866,2025-12-15 20:06:53.901826
-0.2788,2024-11-01,2024-11-08,sz.300866,2025-12-15 20:06:53.901826
0.151,2024-11-04,2024-11-11,sz.300866,2025-12-15 20:06:53.901826
-0.1466,2024-11-05,2024-11-12,sz.300866,2025-12-15 20:06:53.901826
-0.4502,2024-11-06,2024-11-13,sz.300866,2025-12-15 20:06:53.901826
0.00894,2024-11-07,2024-11-14,sz.300866,2025-12-15 20:06:53.901826
-0.1278,2024-11-08,2024-11-15,sz.300866,2025-12-15 20:06:53.901826
0.007057,2024-11-11,2024-11-18,sz.300866,2025-12-15 20:06:53.901826
-0.2457,2024-11-12,2024-11-19,sz.300866,2025-12-15 20:06:53.901826
-0.1523,2024-11-13,2024-11-20,sz.300866,2025-12-15 20:06:53.901826
-0.2893,2024-11-14,2024-11-21,sz.300866,2025-12-15 20:06:53.901826
-0.5474,2024-11-15,2024-11-22,sz.300866,2025-12-15 20:06:53.901826
-0.1652,2024-11-18,2024-11-25,sz.300866,2025-12-15 20:06:53.901826
-0.03592,2024-11-19,2024-11-26,sz.300866,2025-12-15 20:06:53.901826
-0.1501,2024-11-20,2024-11-27,sz.300866,2025-12-15 20:06:53.901826
0.02722,2024-11-21,2024-11-28,sz.300866,2025-12-15 20:06:53.901826
-0.7573,2024-11-22,2024-11-29,sz.300866,2025-12-15 20:06:53.901826
-0.1292,2024-11-25,2024-12-02,sz.300866,2025-12-15 20:06:53.901826
-0.003357,2024-11-26,2024-12-03,sz.300866,2025-12-15 20:06:53.901826
0.046,2024-11-27,2024-12-04,sz.300866,2025-12-15 20:06:53.901826
-0.2507,2024-11-28,2024-12-05,sz.300866,2025-12-15 20:06:53.901826
-0.0702,2024-11-29,2024-12-06,sz.300866,2025-12-15 20:06:53.901826
-0.1348,2024-12-02,2024-12-09,sz.300866,2025-12-15 20:06:53.901826
-0.06186,2024-12-03,2024-12-10,sz.300866,2025-12-15 20:06:53.901826
-0.2898,2024-12-04,2024-12-11,sz.300866,2025-12-15 20:06:53.901826
-0.01338,2024-12-05,2024-12-12,sz.300866,2025-12-15 20:06:53.901826
0.0002515,2024-12-06,2024-12-13,sz.300866,2025-12-15 20:06:53.901826
-0.11743,2024-12-09,2024-12-16,sz.300866,2025-12-15 20:06:53.901826
-0.376,2024-12-10,2024-12-17,sz.300866,2025-12-15 20:06:53.901826
-0.1251,2024-12-11,2024-12-18,sz.300866,2025-12-15 20:06:53.901826
-0.128,2024-12-12,2024-12-19,sz.300866,2025-12-15 20:06:53.901826
-0.135,2024-12-13,2024-12-20,sz.300866,2025-12-15 20:06:53.901826
-0.1979,2024-12-16,2024-12-23,sz.300866,2025-12-15 20:06:53.901826
-0.2163,2024-12-17,2024-12-24,sz.300866,2025-12-15 20:06:53.901826
0.04007,2024-12-18,2024-12-25,sz.300866,2025-12-15 20:06:53.901826
0.00855,2024-12-19,2024-12-26,sz.300866,2025-12-15 20:06:53.901826
-0.2449,2024-12-20,2024-12-27,sz.300866,2025-12-15 20:06:53.901826
-0.08514,2024-12-23,2024-12-30,sz.300866,2025-12-15 20:06:53.901826
-0.139,2024-12-24,2024-12-31,sz.300866,2025-12-15 20:06:53.901826
-0.1566,2024-12-25,2025-01-01,sz.300866,2025-12-15 20:06:53.901826
-0.08795,2024-12-26,2025-01-02,sz.300866,2025-12-15 20:06:53.901826
-0.1268,2024-12-27,2025-01-03,sz.300866,2025-12-15 20:06:53.901826
-0.03001,2024-12-30,2025-01-06,sz.300866,2025-12-15 20:06:53.901826
-0.2451,2024-12-31,2025-01-07,sz.300866,2025-12-15 20:06:53.901826
-0.668,2025-01-02,2025-01-09,sz.300866,2025-12-15 20:06:53.901826
-0.3245,2025-01-03,2025-01-10,sz.300866,2025-12-15 20:06:53.901826
0.011284,2025-01-06,2025-01-13,sz.300866,2025-12-15 20:06:53.901826
-0.02144,2025-01-07,2025-01-14,sz.300866,2025-12-15 20:06:53.901826
-0.05692,2025-01-08,2025-01-15,sz.300866,2025-12-15 20:06:53.901826
-0.2494,2025-01-09,2025-01-16,sz.300866,2025-12-15 20:06:53.901826
-0.2607,2025-01-10,2025-01-17,sz.300866,2025-12-15 20:06:53.901826
0.005936,2025-01-13,2025-01-20,sz.300866,2025-12-15 20:06:53.901826
-0.1558,2025-01-14,2025-01-21,sz.300866,2025-12-15 20:06:53.901826
-0.11993,2025-01-15,2025-01-22,sz.300866,2025-12-15 20:06:53.901826
-0.2837,2025-01-16,2025-01-23,sz.300866,2025-12-15 20:06:53.901826
-0.1037,2025-01-17,2025-01-24,sz.300866,2025-12-15 20:06:53.901826
-0.643,2025-01-20,2025-01-27,sz.300866,2025-12-15 20:06:53.901826
-0.2139,2025-01-21,2025-01-28,sz.300866,2025-12-15 20:06:53.901826
-0.1126,2025-01-22,2025-01-29,sz.300866,2025-12-15 20:06:53.901826
-0.5684,2025-01-23,2025-01-30,sz.300866,2025-12-15 20:06:53.901826
-0.0292,2025-01-24,2025-01-31,sz.300866,2025-12-15 20:06:53.901826
-0.1648,2025-01-27,2025-02-03,sz.300866,2025-12-15 20:06:53.901826
-0.1376,2025-02-05,2025-02-12,sz.300866,2025-12-15 20:06:53.901826
-0.214,2025-02-06,2025-02-13,sz.300866,2025-12-15 20:06:53.901826
-0.3982,2025-02-07,2025-02-14,sz.300866,2025-12-15 20:06:53.901826
-0.4158,2025-02-10,2025-02-17,sz.300866,2025-12-15 20:06:53.901826
-0.03516,2025-02-11,2025-02-18,sz.300866,2025-12-15 20:06:53.901826
-0.0843,2025-02-12,2025-02-19,sz.300866,2025-12-15 20:06:53.901826
-0.2788,2025-02-13,2025-02-20,sz.300866,2025-12-15 20:06:53.901826
-0.1671,2025-02-14,2025-02-21,sz.300866,2025-12-15 20:06:53.901826
-0.2454,2025-02-17,2025-02-24,sz.300866,2025-12-15 20:06:53.901826
-0.3037,2025-02-18,2025-02-25,sz.300866,2025-12-15 20:06:53.901826
0.01994,2025-02-19,2025-02-26,sz.300866,2025-12-15 20:06:53.901826
-0.11084,2025-02-20,2025-02-27,sz.300866,2025-12-15 20:06:53.901826
-0.05295,2025-02-21,2025-02-28,sz.300866,2025-12-15 20:06:53.901826
-0.2461,2025-02-24,2025-03-03,sz.300866,2025-12-15 20:06:53.901826
-0.598,2025-02-25,2025-03-04,sz.300866,2025-12-15 20:06:53.901826
-0.4797,2025-02-26,2025-03-05,sz.300866,2025-12-15 20:06:53.901826
-0.1797,2025-02-27,2025-03-06,sz.300866,2025-12-15 20:06:53.901826
-0.555,2025-02-28,2025-03-07,sz.300866,2025-12-15 20:06:53.901826
-0.06885,2025-03-03,2025-03-10,sz.300866,2025-12-15 20:06:53.901826
-0.265,2025-03-04,2025-03-11,sz.300866,2025-12-15 20:06:53.901826
-0.254,2025-03-05,2025-03-12,sz.300866,2025-12-15 20:06:53.901826
-0.6763,2025-03-06,2025-03-13,sz.300866,2025-12-15 20:06:53.901826
-0.9053,2025-03-07,2025-03-14,sz.300866,2025-12-15 20:06:53.901826
-0.0969,2025-03-10,2025-03-17,sz.300866,2025-12-15 20:06:53.901826
-0.327,2025-03-11,2025-03-18,sz.300866,2025-12-15 20:06:53.901826
-0.3083,2025-03-12,2025-03-19,sz.300866,2025-12-15 20:06:53.901826
-0.0352,2025-03-13,2025-03-20,sz.300866,2025-12-15 20:06:53.901826
-0.0285,2025-03-14,2025-03-21,sz.300866,2025-12-15 20:06:53.901826
-0.1711,2025-03-17,2025-03-24,sz.300866,2025-12-15 20:06:53.901826
-0.045,2025-03-18,2025-03-25,sz.300866,2025-12-15 20:06:53.901826
-0.06125,2025-03-19,2025-03-26,sz.300866,2025-12-15 20:06:53.901826
-0.2051,2025-03-20,2025-03-27,sz.300866,2025-12-15 20:06:53.901826
-0.621,2025-03-21,2025-03-28,sz.300866,2025-12-15 20:06:53.901826
0.03293,2025-03-24,2025-03-31,sz.300866,2025-12-15 20:06:53.901826
-0.2754,2025-03-25,2025-04-01,sz.300866,2025-12-15 20:06:53.901826
-0.1367,2025-03-26,2025-04-02,sz.300866,2025-12-15 20:06:53.901826
-0.01938,2025-03-27,2025-04-03,sz.300866,2025-12-15 20:06:53.901826
-0.1962,2025-03-28,2025-04-04,sz.300866,2025-12-15 20:06:53.901826
-0.1144,2025-03-31,2025-04-07,sz.300866,2025-12-15 20:06:53.901826
-0.1197,2025-04-01,2025-04-08,sz.300866,2025-12-15 20:06:53.901826
-0.0828,2025-04-02,2025-04-09,sz.300866,2025-12-15 20:06:53.901826
-1.126,2025-04-03,2025-04-10,sz.300866,2025-12-15 20:06:53.901826
-0.5654,2025-04-07,2025-04-14,sz.300866,2025-12-15 20:06:53.901826
-0.5205,2025-04-08,2025-04-15,sz.300866,2025-12-15 20:06:53.901826
-0.288,2025-04-09,2025-04-16,sz.300866,2025-12-15 20:06:53.901826
-0.7856,2025-04-10,2025-04-17,sz.300866,2025-12-15 20:06:53.901826
-0.08716,2025-04-11,2025-04-18,sz.300866,2025-12-15 20:06:53.901826
-0.4578,2025-04-14,2025-04-21,sz.300866,2025-12-15 20:06:53.901826
-0.1131,2025-04-15,2025-04-22,sz.300866,2025-12-15 20:06:53.901826
-0.5015,2025-04-16,2025-04-23,sz.300866,2025-12-15 20:06:53.901826
-0.0182,2025-04-17,2025-04-24,sz.300866,2025-12-15 20:06:53.901826
-0.05026,2025-04-18,2025-04-25,sz.300866,2025-12-15 20:06:53.901826
0.07086,2025-04-21,2025-04-28,sz.300866,2025-12-15 20:06:53.901826
-0.6167,2025-04-22,2025-04-29,sz.300866,2025-12-15 20:06:53.901826
-0.02335,2025-04-23,2025-04-30,sz.300866,2025-12-15 20:06:53.901826
-0.2094,2025-04-24,2025-05-01,sz.300866,2025-12-15 20:06:53.901826
-0.00996,2025-04-25,2025-05-02,sz.300866,2025-12-15 20:06:53.901826
-0.3894,2025-04-28,2025-05-05,sz.300866,2025-12-15 20:06:53.901826
-0.507,2025-04-29,2025-05-06,sz.300866,2025-12-15 20:06:53.901826
0.06192,2025-04-30,2025-05-07,sz.300866,2025-12-15 20:06:53.901826
-0.328,2025-05-06,2025-05-13,sz.300866,2025-12-15 20:06:53.901826
-0.3262,2025-05-07,2025-05-14,sz.300866,2025-12-15 20:06:53.901826
-0.004696,2025-05-08,2025-05-15,sz.300866,2025-12-15 20:06:53.901826
-0.1126,2025-05-09,2025-05-16,sz.300866,2025-12-15 20:06:53.901826
0.1417,2025-05-12,2025-05-19,sz.300866,2025-12-15 20:06:53.901826
-1.06,2025-05-13,2025-05-20,sz.300866,2025-12-15 20:06:53.901826
-0.2505,2025-05-14,2025-05-21,sz.300866,2025-12-15 20:06:53.901826
-0.2233,2025-05-15,2025-05-22,sz.300866,2025-12-15 20:06:53.901826
-0.006943,2025-05-16,2025-05-23,sz.300866,2025-12-15 20:06:53.901826
-0.2094,2025-05-19,2025-05-26,sz.300866,2025-12-15 20:06:53.901826
-0.182,2025-05-20,2025-05-27,sz.300866,2025-12-15 20:06:53.901826
-0.0817,2025-05-21,2025-05-28,sz.300866,2025-12-15 20:06:53.901826
-0.1256,2025-05-22,2025-05-29,sz.300866,2025-12-15 20:06:53.901826
-0.1099,2025-05-23,2025-05-30,sz.300866,2025-12-15 20:06:53.901826
-0.5767,2025-05-26,2025-06-02,sz.300866,2025-12-15 20:06:53.901826
-0.1641,2025-05-27,2025-06-03,sz.300866,2025-12-15 20:06:53.901826
-0.06256,2025-05-28,2025-06-04,sz.300866,2025-12-15 20:06:53.901826
-0.1711,2025-05-29,2025-06-05,sz.300866,2025-12-15 20:06:53.901826
-0.248,2025-05-30,2025-06-06,sz.300866,2025-12-15 20:06:53.901826
-0.2717,2025-06-03,2025-06-10,sz.300866,2025-12-15 20:06:53.901826
-0.093,2025-06-04,2025-06-11,sz.300866,2025-12-15 20:06:53.901826
0.01863,2025-06-05,2025-06-12,sz.300866,2025-12-15 20:06:53.901826
-0.2827,2025-06-06,2025-06-13,sz.300866,2025-12-15 20:06:53.901826
-0.0869,2025-06-09,2025-06-16,sz.300866,2025-12-15 20:06:53.901826
-0.06082,2025-06-10,2025-06-17,sz.300866,2025-12-15 20:06:53.901826
-0.1037,2025-06-11,2025-06-18,sz.300866,2025-12-15 20:06:53.901826
-0.2632,2025-06-12,2025-06-19,sz.300866,2025-12-15 20:06:53.901826
-0.2435,2025-06-13,2025-06-20,sz.300866,2025-12-15 20:06:53.901826
-0.5474,2025-06-16,2025-06-23,sz.300866,2025-12-15 20:06:53.901826
-0.1521,2025-06-17,2025-06-24,sz.300866,2025-12-15 20:06:53.901826
-0.116,2025-06-18,2025-06-25,sz.300866,2025-12-15 20:06:53.901826
-0.4045,2025-06-19,2025-06-26,sz.300866,2025-12-15 20:06:53.901826
-0.1625,2025-06-20,2025-06-27,sz.300866,2025-12-15 20:06:53.901826
-0.08167,2025-06-23,2025-06-30,sz.300866,2025-12-15 20:06:53.901826
-0.1349,2025-06-24,2025-07-01,sz.300866,2025-12-15 20:06:53.901826
-0.1461,2025-06-25,2025-07-02,sz.300866,2025-12-15 20:06:53.901826
-0.1724,2025-06-26,2025-07-03,sz.300866,2025-12-15 20:06:53.901826
0.00624,2025-06-27,2025-07-04,sz.300866,2025-12-15 20:06:53.901826
-0.2401,2025-06-30,2025-07-07,sz.300866,2025-12-15 20:06:53.901826
-0.1744,2025-07-01,2025-07-08,sz.300866,2025-12-15 20:06:53.901826
-0.05023,2025-07-02,2025-07-09,sz.300866,2025-12-15 20:06:53.901826
-0.0628,2025-07-03,2025-07-10,sz.300866,2025-12-15 20:06:53.901826
-0.3127,2025-07-04,2025-07-11,sz.300866,2025-12-15 20:06:53.901826
-0.2472,2025-07-07,2025-07-14,sz.300866,2025-12-15 20:06:53.901826
-0.007767,2025-07-08,2025-07-15,sz.300866,2025-12-15 20:06:53.901826
-0.2356,2025-07-09,2025-07-16,sz.300866,2025-12-15 20:06:53.901826
-0.613,2025-07-10,2025-07-17,sz.300866,2025-12-15 20:06:53.901826
-0.12494,2025-07-11,2025-07-18,sz.300866,2025-12-15 20:06:53.901826
0.01286,2025-07-14,2025-07-21,sz.300866,2025-12-15 20:06:53.901826
-0.02371,2025-07-15,2025-07-22,sz.300866,2025-12-15 20:06:53.901826
-0.3225,2025-07-16,2025-07-23,sz.300866,2025-12-15 20:06:53.901826
-0.1505,2025-07-17,2025-07-24,sz.300866,2025-12-15 20:06:53.901826
-0.4644,2025-07-18,2025-07-25,sz.300866,2025-12-15 20:06:53.901826
-0.2153,2025-07-21,2025-07-28,sz.300866,2025-12-15 20:06:53.901826
-0.1873,2025-07-22,2025-07-29,sz.300866,2025-12-15 20:06:53.901826
-0.0866,2025-07-23,2025-07-30,sz.300866,2025-12-15 20:06:53.901826
-0.21,2025-07-24,2025-07-31,sz.300866,2025-12-15 20:06:53.901826
-0.02847,2025-07-25,2025-08-01,sz.300866,2025-12-15 20:06:53.901826
-0.0793,2025-07-28,2025-08-04,sz.300866,2025-12-15 20:06:53.901826
-0.1648,2025-07-29,2025-08-05,sz.300866,2025-12-15 20:06:53.901826
-0.2766,2025-07-30,2025-08-06,sz.300866,2025-12-15 20:06:53.901826
-0.475,2025-07-31,2025-08-07,sz.300866,2025-12-15 20:06:53.901826
-0.434,2025-08-01,2025-08-08,sz.300866,2025-12-15 20:06:53.901826
-0.1445,2025-08-04,2025-08-11,sz.300866,2025-12-15 20:06:53.901826
-0.2047,2025-08-05,2025-08-12,sz.300866,2025-12-15 20:06:53.901826
-0.0192,2025-08-06,2025-08-13,sz.300866,2025-12-15 20:06:53.901826
-0.283,2025-08-07,2025-08-14,sz.300866,2025-12-15 20:06:53.901826
-0.1864,2025-08-08,2025-08-15,sz.300866,2025-12-15 20:06:53.901826
-0.102,2025-08-11,2025-08-18,sz.300866,2025-12-15 20:06:53.901826
-0.2622,2025-08-12,2025-08-19,sz.300866,2025-12-15 20:06:53.901826
-0.197,2025-08-13,2025-08-20,sz.300866,2025-12-15 20:06:53.901826
-0.27,2025-08-14,2025-08-21,sz.300866,2025-12-15 20:06:53.901826
-0.1912,2025-08-15,2025-08-22,sz.300866,2025-12-15 20:06:53.901826
-0.179,2025-08-18,2025-08-25,sz.300866,2025-12-15 20:06:53.901826
-0.4915,2025-08-19,2025-08-26,sz.300866,2025-12-15 20:06:53.901826
-0.1371,2025-08-20,2025-08-27,sz.300866,2025-12-15 20:06:53.901826
-0.2893,2025-08-21,2025-08-28,sz.300866,2025-12-15 20:06:53.901826
-0.252,2025-08-22,2025-08-29,sz.300866,2025-12-15 20:06:53.901826
-0.3818,2025-08-25,2025-09-01,sz.300866,2025-12-15 20:06:53.901826
-0.3352,2025-08-26,2025-09-02,sz.300866,2025-12-15 20:06:53.901826
-0.691,2025-08-27,2025-09-03,sz.300866,2025-12-15 20:06:53.901826
-0.1417,2025-08-28,2025-09-04,sz.300866,2025-12-15 20:06:53.901826
-0.4524,2025-08-29,2025-09-05,sz.300866,2025-12-15 20:06:53.901826
-0.1752,2025-09-01,2025-09-08,sz.300866,2025-12-15 20:06:53.901826
-0.4006,2025-09-02,2025-09-09,sz.300866,2025-12-15 20:06:53.901826
-0.6045,2025-09-03,2025-09-10,sz.300866,2025-12-15 20:06:53.901826
-0.7104,2025-09-04,2025-09-11,sz.300866,2025-12-15 20:06:53.901826
-0.09283,2025-09-05,2025-09-12,sz.300866,2025-12-15 20:06:53.901826
-0.4993,2025-09-08,2025-09-15,sz.300866,2025-12-15 20:06:53.901826
-0.287,2025-09-09,2025-09-16,sz.300866,2025-12-15 20:06:53.901826
-0.1014,2025-09-10,2025-09-17,sz.300866,2025-12-15 20:06:53.901826
-0.1904,2025-09-11,2025-09-18,sz.300866,2025-12-15 20:06:53.901826
-0.3992,2025-09-12,2025-09-19,sz.300866,2025-12-15 20:06:53.901826
-0.3171,2025-09-15,2025-09-22,sz.300866,2025-12-15 20:06:53.901826
-0.2291,2025-09-16,2025-09-23,sz.300866,2025-12-15 20:06:53.901826
-0.08386,2025-09-17,2025-09-24,sz.300866,2025-12-15 20:06:53.901826
-0.3042,2025-09-18,2025-09-25,sz.300866,2025-12-15 20:06:53.901826
-0.2312,2025-09-19,2025-09-26,sz.300866,2025-12-15 20:06:53.901826
-1.359,2025-09-22,2025-09-29,sz.300866,2025-12-15 20:06:53.901826
-0.1896,2025-09-23,2025-09-30,sz.300866,2025-12-15 20:06:53.901826
-0.05026,2025-09-24,2025-10-01,sz.300866,2025-12-15 20:06:53.901826
-0.3215,2025-09-25,2025-10-02,sz.300866,2025-12-15 20:06:53.901826
-0.361,2025-09-26,2025-10-03,sz.300866,2025-12-15 20:06:53.901826
-0.1299,2025-09-29,2025-10-06,sz.300866,2025-12-15 20:06:53.901826
-0.5156,2025-09-30,2025-10-07,sz.300866,2025-12-15 20:06:53.901826
-0.1659,2025-10-09,2025-10-16,sz.300866,2025-12-15 20:06:53.901826
-0.4043,2025-10-10,2025-10-17,sz.300866,2025-12-15 20:06:53.901826
-0.4497,2025-10-13,2025-10-20,sz.300866,2025-12-15 20:06:53.901826
-0.6904,2025-10-14,2025-10-21,sz.300866,2025-12-15 20:06:53.901826
-0.05362,2025-10-15,2025-10-22,sz.300866,2025-12-15 20:06:53.901826
-0.2417,2025-10-16,2025-10-23,sz.300866,2025-12-15 20:06:53.901826
-0.588,2025-10-17,2025-10-24,sz.300866,2025-12-15 20:06:53.901826
0.0011015,2025-10-20,2025-10-27,sz.300866,2025-12-15 20:06:53.901826
-0.1241,2025-10-21,2025-10-28,sz.300866,2025-12-15 20:06:53.901826
-0.17,2025-10-22,2025-10-29,sz.300866,2025-12-15 20:06:53.901826
-0.11005,2025-10-23,2025-10-30,sz.300866,2025-12-15 20:06:53.901826
-0.299,2025-10-24,2025-10-31,sz.300866,2025-12-15 20:06:53.901826
-0.098,2025-10-27,2025-11-03,sz.300866,2025-12-15 20:06:53.901826
-0.10004,2025-10-28,2025-11-04,sz.300866,2025-12-15 20:06:53.901826
-0.4692,2025-10-29,2025-11-05,sz.300866,2025-12-15 20:06:53.901826
-1.23,2025-10-30,2025-11-06,sz.300866,2025-12-15 20:06:53.901826
-0.05466,2025-10-31,2025-11-07,sz.300866,2025-12-15 20:06:53.901826
-0.3875,2025-11-03,2025-11-10,sz.300866,2025-12-15 20:06:53.901826
-0.399,2025-11-04,2025-11-11,sz.300866,2025-12-15 20:06:53.901826
-0.0859,2025-11-05,2025-11-12,sz.300866,2025-12-15 20:06:53.901826
-0.0957,2025-11-06,2025-11-13,sz.300866,2025-12-15 20:06:53.901826
-0.551,2025-11-07,2025-11-14,sz.300866,2025-12-15 20:06:53.901826
-0.1677,2025-11-10,2025-11-17,sz.300866,2025-12-15 20:06:53.901826
-0.3923,2025-11-11,2025-11-18,sz.300866,2025-12-15 20:06:53.901826
-0.07965,2025-11-12,2025-11-19,sz.300866,2025-12-15 20:06:53.901826
-0.07806,2025-11-13,2025-11-20,sz.300866,2025-12-15 20:06:53.901826
-0.3313,2025-11-14,2025-11-21,sz.300866,2025-12-15 20:06:53.901826
-0.4553,2025-11-17,2025-11-24,sz.300866,2025-12-15 20:06:53.901826
-0.1913,2025-11-18,2025-11-25,sz.300866,2025-12-15 20:06:53.901826
-0.1741,2025-11-19,2025-11-26,sz.300866,2025-12-15 20:06:53.901826
-0.1555,2025-11-20,2025-11-27,sz.300866,2025-12-15 20:06:53.901826
-0.1932,2025-11-21,2025-11-28,sz.300866,2025-12-15 20:06:53.901826
-0.1134,2025-11-24,2025-12-01,sz.300866,2025-12-15 20:06:53.901826
0.01869,2025-11-25,2025-12-02,sz.300866,2025-12-15 20:06:53.901826
-0.07416,2025-11-26,2025-12-03,sz.300866,2025-12-15 20:06:53.901826
-0.1497,2025-11-27,2025-12-04,sz.300866,2025-12-15 20:06:53.901826
-0.1917,2025-11-28,2025-12-05,sz.300866,2025-12-15 20:06:53.901826
-0.4182,2025-12-01,2025-12-08,sz.300866,2025-12-15 20:06:53.901826
-0.429,2025-12-02,2025-12-09,sz.300866,2025-12-15 20:06:53.901826
-0.09033,2025-12-03,2025-12-10,sz.300866,2025-12-15 20:06:53.901826
-0.0929,2025-12-04,2025-12-11,sz.300866,2025-12-15 20:06:53.901826
-0.013435,2025-12-05,2025-12-12,sz.300866,2025-12-15 20:06:53.901826
-0.3926,2025-12-08,2025-12-15,sz.300866,2025-12-15 20:06:53.901826
-0.1344,2025-12-09,2025-12-16,sz.300866,2025-12-15 20:06:53.901826
0.03064,2025-12-10,2025-12-17,sz.300866,2025-12-15 20:06:53.901826
-0.2834,2025-12-11,2025-12-18,sz.300866,2025-12-15 20:06:53.901826
0.0833,2025-12-12,2025-12-19,sz.300866,2025-12-15 20:06:53.901826
-0.3164,2025-12-15,2025-12-22,sz.300866,2025-12-15 20:06:53.901826
-0.322,2025-12-15,2025-12-22,sz.300866,2025-12-15 20:06:53.901826
-0.3218,2025-12-15,2025-12-22,sz.300896,2025-12-15 20:06:53.901826
-0.323,2025-12-15,2025-12-22,sz.300896,2025-12-15 20:06:53.901826
-0.2474,2025-12-15,2025-12-22,sz.300979,2025-12-15 20:06:53.901826
-0.2474,2025-12-15,2025-12-22,sz.300979,2025-12-15 20:06:53.901826
0.1437,2025-12-15,2025-12-22,sz.300999,2025-12-15 20:06:53.901826
0.1436,2025-12-15,2025-12-22,sz.300999,2025-12-15 20:06:53.901826
-0.10187,2025-12-15,2025-12-22,sz.301236,2025-12-15 20:06:53.901826
-0.1321,2025-12-15,2025-12-22,sz.301236,2025-12-15 20:06:53.901826
-0.1282,2025-12-15,2025-12-22,sz.301269,2025-12-15 20:06:53.901826
-0.1278,2025-12-15,2025-12-22,sz.301269,2025-12-15 20:06:53.901826
-0.6665,2025-12-15,2025-12-22,sz.302132,2025-12-15 20:06:53.901826
-0.665,2025-12-15,2025-12-22,sz.302132,2025-12-15 20:06:53.901826
