score,time,target,code,predcit_time
-0.0373,2025-08-25,2025-09-01,sh.600000,2025-08-29 20:06:15.206066
-0.1263,2025-08-26,2025-09-02,sh.600000,2025-08-29 20:06:15.206066
-0.1337,2025-08-26,2025-09-02,sh.600000,2025-08-29 20:06:15.206066
-0.1388,2025-08-26,2025-09-02,sh.600000,2025-08-29 20:06:15.206066
-0.2407,2025-08-27,2025-09-03,sh.600000,2025-08-29 20:06:15.206066
-0.2472,2025-08-27,2025-09-03,sh.600000,2025-08-29 20:06:15.206066
-0.2478,2025-08-27,2025-09-03,sh.600000,2025-08-29 20:06:15.206066
-0.0991,2025-08-28,2025-09-04,sh.600000,2025-08-29 20:06:15.206066
-0.0973,2025-08-28,2025-09-04,sh.600000,2025-08-29 20:06:15.206066
-0.0972,2025-08-28,2025-09-04,sh.600000,2025-08-29 20:06:15.206066
-0.2712,2025-08-29,2025-09-05,sh.600000,2025-08-29 20:06:15.206066
-0.2627,2025-08-29,2025-09-05,sh.600000,2025-08-29 20:06:15.206066
0.1013,2025-08-25,2025-09-01,sh.600009,2025-08-29 20:06:15.206066
0.0929,2025-08-26,2025-09-02,sh.600009,2025-08-29 20:06:15.206066
0.1135,2025-08-26,2025-09-02,sh.600009,2025-08-29 20:06:15.206066
0.1183,2025-08-26,2025-09-02,sh.600009,2025-08-29 20:06:15.206066
-0.09045,2025-08-27,2025-09-03,sh.600009,2025-08-29 20:06:15.206066
-0.07855,2025-08-27,2025-09-03,sh.600009,2025-08-29 20:06:15.206066
-0.07153,2025-08-27,2025-09-03,sh.600009,2025-08-29 20:06:15.206066
0.01768,2025-08-28,2025-09-04,sh.600009,2025-08-29 20:06:15.206066
0.05032,2025-08-28,2025-09-04,sh.600009,2025-08-29 20:06:15.206066
0.0361,2025-08-28,2025-09-04,sh.600009,2025-08-29 20:06:15.206066
-0.0891,2025-08-29,2025-09-05,sh.600009,2025-08-29 20:06:15.206066
-0.08563,2025-08-29,2025-09-05,sh.600009,2025-08-29 20:06:15.206066
0.0841,2025-08-25,2025-09-01,sh.600010,2025-08-29 20:06:15.206066
-0.252,2025-08-26,2025-09-02,sh.600010,2025-08-29 20:06:15.206066
-0.252,2025-08-26,2025-09-02,sh.600010,2025-08-29 20:06:15.206066
-0.252,2025-08-26,2025-09-02,sh.600010,2025-08-29 20:06:15.206066
-0.0716,2025-08-27,2025-09-03,sh.600010,2025-08-29 20:06:15.206066
-0.0716,2025-08-27,2025-09-03,sh.600010,2025-08-29 20:06:15.206066
-0.0716,2025-08-27,2025-09-03,sh.600010,2025-08-29 20:06:15.206066
-0.01236,2025-08-28,2025-09-04,sh.600010,2025-08-29 20:06:15.206066
-0.01236,2025-08-28,2025-09-04,sh.600010,2025-08-29 20:06:15.206066
-0.01236,2025-08-28,2025-09-04,sh.600010,2025-08-29 20:06:15.206066
-0.1204,2025-08-29,2025-09-05,sh.600010,2025-08-29 20:06:15.206066
-0.1204,2025-08-29,2025-09-05,sh.600010,2025-08-29 20:06:15.206066
0.0694,2025-08-25,2025-09-01,sh.600011,2025-08-29 20:06:15.206066
0.05124,2025-08-26,2025-09-02,sh.600011,2025-08-29 20:06:15.206066
0.05124,2025-08-26,2025-09-02,sh.600011,2025-08-29 20:06:15.206066
-0.0291,2025-08-27,2025-09-03,sh.600011,2025-08-29 20:06:15.206066
-0.0291,2025-08-27,2025-09-03,sh.600011,2025-08-29 20:06:15.206066
-0.0291,2025-08-27,2025-09-03,sh.600011,2025-08-29 20:06:15.206066
0.06396,2025-08-28,2025-09-04,sh.600011,2025-08-29 20:06:15.206066
0.06396,2025-08-28,2025-09-04,sh.600011,2025-08-29 20:06:15.206066
0.06396,2025-08-28,2025-09-04,sh.600011,2025-08-29 20:06:15.206066
0.0159,2025-08-29,2025-09-05,sh.600011,2025-08-29 20:06:15.206066
0.0159,2025-08-29,2025-09-05,sh.600011,2025-08-29 20:06:15.206066
-0.015015,2025-08-25,2025-09-01,sh.600015,2025-08-29 20:06:15.206066
-0.07513,2025-08-26,2025-09-02,sh.600015,2025-08-29 20:06:15.206066
-0.0554,2025-08-26,2025-09-02,sh.600015,2025-08-29 20:06:15.206066
-0.0588,2025-08-27,2025-09-03,sh.600015,2025-08-29 20:06:15.206066
-0.0588,2025-08-27,2025-09-03,sh.600015,2025-08-29 20:06:15.206066
-0.05896,2025-08-27,2025-09-03,sh.600015,2025-08-29 20:06:15.206066
0.0215,2025-08-28,2025-09-04,sh.600015,2025-08-29 20:06:15.206066
0.0215,2025-08-28,2025-09-04,sh.600015,2025-08-29 20:06:15.206066
0.0215,2025-08-28,2025-09-04,sh.600015,2025-08-29 20:06:15.206066
-0.1599,2025-08-29,2025-09-05,sh.600015,2025-08-29 20:06:15.206066
-0.1599,2025-08-29,2025-09-05,sh.600015,2025-08-29 20:06:15.206066
0.0708,2025-08-25,2025-09-01,sh.600016,2025-08-29 20:06:15.206066
-0.07355,2025-08-26,2025-09-02,sh.600016,2025-08-29 20:06:15.206066
-0.05862,2025-08-26,2025-09-02,sh.600016,2025-08-29 20:06:15.206066
-0.2278,2025-08-27,2025-09-03,sh.600016,2025-08-29 20:06:15.206066
-0.23,2025-08-27,2025-09-03,sh.600016,2025-08-29 20:06:15.206066
-0.23,2025-08-27,2025-09-03,sh.600016,2025-08-29 20:06:15.206066
0.09436,2025-08-28,2025-09-04,sh.600016,2025-08-29 20:06:15.206066
0.0943,2025-08-28,2025-09-04,sh.600016,2025-08-29 20:06:15.206066
0.0941,2025-08-28,2025-09-04,sh.600016,2025-08-29 20:06:15.206066
-0.2708,2025-08-29,2025-09-05,sh.600016,2025-08-29 20:06:15.206066
-0.272,2025-08-29,2025-09-05,sh.600016,2025-08-29 20:06:15.206066
0.09973,2025-08-25,2025-09-01,sh.600018,2025-08-29 20:06:15.206066
0.0422,2025-08-26,2025-09-02,sh.600018,2025-08-29 20:06:15.206066
0.0422,2025-08-26,2025-09-02,sh.600018,2025-08-29 20:06:15.206066
0.0422,2025-08-26,2025-09-02,sh.600018,2025-08-29 20:06:15.206066
-0.1711,2025-08-27,2025-09-03,sh.600018,2025-08-29 20:06:15.206066
-0.1711,2025-08-27,2025-09-03,sh.600018,2025-08-29 20:06:15.206066
-0.1709,2025-08-27,2025-09-03,sh.600018,2025-08-29 20:06:15.206066
0.005802,2025-08-28,2025-09-04,sh.600018,2025-08-29 20:06:15.206066
0.005802,2025-08-28,2025-09-04,sh.600018,2025-08-29 20:06:15.206066
0.005802,2025-08-28,2025-09-04,sh.600018,2025-08-29 20:06:15.206066
-0.1421,2025-08-29,2025-09-05,sh.600018,2025-08-29 20:06:15.206066
-0.1271,2025-08-29,2025-09-05,sh.600018,2025-08-29 20:06:15.206066
0.05518,2025-08-25,2025-09-01,sh.600019,2025-08-29 20:06:15.206066
0.00491,2025-08-26,2025-09-02,sh.600019,2025-08-29 20:06:15.206066
0.00491,2025-08-26,2025-09-02,sh.600019,2025-08-29 20:06:15.206066
0.00491,2025-08-26,2025-09-02,sh.600019,2025-08-29 20:06:15.206066
-0.05887,2025-08-27,2025-09-03,sh.600019,2025-08-29 20:06:15.206066
-0.05887,2025-08-27,2025-09-03,sh.600019,2025-08-29 20:06:15.206066
-0.05887,2025-08-27,2025-09-03,sh.600019,2025-08-29 20:06:15.206066
0.07043,2025-08-28,2025-09-04,sh.600019,2025-08-29 20:06:15.206066
0.06015,2025-08-28,2025-09-04,sh.600019,2025-08-29 20:06:15.206066
0.06015,2025-08-28,2025-09-04,sh.600019,2025-08-29 20:06:15.206066
-0.03586,2025-08-29,2025-09-05,sh.600019,2025-08-29 20:06:15.206066
-0.03592,2025-08-29,2025-09-05,sh.600019,2025-08-29 20:06:15.206066
0.057,2025-08-25,2025-09-01,sh.600023,2025-08-29 20:06:15.206066
0.02206,2025-08-26,2025-09-02,sh.600023,2025-08-29 20:06:15.206066
0.02206,2025-08-26,2025-09-02,sh.600023,2025-08-29 20:06:15.206066
0.0017185,2025-08-27,2025-09-03,sh.600023,2025-08-29 20:06:15.206066
0.0017185,2025-08-27,2025-09-03,sh.600023,2025-08-29 20:06:15.206066
0.0017185,2025-08-27,2025-09-03,sh.600023,2025-08-29 20:06:15.206066
0.0643,2025-08-28,2025-09-04,sh.600023,2025-08-29 20:06:15.206066
0.0643,2025-08-28,2025-09-04,sh.600023,2025-08-29 20:06:15.206066
0.06433,2025-08-28,2025-09-04,sh.600023,2025-08-29 20:06:15.206066
-0.01178,2025-08-29,2025-09-05,sh.600023,2025-08-29 20:06:15.206066
-0.0114,2025-08-29,2025-09-05,sh.600023,2025-08-29 20:06:15.206066
0.06207,2025-08-25,2025-09-01,sh.600025,2025-08-29 20:06:15.206066
0.05743,2025-08-26,2025-09-02,sh.600025,2025-08-29 20:06:15.206066
0.01366,2025-08-26,2025-09-02,sh.600025,2025-08-29 20:06:15.206066
0.0392,2025-08-27,2025-09-03,sh.600025,2025-08-29 20:06:15.206066
0.05194,2025-08-27,2025-09-03,sh.600025,2025-08-29 20:06:15.206066
0.0392,2025-08-27,2025-09-03,sh.600025,2025-08-29 20:06:15.206066
0.06665,2025-08-28,2025-09-04,sh.600025,2025-08-29 20:06:15.206066
-0.007763,2025-08-28,2025-09-04,sh.600025,2025-08-29 20:06:15.206066
0.06665,2025-08-28,2025-09-04,sh.600025,2025-08-29 20:06:15.206066
0.0326,2025-08-29,2025-09-05,sh.600025,2025-08-29 20:06:15.206066
0.0326,2025-08-29,2025-09-05,sh.600025,2025-08-29 20:06:15.206066
0.1368,2025-08-25,2025-09-01,sh.600026,2025-08-29 20:06:15.206066
0.128,2025-08-26,2025-09-02,sh.600026,2025-08-29 20:06:15.206066
0.128,2025-08-26,2025-09-02,sh.600026,2025-08-29 20:06:15.206066
0.1277,2025-08-26,2025-09-02,sh.600026,2025-08-29 20:06:15.206066
0.0349,2025-08-27,2025-09-03,sh.600026,2025-08-29 20:06:15.206066
0.0349,2025-08-27,2025-09-03,sh.600026,2025-08-29 20:06:15.206066
0.0349,2025-08-27,2025-09-03,sh.600026,2025-08-29 20:06:15.206066
0.0999,2025-08-28,2025-09-04,sh.600026,2025-08-29 20:06:15.206066
0.0999,2025-08-28,2025-09-04,sh.600026,2025-08-29 20:06:15.206066
0.0999,2025-08-28,2025-09-04,sh.600026,2025-08-29 20:06:15.206066
0.0906,2025-08-29,2025-09-05,sh.600026,2025-08-29 20:06:15.206066
0.0904,2025-08-29,2025-09-05,sh.600026,2025-08-29 20:06:15.206066
0.03485,2025-08-25,2025-09-01,sh.600027,2025-08-29 20:06:15.206066
0.02618,2025-08-26,2025-09-02,sh.600027,2025-08-29 20:06:15.206066
0.02618,2025-08-26,2025-09-02,sh.600027,2025-08-29 20:06:15.206066
0.02618,2025-08-26,2025-09-02,sh.600027,2025-08-29 20:06:15.206066
-0.0309,2025-08-27,2025-09-03,sh.600027,2025-08-29 20:06:15.206066
-0.0309,2025-08-27,2025-09-03,sh.600027,2025-08-29 20:06:15.206066
-0.0309,2025-08-27,2025-09-03,sh.600027,2025-08-29 20:06:15.206066
0.03912,2025-08-28,2025-09-04,sh.600027,2025-08-29 20:06:15.206066
0.03912,2025-08-28,2025-09-04,sh.600027,2025-08-29 20:06:15.206066
0.03912,2025-08-28,2025-09-04,sh.600027,2025-08-29 20:06:15.206066
0.01678,2025-08-29,2025-09-05,sh.600027,2025-08-29 20:06:15.206066
0.01678,2025-08-29,2025-09-05,sh.600027,2025-08-29 20:06:15.206066
-0.010254,2025-08-25,2025-09-01,sh.600028,2025-08-29 20:06:15.206066
0.01248,2025-08-26,2025-09-02,sh.600028,2025-08-29 20:06:15.206066
0.0156,2025-08-26,2025-09-02,sh.600028,2025-08-29 20:06:15.206066
0.0329,2025-08-27,2025-09-03,sh.600028,2025-08-29 20:06:15.206066
0.033,2025-08-27,2025-09-03,sh.600028,2025-08-29 20:06:15.206066
0.033,2025-08-27,2025-09-03,sh.600028,2025-08-29 20:06:15.206066
0.02441,2025-08-28,2025-09-04,sh.600028,2025-08-29 20:06:15.206066
0.02441,2025-08-28,2025-09-04,sh.600028,2025-08-29 20:06:15.206066
0.02441,2025-08-28,2025-09-04,sh.600028,2025-08-29 20:06:15.206066
-0.04382,2025-08-29,2025-09-05,sh.600028,2025-08-29 20:06:15.206066
-0.04382,2025-08-29,2025-09-05,sh.600028,2025-08-29 20:06:15.206066
0.07855,2025-08-25,2025-09-01,sh.600029,2025-08-29 20:06:15.206066
0.04846,2025-08-26,2025-09-02,sh.600029,2025-08-29 20:06:15.206066
0.04846,2025-08-26,2025-09-02,sh.600029,2025-08-29 20:06:15.206066
0.04846,2025-08-26,2025-09-02,sh.600029,2025-08-29 20:06:15.206066
0.03772,2025-08-27,2025-09-03,sh.600029,2025-08-29 20:06:15.206066
0.03772,2025-08-27,2025-09-03,sh.600029,2025-08-29 20:06:15.206066
0.03772,2025-08-27,2025-09-03,sh.600029,2025-08-29 20:06:15.206066
0.0721,2025-08-28,2025-09-04,sh.600029,2025-08-29 20:06:15.206066
0.0721,2025-08-28,2025-09-04,sh.600029,2025-08-29 20:06:15.206066
0.0721,2025-08-28,2025-09-04,sh.600029,2025-08-29 20:06:15.206066
0.03772,2025-08-29,2025-09-05,sh.600029,2025-08-29 20:06:15.206066
0.03772,2025-08-29,2025-09-05,sh.600029,2025-08-29 20:06:15.206066
-0.2174,2025-08-25,2025-09-01,sh.600030,2025-08-29 20:06:15.206066
-0.0957,2025-08-26,2025-09-02,sh.600030,2025-08-29 20:06:15.206066
-0.107,2025-08-26,2025-09-02,sh.600030,2025-08-29 20:06:15.206066
-0.0947,2025-08-26,2025-09-02,sh.600030,2025-08-29 20:06:15.206066
-0.4346,2025-08-27,2025-09-03,sh.600030,2025-08-29 20:06:15.206066
-0.439,2025-08-27,2025-09-03,sh.600030,2025-08-29 20:06:15.206066
-0.4363,2025-08-27,2025-09-03,sh.600030,2025-08-29 20:06:15.206066
0.06866,2025-08-28,2025-09-04,sh.600030,2025-08-29 20:06:15.206066
0.0848,2025-08-28,2025-09-04,sh.600030,2025-08-29 20:06:15.206066
0.05243,2025-08-28,2025-09-04,sh.600030,2025-08-29 20:06:15.206066
-0.1821,2025-08-29,2025-09-05,sh.600030,2025-08-29 20:06:15.206066
-0.1813,2025-08-29,2025-09-05,sh.600030,2025-08-29 20:06:15.206066
-0.1037,2025-08-25,2025-09-01,sh.600031,2025-08-29 20:06:15.206066
-0.149,2025-08-26,2025-09-02,sh.600031,2025-08-29 20:06:15.206066
-0.1461,2025-08-26,2025-09-02,sh.600031,2025-08-29 20:06:15.206066
-0.147,2025-08-26,2025-09-02,sh.600031,2025-08-29 20:06:15.206066
-0.2015,2025-08-27,2025-09-03,sh.600031,2025-08-29 20:06:15.206066
-0.2008,2025-08-27,2025-09-03,sh.600031,2025-08-29 20:06:15.206066
-0.1997,2025-08-27,2025-09-03,sh.600031,2025-08-29 20:06:15.206066
-0.1599,2025-08-28,2025-09-04,sh.600031,2025-08-29 20:06:15.206066
-0.1597,2025-08-28,2025-09-04,sh.600031,2025-08-29 20:06:15.206066
-0.1573,2025-08-28,2025-09-04,sh.600031,2025-08-29 20:06:15.206066
-0.2189,2025-08-29,2025-09-05,sh.600031,2025-08-29 20:06:15.206066
-0.2179,2025-08-29,2025-09-05,sh.600031,2025-08-29 20:06:15.206066
0.09607,2025-08-25,2025-09-01,sh.600036,2025-08-29 20:06:15.206066
-0.07513,2025-08-26,2025-09-02,sh.600036,2025-08-29 20:06:15.206066
-0.07996,2025-08-26,2025-09-02,sh.600036,2025-08-29 20:06:15.206066
-0.0903,2025-08-26,2025-09-02,sh.600036,2025-08-29 20:06:15.206066
-0.1167,2025-08-27,2025-09-03,sh.600036,2025-08-29 20:06:15.206066
-0.1082,2025-08-27,2025-09-03,sh.600036,2025-08-29 20:06:15.206066
-0.1152,2025-08-27,2025-09-03,sh.600036,2025-08-29 20:06:15.206066
-0.003733,2025-08-28,2025-09-04,sh.600036,2025-08-29 20:06:15.206066
-0.003733,2025-08-28,2025-09-04,sh.600036,2025-08-29 20:06:15.206066
-0.00392,2025-08-28,2025-09-04,sh.600036,2025-08-29 20:06:15.206066
-0.10486,2025-08-29,2025-09-05,sh.600036,2025-08-29 20:06:15.206066
-0.0926,2025-08-29,2025-09-05,sh.600036,2025-08-29 20:06:15.206066
0.11035,2025-08-25,2025-09-01,sh.600039,2025-08-29 20:06:15.206066
0.0952,2025-08-26,2025-09-02,sh.600039,2025-08-29 20:06:15.206066
0.09546,2025-08-26,2025-09-02,sh.600039,2025-08-29 20:06:15.206066
0.09546,2025-08-26,2025-09-02,sh.600039,2025-08-29 20:06:15.206066
-0.1257,2025-08-27,2025-09-03,sh.600039,2025-08-29 20:06:15.206066
-0.1257,2025-08-27,2025-09-03,sh.600039,2025-08-29 20:06:15.206066
-0.1234,2025-08-27,2025-09-03,sh.600039,2025-08-29 20:06:15.206066
-0.1147,2025-08-28,2025-09-04,sh.600039,2025-08-29 20:06:15.206066
-0.1152,2025-08-28,2025-09-04,sh.600039,2025-08-29 20:06:15.206066
-0.0946,2025-08-28,2025-09-04,sh.600039,2025-08-29 20:06:15.206066
0.166,2025-08-29,2025-09-05,sh.600039,2025-08-29 20:06:15.206066
0.1469,2025-08-29,2025-09-05,sh.600039,2025-08-29 20:06:15.206066
-0.2494,2025-08-25,2025-09-01,sh.600048,2025-08-29 20:06:15.206066
-0.213,2025-08-26,2025-09-02,sh.600048,2025-08-29 20:06:15.206066
-0.2122,2025-08-26,2025-09-02,sh.600048,2025-08-29 20:06:15.206066
-0.2042,2025-08-26,2025-09-02,sh.600048,2025-08-29 20:06:15.206066
-0.4211,2025-08-27,2025-09-03,sh.600048,2025-08-29 20:06:15.206066
-0.4358,2025-08-27,2025-09-03,sh.600048,2025-08-29 20:06:15.206066
-0.4253,2025-08-27,2025-09-03,sh.600048,2025-08-29 20:06:15.206066
-0.2498,2025-08-28,2025-09-04,sh.600048,2025-08-29 20:06:15.206066
-0.2487,2025-08-28,2025-09-04,sh.600048,2025-08-29 20:06:15.206066
-0.2444,2025-08-28,2025-09-04,sh.600048,2025-08-29 20:06:15.206066
-0.2998,2025-08-29,2025-09-05,sh.600048,2025-08-29 20:06:15.206066
-0.294,2025-08-29,2025-09-05,sh.600048,2025-08-29 20:06:15.206066
0.0386,2025-08-25,2025-09-01,sh.600050,2025-08-29 20:06:15.206066
0.06082,2025-08-26,2025-09-02,sh.600050,2025-08-29 20:06:15.206066
0.04605,2025-08-26,2025-09-02,sh.600050,2025-08-29 20:06:15.206066
0.04816,2025-08-26,2025-09-02,sh.600050,2025-08-29 20:06:15.206066
0.003767,2025-08-27,2025-09-03,sh.600050,2025-08-29 20:06:15.206066
0.001568,2025-08-27,2025-09-03,sh.600050,2025-08-29 20:06:15.206066
-0.00423,2025-08-27,2025-09-03,sh.600050,2025-08-29 20:06:15.206066
0.05496,2025-08-28,2025-09-04,sh.600050,2025-08-29 20:06:15.206066
0.04324,2025-08-28,2025-09-04,sh.600050,2025-08-29 20:06:15.206066
0.04324,2025-08-28,2025-09-04,sh.600050,2025-08-29 20:06:15.206066
0.04803,2025-08-29,2025-09-05,sh.600050,2025-08-29 20:06:15.206066
0.04803,2025-08-29,2025-09-05,sh.600050,2025-08-29 20:06:15.206066
0.0034,2025-08-25,2025-09-01,sh.600061,2025-08-29 20:06:15.206066
-0.005898,2025-08-26,2025-09-02,sh.600061,2025-08-29 20:06:15.206066
0.0316,2025-08-26,2025-09-02,sh.600061,2025-08-29 20:06:15.206066
0.0316,2025-08-26,2025-09-02,sh.600061,2025-08-29 20:06:15.206066
-0.3071,2025-08-27,2025-09-03,sh.600061,2025-08-29 20:06:15.206066
-0.3071,2025-08-27,2025-09-03,sh.600061,2025-08-29 20:06:15.206066
-0.3125,2025-08-27,2025-09-03,sh.600061,2025-08-29 20:06:15.206066
0.0804,2025-08-28,2025-09-04,sh.600061,2025-08-29 20:06:15.206066
0.1083,2025-08-28,2025-09-04,sh.600061,2025-08-29 20:06:15.206066
0.09125,2025-08-28,2025-09-04,sh.600061,2025-08-29 20:06:15.206066
-0.1586,2025-08-29,2025-09-05,sh.600061,2025-08-29 20:06:15.206066
-0.153,2025-08-29,2025-09-05,sh.600061,2025-08-29 20:06:15.206066
-0.264,2025-08-25,2025-09-01,sh.600066,2025-08-29 20:06:15.206066
-0.2993,2025-08-26,2025-09-02,sh.600066,2025-08-29 20:06:15.206066
-0.2986,2025-08-26,2025-09-02,sh.600066,2025-08-29 20:06:15.206066
-0.2976,2025-08-26,2025-09-02,sh.600066,2025-08-29 20:06:15.206066
-0.3105,2025-08-27,2025-09-03,sh.600066,2025-08-29 20:06:15.206066
-0.3108,2025-08-27,2025-09-03,sh.600066,2025-08-29 20:06:15.206066
-0.3098,2025-08-27,2025-09-03,sh.600066,2025-08-29 20:06:15.206066
-0.2725,2025-08-28,2025-09-04,sh.600066,2025-08-29 20:06:15.206066
-0.2712,2025-08-28,2025-09-04,sh.600066,2025-08-29 20:06:15.206066
-0.27,2025-08-28,2025-09-04,sh.600066,2025-08-29 20:06:15.206066
-0.2732,2025-08-29,2025-09-05,sh.600066,2025-08-29 20:06:15.206066
-0.2727,2025-08-29,2025-09-05,sh.600066,2025-08-29 20:06:15.206066
-0.03677,2025-08-25,2025-09-01,sh.600085,2025-08-29 20:06:15.206066
-0.0844,2025-08-26,2025-09-02,sh.600085,2025-08-29 20:06:15.206066
-0.085,2025-08-26,2025-09-02,sh.600085,2025-08-29 20:06:15.206066
-0.2422,2025-08-27,2025-09-03,sh.600085,2025-08-29 20:06:15.206066
-0.2443,2025-08-27,2025-09-03,sh.600085,2025-08-29 20:06:15.206066
-0.246,2025-08-27,2025-09-03,sh.600085,2025-08-29 20:06:15.206066
-0.2091,2025-08-28,2025-09-04,sh.600085,2025-08-29 20:06:15.206066
-0.2091,2025-08-28,2025-09-04,sh.600085,2025-08-29 20:06:15.206066
-0.2089,2025-08-28,2025-09-04,sh.600085,2025-08-29 20:06:15.206066
-0.1865,2025-08-29,2025-09-05,sh.600085,2025-08-29 20:06:15.206066
-0.1885,2025-08-29,2025-09-05,sh.600085,2025-08-29 20:06:15.206066
-0.03226,2025-08-25,2025-09-01,sh.600089,2025-08-29 20:06:15.206066
-0.0479,2025-08-26,2025-09-02,sh.600089,2025-08-29 20:06:15.206066
-0.04797,2025-08-26,2025-09-02,sh.600089,2025-08-29 20:06:15.206066
-0.04657,2025-08-26,2025-09-02,sh.600089,2025-08-29 20:06:15.206066
-0.2051,2025-08-27,2025-09-03,sh.600089,2025-08-29 20:06:15.206066
-0.2064,2025-08-27,2025-09-03,sh.600089,2025-08-29 20:06:15.206066
-0.2053,2025-08-27,2025-09-03,sh.600089,2025-08-29 20:06:15.206066
-0.04327,2025-08-28,2025-09-04,sh.600089,2025-08-29 20:06:15.206066
-0.0416,2025-08-28,2025-09-04,sh.600089,2025-08-29 20:06:15.206066
-0.04153,2025-08-28,2025-09-04,sh.600089,2025-08-29 20:06:15.206066
-0.04382,2025-08-29,2025-09-05,sh.600089,2025-08-29 20:06:15.206066
-0.04535,2025-08-29,2025-09-05,sh.600089,2025-08-29 20:06:15.206066
-0.124,2025-08-25,2025-09-01,sh.600104,2025-08-29 20:06:15.206066
-0.7373,2025-08-26,2025-09-02,sh.600104,2025-08-29 20:06:15.206066
-0.7583,2025-08-26,2025-09-02,sh.600104,2025-08-29 20:06:15.206066
-0.7583,2025-08-26,2025-09-02,sh.600104,2025-08-29 20:06:15.206066
-0.6387,2025-08-27,2025-09-03,sh.600104,2025-08-29 20:06:15.206066
-0.6387,2025-08-27,2025-09-03,sh.600104,2025-08-29 20:06:15.206066
-0.627,2025-08-27,2025-09-03,sh.600104,2025-08-29 20:06:15.206066
0.002554,2025-08-28,2025-09-04,sh.600104,2025-08-29 20:06:15.206066
0.00264,2025-08-28,2025-09-04,sh.600104,2025-08-29 20:06:15.206066
0.002634,2025-08-28,2025-09-04,sh.600104,2025-08-29 20:06:15.206066
-0.3054,2025-08-29,2025-09-05,sh.600104,2025-08-29 20:06:15.206066
-0.299,2025-08-29,2025-09-05,sh.600104,2025-08-29 20:06:15.206066
-0.4468,2025-08-25,2025-09-01,sh.600111,2025-08-29 20:06:15.206066
-0.994,2025-08-26,2025-09-02,sh.600111,2025-08-29 20:06:15.206066
-0.99,2025-08-26,2025-09-02,sh.600111,2025-08-29 20:06:15.206066
-0.546,2025-08-27,2025-09-03,sh.600111,2025-08-29 20:06:15.206066
-0.544,2025-08-27,2025-09-03,sh.600111,2025-08-29 20:06:15.206066
-0.5435,2025-08-27,2025-09-03,sh.600111,2025-08-29 20:06:15.206066
-0.562,2025-08-28,2025-09-04,sh.600111,2025-08-29 20:06:15.206066
-0.5645,2025-08-28,2025-09-04,sh.600111,2025-08-29 20:06:15.206066
-0.561,2025-08-28,2025-09-04,sh.600111,2025-08-29 20:06:15.206066
-0.749,2025-08-29,2025-09-05,sh.600111,2025-08-29 20:06:15.206066
-0.749,2025-08-29,2025-09-05,sh.600111,2025-08-29 20:06:15.206066
-0.01675,2025-08-25,2025-09-01,sh.600115,2025-08-29 20:06:15.206066
-0.0005555,2025-08-26,2025-09-02,sh.600115,2025-08-29 20:06:15.206066
-0.0005555,2025-08-26,2025-09-02,sh.600115,2025-08-29 20:06:15.206066
-0.0005555,2025-08-26,2025-09-02,sh.600115,2025-08-29 20:06:15.206066
-0.0005555,2025-08-27,2025-09-03,sh.600115,2025-08-29 20:06:15.206066
-0.0005555,2025-08-27,2025-09-03,sh.600115,2025-08-29 20:06:15.206066
-0.0005555,2025-08-27,2025-09-03,sh.600115,2025-08-29 20:06:15.206066
-0.0005555,2025-08-28,2025-09-04,sh.600115,2025-08-29 20:06:15.206066
-0.0005555,2025-08-28,2025-09-04,sh.600115,2025-08-29 20:06:15.206066
-0.0005555,2025-08-28,2025-09-04,sh.600115,2025-08-29 20:06:15.206066
-0.0005555,2025-08-29,2025-09-05,sh.600115,2025-08-29 20:06:15.206066
-0.0005555,2025-08-29,2025-09-05,sh.600115,2025-08-29 20:06:15.206066
0.0399,2025-08-25,2025-09-01,sh.600150,2025-08-29 20:06:15.206066
-0.1151,2025-08-26,2025-09-02,sh.600150,2025-08-29 20:06:15.206066
-0.1116,2025-08-26,2025-09-02,sh.600150,2025-08-29 20:06:15.206066
-0.1225,2025-08-26,2025-09-02,sh.600150,2025-08-29 20:06:15.206066
-0.1055,2025-08-27,2025-09-03,sh.600150,2025-08-29 20:06:15.206066
-0.10046,2025-08-27,2025-09-03,sh.600150,2025-08-29 20:06:15.206066
-0.11035,2025-08-27,2025-09-03,sh.600150,2025-08-29 20:06:15.206066
0.0367,2025-08-28,2025-09-04,sh.600150,2025-08-29 20:06:15.206066
0.03714,2025-08-28,2025-09-04,sh.600150,2025-08-29 20:06:15.206066
0.04868,2025-08-28,2025-09-04,sh.600150,2025-08-29 20:06:15.206066
0.1002,2025-08-29,2025-09-05,sh.600150,2025-08-29 20:06:15.206066
0.1001,2025-08-29,2025-09-05,sh.600150,2025-08-29 20:06:15.206066
-0.4536,2025-08-25,2025-09-01,sh.600160,2025-08-29 20:06:15.206066
-0.177,2025-08-26,2025-09-02,sh.600160,2025-08-29 20:06:15.206066
-0.1624,2025-08-26,2025-09-02,sh.600160,2025-08-29 20:06:15.206066
-0.1633,2025-08-26,2025-09-02,sh.600160,2025-08-29 20:06:15.206066
-0.3047,2025-08-27,2025-09-03,sh.600160,2025-08-29 20:06:15.206066
-0.3032,2025-08-27,2025-09-03,sh.600160,2025-08-29 20:06:15.206066
-0.3115,2025-08-27,2025-09-03,sh.600160,2025-08-29 20:06:15.206066
-0.1431,2025-08-28,2025-09-04,sh.600160,2025-08-29 20:06:15.206066
-0.1412,2025-08-28,2025-09-04,sh.600160,2025-08-29 20:06:15.206066
-0.1376,2025-08-28,2025-09-04,sh.600160,2025-08-29 20:06:15.206066
-0.1565,2025-08-29,2025-09-05,sh.600160,2025-08-29 20:06:15.206066
-0.1533,2025-08-29,2025-09-05,sh.600160,2025-08-29 20:06:15.206066
0.05676,2025-08-25,2025-09-01,sh.600161,2025-08-29 20:06:15.206066
0.010345,2025-08-26,2025-09-02,sh.600161,2025-08-29 20:06:15.206066
0.010345,2025-08-26,2025-09-02,sh.600161,2025-08-29 20:06:15.206066
0.010994,2025-08-26,2025-09-02,sh.600161,2025-08-29 20:06:15.206066
-0.1631,2025-08-27,2025-09-03,sh.600161,2025-08-29 20:06:15.206066
-0.1632,2025-08-27,2025-09-03,sh.600161,2025-08-29 20:06:15.206066
-0.1667,2025-08-27,2025-09-03,sh.600161,2025-08-29 20:06:15.206066
-0.06204,2025-08-28,2025-09-04,sh.600161,2025-08-29 20:06:15.206066
-0.0653,2025-08-28,2025-09-04,sh.600161,2025-08-29 20:06:15.206066
-0.0654,2025-08-28,2025-09-04,sh.600161,2025-08-29 20:06:15.206066
-0.01151,2025-08-29,2025-09-05,sh.600161,2025-08-29 20:06:15.206066
-0.01994,2025-08-29,2025-09-05,sh.600161,2025-08-29 20:06:15.206066
-0.0322,2025-08-25,2025-09-01,sh.600176,2025-08-29 20:06:15.206066
-0.04562,2025-08-26,2025-09-02,sh.600176,2025-08-29 20:06:15.206066
-0.04324,2025-08-26,2025-09-02,sh.600176,2025-08-29 20:06:15.206066
-0.04324,2025-08-26,2025-09-02,sh.600176,2025-08-29 20:06:15.206066
-0.3337,2025-08-27,2025-09-03,sh.600176,2025-08-29 20:06:15.206066
-0.3337,2025-08-27,2025-09-03,sh.600176,2025-08-29 20:06:15.206066
-0.3337,2025-08-27,2025-09-03,sh.600176,2025-08-29 20:06:15.206066
0.0926,2025-08-28,2025-09-04,sh.600176,2025-08-29 20:06:15.206066
0.0926,2025-08-28,2025-09-04,sh.600176,2025-08-29 20:06:15.206066
0.0926,2025-08-28,2025-09-04,sh.600176,2025-08-29 20:06:15.206066
0.0679,2025-08-29,2025-09-05,sh.600176,2025-08-29 20:06:15.206066
0.0679,2025-08-29,2025-09-05,sh.600176,2025-08-29 20:06:15.206066
-0.3809,2025-08-25,2025-09-01,sh.600183,2025-08-29 20:06:15.206066
-0.7495,2025-08-26,2025-09-02,sh.600183,2025-08-29 20:06:15.206066
-0.752,2025-08-26,2025-09-02,sh.600183,2025-08-29 20:06:15.206066
-0.6626,2025-08-27,2025-09-03,sh.600183,2025-08-29 20:06:15.206066
-0.6567,2025-08-27,2025-09-03,sh.600183,2025-08-29 20:06:15.206066
-0.66,2025-08-27,2025-09-03,sh.600183,2025-08-29 20:06:15.206066
-0.4016,2025-08-28,2025-09-04,sh.600183,2025-08-29 20:06:15.206066
-0.4001,2025-08-28,2025-09-04,sh.600183,2025-08-29 20:06:15.206066
-0.401,2025-08-28,2025-09-04,sh.600183,2025-08-29 20:06:15.206066
-0.571,2025-08-29,2025-09-05,sh.600183,2025-08-29 20:06:15.206066
-0.5703,2025-08-29,2025-09-05,sh.600183,2025-08-29 20:06:15.206066
0.1665,2025-08-25,2025-09-01,sh.600188,2025-08-29 20:06:15.206066
0.03023,2025-08-26,2025-09-02,sh.600188,2025-08-29 20:06:15.206066
0.03099,2025-08-26,2025-09-02,sh.600188,2025-08-29 20:06:15.206066
-0.00011134,2025-08-26,2025-09-02,sh.600188,2025-08-29 20:06:15.206066
-0.1787,2025-08-27,2025-09-03,sh.600188,2025-08-29 20:06:15.206066
-0.1995,2025-08-27,2025-09-03,sh.600188,2025-08-29 20:06:15.206066
-0.1908,2025-08-27,2025-09-03,sh.600188,2025-08-29 20:06:15.206066
0.1038,2025-08-28,2025-09-04,sh.600188,2025-08-29 20:06:15.206066
0.10297,2025-08-28,2025-09-04,sh.600188,2025-08-29 20:06:15.206066
0.10254,2025-08-28,2025-09-04,sh.600188,2025-08-29 20:06:15.206066
0.04895,2025-08-29,2025-09-05,sh.600188,2025-08-29 20:06:15.206066
0.02509,2025-08-29,2025-09-05,sh.600188,2025-08-29 20:06:15.206066
0.01537,2025-08-25,2025-09-01,sh.600196,2025-08-29 20:06:15.206066
-0.2053,2025-08-26,2025-09-02,sh.600196,2025-08-29 20:06:15.206066
-0.2126,2025-08-26,2025-09-02,sh.600196,2025-08-29 20:06:15.206066
-0.2119,2025-08-26,2025-09-02,sh.600196,2025-08-29 20:06:15.206066
-0.3372,2025-08-27,2025-09-03,sh.600196,2025-08-29 20:06:15.206066
-0.3445,2025-08-27,2025-09-03,sh.600196,2025-08-29 20:06:15.206066
-0.3347,2025-08-27,2025-09-03,sh.600196,2025-08-29 20:06:15.206066
-0.2212,2025-08-28,2025-09-04,sh.600196,2025-08-29 20:06:15.206066
-0.2231,2025-08-28,2025-09-04,sh.600196,2025-08-29 20:06:15.206066
-0.2284,2025-08-28,2025-09-04,sh.600196,2025-08-29 20:06:15.206066
-0.09106,2025-08-29,2025-09-05,sh.600196,2025-08-29 20:06:15.206066
-0.0942,2025-08-29,2025-09-05,sh.600196,2025-08-29 20:06:15.206066
0.0176,2025-08-25,2025-09-01,sh.600219,2025-08-29 20:06:15.206066
0.01868,2025-08-26,2025-09-02,sh.600219,2025-08-29 20:06:15.206066
0.005413,2025-08-26,2025-09-02,sh.600219,2025-08-29 20:06:15.206066
0.01868,2025-08-26,2025-09-02,sh.600219,2025-08-29 20:06:15.206066
-0.1357,2025-08-27,2025-09-03,sh.600219,2025-08-29 20:06:15.206066
-0.1357,2025-08-27,2025-09-03,sh.600219,2025-08-29 20:06:15.206066
-0.1259,2025-08-27,2025-09-03,sh.600219,2025-08-29 20:06:15.206066
-0.0669,2025-08-28,2025-09-04,sh.600219,2025-08-29 20:06:15.206066
-0.05182,2025-08-28,2025-09-04,sh.600219,2025-08-29 20:06:15.206066
-0.04584,2025-08-28,2025-09-04,sh.600219,2025-08-29 20:06:15.206066
-0.06125,2025-08-29,2025-09-05,sh.600219,2025-08-29 20:06:15.206066
-0.0657,2025-08-29,2025-09-05,sh.600219,2025-08-29 20:06:15.206066
-0.1782,2025-08-25,2025-09-01,sh.600233,2025-08-29 20:06:15.206066
-0.0661,2025-08-26,2025-09-02,sh.600233,2025-08-29 20:06:15.206066
-0.0615,2025-08-26,2025-09-02,sh.600233,2025-08-29 20:06:15.206066
-0.06128,2025-08-26,2025-09-02,sh.600233,2025-08-29 20:06:15.206066
-0.12354,2025-08-27,2025-09-03,sh.600233,2025-08-29 20:06:15.206066
-0.10657,2025-08-27,2025-09-03,sh.600233,2025-08-29 20:06:15.206066
-0.10657,2025-08-27,2025-09-03,sh.600233,2025-08-29 20:06:15.206066
0.1676,2025-08-28,2025-09-04,sh.600233,2025-08-29 20:06:15.206066
0.1676,2025-08-28,2025-09-04,sh.600233,2025-08-29 20:06:15.206066
0.1676,2025-08-28,2025-09-04,sh.600233,2025-08-29 20:06:15.206066
-0.6587,2025-08-29,2025-09-05,sh.600233,2025-08-29 20:06:15.206066
-0.659,2025-08-29,2025-09-05,sh.600233,2025-08-29 20:06:15.206066
-0.249,2025-08-25,2025-09-01,sh.600276,2025-08-29 20:06:15.206066
-0.281,2025-08-26,2025-09-02,sh.600276,2025-08-29 20:06:15.206066
-0.2808,2025-08-26,2025-09-02,sh.600276,2025-08-29 20:06:15.206066
-0.2808,2025-08-26,2025-09-02,sh.600276,2025-08-29 20:06:15.206066
-0.297,2025-08-27,2025-09-03,sh.600276,2025-08-29 20:06:15.206066
-0.297,2025-08-27,2025-09-03,sh.600276,2025-08-29 20:06:15.206066
-0.2969,2025-08-27,2025-09-03,sh.600276,2025-08-29 20:06:15.206066
-0.267,2025-08-28,2025-09-04,sh.600276,2025-08-29 20:06:15.206066
-0.2668,2025-08-28,2025-09-04,sh.600276,2025-08-29 20:06:15.206066
-0.2664,2025-08-28,2025-09-04,sh.600276,2025-08-29 20:06:15.206066
-0.2208,2025-08-29,2025-09-05,sh.600276,2025-08-29 20:06:15.206066
-0.2207,2025-08-29,2025-09-05,sh.600276,2025-08-29 20:06:15.206066
-0.1902,2025-08-25,2025-09-01,sh.600309,2025-08-29 20:06:15.206066
-0.1895,2025-08-26,2025-09-02,sh.600309,2025-08-29 20:06:15.206066
-0.1895,2025-08-26,2025-09-02,sh.600309,2025-08-29 20:06:15.206066
-0.1896,2025-08-26,2025-09-02,sh.600309,2025-08-29 20:06:15.206066
-0.226,2025-08-27,2025-09-03,sh.600309,2025-08-29 20:06:15.206066
-0.2262,2025-08-27,2025-09-03,sh.600309,2025-08-29 20:06:15.206066
-0.2263,2025-08-27,2025-09-03,sh.600309,2025-08-29 20:06:15.206066
-0.2034,2025-08-28,2025-09-04,sh.600309,2025-08-29 20:06:15.206066
-0.2034,2025-08-28,2025-09-04,sh.600309,2025-08-29 20:06:15.206066
-0.2035,2025-08-28,2025-09-04,sh.600309,2025-08-29 20:06:15.206066
-0.1906,2025-08-29,2025-09-05,sh.600309,2025-08-29 20:06:15.206066
-0.1906,2025-08-29,2025-09-05,sh.600309,2025-08-29 20:06:15.206066
0.1094,2025-08-25,2025-09-01,sh.600332,2025-08-29 20:06:15.206066
0.11346,2025-08-26,2025-09-02,sh.600332,2025-08-29 20:06:15.206066
0.11346,2025-08-26,2025-09-02,sh.600332,2025-08-29 20:06:15.206066
0.11346,2025-08-26,2025-09-02,sh.600332,2025-08-29 20:06:15.206066
-0.0491,2025-08-27,2025-09-03,sh.600332,2025-08-29 20:06:15.206066
-0.0491,2025-08-27,2025-09-03,sh.600332,2025-08-29 20:06:15.206066
-0.0491,2025-08-27,2025-09-03,sh.600332,2025-08-29 20:06:15.206066
0.0201,2025-08-28,2025-09-04,sh.600332,2025-08-29 20:06:15.206066
0.0201,2025-08-28,2025-09-04,sh.600332,2025-08-29 20:06:15.206066
0.01523,2025-08-28,2025-09-04,sh.600332,2025-08-29 20:06:15.206066
-0.04727,2025-08-29,2025-09-05,sh.600332,2025-08-29 20:06:15.206066
-0.04727,2025-08-29,2025-09-05,sh.600332,2025-08-29 20:06:15.206066
-0.1364,2025-08-25,2025-09-01,sh.600346,2025-08-29 20:06:15.206066
-0.04205,2025-08-26,2025-09-02,sh.600346,2025-08-29 20:06:15.206066
-0.02551,2025-08-26,2025-09-02,sh.600346,2025-08-29 20:06:15.206066
-0.01458,2025-08-26,2025-09-02,sh.600346,2025-08-29 20:06:15.206066
-0.253,2025-08-27,2025-09-03,sh.600346,2025-08-29 20:06:15.206066
-0.2566,2025-08-27,2025-09-03,sh.600346,2025-08-29 20:06:15.206066
-0.2568,2025-08-27,2025-09-03,sh.600346,2025-08-29 20:06:15.206066
0.2002,2025-08-28,2025-09-04,sh.600346,2025-08-29 20:06:15.206066
0.2002,2025-08-28,2025-09-04,sh.600346,2025-08-29 20:06:15.206066
0.1908,2025-08-28,2025-09-04,sh.600346,2025-08-29 20:06:15.206066
-0.02344,2025-08-29,2025-09-05,sh.600346,2025-08-29 20:06:15.206066
-0.02335,2025-08-29,2025-09-05,sh.600346,2025-08-29 20:06:15.206066
0.03894,2025-08-25,2025-09-01,sh.600362,2025-08-29 20:06:15.206066
-0.02496,2025-08-26,2025-09-02,sh.600362,2025-08-29 20:06:15.206066
-0.02496,2025-08-26,2025-09-02,sh.600362,2025-08-29 20:06:15.206066
0.003525,2025-08-26,2025-09-02,sh.600362,2025-08-29 20:06:15.206066
-0.1642,2025-08-27,2025-09-03,sh.600362,2025-08-29 20:06:15.206066
-0.1617,2025-08-27,2025-09-03,sh.600362,2025-08-29 20:06:15.206066
-0.1617,2025-08-27,2025-09-03,sh.600362,2025-08-29 20:06:15.206066
-0.00673,2025-08-28,2025-09-04,sh.600362,2025-08-29 20:06:15.206066
-0.02359,2025-08-28,2025-09-04,sh.600362,2025-08-29 20:06:15.206066
-0.02313,2025-08-28,2025-09-04,sh.600362,2025-08-29 20:06:15.206066
0.05203,2025-08-29,2025-09-05,sh.600362,2025-08-29 20:06:15.206066
0.05182,2025-08-29,2025-09-05,sh.600362,2025-08-29 20:06:15.206066
0.0806,2025-08-25,2025-09-01,sh.600372,2025-08-29 20:06:15.206066
0.0641,2025-08-26,2025-09-02,sh.600372,2025-08-29 20:06:15.206066
0.05887,2025-08-26,2025-09-02,sh.600372,2025-08-29 20:06:15.206066
0.05887,2025-08-26,2025-09-02,sh.600372,2025-08-29 20:06:15.206066
-0.014015,2025-08-27,2025-09-03,sh.600372,2025-08-29 20:06:15.206066
-0.02051,2025-08-27,2025-09-03,sh.600372,2025-08-29 20:06:15.206066
-0.02051,2025-08-27,2025-09-03,sh.600372,2025-08-29 20:06:15.206066
0.1431,2025-08-28,2025-09-04,sh.600372,2025-08-29 20:06:15.206066
0.1394,2025-08-28,2025-09-04,sh.600372,2025-08-29 20:06:15.206066
0.1274,2025-08-28,2025-09-04,sh.600372,2025-08-29 20:06:15.206066
0.131,2025-08-29,2025-09-05,sh.600372,2025-08-29 20:06:15.206066
0.1476,2025-08-29,2025-09-05,sh.600372,2025-08-29 20:06:15.206066
0.03308,2025-08-25,2025-09-01,sh.600377,2025-08-29 20:06:15.206066
0.01805,2025-08-26,2025-09-02,sh.600377,2025-08-29 20:06:15.206066
0.01825,2025-08-26,2025-09-02,sh.600377,2025-08-29 20:06:15.206066
-0.03824,2025-08-27,2025-09-03,sh.600377,2025-08-29 20:06:15.206066
-0.03824,2025-08-27,2025-09-03,sh.600377,2025-08-29 20:06:15.206066
-0.01868,2025-08-27,2025-09-03,sh.600377,2025-08-29 20:06:15.206066
-0.05756,2025-08-28,2025-09-04,sh.600377,2025-08-29 20:06:15.206066
-0.0837,2025-08-28,2025-09-04,sh.600377,2025-08-29 20:06:15.206066
-0.0837,2025-08-28,2025-09-04,sh.600377,2025-08-29 20:06:15.206066
0.01898,2025-08-29,2025-09-05,sh.600377,2025-08-29 20:06:15.206066
0.00595,2025-08-29,2025-09-05,sh.600377,2025-08-29 20:06:15.206066
-0.03099,2025-08-25,2025-09-01,sh.600406,2025-08-29 20:06:15.206066
-0.05453,2025-08-26,2025-09-02,sh.600406,2025-08-29 20:06:15.206066
-0.0539,2025-08-26,2025-09-02,sh.600406,2025-08-29 20:06:15.206066
-0.0548,2025-08-26,2025-09-02,sh.600406,2025-08-29 20:06:15.206066
-0.0847,2025-08-27,2025-09-03,sh.600406,2025-08-29 20:06:15.206066
-0.0861,2025-08-27,2025-09-03,sh.600406,2025-08-29 20:06:15.206066
-0.0847,2025-08-27,2025-09-03,sh.600406,2025-08-29 20:06:15.206066
-0.04895,2025-08-28,2025-09-04,sh.600406,2025-08-29 20:06:15.206066
-0.04895,2025-08-28,2025-09-04,sh.600406,2025-08-29 20:06:15.206066
-0.04895,2025-08-28,2025-09-04,sh.600406,2025-08-29 20:06:15.206066
-0.0796,2025-08-29,2025-09-05,sh.600406,2025-08-29 20:06:15.206066
-0.07965,2025-08-29,2025-09-05,sh.600406,2025-08-29 20:06:15.206066
-0.5815,2025-08-25,2025-09-01,sh.600415,2025-08-29 20:06:15.206066
-0.8076,2025-08-26,2025-09-02,sh.600415,2025-08-29 20:06:15.206066
-0.8076,2025-08-26,2025-09-02,sh.600415,2025-08-29 20:06:15.206066
-0.8057,2025-08-26,2025-09-02,sh.600415,2025-08-29 20:06:15.206066
-0.7485,2025-08-27,2025-09-03,sh.600415,2025-08-29 20:06:15.206066
-0.7495,2025-08-27,2025-09-03,sh.600415,2025-08-29 20:06:15.206066
-0.7476,2025-08-27,2025-09-03,sh.600415,2025-08-29 20:06:15.206066
-0.6724,2025-08-28,2025-09-04,sh.600415,2025-08-29 20:06:15.206066
-0.6694,2025-08-28,2025-09-04,sh.600415,2025-08-29 20:06:15.206066
-0.6694,2025-08-28,2025-09-04,sh.600415,2025-08-29 20:06:15.206066
-0.5728,2025-08-29,2025-09-05,sh.600415,2025-08-29 20:06:15.206066
-0.57,2025-08-29,2025-09-05,sh.600415,2025-08-29 20:06:15.206066
0.0524,2025-08-25,2025-09-01,sh.600426,2025-08-29 20:06:15.206066
-0.12286,2025-08-26,2025-09-02,sh.600426,2025-08-29 20:06:15.206066
-0.12286,2025-08-26,2025-09-02,sh.600426,2025-08-29 20:06:15.206066
-0.12286,2025-08-26,2025-09-02,sh.600426,2025-08-29 20:06:15.206066
-0.2264,2025-08-27,2025-09-03,sh.600426,2025-08-29 20:06:15.206066
-0.2264,2025-08-27,2025-09-03,sh.600426,2025-08-29 20:06:15.206066
-0.2264,2025-08-27,2025-09-03,sh.600426,2025-08-29 20:06:15.206066
-0.1178,2025-08-28,2025-09-04,sh.600426,2025-08-29 20:06:15.206066
-0.1178,2025-08-28,2025-09-04,sh.600426,2025-08-29 20:06:15.206066
-0.1178,2025-08-28,2025-09-04,sh.600426,2025-08-29 20:06:15.206066
0.0093,2025-08-29,2025-09-05,sh.600426,2025-08-29 20:06:15.206066
0.0093,2025-08-29,2025-09-05,sh.600426,2025-08-29 20:06:15.206066
-0.05896,2025-08-25,2025-09-01,sh.600436,2025-08-29 20:06:15.206066
-0.08875,2025-08-26,2025-09-02,sh.600436,2025-08-29 20:06:15.206066
-0.08954,2025-08-26,2025-09-02,sh.600436,2025-08-29 20:06:15.206066
-0.08923,2025-08-26,2025-09-02,sh.600436,2025-08-29 20:06:15.206066
-0.0865,2025-08-27,2025-09-03,sh.600436,2025-08-29 20:06:15.206066
-0.08655,2025-08-27,2025-09-03,sh.600436,2025-08-29 20:06:15.206066
-0.08655,2025-08-27,2025-09-03,sh.600436,2025-08-29 20:06:15.206066
-0.0898,2025-08-28,2025-09-04,sh.600436,2025-08-29 20:06:15.206066
-0.0891,2025-08-28,2025-09-04,sh.600436,2025-08-29 20:06:15.206066
-0.08966,2025-08-28,2025-09-04,sh.600436,2025-08-29 20:06:15.206066
-0.0521,2025-08-29,2025-09-05,sh.600436,2025-08-29 20:06:15.206066
-0.05182,2025-08-29,2025-09-05,sh.600436,2025-08-29 20:06:15.206066
-0.2678,2025-08-25,2025-09-01,sh.600438,2025-08-29 20:06:15.206066
-0.4268,2025-08-26,2025-09-02,sh.600438,2025-08-29 20:06:15.206066
-0.4148,2025-08-26,2025-09-02,sh.600438,2025-08-29 20:06:15.206066
-0.4136,2025-08-26,2025-09-02,sh.600438,2025-08-29 20:06:15.206066
-0.521,2025-08-27,2025-09-03,sh.600438,2025-08-29 20:06:15.206066
-0.5254,2025-08-27,2025-09-03,sh.600438,2025-08-29 20:06:15.206066
-0.524,2025-08-27,2025-09-03,sh.600438,2025-08-29 20:06:15.206066
-0.2455,2025-08-28,2025-09-04,sh.600438,2025-08-29 20:06:15.206066
-0.2473,2025-08-28,2025-09-04,sh.600438,2025-08-29 20:06:15.206066
-0.2343,2025-08-28,2025-09-04,sh.600438,2025-08-29 20:06:15.206066
-0.248,2025-08-29,2025-09-05,sh.600438,2025-08-29 20:06:15.206066
-0.2423,2025-08-29,2025-09-05,sh.600438,2025-08-29 20:06:15.206066
-0.5264,2025-08-25,2025-09-01,sh.600460,2025-08-29 20:06:15.206066
-0.2277,2025-08-26,2025-09-02,sh.600460,2025-08-29 20:06:15.206066
-0.2007,2025-08-26,2025-09-02,sh.600460,2025-08-29 20:06:15.206066
-0.2117,2025-08-26,2025-09-02,sh.600460,2025-08-29 20:06:15.206066
-0.625,2025-08-27,2025-09-03,sh.600460,2025-08-29 20:06:15.206066
-0.6265,2025-08-27,2025-09-03,sh.600460,2025-08-29 20:06:15.206066
-0.6284,2025-08-27,2025-09-03,sh.600460,2025-08-29 20:06:15.206066
-0.0392,2025-08-28,2025-09-04,sh.600460,2025-08-29 20:06:15.206066
-0.0469,2025-08-28,2025-09-04,sh.600460,2025-08-29 20:06:15.206066
-0.03745,2025-08-28,2025-09-04,sh.600460,2025-08-29 20:06:15.206066
-0.3562,2025-08-29,2025-09-05,sh.600460,2025-08-29 20:06:15.206066
-0.352,2025-08-29,2025-09-05,sh.600460,2025-08-29 20:06:15.206066
0.0788,2025-08-25,2025-09-01,sh.600482,2025-08-29 20:06:15.206066
-0.003355,2025-08-26,2025-09-02,sh.600482,2025-08-29 20:06:15.206066
-0.00533,2025-08-26,2025-09-02,sh.600482,2025-08-29 20:06:15.206066
0.00511,2025-08-26,2025-09-02,sh.600482,2025-08-29 20:06:15.206066
-0.09625,2025-08-27,2025-09-03,sh.600482,2025-08-29 20:06:15.206066
-0.0991,2025-08-27,2025-09-03,sh.600482,2025-08-29 20:06:15.206066
-0.06244,2025-08-27,2025-09-03,sh.600482,2025-08-29 20:06:15.206066
0.04623,2025-08-28,2025-09-04,sh.600482,2025-08-29 20:06:15.206066
0.04623,2025-08-28,2025-09-04,sh.600482,2025-08-29 20:06:15.206066
0.04608,2025-08-28,2025-09-04,sh.600482,2025-08-29 20:06:15.206066
0.0466,2025-08-29,2025-09-05,sh.600482,2025-08-29 20:06:15.206066
0.0466,2025-08-29,2025-09-05,sh.600482,2025-08-29 20:06:15.206066
0.1636,2025-08-25,2025-09-01,sh.600489,2025-08-29 20:06:15.206066
0.04102,2025-08-26,2025-09-02,sh.600489,2025-08-29 20:06:15.206066
0.03314,2025-08-26,2025-09-02,sh.600489,2025-08-29 20:06:15.206066
0.03305,2025-08-26,2025-09-02,sh.600489,2025-08-29 20:06:15.206066
-0.2854,2025-08-27,2025-09-03,sh.600489,2025-08-29 20:06:15.206066
-0.286,2025-08-27,2025-09-03,sh.600489,2025-08-29 20:06:15.206066
-0.2837,2025-08-27,2025-09-03,sh.600489,2025-08-29 20:06:15.206066
-0.064,2025-08-28,2025-09-04,sh.600489,2025-08-29 20:06:15.206066
-0.0631,2025-08-28,2025-09-04,sh.600489,2025-08-29 20:06:15.206066
-0.11194,2025-08-28,2025-09-04,sh.600489,2025-08-29 20:06:15.206066
0.006187,2025-08-29,2025-09-05,sh.600489,2025-08-29 20:06:15.206066
-0.00906,2025-08-29,2025-09-05,sh.600489,2025-08-29 20:06:15.206066
0.0775,2025-08-25,2025-09-01,sh.600515,2025-08-29 20:06:15.206066
0.014946,2025-08-26,2025-09-02,sh.600515,2025-08-29 20:06:15.206066
0.014946,2025-08-26,2025-09-02,sh.600515,2025-08-29 20:06:15.206066
0.014946,2025-08-26,2025-09-02,sh.600515,2025-08-29 20:06:15.206066
-0.006752,2025-08-27,2025-09-03,sh.600515,2025-08-29 20:06:15.206066
-0.006752,2025-08-27,2025-09-03,sh.600515,2025-08-29 20:06:15.206066
-0.006752,2025-08-27,2025-09-03,sh.600515,2025-08-29 20:06:15.206066
0.0887,2025-08-28,2025-09-04,sh.600515,2025-08-29 20:06:15.206066
0.0887,2025-08-28,2025-09-04,sh.600515,2025-08-29 20:06:15.206066
0.0887,2025-08-28,2025-09-04,sh.600515,2025-08-29 20:06:15.206066
0.1041,2025-08-29,2025-09-05,sh.600515,2025-08-29 20:06:15.206066
0.1041,2025-08-29,2025-09-05,sh.600515,2025-08-29 20:06:15.206066
-0.1447,2025-08-25,2025-09-01,sh.600519,2025-08-29 20:06:15.206066
-0.1676,2025-08-26,2025-09-02,sh.600519,2025-08-29 20:06:15.206066
-0.1676,2025-08-26,2025-09-02,sh.600519,2025-08-29 20:06:15.206066
-0.1896,2025-08-27,2025-09-03,sh.600519,2025-08-29 20:06:15.206066
-0.1897,2025-08-27,2025-09-03,sh.600519,2025-08-29 20:06:15.206066
-0.1897,2025-08-27,2025-09-03,sh.600519,2025-08-29 20:06:15.206066
-0.1681,2025-08-28,2025-09-04,sh.600519,2025-08-29 20:06:15.206066
-0.1681,2025-08-28,2025-09-04,sh.600519,2025-08-29 20:06:15.206066
-0.1681,2025-08-28,2025-09-04,sh.600519,2025-08-29 20:06:15.206066
-0.1434,2025-08-29,2025-09-05,sh.600519,2025-08-29 20:06:15.206066
-0.1434,2025-08-29,2025-09-05,sh.600519,2025-08-29 20:06:15.206066
0.03069,2025-08-25,2025-09-01,sh.600547,2025-08-29 20:06:15.206066
-0.011566,2025-08-26,2025-09-02,sh.600547,2025-08-29 20:06:15.206066
-0.00713,2025-08-26,2025-09-02,sh.600547,2025-08-29 20:06:15.206066
-0.001891,2025-08-26,2025-09-02,sh.600547,2025-08-29 20:06:15.206066
-0.1901,2025-08-27,2025-09-03,sh.600547,2025-08-29 20:06:15.206066
-0.1884,2025-08-27,2025-09-03,sh.600547,2025-08-29 20:06:15.206066
-0.1849,2025-08-27,2025-09-03,sh.600547,2025-08-29 20:06:15.206066
-0.1176,2025-08-28,2025-09-04,sh.600547,2025-08-29 20:06:15.206066
-0.11774,2025-08-28,2025-09-04,sh.600547,2025-08-29 20:06:15.206066
-0.1136,2025-08-28,2025-09-04,sh.600547,2025-08-29 20:06:15.206066
-0.0787,2025-08-29,2025-09-05,sh.600547,2025-08-29 20:06:15.206066
-0.07983,2025-08-29,2025-09-05,sh.600547,2025-08-29 20:06:15.206066
-0.223,2025-08-25,2025-09-01,sh.600570,2025-08-29 20:06:15.206066
-0.1986,2025-08-26,2025-09-02,sh.600570,2025-08-29 20:06:15.206066
-0.1986,2025-08-26,2025-09-02,sh.600570,2025-08-29 20:06:15.206066
-0.1976,2025-08-26,2025-09-02,sh.600570,2025-08-29 20:06:15.206066
-0.2404,2025-08-27,2025-09-03,sh.600570,2025-08-29 20:06:15.206066
-0.2404,2025-08-27,2025-09-03,sh.600570,2025-08-29 20:06:15.206066
-0.2405,2025-08-27,2025-09-03,sh.600570,2025-08-29 20:06:15.206066
-0.1754,2025-08-28,2025-09-04,sh.600570,2025-08-29 20:06:15.206066
-0.1752,2025-08-28,2025-09-04,sh.600570,2025-08-29 20:06:15.206066
-0.1738,2025-08-28,2025-09-04,sh.600570,2025-08-29 20:06:15.206066
-0.2017,2025-08-29,2025-09-05,sh.600570,2025-08-29 20:06:15.206066
-0.2017,2025-08-29,2025-09-05,sh.600570,2025-08-29 20:06:15.206066
-0.4983,2025-08-25,2025-09-01,sh.600584,2025-08-29 20:06:15.206066
-0.0641,2025-08-26,2025-09-02,sh.600584,2025-08-29 20:06:15.206066
-0.0643,2025-08-26,2025-09-02,sh.600584,2025-08-29 20:06:15.206066
-0.03433,2025-08-26,2025-09-02,sh.600584,2025-08-29 20:06:15.206066
-0.363,2025-08-27,2025-09-03,sh.600584,2025-08-29 20:06:15.206066
-0.363,2025-08-27,2025-09-03,sh.600584,2025-08-29 20:06:15.206066
-0.3674,2025-08-27,2025-09-03,sh.600584,2025-08-29 20:06:15.206066
0.1515,2025-08-28,2025-09-04,sh.600584,2025-08-29 20:06:15.206066
0.1515,2025-08-28,2025-09-04,sh.600584,2025-08-29 20:06:15.206066
0.1622,2025-08-28,2025-09-04,sh.600584,2025-08-29 20:06:15.206066
-0.1937,2025-08-29,2025-09-05,sh.600584,2025-08-29 20:06:15.206066
-0.1923,2025-08-29,2025-09-05,sh.600584,2025-08-29 20:06:15.206066
0.1996,2025-08-25,2025-09-01,sh.600585,2025-08-29 20:06:15.206066
0.03766,2025-08-26,2025-09-02,sh.600585,2025-08-29 20:06:15.206066
0.03754,2025-08-26,2025-09-02,sh.600585,2025-08-29 20:06:15.206066
-0.3289,2025-08-27,2025-09-03,sh.600585,2025-08-29 20:06:15.206066
-0.3289,2025-08-27,2025-09-03,sh.600585,2025-08-29 20:06:15.206066
-0.336,2025-08-27,2025-09-03,sh.600585,2025-08-29 20:06:15.206066
-0.02588,2025-08-28,2025-09-04,sh.600585,2025-08-29 20:06:15.206066
-0.01785,2025-08-28,2025-09-04,sh.600585,2025-08-29 20:06:15.206066
-0.01784,2025-08-28,2025-09-04,sh.600585,2025-08-29 20:06:15.206066
-0.1489,2025-08-29,2025-09-05,sh.600585,2025-08-29 20:06:15.206066
-0.1489,2025-08-29,2025-09-05,sh.600585,2025-08-29 20:06:15.206066
-0.2502,2025-08-25,2025-09-01,sh.600588,2025-08-29 20:06:15.206066
-0.2283,2025-08-26,2025-09-02,sh.600588,2025-08-29 20:06:15.206066
-0.2288,2025-08-26,2025-09-02,sh.600588,2025-08-29 20:06:15.206066
-0.2288,2025-08-26,2025-09-02,sh.600588,2025-08-29 20:06:15.206066
-0.719,2025-08-27,2025-09-03,sh.600588,2025-08-29 20:06:15.206066
-0.7183,2025-08-27,2025-09-03,sh.600588,2025-08-29 20:06:15.206066
-0.7197,2025-08-27,2025-09-03,sh.600588,2025-08-29 20:06:15.206066
-0.1262,2025-08-28,2025-09-04,sh.600588,2025-08-29 20:06:15.206066
-0.1293,2025-08-28,2025-09-04,sh.600588,2025-08-29 20:06:15.206066
-0.1282,2025-08-28,2025-09-04,sh.600588,2025-08-29 20:06:15.206066
-0.2155,2025-08-29,2025-09-05,sh.600588,2025-08-29 20:06:15.206066
-0.2179,2025-08-29,2025-09-05,sh.600588,2025-08-29 20:06:15.206066
0.1025,2025-08-25,2025-09-01,sh.600600,2025-08-29 20:06:15.206066
0.0751,2025-08-26,2025-09-02,sh.600600,2025-08-29 20:06:15.206066
0.0751,2025-08-26,2025-09-02,sh.600600,2025-08-29 20:06:15.206066
-0.1006,2025-08-27,2025-09-03,sh.600600,2025-08-29 20:06:15.206066
-0.1004,2025-08-27,2025-09-03,sh.600600,2025-08-29 20:06:15.206066
-0.08246,2025-08-27,2025-09-03,sh.600600,2025-08-29 20:06:15.206066
-0.0497,2025-08-28,2025-09-04,sh.600600,2025-08-29 20:06:15.206066
-0.0468,2025-08-28,2025-09-04,sh.600600,2025-08-29 20:06:15.206066
-0.01625,2025-08-28,2025-09-04,sh.600600,2025-08-29 20:06:15.206066
0.1217,2025-08-29,2025-09-05,sh.600600,2025-08-29 20:06:15.206066
0.12177,2025-08-29,2025-09-05,sh.600600,2025-08-29 20:06:15.206066
-0.2996,2025-08-25,2025-09-01,sh.600660,2025-08-29 20:06:15.206066
-0.2668,2025-08-26,2025-09-02,sh.600660,2025-08-29 20:06:15.206066
-0.267,2025-08-26,2025-09-02,sh.600660,2025-08-29 20:06:15.206066
-0.2656,2025-08-27,2025-09-03,sh.600660,2025-08-29 20:06:15.206066
-0.2656,2025-08-27,2025-09-03,sh.600660,2025-08-29 20:06:15.206066
-0.2656,2025-08-27,2025-09-03,sh.600660,2025-08-29 20:06:15.206066
-0.287,2025-08-28,2025-09-04,sh.600660,2025-08-29 20:06:15.206066
-0.287,2025-08-28,2025-09-04,sh.600660,2025-08-29 20:06:15.206066
-0.2869,2025-08-28,2025-09-04,sh.600660,2025-08-29 20:06:15.206066
-0.2717,2025-08-29,2025-09-05,sh.600660,2025-08-29 20:06:15.206066
-0.2717,2025-08-29,2025-09-05,sh.600660,2025-08-29 20:06:15.206066
0.10986,2025-08-25,2025-09-01,sh.600674,2025-08-29 20:06:15.206066
0.07404,2025-08-26,2025-09-02,sh.600674,2025-08-29 20:06:15.206066
0.08026,2025-08-26,2025-09-02,sh.600674,2025-08-29 20:06:15.206066
-0.1244,2025-08-27,2025-09-03,sh.600674,2025-08-29 20:06:15.206066
-0.12256,2025-08-27,2025-09-03,sh.600674,2025-08-29 20:06:15.206066
-0.12256,2025-08-27,2025-09-03,sh.600674,2025-08-29 20:06:15.206066
-0.01715,2025-08-28,2025-09-04,sh.600674,2025-08-29 20:06:15.206066
-0.01729,2025-08-28,2025-09-04,sh.600674,2025-08-29 20:06:15.206066
-0.02144,2025-08-28,2025-09-04,sh.600674,2025-08-29 20:06:15.206066
-0.253,2025-08-29,2025-09-05,sh.600674,2025-08-29 20:06:15.206066
-0.2527,2025-08-29,2025-09-05,sh.600674,2025-08-29 20:06:15.206066
-0.06152,2025-08-25,2025-09-01,sh.600690,2025-08-29 20:06:15.206066
-0.0864,2025-08-26,2025-09-02,sh.600690,2025-08-29 20:06:15.206066
-0.086,2025-08-26,2025-09-02,sh.600690,2025-08-29 20:06:15.206066
-0.0857,2025-08-26,2025-09-02,sh.600690,2025-08-29 20:06:15.206066
-0.1255,2025-08-27,2025-09-03,sh.600690,2025-08-29 20:06:15.206066
-0.1265,2025-08-27,2025-09-03,sh.600690,2025-08-29 20:06:15.206066
-0.1271,2025-08-27,2025-09-03,sh.600690,2025-08-29 20:06:15.206066
-0.073,2025-08-28,2025-09-04,sh.600690,2025-08-29 20:06:15.206066
-0.07324,2025-08-28,2025-09-04,sh.600690,2025-08-29 20:06:15.206066
-0.07336,2025-08-28,2025-09-04,sh.600690,2025-08-29 20:06:15.206066
-0.1326,2025-08-29,2025-09-05,sh.600690,2025-08-29 20:06:15.206066
-0.1321,2025-08-29,2025-09-05,sh.600690,2025-08-29 20:06:15.206066
-0.07227,2025-08-25,2025-09-01,sh.600741,2025-08-29 20:06:15.206066
-0.1084,2025-08-26,2025-09-02,sh.600741,2025-08-29 20:06:15.206066
-0.1084,2025-08-26,2025-09-02,sh.600741,2025-08-29 20:06:15.206066
-0.10706,2025-08-26,2025-09-02,sh.600741,2025-08-29 20:06:15.206066
-0.1687,2025-08-27,2025-09-03,sh.600741,2025-08-29 20:06:15.206066
-0.1683,2025-08-27,2025-09-03,sh.600741,2025-08-29 20:06:15.206066
-0.1683,2025-08-27,2025-09-03,sh.600741,2025-08-29 20:06:15.206066
-0.3767,2025-08-28,2025-09-04,sh.600741,2025-08-29 20:06:15.206066
-0.376,2025-08-28,2025-09-04,sh.600741,2025-08-29 20:06:15.206066
-0.3757,2025-08-28,2025-09-04,sh.600741,2025-08-29 20:06:15.206066
-0.08765,2025-08-29,2025-09-05,sh.600741,2025-08-29 20:06:15.206066
-0.08704,2025-08-29,2025-09-05,sh.600741,2025-08-29 20:06:15.206066
-0.06464,2025-08-25,2025-09-01,sh.600760,2025-08-29 20:06:15.206066
-0.426,2025-08-26,2025-09-02,sh.600760,2025-08-29 20:06:15.206066
-0.4238,2025-08-26,2025-09-02,sh.600760,2025-08-29 20:06:15.206066
-0.4238,2025-08-26,2025-09-02,sh.600760,2025-08-29 20:06:15.206066
-0.3113,2025-08-27,2025-09-03,sh.600760,2025-08-29 20:06:15.206066
-0.308,2025-08-27,2025-09-03,sh.600760,2025-08-29 20:06:15.206066
-0.3086,2025-08-27,2025-09-03,sh.600760,2025-08-29 20:06:15.206066
-0.1901,2025-08-28,2025-09-04,sh.600760,2025-08-29 20:06:15.206066
-0.1907,2025-08-28,2025-09-04,sh.600760,2025-08-29 20:06:15.206066
-0.1907,2025-08-28,2025-09-04,sh.600760,2025-08-29 20:06:15.206066
-0.0199,2025-08-29,2025-09-05,sh.600760,2025-08-29 20:06:15.206066
-0.02635,2025-08-29,2025-09-05,sh.600760,2025-08-29 20:06:15.206066
-0.0913,2025-08-25,2025-09-01,sh.600795,2025-08-29 20:06:15.206066
-0.0982,2025-08-26,2025-09-02,sh.600795,2025-08-29 20:06:15.206066
-0.0986,2025-08-26,2025-09-02,sh.600795,2025-08-29 20:06:15.206066
-0.09845,2025-08-26,2025-09-02,sh.600795,2025-08-29 20:06:15.206066
-0.1259,2025-08-27,2025-09-03,sh.600795,2025-08-29 20:06:15.206066
-0.1256,2025-08-27,2025-09-03,sh.600795,2025-08-29 20:06:15.206066
-0.1262,2025-08-27,2025-09-03,sh.600795,2025-08-29 20:06:15.206066
-0.09436,2025-08-28,2025-09-04,sh.600795,2025-08-29 20:06:15.206066
-0.0946,2025-08-28,2025-09-04,sh.600795,2025-08-29 20:06:15.206066
-0.0945,2025-08-28,2025-09-04,sh.600795,2025-08-29 20:06:15.206066
-0.1322,2025-08-29,2025-09-05,sh.600795,2025-08-29 20:06:15.206066
-0.1321,2025-08-29,2025-09-05,sh.600795,2025-08-29 20:06:15.206066
0.1538,2025-08-25,2025-09-01,sh.600803,2025-08-29 20:06:15.206066
0.0628,2025-08-26,2025-09-02,sh.600803,2025-08-29 20:06:15.206066
0.0628,2025-08-26,2025-09-02,sh.600803,2025-08-29 20:06:15.206066
0.067,2025-08-26,2025-09-02,sh.600803,2025-08-29 20:06:15.206066
-0.0509,2025-08-27,2025-09-03,sh.600803,2025-08-29 20:06:15.206066
-0.0508,2025-08-27,2025-09-03,sh.600803,2025-08-29 20:06:15.206066
-0.0676,2025-08-27,2025-09-03,sh.600803,2025-08-29 20:06:15.206066
-0.12164,2025-08-28,2025-09-04,sh.600803,2025-08-29 20:06:15.206066
-0.12164,2025-08-28,2025-09-04,sh.600803,2025-08-29 20:06:15.206066
-0.12164,2025-08-28,2025-09-04,sh.600803,2025-08-29 20:06:15.206066
0.1092,2025-08-29,2025-09-05,sh.600803,2025-08-29 20:06:15.206066
0.1077,2025-08-29,2025-09-05,sh.600803,2025-08-29 20:06:15.206066
-0.04895,2025-08-25,2025-09-01,sh.600809,2025-08-29 20:06:15.206066
-0.05624,2025-08-26,2025-09-02,sh.600809,2025-08-29 20:06:15.206066
-0.05634,2025-08-26,2025-09-02,sh.600809,2025-08-29 20:06:15.206066
-0.05698,2025-08-26,2025-09-02,sh.600809,2025-08-29 20:06:15.206066
-0.1439,2025-08-27,2025-09-03,sh.600809,2025-08-29 20:06:15.206066
-0.144,2025-08-27,2025-09-03,sh.600809,2025-08-29 20:06:15.206066
-0.1448,2025-08-27,2025-09-03,sh.600809,2025-08-29 20:06:15.206066
-0.08185,2025-08-28,2025-09-04,sh.600809,2025-08-29 20:06:15.206066
-0.0813,2025-08-28,2025-09-04,sh.600809,2025-08-29 20:06:15.206066
-0.08093,2025-08-28,2025-09-04,sh.600809,2025-08-29 20:06:15.206066
-0.05444,2025-08-29,2025-09-05,sh.600809,2025-08-29 20:06:15.206066
-0.05463,2025-08-29,2025-09-05,sh.600809,2025-08-29 20:06:15.206066
-0.1832,2025-08-25,2025-09-01,sh.600845,2025-08-29 20:06:15.206066
-0.07794,2025-08-26,2025-09-02,sh.600845,2025-08-29 20:06:15.206066
-0.082,2025-08-26,2025-09-02,sh.600845,2025-08-29 20:06:15.206066
-0.0829,2025-08-26,2025-09-02,sh.600845,2025-08-29 20:06:15.206066
-0.2793,2025-08-27,2025-09-03,sh.600845,2025-08-29 20:06:15.206066
-0.2852,2025-08-27,2025-09-03,sh.600845,2025-08-29 20:06:15.206066
-0.2793,2025-08-27,2025-09-03,sh.600845,2025-08-29 20:06:15.206066
-0.0977,2025-08-28,2025-09-04,sh.600845,2025-08-29 20:06:15.206066
-0.10004,2025-08-28,2025-09-04,sh.600845,2025-08-29 20:06:15.206066
-0.0997,2025-08-28,2025-09-04,sh.600845,2025-08-29 20:06:15.206066
-0.2537,2025-08-29,2025-09-05,sh.600845,2025-08-29 20:06:15.206066
-0.2544,2025-08-29,2025-09-05,sh.600845,2025-08-29 20:06:15.206066
0.1417,2025-08-25,2025-09-01,sh.600875,2025-08-29 20:06:15.206066
-0.05405,2025-08-26,2025-09-02,sh.600875,2025-08-29 20:06:15.206066
-0.05777,2025-08-26,2025-09-02,sh.600875,2025-08-29 20:06:15.206066
-0.05746,2025-08-26,2025-09-02,sh.600875,2025-08-29 20:06:15.206066
-0.2281,2025-08-27,2025-09-03,sh.600875,2025-08-29 20:06:15.206066
-0.2281,2025-08-27,2025-09-03,sh.600875,2025-08-29 20:06:15.206066
-0.2281,2025-08-27,2025-09-03,sh.600875,2025-08-29 20:06:15.206066
0.0632,2025-08-28,2025-09-04,sh.600875,2025-08-29 20:06:15.206066
0.0632,2025-08-28,2025-09-04,sh.600875,2025-08-29 20:06:15.206066
0.0632,2025-08-28,2025-09-04,sh.600875,2025-08-29 20:06:15.206066
-0.0964,2025-08-29,2025-09-05,sh.600875,2025-08-29 20:06:15.206066
-0.0964,2025-08-29,2025-09-05,sh.600875,2025-08-29 20:06:15.206066
0.025,2025-08-25,2025-09-01,sh.600886,2025-08-29 20:06:15.206066
-0.01063,2025-08-26,2025-09-02,sh.600886,2025-08-29 20:06:15.206066
-0.01066,2025-08-26,2025-09-02,sh.600886,2025-08-29 20:06:15.206066
-0.007137,2025-08-26,2025-09-02,sh.600886,2025-08-29 20:06:15.206066
-0.09753,2025-08-27,2025-09-03,sh.600886,2025-08-29 20:06:15.206066
-0.09784,2025-08-27,2025-09-03,sh.600886,2025-08-29 20:06:15.206066
-0.0982,2025-08-27,2025-09-03,sh.600886,2025-08-29 20:06:15.206066
-0.03918,2025-08-28,2025-09-04,sh.600886,2025-08-29 20:06:15.206066
-0.03766,2025-08-28,2025-09-04,sh.600886,2025-08-29 20:06:15.206066
-0.03873,2025-08-28,2025-09-04,sh.600886,2025-08-29 20:06:15.206066
-0.1307,2025-08-29,2025-09-05,sh.600886,2025-08-29 20:06:15.206066
-0.134,2025-08-29,2025-09-05,sh.600886,2025-08-29 20:06:15.206066
-0.1772,2025-08-25,2025-09-01,sh.600887,2025-08-29 20:06:15.206066
-0.1868,2025-08-26,2025-09-02,sh.600887,2025-08-29 20:06:15.206066
-0.1866,2025-08-26,2025-09-02,sh.600887,2025-08-29 20:06:15.206066
-0.1866,2025-08-26,2025-09-02,sh.600887,2025-08-29 20:06:15.206066
-0.2115,2025-08-27,2025-09-03,sh.600887,2025-08-29 20:06:15.206066
-0.2115,2025-08-27,2025-09-03,sh.600887,2025-08-29 20:06:15.206066
-0.2115,2025-08-27,2025-09-03,sh.600887,2025-08-29 20:06:15.206066
-0.1969,2025-08-28,2025-09-04,sh.600887,2025-08-29 20:06:15.206066
-0.1969,2025-08-28,2025-09-04,sh.600887,2025-08-29 20:06:15.206066
-0.1969,2025-08-28,2025-09-04,sh.600887,2025-08-29 20:06:15.206066
-0.199,2025-08-29,2025-09-05,sh.600887,2025-08-29 20:06:15.206066
-0.199,2025-08-29,2025-09-05,sh.600887,2025-08-29 20:06:15.206066
0.0658,2025-08-25,2025-09-01,sh.600893,2025-08-29 20:06:15.206066
-0.15,2025-08-26,2025-09-02,sh.600893,2025-08-29 20:06:15.206066
-0.1816,2025-08-26,2025-09-02,sh.600893,2025-08-29 20:06:15.206066
-0.1816,2025-08-26,2025-09-02,sh.600893,2025-08-29 20:06:15.206066
-0.2834,2025-08-27,2025-09-03,sh.600893,2025-08-29 20:06:15.206066
-0.2834,2025-08-27,2025-09-03,sh.600893,2025-08-29 20:06:15.206066
-0.2634,2025-08-27,2025-09-03,sh.600893,2025-08-29 20:06:15.206066
0.0967,2025-08-28,2025-09-04,sh.600893,2025-08-29 20:06:15.206066
0.1027,2025-08-28,2025-09-04,sh.600893,2025-08-29 20:06:15.206066
0.1012,2025-08-28,2025-09-04,sh.600893,2025-08-29 20:06:15.206066
-0.004486,2025-08-29,2025-09-05,sh.600893,2025-08-29 20:06:15.206066
-0.009224,2025-08-29,2025-09-05,sh.600893,2025-08-29 20:06:15.206066
0.11383,2025-08-25,2025-09-01,sh.600900,2025-08-29 20:06:15.206066
0.1329,2025-08-26,2025-09-02,sh.600900,2025-08-29 20:06:15.206066
0.131,2025-08-26,2025-09-02,sh.600900,2025-08-29 20:06:15.206066
0.1313,2025-08-26,2025-09-02,sh.600900,2025-08-29 20:06:15.206066
-0.009056,2025-08-27,2025-09-03,sh.600900,2025-08-29 20:06:15.206066
-0.009056,2025-08-27,2025-09-03,sh.600900,2025-08-29 20:06:15.206066
-0.00411,2025-08-27,2025-09-03,sh.600900,2025-08-29 20:06:15.206066
0.07367,2025-08-28,2025-09-04,sh.600900,2025-08-29 20:06:15.206066
0.07367,2025-08-28,2025-09-04,sh.600900,2025-08-29 20:06:15.206066
0.0751,2025-08-28,2025-09-04,sh.600900,2025-08-29 20:06:15.206066
0.1487,2025-08-29,2025-09-05,sh.600900,2025-08-29 20:06:15.206066
0.1539,2025-08-29,2025-09-05,sh.600900,2025-08-29 20:06:15.206066
-0.012,2025-08-25,2025-09-01,sh.600905,2025-08-29 20:06:15.206066
-0.009445,2025-08-26,2025-09-02,sh.600905,2025-08-29 20:06:15.206066
-0.009445,2025-08-26,2025-09-02,sh.600905,2025-08-29 20:06:15.206066
-0.03665,2025-08-27,2025-09-03,sh.600905,2025-08-29 20:06:15.206066
-0.03665,2025-08-27,2025-09-03,sh.600905,2025-08-29 20:06:15.206066
-0.03665,2025-08-27,2025-09-03,sh.600905,2025-08-29 20:06:15.206066
0.0289,2025-08-28,2025-09-04,sh.600905,2025-08-29 20:06:15.206066
0.0289,2025-08-28,2025-09-04,sh.600905,2025-08-29 20:06:15.206066
0.0289,2025-08-28,2025-09-04,sh.600905,2025-08-29 20:06:15.206066
-0.01103,2025-08-29,2025-09-05,sh.600905,2025-08-29 20:06:15.206066
-0.01103,2025-08-29,2025-09-05,sh.600905,2025-08-29 20:06:15.206066
0.006233,2025-08-25,2025-09-01,sh.600918,2025-08-29 20:06:15.206066
0.00406,2025-08-26,2025-09-02,sh.600918,2025-08-29 20:06:15.206066
0.00406,2025-08-26,2025-09-02,sh.600918,2025-08-29 20:06:15.206066
-0.04047,2025-08-27,2025-09-03,sh.600918,2025-08-29 20:06:15.206066
-0.04047,2025-08-27,2025-09-03,sh.600918,2025-08-29 20:06:15.206066
-0.04047,2025-08-27,2025-09-03,sh.600918,2025-08-29 20:06:15.206066
-0.0003712,2025-08-28,2025-09-04,sh.600918,2025-08-29 20:06:15.206066
-0.0003712,2025-08-28,2025-09-04,sh.600918,2025-08-29 20:06:15.206066
-0.0003712,2025-08-28,2025-09-04,sh.600918,2025-08-29 20:06:15.206066
0.005173,2025-08-29,2025-09-05,sh.600918,2025-08-29 20:06:15.206066
0.005173,2025-08-29,2025-09-05,sh.600918,2025-08-29 20:06:15.206066
-0.01055,2025-08-25,2025-09-01,sh.600919,2025-08-29 20:06:15.206066
-0.01055,2025-08-26,2025-09-02,sh.600919,2025-08-29 20:06:15.206066
-0.01055,2025-08-26,2025-09-02,sh.600919,2025-08-29 20:06:15.206066
-0.01055,2025-08-26,2025-09-02,sh.600919,2025-08-29 20:06:15.206066
-0.0201,2025-08-27,2025-09-03,sh.600919,2025-08-29 20:06:15.206066
-0.0201,2025-08-27,2025-09-03,sh.600919,2025-08-29 20:06:15.206066
-0.0201,2025-08-27,2025-09-03,sh.600919,2025-08-29 20:06:15.206066
0.05624,2025-08-28,2025-09-04,sh.600919,2025-08-29 20:06:15.206066
0.03964,2025-08-28,2025-09-04,sh.600919,2025-08-29 20:06:15.206066
0.03964,2025-08-28,2025-09-04,sh.600919,2025-08-29 20:06:15.206066
-0.04483,2025-08-29,2025-09-05,sh.600919,2025-08-29 20:06:15.206066
-0.04483,2025-08-29,2025-09-05,sh.600919,2025-08-29 20:06:15.206066
0.06088,2025-08-25,2025-09-01,sh.600926,2025-08-29 20:06:15.206066
-0.01231,2025-08-26,2025-09-02,sh.600926,2025-08-29 20:06:15.206066
-0.01231,2025-08-26,2025-09-02,sh.600926,2025-08-29 20:06:15.206066
0.0428,2025-08-27,2025-09-03,sh.600926,2025-08-29 20:06:15.206066
0.04276,2025-08-27,2025-09-03,sh.600926,2025-08-29 20:06:15.206066
0.0428,2025-08-27,2025-09-03,sh.600926,2025-08-29 20:06:15.206066
0.0559,2025-08-28,2025-09-04,sh.600926,2025-08-29 20:06:15.206066
0.0559,2025-08-28,2025-09-04,sh.600926,2025-08-29 20:06:15.206066
0.0559,2025-08-28,2025-09-04,sh.600926,2025-08-29 20:06:15.206066
-0.04474,2025-08-29,2025-09-05,sh.600926,2025-08-29 20:06:15.206066
-0.04474,2025-08-29,2025-09-05,sh.600926,2025-08-29 20:06:15.206066
0.04468,2025-08-25,2025-09-01,sh.600938,2025-08-29 20:06:15.206066
-0.00608,2025-08-26,2025-09-02,sh.600938,2025-08-29 20:06:15.206066
-0.00608,2025-08-26,2025-09-02,sh.600938,2025-08-29 20:06:15.206066
-0.01651,2025-08-27,2025-09-03,sh.600938,2025-08-29 20:06:15.206066
-0.01651,2025-08-27,2025-09-03,sh.600938,2025-08-29 20:06:15.206066
-0.01698,2025-08-27,2025-09-03,sh.600938,2025-08-29 20:06:15.206066
0.01171,2025-08-28,2025-09-04,sh.600938,2025-08-29 20:06:15.206066
0.0773,2025-08-28,2025-09-04,sh.600938,2025-08-29 20:06:15.206066
0.0629,2025-08-28,2025-09-04,sh.600938,2025-08-29 20:06:15.206066
0.01148,2025-08-29,2025-09-05,sh.600938,2025-08-29 20:06:15.206066
-0.01264,2025-08-29,2025-09-05,sh.600938,2025-08-29 20:06:15.206066
0.0858,2025-08-25,2025-09-01,sh.600941,2025-08-29 20:06:15.206066
0.06122,2025-08-26,2025-09-02,sh.600941,2025-08-29 20:06:15.206066
0.06152,2025-08-26,2025-09-02,sh.600941,2025-08-29 20:06:15.206066
-0.04614,2025-08-27,2025-09-03,sh.600941,2025-08-29 20:06:15.206066
-0.04422,2025-08-27,2025-09-03,sh.600941,2025-08-29 20:06:15.206066
-0.04385,2025-08-27,2025-09-03,sh.600941,2025-08-29 20:06:15.206066
0.08966,2025-08-28,2025-09-04,sh.600941,2025-08-29 20:06:15.206066
0.0915,2025-08-28,2025-09-04,sh.600941,2025-08-29 20:06:15.206066
0.0776,2025-08-28,2025-09-04,sh.600941,2025-08-29 20:06:15.206066
0.08673,2025-08-29,2025-09-05,sh.600941,2025-08-29 20:06:15.206066
0.0865,2025-08-29,2025-09-05,sh.600941,2025-08-29 20:06:15.206066
0.0683,2025-08-25,2025-09-01,sh.600958,2025-08-29 20:06:15.206066
0.0186,2025-08-26,2025-09-02,sh.600958,2025-08-29 20:06:15.206066
0.0186,2025-08-26,2025-09-02,sh.600958,2025-08-29 20:06:15.206066
-0.00842,2025-08-27,2025-09-03,sh.600958,2025-08-29 20:06:15.206066
-0.00842,2025-08-27,2025-09-03,sh.600958,2025-08-29 20:06:15.206066
-0.00842,2025-08-27,2025-09-03,sh.600958,2025-08-29 20:06:15.206066
0.0633,2025-08-28,2025-09-04,sh.600958,2025-08-29 20:06:15.206066
0.0633,2025-08-28,2025-09-04,sh.600958,2025-08-29 20:06:15.206066
0.0633,2025-08-28,2025-09-04,sh.600958,2025-08-29 20:06:15.206066
-0.0344,2025-08-29,2025-09-05,sh.600958,2025-08-29 20:06:15.206066
-0.02496,2025-08-29,2025-09-05,sh.600958,2025-08-29 20:06:15.206066
0.0804,2025-08-25,2025-09-01,sh.600989,2025-08-29 20:06:15.206066
0.0604,2025-08-26,2025-09-02,sh.600989,2025-08-29 20:06:15.206066
0.0604,2025-08-26,2025-09-02,sh.600989,2025-08-29 20:06:15.206066
-0.004436,2025-08-27,2025-09-03,sh.600989,2025-08-29 20:06:15.206066
-0.004436,2025-08-27,2025-09-03,sh.600989,2025-08-29 20:06:15.206066
-0.004436,2025-08-27,2025-09-03,sh.600989,2025-08-29 20:06:15.206066
0.0396,2025-08-28,2025-09-04,sh.600989,2025-08-29 20:06:15.206066
0.0396,2025-08-28,2025-09-04,sh.600989,2025-08-29 20:06:15.206066
0.05283,2025-08-28,2025-09-04,sh.600989,2025-08-29 20:06:15.206066
-0.02248,2025-08-29,2025-09-05,sh.600989,2025-08-29 20:06:15.206066
-0.02615,2025-08-29,2025-09-05,sh.600989,2025-08-29 20:06:15.206066
-0.00217,2025-08-25,2025-09-01,sh.600999,2025-08-29 20:06:15.206066
-0.03333,2025-08-26,2025-09-02,sh.600999,2025-08-29 20:06:15.206066
-0.03333,2025-08-26,2025-09-02,sh.600999,2025-08-29 20:06:15.206066
-0.1824,2025-08-27,2025-09-03,sh.600999,2025-08-29 20:06:15.206066
-0.1824,2025-08-27,2025-09-03,sh.600999,2025-08-29 20:06:15.206066
-0.1824,2025-08-27,2025-09-03,sh.600999,2025-08-29 20:06:15.206066
0.05515,2025-08-28,2025-09-04,sh.600999,2025-08-29 20:06:15.206066
0.05515,2025-08-28,2025-09-04,sh.600999,2025-08-29 20:06:15.206066
0.05515,2025-08-28,2025-09-04,sh.600999,2025-08-29 20:06:15.206066
-0.0477,2025-08-29,2025-09-05,sh.600999,2025-08-29 20:06:15.206066
-0.0477,2025-08-29,2025-09-05,sh.600999,2025-08-29 20:06:15.206066
0.0684,2025-08-25,2025-09-01,sh.601006,2025-08-29 20:06:15.206066
0.0686,2025-08-26,2025-09-02,sh.601006,2025-08-29 20:06:15.206066
0.0686,2025-08-26,2025-09-02,sh.601006,2025-08-29 20:06:15.206066
0.01185,2025-08-27,2025-09-03,sh.601006,2025-08-29 20:06:15.206066
0.01185,2025-08-27,2025-09-03,sh.601006,2025-08-29 20:06:15.206066
0.01185,2025-08-27,2025-09-03,sh.601006,2025-08-29 20:06:15.206066
0.10815,2025-08-28,2025-09-04,sh.601006,2025-08-29 20:06:15.206066
0.07776,2025-08-28,2025-09-04,sh.601006,2025-08-29 20:06:15.206066
0.06775,2025-08-28,2025-09-04,sh.601006,2025-08-29 20:06:15.206066
-0.01071,2025-08-29,2025-09-05,sh.601006,2025-08-29 20:06:15.206066
-0.01071,2025-08-29,2025-09-05,sh.601006,2025-08-29 20:06:15.206066
0.0782,2025-08-25,2025-09-01,sh.601009,2025-08-29 20:06:15.206066
-0.096,2025-08-26,2025-09-02,sh.601009,2025-08-29 20:06:15.206066
-0.096,2025-08-26,2025-09-02,sh.601009,2025-08-29 20:06:15.206066
-0.0657,2025-08-27,2025-09-03,sh.601009,2025-08-29 20:06:15.206066
-0.0657,2025-08-27,2025-09-03,sh.601009,2025-08-29 20:06:15.206066
-0.0518,2025-08-27,2025-09-03,sh.601009,2025-08-29 20:06:15.206066
0.01596,2025-08-28,2025-09-04,sh.601009,2025-08-29 20:06:15.206066
0.01596,2025-08-28,2025-09-04,sh.601009,2025-08-29 20:06:15.206066
0.0579,2025-08-28,2025-09-04,sh.601009,2025-08-29 20:06:15.206066
-0.10046,2025-08-29,2025-09-05,sh.601009,2025-08-29 20:06:15.206066
-0.10046,2025-08-29,2025-09-05,sh.601009,2025-08-29 20:06:15.206066
-0.3755,2025-08-25,2025-09-01,sh.601012,2025-08-29 20:06:15.206066
-0.4119,2025-08-26,2025-09-02,sh.601012,2025-08-29 20:06:15.206066
-0.4124,2025-08-26,2025-09-02,sh.601012,2025-08-29 20:06:15.206066
-0.5625,2025-08-27,2025-09-03,sh.601012,2025-08-29 20:06:15.206066
-0.56,2025-08-27,2025-09-03,sh.601012,2025-08-29 20:06:15.206066
-0.5596,2025-08-27,2025-09-03,sh.601012,2025-08-29 20:06:15.206066
-0.3684,2025-08-28,2025-09-04,sh.601012,2025-08-29 20:06:15.206066
-0.3643,2025-08-28,2025-09-04,sh.601012,2025-08-29 20:06:15.206066
-0.3699,2025-08-28,2025-09-04,sh.601012,2025-08-29 20:06:15.206066
-0.3691,2025-08-29,2025-09-05,sh.601012,2025-08-29 20:06:15.206066
-0.3706,2025-08-29,2025-09-05,sh.601012,2025-08-29 20:06:15.206066
0.2017,2025-08-25,2025-09-01,sh.601021,2025-08-29 20:06:15.206066
0.1118,2025-08-26,2025-09-02,sh.601021,2025-08-29 20:06:15.206066
0.1189,2025-08-26,2025-09-02,sh.601021,2025-08-29 20:06:15.206066
-0.01024,2025-08-27,2025-09-03,sh.601021,2025-08-29 20:06:15.206066
-0.000585,2025-08-27,2025-09-03,sh.601021,2025-08-29 20:06:15.206066
-0.000585,2025-08-27,2025-09-03,sh.601021,2025-08-29 20:06:15.206066
0.01567,2025-08-28,2025-09-04,sh.601021,2025-08-29 20:06:15.206066
0.01547,2025-08-28,2025-09-04,sh.601021,2025-08-29 20:06:15.206066
0.01802,2025-08-28,2025-09-04,sh.601021,2025-08-29 20:06:15.206066
-0.0728,2025-08-29,2025-09-05,sh.601021,2025-08-29 20:06:15.206066
-0.0739,2025-08-29,2025-09-05,sh.601021,2025-08-29 20:06:15.206066
0.03004,2025-08-25,2025-09-01,sh.601058,2025-08-29 20:06:15.206066
0.1418,2025-08-26,2025-09-02,sh.601058,2025-08-29 20:06:15.206066
0.1418,2025-08-26,2025-09-02,sh.601058,2025-08-29 20:06:15.206066
-0.0802,2025-08-27,2025-09-03,sh.601058,2025-08-29 20:06:15.206066
-0.0802,2025-08-27,2025-09-03,sh.601058,2025-08-29 20:06:15.206066
-0.0802,2025-08-27,2025-09-03,sh.601058,2025-08-29 20:06:15.206066
0.0648,2025-08-28,2025-09-04,sh.601058,2025-08-29 20:06:15.206066
0.0548,2025-08-28,2025-09-04,sh.601058,2025-08-29 20:06:15.206066
0.0548,2025-08-28,2025-09-04,sh.601058,2025-08-29 20:06:15.206066
-0.06244,2025-08-29,2025-09-05,sh.601058,2025-08-29 20:06:15.206066
-0.05423,2025-08-29,2025-09-05,sh.601058,2025-08-29 20:06:15.206066
0.02951,2025-08-25,2025-09-01,sh.601066,2025-08-29 20:06:15.206066
0.0296,2025-08-26,2025-09-02,sh.601066,2025-08-29 20:06:15.206066
0.0295,2025-08-26,2025-09-02,sh.601066,2025-08-29 20:06:15.206066
-0.1493,2025-08-27,2025-09-03,sh.601066,2025-08-29 20:06:15.206066
-0.1495,2025-08-27,2025-09-03,sh.601066,2025-08-29 20:06:15.206066
-0.1495,2025-08-27,2025-09-03,sh.601066,2025-08-29 20:06:15.206066
0.0757,2025-08-28,2025-09-04,sh.601066,2025-08-29 20:06:15.206066
0.0755,2025-08-28,2025-09-04,sh.601066,2025-08-29 20:06:15.206066
0.0755,2025-08-28,2025-09-04,sh.601066,2025-08-29 20:06:15.206066
-0.01984,2025-08-29,2025-09-05,sh.601066,2025-08-29 20:06:15.206066
-0.01987,2025-08-29,2025-09-05,sh.601066,2025-08-29 20:06:15.206066
-0.0454,2025-08-25,2025-09-01,sh.601077,2025-08-29 20:06:15.206066
-0.0454,2025-08-26,2025-09-02,sh.601077,2025-08-29 20:06:15.206066
-0.0454,2025-08-26,2025-09-02,sh.601077,2025-08-29 20:06:15.206066
-0.01489,2025-08-27,2025-09-03,sh.601077,2025-08-29 20:06:15.206066
-0.00917,2025-08-27,2025-09-03,sh.601077,2025-08-29 20:06:15.206066
-0.00917,2025-08-27,2025-09-03,sh.601077,2025-08-29 20:06:15.206066
-0.02304,2025-08-28,2025-09-04,sh.601077,2025-08-29 20:06:15.206066
-0.01551,2025-08-28,2025-09-04,sh.601077,2025-08-29 20:06:15.206066
-0.01551,2025-08-28,2025-09-04,sh.601077,2025-08-29 20:06:15.206066
-0.01648,2025-08-29,2025-09-05,sh.601077,2025-08-29 20:06:15.206066
-0.01648,2025-08-29,2025-09-05,sh.601077,2025-08-29 20:06:15.206066
0.1398,2025-08-25,2025-09-01,sh.601088,2025-08-29 20:06:15.206066
0.01686,2025-08-26,2025-09-02,sh.601088,2025-08-29 20:06:15.206066
0.01582,2025-08-26,2025-09-02,sh.601088,2025-08-29 20:06:15.206066
-0.0642,2025-08-27,2025-09-03,sh.601088,2025-08-29 20:06:15.206066
-0.07794,2025-08-27,2025-09-03,sh.601088,2025-08-29 20:06:15.206066
-0.07794,2025-08-27,2025-09-03,sh.601088,2025-08-29 20:06:15.206066
-0.007183,2025-08-28,2025-09-04,sh.601088,2025-08-29 20:06:15.206066
-0.03342,2025-08-28,2025-09-04,sh.601088,2025-08-29 20:06:15.206066
-0.03918,2025-08-28,2025-09-04,sh.601088,2025-08-29 20:06:15.206066
-0.1272,2025-08-29,2025-09-05,sh.601088,2025-08-29 20:06:15.206066
-0.1252,2025-08-29,2025-09-05,sh.601088,2025-08-29 20:06:15.206066
-0.1304,2025-08-25,2025-09-01,sh.601100,2025-08-29 20:06:15.206066
-0.05334,2025-08-26,2025-09-02,sh.601100,2025-08-29 20:06:15.206066
-0.052,2025-08-26,2025-09-02,sh.601100,2025-08-29 20:06:15.206066
-0.526,2025-08-27,2025-09-03,sh.601100,2025-08-29 20:06:15.206066
-0.5225,2025-08-27,2025-09-03,sh.601100,2025-08-29 20:06:15.206066
-0.5176,2025-08-27,2025-09-03,sh.601100,2025-08-29 20:06:15.206066
-0.002197,2025-08-28,2025-09-04,sh.601100,2025-08-29 20:06:15.206066
-0.00571,2025-08-28,2025-09-04,sh.601100,2025-08-29 20:06:15.206066
0.00497,2025-08-28,2025-09-04,sh.601100,2025-08-29 20:06:15.206066
-0.009155,2025-08-29,2025-09-05,sh.601100,2025-08-29 20:06:15.206066
-0.012115,2025-08-29,2025-09-05,sh.601100,2025-08-29 20:06:15.206066
0.1116,2025-08-25,2025-09-01,sh.601111,2025-08-29 20:06:15.206066
0.11145,2025-08-26,2025-09-02,sh.601111,2025-08-29 20:06:15.206066
0.11145,2025-08-26,2025-09-02,sh.601111,2025-08-29 20:06:15.206066
0.02977,2025-08-27,2025-09-03,sh.601111,2025-08-29 20:06:15.206066
0.02977,2025-08-27,2025-09-03,sh.601111,2025-08-29 20:06:15.206066
0.02977,2025-08-27,2025-09-03,sh.601111,2025-08-29 20:06:15.206066
0.11145,2025-08-28,2025-09-04,sh.601111,2025-08-29 20:06:15.206066
0.11145,2025-08-28,2025-09-04,sh.601111,2025-08-29 20:06:15.206066
0.11145,2025-08-28,2025-09-04,sh.601111,2025-08-29 20:06:15.206066
0.0802,2025-08-29,2025-09-05,sh.601111,2025-08-29 20:06:15.206066
0.0802,2025-08-29,2025-09-05,sh.601111,2025-08-29 20:06:15.206066
0.04947,2025-08-25,2025-09-01,sh.601117,2025-08-29 20:06:15.206066
0.0414,2025-08-26,2025-09-02,sh.601117,2025-08-29 20:06:15.206066
0.04114,2025-08-26,2025-09-02,sh.601117,2025-08-29 20:06:15.206066
0.0008206,2025-08-27,2025-09-03,sh.601117,2025-08-29 20:06:15.206066
0.0008206,2025-08-27,2025-09-03,sh.601117,2025-08-29 20:06:15.206066
0.0008206,2025-08-27,2025-09-03,sh.601117,2025-08-29 20:06:15.206066
0.0663,2025-08-28,2025-09-04,sh.601117,2025-08-29 20:06:15.206066
0.0663,2025-08-28,2025-09-04,sh.601117,2025-08-29 20:06:15.206066
0.0663,2025-08-28,2025-09-04,sh.601117,2025-08-29 20:06:15.206066
0.004917,2025-08-29,2025-09-05,sh.601117,2025-08-29 20:06:15.206066
0.004917,2025-08-29,2025-09-05,sh.601117,2025-08-29 20:06:15.206066
-0.0954,2025-08-25,2025-09-01,sh.601127,2025-08-29 20:06:15.206066
-0.2025,2025-08-26,2025-09-02,sh.601127,2025-08-29 20:06:15.206066
-0.2023,2025-08-26,2025-09-02,sh.601127,2025-08-29 20:06:15.206066
-0.443,2025-08-27,2025-09-03,sh.601127,2025-08-29 20:06:15.206066
-0.4404,2025-08-27,2025-09-03,sh.601127,2025-08-29 20:06:15.206066
-0.4456,2025-08-27,2025-09-03,sh.601127,2025-08-29 20:06:15.206066
-0.1322,2025-08-28,2025-09-04,sh.601127,2025-08-29 20:06:15.206066
-0.1322,2025-08-28,2025-09-04,sh.601127,2025-08-29 20:06:15.206066
-0.1323,2025-08-28,2025-09-04,sh.601127,2025-08-29 20:06:15.206066
-0.0464,2025-08-29,2025-09-05,sh.601127,2025-08-29 20:06:15.206066
-0.04034,2025-08-29,2025-09-05,sh.601127,2025-08-29 20:06:15.206066
-0.1464,2025-08-25,2025-09-01,sh.601138,2025-08-29 20:06:15.206066
-0.2854,2025-08-26,2025-09-02,sh.601138,2025-08-29 20:06:15.206066
-0.2878,2025-08-26,2025-09-02,sh.601138,2025-08-29 20:06:15.206066
-0.2391,2025-08-27,2025-09-03,sh.601138,2025-08-29 20:06:15.206066
-0.2422,2025-08-27,2025-09-03,sh.601138,2025-08-29 20:06:15.206066
-0.2372,2025-08-27,2025-09-03,sh.601138,2025-08-29 20:06:15.206066
-0.0786,2025-08-28,2025-09-04,sh.601138,2025-08-29 20:06:15.206066
-0.06604,2025-08-28,2025-09-04,sh.601138,2025-08-29 20:06:15.206066
-0.066,2025-08-28,2025-09-04,sh.601138,2025-08-29 20:06:15.206066
-0.04736,2025-08-29,2025-09-05,sh.601138,2025-08-29 20:06:15.206066
-0.04807,2025-08-29,2025-09-05,sh.601138,2025-08-29 20:06:15.206066
0.06186,2025-08-25,2025-09-01,sh.601166,2025-08-29 20:06:15.206066
0.0133,2025-08-26,2025-09-02,sh.601166,2025-08-29 20:06:15.206066
0.03036,2025-08-26,2025-09-02,sh.601166,2025-08-29 20:06:15.206066
-0.1909,2025-08-27,2025-09-03,sh.601166,2025-08-29 20:06:15.206066
-0.1909,2025-08-27,2025-09-03,sh.601166,2025-08-29 20:06:15.206066
-0.1907,2025-08-27,2025-09-03,sh.601166,2025-08-29 20:06:15.206066
0.07025,2025-08-28,2025-09-04,sh.601166,2025-08-29 20:06:15.206066
0.0716,2025-08-28,2025-09-04,sh.601166,2025-08-29 20:06:15.206066
0.07184,2025-08-28,2025-09-04,sh.601166,2025-08-29 20:06:15.206066
-0.1316,2025-08-29,2025-09-05,sh.601166,2025-08-29 20:06:15.206066
-0.142,2025-08-29,2025-09-05,sh.601166,2025-08-29 20:06:15.206066
0.05457,2025-08-25,2025-09-01,sh.601169,2025-08-29 20:06:15.206066
-0.01005,2025-08-26,2025-09-02,sh.601169,2025-08-29 20:06:15.206066
-0.01444,2025-08-26,2025-09-02,sh.601169,2025-08-29 20:06:15.206066
-0.127,2025-08-27,2025-09-03,sh.601169,2025-08-29 20:06:15.206066
-0.127,2025-08-27,2025-09-03,sh.601169,2025-08-29 20:06:15.206066
-0.115,2025-08-27,2025-09-03,sh.601169,2025-08-29 20:06:15.206066
0.0256,2025-08-28,2025-09-04,sh.601169,2025-08-29 20:06:15.206066
0.0256,2025-08-28,2025-09-04,sh.601169,2025-08-29 20:06:15.206066
0.01518,2025-08-28,2025-09-04,sh.601169,2025-08-29 20:06:15.206066
-0.135,2025-08-29,2025-09-05,sh.601169,2025-08-29 20:06:15.206066
-0.135,2025-08-29,2025-09-05,sh.601169,2025-08-29 20:06:15.206066
0.05072,2025-08-25,2025-09-01,sh.601186,2025-08-29 20:06:15.206066
0.0693,2025-08-26,2025-09-02,sh.601186,2025-08-29 20:06:15.206066
0.0693,2025-08-26,2025-09-02,sh.601186,2025-08-29 20:06:15.206066
-0.01419,2025-08-27,2025-09-03,sh.601186,2025-08-29 20:06:15.206066
-0.01419,2025-08-27,2025-09-03,sh.601186,2025-08-29 20:06:15.206066
-0.01419,2025-08-27,2025-09-03,sh.601186,2025-08-29 20:06:15.206066
0.0477,2025-08-28,2025-09-04,sh.601186,2025-08-29 20:06:15.206066
0.0477,2025-08-28,2025-09-04,sh.601186,2025-08-29 20:06:15.206066
0.0477,2025-08-28,2025-09-04,sh.601186,2025-08-29 20:06:15.206066
0.0705,2025-08-29,2025-09-05,sh.601186,2025-08-29 20:06:15.206066
0.0705,2025-08-29,2025-09-05,sh.601186,2025-08-29 20:06:15.206066
-0.01923,2025-08-25,2025-09-01,sh.601211,2025-08-29 20:06:15.206066
0.007595,2025-08-26,2025-09-02,sh.601211,2025-08-29 20:06:15.206066
0.002388,2025-08-26,2025-09-02,sh.601211,2025-08-29 20:06:15.206066
-0.1335,2025-08-27,2025-09-03,sh.601211,2025-08-29 20:06:15.206066
-0.1335,2025-08-27,2025-09-03,sh.601211,2025-08-29 20:06:15.206066
-0.1335,2025-08-27,2025-09-03,sh.601211,2025-08-29 20:06:15.206066
0.02077,2025-08-28,2025-09-04,sh.601211,2025-08-29 20:06:15.206066
-0.007053,2025-08-28,2025-09-04,sh.601211,2025-08-29 20:06:15.206066
-0.007053,2025-08-28,2025-09-04,sh.601211,2025-08-29 20:06:15.206066
-0.03577,2025-08-29,2025-09-05,sh.601211,2025-08-29 20:06:15.206066
-0.03577,2025-08-29,2025-09-05,sh.601211,2025-08-29 20:06:15.206066
0.03775,2025-08-25,2025-09-01,sh.601225,2025-08-29 20:06:15.206066
0.00396,2025-08-26,2025-09-02,sh.601225,2025-08-29 20:06:15.206066
0.00396,2025-08-26,2025-09-02,sh.601225,2025-08-29 20:06:15.206066
-0.10394,2025-08-27,2025-09-03,sh.601225,2025-08-29 20:06:15.206066
-0.10394,2025-08-27,2025-09-03,sh.601225,2025-08-29 20:06:15.206066
-0.07263,2025-08-27,2025-09-03,sh.601225,2025-08-29 20:06:15.206066
0.0249,2025-08-28,2025-09-04,sh.601225,2025-08-29 20:06:15.206066
0.0249,2025-08-28,2025-09-04,sh.601225,2025-08-29 20:06:15.206066
0.0249,2025-08-28,2025-09-04,sh.601225,2025-08-29 20:06:15.206066
0.04974,2025-08-29,2025-09-05,sh.601225,2025-08-29 20:06:15.206066
0.04974,2025-08-29,2025-09-05,sh.601225,2025-08-29 20:06:15.206066
-0.0134,2025-08-25,2025-09-01,sh.601229,2025-08-29 20:06:15.206066
-0.0931,2025-08-26,2025-09-02,sh.601229,2025-08-29 20:06:15.206066
-0.0931,2025-08-26,2025-09-02,sh.601229,2025-08-29 20:06:15.206066
-0.1295,2025-08-27,2025-09-03,sh.601229,2025-08-29 20:06:15.206066
-0.1292,2025-08-27,2025-09-03,sh.601229,2025-08-29 20:06:15.206066
-0.11847,2025-08-27,2025-09-03,sh.601229,2025-08-29 20:06:15.206066
-0.02666,2025-08-28,2025-09-04,sh.601229,2025-08-29 20:06:15.206066
0.008545,2025-08-28,2025-09-04,sh.601229,2025-08-29 20:06:15.206066
0.008545,2025-08-28,2025-09-04,sh.601229,2025-08-29 20:06:15.206066
-0.1757,2025-08-29,2025-09-05,sh.601229,2025-08-29 20:06:15.206066
-0.1755,2025-08-29,2025-09-05,sh.601229,2025-08-29 20:06:15.206066
-0.05606,2025-08-25,2025-09-01,sh.601236,2025-08-29 20:06:15.206066
0.01753,2025-08-26,2025-09-02,sh.601236,2025-08-29 20:06:15.206066
0.01753,2025-08-26,2025-09-02,sh.601236,2025-08-29 20:06:15.206066
0.002384,2025-08-27,2025-09-03,sh.601236,2025-08-29 20:06:15.206066
0.002384,2025-08-27,2025-09-03,sh.601236,2025-08-29 20:06:15.206066
0.002384,2025-08-27,2025-09-03,sh.601236,2025-08-29 20:06:15.206066
-0.001291,2025-08-28,2025-09-04,sh.601236,2025-08-29 20:06:15.206066
-0.001291,2025-08-28,2025-09-04,sh.601236,2025-08-29 20:06:15.206066
-0.001291,2025-08-28,2025-09-04,sh.601236,2025-08-29 20:06:15.206066
-0.005894,2025-08-29,2025-09-05,sh.601236,2025-08-29 20:06:15.206066
-0.005894,2025-08-29,2025-09-05,sh.601236,2025-08-29 20:06:15.206066
0.07184,2025-08-25,2025-09-01,sh.601238,2025-08-29 20:06:15.206066
0.07825,2025-08-26,2025-09-02,sh.601238,2025-08-29 20:06:15.206066
0.07855,2025-08-26,2025-09-02,sh.601238,2025-08-29 20:06:15.206066
0.04913,2025-08-27,2025-09-03,sh.601238,2025-08-29 20:06:15.206066
0.0482,2025-08-27,2025-09-03,sh.601238,2025-08-29 20:06:15.206066
0.0482,2025-08-27,2025-09-03,sh.601238,2025-08-29 20:06:15.206066
0.0899,2025-08-28,2025-09-04,sh.601238,2025-08-29 20:06:15.206066
0.09766,2025-08-28,2025-09-04,sh.601238,2025-08-29 20:06:15.206066
0.07385,2025-08-28,2025-09-04,sh.601238,2025-08-29 20:06:15.206066
0.08545,2025-08-29,2025-09-05,sh.601238,2025-08-29 20:06:15.206066
0.0864,2025-08-29,2025-09-05,sh.601238,2025-08-29 20:06:15.206066
-0.0344,2025-08-25,2025-09-01,sh.601288,2025-08-29 20:06:15.206066
0.02153,2025-08-26,2025-09-02,sh.601288,2025-08-29 20:06:15.206066
0.02153,2025-08-26,2025-09-02,sh.601288,2025-08-29 20:06:15.206066
-0.02962,2025-08-27,2025-09-03,sh.601288,2025-08-29 20:06:15.206066
-0.02962,2025-08-27,2025-09-03,sh.601288,2025-08-29 20:06:15.206066
-0.02962,2025-08-27,2025-09-03,sh.601288,2025-08-29 20:06:15.206066
-0.05096,2025-08-28,2025-09-04,sh.601288,2025-08-29 20:06:15.206066
-0.04385,2025-08-28,2025-09-04,sh.601288,2025-08-29 20:06:15.206066
-0.04306,2025-08-28,2025-09-04,sh.601288,2025-08-29 20:06:15.206066
-0.001413,2025-08-29,2025-09-05,sh.601288,2025-08-29 20:06:15.206066
-0.001413,2025-08-29,2025-09-05,sh.601288,2025-08-29 20:06:15.206066
0.06094,2025-08-25,2025-09-01,sh.601318,2025-08-29 20:06:15.206066
-0.02344,2025-08-26,2025-09-02,sh.601318,2025-08-29 20:06:15.206066
-0.02208,2025-08-26,2025-09-02,sh.601318,2025-08-29 20:06:15.206066
-0.3826,2025-08-27,2025-09-03,sh.601318,2025-08-29 20:06:15.206066
-0.3926,2025-08-27,2025-09-03,sh.601318,2025-08-29 20:06:15.206066
-0.397,2025-08-27,2025-09-03,sh.601318,2025-08-29 20:06:15.206066
0.04486,2025-08-28,2025-09-04,sh.601318,2025-08-29 20:06:15.206066
0.04782,2025-08-28,2025-09-04,sh.601318,2025-08-29 20:06:15.206066
0.03256,2025-08-28,2025-09-04,sh.601318,2025-08-29 20:06:15.206066
-0.0169,2025-08-29,2025-09-05,sh.601318,2025-08-29 20:06:15.206066
-0.03333,2025-08-29,2025-09-05,sh.601318,2025-08-29 20:06:15.206066
-0.00872,2025-08-25,2025-09-01,sh.601319,2025-08-29 20:06:15.206066
-0.003849,2025-08-26,2025-09-02,sh.601319,2025-08-29 20:06:15.206066
-0.003849,2025-08-26,2025-09-02,sh.601319,2025-08-29 20:06:15.206066
0.006584,2025-08-27,2025-09-03,sh.601319,2025-08-29 20:06:15.206066
-0.0281,2025-08-27,2025-09-03,sh.601319,2025-08-29 20:06:15.206066
-0.0281,2025-08-27,2025-09-03,sh.601319,2025-08-29 20:06:15.206066
0.002016,2025-08-28,2025-09-04,sh.601319,2025-08-29 20:06:15.206066
-0.0004566,2025-08-28,2025-09-04,sh.601319,2025-08-29 20:06:15.206066
-0.0004566,2025-08-28,2025-09-04,sh.601319,2025-08-29 20:06:15.206066
0.01237,2025-08-29,2025-09-05,sh.601319,2025-08-29 20:06:15.206066
0.01237,2025-08-29,2025-09-05,sh.601319,2025-08-29 20:06:15.206066
0.06366,2025-08-25,2025-09-01,sh.601328,2025-08-29 20:06:15.206066
-0.0322,2025-08-26,2025-09-02,sh.601328,2025-08-29 20:06:15.206066
-0.0322,2025-08-26,2025-09-02,sh.601328,2025-08-29 20:06:15.206066
-0.0496,2025-08-27,2025-09-03,sh.601328,2025-08-29 20:06:15.206066
-0.0496,2025-08-27,2025-09-03,sh.601328,2025-08-29 20:06:15.206066
-0.0496,2025-08-27,2025-09-03,sh.601328,2025-08-29 20:06:15.206066
-0.007652,2025-08-28,2025-09-04,sh.601328,2025-08-29 20:06:15.206066
-0.007652,2025-08-28,2025-09-04,sh.601328,2025-08-29 20:06:15.206066
-0.007652,2025-08-28,2025-09-04,sh.601328,2025-08-29 20:06:15.206066
-0.03885,2025-08-29,2025-09-05,sh.601328,2025-08-29 20:06:15.206066
-0.03857,2025-08-29,2025-09-05,sh.601328,2025-08-29 20:06:15.206066
-0.252,2025-08-25,2025-09-01,sh.601336,2025-08-29 20:06:15.206066
-0.2668,2025-08-26,2025-09-02,sh.601336,2025-08-29 20:06:15.206066
-0.2578,2025-08-26,2025-09-02,sh.601336,2025-08-29 20:06:15.206066
-0.4412,2025-08-27,2025-09-03,sh.601336,2025-08-29 20:06:15.206066
-0.4421,2025-08-27,2025-09-03,sh.601336,2025-08-29 20:06:15.206066
-0.4583,2025-08-27,2025-09-03,sh.601336,2025-08-29 20:06:15.206066
-0.0673,2025-08-28,2025-09-04,sh.601336,2025-08-29 20:06:15.206066
-0.0676,2025-08-28,2025-09-04,sh.601336,2025-08-29 20:06:15.206066
-0.07227,2025-08-28,2025-09-04,sh.601336,2025-08-29 20:06:15.206066
-0.2273,2025-08-29,2025-09-05,sh.601336,2025-08-29 20:06:15.206066
-0.2173,2025-08-29,2025-09-05,sh.601336,2025-08-29 20:06:15.206066
-0.02625,2025-08-25,2025-09-01,sh.601360,2025-08-29 20:06:15.206066
-0.0133,2025-08-26,2025-09-02,sh.601360,2025-08-29 20:06:15.206066
-0.0133,2025-08-26,2025-09-02,sh.601360,2025-08-29 20:06:15.206066
-0.1757,2025-08-27,2025-09-03,sh.601360,2025-08-29 20:06:15.206066
-0.1757,2025-08-27,2025-09-03,sh.601360,2025-08-29 20:06:15.206066
-0.1757,2025-08-27,2025-09-03,sh.601360,2025-08-29 20:06:15.206066
0.03458,2025-08-28,2025-09-04,sh.601360,2025-08-29 20:06:15.206066
0.01628,2025-08-28,2025-09-04,sh.601360,2025-08-29 20:06:15.206066
0.0324,2025-08-28,2025-09-04,sh.601360,2025-08-29 20:06:15.206066
-0.010994,2025-08-29,2025-09-05,sh.601360,2025-08-29 20:06:15.206066
-0.010994,2025-08-29,2025-09-05,sh.601360,2025-08-29 20:06:15.206066
-0.03754,2025-08-25,2025-09-01,sh.601377,2025-08-29 20:06:15.206066
-0.07336,2025-08-26,2025-09-02,sh.601377,2025-08-29 20:06:15.206066
-0.07336,2025-08-26,2025-09-02,sh.601377,2025-08-29 20:06:15.206066
-0.1476,2025-08-27,2025-09-03,sh.601377,2025-08-29 20:06:15.206066
-0.1476,2025-08-27,2025-09-03,sh.601377,2025-08-29 20:06:15.206066
-0.1476,2025-08-27,2025-09-03,sh.601377,2025-08-29 20:06:15.206066
-0.00659,2025-08-28,2025-09-04,sh.601377,2025-08-29 20:06:15.206066
-0.00659,2025-08-28,2025-09-04,sh.601377,2025-08-29 20:06:15.206066
0.05472,2025-08-28,2025-09-04,sh.601377,2025-08-29 20:06:15.206066
-0.05408,2025-08-29,2025-09-05,sh.601377,2025-08-29 20:06:15.206066
-0.0883,2025-08-29,2025-09-05,sh.601377,2025-08-29 20:06:15.206066
0.07324,2025-08-25,2025-09-01,sh.601390,2025-08-29 20:06:15.206066
0.05865,2025-08-26,2025-09-02,sh.601390,2025-08-29 20:06:15.206066
0.05865,2025-08-26,2025-09-02,sh.601390,2025-08-29 20:06:15.206066
0.02151,2025-08-27,2025-09-03,sh.601390,2025-08-29 20:06:15.206066
0.02151,2025-08-27,2025-09-03,sh.601390,2025-08-29 20:06:15.206066
0.02151,2025-08-27,2025-09-03,sh.601390,2025-08-29 20:06:15.206066
0.006992,2025-08-28,2025-09-04,sh.601390,2025-08-29 20:06:15.206066
0.006992,2025-08-28,2025-09-04,sh.601390,2025-08-29 20:06:15.206066
0.006992,2025-08-28,2025-09-04,sh.601390,2025-08-29 20:06:15.206066
0.01767,2025-08-29,2025-09-05,sh.601390,2025-08-29 20:06:15.206066
0.01767,2025-08-29,2025-09-05,sh.601390,2025-08-29 20:06:15.206066
-0.03787,2025-08-25,2025-09-01,sh.601398,2025-08-29 20:06:15.206066
-0.03787,2025-08-26,2025-09-02,sh.601398,2025-08-29 20:06:15.206066
-0.00856,2025-08-26,2025-09-02,sh.601398,2025-08-29 20:06:15.206066
-0.08386,2025-08-27,2025-09-03,sh.601398,2025-08-29 20:06:15.206066
-0.08386,2025-08-27,2025-09-03,sh.601398,2025-08-29 20:06:15.206066
-0.08386,2025-08-27,2025-09-03,sh.601398,2025-08-29 20:06:15.206066
-0.05994,2025-08-28,2025-09-04,sh.601398,2025-08-29 20:06:15.206066
-0.05994,2025-08-28,2025-09-04,sh.601398,2025-08-29 20:06:15.206066
-0.05994,2025-08-28,2025-09-04,sh.601398,2025-08-29 20:06:15.206066
0.0429,2025-08-29,2025-09-05,sh.601398,2025-08-29 20:06:15.206066
0.03653,2025-08-29,2025-09-05,sh.601398,2025-08-29 20:06:15.206066
0.0743,2025-08-25,2025-09-01,sh.601600,2025-08-29 20:06:15.206066
0.004524,2025-08-26,2025-09-02,sh.601600,2025-08-29 20:06:15.206066
0.01999,2025-08-26,2025-09-02,sh.601600,2025-08-29 20:06:15.206066
-0.0441,2025-08-27,2025-09-03,sh.601600,2025-08-29 20:06:15.206066
-0.0441,2025-08-27,2025-09-03,sh.601600,2025-08-29 20:06:15.206066
-0.0441,2025-08-27,2025-09-03,sh.601600,2025-08-29 20:06:15.206066
0.03638,2025-08-28,2025-09-04,sh.601600,2025-08-29 20:06:15.206066
0.03638,2025-08-28,2025-09-04,sh.601600,2025-08-29 20:06:15.206066
0.03668,2025-08-28,2025-09-04,sh.601600,2025-08-29 20:06:15.206066
-0.03333,2025-08-29,2025-09-05,sh.601600,2025-08-29 20:06:15.206066
-0.03333,2025-08-29,2025-09-05,sh.601600,2025-08-29 20:06:15.206066
-0.03824,2025-08-25,2025-09-01,sh.601601,2025-08-29 20:06:15.206066
-0.1044,2025-08-26,2025-09-02,sh.601601,2025-08-29 20:06:15.206066
-0.1082,2025-08-26,2025-09-02,sh.601601,2025-08-29 20:06:15.206066
-0.3022,2025-08-27,2025-09-03,sh.601601,2025-08-29 20:06:15.206066
-0.2866,2025-08-27,2025-09-03,sh.601601,2025-08-29 20:06:15.206066
-0.3032,2025-08-27,2025-09-03,sh.601601,2025-08-29 20:06:15.206066
0.02284,2025-08-28,2025-09-04,sh.601601,2025-08-29 20:06:15.206066
0.02284,2025-08-28,2025-09-04,sh.601601,2025-08-29 20:06:15.206066
0.0001786,2025-08-28,2025-09-04,sh.601601,2025-08-29 20:06:15.206066
-0.2551,2025-08-29,2025-09-05,sh.601601,2025-08-29 20:06:15.206066
-0.255,2025-08-29,2025-09-05,sh.601601,2025-08-29 20:06:15.206066
0.1903,2025-08-25,2025-09-01,sh.601607,2025-08-29 20:06:15.206066
0.09106,2025-08-26,2025-09-02,sh.601607,2025-08-29 20:06:15.206066
0.0911,2025-08-26,2025-09-02,sh.601607,2025-08-29 20:06:15.206066
-0.205,2025-08-27,2025-09-03,sh.601607,2025-08-29 20:06:15.206066
-0.2404,2025-08-27,2025-09-03,sh.601607,2025-08-29 20:06:15.206066
-0.2144,2025-08-27,2025-09-03,sh.601607,2025-08-29 20:06:15.206066
-0.1128,2025-08-28,2025-09-04,sh.601607,2025-08-29 20:06:15.206066
-0.1073,2025-08-28,2025-09-04,sh.601607,2025-08-29 20:06:15.206066
-0.1073,2025-08-28,2025-09-04,sh.601607,2025-08-29 20:06:15.206066
-0.3584,2025-08-29,2025-09-05,sh.601607,2025-08-29 20:06:15.206066
-0.357,2025-08-29,2025-09-05,sh.601607,2025-08-29 20:06:15.206066
0.06216,2025-08-25,2025-09-01,sh.601618,2025-08-29 20:06:15.206066
0.03284,2025-08-26,2025-09-02,sh.601618,2025-08-29 20:06:15.206066
0.03284,2025-08-26,2025-09-02,sh.601618,2025-08-29 20:06:15.206066
-0.00883,2025-08-27,2025-09-03,sh.601618,2025-08-29 20:06:15.206066
-0.00883,2025-08-27,2025-09-03,sh.601618,2025-08-29 20:06:15.206066
-0.00883,2025-08-27,2025-09-03,sh.601618,2025-08-29 20:06:15.206066
0.01265,2025-08-28,2025-09-04,sh.601618,2025-08-29 20:06:15.206066
0.01265,2025-08-28,2025-09-04,sh.601618,2025-08-29 20:06:15.206066
0.01265,2025-08-28,2025-09-04,sh.601618,2025-08-29 20:06:15.206066
0.06216,2025-08-29,2025-09-05,sh.601618,2025-08-29 20:06:15.206066
0.06216,2025-08-29,2025-09-05,sh.601618,2025-08-29 20:06:15.206066
0.000996,2025-08-25,2025-09-01,sh.601628,2025-08-29 20:06:15.206066
0.00342,2025-08-26,2025-09-02,sh.601628,2025-08-29 20:06:15.206066
0.000771,2025-08-26,2025-09-02,sh.601628,2025-08-29 20:06:15.206066
-0.1753,2025-08-27,2025-09-03,sh.601628,2025-08-29 20:06:15.206066
-0.1753,2025-08-27,2025-09-03,sh.601628,2025-08-29 20:06:15.206066
-0.1835,2025-08-27,2025-09-03,sh.601628,2025-08-29 20:06:15.206066
0.0325,2025-08-28,2025-09-04,sh.601628,2025-08-29 20:06:15.206066
0.0325,2025-08-28,2025-09-04,sh.601628,2025-08-29 20:06:15.206066
0.0325,2025-08-28,2025-09-04,sh.601628,2025-08-29 20:06:15.206066
-0.0449,2025-08-29,2025-09-05,sh.601628,2025-08-29 20:06:15.206066
-0.0449,2025-08-29,2025-09-05,sh.601628,2025-08-29 20:06:15.206066
-0.1469,2025-08-25,2025-09-01,sh.601633,2025-08-29 20:06:15.206066
0.0878,2025-08-26,2025-09-02,sh.601633,2025-08-29 20:06:15.206066
0.0893,2025-08-26,2025-09-02,sh.601633,2025-08-29 20:06:15.206066
-0.3984,2025-08-27,2025-09-03,sh.601633,2025-08-29 20:06:15.206066
-0.4006,2025-08-27,2025-09-03,sh.601633,2025-08-29 20:06:15.206066
-0.407,2025-08-27,2025-09-03,sh.601633,2025-08-29 20:06:15.206066
0.1182,2025-08-28,2025-09-04,sh.601633,2025-08-29 20:06:15.206066
0.11566,2025-08-28,2025-09-04,sh.601633,2025-08-29 20:06:15.206066
0.11993,2025-08-28,2025-09-04,sh.601633,2025-08-29 20:06:15.206066
0.194,2025-08-29,2025-09-05,sh.601633,2025-08-29 20:06:15.206066
0.194,2025-08-29,2025-09-05,sh.601633,2025-08-29 20:06:15.206066
0.02336,2025-08-25,2025-09-01,sh.601658,2025-08-29 20:06:15.206066
-0.05133,2025-08-26,2025-09-02,sh.601658,2025-08-29 20:06:15.206066
-0.05133,2025-08-26,2025-09-02,sh.601658,2025-08-29 20:06:15.206066
-0.01336,2025-08-27,2025-09-03,sh.601658,2025-08-29 20:06:15.206066
-0.01336,2025-08-27,2025-09-03,sh.601658,2025-08-29 20:06:15.206066
-0.006504,2025-08-27,2025-09-03,sh.601658,2025-08-29 20:06:15.206066
-0.02336,2025-08-28,2025-09-04,sh.601658,2025-08-29 20:06:15.206066
-0.0228,2025-08-28,2025-09-04,sh.601658,2025-08-29 20:06:15.206066
-0.0228,2025-08-28,2025-09-04,sh.601658,2025-08-29 20:06:15.206066
0.04272,2025-08-29,2025-09-05,sh.601658,2025-08-29 20:06:15.206066
0.06854,2025-08-29,2025-09-05,sh.601658,2025-08-29 20:06:15.206066
0.05328,2025-08-25,2025-09-01,sh.601668,2025-08-29 20:06:15.206066
0.0577,2025-08-26,2025-09-02,sh.601668,2025-08-29 20:06:15.206066
0.0577,2025-08-26,2025-09-02,sh.601668,2025-08-29 20:06:15.206066
0.01528,2025-08-27,2025-09-03,sh.601668,2025-08-29 20:06:15.206066
0.01528,2025-08-27,2025-09-03,sh.601668,2025-08-29 20:06:15.206066
0.01528,2025-08-27,2025-09-03,sh.601668,2025-08-29 20:06:15.206066
0.0389,2025-08-28,2025-09-04,sh.601668,2025-08-29 20:06:15.206066
0.0389,2025-08-28,2025-09-04,sh.601668,2025-08-29 20:06:15.206066
0.0389,2025-08-28,2025-09-04,sh.601668,2025-08-29 20:06:15.206066
0.01169,2025-08-29,2025-09-05,sh.601668,2025-08-29 20:06:15.206066
0.01169,2025-08-29,2025-09-05,sh.601668,2025-08-29 20:06:15.206066
0.0407,2025-08-25,2025-09-01,sh.601669,2025-08-29 20:06:15.206066
-0.01573,2025-08-26,2025-09-02,sh.601669,2025-08-29 20:06:15.206066
-0.01573,2025-08-26,2025-09-02,sh.601669,2025-08-29 20:06:15.206066
0.0446,2025-08-27,2025-09-03,sh.601669,2025-08-29 20:06:15.206066
0.04388,2025-08-27,2025-09-03,sh.601669,2025-08-29 20:06:15.206066
0.0446,2025-08-27,2025-09-03,sh.601669,2025-08-29 20:06:15.206066
0.0473,2025-08-28,2025-09-04,sh.601669,2025-08-29 20:06:15.206066
0.0473,2025-08-28,2025-09-04,sh.601669,2025-08-29 20:06:15.206066
0.03635,2025-08-28,2025-09-04,sh.601669,2025-08-29 20:06:15.206066
0.04538,2025-08-29,2025-09-05,sh.601669,2025-08-29 20:06:15.206066
0.04605,2025-08-29,2025-09-05,sh.601669,2025-08-29 20:06:15.206066
-0.03207,2025-08-25,2025-09-01,sh.601688,2025-08-29 20:06:15.206066
-0.04465,2025-08-26,2025-09-02,sh.601688,2025-08-29 20:06:15.206066
-0.06177,2025-08-26,2025-09-02,sh.601688,2025-08-29 20:06:15.206066
-0.1714,2025-08-27,2025-09-03,sh.601688,2025-08-29 20:06:15.206066
-0.1714,2025-08-27,2025-09-03,sh.601688,2025-08-29 20:06:15.206066
-0.1714,2025-08-27,2025-09-03,sh.601688,2025-08-29 20:06:15.206066
0.01137,2025-08-28,2025-09-04,sh.601688,2025-08-29 20:06:15.206066
0.0518,2025-08-28,2025-09-04,sh.601688,2025-08-29 20:06:15.206066
0.0518,2025-08-28,2025-09-04,sh.601688,2025-08-29 20:06:15.206066
-0.03073,2025-08-29,2025-09-05,sh.601688,2025-08-29 20:06:15.206066
-0.04922,2025-08-29,2025-09-05,sh.601688,2025-08-29 20:06:15.206066
-0.401,2025-08-25,2025-09-01,sh.601689,2025-08-29 20:06:15.206066
-0.01573,2025-08-26,2025-09-02,sh.601689,2025-08-29 20:06:15.206066
-0.01573,2025-08-26,2025-09-02,sh.601689,2025-08-29 20:06:15.206066
-0.6133,2025-08-27,2025-09-03,sh.601689,2025-08-29 20:06:15.206066
-0.6133,2025-08-27,2025-09-03,sh.601689,2025-08-29 20:06:15.206066
-0.6133,2025-08-27,2025-09-03,sh.601689,2025-08-29 20:06:15.206066
-0.02986,2025-08-28,2025-09-04,sh.601689,2025-08-29 20:06:15.206066
-0.0299,2025-08-28,2025-09-04,sh.601689,2025-08-29 20:06:15.206066
-0.03085,2025-08-28,2025-09-04,sh.601689,2025-08-29 20:06:15.206066
-0.1936,2025-08-29,2025-09-05,sh.601689,2025-08-29 20:06:15.206066
-0.1936,2025-08-29,2025-09-05,sh.601689,2025-08-29 20:06:15.206066
0.03967,2025-08-25,2025-09-01,sh.601698,2025-08-29 20:06:15.206066
-0.05542,2025-08-26,2025-09-02,sh.601698,2025-08-29 20:06:15.206066
-0.0682,2025-08-26,2025-09-02,sh.601698,2025-08-29 20:06:15.206066
-0.1384,2025-08-27,2025-09-03,sh.601698,2025-08-29 20:06:15.206066
-0.1384,2025-08-27,2025-09-03,sh.601698,2025-08-29 20:06:15.206066
-0.1384,2025-08-27,2025-09-03,sh.601698,2025-08-29 20:06:15.206066
-0.0698,2025-08-28,2025-09-04,sh.601698,2025-08-29 20:06:15.206066
-0.0698,2025-08-28,2025-09-04,sh.601698,2025-08-29 20:06:15.206066
-0.0698,2025-08-28,2025-09-04,sh.601698,2025-08-29 20:06:15.206066
0.05695,2025-08-29,2025-09-05,sh.601698,2025-08-29 20:06:15.206066
0.05695,2025-08-29,2025-09-05,sh.601698,2025-08-29 20:06:15.206066
-0.02812,2025-08-25,2025-09-01,sh.601699,2025-08-29 20:06:15.206066
-0.0821,2025-08-26,2025-09-02,sh.601699,2025-08-29 20:06:15.206066
-0.063,2025-08-26,2025-09-02,sh.601699,2025-08-29 20:06:15.206066
-0.513,2025-08-27,2025-09-03,sh.601699,2025-08-29 20:06:15.206066
-0.5093,2025-08-27,2025-09-03,sh.601699,2025-08-29 20:06:15.206066
-0.5264,2025-08-27,2025-09-03,sh.601699,2025-08-29 20:06:15.206066
0.04504,2025-08-28,2025-09-04,sh.601699,2025-08-29 20:06:15.206066
0.03105,2025-08-28,2025-09-04,sh.601699,2025-08-29 20:06:15.206066
0.05115,2025-08-28,2025-09-04,sh.601699,2025-08-29 20:06:15.206066
-0.1774,2025-08-29,2025-09-05,sh.601699,2025-08-29 20:06:15.206066
-0.1774,2025-08-29,2025-09-05,sh.601699,2025-08-29 20:06:15.206066
0.014885,2025-08-25,2025-09-01,sh.601728,2025-08-29 20:06:15.206066
-0.0456,2025-08-26,2025-09-02,sh.601728,2025-08-29 20:06:15.206066
-0.04486,2025-08-26,2025-09-02,sh.601728,2025-08-29 20:06:15.206066
0.01854,2025-08-27,2025-09-03,sh.601728,2025-08-29 20:06:15.206066
0.02182,2025-08-27,2025-09-03,sh.601728,2025-08-29 20:06:15.206066
0.02182,2025-08-27,2025-09-03,sh.601728,2025-08-29 20:06:15.206066
-0.04373,2025-08-28,2025-09-04,sh.601728,2025-08-29 20:06:15.206066
-0.04373,2025-08-28,2025-09-04,sh.601728,2025-08-29 20:06:15.206066
-0.04373,2025-08-28,2025-09-04,sh.601728,2025-08-29 20:06:15.206066
0.05588,2025-08-29,2025-09-05,sh.601728,2025-08-29 20:06:15.206066
0.05588,2025-08-29,2025-09-05,sh.601728,2025-08-29 20:06:15.206066
0.014915,2025-08-25,2025-09-01,sh.601766,2025-08-29 20:06:15.206066
0.01773,2025-08-26,2025-09-02,sh.601766,2025-08-29 20:06:15.206066
0.01773,2025-08-26,2025-09-02,sh.601766,2025-08-29 20:06:15.206066
-0.0285,2025-08-27,2025-09-03,sh.601766,2025-08-29 20:06:15.206066
-0.0285,2025-08-27,2025-09-03,sh.601766,2025-08-29 20:06:15.206066
-0.0285,2025-08-27,2025-09-03,sh.601766,2025-08-29 20:06:15.206066
0.06537,2025-08-28,2025-09-04,sh.601766,2025-08-29 20:06:15.206066
0.06537,2025-08-28,2025-09-04,sh.601766,2025-08-29 20:06:15.206066
0.06537,2025-08-28,2025-09-04,sh.601766,2025-08-29 20:06:15.206066
0.01791,2025-08-29,2025-09-05,sh.601766,2025-08-29 20:06:15.206066
0.01791,2025-08-29,2025-09-05,sh.601766,2025-08-29 20:06:15.206066
-0.1477,2025-08-25,2025-09-01,sh.601788,2025-08-29 20:06:15.206066
-0.1252,2025-08-26,2025-09-02,sh.601788,2025-08-29 20:06:15.206066
-0.12494,2025-08-26,2025-09-02,sh.601788,2025-08-29 20:06:15.206066
-0.0572,2025-08-27,2025-09-03,sh.601788,2025-08-29 20:06:15.206066
-0.0572,2025-08-27,2025-09-03,sh.601788,2025-08-29 20:06:15.206066
-0.0572,2025-08-27,2025-09-03,sh.601788,2025-08-29 20:06:15.206066
0.0663,2025-08-28,2025-09-04,sh.601788,2025-08-29 20:06:15.206066
0.0663,2025-08-28,2025-09-04,sh.601788,2025-08-29 20:06:15.206066
0.0663,2025-08-28,2025-09-04,sh.601788,2025-08-29 20:06:15.206066
-0.05063,2025-08-29,2025-09-05,sh.601788,2025-08-29 20:06:15.206066
-0.05063,2025-08-29,2025-09-05,sh.601788,2025-08-29 20:06:15.206066
0.2101,2025-08-25,2025-09-01,sh.601799,2025-08-29 20:06:15.206066
0.0204,2025-08-26,2025-09-02,sh.601799,2025-08-29 20:06:15.206066
0.01936,2025-08-26,2025-09-02,sh.601799,2025-08-29 20:06:15.206066
0.01563,2025-08-27,2025-09-03,sh.601799,2025-08-29 20:06:15.206066
0.01158,2025-08-27,2025-09-03,sh.601799,2025-08-29 20:06:15.206066
0.01158,2025-08-27,2025-09-03,sh.601799,2025-08-29 20:06:15.206066
-0.6445,2025-08-28,2025-09-04,sh.601799,2025-08-29 20:06:15.206066
-0.6445,2025-08-28,2025-09-04,sh.601799,2025-08-29 20:06:15.206066
-0.6445,2025-08-28,2025-09-04,sh.601799,2025-08-29 20:06:15.206066
-0.1431,2025-08-29,2025-09-05,sh.601799,2025-08-29 20:06:15.206066
-0.1431,2025-08-29,2025-09-05,sh.601799,2025-08-29 20:06:15.206066
0.05966,2025-08-25,2025-09-01,sh.601800,2025-08-29 20:06:15.206066
0.01409,2025-08-26,2025-09-02,sh.601800,2025-08-29 20:06:15.206066
0.01409,2025-08-26,2025-09-02,sh.601800,2025-08-29 20:06:15.206066
-0.0333,2025-08-27,2025-09-03,sh.601800,2025-08-29 20:06:15.206066
-0.0333,2025-08-27,2025-09-03,sh.601800,2025-08-29 20:06:15.206066
-0.0333,2025-08-27,2025-09-03,sh.601800,2025-08-29 20:06:15.206066
0.02646,2025-08-28,2025-09-04,sh.601800,2025-08-29 20:06:15.206066
0.02646,2025-08-28,2025-09-04,sh.601800,2025-08-29 20:06:15.206066
0.02646,2025-08-28,2025-09-04,sh.601800,2025-08-29 20:06:15.206066
-0.011,2025-08-29,2025-09-05,sh.601800,2025-08-29 20:06:15.206066
-0.011,2025-08-29,2025-09-05,sh.601800,2025-08-29 20:06:15.206066
0.0708,2025-08-25,2025-09-01,sh.601808,2025-08-29 20:06:15.206066
0.0486,2025-08-26,2025-09-02,sh.601808,2025-08-29 20:06:15.206066
0.0486,2025-08-26,2025-09-02,sh.601808,2025-08-29 20:06:15.206066
-0.05936,2025-08-27,2025-09-03,sh.601808,2025-08-29 20:06:15.206066
-0.05936,2025-08-27,2025-09-03,sh.601808,2025-08-29 20:06:15.206066
-0.05936,2025-08-27,2025-09-03,sh.601808,2025-08-29 20:06:15.206066
-0.0337,2025-08-28,2025-09-04,sh.601808,2025-08-29 20:06:15.206066
-0.0337,2025-08-28,2025-09-04,sh.601808,2025-08-29 20:06:15.206066
-0.0337,2025-08-28,2025-09-04,sh.601808,2025-08-29 20:06:15.206066
-0.01209,2025-08-29,2025-09-05,sh.601808,2025-08-29 20:06:15.206066
-0.01209,2025-08-29,2025-09-05,sh.601808,2025-08-29 20:06:15.206066
0.01756,2025-08-25,2025-09-01,sh.601816,2025-08-29 20:06:15.206066
-0.00376,2025-08-26,2025-09-02,sh.601816,2025-08-29 20:06:15.206066
-0.00376,2025-08-26,2025-09-02,sh.601816,2025-08-29 20:06:15.206066
-0.00376,2025-08-26,2025-09-02,sh.601816,2025-08-29 20:06:15.206066
0.001997,2025-08-27,2025-09-03,sh.601816,2025-08-29 20:06:15.206066
0.001997,2025-08-27,2025-09-03,sh.601816,2025-08-29 20:06:15.206066
0.001997,2025-08-27,2025-09-03,sh.601816,2025-08-29 20:06:15.206066
0.0306,2025-08-28,2025-09-04,sh.601816,2025-08-29 20:06:15.206066
0.0306,2025-08-28,2025-09-04,sh.601816,2025-08-29 20:06:15.206066
0.0306,2025-08-28,2025-09-04,sh.601816,2025-08-29 20:06:15.206066
0.001299,2025-08-29,2025-09-05,sh.601816,2025-08-29 20:06:15.206066
0.001299,2025-08-29,2025-09-05,sh.601816,2025-08-29 20:06:15.206066
-0.0163,2025-08-25,2025-09-01,sh.601818,2025-08-29 20:06:15.206066
-0.00984,2025-08-26,2025-09-02,sh.601818,2025-08-29 20:06:15.206066
-0.00984,2025-08-26,2025-09-02,sh.601818,2025-08-29 20:06:15.206066
-0.0841,2025-08-27,2025-09-03,sh.601818,2025-08-29 20:06:15.206066
-0.0841,2025-08-27,2025-09-03,sh.601818,2025-08-29 20:06:15.206066
-0.0841,2025-08-27,2025-09-03,sh.601818,2025-08-29 20:06:15.206066
0.0121,2025-08-28,2025-09-04,sh.601818,2025-08-29 20:06:15.206066
-0.007435,2025-08-28,2025-09-04,sh.601818,2025-08-29 20:06:15.206066
0.0121,2025-08-28,2025-09-04,sh.601818,2025-08-29 20:06:15.206066
-0.02637,2025-08-29,2025-09-05,sh.601818,2025-08-29 20:06:15.206066
-0.02637,2025-08-29,2025-09-05,sh.601818,2025-08-29 20:06:15.206066
0.0289,2025-08-25,2025-09-01,sh.601825,2025-08-29 20:06:15.206066
-0.024,2025-08-26,2025-09-02,sh.601825,2025-08-29 20:06:15.206066
-0.024,2025-08-26,2025-09-02,sh.601825,2025-08-29 20:06:15.206066
-0.02032,2025-08-27,2025-09-03,sh.601825,2025-08-29 20:06:15.206066
-0.02032,2025-08-27,2025-09-03,sh.601825,2025-08-29 20:06:15.206066
-0.02032,2025-08-27,2025-09-03,sh.601825,2025-08-29 20:06:15.206066
0.002865,2025-08-28,2025-09-04,sh.601825,2025-08-29 20:06:15.206066
0.002865,2025-08-28,2025-09-04,sh.601825,2025-08-29 20:06:15.206066
0.002865,2025-08-28,2025-09-04,sh.601825,2025-08-29 20:06:15.206066
-0.02065,2025-08-29,2025-09-05,sh.601825,2025-08-29 20:06:15.206066
-0.03113,2025-08-29,2025-09-05,sh.601825,2025-08-29 20:06:15.206066
0.04462,2025-08-25,2025-09-01,sh.601838,2025-08-29 20:06:15.206066
0.01828,2025-08-26,2025-09-02,sh.601838,2025-08-29 20:06:15.206066
0.01828,2025-08-26,2025-09-02,sh.601838,2025-08-29 20:06:15.206066
0.01551,2025-08-27,2025-09-03,sh.601838,2025-08-29 20:06:15.206066
0.01551,2025-08-27,2025-09-03,sh.601838,2025-08-29 20:06:15.206066
0.02452,2025-08-27,2025-09-03,sh.601838,2025-08-29 20:06:15.206066
0.03647,2025-08-28,2025-09-04,sh.601838,2025-08-29 20:06:15.206066
0.03647,2025-08-28,2025-09-04,sh.601838,2025-08-29 20:06:15.206066
0.03647,2025-08-28,2025-09-04,sh.601838,2025-08-29 20:06:15.206066
-0.03702,2025-08-29,2025-09-05,sh.601838,2025-08-29 20:06:15.206066
-0.03348,2025-08-29,2025-09-05,sh.601838,2025-08-29 20:06:15.206066
0.0507,2025-08-25,2025-09-01,sh.601857,2025-08-29 20:06:15.206066
0.0238,2025-08-26,2025-09-02,sh.601857,2025-08-29 20:06:15.206066
0.02515,2025-08-26,2025-09-02,sh.601857,2025-08-29 20:06:15.206066
-0.05704,2025-08-27,2025-09-03,sh.601857,2025-08-29 20:06:15.206066
-0.05704,2025-08-27,2025-09-03,sh.601857,2025-08-29 20:06:15.206066
-0.0568,2025-08-27,2025-09-03,sh.601857,2025-08-29 20:06:15.206066
0.0572,2025-08-28,2025-09-04,sh.601857,2025-08-29 20:06:15.206066
0.0572,2025-08-28,2025-09-04,sh.601857,2025-08-29 20:06:15.206066
0.0572,2025-08-28,2025-09-04,sh.601857,2025-08-29 20:06:15.206066
0.04465,2025-08-29,2025-09-05,sh.601857,2025-08-29 20:06:15.206066
0.04465,2025-08-29,2025-09-05,sh.601857,2025-08-29 20:06:15.206066
0.11304,2025-08-25,2025-09-01,sh.601865,2025-08-29 20:06:15.206066
0.02873,2025-08-26,2025-09-02,sh.601865,2025-08-29 20:06:15.206066
0.0395,2025-08-26,2025-09-02,sh.601865,2025-08-29 20:06:15.206066
0.03915,2025-08-26,2025-09-02,sh.601865,2025-08-29 20:06:15.206066
0.02652,2025-08-27,2025-09-03,sh.601865,2025-08-29 20:06:15.206066
0.02652,2025-08-27,2025-09-03,sh.601865,2025-08-29 20:06:15.206066
0.02608,2025-08-27,2025-09-03,sh.601865,2025-08-29 20:06:15.206066
0.2072,2025-08-28,2025-09-04,sh.601865,2025-08-29 20:06:15.206066
0.2046,2025-08-28,2025-09-04,sh.601865,2025-08-29 20:06:15.206066
0.2046,2025-08-28,2025-09-04,sh.601865,2025-08-29 20:06:15.206066
0.0929,2025-08-29,2025-09-05,sh.601865,2025-08-29 20:06:15.206066
0.0929,2025-08-29,2025-09-05,sh.601865,2025-08-29 20:06:15.206066
0.0635,2025-08-25,2025-09-01,sh.601868,2025-08-29 20:06:15.206066
-0.01134,2025-08-26,2025-09-02,sh.601868,2025-08-29 20:06:15.206066
-0.01134,2025-08-26,2025-09-02,sh.601868,2025-08-29 20:06:15.206066
-0.00877,2025-08-27,2025-09-03,sh.601868,2025-08-29 20:06:15.206066
-0.06058,2025-08-27,2025-09-03,sh.601868,2025-08-29 20:06:15.206066
-0.06058,2025-08-27,2025-09-03,sh.601868,2025-08-29 20:06:15.206066
0.0646,2025-08-28,2025-09-04,sh.601868,2025-08-29 20:06:15.206066
0.0646,2025-08-28,2025-09-04,sh.601868,2025-08-29 20:06:15.206066
-0.005417,2025-08-28,2025-09-04,sh.601868,2025-08-29 20:06:15.206066
-0.005417,2025-08-29,2025-09-05,sh.601868,2025-08-29 20:06:15.206066
-0.005417,2025-08-29,2025-09-05,sh.601868,2025-08-29 20:06:15.206066
0.05478,2025-08-25,2025-09-01,sh.601872,2025-08-29 20:06:15.206066
0.04303,2025-08-26,2025-09-02,sh.601872,2025-08-29 20:06:15.206066
0.04303,2025-08-26,2025-09-02,sh.601872,2025-08-29 20:06:15.206066
-0.02263,2025-08-27,2025-09-03,sh.601872,2025-08-29 20:06:15.206066
-0.02263,2025-08-27,2025-09-03,sh.601872,2025-08-29 20:06:15.206066
-0.02263,2025-08-27,2025-09-03,sh.601872,2025-08-29 20:06:15.206066
0.0771,2025-08-28,2025-09-04,sh.601872,2025-08-29 20:06:15.206066
0.0771,2025-08-28,2025-09-04,sh.601872,2025-08-29 20:06:15.206066
0.0771,2025-08-28,2025-09-04,sh.601872,2025-08-29 20:06:15.206066
-0.02022,2025-08-29,2025-09-05,sh.601872,2025-08-29 20:06:15.206066
-0.02022,2025-08-29,2025-09-05,sh.601872,2025-08-29 20:06:15.206066
0.1118,2025-08-25,2025-09-01,sh.601877,2025-08-29 20:06:15.206066
-0.00947,2025-08-26,2025-09-02,sh.601877,2025-08-29 20:06:15.206066
-0.00947,2025-08-26,2025-09-02,sh.601877,2025-08-29 20:06:15.206066
-0.0936,2025-08-27,2025-09-03,sh.601877,2025-08-29 20:06:15.206066
-0.0936,2025-08-27,2025-09-03,sh.601877,2025-08-29 20:06:15.206066
-0.10474,2025-08-27,2025-09-03,sh.601877,2025-08-29 20:06:15.206066
0.1688,2025-08-28,2025-09-04,sh.601877,2025-08-29 20:06:15.206066
0.1293,2025-08-28,2025-09-04,sh.601877,2025-08-29 20:06:15.206066
0.1725,2025-08-28,2025-09-04,sh.601877,2025-08-29 20:06:15.206066
-0.1948,2025-08-29,2025-09-05,sh.601877,2025-08-29 20:06:15.206066
-0.1948,2025-08-29,2025-09-05,sh.601877,2025-08-29 20:06:15.206066
-0.02832,2025-08-25,2025-09-01,sh.601878,2025-08-29 20:06:15.206066
0.0636,2025-08-26,2025-09-02,sh.601878,2025-08-29 20:06:15.206066
0.0636,2025-08-26,2025-09-02,sh.601878,2025-08-29 20:06:15.206066
0.02126,2025-08-27,2025-09-03,sh.601878,2025-08-29 20:06:15.206066
0.02126,2025-08-27,2025-09-03,sh.601878,2025-08-29 20:06:15.206066
0.02126,2025-08-27,2025-09-03,sh.601878,2025-08-29 20:06:15.206066
0.0304,2025-08-28,2025-09-04,sh.601878,2025-08-29 20:06:15.206066
0.0304,2025-08-28,2025-09-04,sh.601878,2025-08-29 20:06:15.206066
0.0304,2025-08-28,2025-09-04,sh.601878,2025-08-29 20:06:15.206066
0.0472,2025-08-29,2025-09-05,sh.601878,2025-08-29 20:06:15.206066
0.0472,2025-08-29,2025-09-05,sh.601878,2025-08-29 20:06:15.206066
-0.05365,2025-08-25,2025-09-01,sh.601881,2025-08-29 20:06:15.206066
0.0164,2025-08-26,2025-09-02,sh.601881,2025-08-29 20:06:15.206066
0.001949,2025-08-26,2025-09-02,sh.601881,2025-08-29 20:06:15.206066
-0.119,2025-08-27,2025-09-03,sh.601881,2025-08-29 20:06:15.206066
-0.11816,2025-08-27,2025-09-03,sh.601881,2025-08-29 20:06:15.206066
-0.11816,2025-08-27,2025-09-03,sh.601881,2025-08-29 20:06:15.206066
-0.01464,2025-08-28,2025-09-04,sh.601881,2025-08-29 20:06:15.206066
0.0003395,2025-08-28,2025-09-04,sh.601881,2025-08-29 20:06:15.206066
0.0003395,2025-08-28,2025-09-04,sh.601881,2025-08-29 20:06:15.206066
-0.01883,2025-08-29,2025-09-05,sh.601881,2025-08-29 20:06:15.206066
-0.01793,2025-08-29,2025-09-05,sh.601881,2025-08-29 20:06:15.206066
-0.3518,2025-08-25,2025-09-01,sh.601888,2025-08-29 20:06:15.206066
-0.4507,2025-08-26,2025-09-02,sh.601888,2025-08-29 20:06:15.206066
-0.4402,2025-08-26,2025-09-02,sh.601888,2025-08-29 20:06:15.206066
-0.4443,2025-08-26,2025-09-02,sh.601888,2025-08-29 20:06:15.206066
-0.5796,2025-08-27,2025-09-03,sh.601888,2025-08-29 20:06:15.206066
-0.5615,2025-08-27,2025-09-03,sh.601888,2025-08-29 20:06:15.206066
-0.5806,2025-08-27,2025-09-03,sh.601888,2025-08-29 20:06:15.206066
-0.449,2025-08-28,2025-09-04,sh.601888,2025-08-29 20:06:15.206066
-0.4512,2025-08-28,2025-09-04,sh.601888,2025-08-29 20:06:15.206066
-0.4534,2025-08-28,2025-09-04,sh.601888,2025-08-29 20:06:15.206066
-0.4412,2025-08-29,2025-09-05,sh.601888,2025-08-29 20:06:15.206066
-0.4324,2025-08-29,2025-09-05,sh.601888,2025-08-29 20:06:15.206066
0.0477,2025-08-25,2025-09-01,sh.601898,2025-08-29 20:06:15.206066
-0.0047,2025-08-26,2025-09-02,sh.601898,2025-08-29 20:06:15.206066
-0.0047,2025-08-26,2025-09-02,sh.601898,2025-08-29 20:06:15.206066
-0.0995,2025-08-27,2025-09-03,sh.601898,2025-08-29 20:06:15.206066
-0.04865,2025-08-27,2025-09-03,sh.601898,2025-08-29 20:06:15.206066
-0.0995,2025-08-27,2025-09-03,sh.601898,2025-08-29 20:06:15.206066
0.005722,2025-08-28,2025-09-04,sh.601898,2025-08-29 20:06:15.206066
0.005722,2025-08-28,2025-09-04,sh.601898,2025-08-29 20:06:15.206066
0.005722,2025-08-28,2025-09-04,sh.601898,2025-08-29 20:06:15.206066
0.05862,2025-08-29,2025-09-05,sh.601898,2025-08-29 20:06:15.206066
0.05862,2025-08-29,2025-09-05,sh.601898,2025-08-29 20:06:15.206066
0.02168,2025-08-25,2025-09-01,sh.601899,2025-08-29 20:06:15.206066
-0.05057,2025-08-26,2025-09-02,sh.601899,2025-08-29 20:06:15.206066
-0.05057,2025-08-26,2025-09-02,sh.601899,2025-08-29 20:06:15.206066
-0.1355,2025-08-27,2025-09-03,sh.601899,2025-08-29 20:06:15.206066
-0.1616,2025-08-27,2025-09-03,sh.601899,2025-08-29 20:06:15.206066
-0.162,2025-08-27,2025-09-03,sh.601899,2025-08-29 20:06:15.206066
-0.10114,2025-08-28,2025-09-04,sh.601899,2025-08-29 20:06:15.206066
-0.08466,2025-08-28,2025-09-04,sh.601899,2025-08-29 20:06:15.206066
-0.08466,2025-08-28,2025-09-04,sh.601899,2025-08-29 20:06:15.206066
-0.08624,2025-08-29,2025-09-05,sh.601899,2025-08-29 20:06:15.206066
-0.0642,2025-08-29,2025-09-05,sh.601899,2025-08-29 20:06:15.206066
0.029,2025-08-25,2025-09-01,sh.601901,2025-08-29 20:06:15.206066
0.0408,2025-08-26,2025-09-02,sh.601901,2025-08-29 20:06:15.206066
0.0408,2025-08-26,2025-09-02,sh.601901,2025-08-29 20:06:15.206066
-0.0376,2025-08-27,2025-09-03,sh.601901,2025-08-29 20:06:15.206066
-0.0376,2025-08-27,2025-09-03,sh.601901,2025-08-29 20:06:15.206066
-0.0376,2025-08-27,2025-09-03,sh.601901,2025-08-29 20:06:15.206066
0.00793,2025-08-28,2025-09-04,sh.601901,2025-08-29 20:06:15.206066
0.0084,2025-08-28,2025-09-04,sh.601901,2025-08-29 20:06:15.206066
0.00793,2025-08-28,2025-09-04,sh.601901,2025-08-29 20:06:15.206066
-0.0372,2025-08-29,2025-09-05,sh.601901,2025-08-29 20:06:15.206066
-0.0372,2025-08-29,2025-09-05,sh.601901,2025-08-29 20:06:15.206066
0.06885,2025-08-25,2025-09-01,sh.601916,2025-08-29 20:06:15.206066
0.06885,2025-08-26,2025-09-02,sh.601916,2025-08-29 20:06:15.206066
0.06885,2025-08-26,2025-09-02,sh.601916,2025-08-29 20:06:15.206066
0.02872,2025-08-27,2025-09-03,sh.601916,2025-08-29 20:06:15.206066
0.02872,2025-08-27,2025-09-03,sh.601916,2025-08-29 20:06:15.206066
0.02872,2025-08-27,2025-09-03,sh.601916,2025-08-29 20:06:15.206066
0.0429,2025-08-28,2025-09-04,sh.601916,2025-08-29 20:06:15.206066
0.0429,2025-08-28,2025-09-04,sh.601916,2025-08-29 20:06:15.206066
0.0429,2025-08-28,2025-09-04,sh.601916,2025-08-29 20:06:15.206066
0.0429,2025-08-29,2025-09-05,sh.601916,2025-08-29 20:06:15.206066
0.0429,2025-08-29,2025-09-05,sh.601916,2025-08-29 20:06:15.206066
0.006535,2025-08-25,2025-09-01,sh.601919,2025-08-29 20:06:15.206066
-0.06506,2025-08-26,2025-09-02,sh.601919,2025-08-29 20:06:15.206066
-0.06506,2025-08-26,2025-09-02,sh.601919,2025-08-29 20:06:15.206066
-0.09314,2025-08-27,2025-09-03,sh.601919,2025-08-29 20:06:15.206066
-0.09344,2025-08-27,2025-09-03,sh.601919,2025-08-29 20:06:15.206066
-0.0949,2025-08-27,2025-09-03,sh.601919,2025-08-29 20:06:15.206066
0.02327,2025-08-28,2025-09-04,sh.601919,2025-08-29 20:06:15.206066
0.02327,2025-08-28,2025-09-04,sh.601919,2025-08-29 20:06:15.206066
0.02357,2025-08-28,2025-09-04,sh.601919,2025-08-29 20:06:15.206066
-0.11145,2025-08-29,2025-09-05,sh.601919,2025-08-29 20:06:15.206066
-0.11145,2025-08-29,2025-09-05,sh.601919,2025-08-29 20:06:15.206066
0.01651,2025-08-25,2025-09-01,sh.601939,2025-08-29 20:06:15.206066
-0.02979,2025-08-26,2025-09-02,sh.601939,2025-08-29 20:06:15.206066
-0.02979,2025-08-26,2025-09-02,sh.601939,2025-08-29 20:06:15.206066
-0.04575,2025-08-27,2025-09-03,sh.601939,2025-08-29 20:06:15.206066
-0.04575,2025-08-27,2025-09-03,sh.601939,2025-08-29 20:06:15.206066
-0.0536,2025-08-27,2025-09-03,sh.601939,2025-08-29 20:06:15.206066
0.02866,2025-08-28,2025-09-04,sh.601939,2025-08-29 20:06:15.206066
0.01904,2025-08-28,2025-09-04,sh.601939,2025-08-29 20:06:15.206066
0.01904,2025-08-28,2025-09-04,sh.601939,2025-08-29 20:06:15.206066
0.008026,2025-08-29,2025-09-05,sh.601939,2025-08-29 20:06:15.206066
0.008026,2025-08-29,2025-09-05,sh.601939,2025-08-29 20:06:15.206066
0.03995,2025-08-25,2025-09-01,sh.601985,2025-08-29 20:06:15.206066
-0.007755,2025-08-26,2025-09-02,sh.601985,2025-08-29 20:06:15.206066
-0.007755,2025-08-26,2025-09-02,sh.601985,2025-08-29 20:06:15.206066
-0.05948,2025-08-27,2025-09-03,sh.601985,2025-08-29 20:06:15.206066
-0.001595,2025-08-27,2025-09-03,sh.601985,2025-08-29 20:06:15.206066
-0.001595,2025-08-27,2025-09-03,sh.601985,2025-08-29 20:06:15.206066
0.0315,2025-08-28,2025-09-04,sh.601985,2025-08-29 20:06:15.206066
0.0315,2025-08-28,2025-09-04,sh.601985,2025-08-29 20:06:15.206066
0.0315,2025-08-28,2025-09-04,sh.601985,2025-08-29 20:06:15.206066
0.0267,2025-08-29,2025-09-05,sh.601985,2025-08-29 20:06:15.206066
0.0267,2025-08-29,2025-09-05,sh.601985,2025-08-29 20:06:15.206066
0.04712,2025-08-25,2025-09-01,sh.601988,2025-08-29 20:06:15.206066
0.05438,2025-08-26,2025-09-02,sh.601988,2025-08-29 20:06:15.206066
0.05438,2025-08-26,2025-09-02,sh.601988,2025-08-29 20:06:15.206066
0.0665,2025-08-27,2025-09-03,sh.601988,2025-08-29 20:06:15.206066
0.0665,2025-08-27,2025-09-03,sh.601988,2025-08-29 20:06:15.206066
0.0665,2025-08-27,2025-09-03,sh.601988,2025-08-29 20:06:15.206066
0.01332,2025-08-28,2025-09-04,sh.601988,2025-08-29 20:06:15.206066
0.01332,2025-08-28,2025-09-04,sh.601988,2025-08-29 20:06:15.206066
0.01332,2025-08-28,2025-09-04,sh.601988,2025-08-29 20:06:15.206066
0.00478,2025-08-29,2025-09-05,sh.601988,2025-08-29 20:06:15.206066
-0.01422,2025-08-29,2025-09-05,sh.601988,2025-08-29 20:06:15.206066
0.02036,2025-08-25,2025-09-01,sh.601995,2025-08-29 20:06:15.206066
-0.02684,2025-08-26,2025-09-02,sh.601995,2025-08-29 20:06:15.206066
-0.02684,2025-08-26,2025-09-02,sh.601995,2025-08-29 20:06:15.206066
-0.0851,2025-08-27,2025-09-03,sh.601995,2025-08-29 20:06:15.206066
-0.0851,2025-08-27,2025-09-03,sh.601995,2025-08-29 20:06:15.206066
-0.0851,2025-08-27,2025-09-03,sh.601995,2025-08-29 20:06:15.206066
0.09174,2025-08-28,2025-09-04,sh.601995,2025-08-29 20:06:15.206066
0.09174,2025-08-28,2025-09-04,sh.601995,2025-08-29 20:06:15.206066
0.09174,2025-08-28,2025-09-04,sh.601995,2025-08-29 20:06:15.206066
0.02919,2025-08-29,2025-09-05,sh.601995,2025-08-29 20:06:15.206066
0.02919,2025-08-29,2025-09-05,sh.601995,2025-08-29 20:06:15.206066
0.04086,2025-08-25,2025-09-01,sh.601998,2025-08-29 20:06:15.206066
0.03394,2025-08-26,2025-09-02,sh.601998,2025-08-29 20:06:15.206066
0.03394,2025-08-26,2025-09-02,sh.601998,2025-08-29 20:06:15.206066
-0.0004232,2025-08-27,2025-09-03,sh.601998,2025-08-29 20:06:15.206066
-0.0004232,2025-08-27,2025-09-03,sh.601998,2025-08-29 20:06:15.206066
-0.0004232,2025-08-27,2025-09-03,sh.601998,2025-08-29 20:06:15.206066
0.008,2025-08-28,2025-09-04,sh.601998,2025-08-29 20:06:15.206066
0.008,2025-08-28,2025-09-04,sh.601998,2025-08-29 20:06:15.206066
0.01528,2025-08-28,2025-09-04,sh.601998,2025-08-29 20:06:15.206066
-0.01572,2025-08-29,2025-09-05,sh.601998,2025-08-29 20:06:15.206066
-0.01572,2025-08-29,2025-09-05,sh.601998,2025-08-29 20:06:15.206066
-0.1562,2025-08-25,2025-09-01,sh.603019,2025-08-29 20:06:15.206066
-0.6416,2025-08-26,2025-09-02,sh.603019,2025-08-29 20:06:15.206066
-0.6416,2025-08-26,2025-09-02,sh.603019,2025-08-29 20:06:15.206066
-0.8735,2025-08-27,2025-09-03,sh.603019,2025-08-29 20:06:15.206066
-0.8696,2025-08-27,2025-09-03,sh.603019,2025-08-29 20:06:15.206066
-0.869,2025-08-27,2025-09-03,sh.603019,2025-08-29 20:06:15.206066
-0.0956,2025-08-28,2025-09-04,sh.603019,2025-08-29 20:06:15.206066
-0.0935,2025-08-28,2025-09-04,sh.603019,2025-08-29 20:06:15.206066
-0.08777,2025-08-28,2025-09-04,sh.603019,2025-08-29 20:06:15.206066
-0.6006,2025-08-29,2025-09-05,sh.603019,2025-08-29 20:06:15.206066
-0.5986,2025-08-29,2025-09-05,sh.603019,2025-08-29 20:06:15.206066
0.153,2025-08-25,2025-09-01,sh.603195,2025-08-29 20:06:15.206066
0.04065,2025-08-26,2025-09-02,sh.603195,2025-08-29 20:06:15.206066
0.04037,2025-08-26,2025-09-02,sh.603195,2025-08-29 20:06:15.206066
-0.1304,2025-08-27,2025-09-03,sh.603195,2025-08-29 20:06:15.206066
-0.1304,2025-08-27,2025-09-03,sh.603195,2025-08-29 20:06:15.206066
-0.1304,2025-08-27,2025-09-03,sh.603195,2025-08-29 20:06:15.206066
-0.12244,2025-08-28,2025-09-04,sh.603195,2025-08-29 20:06:15.206066
-0.12244,2025-08-28,2025-09-04,sh.603195,2025-08-29 20:06:15.206066
-0.12244,2025-08-28,2025-09-04,sh.603195,2025-08-29 20:06:15.206066
0.0911,2025-08-29,2025-09-05,sh.603195,2025-08-29 20:06:15.206066
0.0925,2025-08-29,2025-09-05,sh.603195,2025-08-29 20:06:15.206066
0.01256,2025-08-25,2025-09-01,sh.603259,2025-08-29 20:06:15.206066
-0.4963,2025-08-26,2025-09-02,sh.603259,2025-08-29 20:06:15.206066
-0.4963,2025-08-26,2025-09-02,sh.603259,2025-08-29 20:06:15.206066
-0.5044,2025-08-27,2025-09-03,sh.603259,2025-08-29 20:06:15.206066
-0.5044,2025-08-27,2025-09-03,sh.603259,2025-08-29 20:06:15.206066
-0.5044,2025-08-27,2025-09-03,sh.603259,2025-08-29 20:06:15.206066
-0.1704,2025-08-28,2025-09-04,sh.603259,2025-08-29 20:06:15.206066
-0.1704,2025-08-28,2025-09-04,sh.603259,2025-08-29 20:06:15.206066
-0.1705,2025-08-28,2025-09-04,sh.603259,2025-08-29 20:06:15.206066
0.0699,2025-08-29,2025-09-05,sh.603259,2025-08-29 20:06:15.206066
0.06635,2025-08-29,2025-09-05,sh.603259,2025-08-29 20:06:15.206066
0.1127,2025-08-25,2025-09-01,sh.603260,2025-08-29 20:06:15.206066
-0.017,2025-08-26,2025-09-02,sh.603260,2025-08-29 20:06:15.206066
0.02524,2025-08-26,2025-09-02,sh.603260,2025-08-29 20:06:15.206066
-0.1511,2025-08-27,2025-09-03,sh.603260,2025-08-29 20:06:15.206066
-0.121,2025-08-27,2025-09-03,sh.603260,2025-08-29 20:06:15.206066
-0.1278,2025-08-27,2025-09-03,sh.603260,2025-08-29 20:06:15.206066
0.06903,2025-08-28,2025-09-04,sh.603260,2025-08-29 20:06:15.206066
0.0679,2025-08-28,2025-09-04,sh.603260,2025-08-29 20:06:15.206066
0.0745,2025-08-28,2025-09-04,sh.603260,2025-08-29 20:06:15.206066
-0.06305,2025-08-29,2025-09-05,sh.603260,2025-08-29 20:06:15.206066
-0.0816,2025-08-29,2025-09-05,sh.603260,2025-08-29 20:06:15.206066
-0.05023,2025-08-25,2025-09-01,sh.603288,2025-08-29 20:06:15.206066
-0.1732,2025-08-26,2025-09-02,sh.603288,2025-08-29 20:06:15.206066
-0.176,2025-08-26,2025-09-02,sh.603288,2025-08-29 20:06:15.206066
-0.271,2025-08-27,2025-09-03,sh.603288,2025-08-29 20:06:15.206066
-0.2668,2025-08-27,2025-09-03,sh.603288,2025-08-29 20:06:15.206066
-0.262,2025-08-27,2025-09-03,sh.603288,2025-08-29 20:06:15.206066
-0.235,2025-08-28,2025-09-04,sh.603288,2025-08-29 20:06:15.206066
-0.2307,2025-08-28,2025-09-04,sh.603288,2025-08-29 20:06:15.206066
-0.2339,2025-08-28,2025-09-04,sh.603288,2025-08-29 20:06:15.206066
-0.0781,2025-08-29,2025-09-05,sh.603288,2025-08-29 20:06:15.206066
-0.08545,2025-08-29,2025-09-05,sh.603288,2025-08-29 20:06:15.206066
0.1054,2025-08-25,2025-09-01,sh.603369,2025-08-29 20:06:15.206066
-0.04565,2025-08-26,2025-09-02,sh.603369,2025-08-29 20:06:15.206066
-0.04565,2025-08-26,2025-09-02,sh.603369,2025-08-29 20:06:15.206066
-0.4407,2025-08-27,2025-09-03,sh.603369,2025-08-29 20:06:15.206066
-0.4407,2025-08-27,2025-09-03,sh.603369,2025-08-29 20:06:15.206066
-0.4407,2025-08-27,2025-09-03,sh.603369,2025-08-29 20:06:15.206066
-0.11304,2025-08-28,2025-09-04,sh.603369,2025-08-29 20:06:15.206066
-0.1049,2025-08-28,2025-09-04,sh.603369,2025-08-29 20:06:15.206066
-0.1049,2025-08-28,2025-09-04,sh.603369,2025-08-29 20:06:15.206066
0.018,2025-08-29,2025-09-05,sh.603369,2025-08-29 20:06:15.206066
0.03214,2025-08-29,2025-09-05,sh.603369,2025-08-29 20:06:15.206066
-0.01544,2025-08-25,2025-09-01,sh.603392,2025-08-29 20:06:15.206066
-0.318,2025-08-26,2025-09-02,sh.603392,2025-08-29 20:06:15.206066
-0.3254,2025-08-26,2025-09-02,sh.603392,2025-08-29 20:06:15.206066
-0.3704,2025-08-27,2025-09-03,sh.603392,2025-08-29 20:06:15.206066
-0.3804,2025-08-27,2025-09-03,sh.603392,2025-08-29 20:06:15.206066
-0.3809,2025-08-27,2025-09-03,sh.603392,2025-08-29 20:06:15.206066
-0.2484,2025-08-28,2025-09-04,sh.603392,2025-08-29 20:06:15.206066
-0.2522,2025-08-28,2025-09-04,sh.603392,2025-08-29 20:06:15.206066
-0.254,2025-08-28,2025-09-04,sh.603392,2025-08-29 20:06:15.206066
-0.04724,2025-08-29,2025-09-05,sh.603392,2025-08-29 20:06:15.206066
-0.0436,2025-08-29,2025-09-05,sh.603392,2025-08-29 20:06:15.206066
-0.4783,2025-08-25,2025-09-01,sh.603501,2025-08-29 20:06:15.206066
-0.010414,2025-08-26,2025-09-02,sh.603501,2025-08-29 20:06:15.206066
-0.01172,2025-08-26,2025-09-02,sh.603501,2025-08-29 20:06:15.206066
-0.769,2025-08-27,2025-09-03,sh.603501,2025-08-29 20:06:15.206066
-0.7695,2025-08-27,2025-09-03,sh.603501,2025-08-29 20:06:15.206066
-0.7695,2025-08-27,2025-09-03,sh.603501,2025-08-29 20:06:15.206066
0.0807,2025-08-28,2025-09-04,sh.603501,2025-08-29 20:06:15.206066
0.0773,2025-08-28,2025-09-04,sh.603501,2025-08-29 20:06:15.206066
0.08124,2025-08-28,2025-09-04,sh.603501,2025-08-29 20:06:15.206066
-0.1537,2025-08-29,2025-09-05,sh.603501,2025-08-29 20:06:15.206066
-0.1558,2025-08-29,2025-09-05,sh.603501,2025-08-29 20:06:15.206066
-0.3726,2025-08-25,2025-09-01,sh.603799,2025-08-29 20:06:15.206066
-0.2393,2025-08-26,2025-09-02,sh.603799,2025-08-29 20:06:15.206066
-0.2278,2025-08-26,2025-09-02,sh.603799,2025-08-29 20:06:15.206066
-0.506,2025-08-27,2025-09-03,sh.603799,2025-08-29 20:06:15.206066
-0.503,2025-08-27,2025-09-03,sh.603799,2025-08-29 20:06:15.206066
-0.4536,2025-08-27,2025-09-03,sh.603799,2025-08-29 20:06:15.206066
0.004734,2025-08-28,2025-09-04,sh.603799,2025-08-29 20:06:15.206066
0.002903,2025-08-28,2025-09-04,sh.603799,2025-08-29 20:06:15.206066
0.0357,2025-08-28,2025-09-04,sh.603799,2025-08-29 20:06:15.206066
-0.05368,2025-08-29,2025-09-05,sh.603799,2025-08-29 20:06:15.206066
-0.03143,2025-08-29,2025-09-05,sh.603799,2025-08-29 20:06:15.206066
-0.08887,2025-08-25,2025-09-01,sh.603806,2025-08-29 20:06:15.206066
-0.08563,2025-08-26,2025-09-02,sh.603806,2025-08-29 20:06:15.206066
-0.0995,2025-08-26,2025-09-02,sh.603806,2025-08-29 20:06:15.206066
-0.2269,2025-08-27,2025-09-03,sh.603806,2025-08-29 20:06:15.206066
-0.1864,2025-08-27,2025-09-03,sh.603806,2025-08-29 20:06:15.206066
-0.2002,2025-08-27,2025-09-03,sh.603806,2025-08-29 20:06:15.206066
-0.01189,2025-08-28,2025-09-04,sh.603806,2025-08-29 20:06:15.206066
-0.01721,2025-08-28,2025-09-04,sh.603806,2025-08-29 20:06:15.206066
0.00821,2025-08-28,2025-09-04,sh.603806,2025-08-29 20:06:15.206066
-0.10925,2025-08-29,2025-09-05,sh.603806,2025-08-29 20:06:15.206066
-0.0957,2025-08-29,2025-09-05,sh.603806,2025-08-29 20:06:15.206066
0.0213,2025-08-25,2025-09-01,sh.603833,2025-08-29 20:06:15.206066
-0.02737,2025-08-26,2025-09-02,sh.603833,2025-08-29 20:06:15.206066
-0.01813,2025-08-26,2025-09-02,sh.603833,2025-08-29 20:06:15.206066
-0.1536,2025-08-27,2025-09-03,sh.603833,2025-08-29 20:06:15.206066
-0.1741,2025-08-27,2025-09-03,sh.603833,2025-08-29 20:06:15.206066
-0.1439,2025-08-27,2025-09-03,sh.603833,2025-08-29 20:06:15.206066
-0.08167,2025-08-28,2025-09-04,sh.603833,2025-08-29 20:06:15.206066
-0.0854,2025-08-28,2025-09-04,sh.603833,2025-08-29 20:06:15.206066
-0.09564,2025-08-28,2025-09-04,sh.603833,2025-08-29 20:06:15.206066
-0.01327,2025-08-29,2025-09-05,sh.603833,2025-08-29 20:06:15.206066
0.02715,2025-08-29,2025-09-05,sh.603833,2025-08-29 20:06:15.206066
-0.3875,2025-08-25,2025-09-01,sh.603986,2025-08-29 20:06:15.206066
-0.3413,2025-08-26,2025-09-02,sh.603986,2025-08-29 20:06:15.206066
-0.3408,2025-08-26,2025-09-02,sh.603986,2025-08-29 20:06:15.206066
-0.39,2025-08-27,2025-09-03,sh.603986,2025-08-29 20:06:15.206066
-0.3896,2025-08-27,2025-09-03,sh.603986,2025-08-29 20:06:15.206066
-0.3896,2025-08-27,2025-09-03,sh.603986,2025-08-29 20:06:15.206066
-0.2607,2025-08-28,2025-09-04,sh.603986,2025-08-29 20:06:15.206066
-0.2637,2025-08-28,2025-09-04,sh.603986,2025-08-29 20:06:15.206066
-0.26,2025-08-28,2025-09-04,sh.603986,2025-08-29 20:06:15.206066
-0.3423,2025-08-29,2025-09-05,sh.603986,2025-08-29 20:06:15.206066
-0.3418,2025-08-29,2025-09-05,sh.603986,2025-08-29 20:06:15.206066
0.02704,2025-08-25,2025-09-01,sh.603993,2025-08-29 20:06:15.206066
-0.1138,2025-08-26,2025-09-02,sh.603993,2025-08-29 20:06:15.206066
-0.11383,2025-08-26,2025-09-02,sh.603993,2025-08-29 20:06:15.206066
-0.2058,2025-08-27,2025-09-03,sh.603993,2025-08-29 20:06:15.206066
-0.2246,2025-08-27,2025-09-03,sh.603993,2025-08-29 20:06:15.206066
-0.2242,2025-08-27,2025-09-03,sh.603993,2025-08-29 20:06:15.206066
-0.0514,2025-08-28,2025-09-04,sh.603993,2025-08-29 20:06:15.206066
-0.0514,2025-08-28,2025-09-04,sh.603993,2025-08-29 20:06:15.206066
-0.0514,2025-08-28,2025-09-04,sh.603993,2025-08-29 20:06:15.206066
-0.03638,2025-08-29,2025-09-05,sh.603993,2025-08-29 20:06:15.206066
-0.0303,2025-08-29,2025-09-05,sh.603993,2025-08-29 20:06:15.206066
-0.1633,2025-08-25,2025-09-01,sh.605117,2025-08-29 20:06:15.206066
-0.2705,2025-08-26,2025-09-02,sh.605117,2025-08-29 20:06:15.206066
-0.2783,2025-08-26,2025-09-02,sh.605117,2025-08-29 20:06:15.206066
-0.398,2025-08-27,2025-09-03,sh.605117,2025-08-29 20:06:15.206066
-0.404,2025-08-27,2025-09-03,sh.605117,2025-08-29 20:06:15.206066
-0.3965,2025-08-27,2025-09-03,sh.605117,2025-08-29 20:06:15.206066
-0.1576,2025-08-28,2025-09-04,sh.605117,2025-08-29 20:06:15.206066
-0.1561,2025-08-28,2025-09-04,sh.605117,2025-08-29 20:06:15.206066
-0.1444,2025-08-28,2025-09-04,sh.605117,2025-08-29 20:06:15.206066
-0.1583,2025-08-29,2025-09-05,sh.605117,2025-08-29 20:06:15.206066
-0.1588,2025-08-29,2025-09-05,sh.605117,2025-08-29 20:06:15.206066
-0.135,2025-08-25,2025-09-01,sh.605499,2025-08-29 20:06:15.206066
-0.3135,2025-08-26,2025-09-02,sh.605499,2025-08-29 20:06:15.206066
-0.3152,2025-08-26,2025-09-02,sh.605499,2025-08-29 20:06:15.206066
-0.3782,2025-08-27,2025-09-03,sh.605499,2025-08-29 20:06:15.206066
-0.373,2025-08-27,2025-09-03,sh.605499,2025-08-29 20:06:15.206066
-0.3755,2025-08-27,2025-09-03,sh.605499,2025-08-29 20:06:15.206066
-0.294,2025-08-28,2025-09-04,sh.605499,2025-08-29 20:06:15.206066
-0.29,2025-08-28,2025-09-04,sh.605499,2025-08-29 20:06:15.206066
-0.2788,2025-08-28,2025-09-04,sh.605499,2025-08-29 20:06:15.206066
-0.176,2025-08-29,2025-09-05,sh.605499,2025-08-29 20:06:15.206066
-0.1824,2025-08-29,2025-09-05,sh.605499,2025-08-29 20:06:15.206066
-0.423,2025-08-25,2025-09-01,sh.688008,2025-08-29 20:06:15.206066
-0.1292,2025-08-26,2025-09-02,sh.688008,2025-08-29 20:06:15.206066
-0.1458,2025-08-26,2025-09-02,sh.688008,2025-08-29 20:06:15.206066
-0.3784,2025-08-27,2025-09-03,sh.688008,2025-08-29 20:06:15.206066
-0.3699,2025-08-27,2025-09-03,sh.688008,2025-08-29 20:06:15.206066
-0.3596,2025-08-27,2025-09-03,sh.688008,2025-08-29 20:06:15.206066
0.09454,2025-08-28,2025-09-04,sh.688008,2025-08-29 20:06:15.206066
0.0981,2025-08-28,2025-09-04,sh.688008,2025-08-29 20:06:15.206066
0.0901,2025-08-28,2025-09-04,sh.688008,2025-08-29 20:06:15.206066
-0.1897,2025-08-29,2025-09-05,sh.688008,2025-08-29 20:06:15.206066
-0.19,2025-08-29,2025-09-05,sh.688008,2025-08-29 20:06:15.206066
0.0481,2025-08-25,2025-09-01,sh.688009,2025-08-29 20:06:15.206066
0.03525,2025-08-26,2025-09-02,sh.688009,2025-08-29 20:06:15.206066
0.03525,2025-08-26,2025-09-02,sh.688009,2025-08-29 20:06:15.206066
0.03717,2025-08-27,2025-09-03,sh.688009,2025-08-29 20:06:15.206066
0.03717,2025-08-27,2025-09-03,sh.688009,2025-08-29 20:06:15.206066
0.03717,2025-08-27,2025-09-03,sh.688009,2025-08-29 20:06:15.206066
0.05328,2025-08-28,2025-09-04,sh.688009,2025-08-29 20:06:15.206066
0.05328,2025-08-28,2025-09-04,sh.688009,2025-08-29 20:06:15.206066
0.05328,2025-08-28,2025-09-04,sh.688009,2025-08-29 20:06:15.206066
0.03525,2025-08-29,2025-09-05,sh.688009,2025-08-29 20:06:15.206066
0.03525,2025-08-29,2025-09-05,sh.688009,2025-08-29 20:06:15.206066
-0.963,2025-08-25,2025-09-01,sh.688012,2025-08-29 20:06:15.206066
-0.2034,2025-08-26,2025-09-02,sh.688012,2025-08-29 20:06:15.206066
-0.2032,2025-08-26,2025-09-02,sh.688012,2025-08-29 20:06:15.206066
-0.5327,2025-08-27,2025-09-03,sh.688012,2025-08-29 20:06:15.206066
-0.5464,2025-08-27,2025-09-03,sh.688012,2025-08-29 20:06:15.206066
-0.536,2025-08-27,2025-09-03,sh.688012,2025-08-29 20:06:15.206066
0.2496,2025-08-28,2025-09-04,sh.688012,2025-08-29 20:06:15.206066
0.2496,2025-08-28,2025-09-04,sh.688012,2025-08-29 20:06:15.206066
0.2527,2025-08-28,2025-09-04,sh.688012,2025-08-29 20:06:15.206066
-0.5044,2025-08-29,2025-09-05,sh.688012,2025-08-29 20:06:15.206066
-0.506,2025-08-29,2025-09-05,sh.688012,2025-08-29 20:06:15.206066
-0.10834,2025-08-25,2025-09-01,sh.688036,2025-08-29 20:06:15.206066
-0.01541,2025-08-26,2025-09-02,sh.688036,2025-08-29 20:06:15.206066
-0.015465,2025-08-26,2025-09-02,sh.688036,2025-08-29 20:06:15.206066
-0.3132,2025-08-27,2025-09-03,sh.688036,2025-08-29 20:06:15.206066
-0.316,2025-08-27,2025-09-03,sh.688036,2025-08-29 20:06:15.206066
-0.3105,2025-08-27,2025-09-03,sh.688036,2025-08-29 20:06:15.206066
-0.3958,2025-08-28,2025-09-04,sh.688036,2025-08-29 20:06:15.206066
-0.4202,2025-08-28,2025-09-04,sh.688036,2025-08-29 20:06:15.206066
-0.421,2025-08-28,2025-09-04,sh.688036,2025-08-29 20:06:15.206066
0.171,2025-08-29,2025-09-05,sh.688036,2025-08-29 20:06:15.206066
0.1779,2025-08-29,2025-09-05,sh.688036,2025-08-29 20:06:15.206066
-0.6963,2025-08-27,2025-09-03,sh.688041,2025-08-29 20:06:15.206066
-0.7,2025-08-27,2025-09-03,sh.688041,2025-08-29 20:06:15.206066
-0.05154,2025-08-28,2025-09-04,sh.688041,2025-08-29 20:06:15.206066
-0.04562,2025-08-28,2025-09-04,sh.688041,2025-08-29 20:06:15.206066
-0.04562,2025-08-28,2025-09-04,sh.688041,2025-08-29 20:06:15.206066
-0.502,2025-08-29,2025-09-05,sh.688041,2025-08-29 20:06:15.206066
-0.4988,2025-08-29,2025-09-05,sh.688041,2025-08-29 20:06:15.206066
-0.528,2025-08-25,2025-09-01,sh.688047,2025-08-29 20:06:15.206066
-0.1569,2025-08-26,2025-09-02,sh.688047,2025-08-29 20:06:15.206066
-0.1398,2025-08-26,2025-09-02,sh.688047,2025-08-29 20:06:15.206066
-0.3772,2025-08-27,2025-09-03,sh.688047,2025-08-29 20:06:15.206066
-0.386,2025-08-27,2025-09-03,sh.688047,2025-08-29 20:06:15.206066
-0.389,2025-08-27,2025-09-03,sh.688047,2025-08-29 20:06:15.206066
-0.05103,2025-08-28,2025-09-04,sh.688047,2025-08-29 20:06:15.206066
-0.0691,2025-08-28,2025-09-04,sh.688047,2025-08-29 20:06:15.206066
-0.04547,2025-08-28,2025-09-04,sh.688047,2025-08-29 20:06:15.206066
-0.512,2025-08-29,2025-09-05,sh.688047,2025-08-29 20:06:15.206066
-0.4988,2025-08-29,2025-09-05,sh.688047,2025-08-29 20:06:15.206066
-0.576,2025-08-25,2025-09-01,sh.688082,2025-08-29 20:06:15.206066
-0.2449,2025-08-26,2025-09-02,sh.688082,2025-08-29 20:06:15.206066
-0.2449,2025-08-26,2025-09-02,sh.688082,2025-08-29 20:06:15.206066
-0.591,2025-08-27,2025-09-03,sh.688082,2025-08-29 20:06:15.206066
-0.591,2025-08-27,2025-09-03,sh.688082,2025-08-29 20:06:15.206066
-0.5864,2025-08-27,2025-09-03,sh.688082,2025-08-29 20:06:15.206066
0.0944,2025-08-28,2025-09-04,sh.688082,2025-08-29 20:06:15.206066
0.0832,2025-08-28,2025-09-04,sh.688082,2025-08-29 20:06:15.206066
0.0831,2025-08-28,2025-09-04,sh.688082,2025-08-29 20:06:15.206066
-0.8037,2025-08-29,2025-09-05,sh.688082,2025-08-29 20:06:15.206066
-0.8135,2025-08-29,2025-09-05,sh.688082,2025-08-29 20:06:15.206066
-0.663,2025-08-25,2025-09-01,sh.688111,2025-08-29 20:06:15.206066
-0.203,2025-08-26,2025-09-02,sh.688111,2025-08-29 20:06:15.206066
-0.2007,2025-08-26,2025-09-02,sh.688111,2025-08-29 20:06:15.206066
-0.8486,2025-08-27,2025-09-03,sh.688111,2025-08-29 20:06:15.206066
-0.853,2025-08-27,2025-09-03,sh.688111,2025-08-29 20:06:15.206066
-0.852,2025-08-27,2025-09-03,sh.688111,2025-08-29 20:06:15.206066
-0.06885,2025-08-28,2025-09-04,sh.688111,2025-08-29 20:06:15.206066
-0.06247,2025-08-28,2025-09-04,sh.688111,2025-08-29 20:06:15.206066
-0.05722,2025-08-28,2025-09-04,sh.688111,2025-08-29 20:06:15.206066
-0.4067,2025-08-29,2025-09-05,sh.688111,2025-08-29 20:06:15.206066
-0.4014,2025-08-29,2025-09-05,sh.688111,2025-08-29 20:06:15.206066
-0.135,2025-08-25,2025-09-01,sh.688126,2025-08-29 20:06:15.206066
0.06204,2025-08-26,2025-09-02,sh.688126,2025-08-29 20:06:15.206066
0.0675,2025-08-26,2025-09-02,sh.688126,2025-08-29 20:06:15.206066
-0.06305,2025-08-27,2025-09-03,sh.688126,2025-08-29 20:06:15.206066
-0.0526,2025-08-27,2025-09-03,sh.688126,2025-08-29 20:06:15.206066
-0.0526,2025-08-27,2025-09-03,sh.688126,2025-08-29 20:06:15.206066
0.09235,2025-08-28,2025-09-04,sh.688126,2025-08-29 20:06:15.206066
0.0924,2025-08-28,2025-09-04,sh.688126,2025-08-29 20:06:15.206066
0.0924,2025-08-28,2025-09-04,sh.688126,2025-08-29 20:06:15.206066
-0.09235,2025-08-29,2025-09-05,sh.688126,2025-08-29 20:06:15.206066
-0.0945,2025-08-29,2025-09-05,sh.688126,2025-08-29 20:06:15.206066
-0.3125,2025-08-25,2025-09-01,sh.688169,2025-08-29 20:06:15.206066
-0.2905,2025-08-26,2025-09-02,sh.688169,2025-08-29 20:06:15.206066
-0.287,2025-08-26,2025-09-02,sh.688169,2025-08-29 20:06:15.206066
-0.26,2025-08-27,2025-09-03,sh.688169,2025-08-29 20:06:15.206066
-0.262,2025-08-27,2025-09-03,sh.688169,2025-08-29 20:06:15.206066
-0.2607,2025-08-27,2025-09-03,sh.688169,2025-08-29 20:06:15.206066
-0.3179,2025-08-28,2025-09-04,sh.688169,2025-08-29 20:06:15.206066
-0.3171,2025-08-28,2025-09-04,sh.688169,2025-08-29 20:06:15.206066
-0.3154,2025-08-28,2025-09-04,sh.688169,2025-08-29 20:06:15.206066
-0.1796,2025-08-29,2025-09-05,sh.688169,2025-08-29 20:06:15.206066
-0.1826,2025-08-29,2025-09-05,sh.688169,2025-08-29 20:06:15.206066
0.076,2025-08-25,2025-09-01,sh.688187,2025-08-29 20:06:15.206066
0.04584,2025-08-26,2025-09-02,sh.688187,2025-08-29 20:06:15.206066
0.03494,2025-08-26,2025-09-02,sh.688187,2025-08-29 20:06:15.206066
-0.2106,2025-08-27,2025-09-03,sh.688187,2025-08-29 20:06:15.206066
-0.235,2025-08-27,2025-09-03,sh.688187,2025-08-29 20:06:15.206066
-0.2218,2025-08-27,2025-09-03,sh.688187,2025-08-29 20:06:15.206066
0.01813,2025-08-28,2025-09-04,sh.688187,2025-08-29 20:06:15.206066
0.01807,2025-08-28,2025-09-04,sh.688187,2025-08-29 20:06:15.206066
0.01822,2025-08-28,2025-09-04,sh.688187,2025-08-29 20:06:15.206066
-0.0007315,2025-08-29,2025-09-05,sh.688187,2025-08-29 20:06:15.206066
-0.0009665,2025-08-29,2025-09-05,sh.688187,2025-08-29 20:06:15.206066
0.1432,2025-08-25,2025-09-01,sh.688223,2025-08-29 20:06:15.206066
0.1458,2025-08-26,2025-09-02,sh.688223,2025-08-29 20:06:15.206066
0.12427,2025-08-26,2025-09-02,sh.688223,2025-08-29 20:06:15.206066
0.02982,2025-08-27,2025-09-03,sh.688223,2025-08-29 20:06:15.206066
0.03006,2025-08-27,2025-09-03,sh.688223,2025-08-29 20:06:15.206066
0.0643,2025-08-27,2025-09-03,sh.688223,2025-08-29 20:06:15.206066
0.0843,2025-08-28,2025-09-04,sh.688223,2025-08-29 20:06:15.206066
0.0836,2025-08-28,2025-09-04,sh.688223,2025-08-29 20:06:15.206066
0.078,2025-08-28,2025-09-04,sh.688223,2025-08-29 20:06:15.206066
0.079,2025-08-29,2025-09-05,sh.688223,2025-08-29 20:06:15.206066
0.079,2025-08-29,2025-09-05,sh.688223,2025-08-29 20:06:15.206066
-0.86,2025-08-25,2025-09-01,sh.688256,2025-08-29 20:06:15.206066
-0.8384,2025-08-26,2025-09-02,sh.688256,2025-08-29 20:06:15.206066
-0.838,2025-08-26,2025-09-02,sh.688256,2025-08-29 20:06:15.206066
-0.8813,2025-08-27,2025-09-03,sh.688256,2025-08-29 20:06:15.206066
-0.879,2025-08-27,2025-09-03,sh.688256,2025-08-29 20:06:15.206066
-0.878,2025-08-27,2025-09-03,sh.688256,2025-08-29 20:06:15.206066
-0.752,2025-08-28,2025-09-04,sh.688256,2025-08-29 20:06:15.206066
-0.75,2025-08-28,2025-09-04,sh.688256,2025-08-29 20:06:15.206066
-0.7485,2025-08-28,2025-09-04,sh.688256,2025-08-29 20:06:15.206066
-0.8364,2025-08-29,2025-09-05,sh.688256,2025-08-29 20:06:15.206066
-0.8354,2025-08-29,2025-09-05,sh.688256,2025-08-29 20:06:15.206066
-0.02081,2025-08-25,2025-09-01,sh.688271,2025-08-29 20:06:15.206066
-0.01695,2025-08-26,2025-09-02,sh.688271,2025-08-29 20:06:15.206066
-0.01936,2025-08-26,2025-09-02,sh.688271,2025-08-29 20:06:15.206066
-0.4292,2025-08-27,2025-09-03,sh.688271,2025-08-29 20:06:15.206066
-0.437,2025-08-27,2025-09-03,sh.688271,2025-08-29 20:06:15.206066
-0.4368,2025-08-27,2025-09-03,sh.688271,2025-08-29 20:06:15.206066
-0.04285,2025-08-28,2025-09-04,sh.688271,2025-08-29 20:06:15.206066
-0.04428,2025-08-28,2025-09-04,sh.688271,2025-08-29 20:06:15.206066
-0.03937,2025-08-28,2025-09-04,sh.688271,2025-08-29 20:06:15.206066
0.1594,2025-08-29,2025-09-05,sh.688271,2025-08-29 20:06:15.206066
0.1561,2025-08-29,2025-09-05,sh.688271,2025-08-29 20:06:15.206066
-0.10406,2025-08-25,2025-09-01,sh.688303,2025-08-29 20:06:15.206066
-0.0537,2025-08-26,2025-09-02,sh.688303,2025-08-29 20:06:15.206066
-0.05377,2025-08-26,2025-09-02,sh.688303,2025-08-29 20:06:15.206066
-0.1356,2025-08-27,2025-09-03,sh.688303,2025-08-29 20:06:15.206066
-0.1365,2025-08-27,2025-09-03,sh.688303,2025-08-29 20:06:15.206066
-0.1484,2025-08-27,2025-09-03,sh.688303,2025-08-29 20:06:15.206066
0.06027,2025-08-28,2025-09-04,sh.688303,2025-08-29 20:06:15.206066
0.0603,2025-08-28,2025-09-04,sh.688303,2025-08-29 20:06:15.206066
0.07825,2025-08-28,2025-09-04,sh.688303,2025-08-29 20:06:15.206066
0.05505,2025-08-29,2025-09-05,sh.688303,2025-08-29 20:06:15.206066
0.0546,2025-08-29,2025-09-05,sh.688303,2025-08-29 20:06:15.206066
-0.1958,2025-08-25,2025-09-01,sh.688396,2025-08-29 20:06:15.206066
-0.0473,2025-08-26,2025-09-02,sh.688396,2025-08-29 20:06:15.206066
-0.04913,2025-08-26,2025-09-02,sh.688396,2025-08-29 20:06:15.206066
-0.1885,2025-08-27,2025-09-03,sh.688396,2025-08-29 20:06:15.206066
-0.1885,2025-08-27,2025-09-03,sh.688396,2025-08-29 20:06:15.206066
-0.1998,2025-08-27,2025-09-03,sh.688396,2025-08-29 20:06:15.206066
0.1569,2025-08-28,2025-09-04,sh.688396,2025-08-29 20:06:15.206066
0.1294,2025-08-28,2025-09-04,sh.688396,2025-08-29 20:06:15.206066
0.1294,2025-08-28,2025-09-04,sh.688396,2025-08-29 20:06:15.206066
-0.2299,2025-08-29,2025-09-05,sh.688396,2025-08-29 20:06:15.206066
-0.2299,2025-08-29,2025-09-05,sh.688396,2025-08-29 20:06:15.206066
0.1109,2025-08-25,2025-09-01,sh.688599,2025-08-29 20:06:15.206066
0.1652,2025-08-26,2025-09-02,sh.688599,2025-08-29 20:06:15.206066
0.1631,2025-08-26,2025-09-02,sh.688599,2025-08-29 20:06:15.206066
0.03342,2025-08-27,2025-09-03,sh.688599,2025-08-29 20:06:15.206066
0.02942,2025-08-27,2025-09-03,sh.688599,2025-08-29 20:06:15.206066
0.02939,2025-08-27,2025-09-03,sh.688599,2025-08-29 20:06:15.206066
0.11774,2025-08-28,2025-09-04,sh.688599,2025-08-29 20:06:15.206066
0.092,2025-08-28,2025-09-04,sh.688599,2025-08-29 20:06:15.206066
0.1415,2025-08-28,2025-09-04,sh.688599,2025-08-29 20:06:15.206066
0.1354,2025-08-29,2025-09-05,sh.688599,2025-08-29 20:06:15.206066
0.1349,2025-08-29,2025-09-05,sh.688599,2025-08-29 20:06:15.206066
-0.5415,2025-08-25,2025-09-01,sh.688981,2025-08-29 20:06:15.206066
-0.1431,2025-08-26,2025-09-02,sh.688981,2025-08-29 20:06:15.206066
-0.132,2025-08-26,2025-09-02,sh.688981,2025-08-29 20:06:15.206066
-0.3564,2025-08-27,2025-09-03,sh.688981,2025-08-29 20:06:15.206066
-0.3525,2025-08-27,2025-09-03,sh.688981,2025-08-29 20:06:15.206066
-0.3557,2025-08-27,2025-09-03,sh.688981,2025-08-29 20:06:15.206066
0.2004,2025-08-28,2025-09-04,sh.688981,2025-08-29 20:06:15.206066
0.2017,2025-08-28,2025-09-04,sh.688981,2025-08-29 20:06:15.206066
0.1812,2025-08-28,2025-09-04,sh.688981,2025-08-29 20:06:15.206066
-0.1729,2025-08-29,2025-09-05,sh.688981,2025-08-29 20:06:15.206066
-0.1677,2025-08-29,2025-09-05,sh.688981,2025-08-29 20:06:15.206066
-0.1342,2025-08-25,2025-09-01,sz.000001,2025-08-29 20:06:15.206066
-0.1575,2025-08-26,2025-09-02,sz.000001,2025-08-29 20:06:15.206066
-0.1577,2025-08-26,2025-09-02,sz.000001,2025-08-29 20:06:15.206066
-0.173,2025-08-27,2025-09-03,sz.000001,2025-08-29 20:06:15.206066
-0.1736,2025-08-27,2025-09-03,sz.000001,2025-08-29 20:06:15.206066
-0.1735,2025-08-27,2025-09-03,sz.000001,2025-08-29 20:06:15.206066
-0.1414,2025-08-28,2025-09-04,sz.000001,2025-08-29 20:06:15.206066
-0.1416,2025-08-28,2025-09-04,sz.000001,2025-08-29 20:06:15.206066
-0.1415,2025-08-28,2025-09-04,sz.000001,2025-08-29 20:06:15.206066
-0.1384,2025-08-29,2025-09-05,sz.000001,2025-08-29 20:06:15.206066
-0.1384,2025-08-29,2025-09-05,sz.000001,2025-08-29 20:06:15.206066
-0.04697,2025-08-25,2025-09-01,sz.000002,2025-08-29 20:06:15.206066
-0.06995,2025-08-26,2025-09-02,sz.000002,2025-08-29 20:06:15.206066
-0.07025,2025-08-26,2025-09-02,sz.000002,2025-08-29 20:06:15.206066
-0.1418,2025-08-27,2025-09-03,sz.000002,2025-08-29 20:06:15.206066
-0.1412,2025-08-27,2025-09-03,sz.000002,2025-08-29 20:06:15.206066
-0.1404,2025-08-27,2025-09-03,sz.000002,2025-08-29 20:06:15.206066
-0.079,2025-08-28,2025-09-04,sz.000002,2025-08-29 20:06:15.206066
-0.0792,2025-08-28,2025-09-04,sz.000002,2025-08-29 20:06:15.206066
-0.079,2025-08-28,2025-09-04,sz.000002,2025-08-29 20:06:15.206066
-0.09454,2025-08-29,2025-09-05,sz.000002,2025-08-29 20:06:15.206066
-0.09326,2025-08-29,2025-09-05,sz.000002,2025-08-29 20:06:15.206066
-0.791,2025-08-25,2025-09-01,sz.000063,2025-08-29 20:06:15.206066
-0.3262,2025-08-26,2025-09-02,sz.000063,2025-08-29 20:06:15.206066
-0.3223,2025-08-26,2025-09-02,sz.000063,2025-08-29 20:06:15.206066
-0.6196,2025-08-27,2025-09-03,sz.000063,2025-08-29 20:06:15.206066
-0.612,2025-08-27,2025-09-03,sz.000063,2025-08-29 20:06:15.206066
-0.6123,2025-08-27,2025-09-03,sz.000063,2025-08-29 20:06:15.206066
-0.1077,2025-08-28,2025-09-04,sz.000063,2025-08-29 20:06:15.206066
-0.1097,2025-08-28,2025-09-04,sz.000063,2025-08-29 20:06:15.206066
-0.1067,2025-08-28,2025-09-04,sz.000063,2025-08-29 20:06:15.206066
-0.3875,2025-08-29,2025-09-05,sz.000063,2025-08-29 20:06:15.206066
-0.3845,2025-08-29,2025-09-05,sz.000063,2025-08-29 20:06:15.206066
-0.02692,2025-08-25,2025-09-01,sz.000100,2025-08-29 20:06:15.206066
0.10034,2025-08-26,2025-09-02,sz.000100,2025-08-29 20:06:15.206066
0.10034,2025-08-26,2025-09-02,sz.000100,2025-08-29 20:06:15.206066
-0.05292,2025-08-27,2025-09-03,sz.000100,2025-08-29 20:06:15.206066
-0.05292,2025-08-27,2025-09-03,sz.000100,2025-08-29 20:06:15.206066
-0.05292,2025-08-27,2025-09-03,sz.000100,2025-08-29 20:06:15.206066
0.05704,2025-08-28,2025-09-04,sz.000100,2025-08-29 20:06:15.206066
0.05704,2025-08-28,2025-09-04,sz.000100,2025-08-29 20:06:15.206066
0.0479,2025-08-28,2025-09-04,sz.000100,2025-08-29 20:06:15.206066
0.03455,2025-08-29,2025-09-05,sz.000100,2025-08-29 20:06:15.206066
0.03455,2025-08-29,2025-09-05,sz.000100,2025-08-29 20:06:15.206066
0.08386,2025-08-25,2025-09-01,sz.000157,2025-08-29 20:06:15.206066
0.011185,2025-08-26,2025-09-02,sz.000157,2025-08-29 20:06:15.206066
0.007637,2025-08-26,2025-09-02,sz.000157,2025-08-29 20:06:15.206066
-0.2155,2025-08-27,2025-09-03,sz.000157,2025-08-29 20:06:15.206066
-0.2231,2025-08-27,2025-09-03,sz.000157,2025-08-29 20:06:15.206066
-0.222,2025-08-27,2025-09-03,sz.000157,2025-08-29 20:06:15.206066
-0.05286,2025-08-28,2025-09-04,sz.000157,2025-08-29 20:06:15.206066
-0.04785,2025-08-28,2025-09-04,sz.000157,2025-08-29 20:06:15.206066
-0.04764,2025-08-28,2025-09-04,sz.000157,2025-08-29 20:06:15.206066
-0.1964,2025-08-29,2025-09-05,sz.000157,2025-08-29 20:06:15.206066
-0.1992,2025-08-29,2025-09-05,sz.000157,2025-08-29 20:06:15.206066
0.02599,2025-08-25,2025-09-01,sz.000166,2025-08-29 20:06:15.206066
-0.0307,2025-08-26,2025-09-02,sz.000166,2025-08-29 20:06:15.206066
-0.0409,2025-08-26,2025-09-02,sz.000166,2025-08-29 20:06:15.206066
-0.01741,2025-08-27,2025-09-03,sz.000166,2025-08-29 20:06:15.206066
-0.01741,2025-08-27,2025-09-03,sz.000166,2025-08-29 20:06:15.206066
-0.01741,2025-08-27,2025-09-03,sz.000166,2025-08-29 20:06:15.206066
0.0963,2025-08-28,2025-09-04,sz.000166,2025-08-29 20:06:15.206066
0.1066,2025-08-28,2025-09-04,sz.000166,2025-08-29 20:06:15.206066
0.0963,2025-08-28,2025-09-04,sz.000166,2025-08-29 20:06:15.206066
-0.007366,2025-08-29,2025-09-05,sz.000166,2025-08-29 20:06:15.206066
-0.007366,2025-08-29,2025-09-05,sz.000166,2025-08-29 20:06:15.206066
0.1218,2025-08-25,2025-09-01,sz.000301,2025-08-29 20:06:15.206066
0.09625,2025-08-26,2025-09-02,sz.000301,2025-08-29 20:06:15.206066
0.0892,2025-08-26,2025-09-02,sz.000301,2025-08-29 20:06:15.206066
0.08636,2025-08-27,2025-09-03,sz.000301,2025-08-29 20:06:15.206066
0.07874,2025-08-27,2025-09-03,sz.000301,2025-08-29 20:06:15.206066
0.1153,2025-08-27,2025-09-03,sz.000301,2025-08-29 20:06:15.206066
0.0643,2025-08-28,2025-09-04,sz.000301,2025-08-29 20:06:15.206066
0.06866,2025-08-28,2025-09-04,sz.000301,2025-08-29 20:06:15.206066
0.06866,2025-08-28,2025-09-04,sz.000301,2025-08-29 20:06:15.206066
0.0475,2025-08-29,2025-09-05,sz.000301,2025-08-29 20:06:15.206066
0.066,2025-08-29,2025-09-05,sz.000301,2025-08-29 20:06:15.206066
0.097,2025-08-25,2025-09-01,sz.000333,2025-08-29 20:06:15.206066
0.04202,2025-08-26,2025-09-02,sz.000333,2025-08-29 20:06:15.206066
0.04617,2025-08-26,2025-09-02,sz.000333,2025-08-29 20:06:15.206066
-0.2083,2025-08-27,2025-09-03,sz.000333,2025-08-29 20:06:15.206066
-0.2043,2025-08-27,2025-09-03,sz.000333,2025-08-29 20:06:15.206066
-0.2094,2025-08-27,2025-09-03,sz.000333,2025-08-29 20:06:15.206066
0.04822,2025-08-28,2025-09-04,sz.000333,2025-08-29 20:06:15.206066
0.04968,2025-08-28,2025-09-04,sz.000333,2025-08-29 20:06:15.206066
0.05252,2025-08-28,2025-09-04,sz.000333,2025-08-29 20:06:15.206066
-0.0269,2025-08-29,2025-09-05,sz.000333,2025-08-29 20:06:15.206066
-0.01837,2025-08-29,2025-09-05,sz.000333,2025-08-29 20:06:15.206066
0.1392,2025-08-25,2025-09-01,sz.000338,2025-08-29 20:06:15.206066
0.02171,2025-08-26,2025-09-02,sz.000338,2025-08-29 20:06:15.206066
0.0314,2025-08-26,2025-09-02,sz.000338,2025-08-29 20:06:15.206066
-0.3552,2025-08-27,2025-09-03,sz.000338,2025-08-29 20:06:15.206066
-0.3606,2025-08-27,2025-09-03,sz.000338,2025-08-29 20:06:15.206066
-0.3647,2025-08-27,2025-09-03,sz.000338,2025-08-29 20:06:15.206066
-0.08997,2025-08-28,2025-09-04,sz.000338,2025-08-29 20:06:15.206066
-0.09436,2025-08-28,2025-09-04,sz.000338,2025-08-29 20:06:15.206066
-0.0994,2025-08-28,2025-09-04,sz.000338,2025-08-29 20:06:15.206066
-0.03348,2025-08-29,2025-09-05,sz.000338,2025-08-29 20:06:15.206066
-0.0323,2025-08-29,2025-09-05,sz.000338,2025-08-29 20:06:15.206066
-0.04794,2025-08-25,2025-09-01,sz.000408,2025-08-29 20:06:15.206066
-0.06116,2025-08-26,2025-09-02,sz.000408,2025-08-29 20:06:15.206066
-0.06934,2025-08-26,2025-09-02,sz.000408,2025-08-29 20:06:15.206066
-0.5776,2025-08-27,2025-09-03,sz.000408,2025-08-29 20:06:15.206066
-0.5728,2025-08-27,2025-09-03,sz.000408,2025-08-29 20:06:15.206066
-0.5728,2025-08-27,2025-09-03,sz.000408,2025-08-29 20:06:15.206066
0.005596,2025-08-28,2025-09-04,sz.000408,2025-08-29 20:06:15.206066
-0.000209,2025-08-28,2025-09-04,sz.000408,2025-08-29 20:06:15.206066
0.011055,2025-08-28,2025-09-04,sz.000408,2025-08-29 20:06:15.206066
0.005558,2025-08-29,2025-09-05,sz.000408,2025-08-29 20:06:15.206066
0.01071,2025-08-29,2025-09-05,sz.000408,2025-08-29 20:06:15.206066
0.03111,2025-08-25,2025-09-01,sz.000425,2025-08-29 20:06:15.206066
0.01344,2025-08-26,2025-09-02,sz.000425,2025-08-29 20:06:15.206066
0.00848,2025-08-26,2025-09-02,sz.000425,2025-08-29 20:06:15.206066
-0.1825,2025-08-27,2025-09-03,sz.000425,2025-08-29 20:06:15.206066
-0.1744,2025-08-27,2025-09-03,sz.000425,2025-08-29 20:06:15.206066
-0.1741,2025-08-27,2025-09-03,sz.000425,2025-08-29 20:06:15.206066
0.1178,2025-08-28,2025-09-04,sz.000425,2025-08-29 20:06:15.206066
0.1154,2025-08-28,2025-09-04,sz.000425,2025-08-29 20:06:15.206066
0.1036,2025-08-28,2025-09-04,sz.000425,2025-08-29 20:06:15.206066
-0.1956,2025-08-29,2025-09-05,sz.000425,2025-08-29 20:06:15.206066
-0.2072,2025-08-29,2025-09-05,sz.000425,2025-08-29 20:06:15.206066
-0.11127,2025-08-25,2025-09-01,sz.000538,2025-08-29 20:06:15.206066
-0.11707,2025-08-26,2025-09-02,sz.000538,2025-08-29 20:06:15.206066
-0.11743,2025-08-26,2025-09-02,sz.000538,2025-08-29 20:06:15.206066
-0.1368,2025-08-27,2025-09-03,sz.000538,2025-08-29 20:06:15.206066
-0.137,2025-08-27,2025-09-03,sz.000538,2025-08-29 20:06:15.206066
-0.137,2025-08-27,2025-09-03,sz.000538,2025-08-29 20:06:15.206066
-0.1057,2025-08-28,2025-09-04,sz.000538,2025-08-29 20:06:15.206066
-0.1058,2025-08-28,2025-09-04,sz.000538,2025-08-29 20:06:15.206066
-0.1055,2025-08-28,2025-09-04,sz.000538,2025-08-29 20:06:15.206066
-0.1099,2025-08-29,2025-09-05,sz.000538,2025-08-29 20:06:15.206066
-0.1091,2025-08-29,2025-09-05,sz.000538,2025-08-29 20:06:15.206066
-0.2196,2025-08-25,2025-09-01,sz.000568,2025-08-29 20:06:15.206066
-0.2457,2025-08-26,2025-09-02,sz.000568,2025-08-29 20:06:15.206066
-0.2456,2025-08-26,2025-09-02,sz.000568,2025-08-29 20:06:15.206066
-0.3237,2025-08-27,2025-09-03,sz.000568,2025-08-29 20:06:15.206066
-0.3237,2025-08-27,2025-09-03,sz.000568,2025-08-29 20:06:15.206066
-0.324,2025-08-27,2025-09-03,sz.000568,2025-08-29 20:06:15.206066
-0.2585,2025-08-28,2025-09-04,sz.000568,2025-08-29 20:06:15.206066
-0.2585,2025-08-28,2025-09-04,sz.000568,2025-08-29 20:06:15.206066
-0.2585,2025-08-28,2025-09-04,sz.000568,2025-08-29 20:06:15.206066
-0.235,2025-08-29,2025-09-05,sz.000568,2025-08-29 20:06:15.206066
-0.235,2025-08-29,2025-09-05,sz.000568,2025-08-29 20:06:15.206066
-0.05777,2025-08-25,2025-09-01,sz.000596,2025-08-29 20:06:15.206066
-0.1824,2025-08-26,2025-09-02,sz.000596,2025-08-29 20:06:15.206066
-0.1855,2025-08-26,2025-09-02,sz.000596,2025-08-29 20:06:15.206066
-0.32,2025-08-27,2025-09-03,sz.000596,2025-08-29 20:06:15.206066
-0.3179,2025-08-27,2025-09-03,sz.000596,2025-08-29 20:06:15.206066
-0.3225,2025-08-27,2025-09-03,sz.000596,2025-08-29 20:06:15.206066
-0.186,2025-08-28,2025-09-04,sz.000596,2025-08-29 20:06:15.206066
-0.1826,2025-08-28,2025-09-04,sz.000596,2025-08-29 20:06:15.206066
-0.1891,2025-08-28,2025-09-04,sz.000596,2025-08-29 20:06:15.206066
-0.06494,2025-08-29,2025-09-05,sz.000596,2025-08-29 20:06:15.206066
-0.06082,2025-08-29,2025-09-05,sz.000596,2025-08-29 20:06:15.206066
-0.166,2025-08-25,2025-09-01,sz.000617,2025-08-29 20:06:15.206066
-0.5034,2025-08-26,2025-09-02,sz.000617,2025-08-29 20:06:15.206066
-0.511,2025-08-26,2025-09-02,sz.000617,2025-08-29 20:06:15.206066
-0.3015,2025-08-27,2025-09-03,sz.000617,2025-08-29 20:06:15.206066
-0.274,2025-08-27,2025-09-03,sz.000617,2025-08-29 20:06:15.206066
-0.2964,2025-08-27,2025-09-03,sz.000617,2025-08-29 20:06:15.206066
-0.094,2025-08-28,2025-09-04,sz.000617,2025-08-29 20:06:15.206066
-0.0898,2025-08-28,2025-09-04,sz.000617,2025-08-29 20:06:15.206066
-0.1173,2025-08-28,2025-09-04,sz.000617,2025-08-29 20:06:15.206066
-0.3123,2025-08-29,2025-09-05,sz.000617,2025-08-29 20:06:15.206066
-0.318,2025-08-29,2025-09-05,sz.000617,2025-08-29 20:06:15.206066
0.0215,2025-08-25,2025-09-01,sz.000625,2025-08-29 20:06:15.206066
0.1024,2025-08-26,2025-09-02,sz.000625,2025-08-29 20:06:15.206066
0.10205,2025-08-26,2025-09-02,sz.000625,2025-08-29 20:06:15.206066
-0.392,2025-08-27,2025-09-03,sz.000625,2025-08-29 20:06:15.206066
-0.3923,2025-08-27,2025-09-03,sz.000625,2025-08-29 20:06:15.206066
-0.3906,2025-08-27,2025-09-03,sz.000625,2025-08-29 20:06:15.206066
-0.0365,2025-08-28,2025-09-04,sz.000625,2025-08-29 20:06:15.206066
-0.03815,2025-08-28,2025-09-04,sz.000625,2025-08-29 20:06:15.206066
-0.03818,2025-08-28,2025-09-04,sz.000625,2025-08-29 20:06:15.206066
-0.05832,2025-08-29,2025-09-05,sz.000625,2025-08-29 20:06:15.206066
-0.05832,2025-08-29,2025-09-05,sz.000625,2025-08-29 20:06:15.206066
0.06226,2025-08-25,2025-09-01,sz.000630,2025-08-29 20:06:15.206066
-0.0293,2025-08-26,2025-09-02,sz.000630,2025-08-29 20:06:15.206066
-0.0293,2025-08-26,2025-09-02,sz.000630,2025-08-29 20:06:15.206066
-0.4187,2025-08-27,2025-09-03,sz.000630,2025-08-29 20:06:15.206066
-0.4148,2025-08-27,2025-09-03,sz.000630,2025-08-29 20:06:15.206066
-0.4148,2025-08-27,2025-09-03,sz.000630,2025-08-29 20:06:15.206066
-0.07513,2025-08-28,2025-09-04,sz.000630,2025-08-29 20:06:15.206066
-0.0664,2025-08-28,2025-09-04,sz.000630,2025-08-29 20:06:15.206066
-0.0797,2025-08-28,2025-09-04,sz.000630,2025-08-29 20:06:15.206066
0.007133,2025-08-29,2025-09-05,sz.000630,2025-08-29 20:06:15.206066
0.007133,2025-08-29,2025-09-05,sz.000630,2025-08-29 20:06:15.206066
-0.2156,2025-08-25,2025-09-01,sz.000651,2025-08-29 20:06:15.206066
-0.2316,2025-08-26,2025-09-02,sz.000651,2025-08-29 20:06:15.206066
-0.2314,2025-08-26,2025-09-02,sz.000651,2025-08-29 20:06:15.206066
-0.2484,2025-08-27,2025-09-03,sz.000651,2025-08-29 20:06:15.206066
-0.2484,2025-08-27,2025-09-03,sz.000651,2025-08-29 20:06:15.206066
-0.2484,2025-08-27,2025-09-03,sz.000651,2025-08-29 20:06:15.206066
-0.2324,2025-08-28,2025-09-04,sz.000651,2025-08-29 20:06:15.206066
-0.2325,2025-08-28,2025-09-04,sz.000651,2025-08-29 20:06:15.206066
-0.2325,2025-08-28,2025-09-04,sz.000651,2025-08-29 20:06:15.206066
-0.2854,2025-08-29,2025-09-05,sz.000651,2025-08-29 20:06:15.206066
-0.2854,2025-08-29,2025-09-05,sz.000651,2025-08-29 20:06:15.206066
-0.03503,2025-08-25,2025-09-01,sz.000661,2025-08-29 20:06:15.206066
-0.0628,2025-08-26,2025-09-02,sz.000661,2025-08-29 20:06:15.206066
-0.06213,2025-08-26,2025-09-02,sz.000661,2025-08-29 20:06:15.206066
-0.1399,2025-08-27,2025-09-03,sz.000661,2025-08-29 20:06:15.206066
-0.1381,2025-08-27,2025-09-03,sz.000661,2025-08-29 20:06:15.206066
-0.1372,2025-08-27,2025-09-03,sz.000661,2025-08-29 20:06:15.206066
-0.1043,2025-08-28,2025-09-04,sz.000661,2025-08-29 20:06:15.206066
-0.1052,2025-08-28,2025-09-04,sz.000661,2025-08-29 20:06:15.206066
-0.1037,2025-08-28,2025-09-04,sz.000661,2025-08-29 20:06:15.206066
-0.0551,2025-08-29,2025-09-05,sz.000661,2025-08-29 20:06:15.206066
-0.0561,2025-08-29,2025-09-05,sz.000661,2025-08-29 20:06:15.206066
0.09735,2025-08-25,2025-09-01,sz.000708,2025-08-29 20:06:15.206066
0.05917,2025-08-26,2025-09-02,sz.000708,2025-08-29 20:06:15.206066
0.05893,2025-08-26,2025-09-02,sz.000708,2025-08-29 20:06:15.206066
-0.2153,2025-08-27,2025-09-03,sz.000708,2025-08-29 20:06:15.206066
-0.215,2025-08-27,2025-09-03,sz.000708,2025-08-29 20:06:15.206066
-0.2114,2025-08-27,2025-09-03,sz.000708,2025-08-29 20:06:15.206066
0.10425,2025-08-28,2025-09-04,sz.000708,2025-08-29 20:06:15.206066
0.1048,2025-08-28,2025-09-04,sz.000708,2025-08-29 20:06:15.206066
0.12445,2025-08-28,2025-09-04,sz.000708,2025-08-29 20:06:15.206066
0.0445,2025-08-29,2025-09-05,sz.000708,2025-08-29 20:06:15.206066
0.0412,2025-08-29,2025-09-05,sz.000708,2025-08-29 20:06:15.206066
0.05194,2025-08-25,2025-09-01,sz.000725,2025-08-29 20:06:15.206066
0.07666,2025-08-26,2025-09-02,sz.000725,2025-08-29 20:06:15.206066
0.08167,2025-08-26,2025-09-02,sz.000725,2025-08-29 20:06:15.206066
0.02635,2025-08-27,2025-09-03,sz.000725,2025-08-29 20:06:15.206066
0.0503,2025-08-27,2025-09-03,sz.000725,2025-08-29 20:06:15.206066
0.0503,2025-08-27,2025-09-03,sz.000725,2025-08-29 20:06:15.206066
0.0846,2025-08-28,2025-09-04,sz.000725,2025-08-29 20:06:15.206066
0.0814,2025-08-28,2025-09-04,sz.000725,2025-08-29 20:06:15.206066
0.0846,2025-08-28,2025-09-04,sz.000725,2025-08-29 20:06:15.206066
0.0582,2025-08-29,2025-09-05,sz.000725,2025-08-29 20:06:15.206066
0.0582,2025-08-29,2025-09-05,sz.000725,2025-08-29 20:06:15.206066
-0.02223,2025-08-25,2025-09-01,sz.000768,2025-08-29 20:06:15.206066
-0.0938,2025-08-26,2025-09-02,sz.000768,2025-08-29 20:06:15.206066
-0.0942,2025-08-26,2025-09-02,sz.000768,2025-08-29 20:06:15.206066
-0.10724,2025-08-26,2025-09-02,sz.000768,2025-08-29 20:06:15.206066
-0.4238,2025-08-27,2025-09-03,sz.000768,2025-08-29 20:06:15.206066
-0.4238,2025-08-27,2025-09-03,sz.000768,2025-08-29 20:06:15.206066
-0.4155,2025-08-27,2025-09-03,sz.000768,2025-08-29 20:06:15.206066
0.002981,2025-08-28,2025-09-04,sz.000768,2025-08-29 20:06:15.206066
-0.004322,2025-08-28,2025-09-04,sz.000768,2025-08-29 20:06:15.206066
-0.01106,2025-08-28,2025-09-04,sz.000768,2025-08-29 20:06:15.206066
0.07764,2025-08-29,2025-09-05,sz.000768,2025-08-29 20:06:15.206066
0.07764,2025-08-29,2025-09-05,sz.000768,2025-08-29 20:06:15.206066
-0.2,2025-08-25,2025-09-01,sz.000776,2025-08-29 20:06:15.206066
-0.09686,2025-08-26,2025-09-02,sz.000776,2025-08-29 20:06:15.206066
-0.09674,2025-08-26,2025-09-02,sz.000776,2025-08-29 20:06:15.206066
-0.515,2025-08-27,2025-09-03,sz.000776,2025-08-29 20:06:15.206066
-0.5146,2025-08-27,2025-09-03,sz.000776,2025-08-29 20:06:15.206066
-0.502,2025-08-27,2025-09-03,sz.000776,2025-08-29 20:06:15.206066
0.1013,2025-08-28,2025-09-04,sz.000776,2025-08-29 20:06:15.206066
0.1016,2025-08-28,2025-09-04,sz.000776,2025-08-29 20:06:15.206066
0.1016,2025-08-28,2025-09-04,sz.000776,2025-08-29 20:06:15.206066
-0.056,2025-08-29,2025-09-05,sz.000776,2025-08-29 20:06:15.206066
-0.0584,2025-08-29,2025-09-05,sz.000776,2025-08-29 20:06:15.206066
0.09344,2025-08-25,2025-09-01,sz.000786,2025-08-29 20:06:15.206066
0.06995,2025-08-26,2025-09-02,sz.000786,2025-08-29 20:06:15.206066
0.0673,2025-08-26,2025-09-02,sz.000786,2025-08-29 20:06:15.206066
-0.2961,2025-08-27,2025-09-03,sz.000786,2025-08-29 20:06:15.206066
-0.2961,2025-08-27,2025-09-03,sz.000786,2025-08-29 20:06:15.206066
-0.2961,2025-08-27,2025-09-03,sz.000786,2025-08-29 20:06:15.206066
-0.07367,2025-08-28,2025-09-04,sz.000786,2025-08-29 20:06:15.206066
-0.07367,2025-08-28,2025-09-04,sz.000786,2025-08-29 20:06:15.206066
-0.07153,2025-08-28,2025-09-04,sz.000786,2025-08-29 20:06:15.206066
-0.06683,2025-08-29,2025-09-05,sz.000786,2025-08-29 20:06:15.206066
-0.0593,2025-08-29,2025-09-05,sz.000786,2025-08-29 20:06:15.206066
0.0847,2025-08-25,2025-09-01,sz.000792,2025-08-29 20:06:15.206066
0.07715,2025-08-26,2025-09-02,sz.000792,2025-08-29 20:06:15.206066
0.06665,2025-08-26,2025-09-02,sz.000792,2025-08-29 20:06:15.206066
-0.2576,2025-08-27,2025-09-03,sz.000792,2025-08-29 20:06:15.206066
-0.2646,2025-08-27,2025-09-03,sz.000792,2025-08-29 20:06:15.206066
-0.2402,2025-08-27,2025-09-03,sz.000792,2025-08-29 20:06:15.206066
0.08405,2025-08-28,2025-09-04,sz.000792,2025-08-29 20:06:15.206066
0.1175,2025-08-28,2025-09-04,sz.000792,2025-08-29 20:06:15.206066
0.11664,2025-08-28,2025-09-04,sz.000792,2025-08-29 20:06:15.206066
0.1417,2025-08-29,2025-09-05,sz.000792,2025-08-29 20:06:15.206066
0.1414,2025-08-29,2025-09-05,sz.000792,2025-08-29 20:06:15.206066
0.1392,2025-08-25,2025-09-01,sz.000800,2025-08-29 20:06:15.206066
0.12244,2025-08-26,2025-09-02,sz.000800,2025-08-29 20:06:15.206066
0.12244,2025-08-26,2025-09-02,sz.000800,2025-08-29 20:06:15.206066
0.0529,2025-08-27,2025-09-03,sz.000800,2025-08-29 20:06:15.206066
0.0529,2025-08-27,2025-09-03,sz.000800,2025-08-29 20:06:15.206066
0.0529,2025-08-27,2025-09-03,sz.000800,2025-08-29 20:06:15.206066
0.07776,2025-08-28,2025-09-04,sz.000800,2025-08-29 20:06:15.206066
0.07776,2025-08-28,2025-09-04,sz.000800,2025-08-29 20:06:15.206066
0.07776,2025-08-28,2025-09-04,sz.000800,2025-08-29 20:06:15.206066
0.0722,2025-08-29,2025-09-05,sz.000800,2025-08-29 20:06:15.206066
0.0722,2025-08-29,2025-09-05,sz.000800,2025-08-29 20:06:15.206066
0.05707,2025-08-25,2025-09-01,sz.000807,2025-08-29 20:06:15.206066
-0.08234,2025-08-26,2025-09-02,sz.000807,2025-08-29 20:06:15.206066
-0.0952,2025-08-26,2025-09-02,sz.000807,2025-08-29 20:06:15.206066
-0.0952,2025-08-26,2025-09-02,sz.000807,2025-08-29 20:06:15.206066
-0.287,2025-08-27,2025-09-03,sz.000807,2025-08-29 20:06:15.206066
-0.2559,2025-08-27,2025-09-03,sz.000807,2025-08-29 20:06:15.206066
-0.2593,2025-08-27,2025-09-03,sz.000807,2025-08-29 20:06:15.206066
-0.1066,2025-08-28,2025-09-04,sz.000807,2025-08-29 20:06:15.206066
-0.1063,2025-08-28,2025-09-04,sz.000807,2025-08-29 20:06:15.206066
-0.1011,2025-08-28,2025-09-04,sz.000807,2025-08-29 20:06:15.206066
0.07733,2025-08-29,2025-09-05,sz.000807,2025-08-29 20:06:15.206066
0.0661,2025-08-29,2025-09-05,sz.000807,2025-08-29 20:06:15.206066
-0.1587,2025-08-25,2025-09-01,sz.000858,2025-08-29 20:06:15.206066
-0.1862,2025-08-26,2025-09-02,sz.000858,2025-08-29 20:06:15.206066
-0.1862,2025-08-26,2025-09-02,sz.000858,2025-08-29 20:06:15.206066
-0.2039,2025-08-27,2025-09-03,sz.000858,2025-08-29 20:06:15.206066
-0.2041,2025-08-27,2025-09-03,sz.000858,2025-08-29 20:06:15.206066
-0.204,2025-08-27,2025-09-03,sz.000858,2025-08-29 20:06:15.206066
-0.1901,2025-08-28,2025-09-04,sz.000858,2025-08-29 20:06:15.206066
-0.1901,2025-08-28,2025-09-04,sz.000858,2025-08-29 20:06:15.206066
-0.1897,2025-08-28,2025-09-04,sz.000858,2025-08-29 20:06:15.206066
-0.1598,2025-08-29,2025-09-05,sz.000858,2025-08-29 20:06:15.206066
-0.1598,2025-08-29,2025-09-05,sz.000858,2025-08-29 20:06:15.206066
0.08954,2025-08-25,2025-09-01,sz.000876,2025-08-29 20:06:15.206066
0.006874,2025-08-26,2025-09-02,sz.000876,2025-08-29 20:06:15.206066
0.01752,2025-08-26,2025-09-02,sz.000876,2025-08-29 20:06:15.206066
-0.2556,2025-08-27,2025-09-03,sz.000876,2025-08-29 20:06:15.206066
-0.2556,2025-08-27,2025-09-03,sz.000876,2025-08-29 20:06:15.206066
-0.2693,2025-08-27,2025-09-03,sz.000876,2025-08-29 20:06:15.206066
-0.11346,2025-08-28,2025-09-04,sz.000876,2025-08-29 20:06:15.206066
-0.12085,2025-08-28,2025-09-04,sz.000876,2025-08-29 20:06:15.206066
-0.1093,2025-08-28,2025-09-04,sz.000876,2025-08-29 20:06:15.206066
-0.2756,2025-08-29,2025-09-05,sz.000876,2025-08-29 20:06:15.206066
-0.2815,2025-08-29,2025-09-05,sz.000876,2025-08-29 20:06:15.206066
0.04852,2025-08-25,2025-09-01,sz.000895,2025-08-29 20:06:15.206066
0.01106,2025-08-26,2025-09-02,sz.000895,2025-08-29 20:06:15.206066
0.01216,2025-08-26,2025-09-02,sz.000895,2025-08-29 20:06:15.206066
-0.0629,2025-08-27,2025-09-03,sz.000895,2025-08-29 20:06:15.206066
-0.06,2025-08-27,2025-09-03,sz.000895,2025-08-29 20:06:15.206066
-0.0632,2025-08-27,2025-09-03,sz.000895,2025-08-29 20:06:15.206066
-0.0323,2025-08-28,2025-09-04,sz.000895,2025-08-29 20:06:15.206066
-0.03152,2025-08-28,2025-09-04,sz.000895,2025-08-29 20:06:15.206066
-0.0316,2025-08-28,2025-09-04,sz.000895,2025-08-29 20:06:15.206066
0.03952,2025-08-29,2025-09-05,sz.000895,2025-08-29 20:06:15.206066
0.03757,2025-08-29,2025-09-05,sz.000895,2025-08-29 20:06:15.206066
-0.3118,2025-08-25,2025-09-01,sz.000938,2025-08-29 20:06:15.206066
-0.1418,2025-08-26,2025-09-02,sz.000938,2025-08-29 20:06:15.206066
-0.1448,2025-08-26,2025-09-02,sz.000938,2025-08-29 20:06:15.206066
-0.5923,2025-08-27,2025-09-03,sz.000938,2025-08-29 20:06:15.206066
-0.5845,2025-08-27,2025-09-03,sz.000938,2025-08-29 20:06:15.206066
-0.5747,2025-08-27,2025-09-03,sz.000938,2025-08-29 20:06:15.206066
0.2168,2025-08-28,2025-09-04,sz.000938,2025-08-29 20:06:15.206066
0.213,2025-08-28,2025-09-04,sz.000938,2025-08-29 20:06:15.206066
0.2217,2025-08-28,2025-09-04,sz.000938,2025-08-29 20:06:15.206066
-0.1469,2025-08-29,2025-09-05,sz.000938,2025-08-29 20:06:15.206066
-0.1527,2025-08-29,2025-09-05,sz.000938,2025-08-29 20:06:15.206066
-0.0554,2025-08-25,2025-09-01,sz.000963,2025-08-29 20:06:15.206066
-0.2057,2025-08-26,2025-09-02,sz.000963,2025-08-29 20:06:15.206066
-0.2063,2025-08-26,2025-09-02,sz.000963,2025-08-29 20:06:15.206066
-0.455,2025-08-27,2025-09-03,sz.000963,2025-08-29 20:06:15.206066
-0.4565,2025-08-27,2025-09-03,sz.000963,2025-08-29 20:06:15.206066
-0.4565,2025-08-27,2025-09-03,sz.000963,2025-08-29 20:06:15.206066
-0.4263,2025-08-28,2025-09-04,sz.000963,2025-08-29 20:06:15.206066
-0.4255,2025-08-28,2025-09-04,sz.000963,2025-08-29 20:06:15.206066
-0.4263,2025-08-28,2025-09-04,sz.000963,2025-08-29 20:06:15.206066
-0.07263,2025-08-29,2025-09-05,sz.000963,2025-08-29 20:06:15.206066
-0.07263,2025-08-29,2025-09-05,sz.000963,2025-08-29 20:06:15.206066
0.1793,2025-08-25,2025-09-01,sz.000975,2025-08-29 20:06:15.206066
0.07263,2025-08-26,2025-09-02,sz.000975,2025-08-29 20:06:15.206066
0.08,2025-08-26,2025-09-02,sz.000975,2025-08-29 20:06:15.206066
-0.3003,2025-08-27,2025-09-03,sz.000975,2025-08-29 20:06:15.206066
-0.3052,2025-08-27,2025-09-03,sz.000975,2025-08-29 20:06:15.206066
-0.3047,2025-08-27,2025-09-03,sz.000975,2025-08-29 20:06:15.206066
-0.0376,2025-08-28,2025-09-04,sz.000975,2025-08-29 20:06:15.206066
-0.03723,2025-08-28,2025-09-04,sz.000975,2025-08-29 20:06:15.206066
-0.03732,2025-08-28,2025-09-04,sz.000975,2025-08-29 20:06:15.206066
0.04034,2025-08-29,2025-09-05,sz.000975,2025-08-29 20:06:15.206066
0.05182,2025-08-29,2025-09-05,sz.000975,2025-08-29 20:06:15.206066
-0.4849,2025-08-25,2025-09-01,sz.000977,2025-08-29 20:06:15.206066
-0.396,2025-08-26,2025-09-02,sz.000977,2025-08-29 20:06:15.206066
-0.3967,2025-08-26,2025-09-02,sz.000977,2025-08-29 20:06:15.206066
-0.6934,2025-08-27,2025-09-03,sz.000977,2025-08-29 20:06:15.206066
-0.698,2025-08-27,2025-09-03,sz.000977,2025-08-29 20:06:15.206066
-0.697,2025-08-27,2025-09-03,sz.000977,2025-08-29 20:06:15.206066
-0.01088,2025-08-28,2025-09-04,sz.000977,2025-08-29 20:06:15.206066
-0.01567,2025-08-28,2025-09-04,sz.000977,2025-08-29 20:06:15.206066
-0.01506,2025-08-28,2025-09-04,sz.000977,2025-08-29 20:06:15.206066
-0.3809,2025-08-29,2025-09-05,sz.000977,2025-08-29 20:06:15.206066
-0.3772,2025-08-29,2025-09-05,sz.000977,2025-08-29 20:06:15.206066
0.1624,2025-08-25,2025-09-01,sz.000983,2025-08-29 20:06:15.206066
0.0491,2025-08-26,2025-09-02,sz.000983,2025-08-29 20:06:15.206066
0.0491,2025-08-26,2025-09-02,sz.000983,2025-08-29 20:06:15.206066
-0.1885,2025-08-27,2025-09-03,sz.000983,2025-08-29 20:06:15.206066
-0.189,2025-08-27,2025-09-03,sz.000983,2025-08-29 20:06:15.206066
-0.1631,2025-08-27,2025-09-03,sz.000983,2025-08-29 20:06:15.206066
0.03418,2025-08-28,2025-09-04,sz.000983,2025-08-29 20:06:15.206066
0.04468,2025-08-28,2025-09-04,sz.000983,2025-08-29 20:06:15.206066
0.04437,2025-08-28,2025-09-04,sz.000983,2025-08-29 20:06:15.206066
0.1126,2025-08-29,2025-09-05,sz.000983,2025-08-29 20:06:15.206066
0.08014,2025-08-29,2025-09-05,sz.000983,2025-08-29 20:06:15.206066
0.1619,2025-08-25,2025-09-01,sz.000999,2025-08-29 20:06:15.206066
0.07227,2025-08-26,2025-09-02,sz.000999,2025-08-29 20:06:15.206066
0.0727,2025-08-26,2025-09-02,sz.000999,2025-08-29 20:06:15.206066
-0.06726,2025-08-27,2025-09-03,sz.000999,2025-08-29 20:06:15.206066
-0.0657,2025-08-27,2025-09-03,sz.000999,2025-08-29 20:06:15.206066
-0.05228,2025-08-27,2025-09-03,sz.000999,2025-08-29 20:06:15.206066
0.0612,2025-08-28,2025-09-04,sz.000999,2025-08-29 20:06:15.206066
0.0857,2025-08-28,2025-09-04,sz.000999,2025-08-29 20:06:15.206066
0.05087,2025-08-28,2025-09-04,sz.000999,2025-08-29 20:06:15.206066
0.183,2025-08-29,2025-09-05,sz.000999,2025-08-29 20:06:15.206066
0.1815,2025-08-29,2025-09-05,sz.000999,2025-08-29 20:06:15.206066
0.06396,2025-08-25,2025-09-01,sz.001289,2025-08-29 20:06:15.206066
0.01894,2025-08-26,2025-09-02,sz.001289,2025-08-29 20:06:15.206066
0.01894,2025-08-26,2025-09-02,sz.001289,2025-08-29 20:06:15.206066
0.035,2025-08-27,2025-09-03,sz.001289,2025-08-29 20:06:15.206066
0.035,2025-08-27,2025-09-03,sz.001289,2025-08-29 20:06:15.206066
0.035,2025-08-27,2025-09-03,sz.001289,2025-08-29 20:06:15.206066
0.05182,2025-08-28,2025-09-04,sz.001289,2025-08-29 20:06:15.206066
0.05182,2025-08-28,2025-09-04,sz.001289,2025-08-29 20:06:15.206066
0.05157,2025-08-28,2025-09-04,sz.001289,2025-08-29 20:06:15.206066
0.0701,2025-08-29,2025-09-05,sz.001289,2025-08-29 20:06:15.206066
0.0701,2025-08-29,2025-09-05,sz.001289,2025-08-29 20:06:15.206066
0.04657,2025-08-25,2025-09-01,sz.001965,2025-08-29 20:06:15.206066
0.0634,2025-08-26,2025-09-02,sz.001965,2025-08-29 20:06:15.206066
0.0634,2025-08-26,2025-09-02,sz.001965,2025-08-29 20:06:15.206066
0.0634,2025-08-26,2025-09-02,sz.001965,2025-08-29 20:06:15.206066
-0.00784,2025-08-27,2025-09-03,sz.001965,2025-08-29 20:06:15.206066
-0.00784,2025-08-27,2025-09-03,sz.001965,2025-08-29 20:06:15.206066
-0.007633,2025-08-27,2025-09-03,sz.001965,2025-08-29 20:06:15.206066
0.007187,2025-08-28,2025-09-04,sz.001965,2025-08-29 20:06:15.206066
0.007187,2025-08-28,2025-09-04,sz.001965,2025-08-29 20:06:15.206066
0.007313,2025-08-28,2025-09-04,sz.001965,2025-08-29 20:06:15.206066
-0.0347,2025-08-29,2025-09-05,sz.001965,2025-08-29 20:06:15.206066
-0.0347,2025-08-29,2025-09-05,sz.001965,2025-08-29 20:06:15.206066
0.04916,2025-08-25,2025-09-01,sz.001979,2025-08-29 20:06:15.206066
0.0869,2025-08-26,2025-09-02,sz.001979,2025-08-29 20:06:15.206066
0.0869,2025-08-26,2025-09-02,sz.001979,2025-08-29 20:06:15.206066
0.00915,2025-08-27,2025-09-03,sz.001979,2025-08-29 20:06:15.206066
0.00915,2025-08-27,2025-09-03,sz.001979,2025-08-29 20:06:15.206066
0.00915,2025-08-27,2025-09-03,sz.001979,2025-08-29 20:06:15.206066
0.0464,2025-08-28,2025-09-04,sz.001979,2025-08-29 20:06:15.206066
0.0464,2025-08-28,2025-09-04,sz.001979,2025-08-29 20:06:15.206066
0.0464,2025-08-28,2025-09-04,sz.001979,2025-08-29 20:06:15.206066
0.0689,2025-08-29,2025-09-05,sz.001979,2025-08-29 20:06:15.206066
0.06158,2025-08-29,2025-09-05,sz.001979,2025-08-29 20:06:15.206066
-0.1179,2025-08-25,2025-09-01,sz.002001,2025-08-29 20:06:15.206066
-0.1345,2025-08-26,2025-09-02,sz.002001,2025-08-29 20:06:15.206066
-0.1355,2025-08-26,2025-09-02,sz.002001,2025-08-29 20:06:15.206066
-0.2391,2025-08-27,2025-09-03,sz.002001,2025-08-29 20:06:15.206066
-0.237,2025-08-27,2025-09-03,sz.002001,2025-08-29 20:06:15.206066
-0.2372,2025-08-27,2025-09-03,sz.002001,2025-08-29 20:06:15.206066
-0.1895,2025-08-28,2025-09-04,sz.002001,2025-08-29 20:06:15.206066
-0.1904,2025-08-28,2025-09-04,sz.002001,2025-08-29 20:06:15.206066
-0.1891,2025-08-28,2025-09-04,sz.002001,2025-08-29 20:06:15.206066
-0.11865,2025-08-29,2025-09-05,sz.002001,2025-08-29 20:06:15.206066
-0.1177,2025-08-29,2025-09-05,sz.002001,2025-08-29 20:06:15.206066
0.006733,2025-08-25,2025-09-01,sz.002027,2025-08-29 20:06:15.206066
-0.0394,2025-08-26,2025-09-02,sz.002027,2025-08-29 20:06:15.206066
-0.0305,2025-08-26,2025-09-02,sz.002027,2025-08-29 20:06:15.206066
-0.1348,2025-08-27,2025-09-03,sz.002027,2025-08-29 20:06:15.206066
-0.1359,2025-08-27,2025-09-03,sz.002027,2025-08-29 20:06:15.206066
-0.1404,2025-08-27,2025-09-03,sz.002027,2025-08-29 20:06:15.206066
0.015434,2025-08-28,2025-09-04,sz.002027,2025-08-29 20:06:15.206066
0.01639,2025-08-28,2025-09-04,sz.002027,2025-08-29 20:06:15.206066
0.01155,2025-08-28,2025-09-04,sz.002027,2025-08-29 20:06:15.206066
-0.03284,2025-08-29,2025-09-05,sz.002027,2025-08-29 20:06:15.206066
-0.03348,2025-08-29,2025-09-05,sz.002027,2025-08-29 20:06:15.206066
-0.1921,2025-08-25,2025-09-01,sz.002028,2025-08-29 20:06:15.206066
-0.2139,2025-08-26,2025-09-02,sz.002028,2025-08-29 20:06:15.206066
-0.214,2025-08-26,2025-09-02,sz.002028,2025-08-29 20:06:15.206066
-0.2122,2025-08-27,2025-09-03,sz.002028,2025-08-29 20:06:15.206066
-0.2119,2025-08-27,2025-09-03,sz.002028,2025-08-29 20:06:15.206066
-0.2118,2025-08-27,2025-09-03,sz.002028,2025-08-29 20:06:15.206066
-0.2013,2025-08-28,2025-09-04,sz.002028,2025-08-29 20:06:15.206066
-0.2009,2025-08-28,2025-09-04,sz.002028,2025-08-29 20:06:15.206066
-0.2002,2025-08-28,2025-09-04,sz.002028,2025-08-29 20:06:15.206066
-0.1815,2025-08-29,2025-09-05,sz.002028,2025-08-29 20:06:15.206066
-0.1809,2025-08-29,2025-09-05,sz.002028,2025-08-29 20:06:15.206066
-0.611,2025-08-25,2025-09-01,sz.002049,2025-08-29 20:06:15.206066
-0.305,2025-08-26,2025-09-02,sz.002049,2025-08-29 20:06:15.206066
-0.3088,2025-08-26,2025-09-02,sz.002049,2025-08-29 20:06:15.206066
-0.3079,2025-08-26,2025-09-02,sz.002049,2025-08-29 20:06:15.206066
-0.4685,2025-08-27,2025-09-03,sz.002049,2025-08-29 20:06:15.206066
-0.475,2025-08-27,2025-09-03,sz.002049,2025-08-29 20:06:15.206066
-0.468,2025-08-27,2025-09-03,sz.002049,2025-08-29 20:06:15.206066
-0.2595,2025-08-28,2025-09-04,sz.002049,2025-08-29 20:06:15.206066
-0.262,2025-08-28,2025-09-04,sz.002049,2025-08-29 20:06:15.206066
-0.2502,2025-08-28,2025-09-04,sz.002049,2025-08-29 20:06:15.206066
-0.4531,2025-08-29,2025-09-05,sz.002049,2025-08-29 20:06:15.206066
-0.4595,2025-08-29,2025-09-05,sz.002049,2025-08-29 20:06:15.206066
-0.211,2025-08-25,2025-09-01,sz.002050,2025-08-29 20:06:15.206066
-0.12427,2025-08-26,2025-09-02,sz.002050,2025-08-29 20:06:15.206066
-0.1271,2025-08-26,2025-09-02,sz.002050,2025-08-29 20:06:15.206066
-0.2998,2025-08-27,2025-09-03,sz.002050,2025-08-29 20:06:15.206066
-0.2913,2025-08-27,2025-09-03,sz.002050,2025-08-29 20:06:15.206066
-0.2913,2025-08-27,2025-09-03,sz.002050,2025-08-29 20:06:15.206066
0.1065,2025-08-28,2025-09-04,sz.002050,2025-08-29 20:06:15.206066
0.1065,2025-08-28,2025-09-04,sz.002050,2025-08-29 20:06:15.206066
0.1045,2025-08-28,2025-09-04,sz.002050,2025-08-29 20:06:15.206066
-0.54,2025-08-29,2025-09-05,sz.002050,2025-08-29 20:06:15.206066
-0.54,2025-08-29,2025-09-05,sz.002050,2025-08-29 20:06:15.206066
-0.04416,2025-08-25,2025-09-01,sz.002074,2025-08-29 20:06:15.206066
-0.198,2025-08-26,2025-09-02,sz.002074,2025-08-29 20:06:15.206066
-0.1841,2025-08-26,2025-09-02,sz.002074,2025-08-29 20:06:15.206066
-0.2404,2025-08-27,2025-09-03,sz.002074,2025-08-29 20:06:15.206066
-0.2312,2025-08-27,2025-09-03,sz.002074,2025-08-29 20:06:15.206066
-0.2351,2025-08-27,2025-09-03,sz.002074,2025-08-29 20:06:15.206066
0.0004668,2025-08-28,2025-09-04,sz.002074,2025-08-29 20:06:15.206066
0.003254,2025-08-28,2025-09-04,sz.002074,2025-08-29 20:06:15.206066
-0.004055,2025-08-28,2025-09-04,sz.002074,2025-08-29 20:06:15.206066
0.2659,2025-08-29,2025-09-05,sz.002074,2025-08-29 20:06:15.206066
0.2556,2025-08-29,2025-09-05,sz.002074,2025-08-29 20:06:15.206066
-0.1741,2025-08-25,2025-09-01,sz.002129,2025-08-29 20:06:15.206066
-0.1473,2025-08-26,2025-09-02,sz.002129,2025-08-29 20:06:15.206066
-0.1559,2025-08-26,2025-09-02,sz.002129,2025-08-29 20:06:15.206066
-0.25,2025-08-27,2025-09-03,sz.002129,2025-08-29 20:06:15.206066
-0.2505,2025-08-27,2025-09-03,sz.002129,2025-08-29 20:06:15.206066
-0.2627,2025-08-27,2025-09-03,sz.002129,2025-08-29 20:06:15.206066
-0.125,2025-08-28,2025-09-04,sz.002129,2025-08-29 20:06:15.206066
-0.1315,2025-08-28,2025-09-04,sz.002129,2025-08-29 20:06:15.206066
-0.1103,2025-08-28,2025-09-04,sz.002129,2025-08-29 20:06:15.206066
-0.2136,2025-08-29,2025-09-05,sz.002129,2025-08-29 20:06:15.206066
-0.22,2025-08-29,2025-09-05,sz.002129,2025-08-29 20:06:15.206066
0.09186,2025-08-25,2025-09-01,sz.002142,2025-08-29 20:06:15.206066
0.001368,2025-08-26,2025-09-02,sz.002142,2025-08-29 20:06:15.206066
0.001368,2025-08-26,2025-09-02,sz.002142,2025-08-29 20:06:15.206066
-0.02324,2025-08-27,2025-09-03,sz.002142,2025-08-29 20:06:15.206066
-0.02324,2025-08-27,2025-09-03,sz.002142,2025-08-29 20:06:15.206066
-0.02324,2025-08-27,2025-09-03,sz.002142,2025-08-29 20:06:15.206066
0.138,2025-08-28,2025-09-04,sz.002142,2025-08-29 20:06:15.206066
0.1483,2025-08-28,2025-09-04,sz.002142,2025-08-29 20:06:15.206066
0.138,2025-08-28,2025-09-04,sz.002142,2025-08-29 20:06:15.206066
-0.013626,2025-08-29,2025-09-05,sz.002142,2025-08-29 20:06:15.206066
0.002981,2025-08-29,2025-09-05,sz.002142,2025-08-29 20:06:15.206066
-0.01165,2025-08-25,2025-09-01,sz.002179,2025-08-29 20:06:15.206066
-0.0833,2025-08-26,2025-09-02,sz.002179,2025-08-29 20:06:15.206066
-0.0814,2025-08-26,2025-09-02,sz.002179,2025-08-29 20:06:15.206066
-0.1713,2025-08-27,2025-09-03,sz.002179,2025-08-29 20:06:15.206066
-0.171,2025-08-27,2025-09-03,sz.002179,2025-08-29 20:06:15.206066
-0.1757,2025-08-27,2025-09-03,sz.002179,2025-08-29 20:06:15.206066
-0.00478,2025-08-28,2025-09-04,sz.002179,2025-08-29 20:06:15.206066
-0.005966,2025-08-28,2025-09-04,sz.002179,2025-08-29 20:06:15.206066
-0.00536,2025-08-28,2025-09-04,sz.002179,2025-08-29 20:06:15.206066
-0.05566,2025-08-29,2025-09-05,sz.002179,2025-08-29 20:06:15.206066
-0.05573,2025-08-29,2025-09-05,sz.002179,2025-08-29 20:06:15.206066
-0.2399,2025-08-25,2025-09-01,sz.002180,2025-08-29 20:06:15.206066
-0.3125,2025-08-26,2025-09-02,sz.002180,2025-08-29 20:06:15.206066
-0.343,2025-08-26,2025-09-02,sz.002180,2025-08-29 20:06:15.206066
-0.4763,2025-08-27,2025-09-03,sz.002180,2025-08-29 20:06:15.206066
-0.4646,2025-08-27,2025-09-03,sz.002180,2025-08-29 20:06:15.206066
-0.463,2025-08-27,2025-09-03,sz.002180,2025-08-29 20:06:15.206066
-0.1376,2025-08-28,2025-09-04,sz.002180,2025-08-29 20:06:15.206066
-0.1348,2025-08-28,2025-09-04,sz.002180,2025-08-29 20:06:15.206066
-0.14,2025-08-28,2025-09-04,sz.002180,2025-08-29 20:06:15.206066
-0.4207,2025-08-29,2025-09-05,sz.002180,2025-08-29 20:06:15.206066
-0.4165,2025-08-29,2025-09-05,sz.002180,2025-08-29 20:06:15.206066
-0.1724,2025-08-25,2025-09-01,sz.002230,2025-08-29 20:06:15.206066
-0.07733,2025-08-26,2025-09-02,sz.002230,2025-08-29 20:06:15.206066
-0.0775,2025-08-26,2025-09-02,sz.002230,2025-08-29 20:06:15.206066
-0.2908,2025-08-27,2025-09-03,sz.002230,2025-08-29 20:06:15.206066
-0.292,2025-08-27,2025-09-03,sz.002230,2025-08-29 20:06:15.206066
-0.292,2025-08-27,2025-09-03,sz.002230,2025-08-29 20:06:15.206066
-0.0316,2025-08-28,2025-09-04,sz.002230,2025-08-29 20:06:15.206066
-0.03113,2025-08-28,2025-09-04,sz.002230,2025-08-29 20:06:15.206066
-0.03265,2025-08-28,2025-09-04,sz.002230,2025-08-29 20:06:15.206066
-0.1494,2025-08-29,2025-09-05,sz.002230,2025-08-29 20:06:15.206066
-0.1477,2025-08-29,2025-09-05,sz.002230,2025-08-29 20:06:15.206066
-0.1611,2025-08-25,2025-09-01,sz.002236,2025-08-29 20:06:15.206066
-0.08997,2025-08-26,2025-09-02,sz.002236,2025-08-29 20:06:15.206066
-0.09033,2025-08-26,2025-09-02,sz.002236,2025-08-29 20:06:15.206066
-0.1731,2025-08-27,2025-09-03,sz.002236,2025-08-29 20:06:15.206066
-0.1731,2025-08-27,2025-09-03,sz.002236,2025-08-29 20:06:15.206066
-0.1729,2025-08-27,2025-09-03,sz.002236,2025-08-29 20:06:15.206066
-0.08295,2025-08-28,2025-09-04,sz.002236,2025-08-29 20:06:15.206066
-0.08276,2025-08-28,2025-09-04,sz.002236,2025-08-29 20:06:15.206066
-0.0833,2025-08-28,2025-09-04,sz.002236,2025-08-29 20:06:15.206066
-0.1553,2025-08-29,2025-09-05,sz.002236,2025-08-29 20:06:15.206066
-0.1559,2025-08-29,2025-09-05,sz.002236,2025-08-29 20:06:15.206066
-0.374,2025-08-25,2025-09-01,sz.002241,2025-08-29 20:06:15.206066
-0.1682,2025-08-26,2025-09-02,sz.002241,2025-08-29 20:06:15.206066
-0.1683,2025-08-26,2025-09-02,sz.002241,2025-08-29 20:06:15.206066
-0.42,2025-08-27,2025-09-03,sz.002241,2025-08-29 20:06:15.206066
-0.4211,2025-08-27,2025-09-03,sz.002241,2025-08-29 20:06:15.206066
-0.4216,2025-08-27,2025-09-03,sz.002241,2025-08-29 20:06:15.206066
-0.3323,2025-08-28,2025-09-04,sz.002241,2025-08-29 20:06:15.206066
-0.33,2025-08-28,2025-09-04,sz.002241,2025-08-29 20:06:15.206066
-0.3306,2025-08-28,2025-09-04,sz.002241,2025-08-29 20:06:15.206066
-0.3596,2025-08-29,2025-09-05,sz.002241,2025-08-29 20:06:15.206066
-0.3596,2025-08-29,2025-09-05,sz.002241,2025-08-29 20:06:15.206066
0.1792,2025-08-25,2025-09-01,sz.002252,2025-08-29 20:06:15.206066
0.07684,2025-08-26,2025-09-02,sz.002252,2025-08-29 20:06:15.206066
0.0719,2025-08-26,2025-09-02,sz.002252,2025-08-29 20:06:15.206066
-0.2402,2025-08-27,2025-09-03,sz.002252,2025-08-29 20:06:15.206066
-0.245,2025-08-27,2025-09-03,sz.002252,2025-08-29 20:06:15.206066
-0.2328,2025-08-27,2025-09-03,sz.002252,2025-08-29 20:06:15.206066
-0.03099,2025-08-28,2025-09-04,sz.002252,2025-08-29 20:06:15.206066
-0.01866,2025-08-28,2025-09-04,sz.002252,2025-08-29 20:06:15.206066
-0.03192,2025-08-28,2025-09-04,sz.002252,2025-08-29 20:06:15.206066
-0.2188,2025-08-29,2025-09-05,sz.002252,2025-08-29 20:06:15.206066
-0.2174,2025-08-29,2025-09-05,sz.002252,2025-08-29 20:06:15.206066
-0.1632,2025-08-25,2025-09-01,sz.002304,2025-08-29 20:06:15.206066
-0.2231,2025-08-26,2025-09-02,sz.002304,2025-08-29 20:06:15.206066
-0.2229,2025-08-26,2025-09-02,sz.002304,2025-08-29 20:06:15.206066
-0.3296,2025-08-27,2025-09-03,sz.002304,2025-08-29 20:06:15.206066
-0.3293,2025-08-27,2025-09-03,sz.002304,2025-08-29 20:06:15.206066
-0.3303,2025-08-27,2025-09-03,sz.002304,2025-08-29 20:06:15.206066
-0.2585,2025-08-28,2025-09-04,sz.002304,2025-08-29 20:06:15.206066
-0.2627,2025-08-28,2025-09-04,sz.002304,2025-08-29 20:06:15.206066
-0.258,2025-08-28,2025-09-04,sz.002304,2025-08-29 20:06:15.206066
-0.1652,2025-08-29,2025-09-05,sz.002304,2025-08-29 20:06:15.206066
-0.1636,2025-08-29,2025-09-05,sz.002304,2025-08-29 20:06:15.206066
-0.1102,2025-08-25,2025-09-01,sz.002311,2025-08-29 20:06:15.206066
-0.0979,2025-08-26,2025-09-02,sz.002311,2025-08-29 20:06:15.206066
-0.1031,2025-08-26,2025-09-02,sz.002311,2025-08-29 20:06:15.206066
-0.2925,2025-08-27,2025-09-03,sz.002311,2025-08-29 20:06:15.206066
-0.2922,2025-08-27,2025-09-03,sz.002311,2025-08-29 20:06:15.206066
-0.2964,2025-08-27,2025-09-03,sz.002311,2025-08-29 20:06:15.206066
-0.309,2025-08-28,2025-09-04,sz.002311,2025-08-29 20:06:15.206066
-0.314,2025-08-28,2025-09-04,sz.002311,2025-08-29 20:06:15.206066
-0.3137,2025-08-28,2025-09-04,sz.002311,2025-08-29 20:06:15.206066
-0.03497,2025-08-29,2025-09-05,sz.002311,2025-08-29 20:06:15.206066
-0.03494,2025-08-29,2025-09-05,sz.002311,2025-08-29 20:06:15.206066
0.007904,2025-08-25,2025-09-01,sz.002352,2025-08-29 20:06:15.206066
0.0202,2025-08-26,2025-09-02,sz.002352,2025-08-29 20:06:15.206066
0.02356,2025-08-26,2025-09-02,sz.002352,2025-08-29 20:06:15.206066
-0.316,2025-08-27,2025-09-03,sz.002352,2025-08-29 20:06:15.206066
-0.316,2025-08-27,2025-09-03,sz.002352,2025-08-29 20:06:15.206066
-0.3167,2025-08-27,2025-09-03,sz.002352,2025-08-29 20:06:15.206066
0.07715,2025-08-28,2025-09-04,sz.002352,2025-08-29 20:06:15.206066
0.0772,2025-08-28,2025-09-04,sz.002352,2025-08-29 20:06:15.206066
0.0804,2025-08-28,2025-09-04,sz.002352,2025-08-29 20:06:15.206066
-1.269,2025-08-29,2025-09-05,sz.002352,2025-08-29 20:06:15.206066
-1.264,2025-08-29,2025-09-05,sz.002352,2025-08-29 20:06:15.206066
-0.3115,2025-08-25,2025-09-01,sz.002371,2025-08-29 20:06:15.206066
-0.2455,2025-08-26,2025-09-02,sz.002371,2025-08-29 20:06:15.206066
-0.2456,2025-08-26,2025-09-02,sz.002371,2025-08-29 20:06:15.206066
-0.27,2025-08-27,2025-09-03,sz.002371,2025-08-29 20:06:15.206066
-0.2698,2025-08-27,2025-09-03,sz.002371,2025-08-29 20:06:15.206066
-0.2698,2025-08-27,2025-09-03,sz.002371,2025-08-29 20:06:15.206066
-0.2109,2025-08-28,2025-09-04,sz.002371,2025-08-29 20:06:15.206066
-0.2109,2025-08-28,2025-09-04,sz.002371,2025-08-29 20:06:15.206066
-0.2108,2025-08-28,2025-09-04,sz.002371,2025-08-29 20:06:15.206066
-0.2893,2025-08-29,2025-09-05,sz.002371,2025-08-29 20:06:15.206066
-0.2896,2025-08-29,2025-09-05,sz.002371,2025-08-29 20:06:15.206066
-0.08124,2025-08-25,2025-09-01,sz.002415,2025-08-29 20:06:15.206066
-0.02118,2025-08-26,2025-09-02,sz.002415,2025-08-29 20:06:15.206066
-0.02124,2025-08-26,2025-09-02,sz.002415,2025-08-29 20:06:15.206066
-0.1661,2025-08-27,2025-09-03,sz.002415,2025-08-29 20:06:15.206066
-0.1661,2025-08-27,2025-09-03,sz.002415,2025-08-29 20:06:15.206066
-0.1677,2025-08-27,2025-09-03,sz.002415,2025-08-29 20:06:15.206066
-0.03537,2025-08-28,2025-09-04,sz.002415,2025-08-29 20:06:15.206066
-0.03497,2025-08-28,2025-09-04,sz.002415,2025-08-29 20:06:15.206066
-0.03497,2025-08-28,2025-09-04,sz.002415,2025-08-29 20:06:15.206066
-0.04068,2025-08-29,2025-09-05,sz.002415,2025-08-29 20:06:15.206066
-0.04083,2025-08-29,2025-09-05,sz.002415,2025-08-29 20:06:15.206066
0.1385,2025-08-25,2025-09-01,sz.002422,2025-08-29 20:06:15.206066
-0.267,2025-08-26,2025-09-02,sz.002422,2025-08-29 20:06:15.206066
-0.2659,2025-08-26,2025-09-02,sz.002422,2025-08-29 20:06:15.206066
-0.6772,2025-08-27,2025-09-03,sz.002422,2025-08-29 20:06:15.206066
-0.6807,2025-08-27,2025-09-03,sz.002422,2025-08-29 20:06:15.206066
-0.669,2025-08-27,2025-09-03,sz.002422,2025-08-29 20:06:15.206066
-0.2445,2025-08-28,2025-09-04,sz.002422,2025-08-29 20:06:15.206066
-0.2457,2025-08-28,2025-09-04,sz.002422,2025-08-29 20:06:15.206066
-0.2441,2025-08-28,2025-09-04,sz.002422,2025-08-29 20:06:15.206066
-0.09644,2025-08-29,2025-09-05,sz.002422,2025-08-29 20:06:15.206066
-0.096,2025-08-29,2025-09-05,sz.002422,2025-08-29 20:06:15.206066
0.0855,2025-08-25,2025-09-01,sz.002459,2025-08-29 20:06:15.206066
0.01333,2025-08-26,2025-09-02,sz.002459,2025-08-29 20:06:15.206066
0.01437,2025-08-26,2025-09-02,sz.002459,2025-08-29 20:06:15.206066
-0.1733,2025-08-27,2025-09-03,sz.002459,2025-08-29 20:06:15.206066
-0.1732,2025-08-27,2025-09-03,sz.002459,2025-08-29 20:06:15.206066
-0.12396,2025-08-27,2025-09-03,sz.002459,2025-08-29 20:06:15.206066
0.1317,2025-08-28,2025-09-04,sz.002459,2025-08-29 20:06:15.206066
0.1616,2025-08-28,2025-09-04,sz.002459,2025-08-29 20:06:15.206066
0.10974,2025-08-28,2025-09-04,sz.002459,2025-08-29 20:06:15.206066
-0.01694,2025-08-29,2025-09-05,sz.002459,2025-08-29 20:06:15.206066
0.01092,2025-08-29,2025-09-05,sz.002459,2025-08-29 20:06:15.206066
-0.1548,2025-08-25,2025-09-01,sz.002460,2025-08-29 20:06:15.206066
-0.2133,2025-08-26,2025-09-02,sz.002460,2025-08-29 20:06:15.206066
-0.208,2025-08-26,2025-09-02,sz.002460,2025-08-29 20:06:15.206066
-0.4236,2025-08-27,2025-09-03,sz.002460,2025-08-29 20:06:15.206066
-0.424,2025-08-27,2025-09-03,sz.002460,2025-08-29 20:06:15.206066
-0.423,2025-08-27,2025-09-03,sz.002460,2025-08-29 20:06:15.206066
-0.207,2025-08-28,2025-09-04,sz.002460,2025-08-29 20:06:15.206066
-0.21,2025-08-28,2025-09-04,sz.002460,2025-08-29 20:06:15.206066
-0.208,2025-08-28,2025-09-04,sz.002460,2025-08-29 20:06:15.206066
-0.1533,2025-08-29,2025-09-05,sz.002460,2025-08-29 20:06:15.206066
-0.15,2025-08-29,2025-09-05,sz.002460,2025-08-29 20:06:15.206066
-0.2708,2025-08-25,2025-09-01,sz.002463,2025-08-29 20:06:15.206066
-0.3472,2025-08-26,2025-09-02,sz.002463,2025-08-29 20:06:15.206066
-0.3618,2025-08-26,2025-09-02,sz.002463,2025-08-29 20:06:15.206066
-0.3396,2025-08-27,2025-09-03,sz.002463,2025-08-29 20:06:15.206066
-0.3481,2025-08-27,2025-09-03,sz.002463,2025-08-29 20:06:15.206066
-0.348,2025-08-27,2025-09-03,sz.002463,2025-08-29 20:06:15.206066
-0.0921,2025-08-28,2025-09-04,sz.002463,2025-08-29 20:06:15.206066
-0.0847,2025-08-28,2025-09-04,sz.002463,2025-08-29 20:06:15.206066
-0.0753,2025-08-28,2025-09-04,sz.002463,2025-08-29 20:06:15.206066
-0.265,2025-08-29,2025-09-05,sz.002463,2025-08-29 20:06:15.206066
-0.2559,2025-08-29,2025-09-05,sz.002463,2025-08-29 20:06:15.206066
-0.3171,2025-08-25,2025-09-01,sz.002466,2025-08-29 20:06:15.206066
-0.3828,2025-08-26,2025-09-02,sz.002466,2025-08-29 20:06:15.206066
-0.392,2025-08-26,2025-09-02,sz.002466,2025-08-29 20:06:15.206066
-0.377,2025-08-26,2025-09-02,sz.002466,2025-08-29 20:06:15.206066
-0.6714,2025-08-27,2025-09-03,sz.002466,2025-08-29 20:06:15.206066
-0.6743,2025-08-27,2025-09-03,sz.002466,2025-08-29 20:06:15.206066
-0.6694,2025-08-27,2025-09-03,sz.002466,2025-08-29 20:06:15.206066
-0.3057,2025-08-28,2025-09-04,sz.002466,2025-08-29 20:06:15.206066
-0.2986,2025-08-28,2025-09-04,sz.002466,2025-08-29 20:06:15.206066
-0.3015,2025-08-28,2025-09-04,sz.002466,2025-08-29 20:06:15.206066
-0.2927,2025-08-29,2025-09-05,sz.002466,2025-08-29 20:06:15.206066
-0.2957,2025-08-29,2025-09-05,sz.002466,2025-08-29 20:06:15.206066
-0.2062,2025-08-25,2025-09-01,sz.002475,2025-08-29 20:06:15.206066
-0.1676,2025-08-26,2025-09-02,sz.002475,2025-08-29 20:06:15.206066
-0.168,2025-08-26,2025-09-02,sz.002475,2025-08-29 20:06:15.206066
-0.202,2025-08-27,2025-09-03,sz.002475,2025-08-29 20:06:15.206066
-0.2014,2025-08-27,2025-09-03,sz.002475,2025-08-29 20:06:15.206066
-0.2014,2025-08-27,2025-09-03,sz.002475,2025-08-29 20:06:15.206066
-0.1779,2025-08-28,2025-09-04,sz.002475,2025-08-29 20:06:15.206066
-0.1776,2025-08-28,2025-09-04,sz.002475,2025-08-29 20:06:15.206066
-0.1777,2025-08-28,2025-09-04,sz.002475,2025-08-29 20:06:15.206066
-0.2117,2025-08-29,2025-09-05,sz.002475,2025-08-29 20:06:15.206066
-0.2113,2025-08-29,2025-09-05,sz.002475,2025-08-29 20:06:15.206066
-0.176,2025-08-25,2025-09-01,sz.002493,2025-08-29 20:06:15.206066
-0.02156,2025-08-26,2025-09-02,sz.002493,2025-08-29 20:06:15.206066
-0.02104,2025-08-26,2025-09-02,sz.002493,2025-08-29 20:06:15.206066
-0.3923,2025-08-27,2025-09-03,sz.002493,2025-08-29 20:06:15.206066
-0.3606,2025-08-27,2025-09-03,sz.002493,2025-08-29 20:06:15.206066
-0.3625,2025-08-27,2025-09-03,sz.002493,2025-08-29 20:06:15.206066
-0.06335,2025-08-28,2025-09-04,sz.002493,2025-08-29 20:06:15.206066
-0.06396,2025-08-28,2025-09-04,sz.002493,2025-08-29 20:06:15.206066
-0.07745,2025-08-28,2025-09-04,sz.002493,2025-08-29 20:06:15.206066
-0.0482,2025-08-29,2025-09-05,sz.002493,2025-08-29 20:06:15.206066
-0.04373,2025-08-29,2025-09-05,sz.002493,2025-08-29 20:06:15.206066
-0.035,2025-08-25,2025-09-01,sz.002594,2025-08-29 20:06:15.206066
-0.02165,2025-08-26,2025-09-02,sz.002594,2025-08-29 20:06:15.206066
-0.01978,2025-08-26,2025-09-02,sz.002594,2025-08-29 20:06:15.206066
-0.394,2025-08-27,2025-09-03,sz.002594,2025-08-29 20:06:15.206066
-0.394,2025-08-27,2025-09-03,sz.002594,2025-08-29 20:06:15.206066
-0.3918,2025-08-27,2025-09-03,sz.002594,2025-08-29 20:06:15.206066
-0.1142,2025-08-28,2025-09-04,sz.002594,2025-08-29 20:06:15.206066
-0.11316,2025-08-28,2025-09-04,sz.002594,2025-08-29 20:06:15.206066
-0.11316,2025-08-28,2025-09-04,sz.002594,2025-08-29 20:06:15.206066
-0.0594,2025-08-29,2025-09-05,sz.002594,2025-08-29 20:06:15.206066
-0.0594,2025-08-29,2025-09-05,sz.002594,2025-08-29 20:06:15.206066
-0.005917,2025-08-25,2025-09-01,sz.002600,2025-08-29 20:06:15.206066
-0.02835,2025-08-26,2025-09-02,sz.002600,2025-08-29 20:06:15.206066
-0.02454,2025-08-26,2025-09-02,sz.002600,2025-08-29 20:06:15.206066
-0.5947,2025-08-27,2025-09-03,sz.002600,2025-08-29 20:06:15.206066
-0.5947,2025-08-27,2025-09-03,sz.002600,2025-08-29 20:06:15.206066
-0.58,2025-08-27,2025-09-03,sz.002600,2025-08-29 20:06:15.206066
0.04214,2025-08-28,2025-09-04,sz.002600,2025-08-29 20:06:15.206066
0.04477,2025-08-28,2025-09-04,sz.002600,2025-08-29 20:06:15.206066
0.04727,2025-08-28,2025-09-04,sz.002600,2025-08-29 20:06:15.206066
-0.4524,2025-08-29,2025-09-05,sz.002600,2025-08-29 20:06:15.206066
-0.4482,2025-08-29,2025-09-05,sz.002600,2025-08-29 20:06:15.206066
0.04932,2025-08-25,2025-09-01,sz.002601,2025-08-29 20:06:15.206066
-0.03424,2025-08-26,2025-09-02,sz.002601,2025-08-29 20:06:15.206066
-0.0377,2025-08-26,2025-09-02,sz.002601,2025-08-29 20:06:15.206066
-0.0384,2025-08-26,2025-09-02,sz.002601,2025-08-29 20:06:15.206066
-0.382,2025-08-27,2025-09-03,sz.002601,2025-08-29 20:06:15.206066
-0.3818,2025-08-27,2025-09-03,sz.002601,2025-08-29 20:06:15.206066
-0.387,2025-08-27,2025-09-03,sz.002601,2025-08-29 20:06:15.206066
-0.1785,2025-08-28,2025-09-04,sz.002601,2025-08-29 20:06:15.206066
-0.1844,2025-08-28,2025-09-04,sz.002601,2025-08-29 20:06:15.206066
-0.1836,2025-08-28,2025-09-04,sz.002601,2025-08-29 20:06:15.206066
-0.002098,2025-08-29,2025-09-05,sz.002601,2025-08-29 20:06:15.206066
-0.005,2025-08-29,2025-09-05,sz.002601,2025-08-29 20:06:15.206066
-0.1515,2025-08-25,2025-09-01,sz.002648,2025-08-29 20:06:15.206066
-0.0723,2025-08-26,2025-09-02,sz.002648,2025-08-29 20:06:15.206066
-0.0723,2025-08-26,2025-09-02,sz.002648,2025-08-29 20:06:15.206066
-0.4468,2025-08-27,2025-09-03,sz.002648,2025-08-29 20:06:15.206066
-0.4429,2025-08-27,2025-09-03,sz.002648,2025-08-29 20:06:15.206066
-0.4429,2025-08-27,2025-09-03,sz.002648,2025-08-29 20:06:15.206066
0.01125,2025-08-28,2025-09-04,sz.002648,2025-08-29 20:06:15.206066
0.01125,2025-08-28,2025-09-04,sz.002648,2025-08-29 20:06:15.206066
0.00732,2025-08-28,2025-09-04,sz.002648,2025-08-29 20:06:15.206066
-0.0842,2025-08-29,2025-09-05,sz.002648,2025-08-29 20:06:15.206066
-0.0842,2025-08-29,2025-09-05,sz.002648,2025-08-29 20:06:15.206066
-0.38,2025-08-25,2025-09-01,sz.002709,2025-08-29 20:06:15.206066
-0.373,2025-08-26,2025-09-02,sz.002709,2025-08-29 20:06:15.206066
-0.3606,2025-08-26,2025-09-02,sz.002709,2025-08-29 20:06:15.206066
-0.601,2025-08-27,2025-09-03,sz.002709,2025-08-29 20:06:15.206066
-0.601,2025-08-27,2025-09-03,sz.002709,2025-08-29 20:06:15.206066
-0.609,2025-08-27,2025-09-03,sz.002709,2025-08-29 20:06:15.206066
-0.382,2025-08-28,2025-09-04,sz.002709,2025-08-29 20:06:15.206066
-0.3875,2025-08-28,2025-09-04,sz.002709,2025-08-29 20:06:15.206066
-0.3862,2025-08-28,2025-09-04,sz.002709,2025-08-29 20:06:15.206066
-0.3086,2025-08-29,2025-09-05,sz.002709,2025-08-29 20:06:15.206066
-0.3093,2025-08-29,2025-09-05,sz.002709,2025-08-29 20:06:15.206066
-0.10706,2025-08-25,2025-09-01,sz.002714,2025-08-29 20:06:15.206066
-0.1442,2025-08-26,2025-09-02,sz.002714,2025-08-29 20:06:15.206066
-0.1447,2025-08-26,2025-09-02,sz.002714,2025-08-29 20:06:15.206066
-0.1724,2025-08-27,2025-09-03,sz.002714,2025-08-29 20:06:15.206066
-0.1722,2025-08-27,2025-09-03,sz.002714,2025-08-29 20:06:15.206066
-0.1722,2025-08-27,2025-09-03,sz.002714,2025-08-29 20:06:15.206066
-0.1558,2025-08-28,2025-09-04,sz.002714,2025-08-29 20:06:15.206066
-0.1552,2025-08-28,2025-09-04,sz.002714,2025-08-29 20:06:15.206066
-0.1545,2025-08-28,2025-09-04,sz.002714,2025-08-29 20:06:15.206066
-0.147,2025-08-29,2025-09-05,sz.002714,2025-08-29 20:06:15.206066
-0.1466,2025-08-29,2025-09-05,sz.002714,2025-08-29 20:06:15.206066
-0.0465,2025-08-25,2025-09-01,sz.002736,2025-08-29 20:06:15.206066
-0.07947,2025-08-26,2025-09-02,sz.002736,2025-08-29 20:06:15.206066
-0.07947,2025-08-26,2025-09-02,sz.002736,2025-08-29 20:06:15.206066
-0.1261,2025-08-27,2025-09-03,sz.002736,2025-08-29 20:06:15.206066
-0.1261,2025-08-27,2025-09-03,sz.002736,2025-08-29 20:06:15.206066
-0.08746,2025-08-27,2025-09-03,sz.002736,2025-08-29 20:06:15.206066
-0.012436,2025-08-28,2025-09-04,sz.002736,2025-08-29 20:06:15.206066
-0.005375,2025-08-28,2025-09-04,sz.002736,2025-08-29 20:06:15.206066
-0.005375,2025-08-28,2025-09-04,sz.002736,2025-08-29 20:06:15.206066
-0.05963,2025-08-29,2025-09-05,sz.002736,2025-08-29 20:06:15.206066
-0.05695,2025-08-29,2025-09-05,sz.002736,2025-08-29 20:06:15.206066
-0.292,2025-08-25,2025-09-01,sz.002916,2025-08-29 20:06:15.206066
-0.3557,2025-08-26,2025-09-02,sz.002916,2025-08-29 20:06:15.206066
-0.3555,2025-08-26,2025-09-02,sz.002916,2025-08-29 20:06:15.206066
-0.4678,2025-08-27,2025-09-03,sz.002916,2025-08-29 20:06:15.206066
-0.4707,2025-08-27,2025-09-03,sz.002916,2025-08-29 20:06:15.206066
-0.4648,2025-08-27,2025-09-03,sz.002916,2025-08-29 20:06:15.206066
-0.2411,2025-08-28,2025-09-04,sz.002916,2025-08-29 20:06:15.206066
-0.2384,2025-08-28,2025-09-04,sz.002916,2025-08-29 20:06:15.206066
-0.243,2025-08-28,2025-09-04,sz.002916,2025-08-29 20:06:15.206066
-0.4463,2025-08-29,2025-09-05,sz.002916,2025-08-29 20:06:15.206066
-0.4424,2025-08-29,2025-09-05,sz.002916,2025-08-29 20:06:15.206066
-0.2188,2025-08-25,2025-09-01,sz.002920,2025-08-29 20:06:15.206066
0.0752,2025-08-26,2025-09-02,sz.002920,2025-08-29 20:06:15.206066
0.08405,2025-08-26,2025-09-02,sz.002920,2025-08-29 20:06:15.206066
-0.2732,2025-08-27,2025-09-03,sz.002920,2025-08-29 20:06:15.206066
-0.2734,2025-08-27,2025-09-03,sz.002920,2025-08-29 20:06:15.206066
-0.2742,2025-08-27,2025-09-03,sz.002920,2025-08-29 20:06:15.206066
0.04492,2025-08-28,2025-09-04,sz.002920,2025-08-29 20:06:15.206066
0.04367,2025-08-28,2025-09-04,sz.002920,2025-08-29 20:06:15.206066
0.0715,2025-08-28,2025-09-04,sz.002920,2025-08-29 20:06:15.206066
-0.669,2025-08-29,2025-09-05,sz.002920,2025-08-29 20:06:15.206066
-0.664,2025-08-29,2025-09-05,sz.002920,2025-08-29 20:06:15.206066
-0.0474,2025-08-25,2025-09-01,sz.002938,2025-08-29 20:06:15.206066
-0.1144,2025-08-26,2025-09-02,sz.002938,2025-08-29 20:06:15.206066
-0.1143,2025-08-26,2025-09-02,sz.002938,2025-08-29 20:06:15.206066
-0.3252,2025-08-27,2025-09-03,sz.002938,2025-08-29 20:06:15.206066
-0.3252,2025-08-27,2025-09-03,sz.002938,2025-08-29 20:06:15.206066
-0.3694,2025-08-27,2025-09-03,sz.002938,2025-08-29 20:06:15.206066
0.0782,2025-08-28,2025-09-04,sz.002938,2025-08-29 20:06:15.206066
0.06354,2025-08-28,2025-09-04,sz.002938,2025-08-29 20:06:15.206066
0.05585,2025-08-28,2025-09-04,sz.002938,2025-08-29 20:06:15.206066
-0.0902,2025-08-29,2025-09-05,sz.002938,2025-08-29 20:06:15.206066
-0.0902,2025-08-29,2025-09-05,sz.002938,2025-08-29 20:06:15.206066
0.0657,2025-08-25,2025-09-01,sz.003816,2025-08-29 20:06:15.206066
0.0403,2025-08-26,2025-09-02,sz.003816,2025-08-29 20:06:15.206066
0.0403,2025-08-26,2025-09-02,sz.003816,2025-08-29 20:06:15.206066
0.0403,2025-08-27,2025-09-03,sz.003816,2025-08-29 20:06:15.206066
0.0403,2025-08-27,2025-09-03,sz.003816,2025-08-29 20:06:15.206066
0.0403,2025-08-27,2025-09-03,sz.003816,2025-08-29 20:06:15.206066
0.03317,2025-08-28,2025-09-04,sz.003816,2025-08-29 20:06:15.206066
0.03317,2025-08-28,2025-09-04,sz.003816,2025-08-29 20:06:15.206066
0.03317,2025-08-28,2025-09-04,sz.003816,2025-08-29 20:06:15.206066
0.0421,2025-08-29,2025-09-05,sz.003816,2025-08-29 20:06:15.206066
0.0421,2025-08-29,2025-09-05,sz.003816,2025-08-29 20:06:15.206066
-0.126,2025-08-25,2025-09-01,sz.300014,2025-08-29 20:06:15.206066
-0.1406,2025-08-26,2025-09-02,sz.300014,2025-08-29 20:06:15.206066
-0.1411,2025-08-26,2025-09-02,sz.300014,2025-08-29 20:06:15.206066
-0.1788,2025-08-27,2025-09-03,sz.300014,2025-08-29 20:06:15.206066
-0.1797,2025-08-27,2025-09-03,sz.300014,2025-08-29 20:06:15.206066
-0.1787,2025-08-27,2025-09-03,sz.300014,2025-08-29 20:06:15.206066
-0.1642,2025-08-28,2025-09-04,sz.300014,2025-08-29 20:06:15.206066
-0.1633,2025-08-28,2025-09-04,sz.300014,2025-08-29 20:06:15.206066
-0.1617,2025-08-28,2025-09-04,sz.300014,2025-08-29 20:06:15.206066
-0.1489,2025-08-29,2025-09-05,sz.300014,2025-08-29 20:06:15.206066
-0.1488,2025-08-29,2025-09-05,sz.300014,2025-08-29 20:06:15.206066
-0.06976,2025-08-25,2025-09-01,sz.300015,2025-08-29 20:06:15.206066
-0.0687,2025-08-26,2025-09-02,sz.300015,2025-08-29 20:06:15.206066
-0.0699,2025-08-26,2025-09-02,sz.300015,2025-08-29 20:06:15.206066
-0.169,2025-08-27,2025-09-03,sz.300015,2025-08-29 20:06:15.206066
-0.1698,2025-08-27,2025-09-03,sz.300015,2025-08-29 20:06:15.206066
-0.1699,2025-08-27,2025-09-03,sz.300015,2025-08-29 20:06:15.206066
-0.0972,2025-08-28,2025-09-04,sz.300015,2025-08-29 20:06:15.206066
-0.09766,2025-08-28,2025-09-04,sz.300015,2025-08-29 20:06:15.206066
-0.09656,2025-08-28,2025-09-04,sz.300015,2025-08-29 20:06:15.206066
-0.07355,2025-08-29,2025-09-05,sz.300015,2025-08-29 20:06:15.206066
-0.0739,2025-08-29,2025-09-05,sz.300015,2025-08-29 20:06:15.206066
-0.3425,2025-08-25,2025-09-01,sz.300033,2025-08-29 20:06:15.206066
-0.3242,2025-08-26,2025-09-02,sz.300033,2025-08-29 20:06:15.206066
-0.3242,2025-08-26,2025-09-02,sz.300033,2025-08-29 20:06:15.206066
-0.3262,2025-08-27,2025-09-03,sz.300033,2025-08-29 20:06:15.206066
-0.326,2025-08-27,2025-09-03,sz.300033,2025-08-29 20:06:15.206066
-0.3257,2025-08-27,2025-09-03,sz.300033,2025-08-29 20:06:15.206066
-0.3396,2025-08-28,2025-09-04,sz.300033,2025-08-29 20:06:15.206066
-0.339,2025-08-28,2025-09-04,sz.300033,2025-08-29 20:06:15.206066
-0.339,2025-08-28,2025-09-04,sz.300033,2025-08-29 20:06:15.206066
-0.3247,2025-08-29,2025-09-05,sz.300033,2025-08-29 20:06:15.206066
-0.3245,2025-08-29,2025-09-05,sz.300033,2025-08-29 20:06:15.206066
-0.2693,2025-08-25,2025-09-01,sz.300059,2025-08-29 20:06:15.206066
-0.2566,2025-08-26,2025-09-02,sz.300059,2025-08-29 20:06:15.206066
-0.256,2025-08-26,2025-09-02,sz.300059,2025-08-29 20:06:15.206066
-0.286,2025-08-27,2025-09-03,sz.300059,2025-08-29 20:06:15.206066
-0.286,2025-08-27,2025-09-03,sz.300059,2025-08-29 20:06:15.206066
-0.2856,2025-08-27,2025-09-03,sz.300059,2025-08-29 20:06:15.206066
-0.2343,2025-08-28,2025-09-04,sz.300059,2025-08-29 20:06:15.206066
-0.2343,2025-08-28,2025-09-04,sz.300059,2025-08-29 20:06:15.206066
-0.2339,2025-08-28,2025-09-04,sz.300059,2025-08-29 20:06:15.206066
-0.2479,2025-08-29,2025-09-05,sz.300059,2025-08-29 20:06:15.206066
-0.2477,2025-08-29,2025-09-05,sz.300059,2025-08-29 20:06:15.206066
-0.2693,2025-08-25,2025-09-01,sz.300122,2025-08-29 20:06:15.206066
-0.3167,2025-08-26,2025-09-02,sz.300122,2025-08-29 20:06:15.206066
-0.321,2025-08-26,2025-09-02,sz.300122,2025-08-29 20:06:15.206066
-0.5913,2025-08-27,2025-09-03,sz.300122,2025-08-29 20:06:15.206066
-0.591,2025-08-27,2025-09-03,sz.300122,2025-08-29 20:06:15.206066
-0.595,2025-08-27,2025-09-03,sz.300122,2025-08-29 20:06:15.206066
-0.4448,2025-08-28,2025-09-04,sz.300122,2025-08-29 20:06:15.206066
-0.4333,2025-08-28,2025-09-04,sz.300122,2025-08-29 20:06:15.206066
-0.4363,2025-08-28,2025-09-04,sz.300122,2025-08-29 20:06:15.206066
-0.3628,2025-08-29,2025-09-05,sz.300122,2025-08-29 20:06:15.206066
-0.3606,2025-08-29,2025-09-05,sz.300122,2025-08-29 20:06:15.206066
-0.1683,2025-08-25,2025-09-01,sz.300124,2025-08-29 20:06:15.206066
-0.1866,2025-08-26,2025-09-02,sz.300124,2025-08-29 20:06:15.206066
-0.1865,2025-08-26,2025-09-02,sz.300124,2025-08-29 20:06:15.206066
-0.1868,2025-08-27,2025-09-03,sz.300124,2025-08-29 20:06:15.206066
-0.187,2025-08-27,2025-09-03,sz.300124,2025-08-29 20:06:15.206066
-0.187,2025-08-27,2025-09-03,sz.300124,2025-08-29 20:06:15.206066
-0.1647,2025-08-28,2025-09-04,sz.300124,2025-08-29 20:06:15.206066
-0.1649,2025-08-28,2025-09-04,sz.300124,2025-08-29 20:06:15.206066
-0.1647,2025-08-28,2025-09-04,sz.300124,2025-08-29 20:06:15.206066
-0.2062,2025-08-29,2025-09-05,sz.300124,2025-08-29 20:06:15.206066
-0.2064,2025-08-29,2025-09-05,sz.300124,2025-08-29 20:06:15.206066
-0.1644,2025-08-25,2025-09-01,sz.300274,2025-08-29 20:06:15.206066
-0.359,2025-08-26,2025-09-02,sz.300274,2025-08-29 20:06:15.206066
-0.3564,2025-08-26,2025-09-02,sz.300274,2025-08-29 20:06:15.206066
-0.2212,2025-08-27,2025-09-03,sz.300274,2025-08-29 20:06:15.206066
-0.2213,2025-08-27,2025-09-03,sz.300274,2025-08-29 20:06:15.206066
-0.2213,2025-08-27,2025-09-03,sz.300274,2025-08-29 20:06:15.206066
-0.1433,2025-08-28,2025-09-04,sz.300274,2025-08-29 20:06:15.206066
-0.1433,2025-08-28,2025-09-04,sz.300274,2025-08-29 20:06:15.206066
-0.1431,2025-08-28,2025-09-04,sz.300274,2025-08-29 20:06:15.206066
-0.2311,2025-08-29,2025-09-05,sz.300274,2025-08-29 20:06:15.206066
-0.2319,2025-08-29,2025-09-05,sz.300274,2025-08-29 20:06:15.206066
-0.4268,2025-08-25,2025-09-01,sz.300308,2025-08-29 20:06:15.206066
-0.508,2025-08-26,2025-09-02,sz.300308,2025-08-29 20:06:15.206066
-0.507,2025-08-26,2025-09-02,sz.300308,2025-08-29 20:06:15.206066
-0.504,2025-08-27,2025-09-03,sz.300308,2025-08-29 20:06:15.206066
-0.5024,2025-08-27,2025-09-03,sz.300308,2025-08-29 20:06:15.206066
-0.502,2025-08-27,2025-09-03,sz.300308,2025-08-29 20:06:15.206066
-0.4214,2025-08-28,2025-09-04,sz.300308,2025-08-29 20:06:15.206066
-0.4202,2025-08-28,2025-09-04,sz.300308,2025-08-29 20:06:15.206066
-0.4192,2025-08-28,2025-09-04,sz.300308,2025-08-29 20:06:15.206066
-0.494,2025-08-29,2025-09-05,sz.300308,2025-08-29 20:06:15.206066
-0.493,2025-08-29,2025-09-05,sz.300308,2025-08-29 20:06:15.206066
-0.4282,2025-08-25,2025-09-01,sz.300316,2025-08-29 20:06:15.206066
-0.3735,2025-08-26,2025-09-02,sz.300316,2025-08-29 20:06:15.206066
-0.373,2025-08-26,2025-09-02,sz.300316,2025-08-29 20:06:15.206066
-0.379,2025-08-26,2025-09-02,sz.300316,2025-08-29 20:06:15.206066
-0.499,2025-08-27,2025-09-03,sz.300316,2025-08-29 20:06:15.206066
-0.4907,2025-08-27,2025-09-03,sz.300316,2025-08-29 20:06:15.206066
-0.4946,2025-08-27,2025-09-03,sz.300316,2025-08-29 20:06:15.206066
-0.2705,2025-08-28,2025-09-04,sz.300316,2025-08-29 20:06:15.206066
-0.2742,2025-08-28,2025-09-04,sz.300316,2025-08-29 20:06:15.206066
-0.2725,2025-08-28,2025-09-04,sz.300316,2025-08-29 20:06:15.206066
-0.4087,2025-08-29,2025-09-05,sz.300316,2025-08-29 20:06:15.206066
-0.4053,2025-08-29,2025-09-05,sz.300316,2025-08-29 20:06:15.206066
-0.0961,2025-08-25,2025-09-01,sz.300347,2025-08-29 20:06:15.206066
-0.2617,2025-08-26,2025-09-02,sz.300347,2025-08-29 20:06:15.206066
-0.2615,2025-08-26,2025-09-02,sz.300347,2025-08-29 20:06:15.206066
-0.2299,2025-08-27,2025-09-03,sz.300347,2025-08-29 20:06:15.206066
-0.2286,2025-08-27,2025-09-03,sz.300347,2025-08-29 20:06:15.206066
-0.2297,2025-08-27,2025-09-03,sz.300347,2025-08-29 20:06:15.206066
-0.1841,2025-08-28,2025-09-04,sz.300347,2025-08-29 20:06:15.206066
-0.1855,2025-08-28,2025-09-04,sz.300347,2025-08-29 20:06:15.206066
-0.1858,2025-08-28,2025-09-04,sz.300347,2025-08-29 20:06:15.206066
-0.132,2025-08-29,2025-09-05,sz.300347,2025-08-29 20:06:15.206066
-0.1305,2025-08-29,2025-09-05,sz.300347,2025-08-29 20:06:15.206066
-0.5513,2025-08-25,2025-09-01,sz.300394,2025-08-29 20:06:15.206066
-0.6514,2025-08-26,2025-09-02,sz.300394,2025-08-29 20:06:15.206066
-0.65,2025-08-26,2025-09-02,sz.300394,2025-08-29 20:06:15.206066
-0.5435,2025-08-27,2025-09-03,sz.300394,2025-08-29 20:06:15.206066
-0.5415,2025-08-27,2025-09-03,sz.300394,2025-08-29 20:06:15.206066
-0.5405,2025-08-27,2025-09-03,sz.300394,2025-08-29 20:06:15.206066
-0.455,2025-08-28,2025-09-04,sz.300394,2025-08-29 20:06:15.206066
-0.4536,2025-08-28,2025-09-04,sz.300394,2025-08-29 20:06:15.206066
-0.4526,2025-08-28,2025-09-04,sz.300394,2025-08-29 20:06:15.206066
-0.5117,2025-08-29,2025-09-05,sz.300394,2025-08-29 20:06:15.206066
-0.5107,2025-08-29,2025-09-05,sz.300394,2025-08-29 20:06:15.206066
-0.615,2025-08-25,2025-09-01,sz.300408,2025-08-29 20:06:15.206066
-0.05475,2025-08-26,2025-09-02,sz.300408,2025-08-29 20:06:15.206066
-0.05685,2025-08-26,2025-09-02,sz.300408,2025-08-29 20:06:15.206066
-0.3303,2025-08-27,2025-09-03,sz.300408,2025-08-29 20:06:15.206066
-0.3232,2025-08-27,2025-09-03,sz.300408,2025-08-29 20:06:15.206066
-0.3232,2025-08-27,2025-09-03,sz.300408,2025-08-29 20:06:15.206066
0.1774,2025-08-28,2025-09-04,sz.300408,2025-08-29 20:06:15.206066
0.1798,2025-08-28,2025-09-04,sz.300408,2025-08-29 20:06:15.206066
0.1504,2025-08-28,2025-09-04,sz.300408,2025-08-29 20:06:15.206066
-0.523,2025-08-29,2025-09-05,sz.300408,2025-08-29 20:06:15.206066
-0.5337,2025-08-29,2025-09-05,sz.300408,2025-08-29 20:06:15.206066
0.124,2025-08-25,2025-09-01,sz.300413,2025-08-29 20:06:15.206066
0.0823,2025-08-26,2025-09-02,sz.300413,2025-08-29 20:06:15.206066
0.0823,2025-08-26,2025-09-02,sz.300413,2025-08-29 20:06:15.206066
-0.416,2025-08-27,2025-09-03,sz.300413,2025-08-29 20:06:15.206066
-0.416,2025-08-27,2025-09-03,sz.300413,2025-08-29 20:06:15.206066
-0.407,2025-08-27,2025-09-03,sz.300413,2025-08-29 20:06:15.206066
0.014244,2025-08-28,2025-09-04,sz.300413,2025-08-29 20:06:15.206066
0.014244,2025-08-28,2025-09-04,sz.300413,2025-08-29 20:06:15.206066
0.014244,2025-08-28,2025-09-04,sz.300413,2025-08-29 20:06:15.206066
-0.04504,2025-08-29,2025-09-05,sz.300413,2025-08-29 20:06:15.206066
-0.04504,2025-08-29,2025-09-05,sz.300413,2025-08-29 20:06:15.206066
-0.58,2025-08-25,2025-09-01,sz.300418,2025-08-29 20:06:15.206066
-0.5073,2025-08-26,2025-09-02,sz.300418,2025-08-29 20:06:15.206066
-0.5176,2025-08-26,2025-09-02,sz.300418,2025-08-29 20:06:15.206066
-1.2,2025-08-27,2025-09-03,sz.300418,2025-08-29 20:06:15.206066
-1.227,2025-08-27,2025-09-03,sz.300418,2025-08-29 20:06:15.206066
-1.225,2025-08-27,2025-09-03,sz.300418,2025-08-29 20:06:15.206066
-0.119,2025-08-28,2025-09-04,sz.300418,2025-08-29 20:06:15.206066
-0.1123,2025-08-28,2025-09-04,sz.300418,2025-08-29 20:06:15.206066
-0.10986,2025-08-28,2025-09-04,sz.300418,2025-08-29 20:06:15.206066
-0.267,2025-08-29,2025-09-05,sz.300418,2025-08-29 20:06:15.206066
-0.256,2025-08-29,2025-09-05,sz.300418,2025-08-29 20:06:15.206066
-0.3762,2025-08-25,2025-09-01,sz.300433,2025-08-29 20:06:15.206066
-0.3916,2025-08-26,2025-09-02,sz.300433,2025-08-29 20:06:15.206066
-0.3867,2025-08-26,2025-09-02,sz.300433,2025-08-29 20:06:15.206066
-0.4553,2025-08-27,2025-09-03,sz.300433,2025-08-29 20:06:15.206066
-0.4607,2025-08-27,2025-09-03,sz.300433,2025-08-29 20:06:15.206066
-0.4524,2025-08-27,2025-09-03,sz.300433,2025-08-29 20:06:15.206066
-0.1488,2025-08-28,2025-09-04,sz.300433,2025-08-29 20:06:15.206066
-0.1483,2025-08-28,2025-09-04,sz.300433,2025-08-29 20:06:15.206066
-0.1316,2025-08-28,2025-09-04,sz.300433,2025-08-29 20:06:15.206066
-0.452,2025-08-29,2025-09-05,sz.300433,2025-08-29 20:06:15.206066
-0.4648,2025-08-29,2025-09-05,sz.300433,2025-08-29 20:06:15.206066
-0.4626,2025-08-25,2025-09-01,sz.300442,2025-08-29 20:06:15.206066
-0.2214,2025-08-26,2025-09-02,sz.300442,2025-08-29 20:06:15.206066
-0.2292,2025-08-26,2025-09-02,sz.300442,2025-08-29 20:06:15.206066
-0.3552,2025-08-27,2025-09-03,sz.300442,2025-08-29 20:06:15.206066
-0.3313,2025-08-27,2025-09-03,sz.300442,2025-08-29 20:06:15.206066
-0.3242,2025-08-27,2025-09-03,sz.300442,2025-08-29 20:06:15.206066
-0.1198,2025-08-28,2025-09-04,sz.300442,2025-08-29 20:06:15.206066
-0.12396,2025-08-28,2025-09-04,sz.300442,2025-08-29 20:06:15.206066
-0.11694,2025-08-28,2025-09-04,sz.300442,2025-08-29 20:06:15.206066
-0.403,2025-08-29,2025-09-05,sz.300442,2025-08-29 20:06:15.206066
-0.4001,2025-08-29,2025-09-05,sz.300442,2025-08-29 20:06:15.206066
0.06287,2025-08-25,2025-09-01,sz.300498,2025-08-29 20:06:15.206066
0.1364,2025-08-26,2025-09-02,sz.300498,2025-08-29 20:06:15.206066
0.1365,2025-08-26,2025-09-02,sz.300498,2025-08-29 20:06:15.206066
0.0376,2025-08-27,2025-09-03,sz.300498,2025-08-29 20:06:15.206066
0.0376,2025-08-27,2025-09-03,sz.300498,2025-08-29 20:06:15.206066
0.0376,2025-08-27,2025-09-03,sz.300498,2025-08-29 20:06:15.206066
0.0742,2025-08-28,2025-09-04,sz.300498,2025-08-29 20:06:15.206066
0.0589,2025-08-28,2025-09-04,sz.300498,2025-08-29 20:06:15.206066
0.0589,2025-08-28,2025-09-04,sz.300498,2025-08-29 20:06:15.206066
0.1321,2025-08-29,2025-09-05,sz.300498,2025-08-29 20:06:15.206066
0.1321,2025-08-29,2025-09-05,sz.300498,2025-08-29 20:06:15.206066
-0.4734,2025-08-25,2025-09-01,sz.300502,2025-08-29 20:06:15.206066
-0.5747,2025-08-26,2025-09-02,sz.300502,2025-08-29 20:06:15.206066
-0.5737,2025-08-26,2025-09-02,sz.300502,2025-08-29 20:06:15.206066
-0.4297,2025-08-27,2025-09-03,sz.300502,2025-08-29 20:06:15.206066
-0.4292,2025-08-27,2025-09-03,sz.300502,2025-08-29 20:06:15.206066
-0.4285,2025-08-27,2025-09-03,sz.300502,2025-08-29 20:06:15.206066
-0.3481,2025-08-28,2025-09-04,sz.300502,2025-08-29 20:06:15.206066
-0.3474,2025-08-28,2025-09-04,sz.300502,2025-08-29 20:06:15.206066
-0.3467,2025-08-28,2025-09-04,sz.300502,2025-08-29 20:06:15.206066
-0.493,2025-08-29,2025-09-05,sz.300502,2025-08-29 20:06:15.206066
-0.4922,2025-08-29,2025-09-05,sz.300502,2025-08-29 20:06:15.206066
-0.07184,2025-08-25,2025-09-01,sz.300628,2025-08-29 20:06:15.206066
-0.04913,2025-08-26,2025-09-02,sz.300628,2025-08-29 20:06:15.206066
-0.0498,2025-08-26,2025-09-02,sz.300628,2025-08-29 20:06:15.206066
-0.211,2025-08-27,2025-09-03,sz.300628,2025-08-29 20:06:15.206066
-0.2108,2025-08-27,2025-09-03,sz.300628,2025-08-29 20:06:15.206066
-0.2124,2025-08-27,2025-09-03,sz.300628,2025-08-29 20:06:15.206066
-0.10443,2025-08-28,2025-09-04,sz.300628,2025-08-29 20:06:15.206066
-0.105,2025-08-28,2025-09-04,sz.300628,2025-08-29 20:06:15.206066
-0.1042,2025-08-28,2025-09-04,sz.300628,2025-08-29 20:06:15.206066
-0.0858,2025-08-29,2025-09-05,sz.300628,2025-08-29 20:06:15.206066
-0.08624,2025-08-29,2025-09-05,sz.300628,2025-08-29 20:06:15.206066
-0.2642,2025-08-25,2025-09-01,sz.300661,2025-08-29 20:06:15.206066
-0.10706,2025-08-26,2025-09-02,sz.300661,2025-08-29 20:06:15.206066
-0.10675,2025-08-26,2025-09-02,sz.300661,2025-08-29 20:06:15.206066
-0.239,2025-08-27,2025-09-03,sz.300661,2025-08-29 20:06:15.206066
-0.2391,2025-08-27,2025-09-03,sz.300661,2025-08-29 20:06:15.206066
-0.2385,2025-08-27,2025-09-03,sz.300661,2025-08-29 20:06:15.206066
-0.1301,2025-08-28,2025-09-04,sz.300661,2025-08-29 20:06:15.206066
-0.1313,2025-08-28,2025-09-04,sz.300661,2025-08-29 20:06:15.206066
-0.1317,2025-08-28,2025-09-04,sz.300661,2025-08-29 20:06:15.206066
-0.2097,2025-08-29,2025-09-05,sz.300661,2025-08-29 20:06:15.206066
-0.2112,2025-08-29,2025-09-05,sz.300661,2025-08-29 20:06:15.206066
-0.164,2025-08-25,2025-09-01,sz.300750,2025-08-29 20:06:15.206066
-0.07654,2025-08-26,2025-09-02,sz.300750,2025-08-29 20:06:15.206066
-0.07715,2025-08-26,2025-09-02,sz.300750,2025-08-29 20:06:15.206066
-0.0768,2025-08-26,2025-09-02,sz.300750,2025-08-29 20:06:15.206066
-0.5107,2025-08-27,2025-09-03,sz.300750,2025-08-29 20:06:15.206066
-0.512,2025-08-27,2025-09-03,sz.300750,2025-08-29 20:06:15.206066
-0.516,2025-08-27,2025-09-03,sz.300750,2025-08-29 20:06:15.206066
-0.094,2025-08-28,2025-09-04,sz.300750,2025-08-29 20:06:15.206066
-0.09735,2025-08-28,2025-09-04,sz.300750,2025-08-29 20:06:15.206066
-0.09735,2025-08-28,2025-09-04,sz.300750,2025-08-29 20:06:15.206066
-0.1605,2025-08-29,2025-09-05,sz.300750,2025-08-29 20:06:15.206066
-0.1605,2025-08-29,2025-09-05,sz.300750,2025-08-29 20:06:15.206066
0.141,2025-08-25,2025-09-01,sz.300759,2025-08-29 20:06:15.206066
-0.2559,2025-08-26,2025-09-02,sz.300759,2025-08-29 20:06:15.206066
-0.2805,2025-08-26,2025-09-02,sz.300759,2025-08-29 20:06:15.206066
-0.4312,2025-08-27,2025-09-03,sz.300759,2025-08-29 20:06:15.206066
-0.4312,2025-08-27,2025-09-03,sz.300759,2025-08-29 20:06:15.206066
-0.3997,2025-08-27,2025-09-03,sz.300759,2025-08-29 20:06:15.206066
-0.0891,2025-08-28,2025-09-04,sz.300759,2025-08-29 20:06:15.206066
-0.09247,2025-08-28,2025-09-04,sz.300759,2025-08-29 20:06:15.206066
-0.0924,2025-08-28,2025-09-04,sz.300759,2025-08-29 20:06:15.206066
0.0501,2025-08-29,2025-09-05,sz.300759,2025-08-29 20:06:15.206066
0.0527,2025-08-29,2025-09-05,sz.300759,2025-08-29 20:06:15.206066
-0.08484,2025-08-25,2025-09-01,sz.300760,2025-08-29 20:06:15.206066
-0.04114,2025-08-26,2025-09-02,sz.300760,2025-08-29 20:06:15.206066
-0.04,2025-08-26,2025-09-02,sz.300760,2025-08-29 20:06:15.206066
-0.1846,2025-08-27,2025-09-03,sz.300760,2025-08-29 20:06:15.206066
-0.1846,2025-08-27,2025-09-03,sz.300760,2025-08-29 20:06:15.206066
-0.1846,2025-08-27,2025-09-03,sz.300760,2025-08-29 20:06:15.206066
-0.09,2025-08-28,2025-09-04,sz.300760,2025-08-29 20:06:15.206066
-0.09,2025-08-28,2025-09-04,sz.300760,2025-08-29 20:06:15.206066
-0.09,2025-08-28,2025-09-04,sz.300760,2025-08-29 20:06:15.206066
-0.1276,2025-08-29,2025-09-05,sz.300760,2025-08-29 20:06:15.206066
-0.1276,2025-08-29,2025-09-05,sz.300760,2025-08-29 20:06:15.206066
-0.2059,2025-08-25,2025-09-01,sz.300782,2025-08-29 20:06:15.206066
-0.114,2025-08-26,2025-09-02,sz.300782,2025-08-29 20:06:15.206066
-0.1191,2025-08-26,2025-09-02,sz.300782,2025-08-29 20:06:15.206066
-0.3198,2025-08-27,2025-09-03,sz.300782,2025-08-29 20:06:15.206066
-0.321,2025-08-27,2025-09-03,sz.300782,2025-08-29 20:06:15.206066
-0.3179,2025-08-27,2025-09-03,sz.300782,2025-08-29 20:06:15.206066
-0.1103,2025-08-28,2025-09-04,sz.300782,2025-08-29 20:06:15.206066
-0.1099,2025-08-28,2025-09-04,sz.300782,2025-08-29 20:06:15.206066
-0.11273,2025-08-28,2025-09-04,sz.300782,2025-08-29 20:06:15.206066
-0.2451,2025-08-29,2025-09-05,sz.300782,2025-08-29 20:06:15.206066
-0.244,2025-08-29,2025-09-05,sz.300782,2025-08-29 20:06:15.206066
0.06494,2025-08-25,2025-09-01,sz.300832,2025-08-29 20:06:15.206066
-0.1669,2025-08-26,2025-09-02,sz.300832,2025-08-29 20:06:15.206066
-0.1665,2025-08-26,2025-09-02,sz.300832,2025-08-29 20:06:15.206066
0.01177,2025-08-27,2025-09-03,sz.300832,2025-08-29 20:06:15.206066
0.00636,2025-08-27,2025-09-03,sz.300832,2025-08-29 20:06:15.206066
0.01772,2025-08-27,2025-09-03,sz.300832,2025-08-29 20:06:15.206066
-0.2477,2025-08-28,2025-09-04,sz.300832,2025-08-29 20:06:15.206066
-0.2411,2025-08-28,2025-09-04,sz.300832,2025-08-29 20:06:15.206066
-0.2408,2025-08-28,2025-09-04,sz.300832,2025-08-29 20:06:15.206066
0.2817,2025-08-29,2025-09-05,sz.300832,2025-08-29 20:06:15.206066
0.2905,2025-08-29,2025-09-05,sz.300832,2025-08-29 20:06:15.206066
-0.189,2025-08-25,2025-09-01,sz.300896,2025-08-29 20:06:15.206066
-0.1858,2025-08-26,2025-09-02,sz.300896,2025-08-29 20:06:15.206066
-0.1871,2025-08-26,2025-09-02,sz.300896,2025-08-29 20:06:15.206066
-0.1876,2025-08-26,2025-09-02,sz.300896,2025-08-29 20:06:15.206066
-0.3357,2025-08-27,2025-09-03,sz.300896,2025-08-29 20:06:15.206066
-0.3372,2025-08-27,2025-09-03,sz.300896,2025-08-29 20:06:15.206066
-0.339,2025-08-27,2025-09-03,sz.300896,2025-08-29 20:06:15.206066
-0.221,2025-08-28,2025-09-04,sz.300896,2025-08-29 20:06:15.206066
-0.2216,2025-08-28,2025-09-04,sz.300896,2025-08-29 20:06:15.206066
-0.2201,2025-08-28,2025-09-04,sz.300896,2025-08-29 20:06:15.206066
-0.154,2025-08-29,2025-09-05,sz.300896,2025-08-29 20:06:15.206066
-0.1521,2025-08-29,2025-09-05,sz.300896,2025-08-29 20:06:15.206066
-0.0662,2025-08-25,2025-09-01,sz.300979,2025-08-29 20:06:15.206066
0.1161,2025-08-26,2025-09-02,sz.300979,2025-08-29 20:06:15.206066
0.1161,2025-08-26,2025-09-02,sz.300979,2025-08-29 20:06:15.206066
-0.1776,2025-08-27,2025-09-03,sz.300979,2025-08-29 20:06:15.206066
-0.1776,2025-08-27,2025-09-03,sz.300979,2025-08-29 20:06:15.206066
-0.1776,2025-08-27,2025-09-03,sz.300979,2025-08-29 20:06:15.206066
0.0782,2025-08-28,2025-09-04,sz.300979,2025-08-29 20:06:15.206066
0.0782,2025-08-28,2025-09-04,sz.300979,2025-08-29 20:06:15.206066
0.0782,2025-08-28,2025-09-04,sz.300979,2025-08-29 20:06:15.206066
0.0654,2025-08-29,2025-09-05,sz.300979,2025-08-29 20:06:15.206066
0.0654,2025-08-29,2025-09-05,sz.300979,2025-08-29 20:06:15.206066
0.1537,2025-08-25,2025-09-01,sz.300999,2025-08-29 20:06:15.206066
0.0618,2025-08-26,2025-09-02,sz.300999,2025-08-29 20:06:15.206066
0.0618,2025-08-26,2025-09-02,sz.300999,2025-08-29 20:06:15.206066
0.00789,2025-08-27,2025-09-03,sz.300999,2025-08-29 20:06:15.206066
0.00962,2025-08-27,2025-09-03,sz.300999,2025-08-29 20:06:15.206066
0.00962,2025-08-27,2025-09-03,sz.300999,2025-08-29 20:06:15.206066
0.1404,2025-08-28,2025-09-04,sz.300999,2025-08-29 20:06:15.206066
0.1404,2025-08-28,2025-09-04,sz.300999,2025-08-29 20:06:15.206066
0.1404,2025-08-28,2025-09-04,sz.300999,2025-08-29 20:06:15.206066
0.1247,2025-08-29,2025-09-05,sz.300999,2025-08-29 20:06:15.206066
0.1247,2025-08-29,2025-09-05,sz.300999,2025-08-29 20:06:15.206066
-0.5107,2025-08-25,2025-09-01,sz.301236,2025-08-29 20:06:15.206066
-0.3748,2025-08-26,2025-09-02,sz.301236,2025-08-29 20:06:15.206066
-0.39,2025-08-26,2025-09-02,sz.301236,2025-08-29 20:06:15.206066
-0.4688,2025-08-27,2025-09-03,sz.301236,2025-08-29 20:06:15.206066
-0.4739,2025-08-27,2025-09-03,sz.301236,2025-08-29 20:06:15.206066
-0.4795,2025-08-27,2025-09-03,sz.301236,2025-08-29 20:06:15.206066
-0.1298,2025-08-28,2025-09-04,sz.301236,2025-08-29 20:06:15.206066
-0.1255,2025-08-28,2025-09-04,sz.301236,2025-08-29 20:06:15.206066
-0.1547,2025-08-28,2025-09-04,sz.301236,2025-08-29 20:06:15.206066
-0.4507,2025-08-29,2025-09-05,sz.301236,2025-08-29 20:06:15.206066
-0.4543,2025-08-29,2025-09-05,sz.301236,2025-08-29 20:06:15.206066
-0.743,2025-08-25,2025-09-01,sz.301269,2025-08-29 20:06:15.206066
-0.144,2025-08-26,2025-09-02,sz.301269,2025-08-29 20:06:15.206066
-0.139,2025-08-26,2025-09-02,sz.301269,2025-08-29 20:06:15.206066
-0.367,2025-08-27,2025-09-03,sz.301269,2025-08-29 20:06:15.206066
-0.3865,2025-08-27,2025-09-03,sz.301269,2025-08-29 20:06:15.206066
-0.3865,2025-08-27,2025-09-03,sz.301269,2025-08-29 20:06:15.206066
0.06128,2025-08-28,2025-09-04,sz.301269,2025-08-29 20:06:15.206066
0.06128,2025-08-28,2025-09-04,sz.301269,2025-08-29 20:06:15.206066
0.06128,2025-08-28,2025-09-04,sz.301269,2025-08-29 20:06:15.206066
-0.257,2025-08-29,2025-09-05,sz.301269,2025-08-29 20:06:15.206066
-0.257,2025-08-29,2025-09-05,sz.301269,2025-08-29 20:06:15.206066
-1.082,2025-08-25,2025-09-01,sz.302132,2025-08-29 20:06:15.206066
-0.9507,2025-08-26,2025-09-02,sz.302132,2025-08-29 20:06:15.206066
-0.9517,2025-08-26,2025-09-02,sz.302132,2025-08-29 20:06:15.206066
-0.8594,2025-08-27,2025-09-03,sz.302132,2025-08-29 20:06:15.206066
-0.859,2025-08-27,2025-09-03,sz.302132,2025-08-29 20:06:15.206066
-0.8623,2025-08-27,2025-09-03,sz.302132,2025-08-29 20:06:15.206066
-1.019,2025-08-28,2025-09-04,sz.302132,2025-08-29 20:06:15.206066
-1.013,2025-08-28,2025-09-04,sz.302132,2025-08-29 20:06:15.206066
-1.014,2025-08-28,2025-09-04,sz.302132,2025-08-29 20:06:15.206066
-0.767,2025-08-29,2025-09-05,sz.302132,2025-08-29 20:06:15.206066
-0.769,2025-08-29,2025-09-05,sz.302132,2025-08-29 20:06:15.206066
