score,time,target,code,predcit_time
-0.2942,2025-09-08,2025-09-15,sh.600000,2025-09-10 20:06:40.577720
-0.2786,2025-09-08,2025-09-15,sh.600000,2025-09-10 20:06:40.577720
-0.2717,2025-09-08,2025-09-15,sh.600000,2025-09-10 20:06:40.577720
0.02397,2025-09-09,2025-09-16,sh.600000,2025-09-10 20:06:40.577720
0.05054,2025-09-09,2025-09-16,sh.600000,2025-09-10 20:06:40.577720
0.03384,2025-09-09,2025-09-16,sh.600000,2025-09-10 20:06:40.577720
-0.1292,2025-09-10,2025-09-17,sh.600000,2025-09-10 20:06:40.577720
-0.1296,2025-09-10,2025-09-17,sh.600000,2025-09-10 20:06:40.577720
0.1848,2025-09-08,2025-09-15,sh.600009,2025-09-10 20:06:40.577720
0.1976,2025-09-08,2025-09-15,sh.600009,2025-09-10 20:06:40.577720
0.1807,2025-09-08,2025-09-15,sh.600009,2025-09-10 20:06:40.577720
0.10205,2025-09-09,2025-09-16,sh.600009,2025-09-10 20:06:40.577720
0.0934,2025-09-09,2025-09-16,sh.600009,2025-09-10 20:06:40.577720
0.09296,2025-09-09,2025-09-16,sh.600009,2025-09-10 20:06:40.577720
0.1019,2025-09-10,2025-09-17,sh.600009,2025-09-10 20:06:40.577720
0.08746,2025-09-10,2025-09-17,sh.600009,2025-09-10 20:06:40.577720
-0.03397,2025-09-08,2025-09-15,sh.600010,2025-09-10 20:06:40.577720
-0.03397,2025-09-08,2025-09-15,sh.600010,2025-09-10 20:06:40.577720
-0.03397,2025-09-08,2025-09-15,sh.600010,2025-09-10 20:06:40.577720
-0.05502,2025-09-09,2025-09-16,sh.600010,2025-09-10 20:06:40.577720
-0.05502,2025-09-09,2025-09-16,sh.600010,2025-09-10 20:06:40.577720
-0.05502,2025-09-09,2025-09-16,sh.600010,2025-09-10 20:06:40.577720
-0.02487,2025-09-10,2025-09-17,sh.600010,2025-09-10 20:06:40.577720
-0.02487,2025-09-10,2025-09-17,sh.600010,2025-09-10 20:06:40.577720
0.0989,2025-09-08,2025-09-15,sh.600011,2025-09-10 20:06:40.577720
0.0989,2025-09-08,2025-09-15,sh.600011,2025-09-10 20:06:40.577720
0.0989,2025-09-08,2025-09-15,sh.600011,2025-09-10 20:06:40.577720
0.04114,2025-09-09,2025-09-16,sh.600011,2025-09-10 20:06:40.577720
0.04114,2025-09-09,2025-09-16,sh.600011,2025-09-10 20:06:40.577720
0.04114,2025-09-09,2025-09-16,sh.600011,2025-09-10 20:06:40.577720
0.06024,2025-09-10,2025-09-17,sh.600011,2025-09-10 20:06:40.577720
0.06024,2025-09-10,2025-09-17,sh.600011,2025-09-10 20:06:40.577720
-0.03946,2025-09-08,2025-09-15,sh.600015,2025-09-10 20:06:40.577720
-0.02437,2025-09-08,2025-09-15,sh.600015,2025-09-10 20:06:40.577720
-0.02437,2025-09-08,2025-09-15,sh.600015,2025-09-10 20:06:40.577720
0.0643,2025-09-09,2025-09-16,sh.600015,2025-09-10 20:06:40.577720
0.05685,2025-09-09,2025-09-16,sh.600015,2025-09-10 20:06:40.577720
0.05685,2025-09-09,2025-09-16,sh.600015,2025-09-10 20:06:40.577720
0.0709,2025-09-10,2025-09-17,sh.600015,2025-09-10 20:06:40.577720
0.0709,2025-09-10,2025-09-17,sh.600015,2025-09-10 20:06:40.577720
-0.1432,2025-09-08,2025-09-15,sh.600016,2025-09-10 20:06:40.577720
-0.1403,2025-09-08,2025-09-15,sh.600016,2025-09-10 20:06:40.577720
-0.1403,2025-09-08,2025-09-15,sh.600016,2025-09-10 20:06:40.577720
0.12067,2025-09-09,2025-09-16,sh.600016,2025-09-10 20:06:40.577720
0.09515,2025-09-09,2025-09-16,sh.600016,2025-09-10 20:06:40.577720
0.0954,2025-09-09,2025-09-16,sh.600016,2025-09-10 20:06:40.577720
0.03008,2025-09-10,2025-09-17,sh.600016,2025-09-10 20:06:40.577720
0.01414,2025-09-10,2025-09-17,sh.600016,2025-09-10 20:06:40.577720
0.1505,2025-09-08,2025-09-15,sh.600018,2025-09-10 20:06:40.577720
0.1505,2025-09-08,2025-09-15,sh.600018,2025-09-10 20:06:40.577720
0.1505,2025-09-08,2025-09-15,sh.600018,2025-09-10 20:06:40.577720
0.02368,2025-09-09,2025-09-16,sh.600018,2025-09-10 20:06:40.577720
0.02368,2025-09-09,2025-09-16,sh.600018,2025-09-10 20:06:40.577720
0.02368,2025-09-09,2025-09-16,sh.600018,2025-09-10 20:06:40.577720
0.1326,2025-09-10,2025-09-17,sh.600018,2025-09-10 20:06:40.577720
0.1445,2025-09-10,2025-09-17,sh.600018,2025-09-10 20:06:40.577720
0.0246,2025-09-08,2025-09-15,sh.600019,2025-09-10 20:06:40.577720
0.04507,2025-09-08,2025-09-15,sh.600019,2025-09-10 20:06:40.577720
0.04507,2025-09-08,2025-09-15,sh.600019,2025-09-10 20:06:40.577720
-0.001422,2025-09-09,2025-09-16,sh.600019,2025-09-10 20:06:40.577720
-0.001422,2025-09-09,2025-09-16,sh.600019,2025-09-10 20:06:40.577720
-0.001422,2025-09-09,2025-09-16,sh.600019,2025-09-10 20:06:40.577720
0.03418,2025-09-10,2025-09-17,sh.600019,2025-09-10 20:06:40.577720
0.03418,2025-09-10,2025-09-17,sh.600019,2025-09-10 20:06:40.577720
0.05026,2025-09-08,2025-09-15,sh.600023,2025-09-10 20:06:40.577720
0.05026,2025-09-08,2025-09-15,sh.600023,2025-09-10 20:06:40.577720
0.05026,2025-09-08,2025-09-15,sh.600023,2025-09-10 20:06:40.577720
0.0497,2025-09-09,2025-09-16,sh.600023,2025-09-10 20:06:40.577720
0.0497,2025-09-09,2025-09-16,sh.600023,2025-09-10 20:06:40.577720
0.0497,2025-09-09,2025-09-16,sh.600023,2025-09-10 20:06:40.577720
0.0497,2025-09-10,2025-09-17,sh.600023,2025-09-10 20:06:40.577720
0.0497,2025-09-10,2025-09-17,sh.600023,2025-09-10 20:06:40.577720
0.05768,2025-09-08,2025-09-15,sh.600025,2025-09-10 20:06:40.577720
0.05768,2025-09-08,2025-09-15,sh.600025,2025-09-10 20:06:40.577720
0.05768,2025-09-08,2025-09-15,sh.600025,2025-09-10 20:06:40.577720
0.01427,2025-09-09,2025-09-16,sh.600025,2025-09-10 20:06:40.577720
0.01427,2025-09-09,2025-09-16,sh.600025,2025-09-10 20:06:40.577720
0.01427,2025-09-09,2025-09-16,sh.600025,2025-09-10 20:06:40.577720
0.06165,2025-09-10,2025-09-17,sh.600025,2025-09-10 20:06:40.577720
0.06165,2025-09-10,2025-09-17,sh.600025,2025-09-10 20:06:40.577720
0.0723,2025-09-08,2025-09-15,sh.600026,2025-09-10 20:06:40.577720
0.0723,2025-09-08,2025-09-15,sh.600026,2025-09-10 20:06:40.577720
0.0723,2025-09-08,2025-09-15,sh.600026,2025-09-10 20:06:40.577720
-0.0004265,2025-09-09,2025-09-16,sh.600026,2025-09-10 20:06:40.577720
-0.0004265,2025-09-09,2025-09-16,sh.600026,2025-09-10 20:06:40.577720
0.00539,2025-09-09,2025-09-16,sh.600026,2025-09-10 20:06:40.577720
0.0731,2025-09-10,2025-09-17,sh.600026,2025-09-10 20:06:40.577720
0.0731,2025-09-10,2025-09-17,sh.600026,2025-09-10 20:06:40.577720
0.03485,2025-09-08,2025-09-15,sh.600027,2025-09-10 20:06:40.577720
0.03485,2025-09-08,2025-09-15,sh.600027,2025-09-10 20:06:40.577720
0.03485,2025-09-08,2025-09-15,sh.600027,2025-09-10 20:06:40.577720
0.02298,2025-09-09,2025-09-16,sh.600027,2025-09-10 20:06:40.577720
0.02298,2025-09-09,2025-09-16,sh.600027,2025-09-10 20:06:40.577720
0.02298,2025-09-09,2025-09-16,sh.600027,2025-09-10 20:06:40.577720
0.07196,2025-09-10,2025-09-17,sh.600027,2025-09-10 20:06:40.577720
0.07196,2025-09-10,2025-09-17,sh.600027,2025-09-10 20:06:40.577720
0.0417,2025-09-08,2025-09-15,sh.600028,2025-09-10 20:06:40.577720
0.02461,2025-09-08,2025-09-15,sh.600028,2025-09-10 20:06:40.577720
0.0252,2025-09-08,2025-09-15,sh.600028,2025-09-10 20:06:40.577720
0.02444,2025-09-09,2025-09-16,sh.600028,2025-09-10 20:06:40.577720
0.0247,2025-09-09,2025-09-16,sh.600028,2025-09-10 20:06:40.577720
0.0247,2025-09-09,2025-09-16,sh.600028,2025-09-10 20:06:40.577720
0.0676,2025-09-10,2025-09-17,sh.600028,2025-09-10 20:06:40.577720
0.0676,2025-09-10,2025-09-17,sh.600028,2025-09-10 20:06:40.577720
0.03845,2025-09-08,2025-09-15,sh.600029,2025-09-10 20:06:40.577720
0.03845,2025-09-08,2025-09-15,sh.600029,2025-09-10 20:06:40.577720
0.03845,2025-09-08,2025-09-15,sh.600029,2025-09-10 20:06:40.577720
0.0808,2025-09-09,2025-09-16,sh.600029,2025-09-10 20:06:40.577720
0.0808,2025-09-09,2025-09-16,sh.600029,2025-09-10 20:06:40.577720
0.0808,2025-09-09,2025-09-16,sh.600029,2025-09-10 20:06:40.577720
0.04178,2025-09-10,2025-09-17,sh.600029,2025-09-10 20:06:40.577720
0.04178,2025-09-10,2025-09-17,sh.600029,2025-09-10 20:06:40.577720
-0.07947,2025-09-08,2025-09-15,sh.600030,2025-09-10 20:06:40.577720
-0.0935,2025-09-08,2025-09-15,sh.600030,2025-09-10 20:06:40.577720
-0.093,2025-09-08,2025-09-15,sh.600030,2025-09-10 20:06:40.577720
0.05066,2025-09-09,2025-09-16,sh.600030,2025-09-10 20:06:40.577720
0.05103,2025-09-09,2025-09-16,sh.600030,2025-09-10 20:06:40.577720
0.054,2025-09-09,2025-09-16,sh.600030,2025-09-10 20:06:40.577720
-0.01546,2025-09-10,2025-09-17,sh.600030,2025-09-10 20:06:40.577720
-0.01538,2025-09-10,2025-09-17,sh.600030,2025-09-10 20:06:40.577720
-0.10754,2025-09-08,2025-09-15,sh.600031,2025-09-10 20:06:40.577720
-0.10583,2025-09-08,2025-09-15,sh.600031,2025-09-10 20:06:40.577720
-0.1065,2025-09-08,2025-09-15,sh.600031,2025-09-10 20:06:40.577720
-0.10474,2025-09-09,2025-09-16,sh.600031,2025-09-10 20:06:40.577720
-0.1054,2025-09-09,2025-09-16,sh.600031,2025-09-10 20:06:40.577720
-0.1032,2025-09-09,2025-09-16,sh.600031,2025-09-10 20:06:40.577720
-0.1462,2025-09-10,2025-09-17,sh.600031,2025-09-10 20:06:40.577720
-0.1455,2025-09-10,2025-09-17,sh.600031,2025-09-10 20:06:40.577720
-0.04523,2025-09-08,2025-09-15,sh.600036,2025-09-10 20:06:40.577720
-0.05264,2025-09-08,2025-09-15,sh.600036,2025-09-10 20:06:40.577720
-0.05292,2025-09-08,2025-09-15,sh.600036,2025-09-10 20:06:40.577720
0.163,2025-09-09,2025-09-16,sh.600036,2025-09-10 20:06:40.577720
0.1611,2025-09-09,2025-09-16,sh.600036,2025-09-10 20:06:40.577720
0.1346,2025-09-09,2025-09-16,sh.600036,2025-09-10 20:06:40.577720
0.08264,2025-09-10,2025-09-17,sh.600036,2025-09-10 20:06:40.577720
0.0889,2025-09-10,2025-09-17,sh.600036,2025-09-10 20:06:40.577720
0.1004,2025-09-08,2025-09-15,sh.600039,2025-09-10 20:06:40.577720
0.1293,2025-09-08,2025-09-15,sh.600039,2025-09-10 20:06:40.577720
0.12494,2025-09-08,2025-09-15,sh.600039,2025-09-10 20:06:40.577720
-0.05457,2025-09-09,2025-09-16,sh.600039,2025-09-10 20:06:40.577720
-0.05457,2025-09-09,2025-09-16,sh.600039,2025-09-10 20:06:40.577720
-0.05457,2025-09-09,2025-09-16,sh.600039,2025-09-10 20:06:40.577720
-0.11975,2025-09-10,2025-09-17,sh.600039,2025-09-10 20:06:40.577720
-0.11975,2025-09-10,2025-09-17,sh.600039,2025-09-10 20:06:40.577720
-0.2007,2025-09-08,2025-09-15,sh.600048,2025-09-10 20:06:40.577720
-0.1932,2025-09-08,2025-09-15,sh.600048,2025-09-10 20:06:40.577720
-0.1903,2025-09-08,2025-09-15,sh.600048,2025-09-10 20:06:40.577720
-0.1315,2025-09-09,2025-09-16,sh.600048,2025-09-10 20:06:40.577720
-0.1262,2025-09-09,2025-09-16,sh.600048,2025-09-10 20:06:40.577720
-0.12463,2025-09-09,2025-09-16,sh.600048,2025-09-10 20:06:40.577720
-0.1705,2025-09-10,2025-09-17,sh.600048,2025-09-10 20:06:40.577720
-0.164,2025-09-10,2025-09-17,sh.600048,2025-09-10 20:06:40.577720
0.0086,2025-09-08,2025-09-15,sh.600050,2025-09-10 20:06:40.577720
-0.00408,2025-09-08,2025-09-15,sh.600050,2025-09-10 20:06:40.577720
0.0086,2025-09-08,2025-09-15,sh.600050,2025-09-10 20:06:40.577720
0.006924,2025-09-09,2025-09-16,sh.600050,2025-09-10 20:06:40.577720
0.006924,2025-09-09,2025-09-16,sh.600050,2025-09-10 20:06:40.577720
0.001621,2025-09-09,2025-09-16,sh.600050,2025-09-10 20:06:40.577720
0.0557,2025-09-10,2025-09-17,sh.600050,2025-09-10 20:06:40.577720
0.0557,2025-09-10,2025-09-17,sh.600050,2025-09-10 20:06:40.577720
-0.079,2025-09-08,2025-09-15,sh.600061,2025-09-10 20:06:40.577720
-0.079,2025-09-08,2025-09-15,sh.600061,2025-09-10 20:06:40.577720
-0.08264,2025-09-08,2025-09-15,sh.600061,2025-09-10 20:06:40.577720
-0.01973,2025-09-09,2025-09-16,sh.600061,2025-09-10 20:06:40.577720
-0.01973,2025-09-09,2025-09-16,sh.600061,2025-09-10 20:06:40.577720
-0.01973,2025-09-09,2025-09-16,sh.600061,2025-09-10 20:06:40.577720
0.006313,2025-09-10,2025-09-17,sh.600061,2025-09-10 20:06:40.577720
0.006313,2025-09-10,2025-09-17,sh.600061,2025-09-10 20:06:40.577720
-0.3044,2025-09-08,2025-09-15,sh.600066,2025-09-10 20:06:40.577720
-0.3032,2025-09-08,2025-09-15,sh.600066,2025-09-10 20:06:40.577720
-0.3027,2025-09-08,2025-09-15,sh.600066,2025-09-10 20:06:40.577720
-0.2808,2025-09-09,2025-09-16,sh.600066,2025-09-10 20:06:40.577720
-0.2798,2025-09-09,2025-09-16,sh.600066,2025-09-10 20:06:40.577720
-0.279,2025-09-09,2025-09-16,sh.600066,2025-09-10 20:06:40.577720
-0.2615,2025-09-10,2025-09-17,sh.600066,2025-09-10 20:06:40.577720
-0.26,2025-09-10,2025-09-17,sh.600066,2025-09-10 20:06:40.577720
-0.05032,2025-09-08,2025-09-15,sh.600085,2025-09-10 20:06:40.577720
-0.0564,2025-09-08,2025-09-15,sh.600085,2025-09-10 20:06:40.577720
-0.05612,2025-09-08,2025-09-15,sh.600085,2025-09-10 20:06:40.577720
-0.1732,2025-09-09,2025-09-16,sh.600085,2025-09-10 20:06:40.577720
-0.1752,2025-09-09,2025-09-16,sh.600085,2025-09-10 20:06:40.577720
-0.1753,2025-09-09,2025-09-16,sh.600085,2025-09-10 20:06:40.577720
-0.095,2025-09-10,2025-09-17,sh.600085,2025-09-10 20:06:40.577720
-0.0922,2025-09-10,2025-09-17,sh.600085,2025-09-10 20:06:40.577720
-0.1519,2025-09-08,2025-09-15,sh.600089,2025-09-10 20:06:40.577720
-0.15,2025-09-08,2025-09-15,sh.600089,2025-09-10 20:06:40.577720
-0.1511,2025-09-08,2025-09-15,sh.600089,2025-09-10 20:06:40.577720
-0.1422,2025-09-09,2025-09-16,sh.600089,2025-09-10 20:06:40.577720
-0.1431,2025-09-09,2025-09-16,sh.600089,2025-09-10 20:06:40.577720
-0.1431,2025-09-09,2025-09-16,sh.600089,2025-09-10 20:06:40.577720
-0.1346,2025-09-10,2025-09-17,sh.600089,2025-09-10 20:06:40.577720
-0.1327,2025-09-10,2025-09-17,sh.600089,2025-09-10 20:06:40.577720
-0.05096,2025-09-08,2025-09-15,sh.600104,2025-09-10 20:06:40.577720
-0.0505,2025-09-08,2025-09-15,sh.600104,2025-09-10 20:06:40.577720
-0.0786,2025-09-08,2025-09-15,sh.600104,2025-09-10 20:06:40.577720
0.04007,2025-09-09,2025-09-16,sh.600104,2025-09-10 20:06:40.577720
0.04303,2025-09-09,2025-09-16,sh.600104,2025-09-10 20:06:40.577720
0.04303,2025-09-09,2025-09-16,sh.600104,2025-09-10 20:06:40.577720
-0.01127,2025-09-10,2025-09-17,sh.600104,2025-09-10 20:06:40.577720
0.0001994,2025-09-10,2025-09-17,sh.600104,2025-09-10 20:06:40.577720
-0.6646,2025-09-08,2025-09-15,sh.600111,2025-09-10 20:06:40.577720
-0.6606,2025-09-08,2025-09-15,sh.600111,2025-09-10 20:06:40.577720
-0.6606,2025-09-08,2025-09-15,sh.600111,2025-09-10 20:06:40.577720
-0.6753,2025-09-09,2025-09-16,sh.600111,2025-09-10 20:06:40.577720
-0.6675,2025-09-09,2025-09-16,sh.600111,2025-09-10 20:06:40.577720
-0.673,2025-09-09,2025-09-16,sh.600111,2025-09-10 20:06:40.577720
-0.5503,2025-09-10,2025-09-17,sh.600111,2025-09-10 20:06:40.577720
-0.5522,2025-09-10,2025-09-17,sh.600111,2025-09-10 20:06:40.577720
-0.0005555,2025-09-08,2025-09-15,sh.600115,2025-09-10 20:06:40.577720
-0.0005555,2025-09-08,2025-09-15,sh.600115,2025-09-10 20:06:40.577720
-0.0005555,2025-09-08,2025-09-15,sh.600115,2025-09-10 20:06:40.577720
-0.01675,2025-09-09,2025-09-16,sh.600115,2025-09-10 20:06:40.577720
-0.01675,2025-09-09,2025-09-16,sh.600115,2025-09-10 20:06:40.577720
-0.01675,2025-09-09,2025-09-16,sh.600115,2025-09-10 20:06:40.577720
-0.01675,2025-09-10,2025-09-17,sh.600115,2025-09-10 20:06:40.577720
-0.01675,2025-09-10,2025-09-17,sh.600115,2025-09-10 20:06:40.577720
-0.1846,2025-09-08,2025-09-15,sh.600150,2025-09-10 20:06:40.577720
-0.2095,2025-09-08,2025-09-15,sh.600150,2025-09-10 20:06:40.577720
-0.2013,2025-09-08,2025-09-15,sh.600150,2025-09-10 20:06:40.577720
-0.0791,2025-09-09,2025-09-16,sh.600150,2025-09-10 20:06:40.577720
-0.0792,2025-09-09,2025-09-16,sh.600150,2025-09-10 20:06:40.577720
-0.0854,2025-09-09,2025-09-16,sh.600150,2025-09-10 20:06:40.577720
0.01533,2025-09-10,2025-09-17,sh.600150,2025-09-10 20:06:40.577720
0.01533,2025-09-10,2025-09-17,sh.600150,2025-09-10 20:06:40.577720
-0.1549,2025-09-08,2025-09-15,sh.600160,2025-09-10 20:06:40.577720
-0.143,2025-09-08,2025-09-15,sh.600160,2025-09-10 20:06:40.577720
-0.1421,2025-09-08,2025-09-15,sh.600160,2025-09-10 20:06:40.577720
-0.2993,2025-09-09,2025-09-16,sh.600160,2025-09-10 20:06:40.577720
-0.2986,2025-09-09,2025-09-16,sh.600160,2025-09-10 20:06:40.577720
-0.2952,2025-09-09,2025-09-16,sh.600160,2025-09-10 20:06:40.577720
-0.1934,2025-09-10,2025-09-17,sh.600160,2025-09-10 20:06:40.577720
-0.1965,2025-09-10,2025-09-17,sh.600160,2025-09-10 20:06:40.577720
0.0811,2025-09-08,2025-09-15,sh.600161,2025-09-10 20:06:40.577720
0.08405,2025-09-08,2025-09-15,sh.600161,2025-09-10 20:06:40.577720
0.0819,2025-09-08,2025-09-15,sh.600161,2025-09-10 20:06:40.577720
-0.0455,2025-09-09,2025-09-16,sh.600161,2025-09-10 20:06:40.577720
-0.0455,2025-09-09,2025-09-16,sh.600161,2025-09-10 20:06:40.577720
-0.05753,2025-09-09,2025-09-16,sh.600161,2025-09-10 20:06:40.577720
-0.0725,2025-09-10,2025-09-17,sh.600161,2025-09-10 20:06:40.577720
-0.0788,2025-09-10,2025-09-17,sh.600161,2025-09-10 20:06:40.577720
-0.0352,2025-09-08,2025-09-15,sh.600176,2025-09-10 20:06:40.577720
-0.02272,2025-09-08,2025-09-15,sh.600176,2025-09-10 20:06:40.577720
-0.02188,2025-09-08,2025-09-15,sh.600176,2025-09-10 20:06:40.577720
-0.1602,2025-09-09,2025-09-16,sh.600176,2025-09-10 20:06:40.577720
-0.1377,2025-09-09,2025-09-16,sh.600176,2025-09-10 20:06:40.577720
-0.1538,2025-09-09,2025-09-16,sh.600176,2025-09-10 20:06:40.577720
-0.1868,2025-09-10,2025-09-17,sh.600176,2025-09-10 20:06:40.577720
-0.1827,2025-09-10,2025-09-17,sh.600176,2025-09-10 20:06:40.577720
-1.055,2025-09-08,2025-09-15,sh.600183,2025-09-10 20:06:40.577720
-1.047,2025-09-08,2025-09-15,sh.600183,2025-09-10 20:06:40.577720
-1.053,2025-09-08,2025-09-15,sh.600183,2025-09-10 20:06:40.577720
-0.4985,2025-09-09,2025-09-16,sh.600183,2025-09-10 20:06:40.577720
-0.4905,2025-09-09,2025-09-16,sh.600183,2025-09-10 20:06:40.577720
-0.4915,2025-09-09,2025-09-16,sh.600183,2025-09-10 20:06:40.577720
-0.58,2025-09-10,2025-09-17,sh.600183,2025-09-10 20:06:40.577720
-0.5737,2025-09-10,2025-09-17,sh.600183,2025-09-10 20:06:40.577720
0.1913,2025-09-08,2025-09-15,sh.600188,2025-09-10 20:06:40.577720
0.2065,2025-09-08,2025-09-15,sh.600188,2025-09-10 20:06:40.577720
0.2047,2025-09-08,2025-09-15,sh.600188,2025-09-10 20:06:40.577720
0.1272,2025-09-09,2025-09-16,sh.600188,2025-09-10 20:06:40.577720
0.1263,2025-09-09,2025-09-16,sh.600188,2025-09-10 20:06:40.577720
0.1118,2025-09-09,2025-09-16,sh.600188,2025-09-10 20:06:40.577720
0.0713,2025-09-10,2025-09-17,sh.600188,2025-09-10 20:06:40.577720
0.05673,2025-09-10,2025-09-17,sh.600188,2025-09-10 20:06:40.577720
-0.0827,2025-09-08,2025-09-15,sh.600196,2025-09-10 20:06:40.577720
-0.0827,2025-09-08,2025-09-15,sh.600196,2025-09-10 20:06:40.577720
-0.0827,2025-09-08,2025-09-15,sh.600196,2025-09-10 20:06:40.577720
-0.3342,2025-09-09,2025-09-16,sh.600196,2025-09-10 20:06:40.577720
-0.333,2025-09-09,2025-09-16,sh.600196,2025-09-10 20:06:40.577720
-0.333,2025-09-09,2025-09-16,sh.600196,2025-09-10 20:06:40.577720
-0.393,2025-09-10,2025-09-17,sh.600196,2025-09-10 20:06:40.577720
-0.393,2025-09-10,2025-09-17,sh.600196,2025-09-10 20:06:40.577720
0.0093,2025-09-08,2025-09-15,sh.600219,2025-09-10 20:06:40.577720
0.007313,2025-09-08,2025-09-15,sh.600219,2025-09-10 20:06:40.577720
0.007313,2025-09-08,2025-09-15,sh.600219,2025-09-10 20:06:40.577720
0.01869,2025-09-09,2025-09-16,sh.600219,2025-09-10 20:06:40.577720
0.01869,2025-09-09,2025-09-16,sh.600219,2025-09-10 20:06:40.577720
0.01869,2025-09-09,2025-09-16,sh.600219,2025-09-10 20:06:40.577720
0.0895,2025-09-10,2025-09-17,sh.600219,2025-09-10 20:06:40.577720
0.0895,2025-09-10,2025-09-17,sh.600219,2025-09-10 20:06:40.577720
0.03357,2025-09-08,2025-09-15,sh.600233,2025-09-10 20:06:40.577720
0.03314,2025-09-08,2025-09-15,sh.600233,2025-09-10 20:06:40.577720
0.0446,2025-09-08,2025-09-15,sh.600233,2025-09-10 20:06:40.577720
-0.2622,2025-09-09,2025-09-16,sh.600233,2025-09-10 20:06:40.577720
-0.2622,2025-09-09,2025-09-16,sh.600233,2025-09-10 20:06:40.577720
-0.2622,2025-09-09,2025-09-16,sh.600233,2025-09-10 20:06:40.577720
0.05838,2025-09-10,2025-09-17,sh.600233,2025-09-10 20:06:40.577720
0.0583,2025-09-10,2025-09-17,sh.600233,2025-09-10 20:06:40.577720
-0.2898,2025-09-08,2025-09-15,sh.600276,2025-09-10 20:06:40.577720
-0.2898,2025-09-08,2025-09-15,sh.600276,2025-09-10 20:06:40.577720
-0.29,2025-09-08,2025-09-15,sh.600276,2025-09-10 20:06:40.577720
-0.2957,2025-09-09,2025-09-16,sh.600276,2025-09-10 20:06:40.577720
-0.2957,2025-09-09,2025-09-16,sh.600276,2025-09-10 20:06:40.577720
-0.2957,2025-09-09,2025-09-16,sh.600276,2025-09-10 20:06:40.577720
-0.2808,2025-09-10,2025-09-17,sh.600276,2025-09-10 20:06:40.577720
-0.2805,2025-09-10,2025-09-17,sh.600276,2025-09-10 20:06:40.577720
-0.1636,2025-09-08,2025-09-15,sh.600309,2025-09-10 20:06:40.577720
-0.164,2025-09-08,2025-09-15,sh.600309,2025-09-10 20:06:40.577720
-0.1638,2025-09-08,2025-09-15,sh.600309,2025-09-10 20:06:40.577720
-0.2258,2025-09-09,2025-09-16,sh.600309,2025-09-10 20:06:40.577720
-0.2257,2025-09-09,2025-09-16,sh.600309,2025-09-10 20:06:40.577720
-0.2257,2025-09-09,2025-09-16,sh.600309,2025-09-10 20:06:40.577720
-0.2012,2025-09-10,2025-09-17,sh.600309,2025-09-10 20:06:40.577720
-0.201,2025-09-10,2025-09-17,sh.600309,2025-09-10 20:06:40.577720
0.1299,2025-09-08,2025-09-15,sh.600332,2025-09-10 20:06:40.577720
0.1287,2025-09-08,2025-09-15,sh.600332,2025-09-10 20:06:40.577720
0.1287,2025-09-08,2025-09-15,sh.600332,2025-09-10 20:06:40.577720
0.0939,2025-09-09,2025-09-16,sh.600332,2025-09-10 20:06:40.577720
0.0941,2025-09-09,2025-09-16,sh.600332,2025-09-10 20:06:40.577720
0.0939,2025-09-09,2025-09-16,sh.600332,2025-09-10 20:06:40.577720
0.0962,2025-09-10,2025-09-17,sh.600332,2025-09-10 20:06:40.577720
0.0962,2025-09-10,2025-09-17,sh.600332,2025-09-10 20:06:40.577720
0.1931,2025-09-08,2025-09-15,sh.600346,2025-09-10 20:06:40.577720
0.1953,2025-09-08,2025-09-15,sh.600346,2025-09-10 20:06:40.577720
0.1953,2025-09-08,2025-09-15,sh.600346,2025-09-10 20:06:40.577720
-0.2305,2025-09-09,2025-09-16,sh.600346,2025-09-10 20:06:40.577720
-0.2076,2025-09-09,2025-09-16,sh.600346,2025-09-10 20:06:40.577720
-0.2072,2025-09-09,2025-09-16,sh.600346,2025-09-10 20:06:40.577720
-0.0944,2025-09-10,2025-09-17,sh.600346,2025-09-10 20:06:40.577720
-0.0944,2025-09-10,2025-09-17,sh.600346,2025-09-10 20:06:40.577720
-0.2441,2025-09-08,2025-09-15,sh.600362,2025-09-10 20:06:40.577720
-0.2285,2025-09-08,2025-09-15,sh.600362,2025-09-10 20:06:40.577720
-0.2285,2025-09-08,2025-09-15,sh.600362,2025-09-10 20:06:40.577720
-0.002155,2025-09-09,2025-09-16,sh.600362,2025-09-10 20:06:40.577720
0.00965,2025-09-09,2025-09-16,sh.600362,2025-09-10 20:06:40.577720
-0.0223,2025-09-09,2025-09-16,sh.600362,2025-09-10 20:06:40.577720
-0.0152,2025-09-10,2025-09-17,sh.600362,2025-09-10 20:06:40.577720
-0.01541,2025-09-10,2025-09-17,sh.600362,2025-09-10 20:06:40.577720
0.059,2025-09-08,2025-09-15,sh.600372,2025-09-10 20:06:40.577720
0.0696,2025-09-08,2025-09-15,sh.600372,2025-09-10 20:06:40.577720
0.0696,2025-09-08,2025-09-15,sh.600372,2025-09-10 20:06:40.577720
0.0447,2025-09-09,2025-09-16,sh.600372,2025-09-10 20:06:40.577720
0.0467,2025-09-09,2025-09-16,sh.600372,2025-09-10 20:06:40.577720
0.0467,2025-09-09,2025-09-16,sh.600372,2025-09-10 20:06:40.577720
0.0559,2025-09-10,2025-09-17,sh.600372,2025-09-10 20:06:40.577720
0.0559,2025-09-10,2025-09-17,sh.600372,2025-09-10 20:06:40.577720
0.02306,2025-09-08,2025-09-15,sh.600377,2025-09-10 20:06:40.577720
0.04105,2025-09-08,2025-09-15,sh.600377,2025-09-10 20:06:40.577720
0.02301,2025-09-08,2025-09-15,sh.600377,2025-09-10 20:06:40.577720
0.01227,2025-09-09,2025-09-16,sh.600377,2025-09-10 20:06:40.577720
0.01227,2025-09-09,2025-09-16,sh.600377,2025-09-10 20:06:40.577720
0.01227,2025-09-09,2025-09-16,sh.600377,2025-09-10 20:06:40.577720
0.0117,2025-09-10,2025-09-17,sh.600377,2025-09-10 20:06:40.577720
0.0117,2025-09-10,2025-09-17,sh.600377,2025-09-10 20:06:40.577720
-0.02481,2025-09-08,2025-09-15,sh.600406,2025-09-10 20:06:40.577720
-0.0249,2025-09-08,2025-09-15,sh.600406,2025-09-10 20:06:40.577720
-0.0249,2025-09-08,2025-09-15,sh.600406,2025-09-10 20:06:40.577720
-0.0475,2025-09-09,2025-09-16,sh.600406,2025-09-10 20:06:40.577720
-0.0479,2025-09-09,2025-09-16,sh.600406,2025-09-10 20:06:40.577720
-0.04755,2025-09-09,2025-09-16,sh.600406,2025-09-10 20:06:40.577720
-0.04968,2025-09-10,2025-09-17,sh.600406,2025-09-10 20:06:40.577720
-0.04968,2025-09-10,2025-09-17,sh.600406,2025-09-10 20:06:40.577720
-0.682,2025-09-08,2025-09-15,sh.600415,2025-09-10 20:06:40.577720
-0.6797,2025-09-08,2025-09-15,sh.600415,2025-09-10 20:06:40.577720
-0.6763,2025-09-08,2025-09-15,sh.600415,2025-09-10 20:06:40.577720
-0.5728,2025-09-09,2025-09-16,sh.600415,2025-09-10 20:06:40.577720
-0.5737,2025-09-09,2025-09-16,sh.600415,2025-09-10 20:06:40.577720
-0.5703,2025-09-09,2025-09-16,sh.600415,2025-09-10 20:06:40.577720
-0.526,2025-09-10,2025-09-17,sh.600415,2025-09-10 20:06:40.577720
-0.5225,2025-09-10,2025-09-17,sh.600415,2025-09-10 20:06:40.577720
-0.04578,2025-09-08,2025-09-15,sh.600426,2025-09-10 20:06:40.577720
-0.04578,2025-09-08,2025-09-15,sh.600426,2025-09-10 20:06:40.577720
-0.04578,2025-09-08,2025-09-15,sh.600426,2025-09-10 20:06:40.577720
-0.4495,2025-09-09,2025-09-16,sh.600426,2025-09-10 20:06:40.577720
-0.4453,2025-09-09,2025-09-16,sh.600426,2025-09-10 20:06:40.577720
-0.4453,2025-09-09,2025-09-16,sh.600426,2025-09-10 20:06:40.577720
-0.3032,2025-09-10,2025-09-17,sh.600426,2025-09-10 20:06:40.577720
-0.305,2025-09-10,2025-09-17,sh.600426,2025-09-10 20:06:40.577720
-0.04898,2025-09-08,2025-09-15,sh.600436,2025-09-10 20:06:40.577720
-0.049,2025-09-08,2025-09-15,sh.600436,2025-09-10 20:06:40.577720
-0.04996,2025-09-08,2025-09-15,sh.600436,2025-09-10 20:06:40.577720
-0.0758,2025-09-09,2025-09-16,sh.600436,2025-09-10 20:06:40.577720
-0.0747,2025-09-09,2025-09-16,sh.600436,2025-09-10 20:06:40.577720
-0.0749,2025-09-09,2025-09-16,sh.600436,2025-09-10 20:06:40.577720
-0.05383,2025-09-10,2025-09-17,sh.600436,2025-09-10 20:06:40.577720
-0.0545,2025-09-10,2025-09-17,sh.600436,2025-09-10 20:06:40.577720
-0.4026,2025-09-08,2025-09-15,sh.600438,2025-09-10 20:06:40.577720
-0.4072,2025-09-08,2025-09-15,sh.600438,2025-09-10 20:06:40.577720
-0.4138,2025-09-08,2025-09-15,sh.600438,2025-09-10 20:06:40.577720
-0.3425,2025-09-09,2025-09-16,sh.600438,2025-09-10 20:06:40.577720
-0.3235,2025-09-09,2025-09-16,sh.600438,2025-09-10 20:06:40.577720
-0.3418,2025-09-09,2025-09-16,sh.600438,2025-09-10 20:06:40.577720
-0.5757,2025-09-10,2025-09-17,sh.600438,2025-09-10 20:06:40.577720
-0.5703,2025-09-10,2025-09-17,sh.600438,2025-09-10 20:06:40.577720
-0.0571,2025-09-08,2025-09-15,sh.600460,2025-09-10 20:06:40.577720
-0.06824,2025-09-08,2025-09-15,sh.600460,2025-09-10 20:06:40.577720
-0.06866,2025-09-08,2025-09-15,sh.600460,2025-09-10 20:06:40.577720
-0.3794,2025-09-09,2025-09-16,sh.600460,2025-09-10 20:06:40.577720
-0.3845,2025-09-09,2025-09-16,sh.600460,2025-09-10 20:06:40.577720
-0.383,2025-09-09,2025-09-16,sh.600460,2025-09-10 20:06:40.577720
-0.1301,2025-09-10,2025-09-17,sh.600460,2025-09-10 20:06:40.577720
-0.1318,2025-09-10,2025-09-17,sh.600460,2025-09-10 20:06:40.577720
0.03076,2025-09-08,2025-09-15,sh.600482,2025-09-10 20:06:40.577720
0.03076,2025-09-08,2025-09-15,sh.600482,2025-09-10 20:06:40.577720
0.03076,2025-09-08,2025-09-15,sh.600482,2025-09-10 20:06:40.577720
0.05637,2025-09-09,2025-09-16,sh.600482,2025-09-10 20:06:40.577720
0.05655,2025-09-09,2025-09-16,sh.600482,2025-09-10 20:06:40.577720
0.05655,2025-09-09,2025-09-16,sh.600482,2025-09-10 20:06:40.577720
0.08325,2025-09-10,2025-09-17,sh.600482,2025-09-10 20:06:40.577720
0.08325,2025-09-10,2025-09-17,sh.600482,2025-09-10 20:06:40.577720
-0.2744,2025-09-08,2025-09-15,sh.600489,2025-09-10 20:06:40.577720
-0.2876,2025-09-08,2025-09-15,sh.600489,2025-09-10 20:06:40.577720
-0.292,2025-09-08,2025-09-15,sh.600489,2025-09-10 20:06:40.577720
-0.1329,2025-09-09,2025-09-16,sh.600489,2025-09-10 20:06:40.577720
-0.148,2025-09-09,2025-09-16,sh.600489,2025-09-10 20:06:40.577720
-0.1335,2025-09-09,2025-09-16,sh.600489,2025-09-10 20:06:40.577720
-0.03714,2025-09-10,2025-09-17,sh.600489,2025-09-10 20:06:40.577720
-0.04007,2025-09-10,2025-09-17,sh.600489,2025-09-10 20:06:40.577720
0.0144,2025-09-08,2025-09-15,sh.600515,2025-09-10 20:06:40.577720
0.0144,2025-09-08,2025-09-15,sh.600515,2025-09-10 20:06:40.577720
0.0144,2025-09-08,2025-09-15,sh.600515,2025-09-10 20:06:40.577720
0.0505,2025-09-09,2025-09-16,sh.600515,2025-09-10 20:06:40.577720
0.0505,2025-09-09,2025-09-16,sh.600515,2025-09-10 20:06:40.577720
0.0505,2025-09-09,2025-09-16,sh.600515,2025-09-10 20:06:40.577720
0.0144,2025-09-10,2025-09-17,sh.600515,2025-09-10 20:06:40.577720
0.0144,2025-09-10,2025-09-17,sh.600515,2025-09-10 20:06:40.577720
-0.1472,2025-09-08,2025-09-15,sh.600519,2025-09-10 20:06:40.577720
-0.1472,2025-09-08,2025-09-15,sh.600519,2025-09-10 20:06:40.577720
-0.1472,2025-09-08,2025-09-15,sh.600519,2025-09-10 20:06:40.577720
-0.1616,2025-09-09,2025-09-16,sh.600519,2025-09-10 20:06:40.577720
-0.1616,2025-09-09,2025-09-16,sh.600519,2025-09-10 20:06:40.577720
-0.1616,2025-09-09,2025-09-16,sh.600519,2025-09-10 20:06:40.577720
-0.1469,2025-09-10,2025-09-17,sh.600519,2025-09-10 20:06:40.577720
-0.1469,2025-09-10,2025-09-17,sh.600519,2025-09-10 20:06:40.577720
-0.5576,2025-09-08,2025-09-15,sh.600547,2025-09-10 20:06:40.577720
-0.553,2025-09-08,2025-09-15,sh.600547,2025-09-10 20:06:40.577720
-0.554,2025-09-08,2025-09-15,sh.600547,2025-09-10 20:06:40.577720
-0.2434,2025-09-09,2025-09-16,sh.600547,2025-09-10 20:06:40.577720
-0.2443,2025-09-09,2025-09-16,sh.600547,2025-09-10 20:06:40.577720
-0.2441,2025-09-09,2025-09-16,sh.600547,2025-09-10 20:06:40.577720
-0.1692,2025-09-10,2025-09-17,sh.600547,2025-09-10 20:06:40.577720
-0.1757,2025-09-10,2025-09-17,sh.600547,2025-09-10 20:06:40.577720
-0.1462,2025-09-08,2025-09-15,sh.600570,2025-09-10 20:06:40.577720
-0.1444,2025-09-08,2025-09-15,sh.600570,2025-09-10 20:06:40.577720
-0.1449,2025-09-08,2025-09-15,sh.600570,2025-09-10 20:06:40.577720
-0.1927,2025-09-09,2025-09-16,sh.600570,2025-09-10 20:06:40.577720
-0.1923,2025-09-09,2025-09-16,sh.600570,2025-09-10 20:06:40.577720
-0.1923,2025-09-09,2025-09-16,sh.600570,2025-09-10 20:06:40.577720
-0.1599,2025-09-10,2025-09-17,sh.600570,2025-09-10 20:06:40.577720
-0.16,2025-09-10,2025-09-17,sh.600570,2025-09-10 20:06:40.577720
0.0007234,2025-09-08,2025-09-15,sh.600584,2025-09-10 20:06:40.577720
0.006042,2025-09-08,2025-09-15,sh.600584,2025-09-10 20:06:40.577720
-0.01007,2025-09-08,2025-09-15,sh.600584,2025-09-10 20:06:40.577720
-0.2295,2025-09-09,2025-09-16,sh.600584,2025-09-10 20:06:40.577720
-0.2295,2025-09-09,2025-09-16,sh.600584,2025-09-10 20:06:40.577720
-0.2554,2025-09-09,2025-09-16,sh.600584,2025-09-10 20:06:40.577720
-0.00727,2025-09-10,2025-09-17,sh.600584,2025-09-10 20:06:40.577720
-0.013794,2025-09-10,2025-09-17,sh.600584,2025-09-10 20:06:40.577720
0.192,2025-09-08,2025-09-15,sh.600585,2025-09-10 20:06:40.577720
0.192,2025-09-08,2025-09-15,sh.600585,2025-09-10 20:06:40.577720
0.192,2025-09-08,2025-09-15,sh.600585,2025-09-10 20:06:40.577720
0.1787,2025-09-09,2025-09-16,sh.600585,2025-09-10 20:06:40.577720
0.1438,2025-09-09,2025-09-16,sh.600585,2025-09-10 20:06:40.577720
0.1715,2025-09-09,2025-09-16,sh.600585,2025-09-10 20:06:40.577720
-0.04855,2025-09-10,2025-09-17,sh.600585,2025-09-10 20:06:40.577720
-0.04855,2025-09-10,2025-09-17,sh.600585,2025-09-10 20:06:40.577720
-0.1835,2025-09-08,2025-09-15,sh.600588,2025-09-10 20:06:40.577720
-0.1827,2025-09-08,2025-09-15,sh.600588,2025-09-10 20:06:40.577720
-0.1859,2025-09-08,2025-09-15,sh.600588,2025-09-10 20:06:40.577720
-0.2876,2025-09-09,2025-09-16,sh.600588,2025-09-10 20:06:40.577720
-0.2874,2025-09-09,2025-09-16,sh.600588,2025-09-10 20:06:40.577720
-0.289,2025-09-09,2025-09-16,sh.600588,2025-09-10 20:06:40.577720
-0.187,2025-09-10,2025-09-17,sh.600588,2025-09-10 20:06:40.577720
-0.1858,2025-09-10,2025-09-17,sh.600588,2025-09-10 20:06:40.577720
0.12286,2025-09-08,2025-09-15,sh.600600,2025-09-10 20:06:40.577720
0.1229,2025-09-08,2025-09-15,sh.600600,2025-09-10 20:06:40.577720
0.123,2025-09-08,2025-09-15,sh.600600,2025-09-10 20:06:40.577720
0.1523,2025-09-09,2025-09-16,sh.600600,2025-09-10 20:06:40.577720
0.1523,2025-09-09,2025-09-16,sh.600600,2025-09-10 20:06:40.577720
0.12494,2025-09-09,2025-09-16,sh.600600,2025-09-10 20:06:40.577720
0.06555,2025-09-10,2025-09-17,sh.600600,2025-09-10 20:06:40.577720
0.06555,2025-09-10,2025-09-17,sh.600600,2025-09-10 20:06:40.577720
-0.2578,2025-09-08,2025-09-15,sh.600660,2025-09-10 20:06:40.577720
-0.2578,2025-09-08,2025-09-15,sh.600660,2025-09-10 20:06:40.577720
-0.2578,2025-09-08,2025-09-15,sh.600660,2025-09-10 20:06:40.577720
-0.2634,2025-09-09,2025-09-16,sh.600660,2025-09-10 20:06:40.577720
-0.2634,2025-09-09,2025-09-16,sh.600660,2025-09-10 20:06:40.577720
-0.2634,2025-09-09,2025-09-16,sh.600660,2025-09-10 20:06:40.577720
-0.2964,2025-09-10,2025-09-17,sh.600660,2025-09-10 20:06:40.577720
-0.2961,2025-09-10,2025-09-17,sh.600660,2025-09-10 20:06:40.577720
0.006218,2025-09-08,2025-09-15,sh.600674,2025-09-10 20:06:40.577720
0.01909,2025-09-08,2025-09-15,sh.600674,2025-09-10 20:06:40.577720
0.010025,2025-09-08,2025-09-15,sh.600674,2025-09-10 20:06:40.577720
0.0344,2025-09-09,2025-09-16,sh.600674,2025-09-10 20:06:40.577720
0.03415,2025-09-09,2025-09-16,sh.600674,2025-09-10 20:06:40.577720
0.03925,2025-09-09,2025-09-16,sh.600674,2025-09-10 20:06:40.577720
0.09485,2025-09-10,2025-09-17,sh.600674,2025-09-10 20:06:40.577720
0.08954,2025-09-10,2025-09-17,sh.600674,2025-09-10 20:06:40.577720
-0.0863,2025-09-08,2025-09-15,sh.600690,2025-09-10 20:06:40.577720
-0.0863,2025-09-08,2025-09-15,sh.600690,2025-09-10 20:06:40.577720
-0.0863,2025-09-08,2025-09-15,sh.600690,2025-09-10 20:06:40.577720
-0.0821,2025-09-09,2025-09-16,sh.600690,2025-09-10 20:06:40.577720
-0.082,2025-09-09,2025-09-16,sh.600690,2025-09-10 20:06:40.577720
-0.0818,2025-09-09,2025-09-16,sh.600690,2025-09-10 20:06:40.577720
-0.09906,2025-09-10,2025-09-17,sh.600690,2025-09-10 20:06:40.577720
-0.1005,2025-09-10,2025-09-17,sh.600690,2025-09-10 20:06:40.577720
-0.261,2025-09-08,2025-09-15,sh.600741,2025-09-10 20:06:40.577720
-0.2615,2025-09-08,2025-09-15,sh.600741,2025-09-10 20:06:40.577720
-0.2625,2025-09-08,2025-09-15,sh.600741,2025-09-10 20:06:40.577720
-0.1311,2025-09-09,2025-09-16,sh.600741,2025-09-10 20:06:40.577720
-0.1311,2025-09-09,2025-09-16,sh.600741,2025-09-10 20:06:40.577720
-0.1299,2025-09-09,2025-09-16,sh.600741,2025-09-10 20:06:40.577720
-0.2158,2025-09-10,2025-09-17,sh.600741,2025-09-10 20:06:40.577720
-0.2168,2025-09-10,2025-09-17,sh.600741,2025-09-10 20:06:40.577720
-0.03568,2025-09-08,2025-09-15,sh.600760,2025-09-10 20:06:40.577720
-0.0385,2025-09-08,2025-09-15,sh.600760,2025-09-10 20:06:40.577720
-0.0385,2025-09-08,2025-09-15,sh.600760,2025-09-10 20:06:40.577720
-0.0795,2025-09-09,2025-09-16,sh.600760,2025-09-10 20:06:40.577720
-0.0805,2025-09-09,2025-09-16,sh.600760,2025-09-10 20:06:40.577720
-0.0805,2025-09-09,2025-09-16,sh.600760,2025-09-10 20:06:40.577720
-0.01997,2025-09-10,2025-09-17,sh.600760,2025-09-10 20:06:40.577720
-0.01997,2025-09-10,2025-09-17,sh.600760,2025-09-10 20:06:40.577720
-0.1088,2025-09-08,2025-09-15,sh.600795,2025-09-10 20:06:40.577720
-0.1091,2025-09-08,2025-09-15,sh.600795,2025-09-10 20:06:40.577720
-0.1084,2025-09-08,2025-09-15,sh.600795,2025-09-10 20:06:40.577720
-0.11774,2025-09-09,2025-09-16,sh.600795,2025-09-10 20:06:40.577720
-0.1181,2025-09-09,2025-09-16,sh.600795,2025-09-10 20:06:40.577720
-0.1179,2025-09-09,2025-09-16,sh.600795,2025-09-10 20:06:40.577720
-0.1186,2025-09-10,2025-09-17,sh.600795,2025-09-10 20:06:40.577720
-0.1172,2025-09-10,2025-09-17,sh.600795,2025-09-10 20:06:40.577720
0.1103,2025-09-08,2025-09-15,sh.600803,2025-09-10 20:06:40.577720
0.1103,2025-09-08,2025-09-15,sh.600803,2025-09-10 20:06:40.577720
0.1103,2025-09-08,2025-09-15,sh.600803,2025-09-10 20:06:40.577720
0.2112,2025-09-09,2025-09-16,sh.600803,2025-09-10 20:06:40.577720
0.2112,2025-09-09,2025-09-16,sh.600803,2025-09-10 20:06:40.577720
0.2515,2025-09-09,2025-09-16,sh.600803,2025-09-10 20:06:40.577720
0.10144,2025-09-10,2025-09-17,sh.600803,2025-09-10 20:06:40.577720
0.1014,2025-09-10,2025-09-17,sh.600803,2025-09-10 20:06:40.577720
-0.05847,2025-09-08,2025-09-15,sh.600809,2025-09-10 20:06:40.577720
-0.05893,2025-09-08,2025-09-15,sh.600809,2025-09-10 20:06:40.577720
-0.05875,2025-09-08,2025-09-15,sh.600809,2025-09-10 20:06:40.577720
-0.0679,2025-09-09,2025-09-16,sh.600809,2025-09-10 20:06:40.577720
-0.06793,2025-09-09,2025-09-16,sh.600809,2025-09-10 20:06:40.577720
-0.06805,2025-09-09,2025-09-16,sh.600809,2025-09-10 20:06:40.577720
-0.09985,2025-09-10,2025-09-17,sh.600809,2025-09-10 20:06:40.577720
-0.0997,2025-09-10,2025-09-17,sh.600809,2025-09-10 20:06:40.577720
-0.06445,2025-09-08,2025-09-15,sh.600845,2025-09-10 20:06:40.577720
-0.06464,2025-09-08,2025-09-15,sh.600845,2025-09-10 20:06:40.577720
-0.0745,2025-09-08,2025-09-15,sh.600845,2025-09-10 20:06:40.577720
-0.2399,2025-09-09,2025-09-16,sh.600845,2025-09-10 20:06:40.577720
-0.2432,2025-09-09,2025-09-16,sh.600845,2025-09-10 20:06:40.577720
-0.2411,2025-09-09,2025-09-16,sh.600845,2025-09-10 20:06:40.577720
-0.175,2025-09-10,2025-09-17,sh.600845,2025-09-10 20:06:40.577720
-0.173,2025-09-10,2025-09-17,sh.600845,2025-09-10 20:06:40.577720
0.005093,2025-09-08,2025-09-15,sh.600875,2025-09-10 20:06:40.577720
0.005093,2025-09-08,2025-09-15,sh.600875,2025-09-10 20:06:40.577720
0.005093,2025-09-08,2025-09-15,sh.600875,2025-09-10 20:06:40.577720
-0.04782,2025-09-09,2025-09-16,sh.600875,2025-09-10 20:06:40.577720
-0.04782,2025-09-09,2025-09-16,sh.600875,2025-09-10 20:06:40.577720
-0.04782,2025-09-09,2025-09-16,sh.600875,2025-09-10 20:06:40.577720
-0.06934,2025-09-10,2025-09-17,sh.600875,2025-09-10 20:06:40.577720
-0.06836,2025-09-10,2025-09-17,sh.600875,2025-09-10 20:06:40.577720
0.0026,2025-09-08,2025-09-15,sh.600886,2025-09-10 20:06:40.577720
0.0004647,2025-09-08,2025-09-15,sh.600886,2025-09-10 20:06:40.577720
0.0031,2025-09-08,2025-09-15,sh.600886,2025-09-10 20:06:40.577720
0.003897,2025-09-09,2025-09-16,sh.600886,2025-09-10 20:06:40.577720
0.004063,2025-09-09,2025-09-16,sh.600886,2025-09-10 20:06:40.577720
0.0002627,2025-09-09,2025-09-16,sh.600886,2025-09-10 20:06:40.577720
0.009445,2025-09-10,2025-09-17,sh.600886,2025-09-10 20:06:40.577720
0.01151,2025-09-10,2025-09-17,sh.600886,2025-09-10 20:06:40.577720
-0.1901,2025-09-08,2025-09-15,sh.600887,2025-09-10 20:06:40.577720
-0.1901,2025-09-08,2025-09-15,sh.600887,2025-09-10 20:06:40.577720
-0.1901,2025-09-08,2025-09-15,sh.600887,2025-09-10 20:06:40.577720
-0.1836,2025-09-09,2025-09-16,sh.600887,2025-09-10 20:06:40.577720
-0.1838,2025-09-09,2025-09-16,sh.600887,2025-09-10 20:06:40.577720
-0.1838,2025-09-09,2025-09-16,sh.600887,2025-09-10 20:06:40.577720
-0.198,2025-09-10,2025-09-17,sh.600887,2025-09-10 20:06:40.577720
-0.198,2025-09-10,2025-09-17,sh.600887,2025-09-10 20:06:40.577720
0.1209,2025-09-08,2025-09-15,sh.600893,2025-09-10 20:06:40.577720
0.1093,2025-09-08,2025-09-15,sh.600893,2025-09-10 20:06:40.577720
0.1311,2025-09-08,2025-09-15,sh.600893,2025-09-10 20:06:40.577720
-0.04166,2025-09-09,2025-09-16,sh.600893,2025-09-10 20:06:40.577720
-0.04147,2025-09-09,2025-09-16,sh.600893,2025-09-10 20:06:40.577720
-0.09546,2025-09-09,2025-09-16,sh.600893,2025-09-10 20:06:40.577720
-0.001256,2025-09-10,2025-09-17,sh.600893,2025-09-10 20:06:40.577720
0.01475,2025-09-10,2025-09-17,sh.600893,2025-09-10 20:06:40.577720
0.1489,2025-09-08,2025-09-15,sh.600900,2025-09-10 20:06:40.577720
0.1674,2025-09-08,2025-09-15,sh.600900,2025-09-10 20:06:40.577720
0.1113,2025-09-08,2025-09-15,sh.600900,2025-09-10 20:06:40.577720
0.01866,2025-09-09,2025-09-16,sh.600900,2025-09-10 20:06:40.577720
0.01918,2025-09-09,2025-09-16,sh.600900,2025-09-10 20:06:40.577720
0.01918,2025-09-09,2025-09-16,sh.600900,2025-09-10 20:06:40.577720
0.0856,2025-09-10,2025-09-17,sh.600900,2025-09-10 20:06:40.577720
0.0834,2025-09-10,2025-09-17,sh.600900,2025-09-10 20:06:40.577720
0.03458,2025-09-08,2025-09-15,sh.600905,2025-09-10 20:06:40.577720
0.03458,2025-09-08,2025-09-15,sh.600905,2025-09-10 20:06:40.577720
0.03458,2025-09-08,2025-09-15,sh.600905,2025-09-10 20:06:40.577720
0.031,2025-09-09,2025-09-16,sh.600905,2025-09-10 20:06:40.577720
0.031,2025-09-09,2025-09-16,sh.600905,2025-09-10 20:06:40.577720
0.031,2025-09-09,2025-09-16,sh.600905,2025-09-10 20:06:40.577720
-0.00487,2025-09-10,2025-09-17,sh.600905,2025-09-10 20:06:40.577720
-0.00487,2025-09-10,2025-09-17,sh.600905,2025-09-10 20:06:40.577720
0.001152,2025-09-08,2025-09-15,sh.600918,2025-09-10 20:06:40.577720
0.001152,2025-09-08,2025-09-15,sh.600918,2025-09-10 20:06:40.577720
0.001152,2025-09-08,2025-09-15,sh.600918,2025-09-10 20:06:40.577720
0.01078,2025-09-09,2025-09-16,sh.600918,2025-09-10 20:06:40.577720
0.01078,2025-09-09,2025-09-16,sh.600918,2025-09-10 20:06:40.577720
0.01078,2025-09-09,2025-09-16,sh.600918,2025-09-10 20:06:40.577720
0.001152,2025-09-10,2025-09-17,sh.600918,2025-09-10 20:06:40.577720
0.001152,2025-09-10,2025-09-17,sh.600918,2025-09-10 20:06:40.577720
0.002127,2025-09-08,2025-09-15,sh.600919,2025-09-10 20:06:40.577720
0.002127,2025-09-08,2025-09-15,sh.600919,2025-09-10 20:06:40.577720
0.002127,2025-09-08,2025-09-15,sh.600919,2025-09-10 20:06:40.577720
-0.01295,2025-09-09,2025-09-16,sh.600919,2025-09-10 20:06:40.577720
-0.01295,2025-09-09,2025-09-16,sh.600919,2025-09-10 20:06:40.577720
-0.01295,2025-09-09,2025-09-16,sh.600919,2025-09-10 20:06:40.577720
0.001285,2025-09-10,2025-09-17,sh.600919,2025-09-10 20:06:40.577720
0.001285,2025-09-10,2025-09-17,sh.600919,2025-09-10 20:06:40.577720
0.04242,2025-09-08,2025-09-15,sh.600926,2025-09-10 20:06:40.577720
0.01808,2025-09-08,2025-09-15,sh.600926,2025-09-10 20:06:40.577720
0.01808,2025-09-08,2025-09-15,sh.600926,2025-09-10 20:06:40.577720
0.0887,2025-09-09,2025-09-16,sh.600926,2025-09-10 20:06:40.577720
0.0887,2025-09-09,2025-09-16,sh.600926,2025-09-10 20:06:40.577720
0.0887,2025-09-09,2025-09-16,sh.600926,2025-09-10 20:06:40.577720
-0.02939,2025-09-10,2025-09-17,sh.600926,2025-09-10 20:06:40.577720
-0.02939,2025-09-10,2025-09-17,sh.600926,2025-09-10 20:06:40.577720
0.1087,2025-09-08,2025-09-15,sh.600938,2025-09-10 20:06:40.577720
0.1088,2025-09-08,2025-09-15,sh.600938,2025-09-10 20:06:40.577720
0.1088,2025-09-08,2025-09-15,sh.600938,2025-09-10 20:06:40.577720
0.01991,2025-09-09,2025-09-16,sh.600938,2025-09-10 20:06:40.577720
0.01991,2025-09-09,2025-09-16,sh.600938,2025-09-10 20:06:40.577720
0.004414,2025-09-09,2025-09-16,sh.600938,2025-09-10 20:06:40.577720
0.06046,2025-09-10,2025-09-17,sh.600938,2025-09-10 20:06:40.577720
0.06046,2025-09-10,2025-09-17,sh.600938,2025-09-10 20:06:40.577720
0.1482,2025-09-08,2025-09-15,sh.600941,2025-09-10 20:06:40.577720
0.1504,2025-09-08,2025-09-15,sh.600941,2025-09-10 20:06:40.577720
0.1434,2025-09-08,2025-09-15,sh.600941,2025-09-10 20:06:40.577720
-0.02011,2025-09-09,2025-09-16,sh.600941,2025-09-10 20:06:40.577720
-0.02824,2025-09-09,2025-09-16,sh.600941,2025-09-10 20:06:40.577720
-0.06476,2025-09-09,2025-09-16,sh.600941,2025-09-10 20:06:40.577720
0.12085,2025-09-10,2025-09-17,sh.600941,2025-09-10 20:06:40.577720
0.1322,2025-09-10,2025-09-17,sh.600941,2025-09-10 20:06:40.577720
0.03998,2025-09-08,2025-09-15,sh.600958,2025-09-10 20:06:40.577720
0.03998,2025-09-08,2025-09-15,sh.600958,2025-09-10 20:06:40.577720
0.03998,2025-09-08,2025-09-15,sh.600958,2025-09-10 20:06:40.577720
0.07855,2025-09-09,2025-09-16,sh.600958,2025-09-10 20:06:40.577720
0.07855,2025-09-09,2025-09-16,sh.600958,2025-09-10 20:06:40.577720
0.07855,2025-09-09,2025-09-16,sh.600958,2025-09-10 20:06:40.577720
0.05725,2025-09-10,2025-09-17,sh.600958,2025-09-10 20:06:40.577720
0.0331,2025-09-10,2025-09-17,sh.600958,2025-09-10 20:06:40.577720
0.0701,2025-09-08,2025-09-15,sh.600989,2025-09-10 20:06:40.577720
0.08185,2025-09-08,2025-09-15,sh.600989,2025-09-10 20:06:40.577720
0.08185,2025-09-08,2025-09-15,sh.600989,2025-09-10 20:06:40.577720
-0.04,2025-09-09,2025-09-16,sh.600989,2025-09-10 20:06:40.577720
-0.01611,2025-09-09,2025-09-16,sh.600989,2025-09-10 20:06:40.577720
-0.01611,2025-09-09,2025-09-16,sh.600989,2025-09-10 20:06:40.577720
-0.02077,2025-09-10,2025-09-17,sh.600989,2025-09-10 20:06:40.577720
-0.02077,2025-09-10,2025-09-17,sh.600989,2025-09-10 20:06:40.577720
-0.01993,2025-09-08,2025-09-15,sh.600999,2025-09-10 20:06:40.577720
-0.0004737,2025-09-08,2025-09-15,sh.600999,2025-09-10 20:06:40.577720
-0.0004737,2025-09-08,2025-09-15,sh.600999,2025-09-10 20:06:40.577720
0.04706,2025-09-09,2025-09-16,sh.600999,2025-09-10 20:06:40.577720
0.04706,2025-09-09,2025-09-16,sh.600999,2025-09-10 20:06:40.577720
0.04706,2025-09-09,2025-09-16,sh.600999,2025-09-10 20:06:40.577720
0.02243,2025-09-10,2025-09-17,sh.600999,2025-09-10 20:06:40.577720
0.02243,2025-09-10,2025-09-17,sh.600999,2025-09-10 20:06:40.577720
0.0815,2025-09-08,2025-09-15,sh.601006,2025-09-10 20:06:40.577720
0.0815,2025-09-08,2025-09-15,sh.601006,2025-09-10 20:06:40.577720
0.0815,2025-09-08,2025-09-15,sh.601006,2025-09-10 20:06:40.577720
0.08215,2025-09-09,2025-09-16,sh.601006,2025-09-10 20:06:40.577720
0.0815,2025-09-09,2025-09-16,sh.601006,2025-09-10 20:06:40.577720
0.0815,2025-09-09,2025-09-16,sh.601006,2025-09-10 20:06:40.577720
0.01175,2025-09-10,2025-09-17,sh.601006,2025-09-10 20:06:40.577720
0.01175,2025-09-10,2025-09-17,sh.601006,2025-09-10 20:06:40.577720
-0.01964,2025-09-08,2025-09-15,sh.601009,2025-09-10 20:06:40.577720
-0.01964,2025-09-08,2025-09-15,sh.601009,2025-09-10 20:06:40.577720
-0.00988,2025-09-08,2025-09-15,sh.601009,2025-09-10 20:06:40.577720
0.1487,2025-09-09,2025-09-16,sh.601009,2025-09-10 20:06:40.577720
0.154,2025-09-09,2025-09-16,sh.601009,2025-09-10 20:06:40.577720
0.154,2025-09-09,2025-09-16,sh.601009,2025-09-10 20:06:40.577720
0.0795,2025-09-10,2025-09-17,sh.601009,2025-09-10 20:06:40.577720
0.0795,2025-09-10,2025-09-17,sh.601009,2025-09-10 20:06:40.577720
-0.5225,2025-09-08,2025-09-15,sh.601012,2025-09-10 20:06:40.577720
-0.517,2025-09-08,2025-09-15,sh.601012,2025-09-10 20:06:40.577720
-0.5137,2025-09-08,2025-09-15,sh.601012,2025-09-10 20:06:40.577720
-0.4524,2025-09-09,2025-09-16,sh.601012,2025-09-10 20:06:40.577720
-0.4512,2025-09-09,2025-09-16,sh.601012,2025-09-10 20:06:40.577720
-0.455,2025-09-09,2025-09-16,sh.601012,2025-09-10 20:06:40.577720
-0.4915,2025-09-10,2025-09-17,sh.601012,2025-09-10 20:06:40.577720
-0.4985,2025-09-10,2025-09-17,sh.601012,2025-09-10 20:06:40.577720
0.15,2025-09-08,2025-09-15,sh.601021,2025-09-10 20:06:40.577720
0.15,2025-09-08,2025-09-15,sh.601021,2025-09-10 20:06:40.577720
0.15,2025-09-08,2025-09-15,sh.601021,2025-09-10 20:06:40.577720
0.0699,2025-09-09,2025-09-16,sh.601021,2025-09-10 20:06:40.577720
0.06088,2025-09-09,2025-09-16,sh.601021,2025-09-10 20:06:40.577720
0.06088,2025-09-09,2025-09-16,sh.601021,2025-09-10 20:06:40.577720
0.0411,2025-09-10,2025-09-17,sh.601021,2025-09-10 20:06:40.577720
0.03952,2025-09-10,2025-09-17,sh.601021,2025-09-10 20:06:40.577720
0.05334,2025-09-08,2025-09-15,sh.601058,2025-09-10 20:06:40.577720
0.0604,2025-09-08,2025-09-15,sh.601058,2025-09-10 20:06:40.577720
0.0638,2025-09-08,2025-09-15,sh.601058,2025-09-10 20:06:40.577720
-0.06323,2025-09-09,2025-09-16,sh.601058,2025-09-10 20:06:40.577720
-0.0361,2025-09-09,2025-09-16,sh.601058,2025-09-10 20:06:40.577720
-0.0633,2025-09-09,2025-09-16,sh.601058,2025-09-10 20:06:40.577720
-0.05392,2025-09-10,2025-09-17,sh.601058,2025-09-10 20:06:40.577720
-0.0539,2025-09-10,2025-09-17,sh.601058,2025-09-10 20:06:40.577720
0.00624,2025-09-08,2025-09-15,sh.601066,2025-09-10 20:06:40.577720
0.00624,2025-09-08,2025-09-15,sh.601066,2025-09-10 20:06:40.577720
0.006405,2025-09-08,2025-09-15,sh.601066,2025-09-10 20:06:40.577720
0.08234,2025-09-09,2025-09-16,sh.601066,2025-09-10 20:06:40.577720
0.08234,2025-09-09,2025-09-16,sh.601066,2025-09-10 20:06:40.577720
0.08234,2025-09-09,2025-09-16,sh.601066,2025-09-10 20:06:40.577720
0.0707,2025-09-10,2025-09-17,sh.601066,2025-09-10 20:06:40.577720
0.0704,2025-09-10,2025-09-17,sh.601066,2025-09-10 20:06:40.577720
0.0318,2025-09-08,2025-09-15,sh.601077,2025-09-10 20:06:40.577720
0.0318,2025-09-08,2025-09-15,sh.601077,2025-09-10 20:06:40.577720
0.0318,2025-09-08,2025-09-15,sh.601077,2025-09-10 20:06:40.577720
0.0401,2025-09-09,2025-09-16,sh.601077,2025-09-10 20:06:40.577720
0.0401,2025-09-09,2025-09-16,sh.601077,2025-09-10 20:06:40.577720
0.0401,2025-09-09,2025-09-16,sh.601077,2025-09-10 20:06:40.577720
0.011536,2025-09-10,2025-09-17,sh.601077,2025-09-10 20:06:40.577720
0.011536,2025-09-10,2025-09-17,sh.601077,2025-09-10 20:06:40.577720
0.01492,2025-09-08,2025-09-15,sh.601088,2025-09-10 20:06:40.577720
0.01492,2025-09-08,2025-09-15,sh.601088,2025-09-10 20:06:40.577720
0.0239,2025-09-08,2025-09-15,sh.601088,2025-09-10 20:06:40.577720
0.07684,2025-09-09,2025-09-16,sh.601088,2025-09-10 20:06:40.577720
0.07666,2025-09-09,2025-09-16,sh.601088,2025-09-10 20:06:40.577720
0.07666,2025-09-09,2025-09-16,sh.601088,2025-09-10 20:06:40.577720
0.03125,2025-09-10,2025-09-17,sh.601088,2025-09-10 20:06:40.577720
0.03992,2025-09-10,2025-09-17,sh.601088,2025-09-10 20:06:40.577720
-0.3032,2025-09-08,2025-09-15,sh.601100,2025-09-10 20:06:40.577720
-0.3071,2025-09-08,2025-09-15,sh.601100,2025-09-10 20:06:40.577720
-0.3115,2025-09-08,2025-09-15,sh.601100,2025-09-10 20:06:40.577720
-0.2693,2025-09-09,2025-09-16,sh.601100,2025-09-10 20:06:40.577720
-0.2751,2025-09-09,2025-09-16,sh.601100,2025-09-10 20:06:40.577720
-0.273,2025-09-09,2025-09-16,sh.601100,2025-09-10 20:06:40.577720
-0.1326,2025-09-10,2025-09-17,sh.601100,2025-09-10 20:06:40.577720
-0.1433,2025-09-10,2025-09-17,sh.601100,2025-09-10 20:06:40.577720
0.04053,2025-09-08,2025-09-15,sh.601111,2025-09-10 20:06:40.577720
0.04053,2025-09-08,2025-09-15,sh.601111,2025-09-10 20:06:40.577720
0.04053,2025-09-08,2025-09-15,sh.601111,2025-09-10 20:06:40.577720
-0.002203,2025-09-09,2025-09-16,sh.601111,2025-09-10 20:06:40.577720
-0.002203,2025-09-09,2025-09-16,sh.601111,2025-09-10 20:06:40.577720
-0.002203,2025-09-09,2025-09-16,sh.601111,2025-09-10 20:06:40.577720
-0.002203,2025-09-10,2025-09-17,sh.601111,2025-09-10 20:06:40.577720
-0.002203,2025-09-10,2025-09-17,sh.601111,2025-09-10 20:06:40.577720
0.0631,2025-09-08,2025-09-15,sh.601117,2025-09-10 20:06:40.577720
0.0631,2025-09-08,2025-09-15,sh.601117,2025-09-10 20:06:40.577720
0.0631,2025-09-08,2025-09-15,sh.601117,2025-09-10 20:06:40.577720
0.03653,2025-09-09,2025-09-16,sh.601117,2025-09-10 20:06:40.577720
0.03653,2025-09-09,2025-09-16,sh.601117,2025-09-10 20:06:40.577720
0.03653,2025-09-09,2025-09-16,sh.601117,2025-09-10 20:06:40.577720
0.052,2025-09-10,2025-09-17,sh.601117,2025-09-10 20:06:40.577720
0.052,2025-09-10,2025-09-17,sh.601117,2025-09-10 20:06:40.577720
-0.5396,2025-09-08,2025-09-15,sh.601127,2025-09-10 20:06:40.577720
-0.5356,2025-09-08,2025-09-15,sh.601127,2025-09-10 20:06:40.577720
-0.541,2025-09-08,2025-09-15,sh.601127,2025-09-10 20:06:40.577720
-0.3582,2025-09-09,2025-09-16,sh.601127,2025-09-10 20:06:40.577720
-0.3904,2025-09-09,2025-09-16,sh.601127,2025-09-10 20:06:40.577720
-0.384,2025-09-09,2025-09-16,sh.601127,2025-09-10 20:06:40.577720
-0.2329,2025-09-10,2025-09-17,sh.601127,2025-09-10 20:06:40.577720
-0.2278,2025-09-10,2025-09-17,sh.601127,2025-09-10 20:06:40.577720
-0.6533,2025-09-08,2025-09-15,sh.601138,2025-09-10 20:06:40.577720
-0.6567,2025-09-08,2025-09-15,sh.601138,2025-09-10 20:06:40.577720
-0.6562,2025-09-08,2025-09-15,sh.601138,2025-09-10 20:06:40.577720
-0.4116,2025-09-09,2025-09-16,sh.601138,2025-09-10 20:06:40.577720
-0.411,2025-09-09,2025-09-16,sh.601138,2025-09-10 20:06:40.577720
-0.4211,2025-09-09,2025-09-16,sh.601138,2025-09-10 20:06:40.577720
-0.1121,2025-09-10,2025-09-17,sh.601138,2025-09-10 20:06:40.577720
-0.10077,2025-09-10,2025-09-17,sh.601138,2025-09-10 20:06:40.577720
-0.0989,2025-09-08,2025-09-15,sh.601166,2025-09-10 20:06:40.577720
-0.0666,2025-09-08,2025-09-15,sh.601166,2025-09-10 20:06:40.577720
-0.0667,2025-09-08,2025-09-15,sh.601166,2025-09-10 20:06:40.577720
0.0952,2025-09-09,2025-09-16,sh.601166,2025-09-10 20:06:40.577720
0.1051,2025-09-09,2025-09-16,sh.601166,2025-09-10 20:06:40.577720
0.1346,2025-09-09,2025-09-16,sh.601166,2025-09-10 20:06:40.577720
0.07074,2025-09-10,2025-09-17,sh.601166,2025-09-10 20:06:40.577720
0.0708,2025-09-10,2025-09-17,sh.601166,2025-09-10 20:06:40.577720
-0.0396,2025-09-08,2025-09-15,sh.601169,2025-09-10 20:06:40.577720
-0.0396,2025-09-08,2025-09-15,sh.601169,2025-09-10 20:06:40.577720
-0.03824,2025-09-08,2025-09-15,sh.601169,2025-09-10 20:06:40.577720
-0.02515,2025-09-09,2025-09-16,sh.601169,2025-09-10 20:06:40.577720
-0.02515,2025-09-09,2025-09-16,sh.601169,2025-09-10 20:06:40.577720
-0.02515,2025-09-09,2025-09-16,sh.601169,2025-09-10 20:06:40.577720
0.0266,2025-09-10,2025-09-17,sh.601169,2025-09-10 20:06:40.577720
0.0266,2025-09-10,2025-09-17,sh.601169,2025-09-10 20:06:40.577720
0.01779,2025-09-08,2025-09-15,sh.601186,2025-09-10 20:06:40.577720
0.01779,2025-09-08,2025-09-15,sh.601186,2025-09-10 20:06:40.577720
0.01779,2025-09-08,2025-09-15,sh.601186,2025-09-10 20:06:40.577720
0.01779,2025-09-09,2025-09-16,sh.601186,2025-09-10 20:06:40.577720
0.01779,2025-09-09,2025-09-16,sh.601186,2025-09-10 20:06:40.577720
0.02965,2025-09-09,2025-09-16,sh.601186,2025-09-10 20:06:40.577720
-0.02504,2025-09-10,2025-09-17,sh.601186,2025-09-10 20:06:40.577720
0.02965,2025-09-10,2025-09-17,sh.601186,2025-09-10 20:06:40.577720
-0.01637,2025-09-08,2025-09-15,sh.601211,2025-09-10 20:06:40.577720
-0.01637,2025-09-08,2025-09-15,sh.601211,2025-09-10 20:06:40.577720
-0.01637,2025-09-08,2025-09-15,sh.601211,2025-09-10 20:06:40.577720
-0.004883,2025-09-09,2025-09-16,sh.601211,2025-09-10 20:06:40.577720
-0.004883,2025-09-09,2025-09-16,sh.601211,2025-09-10 20:06:40.577720
-0.004883,2025-09-09,2025-09-16,sh.601211,2025-09-10 20:06:40.577720
0.01776,2025-09-10,2025-09-17,sh.601211,2025-09-10 20:06:40.577720
0.01776,2025-09-10,2025-09-17,sh.601211,2025-09-10 20:06:40.577720
0.03732,2025-09-08,2025-09-15,sh.601225,2025-09-10 20:06:40.577720
0.03732,2025-09-08,2025-09-15,sh.601225,2025-09-10 20:06:40.577720
0.03732,2025-09-08,2025-09-15,sh.601225,2025-09-10 20:06:40.577720
0.0764,2025-09-09,2025-09-16,sh.601225,2025-09-10 20:06:40.577720
0.0764,2025-09-09,2025-09-16,sh.601225,2025-09-10 20:06:40.577720
0.0764,2025-09-09,2025-09-16,sh.601225,2025-09-10 20:06:40.577720
-0.01062,2025-09-10,2025-09-17,sh.601225,2025-09-10 20:06:40.577720
-0.01114,2025-09-10,2025-09-17,sh.601225,2025-09-10 20:06:40.577720
0.004715,2025-09-08,2025-09-15,sh.601229,2025-09-10 20:06:40.577720
0.02621,2025-09-08,2025-09-15,sh.601229,2025-09-10 20:06:40.577720
0.00503,2025-09-08,2025-09-15,sh.601229,2025-09-10 20:06:40.577720
0.0659,2025-09-09,2025-09-16,sh.601229,2025-09-10 20:06:40.577720
0.0659,2025-09-09,2025-09-16,sh.601229,2025-09-10 20:06:40.577720
0.0659,2025-09-09,2025-09-16,sh.601229,2025-09-10 20:06:40.577720
-0.04092,2025-09-10,2025-09-17,sh.601229,2025-09-10 20:06:40.577720
-0.002937,2025-09-10,2025-09-17,sh.601229,2025-09-10 20:06:40.577720
0.01262,2025-09-08,2025-09-15,sh.601236,2025-09-10 20:06:40.577720
0.01262,2025-09-08,2025-09-15,sh.601236,2025-09-10 20:06:40.577720
0.01262,2025-09-08,2025-09-15,sh.601236,2025-09-10 20:06:40.577720
0.01262,2025-09-09,2025-09-16,sh.601236,2025-09-10 20:06:40.577720
0.01262,2025-09-09,2025-09-16,sh.601236,2025-09-10 20:06:40.577720
0.01262,2025-09-09,2025-09-16,sh.601236,2025-09-10 20:06:40.577720
0.03326,2025-09-10,2025-09-17,sh.601236,2025-09-10 20:06:40.577720
0.03326,2025-09-10,2025-09-17,sh.601236,2025-09-10 20:06:40.577720
0.03223,2025-09-08,2025-09-15,sh.601238,2025-09-10 20:06:40.577720
0.03223,2025-09-08,2025-09-15,sh.601238,2025-09-10 20:06:40.577720
0.03223,2025-09-08,2025-09-15,sh.601238,2025-09-10 20:06:40.577720
0.05356,2025-09-09,2025-09-16,sh.601238,2025-09-10 20:06:40.577720
0.05356,2025-09-09,2025-09-16,sh.601238,2025-09-10 20:06:40.577720
0.0574,2025-09-09,2025-09-16,sh.601238,2025-09-10 20:06:40.577720
0.03162,2025-09-10,2025-09-17,sh.601238,2025-09-10 20:06:40.577720
0.0287,2025-09-10,2025-09-17,sh.601238,2025-09-10 20:06:40.577720
0.02216,2025-09-08,2025-09-15,sh.601288,2025-09-10 20:06:40.577720
0.02817,2025-09-08,2025-09-15,sh.601288,2025-09-10 20:06:40.577720
-0.014854,2025-09-08,2025-09-15,sh.601288,2025-09-10 20:06:40.577720
0.02557,2025-09-09,2025-09-16,sh.601288,2025-09-10 20:06:40.577720
0.02557,2025-09-09,2025-09-16,sh.601288,2025-09-10 20:06:40.577720
0.01233,2025-09-09,2025-09-16,sh.601288,2025-09-10 20:06:40.577720
0.0193,2025-09-10,2025-09-17,sh.601288,2025-09-10 20:06:40.577720
0.0193,2025-09-10,2025-09-17,sh.601288,2025-09-10 20:06:40.577720
0.05316,2025-08-25,2025-09-01,sh.601298,2025-09-10 20:06:40.577720
0.02605,2025-08-26,2025-09-02,sh.601298,2025-09-10 20:06:40.577720
0.05316,2025-08-27,2025-09-03,sh.601298,2025-09-10 20:06:40.577720
0.03104,2025-08-28,2025-09-04,sh.601298,2025-09-10 20:06:40.577720
0.03827,2025-08-29,2025-09-05,sh.601298,2025-09-10 20:06:40.577720
0.02966,2025-09-01,2025-09-08,sh.601298,2025-09-10 20:06:40.577720
0.02737,2025-09-02,2025-09-09,sh.601298,2025-09-10 20:06:40.577720
0.03038,2025-09-03,2025-09-10,sh.601298,2025-09-10 20:06:40.577720
0.00208,2025-09-04,2025-09-11,sh.601298,2025-09-10 20:06:40.577720
-0.03052,2025-09-05,2025-09-12,sh.601298,2025-09-10 20:06:40.577720
0.01538,2025-09-08,2025-09-15,sh.601298,2025-09-10 20:06:40.577720
0.01538,2025-09-08,2025-09-15,sh.601298,2025-09-10 20:06:40.577720
0.01538,2025-09-08,2025-09-15,sh.601298,2025-09-10 20:06:40.577720
0.01903,2025-09-09,2025-09-16,sh.601298,2025-09-10 20:06:40.577720
0.01903,2025-09-09,2025-09-16,sh.601298,2025-09-10 20:06:40.577720
0.01903,2025-09-09,2025-09-16,sh.601298,2025-09-10 20:06:40.577720
0.02081,2025-09-10,2025-09-17,sh.601298,2025-09-10 20:06:40.577720
0.02081,2025-09-10,2025-09-17,sh.601298,2025-09-10 20:06:40.577720
0.05515,2025-09-08,2025-09-15,sh.601318,2025-09-10 20:06:40.577720
0.05505,2025-09-08,2025-09-15,sh.601318,2025-09-10 20:06:40.577720
0.04703,2025-09-08,2025-09-15,sh.601318,2025-09-10 20:06:40.577720
0.0944,2025-09-09,2025-09-16,sh.601318,2025-09-10 20:06:40.577720
0.10333,2025-09-09,2025-09-16,sh.601318,2025-09-10 20:06:40.577720
0.0804,2025-09-09,2025-09-16,sh.601318,2025-09-10 20:06:40.577720
0.1071,2025-09-10,2025-09-17,sh.601318,2025-09-10 20:06:40.577720
0.1091,2025-09-10,2025-09-17,sh.601318,2025-09-10 20:06:40.577720
-0.01316,2025-09-08,2025-09-15,sh.601319,2025-09-10 20:06:40.577720
-0.01316,2025-09-08,2025-09-15,sh.601319,2025-09-10 20:06:40.577720
-0.01316,2025-09-08,2025-09-15,sh.601319,2025-09-10 20:06:40.577720
0.0008855,2025-09-09,2025-09-16,sh.601319,2025-09-10 20:06:40.577720
0.0008855,2025-09-09,2025-09-16,sh.601319,2025-09-10 20:06:40.577720
0.0008855,2025-09-09,2025-09-16,sh.601319,2025-09-10 20:06:40.577720
0.0373,2025-09-10,2025-09-17,sh.601319,2025-09-10 20:06:40.577720
0.0373,2025-09-10,2025-09-17,sh.601319,2025-09-10 20:06:40.577720
0.00927,2025-09-08,2025-09-15,sh.601328,2025-09-10 20:06:40.577720
0.00927,2025-09-08,2025-09-15,sh.601328,2025-09-10 20:06:40.577720
0.00918,2025-09-08,2025-09-15,sh.601328,2025-09-10 20:06:40.577720
0.00144,2025-09-09,2025-09-16,sh.601328,2025-09-10 20:06:40.577720
0.00144,2025-09-09,2025-09-16,sh.601328,2025-09-10 20:06:40.577720
0.00144,2025-09-09,2025-09-16,sh.601328,2025-09-10 20:06:40.577720
-0.0008383,2025-09-10,2025-09-17,sh.601328,2025-09-10 20:06:40.577720
-0.02608,2025-09-10,2025-09-17,sh.601328,2025-09-10 20:06:40.577720
-0.10986,2025-09-08,2025-09-15,sh.601336,2025-09-10 20:06:40.577720
-0.1097,2025-09-08,2025-09-15,sh.601336,2025-09-10 20:06:40.577720
-0.10974,2025-09-08,2025-09-15,sh.601336,2025-09-10 20:06:40.577720
-0.03534,2025-09-09,2025-09-16,sh.601336,2025-09-10 20:06:40.577720
-0.03079,2025-09-09,2025-09-16,sh.601336,2025-09-10 20:06:40.577720
-0.02673,2025-09-09,2025-09-16,sh.601336,2025-09-10 20:06:40.577720
-0.03433,2025-09-10,2025-09-17,sh.601336,2025-09-10 20:06:40.577720
-0.05695,2025-09-10,2025-09-17,sh.601336,2025-09-10 20:06:40.577720
0.00977,2025-09-08,2025-09-15,sh.601360,2025-09-10 20:06:40.577720
0.012,2025-09-08,2025-09-15,sh.601360,2025-09-10 20:06:40.577720
-0.001341,2025-09-08,2025-09-15,sh.601360,2025-09-10 20:06:40.577720
-0.05896,2025-09-09,2025-09-16,sh.601360,2025-09-10 20:06:40.577720
-0.05872,2025-09-09,2025-09-16,sh.601360,2025-09-10 20:06:40.577720
-0.05872,2025-09-09,2025-09-16,sh.601360,2025-09-10 20:06:40.577720
-0.01805,2025-09-10,2025-09-17,sh.601360,2025-09-10 20:06:40.577720
-0.01337,2025-09-10,2025-09-17,sh.601360,2025-09-10 20:06:40.577720
0.01782,2025-09-08,2025-09-15,sh.601377,2025-09-10 20:06:40.577720
0.01782,2025-09-08,2025-09-15,sh.601377,2025-09-10 20:06:40.577720
0.01782,2025-09-08,2025-09-15,sh.601377,2025-09-10 20:06:40.577720
0.012634,2025-09-09,2025-09-16,sh.601377,2025-09-10 20:06:40.577720
0.012634,2025-09-09,2025-09-16,sh.601377,2025-09-10 20:06:40.577720
0.012634,2025-09-09,2025-09-16,sh.601377,2025-09-10 20:06:40.577720
0.0125,2025-09-10,2025-09-17,sh.601377,2025-09-10 20:06:40.577720
0.02373,2025-09-10,2025-09-17,sh.601377,2025-09-10 20:06:40.577720
0.02698,2025-09-08,2025-09-15,sh.601390,2025-09-10 20:06:40.577720
0.02698,2025-09-08,2025-09-15,sh.601390,2025-09-10 20:06:40.577720
0.01747,2025-09-08,2025-09-15,sh.601390,2025-09-10 20:06:40.577720
0.02867,2025-09-09,2025-09-16,sh.601390,2025-09-10 20:06:40.577720
0.02304,2025-09-09,2025-09-16,sh.601390,2025-09-10 20:06:40.577720
0.02304,2025-09-09,2025-09-16,sh.601390,2025-09-10 20:06:40.577720
0.01747,2025-09-10,2025-09-17,sh.601390,2025-09-10 20:06:40.577720
0.01747,2025-09-10,2025-09-17,sh.601390,2025-09-10 20:06:40.577720
0.02419,2025-09-08,2025-09-15,sh.601398,2025-09-10 20:06:40.577720
0.02419,2025-09-08,2025-09-15,sh.601398,2025-09-10 20:06:40.577720
0.02419,2025-09-08,2025-09-15,sh.601398,2025-09-10 20:06:40.577720
-0.01064,2025-09-09,2025-09-16,sh.601398,2025-09-10 20:06:40.577720
-0.01064,2025-09-09,2025-09-16,sh.601398,2025-09-10 20:06:40.577720
-0.01064,2025-09-09,2025-09-16,sh.601398,2025-09-10 20:06:40.577720
-0.001928,2025-09-10,2025-09-17,sh.601398,2025-09-10 20:06:40.577720
-0.001928,2025-09-10,2025-09-17,sh.601398,2025-09-10 20:06:40.577720
0.03156,2025-09-08,2025-09-15,sh.601600,2025-09-10 20:06:40.577720
0.03156,2025-09-08,2025-09-15,sh.601600,2025-09-10 20:06:40.577720
0.03156,2025-09-08,2025-09-15,sh.601600,2025-09-10 20:06:40.577720
0.03156,2025-09-09,2025-09-16,sh.601600,2025-09-10 20:06:40.577720
0.03156,2025-09-09,2025-09-16,sh.601600,2025-09-10 20:06:40.577720
0.03156,2025-09-09,2025-09-16,sh.601600,2025-09-10 20:06:40.577720
0.03577,2025-09-10,2025-09-17,sh.601600,2025-09-10 20:06:40.577720
0.03577,2025-09-10,2025-09-17,sh.601600,2025-09-10 20:06:40.577720
-0.08575,2025-09-08,2025-09-15,sh.601601,2025-09-10 20:06:40.577720
-0.0933,2025-09-08,2025-09-15,sh.601601,2025-09-10 20:06:40.577720
-0.1074,2025-09-08,2025-09-15,sh.601601,2025-09-10 20:06:40.577720
-0.05008,2025-09-09,2025-09-16,sh.601601,2025-09-10 20:06:40.577720
-0.05008,2025-09-09,2025-09-16,sh.601601,2025-09-10 20:06:40.577720
-0.0648,2025-09-09,2025-09-16,sh.601601,2025-09-10 20:06:40.577720
0.03467,2025-09-10,2025-09-17,sh.601601,2025-09-10 20:06:40.577720
0.0337,2025-09-10,2025-09-17,sh.601601,2025-09-10 20:06:40.577720
0.1426,2025-09-08,2025-09-15,sh.601607,2025-09-10 20:06:40.577720
0.1572,2025-09-08,2025-09-15,sh.601607,2025-09-10 20:06:40.577720
0.1572,2025-09-08,2025-09-15,sh.601607,2025-09-10 20:06:40.577720
-0.02184,2025-09-09,2025-09-16,sh.601607,2025-09-10 20:06:40.577720
-0.02156,2025-09-09,2025-09-16,sh.601607,2025-09-10 20:06:40.577720
-0.01979,2025-09-09,2025-09-16,sh.601607,2025-09-10 20:06:40.577720
0.04767,2025-09-10,2025-09-17,sh.601607,2025-09-10 20:06:40.577720
0.06155,2025-09-10,2025-09-17,sh.601607,2025-09-10 20:06:40.577720
0.03302,2025-09-08,2025-09-15,sh.601618,2025-09-10 20:06:40.577720
0.03302,2025-09-08,2025-09-15,sh.601618,2025-09-10 20:06:40.577720
0.03302,2025-09-08,2025-09-15,sh.601618,2025-09-10 20:06:40.577720
0.03302,2025-09-09,2025-09-16,sh.601618,2025-09-10 20:06:40.577720
0.03302,2025-09-09,2025-09-16,sh.601618,2025-09-10 20:06:40.577720
0.03302,2025-09-09,2025-09-16,sh.601618,2025-09-10 20:06:40.577720
0.01831,2025-09-10,2025-09-17,sh.601618,2025-09-10 20:06:40.577720
0.01831,2025-09-10,2025-09-17,sh.601618,2025-09-10 20:06:40.577720
0.03217,2025-09-08,2025-09-15,sh.601628,2025-09-10 20:06:40.577720
0.03217,2025-09-08,2025-09-15,sh.601628,2025-09-10 20:06:40.577720
0.03506,2025-09-08,2025-09-15,sh.601628,2025-09-10 20:06:40.577720
0.0908,2025-09-09,2025-09-16,sh.601628,2025-09-10 20:06:40.577720
0.09467,2025-09-09,2025-09-16,sh.601628,2025-09-10 20:06:40.577720
0.085,2025-09-09,2025-09-16,sh.601628,2025-09-10 20:06:40.577720
0.0809,2025-09-10,2025-09-17,sh.601628,2025-09-10 20:06:40.577720
0.0809,2025-09-10,2025-09-17,sh.601628,2025-09-10 20:06:40.577720
-0.073,2025-09-08,2025-09-15,sh.601633,2025-09-10 20:06:40.577720
-0.073,2025-09-08,2025-09-15,sh.601633,2025-09-10 20:06:40.577720
-0.0751,2025-09-08,2025-09-15,sh.601633,2025-09-10 20:06:40.577720
0.1522,2025-09-09,2025-09-16,sh.601633,2025-09-10 20:06:40.577720
0.1522,2025-09-09,2025-09-16,sh.601633,2025-09-10 20:06:40.577720
0.1522,2025-09-09,2025-09-16,sh.601633,2025-09-10 20:06:40.577720
-0.1515,2025-09-10,2025-09-17,sh.601633,2025-09-10 20:06:40.577720
-0.1515,2025-09-10,2025-09-17,sh.601633,2025-09-10 20:06:40.577720
0.01695,2025-09-08,2025-09-15,sh.601658,2025-09-10 20:06:40.577720
0.01695,2025-09-08,2025-09-15,sh.601658,2025-09-10 20:06:40.577720
0.01695,2025-09-08,2025-09-15,sh.601658,2025-09-10 20:06:40.577720
0.02486,2025-09-09,2025-09-16,sh.601658,2025-09-10 20:06:40.577720
0.029,2025-09-09,2025-09-16,sh.601658,2025-09-10 20:06:40.577720
0.029,2025-09-09,2025-09-16,sh.601658,2025-09-10 20:06:40.577720
0.029,2025-09-10,2025-09-17,sh.601658,2025-09-10 20:06:40.577720
0.029,2025-09-10,2025-09-17,sh.601658,2025-09-10 20:06:40.577720
0.0796,2025-09-08,2025-09-15,sh.601668,2025-09-10 20:06:40.577720
0.0796,2025-09-08,2025-09-15,sh.601668,2025-09-10 20:06:40.577720
0.0796,2025-09-08,2025-09-15,sh.601668,2025-09-10 20:06:40.577720
0.1036,2025-09-09,2025-09-16,sh.601668,2025-09-10 20:06:40.577720
0.1036,2025-09-09,2025-09-16,sh.601668,2025-09-10 20:06:40.577720
0.1036,2025-09-09,2025-09-16,sh.601668,2025-09-10 20:06:40.577720
0.1036,2025-09-10,2025-09-17,sh.601668,2025-09-10 20:06:40.577720
0.1036,2025-09-10,2025-09-17,sh.601668,2025-09-10 20:06:40.577720
0.09875,2025-09-08,2025-09-15,sh.601669,2025-09-10 20:06:40.577720
0.09875,2025-09-08,2025-09-15,sh.601669,2025-09-10 20:06:40.577720
0.07385,2025-09-08,2025-09-15,sh.601669,2025-09-10 20:06:40.577720
0.07965,2025-09-09,2025-09-16,sh.601669,2025-09-10 20:06:40.577720
0.07965,2025-09-09,2025-09-16,sh.601669,2025-09-10 20:06:40.577720
0.07965,2025-09-09,2025-09-16,sh.601669,2025-09-10 20:06:40.577720
0.003828,2025-09-10,2025-09-17,sh.601669,2025-09-10 20:06:40.577720
0.003828,2025-09-10,2025-09-17,sh.601669,2025-09-10 20:06:40.577720
-0.03757,2025-09-08,2025-09-15,sh.601688,2025-09-10 20:06:40.577720
-0.03757,2025-09-08,2025-09-15,sh.601688,2025-09-10 20:06:40.577720
-0.03757,2025-09-08,2025-09-15,sh.601688,2025-09-10 20:06:40.577720
-0.0335,2025-09-09,2025-09-16,sh.601688,2025-09-10 20:06:40.577720
-0.05017,2025-09-09,2025-09-16,sh.601688,2025-09-10 20:06:40.577720
-0.04834,2025-09-09,2025-09-16,sh.601688,2025-09-10 20:06:40.577720
-0.05765,2025-09-10,2025-09-17,sh.601688,2025-09-10 20:06:40.577720
-0.0579,2025-09-10,2025-09-17,sh.601688,2025-09-10 20:06:40.577720
-0.06174,2025-09-08,2025-09-15,sh.601689,2025-09-10 20:06:40.577720
-0.06076,2025-09-08,2025-09-15,sh.601689,2025-09-10 20:06:40.577720
-0.06052,2025-09-08,2025-09-15,sh.601689,2025-09-10 20:06:40.577720
-0.1963,2025-09-09,2025-09-16,sh.601689,2025-09-10 20:06:40.577720
-0.1984,2025-09-09,2025-09-16,sh.601689,2025-09-10 20:06:40.577720
-0.1984,2025-09-09,2025-09-16,sh.601689,2025-09-10 20:06:40.577720
-0.5435,2025-09-10,2025-09-17,sh.601689,2025-09-10 20:06:40.577720
-0.5376,2025-09-10,2025-09-17,sh.601689,2025-09-10 20:06:40.577720
0.01255,2025-09-08,2025-09-15,sh.601698,2025-09-10 20:06:40.577720
0.01255,2025-09-08,2025-09-15,sh.601698,2025-09-10 20:06:40.577720
0.01255,2025-09-08,2025-09-15,sh.601698,2025-09-10 20:06:40.577720
-0.1593,2025-09-09,2025-09-16,sh.601698,2025-09-10 20:06:40.577720
-0.1593,2025-09-09,2025-09-16,sh.601698,2025-09-10 20:06:40.577720
-0.159,2025-09-09,2025-09-16,sh.601698,2025-09-10 20:06:40.577720
-0.04987,2025-09-10,2025-09-17,sh.601698,2025-09-10 20:06:40.577720
-0.0207,2025-09-10,2025-09-17,sh.601698,2025-09-10 20:06:40.577720
0.1442,2025-09-08,2025-09-15,sh.601699,2025-09-10 20:06:40.577720
0.1381,2025-09-08,2025-09-15,sh.601699,2025-09-10 20:06:40.577720
0.1381,2025-09-08,2025-09-15,sh.601699,2025-09-10 20:06:40.577720
-0.1335,2025-09-09,2025-09-16,sh.601699,2025-09-10 20:06:40.577720
-0.1261,2025-09-09,2025-09-16,sh.601699,2025-09-10 20:06:40.577720
-0.126,2025-09-09,2025-09-16,sh.601699,2025-09-10 20:06:40.577720
-0.0967,2025-09-10,2025-09-17,sh.601699,2025-09-10 20:06:40.577720
-0.07556,2025-09-10,2025-09-17,sh.601699,2025-09-10 20:06:40.577720
-0.01935,2025-09-08,2025-09-15,sh.601728,2025-09-10 20:06:40.577720
-0.02065,2025-09-08,2025-09-15,sh.601728,2025-09-10 20:06:40.577720
-0.02065,2025-09-08,2025-09-15,sh.601728,2025-09-10 20:06:40.577720
-0.03918,2025-09-09,2025-09-16,sh.601728,2025-09-10 20:06:40.577720
-0.03918,2025-09-09,2025-09-16,sh.601728,2025-09-10 20:06:40.577720
-0.03918,2025-09-09,2025-09-16,sh.601728,2025-09-10 20:06:40.577720
-0.02065,2025-09-10,2025-09-17,sh.601728,2025-09-10 20:06:40.577720
-0.02065,2025-09-10,2025-09-17,sh.601728,2025-09-10 20:06:40.577720
0.03613,2025-09-08,2025-09-15,sh.601766,2025-09-10 20:06:40.577720
0.03613,2025-09-08,2025-09-15,sh.601766,2025-09-10 20:06:40.577720
0.03613,2025-09-08,2025-09-15,sh.601766,2025-09-10 20:06:40.577720
0.0435,2025-09-09,2025-09-16,sh.601766,2025-09-10 20:06:40.577720
0.0435,2025-09-09,2025-09-16,sh.601766,2025-09-10 20:06:40.577720
0.0435,2025-09-09,2025-09-16,sh.601766,2025-09-10 20:06:40.577720
0.04578,2025-09-10,2025-09-17,sh.601766,2025-09-10 20:06:40.577720
0.04578,2025-09-10,2025-09-17,sh.601766,2025-09-10 20:06:40.577720
-0.00706,2025-09-08,2025-09-15,sh.601788,2025-09-10 20:06:40.577720
-0.001804,2025-09-08,2025-09-15,sh.601788,2025-09-10 20:06:40.577720
-0.00706,2025-09-08,2025-09-15,sh.601788,2025-09-10 20:06:40.577720
0.06235,2025-09-09,2025-09-16,sh.601788,2025-09-10 20:06:40.577720
0.0651,2025-09-09,2025-09-16,sh.601788,2025-09-10 20:06:40.577720
0.0651,2025-09-09,2025-09-16,sh.601788,2025-09-10 20:06:40.577720
0.00514,2025-09-10,2025-09-17,sh.601788,2025-09-10 20:06:40.577720
0.00514,2025-09-10,2025-09-17,sh.601788,2025-09-10 20:06:40.577720
0.06287,2025-09-08,2025-09-15,sh.601799,2025-09-10 20:06:40.577720
0.0621,2025-09-08,2025-09-15,sh.601799,2025-09-10 20:06:40.577720
0.0665,2025-09-08,2025-09-15,sh.601799,2025-09-10 20:06:40.577720
0.06006,2025-09-09,2025-09-16,sh.601799,2025-09-10 20:06:40.577720
0.06006,2025-09-09,2025-09-16,sh.601799,2025-09-10 20:06:40.577720
0.06006,2025-09-09,2025-09-16,sh.601799,2025-09-10 20:06:40.577720
0.156,2025-09-10,2025-09-17,sh.601799,2025-09-10 20:06:40.577720
0.1501,2025-09-10,2025-09-17,sh.601799,2025-09-10 20:06:40.577720
0.02536,2025-09-08,2025-09-15,sh.601800,2025-09-10 20:06:40.577720
0.02536,2025-09-08,2025-09-15,sh.601800,2025-09-10 20:06:40.577720
0.02536,2025-09-08,2025-09-15,sh.601800,2025-09-10 20:06:40.577720
-0.00678,2025-09-09,2025-09-16,sh.601800,2025-09-10 20:06:40.577720
-0.00678,2025-09-09,2025-09-16,sh.601800,2025-09-10 20:06:40.577720
-0.00678,2025-09-09,2025-09-16,sh.601800,2025-09-10 20:06:40.577720
0.07806,2025-09-10,2025-09-17,sh.601800,2025-09-10 20:06:40.577720
0.06058,2025-09-10,2025-09-17,sh.601800,2025-09-10 20:06:40.577720
0.0726,2025-09-08,2025-09-15,sh.601808,2025-09-10 20:06:40.577720
0.0726,2025-09-08,2025-09-15,sh.601808,2025-09-10 20:06:40.577720
0.0726,2025-09-08,2025-09-15,sh.601808,2025-09-10 20:06:40.577720
0.01334,2025-09-09,2025-09-16,sh.601808,2025-09-10 20:06:40.577720
0.01334,2025-09-09,2025-09-16,sh.601808,2025-09-10 20:06:40.577720
0.01334,2025-09-09,2025-09-16,sh.601808,2025-09-10 20:06:40.577720
0.0726,2025-09-10,2025-09-17,sh.601808,2025-09-10 20:06:40.577720
0.0726,2025-09-10,2025-09-17,sh.601808,2025-09-10 20:06:40.577720
0.03583,2025-09-08,2025-09-15,sh.601816,2025-09-10 20:06:40.577720
0.03583,2025-09-08,2025-09-15,sh.601816,2025-09-10 20:06:40.577720
0.03583,2025-09-08,2025-09-15,sh.601816,2025-09-10 20:06:40.577720
0.03583,2025-09-09,2025-09-16,sh.601816,2025-09-10 20:06:40.577720
0.03583,2025-09-09,2025-09-16,sh.601816,2025-09-10 20:06:40.577720
0.03583,2025-09-09,2025-09-16,sh.601816,2025-09-10 20:06:40.577720
0.03583,2025-09-10,2025-09-17,sh.601816,2025-09-10 20:06:40.577720
0.03583,2025-09-10,2025-09-17,sh.601816,2025-09-10 20:06:40.577720
-0.006508,2025-09-08,2025-09-15,sh.601818,2025-09-10 20:06:40.577720
-0.006508,2025-09-08,2025-09-15,sh.601818,2025-09-10 20:06:40.577720
-0.006508,2025-09-08,2025-09-15,sh.601818,2025-09-10 20:06:40.577720
0.0965,2025-09-09,2025-09-16,sh.601818,2025-09-10 20:06:40.577720
0.0965,2025-09-09,2025-09-16,sh.601818,2025-09-10 20:06:40.577720
0.0965,2025-09-09,2025-09-16,sh.601818,2025-09-10 20:06:40.577720
0.0965,2025-09-10,2025-09-17,sh.601818,2025-09-10 20:06:40.577720
0.0965,2025-09-10,2025-09-17,sh.601818,2025-09-10 20:06:40.577720
-0.006855,2025-09-08,2025-09-15,sh.601825,2025-09-10 20:06:40.577720
-0.006855,2025-09-08,2025-09-15,sh.601825,2025-09-10 20:06:40.577720
-0.006855,2025-09-08,2025-09-15,sh.601825,2025-09-10 20:06:40.577720
0.02571,2025-09-09,2025-09-16,sh.601825,2025-09-10 20:06:40.577720
0.02571,2025-09-09,2025-09-16,sh.601825,2025-09-10 20:06:40.577720
0.02571,2025-09-09,2025-09-16,sh.601825,2025-09-10 20:06:40.577720
0.02571,2025-09-10,2025-09-17,sh.601825,2025-09-10 20:06:40.577720
0.02571,2025-09-10,2025-09-17,sh.601825,2025-09-10 20:06:40.577720
-0.002443,2025-09-08,2025-09-15,sh.601838,2025-09-10 20:06:40.577720
-0.002443,2025-09-08,2025-09-15,sh.601838,2025-09-10 20:06:40.577720
0.003244,2025-09-08,2025-09-15,sh.601838,2025-09-10 20:06:40.577720
0.05167,2025-09-09,2025-09-16,sh.601838,2025-09-10 20:06:40.577720
0.05167,2025-09-09,2025-09-16,sh.601838,2025-09-10 20:06:40.577720
0.05167,2025-09-09,2025-09-16,sh.601838,2025-09-10 20:06:40.577720
-0.00988,2025-09-10,2025-09-17,sh.601838,2025-09-10 20:06:40.577720
-0.02779,2025-09-10,2025-09-17,sh.601838,2025-09-10 20:06:40.577720
0.05743,2025-09-08,2025-09-15,sh.601857,2025-09-10 20:06:40.577720
0.05743,2025-09-08,2025-09-15,sh.601857,2025-09-10 20:06:40.577720
0.05743,2025-09-08,2025-09-15,sh.601857,2025-09-10 20:06:40.577720
-0.00824,2025-09-09,2025-09-16,sh.601857,2025-09-10 20:06:40.577720
-0.00434,2025-09-09,2025-09-16,sh.601857,2025-09-10 20:06:40.577720
-0.01422,2025-09-09,2025-09-16,sh.601857,2025-09-10 20:06:40.577720
-0.01715,2025-09-10,2025-09-17,sh.601857,2025-09-10 20:06:40.577720
-0.01715,2025-09-10,2025-09-17,sh.601857,2025-09-10 20:06:40.577720
0.09564,2025-09-08,2025-09-15,sh.601865,2025-09-10 20:06:40.577720
0.09564,2025-09-08,2025-09-15,sh.601865,2025-09-10 20:06:40.577720
0.09564,2025-09-08,2025-09-15,sh.601865,2025-09-10 20:06:40.577720
0.01073,2025-09-09,2025-09-16,sh.601865,2025-09-10 20:06:40.577720
0.01073,2025-09-09,2025-09-16,sh.601865,2025-09-10 20:06:40.577720
0.01053,2025-09-09,2025-09-16,sh.601865,2025-09-10 20:06:40.577720
0.1003,2025-09-10,2025-09-17,sh.601865,2025-09-10 20:06:40.577720
0.0951,2025-09-10,2025-09-17,sh.601865,2025-09-10 20:06:40.577720
-0.04825,2025-09-08,2025-09-15,sh.601868,2025-09-10 20:06:40.577720
-0.04825,2025-09-08,2025-09-15,sh.601868,2025-09-10 20:06:40.577720
-0.04825,2025-09-08,2025-09-15,sh.601868,2025-09-10 20:06:40.577720
-0.0446,2025-09-09,2025-09-16,sh.601868,2025-09-10 20:06:40.577720
-0.0446,2025-09-09,2025-09-16,sh.601868,2025-09-10 20:06:40.577720
-0.0446,2025-09-09,2025-09-16,sh.601868,2025-09-10 20:06:40.577720
-0.010925,2025-09-10,2025-09-17,sh.601868,2025-09-10 20:06:40.577720
-0.010925,2025-09-10,2025-09-17,sh.601868,2025-09-10 20:06:40.577720
0.09753,2025-09-08,2025-09-15,sh.601872,2025-09-10 20:06:40.577720
0.09753,2025-09-08,2025-09-15,sh.601872,2025-09-10 20:06:40.577720
0.09753,2025-09-08,2025-09-15,sh.601872,2025-09-10 20:06:40.577720
-0.01496,2025-09-09,2025-09-16,sh.601872,2025-09-10 20:06:40.577720
-0.01496,2025-09-09,2025-09-16,sh.601872,2025-09-10 20:06:40.577720
-0.01496,2025-09-09,2025-09-16,sh.601872,2025-09-10 20:06:40.577720
0.0732,2025-09-10,2025-09-17,sh.601872,2025-09-10 20:06:40.577720
0.0732,2025-09-10,2025-09-17,sh.601872,2025-09-10 20:06:40.577720
-0.2432,2025-09-08,2025-09-15,sh.601877,2025-09-10 20:06:40.577720
-0.2432,2025-09-08,2025-09-15,sh.601877,2025-09-10 20:06:40.577720
-0.2432,2025-09-08,2025-09-15,sh.601877,2025-09-10 20:06:40.577720
-0.10583,2025-09-09,2025-09-16,sh.601877,2025-09-10 20:06:40.577720
-0.10583,2025-09-09,2025-09-16,sh.601877,2025-09-10 20:06:40.577720
-0.10583,2025-09-09,2025-09-16,sh.601877,2025-09-10 20:06:40.577720
-0.1034,2025-09-10,2025-09-17,sh.601877,2025-09-10 20:06:40.577720
-0.1034,2025-09-10,2025-09-17,sh.601877,2025-09-10 20:06:40.577720
0.01973,2025-09-08,2025-09-15,sh.601878,2025-09-10 20:06:40.577720
0.01973,2025-09-08,2025-09-15,sh.601878,2025-09-10 20:06:40.577720
0.01973,2025-09-08,2025-09-15,sh.601878,2025-09-10 20:06:40.577720
0.02022,2025-09-09,2025-09-16,sh.601878,2025-09-10 20:06:40.577720
0.02097,2025-09-09,2025-09-16,sh.601878,2025-09-10 20:06:40.577720
0.02022,2025-09-09,2025-09-16,sh.601878,2025-09-10 20:06:40.577720
0.02097,2025-09-10,2025-09-17,sh.601878,2025-09-10 20:06:40.577720
0.02097,2025-09-10,2025-09-17,sh.601878,2025-09-10 20:06:40.577720
-0.04477,2025-09-08,2025-09-15,sh.601881,2025-09-10 20:06:40.577720
-0.02818,2025-09-08,2025-09-15,sh.601881,2025-09-10 20:06:40.577720
-0.0338,2025-09-08,2025-09-15,sh.601881,2025-09-10 20:06:40.577720
0.007378,2025-09-09,2025-09-16,sh.601881,2025-09-10 20:06:40.577720
0.007378,2025-09-09,2025-09-16,sh.601881,2025-09-10 20:06:40.577720
0.003717,2025-09-09,2025-09-16,sh.601881,2025-09-10 20:06:40.577720
-0.04248,2025-09-10,2025-09-17,sh.601881,2025-09-10 20:06:40.577720
-0.04248,2025-09-10,2025-09-17,sh.601881,2025-09-10 20:06:40.577720
-0.367,2025-09-08,2025-09-15,sh.601888,2025-09-10 20:06:40.577720
-0.3682,2025-09-08,2025-09-15,sh.601888,2025-09-10 20:06:40.577720
-0.3691,2025-09-08,2025-09-15,sh.601888,2025-09-10 20:06:40.577720
-0.4202,2025-09-09,2025-09-16,sh.601888,2025-09-10 20:06:40.577720
-0.4104,2025-09-09,2025-09-16,sh.601888,2025-09-10 20:06:40.577720
-0.4155,2025-09-09,2025-09-16,sh.601888,2025-09-10 20:06:40.577720
-0.398,2025-09-10,2025-09-17,sh.601888,2025-09-10 20:06:40.577720
-0.4163,2025-09-10,2025-09-17,sh.601888,2025-09-10 20:06:40.577720
0.0329,2025-09-08,2025-09-15,sh.601898,2025-09-10 20:06:40.577720
0.0329,2025-09-08,2025-09-15,sh.601898,2025-09-10 20:06:40.577720
0.0329,2025-09-08,2025-09-15,sh.601898,2025-09-10 20:06:40.577720
0.02373,2025-09-09,2025-09-16,sh.601898,2025-09-10 20:06:40.577720
0.02386,2025-09-09,2025-09-16,sh.601898,2025-09-10 20:06:40.577720
0.02386,2025-09-09,2025-09-16,sh.601898,2025-09-10 20:06:40.577720
0.03717,2025-09-10,2025-09-17,sh.601898,2025-09-10 20:06:40.577720
0.03732,2025-09-10,2025-09-17,sh.601898,2025-09-10 20:06:40.577720
-0.3586,2025-09-08,2025-09-15,sh.601899,2025-09-10 20:06:40.577720
-0.359,2025-09-08,2025-09-15,sh.601899,2025-09-10 20:06:40.577720
-0.361,2025-09-08,2025-09-15,sh.601899,2025-09-10 20:06:40.577720
-0.1361,2025-09-09,2025-09-16,sh.601899,2025-09-10 20:06:40.577720
-0.1333,2025-09-09,2025-09-16,sh.601899,2025-09-10 20:06:40.577720
-0.1375,2025-09-09,2025-09-16,sh.601899,2025-09-10 20:06:40.577720
-0.01828,2025-09-10,2025-09-17,sh.601899,2025-09-10 20:06:40.577720
-0.01262,2025-09-10,2025-09-17,sh.601899,2025-09-10 20:06:40.577720
-0.000571,2025-09-08,2025-09-15,sh.601901,2025-09-10 20:06:40.577720
-0.000571,2025-09-08,2025-09-15,sh.601901,2025-09-10 20:06:40.577720
-0.000571,2025-09-08,2025-09-15,sh.601901,2025-09-10 20:06:40.577720
-0.007584,2025-09-09,2025-09-16,sh.601901,2025-09-10 20:06:40.577720
-0.007584,2025-09-09,2025-09-16,sh.601901,2025-09-10 20:06:40.577720
-0.02237,2025-09-09,2025-09-16,sh.601901,2025-09-10 20:06:40.577720
-0.00639,2025-09-10,2025-09-17,sh.601901,2025-09-10 20:06:40.577720
-0.00639,2025-09-10,2025-09-17,sh.601901,2025-09-10 20:06:40.577720
0.03915,2025-09-08,2025-09-15,sh.601916,2025-09-10 20:06:40.577720
0.03864,2025-09-08,2025-09-15,sh.601916,2025-09-10 20:06:40.577720
0.03943,2025-09-08,2025-09-15,sh.601916,2025-09-10 20:06:40.577720
0.02951,2025-09-09,2025-09-16,sh.601916,2025-09-10 20:06:40.577720
0.03943,2025-09-09,2025-09-16,sh.601916,2025-09-10 20:06:40.577720
0.02951,2025-09-09,2025-09-16,sh.601916,2025-09-10 20:06:40.577720
0.03943,2025-09-10,2025-09-17,sh.601916,2025-09-10 20:06:40.577720
0.02951,2025-09-10,2025-09-17,sh.601916,2025-09-10 20:06:40.577720
0.05048,2025-09-08,2025-09-15,sh.601919,2025-09-10 20:06:40.577720
0.05048,2025-09-08,2025-09-15,sh.601919,2025-09-10 20:06:40.577720
0.05048,2025-09-08,2025-09-15,sh.601919,2025-09-10 20:06:40.577720
0.01936,2025-09-09,2025-09-16,sh.601919,2025-09-10 20:06:40.577720
0.01936,2025-09-09,2025-09-16,sh.601919,2025-09-10 20:06:40.577720
0.02101,2025-09-09,2025-09-16,sh.601919,2025-09-10 20:06:40.577720
0.01388,2025-09-10,2025-09-17,sh.601919,2025-09-10 20:06:40.577720
0.01566,2025-09-10,2025-09-17,sh.601919,2025-09-10 20:06:40.577720
0.03516,2025-09-08,2025-09-15,sh.601939,2025-09-10 20:06:40.577720
0.03516,2025-09-08,2025-09-15,sh.601939,2025-09-10 20:06:40.577720
0.03516,2025-09-08,2025-09-15,sh.601939,2025-09-10 20:06:40.577720
0.03516,2025-09-09,2025-09-16,sh.601939,2025-09-10 20:06:40.577720
0.03516,2025-09-09,2025-09-16,sh.601939,2025-09-10 20:06:40.577720
0.03516,2025-09-09,2025-09-16,sh.601939,2025-09-10 20:06:40.577720
0.06647,2025-09-10,2025-09-17,sh.601939,2025-09-10 20:06:40.577720
0.05258,2025-09-10,2025-09-17,sh.601939,2025-09-10 20:06:40.577720
0.0621,2025-09-08,2025-09-15,sh.601985,2025-09-10 20:06:40.577720
0.0621,2025-09-08,2025-09-15,sh.601985,2025-09-10 20:06:40.577720
0.0621,2025-09-08,2025-09-15,sh.601985,2025-09-10 20:06:40.577720
0.0621,2025-09-09,2025-09-16,sh.601985,2025-09-10 20:06:40.577720
0.0621,2025-09-09,2025-09-16,sh.601985,2025-09-10 20:06:40.577720
0.0621,2025-09-09,2025-09-16,sh.601985,2025-09-10 20:06:40.577720
0.0621,2025-09-10,2025-09-17,sh.601985,2025-09-10 20:06:40.577720
0.05136,2025-09-10,2025-09-17,sh.601985,2025-09-10 20:06:40.577720
0.01741,2025-09-08,2025-09-15,sh.601988,2025-09-10 20:06:40.577720
0.01741,2025-09-08,2025-09-15,sh.601988,2025-09-10 20:06:40.577720
0.01764,2025-09-08,2025-09-15,sh.601988,2025-09-10 20:06:40.577720
0.03577,2025-09-09,2025-09-16,sh.601988,2025-09-10 20:06:40.577720
0.03577,2025-09-09,2025-09-16,sh.601988,2025-09-10 20:06:40.577720
0.03577,2025-09-09,2025-09-16,sh.601988,2025-09-10 20:06:40.577720
0.005974,2025-09-10,2025-09-17,sh.601988,2025-09-10 20:06:40.577720
0.02776,2025-09-10,2025-09-17,sh.601988,2025-09-10 20:06:40.577720
0.01551,2025-09-08,2025-09-15,sh.601995,2025-09-10 20:06:40.577720
0.01551,2025-09-08,2025-09-15,sh.601995,2025-09-10 20:06:40.577720
0.01573,2025-09-08,2025-09-15,sh.601995,2025-09-10 20:06:40.577720
0.0336,2025-09-09,2025-09-16,sh.601995,2025-09-10 20:06:40.577720
0.0336,2025-09-09,2025-09-16,sh.601995,2025-09-10 20:06:40.577720
0.0336,2025-09-09,2025-09-16,sh.601995,2025-09-10 20:06:40.577720
-0.001012,2025-09-10,2025-09-17,sh.601995,2025-09-10 20:06:40.577720
-0.001012,2025-09-10,2025-09-17,sh.601995,2025-09-10 20:06:40.577720
0.009476,2025-09-08,2025-09-15,sh.601998,2025-09-10 20:06:40.577720
0.009476,2025-09-08,2025-09-15,sh.601998,2025-09-10 20:06:40.577720
0.009476,2025-09-08,2025-09-15,sh.601998,2025-09-10 20:06:40.577720
0.01837,2025-09-09,2025-09-16,sh.601998,2025-09-10 20:06:40.577720
0.01837,2025-09-09,2025-09-16,sh.601998,2025-09-10 20:06:40.577720
0.02083,2025-09-09,2025-09-16,sh.601998,2025-09-10 20:06:40.577720
0.03528,2025-09-10,2025-09-17,sh.601998,2025-09-10 20:06:40.577720
0.03528,2025-09-10,2025-09-17,sh.601998,2025-09-10 20:06:40.577720
-0.3386,2025-09-08,2025-09-15,sh.603019,2025-09-10 20:06:40.577720
-0.34,2025-09-08,2025-09-15,sh.603019,2025-09-10 20:06:40.577720
-0.332,2025-09-08,2025-09-15,sh.603019,2025-09-10 20:06:40.577720
-0.4167,2025-09-09,2025-09-16,sh.603019,2025-09-10 20:06:40.577720
-0.409,2025-09-09,2025-09-16,sh.603019,2025-09-10 20:06:40.577720
-0.4138,2025-09-09,2025-09-16,sh.603019,2025-09-10 20:06:40.577720
-0.2119,2025-09-10,2025-09-17,sh.603019,2025-09-10 20:06:40.577720
-0.2057,2025-09-10,2025-09-17,sh.603019,2025-09-10 20:06:40.577720
0.1631,2025-09-08,2025-09-15,sh.603195,2025-09-10 20:06:40.577720
0.1631,2025-09-08,2025-09-15,sh.603195,2025-09-10 20:06:40.577720
0.1586,2025-09-08,2025-09-15,sh.603195,2025-09-10 20:06:40.577720
0.137,2025-09-09,2025-09-16,sh.603195,2025-09-10 20:06:40.577720
0.1381,2025-09-09,2025-09-16,sh.603195,2025-09-10 20:06:40.577720
0.1349,2025-09-09,2025-09-16,sh.603195,2025-09-10 20:06:40.577720
0.0726,2025-09-10,2025-09-17,sh.603195,2025-09-10 20:06:40.577720
0.08093,2025-09-10,2025-09-17,sh.603195,2025-09-10 20:06:40.577720
-0.2014,2025-09-08,2025-09-15,sh.603259,2025-09-10 20:06:40.577720
-0.2014,2025-09-08,2025-09-15,sh.603259,2025-09-10 20:06:40.577720
-0.1951,2025-09-08,2025-09-15,sh.603259,2025-09-10 20:06:40.577720
-0.749,2025-09-09,2025-09-16,sh.603259,2025-09-10 20:06:40.577720
-0.749,2025-09-09,2025-09-16,sh.603259,2025-09-10 20:06:40.577720
-0.7417,2025-09-09,2025-09-16,sh.603259,2025-09-10 20:06:40.577720
-0.1746,2025-09-10,2025-09-17,sh.603259,2025-09-10 20:06:40.577720
-0.1823,2025-09-10,2025-09-17,sh.603259,2025-09-10 20:06:40.577720
0.04318,2025-09-08,2025-09-15,sh.603260,2025-09-10 20:06:40.577720
0.05655,2025-09-08,2025-09-15,sh.603260,2025-09-10 20:06:40.577720
0.0686,2025-09-08,2025-09-15,sh.603260,2025-09-10 20:06:40.577720
-0.273,2025-09-09,2025-09-16,sh.603260,2025-09-10 20:06:40.577720
-0.2651,2025-09-09,2025-09-16,sh.603260,2025-09-10 20:06:40.577720
-0.2734,2025-09-09,2025-09-16,sh.603260,2025-09-10 20:06:40.577720
-0.301,2025-09-10,2025-09-17,sh.603260,2025-09-10 20:06:40.577720
-0.3057,2025-09-10,2025-09-17,sh.603260,2025-09-10 20:06:40.577720
-0.0924,2025-09-08,2025-09-15,sh.603288,2025-09-10 20:06:40.577720
-0.08386,2025-09-08,2025-09-15,sh.603288,2025-09-10 20:06:40.577720
-0.09015,2025-09-08,2025-09-15,sh.603288,2025-09-10 20:06:40.577720
-0.1216,2025-09-09,2025-09-16,sh.603288,2025-09-10 20:06:40.577720
-0.1171,2025-09-09,2025-09-16,sh.603288,2025-09-10 20:06:40.577720
-0.1255,2025-09-09,2025-09-16,sh.603288,2025-09-10 20:06:40.577720
-0.1626,2025-09-10,2025-09-17,sh.603288,2025-09-10 20:06:40.577720
-0.1626,2025-09-10,2025-09-17,sh.603288,2025-09-10 20:06:40.577720
0.07837,2025-09-08,2025-09-15,sh.603369,2025-09-10 20:06:40.577720
0.06177,2025-09-08,2025-09-15,sh.603369,2025-09-10 20:06:40.577720
0.0676,2025-09-08,2025-09-15,sh.603369,2025-09-10 20:06:40.577720
-0.03845,2025-09-09,2025-09-16,sh.603369,2025-09-10 20:06:40.577720
-0.03845,2025-09-09,2025-09-16,sh.603369,2025-09-10 20:06:40.577720
-0.04587,2025-09-09,2025-09-16,sh.603369,2025-09-10 20:06:40.577720
-0.00587,2025-09-10,2025-09-17,sh.603369,2025-09-10 20:06:40.577720
-0.005684,2025-09-10,2025-09-17,sh.603369,2025-09-10 20:06:40.577720
0.01967,2025-09-08,2025-09-15,sh.603392,2025-09-10 20:06:40.577720
0.001197,2025-09-08,2025-09-15,sh.603392,2025-09-10 20:06:40.577720
-0.0005565,2025-09-08,2025-09-15,sh.603392,2025-09-10 20:06:40.577720
-0.0967,2025-09-09,2025-09-16,sh.603392,2025-09-10 20:06:40.577720
-0.09326,2025-09-09,2025-09-16,sh.603392,2025-09-10 20:06:40.577720
-0.09326,2025-09-09,2025-09-16,sh.603392,2025-09-10 20:06:40.577720
-0.2021,2025-09-10,2025-09-17,sh.603392,2025-09-10 20:06:40.577720
-0.203,2025-09-10,2025-09-17,sh.603392,2025-09-10 20:06:40.577720
0.04446,2025-09-08,2025-09-15,sh.603501,2025-09-10 20:06:40.577720
0.04825,2025-09-08,2025-09-15,sh.603501,2025-09-10 20:06:40.577720
0.05978,2025-09-08,2025-09-15,sh.603501,2025-09-10 20:06:40.577720
-0.2898,2025-09-09,2025-09-16,sh.603501,2025-09-10 20:06:40.577720
-0.3203,2025-09-09,2025-09-16,sh.603501,2025-09-10 20:06:40.577720
-0.2986,2025-09-09,2025-09-16,sh.603501,2025-09-10 20:06:40.577720
-0.1313,2025-09-10,2025-09-17,sh.603501,2025-09-10 20:06:40.577720
-0.1401,2025-09-10,2025-09-17,sh.603501,2025-09-10 20:06:40.577720
-0.1868,2025-09-08,2025-09-15,sh.603799,2025-09-10 20:06:40.577720
-0.1849,2025-09-08,2025-09-15,sh.603799,2025-09-10 20:06:40.577720
-0.1727,2025-09-08,2025-09-15,sh.603799,2025-09-10 20:06:40.577720
-0.5405,2025-09-09,2025-09-16,sh.603799,2025-09-10 20:06:40.577720
-0.537,2025-09-09,2025-09-16,sh.603799,2025-09-10 20:06:40.577720
-0.5117,2025-09-09,2025-09-16,sh.603799,2025-09-10 20:06:40.577720
-0.2322,2025-09-10,2025-09-17,sh.603799,2025-09-10 20:06:40.577720
-0.237,2025-09-10,2025-09-17,sh.603799,2025-09-10 20:06:40.577720
-0.2866,2025-09-08,2025-09-15,sh.603806,2025-09-10 20:06:40.577720
-0.2437,2025-09-08,2025-09-15,sh.603806,2025-09-10 20:06:40.577720
-0.2472,2025-09-08,2025-09-15,sh.603806,2025-09-10 20:06:40.577720
-0.176,2025-09-09,2025-09-16,sh.603806,2025-09-10 20:06:40.577720
-0.1765,2025-09-09,2025-09-16,sh.603806,2025-09-10 20:06:40.577720
-0.1935,2025-09-09,2025-09-16,sh.603806,2025-09-10 20:06:40.577720
-0.3245,2025-09-10,2025-09-17,sh.603806,2025-09-10 20:06:40.577720
-0.3337,2025-09-10,2025-09-17,sh.603806,2025-09-10 20:06:40.577720
0.02444,2025-09-08,2025-09-15,sh.603833,2025-09-10 20:06:40.577720
0.0243,2025-09-08,2025-09-15,sh.603833,2025-09-10 20:06:40.577720
0.0365,2025-09-08,2025-09-15,sh.603833,2025-09-10 20:06:40.577720
0.08435,2025-09-09,2025-09-16,sh.603833,2025-09-10 20:06:40.577720
0.08685,2025-09-09,2025-09-16,sh.603833,2025-09-10 20:06:40.577720
0.05634,2025-09-09,2025-09-16,sh.603833,2025-09-10 20:06:40.577720
-0.1903,2025-09-10,2025-09-17,sh.603833,2025-09-10 20:06:40.577720
-0.1903,2025-09-10,2025-09-17,sh.603833,2025-09-10 20:06:40.577720
-0.3145,2025-09-08,2025-09-15,sh.603986,2025-09-10 20:06:40.577720
-0.3125,2025-09-08,2025-09-15,sh.603986,2025-09-10 20:06:40.577720
-0.3118,2025-09-08,2025-09-15,sh.603986,2025-09-10 20:06:40.577720
-0.3767,2025-09-09,2025-09-16,sh.603986,2025-09-10 20:06:40.577720
-0.378,2025-09-09,2025-09-16,sh.603986,2025-09-10 20:06:40.577720
-0.3762,2025-09-09,2025-09-16,sh.603986,2025-09-10 20:06:40.577720
-0.2362,2025-09-10,2025-09-17,sh.603986,2025-09-10 20:06:40.577720
-0.2361,2025-09-10,2025-09-17,sh.603986,2025-09-10 20:06:40.577720
-0.3276,2025-09-08,2025-09-15,sh.603993,2025-09-10 20:06:40.577720
-0.3088,2025-09-08,2025-09-15,sh.603993,2025-09-10 20:06:40.577720
-0.317,2025-09-08,2025-09-15,sh.603993,2025-09-10 20:06:40.577720
-0.1343,2025-09-09,2025-09-16,sh.603993,2025-09-10 20:06:40.577720
-0.1323,2025-09-09,2025-09-16,sh.603993,2025-09-10 20:06:40.577720
-0.1323,2025-09-09,2025-09-16,sh.603993,2025-09-10 20:06:40.577720
-0.0631,2025-09-10,2025-09-17,sh.603993,2025-09-10 20:06:40.577720
-0.05682,2025-09-10,2025-09-17,sh.603993,2025-09-10 20:06:40.577720
-0.772,2025-09-08,2025-09-15,sh.605117,2025-09-10 20:06:40.577720
-0.7715,2025-09-08,2025-09-15,sh.605117,2025-09-10 20:06:40.577720
-0.7744,2025-09-08,2025-09-15,sh.605117,2025-09-10 20:06:40.577720
-0.5957,2025-09-09,2025-09-16,sh.605117,2025-09-10 20:06:40.577720
-0.597,2025-09-09,2025-09-16,sh.605117,2025-09-10 20:06:40.577720
-0.5967,2025-09-09,2025-09-16,sh.605117,2025-09-10 20:06:40.577720
-0.4434,2025-09-10,2025-09-17,sh.605117,2025-09-10 20:06:40.577720
-0.4338,2025-09-10,2025-09-17,sh.605117,2025-09-10 20:06:40.577720
-0.1833,2025-09-08,2025-09-15,sh.605499,2025-09-10 20:06:40.577720
-0.1786,2025-09-08,2025-09-15,sh.605499,2025-09-10 20:06:40.577720
-0.1816,2025-09-08,2025-09-15,sh.605499,2025-09-10 20:06:40.577720
-0.2188,2025-09-09,2025-09-16,sh.605499,2025-09-10 20:06:40.577720
-0.2144,2025-09-09,2025-09-16,sh.605499,2025-09-10 20:06:40.577720
-0.2141,2025-09-09,2025-09-16,sh.605499,2025-09-10 20:06:40.577720
-0.1346,2025-09-10,2025-09-17,sh.605499,2025-09-10 20:06:40.577720
-0.1354,2025-09-10,2025-09-17,sh.605499,2025-09-10 20:06:40.577720
-0.2715,2025-09-08,2025-09-15,sh.688008,2025-09-10 20:06:40.577720
-0.2715,2025-09-08,2025-09-15,sh.688008,2025-09-10 20:06:40.577720
-0.3005,2025-09-08,2025-09-15,sh.688008,2025-09-10 20:06:40.577720
-0.4204,2025-09-09,2025-09-16,sh.688008,2025-09-10 20:06:40.577720
-0.4207,2025-09-09,2025-09-16,sh.688008,2025-09-10 20:06:40.577720
-0.4,2025-09-09,2025-09-16,sh.688008,2025-09-10 20:06:40.577720
-0.1656,2025-09-10,2025-09-17,sh.688008,2025-09-10 20:06:40.577720
-0.1536,2025-09-10,2025-09-17,sh.688008,2025-09-10 20:06:40.577720
0.02448,2025-09-08,2025-09-15,sh.688009,2025-09-10 20:06:40.577720
0.02448,2025-09-08,2025-09-15,sh.688009,2025-09-10 20:06:40.577720
0.02448,2025-09-08,2025-09-15,sh.688009,2025-09-10 20:06:40.577720
0.02534,2025-09-09,2025-09-16,sh.688009,2025-09-10 20:06:40.577720
0.02534,2025-09-09,2025-09-16,sh.688009,2025-09-10 20:06:40.577720
0.04715,2025-09-09,2025-09-16,sh.688009,2025-09-10 20:06:40.577720
-0.03105,2025-09-10,2025-09-17,sh.688009,2025-09-10 20:06:40.577720
-0.01312,2025-09-10,2025-09-17,sh.688009,2025-09-10 20:06:40.577720
0.2485,2025-09-08,2025-09-15,sh.688012,2025-09-10 20:06:40.577720
0.242,2025-09-08,2025-09-15,sh.688012,2025-09-10 20:06:40.577720
0.2502,2025-09-08,2025-09-15,sh.688012,2025-09-10 20:06:40.577720
-0.5176,2025-09-09,2025-09-16,sh.688012,2025-09-10 20:06:40.577720
-0.514,2025-09-09,2025-09-16,sh.688012,2025-09-10 20:06:40.577720
-0.519,2025-09-09,2025-09-16,sh.688012,2025-09-10 20:06:40.577720
-0.1293,2025-09-10,2025-09-17,sh.688012,2025-09-10 20:06:40.577720
-0.1494,2025-09-10,2025-09-17,sh.688012,2025-09-10 20:06:40.577720
0.2227,2025-09-08,2025-09-15,sh.688036,2025-09-10 20:06:40.577720
0.2297,2025-09-08,2025-09-15,sh.688036,2025-09-10 20:06:40.577720
0.2211,2025-09-08,2025-09-15,sh.688036,2025-09-10 20:06:40.577720
-0.1382,2025-09-09,2025-09-16,sh.688036,2025-09-10 20:06:40.577720
-0.1594,2025-09-09,2025-09-16,sh.688036,2025-09-10 20:06:40.577720
-0.1348,2025-09-09,2025-09-16,sh.688036,2025-09-10 20:06:40.577720
-0.452,2025-09-10,2025-09-17,sh.688036,2025-09-10 20:06:40.577720
-0.4587,2025-09-10,2025-09-17,sh.688036,2025-09-10 20:06:40.577720
-0.3403,2025-09-08,2025-09-15,sh.688041,2025-09-10 20:06:40.577720
-0.3445,2025-09-08,2025-09-15,sh.688041,2025-09-10 20:06:40.577720
-0.3342,2025-09-08,2025-09-15,sh.688041,2025-09-10 20:06:40.577720
-0.4001,2025-09-09,2025-09-16,sh.688041,2025-09-10 20:06:40.577720
-0.3992,2025-09-09,2025-09-16,sh.688041,2025-09-10 20:06:40.577720
-0.3928,2025-09-09,2025-09-16,sh.688041,2025-09-10 20:06:40.577720
-0.2229,2025-09-10,2025-09-17,sh.688041,2025-09-10 20:06:40.577720
-0.2262,2025-09-10,2025-09-17,sh.688041,2025-09-10 20:06:40.577720
-0.02328,2025-09-08,2025-09-15,sh.688047,2025-09-10 20:06:40.577720
-0.02324,2025-09-08,2025-09-15,sh.688047,2025-09-10 20:06:40.577720
-0.008224,2025-09-08,2025-09-15,sh.688047,2025-09-10 20:06:40.577720
-0.2106,2025-09-09,2025-09-16,sh.688047,2025-09-10 20:06:40.577720
-0.174,2025-09-09,2025-09-16,sh.688047,2025-09-10 20:06:40.577720
-0.174,2025-09-09,2025-09-16,sh.688047,2025-09-10 20:06:40.577720
0.02165,2025-09-10,2025-09-17,sh.688047,2025-09-10 20:06:40.577720
0.02165,2025-09-10,2025-09-17,sh.688047,2025-09-10 20:06:40.577720
-0.02385,2025-09-08,2025-09-15,sh.688082,2025-09-10 20:06:40.577720
-0.02385,2025-09-08,2025-09-15,sh.688082,2025-09-10 20:06:40.577720
-0.01572,2025-09-08,2025-09-15,sh.688082,2025-09-10 20:06:40.577720
-0.3472,2025-09-09,2025-09-16,sh.688082,2025-09-10 20:06:40.577720
-0.3464,2025-09-09,2025-09-16,sh.688082,2025-09-10 20:06:40.577720
-0.324,2025-09-09,2025-09-16,sh.688082,2025-09-10 20:06:40.577720
-0.151,2025-09-10,2025-09-17,sh.688082,2025-09-10 20:06:40.577720
-0.151,2025-09-10,2025-09-17,sh.688082,2025-09-10 20:06:40.577720
-0.184,2025-09-08,2025-09-15,sh.688111,2025-09-10 20:06:40.577720
-0.1812,2025-09-08,2025-09-15,sh.688111,2025-09-10 20:06:40.577720
-0.1813,2025-09-08,2025-09-15,sh.688111,2025-09-10 20:06:40.577720
-0.3032,2025-09-09,2025-09-16,sh.688111,2025-09-10 20:06:40.577720
-0.298,2025-09-09,2025-09-16,sh.688111,2025-09-10 20:06:40.577720
-0.3003,2025-09-09,2025-09-16,sh.688111,2025-09-10 20:06:40.577720
-0.11426,2025-09-10,2025-09-17,sh.688111,2025-09-10 20:06:40.577720
-0.11475,2025-09-10,2025-09-17,sh.688111,2025-09-10 20:06:40.577720
0.0325,2025-09-08,2025-09-15,sh.688126,2025-09-10 20:06:40.577720
0.03284,2025-09-08,2025-09-15,sh.688126,2025-09-10 20:06:40.577720
0.03284,2025-09-08,2025-09-15,sh.688126,2025-09-10 20:06:40.577720
0.01464,2025-09-09,2025-09-16,sh.688126,2025-09-10 20:06:40.577720
-0.001904,2025-09-09,2025-09-16,sh.688126,2025-09-10 20:06:40.577720
-0.001904,2025-09-09,2025-09-16,sh.688126,2025-09-10 20:06:40.577720
0.02252,2025-09-10,2025-09-17,sh.688126,2025-09-10 20:06:40.577720
0.02252,2025-09-10,2025-09-17,sh.688126,2025-09-10 20:06:40.577720
-0.2113,2025-09-08,2025-09-15,sh.688169,2025-09-10 20:06:40.577720
-0.2109,2025-09-08,2025-09-15,sh.688169,2025-09-10 20:06:40.577720
-0.209,2025-09-08,2025-09-15,sh.688169,2025-09-10 20:06:40.577720
-0.2393,2025-09-09,2025-09-16,sh.688169,2025-09-10 20:06:40.577720
-0.2424,2025-09-09,2025-09-16,sh.688169,2025-09-10 20:06:40.577720
-0.239,2025-09-09,2025-09-16,sh.688169,2025-09-10 20:06:40.577720
-0.1542,2025-09-10,2025-09-17,sh.688169,2025-09-10 20:06:40.577720
-0.1539,2025-09-10,2025-09-17,sh.688169,2025-09-10 20:06:40.577720
0.01511,2025-09-08,2025-09-15,sh.688187,2025-09-10 20:06:40.577720
0.01511,2025-09-08,2025-09-15,sh.688187,2025-09-10 20:06:40.577720
0.01511,2025-09-08,2025-09-15,sh.688187,2025-09-10 20:06:40.577720
-0.2114,2025-09-09,2025-09-16,sh.688187,2025-09-10 20:06:40.577720
-0.2257,2025-09-09,2025-09-16,sh.688187,2025-09-10 20:06:40.577720
-0.2141,2025-09-09,2025-09-16,sh.688187,2025-09-10 20:06:40.577720
0.05664,2025-09-10,2025-09-17,sh.688187,2025-09-10 20:06:40.577720
0.03525,2025-09-10,2025-09-17,sh.688187,2025-09-10 20:06:40.577720
0.116,2025-09-08,2025-09-15,sh.688223,2025-09-10 20:06:40.577720
0.116,2025-09-08,2025-09-15,sh.688223,2025-09-10 20:06:40.577720
0.116,2025-09-08,2025-09-15,sh.688223,2025-09-10 20:06:40.577720
0.0868,2025-09-09,2025-09-16,sh.688223,2025-09-10 20:06:40.577720
0.08655,2025-09-09,2025-09-16,sh.688223,2025-09-10 20:06:40.577720
0.08655,2025-09-09,2025-09-16,sh.688223,2025-09-10 20:06:40.577720
0.00637,2025-09-10,2025-09-17,sh.688223,2025-09-10 20:06:40.577720
0.00637,2025-09-10,2025-09-17,sh.688223,2025-09-10 20:06:40.577720
-0.903,2025-09-08,2025-09-15,sh.688256,2025-09-10 20:06:40.577720
-0.9004,2025-09-08,2025-09-15,sh.688256,2025-09-10 20:06:40.577720
-0.8975,2025-09-08,2025-09-15,sh.688256,2025-09-10 20:06:40.577720
-0.7734,2025-09-09,2025-09-16,sh.688256,2025-09-10 20:06:40.577720
-0.7734,2025-09-09,2025-09-16,sh.688256,2025-09-10 20:06:40.577720
-0.7686,2025-09-09,2025-09-16,sh.688256,2025-09-10 20:06:40.577720
-0.82,2025-09-10,2025-09-17,sh.688256,2025-09-10 20:06:40.577720
-0.818,2025-09-10,2025-09-17,sh.688256,2025-09-10 20:06:40.577720
-0.02382,2025-09-08,2025-09-15,sh.688271,2025-09-10 20:06:40.577720
-0.013435,2025-09-08,2025-09-15,sh.688271,2025-09-10 20:06:40.577720
-0.01367,2025-09-08,2025-09-15,sh.688271,2025-09-10 20:06:40.577720
-0.3838,2025-09-09,2025-09-16,sh.688271,2025-09-10 20:06:40.577720
-0.3833,2025-09-09,2025-09-16,sh.688271,2025-09-10 20:06:40.577720
-0.3823,2025-09-09,2025-09-16,sh.688271,2025-09-10 20:06:40.577720
-0.2208,2025-09-10,2025-09-17,sh.688271,2025-09-10 20:06:40.577720
-0.2333,2025-09-10,2025-09-17,sh.688271,2025-09-10 20:06:40.577720
-0.1448,2025-09-08,2025-09-15,sh.688303,2025-09-10 20:06:40.577720
-0.176,2025-09-08,2025-09-15,sh.688303,2025-09-10 20:06:40.577720
-0.176,2025-09-08,2025-09-15,sh.688303,2025-09-10 20:06:40.577720
0.0191,2025-09-09,2025-09-16,sh.688303,2025-09-10 20:06:40.577720
0.03607,2025-09-09,2025-09-16,sh.688303,2025-09-10 20:06:40.577720
0.03625,2025-09-09,2025-09-16,sh.688303,2025-09-10 20:06:40.577720
-0.1183,2025-09-10,2025-09-17,sh.688303,2025-09-10 20:06:40.577720
-0.05432,2025-09-10,2025-09-17,sh.688303,2025-09-10 20:06:40.577720
0.07965,2025-09-08,2025-09-15,sh.688396,2025-09-10 20:06:40.577720
0.07965,2025-09-08,2025-09-15,sh.688396,2025-09-10 20:06:40.577720
0.07965,2025-09-08,2025-09-15,sh.688396,2025-09-10 20:06:40.577720
-0.05548,2025-09-09,2025-09-16,sh.688396,2025-09-10 20:06:40.577720
-0.05548,2025-09-09,2025-09-16,sh.688396,2025-09-10 20:06:40.577720
-0.05548,2025-09-09,2025-09-16,sh.688396,2025-09-10 20:06:40.577720
0.0423,2025-09-10,2025-09-17,sh.688396,2025-09-10 20:06:40.577720
0.0414,2025-09-10,2025-09-17,sh.688396,2025-09-10 20:06:40.577720
0.0667,2025-09-08,2025-09-15,sh.688599,2025-09-10 20:06:40.577720
0.11127,2025-09-08,2025-09-15,sh.688599,2025-09-10 20:06:40.577720
0.0245,2025-09-08,2025-09-15,sh.688599,2025-09-10 20:06:40.577720
0.1709,2025-09-09,2025-09-16,sh.688599,2025-09-10 20:06:40.577720
0.1045,2025-09-09,2025-09-16,sh.688599,2025-09-10 20:06:40.577720
0.134,2025-09-09,2025-09-16,sh.688599,2025-09-10 20:06:40.577720
0.09894,2025-09-10,2025-09-17,sh.688599,2025-09-10 20:06:40.577720
0.095,2025-09-10,2025-09-17,sh.688599,2025-09-10 20:06:40.577720
-0.3281,2025-09-09,2025-09-16,sh.688981,2025-09-10 20:06:40.577720
-0.308,2025-09-09,2025-09-16,sh.688981,2025-09-10 20:06:40.577720
-0.3066,2025-09-09,2025-09-16,sh.688981,2025-09-10 20:06:40.577720
-0.1373,2025-09-10,2025-09-17,sh.688981,2025-09-10 20:06:40.577720
-0.1383,2025-09-10,2025-09-17,sh.688981,2025-09-10 20:06:40.577720
-0.1232,2025-09-08,2025-09-15,sz.000001,2025-09-10 20:06:40.577720
-0.1229,2025-09-08,2025-09-15,sz.000001,2025-09-10 20:06:40.577720
-0.12286,2025-09-08,2025-09-15,sz.000001,2025-09-10 20:06:40.577720
-0.1203,2025-09-09,2025-09-16,sz.000001,2025-09-10 20:06:40.577720
-0.12024,2025-09-09,2025-09-16,sz.000001,2025-09-10 20:06:40.577720
-0.12024,2025-09-09,2025-09-16,sz.000001,2025-09-10 20:06:40.577720
-0.1201,2025-09-10,2025-09-17,sz.000001,2025-09-10 20:06:40.577720
-0.1201,2025-09-10,2025-09-17,sz.000001,2025-09-10 20:06:40.577720
-0.06854,2025-09-08,2025-09-15,sz.000002,2025-09-10 20:06:40.577720
-0.06824,2025-09-08,2025-09-15,sz.000002,2025-09-10 20:06:40.577720
-0.0681,2025-09-08,2025-09-15,sz.000002,2025-09-10 20:06:40.577720
-0.0655,2025-09-09,2025-09-16,sz.000002,2025-09-10 20:06:40.577720
-0.06586,2025-09-09,2025-09-16,sz.000002,2025-09-10 20:06:40.577720
-0.06464,2025-09-09,2025-09-16,sz.000002,2025-09-10 20:06:40.577720
-0.05637,2025-09-10,2025-09-17,sz.000002,2025-09-10 20:06:40.577720
-0.05637,2025-09-10,2025-09-17,sz.000002,2025-09-10 20:06:40.577720
-0.2351,2025-09-08,2025-09-15,sz.000063,2025-09-10 20:06:40.577720
-0.2312,2025-09-08,2025-09-15,sz.000063,2025-09-10 20:06:40.577720
-0.2307,2025-09-08,2025-09-15,sz.000063,2025-09-10 20:06:40.577720
-0.4429,2025-09-09,2025-09-16,sz.000063,2025-09-10 20:06:40.577720
-0.4453,2025-09-09,2025-09-16,sz.000063,2025-09-10 20:06:40.577720
-0.4436,2025-09-09,2025-09-16,sz.000063,2025-09-10 20:06:40.577720
-0.11206,2025-09-10,2025-09-17,sz.000063,2025-09-10 20:06:40.577720
-0.1109,2025-09-10,2025-09-17,sz.000063,2025-09-10 20:06:40.577720
0.04327,2025-09-08,2025-09-15,sz.000100,2025-09-10 20:06:40.577720
0.04327,2025-09-08,2025-09-15,sz.000100,2025-09-10 20:06:40.577720
0.04327,2025-09-08,2025-09-15,sz.000100,2025-09-10 20:06:40.577720
0.06012,2025-09-09,2025-09-16,sz.000100,2025-09-10 20:06:40.577720
0.06012,2025-09-09,2025-09-16,sz.000100,2025-09-10 20:06:40.577720
0.06012,2025-09-09,2025-09-16,sz.000100,2025-09-10 20:06:40.577720
0.06012,2025-09-10,2025-09-17,sz.000100,2025-09-10 20:06:40.577720
0.06012,2025-09-10,2025-09-17,sz.000100,2025-09-10 20:06:40.577720
0.03378,2025-09-08,2025-09-15,sz.000157,2025-09-10 20:06:40.577720
0.03958,2025-09-08,2025-09-15,sz.000157,2025-09-10 20:06:40.577720
0.03854,2025-09-08,2025-09-15,sz.000157,2025-09-10 20:06:40.577720
0.0255,2025-09-09,2025-09-16,sz.000157,2025-09-10 20:06:40.577720
0.02588,2025-09-09,2025-09-16,sz.000157,2025-09-10 20:06:40.577720
0.02856,2025-09-09,2025-09-16,sz.000157,2025-09-10 20:06:40.577720
-0.05383,2025-09-10,2025-09-17,sz.000157,2025-09-10 20:06:40.577720
-0.06067,2025-09-10,2025-09-17,sz.000157,2025-09-10 20:06:40.577720
0.001923,2025-09-08,2025-09-15,sz.000166,2025-09-10 20:06:40.577720
0.001923,2025-09-08,2025-09-15,sz.000166,2025-09-10 20:06:40.577720
0.001923,2025-09-08,2025-09-15,sz.000166,2025-09-10 20:06:40.577720
0.001923,2025-09-09,2025-09-16,sz.000166,2025-09-10 20:06:40.577720
0.001923,2025-09-09,2025-09-16,sz.000166,2025-09-10 20:06:40.577720
0.001923,2025-09-09,2025-09-16,sz.000166,2025-09-10 20:06:40.577720
0.02843,2025-09-10,2025-09-17,sz.000166,2025-09-10 20:06:40.577720
0.02843,2025-09-10,2025-09-17,sz.000166,2025-09-10 20:06:40.577720
0.0975,2025-09-08,2025-09-15,sz.000301,2025-09-10 20:06:40.577720
0.1099,2025-09-08,2025-09-15,sz.000301,2025-09-10 20:06:40.577720
0.1099,2025-09-08,2025-09-15,sz.000301,2025-09-10 20:06:40.577720
-0.04016,2025-09-09,2025-09-16,sz.000301,2025-09-10 20:06:40.577720
-0.04016,2025-09-09,2025-09-16,sz.000301,2025-09-10 20:06:40.577720
-0.04016,2025-09-09,2025-09-16,sz.000301,2025-09-10 20:06:40.577720
-0.0725,2025-09-10,2025-09-17,sz.000301,2025-09-10 20:06:40.577720
-0.0711,2025-09-10,2025-09-17,sz.000301,2025-09-10 20:06:40.577720
-0.01656,2025-09-08,2025-09-15,sz.000333,2025-09-10 20:06:40.577720
-0.01787,2025-09-08,2025-09-15,sz.000333,2025-09-10 20:06:40.577720
-0.01646,2025-09-08,2025-09-15,sz.000333,2025-09-10 20:06:40.577720
-0.01479,2025-09-09,2025-09-16,sz.000333,2025-09-10 20:06:40.577720
-0.008316,2025-09-09,2025-09-16,sz.000333,2025-09-10 20:06:40.577720
-0.001966,2025-09-09,2025-09-16,sz.000333,2025-09-10 20:06:40.577720
0.01381,2025-09-10,2025-09-17,sz.000333,2025-09-10 20:06:40.577720
0.00824,2025-09-10,2025-09-17,sz.000333,2025-09-10 20:06:40.577720
-0.11676,2025-09-08,2025-09-15,sz.000338,2025-09-10 20:06:40.577720
-0.1318,2025-09-08,2025-09-15,sz.000338,2025-09-10 20:06:40.577720
-0.1173,2025-09-08,2025-09-15,sz.000338,2025-09-10 20:06:40.577720
0.000763,2025-09-09,2025-09-16,sz.000338,2025-09-10 20:06:40.577720
0.004826,2025-09-09,2025-09-16,sz.000338,2025-09-10 20:06:40.577720
0.0076,2025-09-09,2025-09-16,sz.000338,2025-09-10 20:06:40.577720
-0.0879,2025-09-10,2025-09-17,sz.000338,2025-09-10 20:06:40.577720
-0.0884,2025-09-10,2025-09-17,sz.000338,2025-09-10 20:06:40.577720
-0.387,2025-09-08,2025-09-15,sz.000408,2025-09-10 20:06:40.577720
-0.3904,2025-09-08,2025-09-15,sz.000408,2025-09-10 20:06:40.577720
-0.3906,2025-09-08,2025-09-15,sz.000408,2025-09-10 20:06:40.577720
-0.294,2025-09-09,2025-09-16,sz.000408,2025-09-10 20:06:40.577720
-0.3079,2025-09-09,2025-09-16,sz.000408,2025-09-10 20:06:40.577720
-0.3052,2025-09-09,2025-09-16,sz.000408,2025-09-10 20:06:40.577720
-0.3083,2025-09-10,2025-09-17,sz.000408,2025-09-10 20:06:40.577720
-0.3176,2025-09-10,2025-09-17,sz.000408,2025-09-10 20:06:40.577720
0.00751,2025-09-08,2025-09-15,sz.000425,2025-09-10 20:06:40.577720
0.015144,2025-09-08,2025-09-15,sz.000425,2025-09-10 20:06:40.577720
0.006744,2025-09-08,2025-09-15,sz.000425,2025-09-10 20:06:40.577720
-0.0705,2025-09-09,2025-09-16,sz.000425,2025-09-10 20:06:40.577720
-0.0729,2025-09-09,2025-09-16,sz.000425,2025-09-10 20:06:40.577720
-0.06793,2025-09-09,2025-09-16,sz.000425,2025-09-10 20:06:40.577720
-0.2834,2025-09-10,2025-09-17,sz.000425,2025-09-10 20:06:40.577720
-0.286,2025-09-10,2025-09-17,sz.000425,2025-09-10 20:06:40.577720
-0.1155,2025-09-08,2025-09-15,sz.000538,2025-09-10 20:06:40.577720
-0.1153,2025-09-08,2025-09-15,sz.000538,2025-09-10 20:06:40.577720
-0.11554,2025-09-08,2025-09-15,sz.000538,2025-09-10 20:06:40.577720
-0.1383,2025-09-09,2025-09-16,sz.000538,2025-09-10 20:06:40.577720
-0.1377,2025-09-09,2025-09-16,sz.000538,2025-09-10 20:06:40.577720
-0.1375,2025-09-09,2025-09-16,sz.000538,2025-09-10 20:06:40.577720
-0.12445,2025-09-10,2025-09-17,sz.000538,2025-09-10 20:06:40.577720
-0.1243,2025-09-10,2025-09-17,sz.000538,2025-09-10 20:06:40.577720
-0.2351,2025-09-08,2025-09-15,sz.000568,2025-09-10 20:06:40.577720
-0.2351,2025-09-08,2025-09-15,sz.000568,2025-09-10 20:06:40.577720
-0.2352,2025-09-08,2025-09-15,sz.000568,2025-09-10 20:06:40.577720
-0.2607,2025-09-09,2025-09-16,sz.000568,2025-09-10 20:06:40.577720
-0.2607,2025-09-09,2025-09-16,sz.000568,2025-09-10 20:06:40.577720
-0.2607,2025-09-09,2025-09-16,sz.000568,2025-09-10 20:06:40.577720
-0.2734,2025-09-10,2025-09-17,sz.000568,2025-09-10 20:06:40.577720
-0.2734,2025-09-10,2025-09-17,sz.000568,2025-09-10 20:06:40.577720
-0.0705,2025-09-08,2025-09-15,sz.000596,2025-09-10 20:06:40.577720
-0.06946,2025-09-08,2025-09-15,sz.000596,2025-09-10 20:06:40.577720
-0.0708,2025-09-08,2025-09-15,sz.000596,2025-09-10 20:06:40.577720
-0.0801,2025-09-09,2025-09-16,sz.000596,2025-09-10 20:06:40.577720
-0.08124,2025-09-09,2025-09-16,sz.000596,2025-09-10 20:06:40.577720
-0.079,2025-09-09,2025-09-16,sz.000596,2025-09-10 20:06:40.577720
-0.1025,2025-09-10,2025-09-17,sz.000596,2025-09-10 20:06:40.577720
-0.10565,2025-09-10,2025-09-17,sz.000596,2025-09-10 20:06:40.577720
-0.0832,2025-09-08,2025-09-15,sz.000617,2025-09-10 20:06:40.577720
-0.1025,2025-09-08,2025-09-15,sz.000617,2025-09-10 20:06:40.577720
-0.1025,2025-09-08,2025-09-15,sz.000617,2025-09-10 20:06:40.577720
-0.3357,2025-09-09,2025-09-16,sz.000617,2025-09-10 20:06:40.577720
-0.3357,2025-09-09,2025-09-16,sz.000617,2025-09-10 20:06:40.577720
-0.3633,2025-09-09,2025-09-16,sz.000617,2025-09-10 20:06:40.577720
-0.04935,2025-09-10,2025-09-17,sz.000617,2025-09-10 20:06:40.577720
-0.01863,2025-09-10,2025-09-17,sz.000617,2025-09-10 20:06:40.577720
0.0125,2025-09-08,2025-09-15,sz.000625,2025-09-10 20:06:40.577720
-0.007053,2025-09-08,2025-09-15,sz.000625,2025-09-10 20:06:40.577720
-0.007053,2025-09-08,2025-09-15,sz.000625,2025-09-10 20:06:40.577720
0.0903,2025-09-09,2025-09-16,sz.000625,2025-09-10 20:06:40.577720
0.0903,2025-09-09,2025-09-16,sz.000625,2025-09-10 20:06:40.577720
0.0866,2025-09-09,2025-09-16,sz.000625,2025-09-10 20:06:40.577720
0.03482,2025-09-10,2025-09-17,sz.000625,2025-09-10 20:06:40.577720
0.0346,2025-09-10,2025-09-17,sz.000625,2025-09-10 20:06:40.577720
-0.2952,2025-09-08,2025-09-15,sz.000630,2025-09-10 20:06:40.577720
-0.3433,2025-09-08,2025-09-15,sz.000630,2025-09-10 20:06:40.577720
-0.3662,2025-09-08,2025-09-15,sz.000630,2025-09-10 20:06:40.577720
-0.1733,2025-09-09,2025-09-16,sz.000630,2025-09-10 20:06:40.577720
-0.1746,2025-09-09,2025-09-16,sz.000630,2025-09-10 20:06:40.577720
-0.1583,2025-09-09,2025-09-16,sz.000630,2025-09-10 20:06:40.577720
-0.00146,2025-09-10,2025-09-17,sz.000630,2025-09-10 20:06:40.577720
-0.006554,2025-09-10,2025-09-17,sz.000630,2025-09-10 20:06:40.577720
-0.2484,2025-09-08,2025-09-15,sz.000651,2025-09-10 20:06:40.577720
-0.2483,2025-09-08,2025-09-15,sz.000651,2025-09-10 20:06:40.577720
-0.2483,2025-09-08,2025-09-15,sz.000651,2025-09-10 20:06:40.577720
-0.2482,2025-09-09,2025-09-16,sz.000651,2025-09-10 20:06:40.577720
-0.2482,2025-09-09,2025-09-16,sz.000651,2025-09-10 20:06:40.577720
-0.2482,2025-09-09,2025-09-16,sz.000651,2025-09-10 20:06:40.577720
-0.2532,2025-09-10,2025-09-17,sz.000651,2025-09-10 20:06:40.577720
-0.2532,2025-09-10,2025-09-17,sz.000651,2025-09-10 20:06:40.577720
-0.1699,2025-09-08,2025-09-15,sz.000661,2025-09-10 20:06:40.577720
-0.1677,2025-09-08,2025-09-15,sz.000661,2025-09-10 20:06:40.577720
-0.1688,2025-09-08,2025-09-15,sz.000661,2025-09-10 20:06:40.577720
-0.166,2025-09-09,2025-09-16,sz.000661,2025-09-10 20:06:40.577720
-0.1661,2025-09-09,2025-09-16,sz.000661,2025-09-10 20:06:40.577720
-0.1659,2025-09-09,2025-09-16,sz.000661,2025-09-10 20:06:40.577720
-0.1587,2025-09-10,2025-09-17,sz.000661,2025-09-10 20:06:40.577720
-0.1578,2025-09-10,2025-09-17,sz.000661,2025-09-10 20:06:40.577720
0.1471,2025-09-08,2025-09-15,sz.000708,2025-09-10 20:06:40.577720
0.1471,2025-09-08,2025-09-15,sz.000708,2025-09-10 20:06:40.577720
0.1471,2025-09-08,2025-09-15,sz.000708,2025-09-10 20:06:40.577720
0.01761,2025-09-09,2025-09-16,sz.000708,2025-09-10 20:06:40.577720
0.01761,2025-09-09,2025-09-16,sz.000708,2025-09-10 20:06:40.577720
0.01761,2025-09-09,2025-09-16,sz.000708,2025-09-10 20:06:40.577720
0.0659,2025-09-10,2025-09-17,sz.000708,2025-09-10 20:06:40.577720
0.05176,2025-09-10,2025-09-17,sz.000708,2025-09-10 20:06:40.577720
0.05942,2025-09-08,2025-09-15,sz.000725,2025-09-10 20:06:40.577720
0.05942,2025-09-08,2025-09-15,sz.000725,2025-09-10 20:06:40.577720
0.05942,2025-09-08,2025-09-15,sz.000725,2025-09-10 20:06:40.577720
0.0698,2025-09-09,2025-09-16,sz.000725,2025-09-10 20:06:40.577720
0.0698,2025-09-09,2025-09-16,sz.000725,2025-09-10 20:06:40.577720
0.0698,2025-09-09,2025-09-16,sz.000725,2025-09-10 20:06:40.577720
0.10767,2025-09-10,2025-09-17,sz.000725,2025-09-10 20:06:40.577720
0.1078,2025-09-10,2025-09-17,sz.000725,2025-09-10 20:06:40.577720
-0.0688,2025-09-08,2025-09-15,sz.000768,2025-09-10 20:06:40.577720
-0.08154,2025-09-08,2025-09-15,sz.000768,2025-09-10 20:06:40.577720
-0.0747,2025-09-08,2025-09-15,sz.000768,2025-09-10 20:06:40.577720
-0.0537,2025-09-09,2025-09-16,sz.000768,2025-09-10 20:06:40.577720
-0.06866,2025-09-09,2025-09-16,sz.000768,2025-09-10 20:06:40.577720
-0.06964,2025-09-09,2025-09-16,sz.000768,2025-09-10 20:06:40.577720
0.0657,2025-09-10,2025-09-17,sz.000768,2025-09-10 20:06:40.577720
0.06464,2025-09-10,2025-09-17,sz.000768,2025-09-10 20:06:40.577720
-0.199,2025-09-08,2025-09-15,sz.000776,2025-09-10 20:06:40.577720
-0.2053,2025-09-08,2025-09-15,sz.000776,2025-09-10 20:06:40.577720
-0.2207,2025-09-08,2025-09-15,sz.000776,2025-09-10 20:06:40.577720
0.002764,2025-09-09,2025-09-16,sz.000776,2025-09-10 20:06:40.577720
0.002764,2025-09-09,2025-09-16,sz.000776,2025-09-10 20:06:40.577720
-0.02663,2025-09-09,2025-09-16,sz.000776,2025-09-10 20:06:40.577720
-0.0694,2025-09-10,2025-09-17,sz.000776,2025-09-10 20:06:40.577720
-0.06934,2025-09-10,2025-09-17,sz.000776,2025-09-10 20:06:40.577720
0.0965,2025-09-08,2025-09-15,sz.000786,2025-09-10 20:06:40.577720
0.0959,2025-09-08,2025-09-15,sz.000786,2025-09-10 20:06:40.577720
0.0992,2025-09-08,2025-09-15,sz.000786,2025-09-10 20:06:40.577720
0.0696,2025-09-09,2025-09-16,sz.000786,2025-09-10 20:06:40.577720
0.0776,2025-09-09,2025-09-16,sz.000786,2025-09-10 20:06:40.577720
0.08264,2025-09-09,2025-09-16,sz.000786,2025-09-10 20:06:40.577720
-0.1459,2025-09-10,2025-09-17,sz.000786,2025-09-10 20:06:40.577720
-0.146,2025-09-10,2025-09-17,sz.000786,2025-09-10 20:06:40.577720
0.04126,2025-09-08,2025-09-15,sz.000792,2025-09-10 20:06:40.577720
0.08185,2025-09-08,2025-09-15,sz.000792,2025-09-10 20:06:40.577720
0.08185,2025-09-08,2025-09-15,sz.000792,2025-09-10 20:06:40.577720
0.0438,2025-09-09,2025-09-16,sz.000792,2025-09-10 20:06:40.577720
0.04346,2025-09-09,2025-09-16,sz.000792,2025-09-10 20:06:40.577720
0.03693,2025-09-09,2025-09-16,sz.000792,2025-09-10 20:06:40.577720
-0.1636,2025-09-10,2025-09-17,sz.000792,2025-09-10 20:06:40.577720
-0.1617,2025-09-10,2025-09-17,sz.000792,2025-09-10 20:06:40.577720
0.094,2025-09-08,2025-09-15,sz.000800,2025-09-10 20:06:40.577720
0.094,2025-09-08,2025-09-15,sz.000800,2025-09-10 20:06:40.577720
0.094,2025-09-08,2025-09-15,sz.000800,2025-09-10 20:06:40.577720
0.1025,2025-09-09,2025-09-16,sz.000800,2025-09-10 20:06:40.577720
0.1025,2025-09-09,2025-09-16,sz.000800,2025-09-10 20:06:40.577720
0.1025,2025-09-09,2025-09-16,sz.000800,2025-09-10 20:06:40.577720
0.09796,2025-09-10,2025-09-17,sz.000800,2025-09-10 20:06:40.577720
0.09796,2025-09-10,2025-09-17,sz.000800,2025-09-10 20:06:40.577720
-0.243,2025-09-08,2025-09-15,sz.000807,2025-09-10 20:06:40.577720
-0.2478,2025-09-08,2025-09-15,sz.000807,2025-09-10 20:06:40.577720
-0.2478,2025-09-08,2025-09-15,sz.000807,2025-09-10 20:06:40.577720
-0.178,2025-09-09,2025-09-16,sz.000807,2025-09-10 20:06:40.577720
-0.1857,2025-09-09,2025-09-16,sz.000807,2025-09-10 20:06:40.577720
-0.1776,2025-09-09,2025-09-16,sz.000807,2025-09-10 20:06:40.577720
-0.0675,2025-09-10,2025-09-17,sz.000807,2025-09-10 20:06:40.577720
-0.06683,2025-09-10,2025-09-17,sz.000807,2025-09-10 20:06:40.577720
-0.1663,2025-09-08,2025-09-15,sz.000858,2025-09-10 20:06:40.577720
-0.1663,2025-09-08,2025-09-15,sz.000858,2025-09-10 20:06:40.577720
-0.1663,2025-09-08,2025-09-15,sz.000858,2025-09-10 20:06:40.577720
-0.1833,2025-09-09,2025-09-16,sz.000858,2025-09-10 20:06:40.577720
-0.1832,2025-09-09,2025-09-16,sz.000858,2025-09-10 20:06:40.577720
-0.1832,2025-09-09,2025-09-16,sz.000858,2025-09-10 20:06:40.577720
-0.1833,2025-09-10,2025-09-17,sz.000858,2025-09-10 20:06:40.577720
-0.1833,2025-09-10,2025-09-17,sz.000858,2025-09-10 20:06:40.577720
0.2208,2025-09-08,2025-09-15,sz.000876,2025-09-10 20:06:40.577720
0.214,2025-09-08,2025-09-15,sz.000876,2025-09-10 20:06:40.577720
0.2198,2025-09-08,2025-09-15,sz.000876,2025-09-10 20:06:40.577720
-0.03107,2025-09-09,2025-09-16,sz.000876,2025-09-10 20:06:40.577720
-0.02835,2025-09-09,2025-09-16,sz.000876,2025-09-10 20:06:40.577720
-0.02829,2025-09-09,2025-09-16,sz.000876,2025-09-10 20:06:40.577720
-0.03763,2025-09-10,2025-09-17,sz.000876,2025-09-10 20:06:40.577720
-0.03836,2025-09-10,2025-09-17,sz.000876,2025-09-10 20:06:40.577720
0.000659,2025-09-08,2025-09-15,sz.000895,2025-09-10 20:06:40.577720
0.001563,2025-09-08,2025-09-15,sz.000895,2025-09-10 20:06:40.577720
3.713e-05,2025-09-08,2025-09-15,sz.000895,2025-09-10 20:06:40.577720
0.01727,2025-09-09,2025-09-16,sz.000895,2025-09-10 20:06:40.577720
0.01808,2025-09-09,2025-09-16,sz.000895,2025-09-10 20:06:40.577720
0.01892,2025-09-09,2025-09-16,sz.000895,2025-09-10 20:06:40.577720
-0.004456,2025-09-10,2025-09-17,sz.000895,2025-09-10 20:06:40.577720
-0.0003326,2025-09-10,2025-09-17,sz.000895,2025-09-10 20:06:40.577720
-0.278,2025-09-08,2025-09-15,sz.000938,2025-09-10 20:06:40.577720
-0.278,2025-09-08,2025-09-15,sz.000938,2025-09-10 20:06:40.577720
-0.2666,2025-09-08,2025-09-15,sz.000938,2025-09-10 20:06:40.577720
-0.611,2025-09-09,2025-09-16,sz.000938,2025-09-10 20:06:40.577720
-0.624,2025-09-09,2025-09-16,sz.000938,2025-09-10 20:06:40.577720
-0.611,2025-09-09,2025-09-16,sz.000938,2025-09-10 20:06:40.577720
-0.01883,2025-09-10,2025-09-17,sz.000938,2025-09-10 20:06:40.577720
-0.01836,2025-09-10,2025-09-17,sz.000938,2025-09-10 20:06:40.577720
-0.0996,2025-09-08,2025-09-15,sz.000963,2025-09-10 20:06:40.577720
-0.1001,2025-09-08,2025-09-15,sz.000963,2025-09-10 20:06:40.577720
-0.1001,2025-09-08,2025-09-15,sz.000963,2025-09-10 20:06:40.577720
-0.436,2025-09-09,2025-09-16,sz.000963,2025-09-10 20:06:40.577720
-0.4333,2025-09-09,2025-09-16,sz.000963,2025-09-10 20:06:40.577720
-0.4333,2025-09-09,2025-09-16,sz.000963,2025-09-10 20:06:40.577720
-0.1875,2025-09-10,2025-09-17,sz.000963,2025-09-10 20:06:40.577720
-0.1868,2025-09-10,2025-09-17,sz.000963,2025-09-10 20:06:40.577720
-0.461,2025-09-08,2025-09-15,sz.000975,2025-09-10 20:06:40.577720
-0.4578,2025-09-08,2025-09-15,sz.000975,2025-09-10 20:06:40.577720
-0.4575,2025-09-08,2025-09-15,sz.000975,2025-09-10 20:06:40.577720
-0.0221,2025-09-09,2025-09-16,sz.000975,2025-09-10 20:06:40.577720
-0.03009,2025-09-09,2025-09-16,sz.000975,2025-09-10 20:06:40.577720
-0.03008,2025-09-09,2025-09-16,sz.000975,2025-09-10 20:06:40.577720
-0.1364,2025-09-10,2025-09-17,sz.000975,2025-09-10 20:06:40.577720
-0.1263,2025-09-10,2025-09-17,sz.000975,2025-09-10 20:06:40.577720
-0.2411,2025-09-08,2025-09-15,sz.000977,2025-09-10 20:06:40.577720
-0.2406,2025-09-08,2025-09-15,sz.000977,2025-09-10 20:06:40.577720
-0.2332,2025-09-08,2025-09-15,sz.000977,2025-09-10 20:06:40.577720
-0.4019,2025-09-09,2025-09-16,sz.000977,2025-09-10 20:06:40.577720
-0.4177,2025-09-09,2025-09-16,sz.000977,2025-09-10 20:06:40.577720
-0.4163,2025-09-09,2025-09-16,sz.000977,2025-09-10 20:06:40.577720
-0.08905,2025-09-10,2025-09-17,sz.000977,2025-09-10 20:06:40.577720
-0.0826,2025-09-10,2025-09-17,sz.000977,2025-09-10 20:06:40.577720
0.1599,2025-09-08,2025-09-15,sz.000983,2025-09-10 20:06:40.577720
0.1588,2025-09-08,2025-09-15,sz.000983,2025-09-10 20:06:40.577720
0.1324,2025-09-08,2025-09-15,sz.000983,2025-09-10 20:06:40.577720
0.1031,2025-09-09,2025-09-16,sz.000983,2025-09-10 20:06:40.577720
0.1173,2025-09-09,2025-09-16,sz.000983,2025-09-10 20:06:40.577720
0.1201,2025-09-09,2025-09-16,sz.000983,2025-09-10 20:06:40.577720
0.009636,2025-09-10,2025-09-17,sz.000983,2025-09-10 20:06:40.577720
0.00893,2025-09-10,2025-09-17,sz.000983,2025-09-10 20:06:40.577720
0.2168,2025-09-08,2025-09-15,sz.000999,2025-09-10 20:06:40.577720
0.2167,2025-09-08,2025-09-15,sz.000999,2025-09-10 20:06:40.577720
0.2166,2025-09-08,2025-09-15,sz.000999,2025-09-10 20:06:40.577720
0.0984,2025-09-09,2025-09-16,sz.000999,2025-09-10 20:06:40.577720
0.09906,2025-09-09,2025-09-16,sz.000999,2025-09-10 20:06:40.577720
0.09906,2025-09-09,2025-09-16,sz.000999,2025-09-10 20:06:40.577720
0.0372,2025-09-10,2025-09-17,sz.000999,2025-09-10 20:06:40.577720
0.0373,2025-09-10,2025-09-17,sz.000999,2025-09-10 20:06:40.577720
0.009,2025-09-08,2025-09-15,sz.001289,2025-09-10 20:06:40.577720
0.01307,2025-09-08,2025-09-15,sz.001289,2025-09-10 20:06:40.577720
0.009,2025-09-08,2025-09-15,sz.001289,2025-09-10 20:06:40.577720
-0.00606,2025-09-09,2025-09-16,sz.001289,2025-09-10 20:06:40.577720
-0.00606,2025-09-09,2025-09-16,sz.001289,2025-09-10 20:06:40.577720
-0.00606,2025-09-09,2025-09-16,sz.001289,2025-09-10 20:06:40.577720
0.012405,2025-09-10,2025-09-17,sz.001289,2025-09-10 20:06:40.577720
0.012405,2025-09-10,2025-09-17,sz.001289,2025-09-10 20:06:40.577720
0.03152,2025-09-08,2025-09-15,sz.001965,2025-09-10 20:06:40.577720
0.03183,2025-09-08,2025-09-15,sz.001965,2025-09-10 20:06:40.577720
0.03183,2025-09-08,2025-09-15,sz.001965,2025-09-10 20:06:40.577720
0.0299,2025-09-09,2025-09-16,sz.001965,2025-09-10 20:06:40.577720
0.01848,2025-09-09,2025-09-16,sz.001965,2025-09-10 20:06:40.577720
0.01968,2025-09-09,2025-09-16,sz.001965,2025-09-10 20:06:40.577720
0.0186,2025-09-10,2025-09-17,sz.001965,2025-09-10 20:06:40.577720
0.0186,2025-09-10,2025-09-17,sz.001965,2025-09-10 20:06:40.577720
0.0627,2025-09-08,2025-09-15,sz.001979,2025-09-10 20:06:40.577720
0.0627,2025-09-08,2025-09-15,sz.001979,2025-09-10 20:06:40.577720
0.0627,2025-09-08,2025-09-15,sz.001979,2025-09-10 20:06:40.577720
0.0608,2025-09-09,2025-09-16,sz.001979,2025-09-10 20:06:40.577720
0.0608,2025-09-09,2025-09-16,sz.001979,2025-09-10 20:06:40.577720
0.06088,2025-09-09,2025-09-16,sz.001979,2025-09-10 20:06:40.577720
0.05945,2025-09-10,2025-09-17,sz.001979,2025-09-10 20:06:40.577720
0.08124,2025-09-10,2025-09-17,sz.001979,2025-09-10 20:06:40.577720
-0.10706,2025-09-08,2025-09-15,sz.002001,2025-09-10 20:06:40.577720
-0.1053,2025-09-08,2025-09-15,sz.002001,2025-09-10 20:06:40.577720
-0.10583,2025-09-08,2025-09-15,sz.002001,2025-09-10 20:06:40.577720
-0.1823,2025-09-09,2025-09-16,sz.002001,2025-09-10 20:06:40.577720
-0.181,2025-09-09,2025-09-16,sz.002001,2025-09-10 20:06:40.577720
-0.181,2025-09-09,2025-09-16,sz.002001,2025-09-10 20:06:40.577720
-0.1674,2025-09-10,2025-09-17,sz.002001,2025-09-10 20:06:40.577720
-0.1672,2025-09-10,2025-09-17,sz.002001,2025-09-10 20:06:40.577720
0.02069,2025-09-08,2025-09-15,sz.002027,2025-09-10 20:06:40.577720
0.0165,2025-09-08,2025-09-15,sz.002027,2025-09-10 20:06:40.577720
0.01924,2025-09-08,2025-09-15,sz.002027,2025-09-10 20:06:40.577720
-0.01143,2025-09-09,2025-09-16,sz.002027,2025-09-10 20:06:40.577720
-0.01372,2025-09-09,2025-09-16,sz.002027,2025-09-10 20:06:40.577720
-0.01372,2025-09-09,2025-09-16,sz.002027,2025-09-10 20:06:40.577720
-0.12494,2025-09-10,2025-09-17,sz.002027,2025-09-10 20:06:40.577720
-0.123,2025-09-10,2025-09-17,sz.002027,2025-09-10 20:06:40.577720
-0.2167,2025-09-08,2025-09-15,sz.002028,2025-09-10 20:06:40.577720
-0.2156,2025-09-08,2025-09-15,sz.002028,2025-09-10 20:06:40.577720
-0.2156,2025-09-08,2025-09-15,sz.002028,2025-09-10 20:06:40.577720
-0.2208,2025-09-09,2025-09-16,sz.002028,2025-09-10 20:06:40.577720
-0.2207,2025-09-09,2025-09-16,sz.002028,2025-09-10 20:06:40.577720
-0.2198,2025-09-09,2025-09-16,sz.002028,2025-09-10 20:06:40.577720
-0.2327,2025-09-10,2025-09-17,sz.002028,2025-09-10 20:06:40.577720
-0.2324,2025-09-10,2025-09-17,sz.002028,2025-09-10 20:06:40.577720
-0.2416,2025-09-08,2025-09-15,sz.002049,2025-09-10 20:06:40.577720
-0.2317,2025-09-08,2025-09-15,sz.002049,2025-09-10 20:06:40.577720
-0.2295,2025-09-08,2025-09-15,sz.002049,2025-09-10 20:06:40.577720
-0.3582,2025-09-09,2025-09-16,sz.002049,2025-09-10 20:06:40.577720
-0.3564,2025-09-09,2025-09-16,sz.002049,2025-09-10 20:06:40.577720
-0.3547,2025-09-09,2025-09-16,sz.002049,2025-09-10 20:06:40.577720
-0.267,2025-09-10,2025-09-17,sz.002049,2025-09-10 20:06:40.577720
-0.2734,2025-09-10,2025-09-17,sz.002049,2025-09-10 20:06:40.577720
0.1059,2025-09-08,2025-09-15,sz.002050,2025-09-10 20:06:40.577720
0.11084,2025-09-08,2025-09-15,sz.002050,2025-09-10 20:06:40.577720
0.1062,2025-09-08,2025-09-15,sz.002050,2025-09-10 20:06:40.577720
-0.2888,2025-09-09,2025-09-16,sz.002050,2025-09-10 20:06:40.577720
-0.282,2025-09-09,2025-09-16,sz.002050,2025-09-10 20:06:40.577720
-0.285,2025-09-09,2025-09-16,sz.002050,2025-09-10 20:06:40.577720
-0.354,2025-09-10,2025-09-17,sz.002050,2025-09-10 20:06:40.577720
-0.3628,2025-09-10,2025-09-17,sz.002050,2025-09-10 20:06:40.577720
-0.5195,2025-09-08,2025-09-15,sz.002074,2025-09-10 20:06:40.577720
-0.5215,2025-09-08,2025-09-15,sz.002074,2025-09-10 20:06:40.577720
-0.528,2025-09-08,2025-09-15,sz.002074,2025-09-10 20:06:40.577720
-0.1215,2025-09-09,2025-09-16,sz.002074,2025-09-10 20:06:40.577720
-0.1214,2025-09-09,2025-09-16,sz.002074,2025-09-10 20:06:40.577720
-0.12036,2025-09-09,2025-09-16,sz.002074,2025-09-10 20:06:40.577720
-0.2389,2025-09-10,2025-09-17,sz.002074,2025-09-10 20:06:40.577720
-0.235,2025-09-10,2025-09-17,sz.002074,2025-09-10 20:06:40.577720
-0.1382,2025-09-08,2025-09-15,sz.002129,2025-09-10 20:06:40.577720
-0.14,2025-09-08,2025-09-15,sz.002129,2025-09-10 20:06:40.577720
-0.1442,2025-09-08,2025-09-15,sz.002129,2025-09-10 20:06:40.577720
-0.2256,2025-09-09,2025-09-16,sz.002129,2025-09-10 20:06:40.577720
-0.207,2025-09-09,2025-09-16,sz.002129,2025-09-10 20:06:40.577720
-0.2032,2025-09-09,2025-09-16,sz.002129,2025-09-10 20:06:40.577720
-0.242,2025-09-10,2025-09-17,sz.002129,2025-09-10 20:06:40.577720
-0.2391,2025-09-10,2025-09-17,sz.002129,2025-09-10 20:06:40.577720
0.01627,2025-09-08,2025-09-15,sz.002142,2025-09-10 20:06:40.577720
0.01627,2025-09-08,2025-09-15,sz.002142,2025-09-10 20:06:40.577720
0.01627,2025-09-08,2025-09-15,sz.002142,2025-09-10 20:06:40.577720
0.1134,2025-09-09,2025-09-16,sz.002142,2025-09-10 20:06:40.577720
0.1506,2025-09-09,2025-09-16,sz.002142,2025-09-10 20:06:40.577720
0.1141,2025-09-09,2025-09-16,sz.002142,2025-09-10 20:06:40.577720
-0.0458,2025-09-10,2025-09-17,sz.002142,2025-09-10 20:06:40.577720
-0.04602,2025-09-10,2025-09-17,sz.002142,2025-09-10 20:06:40.577720
-0.02179,2025-09-08,2025-09-15,sz.002179,2025-09-10 20:06:40.577720
-0.0244,2025-09-08,2025-09-15,sz.002179,2025-09-10 20:06:40.577720
-0.0241,2025-09-08,2025-09-15,sz.002179,2025-09-10 20:06:40.577720
-0.0658,2025-09-09,2025-09-16,sz.002179,2025-09-10 20:06:40.577720
-0.05865,2025-09-09,2025-09-16,sz.002179,2025-09-10 20:06:40.577720
-0.0595,2025-09-09,2025-09-16,sz.002179,2025-09-10 20:06:40.577720
-0.08356,2025-09-10,2025-09-17,sz.002179,2025-09-10 20:06:40.577720
-0.0804,2025-09-10,2025-09-17,sz.002179,2025-09-10 20:06:40.577720
-0.09375,2025-09-08,2025-09-15,sz.002180,2025-09-10 20:06:40.577720
-0.08875,2025-09-08,2025-09-15,sz.002180,2025-09-10 20:06:40.577720
-0.09705,2025-09-08,2025-09-15,sz.002180,2025-09-10 20:06:40.577720
-0.3064,2025-09-09,2025-09-16,sz.002180,2025-09-10 20:06:40.577720
-0.302,2025-09-09,2025-09-16,sz.002180,2025-09-10 20:06:40.577720
-0.2964,2025-09-09,2025-09-16,sz.002180,2025-09-10 20:06:40.577720
-0.1997,2025-09-10,2025-09-17,sz.002180,2025-09-10 20:06:40.577720
-0.19,2025-09-10,2025-09-17,sz.002180,2025-09-10 20:06:40.577720
-0.05682,2025-09-08,2025-09-15,sz.002230,2025-09-10 20:06:40.577720
-0.05887,2025-09-08,2025-09-15,sz.002230,2025-09-10 20:06:40.577720
-0.05862,2025-09-08,2025-09-15,sz.002230,2025-09-10 20:06:40.577720
-0.2399,2025-09-09,2025-09-16,sz.002230,2025-09-10 20:06:40.577720
-0.2367,2025-09-09,2025-09-16,sz.002230,2025-09-10 20:06:40.577720
-0.2368,2025-09-09,2025-09-16,sz.002230,2025-09-10 20:06:40.577720
-0.0645,2025-09-10,2025-09-17,sz.002230,2025-09-10 20:06:40.577720
-0.07,2025-09-10,2025-09-17,sz.002230,2025-09-10 20:06:40.577720
-0.07227,2025-09-08,2025-09-15,sz.002236,2025-09-10 20:06:40.577720
-0.07245,2025-09-08,2025-09-15,sz.002236,2025-09-10 20:06:40.577720
-0.0724,2025-09-08,2025-09-15,sz.002236,2025-09-10 20:06:40.577720
-0.1343,2025-09-09,2025-09-16,sz.002236,2025-09-10 20:06:40.577720
-0.1348,2025-09-09,2025-09-16,sz.002236,2025-09-10 20:06:40.577720
-0.134,2025-09-09,2025-09-16,sz.002236,2025-09-10 20:06:40.577720
-0.103,2025-09-10,2025-09-17,sz.002236,2025-09-10 20:06:40.577720
-0.1031,2025-09-10,2025-09-17,sz.002236,2025-09-10 20:06:40.577720
-0.415,2025-09-08,2025-09-15,sz.002241,2025-09-10 20:06:40.577720
-0.4146,2025-09-08,2025-09-15,sz.002241,2025-09-10 20:06:40.577720
-0.414,2025-09-08,2025-09-15,sz.002241,2025-09-10 20:06:40.577720
-0.3901,2025-09-09,2025-09-16,sz.002241,2025-09-10 20:06:40.577720
-0.3894,2025-09-09,2025-09-16,sz.002241,2025-09-10 20:06:40.577720
-0.39,2025-09-09,2025-09-16,sz.002241,2025-09-10 20:06:40.577720
-0.2622,2025-09-10,2025-09-17,sz.002241,2025-09-10 20:06:40.577720
-0.2598,2025-09-10,2025-09-17,sz.002241,2025-09-10 20:06:40.577720
0.1808,2025-09-08,2025-09-15,sz.002252,2025-09-10 20:06:40.577720
0.1542,2025-09-08,2025-09-15,sz.002252,2025-09-10 20:06:40.577720
0.15,2025-09-08,2025-09-15,sz.002252,2025-09-10 20:06:40.577720
0.0751,2025-09-09,2025-09-16,sz.002252,2025-09-10 20:06:40.577720
0.0698,2025-09-09,2025-09-16,sz.002252,2025-09-10 20:06:40.577720
0.0756,2025-09-09,2025-09-16,sz.002252,2025-09-10 20:06:40.577720
0.09216,2025-09-10,2025-09-17,sz.002252,2025-09-10 20:06:40.577720
0.0829,2025-09-10,2025-09-17,sz.002252,2025-09-10 20:06:40.577720
-0.1616,2025-09-08,2025-09-15,sz.002304,2025-09-10 20:06:40.577720
-0.166,2025-09-08,2025-09-15,sz.002304,2025-09-10 20:06:40.577720
-0.1594,2025-09-08,2025-09-15,sz.002304,2025-09-10 20:06:40.577720
-0.1669,2025-09-09,2025-09-16,sz.002304,2025-09-10 20:06:40.577720
-0.165,2025-09-09,2025-09-16,sz.002304,2025-09-10 20:06:40.577720
-0.1696,2025-09-09,2025-09-16,sz.002304,2025-09-10 20:06:40.577720
-0.2407,2025-09-10,2025-09-17,sz.002304,2025-09-10 20:06:40.577720
-0.2388,2025-09-10,2025-09-17,sz.002304,2025-09-10 20:06:40.577720
-0.01587,2025-09-08,2025-09-15,sz.002311,2025-09-10 20:06:40.577720
-0.01633,2025-09-08,2025-09-15,sz.002311,2025-09-10 20:06:40.577720
-0.01624,2025-09-08,2025-09-15,sz.002311,2025-09-10 20:06:40.577720
-0.12225,2025-09-09,2025-09-16,sz.002311,2025-09-10 20:06:40.577720
-0.1222,2025-09-09,2025-09-16,sz.002311,2025-09-10 20:06:40.577720
-0.1222,2025-09-09,2025-09-16,sz.002311,2025-09-10 20:06:40.577720
-0.1158,2025-09-10,2025-09-17,sz.002311,2025-09-10 20:06:40.577720
-0.11633,2025-09-10,2025-09-17,sz.002311,2025-09-10 20:06:40.577720
0.08673,2025-09-08,2025-09-15,sz.002352,2025-09-10 20:06:40.577720
0.0868,2025-09-08,2025-09-15,sz.002352,2025-09-10 20:06:40.577720
0.0868,2025-09-08,2025-09-15,sz.002352,2025-09-10 20:06:40.577720
-0.0659,2025-09-09,2025-09-16,sz.002352,2025-09-10 20:06:40.577720
-0.0702,2025-09-09,2025-09-16,sz.002352,2025-09-10 20:06:40.577720
-0.0693,2025-09-09,2025-09-16,sz.002352,2025-09-10 20:06:40.577720
0.08856,2025-09-10,2025-09-17,sz.002352,2025-09-10 20:06:40.577720
0.08856,2025-09-10,2025-09-17,sz.002352,2025-09-10 20:06:40.577720
-0.2107,2025-09-08,2025-09-15,sz.002371,2025-09-10 20:06:40.577720
-0.2107,2025-09-08,2025-09-15,sz.002371,2025-09-10 20:06:40.577720
-0.2106,2025-09-08,2025-09-15,sz.002371,2025-09-10 20:06:40.577720
-0.2605,2025-09-09,2025-09-16,sz.002371,2025-09-10 20:06:40.577720
-0.2605,2025-09-09,2025-09-16,sz.002371,2025-09-10 20:06:40.577720
-0.2605,2025-09-09,2025-09-16,sz.002371,2025-09-10 20:06:40.577720
-0.2231,2025-09-10,2025-09-17,sz.002371,2025-09-10 20:06:40.577720
-0.2231,2025-09-10,2025-09-17,sz.002371,2025-09-10 20:06:40.577720
-0.01243,2025-09-08,2025-09-15,sz.002415,2025-09-10 20:06:40.577720
-0.01278,2025-09-08,2025-09-15,sz.002415,2025-09-10 20:06:40.577720
-0.015526,2025-09-08,2025-09-15,sz.002415,2025-09-10 20:06:40.577720
-0.03244,2025-09-09,2025-09-16,sz.002415,2025-09-10 20:06:40.577720
-0.0346,2025-09-09,2025-09-16,sz.002415,2025-09-10 20:06:40.577720
-0.0346,2025-09-09,2025-09-16,sz.002415,2025-09-10 20:06:40.577720
-0.0631,2025-09-10,2025-09-17,sz.002415,2025-09-10 20:06:40.577720
-0.0633,2025-09-10,2025-09-17,sz.002415,2025-09-10 20:06:40.577720
-0.2559,2025-09-08,2025-09-15,sz.002422,2025-09-10 20:06:40.577720
-0.2634,2025-09-08,2025-09-15,sz.002422,2025-09-10 20:06:40.577720
-0.2642,2025-09-08,2025-09-15,sz.002422,2025-09-10 20:06:40.577720
-0.4321,2025-09-09,2025-09-16,sz.002422,2025-09-10 20:06:40.577720
-0.4346,2025-09-09,2025-09-16,sz.002422,2025-09-10 20:06:40.577720
-0.4507,2025-09-09,2025-09-16,sz.002422,2025-09-10 20:06:40.577720
-0.586,2025-09-10,2025-09-17,sz.002422,2025-09-10 20:06:40.577720
-0.586,2025-09-10,2025-09-17,sz.002422,2025-09-10 20:06:40.577720
0.05457,2025-09-08,2025-09-15,sz.002459,2025-09-10 20:06:40.577720
0.09143,2025-09-08,2025-09-15,sz.002459,2025-09-10 20:06:40.577720
0.0935,2025-09-08,2025-09-15,sz.002459,2025-09-10 20:06:40.577720
-0.1885,2025-09-09,2025-09-16,sz.002459,2025-09-10 20:06:40.577720
-0.1882,2025-09-09,2025-09-16,sz.002459,2025-09-10 20:06:40.577720
-0.2089,2025-09-09,2025-09-16,sz.002459,2025-09-10 20:06:40.577720
-0.07074,2025-09-10,2025-09-17,sz.002459,2025-09-10 20:06:40.577720
-0.06555,2025-09-10,2025-09-17,sz.002459,2025-09-10 20:06:40.577720
-0.2035,2025-09-08,2025-09-15,sz.002460,2025-09-10 20:06:40.577720
-0.2029,2025-09-08,2025-09-15,sz.002460,2025-09-10 20:06:40.577720
-0.2043,2025-09-08,2025-09-15,sz.002460,2025-09-10 20:06:40.577720
-0.2573,2025-09-09,2025-09-16,sz.002460,2025-09-10 20:06:40.577720
-0.2598,2025-09-09,2025-09-16,sz.002460,2025-09-10 20:06:40.577720
-0.2585,2025-09-09,2025-09-16,sz.002460,2025-09-10 20:06:40.577720
-0.2089,2025-09-10,2025-09-17,sz.002460,2025-09-10 20:06:40.577720
-0.2109,2025-09-10,2025-09-17,sz.002460,2025-09-10 20:06:40.577720
-0.9097,2025-09-08,2025-09-15,sz.002463,2025-09-10 20:06:40.577720
-0.908,2025-09-08,2025-09-15,sz.002463,2025-09-10 20:06:40.577720
-0.9097,2025-09-08,2025-09-15,sz.002463,2025-09-10 20:06:40.577720
-0.2766,2025-09-09,2025-09-16,sz.002463,2025-09-10 20:06:40.577720
-0.2668,2025-09-09,2025-09-16,sz.002463,2025-09-10 20:06:40.577720
-0.258,2025-09-09,2025-09-16,sz.002463,2025-09-10 20:06:40.577720
-0.1324,2025-09-10,2025-09-17,sz.002463,2025-09-10 20:06:40.577720
-0.131,2025-09-10,2025-09-17,sz.002463,2025-09-10 20:06:40.577720
-0.5825,2025-09-08,2025-09-15,sz.002466,2025-09-10 20:06:40.577720
-0.5923,2025-09-08,2025-09-15,sz.002466,2025-09-10 20:06:40.577720
-0.5835,2025-09-08,2025-09-15,sz.002466,2025-09-10 20:06:40.577720
-0.4788,2025-09-09,2025-09-16,sz.002466,2025-09-10 20:06:40.577720
-0.4763,2025-09-09,2025-09-16,sz.002466,2025-09-10 20:06:40.577720
-0.4792,2025-09-09,2025-09-16,sz.002466,2025-09-10 20:06:40.577720
-0.3586,2025-09-10,2025-09-17,sz.002466,2025-09-10 20:06:40.577720
-0.3562,2025-09-10,2025-09-17,sz.002466,2025-09-10 20:06:40.577720
-0.2184,2025-09-08,2025-09-15,sz.002475,2025-09-10 20:06:40.577720
-0.2183,2025-09-08,2025-09-15,sz.002475,2025-09-10 20:06:40.577720
-0.2179,2025-09-08,2025-09-15,sz.002475,2025-09-10 20:06:40.577720
-0.2751,2025-09-09,2025-09-16,sz.002475,2025-09-10 20:06:40.577720
-0.2751,2025-09-09,2025-09-16,sz.002475,2025-09-10 20:06:40.577720
-0.275,2025-09-09,2025-09-16,sz.002475,2025-09-10 20:06:40.577720
-0.1879,2025-09-10,2025-09-17,sz.002475,2025-09-10 20:06:40.577720
-0.1879,2025-09-10,2025-09-17,sz.002475,2025-09-10 20:06:40.577720
0.1321,2025-09-08,2025-09-15,sz.002493,2025-09-10 20:06:40.577720
0.1247,2025-09-08,2025-09-15,sz.002493,2025-09-10 20:06:40.577720
0.1279,2025-09-08,2025-09-15,sz.002493,2025-09-10 20:06:40.577720
-0.2566,2025-09-09,2025-09-16,sz.002493,2025-09-10 20:06:40.577720
-0.265,2025-09-09,2025-09-16,sz.002493,2025-09-10 20:06:40.577720
-0.265,2025-09-09,2025-09-16,sz.002493,2025-09-10 20:06:40.577720
-0.3372,2025-09-10,2025-09-17,sz.002493,2025-09-10 20:06:40.577720
-0.3372,2025-09-10,2025-09-17,sz.002493,2025-09-10 20:06:40.577720
0.009995,2025-09-08,2025-09-15,sz.002594,2025-09-10 20:06:40.577720
0.012184,2025-09-08,2025-09-15,sz.002594,2025-09-10 20:06:40.577720
0.012184,2025-09-08,2025-09-15,sz.002594,2025-09-10 20:06:40.577720
-0.06635,2025-09-09,2025-09-16,sz.002594,2025-09-10 20:06:40.577720
-0.07446,2025-09-09,2025-09-16,sz.002594,2025-09-10 20:06:40.577720
-0.0674,2025-09-09,2025-09-16,sz.002594,2025-09-10 20:06:40.577720
-0.01854,2025-09-10,2025-09-17,sz.002594,2025-09-10 20:06:40.577720
-0.010216,2025-09-10,2025-09-17,sz.002594,2025-09-10 20:06:40.577720
-0.1324,2025-09-08,2025-09-15,sz.002600,2025-09-10 20:06:40.577720
-0.1387,2025-09-08,2025-09-15,sz.002600,2025-09-10 20:06:40.577720
-0.1387,2025-09-08,2025-09-15,sz.002600,2025-09-10 20:06:40.577720
-0.2461,2025-09-09,2025-09-16,sz.002600,2025-09-10 20:06:40.577720
-0.2413,2025-09-09,2025-09-16,sz.002600,2025-09-10 20:06:40.577720
-0.265,2025-09-09,2025-09-16,sz.002600,2025-09-10 20:06:40.577720
-0.1407,2025-09-10,2025-09-17,sz.002600,2025-09-10 20:06:40.577720
-0.1229,2025-09-10,2025-09-17,sz.002600,2025-09-10 20:06:40.577720
0.1715,2025-09-08,2025-09-15,sz.002601,2025-09-10 20:06:40.577720
0.1595,2025-09-08,2025-09-15,sz.002601,2025-09-10 20:06:40.577720
0.1586,2025-09-08,2025-09-15,sz.002601,2025-09-10 20:06:40.577720
-0.1028,2025-09-09,2025-09-16,sz.002601,2025-09-10 20:06:40.577720
-0.0971,2025-09-09,2025-09-16,sz.002601,2025-09-10 20:06:40.577720
-0.0913,2025-09-09,2025-09-16,sz.002601,2025-09-10 20:06:40.577720
-0.1761,2025-09-10,2025-09-17,sz.002601,2025-09-10 20:06:40.577720
-0.1793,2025-09-10,2025-09-17,sz.002601,2025-09-10 20:06:40.577720
0.1298,2025-09-08,2025-09-15,sz.002648,2025-09-10 20:06:40.577720
0.1298,2025-09-08,2025-09-15,sz.002648,2025-09-10 20:06:40.577720
0.1292,2025-09-08,2025-09-15,sz.002648,2025-09-10 20:06:40.577720
-0.273,2025-09-09,2025-09-16,sz.002648,2025-09-10 20:06:40.577720
-0.2808,2025-09-09,2025-09-16,sz.002648,2025-09-10 20:06:40.577720
-0.2927,2025-09-09,2025-09-16,sz.002648,2025-09-10 20:06:40.577720
-0.0993,2025-09-10,2025-09-17,sz.002648,2025-09-10 20:06:40.577720
-0.1016,2025-09-10,2025-09-17,sz.002648,2025-09-10 20:06:40.577720
-0.4434,2025-09-08,2025-09-15,sz.002709,2025-09-10 20:06:40.577720
-0.4504,2025-09-08,2025-09-15,sz.002709,2025-09-10 20:06:40.577720
-0.4426,2025-09-08,2025-09-15,sz.002709,2025-09-10 20:06:40.577720
-0.607,2025-09-09,2025-09-16,sz.002709,2025-09-10 20:06:40.577720
-0.6074,2025-09-09,2025-09-16,sz.002709,2025-09-10 20:06:40.577720
-0.599,2025-09-09,2025-09-16,sz.002709,2025-09-10 20:06:40.577720
-0.4436,2025-09-10,2025-09-17,sz.002709,2025-09-10 20:06:40.577720
-0.4456,2025-09-10,2025-09-17,sz.002709,2025-09-10 20:06:40.577720
-0.1396,2025-09-08,2025-09-15,sz.002714,2025-09-10 20:06:40.577720
-0.1403,2025-09-08,2025-09-15,sz.002714,2025-09-10 20:06:40.577720
-0.1403,2025-09-08,2025-09-15,sz.002714,2025-09-10 20:06:40.577720
-0.2015,2025-09-09,2025-09-16,sz.002714,2025-09-10 20:06:40.577720
-0.2018,2025-09-09,2025-09-16,sz.002714,2025-09-10 20:06:40.577720
-0.2018,2025-09-09,2025-09-16,sz.002714,2025-09-10 20:06:40.577720
-0.164,2025-09-10,2025-09-17,sz.002714,2025-09-10 20:06:40.577720
-0.1636,2025-09-10,2025-09-17,sz.002714,2025-09-10 20:06:40.577720
-0.04712,2025-09-08,2025-09-15,sz.002736,2025-09-10 20:06:40.577720
-0.04556,2025-09-08,2025-09-15,sz.002736,2025-09-10 20:06:40.577720
-0.04556,2025-09-08,2025-09-15,sz.002736,2025-09-10 20:06:40.577720
-0.0287,2025-09-09,2025-09-16,sz.002736,2025-09-10 20:06:40.577720
-0.0287,2025-09-09,2025-09-16,sz.002736,2025-09-10 20:06:40.577720
-0.0287,2025-09-09,2025-09-16,sz.002736,2025-09-10 20:06:40.577720
-0.0423,2025-09-10,2025-09-17,sz.002736,2025-09-10 20:06:40.577720
-0.0423,2025-09-10,2025-09-17,sz.002736,2025-09-10 20:06:40.577720
-0.813,2025-09-08,2025-09-15,sz.002916,2025-09-10 20:06:40.577720
-0.808,2025-09-08,2025-09-15,sz.002916,2025-09-10 20:06:40.577720
-0.8135,2025-09-08,2025-09-15,sz.002916,2025-09-10 20:06:40.577720
-0.514,2025-09-09,2025-09-16,sz.002916,2025-09-10 20:06:40.577720
-0.5176,2025-09-09,2025-09-16,sz.002916,2025-09-10 20:06:40.577720
-0.524,2025-09-09,2025-09-16,sz.002916,2025-09-10 20:06:40.577720
-0.2563,2025-09-10,2025-09-17,sz.002916,2025-09-10 20:06:40.577720
-0.252,2025-09-10,2025-09-17,sz.002916,2025-09-10 20:06:40.577720
-0.0578,2025-09-08,2025-09-15,sz.002920,2025-09-10 20:06:40.577720
-0.0578,2025-09-08,2025-09-15,sz.002920,2025-09-10 20:06:40.577720
-0.0578,2025-09-08,2025-09-15,sz.002920,2025-09-10 20:06:40.577720
-0.1875,2025-09-09,2025-09-16,sz.002920,2025-09-10 20:06:40.577720
-0.1875,2025-09-09,2025-09-16,sz.002920,2025-09-10 20:06:40.577720
-0.1875,2025-09-09,2025-09-16,sz.002920,2025-09-10 20:06:40.577720
-0.3352,2025-09-10,2025-09-17,sz.002920,2025-09-10 20:06:40.577720
-0.329,2025-09-10,2025-09-17,sz.002920,2025-09-10 20:06:40.577720
-0.1907,2025-09-08,2025-09-15,sz.002938,2025-09-10 20:06:40.577720
-0.1907,2025-09-08,2025-09-15,sz.002938,2025-09-10 20:06:40.577720
-0.1907,2025-09-08,2025-09-15,sz.002938,2025-09-10 20:06:40.577720
-0.1799,2025-09-09,2025-09-16,sz.002938,2025-09-10 20:06:40.577720
-0.1799,2025-09-09,2025-09-16,sz.002938,2025-09-10 20:06:40.577720
-0.1799,2025-09-09,2025-09-16,sz.002938,2025-09-10 20:06:40.577720
-0.0839,2025-09-10,2025-09-17,sz.002938,2025-09-10 20:06:40.577720
-0.08685,2025-09-10,2025-09-17,sz.002938,2025-09-10 20:06:40.577720
0.02351,2025-09-08,2025-09-15,sz.003816,2025-09-10 20:06:40.577720
0.02351,2025-09-08,2025-09-15,sz.003816,2025-09-10 20:06:40.577720
0.02351,2025-09-08,2025-09-15,sz.003816,2025-09-10 20:06:40.577720
0.02351,2025-09-09,2025-09-16,sz.003816,2025-09-10 20:06:40.577720
0.03958,2025-09-09,2025-09-16,sz.003816,2025-09-10 20:06:40.577720
0.03958,2025-09-09,2025-09-16,sz.003816,2025-09-10 20:06:40.577720
0.02351,2025-09-10,2025-09-17,sz.003816,2025-09-10 20:06:40.577720
0.03958,2025-09-10,2025-09-17,sz.003816,2025-09-10 20:06:40.577720
-0.4258,2025-09-08,2025-09-15,sz.300014,2025-09-10 20:06:40.577720
-0.426,2025-09-08,2025-09-15,sz.300014,2025-09-10 20:06:40.577720
-0.4258,2025-09-08,2025-09-15,sz.300014,2025-09-10 20:06:40.577720
-0.2625,2025-09-09,2025-09-16,sz.300014,2025-09-10 20:06:40.577720
-0.2625,2025-09-09,2025-09-16,sz.300014,2025-09-10 20:06:40.577720
-0.2612,2025-09-09,2025-09-16,sz.300014,2025-09-10 20:06:40.577720
-0.2236,2025-09-10,2025-09-17,sz.300014,2025-09-10 20:06:40.577720
-0.2238,2025-09-10,2025-09-17,sz.300014,2025-09-10 20:06:40.577720
-0.0675,2025-09-08,2025-09-15,sz.300015,2025-09-10 20:06:40.577720
-0.06824,2025-09-08,2025-09-15,sz.300015,2025-09-10 20:06:40.577720
-0.06635,2025-09-08,2025-09-15,sz.300015,2025-09-10 20:06:40.577720
-0.0999,2025-09-09,2025-09-16,sz.300015,2025-09-10 20:06:40.577720
-0.10266,2025-09-09,2025-09-16,sz.300015,2025-09-10 20:06:40.577720
-0.10065,2025-09-09,2025-09-16,sz.300015,2025-09-10 20:06:40.577720
-0.0841,2025-09-10,2025-09-17,sz.300015,2025-09-10 20:06:40.577720
-0.0842,2025-09-10,2025-09-17,sz.300015,2025-09-10 20:06:40.577720
-0.3384,2025-09-08,2025-09-15,sz.300033,2025-09-10 20:06:40.577720
-0.3381,2025-09-08,2025-09-15,sz.300033,2025-09-10 20:06:40.577720
-0.3381,2025-09-08,2025-09-15,sz.300033,2025-09-10 20:06:40.577720
-0.3,2025-09-09,2025-09-16,sz.300033,2025-09-10 20:06:40.577720
-0.2998,2025-09-09,2025-09-16,sz.300033,2025-09-10 20:06:40.577720
-0.2996,2025-09-09,2025-09-16,sz.300033,2025-09-10 20:06:40.577720
-0.2803,2025-09-10,2025-09-17,sz.300033,2025-09-10 20:06:40.577720
-0.2803,2025-09-10,2025-09-17,sz.300033,2025-09-10 20:06:40.577720
-0.2354,2025-09-08,2025-09-15,sz.300059,2025-09-10 20:06:40.577720
-0.2352,2025-09-08,2025-09-15,sz.300059,2025-09-10 20:06:40.577720
-0.2355,2025-09-08,2025-09-15,sz.300059,2025-09-10 20:06:40.577720
-0.2443,2025-09-09,2025-09-16,sz.300059,2025-09-10 20:06:40.577720
-0.2443,2025-09-09,2025-09-16,sz.300059,2025-09-10 20:06:40.577720
-0.2441,2025-09-09,2025-09-16,sz.300059,2025-09-10 20:06:40.577720
-0.2338,2025-09-10,2025-09-17,sz.300059,2025-09-10 20:06:40.577720
-0.2339,2025-09-10,2025-09-17,sz.300059,2025-09-10 20:06:40.577720
-0.2954,2025-09-08,2025-09-15,sz.300122,2025-09-10 20:06:40.577720
-0.3123,2025-09-08,2025-09-15,sz.300122,2025-09-10 20:06:40.577720
-0.3088,2025-09-08,2025-09-15,sz.300122,2025-09-10 20:06:40.577720
-0.4119,2025-09-09,2025-09-16,sz.300122,2025-09-10 20:06:40.577720
-0.4026,2025-09-09,2025-09-16,sz.300122,2025-09-10 20:06:40.577720
-0.4133,2025-09-09,2025-09-16,sz.300122,2025-09-10 20:06:40.577720
-0.372,2025-09-10,2025-09-17,sz.300122,2025-09-10 20:06:40.577720
-0.3594,2025-09-10,2025-09-17,sz.300122,2025-09-10 20:06:40.577720
-0.1594,2025-09-08,2025-09-15,sz.300124,2025-09-10 20:06:40.577720
-0.1593,2025-09-08,2025-09-15,sz.300124,2025-09-10 20:06:40.577720
-0.1592,2025-09-08,2025-09-15,sz.300124,2025-09-10 20:06:40.577720
-0.226,2025-09-09,2025-09-16,sz.300124,2025-09-10 20:06:40.577720
-0.2258,2025-09-09,2025-09-16,sz.300124,2025-09-10 20:06:40.577720
-0.226,2025-09-09,2025-09-16,sz.300124,2025-09-10 20:06:40.577720
-0.2046,2025-09-10,2025-09-17,sz.300124,2025-09-10 20:06:40.577720
-0.2046,2025-09-10,2025-09-17,sz.300124,2025-09-10 20:06:40.577720
-0.3955,2025-09-08,2025-09-15,sz.300274,2025-09-10 20:06:40.577720
-0.395,2025-09-08,2025-09-15,sz.300274,2025-09-10 20:06:40.577720
-0.395,2025-09-08,2025-09-15,sz.300274,2025-09-10 20:06:40.577720
-0.3367,2025-09-09,2025-09-16,sz.300274,2025-09-10 20:06:40.577720
-0.3367,2025-09-09,2025-09-16,sz.300274,2025-09-10 20:06:40.577720
-0.3374,2025-09-09,2025-09-16,sz.300274,2025-09-10 20:06:40.577720
-0.2883,2025-09-10,2025-09-17,sz.300274,2025-09-10 20:06:40.577720
-0.2886,2025-09-10,2025-09-17,sz.300274,2025-09-10 20:06:40.577720
-0.6294,2025-09-08,2025-09-15,sz.300308,2025-09-10 20:06:40.577720
-0.6284,2025-09-08,2025-09-15,sz.300308,2025-09-10 20:06:40.577720
-0.6274,2025-09-08,2025-09-15,sz.300308,2025-09-10 20:06:40.577720
-0.5103,2025-09-09,2025-09-16,sz.300308,2025-09-10 20:06:40.577720
-0.509,2025-09-09,2025-09-16,sz.300308,2025-09-10 20:06:40.577720
-0.5083,2025-09-09,2025-09-16,sz.300308,2025-09-10 20:06:40.577720
-0.4604,2025-09-10,2025-09-17,sz.300308,2025-09-10 20:06:40.577720
-0.4597,2025-09-10,2025-09-17,sz.300308,2025-09-10 20:06:40.577720
-0.655,2025-09-08,2025-09-15,sz.300316,2025-09-10 20:06:40.577720
-0.6562,2025-09-08,2025-09-15,sz.300316,2025-09-10 20:06:40.577720
-0.648,2025-09-08,2025-09-15,sz.300316,2025-09-10 20:06:40.577720
-0.6064,2025-09-09,2025-09-16,sz.300316,2025-09-10 20:06:40.577720
-0.6045,2025-09-09,2025-09-16,sz.300316,2025-09-10 20:06:40.577720
-0.613,2025-09-09,2025-09-16,sz.300316,2025-09-10 20:06:40.577720
-0.3247,2025-09-10,2025-09-17,sz.300316,2025-09-10 20:06:40.577720
-0.325,2025-09-10,2025-09-17,sz.300316,2025-09-10 20:06:40.577720
-0.147,2025-09-08,2025-09-15,sz.300347,2025-09-10 20:06:40.577720
-0.1483,2025-09-08,2025-09-15,sz.300347,2025-09-10 20:06:40.577720
-0.1469,2025-09-08,2025-09-15,sz.300347,2025-09-10 20:06:40.577720
-0.2607,2025-09-09,2025-09-16,sz.300347,2025-09-10 20:06:40.577720
-0.2622,2025-09-09,2025-09-16,sz.300347,2025-09-10 20:06:40.577720
-0.2622,2025-09-09,2025-09-16,sz.300347,2025-09-10 20:06:40.577720
-0.1768,2025-09-10,2025-09-17,sz.300347,2025-09-10 20:06:40.577720
-0.1777,2025-09-10,2025-09-17,sz.300347,2025-09-10 20:06:40.577720
-0.6367,2025-09-08,2025-09-15,sz.300394,2025-09-10 20:06:40.577720
-0.6353,2025-09-08,2025-09-15,sz.300394,2025-09-10 20:06:40.577720
-0.6343,2025-09-08,2025-09-15,sz.300394,2025-09-10 20:06:40.577720
-0.5635,2025-09-09,2025-09-16,sz.300394,2025-09-10 20:06:40.577720
-0.562,2025-09-09,2025-09-16,sz.300394,2025-09-10 20:06:40.577720
-0.56,2025-09-09,2025-09-16,sz.300394,2025-09-10 20:06:40.577720
-0.5327,2025-09-10,2025-09-17,sz.300394,2025-09-10 20:06:40.577720
-0.532,2025-09-10,2025-09-17,sz.300394,2025-09-10 20:06:40.577720
0.004665,2025-09-08,2025-09-15,sz.300408,2025-09-10 20:06:40.577720
-0.01825,2025-09-08,2025-09-15,sz.300408,2025-09-10 20:06:40.577720
-0.010864,2025-09-08,2025-09-15,sz.300408,2025-09-10 20:06:40.577720
-0.405,2025-09-09,2025-09-16,sz.300408,2025-09-10 20:06:40.577720
-0.4229,2025-09-09,2025-09-16,sz.300408,2025-09-10 20:06:40.577720
-0.3972,2025-09-09,2025-09-16,sz.300408,2025-09-10 20:06:40.577720
-0.02791,2025-09-10,2025-09-17,sz.300408,2025-09-10 20:06:40.577720
-0.02127,2025-09-10,2025-09-17,sz.300408,2025-09-10 20:06:40.577720
0.1233,2025-09-08,2025-09-15,sz.300413,2025-09-10 20:06:40.577720
0.1233,2025-09-08,2025-09-15,sz.300413,2025-09-10 20:06:40.577720
0.1126,2025-09-08,2025-09-15,sz.300413,2025-09-10 20:06:40.577720
-0.0662,2025-09-09,2025-09-16,sz.300413,2025-09-10 20:06:40.577720
-0.0662,2025-09-09,2025-09-16,sz.300413,2025-09-10 20:06:40.577720
-0.0763,2025-09-09,2025-09-16,sz.300413,2025-09-10 20:06:40.577720
0.1263,2025-09-10,2025-09-17,sz.300413,2025-09-10 20:06:40.577720
0.1265,2025-09-10,2025-09-17,sz.300413,2025-09-10 20:06:40.577720
-0.3608,2025-09-08,2025-09-15,sz.300418,2025-09-10 20:06:40.577720
-0.3828,2025-09-08,2025-09-15,sz.300418,2025-09-10 20:06:40.577720
-0.377,2025-09-08,2025-09-15,sz.300418,2025-09-10 20:06:40.577720
-0.7695,2025-09-09,2025-09-16,sz.300418,2025-09-10 20:06:40.577720
-0.758,2025-09-09,2025-09-16,sz.300418,2025-09-10 20:06:40.577720
-0.7617,2025-09-09,2025-09-16,sz.300418,2025-09-10 20:06:40.577720
-0.132,2025-09-10,2025-09-17,sz.300418,2025-09-10 20:06:40.577720
-0.07117,2025-09-10,2025-09-17,sz.300418,2025-09-10 20:06:40.577720
-0.293,2025-09-08,2025-09-15,sz.300433,2025-09-10 20:06:40.577720
-0.2678,2025-09-08,2025-09-15,sz.300433,2025-09-10 20:06:40.577720
-0.2744,2025-09-08,2025-09-15,sz.300433,2025-09-10 20:06:40.577720
-0.9595,2025-09-09,2025-09-16,sz.300433,2025-09-10 20:06:40.577720
-0.9585,2025-09-09,2025-09-16,sz.300433,2025-09-10 20:06:40.577720
-0.956,2025-09-09,2025-09-16,sz.300433,2025-09-10 20:06:40.577720
-0.3032,2025-09-10,2025-09-17,sz.300433,2025-09-10 20:06:40.577720
-0.301,2025-09-10,2025-09-17,sz.300433,2025-09-10 20:06:40.577720
-0.2037,2025-09-08,2025-09-15,sz.300442,2025-09-10 20:06:40.577720
-0.2064,2025-09-08,2025-09-15,sz.300442,2025-09-10 20:06:40.577720
-0.2064,2025-09-08,2025-09-15,sz.300442,2025-09-10 20:06:40.577720
-0.4478,2025-09-09,2025-09-16,sz.300442,2025-09-10 20:06:40.577720
-0.4233,2025-09-09,2025-09-16,sz.300442,2025-09-10 20:06:40.577720
-0.4233,2025-09-09,2025-09-16,sz.300442,2025-09-10 20:06:40.577720
-0.08923,2025-09-10,2025-09-17,sz.300442,2025-09-10 20:06:40.577720
-0.08923,2025-09-10,2025-09-17,sz.300442,2025-09-10 20:06:40.577720
0.1247,2025-09-08,2025-09-15,sz.300498,2025-09-10 20:06:40.577720
0.12463,2025-09-08,2025-09-15,sz.300498,2025-09-10 20:06:40.577720
0.12463,2025-09-08,2025-09-15,sz.300498,2025-09-10 20:06:40.577720
0.0319,2025-09-09,2025-09-16,sz.300498,2025-09-10 20:06:40.577720
0.0319,2025-09-09,2025-09-16,sz.300498,2025-09-10 20:06:40.577720
0.0319,2025-09-09,2025-09-16,sz.300498,2025-09-10 20:06:40.577720
0.0684,2025-09-10,2025-09-17,sz.300498,2025-09-10 20:06:40.577720
0.0684,2025-09-10,2025-09-17,sz.300498,2025-09-10 20:06:40.577720
-0.6587,2025-09-08,2025-09-15,sz.300502,2025-09-10 20:06:40.577720
-0.6577,2025-09-08,2025-09-15,sz.300502,2025-09-10 20:06:40.577720
-0.657,2025-09-08,2025-09-15,sz.300502,2025-09-10 20:06:40.577720
-0.4482,2025-09-09,2025-09-16,sz.300502,2025-09-10 20:06:40.577720
-0.4478,2025-09-09,2025-09-16,sz.300502,2025-09-10 20:06:40.577720
-0.4468,2025-09-09,2025-09-16,sz.300502,2025-09-10 20:06:40.577720
-0.523,2025-09-10,2025-09-17,sz.300502,2025-09-10 20:06:40.577720
-0.522,2025-09-10,2025-09-17,sz.300502,2025-09-10 20:06:40.577720
-0.0604,2025-09-08,2025-09-15,sz.300628,2025-09-10 20:06:40.577720
-0.0602,2025-09-08,2025-09-15,sz.300628,2025-09-10 20:06:40.577720
-0.0605,2025-09-08,2025-09-15,sz.300628,2025-09-10 20:06:40.577720
-0.1205,2025-09-09,2025-09-16,sz.300628,2025-09-10 20:06:40.577720
-0.1189,2025-09-09,2025-09-16,sz.300628,2025-09-10 20:06:40.577720
-0.11865,2025-09-09,2025-09-16,sz.300628,2025-09-10 20:06:40.577720
-0.10596,2025-09-10,2025-09-17,sz.300628,2025-09-10 20:06:40.577720
-0.1058,2025-09-10,2025-09-17,sz.300628,2025-09-10 20:06:40.577720
-0.09607,2025-09-08,2025-09-15,sz.300661,2025-09-10 20:06:40.577720
-0.09344,2025-09-08,2025-09-15,sz.300661,2025-09-10 20:06:40.577720
-0.09534,2025-09-08,2025-09-15,sz.300661,2025-09-10 20:06:40.577720
-0.143,2025-09-09,2025-09-16,sz.300661,2025-09-10 20:06:40.577720
-0.1434,2025-09-09,2025-09-16,sz.300661,2025-09-10 20:06:40.577720
-0.1401,2025-09-09,2025-09-16,sz.300661,2025-09-10 20:06:40.577720
-0.06396,2025-09-10,2025-09-17,sz.300661,2025-09-10 20:06:40.577720
-0.06274,2025-09-10,2025-09-17,sz.300661,2025-09-10 20:06:40.577720
-0.517,2025-09-08,2025-09-15,sz.300750,2025-09-10 20:06:40.577720
-0.5137,2025-09-08,2025-09-15,sz.300750,2025-09-10 20:06:40.577720
-0.5176,2025-09-08,2025-09-15,sz.300750,2025-09-10 20:06:40.577720
-0.4578,2025-09-09,2025-09-16,sz.300750,2025-09-10 20:06:40.577720
-0.4524,2025-09-09,2025-09-16,sz.300750,2025-09-10 20:06:40.577720
-0.4548,2025-09-09,2025-09-16,sz.300750,2025-09-10 20:06:40.577720
-0.2751,2025-09-10,2025-09-17,sz.300750,2025-09-10 20:06:40.577720
-0.2783,2025-09-10,2025-09-17,sz.300750,2025-09-10 20:06:40.577720
0.10913,2025-09-08,2025-09-15,sz.300759,2025-09-10 20:06:40.577720
0.11835,2025-09-08,2025-09-15,sz.300759,2025-09-10 20:06:40.577720
0.11835,2025-09-08,2025-09-15,sz.300759,2025-09-10 20:06:40.577720
-0.2345,2025-09-09,2025-09-16,sz.300759,2025-09-10 20:06:40.577720
-0.2198,2025-09-09,2025-09-16,sz.300759,2025-09-10 20:06:40.577720
-0.2201,2025-09-09,2025-09-16,sz.300759,2025-09-10 20:06:40.577720
-0.02711,2025-09-10,2025-09-17,sz.300759,2025-09-10 20:06:40.577720
-0.02711,2025-09-10,2025-09-17,sz.300759,2025-09-10 20:06:40.577720
-0.01489,2025-09-08,2025-09-15,sz.300760,2025-09-10 20:06:40.577720
-0.01857,2025-09-08,2025-09-15,sz.300760,2025-09-10 20:06:40.577720
-0.01857,2025-09-08,2025-09-15,sz.300760,2025-09-10 20:06:40.577720
-0.3115,2025-09-09,2025-09-16,sz.300760,2025-09-10 20:06:40.577720
-0.3027,2025-09-09,2025-09-16,sz.300760,2025-09-10 20:06:40.577720
-0.3113,2025-09-09,2025-09-16,sz.300760,2025-09-10 20:06:40.577720
-0.1279,2025-09-10,2025-09-17,sz.300760,2025-09-10 20:06:40.577720
-0.1233,2025-09-10,2025-09-17,sz.300760,2025-09-10 20:06:40.577720
-0.2551,2025-09-08,2025-09-15,sz.300782,2025-09-10 20:06:40.577720
-0.2524,2025-09-08,2025-09-15,sz.300782,2025-09-10 20:06:40.577720
-0.2542,2025-09-08,2025-09-15,sz.300782,2025-09-10 20:06:40.577720
-0.2551,2025-09-09,2025-09-16,sz.300782,2025-09-10 20:06:40.577720
-0.2524,2025-09-09,2025-09-16,sz.300782,2025-09-10 20:06:40.577720
-0.253,2025-09-09,2025-09-16,sz.300782,2025-09-10 20:06:40.577720
-0.2086,2025-09-10,2025-09-17,sz.300782,2025-09-10 20:06:40.577720
-0.2103,2025-09-10,2025-09-17,sz.300782,2025-09-10 20:06:40.577720
-0.03113,2025-09-08,2025-09-15,sz.300832,2025-09-10 20:06:40.577720
-0.02914,2025-09-08,2025-09-15,sz.300832,2025-09-10 20:06:40.577720
-0.03882,2025-09-08,2025-09-15,sz.300832,2025-09-10 20:06:40.577720
0.01807,2025-09-09,2025-09-16,sz.300832,2025-09-10 20:06:40.577720
0.01807,2025-09-09,2025-09-16,sz.300832,2025-09-10 20:06:40.577720
0.01805,2025-09-09,2025-09-16,sz.300832,2025-09-10 20:06:40.577720
-0.1809,2025-09-10,2025-09-17,sz.300832,2025-09-10 20:06:40.577720
-0.1809,2025-09-10,2025-09-17,sz.300832,2025-09-10 20:06:40.577720
-0.1522,2025-09-08,2025-09-15,sz.300896,2025-09-10 20:06:40.577720
-0.1486,2025-09-08,2025-09-15,sz.300896,2025-09-10 20:06:40.577720
-0.1519,2025-09-08,2025-09-15,sz.300896,2025-09-10 20:06:40.577720
-0.2235,2025-09-09,2025-09-16,sz.300896,2025-09-10 20:06:40.577720
-0.2242,2025-09-09,2025-09-16,sz.300896,2025-09-10 20:06:40.577720
-0.2266,2025-09-09,2025-09-16,sz.300896,2025-09-10 20:06:40.577720
-0.2194,2025-09-10,2025-09-17,sz.300896,2025-09-10 20:06:40.577720
-0.2161,2025-09-10,2025-09-17,sz.300896,2025-09-10 20:06:40.577720
0.1694,2025-09-08,2025-09-15,sz.300979,2025-09-10 20:06:40.577720
0.1917,2025-09-08,2025-09-15,sz.300979,2025-09-10 20:06:40.577720
0.1917,2025-09-08,2025-09-15,sz.300979,2025-09-10 20:06:40.577720
-0.01866,2025-09-09,2025-09-16,sz.300979,2025-09-10 20:06:40.577720
-0.041,2025-09-09,2025-09-16,sz.300979,2025-09-10 20:06:40.577720
-0.04037,2025-09-09,2025-09-16,sz.300979,2025-09-10 20:06:40.577720
-0.02774,2025-09-10,2025-09-17,sz.300979,2025-09-10 20:06:40.577720
-5.39e-05,2025-09-10,2025-09-17,sz.300979,2025-09-10 20:06:40.577720
0.1597,2025-09-08,2025-09-15,sz.300999,2025-09-10 20:06:40.577720
0.146,2025-09-08,2025-09-15,sz.300999,2025-09-10 20:06:40.577720
0.1702,2025-09-08,2025-09-15,sz.300999,2025-09-10 20:06:40.577720
0.04807,2025-09-09,2025-09-16,sz.300999,2025-09-10 20:06:40.577720
0.04843,2025-09-09,2025-09-16,sz.300999,2025-09-10 20:06:40.577720
0.04843,2025-09-09,2025-09-16,sz.300999,2025-09-10 20:06:40.577720
0.08453,2025-09-10,2025-09-17,sz.300999,2025-09-10 20:06:40.577720
0.08453,2025-09-10,2025-09-17,sz.300999,2025-09-10 20:06:40.577720
-0.0244,2025-09-08,2025-09-15,sz.301236,2025-09-10 20:06:40.577720
-0.002142,2025-09-08,2025-09-15,sz.301236,2025-09-10 20:06:40.577720
-0.01877,2025-09-08,2025-09-15,sz.301236,2025-09-10 20:06:40.577720
-0.4014,2025-09-09,2025-09-16,sz.301236,2025-09-10 20:06:40.577720
-0.394,2025-09-09,2025-09-16,sz.301236,2025-09-10 20:06:40.577720
-0.3977,2025-09-09,2025-09-16,sz.301236,2025-09-10 20:06:40.577720
-0.0478,2025-09-10,2025-09-17,sz.301236,2025-09-10 20:06:40.577720
-0.02328,2025-09-10,2025-09-17,sz.301236,2025-09-10 20:06:40.577720
-0.05942,2025-09-08,2025-09-15,sz.301269,2025-09-10 20:06:40.577720
-0.05942,2025-09-08,2025-09-15,sz.301269,2025-09-10 20:06:40.577720
-0.05905,2025-09-08,2025-09-15,sz.301269,2025-09-10 20:06:40.577720
-0.0886,2025-09-09,2025-09-16,sz.301269,2025-09-10 20:06:40.577720
-0.08856,2025-09-09,2025-09-16,sz.301269,2025-09-10 20:06:40.577720
-0.0924,2025-09-09,2025-09-16,sz.301269,2025-09-10 20:06:40.577720
0.02031,2025-09-10,2025-09-17,sz.301269,2025-09-10 20:06:40.577720
0.02031,2025-09-10,2025-09-17,sz.301269,2025-09-10 20:06:40.577720
-0.7783,2025-09-08,2025-09-15,sz.302132,2025-09-10 20:06:40.577720
-0.774,2025-09-08,2025-09-15,sz.302132,2025-09-10 20:06:40.577720
-0.7773,2025-09-08,2025-09-15,sz.302132,2025-09-10 20:06:40.577720
-0.8193,2025-09-09,2025-09-16,sz.302132,2025-09-10 20:06:40.577720
-0.8154,2025-09-09,2025-09-16,sz.302132,2025-09-10 20:06:40.577720
-0.8145,2025-09-09,2025-09-16,sz.302132,2025-09-10 20:06:40.577720
-0.6167,2025-09-10,2025-09-17,sz.302132,2025-09-10 20:06:40.577720
-0.6157,2025-09-10,2025-09-17,sz.302132,2025-09-10 20:06:40.577720
