score,time,target,code,predcit_time
-3.9118807,2025-12-15,2025-12-22,sh.600000,2025-12-15 20:13:58.854189
-3.5019476,2025-12-15,2025-12-22,sh.600009,2025-12-15 20:13:58.854189
-3.9532344,2025-12-15,2025-12-22,sh.600010,2025-12-15 20:13:58.854189
-4.1236362,2025-12-15,2025-12-22,sh.600011,2025-12-15 20:13:58.854189
-3.918732,2025-12-15,2025-12-22,sh.600015,2025-12-15 20:13:58.854189
-3.8608449,2025-12-15,2025-12-22,sh.600016,2025-12-15 20:13:58.854189
-3.959358,2025-12-15,2025-12-22,sh.600018,2025-12-15 20:13:58.854189
-4.0145545,2025-12-15,2025-12-22,sh.600019,2025-12-15 20:13:58.854189
-3.962896,2025-12-15,2025-12-22,sh.600023,2025-12-15 20:13:58.854189
-4.0017533,2025-12-15,2025-12-22,sh.600025,2025-12-15 20:13:58.854189
-4.0230966,2025-12-15,2025-12-22,sh.600026,2025-12-15 20:13:58.854189
-4.149985,2025-12-15,2025-12-22,sh.600027,2025-12-15 20:13:58.854189
-3.8814232,2025-12-15,2025-12-22,sh.600028,2025-12-15 20:13:58.854189
-4.0082445,2025-12-15,2025-12-22,sh.600029,2025-12-15 20:13:58.854189
-3.9760563,2025-12-15,2025-12-22,sh.600030,2025-12-15 20:13:58.854189
-3.9157465,2025-12-15,2025-12-22,sh.600031,2025-12-15 20:13:58.854189
-3.589059,2025-12-15,2025-12-22,sh.600036,2025-12-15 20:13:58.854189
-4.1650276,2025-12-15,2025-12-22,sh.600039,2025-12-15 20:13:58.854189
-3.5982463,2025-12-15,2025-12-22,sh.600048,2025-12-15 20:13:58.854189
-3.9383132,2025-12-15,2025-12-22,sh.600050,2025-12-15 20:13:58.854189
-3.9932764,2025-12-15,2025-12-22,sh.600061,2025-12-15 20:13:58.854189
-4.1125994,2025-12-15,2025-12-22,sh.600066,2025-12-15 20:13:58.854189
-4.152903,2025-12-15,2025-12-22,sh.600085,2025-12-15 20:13:58.854189
-3.8516433,2025-12-15,2025-12-22,sh.600089,2025-12-15 20:13:58.854189
-4.018142,2025-12-15,2025-12-22,sh.600104,2025-12-15 20:13:58.854189
-4.075571,2025-12-15,2025-12-22,sh.600111,2025-12-15 20:13:58.854189
-3.9926178,2025-12-15,2025-12-22,sh.600115,2025-12-15 20:13:58.854189
-4.1821733,2025-12-15,2025-12-22,sh.600150,2025-12-15 20:13:58.854189
-4.141327,2025-12-15,2025-12-22,sh.600160,2025-12-15 20:13:58.854189
-3.7269075,2025-12-15,2025-12-22,sh.600161,2025-12-15 20:13:58.854189
-3.773383,2025-12-15,2025-12-22,sh.600176,2025-12-15 20:13:58.854189
-4.0749516,2025-12-15,2025-12-22,sh.600183,2025-12-15 20:13:58.854189
-4.365994,2025-12-15,2025-12-22,sh.600188,2025-12-15 20:13:58.854189
-3.8392737,2025-12-15,2025-12-22,sh.600196,2025-12-15 20:13:58.854189
-4.0423675,2025-12-15,2025-12-22,sh.600219,2025-12-15 20:13:58.854189
-3.977176,2025-12-15,2025-12-22,sh.600233,2025-12-15 20:13:58.854189
-4.727886,2025-12-15,2025-12-22,sh.600276,2025-12-15 20:13:58.854189
-3.9427154,2025-12-15,2025-12-22,sh.600309,2025-12-15 20:13:58.854189
-3.7120316,2025-12-15,2025-12-22,sh.600346,2025-12-15 20:13:58.854189
-3.9222667,2025-12-15,2025-12-22,sh.600362,2025-12-15 20:13:58.854189
-4.0864577,2025-12-15,2025-12-22,sh.600372,2025-12-15 20:13:58.854189
-3.947214,2025-12-15,2025-12-22,sh.600377,2025-12-15 20:13:58.854189
-3.9854996,2025-12-15,2025-12-22,sh.600406,2025-12-15 20:13:58.854189
-4.2717843,2025-12-15,2025-12-22,sh.600415,2025-12-15 20:13:58.854189
-3.7482913,2025-12-15,2025-12-22,sh.600426,2025-12-15 20:13:58.854189
-3.7653883,2025-12-15,2025-12-22,sh.600436,2025-12-15 20:13:58.854189
-3.747112,2025-12-15,2025-12-22,sh.600438,2025-12-15 20:13:58.854189
-3.9916294,2025-12-15,2025-12-22,sh.600460,2025-12-15 20:13:58.854189
-4.024373,2025-12-15,2025-12-22,sh.600482,2025-12-15 20:13:58.854189
-3.9418862,2025-12-15,2025-12-22,sh.600489,2025-12-15 20:13:58.854189
-3.9686277,2025-12-15,2025-12-22,sh.600515,2025-12-15 20:13:58.854189
-4.102046,2025-12-15,2025-12-22,sh.600519,2025-12-15 20:13:58.854189
-4.103631,2019-12-25,2020-01-01,sh.600522,2025-12-15 20:13:58.854189
-4.140084,2019-12-26,2020-01-02,sh.600522,2025-12-15 20:13:58.854189
-4.188012,2019-12-27,2020-01-03,sh.600522,2025-12-15 20:13:58.854189
-4.2147713,2019-12-30,2020-01-06,sh.600522,2025-12-15 20:13:58.854189
-4.1708694,2019-12-31,2020-01-07,sh.600522,2025-12-15 20:13:58.854189
-4.2096562,2020-01-02,2020-01-09,sh.600522,2025-12-15 20:13:58.854189
-4.227037,2020-01-03,2020-01-10,sh.600522,2025-12-15 20:13:58.854189
-4.2356896,2020-01-06,2020-01-13,sh.600522,2025-12-15 20:13:58.854189
-4.2749724,2020-01-07,2020-01-14,sh.600522,2025-12-15 20:13:58.854189
-4.2802987,2020-01-08,2020-01-15,sh.600522,2025-12-15 20:13:58.854189
-4.3016286,2020-01-09,2020-01-16,sh.600522,2025-12-15 20:13:58.854189
-4.3193364,2020-01-10,2020-01-17,sh.600522,2025-12-15 20:13:58.854189
-4.324497,2020-01-13,2020-01-20,sh.600522,2025-12-15 20:13:58.854189
-4.322372,2020-01-14,2020-01-21,sh.600522,2025-12-15 20:13:58.854189
-4.31935,2020-01-15,2020-01-22,sh.600522,2025-12-15 20:13:58.854189
-4.307898,2020-01-16,2020-01-23,sh.600522,2025-12-15 20:13:58.854189
-4.310579,2020-01-17,2020-01-24,sh.600522,2025-12-15 20:13:58.854189
-4.342362,2020-01-20,2020-01-27,sh.600522,2025-12-15 20:13:58.854189
-4.2861266,2020-01-21,2020-01-28,sh.600522,2025-12-15 20:13:58.854189
-4.316524,2020-01-22,2020-01-29,sh.600522,2025-12-15 20:13:58.854189
-4.185165,2020-01-23,2020-01-30,sh.600522,2025-12-15 20:13:58.854189
-4.265514,2020-02-03,2020-02-10,sh.600522,2025-12-15 20:13:58.854189
-4.193031,2020-02-04,2020-02-11,sh.600522,2025-12-15 20:13:58.854189
-4.1868796,2020-02-05,2020-02-12,sh.600522,2025-12-15 20:13:58.854189
-4.2203927,2020-02-06,2020-02-13,sh.600522,2025-12-15 20:13:58.854189
-4.200315,2020-02-07,2020-02-14,sh.600522,2025-12-15 20:13:58.854189
-4.172163,2020-02-10,2020-02-17,sh.600522,2025-12-15 20:13:58.854189
-4.136085,2020-02-11,2020-02-18,sh.600522,2025-12-15 20:13:58.854189
-4.1484103,2020-02-12,2020-02-19,sh.600522,2025-12-15 20:13:58.854189
-4.0652637,2020-02-13,2020-02-20,sh.600522,2025-12-15 20:13:58.854189
-4.0851755,2020-02-14,2020-02-21,sh.600522,2025-12-15 20:13:58.854189
-4.0786557,2020-02-17,2020-02-24,sh.600522,2025-12-15 20:13:58.854189
-4.071012,2020-02-18,2020-02-25,sh.600522,2025-12-15 20:13:58.854189
-4.035305,2020-02-19,2020-02-26,sh.600522,2025-12-15 20:13:58.854189
-4.0804286,2020-02-20,2020-02-27,sh.600522,2025-12-15 20:13:58.854189
-4.0369534,2020-02-21,2020-02-28,sh.600522,2025-12-15 20:13:58.854189
-4.110994,2020-02-24,2020-03-02,sh.600522,2025-12-15 20:13:58.854189
-4.1696973,2020-02-25,2020-03-03,sh.600522,2025-12-15 20:13:58.854189
-3.920365,2020-02-26,2020-03-04,sh.600522,2025-12-15 20:13:58.854189
-4.0419097,2020-02-27,2020-03-05,sh.600522,2025-12-15 20:13:58.854189
-4.0157456,2020-02-28,2020-03-06,sh.600522,2025-12-15 20:13:58.854189
-4.1070285,2020-03-02,2020-03-09,sh.600522,2025-12-15 20:13:58.854189
-4.047587,2020-03-03,2020-03-10,sh.600522,2025-12-15 20:13:58.854189
-4.1193495,2020-03-04,2020-03-11,sh.600522,2025-12-15 20:13:58.854189
-4.1889453,2020-03-05,2020-03-12,sh.600522,2025-12-15 20:13:58.854189
-4.119432,2020-03-06,2020-03-13,sh.600522,2025-12-15 20:13:58.854189
-4.1084647,2020-03-09,2020-03-16,sh.600522,2025-12-15 20:13:58.854189
-4.2333875,2020-03-10,2020-03-17,sh.600522,2025-12-15 20:13:58.854189
-4.0289207,2020-03-11,2020-03-18,sh.600522,2025-12-15 20:13:58.854189
-4.240519,2020-03-12,2020-03-19,sh.600522,2025-12-15 20:13:58.854189
-4.1307673,2020-03-13,2020-03-20,sh.600522,2025-12-15 20:13:58.854189
-4.0226927,2020-03-16,2020-03-23,sh.600522,2025-12-15 20:13:58.854189
-4.295872,2020-03-17,2020-03-24,sh.600522,2025-12-15 20:13:58.854189
-3.976467,2020-03-18,2020-03-25,sh.600522,2025-12-15 20:13:58.854189
-4.2079453,2020-03-19,2020-03-26,sh.600522,2025-12-15 20:13:58.854189
-4.137264,2020-03-20,2020-03-27,sh.600522,2025-12-15 20:13:58.854189
-4.0572143,2020-03-23,2020-03-30,sh.600522,2025-12-15 20:13:58.854189
-4.1226916,2020-03-24,2020-03-31,sh.600522,2025-12-15 20:13:58.854189
-4.1072555,2020-03-25,2020-04-01,sh.600522,2025-12-15 20:13:58.854189
-4.1498218,2020-03-26,2020-04-02,sh.600522,2025-12-15 20:13:58.854189
-4.0100493,2020-03-27,2020-04-03,sh.600522,2025-12-15 20:13:58.854189
-4.059617,2020-03-30,2020-04-06,sh.600522,2025-12-15 20:13:58.854189
-4.075807,2020-03-31,2020-04-07,sh.600522,2025-12-15 20:13:58.854189
-4.0919347,2020-04-01,2020-04-08,sh.600522,2025-12-15 20:13:58.854189
-4.187383,2020-04-02,2020-04-09,sh.600522,2025-12-15 20:13:58.854189
-4.123332,2020-04-03,2020-04-10,sh.600522,2025-12-15 20:13:58.854189
-4.099574,2020-04-07,2020-04-14,sh.600522,2025-12-15 20:13:58.854189
-4.174434,2020-04-08,2020-04-15,sh.600522,2025-12-15 20:13:58.854189
-4.2023954,2020-04-09,2020-04-16,sh.600522,2025-12-15 20:13:58.854189
-4.2551184,2020-04-10,2020-04-17,sh.600522,2025-12-15 20:13:58.854189
-4.235246,2020-04-13,2020-04-20,sh.600522,2025-12-15 20:13:58.854189
-4.195256,2020-04-14,2020-04-21,sh.600522,2025-12-15 20:13:58.854189
-4.1758704,2020-04-15,2020-04-22,sh.600522,2025-12-15 20:13:58.854189
-4.250956,2020-04-16,2020-04-23,sh.600522,2025-12-15 20:13:58.854189
-4.2222733,2020-04-17,2020-04-24,sh.600522,2025-12-15 20:13:58.854189
-4.3093467,2020-04-20,2020-04-27,sh.600522,2025-12-15 20:13:58.854189
-4.2771125,2020-04-21,2020-04-28,sh.600522,2025-12-15 20:13:58.854189
-4.1748834,2020-04-22,2020-04-29,sh.600522,2025-12-15 20:13:58.854189
-4.0974965,2020-04-23,2020-04-30,sh.600522,2025-12-15 20:13:58.854189
-4.095511,2020-04-24,2020-05-01,sh.600522,2025-12-15 20:13:58.854189
-4.122772,2020-04-27,2020-05-04,sh.600522,2025-12-15 20:13:58.854189
-4.119275,2020-04-28,2020-05-05,sh.600522,2025-12-15 20:13:58.854189
-4.0804653,2020-04-29,2020-05-06,sh.600522,2025-12-15 20:13:58.854189
-4.017791,2020-04-30,2020-05-07,sh.600522,2025-12-15 20:13:58.854189
-3.9790437,2020-05-06,2020-05-13,sh.600522,2025-12-15 20:13:58.854189
-3.9155128,2020-05-07,2020-05-14,sh.600522,2025-12-15 20:13:58.854189
-3.9906013,2020-05-08,2020-05-15,sh.600522,2025-12-15 20:13:58.854189
-3.9925697,2020-05-11,2020-05-18,sh.600522,2025-12-15 20:13:58.854189
-3.889181,2020-05-12,2020-05-19,sh.600522,2025-12-15 20:13:58.854189
-3.8946378,2020-05-13,2020-05-20,sh.600522,2025-12-15 20:13:58.854189
-3.8330562,2020-05-14,2020-05-21,sh.600522,2025-12-15 20:13:58.854189
-3.8641515,2020-05-15,2020-05-22,sh.600522,2025-12-15 20:13:58.854189
-3.7748811,2020-05-18,2020-05-25,sh.600522,2025-12-15 20:13:58.854189
-3.8126876,2020-05-19,2020-05-26,sh.600522,2025-12-15 20:13:58.854189
-3.8235843,2020-05-20,2020-05-27,sh.600522,2025-12-15 20:13:58.854189
-3.728554,2020-05-21,2020-05-28,sh.600522,2025-12-15 20:13:58.854189
-3.7780824,2020-05-22,2020-05-29,sh.600522,2025-12-15 20:13:58.854189
-3.761957,2020-05-25,2020-06-01,sh.600522,2025-12-15 20:13:58.854189
-3.8631842,2020-05-26,2020-06-02,sh.600522,2025-12-15 20:13:58.854189
-3.84499,2020-05-27,2020-06-03,sh.600522,2025-12-15 20:13:58.854189
-3.859602,2020-05-28,2020-06-04,sh.600522,2025-12-15 20:13:58.854189
-3.7977808,2020-05-29,2020-06-05,sh.600522,2025-12-15 20:13:58.854189
-3.887194,2020-06-01,2020-06-08,sh.600522,2025-12-15 20:13:58.854189
-3.9353883,2020-06-02,2020-06-09,sh.600522,2025-12-15 20:13:58.854189
-3.9541795,2020-06-03,2020-06-10,sh.600522,2025-12-15 20:13:58.854189
-3.9563649,2020-06-04,2020-06-11,sh.600522,2025-12-15 20:13:58.854189
-4.0651402,2020-06-05,2020-06-12,sh.600522,2025-12-15 20:13:58.854189
-3.9655006,2020-06-08,2020-06-15,sh.600522,2025-12-15 20:13:58.854189
-4.1021605,2020-06-09,2020-06-16,sh.600522,2025-12-15 20:13:58.854189
-4.1162696,2020-06-10,2020-06-17,sh.600522,2025-12-15 20:13:58.854189
-3.9793732,2020-06-11,2020-06-18,sh.600522,2025-12-15 20:13:58.854189
-4.044109,2020-06-12,2020-06-19,sh.600522,2025-12-15 20:13:58.854189
-4.0617223,2020-06-15,2020-06-22,sh.600522,2025-12-15 20:13:58.854189
-4.047937,2020-06-16,2020-06-23,sh.600522,2025-12-15 20:13:58.854189
-4.05171,2020-06-17,2020-06-24,sh.600522,2025-12-15 20:13:58.854189
-4.079582,2020-06-18,2020-06-25,sh.600522,2025-12-15 20:13:58.854189
-4.0504503,2020-06-19,2020-06-26,sh.600522,2025-12-15 20:13:58.854189
-4.0061603,2020-06-22,2020-06-29,sh.600522,2025-12-15 20:13:58.854189
-4.0428615,2020-06-23,2020-06-30,sh.600522,2025-12-15 20:13:58.854189
-4.0300336,2020-06-24,2020-07-01,sh.600522,2025-12-15 20:13:58.854189
-4.0156226,2020-06-29,2020-07-06,sh.600522,2025-12-15 20:13:58.854189
-4.0135584,2020-06-30,2020-07-07,sh.600522,2025-12-15 20:13:58.854189
-4.0256324,2020-07-01,2020-07-08,sh.600522,2025-12-15 20:13:58.854189
-3.9991844,2020-07-02,2020-07-09,sh.600522,2025-12-15 20:13:58.854189
-3.9516647,2020-07-03,2020-07-10,sh.600522,2025-12-15 20:13:58.854189
-4.0304418,2020-07-06,2020-07-13,sh.600522,2025-12-15 20:13:58.854189
-4.0277724,2020-07-07,2020-07-14,sh.600522,2025-12-15 20:13:58.854189
-4.164334,2020-07-08,2020-07-15,sh.600522,2025-12-15 20:13:58.854189
-4.2230544,2020-07-09,2020-07-16,sh.600522,2025-12-15 20:13:58.854189
-4.081794,2020-07-10,2020-07-17,sh.600522,2025-12-15 20:13:58.854189
-4.085286,2020-07-13,2020-07-20,sh.600522,2025-12-15 20:13:58.854189
-4.1743026,2020-07-14,2020-07-21,sh.600522,2025-12-15 20:13:58.854189
-4.0734625,2020-07-15,2020-07-22,sh.600522,2025-12-15 20:13:58.854189
-4.0384545,2020-07-16,2020-07-23,sh.600522,2025-12-15 20:13:58.854189
-4.1560073,2020-07-17,2020-07-24,sh.600522,2025-12-15 20:13:58.854189
-4.1650066,2020-07-20,2020-07-27,sh.600522,2025-12-15 20:13:58.854189
-4.091164,2020-07-21,2020-07-28,sh.600522,2025-12-15 20:13:58.854189
-4.1686482,2020-07-22,2020-07-29,sh.600522,2025-12-15 20:13:58.854189
-4.2098775,2020-07-23,2020-07-30,sh.600522,2025-12-15 20:13:58.854189
-4.11871,2020-07-24,2020-07-31,sh.600522,2025-12-15 20:13:58.854189
-4.210783,2020-07-27,2020-08-03,sh.600522,2025-12-15 20:13:58.854189
-4.1499896,2020-07-28,2020-08-04,sh.600522,2025-12-15 20:13:58.854189
-4.190921,2020-07-29,2020-08-05,sh.600522,2025-12-15 20:13:58.854189
-4.143432,2020-07-30,2020-08-06,sh.600522,2025-12-15 20:13:58.854189
-4.1285405,2020-07-31,2020-08-07,sh.600522,2025-12-15 20:13:58.854189
-4.1943517,2020-08-03,2020-08-10,sh.600522,2025-12-15 20:13:58.854189
-4.2693377,2020-08-04,2020-08-11,sh.600522,2025-12-15 20:13:58.854189
-4.266365,2020-08-05,2020-08-12,sh.600522,2025-12-15 20:13:58.854189
-4.3129373,2020-08-06,2020-08-13,sh.600522,2025-12-15 20:13:58.854189
-4.259697,2020-08-07,2020-08-14,sh.600522,2025-12-15 20:13:58.854189
-4.173628,2020-08-10,2020-08-17,sh.600522,2025-12-15 20:13:58.854189
-4.296716,2020-08-11,2020-08-18,sh.600522,2025-12-15 20:13:58.854189
-4.2946687,2020-08-12,2020-08-19,sh.600522,2025-12-15 20:13:58.854189
-4.144181,2020-08-13,2020-08-20,sh.600522,2025-12-15 20:13:58.854189
-4.2150292,2020-08-14,2020-08-21,sh.600522,2025-12-15 20:13:58.854189
-4.1567645,2020-08-17,2020-08-24,sh.600522,2025-12-15 20:13:58.854189
-4.1877227,2020-08-18,2020-08-25,sh.600522,2025-12-15 20:13:58.854189
-4.255115,2020-08-19,2020-08-26,sh.600522,2025-12-15 20:13:58.854189
-4.1312695,2020-08-20,2020-08-27,sh.600522,2025-12-15 20:13:58.854189
-4.0605974,2020-08-21,2020-08-28,sh.600522,2025-12-15 20:13:58.854189
-4.0907297,2020-08-24,2020-08-31,sh.600522,2025-12-15 20:13:58.854189
-4.0416684,2020-08-25,2020-09-01,sh.600522,2025-12-15 20:13:58.854189
-4.1196113,2020-08-26,2020-09-02,sh.600522,2025-12-15 20:13:58.854189
-4.059953,2020-08-27,2020-09-03,sh.600522,2025-12-15 20:13:58.854189
-4.1699586,2020-08-28,2020-09-04,sh.600522,2025-12-15 20:13:58.854189
-3.977988,2020-08-31,2020-09-07,sh.600522,2025-12-15 20:13:58.854189
-4.0398927,2020-09-01,2020-09-08,sh.600522,2025-12-15 20:13:58.854189
-4.124677,2020-09-02,2020-09-09,sh.600522,2025-12-15 20:13:58.854189
-4.096272,2020-09-03,2020-09-10,sh.600522,2025-12-15 20:13:58.854189
-4.055871,2020-09-04,2020-09-11,sh.600522,2025-12-15 20:13:58.854189
-4.0465918,2020-09-07,2020-09-14,sh.600522,2025-12-15 20:13:58.854189
-4.1303434,2020-09-08,2020-09-15,sh.600522,2025-12-15 20:13:58.854189
-4.16301,2020-09-09,2020-09-16,sh.600522,2025-12-15 20:13:58.854189
-4.1184473,2020-09-10,2020-09-17,sh.600522,2025-12-15 20:13:58.854189
-4.1084404,2020-09-11,2020-09-18,sh.600522,2025-12-15 20:13:58.854189
-4.146932,2020-09-14,2020-09-21,sh.600522,2025-12-15 20:13:58.854189
-4.151347,2020-09-15,2020-09-22,sh.600522,2025-12-15 20:13:58.854189
-4.174027,2020-09-16,2020-09-23,sh.600522,2025-12-15 20:13:58.854189
-4.1898885,2020-09-17,2020-09-24,sh.600522,2025-12-15 20:13:58.854189
-4.1628757,2020-09-18,2020-09-25,sh.600522,2025-12-15 20:13:58.854189
-4.124637,2020-09-21,2020-09-28,sh.600522,2025-12-15 20:13:58.854189
-4.209681,2020-09-22,2020-09-29,sh.600522,2025-12-15 20:13:58.854189
-4.216193,2020-09-23,2020-09-30,sh.600522,2025-12-15 20:13:58.854189
-4.23078,2020-09-24,2020-10-01,sh.600522,2025-12-15 20:13:58.854189
-4.2191997,2020-09-25,2020-10-02,sh.600522,2025-12-15 20:13:58.854189
-4.1606755,2020-09-28,2020-10-05,sh.600522,2025-12-15 20:13:58.854189
-4.146547,2020-09-29,2020-10-06,sh.600522,2025-12-15 20:13:58.854189
-4.22722,2020-09-30,2020-10-07,sh.600522,2025-12-15 20:13:58.854189
-4.2342725,2020-10-09,2020-10-16,sh.600522,2025-12-15 20:13:58.854189
-4.210772,2020-10-12,2020-10-19,sh.600522,2025-12-15 20:13:58.854189
-4.203825,2020-10-13,2020-10-20,sh.600522,2025-12-15 20:13:58.854189
-4.2266827,2020-10-14,2020-10-21,sh.600522,2025-12-15 20:13:58.854189
-4.231564,2020-10-15,2020-10-22,sh.600522,2025-12-15 20:13:58.854189
-4.2761006,2020-10-16,2020-10-23,sh.600522,2025-12-15 20:13:58.854189
-4.068677,2020-10-19,2020-10-26,sh.600522,2025-12-15 20:13:58.854189
-4.2614474,2020-10-20,2020-10-27,sh.600522,2025-12-15 20:13:58.854189
-4.1355443,2020-10-21,2020-10-28,sh.600522,2025-12-15 20:13:58.854189
-4.1886077,2020-10-22,2020-10-29,sh.600522,2025-12-15 20:13:58.854189
-4.188587,2020-10-23,2020-10-30,sh.600522,2025-12-15 20:13:58.854189
-4.292397,2020-10-26,2020-11-02,sh.600522,2025-12-15 20:13:58.854189
-4.2374644,2020-10-27,2020-11-03,sh.600522,2025-12-15 20:13:58.854189
-4.252675,2020-10-28,2020-11-04,sh.600522,2025-12-15 20:13:58.854189
-4.2138157,2020-10-29,2020-11-05,sh.600522,2025-12-15 20:13:58.854189
-4.1551166,2020-10-30,2020-11-06,sh.600522,2025-12-15 20:13:58.854189
-4.1269517,2020-11-02,2020-11-09,sh.600522,2025-12-15 20:13:58.854189
-4.2196755,2020-11-03,2020-11-10,sh.600522,2025-12-15 20:13:58.854189
-4.2394276,2020-11-04,2020-11-11,sh.600522,2025-12-15 20:13:58.854189
-4.270294,2020-11-05,2020-11-12,sh.600522,2025-12-15 20:13:58.854189
-4.203133,2020-11-06,2020-11-13,sh.600522,2025-12-15 20:13:58.854189
-4.1846905,2020-11-09,2020-11-16,sh.600522,2025-12-15 20:13:58.854189
-4.203049,2020-11-10,2020-11-17,sh.600522,2025-12-15 20:13:58.854189
-4.2018943,2020-11-11,2020-11-18,sh.600522,2025-12-15 20:13:58.854189
-4.2294564,2020-11-12,2020-11-19,sh.600522,2025-12-15 20:13:58.854189
-4.2566166,2020-11-13,2020-11-20,sh.600522,2025-12-15 20:13:58.854189
-4.2339168,2020-11-16,2020-11-23,sh.600522,2025-12-15 20:13:58.854189
-4.2143235,2020-11-17,2020-11-24,sh.600522,2025-12-15 20:13:58.854189
-4.2187533,2020-11-18,2020-11-25,sh.600522,2025-12-15 20:13:58.854189
-4.2203145,2020-11-19,2020-11-26,sh.600522,2025-12-15 20:13:58.854189
-4.1849227,2020-11-20,2020-11-27,sh.600522,2025-12-15 20:13:58.854189
-4.1986237,2020-11-23,2020-11-30,sh.600522,2025-12-15 20:13:58.854189
-4.1871204,2020-11-24,2020-12-01,sh.600522,2025-12-15 20:13:58.854189
-4.1734457,2020-11-25,2020-12-02,sh.600522,2025-12-15 20:13:58.854189
-4.1299567,2020-11-26,2020-12-03,sh.600522,2025-12-15 20:13:58.854189
-4.2128386,2020-11-27,2020-12-04,sh.600522,2025-12-15 20:13:58.854189
-4.1221538,2020-11-30,2020-12-07,sh.600522,2025-12-15 20:13:58.854189
-4.1061506,2020-12-01,2020-12-08,sh.600522,2025-12-15 20:13:58.854189
-4.1031184,2020-12-02,2020-12-09,sh.600522,2025-12-15 20:13:58.854189
-4.1428194,2020-12-03,2020-12-10,sh.600522,2025-12-15 20:13:58.854189
-4.091329,2020-12-04,2020-12-11,sh.600522,2025-12-15 20:13:58.854189
-4.0610933,2020-12-07,2020-12-14,sh.600522,2025-12-15 20:13:58.854189
-4.071528,2020-12-08,2020-12-15,sh.600522,2025-12-15 20:13:58.854189
-4.0919743,2020-12-09,2020-12-16,sh.600522,2025-12-15 20:13:58.854189
-4.0721974,2020-12-10,2020-12-17,sh.600522,2025-12-15 20:13:58.854189
-4.123765,2020-12-11,2020-12-18,sh.600522,2025-12-15 20:13:58.854189
-4.102615,2020-12-14,2020-12-21,sh.600522,2025-12-15 20:13:58.854189
-4.10465,2020-12-15,2020-12-22,sh.600522,2025-12-15 20:13:58.854189
-4.0470977,2020-12-16,2020-12-23,sh.600522,2025-12-15 20:13:58.854189
-4.0858855,2020-12-17,2020-12-24,sh.600522,2025-12-15 20:13:58.854189
-4.0267963,2020-12-18,2020-12-25,sh.600522,2025-12-15 20:13:58.854189
-4.0464,2020-12-21,2020-12-28,sh.600522,2025-12-15 20:13:58.854189
-4.059316,2020-12-22,2020-12-29,sh.600522,2025-12-15 20:13:58.854189
-4.098653,2020-12-23,2020-12-30,sh.600522,2025-12-15 20:13:58.854189
-4.07505,2020-12-24,2020-12-31,sh.600522,2025-12-15 20:13:58.854189
-4.108565,2020-12-25,2021-01-01,sh.600522,2025-12-15 20:13:58.854189
-4.060679,2020-12-28,2021-01-04,sh.600522,2025-12-15 20:13:58.854189
-4.0627017,2020-12-29,2021-01-05,sh.600522,2025-12-15 20:13:58.854189
-4.091067,2020-12-30,2021-01-06,sh.600522,2025-12-15 20:13:58.854189
-4.1028366,2020-12-31,2021-01-07,sh.600522,2025-12-15 20:13:58.854189
-4.143247,2021-01-04,2021-01-11,sh.600522,2025-12-15 20:13:58.854189
-4.1353354,2021-01-05,2021-01-12,sh.600522,2025-12-15 20:13:58.854189
-4.1047816,2021-01-06,2021-01-13,sh.600522,2025-12-15 20:13:58.854189
-4.092783,2021-01-07,2021-01-14,sh.600522,2025-12-15 20:13:58.854189
-4.178802,2021-01-08,2021-01-15,sh.600522,2025-12-15 20:13:58.854189
-4.108694,2021-01-11,2021-01-18,sh.600522,2025-12-15 20:13:58.854189
-4.1853013,2021-01-12,2021-01-19,sh.600522,2025-12-15 20:13:58.854189
-4.1970572,2021-01-13,2021-01-20,sh.600522,2025-12-15 20:13:58.854189
-4.1177144,2021-01-14,2021-01-21,sh.600522,2025-12-15 20:13:58.854189
-4.167895,2021-01-15,2021-01-22,sh.600522,2025-12-15 20:13:58.854189
-4.1700864,2021-01-18,2021-01-25,sh.600522,2025-12-15 20:13:58.854189
-4.148291,2021-01-19,2021-01-26,sh.600522,2025-12-15 20:13:58.854189
-4.2020845,2021-01-20,2021-01-27,sh.600522,2025-12-15 20:13:58.854189
-4.1944566,2021-01-21,2021-01-28,sh.600522,2025-12-15 20:13:58.854189
-4.215467,2021-01-22,2021-01-29,sh.600522,2025-12-15 20:13:58.854189
-4.2239785,2021-01-25,2021-02-01,sh.600522,2025-12-15 20:13:58.854189
-4.112532,2021-01-26,2021-02-02,sh.600522,2025-12-15 20:13:58.854189
-4.090874,2021-01-27,2021-02-03,sh.600522,2025-12-15 20:13:58.854189
-4.196988,2021-01-28,2021-02-04,sh.600522,2025-12-15 20:13:58.854189
-4.1160054,2021-01-29,2021-02-05,sh.600522,2025-12-15 20:13:58.854189
-4.10059,2021-02-01,2021-02-08,sh.600522,2025-12-15 20:13:58.854189
-4.168858,2021-02-02,2021-02-09,sh.600522,2025-12-15 20:13:58.854189
-4.2130365,2021-02-03,2021-02-10,sh.600522,2025-12-15 20:13:58.854189
-4.2413993,2021-02-04,2021-02-11,sh.600522,2025-12-15 20:13:58.854189
-4.0467367,2021-02-05,2021-02-12,sh.600522,2025-12-15 20:13:58.854189
-4.0620046,2021-02-08,2021-02-15,sh.600522,2025-12-15 20:13:58.854189
-4.0493426,2021-02-09,2021-02-16,sh.600522,2025-12-15 20:13:58.854189
-4.013455,2021-02-10,2021-02-17,sh.600522,2025-12-15 20:13:58.854189
-4.0591097,2021-02-18,2021-02-25,sh.600522,2025-12-15 20:13:58.854189
-4.1325574,2021-02-19,2021-02-26,sh.600522,2025-12-15 20:13:58.854189
-4.065005,2021-02-22,2021-03-01,sh.600522,2025-12-15 20:13:58.854189
-4.242585,2021-02-23,2021-03-02,sh.600522,2025-12-15 20:13:58.854189
-4.1545715,2021-02-24,2021-03-03,sh.600522,2025-12-15 20:13:58.854189
-4.1615252,2021-02-25,2021-03-04,sh.600522,2025-12-15 20:13:58.854189
-4.176019,2021-02-26,2021-03-05,sh.600522,2025-12-15 20:13:58.854189
-4.228393,2021-03-01,2021-03-08,sh.600522,2025-12-15 20:13:58.854189
-4.256641,2021-03-02,2021-03-09,sh.600522,2025-12-15 20:13:58.854189
-4.1933684,2021-03-03,2021-03-10,sh.600522,2025-12-15 20:13:58.854189
-4.2214994,2021-03-04,2021-03-11,sh.600522,2025-12-15 20:13:58.854189
-4.2132006,2021-03-05,2021-03-12,sh.600522,2025-12-15 20:13:58.854189
-4.1463237,2021-03-08,2021-03-15,sh.600522,2025-12-15 20:13:58.854189
-4.2312846,2021-03-09,2021-03-16,sh.600522,2025-12-15 20:13:58.854189
-4.221164,2021-03-10,2021-03-17,sh.600522,2025-12-15 20:13:58.854189
-4.2585654,2021-03-11,2021-03-18,sh.600522,2025-12-15 20:13:58.854189
-4.231627,2021-03-12,2021-03-19,sh.600522,2025-12-15 20:13:58.854189
-4.204688,2021-03-15,2021-03-22,sh.600522,2025-12-15 20:13:58.854189
-4.146367,2021-03-16,2021-03-23,sh.600522,2025-12-15 20:13:58.854189
-4.2024117,2021-03-17,2021-03-24,sh.600522,2025-12-15 20:13:58.854189
-4.1651683,2021-03-18,2021-03-25,sh.600522,2025-12-15 20:13:58.854189
-4.063164,2021-03-19,2021-03-26,sh.600522,2025-12-15 20:13:58.854189
-4.132581,2021-03-22,2021-03-29,sh.600522,2025-12-15 20:13:58.854189
-4.098573,2021-03-23,2021-03-30,sh.600522,2025-12-15 20:13:58.854189
-4.142389,2021-03-24,2021-03-31,sh.600522,2025-12-15 20:13:58.854189
-4.0425453,2021-03-25,2021-04-01,sh.600522,2025-12-15 20:13:58.854189
-4.055449,2021-03-26,2021-04-02,sh.600522,2025-12-15 20:13:58.854189
-3.9854906,2021-03-29,2021-04-05,sh.600522,2025-12-15 20:13:58.854189
-4.1045294,2021-03-30,2021-04-06,sh.600522,2025-12-15 20:13:58.854189
-3.984958,2021-03-31,2021-04-07,sh.600522,2025-12-15 20:13:58.854189
-4.1103034,2021-04-01,2021-04-08,sh.600522,2025-12-15 20:13:58.854189
-4.0207586,2021-04-02,2021-04-09,sh.600522,2025-12-15 20:13:58.854189
-3.976631,2021-04-06,2021-04-13,sh.600522,2025-12-15 20:13:58.854189
-4.0237727,2021-04-07,2021-04-14,sh.600522,2025-12-15 20:13:58.854189
-3.9387062,2021-04-08,2021-04-15,sh.600522,2025-12-15 20:13:58.854189
-4.0525565,2021-04-09,2021-04-16,sh.600522,2025-12-15 20:13:58.854189
-4.1511087,2021-04-12,2021-04-19,sh.600522,2025-12-15 20:13:58.854189
-4.006888,2021-04-13,2021-04-20,sh.600522,2025-12-15 20:13:58.854189
-4.094419,2021-04-14,2021-04-21,sh.600522,2025-12-15 20:13:58.854189
-4.071818,2021-04-15,2021-04-22,sh.600522,2025-12-15 20:13:58.854189
-4.018323,2021-04-16,2021-04-23,sh.600522,2025-12-15 20:13:58.854189
-4.0581756,2021-04-19,2021-04-26,sh.600522,2025-12-15 20:13:58.854189
-4.1269097,2021-04-20,2021-04-27,sh.600522,2025-12-15 20:13:58.854189
-4.0685863,2021-04-21,2021-04-28,sh.600522,2025-12-15 20:13:58.854189
-3.9943526,2021-04-22,2021-04-29,sh.600522,2025-12-15 20:13:58.854189
-4.1350207,2021-04-23,2021-04-30,sh.600522,2025-12-15 20:13:58.854189
-4.0985584,2021-04-26,2021-05-03,sh.600522,2025-12-15 20:13:58.854189
-4.1682806,2021-04-27,2021-05-04,sh.600522,2025-12-15 20:13:58.854189
-4.09777,2021-04-28,2021-05-05,sh.600522,2025-12-15 20:13:58.854189
-4.101739,2021-04-29,2021-05-06,sh.600522,2025-12-15 20:13:58.854189
-4.169267,2021-04-30,2021-05-07,sh.600522,2025-12-15 20:13:58.854189
-4.105167,2021-05-06,2021-05-13,sh.600522,2025-12-15 20:13:58.854189
-4.10074,2021-05-07,2021-05-14,sh.600522,2025-12-15 20:13:58.854189
-4.1932464,2021-05-10,2021-05-17,sh.600522,2025-12-15 20:13:58.854189
-4.0768466,2021-05-11,2021-05-18,sh.600522,2025-12-15 20:13:58.854189
-4.079533,2021-05-12,2021-05-19,sh.600522,2025-12-15 20:13:58.854189
-4.0514207,2021-05-13,2021-05-20,sh.600522,2025-12-15 20:13:58.854189
-4.0452175,2021-05-14,2021-05-21,sh.600522,2025-12-15 20:13:58.854189
-4.045875,2021-05-17,2021-05-24,sh.600522,2025-12-15 20:13:58.854189
-4.046993,2021-05-18,2021-05-25,sh.600522,2025-12-15 20:13:58.854189
-4.0224814,2021-05-19,2021-05-26,sh.600522,2025-12-15 20:13:58.854189
-3.994717,2021-05-20,2021-05-27,sh.600522,2025-12-15 20:13:58.854189
-3.9065344,2021-05-21,2021-05-28,sh.600522,2025-12-15 20:13:58.854189
-3.9511535,2021-05-24,2021-05-31,sh.600522,2025-12-15 20:13:58.854189
-3.972245,2021-05-25,2021-06-01,sh.600522,2025-12-15 20:13:58.854189
-3.9337833,2021-05-26,2021-06-02,sh.600522,2025-12-15 20:13:58.854189
-3.943833,2021-05-27,2021-06-03,sh.600522,2025-12-15 20:13:58.854189
-3.884105,2021-05-28,2021-06-04,sh.600522,2025-12-15 20:13:58.854189
-3.8981965,2021-05-31,2021-06-07,sh.600522,2025-12-15 20:13:58.854189
-3.8920176,2021-06-01,2021-06-08,sh.600522,2025-12-15 20:13:58.854189
-3.8352873,2021-06-02,2021-06-09,sh.600522,2025-12-15 20:13:58.854189
-3.8361435,2021-06-03,2021-06-10,sh.600522,2025-12-15 20:13:58.854189
-3.881454,2021-06-04,2021-06-11,sh.600522,2025-12-15 20:13:58.854189
-3.7855642,2021-06-07,2021-06-14,sh.600522,2025-12-15 20:13:58.854189
-3.785426,2021-06-08,2021-06-15,sh.600522,2025-12-15 20:13:58.854189
-3.8016574,2021-06-09,2021-06-16,sh.600522,2025-12-15 20:13:58.854189
-3.7739508,2021-06-10,2021-06-17,sh.600522,2025-12-15 20:13:58.854189
-3.6687953,2021-06-11,2021-06-18,sh.600522,2025-12-15 20:13:58.854189
-3.7093482,2021-06-15,2021-06-22,sh.600522,2025-12-15 20:13:58.854189
-3.7029986,2021-06-16,2021-06-23,sh.600522,2025-12-15 20:13:58.854189
-3.6947448,2021-06-17,2021-06-24,sh.600522,2025-12-15 20:13:58.854189
-3.6860936,2021-06-18,2021-06-25,sh.600522,2025-12-15 20:13:58.854189
-3.7008314,2021-06-21,2021-06-28,sh.600522,2025-12-15 20:13:58.854189
-3.7231922,2021-06-22,2021-06-29,sh.600522,2025-12-15 20:13:58.854189
-3.7755177,2021-06-23,2021-06-30,sh.600522,2025-12-15 20:13:58.854189
-3.7731097,2021-06-24,2021-07-01,sh.600522,2025-12-15 20:13:58.854189
-3.7016687,2021-06-25,2021-07-02,sh.600522,2025-12-15 20:13:58.854189
-3.6689403,2021-06-28,2021-07-05,sh.600522,2025-12-15 20:13:58.854189
-3.6559093,2021-06-29,2021-07-06,sh.600522,2025-12-15 20:13:58.854189
-3.758332,2021-06-30,2021-07-07,sh.600522,2025-12-15 20:13:58.854189
-3.7355292,2021-07-01,2021-07-08,sh.600522,2025-12-15 20:13:58.854189
-3.7839353,2021-07-02,2021-07-09,sh.600522,2025-12-15 20:13:58.854189
-3.757283,2021-07-05,2021-07-12,sh.600522,2025-12-15 20:13:58.854189
-3.722926,2021-07-06,2021-07-13,sh.600522,2025-12-15 20:13:58.854189
-3.8006666,2021-07-07,2021-07-14,sh.600522,2025-12-15 20:13:58.854189
-3.8675764,2021-07-08,2021-07-15,sh.600522,2025-12-15 20:13:58.854189
-3.9215205,2021-07-09,2021-07-16,sh.600522,2025-12-15 20:13:58.854189
-3.9716046,2021-07-12,2021-07-19,sh.600522,2025-12-15 20:13:58.854189
-3.85053,2021-07-13,2021-07-20,sh.600522,2025-12-15 20:13:58.854189
-3.8174713,2021-07-14,2021-07-21,sh.600522,2025-12-15 20:13:58.854189
-3.8809593,2021-07-15,2021-07-22,sh.600522,2025-12-15 20:13:58.854189
-3.8944893,2021-07-16,2021-07-23,sh.600522,2025-12-15 20:13:58.854189
-3.8902156,2021-07-19,2021-07-26,sh.600522,2025-12-15 20:13:58.854189
-3.8693001,2021-07-20,2021-07-27,sh.600522,2025-12-15 20:13:58.854189
-3.9089644,2021-07-21,2021-07-28,sh.600522,2025-12-15 20:13:58.854189
-3.890791,2021-07-22,2021-07-29,sh.600522,2025-12-15 20:13:58.854189
-3.8515089,2021-07-23,2021-07-30,sh.600522,2025-12-15 20:13:58.854189
-3.7400177,2021-07-26,2021-08-02,sh.600522,2025-12-15 20:13:58.854189
-3.815369,2021-07-27,2021-08-03,sh.600522,2025-12-15 20:13:58.854189
-3.697499,2021-07-28,2021-08-04,sh.600522,2025-12-15 20:13:58.854189
-3.7661834,2021-07-29,2021-08-05,sh.600522,2025-12-15 20:13:58.854189
-3.808041,2021-07-30,2021-08-06,sh.600522,2025-12-15 20:13:58.854189
-3.7460248,2021-08-02,2021-08-09,sh.600522,2025-12-15 20:13:58.854189
-3.7261295,2021-08-03,2021-08-10,sh.600522,2025-12-15 20:13:58.854189
-3.8114667,2021-08-04,2021-08-11,sh.600522,2025-12-15 20:13:58.854189
-3.75075,2021-08-05,2021-08-12,sh.600522,2025-12-15 20:13:58.854189
-3.73013,2021-08-06,2021-08-13,sh.600522,2025-12-15 20:13:58.854189
-3.7734165,2021-08-09,2021-08-16,sh.600522,2025-12-15 20:13:58.854189
-3.771168,2021-08-10,2021-08-17,sh.600522,2025-12-15 20:13:58.854189
-3.7663167,2021-08-11,2021-08-18,sh.600522,2025-12-15 20:13:58.854189
-3.8344872,2021-08-12,2021-08-19,sh.600522,2025-12-15 20:13:58.854189
-3.6562002,2021-08-13,2021-08-20,sh.600522,2025-12-15 20:13:58.854189
-3.5618951,2021-08-16,2021-08-23,sh.600522,2025-12-15 20:13:58.854189
-3.5968335,2021-08-17,2021-08-24,sh.600522,2025-12-15 20:13:58.854189
-3.5790205,2021-08-18,2021-08-25,sh.600522,2025-12-15 20:13:58.854189
-3.6573527,2021-08-19,2021-08-26,sh.600522,2025-12-15 20:13:58.854189
-3.6950858,2021-08-20,2021-08-27,sh.600522,2025-12-15 20:13:58.854189
-3.7965357,2021-08-23,2021-08-30,sh.600522,2025-12-15 20:13:58.854189
-3.7135644,2021-08-24,2021-08-31,sh.600522,2025-12-15 20:13:58.854189
-3.6824512,2021-08-25,2021-09-01,sh.600522,2025-12-15 20:13:58.854189
-3.6393013,2021-08-26,2021-09-02,sh.600522,2025-12-15 20:13:58.854189
-3.5963957,2021-08-27,2021-09-03,sh.600522,2025-12-15 20:13:58.854189
-3.677552,2021-08-30,2021-09-06,sh.600522,2025-12-15 20:13:58.854189
-3.7479994,2021-08-31,2021-09-07,sh.600522,2025-12-15 20:13:58.854189
-3.6660993,2021-09-01,2021-09-08,sh.600522,2025-12-15 20:13:58.854189
-3.6669586,2021-09-02,2021-09-09,sh.600522,2025-12-15 20:13:58.854189
-3.5298495,2021-09-03,2021-09-10,sh.600522,2025-12-15 20:13:58.854189
-3.6716435,2021-09-06,2021-09-13,sh.600522,2025-12-15 20:13:58.854189
-3.6259024,2021-09-07,2021-09-14,sh.600522,2025-12-15 20:13:58.854189
-3.7719934,2021-09-08,2021-09-15,sh.600522,2025-12-15 20:13:58.854189
-3.7851279,2021-09-09,2021-09-16,sh.600522,2025-12-15 20:13:58.854189
-3.5883756,2021-09-10,2021-09-17,sh.600522,2025-12-15 20:13:58.854189
-3.7224786,2021-09-13,2021-09-20,sh.600522,2025-12-15 20:13:58.854189
-3.6510277,2021-09-14,2021-09-21,sh.600522,2025-12-15 20:13:58.854189
-3.7794955,2021-09-15,2021-09-22,sh.600522,2025-12-15 20:13:58.854189
-3.6717958,2021-09-16,2021-09-23,sh.600522,2025-12-15 20:13:58.854189
-3.8004854,2021-09-17,2021-09-24,sh.600522,2025-12-15 20:13:58.854189
-3.8512905,2021-09-22,2021-09-29,sh.600522,2025-12-15 20:13:58.854189
-3.836861,2021-09-23,2021-09-30,sh.600522,2025-12-15 20:13:58.854189
-3.7887743,2021-09-24,2021-10-01,sh.600522,2025-12-15 20:13:58.854189
-3.742089,2021-09-27,2021-10-04,sh.600522,2025-12-15 20:13:58.854189
-3.8089674,2021-09-28,2021-10-05,sh.600522,2025-12-15 20:13:58.854189
-3.8213575,2021-09-29,2021-10-06,sh.600522,2025-12-15 20:13:58.854189
-3.8874166,2021-09-30,2021-10-07,sh.600522,2025-12-15 20:13:58.854189
-3.9842622,2021-10-08,2021-10-15,sh.600522,2025-12-15 20:13:58.854189
-3.9737852,2021-10-11,2021-10-18,sh.600522,2025-12-15 20:13:58.854189
-3.913204,2021-10-12,2021-10-19,sh.600522,2025-12-15 20:13:58.854189
-3.8688796,2021-10-13,2021-10-20,sh.600522,2025-12-15 20:13:58.854189
-3.8523471,2021-10-14,2021-10-21,sh.600522,2025-12-15 20:13:58.854189
-3.874571,2021-10-15,2021-10-22,sh.600522,2025-12-15 20:13:58.854189
-3.9037826,2021-10-18,2021-10-25,sh.600522,2025-12-15 20:13:58.854189
-3.9922493,2021-10-19,2021-10-26,sh.600522,2025-12-15 20:13:58.854189
-3.955446,2021-10-20,2021-10-27,sh.600522,2025-12-15 20:13:58.854189
-3.8931816,2021-10-21,2021-10-28,sh.600522,2025-12-15 20:13:58.854189
-3.8701925,2021-10-22,2021-10-29,sh.600522,2025-12-15 20:13:58.854189
-3.9318712,2021-10-25,2021-11-01,sh.600522,2025-12-15 20:13:58.854189
-3.9948804,2021-10-26,2021-11-02,sh.600522,2025-12-15 20:13:58.854189
-4.0585604,2021-10-27,2021-11-03,sh.600522,2025-12-15 20:13:58.854189
-4.0343204,2021-10-28,2021-11-04,sh.600522,2025-12-15 20:13:58.854189
-4.046698,2021-10-29,2021-11-05,sh.600522,2025-12-15 20:13:58.854189
-3.9962041,2021-11-01,2021-11-08,sh.600522,2025-12-15 20:13:58.854189
-4.036883,2021-11-02,2021-11-09,sh.600522,2025-12-15 20:13:58.854189
-4.2059608,2021-11-03,2021-11-10,sh.600522,2025-12-15 20:13:58.854189
-4.290813,2021-11-04,2021-11-11,sh.600522,2025-12-15 20:13:58.854189
-4.038515,2021-11-05,2021-11-12,sh.600522,2025-12-15 20:13:58.854189
-4.2547,2021-11-08,2021-11-15,sh.600522,2025-12-15 20:13:58.854189
-4.118259,2021-11-09,2021-11-16,sh.600522,2025-12-15 20:13:58.854189
-4.2926946,2021-11-10,2021-11-17,sh.600522,2025-12-15 20:13:58.854189
-4.073933,2021-11-11,2021-11-18,sh.600522,2025-12-15 20:13:58.854189
-4.2842565,2021-11-12,2021-11-19,sh.600522,2025-12-15 20:13:58.854189
-4.0412383,2021-11-15,2021-11-22,sh.600522,2025-12-15 20:13:58.854189
-4.213748,2021-11-16,2021-11-23,sh.600522,2025-12-15 20:13:58.854189
-4.2689967,2021-11-17,2021-11-24,sh.600522,2025-12-15 20:13:58.854189
-4.0475345,2021-11-18,2021-11-25,sh.600522,2025-12-15 20:13:58.854189
-4.162507,2021-11-19,2021-11-26,sh.600522,2025-12-15 20:13:58.854189
-4.079951,2021-11-22,2021-11-29,sh.600522,2025-12-15 20:13:58.854189
-4.018805,2021-11-23,2021-11-30,sh.600522,2025-12-15 20:13:58.854189
-4.0046716,2021-11-24,2021-12-01,sh.600522,2025-12-15 20:13:58.854189
-3.9855545,2021-11-25,2021-12-02,sh.600522,2025-12-15 20:13:58.854189
-4.0794234,2021-11-26,2021-12-03,sh.600522,2025-12-15 20:13:58.854189
-4.027202,2021-11-29,2021-12-06,sh.600522,2025-12-15 20:13:58.854189
-3.9609954,2021-11-30,2021-12-07,sh.600522,2025-12-15 20:13:58.854189
-3.7974179,2021-12-01,2021-12-08,sh.600522,2025-12-15 20:13:58.854189
-3.6955662,2021-12-02,2021-12-09,sh.600522,2025-12-15 20:13:58.854189
-3.639726,2021-12-03,2021-12-10,sh.600522,2025-12-15 20:13:58.854189
-3.6658285,2021-12-06,2021-12-13,sh.600522,2025-12-15 20:13:58.854189
-3.8164427,2021-12-07,2021-12-14,sh.600522,2025-12-15 20:13:58.854189
-3.6555521,2021-12-08,2021-12-15,sh.600522,2025-12-15 20:13:58.854189
-3.5520084,2021-12-09,2021-12-16,sh.600522,2025-12-15 20:13:58.854189
-3.3584487,2021-12-10,2021-12-17,sh.600522,2025-12-15 20:13:58.854189
-3.4702504,2021-12-13,2021-12-20,sh.600522,2025-12-15 20:13:58.854189
-3.6854153,2021-12-14,2021-12-21,sh.600522,2025-12-15 20:13:58.854189
-3.6176527,2021-12-15,2021-12-22,sh.600522,2025-12-15 20:13:58.854189
-3.3060405,2021-12-16,2021-12-23,sh.600522,2025-12-15 20:13:58.854189
-3.3287656,2021-12-17,2021-12-24,sh.600522,2025-12-15 20:13:58.854189
-3.325909,2021-12-20,2021-12-27,sh.600522,2025-12-15 20:13:58.854189
-3.677707,2021-12-21,2021-12-28,sh.600522,2025-12-15 20:13:58.854189
-3.3788989,2021-12-22,2021-12-29,sh.600522,2025-12-15 20:13:58.854189
-3.5473998,2021-12-23,2021-12-30,sh.600522,2025-12-15 20:13:58.854189
-3.4299626,2021-12-24,2021-12-31,sh.600522,2025-12-15 20:13:58.854189
-3.4936519,2021-12-27,2022-01-03,sh.600522,2025-12-15 20:13:58.854189
-3.498256,2021-12-28,2022-01-04,sh.600522,2025-12-15 20:13:58.854189
-3.442234,2021-12-29,2022-01-05,sh.600522,2025-12-15 20:13:58.854189
-3.46126,2021-12-30,2022-01-06,sh.600522,2025-12-15 20:13:58.854189
-3.3634462,2021-12-31,2022-01-07,sh.600522,2025-12-15 20:13:58.854189
-3.6437447,2022-01-04,2022-01-11,sh.600522,2025-12-15 20:13:58.854189
-3.5331728,2022-01-05,2022-01-12,sh.600522,2025-12-15 20:13:58.854189
-3.5230987,2022-01-06,2022-01-13,sh.600522,2025-12-15 20:13:58.854189
-3.5850773,2022-01-07,2022-01-14,sh.600522,2025-12-15 20:13:58.854189
-3.4288332,2022-01-10,2022-01-17,sh.600522,2025-12-15 20:13:58.854189
-3.6591384,2022-01-11,2022-01-18,sh.600522,2025-12-15 20:13:58.854189
-3.771897,2022-01-12,2022-01-19,sh.600522,2025-12-15 20:13:58.854189
-3.6638186,2022-01-13,2022-01-20,sh.600522,2025-12-15 20:13:58.854189
-3.4111981,2022-01-14,2022-01-21,sh.600522,2025-12-15 20:13:58.854189
-3.5204728,2022-01-17,2022-01-24,sh.600522,2025-12-15 20:13:58.854189
-3.5863118,2022-01-18,2022-01-25,sh.600522,2025-12-15 20:13:58.854189
-3.540173,2022-01-19,2022-01-26,sh.600522,2025-12-15 20:13:58.854189
-3.7901523,2022-01-20,2022-01-27,sh.600522,2025-12-15 20:13:58.854189
-3.5480158,2022-01-21,2022-01-28,sh.600522,2025-12-15 20:13:58.854189
-3.4788234,2022-01-24,2022-01-31,sh.600522,2025-12-15 20:13:58.854189
-3.5886977,2022-01-25,2022-02-01,sh.600522,2025-12-15 20:13:58.854189
-3.8022835,2022-01-26,2022-02-02,sh.600522,2025-12-15 20:13:58.854189
-3.7595491,2022-01-27,2022-02-03,sh.600522,2025-12-15 20:13:58.854189
-4.2198453,2022-01-28,2022-02-04,sh.600522,2025-12-15 20:13:58.854189
-4.0315404,2022-02-07,2022-02-14,sh.600522,2025-12-15 20:13:58.854189
-4.243994,2022-02-08,2022-02-15,sh.600522,2025-12-15 20:13:58.854189
-4.149624,2022-02-09,2022-02-16,sh.600522,2025-12-15 20:13:58.854189
-4.1492047,2022-02-10,2022-02-17,sh.600522,2025-12-15 20:13:58.854189
-3.8168242,2022-02-11,2022-02-18,sh.600522,2025-12-15 20:13:58.854189
-4.0602336,2022-02-14,2022-02-21,sh.600522,2025-12-15 20:13:58.854189
-4.1942043,2022-02-15,2022-02-22,sh.600522,2025-12-15 20:13:58.854189
-4.2475247,2022-02-16,2022-02-23,sh.600522,2025-12-15 20:13:58.854189
-4.2002807,2022-02-17,2022-02-24,sh.600522,2025-12-15 20:13:58.854189
-4.2455225,2022-02-18,2022-02-25,sh.600522,2025-12-15 20:13:58.854189
-4.1300073,2022-02-21,2022-02-28,sh.600522,2025-12-15 20:13:58.854189
-4.229392,2022-02-22,2022-03-01,sh.600522,2025-12-15 20:13:58.854189
-4.1965127,2022-02-23,2022-03-02,sh.600522,2025-12-15 20:13:58.854189
-4.721436,2022-02-24,2022-03-03,sh.600522,2025-12-15 20:13:58.854189
-3.9729831,2022-02-25,2022-03-04,sh.600522,2025-12-15 20:13:58.854189
-4.1584373,2022-02-28,2022-03-07,sh.600522,2025-12-15 20:13:58.854189
-3.960029,2022-03-01,2022-03-08,sh.600522,2025-12-15 20:13:58.854189
-4.649692,2022-03-02,2022-03-09,sh.600522,2025-12-15 20:13:58.854189
-4.673511,2022-03-03,2022-03-10,sh.600522,2025-12-15 20:13:58.854189
-4.5889153,2022-03-04,2022-03-11,sh.600522,2025-12-15 20:13:58.854189
-4.3564086,2022-03-07,2022-03-14,sh.600522,2025-12-15 20:13:58.854189
-4.23404,2022-03-08,2022-03-15,sh.600522,2025-12-15 20:13:58.854189
-4.3668437,2022-03-09,2022-03-16,sh.600522,2025-12-15 20:13:58.854189
-4.105313,2022-03-10,2022-03-17,sh.600522,2025-12-15 20:13:58.854189
-4.725117,2022-03-11,2022-03-18,sh.600522,2025-12-15 20:13:58.854189
-4.004075,2022-03-14,2022-03-21,sh.600522,2025-12-15 20:13:58.854189
-4.1490073,2022-03-15,2022-03-22,sh.600522,2025-12-15 20:13:58.854189
-4.390572,2022-03-16,2022-03-23,sh.600522,2025-12-15 20:13:58.854189
-3.9631698,2022-03-17,2022-03-24,sh.600522,2025-12-15 20:13:58.854189
-4.477909,2022-03-18,2022-03-25,sh.600522,2025-12-15 20:13:58.854189
-4.5168486,2022-03-21,2022-03-28,sh.600522,2025-12-15 20:13:58.854189
-4.107338,2022-03-22,2022-03-29,sh.600522,2025-12-15 20:13:58.854189
-3.7479324,2022-03-23,2022-03-30,sh.600522,2025-12-15 20:13:58.854189
-3.9206398,2022-03-24,2022-03-31,sh.600522,2025-12-15 20:13:58.854189
-3.379259,2022-03-25,2022-04-01,sh.600522,2025-12-15 20:13:58.854189
-3.8003097,2022-03-28,2022-04-04,sh.600522,2025-12-15 20:13:58.854189
-3.8399355,2022-03-29,2022-04-05,sh.600522,2025-12-15 20:13:58.854189
-3.8921134,2022-03-30,2022-04-06,sh.600522,2025-12-15 20:13:58.854189
-3.8383243,2022-03-31,2022-04-07,sh.600522,2025-12-15 20:13:58.854189
-3.6437118,2022-04-01,2022-04-08,sh.600522,2025-12-15 20:13:58.854189
-3.3192964,2022-04-06,2022-04-13,sh.600522,2025-12-15 20:13:58.854189
-3.661543,2022-04-07,2022-04-14,sh.600522,2025-12-15 20:13:58.854189
-3.7375283,2022-04-08,2022-04-15,sh.600522,2025-12-15 20:13:58.854189
-3.477363,2022-04-11,2022-04-18,sh.600522,2025-12-15 20:13:58.854189
-3.7308114,2022-04-12,2022-04-19,sh.600522,2025-12-15 20:13:58.854189
-3.5657399,2022-04-13,2022-04-20,sh.600522,2025-12-15 20:13:58.854189
-3.673526,2022-04-14,2022-04-21,sh.600522,2025-12-15 20:13:58.854189
-3.5925987,2022-04-15,2022-04-22,sh.600522,2025-12-15 20:13:58.854189
-3.8213584,2022-04-18,2022-04-25,sh.600522,2025-12-15 20:13:58.854189
-3.7394927,2022-04-19,2022-04-26,sh.600522,2025-12-15 20:13:58.854189
-3.7809384,2022-04-20,2022-04-27,sh.600522,2025-12-15 20:13:58.854189
-3.80873,2022-04-21,2022-04-28,sh.600522,2025-12-15 20:13:58.854189
-3.8455417,2022-04-22,2022-04-29,sh.600522,2025-12-15 20:13:58.854189
-3.7223232,2022-04-25,2022-05-02,sh.600522,2025-12-15 20:13:58.854189
-3.839206,2022-04-26,2022-05-03,sh.600522,2025-12-15 20:13:58.854189
-4.057933,2022-04-27,2022-05-04,sh.600522,2025-12-15 20:13:58.854189
-4.1100516,2022-04-28,2022-05-05,sh.600522,2025-12-15 20:13:58.854189
-4.31296,2022-04-29,2022-05-06,sh.600522,2025-12-15 20:13:58.854189
-4.238193,2022-05-05,2022-05-12,sh.600522,2025-12-15 20:13:58.854189
-3.9934022,2022-05-06,2022-05-13,sh.600522,2025-12-15 20:13:58.854189
-4.003636,2022-05-09,2022-05-16,sh.600522,2025-12-15 20:13:58.854189
-4.16975,2022-05-10,2022-05-17,sh.600522,2025-12-15 20:13:58.854189
-4.1315026,2022-05-11,2022-05-18,sh.600522,2025-12-15 20:13:58.854189
-4.1910496,2022-05-12,2022-05-19,sh.600522,2025-12-15 20:13:58.854189
-4.2307305,2022-05-13,2022-05-20,sh.600522,2025-12-15 20:13:58.854189
-4.0415936,2022-05-16,2022-05-23,sh.600522,2025-12-15 20:13:58.854189
-4.1704545,2022-05-17,2022-05-24,sh.600522,2025-12-15 20:13:58.854189
-3.90414,2022-05-18,2022-05-25,sh.600522,2025-12-15 20:13:58.854189
-4.247987,2022-05-19,2022-05-26,sh.600522,2025-12-15 20:13:58.854189
-4.1816654,2022-05-20,2022-05-27,sh.600522,2025-12-15 20:13:58.854189
-4.244966,2022-05-23,2022-05-30,sh.600522,2025-12-15 20:13:58.854189
-3.7060874,2022-05-24,2022-05-31,sh.600522,2025-12-15 20:13:58.854189
-4.228918,2022-05-25,2022-06-01,sh.600522,2025-12-15 20:13:58.854189
-4.1088967,2022-05-26,2022-06-02,sh.600522,2025-12-15 20:13:58.854189
-3.8296993,2022-05-27,2022-06-03,sh.600522,2025-12-15 20:13:58.854189
-4.0682697,2022-05-30,2022-06-06,sh.600522,2025-12-15 20:13:58.854189
-4.115523,2022-05-31,2022-06-07,sh.600522,2025-12-15 20:13:58.854189
-4.1253963,2022-06-01,2022-06-08,sh.600522,2025-12-15 20:13:58.854189
-4.1674657,2022-06-02,2022-06-09,sh.600522,2025-12-15 20:13:58.854189
-4.0851965,2022-06-06,2022-06-13,sh.600522,2025-12-15 20:13:58.854189
-3.7026253,2022-06-07,2022-06-14,sh.600522,2025-12-15 20:13:58.854189
-3.9089172,2022-06-08,2022-06-15,sh.600522,2025-12-15 20:13:58.854189
-3.8642948,2022-06-09,2022-06-16,sh.600522,2025-12-15 20:13:58.854189
-4.0424438,2022-06-10,2022-06-17,sh.600522,2025-12-15 20:13:58.854189
-4.0395875,2022-06-13,2022-06-20,sh.600522,2025-12-15 20:13:58.854189
-3.7914493,2022-06-14,2022-06-21,sh.600522,2025-12-15 20:13:58.854189
-3.8336208,2022-06-15,2022-06-22,sh.600522,2025-12-15 20:13:58.854189
-4.016005,2022-06-16,2022-06-23,sh.600522,2025-12-15 20:13:58.854189
-4.0790935,2022-06-17,2022-06-24,sh.600522,2025-12-15 20:13:58.854189
-3.962361,2022-06-20,2022-06-27,sh.600522,2025-12-15 20:13:58.854189
-3.8744051,2022-06-21,2022-06-28,sh.600522,2025-12-15 20:13:58.854189
-3.7834074,2022-06-22,2022-06-29,sh.600522,2025-12-15 20:13:58.854189
-4.0082846,2022-06-23,2022-06-30,sh.600522,2025-12-15 20:13:58.854189
-4.0899262,2022-06-24,2022-07-01,sh.600522,2025-12-15 20:13:58.854189
-3.966931,2022-06-27,2022-07-04,sh.600522,2025-12-15 20:13:58.854189
-4.0058537,2022-06-28,2022-07-05,sh.600522,2025-12-15 20:13:58.854189
-3.72223,2022-06-29,2022-07-06,sh.600522,2025-12-15 20:13:58.854189
-4.0413265,2022-06-30,2022-07-07,sh.600522,2025-12-15 20:13:58.854189
-4.167773,2022-07-01,2022-07-08,sh.600522,2025-12-15 20:13:58.854189
-4.1388884,2022-07-04,2022-07-11,sh.600522,2025-12-15 20:13:58.854189
-4.025287,2022-07-05,2022-07-12,sh.600522,2025-12-15 20:13:58.854189
-3.8342164,2022-07-06,2022-07-13,sh.600522,2025-12-15 20:13:58.854189
-4.100738,2022-07-07,2022-07-14,sh.600522,2025-12-15 20:13:58.854189
-4.0433464,2022-07-08,2022-07-15,sh.600522,2025-12-15 20:13:58.854189
-3.7462494,2022-07-11,2022-07-18,sh.600522,2025-12-15 20:13:58.854189
-3.9430892,2022-07-12,2022-07-19,sh.600522,2025-12-15 20:13:58.854189
-4.064059,2022-07-13,2022-07-20,sh.600522,2025-12-15 20:13:58.854189
-4.192703,2022-07-14,2022-07-21,sh.600522,2025-12-15 20:13:58.854189
-3.8816435,2022-07-15,2022-07-22,sh.600522,2025-12-15 20:13:58.854189
-3.8228755,2022-07-18,2022-07-25,sh.600522,2025-12-15 20:13:58.854189
-3.7945936,2022-07-19,2022-07-26,sh.600522,2025-12-15 20:13:58.854189
-3.9134376,2022-07-20,2022-07-27,sh.600522,2025-12-15 20:13:58.854189
-3.778651,2022-07-21,2022-07-28,sh.600522,2025-12-15 20:13:58.854189
-3.756347,2022-07-22,2022-07-29,sh.600522,2025-12-15 20:13:58.854189
-3.6889718,2022-07-25,2022-08-01,sh.600522,2025-12-15 20:13:58.854189
-3.8300002,2022-07-26,2022-08-02,sh.600522,2025-12-15 20:13:58.854189
-3.7731225,2022-07-27,2022-08-03,sh.600522,2025-12-15 20:13:58.854189
-3.5370662,2022-07-28,2022-08-04,sh.600522,2025-12-15 20:13:58.854189
-3.7832673,2022-07-29,2022-08-05,sh.600522,2025-12-15 20:13:58.854189
-3.7563324,2022-08-01,2022-08-08,sh.600522,2025-12-15 20:13:58.854189
-3.6766326,2022-08-02,2022-08-09,sh.600522,2025-12-15 20:13:58.854189
-3.6095283,2022-08-03,2022-08-10,sh.600522,2025-12-15 20:13:58.854189
-3.7415214,2022-08-04,2022-08-11,sh.600522,2025-12-15 20:13:58.854189
-3.8460202,2022-08-05,2022-08-12,sh.600522,2025-12-15 20:13:58.854189
-3.7789319,2022-08-08,2022-08-15,sh.600522,2025-12-15 20:13:58.854189
-3.9120338,2022-08-09,2022-08-16,sh.600522,2025-12-15 20:13:58.854189
-3.723142,2022-08-10,2022-08-17,sh.600522,2025-12-15 20:13:58.854189
-3.9997847,2022-08-11,2022-08-18,sh.600522,2025-12-15 20:13:58.854189
-4.140628,2022-08-12,2022-08-19,sh.600522,2025-12-15 20:13:58.854189
-4.237046,2022-08-15,2022-08-22,sh.600522,2025-12-15 20:13:58.854189
-4.043573,2022-08-16,2022-08-23,sh.600522,2025-12-15 20:13:58.854189
-4.0711727,2022-08-17,2022-08-24,sh.600522,2025-12-15 20:13:58.854189
-4.129785,2022-08-18,2022-08-25,sh.600522,2025-12-15 20:13:58.854189
-4.2771134,2022-08-19,2022-08-26,sh.600522,2025-12-15 20:13:58.854189
-4.304586,2022-08-22,2022-08-29,sh.600522,2025-12-15 20:13:58.854189
-4.294859,2022-08-23,2022-08-30,sh.600522,2025-12-15 20:13:58.854189
-4.226691,2022-08-24,2022-08-31,sh.600522,2025-12-15 20:13:58.854189
-4.109925,2022-08-25,2022-09-01,sh.600522,2025-12-15 20:13:58.854189
-4.035509,2022-08-26,2022-09-02,sh.600522,2025-12-15 20:13:58.854189
-4.1576247,2022-08-29,2022-09-05,sh.600522,2025-12-15 20:13:58.854189
-4.1262302,2022-08-30,2022-09-06,sh.600522,2025-12-15 20:13:58.854189
-4.710827,2022-08-31,2022-09-07,sh.600522,2025-12-15 20:13:58.854189
-4.2162275,2022-09-01,2022-09-08,sh.600522,2025-12-15 20:13:58.854189
-4.1778603,2022-09-02,2022-09-09,sh.600522,2025-12-15 20:13:58.854189
-4.222686,2022-09-05,2022-09-12,sh.600522,2025-12-15 20:13:58.854189
-4.245764,2022-09-06,2022-09-13,sh.600522,2025-12-15 20:13:58.854189
-4.2590113,2022-09-07,2022-09-14,sh.600522,2025-12-15 20:13:58.854189
-4.2839184,2022-09-08,2022-09-15,sh.600522,2025-12-15 20:13:58.854189
-4.3012323,2022-09-09,2022-09-16,sh.600522,2025-12-15 20:13:58.854189
-4.2002454,2022-09-13,2022-09-20,sh.600522,2025-12-15 20:13:58.854189
-4.082458,2022-09-14,2022-09-21,sh.600522,2025-12-15 20:13:58.854189
-4.3016596,2022-09-15,2022-09-22,sh.600522,2025-12-15 20:13:58.854189
-4.164168,2022-09-16,2022-09-23,sh.600522,2025-12-15 20:13:58.854189
-4.323673,2022-09-19,2022-09-26,sh.600522,2025-12-15 20:13:58.854189
-4.2686086,2022-09-20,2022-09-27,sh.600522,2025-12-15 20:13:58.854189
-4.184617,2022-09-21,2022-09-28,sh.600522,2025-12-15 20:13:58.854189
-4.139206,2022-09-22,2022-09-29,sh.600522,2025-12-15 20:13:58.854189
-4.0789456,2022-09-23,2022-09-30,sh.600522,2025-12-15 20:13:58.854189
-4.262353,2022-09-26,2022-10-03,sh.600522,2025-12-15 20:13:58.854189
-4.2713137,2022-09-27,2022-10-04,sh.600522,2025-12-15 20:13:58.854189
-4.3880076,2022-09-28,2022-10-05,sh.600522,2025-12-15 20:13:58.854189
-4.252794,2022-09-29,2022-10-06,sh.600522,2025-12-15 20:13:58.854189
-3.918197,2022-09-30,2022-10-07,sh.600522,2025-12-15 20:13:58.854189
-3.9490225,2022-10-10,2022-10-17,sh.600522,2025-12-15 20:13:58.854189
-4.151981,2022-10-11,2022-10-18,sh.600522,2025-12-15 20:13:58.854189
-4.2775292,2022-10-12,2022-10-19,sh.600522,2025-12-15 20:13:58.854189
-4.089015,2022-10-13,2022-10-20,sh.600522,2025-12-15 20:13:58.854189
-4.128369,2022-10-14,2022-10-21,sh.600522,2025-12-15 20:13:58.854189
-4.0335736,2022-10-17,2022-10-24,sh.600522,2025-12-15 20:13:58.854189
-4.1001697,2022-10-18,2022-10-25,sh.600522,2025-12-15 20:13:58.854189
-3.8561924,2022-10-19,2022-10-26,sh.600522,2025-12-15 20:13:58.854189
-3.92262,2022-10-20,2022-10-27,sh.600522,2025-12-15 20:13:58.854189
-4.1276884,2022-10-21,2022-10-28,sh.600522,2025-12-15 20:13:58.854189
-4.03131,2022-10-24,2022-10-31,sh.600522,2025-12-15 20:13:58.854189
-4.0248246,2022-10-25,2022-11-01,sh.600522,2025-12-15 20:13:58.854189
-3.9710996,2022-10-26,2022-11-02,sh.600522,2025-12-15 20:13:58.854189
-4.001495,2022-10-27,2022-11-03,sh.600522,2025-12-15 20:13:58.854189
-3.993605,2022-10-28,2022-11-04,sh.600522,2025-12-15 20:13:58.854189
-3.8382819,2022-10-31,2022-11-07,sh.600522,2025-12-15 20:13:58.854189
-4.0374937,2022-11-01,2022-11-08,sh.600522,2025-12-15 20:13:58.854189
-3.9744365,2022-11-02,2022-11-09,sh.600522,2025-12-15 20:13:58.854189
-3.8913937,2022-11-03,2022-11-10,sh.600522,2025-12-15 20:13:58.854189
-4.0054717,2022-11-04,2022-11-11,sh.600522,2025-12-15 20:13:58.854189
-4.144938,2022-11-07,2022-11-14,sh.600522,2025-12-15 20:13:58.854189
-4.055452,2022-11-08,2022-11-15,sh.600522,2025-12-15 20:13:58.854189
-3.9283097,2022-11-09,2022-11-16,sh.600522,2025-12-15 20:13:58.854189
-3.8193247,2022-11-10,2022-11-17,sh.600522,2025-12-15 20:13:58.854189
-3.9214838,2022-11-11,2022-11-18,sh.600522,2025-12-15 20:13:58.854189
-3.9395645,2022-11-14,2022-11-21,sh.600522,2025-12-15 20:13:58.854189
-4.0486856,2022-11-15,2022-11-22,sh.600522,2025-12-15 20:13:58.854189
-3.919151,2022-11-16,2022-11-23,sh.600522,2025-12-15 20:13:58.854189
-3.9069555,2022-11-17,2022-11-24,sh.600522,2025-12-15 20:13:58.854189
-3.8469417,2022-11-18,2022-11-25,sh.600522,2025-12-15 20:13:58.854189
-3.488684,2022-11-21,2022-11-28,sh.600522,2025-12-15 20:13:58.854189
-3.754713,2022-11-22,2022-11-29,sh.600522,2025-12-15 20:13:58.854189
-3.9732878,2022-11-23,2022-11-30,sh.600522,2025-12-15 20:13:58.854189
-3.7047064,2022-11-24,2022-12-01,sh.600522,2025-12-15 20:13:58.854189
-3.2976854,2022-11-25,2022-12-02,sh.600522,2025-12-15 20:13:58.854189
-3.4327683,2022-11-28,2022-12-05,sh.600522,2025-12-15 20:13:58.854189
-3.4823787,2022-11-29,2022-12-06,sh.600522,2025-12-15 20:13:58.854189
-3.2798083,2022-11-30,2022-12-07,sh.600522,2025-12-15 20:13:58.854189
-3.5434859,2022-12-01,2022-12-08,sh.600522,2025-12-15 20:13:58.854189
-3.5750034,2022-12-02,2022-12-09,sh.600522,2025-12-15 20:13:58.854189
-3.6654518,2022-12-05,2022-12-12,sh.600522,2025-12-15 20:13:58.854189
-3.6745236,2022-12-06,2022-12-13,sh.600522,2025-12-15 20:13:58.854189
-3.7084296,2022-12-07,2022-12-14,sh.600522,2025-12-15 20:13:58.854189
-3.582148,2022-12-08,2022-12-15,sh.600522,2025-12-15 20:13:58.854189
-3.603003,2022-12-09,2022-12-16,sh.600522,2025-12-15 20:13:58.854189
-3.74487,2022-12-12,2022-12-19,sh.600522,2025-12-15 20:13:58.854189
-3.6162617,2022-12-13,2022-12-20,sh.600522,2025-12-15 20:13:58.854189
-3.6498759,2022-12-14,2022-12-21,sh.600522,2025-12-15 20:13:58.854189
-3.7060359,2022-12-15,2022-12-22,sh.600522,2025-12-15 20:13:58.854189
-3.6900313,2022-12-16,2022-12-23,sh.600522,2025-12-15 20:13:58.854189
-3.633633,2022-12-19,2022-12-26,sh.600522,2025-12-15 20:13:58.854189
-3.679127,2022-12-20,2022-12-27,sh.600522,2025-12-15 20:13:58.854189
-3.7098548,2022-12-21,2022-12-28,sh.600522,2025-12-15 20:13:58.854189
-3.6728675,2022-12-22,2022-12-29,sh.600522,2025-12-15 20:13:58.854189
-3.7608297,2022-12-23,2022-12-30,sh.600522,2025-12-15 20:13:58.854189
-4.007681,2022-12-26,2023-01-02,sh.600522,2025-12-15 20:13:58.854189
-4.065905,2022-12-27,2023-01-03,sh.600522,2025-12-15 20:13:58.854189
-4.088641,2022-12-28,2023-01-04,sh.600522,2025-12-15 20:13:58.854189
-3.9200056,2022-12-29,2023-01-05,sh.600522,2025-12-15 20:13:58.854189
-4.067234,2022-12-30,2023-01-06,sh.600522,2025-12-15 20:13:58.854189
-4.1558666,2023-01-03,2023-01-10,sh.600522,2025-12-15 20:13:58.854189
-3.987838,2023-01-04,2023-01-11,sh.600522,2025-12-15 20:13:58.854189
-4.179303,2023-01-05,2023-01-12,sh.600522,2025-12-15 20:13:58.854189
-4.070353,2023-01-06,2023-01-13,sh.600522,2025-12-15 20:13:58.854189
-4.1547537,2023-01-09,2023-01-16,sh.600522,2025-12-15 20:13:58.854189
-3.9413679,2023-01-10,2023-01-17,sh.600522,2025-12-15 20:13:58.854189
-3.9778464,2023-01-11,2023-01-18,sh.600522,2025-12-15 20:13:58.854189
-4.01303,2023-01-12,2023-01-19,sh.600522,2025-12-15 20:13:58.854189
-4.0234914,2023-01-13,2023-01-20,sh.600522,2025-12-15 20:13:58.854189
-4.0171113,2023-01-16,2023-01-23,sh.600522,2025-12-15 20:13:58.854189
-4.0058866,2023-01-17,2023-01-24,sh.600522,2025-12-15 20:13:58.854189
-4.04477,2023-01-18,2023-01-25,sh.600522,2025-12-15 20:13:58.854189
-3.723376,2023-01-19,2023-01-26,sh.600522,2025-12-15 20:13:58.854189
-3.971892,2023-01-20,2023-01-27,sh.600522,2025-12-15 20:13:58.854189
-4.0003705,2023-01-30,2023-02-06,sh.600522,2025-12-15 20:13:58.854189
-4.0259175,2023-01-31,2023-02-07,sh.600522,2025-12-15 20:13:58.854189
-4.1306357,2023-02-01,2023-02-08,sh.600522,2025-12-15 20:13:58.854189
-3.9152448,2023-02-02,2023-02-09,sh.600522,2025-12-15 20:13:58.854189
-3.966645,2023-02-03,2023-02-10,sh.600522,2025-12-15 20:13:58.854189
-4.059152,2023-02-06,2023-02-13,sh.600522,2025-12-15 20:13:58.854189
-4.0675344,2023-02-07,2023-02-14,sh.600522,2025-12-15 20:13:58.854189
-4.031917,2023-02-08,2023-02-15,sh.600522,2025-12-15 20:13:58.854189
-4.203612,2023-02-09,2023-02-16,sh.600522,2025-12-15 20:13:58.854189
-4.104264,2023-02-10,2023-02-17,sh.600522,2025-12-15 20:13:58.854189
-4.0736594,2023-02-13,2023-02-20,sh.600522,2025-12-15 20:13:58.854189
-4.090919,2023-02-14,2023-02-21,sh.600522,2025-12-15 20:13:58.854189
-4.107981,2023-02-15,2023-02-22,sh.600522,2025-12-15 20:13:58.854189
-3.8967726,2023-02-16,2023-02-23,sh.600522,2025-12-15 20:13:58.854189
-4.0453506,2023-02-17,2023-02-24,sh.600522,2025-12-15 20:13:58.854189
-4.1540136,2023-02-20,2023-02-27,sh.600522,2025-12-15 20:13:58.854189
-4.1464977,2023-02-21,2023-02-28,sh.600522,2025-12-15 20:13:58.854189
-4.098332,2023-02-22,2023-03-01,sh.600522,2025-12-15 20:13:58.854189
-4.188319,2023-02-23,2023-03-02,sh.600522,2025-12-15 20:13:58.854189
-4.156093,2023-02-24,2023-03-03,sh.600522,2025-12-15 20:13:58.854189
-4.181798,2023-02-27,2023-03-06,sh.600522,2025-12-15 20:13:58.854189
-4.107942,2023-02-28,2023-03-07,sh.600522,2025-12-15 20:13:58.854189
-4.1372676,2023-03-01,2023-03-08,sh.600522,2025-12-15 20:13:58.854189
-4.1527276,2023-03-02,2023-03-09,sh.600522,2025-12-15 20:13:58.854189
-4.002537,2023-03-03,2023-03-10,sh.600522,2025-12-15 20:13:58.854189
-4.1685195,2023-03-06,2023-03-13,sh.600522,2025-12-15 20:13:58.854189
-3.8581598,2023-03-07,2023-03-14,sh.600522,2025-12-15 20:13:58.854189
-4.1216025,2023-03-08,2023-03-15,sh.600522,2025-12-15 20:13:58.854189
-4.0834417,2023-03-09,2023-03-16,sh.600522,2025-12-15 20:13:58.854189
-4.0411825,2023-03-10,2023-03-17,sh.600522,2025-12-15 20:13:58.854189
-4.108706,2023-03-13,2023-03-20,sh.600522,2025-12-15 20:13:58.854189
-4.128162,2023-03-14,2023-03-21,sh.600522,2025-12-15 20:13:58.854189
-4.1396437,2023-03-15,2023-03-22,sh.600522,2025-12-15 20:13:58.854189
-3.9425347,2023-03-16,2023-03-23,sh.600522,2025-12-15 20:13:58.854189
-4.110828,2023-03-17,2023-03-24,sh.600522,2025-12-15 20:13:58.854189
-4.264222,2023-03-20,2023-03-27,sh.600522,2025-12-15 20:13:58.854189
-4.1948833,2023-03-21,2023-03-28,sh.600522,2025-12-15 20:13:58.854189
-4.1863666,2023-03-22,2023-03-29,sh.600522,2025-12-15 20:13:58.854189
-4.215614,2023-03-23,2023-03-30,sh.600522,2025-12-15 20:13:58.854189
-3.9860437,2023-03-24,2023-03-31,sh.600522,2025-12-15 20:13:58.854189
-4.2681603,2023-03-27,2023-04-03,sh.600522,2025-12-15 20:13:58.854189
-4.1558704,2023-03-28,2023-04-04,sh.600522,2025-12-15 20:13:58.854189
-4.055981,2023-03-29,2023-04-05,sh.600522,2025-12-15 20:13:58.854189
-4.23593,2023-03-30,2023-04-06,sh.600522,2025-12-15 20:13:58.854189
-4.2527275,2023-03-31,2023-04-07,sh.600522,2025-12-15 20:13:58.854189
-4.269073,2023-04-03,2023-04-10,sh.600522,2025-12-15 20:13:58.854189
-4.0865545,2023-04-04,2023-04-11,sh.600522,2025-12-15 20:13:58.854189
-4.2616515,2023-04-06,2023-04-13,sh.600522,2025-12-15 20:13:58.854189
-4.1350837,2023-04-07,2023-04-14,sh.600522,2025-12-15 20:13:58.854189
-4.1292133,2023-04-10,2023-04-17,sh.600522,2025-12-15 20:13:58.854189
-4.1867757,2023-04-11,2023-04-18,sh.600522,2025-12-15 20:13:58.854189
-4.1948037,2023-04-12,2023-04-19,sh.600522,2025-12-15 20:13:58.854189
-4.0989122,2023-04-13,2023-04-20,sh.600522,2025-12-15 20:13:58.854189
-4.0965915,2023-04-14,2023-04-21,sh.600522,2025-12-15 20:13:58.854189
-4.125549,2023-04-17,2023-04-24,sh.600522,2025-12-15 20:13:58.854189
-4.1853,2023-04-18,2023-04-25,sh.600522,2025-12-15 20:13:58.854189
-4.008466,2023-04-19,2023-04-26,sh.600522,2025-12-15 20:13:58.854189
-4.105863,2023-04-20,2023-04-27,sh.600522,2025-12-15 20:13:58.854189
-3.8025668,2023-04-21,2023-04-28,sh.600522,2025-12-15 20:13:58.854189
-4.055589,2023-04-24,2023-05-01,sh.600522,2025-12-15 20:13:58.854189
-3.9504464,2023-04-25,2023-05-02,sh.600522,2025-12-15 20:13:58.854189
-3.909405,2023-04-26,2023-05-03,sh.600522,2025-12-15 20:13:58.854189
-3.9047651,2023-04-27,2023-05-04,sh.600522,2025-12-15 20:13:58.854189
-3.942291,2023-04-28,2023-05-05,sh.600522,2025-12-15 20:13:58.854189
-3.949847,2023-05-04,2023-05-11,sh.600522,2025-12-15 20:13:58.854189
-3.8067431,2023-05-05,2023-05-12,sh.600522,2025-12-15 20:13:58.854189
-3.9029245,2023-05-08,2023-05-15,sh.600522,2025-12-15 20:13:58.854189
-3.7633784,2023-05-09,2023-05-16,sh.600522,2025-12-15 20:13:58.854189
-3.9658382,2023-05-10,2023-05-17,sh.600522,2025-12-15 20:13:58.854189
-3.9749706,2023-05-11,2023-05-18,sh.600522,2025-12-15 20:13:58.854189
-3.9848735,2023-05-12,2023-05-19,sh.600522,2025-12-15 20:13:58.854189
-3.9798415,2023-05-15,2023-05-22,sh.600522,2025-12-15 20:13:58.854189
-4.014071,2023-05-16,2023-05-23,sh.600522,2025-12-15 20:13:58.854189
-3.9933746,2023-05-17,2023-05-24,sh.600522,2025-12-15 20:13:58.854189
-3.9970558,2023-05-18,2023-05-25,sh.600522,2025-12-15 20:13:58.854189
-4.030286,2023-05-19,2023-05-26,sh.600522,2025-12-15 20:13:58.854189
-3.9933698,2023-05-22,2023-05-29,sh.600522,2025-12-15 20:13:58.854189
-4.051735,2023-05-23,2023-05-30,sh.600522,2025-12-15 20:13:58.854189
-3.995323,2023-05-24,2023-05-31,sh.600522,2025-12-15 20:13:58.854189
-4.0010967,2023-05-25,2023-06-01,sh.600522,2025-12-15 20:13:58.854189
-3.9091434,2023-05-26,2023-06-02,sh.600522,2025-12-15 20:13:58.854189
-3.918588,2023-05-29,2023-06-05,sh.600522,2025-12-15 20:13:58.854189
-4.019032,2023-05-30,2023-06-06,sh.600522,2025-12-15 20:13:58.854189
-4.0314617,2023-05-31,2023-06-07,sh.600522,2025-12-15 20:13:58.854189
-3.9565065,2023-06-01,2023-06-08,sh.600522,2025-12-15 20:13:58.854189
-3.941971,2023-06-02,2023-06-09,sh.600522,2025-12-15 20:13:58.854189
-3.9480789,2023-06-05,2023-06-12,sh.600522,2025-12-15 20:13:58.854189
-3.8320742,2023-06-06,2023-06-13,sh.600522,2025-12-15 20:13:58.854189
-3.776909,2023-06-07,2023-06-14,sh.600522,2025-12-15 20:13:58.854189
-4.009695,2023-06-08,2023-06-15,sh.600522,2025-12-15 20:13:58.854189
-4.0656066,2023-06-09,2023-06-16,sh.600522,2025-12-15 20:13:58.854189
-3.962196,2023-06-12,2023-06-19,sh.600522,2025-12-15 20:13:58.854189
-4.0041747,2023-06-13,2023-06-20,sh.600522,2025-12-15 20:13:58.854189
-3.9981306,2023-06-14,2023-06-21,sh.600522,2025-12-15 20:13:58.854189
-3.9531887,2023-06-15,2023-06-22,sh.600522,2025-12-15 20:13:58.854189
-4.039022,2023-06-16,2023-06-23,sh.600522,2025-12-15 20:13:58.854189
-4.0557184,2023-06-19,2023-06-26,sh.600522,2025-12-15 20:13:58.854189
-3.8983357,2023-06-20,2023-06-27,sh.600522,2025-12-15 20:13:58.854189
-3.9364822,2023-06-21,2023-06-28,sh.600522,2025-12-15 20:13:58.854189
-3.9989421,2023-06-26,2023-07-03,sh.600522,2025-12-15 20:13:58.854189
-4.068517,2023-06-27,2023-07-04,sh.600522,2025-12-15 20:13:58.854189
-3.9982927,2023-06-28,2023-07-05,sh.600522,2025-12-15 20:13:58.854189
-3.978275,2023-06-29,2023-07-06,sh.600522,2025-12-15 20:13:58.854189
-4.027238,2023-06-30,2023-07-07,sh.600522,2025-12-15 20:13:58.854189
-4.0859394,2023-07-03,2023-07-10,sh.600522,2025-12-15 20:13:58.854189
-3.9544804,2023-07-04,2023-07-11,sh.600522,2025-12-15 20:13:58.854189
-3.9872525,2023-07-05,2023-07-12,sh.600522,2025-12-15 20:13:58.854189
-4.0825124,2023-07-06,2023-07-13,sh.600522,2025-12-15 20:13:58.854189
-3.989703,2023-07-07,2023-07-14,sh.600522,2025-12-15 20:13:58.854189
-3.8033094,2023-07-10,2023-07-17,sh.600522,2025-12-15 20:13:58.854189
-4.105819,2023-07-11,2023-07-18,sh.600522,2025-12-15 20:13:58.854189
-3.9918292,2023-07-12,2023-07-19,sh.600522,2025-12-15 20:13:58.854189
-4.11888,2023-07-13,2023-07-20,sh.600522,2025-12-15 20:13:58.854189
-4.0944963,2023-07-14,2023-07-21,sh.600522,2025-12-15 20:13:58.854189
-4.1638246,2023-07-17,2023-07-24,sh.600522,2025-12-15 20:13:58.854189
-3.9800813,2023-07-18,2023-07-25,sh.600522,2025-12-15 20:13:58.854189
-4.054483,2023-07-19,2023-07-26,sh.600522,2025-12-15 20:13:58.854189
-4.105926,2023-07-20,2023-07-27,sh.600522,2025-12-15 20:13:58.854189
-4.118649,2023-07-21,2023-07-28,sh.600522,2025-12-15 20:13:58.854189
-4.0828366,2023-07-24,2023-07-31,sh.600522,2025-12-15 20:13:58.854189
-4.1172533,2023-07-25,2023-08-01,sh.600522,2025-12-15 20:13:58.854189
-4.1239104,2023-07-26,2023-08-02,sh.600522,2025-12-15 20:13:58.854189
-4.0528035,2023-07-27,2023-08-03,sh.600522,2025-12-15 20:13:58.854189
-4.156447,2023-07-28,2023-08-04,sh.600522,2025-12-15 20:13:58.854189
-4.146296,2023-07-31,2023-08-07,sh.600522,2025-12-15 20:13:58.854189
-4.1507826,2023-08-01,2023-08-08,sh.600522,2025-12-15 20:13:58.854189
-3.8267741,2023-08-02,2023-08-09,sh.600522,2025-12-15 20:13:58.854189
-4.154633,2023-08-03,2023-08-10,sh.600522,2025-12-15 20:13:58.854189
-4.1590137,2023-08-04,2023-08-11,sh.600522,2025-12-15 20:13:58.854189
-4.1889243,2023-08-07,2023-08-14,sh.600522,2025-12-15 20:13:58.854189
-4.019887,2023-08-08,2023-08-15,sh.600522,2025-12-15 20:13:58.854189
-4.1346626,2023-08-09,2023-08-16,sh.600522,2025-12-15 20:13:58.854189
-4.200457,2023-08-10,2023-08-17,sh.600522,2025-12-15 20:13:58.854189
-4.195935,2023-08-11,2023-08-18,sh.600522,2025-12-15 20:13:58.854189
-4.24494,2023-08-14,2023-08-21,sh.600522,2025-12-15 20:13:58.854189
-4.138755,2023-08-15,2023-08-22,sh.600522,2025-12-15 20:13:58.854189
-4.1865144,2023-08-16,2023-08-23,sh.600522,2025-12-15 20:13:58.854189
-4.1873846,2023-08-17,2023-08-24,sh.600522,2025-12-15 20:13:58.854189
-4.1396313,2023-08-18,2023-08-25,sh.600522,2025-12-15 20:13:58.854189
-4.147783,2023-08-21,2023-08-28,sh.600522,2025-12-15 20:13:58.854189
-4.1062713,2023-08-22,2023-08-29,sh.600522,2025-12-15 20:13:58.854189
-4.099438,2023-08-23,2023-08-30,sh.600522,2025-12-15 20:13:58.854189
-4.048617,2023-08-24,2023-08-31,sh.600522,2025-12-15 20:13:58.854189
-4.048685,2023-08-25,2023-09-01,sh.600522,2025-12-15 20:13:58.854189
-3.9408147,2023-08-28,2023-09-04,sh.600522,2025-12-15 20:13:58.854189
-4.0444007,2023-08-29,2023-09-05,sh.600522,2025-12-15 20:13:58.854189
-3.9948013,2023-08-30,2023-09-06,sh.600522,2025-12-15 20:13:58.854189
-4.0128655,2023-08-31,2023-09-07,sh.600522,2025-12-15 20:13:58.854189
-3.969486,2023-09-01,2023-09-08,sh.600522,2025-12-15 20:13:58.854189
-3.935457,2023-09-04,2023-09-11,sh.600522,2025-12-15 20:13:58.854189
-3.9542215,2023-09-05,2023-09-12,sh.600522,2025-12-15 20:13:58.854189
-3.9481142,2023-09-06,2023-09-13,sh.600522,2025-12-15 20:13:58.854189
-3.9275753,2023-09-07,2023-09-14,sh.600522,2025-12-15 20:13:58.854189
-3.9418724,2023-09-08,2023-09-15,sh.600522,2025-12-15 20:13:58.854189
-3.9075315,2023-09-11,2023-09-18,sh.600522,2025-12-15 20:13:58.854189
-3.8798277,2023-09-12,2023-09-19,sh.600522,2025-12-15 20:13:58.854189
-3.9041924,2023-09-13,2023-09-20,sh.600522,2025-12-15 20:13:58.854189
-3.875293,2023-09-14,2023-09-21,sh.600522,2025-12-15 20:13:58.854189
-3.905758,2023-09-15,2023-09-22,sh.600522,2025-12-15 20:13:58.854189
-3.9000804,2023-09-18,2023-09-25,sh.600522,2025-12-15 20:13:58.854189
-3.906819,2023-09-19,2023-09-26,sh.600522,2025-12-15 20:13:58.854189
-3.8524606,2023-09-20,2023-09-27,sh.600522,2025-12-15 20:13:58.854189
-3.8709316,2023-09-21,2023-09-28,sh.600522,2025-12-15 20:13:58.854189
-3.9484584,2023-09-22,2023-09-29,sh.600522,2025-12-15 20:13:58.854189
-3.9356668,2023-09-25,2023-10-02,sh.600522,2025-12-15 20:13:58.854189
-3.9241035,2023-09-26,2023-10-03,sh.600522,2025-12-15 20:13:58.854189
-3.9423025,2023-09-27,2023-10-04,sh.600522,2025-12-15 20:13:58.854189
-3.9088686,2023-09-28,2023-10-05,sh.600522,2025-12-15 20:13:58.854189
-3.9194667,2023-10-09,2023-10-16,sh.600522,2025-12-15 20:13:58.854189
-3.948809,2023-10-10,2023-10-17,sh.600522,2025-12-15 20:13:58.854189
-3.95986,2023-10-11,2023-10-18,sh.600522,2025-12-15 20:13:58.854189
-3.972143,2023-10-12,2023-10-19,sh.600522,2025-12-15 20:13:58.854189
-3.9857862,2023-10-13,2023-10-20,sh.600522,2025-12-15 20:13:58.854189
-3.9256213,2023-10-16,2023-10-23,sh.600522,2025-12-15 20:13:58.854189
-3.8978035,2023-10-17,2023-10-24,sh.600522,2025-12-15 20:13:58.854189
-3.9578698,2023-10-18,2023-10-25,sh.600522,2025-12-15 20:13:58.854189
-3.9295146,2023-10-19,2023-10-26,sh.600522,2025-12-15 20:13:58.854189
-3.921147,2023-10-20,2023-10-27,sh.600522,2025-12-15 20:13:58.854189
-3.863013,2023-10-23,2023-10-30,sh.600522,2025-12-15 20:13:58.854189
-3.931938,2023-10-24,2023-10-31,sh.600522,2025-12-15 20:13:58.854189
-3.8379743,2023-10-25,2023-11-01,sh.600522,2025-12-15 20:13:58.854189
-3.9029198,2023-10-26,2023-11-02,sh.600522,2025-12-15 20:13:58.854189
-3.890663,2023-10-27,2023-11-03,sh.600522,2025-12-15 20:13:58.854189
-3.8963041,2023-10-30,2023-11-06,sh.600522,2025-12-15 20:13:58.854189
-3.6534474,2023-10-31,2023-11-07,sh.600522,2025-12-15 20:13:58.854189
-3.8597777,2023-11-01,2023-11-08,sh.600522,2025-12-15 20:13:58.854189
-3.7951577,2023-11-02,2023-11-09,sh.600522,2025-12-15 20:13:58.854189
-3.8132665,2023-11-03,2023-11-10,sh.600522,2025-12-15 20:13:58.854189
-3.825075,2023-11-06,2023-11-13,sh.600522,2025-12-15 20:13:58.854189
-3.8263476,2023-11-07,2023-11-14,sh.600522,2025-12-15 20:13:58.854189
-3.8065827,2023-11-08,2023-11-15,sh.600522,2025-12-15 20:13:58.854189
-3.83229,2023-11-09,2023-11-16,sh.600522,2025-12-15 20:13:58.854189
-3.8562477,2023-11-10,2023-11-17,sh.600522,2025-12-15 20:13:58.854189
-3.8094566,2023-11-13,2023-11-20,sh.600522,2025-12-15 20:13:58.854189
-3.810281,2023-11-14,2023-11-21,sh.600522,2025-12-15 20:13:58.854189
-3.8400962,2023-11-15,2023-11-22,sh.600522,2025-12-15 20:13:58.854189
-3.8887694,2023-11-16,2023-11-23,sh.600522,2025-12-15 20:13:58.854189
-3.898865,2023-11-17,2023-11-24,sh.600522,2025-12-15 20:13:58.854189
-3.9534566,2023-11-20,2023-11-27,sh.600522,2025-12-15 20:13:58.854189
-3.908889,2023-11-21,2023-11-28,sh.600522,2025-12-15 20:13:58.854189
-3.8916862,2023-11-22,2023-11-29,sh.600522,2025-12-15 20:13:58.854189
-3.9554498,2023-11-23,2023-11-30,sh.600522,2025-12-15 20:13:58.854189
-3.9822156,2023-11-24,2023-12-01,sh.600522,2025-12-15 20:13:58.854189
-4.022865,2023-11-27,2023-12-04,sh.600522,2025-12-15 20:13:58.854189
-3.9993026,2023-11-28,2023-12-05,sh.600522,2025-12-15 20:13:58.854189
-3.9215357,2023-11-29,2023-12-06,sh.600522,2025-12-15 20:13:58.854189
-3.9118598,2023-11-30,2023-12-07,sh.600522,2025-12-15 20:13:58.854189
-3.9406717,2023-12-01,2023-12-08,sh.600522,2025-12-15 20:13:58.854189
-3.946324,2023-12-04,2023-12-11,sh.600522,2025-12-15 20:13:58.854189
-3.8885965,2023-12-05,2023-12-12,sh.600522,2025-12-15 20:13:58.854189
-3.9535434,2023-12-06,2023-12-13,sh.600522,2025-12-15 20:13:58.854189
-3.8559403,2023-12-07,2023-12-14,sh.600522,2025-12-15 20:13:58.854189
-3.8657591,2023-12-08,2023-12-15,sh.600522,2025-12-15 20:13:58.854189
-3.9446332,2023-12-11,2023-12-18,sh.600522,2025-12-15 20:13:58.854189
-3.8731859,2023-12-12,2023-12-19,sh.600522,2025-12-15 20:13:58.854189
-3.7847025,2023-12-13,2023-12-20,sh.600522,2025-12-15 20:13:58.854189
-3.8780494,2023-12-14,2023-12-21,sh.600522,2025-12-15 20:13:58.854189
-3.804578,2023-12-15,2023-12-22,sh.600522,2025-12-15 20:13:58.854189
-3.7588446,2023-12-18,2023-12-25,sh.600522,2025-12-15 20:13:58.854189
-3.8069427,2023-12-19,2023-12-26,sh.600522,2025-12-15 20:13:58.854189
-3.7756317,2023-12-20,2023-12-27,sh.600522,2025-12-15 20:13:58.854189
-3.8656085,2023-12-21,2023-12-28,sh.600522,2025-12-15 20:13:58.854189
-3.7586133,2023-12-22,2023-12-29,sh.600522,2025-12-15 20:13:58.854189
-3.7385402,2023-12-25,2024-01-01,sh.600522,2025-12-15 20:13:58.854189
-3.789109,2023-12-26,2024-01-02,sh.600522,2025-12-15 20:13:58.854189
-3.8248188,2023-12-27,2024-01-03,sh.600522,2025-12-15 20:13:58.854189
-3.8939764,2023-12-28,2024-01-04,sh.600522,2025-12-15 20:13:58.854189
-3.8599496,2023-12-29,2024-01-05,sh.600522,2025-12-15 20:13:58.854189
-3.831918,2024-01-02,2024-01-09,sh.600522,2025-12-15 20:13:58.854189
-3.8480852,2024-01-03,2024-01-10,sh.600522,2025-12-15 20:13:58.854189
-3.862614,2024-01-04,2024-01-11,sh.600522,2025-12-15 20:13:58.854189
-3.7768474,2024-01-05,2024-01-12,sh.600522,2025-12-15 20:13:58.854189
-3.8097286,2024-01-08,2024-01-15,sh.600522,2025-12-15 20:13:58.854189
-3.8501348,2024-01-09,2024-01-16,sh.600522,2025-12-15 20:13:58.854189
-3.8151205,2024-01-10,2024-01-17,sh.600522,2025-12-15 20:13:58.854189
-3.7798774,2024-01-11,2024-01-18,sh.600522,2025-12-15 20:13:58.854189
-3.7931893,2024-01-12,2024-01-19,sh.600522,2025-12-15 20:13:58.854189
-3.8033626,2024-01-15,2024-01-22,sh.600522,2025-12-15 20:13:58.854189
-3.9246728,2024-01-16,2024-01-23,sh.600522,2025-12-15 20:13:58.854189
-3.959863,2024-01-17,2024-01-24,sh.600522,2025-12-15 20:13:58.854189
-3.9793613,2024-01-18,2024-01-25,sh.600522,2025-12-15 20:13:58.854189
-3.895231,2024-01-19,2024-01-26,sh.600522,2025-12-15 20:13:58.854189
-4.1082745,2024-01-22,2024-01-29,sh.600522,2025-12-15 20:13:58.854189
-4.0249615,2024-01-23,2024-01-30,sh.600522,2025-12-15 20:13:58.854189
-4.1543837,2024-01-24,2024-01-31,sh.600522,2025-12-15 20:13:58.854189
-4.104524,2024-01-25,2024-02-01,sh.600522,2025-12-15 20:13:58.854189
-4.109491,2024-01-26,2024-02-02,sh.600522,2025-12-15 20:13:58.854189
-4.116666,2024-01-29,2024-02-05,sh.600522,2025-12-15 20:13:58.854189
-4.128582,2024-01-30,2024-02-06,sh.600522,2025-12-15 20:13:58.854189
-4.112711,2024-01-31,2024-02-07,sh.600522,2025-12-15 20:13:58.854189
-4.1158843,2024-02-01,2024-02-08,sh.600522,2025-12-15 20:13:58.854189
-4.169104,2024-02-02,2024-02-09,sh.600522,2025-12-15 20:13:58.854189
-4.1152186,2024-02-05,2024-02-12,sh.600522,2025-12-15 20:13:58.854189
-4.1931906,2024-02-06,2024-02-13,sh.600522,2025-12-15 20:13:58.854189
-4.042116,2024-02-07,2024-02-14,sh.600522,2025-12-15 20:13:58.854189
-4.0870624,2024-02-08,2024-02-15,sh.600522,2025-12-15 20:13:58.854189
-4.0917907,2024-02-19,2024-02-26,sh.600522,2025-12-15 20:13:58.854189
-4.1653953,2024-02-20,2024-02-27,sh.600522,2025-12-15 20:13:58.854189
-4.0976763,2024-02-21,2024-02-28,sh.600522,2025-12-15 20:13:58.854189
-4.1041894,2024-02-22,2024-02-29,sh.600522,2025-12-15 20:13:58.854189
-4.1082816,2024-02-23,2024-03-01,sh.600522,2025-12-15 20:13:58.854189
-4.158518,2024-02-26,2024-03-04,sh.600522,2025-12-15 20:13:58.854189
-4.1919694,2024-02-27,2024-03-05,sh.600522,2025-12-15 20:13:58.854189
-4.118683,2024-02-28,2024-03-06,sh.600522,2025-12-15 20:13:58.854189
-4.164975,2024-02-29,2024-03-07,sh.600522,2025-12-15 20:13:58.854189
-4.296635,2024-03-01,2024-03-08,sh.600522,2025-12-15 20:13:58.854189
-4.1850343,2024-03-04,2024-03-11,sh.600522,2025-12-15 20:13:58.854189
-4.1612277,2024-03-05,2024-03-12,sh.600522,2025-12-15 20:13:58.854189
-4.1486173,2024-03-06,2024-03-13,sh.600522,2025-12-15 20:13:58.854189
-4.1396146,2024-03-07,2024-03-14,sh.600522,2025-12-15 20:13:58.854189
-4.10489,2024-03-08,2024-03-15,sh.600522,2025-12-15 20:13:58.854189
-4.2513747,2024-03-11,2024-03-18,sh.600522,2025-12-15 20:13:58.854189
-4.096898,2024-03-12,2024-03-19,sh.600522,2025-12-15 20:13:58.854189
-4.098782,2024-03-13,2024-03-20,sh.600522,2025-12-15 20:13:58.854189
-4.1814237,2024-03-14,2024-03-21,sh.600522,2025-12-15 20:13:58.854189
-4.1748238,2024-03-15,2024-03-22,sh.600522,2025-12-15 20:13:58.854189
-4.19875,2024-03-18,2024-03-25,sh.600522,2025-12-15 20:13:58.854189
-4.18761,2024-03-19,2024-03-26,sh.600522,2025-12-15 20:13:58.854189
-4.171865,2024-03-20,2024-03-27,sh.600522,2025-12-15 20:13:58.854189
-4.1295276,2024-03-21,2024-03-28,sh.600522,2025-12-15 20:13:58.854189
-4.2093644,2024-03-22,2024-03-29,sh.600522,2025-12-15 20:13:58.854189
-4.171202,2024-03-25,2024-04-01,sh.600522,2025-12-15 20:13:58.854189
-4.265144,2024-03-26,2024-04-02,sh.600522,2025-12-15 20:13:58.854189
-4.0733743,2024-03-27,2024-04-03,sh.600522,2025-12-15 20:13:58.854189
-4.1575265,2024-03-28,2024-04-04,sh.600522,2025-12-15 20:13:58.854189
-4.243397,2024-03-29,2024-04-05,sh.600522,2025-12-15 20:13:58.854189
-4.143701,2024-04-01,2024-04-08,sh.600522,2025-12-15 20:13:58.854189
-4.1753054,2024-04-02,2024-04-09,sh.600522,2025-12-15 20:13:58.854189
-4.1529374,2024-04-03,2024-04-10,sh.600522,2025-12-15 20:13:58.854189
-4.100535,2024-04-08,2024-04-15,sh.600522,2025-12-15 20:13:58.854189
-4.083732,2024-04-09,2024-04-16,sh.600522,2025-12-15 20:13:58.854189
-3.8991096,2024-04-10,2024-04-17,sh.600522,2025-12-15 20:13:58.854189
-4.032944,2024-04-11,2024-04-18,sh.600522,2025-12-15 20:13:58.854189
-4.0002537,2024-04-12,2024-04-19,sh.600522,2025-12-15 20:13:58.854189
-4.019522,2024-04-15,2024-04-22,sh.600522,2025-12-15 20:13:58.854189
-3.7349393,2024-04-16,2024-04-23,sh.600522,2025-12-15 20:13:58.854189
-3.9149888,2024-04-17,2024-04-24,sh.600522,2025-12-15 20:13:58.854189
-3.756316,2024-04-18,2024-04-25,sh.600522,2025-12-15 20:13:58.854189
-3.6566992,2024-04-19,2024-04-26,sh.600522,2025-12-15 20:13:58.854189
-3.7774599,2024-04-22,2024-04-29,sh.600522,2025-12-15 20:13:58.854189
-3.7101328,2024-04-23,2024-04-30,sh.600522,2025-12-15 20:13:58.854189
-3.785226,2024-04-24,2024-05-01,sh.600522,2025-12-15 20:13:58.854189
-3.8395007,2024-04-25,2024-05-02,sh.600522,2025-12-15 20:13:58.854189
-3.7030642,2024-04-26,2024-05-03,sh.600522,2025-12-15 20:13:58.854189
-3.8203669,2024-04-29,2024-05-06,sh.600522,2025-12-15 20:13:58.854189
-3.8671339,2024-04-30,2024-05-07,sh.600522,2025-12-15 20:13:58.854189
-3.796099,2024-05-06,2024-05-13,sh.600522,2025-12-15 20:13:58.854189
-3.773073,2024-05-07,2024-05-14,sh.600522,2025-12-15 20:13:58.854189
-3.8366945,2024-05-08,2024-05-15,sh.600522,2025-12-15 20:13:58.854189
-3.8476574,2024-05-09,2024-05-16,sh.600522,2025-12-15 20:13:58.854189
-3.8330302,2024-05-10,2024-05-17,sh.600522,2025-12-15 20:13:58.854189
-3.8881671,2024-05-13,2024-05-20,sh.600522,2025-12-15 20:13:58.854189
-3.8627849,2024-05-14,2024-05-21,sh.600522,2025-12-15 20:13:58.854189
-3.838373,2024-05-15,2024-05-22,sh.600522,2025-12-15 20:13:58.854189
-3.9122036,2024-05-16,2024-05-23,sh.600522,2025-12-15 20:13:58.854189
-4.0066023,2024-05-17,2024-05-24,sh.600522,2025-12-15 20:13:58.854189
-4.0123773,2024-05-20,2024-05-27,sh.600522,2025-12-15 20:13:58.854189
-4.0593166,2024-05-21,2024-05-28,sh.600522,2025-12-15 20:13:58.854189
-4.079955,2024-05-22,2024-05-29,sh.600522,2025-12-15 20:13:58.854189
-4.1932874,2024-05-23,2024-05-30,sh.600522,2025-12-15 20:13:58.854189
-4.0843167,2024-05-24,2024-05-31,sh.600522,2025-12-15 20:13:58.854189
-4.2895956,2024-05-27,2024-06-03,sh.600522,2025-12-15 20:13:58.854189
-4.1086087,2024-05-28,2024-06-04,sh.600522,2025-12-15 20:13:58.854189
-4.178147,2024-05-29,2024-06-05,sh.600522,2025-12-15 20:13:58.854189
-4.250172,2024-05-30,2024-06-06,sh.600522,2025-12-15 20:13:58.854189
-4.1956253,2024-05-31,2024-06-07,sh.600522,2025-12-15 20:13:58.854189
-4.2298474,2024-06-03,2024-06-10,sh.600522,2025-12-15 20:13:58.854189
-4.183164,2024-06-04,2024-06-11,sh.600522,2025-12-15 20:13:58.854189
-3.899978,2024-06-05,2024-06-12,sh.600522,2025-12-15 20:13:58.854189
-4.019196,2024-06-06,2024-06-13,sh.600522,2025-12-15 20:13:58.854189
-4.1131177,2024-06-07,2024-06-14,sh.600522,2025-12-15 20:13:58.854189
-4.0993752,2024-06-11,2024-06-18,sh.600522,2025-12-15 20:13:58.854189
-4.0161552,2024-06-12,2024-06-19,sh.600522,2025-12-15 20:13:58.854189
-4.0203156,2024-06-13,2024-06-20,sh.600522,2025-12-15 20:13:58.854189
-4.038912,2024-06-14,2024-06-21,sh.600522,2025-12-15 20:13:58.854189
-4.035564,2024-06-17,2024-06-24,sh.600522,2025-12-15 20:13:58.854189
-4.047215,2024-06-18,2024-06-25,sh.600522,2025-12-15 20:13:58.854189
-3.9801853,2024-06-19,2024-06-26,sh.600522,2025-12-15 20:13:58.854189
-3.8964088,2024-06-20,2024-06-27,sh.600522,2025-12-15 20:13:58.854189
-3.9795206,2024-06-21,2024-06-28,sh.600522,2025-12-15 20:13:58.854189
-3.8559282,2024-06-24,2024-07-01,sh.600522,2025-12-15 20:13:58.854189
-3.8262858,2024-06-25,2024-07-02,sh.600522,2025-12-15 20:13:58.854189
-3.9606407,2024-06-26,2024-07-03,sh.600522,2025-12-15 20:13:58.854189
-3.9098794,2024-06-27,2024-07-04,sh.600522,2025-12-15 20:13:58.854189
-3.9264476,2024-06-28,2024-07-05,sh.600522,2025-12-15 20:13:58.854189
-3.9578893,2024-07-01,2024-07-08,sh.600522,2025-12-15 20:13:58.854189
-3.6944091,2024-07-02,2024-07-09,sh.600522,2025-12-15 20:13:58.854189
-3.976454,2024-07-03,2024-07-10,sh.600522,2025-12-15 20:13:58.854189
-3.8839378,2024-07-04,2024-07-11,sh.600522,2025-12-15 20:13:58.854189
-3.9602158,2024-07-05,2024-07-12,sh.600522,2025-12-15 20:13:58.854189
-3.8860216,2024-07-08,2024-07-15,sh.600522,2025-12-15 20:13:58.854189
-3.9823296,2024-07-09,2024-07-16,sh.600522,2025-12-15 20:13:58.854189
-3.8045511,2024-07-10,2024-07-17,sh.600522,2025-12-15 20:13:58.854189
-3.861162,2024-07-11,2024-07-18,sh.600522,2025-12-15 20:13:58.854189
-3.9279993,2024-07-12,2024-07-19,sh.600522,2025-12-15 20:13:58.854189
-3.891598,2024-07-15,2024-07-22,sh.600522,2025-12-15 20:13:58.854189
-3.844249,2024-07-16,2024-07-23,sh.600522,2025-12-15 20:13:58.854189
-3.8663938,2024-07-17,2024-07-24,sh.600522,2025-12-15 20:13:58.854189
-3.8709571,2024-07-18,2024-07-25,sh.600522,2025-12-15 20:13:58.854189
-3.8945787,2024-07-19,2024-07-26,sh.600522,2025-12-15 20:13:58.854189
-3.8684688,2024-07-22,2024-07-29,sh.600522,2025-12-15 20:13:58.854189
-3.7363427,2024-07-23,2024-07-30,sh.600522,2025-12-15 20:13:58.854189
-3.867457,2024-07-24,2024-07-31,sh.600522,2025-12-15 20:13:58.854189
-3.8638332,2024-07-25,2024-08-01,sh.600522,2025-12-15 20:13:58.854189
-3.8967493,2024-07-26,2024-08-02,sh.600522,2025-12-15 20:13:58.854189
-3.8130643,2024-07-29,2024-08-05,sh.600522,2025-12-15 20:13:58.854189
-3.8387797,2024-07-30,2024-08-06,sh.600522,2025-12-15 20:13:58.854189
-3.8211384,2024-07-31,2024-08-07,sh.600522,2025-12-15 20:13:58.854189
-3.8476954,2024-08-01,2024-08-08,sh.600522,2025-12-15 20:13:58.854189
-3.8027127,2024-08-02,2024-08-09,sh.600522,2025-12-15 20:13:58.854189
-3.7281373,2024-08-05,2024-08-12,sh.600522,2025-12-15 20:13:58.854189
-3.6800592,2024-08-06,2024-08-13,sh.600522,2025-12-15 20:13:58.854189
-3.7874377,2024-08-07,2024-08-14,sh.600522,2025-12-15 20:13:58.854189
-3.7016351,2024-08-08,2024-08-15,sh.600522,2025-12-15 20:13:58.854189
-3.692436,2024-08-09,2024-08-16,sh.600522,2025-12-15 20:13:58.854189
-3.6781995,2024-08-12,2024-08-19,sh.600522,2025-12-15 20:13:58.854189
-3.7455533,2024-08-13,2024-08-20,sh.600522,2025-12-15 20:13:58.854189
-3.5951421,2024-08-14,2024-08-21,sh.600522,2025-12-15 20:13:58.854189
-3.676474,2024-08-15,2024-08-22,sh.600522,2025-12-15 20:13:58.854189
-3.6904466,2024-08-16,2024-08-23,sh.600522,2025-12-15 20:13:58.854189
-3.6608946,2024-08-19,2024-08-26,sh.600522,2025-12-15 20:13:58.854189
-3.6925213,2024-08-20,2024-08-27,sh.600522,2025-12-15 20:13:58.854189
-3.6627848,2024-08-21,2024-08-28,sh.600522,2025-12-15 20:13:58.854189
-3.6831467,2024-08-22,2024-08-29,sh.600522,2025-12-15 20:13:58.854189
-3.6797106,2024-08-23,2024-08-30,sh.600522,2025-12-15 20:13:58.854189
-3.7207355,2024-08-26,2024-09-02,sh.600522,2025-12-15 20:13:58.854189
-3.7172656,2024-08-27,2024-09-03,sh.600522,2025-12-15 20:13:58.854189
-3.765465,2024-08-28,2024-09-04,sh.600522,2025-12-15 20:13:58.854189
-3.7843268,2024-08-29,2024-09-05,sh.600522,2025-12-15 20:13:58.854189
-3.8991127,2024-08-30,2024-09-06,sh.600522,2025-12-15 20:13:58.854189
-3.792041,2024-09-02,2024-09-09,sh.600522,2025-12-15 20:13:58.854189
-3.9658592,2024-09-03,2024-09-10,sh.600522,2025-12-15 20:13:58.854189
-3.9863336,2024-09-04,2024-09-11,sh.600522,2025-12-15 20:13:58.854189
-3.969826,2024-09-05,2024-09-12,sh.600522,2025-12-15 20:13:58.854189
-3.9308002,2024-09-06,2024-09-13,sh.600522,2025-12-15 20:13:58.854189
-3.9613159,2024-09-09,2024-09-16,sh.600522,2025-12-15 20:13:58.854189
-4.0266047,2024-09-10,2024-09-17,sh.600522,2025-12-15 20:13:58.854189
-4.073123,2024-09-11,2024-09-18,sh.600522,2025-12-15 20:13:58.854189
-4.044837,2024-09-12,2024-09-19,sh.600522,2025-12-15 20:13:58.854189
-3.9584358,2024-09-13,2024-09-20,sh.600522,2025-12-15 20:13:58.854189
-4.0565996,2024-09-18,2024-09-25,sh.600522,2025-12-15 20:13:58.854189
-4.101799,2024-09-19,2024-09-26,sh.600522,2025-12-15 20:13:58.854189
-4.0639424,2024-09-20,2024-09-27,sh.600522,2025-12-15 20:13:58.854189
-4.0673385,2024-09-23,2024-09-30,sh.600522,2025-12-15 20:13:58.854189
-4.171577,2024-09-24,2024-10-01,sh.600522,2025-12-15 20:13:58.854189
-3.9335177,2024-09-25,2024-10-02,sh.600522,2025-12-15 20:13:58.854189
-4.189227,2024-09-26,2024-10-03,sh.600522,2025-12-15 20:13:58.854189
-4.0992146,2024-09-27,2024-10-04,sh.600522,2025-12-15 20:13:58.854189
-4.272986,2024-09-30,2024-10-07,sh.600522,2025-12-15 20:13:58.854189
-4.082712,2024-10-08,2024-10-15,sh.600522,2025-12-15 20:13:58.854189
-3.9642804,2024-10-09,2024-10-16,sh.600522,2025-12-15 20:13:58.854189
-4.1676826,2024-10-10,2024-10-17,sh.600522,2025-12-15 20:13:58.854189
-4.083002,2024-10-11,2024-10-18,sh.600522,2025-12-15 20:13:58.854189
-4.1291885,2024-10-14,2024-10-21,sh.600522,2025-12-15 20:13:58.854189
-4.0822215,2024-10-15,2024-10-22,sh.600522,2025-12-15 20:13:58.854189
-4.0924296,2024-10-16,2024-10-23,sh.600522,2025-12-15 20:13:58.854189
-4.0283875,2024-10-17,2024-10-24,sh.600522,2025-12-15 20:13:58.854189
-4.0811214,2024-10-18,2024-10-25,sh.600522,2025-12-15 20:13:58.854189
-4.0890884,2024-10-21,2024-10-28,sh.600522,2025-12-15 20:13:58.854189
-4.1345944,2024-10-22,2024-10-29,sh.600522,2025-12-15 20:13:58.854189
-3.9282873,2024-10-23,2024-10-30,sh.600522,2025-12-15 20:13:58.854189
-4.1750803,2024-10-24,2024-10-31,sh.600522,2025-12-15 20:13:58.854189
-4.086944,2024-10-25,2024-11-01,sh.600522,2025-12-15 20:13:58.854189
-3.9905422,2024-10-28,2024-11-04,sh.600522,2025-12-15 20:13:58.854189
-4.086189,2024-10-29,2024-11-05,sh.600522,2025-12-15 20:13:58.854189
-4.0072627,2024-10-30,2024-11-06,sh.600522,2025-12-15 20:13:58.854189
-4.1238017,2024-10-31,2024-11-07,sh.600522,2025-12-15 20:13:58.854189
-4.0309653,2024-11-01,2024-11-08,sh.600522,2025-12-15 20:13:58.854189
-3.9964445,2024-11-04,2024-11-11,sh.600522,2025-12-15 20:13:58.854189
-4.043702,2024-11-05,2024-11-12,sh.600522,2025-12-15 20:13:58.854189
-4.0273643,2024-11-06,2024-11-13,sh.600522,2025-12-15 20:13:58.854189
-4.1073956,2024-11-07,2024-11-14,sh.600522,2025-12-15 20:13:58.854189
-4.075154,2024-11-08,2024-11-15,sh.600522,2025-12-15 20:13:58.854189
-4.146571,2024-11-11,2024-11-18,sh.600522,2025-12-15 20:13:58.854189
-4.0110326,2024-11-12,2024-11-19,sh.600522,2025-12-15 20:13:58.854189
-4.0095406,2024-11-13,2024-11-20,sh.600522,2025-12-15 20:13:58.854189
-4.0689244,2024-11-14,2024-11-21,sh.600522,2025-12-15 20:13:58.854189
-4.0693927,2024-11-15,2024-11-22,sh.600522,2025-12-15 20:13:58.854189
-3.96789,2024-11-18,2024-11-25,sh.600522,2025-12-15 20:13:58.854189
-4.0620255,2024-11-19,2024-11-26,sh.600522,2025-12-15 20:13:58.854189
-3.9958766,2024-11-20,2024-11-27,sh.600522,2025-12-15 20:13:58.854189
-3.9652588,2024-11-21,2024-11-28,sh.600522,2025-12-15 20:13:58.854189
-4.014028,2024-11-22,2024-11-29,sh.600522,2025-12-15 20:13:58.854189
-4.014644,2024-11-25,2024-12-02,sh.600522,2025-12-15 20:13:58.854189
-3.9836848,2024-11-26,2024-12-03,sh.600522,2025-12-15 20:13:58.854189
-4.022532,2024-11-27,2024-12-04,sh.600522,2025-12-15 20:13:58.854189
-3.9886658,2024-11-28,2024-12-05,sh.600522,2025-12-15 20:13:58.854189
-3.9329584,2024-11-29,2024-12-06,sh.600522,2025-12-15 20:13:58.854189
-4.1301703,2024-12-02,2024-12-09,sh.600522,2025-12-15 20:13:58.854189
-4.085729,2024-12-03,2024-12-10,sh.600522,2025-12-15 20:13:58.854189
-4.0889716,2024-12-04,2024-12-11,sh.600522,2025-12-15 20:13:58.854189
-4.0613256,2024-12-05,2024-12-12,sh.600522,2025-12-15 20:13:58.854189
-4.03536,2024-12-06,2024-12-13,sh.600522,2025-12-15 20:13:58.854189
-4.0556016,2024-12-09,2024-12-16,sh.600522,2025-12-15 20:13:58.854189
-3.995485,2024-12-10,2024-12-17,sh.600522,2025-12-15 20:13:58.854189
-4.04807,2024-12-11,2024-12-18,sh.600522,2025-12-15 20:13:58.854189
-4.120976,2024-12-12,2024-12-19,sh.600522,2025-12-15 20:13:58.854189
-3.9908512,2024-12-13,2024-12-20,sh.600522,2025-12-15 20:13:58.854189
-3.9925,2024-12-16,2024-12-23,sh.600522,2025-12-15 20:13:58.854189
-3.8994274,2024-12-17,2024-12-24,sh.600522,2025-12-15 20:13:58.854189
-3.9944708,2024-12-18,2024-12-25,sh.600522,2025-12-15 20:13:58.854189
-4.091908,2024-12-19,2024-12-26,sh.600522,2025-12-15 20:13:58.854189
-4.018579,2024-12-20,2024-12-27,sh.600522,2025-12-15 20:13:58.854189
-3.9493973,2024-12-23,2024-12-30,sh.600522,2025-12-15 20:13:58.854189
-3.8501604,2024-12-24,2024-12-31,sh.600522,2025-12-15 20:13:58.854189
-3.9285223,2024-12-25,2025-01-01,sh.600522,2025-12-15 20:13:58.854189
-3.8258836,2024-12-26,2025-01-02,sh.600522,2025-12-15 20:13:58.854189
-3.8910816,2024-12-27,2025-01-03,sh.600522,2025-12-15 20:13:58.854189
-3.9021266,2024-12-30,2025-01-06,sh.600522,2025-12-15 20:13:58.854189
-3.8645852,2024-12-31,2025-01-07,sh.600522,2025-12-15 20:13:58.854189
-3.783388,2025-01-02,2025-01-09,sh.600522,2025-12-15 20:13:58.854189
-3.6484585,2025-01-03,2025-01-10,sh.600522,2025-12-15 20:13:58.854189
-3.6580393,2025-01-06,2025-01-13,sh.600522,2025-12-15 20:13:58.854189
-3.7968879,2025-01-07,2025-01-14,sh.600522,2025-12-15 20:13:58.854189
-3.8521876,2025-01-08,2025-01-15,sh.600522,2025-12-15 20:13:58.854189
-3.798262,2025-01-09,2025-01-16,sh.600522,2025-12-15 20:13:58.854189
-3.626014,2025-01-10,2025-01-17,sh.600522,2025-12-15 20:13:58.854189
-3.6926224,2025-01-13,2025-01-20,sh.600522,2025-12-15 20:13:58.854189
-3.7556107,2025-01-14,2025-01-21,sh.600522,2025-12-15 20:13:58.854189
-3.8333604,2025-01-15,2025-01-22,sh.600522,2025-12-15 20:13:58.854189
-3.7996619,2025-01-16,2025-01-23,sh.600522,2025-12-15 20:13:58.854189
-3.9300306,2025-01-17,2025-01-24,sh.600522,2025-12-15 20:13:58.854189
-3.9667966,2025-01-20,2025-01-27,sh.600522,2025-12-15 20:13:58.854189
-3.9812663,2025-01-21,2025-01-28,sh.600522,2025-12-15 20:13:58.854189
-3.9858224,2025-01-22,2025-01-29,sh.600522,2025-12-15 20:13:58.854189
-4.045548,2025-01-23,2025-01-30,sh.600522,2025-12-15 20:13:58.854189
-4.0563574,2025-01-24,2025-01-31,sh.600522,2025-12-15 20:13:58.854189
-4.2001166,2025-01-27,2025-02-03,sh.600522,2025-12-15 20:13:58.854189
-4.179823,2025-02-05,2025-02-12,sh.600522,2025-12-15 20:13:58.854189
-4.1147203,2025-02-06,2025-02-13,sh.600522,2025-12-15 20:13:58.854189
-4.1921954,2025-02-07,2025-02-14,sh.600522,2025-12-15 20:13:58.854189
-4.224181,2025-02-10,2025-02-17,sh.600522,2025-12-15 20:13:58.854189
-4.24801,2025-02-11,2025-02-18,sh.600522,2025-12-15 20:13:58.854189
-4.2464337,2025-02-12,2025-02-19,sh.600522,2025-12-15 20:13:58.854189
-4.280559,2025-02-13,2025-02-20,sh.600522,2025-12-15 20:13:58.854189
-4.2784815,2025-02-14,2025-02-21,sh.600522,2025-12-15 20:13:58.854189
-4.3255,2025-02-17,2025-02-24,sh.600522,2025-12-15 20:13:58.854189
-4.3133826,2025-02-18,2025-02-25,sh.600522,2025-12-15 20:13:58.854189
-4.339563,2025-02-19,2025-02-26,sh.600522,2025-12-15 20:13:58.854189
-4.3700805,2025-02-20,2025-02-27,sh.600522,2025-12-15 20:13:58.854189
-4.390936,2025-02-21,2025-02-28,sh.600522,2025-12-15 20:13:58.854189
-4.374885,2025-02-24,2025-03-03,sh.600522,2025-12-15 20:13:58.854189
-4.3627152,2025-02-25,2025-03-04,sh.600522,2025-12-15 20:13:58.854189
-4.412711,2025-02-26,2025-03-05,sh.600522,2025-12-15 20:13:58.854189
-4.3824525,2025-02-27,2025-03-06,sh.600522,2025-12-15 20:13:58.854189
-4.245202,2025-02-28,2025-03-07,sh.600522,2025-12-15 20:13:58.854189
-4.3351693,2025-03-03,2025-03-10,sh.600522,2025-12-15 20:13:58.854189
-4.3616996,2025-03-04,2025-03-11,sh.600522,2025-12-15 20:13:58.854189
-4.3644376,2025-03-05,2025-03-12,sh.600522,2025-12-15 20:13:58.854189
-4.370048,2025-03-06,2025-03-13,sh.600522,2025-12-15 20:13:58.854189
-4.353368,2025-03-07,2025-03-14,sh.600522,2025-12-15 20:13:58.854189
-4.3697653,2025-03-10,2025-03-17,sh.600522,2025-12-15 20:13:58.854189
-4.3358064,2025-03-11,2025-03-18,sh.600522,2025-12-15 20:13:58.854189
-4.319056,2025-03-12,2025-03-19,sh.600522,2025-12-15 20:13:58.854189
-4.30813,2025-03-13,2025-03-20,sh.600522,2025-12-15 20:13:58.854189
-4.359761,2025-03-14,2025-03-21,sh.600522,2025-12-15 20:13:58.854189
-4.164453,2025-03-17,2025-03-24,sh.600522,2025-12-15 20:13:58.854189
-4.321023,2025-03-18,2025-03-25,sh.600522,2025-12-15 20:13:58.854189
-4.235413,2025-03-19,2025-03-26,sh.600522,2025-12-15 20:13:58.854189
-4.288668,2025-03-20,2025-03-27,sh.600522,2025-12-15 20:13:58.854189
-4.3023643,2025-03-21,2025-03-28,sh.600522,2025-12-15 20:13:58.854189
-4.2338624,2025-03-24,2025-03-31,sh.600522,2025-12-15 20:13:58.854189
-4.194526,2025-03-25,2025-04-01,sh.600522,2025-12-15 20:13:58.854189
-4.29586,2025-03-26,2025-04-02,sh.600522,2025-12-15 20:13:58.854189
-4.264402,2025-03-27,2025-04-03,sh.600522,2025-12-15 20:13:58.854189
-4.234836,2025-03-28,2025-04-04,sh.600522,2025-12-15 20:13:58.854189
-4.2857733,2025-03-31,2025-04-07,sh.600522,2025-12-15 20:13:58.854189
-4.2755136,2025-04-01,2025-04-08,sh.600522,2025-12-15 20:13:58.854189
-4.2469754,2025-04-02,2025-04-09,sh.600522,2025-12-15 20:13:58.854189
-4.2688627,2025-04-03,2025-04-10,sh.600522,2025-12-15 20:13:58.854189
-4.0940576,2025-04-07,2025-04-14,sh.600522,2025-12-15 20:13:58.854189
-4.1551266,2025-04-08,2025-04-15,sh.600522,2025-12-15 20:13:58.854189
-4.2334123,2025-04-09,2025-04-16,sh.600522,2025-12-15 20:13:58.854189
-4.209901,2025-04-10,2025-04-17,sh.600522,2025-12-15 20:13:58.854189
-4.1874747,2025-04-11,2025-04-18,sh.600522,2025-12-15 20:13:58.854189
-4.165152,2025-04-14,2025-04-21,sh.600522,2025-12-15 20:13:58.854189
-4.212256,2025-04-15,2025-04-22,sh.600522,2025-12-15 20:13:58.854189
-4.2203918,2025-04-16,2025-04-23,sh.600522,2025-12-15 20:13:58.854189
-4.1623487,2025-04-17,2025-04-24,sh.600522,2025-12-15 20:13:58.854189
-4.164577,2025-04-18,2025-04-25,sh.600522,2025-12-15 20:13:58.854189
-4.1819773,2025-04-21,2025-04-28,sh.600522,2025-12-15 20:13:58.854189
-4.1325793,2025-04-22,2025-04-29,sh.600522,2025-12-15 20:13:58.854189
-4.201568,2025-04-23,2025-04-30,sh.600522,2025-12-15 20:13:58.854189
-4.1167665,2025-04-24,2025-05-01,sh.600522,2025-12-15 20:13:58.854189
-4.0822277,2025-04-25,2025-05-02,sh.600522,2025-12-15 20:13:58.854189
-4.0958023,2025-04-28,2025-05-05,sh.600522,2025-12-15 20:13:58.854189
-4.05462,2025-04-29,2025-05-06,sh.600522,2025-12-15 20:13:58.854189
-3.9836948,2025-04-30,2025-05-07,sh.600522,2025-12-15 20:13:58.854189
-3.9659498,2025-05-06,2025-05-13,sh.600522,2025-12-15 20:13:58.854189
-3.8980935,2025-05-07,2025-05-14,sh.600522,2025-12-15 20:13:58.854189
-3.8466651,2025-05-08,2025-05-15,sh.600522,2025-12-15 20:13:58.854189
-3.812412,2025-05-09,2025-05-16,sh.600522,2025-12-15 20:13:58.854189
-3.810845,2025-05-12,2025-05-19,sh.600522,2025-12-15 20:13:58.854189
-3.7743104,2025-05-13,2025-05-20,sh.600522,2025-12-15 20:13:58.854189
-3.7656696,2025-05-14,2025-05-21,sh.600522,2025-12-15 20:13:58.854189
-3.630565,2025-05-15,2025-05-22,sh.600522,2025-12-15 20:13:58.854189
-3.6468642,2025-05-16,2025-05-23,sh.600522,2025-12-15 20:13:58.854189
-3.6684816,2025-05-19,2025-05-26,sh.600522,2025-12-15 20:13:58.854189
-3.738334,2025-05-20,2025-05-27,sh.600522,2025-12-15 20:13:58.854189
-3.694445,2025-05-21,2025-05-28,sh.600522,2025-12-15 20:13:58.854189
-3.6849844,2025-05-22,2025-05-29,sh.600522,2025-12-15 20:13:58.854189
-3.6483028,2025-05-23,2025-05-30,sh.600522,2025-12-15 20:13:58.854189
-3.7027662,2025-05-26,2025-06-02,sh.600522,2025-12-15 20:13:58.854189
-3.7440696,2025-05-27,2025-06-03,sh.600522,2025-12-15 20:13:58.854189
-3.797395,2025-05-28,2025-06-04,sh.600522,2025-12-15 20:13:58.854189
-3.8636348,2025-05-29,2025-06-05,sh.600522,2025-12-15 20:13:58.854189
-3.7853863,2025-05-30,2025-06-06,sh.600522,2025-12-15 20:13:58.854189
-3.8494437,2025-06-03,2025-06-10,sh.600522,2025-12-15 20:13:58.854189
-3.8122752,2025-06-04,2025-06-11,sh.600522,2025-12-15 20:13:58.854189
-3.8713596,2025-06-05,2025-06-12,sh.600522,2025-12-15 20:13:58.854189
-3.855601,2025-06-06,2025-06-13,sh.600522,2025-12-15 20:13:58.854189
-3.9359834,2025-06-09,2025-06-16,sh.600522,2025-12-15 20:13:58.854189
-3.8935745,2025-06-10,2025-06-17,sh.600522,2025-12-15 20:13:58.854189
-3.9359043,2025-06-11,2025-06-18,sh.600522,2025-12-15 20:13:58.854189
-3.90553,2025-06-12,2025-06-19,sh.600522,2025-12-15 20:13:58.854189
-3.9131157,2025-06-13,2025-06-20,sh.600522,2025-12-15 20:13:58.854189
-3.9451869,2025-06-16,2025-06-23,sh.600522,2025-12-15 20:13:58.854189
-3.9449651,2025-06-17,2025-06-24,sh.600522,2025-12-15 20:13:58.854189
-4.0171423,2025-06-18,2025-06-25,sh.600522,2025-12-15 20:13:58.854189
-3.9421031,2025-06-19,2025-06-26,sh.600522,2025-12-15 20:13:58.854189
-3.935325,2025-06-20,2025-06-27,sh.600522,2025-12-15 20:13:58.854189
-4.028951,2025-06-23,2025-06-30,sh.600522,2025-12-15 20:13:58.854189
-4.0263267,2025-06-24,2025-07-01,sh.600522,2025-12-15 20:13:58.854189
-4.045277,2025-06-25,2025-07-02,sh.600522,2025-12-15 20:13:58.854189
-4.067038,2025-06-26,2025-07-03,sh.600522,2025-12-15 20:13:58.854189
-4.096562,2025-06-27,2025-07-04,sh.600522,2025-12-15 20:13:58.854189
-4.112948,2025-06-30,2025-07-07,sh.600522,2025-12-15 20:13:58.854189
-4.081996,2025-07-01,2025-07-08,sh.600522,2025-12-15 20:13:58.854189
-4.0262666,2025-07-02,2025-07-09,sh.600522,2025-12-15 20:13:58.854189
-4.0810533,2025-07-03,2025-07-10,sh.600522,2025-12-15 20:13:58.854189
-4.0753455,2025-07-04,2025-07-11,sh.600522,2025-12-15 20:13:58.854189
-4.08954,2025-07-07,2025-07-14,sh.600522,2025-12-15 20:13:58.854189
-4.113263,2025-07-08,2025-07-15,sh.600522,2025-12-15 20:13:58.854189
-4.06871,2025-07-09,2025-07-16,sh.600522,2025-12-15 20:13:58.854189
-4.0844803,2025-07-10,2025-07-17,sh.600522,2025-12-15 20:13:58.854189
-4.0733666,2025-07-11,2025-07-18,sh.600522,2025-12-15 20:13:58.854189
-4.1063294,2025-07-14,2025-07-21,sh.600522,2025-12-15 20:13:58.854189
-4.073176,2025-07-15,2025-07-22,sh.600522,2025-12-15 20:13:58.854189
-4.083013,2025-07-16,2025-07-23,sh.600522,2025-12-15 20:13:58.854189
-4.126736,2025-07-17,2025-07-24,sh.600522,2025-12-15 20:13:58.854189
-4.124722,2025-07-18,2025-07-25,sh.600522,2025-12-15 20:13:58.854189
-4.1763363,2025-07-21,2025-07-28,sh.600522,2025-12-15 20:13:58.854189
-4.19984,2025-07-22,2025-07-29,sh.600522,2025-12-15 20:13:58.854189
-4.1977096,2025-07-23,2025-07-30,sh.600522,2025-12-15 20:13:58.854189
-4.20028,2025-07-24,2025-07-31,sh.600522,2025-12-15 20:13:58.854189
-4.0990353,2025-07-25,2025-08-01,sh.600522,2025-12-15 20:13:58.854189
-4.1492705,2025-07-28,2025-08-04,sh.600522,2025-12-15 20:13:58.854189
-4.127211,2025-07-29,2025-08-05,sh.600522,2025-12-15 20:13:58.854189
-4.1113024,2025-07-30,2025-08-06,sh.600522,2025-12-15 20:13:58.854189
-4.0963697,2025-07-31,2025-08-07,sh.600522,2025-12-15 20:13:58.854189
-4.1169443,2025-08-01,2025-08-08,sh.600522,2025-12-15 20:13:58.854189
-4.0608544,2025-08-04,2025-08-11,sh.600522,2025-12-15 20:13:58.854189
-4.056475,2025-08-05,2025-08-12,sh.600522,2025-12-15 20:13:58.854189
-4.0777793,2025-08-06,2025-08-13,sh.600522,2025-12-15 20:13:58.854189
-4.029337,2025-08-07,2025-08-14,sh.600522,2025-12-15 20:13:58.854189
-4.063955,2025-08-08,2025-08-15,sh.600522,2025-12-15 20:13:58.854189
-4.067954,2025-08-11,2025-08-18,sh.600522,2025-12-15 20:13:58.854189
-4.012261,2025-08-12,2025-08-19,sh.600522,2025-12-15 20:13:58.854189
-3.9989374,2025-08-13,2025-08-20,sh.600522,2025-12-15 20:13:58.854189
-3.9384224,2025-08-14,2025-08-21,sh.600522,2025-12-15 20:13:58.854189
-4.0123763,2025-08-15,2025-08-22,sh.600522,2025-12-15 20:13:58.854189
-3.9500496,2025-08-18,2025-08-25,sh.600522,2025-12-15 20:13:58.854189
-4.012921,2025-08-19,2025-08-26,sh.600522,2025-12-15 20:13:58.854189
-3.957219,2025-08-20,2025-08-27,sh.600522,2025-12-15 20:13:58.854189
-3.8487055,2025-08-21,2025-08-28,sh.600522,2025-12-15 20:13:58.854189
-4.0204477,2025-08-22,2025-08-29,sh.600522,2025-12-15 20:13:58.854189
-4.024707,2025-08-25,2025-09-01,sh.600522,2025-12-15 20:13:58.854189
-3.9497964,2025-08-26,2025-09-02,sh.600522,2025-12-15 20:13:58.854189
-3.922826,2025-08-27,2025-09-03,sh.600522,2025-12-15 20:13:58.854189
-4.000653,2025-08-28,2025-09-04,sh.600522,2025-12-15 20:13:58.854189
-3.919831,2025-08-29,2025-09-05,sh.600522,2025-12-15 20:13:58.854189
-3.9611766,2025-09-01,2025-09-08,sh.600522,2025-12-15 20:13:58.854189
-3.7974951,2025-09-02,2025-09-09,sh.600522,2025-12-15 20:13:58.854189
-3.960725,2025-09-03,2025-09-10,sh.600522,2025-12-15 20:13:58.854189
-3.7934277,2025-09-04,2025-09-11,sh.600522,2025-12-15 20:13:58.854189
-4.033495,2025-09-05,2025-09-12,sh.600522,2025-12-15 20:13:58.854189
-3.9534662,2025-09-08,2025-09-15,sh.600522,2025-12-15 20:13:58.854189
-3.8545177,2025-09-09,2025-09-16,sh.600522,2025-12-15 20:13:58.854189
-3.829849,2025-09-10,2025-09-17,sh.600522,2025-12-15 20:13:58.854189
-3.9171011,2025-09-11,2025-09-18,sh.600522,2025-12-15 20:13:58.854189
-3.8448112,2025-09-12,2025-09-19,sh.600522,2025-12-15 20:13:58.854189
-3.629719,2025-09-15,2025-09-22,sh.600522,2025-12-15 20:13:58.854189
-3.707735,2025-09-16,2025-09-23,sh.600522,2025-12-15 20:13:58.854189
-3.7630913,2025-09-17,2025-09-24,sh.600522,2025-12-15 20:13:58.854189
-3.5742283,2025-09-18,2025-09-25,sh.600522,2025-12-15 20:13:58.854189
-3.6434648,2025-09-19,2025-09-26,sh.600522,2025-12-15 20:13:58.854189
-3.681414,2025-09-22,2025-09-29,sh.600522,2025-12-15 20:13:58.854189
-3.4953768,2025-09-23,2025-09-30,sh.600522,2025-12-15 20:13:58.854189
-3.5228512,2025-09-24,2025-10-01,sh.600522,2025-12-15 20:13:58.854189
-3.6467323,2025-09-25,2025-10-02,sh.600522,2025-12-15 20:13:58.854189
-3.490898,2025-09-26,2025-10-03,sh.600522,2025-12-15 20:13:58.854189
-3.5572617,2025-09-29,2025-10-06,sh.600522,2025-12-15 20:13:58.854189
-3.6189587,2025-09-30,2025-10-07,sh.600522,2025-12-15 20:13:58.854189
-3.62877,2025-10-09,2025-10-16,sh.600522,2025-12-15 20:13:58.854189
-3.609184,2025-10-10,2025-10-17,sh.600522,2025-12-15 20:13:58.854189
-3.7639267,2025-10-13,2025-10-20,sh.600522,2025-12-15 20:13:58.854189
-3.6690595,2025-10-14,2025-10-21,sh.600522,2025-12-15 20:13:58.854189
-3.8725548,2025-10-15,2025-10-22,sh.600522,2025-12-15 20:13:58.854189
-3.8085146,2025-10-16,2025-10-23,sh.600522,2025-12-15 20:13:58.854189
-3.6813753,2025-10-17,2025-10-24,sh.600522,2025-12-15 20:13:58.854189
-3.6994717,2025-10-20,2025-10-27,sh.600522,2025-12-15 20:13:58.854189
-3.9354875,2025-10-21,2025-10-28,sh.600522,2025-12-15 20:13:58.854189
-3.950135,2025-10-22,2025-10-29,sh.600522,2025-12-15 20:13:58.854189
-4.0475903,2025-10-23,2025-10-30,sh.600522,2025-12-15 20:13:58.854189
-4.0663285,2025-10-24,2025-10-31,sh.600522,2025-12-15 20:13:58.854189
-3.9607775,2025-10-27,2025-11-03,sh.600522,2025-12-15 20:13:58.854189
-3.8955543,2025-10-28,2025-11-04,sh.600522,2025-12-15 20:13:58.854189
-4.062333,2025-10-29,2025-11-05,sh.600522,2025-12-15 20:13:58.854189
-3.9613926,2025-10-30,2025-11-06,sh.600522,2025-12-15 20:13:58.854189
-4.050411,2025-10-31,2025-11-07,sh.600522,2025-12-15 20:13:58.854189
-4.1038127,2025-11-03,2025-11-10,sh.600522,2025-12-15 20:13:58.854189
-4.0138326,2025-11-04,2025-11-11,sh.600522,2025-12-15 20:13:58.854189
-4.121886,2025-11-05,2025-11-12,sh.600522,2025-12-15 20:13:58.854189
-4.0634775,2025-11-06,2025-11-13,sh.600522,2025-12-15 20:13:58.854189
-4.1106324,2025-11-07,2025-11-14,sh.600522,2025-12-15 20:13:58.854189
-4.0092936,2025-11-10,2025-11-17,sh.600522,2025-12-15 20:13:58.854189
-4.092342,2025-11-11,2025-11-18,sh.600522,2025-12-15 20:13:58.854189
-4.0014415,2025-11-12,2025-11-19,sh.600522,2025-12-15 20:13:58.854189
-4.058553,2025-11-13,2025-11-20,sh.600522,2025-12-15 20:13:58.854189
-3.9236343,2025-11-14,2025-11-21,sh.600522,2025-12-15 20:13:58.854189
-3.9167554,2025-11-17,2025-11-24,sh.600522,2025-12-15 20:13:58.854189
-3.9753387,2025-11-18,2025-11-25,sh.600522,2025-12-15 20:13:58.854189
-3.917199,2025-11-19,2025-11-26,sh.600522,2025-12-15 20:13:58.854189
-3.8877122,2025-11-20,2025-11-27,sh.600522,2025-12-15 20:13:58.854189
-3.760164,2025-11-21,2025-11-28,sh.600522,2025-12-15 20:13:58.854189
-3.8473775,2025-11-24,2025-12-01,sh.600522,2025-12-15 20:13:58.854189
-3.778239,2025-11-25,2025-12-02,sh.600522,2025-12-15 20:13:58.854189
-3.8430195,2025-11-26,2025-12-03,sh.600522,2025-12-15 20:13:58.854189
-3.8017628,2025-11-27,2025-12-04,sh.600522,2025-12-15 20:13:58.854189
-3.984328,2025-11-28,2025-12-05,sh.600522,2025-12-15 20:13:58.854189
-3.8714912,2025-12-01,2025-12-08,sh.600522,2025-12-15 20:13:58.854189
-3.8377895,2025-12-02,2025-12-09,sh.600522,2025-12-15 20:13:58.854189
-3.7695386,2025-12-03,2025-12-10,sh.600522,2025-12-15 20:13:58.854189
-3.9043365,2025-12-04,2025-12-11,sh.600522,2025-12-15 20:13:58.854189
-3.9447172,2025-12-05,2025-12-12,sh.600522,2025-12-15 20:13:58.854189
-4.0065265,2025-12-08,2025-12-15,sh.600522,2025-12-15 20:13:58.854189
-4.0164557,2025-12-09,2025-12-16,sh.600522,2025-12-15 20:13:58.854189
-4.023604,2025-12-10,2025-12-17,sh.600522,2025-12-15 20:13:58.854189
-3.9486086,2025-12-11,2025-12-18,sh.600522,2025-12-15 20:13:58.854189
-4.012699,2025-12-12,2025-12-19,sh.600522,2025-12-15 20:13:58.854189
-3.992933,2025-12-15,2025-12-22,sh.600522,2025-12-15 20:13:58.854189
-3.92403,2025-12-15,2025-12-22,sh.600547,2025-12-15 20:13:58.854189
-4.0979075,2025-12-15,2025-12-22,sh.600570,2025-12-15 20:13:58.854189
-3.7924218,2025-12-15,2025-12-22,sh.600584,2025-12-15 20:13:58.854189
-3.8851044,2025-12-15,2025-12-22,sh.600585,2025-12-15 20:13:58.854189
-3.7180436,2025-12-15,2025-12-22,sh.600588,2025-12-15 20:13:58.854189
-4.056438,2025-12-15,2025-12-22,sh.600600,2025-12-15 20:13:58.854189
-3.9167764,2025-12-15,2025-12-22,sh.600660,2025-12-15 20:13:58.854189
-3.638375,2025-12-15,2025-12-22,sh.600674,2025-12-15 20:13:58.854189
-3.8139796,2025-12-15,2025-12-22,sh.600690,2025-12-15 20:13:58.854189
-4.004102,2025-12-15,2025-12-22,sh.600741,2025-12-15 20:13:58.854189
-3.9877498,2025-12-15,2025-12-22,sh.600760,2025-12-15 20:13:58.854189
-4.1093044,2025-12-15,2025-12-22,sh.600795,2025-12-15 20:13:58.854189
-4.124681,2025-12-15,2025-12-22,sh.600803,2025-12-15 20:13:58.854189
-4.1265354,2025-12-15,2025-12-22,sh.600809,2025-12-15 20:13:58.854189
-3.9262717,2025-12-15,2025-12-22,sh.600845,2025-12-15 20:13:58.854189
-4.1417294,2025-12-15,2025-12-22,sh.600875,2025-12-15 20:13:58.854189
-3.8604462,2025-12-15,2025-12-22,sh.600886,2025-12-15 20:13:58.854189
-4.207892,2025-12-15,2025-12-22,sh.600887,2025-12-15 20:13:58.854189
-3.948734,2025-12-15,2025-12-22,sh.600893,2025-12-15 20:13:58.854189
-3.963393,2025-12-15,2025-12-22,sh.600900,2025-12-15 20:13:58.854189
-4.0308022,2025-12-15,2025-12-22,sh.600919,2025-12-15 20:13:58.854189
-4.0830474,2025-12-15,2025-12-22,sh.600926,2025-12-15 20:13:58.854189
-3.96226,2025-12-15,2025-12-22,sh.600958,2025-12-15 20:13:58.854189
-3.9916065,2025-12-15,2025-12-22,sh.600989,2025-12-15 20:13:58.854189
-4.0034633,2025-12-15,2025-12-22,sh.600999,2025-12-15 20:13:58.854189
-3.9120317,2025-12-15,2025-12-22,sh.601006,2025-12-15 20:13:58.854189
-3.986861,2025-12-15,2025-12-22,sh.601009,2025-12-15 20:13:58.854189
-3.8802886,2025-12-15,2025-12-22,sh.601012,2025-12-15 20:13:58.854189
-3.8962376,2019-12-25,2020-01-01,sh.601018,2025-12-15 20:13:58.854189
-3.9044163,2019-12-26,2020-01-02,sh.601018,2025-12-15 20:13:58.854189
-3.909146,2019-12-27,2020-01-03,sh.601018,2025-12-15 20:13:58.854189
-3.9199312,2019-12-30,2020-01-06,sh.601018,2025-12-15 20:13:58.854189
-3.9294145,2019-12-31,2020-01-07,sh.601018,2025-12-15 20:13:58.854189
-3.9417045,2020-01-02,2020-01-09,sh.601018,2025-12-15 20:13:58.854189
-3.9504163,2020-01-03,2020-01-10,sh.601018,2025-12-15 20:13:58.854189
-3.959822,2020-01-06,2020-01-13,sh.601018,2025-12-15 20:13:58.854189
-3.968046,2020-01-07,2020-01-14,sh.601018,2025-12-15 20:13:58.854189
-3.9841292,2020-01-08,2020-01-15,sh.601018,2025-12-15 20:13:58.854189
-4.0018597,2020-01-09,2020-01-16,sh.601018,2025-12-15 20:13:58.854189
-4.0186167,2020-01-10,2020-01-17,sh.601018,2025-12-15 20:13:58.854189
-4.0277185,2020-01-13,2020-01-20,sh.601018,2025-12-15 20:13:58.854189
-4.036447,2020-01-14,2020-01-21,sh.601018,2025-12-15 20:13:58.854189
-4.046374,2020-01-15,2020-01-22,sh.601018,2025-12-15 20:13:58.854189
-4.058995,2020-01-16,2020-01-23,sh.601018,2025-12-15 20:13:58.854189
-4.0733395,2020-01-17,2020-01-24,sh.601018,2025-12-15 20:13:58.854189
-4.0882735,2020-01-20,2020-01-27,sh.601018,2025-12-15 20:13:58.854189
-4.1025243,2020-01-21,2020-01-28,sh.601018,2025-12-15 20:13:58.854189
-4.1114755,2020-01-22,2020-01-29,sh.601018,2025-12-15 20:13:58.854189
-4.1257496,2020-01-23,2020-01-30,sh.601018,2025-12-15 20:13:58.854189
-4.1263485,2020-02-03,2020-02-10,sh.601018,2025-12-15 20:13:58.854189
-4.141661,2020-02-04,2020-02-11,sh.601018,2025-12-15 20:13:58.854189
-4.144247,2020-02-05,2020-02-12,sh.601018,2025-12-15 20:13:58.854189
-4.15375,2020-02-06,2020-02-13,sh.601018,2025-12-15 20:13:58.854189
-4.1581454,2020-02-07,2020-02-14,sh.601018,2025-12-15 20:13:58.854189
-4.1669374,2020-02-10,2020-02-17,sh.601018,2025-12-15 20:13:58.854189
-4.168157,2020-02-11,2020-02-18,sh.601018,2025-12-15 20:13:58.854189
-4.1747966,2020-02-12,2020-02-19,sh.601018,2025-12-15 20:13:58.854189
-4.172339,2020-02-13,2020-02-20,sh.601018,2025-12-15 20:13:58.854189
-4.179224,2020-02-14,2020-02-21,sh.601018,2025-12-15 20:13:58.854189
-4.180271,2020-02-17,2020-02-24,sh.601018,2025-12-15 20:13:58.854189
-4.180664,2020-02-18,2020-02-25,sh.601018,2025-12-15 20:13:58.854189
-4.1774774,2020-02-19,2020-02-26,sh.601018,2025-12-15 20:13:58.854189
-4.1755724,2020-02-20,2020-02-27,sh.601018,2025-12-15 20:13:58.854189
-4.1729665,2020-02-21,2020-02-28,sh.601018,2025-12-15 20:13:58.854189
-4.184406,2020-02-24,2020-03-02,sh.601018,2025-12-15 20:13:58.854189
-4.1821404,2020-02-25,2020-03-03,sh.601018,2025-12-15 20:13:58.854189
-4.168533,2020-02-26,2020-03-04,sh.601018,2025-12-15 20:13:58.854189
-4.164478,2020-02-27,2020-03-05,sh.601018,2025-12-15 20:13:58.854189
-4.1751018,2020-02-28,2020-03-06,sh.601018,2025-12-15 20:13:58.854189
-4.155186,2020-03-02,2020-03-09,sh.601018,2025-12-15 20:13:58.854189
-4.161474,2020-03-03,2020-03-10,sh.601018,2025-12-15 20:13:58.854189
-4.157602,2020-03-04,2020-03-11,sh.601018,2025-12-15 20:13:58.854189
-4.160641,2020-03-05,2020-03-12,sh.601018,2025-12-15 20:13:58.854189
-4.1529665,2020-03-06,2020-03-13,sh.601018,2025-12-15 20:13:58.854189
-4.135841,2020-03-09,2020-03-16,sh.601018,2025-12-15 20:13:58.854189
-4.1422677,2020-03-10,2020-03-17,sh.601018,2025-12-15 20:13:58.854189
-4.128555,2020-03-11,2020-03-18,sh.601018,2025-12-15 20:13:58.854189
-4.1414323,2020-03-12,2020-03-19,sh.601018,2025-12-15 20:13:58.854189
-4.1342597,2020-03-13,2020-03-20,sh.601018,2025-12-15 20:13:58.854189
-4.143716,2020-03-16,2020-03-23,sh.601018,2025-12-15 20:13:58.854189
-4.142832,2020-03-17,2020-03-24,sh.601018,2025-12-15 20:13:58.854189
-4.1123314,2020-03-18,2020-03-25,sh.601018,2025-12-15 20:13:58.854189
-4.1122017,2020-03-19,2020-03-26,sh.601018,2025-12-15 20:13:58.854189
-4.1119647,2020-03-20,2020-03-27,sh.601018,2025-12-15 20:13:58.854189
-4.108618,2020-03-23,2020-03-30,sh.601018,2025-12-15 20:13:58.854189
-4.112846,2020-03-24,2020-03-31,sh.601018,2025-12-15 20:13:58.854189
-4.1168585,2020-03-25,2020-04-01,sh.601018,2025-12-15 20:13:58.854189
-4.0919023,2020-03-26,2020-04-02,sh.601018,2025-12-15 20:13:58.854189
-4.095814,2020-03-27,2020-04-03,sh.601018,2025-12-15 20:13:58.854189
-4.1058273,2020-03-30,2020-04-06,sh.601018,2025-12-15 20:13:58.854189
-4.0990124,2020-03-31,2020-04-07,sh.601018,2025-12-15 20:13:58.854189
-4.1027594,2020-04-01,2020-04-08,sh.601018,2025-12-15 20:13:58.854189
-4.1039786,2020-04-02,2020-04-09,sh.601018,2025-12-15 20:13:58.854189
-4.086357,2020-04-03,2020-04-10,sh.601018,2025-12-15 20:13:58.854189
-4.070546,2020-04-07,2020-04-14,sh.601018,2025-12-15 20:13:58.854189
-4.0653863,2020-04-08,2020-04-15,sh.601018,2025-12-15 20:13:58.854189
-4.0684237,2020-04-09,2020-04-16,sh.601018,2025-12-15 20:13:58.854189
-4.0823245,2020-04-10,2020-04-17,sh.601018,2025-12-15 20:13:58.854189
-4.088964,2020-04-13,2020-04-20,sh.601018,2025-12-15 20:13:58.854189
-4.0756764,2020-04-14,2020-04-21,sh.601018,2025-12-15 20:13:58.854189
-4.072654,2020-04-15,2020-04-22,sh.601018,2025-12-15 20:13:58.854189
-4.059448,2020-04-16,2020-04-23,sh.601018,2025-12-15 20:13:58.854189
-4.063156,2020-04-17,2020-04-24,sh.601018,2025-12-15 20:13:58.854189
-4.0664353,2020-04-20,2020-04-27,sh.601018,2025-12-15 20:13:58.854189
-4.0685883,2020-04-21,2020-04-28,sh.601018,2025-12-15 20:13:58.854189
-4.070892,2020-04-22,2020-04-29,sh.601018,2025-12-15 20:13:58.854189
-4.061328,2020-04-23,2020-04-30,sh.601018,2025-12-15 20:13:58.854189
-4.0618415,2020-04-24,2020-05-01,sh.601018,2025-12-15 20:13:58.854189
-4.058264,2020-04-27,2020-05-04,sh.601018,2025-12-15 20:13:58.854189
-4.07807,2020-04-28,2020-05-05,sh.601018,2025-12-15 20:13:58.854189
-4.063727,2020-04-29,2020-05-06,sh.601018,2025-12-15 20:13:58.854189
-4.065829,2020-04-30,2020-05-07,sh.601018,2025-12-15 20:13:58.854189
-4.063177,2020-05-06,2020-05-13,sh.601018,2025-12-15 20:13:58.854189
-4.0544715,2020-05-07,2020-05-14,sh.601018,2025-12-15 20:13:58.854189
-4.0524354,2020-05-08,2020-05-15,sh.601018,2025-12-15 20:13:58.854189
-4.0607047,2020-05-11,2020-05-18,sh.601018,2025-12-15 20:13:58.854189
-4.067079,2020-05-12,2020-05-19,sh.601018,2025-12-15 20:13:58.854189
-4.0683684,2020-05-13,2020-05-20,sh.601018,2025-12-15 20:13:58.854189
-4.0605526,2020-05-14,2020-05-21,sh.601018,2025-12-15 20:13:58.854189
-4.058227,2020-05-15,2020-05-22,sh.601018,2025-12-15 20:13:58.854189
-4.0550036,2020-05-18,2020-05-25,sh.601018,2025-12-15 20:13:58.854189
-4.056823,2020-05-19,2020-05-26,sh.601018,2025-12-15 20:13:58.854189
-4.058624,2020-05-20,2020-05-27,sh.601018,2025-12-15 20:13:58.854189
-4.0674334,2020-05-21,2020-05-28,sh.601018,2025-12-15 20:13:58.854189
-4.0608974,2020-05-22,2020-05-29,sh.601018,2025-12-15 20:13:58.854189
-4.0596538,2020-05-25,2020-06-01,sh.601018,2025-12-15 20:13:58.854189
-4.048927,2020-05-26,2020-06-02,sh.601018,2025-12-15 20:13:58.854189
-4.048228,2020-05-27,2020-06-03,sh.601018,2025-12-15 20:13:58.854189
-4.056982,2020-05-28,2020-06-04,sh.601018,2025-12-15 20:13:58.854189
-4.0582666,2020-05-29,2020-06-05,sh.601018,2025-12-15 20:13:58.854189
-4.055843,2020-06-01,2020-06-08,sh.601018,2025-12-15 20:13:58.854189
-4.0537076,2020-06-02,2020-06-09,sh.601018,2025-12-15 20:13:58.854189
-4.049259,2020-06-03,2020-06-10,sh.601018,2025-12-15 20:13:58.854189
-4.04875,2020-06-04,2020-06-11,sh.601018,2025-12-15 20:13:58.854189
-4.050655,2020-06-05,2020-06-12,sh.601018,2025-12-15 20:13:58.854189
-4.0555973,2020-06-08,2020-06-15,sh.601018,2025-12-15 20:13:58.854189
-4.0562143,2020-06-09,2020-06-16,sh.601018,2025-12-15 20:13:58.854189
-4.055396,2020-06-10,2020-06-17,sh.601018,2025-12-15 20:13:58.854189
-4.0443387,2020-06-11,2020-06-18,sh.601018,2025-12-15 20:13:58.854189
-4.038715,2020-06-12,2020-06-19,sh.601018,2025-12-15 20:13:58.854189
-4.0336924,2020-06-15,2020-06-22,sh.601018,2025-12-15 20:13:58.854189
-4.0345235,2020-06-16,2020-06-23,sh.601018,2025-12-15 20:13:58.854189
-4.032576,2020-06-17,2020-06-24,sh.601018,2025-12-15 20:13:58.854189
-4.0276155,2020-06-18,2020-06-25,sh.601018,2025-12-15 20:13:58.854189
-4.0159984,2020-06-19,2020-06-26,sh.601018,2025-12-15 20:13:58.854189
-4.001654,2020-06-22,2020-06-29,sh.601018,2025-12-15 20:13:58.854189
-3.996557,2020-06-23,2020-06-30,sh.601018,2025-12-15 20:13:58.854189
-3.989299,2020-06-24,2020-07-01,sh.601018,2025-12-15 20:13:58.854189
-3.9958646,2020-06-29,2020-07-06,sh.601018,2025-12-15 20:13:58.854189
-3.99423,2020-06-30,2020-07-07,sh.601018,2025-12-15 20:13:58.854189
-3.984042,2020-07-01,2020-07-08,sh.601018,2025-12-15 20:13:58.854189
-3.9635375,2020-07-02,2020-07-09,sh.601018,2025-12-15 20:13:58.854189
-3.9589775,2020-07-03,2020-07-10,sh.601018,2025-12-15 20:13:58.854189
-3.9551542,2020-07-06,2020-07-13,sh.601018,2025-12-15 20:13:58.854189
-3.9552906,2020-07-07,2020-07-14,sh.601018,2025-12-15 20:13:58.854189
-3.9776418,2020-07-08,2020-07-15,sh.601018,2025-12-15 20:13:58.854189
-3.9594834,2020-07-09,2020-07-16,sh.601018,2025-12-15 20:13:58.854189
-3.9545743,2020-07-10,2020-07-17,sh.601018,2025-12-15 20:13:58.854189
-3.9627302,2020-07-13,2020-07-20,sh.601018,2025-12-15 20:13:58.854189
-3.9632223,2020-07-14,2020-07-21,sh.601018,2025-12-15 20:13:58.854189
-3.9607584,2020-07-15,2020-07-22,sh.601018,2025-12-15 20:13:58.854189
-3.973745,2020-07-16,2020-07-23,sh.601018,2025-12-15 20:13:58.854189
-3.955416,2020-07-17,2020-07-24,sh.601018,2025-12-15 20:13:58.854189
-3.9449651,2020-07-20,2020-07-27,sh.601018,2025-12-15 20:13:58.854189
-3.9394104,2020-07-21,2020-07-28,sh.601018,2025-12-15 20:13:58.854189
-3.9449008,2020-07-22,2020-07-29,sh.601018,2025-12-15 20:13:58.854189
-3.9692056,2020-07-23,2020-07-30,sh.601018,2025-12-15 20:13:58.854189
-3.9688122,2020-07-24,2020-07-31,sh.601018,2025-12-15 20:13:58.854189
-3.9656641,2020-07-27,2020-08-03,sh.601018,2025-12-15 20:13:58.854189
-3.950822,2020-07-28,2020-08-04,sh.601018,2025-12-15 20:13:58.854189
-3.9535224,2020-07-29,2020-08-05,sh.601018,2025-12-15 20:13:58.854189
-3.9489605,2020-07-30,2020-08-06,sh.601018,2025-12-15 20:13:58.854189
-3.9607651,2020-07-31,2020-08-07,sh.601018,2025-12-15 20:13:58.854189
-3.9643562,2020-08-03,2020-08-10,sh.601018,2025-12-15 20:13:58.854189
-3.9775617,2020-08-04,2020-08-11,sh.601018,2025-12-15 20:13:58.854189
-3.974398,2020-08-05,2020-08-12,sh.601018,2025-12-15 20:13:58.854189
-3.9726408,2020-08-06,2020-08-13,sh.601018,2025-12-15 20:13:58.854189
-3.9611852,2020-08-07,2020-08-14,sh.601018,2025-12-15 20:13:58.854189
-3.9569542,2020-08-10,2020-08-17,sh.601018,2025-12-15 20:13:58.854189
-3.972954,2020-08-11,2020-08-18,sh.601018,2025-12-15 20:13:58.854189
-3.9801981,2020-08-12,2020-08-19,sh.601018,2025-12-15 20:13:58.854189
-3.9655325,2020-08-13,2020-08-20,sh.601018,2025-12-15 20:13:58.854189
-3.9696596,2020-08-14,2020-08-21,sh.601018,2025-12-15 20:13:58.854189
-3.9658334,2020-08-17,2020-08-24,sh.601018,2025-12-15 20:13:58.854189
-3.9657257,2020-08-18,2020-08-25,sh.601018,2025-12-15 20:13:58.854189
-3.968651,2020-08-19,2020-08-26,sh.601018,2025-12-15 20:13:58.854189
-3.974795,2020-08-20,2020-08-27,sh.601018,2025-12-15 20:13:58.854189
-3.9724238,2020-08-21,2020-08-28,sh.601018,2025-12-15 20:13:58.854189
-3.977503,2020-08-24,2020-08-31,sh.601018,2025-12-15 20:13:58.854189
-3.9724004,2020-08-25,2020-09-01,sh.601018,2025-12-15 20:13:58.854189
-3.976723,2020-08-26,2020-09-02,sh.601018,2025-12-15 20:13:58.854189
-3.9688594,2020-08-27,2020-09-03,sh.601018,2025-12-15 20:13:58.854189
-3.9814365,2020-08-28,2020-09-04,sh.601018,2025-12-15 20:13:58.854189
-3.9845545,2020-08-31,2020-09-07,sh.601018,2025-12-15 20:13:58.854189
-3.9804523,2020-09-01,2020-09-08,sh.601018,2025-12-15 20:13:58.854189
-3.9849756,2020-09-02,2020-09-09,sh.601018,2025-12-15 20:13:58.854189
-3.9760668,2020-09-03,2020-09-10,sh.601018,2025-12-15 20:13:58.854189
-3.9883034,2020-09-04,2020-09-11,sh.601018,2025-12-15 20:13:58.854189
-3.9806082,2020-09-07,2020-09-14,sh.601018,2025-12-15 20:13:58.854189
-3.9872067,2020-09-08,2020-09-15,sh.601018,2025-12-15 20:13:58.854189
-3.9907491,2020-09-09,2020-09-16,sh.601018,2025-12-15 20:13:58.854189
-3.9890258,2020-09-10,2020-09-17,sh.601018,2025-12-15 20:13:58.854189
-3.9876678,2020-09-11,2020-09-18,sh.601018,2025-12-15 20:13:58.854189
-3.9900792,2020-09-14,2020-09-21,sh.601018,2025-12-15 20:13:58.854189
-3.9897635,2020-09-15,2020-09-22,sh.601018,2025-12-15 20:13:58.854189
-3.991709,2020-09-16,2020-09-23,sh.601018,2025-12-15 20:13:58.854189
-3.9912002,2020-09-17,2020-09-24,sh.601018,2025-12-15 20:13:58.854189
-3.9913127,2020-09-18,2020-09-25,sh.601018,2025-12-15 20:13:58.854189
-3.9904826,2020-09-21,2020-09-28,sh.601018,2025-12-15 20:13:58.854189
-3.9948204,2020-09-22,2020-09-29,sh.601018,2025-12-15 20:13:58.854189
-3.995859,2020-09-23,2020-09-30,sh.601018,2025-12-15 20:13:58.854189
-3.995241,2020-09-24,2020-10-01,sh.601018,2025-12-15 20:13:58.854189
-3.9937923,2020-09-25,2020-10-02,sh.601018,2025-12-15 20:13:58.854189
-3.9886177,2020-09-28,2020-10-05,sh.601018,2025-12-15 20:13:58.854189
-3.9860322,2020-09-29,2020-10-06,sh.601018,2025-12-15 20:13:58.854189
-3.9926188,2020-09-30,2020-10-07,sh.601018,2025-12-15 20:13:58.854189
-3.9917133,2020-10-09,2020-10-16,sh.601018,2025-12-15 20:13:58.854189
-3.9927795,2020-10-12,2020-10-19,sh.601018,2025-12-15 20:13:58.854189
-3.9924176,2020-10-13,2020-10-20,sh.601018,2025-12-15 20:13:58.854189
-3.986533,2020-10-14,2020-10-21,sh.601018,2025-12-15 20:13:58.854189
-3.9829109,2020-10-15,2020-10-22,sh.601018,2025-12-15 20:13:58.854189
-3.9815323,2020-10-16,2020-10-23,sh.601018,2025-12-15 20:13:58.854189
-3.9846323,2020-10-19,2020-10-26,sh.601018,2025-12-15 20:13:58.854189
-3.9854462,2020-10-20,2020-10-27,sh.601018,2025-12-15 20:13:58.854189
-3.9914496,2020-10-21,2020-10-28,sh.601018,2025-12-15 20:13:58.854189
-3.984473,2020-10-22,2020-10-29,sh.601018,2025-12-15 20:13:58.854189
-3.9777029,2020-10-23,2020-10-30,sh.601018,2025-12-15 20:13:58.854189
-3.9820087,2020-10-26,2020-11-02,sh.601018,2025-12-15 20:13:58.854189
-3.9842665,2020-10-27,2020-11-03,sh.601018,2025-12-15 20:13:58.854189
-3.9874542,2020-10-28,2020-11-04,sh.601018,2025-12-15 20:13:58.854189
-3.9883435,2020-10-29,2020-11-05,sh.601018,2025-12-15 20:13:58.854189
-3.9870107,2020-10-30,2020-11-06,sh.601018,2025-12-15 20:13:58.854189
-3.979502,2020-11-02,2020-11-09,sh.601018,2025-12-15 20:13:58.854189
-3.978391,2020-11-03,2020-11-10,sh.601018,2025-12-15 20:13:58.854189
-3.981106,2020-11-04,2020-11-11,sh.601018,2025-12-15 20:13:58.854189
-3.9883888,2020-11-05,2020-11-12,sh.601018,2025-12-15 20:13:58.854189
-3.9935987,2020-11-06,2020-11-13,sh.601018,2025-12-15 20:13:58.854189
-3.9947202,2020-11-09,2020-11-16,sh.601018,2025-12-15 20:13:58.854189
-3.9982722,2020-11-10,2020-11-17,sh.601018,2025-12-15 20:13:58.854189
-3.984327,2020-11-11,2020-11-18,sh.601018,2025-12-15 20:13:58.854189
-3.9850032,2020-11-12,2020-11-19,sh.601018,2025-12-15 20:13:58.854189
-3.9908369,2020-11-13,2020-11-20,sh.601018,2025-12-15 20:13:58.854189
-3.9966424,2020-11-16,2020-11-23,sh.601018,2025-12-15 20:13:58.854189
-3.9927862,2020-11-17,2020-11-24,sh.601018,2025-12-15 20:13:58.854189
-4.003577,2020-11-18,2020-11-25,sh.601018,2025-12-15 20:13:58.854189
-3.9835083,2020-11-19,2020-11-26,sh.601018,2025-12-15 20:13:58.854189
-3.9997928,2020-11-20,2020-11-27,sh.601018,2025-12-15 20:13:58.854189
-3.987023,2020-11-23,2020-11-30,sh.601018,2025-12-15 20:13:58.854189
-3.996545,2020-11-24,2020-12-01,sh.601018,2025-12-15 20:13:58.854189
-3.99415,2020-11-25,2020-12-02,sh.601018,2025-12-15 20:13:58.854189
-3.9880607,2020-11-26,2020-12-03,sh.601018,2025-12-15 20:13:58.854189
-3.9874537,2020-11-27,2020-12-04,sh.601018,2025-12-15 20:13:58.854189
-3.990534,2020-11-30,2020-12-07,sh.601018,2025-12-15 20:13:58.854189
-3.9875124,2020-12-01,2020-12-08,sh.601018,2025-12-15 20:13:58.854189
-3.9942968,2020-12-02,2020-12-09,sh.601018,2025-12-15 20:13:58.854189
-3.9894016,2020-12-03,2020-12-10,sh.601018,2025-12-15 20:13:58.854189
-3.9853036,2020-12-04,2020-12-11,sh.601018,2025-12-15 20:13:58.854189
-3.985635,2020-12-07,2020-12-14,sh.601018,2025-12-15 20:13:58.854189
-3.9797304,2020-12-08,2020-12-15,sh.601018,2025-12-15 20:13:58.854189
-3.993045,2020-12-09,2020-12-16,sh.601018,2025-12-15 20:13:58.854189
-3.9890125,2020-12-10,2020-12-17,sh.601018,2025-12-15 20:13:58.854189
-3.9984748,2020-12-11,2020-12-18,sh.601018,2025-12-15 20:13:58.854189
-3.981496,2020-12-14,2020-12-21,sh.601018,2025-12-15 20:13:58.854189
-3.9697692,2020-12-15,2020-12-22,sh.601018,2025-12-15 20:13:58.854189
-3.9703882,2020-12-16,2020-12-23,sh.601018,2025-12-15 20:13:58.854189
-3.9660232,2020-12-17,2020-12-24,sh.601018,2025-12-15 20:13:58.854189
-3.975209,2020-12-18,2020-12-25,sh.601018,2025-12-15 20:13:58.854189
-3.9679759,2020-12-21,2020-12-28,sh.601018,2025-12-15 20:13:58.854189
-3.9841573,2020-12-22,2020-12-29,sh.601018,2025-12-15 20:13:58.854189
-3.967436,2020-12-23,2020-12-30,sh.601018,2025-12-15 20:13:58.854189
-3.9664319,2020-12-24,2020-12-31,sh.601018,2025-12-15 20:13:58.854189
-3.9620702,2020-12-25,2021-01-01,sh.601018,2025-12-15 20:13:58.854189
-3.9542873,2020-12-28,2021-01-04,sh.601018,2025-12-15 20:13:58.854189
-3.9716952,2020-12-29,2021-01-05,sh.601018,2025-12-15 20:13:58.854189
-3.9769838,2020-12-30,2021-01-06,sh.601018,2025-12-15 20:13:58.854189
-3.9677565,2020-12-31,2021-01-07,sh.601018,2025-12-15 20:13:58.854189
-3.9661462,2021-01-04,2021-01-11,sh.601018,2025-12-15 20:13:58.854189
-3.9742167,2021-01-05,2021-01-12,sh.601018,2025-12-15 20:13:58.854189
-4.046529,2021-01-06,2021-01-13,sh.601018,2025-12-15 20:13:58.854189
-3.9855688,2021-01-07,2021-01-14,sh.601018,2025-12-15 20:13:58.854189
-3.9822032,2021-01-08,2021-01-15,sh.601018,2025-12-15 20:13:58.854189
-3.983238,2021-01-11,2021-01-18,sh.601018,2025-12-15 20:13:58.854189
-3.9598463,2021-01-12,2021-01-19,sh.601018,2025-12-15 20:13:58.854189
-3.9667642,2021-01-13,2021-01-20,sh.601018,2025-12-15 20:13:58.854189
-3.9672897,2021-01-14,2021-01-21,sh.601018,2025-12-15 20:13:58.854189
-3.9706347,2021-01-15,2021-01-22,sh.601018,2025-12-15 20:13:58.854189
-3.9700272,2021-01-18,2021-01-25,sh.601018,2025-12-15 20:13:58.854189
-3.9849832,2021-01-19,2021-01-26,sh.601018,2025-12-15 20:13:58.854189
-3.9701831,2021-01-20,2021-01-27,sh.601018,2025-12-15 20:13:58.854189
-3.9683397,2021-01-21,2021-01-28,sh.601018,2025-12-15 20:13:58.854189
-3.9791334,2021-01-22,2021-01-29,sh.601018,2025-12-15 20:13:58.854189
-3.9876564,2021-01-25,2021-02-01,sh.601018,2025-12-15 20:13:58.854189
-3.9779403,2021-01-26,2021-02-02,sh.601018,2025-12-15 20:13:58.854189
-3.9759443,2021-01-27,2021-02-03,sh.601018,2025-12-15 20:13:58.854189
-3.97564,2021-01-28,2021-02-04,sh.601018,2025-12-15 20:13:58.854189
-3.9644897,2021-01-29,2021-02-05,sh.601018,2025-12-15 20:13:58.854189
-3.963889,2021-02-01,2021-02-08,sh.601018,2025-12-15 20:13:58.854189
-3.9607527,2021-02-02,2021-02-09,sh.601018,2025-12-15 20:13:58.854189
-3.9807417,2021-02-03,2021-02-10,sh.601018,2025-12-15 20:13:58.854189
-3.9849765,2021-02-04,2021-02-11,sh.601018,2025-12-15 20:13:58.854189
-3.9689515,2021-02-05,2021-02-12,sh.601018,2025-12-15 20:13:58.854189
-3.9630048,2021-02-08,2021-02-15,sh.601018,2025-12-15 20:13:58.854189
-3.9533508,2021-02-09,2021-02-16,sh.601018,2025-12-15 20:13:58.854189
-3.9532163,2021-02-10,2021-02-17,sh.601018,2025-12-15 20:13:58.854189
-3.9563673,2021-02-18,2021-02-25,sh.601018,2025-12-15 20:13:58.854189
-3.9638236,2021-02-19,2021-02-26,sh.601018,2025-12-15 20:13:58.854189
-3.9642093,2021-02-22,2021-03-01,sh.601018,2025-12-15 20:13:58.854189
-3.9632657,2021-02-23,2021-03-02,sh.601018,2025-12-15 20:13:58.854189
-3.9639246,2021-02-24,2021-03-03,sh.601018,2025-12-15 20:13:58.854189
-3.946829,2021-02-25,2021-03-04,sh.601018,2025-12-15 20:13:58.854189
-3.9499938,2021-02-26,2021-03-05,sh.601018,2025-12-15 20:13:58.854189
-3.9601219,2021-03-01,2021-03-08,sh.601018,2025-12-15 20:13:58.854189
-3.9653075,2021-03-02,2021-03-09,sh.601018,2025-12-15 20:13:58.854189
-3.960335,2021-03-03,2021-03-10,sh.601018,2025-12-15 20:13:58.854189
-3.9548204,2021-03-04,2021-03-11,sh.601018,2025-12-15 20:13:58.854189
-3.94506,2021-03-05,2021-03-12,sh.601018,2025-12-15 20:13:58.854189
-3.9461071,2021-03-08,2021-03-15,sh.601018,2025-12-15 20:13:58.854189
-3.953212,2021-03-09,2021-03-16,sh.601018,2025-12-15 20:13:58.854189
-3.9820106,2021-03-10,2021-03-17,sh.601018,2025-12-15 20:13:58.854189
-3.966047,2021-03-11,2021-03-18,sh.601018,2025-12-15 20:13:58.854189
-3.9681342,2021-03-12,2021-03-19,sh.601018,2025-12-15 20:13:58.854189
-3.949268,2021-03-15,2021-03-22,sh.601018,2025-12-15 20:13:58.854189
-3.955322,2021-03-16,2021-03-23,sh.601018,2025-12-15 20:13:58.854189
-3.9577663,2021-03-17,2021-03-24,sh.601018,2025-12-15 20:13:58.854189
-3.971145,2021-03-18,2021-03-25,sh.601018,2025-12-15 20:13:58.854189
-3.969859,2021-03-19,2021-03-26,sh.601018,2025-12-15 20:13:58.854189
-3.9564993,2021-03-22,2021-03-29,sh.601018,2025-12-15 20:13:58.854189
-3.9632342,2021-03-23,2021-03-30,sh.601018,2025-12-15 20:13:58.854189
-3.964461,2021-03-24,2021-03-31,sh.601018,2025-12-15 20:13:58.854189
-3.9435427,2021-03-25,2021-04-01,sh.601018,2025-12-15 20:13:58.854189
-3.954591,2021-03-26,2021-04-02,sh.601018,2025-12-15 20:13:58.854189
-3.9636657,2021-03-29,2021-04-05,sh.601018,2025-12-15 20:13:58.854189
-3.9655035,2021-03-30,2021-04-06,sh.601018,2025-12-15 20:13:58.854189
-3.9595997,2021-03-31,2021-04-07,sh.601018,2025-12-15 20:13:58.854189
-3.9643815,2021-04-01,2021-04-08,sh.601018,2025-12-15 20:13:58.854189
-3.9625223,2021-04-02,2021-04-09,sh.601018,2025-12-15 20:13:58.854189
-3.969765,2021-04-06,2021-04-13,sh.601018,2025-12-15 20:13:58.854189
-3.957145,2021-04-07,2021-04-14,sh.601018,2025-12-15 20:13:58.854189
-3.981716,2021-04-08,2021-04-15,sh.601018,2025-12-15 20:13:58.854189
-3.9601839,2021-04-09,2021-04-16,sh.601018,2025-12-15 20:13:58.854189
-3.9795306,2021-04-12,2021-04-19,sh.601018,2025-12-15 20:13:58.854189
-3.9598076,2021-04-13,2021-04-20,sh.601018,2025-12-15 20:13:58.854189
-3.955496,2021-04-14,2021-04-21,sh.601018,2025-12-15 20:13:58.854189
-3.9601638,2021-04-15,2021-04-22,sh.601018,2025-12-15 20:13:58.854189
-3.9577315,2021-04-16,2021-04-23,sh.601018,2025-12-15 20:13:58.854189
-3.9583385,2021-04-19,2021-04-26,sh.601018,2025-12-15 20:13:58.854189
-3.9612577,2021-04-20,2021-04-27,sh.601018,2025-12-15 20:13:58.854189
-3.964988,2021-04-21,2021-04-28,sh.601018,2025-12-15 20:13:58.854189
-3.9619973,2021-04-22,2021-04-29,sh.601018,2025-12-15 20:13:58.854189
-3.976508,2021-04-23,2021-04-30,sh.601018,2025-12-15 20:13:58.854189
-3.9567115,2021-04-26,2021-05-03,sh.601018,2025-12-15 20:13:58.854189
-3.9675815,2021-04-27,2021-05-04,sh.601018,2025-12-15 20:13:58.854189
-3.9622176,2021-04-28,2021-05-05,sh.601018,2025-12-15 20:13:58.854189
-3.9611714,2021-04-29,2021-05-06,sh.601018,2025-12-15 20:13:58.854189
-3.9707286,2021-04-30,2021-05-07,sh.601018,2025-12-15 20:13:58.854189
-3.9600532,2021-05-06,2021-05-13,sh.601018,2025-12-15 20:13:58.854189
-3.9676235,2021-05-07,2021-05-14,sh.601018,2025-12-15 20:13:58.854189
-3.9758976,2021-05-10,2021-05-17,sh.601018,2025-12-15 20:13:58.854189
-3.9725397,2021-05-11,2021-05-18,sh.601018,2025-12-15 20:13:58.854189
-3.96822,2021-05-12,2021-05-19,sh.601018,2025-12-15 20:13:58.854189
-3.9845264,2021-05-13,2021-05-20,sh.601018,2025-12-15 20:13:58.854189
-3.9773595,2021-05-14,2021-05-21,sh.601018,2025-12-15 20:13:58.854189
-3.985582,2021-05-17,2021-05-24,sh.601018,2025-12-15 20:13:58.854189
-3.9938118,2021-05-18,2021-05-25,sh.601018,2025-12-15 20:13:58.854189
-3.9919841,2021-05-19,2021-05-26,sh.601018,2025-12-15 20:13:58.854189
-3.9890902,2021-05-20,2021-05-27,sh.601018,2025-12-15 20:13:58.854189
-3.9942005,2021-05-21,2021-05-28,sh.601018,2025-12-15 20:13:58.854189
-4.005233,2021-05-24,2021-05-31,sh.601018,2025-12-15 20:13:58.854189
-4.016036,2021-05-25,2021-06-01,sh.601018,2025-12-15 20:13:58.854189
-4.0080056,2021-05-26,2021-06-02,sh.601018,2025-12-15 20:13:58.854189
-4.0041947,2021-05-27,2021-06-03,sh.601018,2025-12-15 20:13:58.854189
-4.0075126,2021-05-28,2021-06-04,sh.601018,2025-12-15 20:13:58.854189
-4.01664,2021-05-31,2021-06-07,sh.601018,2025-12-15 20:13:58.854189
-4.0196853,2021-06-01,2021-06-08,sh.601018,2025-12-15 20:13:58.854189
-4.0235767,2021-06-02,2021-06-09,sh.601018,2025-12-15 20:13:58.854189
-4.0207024,2021-06-03,2021-06-10,sh.601018,2025-12-15 20:13:58.854189
-4.0272226,2021-06-04,2021-06-11,sh.601018,2025-12-15 20:13:58.854189
-4.031263,2021-06-07,2021-06-14,sh.601018,2025-12-15 20:13:58.854189
-4.025212,2021-06-08,2021-06-15,sh.601018,2025-12-15 20:13:58.854189
-4.027923,2021-06-09,2021-06-16,sh.601018,2025-12-15 20:13:58.854189
-4.026632,2021-06-10,2021-06-17,sh.601018,2025-12-15 20:13:58.854189
-4.0299363,2021-06-11,2021-06-18,sh.601018,2025-12-15 20:13:58.854189
-4.031519,2021-06-15,2021-06-22,sh.601018,2025-12-15 20:13:58.854189
-4.023453,2021-06-16,2021-06-23,sh.601018,2025-12-15 20:13:58.854189
-4.0184946,2021-06-17,2021-06-24,sh.601018,2025-12-15 20:13:58.854189
-4.0268416,2021-06-18,2021-06-25,sh.601018,2025-12-15 20:13:58.854189
-4.0263762,2021-06-21,2021-06-28,sh.601018,2025-12-15 20:13:58.854189
-4.0209537,2021-06-22,2021-06-29,sh.601018,2025-12-15 20:13:58.854189
-4.0178385,2021-06-23,2021-06-30,sh.601018,2025-12-15 20:13:58.854189
-4.019282,2021-06-24,2021-07-01,sh.601018,2025-12-15 20:13:58.854189
-4.017166,2021-06-25,2021-07-02,sh.601018,2025-12-15 20:13:58.854189
-4.0211062,2021-06-28,2021-07-05,sh.601018,2025-12-15 20:13:58.854189
-4.024622,2021-06-29,2021-07-06,sh.601018,2025-12-15 20:13:58.854189
-4.018313,2021-06-30,2021-07-07,sh.601018,2025-12-15 20:13:58.854189
-4.0119076,2021-07-01,2021-07-08,sh.601018,2025-12-15 20:13:58.854189
-4.004784,2021-07-02,2021-07-09,sh.601018,2025-12-15 20:13:58.854189
-3.9991095,2021-07-05,2021-07-12,sh.601018,2025-12-15 20:13:58.854189
-4.0102925,2021-07-06,2021-07-13,sh.601018,2025-12-15 20:13:58.854189
-4.015359,2021-07-07,2021-07-14,sh.601018,2025-12-15 20:13:58.854189
-4.0079675,2021-07-08,2021-07-15,sh.601018,2025-12-15 20:13:58.854189
-3.9996698,2021-07-09,2021-07-16,sh.601018,2025-12-15 20:13:58.854189
-3.9988182,2021-07-12,2021-07-19,sh.601018,2025-12-15 20:13:58.854189
-3.9900339,2021-07-13,2021-07-20,sh.601018,2025-12-15 20:13:58.854189
-3.995548,2021-07-14,2021-07-21,sh.601018,2025-12-15 20:13:58.854189
-4.006973,2021-07-15,2021-07-22,sh.601018,2025-12-15 20:13:58.854189
-4.004742,2021-07-16,2021-07-23,sh.601018,2025-12-15 20:13:58.854189
-3.992925,2021-07-19,2021-07-26,sh.601018,2025-12-15 20:13:58.854189
-3.9984386,2021-07-20,2021-07-27,sh.601018,2025-12-15 20:13:58.854189
-3.9896643,2021-07-21,2021-07-28,sh.601018,2025-12-15 20:13:58.854189
-3.9839318,2021-07-22,2021-07-29,sh.601018,2025-12-15 20:13:58.854189
-3.9985483,2021-07-23,2021-07-30,sh.601018,2025-12-15 20:13:58.854189
-4.0044346,2021-07-26,2021-08-02,sh.601018,2025-12-15 20:13:58.854189
-3.9892395,2021-07-27,2021-08-03,sh.601018,2025-12-15 20:13:58.854189
-4.00022,2021-07-28,2021-08-04,sh.601018,2025-12-15 20:13:58.854189
-3.974285,2021-07-29,2021-08-05,sh.601018,2025-12-15 20:13:58.854189
-3.9813502,2021-07-30,2021-08-06,sh.601018,2025-12-15 20:13:58.854189
-3.9912488,2021-08-02,2021-08-09,sh.601018,2025-12-15 20:13:58.854189
-3.99135,2021-08-03,2021-08-10,sh.601018,2025-12-15 20:13:58.854189
-3.9888122,2021-08-04,2021-08-11,sh.601018,2025-12-15 20:13:58.854189
-3.9861062,2021-08-05,2021-08-12,sh.601018,2025-12-15 20:13:58.854189
-3.986633,2021-08-06,2021-08-13,sh.601018,2025-12-15 20:13:58.854189
-3.9789932,2021-08-09,2021-08-16,sh.601018,2025-12-15 20:13:58.854189
-3.9905736,2021-08-10,2021-08-17,sh.601018,2025-12-15 20:13:58.854189
-3.9943235,2021-08-11,2021-08-18,sh.601018,2025-12-15 20:13:58.854189
-4.00029,2021-08-12,2021-08-19,sh.601018,2025-12-15 20:13:58.854189
-3.9931757,2021-08-13,2021-08-20,sh.601018,2025-12-15 20:13:58.854189
-3.9884317,2021-08-16,2021-08-23,sh.601018,2025-12-15 20:13:58.854189
-3.9962795,2021-08-17,2021-08-24,sh.601018,2025-12-15 20:13:58.854189
-3.9981172,2021-08-18,2021-08-25,sh.601018,2025-12-15 20:13:58.854189
-4.0084147,2021-08-19,2021-08-26,sh.601018,2025-12-15 20:13:58.854189
-4.012493,2021-08-20,2021-08-27,sh.601018,2025-12-15 20:13:58.854189
-4.006495,2021-08-23,2021-08-30,sh.601018,2025-12-15 20:13:58.854189
-4.007856,2021-08-24,2021-08-31,sh.601018,2025-12-15 20:13:58.854189
-4.0053697,2021-08-25,2021-09-01,sh.601018,2025-12-15 20:13:58.854189
-4.010384,2021-08-26,2021-09-02,sh.601018,2025-12-15 20:13:58.854189
-4.022654,2021-08-27,2021-09-03,sh.601018,2025-12-15 20:13:58.854189
-4.015508,2021-08-30,2021-09-06,sh.601018,2025-12-15 20:13:58.854189
-4.023255,2021-08-31,2021-09-07,sh.601018,2025-12-15 20:13:58.854189
-4.0177846,2021-09-01,2021-09-08,sh.601018,2025-12-15 20:13:58.854189
-4.023849,2021-09-02,2021-09-09,sh.601018,2025-12-15 20:13:58.854189
-4.0171533,2021-09-03,2021-09-10,sh.601018,2025-12-15 20:13:58.854189
-4.0182548,2021-09-06,2021-09-13,sh.601018,2025-12-15 20:13:58.854189
-4.026475,2021-09-07,2021-09-14,sh.601018,2025-12-15 20:13:58.854189
-4.028153,2021-09-08,2021-09-15,sh.601018,2025-12-15 20:13:58.854189
-4.03037,2021-09-09,2021-09-16,sh.601018,2025-12-15 20:13:58.854189
-4.037357,2021-09-10,2021-09-17,sh.601018,2025-12-15 20:13:58.854189
-4.026966,2021-09-13,2021-09-20,sh.601018,2025-12-15 20:13:58.854189
-4.0308995,2021-09-14,2021-09-21,sh.601018,2025-12-15 20:13:58.854189
-4.030139,2021-09-15,2021-09-22,sh.601018,2025-12-15 20:13:58.854189
-4.0332947,2021-09-16,2021-09-23,sh.601018,2025-12-15 20:13:58.854189
-4.040397,2021-09-17,2021-09-24,sh.601018,2025-12-15 20:13:58.854189
-4.035262,2021-09-22,2021-09-29,sh.601018,2025-12-15 20:13:58.854189
-4.025013,2021-09-23,2021-09-30,sh.601018,2025-12-15 20:13:58.854189
-4.021707,2021-09-24,2021-10-01,sh.601018,2025-12-15 20:13:58.854189
-4.0351706,2021-09-27,2021-10-04,sh.601018,2025-12-15 20:13:58.854189
-4.0416603,2021-09-28,2021-10-05,sh.601018,2025-12-15 20:13:58.854189
-4.035011,2021-09-29,2021-10-06,sh.601018,2025-12-15 20:13:58.854189
-4.0265727,2021-09-30,2021-10-07,sh.601018,2025-12-15 20:13:58.854189
-4.0163355,2021-10-08,2021-10-15,sh.601018,2025-12-15 20:13:58.854189
-4.0111356,2021-10-11,2021-10-18,sh.601018,2025-12-15 20:13:58.854189
-4.0191336,2021-10-12,2021-10-19,sh.601018,2025-12-15 20:13:58.854189
-4.0289083,2021-10-13,2021-10-20,sh.601018,2025-12-15 20:13:58.854189
-4.0258684,2021-10-14,2021-10-21,sh.601018,2025-12-15 20:13:58.854189
-4.0182424,2021-10-15,2021-10-22,sh.601018,2025-12-15 20:13:58.854189
-4.0072846,2021-10-18,2021-10-25,sh.601018,2025-12-15 20:13:58.854189
-4.0048447,2021-10-19,2021-10-26,sh.601018,2025-12-15 20:13:58.854189
-4.0031734,2021-10-20,2021-10-27,sh.601018,2025-12-15 20:13:58.854189
-4.001945,2021-10-21,2021-10-28,sh.601018,2025-12-15 20:13:58.854189
-4.009419,2021-10-22,2021-10-29,sh.601018,2025-12-15 20:13:58.854189
-4.0060754,2021-10-25,2021-11-01,sh.601018,2025-12-15 20:13:58.854189
-3.9930284,2021-10-26,2021-11-02,sh.601018,2025-12-15 20:13:58.854189
-3.9886806,2021-10-27,2021-11-03,sh.601018,2025-12-15 20:13:58.854189
-3.987847,2021-10-28,2021-11-04,sh.601018,2025-12-15 20:13:58.854189
-3.991532,2021-10-29,2021-11-05,sh.601018,2025-12-15 20:13:58.854189
-3.9915173,2021-11-01,2021-11-08,sh.601018,2025-12-15 20:13:58.854189
-3.9972594,2021-11-02,2021-11-09,sh.601018,2025-12-15 20:13:58.854189
-3.986409,2021-11-03,2021-11-10,sh.601018,2025-12-15 20:13:58.854189
-3.9722912,2021-11-04,2021-11-11,sh.601018,2025-12-15 20:13:58.854189
-3.9701846,2021-11-05,2021-11-12,sh.601018,2025-12-15 20:13:58.854189
-3.967059,2021-11-08,2021-11-15,sh.601018,2025-12-15 20:13:58.854189
-3.972091,2021-11-09,2021-11-16,sh.601018,2025-12-15 20:13:58.854189
-3.9767792,2021-11-10,2021-11-17,sh.601018,2025-12-15 20:13:58.854189
-3.9706948,2021-11-11,2021-11-18,sh.601018,2025-12-15 20:13:58.854189
-3.9622242,2021-11-12,2021-11-19,sh.601018,2025-12-15 20:13:58.854189
-3.9538896,2021-11-15,2021-11-22,sh.601018,2025-12-15 20:13:58.854189
-3.9528797,2021-11-16,2021-11-23,sh.601018,2025-12-15 20:13:58.854189
-3.9540312,2021-11-17,2021-11-24,sh.601018,2025-12-15 20:13:58.854189
-3.959101,2021-11-18,2021-11-25,sh.601018,2025-12-15 20:13:58.854189
-3.9548118,2021-11-19,2021-11-26,sh.601018,2025-12-15 20:13:58.854189
-3.9489572,2021-11-22,2021-11-29,sh.601018,2025-12-15 20:13:58.854189
-3.9408023,2021-11-23,2021-11-30,sh.601018,2025-12-15 20:13:58.854189
-3.9406917,2021-11-24,2021-12-01,sh.601018,2025-12-15 20:13:58.854189
-3.9445708,2021-11-25,2021-12-02,sh.601018,2025-12-15 20:13:58.854189
-3.948611,2021-11-26,2021-12-03,sh.601018,2025-12-15 20:13:58.854189
-3.9461672,2021-11-29,2021-12-06,sh.601018,2025-12-15 20:13:58.854189
-3.9384983,2021-11-30,2021-12-07,sh.601018,2025-12-15 20:13:58.854189
-3.9355729,2021-12-01,2021-12-08,sh.601018,2025-12-15 20:13:58.854189
-3.9317148,2021-12-02,2021-12-09,sh.601018,2025-12-15 20:13:58.854189
-3.9326131,2021-12-03,2021-12-10,sh.601018,2025-12-15 20:13:58.854189
-3.9484155,2021-12-06,2021-12-13,sh.601018,2025-12-15 20:13:58.854189
-3.940397,2021-12-07,2021-12-14,sh.601018,2025-12-15 20:13:58.854189
-3.9380014,2021-12-08,2021-12-15,sh.601018,2025-12-15 20:13:58.854189
-3.9333212,2021-12-09,2021-12-16,sh.601018,2025-12-15 20:13:58.854189
-3.928919,2021-12-10,2021-12-17,sh.601018,2025-12-15 20:13:58.854189
-3.926501,2021-12-13,2021-12-20,sh.601018,2025-12-15 20:13:58.854189
-3.9348915,2021-12-14,2021-12-21,sh.601018,2025-12-15 20:13:58.854189
-3.9304702,2021-12-15,2021-12-22,sh.601018,2025-12-15 20:13:58.854189
-3.9291608,2021-12-16,2021-12-23,sh.601018,2025-12-15 20:13:58.854189
-3.921498,2021-12-17,2021-12-24,sh.601018,2025-12-15 20:13:58.854189
-3.920212,2021-12-20,2021-12-27,sh.601018,2025-12-15 20:13:58.854189
-3.9191096,2021-12-21,2021-12-28,sh.601018,2025-12-15 20:13:58.854189
-3.925885,2021-12-22,2021-12-29,sh.601018,2025-12-15 20:13:58.854189
-3.9211237,2021-12-23,2021-12-30,sh.601018,2025-12-15 20:13:58.854189
-3.919381,2021-12-24,2021-12-31,sh.601018,2025-12-15 20:13:58.854189
-3.9159715,2021-12-27,2022-01-03,sh.601018,2025-12-15 20:13:58.854189
-3.9152234,2021-12-28,2022-01-04,sh.601018,2025-12-15 20:13:58.854189
-3.9135363,2021-12-29,2022-01-05,sh.601018,2025-12-15 20:13:58.854189
-3.9146311,2021-12-30,2022-01-06,sh.601018,2025-12-15 20:13:58.854189
-3.919462,2021-12-31,2022-01-07,sh.601018,2025-12-15 20:13:58.854189
-3.9172008,2022-01-04,2022-01-11,sh.601018,2025-12-15 20:13:58.854189
-3.9249837,2022-01-05,2022-01-12,sh.601018,2025-12-15 20:13:58.854189
-3.9225461,2022-01-06,2022-01-13,sh.601018,2025-12-15 20:13:58.854189
-3.9264,2022-01-07,2022-01-14,sh.601018,2025-12-15 20:13:58.854189
-3.9283197,2022-01-10,2022-01-17,sh.601018,2025-12-15 20:13:58.854189
-3.9305909,2022-01-11,2022-01-18,sh.601018,2025-12-15 20:13:58.854189
-3.930323,2022-01-12,2022-01-19,sh.601018,2025-12-15 20:13:58.854189
-3.9232814,2022-01-13,2022-01-20,sh.601018,2025-12-15 20:13:58.854189
-3.932781,2022-01-14,2022-01-21,sh.601018,2025-12-15 20:13:58.854189
-3.9309795,2022-01-17,2022-01-24,sh.601018,2025-12-15 20:13:58.854189
-3.929077,2022-01-18,2022-01-25,sh.601018,2025-12-15 20:13:58.854189
-3.9314115,2022-01-19,2022-01-26,sh.601018,2025-12-15 20:13:58.854189
-3.9309294,2022-01-20,2022-01-27,sh.601018,2025-12-15 20:13:58.854189
-3.9391387,2022-01-21,2022-01-28,sh.601018,2025-12-15 20:13:58.854189
-3.932881,2022-01-24,2022-01-31,sh.601018,2025-12-15 20:13:58.854189
-3.9449365,2022-01-25,2022-02-01,sh.601018,2025-12-15 20:13:58.854189
-3.9351022,2022-01-26,2022-02-02,sh.601018,2025-12-15 20:13:58.854189
-3.9437125,2022-01-27,2022-02-03,sh.601018,2025-12-15 20:13:58.854189
-3.9435022,2022-01-28,2022-02-04,sh.601018,2025-12-15 20:13:58.854189
-3.943464,2022-02-07,2022-02-14,sh.601018,2025-12-15 20:13:58.854189
-3.9439027,2022-02-08,2022-02-15,sh.601018,2025-12-15 20:13:58.854189
-3.9474218,2022-02-09,2022-02-16,sh.601018,2025-12-15 20:13:58.854189
-3.945172,2022-02-10,2022-02-17,sh.601018,2025-12-15 20:13:58.854189
-3.9544995,2022-02-11,2022-02-18,sh.601018,2025-12-15 20:13:58.854189
-3.9539468,2022-02-14,2022-02-21,sh.601018,2025-12-15 20:13:58.854189
-3.9516203,2022-02-15,2022-02-22,sh.601018,2025-12-15 20:13:58.854189
-3.948664,2022-02-16,2022-02-23,sh.601018,2025-12-15 20:13:58.854189
-3.95234,2022-02-17,2022-02-24,sh.601018,2025-12-15 20:13:58.854189
-3.9524534,2022-02-18,2022-02-25,sh.601018,2025-12-15 20:13:58.854189
-3.9553792,2022-02-21,2022-02-28,sh.601018,2025-12-15 20:13:58.854189
-3.9643362,2022-02-22,2022-03-01,sh.601018,2025-12-15 20:13:58.854189
-3.95492,2022-02-23,2022-03-02,sh.601018,2025-12-15 20:13:58.854189
-3.9745,2022-02-24,2022-03-03,sh.601018,2025-12-15 20:13:58.854189
-3.956766,2022-02-25,2022-03-04,sh.601018,2025-12-15 20:13:58.854189
-3.955241,2022-02-28,2022-03-07,sh.601018,2025-12-15 20:13:58.854189
-3.9736564,2022-03-01,2022-03-08,sh.601018,2025-12-15 20:13:58.854189
-3.9599683,2022-03-02,2022-03-09,sh.601018,2025-12-15 20:13:58.854189
-3.973417,2022-03-03,2022-03-10,sh.601018,2025-12-15 20:13:58.854189
-4.0069695,2022-03-04,2022-03-11,sh.601018,2025-12-15 20:13:58.854189
-3.9792688,2022-03-07,2022-03-14,sh.601018,2025-12-15 20:13:58.854189
-3.9926713,2022-03-08,2022-03-15,sh.601018,2025-12-15 20:13:58.854189
-4.0026765,2022-03-09,2022-03-16,sh.601018,2025-12-15 20:13:58.854189
-3.9688656,2022-03-10,2022-03-17,sh.601018,2025-12-15 20:13:58.854189
-3.9804175,2022-03-11,2022-03-18,sh.601018,2025-12-15 20:13:58.854189
-3.9788659,2022-03-14,2022-03-21,sh.601018,2025-12-15 20:13:58.854189
-3.9983594,2022-03-15,2022-03-22,sh.601018,2025-12-15 20:13:58.854189
-3.9865315,2022-03-16,2022-03-23,sh.601018,2025-12-15 20:13:58.854189
-3.9687536,2022-03-17,2022-03-24,sh.601018,2025-12-15 20:13:58.854189
-3.967574,2022-03-18,2022-03-25,sh.601018,2025-12-15 20:13:58.854189
-3.9766319,2022-03-21,2022-03-28,sh.601018,2025-12-15 20:13:58.854189
-3.9764159,2022-03-22,2022-03-29,sh.601018,2025-12-15 20:13:58.854189
-3.9825265,2022-03-23,2022-03-30,sh.601018,2025-12-15 20:13:58.854189
-3.9813035,2022-03-24,2022-03-31,sh.601018,2025-12-15 20:13:58.854189
-3.9743822,2022-03-25,2022-04-01,sh.601018,2025-12-15 20:13:58.854189
-3.9869444,2022-03-28,2022-04-04,sh.601018,2025-12-15 20:13:58.854189
-3.9756958,2022-03-29,2022-04-05,sh.601018,2025-12-15 20:13:58.854189
-3.9824927,2022-03-30,2022-04-06,sh.601018,2025-12-15 20:13:58.854189
-3.9846861,2022-03-31,2022-04-07,sh.601018,2025-12-15 20:13:58.854189
-3.9852931,2022-04-01,2022-04-08,sh.601018,2025-12-15 20:13:58.854189
-3.980178,2022-04-06,2022-04-13,sh.601018,2025-12-15 20:13:58.854189
-3.9827697,2022-04-07,2022-04-14,sh.601018,2025-12-15 20:13:58.854189
-3.9930646,2022-04-08,2022-04-15,sh.601018,2025-12-15 20:13:58.854189
-3.9863493,2022-04-11,2022-04-18,sh.601018,2025-12-15 20:13:58.854189
-3.9973543,2022-04-12,2022-04-19,sh.601018,2025-12-15 20:13:58.854189
-3.990739,2022-04-13,2022-04-20,sh.601018,2025-12-15 20:13:58.854189
-3.9871032,2022-04-14,2022-04-21,sh.601018,2025-12-15 20:13:58.854189
-3.9880054,2022-04-15,2022-04-22,sh.601018,2025-12-15 20:13:58.854189
-3.98996,2022-04-18,2022-04-25,sh.601018,2025-12-15 20:13:58.854189
-3.993746,2022-04-19,2022-04-26,sh.601018,2025-12-15 20:13:58.854189
-3.9966166,2022-04-20,2022-04-27,sh.601018,2025-12-15 20:13:58.854189
-3.9955451,2022-04-21,2022-04-28,sh.601018,2025-12-15 20:13:58.854189
-3.9901712,2022-04-22,2022-04-29,sh.601018,2025-12-15 20:13:58.854189
-3.9961588,2022-04-25,2022-05-02,sh.601018,2025-12-15 20:13:58.854189
-3.9964406,2022-04-26,2022-05-03,sh.601018,2025-12-15 20:13:58.854189
-4.006715,2022-04-27,2022-05-04,sh.601018,2025-12-15 20:13:58.854189
-4.0080843,2022-04-28,2022-05-05,sh.601018,2025-12-15 20:13:58.854189
-3.995529,2022-04-29,2022-05-06,sh.601018,2025-12-15 20:13:58.854189
-3.9936163,2022-05-05,2022-05-12,sh.601018,2025-12-15 20:13:58.854189
-3.9935772,2022-05-06,2022-05-13,sh.601018,2025-12-15 20:13:58.854189
-3.9901855,2022-05-09,2022-05-16,sh.601018,2025-12-15 20:13:58.854189
-4.005154,2022-05-10,2022-05-17,sh.601018,2025-12-15 20:13:58.854189
-4.001367,2022-05-11,2022-05-18,sh.601018,2025-12-15 20:13:58.854189
-3.9972732,2022-05-12,2022-05-19,sh.601018,2025-12-15 20:13:58.854189
-3.9900386,2022-05-13,2022-05-20,sh.601018,2025-12-15 20:13:58.854189
-3.9930117,2022-05-16,2022-05-23,sh.601018,2025-12-15 20:13:58.854189
-3.9996746,2022-05-17,2022-05-24,sh.601018,2025-12-15 20:13:58.854189
-4.0076833,2022-05-18,2022-05-25,sh.601018,2025-12-15 20:13:58.854189
-4.013835,2022-05-19,2022-05-26,sh.601018,2025-12-15 20:13:58.854189
-4.0034404,2022-05-20,2022-05-27,sh.601018,2025-12-15 20:13:58.854189
-3.9956987,2022-05-23,2022-05-30,sh.601018,2025-12-15 20:13:58.854189
-4.0010686,2022-05-24,2022-05-31,sh.601018,2025-12-15 20:13:58.854189
-4.0022836,2022-05-25,2022-06-01,sh.601018,2025-12-15 20:13:58.854189
-4.010027,2022-05-26,2022-06-02,sh.601018,2025-12-15 20:13:58.854189
-4.017264,2022-05-27,2022-06-03,sh.601018,2025-12-15 20:13:58.854189
-4.0119414,2022-05-30,2022-06-06,sh.601018,2025-12-15 20:13:58.854189
-4.000705,2022-05-31,2022-06-07,sh.601018,2025-12-15 20:13:58.854189
-4.0003057,2022-06-01,2022-06-08,sh.601018,2025-12-15 20:13:58.854189
-4.0036798,2022-06-02,2022-06-09,sh.601018,2025-12-15 20:13:58.854189
-4.0193357,2022-06-06,2022-06-13,sh.601018,2025-12-15 20:13:58.854189
-4.0198345,2022-06-07,2022-06-14,sh.601018,2025-12-15 20:13:58.854189
-4.024106,2022-06-08,2022-06-15,sh.601018,2025-12-15 20:13:58.854189
-4.010227,2022-06-09,2022-06-16,sh.601018,2025-12-15 20:13:58.854189
-3.998203,2022-06-10,2022-06-17,sh.601018,2025-12-15 20:13:58.854189
-3.9978998,2022-06-13,2022-06-20,sh.601018,2025-12-15 20:13:58.854189
-4.0134583,2022-06-14,2022-06-21,sh.601018,2025-12-15 20:13:58.854189
-4.016187,2022-06-15,2022-06-22,sh.601018,2025-12-15 20:13:58.854189
-4.0258536,2022-06-16,2022-06-23,sh.601018,2025-12-15 20:13:58.854189
-4.016623,2022-06-17,2022-06-24,sh.601018,2025-12-15 20:13:58.854189
-4.0021973,2022-06-20,2022-06-27,sh.601018,2025-12-15 20:13:58.854189
-3.99843,2022-06-21,2022-06-28,sh.601018,2025-12-15 20:13:58.854189
-4.0016885,2022-06-22,2022-06-29,sh.601018,2025-12-15 20:13:58.854189
-4.01796,2022-06-23,2022-06-30,sh.601018,2025-12-15 20:13:58.854189
-4.0192714,2022-06-24,2022-07-01,sh.601018,2025-12-15 20:13:58.854189
-4.016166,2022-06-27,2022-07-04,sh.601018,2025-12-15 20:13:58.854189
-4.004254,2022-06-28,2022-07-05,sh.601018,2025-12-15 20:13:58.854189
-3.9977353,2022-06-29,2022-07-06,sh.601018,2025-12-15 20:13:58.854189
-3.9926765,2022-06-30,2022-07-07,sh.601018,2025-12-15 20:13:58.854189
-4.001851,2022-07-01,2022-07-08,sh.601018,2025-12-15 20:13:58.854189
-4.009654,2022-07-04,2022-07-11,sh.601018,2025-12-15 20:13:58.854189
-4.0114837,2022-07-05,2022-07-12,sh.601018,2025-12-15 20:13:58.854189
-4.01327,2022-07-06,2022-07-13,sh.601018,2025-12-15 20:13:58.854189
-3.9946783,2022-07-07,2022-07-14,sh.601018,2025-12-15 20:13:58.854189
-3.989258,2022-07-08,2022-07-15,sh.601018,2025-12-15 20:13:58.854189
-4.003587,2022-07-11,2022-07-18,sh.601018,2025-12-15 20:13:58.854189
-4.0070686,2022-07-12,2022-07-19,sh.601018,2025-12-15 20:13:58.854189
-4.014236,2022-07-13,2022-07-20,sh.601018,2025-12-15 20:13:58.854189
-4.015452,2022-07-14,2022-07-21,sh.601018,2025-12-15 20:13:58.854189
-4.0084934,2022-07-15,2022-07-22,sh.601018,2025-12-15 20:13:58.854189
-3.9991186,2022-07-18,2022-07-25,sh.601018,2025-12-15 20:13:58.854189
-4.0040345,2022-07-19,2022-07-26,sh.601018,2025-12-15 20:13:58.854189
-4.013176,2022-07-20,2022-07-27,sh.601018,2025-12-15 20:13:58.854189
-4.024809,2022-07-21,2022-07-28,sh.601018,2025-12-15 20:13:58.854189
-4.0198855,2022-07-22,2022-07-29,sh.601018,2025-12-15 20:13:58.854189
-4.0134153,2022-07-25,2022-08-01,sh.601018,2025-12-15 20:13:58.854189
-4.007742,2022-07-26,2022-08-02,sh.601018,2025-12-15 20:13:58.854189
-4.014864,2022-07-27,2022-08-03,sh.601018,2025-12-15 20:13:58.854189
-4.0235796,2022-07-28,2022-08-04,sh.601018,2025-12-15 20:13:58.854189
-4.0381436,2022-07-29,2022-08-05,sh.601018,2025-12-15 20:13:58.854189
-4.0365725,2022-08-01,2022-08-08,sh.601018,2025-12-15 20:13:58.854189
-4.0336037,2022-08-02,2022-08-09,sh.601018,2025-12-15 20:13:58.854189
-4.017381,2022-08-03,2022-08-10,sh.601018,2025-12-15 20:13:58.854189
-4.0204587,2022-08-04,2022-08-11,sh.601018,2025-12-15 20:13:58.854189
-4.0281787,2022-08-05,2022-08-12,sh.601018,2025-12-15 20:13:58.854189
-4.034701,2022-08-08,2022-08-15,sh.601018,2025-12-15 20:13:58.854189
-4.0360017,2022-08-09,2022-08-16,sh.601018,2025-12-15 20:13:58.854189
-4.0327725,2022-08-10,2022-08-17,sh.601018,2025-12-15 20:13:58.854189
-4.021239,2022-08-11,2022-08-18,sh.601018,2025-12-15 20:13:58.854189
-4.023827,2022-08-12,2022-08-19,sh.601018,2025-12-15 20:13:58.854189
-4.0323567,2022-08-15,2022-08-22,sh.601018,2025-12-15 20:13:58.854189
-4.033785,2022-08-16,2022-08-23,sh.601018,2025-12-15 20:13:58.854189
-4.0393653,2022-08-17,2022-08-24,sh.601018,2025-12-15 20:13:58.854189
-4.031125,2022-08-18,2022-08-25,sh.601018,2025-12-15 20:13:58.854189
-4.0179496,2022-08-19,2022-08-26,sh.601018,2025-12-15 20:13:58.854189
-4.0208893,2022-08-22,2022-08-29,sh.601018,2025-12-15 20:13:58.854189
-4.0238614,2022-08-23,2022-08-30,sh.601018,2025-12-15 20:13:58.854189
-4.025244,2022-08-24,2022-08-31,sh.601018,2025-12-15 20:13:58.854189
-4.03545,2022-08-25,2022-09-01,sh.601018,2025-12-15 20:13:58.854189
-4.0313206,2022-08-26,2022-09-02,sh.601018,2025-12-15 20:13:58.854189
-4.020946,2022-08-29,2022-09-05,sh.601018,2025-12-15 20:13:58.854189
-4.012693,2022-08-30,2022-09-06,sh.601018,2025-12-15 20:13:58.854189
-4.0191474,2022-08-31,2022-09-07,sh.601018,2025-12-15 20:13:58.854189
-4.023464,2022-09-01,2022-09-08,sh.601018,2025-12-15 20:13:58.854189
-4.021775,2022-09-02,2022-09-09,sh.601018,2025-12-15 20:13:58.854189
-4.02102,2022-09-05,2022-09-12,sh.601018,2025-12-15 20:13:58.854189
-4.0176373,2022-09-06,2022-09-13,sh.601018,2025-12-15 20:13:58.854189
-4.0127563,2022-09-07,2022-09-14,sh.601018,2025-12-15 20:13:58.854189
-4.014362,2022-09-08,2022-09-15,sh.601018,2025-12-15 20:13:58.854189
-4.011452,2022-09-09,2022-09-16,sh.601018,2025-12-15 20:13:58.854189
-4.0148244,2022-09-13,2022-09-20,sh.601018,2025-12-15 20:13:58.854189
-4.0164857,2022-09-14,2022-09-21,sh.601018,2025-12-15 20:13:58.854189
-4.0205197,2022-09-15,2022-09-22,sh.601018,2025-12-15 20:13:58.854189
-4.015409,2022-09-16,2022-09-23,sh.601018,2025-12-15 20:13:58.854189
-4.0113277,2022-09-19,2022-09-26,sh.601018,2025-12-15 20:13:58.854189
-4.009663,2022-09-20,2022-09-27,sh.601018,2025-12-15 20:13:58.854189
-4.013117,2022-09-21,2022-09-28,sh.601018,2025-12-15 20:13:58.854189
-4.008394,2022-09-22,2022-09-29,sh.601018,2025-12-15 20:13:58.854189
-4.011774,2022-09-23,2022-09-30,sh.601018,2025-12-15 20:13:58.854189
-4.009471,2022-09-26,2022-10-03,sh.601018,2025-12-15 20:13:58.854189
-4.0074797,2022-09-27,2022-10-04,sh.601018,2025-12-15 20:13:58.854189
-4.0066314,2022-09-28,2022-10-05,sh.601018,2025-12-15 20:13:58.854189
-4.00698,2022-09-29,2022-10-06,sh.601018,2025-12-15 20:13:58.854189
-4.0027237,2022-09-30,2022-10-07,sh.601018,2025-12-15 20:13:58.854189
-4.0031624,2022-10-10,2022-10-17,sh.601018,2025-12-15 20:13:58.854189
-4.0047226,2022-10-11,2022-10-18,sh.601018,2025-12-15 20:13:58.854189
-4.0054035,2022-10-12,2022-10-19,sh.601018,2025-12-15 20:13:58.854189
-3.9973466,2022-10-13,2022-10-20,sh.601018,2025-12-15 20:13:58.854189
-3.991739,2022-10-14,2022-10-21,sh.601018,2025-12-15 20:13:58.854189
-3.9978497,2022-10-17,2022-10-24,sh.601018,2025-12-15 20:13:58.854189
-3.993533,2022-10-18,2022-10-25,sh.601018,2025-12-15 20:13:58.854189
-3.9887865,2022-10-19,2022-10-26,sh.601018,2025-12-15 20:13:58.854189
-3.9932544,2022-10-20,2022-10-27,sh.601018,2025-12-15 20:13:58.854189
-3.981775,2022-10-21,2022-10-28,sh.601018,2025-12-15 20:13:58.854189
-3.9896276,2022-10-24,2022-10-31,sh.601018,2025-12-15 20:13:58.854189
-3.9847338,2022-10-25,2022-11-01,sh.601018,2025-12-15 20:13:58.854189
-3.9804552,2022-10-26,2022-11-02,sh.601018,2025-12-15 20:13:58.854189
-3.9767387,2022-10-27,2022-11-03,sh.601018,2025-12-15 20:13:58.854189
-3.9795024,2022-10-28,2022-11-04,sh.601018,2025-12-15 20:13:58.854189
-3.9762146,2022-10-31,2022-11-07,sh.601018,2025-12-15 20:13:58.854189
-3.9720962,2022-11-01,2022-11-08,sh.601018,2025-12-15 20:13:58.854189
-3.9716065,2022-11-02,2022-11-09,sh.601018,2025-12-15 20:13:58.854189
-3.9731343,2022-11-03,2022-11-10,sh.601018,2025-12-15 20:13:58.854189
-3.9701498,2022-11-04,2022-11-11,sh.601018,2025-12-15 20:13:58.854189
-3.9681265,2022-11-07,2022-11-14,sh.601018,2025-12-15 20:13:58.854189
-3.965399,2022-11-08,2022-11-15,sh.601018,2025-12-15 20:13:58.854189
-3.9617236,2022-11-09,2022-11-16,sh.601018,2025-12-15 20:13:58.854189
-3.9639237,2022-11-10,2022-11-17,sh.601018,2025-12-15 20:13:58.854189
-3.9663913,2022-11-11,2022-11-18,sh.601018,2025-12-15 20:13:58.854189
-3.96364,2022-11-14,2022-11-21,sh.601018,2025-12-15 20:13:58.854189
-3.9646995,2022-11-15,2022-11-22,sh.601018,2025-12-15 20:13:58.854189
-3.9581087,2022-11-16,2022-11-23,sh.601018,2025-12-15 20:13:58.854189
-3.962065,2022-11-17,2022-11-24,sh.601018,2025-12-15 20:13:58.854189
-3.968767,2022-11-18,2022-11-25,sh.601018,2025-12-15 20:13:58.854189
-3.9649174,2022-11-21,2022-11-28,sh.601018,2025-12-15 20:13:58.854189
-3.9578526,2022-11-22,2022-11-29,sh.601018,2025-12-15 20:13:58.854189
-3.9545252,2022-11-23,2022-11-30,sh.601018,2025-12-15 20:13:58.854189
-3.9611828,2022-11-24,2022-12-01,sh.601018,2025-12-15 20:13:58.854189
-3.9552467,2022-11-25,2022-12-02,sh.601018,2025-12-15 20:13:58.854189
-3.9560034,2022-11-28,2022-12-05,sh.601018,2025-12-15 20:13:58.854189
-3.9588435,2022-11-29,2022-12-06,sh.601018,2025-12-15 20:13:58.854189
-3.950733,2022-11-30,2022-12-07,sh.601018,2025-12-15 20:13:58.854189
-3.956989,2022-12-01,2022-12-08,sh.601018,2025-12-15 20:13:58.854189
-3.956765,2022-12-02,2022-12-09,sh.601018,2025-12-15 20:13:58.854189
-3.9514697,2022-12-05,2022-12-12,sh.601018,2025-12-15 20:13:58.854189
-3.9612272,2022-12-06,2022-12-13,sh.601018,2025-12-15 20:13:58.854189
-3.952624,2022-12-07,2022-12-14,sh.601018,2025-12-15 20:13:58.854189
-3.9498975,2022-12-08,2022-12-15,sh.601018,2025-12-15 20:13:58.854189
-3.9619658,2022-12-09,2022-12-16,sh.601018,2025-12-15 20:13:58.854189
-3.9613602,2022-12-12,2022-12-19,sh.601018,2025-12-15 20:13:58.854189
-3.9554298,2022-12-13,2022-12-20,sh.601018,2025-12-15 20:13:58.854189
-3.9606369,2022-12-14,2022-12-21,sh.601018,2025-12-15 20:13:58.854189
-3.9573076,2022-12-15,2022-12-22,sh.601018,2025-12-15 20:13:58.854189
-3.949796,2022-12-16,2022-12-23,sh.601018,2025-12-15 20:13:58.854189
-3.976896,2022-12-19,2022-12-26,sh.601018,2025-12-15 20:13:58.854189
-3.958956,2022-12-20,2022-12-27,sh.601018,2025-12-15 20:13:58.854189
-3.9595172,2022-12-21,2022-12-28,sh.601018,2025-12-15 20:13:58.854189
-3.9842255,2022-12-22,2022-12-29,sh.601018,2025-12-15 20:13:58.854189
-3.9561965,2022-12-23,2022-12-30,sh.601018,2025-12-15 20:13:58.854189
-3.9605362,2022-12-26,2023-01-02,sh.601018,2025-12-15 20:13:58.854189
-3.9687293,2022-12-27,2023-01-03,sh.601018,2025-12-15 20:13:58.854189
-3.9689286,2022-12-28,2023-01-04,sh.601018,2025-12-15 20:13:58.854189
-3.9791572,2022-12-29,2023-01-05,sh.601018,2025-12-15 20:13:58.854189
-3.9711502,2022-12-30,2023-01-06,sh.601018,2025-12-15 20:13:58.854189
-3.9734647,2023-01-03,2023-01-10,sh.601018,2025-12-15 20:13:58.854189
-3.9656637,2023-01-04,2023-01-11,sh.601018,2025-12-15 20:13:58.854189
-3.9733675,2023-01-05,2023-01-12,sh.601018,2025-12-15 20:13:58.854189
-3.9782498,2023-01-06,2023-01-13,sh.601018,2025-12-15 20:13:58.854189
-3.9715283,2023-01-09,2023-01-16,sh.601018,2025-12-15 20:13:58.854189
-3.973262,2023-01-10,2023-01-17,sh.601018,2025-12-15 20:13:58.854189
-3.9655235,2023-01-11,2023-01-18,sh.601018,2025-12-15 20:13:58.854189
-3.9674613,2023-01-12,2023-01-19,sh.601018,2025-12-15 20:13:58.854189
-3.965048,2023-01-13,2023-01-20,sh.601018,2025-12-15 20:13:58.854189
-3.969032,2023-01-16,2023-01-23,sh.601018,2025-12-15 20:13:58.854189
-3.973129,2023-01-17,2023-01-24,sh.601018,2025-12-15 20:13:58.854189
-3.965893,2023-01-18,2023-01-25,sh.601018,2025-12-15 20:13:58.854189
-3.9699996,2023-01-19,2023-01-26,sh.601018,2025-12-15 20:13:58.854189
-3.9671233,2023-01-20,2023-01-27,sh.601018,2025-12-15 20:13:58.854189
-3.9850657,2023-01-30,2023-02-06,sh.601018,2025-12-15 20:13:58.854189
-3.9679296,2023-01-31,2023-02-07,sh.601018,2025-12-15 20:13:58.854189
-3.9832551,2023-02-01,2023-02-08,sh.601018,2025-12-15 20:13:58.854189
-3.981003,2023-02-02,2023-02-09,sh.601018,2025-12-15 20:13:58.854189
-3.982393,2023-02-03,2023-02-10,sh.601018,2025-12-15 20:13:58.854189
-3.9792264,2023-02-06,2023-02-13,sh.601018,2025-12-15 20:13:58.854189
-3.974686,2023-02-07,2023-02-14,sh.601018,2025-12-15 20:13:58.854189
-3.9786723,2023-02-08,2023-02-15,sh.601018,2025-12-15 20:13:58.854189
-3.9792192,2023-02-09,2023-02-16,sh.601018,2025-12-15 20:13:58.854189
-3.9914677,2023-02-10,2023-02-17,sh.601018,2025-12-15 20:13:58.854189
-3.991752,2023-02-13,2023-02-20,sh.601018,2025-12-15 20:13:58.854189
-3.9907587,2023-02-14,2023-02-21,sh.601018,2025-12-15 20:13:58.854189
-3.9915025,2023-02-15,2023-02-22,sh.601018,2025-12-15 20:13:58.854189
-3.9953291,2023-02-16,2023-02-23,sh.601018,2025-12-15 20:13:58.854189
-3.9895823,2023-02-17,2023-02-24,sh.601018,2025-12-15 20:13:58.854189
-4.002628,2023-02-20,2023-02-27,sh.601018,2025-12-15 20:13:58.854189
-4.005796,2023-02-21,2023-02-28,sh.601018,2025-12-15 20:13:58.854189
-4.0062566,2023-02-22,2023-03-01,sh.601018,2025-12-15 20:13:58.854189
-4.0078874,2023-02-23,2023-03-02,sh.601018,2025-12-15 20:13:58.854189
-4.0100026,2023-02-24,2023-03-03,sh.601018,2025-12-15 20:13:58.854189
-4.0159087,2023-02-27,2023-03-06,sh.601018,2025-12-15 20:13:58.854189
-4.0240655,2023-02-28,2023-03-07,sh.601018,2025-12-15 20:13:58.854189
-4.039846,2023-03-01,2023-03-08,sh.601018,2025-12-15 20:13:58.854189
-4.0441065,2023-03-02,2023-03-09,sh.601018,2025-12-15 20:13:58.854189
-4.0473332,2023-03-03,2023-03-10,sh.601018,2025-12-15 20:13:58.854189
-4.0559297,2023-03-06,2023-03-13,sh.601018,2025-12-15 20:13:58.854189
-4.0547066,2023-03-07,2023-03-14,sh.601018,2025-12-15 20:13:58.854189
-4.061862,2023-03-08,2023-03-15,sh.601018,2025-12-15 20:13:58.854189
-4.0698004,2023-03-09,2023-03-16,sh.601018,2025-12-15 20:13:58.854189
-4.07997,2023-03-10,2023-03-17,sh.601018,2025-12-15 20:13:58.854189
-4.0768137,2023-03-13,2023-03-20,sh.601018,2025-12-15 20:13:58.854189
-4.072932,2023-03-14,2023-03-21,sh.601018,2025-12-15 20:13:58.854189
-4.0703177,2023-03-15,2023-03-22,sh.601018,2025-12-15 20:13:58.854189
-4.071593,2023-03-16,2023-03-23,sh.601018,2025-12-15 20:13:58.854189
-4.068773,2023-03-17,2023-03-24,sh.601018,2025-12-15 20:13:58.854189
-4.073666,2023-03-20,2023-03-27,sh.601018,2025-12-15 20:13:58.854189
-4.064548,2023-03-21,2023-03-28,sh.601018,2025-12-15 20:13:58.854189
-4.0590987,2023-03-22,2023-03-29,sh.601018,2025-12-15 20:13:58.854189
-4.0548415,2023-03-23,2023-03-30,sh.601018,2025-12-15 20:13:58.854189
-4.0548525,2023-03-24,2023-03-31,sh.601018,2025-12-15 20:13:58.854189
-4.054551,2023-03-27,2023-04-03,sh.601018,2025-12-15 20:13:58.854189
-4.0473027,2023-03-28,2023-04-04,sh.601018,2025-12-15 20:13:58.854189
-4.0413327,2023-03-29,2023-04-05,sh.601018,2025-12-15 20:13:58.854189
-4.0346594,2023-03-30,2023-04-06,sh.601018,2025-12-15 20:13:58.854189
-4.0290833,2023-03-31,2023-04-07,sh.601018,2025-12-15 20:13:58.854189
-4.027062,2023-04-03,2023-04-10,sh.601018,2025-12-15 20:13:58.854189
-4.0274563,2023-04-04,2023-04-11,sh.601018,2025-12-15 20:13:58.854189
-4.027668,2023-04-06,2023-04-13,sh.601018,2025-12-15 20:13:58.854189
-4.019056,2023-04-07,2023-04-14,sh.601018,2025-12-15 20:13:58.854189
-4.011804,2023-04-10,2023-04-17,sh.601018,2025-12-15 20:13:58.854189
-4.00468,2023-04-11,2023-04-18,sh.601018,2025-12-15 20:13:58.854189
-4.0021167,2023-04-12,2023-04-19,sh.601018,2025-12-15 20:13:58.854189
-4.0039372,2023-04-13,2023-04-20,sh.601018,2025-12-15 20:13:58.854189
-4.006351,2023-04-14,2023-04-21,sh.601018,2025-12-15 20:13:58.854189
-3.997053,2023-04-17,2023-04-24,sh.601018,2025-12-15 20:13:58.854189
-3.9947178,2023-04-18,2023-04-25,sh.601018,2025-12-15 20:13:58.854189
-3.9922817,2023-04-19,2023-04-26,sh.601018,2025-12-15 20:13:58.854189
-3.995261,2023-04-20,2023-04-27,sh.601018,2025-12-15 20:13:58.854189
-3.9828603,2023-04-21,2023-04-28,sh.601018,2025-12-15 20:13:58.854189
-3.9938147,2023-04-24,2023-05-01,sh.601018,2025-12-15 20:13:58.854189
-3.9888494,2023-04-25,2023-05-02,sh.601018,2025-12-15 20:13:58.854189
-3.9900968,2023-04-26,2023-05-03,sh.601018,2025-12-15 20:13:58.854189
-3.9783676,2023-04-27,2023-05-04,sh.601018,2025-12-15 20:13:58.854189
-3.9768245,2023-04-28,2023-05-05,sh.601018,2025-12-15 20:13:58.854189
-3.9856946,2023-05-04,2023-05-11,sh.601018,2025-12-15 20:13:58.854189
-3.993765,2023-05-05,2023-05-12,sh.601018,2025-12-15 20:13:58.854189
-3.9853418,2023-05-08,2023-05-15,sh.601018,2025-12-15 20:13:58.854189
-3.9865901,2023-05-09,2023-05-16,sh.601018,2025-12-15 20:13:58.854189
-3.9903562,2023-05-10,2023-05-17,sh.601018,2025-12-15 20:13:58.854189
-3.9913523,2023-05-11,2023-05-18,sh.601018,2025-12-15 20:13:58.854189
-3.9867709,2023-05-12,2023-05-19,sh.601018,2025-12-15 20:13:58.854189
-4.0001864,2023-05-15,2023-05-22,sh.601018,2025-12-15 20:13:58.854189
-3.9890158,2023-05-16,2023-05-23,sh.601018,2025-12-15 20:13:58.854189
-3.982846,2023-05-17,2023-05-24,sh.601018,2025-12-15 20:13:58.854189
-3.9830315,2023-05-18,2023-05-25,sh.601018,2025-12-15 20:13:58.854189
-3.9870965,2023-05-19,2023-05-26,sh.601018,2025-12-15 20:13:58.854189
-3.9790876,2023-05-22,2023-05-29,sh.601018,2025-12-15 20:13:58.854189
-3.9848535,2023-05-23,2023-05-30,sh.601018,2025-12-15 20:13:58.854189
-3.984422,2023-05-24,2023-05-31,sh.601018,2025-12-15 20:13:58.854189
-3.9764788,2023-05-25,2023-06-01,sh.601018,2025-12-15 20:13:58.854189
-3.9839332,2023-05-26,2023-06-02,sh.601018,2025-12-15 20:13:58.854189
-3.9817588,2023-05-29,2023-06-05,sh.601018,2025-12-15 20:13:58.854189
-3.9864004,2023-05-30,2023-06-06,sh.601018,2025-12-15 20:13:58.854189
-3.9824197,2023-05-31,2023-06-07,sh.601018,2025-12-15 20:13:58.854189
-3.9792407,2023-06-01,2023-06-08,sh.601018,2025-12-15 20:13:58.854189
-3.9784777,2023-06-02,2023-06-09,sh.601018,2025-12-15 20:13:58.854189
-3.9780586,2023-06-05,2023-06-12,sh.601018,2025-12-15 20:13:58.854189
-3.9804418,2023-06-06,2023-06-13,sh.601018,2025-12-15 20:13:58.854189
-3.9819262,2023-06-07,2023-06-14,sh.601018,2025-12-15 20:13:58.854189
-3.9777586,2023-06-08,2023-06-15,sh.601018,2025-12-15 20:13:58.854189
-3.9770887,2023-06-09,2023-06-16,sh.601018,2025-12-15 20:13:58.854189
-3.978418,2023-06-12,2023-06-19,sh.601018,2025-12-15 20:13:58.854189
-3.9784853,2023-06-13,2023-06-20,sh.601018,2025-12-15 20:13:58.854189
-3.9774806,2023-06-14,2023-06-21,sh.601018,2025-12-15 20:13:58.854189
-3.9801128,2023-06-15,2023-06-22,sh.601018,2025-12-15 20:13:58.854189
-3.9748938,2023-06-16,2023-06-23,sh.601018,2025-12-15 20:13:58.854189
-3.9776995,2023-06-19,2023-06-26,sh.601018,2025-12-15 20:13:58.854189
-3.974799,2023-06-20,2023-06-27,sh.601018,2025-12-15 20:13:58.854189
-3.973261,2023-06-21,2023-06-28,sh.601018,2025-12-15 20:13:58.854189
-3.9781997,2023-06-26,2023-07-03,sh.601018,2025-12-15 20:13:58.854189
-3.9760416,2023-06-27,2023-07-04,sh.601018,2025-12-15 20:13:58.854189
-3.976618,2023-06-28,2023-07-05,sh.601018,2025-12-15 20:13:58.854189
-3.9733913,2023-06-29,2023-07-06,sh.601018,2025-12-15 20:13:58.854189
-3.9697583,2023-06-30,2023-07-07,sh.601018,2025-12-15 20:13:58.854189
-3.970853,2023-07-03,2023-07-10,sh.601018,2025-12-15 20:13:58.854189
-3.9714673,2023-07-04,2023-07-11,sh.601018,2025-12-15 20:13:58.854189
-3.9707863,2023-07-05,2023-07-12,sh.601018,2025-12-15 20:13:58.854189
-3.9715688,2023-07-06,2023-07-13,sh.601018,2025-12-15 20:13:58.854189
-3.969855,2023-07-07,2023-07-14,sh.601018,2025-12-15 20:13:58.854189
-3.9674785,2023-07-10,2023-07-17,sh.601018,2025-12-15 20:13:58.854189
-3.962815,2023-07-11,2023-07-18,sh.601018,2025-12-15 20:13:58.854189
-3.9610674,2023-07-12,2023-07-19,sh.601018,2025-12-15 20:13:58.854189
-3.963125,2023-07-13,2023-07-20,sh.601018,2025-12-15 20:13:58.854189
-3.9651287,2023-07-14,2023-07-21,sh.601018,2025-12-15 20:13:58.854189
-3.9663846,2023-07-17,2023-07-24,sh.601018,2025-12-15 20:13:58.854189
-3.9620855,2023-07-18,2023-07-25,sh.601018,2025-12-15 20:13:58.854189
-3.9570043,2023-07-19,2023-07-26,sh.601018,2025-12-15 20:13:58.854189
-3.9516528,2023-07-20,2023-07-27,sh.601018,2025-12-15 20:13:58.854189
-3.9536793,2023-07-21,2023-07-28,sh.601018,2025-12-15 20:13:58.854189
-3.9576004,2023-07-24,2023-07-31,sh.601018,2025-12-15 20:13:58.854189
-3.9587028,2023-07-25,2023-08-01,sh.601018,2025-12-15 20:13:58.854189
-3.9565408,2023-07-26,2023-08-02,sh.601018,2025-12-15 20:13:58.854189
-3.9530308,2023-07-27,2023-08-03,sh.601018,2025-12-15 20:13:58.854189
-3.951697,2023-07-28,2023-08-04,sh.601018,2025-12-15 20:13:58.854189
-3.9531944,2023-07-31,2023-08-07,sh.601018,2025-12-15 20:13:58.854189
-3.9543974,2023-08-01,2023-08-08,sh.601018,2025-12-15 20:13:58.854189
-3.958874,2023-08-02,2023-08-09,sh.601018,2025-12-15 20:13:58.854189
-3.9600217,2023-08-03,2023-08-10,sh.601018,2025-12-15 20:13:58.854189
-3.9552352,2023-08-04,2023-08-11,sh.601018,2025-12-15 20:13:58.854189
-3.9510748,2023-08-07,2023-08-14,sh.601018,2025-12-15 20:13:58.854189
-3.9513185,2023-08-08,2023-08-15,sh.601018,2025-12-15 20:13:58.854189
-3.9538734,2023-08-09,2023-08-16,sh.601018,2025-12-15 20:13:58.854189
-3.9574463,2023-08-10,2023-08-17,sh.601018,2025-12-15 20:13:58.854189
-3.957792,2023-08-11,2023-08-18,sh.601018,2025-12-15 20:13:58.854189
-3.9588516,2023-08-14,2023-08-21,sh.601018,2025-12-15 20:13:58.854189
-3.9556925,2023-08-15,2023-08-22,sh.601018,2025-12-15 20:13:58.854189
-3.9498928,2023-08-16,2023-08-23,sh.601018,2025-12-15 20:13:58.854189
-3.9514792,2023-08-17,2023-08-24,sh.601018,2025-12-15 20:13:58.854189
-3.9520776,2023-08-18,2023-08-25,sh.601018,2025-12-15 20:13:58.854189
-3.9539392,2023-08-21,2023-08-28,sh.601018,2025-12-15 20:13:58.854189
-3.9576652,2023-08-22,2023-08-29,sh.601018,2025-12-15 20:13:58.854189
-3.9535763,2023-08-23,2023-08-30,sh.601018,2025-12-15 20:13:58.854189
-3.9493787,2023-08-24,2023-08-31,sh.601018,2025-12-15 20:13:58.854189
-3.9465773,2023-08-25,2023-09-01,sh.601018,2025-12-15 20:13:58.854189
-3.9438884,2023-08-28,2023-09-04,sh.601018,2025-12-15 20:13:58.854189
-3.9511735,2023-08-29,2023-09-05,sh.601018,2025-12-15 20:13:58.854189
-3.953036,2023-08-30,2023-09-06,sh.601018,2025-12-15 20:13:58.854189
-3.9537714,2023-08-31,2023-09-07,sh.601018,2025-12-15 20:13:58.854189
-3.9469445,2023-09-01,2023-09-08,sh.601018,2025-12-15 20:13:58.854189
-3.9424093,2023-09-04,2023-09-11,sh.601018,2025-12-15 20:13:58.854189
-3.9404857,2023-09-05,2023-09-12,sh.601018,2025-12-15 20:13:58.854189
-3.942107,2023-09-06,2023-09-13,sh.601018,2025-12-15 20:13:58.854189
-3.9458635,2023-09-07,2023-09-14,sh.601018,2025-12-15 20:13:58.854189
-3.9495723,2023-09-08,2023-09-15,sh.601018,2025-12-15 20:13:58.854189
-3.943138,2023-09-11,2023-09-18,sh.601018,2025-12-15 20:13:58.854189
-3.9376256,2023-09-12,2023-09-19,sh.601018,2025-12-15 20:13:58.854189
-3.9339516,2023-09-13,2023-09-20,sh.601018,2025-12-15 20:13:58.854189
-3.9410613,2023-09-14,2023-09-21,sh.601018,2025-12-15 20:13:58.854189
-3.9451034,2023-09-15,2023-09-22,sh.601018,2025-12-15 20:13:58.854189
-3.9488838,2023-09-18,2023-09-25,sh.601018,2025-12-15 20:13:58.854189
-3.9477947,2023-09-19,2023-09-26,sh.601018,2025-12-15 20:13:58.854189
-3.9413726,2023-09-20,2023-09-27,sh.601018,2025-12-15 20:13:58.854189
-3.9374983,2023-09-21,2023-09-28,sh.601018,2025-12-15 20:13:58.854189
-3.942374,2023-09-22,2023-09-29,sh.601018,2025-12-15 20:13:58.854189
-3.9470508,2023-09-25,2023-10-02,sh.601018,2025-12-15 20:13:58.854189
-3.95282,2023-09-26,2023-10-03,sh.601018,2025-12-15 20:13:58.854189
-3.9579575,2023-09-27,2023-10-04,sh.601018,2025-12-15 20:13:58.854189
-3.952429,2023-09-28,2023-10-05,sh.601018,2025-12-15 20:13:58.854189
-3.9516675,2023-10-09,2023-10-16,sh.601018,2025-12-15 20:13:58.854189
-3.953565,2023-10-10,2023-10-17,sh.601018,2025-12-15 20:13:58.854189
-3.9531925,2023-10-11,2023-10-18,sh.601018,2025-12-15 20:13:58.854189
-3.9624212,2023-10-12,2023-10-19,sh.601018,2025-12-15 20:13:58.854189
-3.9715765,2023-10-13,2023-10-20,sh.601018,2025-12-15 20:13:58.854189
-3.9702833,2023-10-16,2023-10-23,sh.601018,2025-12-15 20:13:58.854189
-3.9660852,2023-10-17,2023-10-24,sh.601018,2025-12-15 20:13:58.854189
-3.9715307,2023-10-18,2023-10-25,sh.601018,2025-12-15 20:13:58.854189
-3.973253,2023-10-19,2023-10-26,sh.601018,2025-12-15 20:13:58.854189
-3.9772651,2023-10-20,2023-10-27,sh.601018,2025-12-15 20:13:58.854189
-3.9859698,2023-10-23,2023-10-30,sh.601018,2025-12-15 20:13:58.854189
-3.9850748,2023-10-24,2023-10-31,sh.601018,2025-12-15 20:13:58.854189
-3.9827497,2023-10-25,2023-11-01,sh.601018,2025-12-15 20:13:58.854189
-3.9836004,2023-10-26,2023-11-02,sh.601018,2025-12-15 20:13:58.854189
-3.9818285,2023-10-27,2023-11-03,sh.601018,2025-12-15 20:13:58.854189
-3.9838188,2023-10-30,2023-11-06,sh.601018,2025-12-15 20:13:58.854189
-3.9889505,2023-10-31,2023-11-07,sh.601018,2025-12-15 20:13:58.854189
-3.991947,2023-11-01,2023-11-08,sh.601018,2025-12-15 20:13:58.854189
-3.9880035,2023-11-02,2023-11-09,sh.601018,2025-12-15 20:13:58.854189
-3.987417,2023-11-03,2023-11-10,sh.601018,2025-12-15 20:13:58.854189
-3.9838526,2023-11-06,2023-11-13,sh.601018,2025-12-15 20:13:58.854189
-3.984822,2023-11-07,2023-11-14,sh.601018,2025-12-15 20:13:58.854189
-3.9888394,2023-11-08,2023-11-15,sh.601018,2025-12-15 20:13:58.854189
-3.9887197,2023-11-09,2023-11-16,sh.601018,2025-12-15 20:13:58.854189
-3.9889753,2023-11-10,2023-11-17,sh.601018,2025-12-15 20:13:58.854189
-3.986749,2023-11-13,2023-11-20,sh.601018,2025-12-15 20:13:58.854189
-3.986965,2023-11-14,2023-11-21,sh.601018,2025-12-15 20:13:58.854189
-3.9873755,2023-11-15,2023-11-22,sh.601018,2025-12-15 20:13:58.854189
-3.9868124,2023-11-16,2023-11-23,sh.601018,2025-12-15 20:13:58.854189
-3.9852388,2023-11-17,2023-11-24,sh.601018,2025-12-15 20:13:58.854189
-3.984906,2023-11-20,2023-11-27,sh.601018,2025-12-15 20:13:58.854189
-3.982496,2023-11-21,2023-11-28,sh.601018,2025-12-15 20:13:58.854189
-3.9807193,2023-11-22,2023-11-29,sh.601018,2025-12-15 20:13:58.854189
-3.9832118,2023-11-23,2023-11-30,sh.601018,2025-12-15 20:13:58.854189
-3.9849155,2023-11-24,2023-12-01,sh.601018,2025-12-15 20:13:58.854189
-3.9898508,2023-11-27,2023-12-04,sh.601018,2025-12-15 20:13:58.854189
-3.9876134,2023-11-28,2023-12-05,sh.601018,2025-12-15 20:13:58.854189
-3.9791214,2023-11-29,2023-12-06,sh.601018,2025-12-15 20:13:58.854189
-3.9792225,2023-11-30,2023-12-07,sh.601018,2025-12-15 20:13:58.854189
-3.977455,2023-12-01,2023-12-08,sh.601018,2025-12-15 20:13:58.854189
-3.9812648,2023-12-04,2023-12-11,sh.601018,2025-12-15 20:13:58.854189
-3.9825656,2023-12-05,2023-12-12,sh.601018,2025-12-15 20:13:58.854189
-3.9891994,2023-12-06,2023-12-13,sh.601018,2025-12-15 20:13:58.854189
-3.9749591,2023-12-07,2023-12-14,sh.601018,2025-12-15 20:13:58.854189
-3.9758217,2023-12-08,2023-12-15,sh.601018,2025-12-15 20:13:58.854189
-3.9807632,2023-12-11,2023-12-18,sh.601018,2025-12-15 20:13:58.854189
-3.9729273,2023-12-12,2023-12-19,sh.601018,2025-12-15 20:13:58.854189
-3.977782,2023-12-13,2023-12-20,sh.601018,2025-12-15 20:13:58.854189
-3.9754202,2023-12-14,2023-12-21,sh.601018,2025-12-15 20:13:58.854189
-3.9773505,2023-12-15,2023-12-22,sh.601018,2025-12-15 20:13:58.854189
-3.9671137,2023-12-18,2023-12-25,sh.601018,2025-12-15 20:13:58.854189
-3.9745033,2023-12-19,2023-12-26,sh.601018,2025-12-15 20:13:58.854189
-3.9774034,2023-12-20,2023-12-27,sh.601018,2025-12-15 20:13:58.854189
-3.9780023,2023-12-21,2023-12-28,sh.601018,2025-12-15 20:13:58.854189
-3.9755833,2023-12-22,2023-12-29,sh.601018,2025-12-15 20:13:58.854189
-3.9976156,2023-12-25,2024-01-01,sh.601018,2025-12-15 20:13:58.854189
-3.9809453,2023-12-26,2024-01-02,sh.601018,2025-12-15 20:13:58.854189
-3.985061,2023-12-27,2024-01-03,sh.601018,2025-12-15 20:13:58.854189
-3.990628,2023-12-28,2024-01-04,sh.601018,2025-12-15 20:13:58.854189
-3.992706,2023-12-29,2024-01-05,sh.601018,2025-12-15 20:13:58.854189
-3.9905126,2024-01-02,2024-01-09,sh.601018,2025-12-15 20:13:58.854189
-3.9932325,2024-01-03,2024-01-10,sh.601018,2025-12-15 20:13:58.854189
-3.9993112,2024-01-04,2024-01-11,sh.601018,2025-12-15 20:13:58.854189
-4.001331,2024-01-05,2024-01-12,sh.601018,2025-12-15 20:13:58.854189
-4.010389,2024-01-08,2024-01-15,sh.601018,2025-12-15 20:13:58.854189
-4.015041,2024-01-09,2024-01-16,sh.601018,2025-12-15 20:13:58.854189
-4.010082,2024-01-10,2024-01-17,sh.601018,2025-12-15 20:13:58.854189
-4.0081477,2024-01-11,2024-01-18,sh.601018,2025-12-15 20:13:58.854189
-4.0032954,2024-01-12,2024-01-19,sh.601018,2025-12-15 20:13:58.854189
-4.008596,2024-01-15,2024-01-22,sh.601018,2025-12-15 20:13:58.854189
-4.012849,2024-01-16,2024-01-23,sh.601018,2025-12-15 20:13:58.854189
-4.0188394,2024-01-17,2024-01-24,sh.601018,2025-12-15 20:13:58.854189
-4.031834,2024-01-18,2024-01-25,sh.601018,2025-12-15 20:13:58.854189
-4.0169773,2024-01-19,2024-01-26,sh.601018,2025-12-15 20:13:58.854189
-4.017103,2024-01-22,2024-01-29,sh.601018,2025-12-15 20:13:58.854189
-4.0161614,2024-01-23,2024-01-30,sh.601018,2025-12-15 20:13:58.854189
-4.015153,2024-01-24,2024-01-31,sh.601018,2025-12-15 20:13:58.854189
-4.0162973,2024-01-25,2024-02-01,sh.601018,2025-12-15 20:13:58.854189
-4.0141425,2024-01-26,2024-02-02,sh.601018,2025-12-15 20:13:58.854189
-4.0106654,2024-01-29,2024-02-05,sh.601018,2025-12-15 20:13:58.854189
-4.00843,2024-01-30,2024-02-06,sh.601018,2025-12-15 20:13:58.854189
-4.007603,2024-01-31,2024-02-07,sh.601018,2025-12-15 20:13:58.854189
-4.0027585,2024-02-01,2024-02-08,sh.601018,2025-12-15 20:13:58.854189
-4.0085797,2024-02-02,2024-02-09,sh.601018,2025-12-15 20:13:58.854189
-4.009871,2024-02-05,2024-02-12,sh.601018,2025-12-15 20:13:58.854189
-4.000154,2024-02-06,2024-02-13,sh.601018,2025-12-15 20:13:58.854189
-3.998585,2024-02-07,2024-02-14,sh.601018,2025-12-15 20:13:58.854189
-4.0006695,2024-02-08,2024-02-15,sh.601018,2025-12-15 20:13:58.854189
-3.9917638,2024-02-19,2024-02-26,sh.601018,2025-12-15 20:13:58.854189
-3.9908187,2024-02-20,2024-02-27,sh.601018,2025-12-15 20:13:58.854189
-3.9813302,2024-02-21,2024-02-28,sh.601018,2025-12-15 20:13:58.854189
-3.9816077,2024-02-22,2024-02-29,sh.601018,2025-12-15 20:13:58.854189
-3.973962,2024-02-23,2024-03-01,sh.601018,2025-12-15 20:13:58.854189
-3.9742448,2024-02-26,2024-03-04,sh.601018,2025-12-15 20:13:58.854189
-3.9710462,2024-02-27,2024-03-05,sh.601018,2025-12-15 20:13:58.854189
-3.973419,2024-02-28,2024-03-06,sh.601018,2025-12-15 20:13:58.854189
-3.9722192,2024-02-29,2024-03-07,sh.601018,2025-12-15 20:13:58.854189
-3.9720705,2024-03-01,2024-03-08,sh.601018,2025-12-15 20:13:58.854189
-3.9654996,2024-03-04,2024-03-11,sh.601018,2025-12-15 20:13:58.854189
-3.962599,2024-03-05,2024-03-12,sh.601018,2025-12-15 20:13:58.854189
-3.9611723,2024-03-06,2024-03-13,sh.601018,2025-12-15 20:13:58.854189
-3.9654596,2024-03-07,2024-03-14,sh.601018,2025-12-15 20:13:58.854189
-3.9669807,2024-03-08,2024-03-15,sh.601018,2025-12-15 20:13:58.854189
-3.9647367,2024-03-11,2024-03-18,sh.601018,2025-12-15 20:13:58.854189
-3.961682,2024-03-12,2024-03-19,sh.601018,2025-12-15 20:13:58.854189
-3.9599388,2024-03-13,2024-03-20,sh.601018,2025-12-15 20:13:58.854189
-3.9603364,2024-03-14,2024-03-21,sh.601018,2025-12-15 20:13:58.854189
-3.9651058,2024-03-15,2024-03-22,sh.601018,2025-12-15 20:13:58.854189
-3.9632418,2024-03-18,2024-03-25,sh.601018,2025-12-15 20:13:58.854189
-3.9635756,2024-03-19,2024-03-26,sh.601018,2025-12-15 20:13:58.854189
-3.9626367,2024-03-20,2024-03-27,sh.601018,2025-12-15 20:13:58.854189
-3.9581745,2024-03-21,2024-03-28,sh.601018,2025-12-15 20:13:58.854189
-3.9659297,2024-03-22,2024-03-29,sh.601018,2025-12-15 20:13:58.854189
-3.9643962,2024-03-25,2024-04-01,sh.601018,2025-12-15 20:13:58.854189
-3.966667,2024-03-26,2024-04-02,sh.601018,2025-12-15 20:13:58.854189
-3.9651377,2024-03-27,2024-04-03,sh.601018,2025-12-15 20:13:58.854189
-3.9765704,2024-03-28,2024-04-04,sh.601018,2025-12-15 20:13:58.854189
-3.965021,2024-03-29,2024-04-05,sh.601018,2025-12-15 20:13:58.854189
-3.9623487,2024-04-01,2024-04-08,sh.601018,2025-12-15 20:13:58.854189
-3.966489,2024-04-02,2024-04-09,sh.601018,2025-12-15 20:13:58.854189
-3.9622529,2024-04-03,2024-04-10,sh.601018,2025-12-15 20:13:58.854189
-3.968335,2024-04-08,2024-04-15,sh.601018,2025-12-15 20:13:58.854189
-3.9690678,2024-04-09,2024-04-16,sh.601018,2025-12-15 20:13:58.854189
-3.968786,2024-04-10,2024-04-17,sh.601018,2025-12-15 20:13:58.854189
-3.972585,2024-04-11,2024-04-18,sh.601018,2025-12-15 20:13:58.854189
-3.9716785,2024-04-12,2024-04-19,sh.601018,2025-12-15 20:13:58.854189
-3.9783885,2024-04-15,2024-04-22,sh.601018,2025-12-15 20:13:58.854189
-3.9825513,2024-04-16,2024-04-23,sh.601018,2025-12-15 20:13:58.854189
-3.9714687,2024-04-17,2024-04-24,sh.601018,2025-12-15 20:13:58.854189
-3.9857657,2024-04-18,2024-04-25,sh.601018,2025-12-15 20:13:58.854189
-3.9727714,2024-04-19,2024-04-26,sh.601018,2025-12-15 20:13:58.854189
-3.9890811,2024-04-22,2024-04-29,sh.601018,2025-12-15 20:13:58.854189
-3.9908502,2024-04-23,2024-04-30,sh.601018,2025-12-15 20:13:58.854189
-3.9791906,2024-04-24,2024-05-01,sh.601018,2025-12-15 20:13:58.854189
-3.9782522,2024-04-25,2024-05-02,sh.601018,2025-12-15 20:13:58.854189
-3.9935415,2024-04-26,2024-05-03,sh.601018,2025-12-15 20:13:58.854189
-3.9784052,2024-04-29,2024-05-06,sh.601018,2025-12-15 20:13:58.854189
-3.9789217,2024-04-30,2024-05-07,sh.601018,2025-12-15 20:13:58.854189
-3.9824588,2024-05-06,2024-05-13,sh.601018,2025-12-15 20:13:58.854189
-3.9843194,2024-05-07,2024-05-14,sh.601018,2025-12-15 20:13:58.854189
-3.9794643,2024-05-08,2024-05-15,sh.601018,2025-12-15 20:13:58.854189
-3.9784906,2024-05-09,2024-05-16,sh.601018,2025-12-15 20:13:58.854189
-3.9893901,2024-05-10,2024-05-17,sh.601018,2025-12-15 20:13:58.854189
-3.983559,2024-05-13,2024-05-20,sh.601018,2025-12-15 20:13:58.854189
-3.9882066,2024-05-14,2024-05-21,sh.601018,2025-12-15 20:13:58.854189
-3.982993,2024-05-15,2024-05-22,sh.601018,2025-12-15 20:13:58.854189
-3.9878452,2024-05-16,2024-05-23,sh.601018,2025-12-15 20:13:58.854189
-3.9829948,2024-05-17,2024-05-24,sh.601018,2025-12-15 20:13:58.854189
-3.9818833,2024-05-20,2024-05-27,sh.601018,2025-12-15 20:13:58.854189
-3.9822085,2024-05-21,2024-05-28,sh.601018,2025-12-15 20:13:58.854189
-3.973121,2024-05-22,2024-05-29,sh.601018,2025-12-15 20:13:58.854189
-3.9851568,2024-05-23,2024-05-30,sh.601018,2025-12-15 20:13:58.854189
-3.9758036,2024-05-24,2024-05-31,sh.601018,2025-12-15 20:13:58.854189
-3.9808233,2024-05-27,2024-06-03,sh.601018,2025-12-15 20:13:58.854189
-3.9786475,2024-05-28,2024-06-04,sh.601018,2025-12-15 20:13:58.854189
-3.976176,2024-05-29,2024-06-05,sh.601018,2025-12-15 20:13:58.854189
-3.9726484,2024-05-30,2024-06-06,sh.601018,2025-12-15 20:13:58.854189
-3.9650247,2024-05-31,2024-06-07,sh.601018,2025-12-15 20:13:58.854189
-3.9745657,2024-06-03,2024-06-10,sh.601018,2025-12-15 20:13:58.854189
-3.971031,2024-06-04,2024-06-11,sh.601018,2025-12-15 20:13:58.854189
-3.9722455,2024-06-05,2024-06-12,sh.601018,2025-12-15 20:13:58.854189
-3.9730575,2024-06-06,2024-06-13,sh.601018,2025-12-15 20:13:58.854189
-3.9649198,2024-06-07,2024-06-14,sh.601018,2025-12-15 20:13:58.854189
-3.9648974,2024-06-11,2024-06-18,sh.601018,2025-12-15 20:13:58.854189
-3.9651682,2024-06-12,2024-06-19,sh.601018,2025-12-15 20:13:58.854189
-3.9640663,2024-06-13,2024-06-20,sh.601018,2025-12-15 20:13:58.854189
-3.9625027,2024-06-14,2024-06-21,sh.601018,2025-12-15 20:13:58.854189
-3.9624965,2024-06-17,2024-06-24,sh.601018,2025-12-15 20:13:58.854189
-3.9599955,2024-06-18,2024-06-25,sh.601018,2025-12-15 20:13:58.854189
-3.953554,2024-06-19,2024-06-26,sh.601018,2025-12-15 20:13:58.854189
-3.9526227,2024-06-20,2024-06-27,sh.601018,2025-12-15 20:13:58.854189
-3.957999,2024-06-21,2024-06-28,sh.601018,2025-12-15 20:13:58.854189
-3.961653,2024-06-24,2024-07-01,sh.601018,2025-12-15 20:13:58.854189
-3.9551532,2024-06-25,2024-07-02,sh.601018,2025-12-15 20:13:58.854189
-3.9627159,2024-06-26,2024-07-03,sh.601018,2025-12-15 20:13:58.854189
-3.9522665,2024-06-27,2024-07-04,sh.601018,2025-12-15 20:13:58.854189
-3.9555933,2024-06-28,2024-07-05,sh.601018,2025-12-15 20:13:58.854189
-3.9558833,2024-07-01,2024-07-08,sh.601018,2025-12-15 20:13:58.854189
-3.9563744,2024-07-02,2024-07-09,sh.601018,2025-12-15 20:13:58.854189
-3.9530766,2024-07-03,2024-07-10,sh.601018,2025-12-15 20:13:58.854189
-3.963843,2024-07-04,2024-07-11,sh.601018,2025-12-15 20:13:58.854189
-3.9610183,2024-07-05,2024-07-12,sh.601018,2025-12-15 20:13:58.854189
-3.964534,2024-07-08,2024-07-15,sh.601018,2025-12-15 20:13:58.854189
-3.9651864,2024-07-09,2024-07-16,sh.601018,2025-12-15 20:13:58.854189
-3.9596107,2024-07-10,2024-07-17,sh.601018,2025-12-15 20:13:58.854189
-3.9585197,2024-07-11,2024-07-18,sh.601018,2025-12-15 20:13:58.854189
-3.9654367,2024-07-12,2024-07-19,sh.601018,2025-12-15 20:13:58.854189
-3.9655674,2024-07-15,2024-07-22,sh.601018,2025-12-15 20:13:58.854189
-3.9716632,2024-07-16,2024-07-23,sh.601018,2025-12-15 20:13:58.854189
-3.9725058,2024-07-17,2024-07-24,sh.601018,2025-12-15 20:13:58.854189
-3.9726298,2024-07-18,2024-07-25,sh.601018,2025-12-15 20:13:58.854189
-3.9720309,2024-07-19,2024-07-26,sh.601018,2025-12-15 20:13:58.854189
-3.9765942,2024-07-22,2024-07-29,sh.601018,2025-12-15 20:13:58.854189
-3.9733822,2024-07-23,2024-07-30,sh.601018,2025-12-15 20:13:58.854189
-3.978639,2024-07-24,2024-07-31,sh.601018,2025-12-15 20:13:58.854189
-3.9791267,2024-07-25,2024-08-01,sh.601018,2025-12-15 20:13:58.854189
-3.9764616,2024-07-26,2024-08-02,sh.601018,2025-12-15 20:13:58.854189
-3.978298,2024-07-29,2024-08-05,sh.601018,2025-12-15 20:13:58.854189
-3.9781997,2024-07-30,2024-08-06,sh.601018,2025-12-15 20:13:58.854189
-3.985174,2024-07-31,2024-08-07,sh.601018,2025-12-15 20:13:58.854189
-3.978245,2024-08-01,2024-08-08,sh.601018,2025-12-15 20:13:58.854189
-3.9802072,2024-08-02,2024-08-09,sh.601018,2025-12-15 20:13:58.854189
-3.9767268,2024-08-05,2024-08-12,sh.601018,2025-12-15 20:13:58.854189
-3.983868,2024-08-06,2024-08-13,sh.601018,2025-12-15 20:13:58.854189
-3.9711354,2024-08-07,2024-08-14,sh.601018,2025-12-15 20:13:58.854189
-3.9712846,2024-08-08,2024-08-15,sh.601018,2025-12-15 20:13:58.854189
-3.9778388,2024-08-09,2024-08-16,sh.601018,2025-12-15 20:13:58.854189
-3.9706,2024-08-12,2024-08-19,sh.601018,2025-12-15 20:13:58.854189
-3.969991,2024-08-13,2024-08-20,sh.601018,2025-12-15 20:13:58.854189
-3.9682934,2024-08-14,2024-08-21,sh.601018,2025-12-15 20:13:58.854189
-3.9709852,2024-08-15,2024-08-22,sh.601018,2025-12-15 20:13:58.854189
-3.969999,2024-08-16,2024-08-23,sh.601018,2025-12-15 20:13:58.854189
-3.968603,2024-08-19,2024-08-26,sh.601018,2025-12-15 20:13:58.854189
-3.9810793,2024-08-20,2024-08-27,sh.601018,2025-12-15 20:13:58.854189
-3.9769452,2024-08-21,2024-08-28,sh.601018,2025-12-15 20:13:58.854189
-3.976596,2024-08-22,2024-08-29,sh.601018,2025-12-15 20:13:58.854189
-3.9820316,2024-08-23,2024-08-30,sh.601018,2025-12-15 20:13:58.854189
-3.9838693,2024-08-26,2024-09-02,sh.601018,2025-12-15 20:13:58.854189
-3.9795525,2024-08-27,2024-09-03,sh.601018,2025-12-15 20:13:58.854189
-3.9800727,2024-08-28,2024-09-04,sh.601018,2025-12-15 20:13:58.854189
-3.9892032,2024-08-29,2024-09-05,sh.601018,2025-12-15 20:13:58.854189
-3.98613,2024-08-30,2024-09-06,sh.601018,2025-12-15 20:13:58.854189
-3.9829323,2024-09-02,2024-09-09,sh.601018,2025-12-15 20:13:58.854189
-3.9794042,2024-09-03,2024-09-10,sh.601018,2025-12-15 20:13:58.854189
-3.9834192,2024-09-04,2024-09-11,sh.601018,2025-12-15 20:13:58.854189
-3.9832914,2024-09-05,2024-09-12,sh.601018,2025-12-15 20:13:58.854189
-3.9815748,2024-09-06,2024-09-13,sh.601018,2025-12-15 20:13:58.854189
-3.989237,2024-09-09,2024-09-16,sh.601018,2025-12-15 20:13:58.854189
-3.994549,2024-09-10,2024-09-17,sh.601018,2025-12-15 20:13:58.854189
-3.9948022,2024-09-11,2024-09-18,sh.601018,2025-12-15 20:13:58.854189
-3.9877212,2024-09-12,2024-09-19,sh.601018,2025-12-15 20:13:58.854189
-3.9908807,2024-09-13,2024-09-20,sh.601018,2025-12-15 20:13:58.854189
-3.9960973,2024-09-18,2024-09-25,sh.601018,2025-12-15 20:13:58.854189
-3.9914682,2024-09-19,2024-09-26,sh.601018,2025-12-15 20:13:58.854189
-3.995651,2024-09-20,2024-09-27,sh.601018,2025-12-15 20:13:58.854189
-3.9921367,2024-09-23,2024-09-30,sh.601018,2025-12-15 20:13:58.854189
-3.9943817,2024-09-24,2024-10-01,sh.601018,2025-12-15 20:13:58.854189
-3.9893973,2024-09-25,2024-10-02,sh.601018,2025-12-15 20:13:58.854189
-3.994346,2024-09-26,2024-10-03,sh.601018,2025-12-15 20:13:58.854189
-3.9972446,2024-09-27,2024-10-04,sh.601018,2025-12-15 20:13:58.854189
-3.9977138,2024-09-30,2024-10-07,sh.601018,2025-12-15 20:13:58.854189
-4.0554028,2024-10-08,2024-10-15,sh.601018,2025-12-15 20:13:58.854189
-4.0453167,2024-10-09,2024-10-16,sh.601018,2025-12-15 20:13:58.854189
-3.9945433,2024-10-10,2024-10-17,sh.601018,2025-12-15 20:13:58.854189
-4.009998,2024-10-11,2024-10-18,sh.601018,2025-12-15 20:13:58.854189
-3.9901922,2024-10-14,2024-10-21,sh.601018,2025-12-15 20:13:58.854189
-4.005198,2024-10-15,2024-10-22,sh.601018,2025-12-15 20:13:58.854189
-3.9913795,2024-10-16,2024-10-23,sh.601018,2025-12-15 20:13:58.854189
-4.004052,2024-10-17,2024-10-24,sh.601018,2025-12-15 20:13:58.854189
-3.99625,2024-10-18,2024-10-25,sh.601018,2025-12-15 20:13:58.854189
-3.9959953,2024-10-21,2024-10-28,sh.601018,2025-12-15 20:13:58.854189
-3.9871466,2024-10-22,2024-10-29,sh.601018,2025-12-15 20:13:58.854189
-3.9852426,2024-10-23,2024-10-30,sh.601018,2025-12-15 20:13:58.854189
-3.9839122,2024-10-24,2024-10-31,sh.601018,2025-12-15 20:13:58.854189
-3.981909,2024-10-25,2024-11-01,sh.601018,2025-12-15 20:13:58.854189
-3.9891055,2024-10-28,2024-11-04,sh.601018,2025-12-15 20:13:58.854189
-3.9949267,2024-10-29,2024-11-05,sh.601018,2025-12-15 20:13:58.854189
-3.9851568,2024-10-30,2024-11-06,sh.601018,2025-12-15 20:13:58.854189
-3.9813888,2024-10-31,2024-11-07,sh.601018,2025-12-15 20:13:58.854189
-3.9729192,2024-11-01,2024-11-08,sh.601018,2025-12-15 20:13:58.854189
-3.9773414,2024-11-04,2024-11-11,sh.601018,2025-12-15 20:13:58.854189
-3.9742634,2024-11-05,2024-11-12,sh.601018,2025-12-15 20:13:58.854189
-3.9798448,2024-11-06,2024-11-13,sh.601018,2025-12-15 20:13:58.854189
-3.9838603,2024-11-07,2024-11-14,sh.601018,2025-12-15 20:13:58.854189
-3.981692,2024-11-08,2024-11-15,sh.601018,2025-12-15 20:13:58.854189
-3.970473,2024-11-11,2024-11-18,sh.601018,2025-12-15 20:13:58.854189
-3.965196,2024-11-12,2024-11-19,sh.601018,2025-12-15 20:13:58.854189
-3.95973,2024-11-13,2024-11-20,sh.601018,2025-12-15 20:13:58.854189
-3.9658859,2024-11-14,2024-11-21,sh.601018,2025-12-15 20:13:58.854189
-3.9671385,2024-11-15,2024-11-22,sh.601018,2025-12-15 20:13:58.854189
-3.9678085,2024-11-18,2024-11-25,sh.601018,2025-12-15 20:13:58.854189
-3.9715898,2024-11-19,2024-11-26,sh.601018,2025-12-15 20:13:58.854189
-3.9587777,2024-11-20,2024-11-27,sh.601018,2025-12-15 20:13:58.854189
-3.9607112,2024-11-21,2024-11-28,sh.601018,2025-12-15 20:13:58.854189
-3.965728,2024-11-22,2024-11-29,sh.601018,2025-12-15 20:13:58.854189
-3.9598854,2024-11-25,2024-12-02,sh.601018,2025-12-15 20:13:58.854189
-3.9639804,2024-11-26,2024-12-03,sh.601018,2025-12-15 20:13:58.854189
-3.9652207,2024-11-27,2024-12-04,sh.601018,2025-12-15 20:13:58.854189
-3.9574687,2024-11-28,2024-12-05,sh.601018,2025-12-15 20:13:58.854189
-3.9521968,2024-11-29,2024-12-06,sh.601018,2025-12-15 20:13:58.854189
-3.9531085,2024-12-02,2024-12-09,sh.601018,2025-12-15 20:13:58.854189
-3.959666,2024-12-03,2024-12-10,sh.601018,2025-12-15 20:13:58.854189
-3.9614437,2024-12-04,2024-12-11,sh.601018,2025-12-15 20:13:58.854189
-3.9663641,2024-12-05,2024-12-12,sh.601018,2025-12-15 20:13:58.854189
-3.9584358,2024-12-06,2024-12-13,sh.601018,2025-12-15 20:13:58.854189
-3.954128,2024-12-09,2024-12-16,sh.601018,2025-12-15 20:13:58.854189
-3.975495,2024-12-10,2024-12-17,sh.601018,2025-12-15 20:13:58.854189
-3.9545362,2024-12-11,2024-12-18,sh.601018,2025-12-15 20:13:58.854189
-3.960922,2024-12-12,2024-12-19,sh.601018,2025-12-15 20:13:58.854189
-3.9678895,2024-12-13,2024-12-20,sh.601018,2025-12-15 20:13:58.854189
-3.9616315,2024-12-16,2024-12-23,sh.601018,2025-12-15 20:13:58.854189
-3.9740374,2024-12-17,2024-12-24,sh.601018,2025-12-15 20:13:58.854189
-3.959275,2024-12-18,2024-12-25,sh.601018,2025-12-15 20:13:58.854189
-3.965325,2024-12-19,2024-12-26,sh.601018,2025-12-15 20:13:58.854189
-3.9661639,2024-12-20,2024-12-27,sh.601018,2025-12-15 20:13:58.854189
-3.9656384,2024-12-23,2024-12-30,sh.601018,2025-12-15 20:13:58.854189
-3.9667828,2024-12-24,2024-12-31,sh.601018,2025-12-15 20:13:58.854189
-3.9685695,2024-12-25,2025-01-01,sh.601018,2025-12-15 20:13:58.854189
-3.9728544,2024-12-26,2025-01-02,sh.601018,2025-12-15 20:13:58.854189
-3.9635432,2024-12-27,2025-01-03,sh.601018,2025-12-15 20:13:58.854189
-3.968171,2024-12-30,2025-01-06,sh.601018,2025-12-15 20:13:58.854189
-3.971915,2024-12-31,2025-01-07,sh.601018,2025-12-15 20:13:58.854189
-3.9906352,2025-01-02,2025-01-09,sh.601018,2025-12-15 20:13:58.854189
-3.978442,2025-01-03,2025-01-10,sh.601018,2025-12-15 20:13:58.854189
-3.9785478,2025-01-06,2025-01-13,sh.601018,2025-12-15 20:13:58.854189
-3.978155,2025-01-07,2025-01-14,sh.601018,2025-12-15 20:13:58.854189
-3.9770014,2025-01-08,2025-01-15,sh.601018,2025-12-15 20:13:58.854189
-3.9828875,2025-01-09,2025-01-16,sh.601018,2025-12-15 20:13:58.854189
-3.9841592,2025-01-10,2025-01-17,sh.601018,2025-12-15 20:13:58.854189
-3.9879954,2025-01-13,2025-01-20,sh.601018,2025-12-15 20:13:58.854189
-3.9845512,2025-01-14,2025-01-21,sh.601018,2025-12-15 20:13:58.854189
-3.9821422,2025-01-15,2025-01-22,sh.601018,2025-12-15 20:13:58.854189
-3.9857438,2025-01-16,2025-01-23,sh.601018,2025-12-15 20:13:58.854189
-3.9870899,2025-01-17,2025-01-24,sh.601018,2025-12-15 20:13:58.854189
-3.9880722,2025-01-20,2025-01-27,sh.601018,2025-12-15 20:13:58.854189
-3.9936445,2025-01-21,2025-01-28,sh.601018,2025-12-15 20:13:58.854189
-3.9920976,2025-01-22,2025-01-29,sh.601018,2025-12-15 20:13:58.854189
-3.9863193,2025-01-23,2025-01-30,sh.601018,2025-12-15 20:13:58.854189
-3.9893563,2025-01-24,2025-01-31,sh.601018,2025-12-15 20:13:58.854189
-3.9867594,2025-01-27,2025-02-03,sh.601018,2025-12-15 20:13:58.854189
-3.9891813,2025-02-05,2025-02-12,sh.601018,2025-12-15 20:13:58.854189
-3.9912279,2025-02-06,2025-02-13,sh.601018,2025-12-15 20:13:58.854189
-3.9931848,2025-02-07,2025-02-14,sh.601018,2025-12-15 20:13:58.854189
-3.9906952,2025-02-10,2025-02-17,sh.601018,2025-12-15 20:13:58.854189
-3.9890096,2025-02-11,2025-02-18,sh.601018,2025-12-15 20:13:58.854189
-3.9905593,2025-02-12,2025-02-19,sh.601018,2025-12-15 20:13:58.854189
-3.983878,2025-02-13,2025-02-20,sh.601018,2025-12-15 20:13:58.854189
-3.9859912,2025-02-14,2025-02-21,sh.601018,2025-12-15 20:13:58.854189
-3.9876363,2025-02-17,2025-02-24,sh.601018,2025-12-15 20:13:58.854189
-3.9898832,2025-02-18,2025-02-25,sh.601018,2025-12-15 20:13:58.854189
-3.9905627,2025-02-19,2025-02-26,sh.601018,2025-12-15 20:13:58.854189
-3.983659,2025-02-20,2025-02-27,sh.601018,2025-12-15 20:13:58.854189
-3.9807494,2025-02-21,2025-02-28,sh.601018,2025-12-15 20:13:58.854189
-3.9816182,2025-02-24,2025-03-03,sh.601018,2025-12-15 20:13:58.854189
-3.9836156,2025-02-25,2025-03-04,sh.601018,2025-12-15 20:13:58.854189
-3.9854214,2025-02-26,2025-03-05,sh.601018,2025-12-15 20:13:58.854189
-3.9896643,2025-02-27,2025-03-06,sh.601018,2025-12-15 20:13:58.854189
-3.9872262,2025-02-28,2025-03-07,sh.601018,2025-12-15 20:13:58.854189
-3.986675,2025-03-03,2025-03-10,sh.601018,2025-12-15 20:13:58.854189
-3.9834702,2025-03-04,2025-03-11,sh.601018,2025-12-15 20:13:58.854189
-3.9877822,2025-03-05,2025-03-12,sh.601018,2025-12-15 20:13:58.854189
-3.9911792,2025-03-06,2025-03-13,sh.601018,2025-12-15 20:13:58.854189
-3.992833,2025-03-07,2025-03-14,sh.601018,2025-12-15 20:13:58.854189
-3.9917333,2025-03-10,2025-03-17,sh.601018,2025-12-15 20:13:58.854189
-3.9899266,2025-03-11,2025-03-18,sh.601018,2025-12-15 20:13:58.854189
-3.994356,2025-03-12,2025-03-19,sh.601018,2025-12-15 20:13:58.854189
-3.996205,2025-03-13,2025-03-20,sh.601018,2025-12-15 20:13:58.854189
-3.996302,2025-03-14,2025-03-21,sh.601018,2025-12-15 20:13:58.854189
-3.9961507,2025-03-17,2025-03-24,sh.601018,2025-12-15 20:13:58.854189
-4.0068107,2025-03-18,2025-03-25,sh.601018,2025-12-15 20:13:58.854189
-4.006316,2025-03-19,2025-03-26,sh.601018,2025-12-15 20:13:58.854189
-4.0024977,2025-03-20,2025-03-27,sh.601018,2025-12-15 20:13:58.854189
-4.0000257,2025-03-21,2025-03-28,sh.601018,2025-12-15 20:13:58.854189
-4.0120516,2025-03-24,2025-03-31,sh.601018,2025-12-15 20:13:58.854189
-4.005903,2025-03-25,2025-04-01,sh.601018,2025-12-15 20:13:58.854189
-4.004241,2025-03-26,2025-04-02,sh.601018,2025-12-15 20:13:58.854189
-4.005593,2025-03-27,2025-04-03,sh.601018,2025-12-15 20:13:58.854189
-4.0145197,2025-03-28,2025-04-04,sh.601018,2025-12-15 20:13:58.854189
-4.009949,2025-03-31,2025-04-07,sh.601018,2025-12-15 20:13:58.854189
-4.009453,2025-04-01,2025-04-08,sh.601018,2025-12-15 20:13:58.854189
-4.0138,2025-04-02,2025-04-09,sh.601018,2025-12-15 20:13:58.854189
-4.0098486,2025-04-03,2025-04-10,sh.601018,2025-12-15 20:13:58.854189
-4.0344496,2025-04-07,2025-04-14,sh.601018,2025-12-15 20:13:58.854189
-4.015019,2025-04-08,2025-04-15,sh.601018,2025-12-15 20:13:58.854189
-4.029102,2025-04-09,2025-04-16,sh.601018,2025-12-15 20:13:58.854189
-4.0255446,2025-04-10,2025-04-17,sh.601018,2025-12-15 20:13:58.854189
-4.0125146,2025-04-11,2025-04-18,sh.601018,2025-12-15 20:13:58.854189
-4.0125794,2025-04-14,2025-04-21,sh.601018,2025-12-15 20:13:58.854189
-4.022057,2025-04-15,2025-04-22,sh.601018,2025-12-15 20:13:58.854189
-4.016209,2025-04-16,2025-04-23,sh.601018,2025-12-15 20:13:58.854189
-4.021724,2025-04-17,2025-04-24,sh.601018,2025-12-15 20:13:58.854189
-4.014772,2025-04-18,2025-04-25,sh.601018,2025-12-15 20:13:58.854189
-4.011746,2025-04-21,2025-04-28,sh.601018,2025-12-15 20:13:58.854189
-4.011128,2025-04-22,2025-04-29,sh.601018,2025-12-15 20:13:58.854189
-4.011149,2025-04-23,2025-04-30,sh.601018,2025-12-15 20:13:58.854189
-4.012749,2025-04-24,2025-05-01,sh.601018,2025-12-15 20:13:58.854189
-4.0177546,2025-04-25,2025-05-02,sh.601018,2025-12-15 20:13:58.854189
-4.0146403,2025-04-28,2025-05-05,sh.601018,2025-12-15 20:13:58.854189
-4.012363,2025-04-29,2025-05-06,sh.601018,2025-12-15 20:13:58.854189
-4.0093036,2025-04-30,2025-05-07,sh.601018,2025-12-15 20:13:58.854189
-4.004723,2025-05-06,2025-05-13,sh.601018,2025-12-15 20:13:58.854189
-4.0099273,2025-05-07,2025-05-14,sh.601018,2025-12-15 20:13:58.854189
-4.014705,2025-05-08,2025-05-15,sh.601018,2025-12-15 20:13:58.854189
-4.011564,2025-05-09,2025-05-16,sh.601018,2025-12-15 20:13:58.854189
-4.0115633,2025-05-12,2025-05-19,sh.601018,2025-12-15 20:13:58.854189
-4.0113726,2025-05-13,2025-05-20,sh.601018,2025-12-15 20:13:58.854189
-4.0088086,2025-05-14,2025-05-21,sh.601018,2025-12-15 20:13:58.854189
-3.9924953,2025-05-15,2025-05-22,sh.601018,2025-12-15 20:13:58.854189
-4.011239,2025-05-16,2025-05-23,sh.601018,2025-12-15 20:13:58.854189
-4.0259633,2025-05-19,2025-05-26,sh.601018,2025-12-15 20:13:58.854189
-4.0060563,2025-05-20,2025-05-27,sh.601018,2025-12-15 20:13:58.854189
-4.004473,2025-05-21,2025-05-28,sh.601018,2025-12-15 20:13:58.854189
-4.0031204,2025-05-22,2025-05-29,sh.601018,2025-12-15 20:13:58.854189
-3.998287,2025-05-23,2025-05-30,sh.601018,2025-12-15 20:13:58.854189
-4.002761,2025-05-26,2025-06-02,sh.601018,2025-12-15 20:13:58.854189
-4.0055847,2025-05-27,2025-06-03,sh.601018,2025-12-15 20:13:58.854189
-3.9983037,2025-05-28,2025-06-04,sh.601018,2025-12-15 20:13:58.854189
-3.9929469,2025-05-29,2025-06-05,sh.601018,2025-12-15 20:13:58.854189
-3.9902627,2025-05-30,2025-06-06,sh.601018,2025-12-15 20:13:58.854189
-3.9896338,2025-06-03,2025-06-10,sh.601018,2025-12-15 20:13:58.854189
-3.9915874,2025-06-04,2025-06-11,sh.601018,2025-12-15 20:13:58.854189
-3.991782,2025-06-05,2025-06-12,sh.601018,2025-12-15 20:13:58.854189
-3.984618,2025-06-06,2025-06-13,sh.601018,2025-12-15 20:13:58.854189
-3.9826324,2025-06-09,2025-06-16,sh.601018,2025-12-15 20:13:58.854189
-3.985638,2025-06-10,2025-06-17,sh.601018,2025-12-15 20:13:58.854189
-3.9881694,2025-06-11,2025-06-18,sh.601018,2025-12-15 20:13:58.854189
-3.9849412,2025-06-12,2025-06-19,sh.601018,2025-12-15 20:13:58.854189
-3.9795978,2025-06-13,2025-06-20,sh.601018,2025-12-15 20:13:58.854189
-3.9753988,2025-06-16,2025-06-23,sh.601018,2025-12-15 20:13:58.854189
-3.9724348,2025-06-17,2025-06-24,sh.601018,2025-12-15 20:13:58.854189
-3.9741476,2025-06-18,2025-06-25,sh.601018,2025-12-15 20:13:58.854189
-3.9792774,2025-06-19,2025-06-26,sh.601018,2025-12-15 20:13:58.854189
-3.9732997,2025-06-20,2025-06-27,sh.601018,2025-12-15 20:13:58.854189
-3.975621,2025-06-23,2025-06-30,sh.601018,2025-12-15 20:13:58.854189
-3.9845846,2025-06-24,2025-07-01,sh.601018,2025-12-15 20:13:58.854189
-3.974027,2025-06-25,2025-07-02,sh.601018,2025-12-15 20:13:58.854189
-3.968376,2025-06-26,2025-07-03,sh.601018,2025-12-15 20:13:58.854189
-3.972739,2025-06-27,2025-07-04,sh.601018,2025-12-15 20:13:58.854189
-3.975478,2025-06-30,2025-07-07,sh.601018,2025-12-15 20:13:58.854189
-3.9764822,2025-07-01,2025-07-08,sh.601018,2025-12-15 20:13:58.854189
-3.9769146,2025-07-02,2025-07-09,sh.601018,2025-12-15 20:13:58.854189
-3.982928,2025-07-03,2025-07-10,sh.601018,2025-12-15 20:13:58.854189
-3.9765065,2025-07-04,2025-07-11,sh.601018,2025-12-15 20:13:58.854189
-3.9772646,2025-07-07,2025-07-14,sh.601018,2025-12-15 20:13:58.854189
-3.9834106,2025-07-08,2025-07-15,sh.601018,2025-12-15 20:13:58.854189
-3.9851444,2025-07-09,2025-07-16,sh.601018,2025-12-15 20:13:58.854189
-3.9868124,2025-07-10,2025-07-17,sh.601018,2025-12-15 20:13:58.854189
-3.9939048,2025-07-11,2025-07-18,sh.601018,2025-12-15 20:13:58.854189
-3.9893224,2025-07-14,2025-07-21,sh.601018,2025-12-15 20:13:58.854189
-3.9964283,2025-07-15,2025-07-22,sh.601018,2025-12-15 20:13:58.854189
-3.990217,2025-07-16,2025-07-23,sh.601018,2025-12-15 20:13:58.854189
-3.9991224,2025-07-17,2025-07-24,sh.601018,2025-12-15 20:13:58.854189
-4.00034,2025-07-18,2025-07-25,sh.601018,2025-12-15 20:13:58.854189
-4.0015845,2025-07-21,2025-07-28,sh.601018,2025-12-15 20:13:58.854189
-4.0080504,2025-07-22,2025-07-29,sh.601018,2025-12-15 20:13:58.854189
-4.0057845,2025-07-23,2025-07-30,sh.601018,2025-12-15 20:13:58.854189
-4.0034137,2025-07-24,2025-07-31,sh.601018,2025-12-15 20:13:58.854189
-4.0131183,2025-07-25,2025-08-01,sh.601018,2025-12-15 20:13:58.854189
-4.0178432,2025-07-28,2025-08-04,sh.601018,2025-12-15 20:13:58.854189
-4.0197296,2025-07-29,2025-08-05,sh.601018,2025-12-15 20:13:58.854189
-4.0167327,2025-07-30,2025-08-06,sh.601018,2025-12-15 20:13:58.854189
-4.0214543,2025-07-31,2025-08-07,sh.601018,2025-12-15 20:13:58.854189
-4.00983,2025-08-01,2025-08-08,sh.601018,2025-12-15 20:13:58.854189
-4.0128145,2025-08-04,2025-08-11,sh.601018,2025-12-15 20:13:58.854189
-4.018328,2025-08-05,2025-08-12,sh.601018,2025-12-15 20:13:58.854189
-4.0212245,2025-08-06,2025-08-13,sh.601018,2025-12-15 20:13:58.854189
-4.0189047,2025-08-07,2025-08-14,sh.601018,2025-12-15 20:13:58.854189
-4.010368,2025-08-08,2025-08-15,sh.601018,2025-12-15 20:13:58.854189
-4.0105987,2025-08-11,2025-08-18,sh.601018,2025-12-15 20:13:58.854189
-4.0084796,2025-08-12,2025-08-19,sh.601018,2025-12-15 20:13:58.854189
-4.017018,2025-08-13,2025-08-20,sh.601018,2025-12-15 20:13:58.854189
-4.0141625,2025-08-14,2025-08-21,sh.601018,2025-12-15 20:13:58.854189
-4.0077853,2025-08-15,2025-08-22,sh.601018,2025-12-15 20:13:58.854189
-4.0035777,2025-08-18,2025-08-25,sh.601018,2025-12-15 20:13:58.854189
-3.9986174,2025-08-19,2025-08-26,sh.601018,2025-12-15 20:13:58.854189
-4.001328,2025-08-20,2025-08-27,sh.601018,2025-12-15 20:13:58.854189
-4.001293,2025-08-21,2025-08-28,sh.601018,2025-12-15 20:13:58.854189
-4.008227,2025-08-22,2025-08-29,sh.601018,2025-12-15 20:13:58.854189
-3.9977958,2025-08-25,2025-09-01,sh.601018,2025-12-15 20:13:58.854189
-3.9930198,2025-08-26,2025-09-02,sh.601018,2025-12-15 20:13:58.854189
-4.0035787,2025-08-27,2025-09-03,sh.601018,2025-12-15 20:13:58.854189
-4.0034413,2025-08-28,2025-09-04,sh.601018,2025-12-15 20:13:58.854189
-3.99097,2025-08-29,2025-09-05,sh.601018,2025-12-15 20:13:58.854189
-3.998532,2025-09-01,2025-09-08,sh.601018,2025-12-15 20:13:58.854189
-3.993119,2025-09-02,2025-09-09,sh.601018,2025-12-15 20:13:58.854189
-3.994684,2025-09-03,2025-09-10,sh.601018,2025-12-15 20:13:58.854189
-3.9942672,2025-09-04,2025-09-11,sh.601018,2025-12-15 20:13:58.854189
-3.9942281,2025-09-05,2025-09-12,sh.601018,2025-12-15 20:13:58.854189
-3.987826,2025-09-08,2025-09-15,sh.601018,2025-12-15 20:13:58.854189
-3.9923227,2025-09-09,2025-09-16,sh.601018,2025-12-15 20:13:58.854189
-3.9951313,2025-09-10,2025-09-17,sh.601018,2025-12-15 20:13:58.854189
-3.9986122,2025-09-11,2025-09-18,sh.601018,2025-12-15 20:13:58.854189
-3.9867623,2025-09-12,2025-09-19,sh.601018,2025-12-15 20:13:58.854189
-3.9889715,2025-09-15,2025-09-22,sh.601018,2025-12-15 20:13:58.854189
-3.9936216,2025-09-16,2025-09-23,sh.601018,2025-12-15 20:13:58.854189
-4.004065,2025-09-17,2025-09-24,sh.601018,2025-12-15 20:13:58.854189
-4.0097113,2025-09-18,2025-09-25,sh.601018,2025-12-15 20:13:58.854189
-3.9999716,2025-09-19,2025-09-26,sh.601018,2025-12-15 20:13:58.854189
-4.001922,2025-09-22,2025-09-29,sh.601018,2025-12-15 20:13:58.854189
-4.0002093,2025-09-23,2025-09-30,sh.601018,2025-12-15 20:13:58.854189
-4.0054355,2025-09-24,2025-10-01,sh.601018,2025-12-15 20:13:58.854189
-4.0091443,2025-09-25,2025-10-02,sh.601018,2025-12-15 20:13:58.854189
-3.9996874,2025-09-26,2025-10-03,sh.601018,2025-12-15 20:13:58.854189
-4.01156,2025-09-29,2025-10-06,sh.601018,2025-12-15 20:13:58.854189
-4.0019326,2025-09-30,2025-10-07,sh.601018,2025-12-15 20:13:58.854189
-3.9981697,2025-10-09,2025-10-16,sh.601018,2025-12-15 20:13:58.854189
-3.9993074,2025-10-10,2025-10-17,sh.601018,2025-12-15 20:13:58.854189
-4.00572,2025-10-13,2025-10-20,sh.601018,2025-12-15 20:13:58.854189
-4.003218,2025-10-14,2025-10-21,sh.601018,2025-12-15 20:13:58.854189
-4.0150285,2025-10-15,2025-10-22,sh.601018,2025-12-15 20:13:58.854189
-4.0027575,2025-10-16,2025-10-23,sh.601018,2025-12-15 20:13:58.854189
-4.003821,2025-10-17,2025-10-24,sh.601018,2025-12-15 20:13:58.854189
-4.004577,2025-10-20,2025-10-27,sh.601018,2025-12-15 20:13:58.854189
-4.006247,2025-10-21,2025-10-28,sh.601018,2025-12-15 20:13:58.854189
-4.003449,2025-10-22,2025-10-29,sh.601018,2025-12-15 20:13:58.854189
-4.004174,2025-10-23,2025-10-30,sh.601018,2025-12-15 20:13:58.854189
-4.0056396,2025-10-24,2025-10-31,sh.601018,2025-12-15 20:13:58.854189
-3.9999688,2025-10-27,2025-11-03,sh.601018,2025-12-15 20:13:58.854189
-3.9949706,2025-10-28,2025-11-04,sh.601018,2025-12-15 20:13:58.854189
-4.004144,2025-10-29,2025-11-05,sh.601018,2025-12-15 20:13:58.854189
-3.9920585,2025-10-30,2025-11-06,sh.601018,2025-12-15 20:13:58.854189
-4.009028,2025-10-31,2025-11-07,sh.601018,2025-12-15 20:13:58.854189
-3.9936292,2025-11-03,2025-11-10,sh.601018,2025-12-15 20:13:58.854189
-3.993532,2025-11-04,2025-11-11,sh.601018,2025-12-15 20:13:58.854189
-3.9905813,2025-11-05,2025-11-12,sh.601018,2025-12-15 20:13:58.854189
-3.9851873,2025-11-06,2025-11-13,sh.601018,2025-12-15 20:13:58.854189
-3.984378,2025-11-07,2025-11-14,sh.601018,2025-12-15 20:13:58.854189
-3.9917023,2025-11-10,2025-11-17,sh.601018,2025-12-15 20:13:58.854189
-3.9861224,2025-11-11,2025-11-18,sh.601018,2025-12-15 20:13:58.854189
-3.9857094,2025-11-12,2025-11-19,sh.601018,2025-12-15 20:13:58.854189
-3.9859235,2025-11-13,2025-11-20,sh.601018,2025-12-15 20:13:58.854189
-3.9748218,2025-11-14,2025-11-21,sh.601018,2025-12-15 20:13:58.854189
-3.9852283,2025-11-17,2025-11-24,sh.601018,2025-12-15 20:13:58.854189
-3.9939997,2025-11-18,2025-11-25,sh.601018,2025-12-15 20:13:58.854189
-3.9788082,2025-11-19,2025-11-26,sh.601018,2025-12-15 20:13:58.854189
-3.9843652,2025-11-20,2025-11-27,sh.601018,2025-12-15 20:13:58.854189
-3.9921854,2025-11-21,2025-11-28,sh.601018,2025-12-15 20:13:58.854189
-3.969477,2025-11-24,2025-12-01,sh.601018,2025-12-15 20:13:58.854189
-3.9613764,2025-11-25,2025-12-02,sh.601018,2025-12-15 20:13:58.854189
-3.956385,2025-11-26,2025-12-03,sh.601018,2025-12-15 20:13:58.854189
-3.9675186,2025-11-27,2025-12-04,sh.601018,2025-12-15 20:13:58.854189
-3.969261,2025-11-28,2025-12-05,sh.601018,2025-12-15 20:13:58.854189
-3.9821799,2025-12-01,2025-12-08,sh.601018,2025-12-15 20:13:58.854189
-3.9621813,2025-12-02,2025-12-09,sh.601018,2025-12-15 20:13:58.854189
-3.95773,2025-12-03,2025-12-10,sh.601018,2025-12-15 20:13:58.854189
-3.970619,2025-12-04,2025-12-11,sh.601018,2025-12-15 20:13:58.854189
-3.983085,2025-12-05,2025-12-12,sh.601018,2025-12-15 20:13:58.854189
-3.9808571,2025-12-08,2025-12-15,sh.601018,2025-12-15 20:13:58.854189
-3.9840724,2025-12-09,2025-12-16,sh.601018,2025-12-15 20:13:58.854189
-3.9819381,2025-12-10,2025-12-17,sh.601018,2025-12-15 20:13:58.854189
-3.9845908,2025-12-11,2025-12-18,sh.601018,2025-12-15 20:13:58.854189
-3.991698,2025-12-12,2025-12-19,sh.601018,2025-12-15 20:13:58.854189
-3.9922721,2025-12-15,2025-12-22,sh.601018,2025-12-15 20:13:58.854189
-4.0884404,2025-12-15,2025-12-22,sh.601021,2025-12-15 20:13:58.854189
-4.051354,2025-12-15,2025-12-22,sh.601058,2025-12-15 20:13:58.854189
-3.9635203,2025-12-15,2025-12-22,sh.601066,2025-12-15 20:13:58.854189
-4.035705,2025-12-15,2025-12-22,sh.601077,2025-12-15 20:13:58.854189
-4.0094724,2025-12-15,2025-12-22,sh.601088,2025-12-15 20:13:58.854189
-4.0317016,2025-12-15,2025-12-22,sh.601100,2025-12-15 20:13:58.854189
-4.047137,2025-12-15,2025-12-22,sh.601111,2025-12-15 20:13:58.854189
-3.9856174,2025-12-15,2025-12-22,sh.601117,2025-12-15 20:13:58.854189
-4.3021784,2025-12-15,2025-12-22,sh.601127,2025-12-15 20:13:58.854189
-3.3208983,2025-12-15,2025-12-22,sh.601138,2025-12-15 20:13:58.854189
-3.9158194,2025-12-15,2025-12-22,sh.601166,2025-12-15 20:13:58.854189
-3.9310615,2025-12-15,2025-12-22,sh.601169,2025-12-15 20:13:58.854189
-3.9029648,2025-12-15,2025-12-22,sh.601186,2025-12-15 20:13:58.854189
-4.00365,2025-12-15,2025-12-22,sh.601211,2025-12-15 20:13:58.854189
-3.9368522,2025-12-15,2025-12-22,sh.601225,2025-12-15 20:13:58.854189
-3.9611757,2025-12-15,2025-12-22,sh.601229,2025-12-15 20:13:58.854189
-3.9641025,2025-12-15,2025-12-22,sh.601236,2025-12-15 20:13:58.854189
-4.1036286,2025-12-15,2025-12-22,sh.601238,2025-12-15 20:13:58.854189
-3.9894006,2025-12-15,2025-12-22,sh.601288,2025-12-15 20:13:58.854189
-3.9603555,2025-12-15,2025-12-22,sh.601298,2025-12-15 20:13:58.854189
-4.055164,2025-12-15,2025-12-22,sh.601318,2025-12-15 20:13:58.854189
-3.9581144,2025-12-15,2025-12-22,sh.601319,2025-12-15 20:13:58.854189
-3.9489992,2025-12-15,2025-12-22,sh.601328,2025-12-15 20:13:58.854189
-3.9153469,2025-12-15,2025-12-22,sh.601336,2025-12-15 20:13:58.854189
-3.810423,2025-12-15,2025-12-22,sh.601360,2025-12-15 20:13:58.854189
-3.9777048,2025-12-15,2025-12-22,sh.601377,2025-12-15 20:13:58.854189
-3.8995166,2025-12-15,2025-12-22,sh.601390,2025-12-15 20:13:58.854189
-3.949086,2025-12-15,2025-12-22,sh.601398,2025-12-15 20:13:58.854189
-3.9990823,2025-12-15,2025-12-22,sh.601600,2025-12-15 20:13:58.854189
-3.968973,2025-12-15,2025-12-22,sh.601601,2025-12-15 20:13:58.854189
-3.694901,2025-12-15,2025-12-22,sh.601607,2025-12-15 20:13:58.854189
-3.946214,2025-12-15,2025-12-22,sh.601618,2025-12-15 20:13:58.854189
-3.8963516,2025-12-15,2025-12-22,sh.601628,2025-12-15 20:13:58.854189
-3.9504087,2025-12-15,2025-12-22,sh.601633,2025-12-15 20:13:58.854189
-3.9086456,2025-12-15,2025-12-22,sh.601668,2025-12-15 20:13:58.854189
-4.0832663,2025-12-15,2025-12-22,sh.601669,2025-12-15 20:13:58.854189
-3.9399173,2025-12-15,2025-12-22,sh.601688,2025-12-15 20:13:58.854189
-4.168656,2025-12-15,2025-12-22,sh.601689,2025-12-15 20:13:58.854189
-3.8573842,2025-12-15,2025-12-22,sh.601698,2025-12-15 20:13:58.854189
-3.9986103,2025-12-15,2025-12-22,sh.601766,2025-12-15 20:13:58.854189
-3.9773276,2025-12-15,2025-12-22,sh.601788,2025-12-15 20:13:58.854189
-3.9203298,2025-12-15,2025-12-22,sh.601800,2025-12-15 20:13:58.854189
-4.0404654,2025-12-15,2025-12-22,sh.601808,2025-12-15 20:13:58.854189
-3.9749644,2025-12-15,2025-12-22,sh.601818,2025-12-15 20:13:58.854189
-4.0422997,2025-12-15,2025-12-22,sh.601838,2025-12-15 20:13:58.854189
-3.9640296,2025-12-15,2025-12-22,sh.601857,2025-12-15 20:13:58.854189
-3.934797,2025-12-15,2025-12-22,sh.601872,2025-12-15 20:13:58.854189
-4.1033263,2025-12-15,2025-12-22,sh.601877,2025-12-15 20:13:58.854189
-3.9899814,2025-12-15,2025-12-22,sh.601878,2025-12-15 20:13:58.854189
-3.9413683,2025-12-15,2025-12-22,sh.601881,2025-12-15 20:13:58.854189
-4.2320266,2025-12-15,2025-12-22,sh.601888,2025-12-15 20:13:58.854189
-3.9206798,2025-12-15,2025-12-22,sh.601898,2025-12-15 20:13:58.854189
-3.9955285,2025-12-15,2025-12-22,sh.601899,2025-12-15 20:13:58.854189
-3.9572618,2025-12-15,2025-12-22,sh.601901,2025-12-15 20:13:58.854189
-4.0068564,2025-12-15,2025-12-22,sh.601916,2025-12-15 20:13:58.854189
-4.137075,2025-12-15,2025-12-22,sh.601919,2025-12-15 20:13:58.854189
-3.9113588,2025-12-15,2025-12-22,sh.601939,2025-12-15 20:13:58.854189
-3.9657505,2025-12-15,2025-12-22,sh.601985,2025-12-15 20:13:58.854189
-3.9511898,2025-12-15,2025-12-22,sh.601988,2025-12-15 20:13:58.854189
-3.9482749,2025-12-15,2025-12-22,sh.601998,2025-12-15 20:13:58.854189
-3.618868,2025-12-15,2025-12-22,sh.603019,2025-12-15 20:13:58.854189
-3.5950048,2025-12-15,2025-12-22,sh.603259,2025-12-15 20:13:58.854189
-4.6403728,2025-12-15,2025-12-22,sh.603260,2025-12-15 20:13:58.854189
-3.7895653,2025-12-15,2025-12-22,sh.603288,2025-12-15 20:13:58.854189
-3.902869,2025-12-15,2025-12-22,sh.603369,2025-12-15 20:13:58.854189
-4.107061,2025-12-15,2025-12-22,sh.603501,2025-12-15 20:13:58.854189
-3.9889104,2025-12-15,2025-12-22,sh.603799,2025-12-15 20:13:58.854189
-3.4551523,2025-12-15,2025-12-22,sh.603986,2025-12-15 20:13:58.854189
-3.8302157,2025-12-15,2025-12-22,sh.603993,2025-12-15 20:13:58.854189
-4.00322,2025-12-15,2025-12-22,sh.688008,2025-12-15 20:13:58.854189
-3.9366457,2025-12-15,2025-12-22,sh.688009,2025-12-15 20:13:58.854189
-3.7125447,2025-12-15,2025-12-22,sh.688012,2025-12-15 20:13:58.854189
-4.1465187,2025-12-15,2025-12-22,sh.688036,2025-12-15 20:13:58.854189
-4.075761,2025-12-15,2025-12-22,sh.688111,2025-12-15 20:13:58.854189
-3.9804084,2025-12-15,2025-12-22,sz.000001,2025-12-15 20:13:58.854189
-3.8312697,2025-12-15,2025-12-22,sz.000002,2025-12-15 20:13:58.854189
-3.6467822,2025-12-15,2025-12-22,sz.000063,2025-12-15 20:13:58.854189
-3.9811275,2025-12-15,2025-12-22,sz.000100,2025-12-15 20:13:58.854189
-3.6606984,2025-12-15,2025-12-22,sz.000157,2025-12-15 20:13:58.854189
-3.9881337,2025-12-15,2025-12-22,sz.000166,2025-12-15 20:13:58.854189
-4.2375207,2025-12-15,2025-12-22,sz.000301,2025-12-15 20:13:58.854189
-3.9480546,2025-12-15,2025-12-22,sz.000333,2025-12-15 20:13:58.854189
-4.0095963,2025-12-15,2025-12-22,sz.000338,2025-12-15 20:13:58.854189
-4.095971,2025-12-15,2025-12-22,sz.000408,2025-12-15 20:13:58.854189
-3.8484814,2025-12-15,2025-12-22,sz.000425,2025-12-15 20:13:58.854189
-3.6102698,2025-12-15,2025-12-22,sz.000538,2025-12-15 20:13:58.854189
-4.4403954,2025-12-15,2025-12-22,sz.000568,2025-12-15 20:13:58.854189
-4.157375,2025-12-15,2025-12-22,sz.000596,2025-12-15 20:13:58.854189
-3.9316518,2025-12-15,2025-12-22,sz.000617,2025-12-15 20:13:58.854189
-4.153725,2025-12-15,2025-12-22,sz.000625,2025-12-15 20:13:58.854189
-3.8602803,2025-12-15,2025-12-22,sz.000630,2025-12-15 20:13:58.854189
-3.9613612,2025-12-15,2025-12-22,sz.000651,2025-12-15 20:13:58.854189
-4.0584903,2025-12-15,2025-12-22,sz.000661,2025-12-15 20:13:58.854189
-3.9678571,2025-12-15,2025-12-22,sz.000708,2025-12-15 20:13:58.854189
-3.9342506,2025-12-15,2025-12-22,sz.000725,2025-12-15 20:13:58.854189
-4.061217,2025-12-15,2025-12-22,sz.000768,2025-12-15 20:13:58.854189
-4.1537137,2025-12-15,2025-12-22,sz.000776,2025-12-15 20:13:58.854189
-4.0776887,2025-12-15,2025-12-22,sz.000786,2025-12-15 20:13:58.854189
-4.1143513,2025-12-15,2025-12-22,sz.000792,2025-12-15 20:13:58.854189
-4.060063,2025-12-15,2025-12-22,sz.000807,2025-12-15 20:13:58.854189
-4.690359,2025-12-15,2025-12-22,sz.000858,2025-12-15 20:13:58.854189
-3.45701,2025-12-15,2025-12-22,sz.000876,2025-12-15 20:13:58.854189
-3.7456138,2025-12-15,2025-12-22,sz.000895,2025-12-15 20:13:58.854189
-3.8167086,2025-12-15,2025-12-22,sz.000938,2025-12-15 20:13:58.854189
-3.812643,2025-12-15,2025-12-22,sz.000963,2025-12-15 20:13:58.854189
-4.115248,2025-12-15,2025-12-22,sz.000975,2025-12-15 20:13:58.854189
-3.8105066,2025-12-15,2025-12-22,sz.000977,2025-12-15 20:13:58.854189
-3.887278,2025-12-15,2025-12-22,sz.000983,2025-12-15 20:13:58.854189
-3.9549382,2025-12-15,2025-12-22,sz.000999,2025-12-15 20:13:58.854189
-3.9836767,2025-12-15,2025-12-22,sz.001965,2025-12-15 20:13:58.854189
-4.009415,2025-12-15,2025-12-22,sz.001979,2025-12-15 20:13:58.854189
-3.85021,2025-12-15,2025-12-22,sz.002001,2025-12-15 20:13:58.854189
-4.1493926,2025-12-15,2025-12-22,sz.002027,2025-12-15 20:13:58.854189
-4.146449,2025-12-15,2025-12-22,sz.002028,2025-12-15 20:13:58.854189
-3.9741495,2025-12-15,2025-12-22,sz.002049,2025-12-15 20:13:58.854189
-4.558244,2025-12-15,2025-12-22,sz.002050,2025-12-15 20:13:58.854189
-3.8061235,2025-12-15,2025-12-22,sz.002074,2025-12-15 20:13:58.854189
-3.9992855,2025-12-15,2025-12-22,sz.002142,2025-12-15 20:13:58.854189
-3.751386,2025-12-15,2025-12-22,sz.002179,2025-12-15 20:13:58.854189
-3.963833,2025-12-15,2025-12-22,sz.002230,2025-12-15 20:13:58.854189
-3.8111,2025-12-15,2025-12-22,sz.002236,2025-12-15 20:13:58.854189
-3.8764713,2025-12-15,2025-12-22,sz.002241,2025-12-15 20:13:58.854189
-3.8291724,2025-12-15,2025-12-22,sz.002252,2025-12-15 20:13:58.854189
-3.979164,2025-12-15,2025-12-22,sz.002304,2025-12-15 20:13:58.854189
-3.772628,2025-12-15,2025-12-22,sz.002311,2025-12-15 20:13:58.854189
-3.755728,2025-12-15,2025-12-22,sz.002352,2025-12-15 20:13:58.854189
-3.9821427,2025-12-15,2025-12-22,sz.002371,2025-12-15 20:13:58.854189
-3.9947913,2019-12-25,2020-01-01,sz.002384,2025-12-15 20:13:58.854189
-4.0059094,2019-12-26,2020-01-02,sz.002384,2025-12-15 20:13:58.854189
-3.8273118,2019-12-27,2020-01-03,sz.002384,2025-12-15 20:13:58.854189
-3.87011,2019-12-30,2020-01-06,sz.002384,2025-12-15 20:13:58.854189
-4.1360893,2019-12-31,2020-01-07,sz.002384,2025-12-15 20:13:58.854189
-4.2760415,2020-01-02,2020-01-09,sz.002384,2025-12-15 20:13:58.854189
-4.405523,2020-01-03,2020-01-10,sz.002384,2025-12-15 20:13:58.854189
-4.403111,2020-01-06,2020-01-13,sz.002384,2025-12-15 20:13:58.854189
-4.29155,2020-01-07,2020-01-14,sz.002384,2025-12-15 20:13:58.854189
-4.1293344,2020-01-08,2020-01-15,sz.002384,2025-12-15 20:13:58.854189
-4.377868,2020-01-09,2020-01-16,sz.002384,2025-12-15 20:13:58.854189
-4.28229,2020-01-10,2020-01-17,sz.002384,2025-12-15 20:13:58.854189
-4.563705,2020-01-13,2020-01-20,sz.002384,2025-12-15 20:13:58.854189
-4.3841033,2020-01-14,2020-01-21,sz.002384,2025-12-15 20:13:58.854189
-4.3910246,2020-01-15,2020-01-22,sz.002384,2025-12-15 20:13:58.854189
-4.363107,2020-01-16,2020-01-23,sz.002384,2025-12-15 20:13:58.854189
-4.337377,2020-01-17,2020-01-24,sz.002384,2025-12-15 20:13:58.854189
-4.528632,2020-01-20,2020-01-27,sz.002384,2025-12-15 20:13:58.854189
-4.474319,2020-01-21,2020-01-28,sz.002384,2025-12-15 20:13:58.854189
-4.5923395,2020-01-22,2020-01-29,sz.002384,2025-12-15 20:13:58.854189
-4.330679,2020-01-23,2020-01-30,sz.002384,2025-12-15 20:13:58.854189
-4.4265394,2020-02-03,2020-02-10,sz.002384,2025-12-15 20:13:58.854189
-4.4332094,2020-02-04,2020-02-11,sz.002384,2025-12-15 20:13:58.854189
-4.2903757,2020-02-05,2020-02-12,sz.002384,2025-12-15 20:13:58.854189
-4.45044,2020-02-06,2020-02-13,sz.002384,2025-12-15 20:13:58.854189
-4.4267597,2020-02-07,2020-02-14,sz.002384,2025-12-15 20:13:58.854189
-4.4222846,2020-02-10,2020-02-17,sz.002384,2025-12-15 20:13:58.854189
-4.45595,2020-02-11,2020-02-18,sz.002384,2025-12-15 20:13:58.854189
-4.4681306,2020-02-12,2020-02-19,sz.002384,2025-12-15 20:13:58.854189
-4.265802,2020-02-13,2020-02-20,sz.002384,2025-12-15 20:13:58.854189
-4.1864133,2020-02-14,2020-02-21,sz.002384,2025-12-15 20:13:58.854189
-4.3999,2020-02-17,2020-02-24,sz.002384,2025-12-15 20:13:58.854189
-4.3081336,2020-02-18,2020-02-25,sz.002384,2025-12-15 20:13:58.854189
-4.123289,2020-02-19,2020-02-26,sz.002384,2025-12-15 20:13:58.854189
-4.3512893,2020-02-20,2020-02-27,sz.002384,2025-12-15 20:13:58.854189
-4.1623006,2020-02-21,2020-02-28,sz.002384,2025-12-15 20:13:58.854189
-4.21639,2020-02-24,2020-03-02,sz.002384,2025-12-15 20:13:58.854189
-4.1121793,2020-02-25,2020-03-03,sz.002384,2025-12-15 20:13:58.854189
-3.8045056,2020-02-26,2020-03-04,sz.002384,2025-12-15 20:13:58.854189
-3.932328,2020-02-27,2020-03-05,sz.002384,2025-12-15 20:13:58.854189
-3.7576168,2020-02-28,2020-03-06,sz.002384,2025-12-15 20:13:58.854189
-4.027035,2020-03-02,2020-03-09,sz.002384,2025-12-15 20:13:58.854189
-3.9639547,2020-03-03,2020-03-10,sz.002384,2025-12-15 20:13:58.854189
-3.9884884,2020-03-04,2020-03-11,sz.002384,2025-12-15 20:13:58.854189
-3.955919,2020-03-05,2020-03-12,sz.002384,2025-12-15 20:13:58.854189
-3.980695,2020-03-06,2020-03-13,sz.002384,2025-12-15 20:13:58.854189
-3.7578905,2020-03-09,2020-03-16,sz.002384,2025-12-15 20:13:58.854189
-4.0600257,2020-03-10,2020-03-17,sz.002384,2025-12-15 20:13:58.854189
-3.8536649,2020-03-11,2020-03-18,sz.002384,2025-12-15 20:13:58.854189
-3.9339497,2020-03-12,2020-03-19,sz.002384,2025-12-15 20:13:58.854189
-3.7032995,2020-03-13,2020-03-20,sz.002384,2025-12-15 20:13:58.854189
-3.886745,2020-03-16,2020-03-23,sz.002384,2025-12-15 20:13:58.854189
-4.0701036,2020-03-17,2020-03-24,sz.002384,2025-12-15 20:13:58.854189
-3.8745644,2020-03-18,2020-03-25,sz.002384,2025-12-15 20:13:58.854189
-4.0189,2020-03-19,2020-03-26,sz.002384,2025-12-15 20:13:58.854189
-3.9444568,2020-03-20,2020-03-27,sz.002384,2025-12-15 20:13:58.854189
-3.6614616,2020-03-23,2020-03-30,sz.002384,2025-12-15 20:13:58.854189
-3.8852327,2020-03-24,2020-03-31,sz.002384,2025-12-15 20:13:58.854189
-3.8882368,2020-03-25,2020-04-01,sz.002384,2025-12-15 20:13:58.854189
-3.9451926,2020-03-26,2020-04-02,sz.002384,2025-12-15 20:13:58.854189
-3.8632991,2020-03-27,2020-04-03,sz.002384,2025-12-15 20:13:58.854189
-3.9486377,2020-03-30,2020-04-06,sz.002384,2025-12-15 20:13:58.854189
-3.748418,2020-03-31,2020-04-07,sz.002384,2025-12-15 20:13:58.854189
-3.7479088,2020-04-01,2020-04-08,sz.002384,2025-12-15 20:13:58.854189
-3.95946,2020-04-02,2020-04-09,sz.002384,2025-12-15 20:13:58.854189
-3.8809443,2020-04-03,2020-04-10,sz.002384,2025-12-15 20:13:58.854189
-3.932872,2020-04-07,2020-04-14,sz.002384,2025-12-15 20:13:58.854189
-4.0321565,2020-04-08,2020-04-15,sz.002384,2025-12-15 20:13:58.854189
-3.9566453,2020-04-09,2020-04-16,sz.002384,2025-12-15 20:13:58.854189
-4.0320106,2020-04-10,2020-04-17,sz.002384,2025-12-15 20:13:58.854189
-4.1074886,2020-04-13,2020-04-20,sz.002384,2025-12-15 20:13:58.854189
-4.1183114,2020-04-14,2020-04-21,sz.002384,2025-12-15 20:13:58.854189
-4.0463915,2020-04-15,2020-04-22,sz.002384,2025-12-15 20:13:58.854189
-4.0529103,2020-04-16,2020-04-23,sz.002384,2025-12-15 20:13:58.854189
-3.9711478,2020-04-17,2020-04-24,sz.002384,2025-12-15 20:13:58.854189
-4.095905,2020-04-20,2020-04-27,sz.002384,2025-12-15 20:13:58.854189
-4.0909934,2020-04-21,2020-04-28,sz.002384,2025-12-15 20:13:58.854189
-4.084657,2020-04-22,2020-04-29,sz.002384,2025-12-15 20:13:58.854189
-3.899912,2020-04-23,2020-04-30,sz.002384,2025-12-15 20:13:58.854189
-3.8713005,2020-04-24,2020-05-01,sz.002384,2025-12-15 20:13:58.854189
-3.9735959,2020-04-27,2020-05-04,sz.002384,2025-12-15 20:13:58.854189
-3.9816206,2020-04-28,2020-05-05,sz.002384,2025-12-15 20:13:58.854189
-3.9939559,2020-04-29,2020-05-06,sz.002384,2025-12-15 20:13:58.854189
-4.059932,2020-04-30,2020-05-07,sz.002384,2025-12-15 20:13:58.854189
-4.019957,2020-05-06,2020-05-13,sz.002384,2025-12-15 20:13:58.854189
-3.7574155,2020-05-07,2020-05-14,sz.002384,2025-12-15 20:13:58.854189
-3.8858461,2020-05-08,2020-05-15,sz.002384,2025-12-15 20:13:58.854189
-3.943484,2020-05-11,2020-05-18,sz.002384,2025-12-15 20:13:58.854189
-4.04468,2020-05-12,2020-05-19,sz.002384,2025-12-15 20:13:58.854189
-4.0241065,2020-05-13,2020-05-20,sz.002384,2025-12-15 20:13:58.854189
-3.9559982,2020-05-14,2020-05-21,sz.002384,2025-12-15 20:13:58.854189
-3.9610107,2020-05-15,2020-05-22,sz.002384,2025-12-15 20:13:58.854189
-3.6408885,2020-05-18,2020-05-25,sz.002384,2025-12-15 20:13:58.854189
-4.043259,2020-05-19,2020-05-26,sz.002384,2025-12-15 20:13:58.854189
-3.8857758,2020-05-20,2020-05-27,sz.002384,2025-12-15 20:13:58.854189
-3.8301013,2020-05-21,2020-05-28,sz.002384,2025-12-15 20:13:58.854189
-3.9266965,2020-05-22,2020-05-29,sz.002384,2025-12-15 20:13:58.854189
-3.958287,2020-05-25,2020-06-01,sz.002384,2025-12-15 20:13:58.854189
-4.029341,2020-05-26,2020-06-02,sz.002384,2025-12-15 20:13:58.854189
-3.7925725,2020-05-27,2020-06-03,sz.002384,2025-12-15 20:13:58.854189
-4.0068407,2020-05-28,2020-06-04,sz.002384,2025-12-15 20:13:58.854189
-4.024753,2020-05-29,2020-06-05,sz.002384,2025-12-15 20:13:58.854189
-4.178121,2020-06-01,2020-06-08,sz.002384,2025-12-15 20:13:58.854189
-4.1294723,2020-06-02,2020-06-09,sz.002384,2025-12-15 20:13:58.854189
-4.0816207,2020-06-03,2020-06-10,sz.002384,2025-12-15 20:13:58.854189
-4.0244565,2020-06-04,2020-06-11,sz.002384,2025-12-15 20:13:58.854189
-4.048517,2020-06-05,2020-06-12,sz.002384,2025-12-15 20:13:58.854189
-3.8889875,2020-06-08,2020-06-15,sz.002384,2025-12-15 20:13:58.854189
-3.749888,2020-06-09,2020-06-16,sz.002384,2025-12-15 20:13:58.854189
-4.087589,2020-06-10,2020-06-17,sz.002384,2025-12-15 20:13:58.854189
-3.9631011,2020-06-11,2020-06-18,sz.002384,2025-12-15 20:13:58.854189
-4.029119,2020-06-12,2020-06-19,sz.002384,2025-12-15 20:13:58.854189
-3.848995,2020-06-15,2020-06-22,sz.002384,2025-12-15 20:13:58.854189
-3.9872844,2020-06-16,2020-06-23,sz.002384,2025-12-15 20:13:58.854189
-4.0095725,2020-06-17,2020-06-24,sz.002384,2025-12-15 20:13:58.854189
-4.0455155,2020-06-18,2020-06-25,sz.002384,2025-12-15 20:13:58.854189
-4.0325866,2020-06-19,2020-06-26,sz.002384,2025-12-15 20:13:58.854189
-3.9931123,2020-06-22,2020-06-29,sz.002384,2025-12-15 20:13:58.854189
-3.990729,2020-06-23,2020-06-30,sz.002384,2025-12-15 20:13:58.854189
-3.8598692,2020-06-24,2020-07-01,sz.002384,2025-12-15 20:13:58.854189
-3.9052012,2020-06-29,2020-07-06,sz.002384,2025-12-15 20:13:58.854189
-4.00314,2020-06-30,2020-07-07,sz.002384,2025-12-15 20:13:58.854189
-3.969209,2020-07-01,2020-07-08,sz.002384,2025-12-15 20:13:58.854189
-3.961571,2020-07-02,2020-07-09,sz.002384,2025-12-15 20:13:58.854189
-3.8306568,2020-07-03,2020-07-10,sz.002384,2025-12-15 20:13:58.854189
-3.9190867,2020-07-06,2020-07-13,sz.002384,2025-12-15 20:13:58.854189
-3.8360612,2020-07-07,2020-07-14,sz.002384,2025-12-15 20:13:58.854189
-3.9513662,2020-07-08,2020-07-15,sz.002384,2025-12-15 20:13:58.854189
-3.8839824,2020-07-09,2020-07-16,sz.002384,2025-12-15 20:13:58.854189
-3.8514788,2020-07-10,2020-07-17,sz.002384,2025-12-15 20:13:58.854189
-4.0088253,2020-07-13,2020-07-20,sz.002384,2025-12-15 20:13:58.854189
-3.7635763,2020-07-14,2020-07-21,sz.002384,2025-12-15 20:13:58.854189
-3.6284778,2020-07-15,2020-07-22,sz.002384,2025-12-15 20:13:58.854189
-3.798332,2020-07-16,2020-07-23,sz.002384,2025-12-15 20:13:58.854189
-3.952895,2020-07-17,2020-07-24,sz.002384,2025-12-15 20:13:58.854189
-4.018363,2020-07-20,2020-07-27,sz.002384,2025-12-15 20:13:58.854189
-3.9474065,2020-07-21,2020-07-28,sz.002384,2025-12-15 20:13:58.854189
-3.9513571,2020-07-22,2020-07-29,sz.002384,2025-12-15 20:13:58.854189
-3.9164608,2020-07-23,2020-07-30,sz.002384,2025-12-15 20:13:58.854189
-3.7401907,2020-07-24,2020-07-31,sz.002384,2025-12-15 20:13:58.854189
-3.9476917,2020-07-27,2020-08-03,sz.002384,2025-12-15 20:13:58.854189
-3.9592636,2020-07-28,2020-08-04,sz.002384,2025-12-15 20:13:58.854189
-3.9986746,2020-07-29,2020-08-05,sz.002384,2025-12-15 20:13:58.854189
-3.9222367,2020-07-30,2020-08-06,sz.002384,2025-12-15 20:13:58.854189
-3.9153354,2020-07-31,2020-08-07,sz.002384,2025-12-15 20:13:58.854189
-4.0047317,2020-08-03,2020-08-10,sz.002384,2025-12-15 20:13:58.854189
-3.85133,2020-08-04,2020-08-11,sz.002384,2025-12-15 20:13:58.854189
-3.983647,2020-08-05,2020-08-12,sz.002384,2025-12-15 20:13:58.854189
-4.0069447,2020-08-06,2020-08-13,sz.002384,2025-12-15 20:13:58.854189
-3.8575006,2020-08-07,2020-08-14,sz.002384,2025-12-15 20:13:58.854189
-3.9350908,2020-08-10,2020-08-17,sz.002384,2025-12-15 20:13:58.854189
-3.8683758,2020-08-11,2020-08-18,sz.002384,2025-12-15 20:13:58.854189
-4.0015626,2020-08-12,2020-08-19,sz.002384,2025-12-15 20:13:58.854189
-3.975178,2020-08-13,2020-08-20,sz.002384,2025-12-15 20:13:58.854189
-4.0004745,2020-08-14,2020-08-21,sz.002384,2025-12-15 20:13:58.854189
-4.045324,2020-08-17,2020-08-24,sz.002384,2025-12-15 20:13:58.854189
-3.9761493,2020-08-18,2020-08-25,sz.002384,2025-12-15 20:13:58.854189
-3.875139,2020-08-19,2020-08-26,sz.002384,2025-12-15 20:13:58.854189
-3.955356,2020-08-20,2020-08-27,sz.002384,2025-12-15 20:13:58.854189
-3.970712,2020-08-21,2020-08-28,sz.002384,2025-12-15 20:13:58.854189
-4.1201715,2020-08-24,2020-08-31,sz.002384,2025-12-15 20:13:58.854189
-3.9713123,2020-08-25,2020-09-01,sz.002384,2025-12-15 20:13:58.854189
-4.090555,2020-08-26,2020-09-02,sz.002384,2025-12-15 20:13:58.854189
-3.9819534,2020-08-27,2020-09-03,sz.002384,2025-12-15 20:13:58.854189
-4.0258403,2020-08-28,2020-09-04,sz.002384,2025-12-15 20:13:58.854189
-3.9553106,2020-08-31,2020-09-07,sz.002384,2025-12-15 20:13:58.854189
-4.114819,2020-09-01,2020-09-08,sz.002384,2025-12-15 20:13:58.854189
-4.0513673,2020-09-02,2020-09-09,sz.002384,2025-12-15 20:13:58.854189
-4.0828013,2020-09-03,2020-09-10,sz.002384,2025-12-15 20:13:58.854189
-4.015122,2020-09-04,2020-09-11,sz.002384,2025-12-15 20:13:58.854189
-3.9356196,2020-09-07,2020-09-14,sz.002384,2025-12-15 20:13:58.854189
-4.100202,2020-09-08,2020-09-15,sz.002384,2025-12-15 20:13:58.854189
-4.1298423,2020-09-09,2020-09-16,sz.002384,2025-12-15 20:13:58.854189
-4.1051145,2020-09-10,2020-09-17,sz.002384,2025-12-15 20:13:58.854189
-4.126558,2020-09-11,2020-09-18,sz.002384,2025-12-15 20:13:58.854189
-4.114425,2020-09-14,2020-09-21,sz.002384,2025-12-15 20:13:58.854189
-4.1629157,2020-09-15,2020-09-22,sz.002384,2025-12-15 20:13:58.854189
-4.131062,2020-09-16,2020-09-23,sz.002384,2025-12-15 20:13:58.854189
-4.206883,2020-09-17,2020-09-24,sz.002384,2025-12-15 20:13:58.854189
-4.2148695,2020-09-18,2020-09-25,sz.002384,2025-12-15 20:13:58.854189
-4.1924987,2020-09-21,2020-09-28,sz.002384,2025-12-15 20:13:58.854189
-4.1342893,2020-09-22,2020-09-29,sz.002384,2025-12-15 20:13:58.854189
-4.2041698,2020-09-23,2020-09-30,sz.002384,2025-12-15 20:13:58.854189
-4.087853,2020-09-24,2020-10-01,sz.002384,2025-12-15 20:13:58.854189
-4.274555,2020-09-25,2020-10-02,sz.002384,2025-12-15 20:13:58.854189
-4.044618,2020-09-28,2020-10-05,sz.002384,2025-12-15 20:13:58.854189
-4.2270265,2020-09-29,2020-10-06,sz.002384,2025-12-15 20:13:58.854189
-4.2070355,2020-09-30,2020-10-07,sz.002384,2025-12-15 20:13:58.854189
-4.243589,2020-10-09,2020-10-16,sz.002384,2025-12-15 20:13:58.854189
-4.2213063,2020-10-12,2020-10-19,sz.002384,2025-12-15 20:13:58.854189
-4.267361,2020-10-13,2020-10-20,sz.002384,2025-12-15 20:13:58.854189
-4.1679935,2020-10-14,2020-10-21,sz.002384,2025-12-15 20:13:58.854189
-4.0356183,2020-10-15,2020-10-22,sz.002384,2025-12-15 20:13:58.854189
-4.071524,2020-10-16,2020-10-23,sz.002384,2025-12-15 20:13:58.854189
-4.194017,2020-10-19,2020-10-26,sz.002384,2025-12-15 20:13:58.854189
-4.095597,2020-10-20,2020-10-27,sz.002384,2025-12-15 20:13:58.854189
-4.124312,2020-10-21,2020-10-28,sz.002384,2025-12-15 20:13:58.854189
-4.2609305,2020-10-22,2020-10-29,sz.002384,2025-12-15 20:13:58.854189
-4.055815,2020-10-23,2020-10-30,sz.002384,2025-12-15 20:13:58.854189
-4.217959,2020-10-26,2020-11-02,sz.002384,2025-12-15 20:13:58.854189
-4.2492766,2020-10-27,2020-11-03,sz.002384,2025-12-15 20:13:58.854189
-4.1139436,2020-10-28,2020-11-04,sz.002384,2025-12-15 20:13:58.854189
-4.0869184,2020-10-29,2020-11-05,sz.002384,2025-12-15 20:13:58.854189
-4.082666,2020-10-30,2020-11-06,sz.002384,2025-12-15 20:13:58.854189
-4.215579,2020-11-02,2020-11-09,sz.002384,2025-12-15 20:13:58.854189
-4.1712914,2020-11-03,2020-11-10,sz.002384,2025-12-15 20:13:58.854189
-4.1649714,2020-11-04,2020-11-11,sz.002384,2025-12-15 20:13:58.854189
-4.1892877,2020-11-05,2020-11-12,sz.002384,2025-12-15 20:13:58.854189
-4.131408,2020-11-06,2020-11-13,sz.002384,2025-12-15 20:13:58.854189
-4.197685,2020-11-09,2020-11-16,sz.002384,2025-12-15 20:13:58.854189
-4.1042004,2020-11-10,2020-11-17,sz.002384,2025-12-15 20:13:58.854189
-4.1554866,2020-11-11,2020-11-18,sz.002384,2025-12-15 20:13:58.854189
-4.129255,2020-11-12,2020-11-19,sz.002384,2025-12-15 20:13:58.854189
-3.9767678,2020-11-13,2020-11-20,sz.002384,2025-12-15 20:13:58.854189
-3.94616,2020-11-16,2020-11-23,sz.002384,2025-12-15 20:13:58.854189
-4.062856,2020-11-17,2020-11-24,sz.002384,2025-12-15 20:13:58.854189
-4.0702176,2020-11-18,2020-11-25,sz.002384,2025-12-15 20:13:58.854189
-4.102011,2020-11-19,2020-11-26,sz.002384,2025-12-15 20:13:58.854189
-4.102849,2020-11-20,2020-11-27,sz.002384,2025-12-15 20:13:58.854189
-4.121699,2020-11-23,2020-11-30,sz.002384,2025-12-15 20:13:58.854189
-4.0687733,2020-11-24,2020-12-01,sz.002384,2025-12-15 20:13:58.854189
-3.9922884,2020-11-25,2020-12-02,sz.002384,2025-12-15 20:13:58.854189
-4.098019,2020-11-26,2020-12-03,sz.002384,2025-12-15 20:13:58.854189
-4.090088,2020-11-27,2020-12-04,sz.002384,2025-12-15 20:13:58.854189
-4.0495286,2020-11-30,2020-12-07,sz.002384,2025-12-15 20:13:58.854189
-4.11787,2020-12-01,2020-12-08,sz.002384,2025-12-15 20:13:58.854189
-4.104143,2020-12-02,2020-12-09,sz.002384,2025-12-15 20:13:58.854189
-4.076235,2020-12-03,2020-12-10,sz.002384,2025-12-15 20:13:58.854189
-4.10869,2020-12-04,2020-12-11,sz.002384,2025-12-15 20:13:58.854189
-4.0915637,2020-12-07,2020-12-14,sz.002384,2025-12-15 20:13:58.854189
-4.1350527,2020-12-08,2020-12-15,sz.002384,2025-12-15 20:13:58.854189
-4.0563593,2020-12-09,2020-12-16,sz.002384,2025-12-15 20:13:58.854189
-4.112229,2020-12-10,2020-12-17,sz.002384,2025-12-15 20:13:58.854189
-4.1118913,2020-12-11,2020-12-18,sz.002384,2025-12-15 20:13:58.854189
-4.0649257,2020-12-14,2020-12-21,sz.002384,2025-12-15 20:13:58.854189
-4.1796412,2020-12-15,2020-12-22,sz.002384,2025-12-15 20:13:58.854189
-4.0493255,2020-12-16,2020-12-23,sz.002384,2025-12-15 20:13:58.854189
-4.2714705,2020-12-17,2020-12-24,sz.002384,2025-12-15 20:13:58.854189
-4.113937,2020-12-18,2020-12-25,sz.002384,2025-12-15 20:13:58.854189
-4.200785,2020-12-21,2020-12-28,sz.002384,2025-12-15 20:13:58.854189
-4.1335416,2020-12-22,2020-12-29,sz.002384,2025-12-15 20:13:58.854189
-4.0059776,2020-12-23,2020-12-30,sz.002384,2025-12-15 20:13:58.854189
-4.108455,2020-12-24,2020-12-31,sz.002384,2025-12-15 20:13:58.854189
-4.219725,2020-12-25,2021-01-01,sz.002384,2025-12-15 20:13:58.854189
-4.028134,2020-12-28,2021-01-04,sz.002384,2025-12-15 20:13:58.854189
-4.2268176,2020-12-29,2021-01-05,sz.002384,2025-12-15 20:13:58.854189
-4.046208,2020-12-30,2021-01-06,sz.002384,2025-12-15 20:13:58.854189
-4.132251,2020-12-31,2021-01-07,sz.002384,2025-12-15 20:13:58.854189
-4.163296,2021-01-04,2021-01-11,sz.002384,2025-12-15 20:13:58.854189
-4.2313747,2021-01-05,2021-01-12,sz.002384,2025-12-15 20:13:58.854189
-3.8681252,2021-01-06,2021-01-13,sz.002384,2025-12-15 20:13:58.854189
-3.999502,2021-01-07,2021-01-14,sz.002384,2025-12-15 20:13:58.854189
-4.0815806,2021-01-08,2021-01-15,sz.002384,2025-12-15 20:13:58.854189
-4.1760983,2021-01-11,2021-01-18,sz.002384,2025-12-15 20:13:58.854189
-4.15865,2021-01-12,2021-01-19,sz.002384,2025-12-15 20:13:58.854189
-4.161809,2021-01-13,2021-01-20,sz.002384,2025-12-15 20:13:58.854189
-4.2019362,2021-01-14,2021-01-21,sz.002384,2025-12-15 20:13:58.854189
-3.9264338,2021-01-15,2021-01-22,sz.002384,2025-12-15 20:13:58.854189
-4.2204947,2021-01-18,2021-01-25,sz.002384,2025-12-15 20:13:58.854189
-4.1655273,2021-01-19,2021-01-26,sz.002384,2025-12-15 20:13:58.854189
-3.9998977,2021-01-20,2021-01-27,sz.002384,2025-12-15 20:13:58.854189
-3.9945729,2021-01-21,2021-01-28,sz.002384,2025-12-15 20:13:58.854189
-4.168218,2021-01-22,2021-01-29,sz.002384,2025-12-15 20:13:58.854189
-4.078439,2021-01-25,2021-02-01,sz.002384,2025-12-15 20:13:58.854189
-4.1130004,2021-01-26,2021-02-02,sz.002384,2025-12-15 20:13:58.854189
-4.0477834,2021-01-27,2021-02-03,sz.002384,2025-12-15 20:13:58.854189
-3.9654243,2021-01-28,2021-02-04,sz.002384,2025-12-15 20:13:58.854189
-3.8808324,2021-01-29,2021-02-05,sz.002384,2025-12-15 20:13:58.854189
-3.9417017,2021-02-01,2021-02-08,sz.002384,2025-12-15 20:13:58.854189
-4.007448,2021-02-02,2021-02-09,sz.002384,2025-12-15 20:13:58.854189
-3.9922674,2021-02-03,2021-02-10,sz.002384,2025-12-15 20:13:58.854189
-3.9776733,2021-02-04,2021-02-11,sz.002384,2025-12-15 20:13:58.854189
-3.8196847,2021-02-05,2021-02-12,sz.002384,2025-12-15 20:13:58.854189
-3.8200767,2021-02-08,2021-02-15,sz.002384,2025-12-15 20:13:58.854189
-3.8098614,2021-02-09,2021-02-16,sz.002384,2025-12-15 20:13:58.854189
-3.9048185,2021-02-10,2021-02-17,sz.002384,2025-12-15 20:13:58.854189
-3.9823945,2021-02-18,2021-02-25,sz.002384,2025-12-15 20:13:58.854189
-3.9651644,2021-02-19,2021-02-26,sz.002384,2025-12-15 20:13:58.854189
-3.9077735,2021-02-22,2021-03-01,sz.002384,2025-12-15 20:13:58.854189
-3.9675052,2021-02-23,2021-03-02,sz.002384,2025-12-15 20:13:58.854189
-3.9185588,2021-02-24,2021-03-03,sz.002384,2025-12-15 20:13:58.854189
-3.9501517,2021-02-25,2021-03-04,sz.002384,2025-12-15 20:13:58.854189
-3.9126356,2021-02-26,2021-03-05,sz.002384,2025-12-15 20:13:58.854189
-3.9349763,2021-03-01,2021-03-08,sz.002384,2025-12-15 20:13:58.854189
-4.071652,2021-03-02,2021-03-09,sz.002384,2025-12-15 20:13:58.854189
-4.047965,2021-03-03,2021-03-10,sz.002384,2025-12-15 20:13:58.854189
-4.0220547,2021-03-04,2021-03-11,sz.002384,2025-12-15 20:13:58.854189
-4.0095797,2021-03-05,2021-03-12,sz.002384,2025-12-15 20:13:58.854189
-4.0507264,2021-03-08,2021-03-15,sz.002384,2025-12-15 20:13:58.854189
-4.094441,2021-03-09,2021-03-16,sz.002384,2025-12-15 20:13:58.854189
-4.0241656,2021-03-10,2021-03-17,sz.002384,2025-12-15 20:13:58.854189
-4.171581,2021-03-11,2021-03-18,sz.002384,2025-12-15 20:13:58.854189
-4.039152,2021-03-12,2021-03-19,sz.002384,2025-12-15 20:13:58.854189
-3.9572117,2021-03-15,2021-03-22,sz.002384,2025-12-15 20:13:58.854189
-3.9630053,2021-03-16,2021-03-23,sz.002384,2025-12-15 20:13:58.854189
-4.0332646,2021-03-17,2021-03-24,sz.002384,2025-12-15 20:13:58.854189
-4.048371,2021-03-18,2021-03-25,sz.002384,2025-12-15 20:13:58.854189
-4.0219884,2021-03-19,2021-03-26,sz.002384,2025-12-15 20:13:58.854189
-4.073103,2021-03-22,2021-03-29,sz.002384,2025-12-15 20:13:58.854189
-4.03661,2021-03-23,2021-03-30,sz.002384,2025-12-15 20:13:58.854189
-3.9052927,2021-03-24,2021-03-31,sz.002384,2025-12-15 20:13:58.854189
-3.9977715,2021-03-25,2021-04-01,sz.002384,2025-12-15 20:13:58.854189
-4.05357,2021-03-26,2021-04-02,sz.002384,2025-12-15 20:13:58.854189
-3.9617112,2021-03-29,2021-04-05,sz.002384,2025-12-15 20:13:58.854189
-4.051229,2021-03-30,2021-04-06,sz.002384,2025-12-15 20:13:58.854189
-4.030516,2021-03-31,2021-04-07,sz.002384,2025-12-15 20:13:58.854189
-4.03725,2021-04-01,2021-04-08,sz.002384,2025-12-15 20:13:58.854189
-4.0137877,2021-04-02,2021-04-09,sz.002384,2025-12-15 20:13:58.854189
-3.9380877,2021-04-06,2021-04-13,sz.002384,2025-12-15 20:13:58.854189
-3.9867733,2021-04-07,2021-04-14,sz.002384,2025-12-15 20:13:58.854189
-3.9478066,2021-04-08,2021-04-15,sz.002384,2025-12-15 20:13:58.854189
-3.9882524,2021-04-09,2021-04-16,sz.002384,2025-12-15 20:13:58.854189
-3.8371785,2021-04-12,2021-04-19,sz.002384,2025-12-15 20:13:58.854189
-3.8502355,2021-04-13,2021-04-20,sz.002384,2025-12-15 20:13:58.854189
-3.8866174,2021-04-14,2021-04-21,sz.002384,2025-12-15 20:13:58.854189
-3.8535836,2021-04-15,2021-04-22,sz.002384,2025-12-15 20:13:58.854189
-3.8861825,2021-04-16,2021-04-23,sz.002384,2025-12-15 20:13:58.854189
-3.948703,2021-04-19,2021-04-26,sz.002384,2025-12-15 20:13:58.854189
-3.7718933,2021-04-20,2021-04-27,sz.002384,2025-12-15 20:13:58.854189
-3.7999482,2021-04-21,2021-04-28,sz.002384,2025-12-15 20:13:58.854189
-3.765578,2021-04-22,2021-04-29,sz.002384,2025-12-15 20:13:58.854189
-3.655207,2021-04-23,2021-04-30,sz.002384,2025-12-15 20:13:58.854189
-3.537102,2021-04-26,2021-05-03,sz.002384,2025-12-15 20:13:58.854189
-3.5590756,2021-04-27,2021-05-04,sz.002384,2025-12-15 20:13:58.854189
-3.7435253,2021-04-28,2021-05-05,sz.002384,2025-12-15 20:13:58.854189
-3.6968079,2021-04-29,2021-05-06,sz.002384,2025-12-15 20:13:58.854189
-3.66373,2021-04-30,2021-05-07,sz.002384,2025-12-15 20:13:58.854189
-3.5276632,2021-05-06,2021-05-13,sz.002384,2025-12-15 20:13:58.854189
-3.4791782,2021-05-07,2021-05-14,sz.002384,2025-12-15 20:13:58.854189
-3.6342947,2021-05-10,2021-05-17,sz.002384,2025-12-15 20:13:58.854189
-3.6527097,2021-05-11,2021-05-18,sz.002384,2025-12-15 20:13:58.854189
-3.5913866,2021-05-12,2021-05-19,sz.002384,2025-12-15 20:13:58.854189
-3.554889,2021-05-13,2021-05-20,sz.002384,2025-12-15 20:13:58.854189
-3.6362617,2021-05-14,2021-05-21,sz.002384,2025-12-15 20:13:58.854189
-3.6400683,2021-05-17,2021-05-24,sz.002384,2025-12-15 20:13:58.854189
-3.7128074,2021-05-18,2021-05-25,sz.002384,2025-12-15 20:13:58.854189
-3.7100112,2021-05-19,2021-05-26,sz.002384,2025-12-15 20:13:58.854189
-3.6370125,2021-05-20,2021-05-27,sz.002384,2025-12-15 20:13:58.854189
-3.619672,2021-05-21,2021-05-28,sz.002384,2025-12-15 20:13:58.854189
-3.6921382,2021-05-24,2021-05-31,sz.002384,2025-12-15 20:13:58.854189
-3.7638185,2021-05-25,2021-06-01,sz.002384,2025-12-15 20:13:58.854189
-3.7715578,2021-05-26,2021-06-02,sz.002384,2025-12-15 20:13:58.854189
-3.8223493,2021-05-27,2021-06-03,sz.002384,2025-12-15 20:13:58.854189
-3.7571132,2021-05-28,2021-06-04,sz.002384,2025-12-15 20:13:58.854189
-3.7863176,2021-05-31,2021-06-07,sz.002384,2025-12-15 20:13:58.854189
-3.8648016,2021-06-01,2021-06-08,sz.002384,2025-12-15 20:13:58.854189
-3.8297021,2021-06-02,2021-06-09,sz.002384,2025-12-15 20:13:58.854189
-3.8186665,2021-06-03,2021-06-10,sz.002384,2025-12-15 20:13:58.854189
-3.920615,2021-06-04,2021-06-11,sz.002384,2025-12-15 20:13:58.854189
-3.831565,2021-06-07,2021-06-14,sz.002384,2025-12-15 20:13:58.854189
-3.8789976,2021-06-08,2021-06-15,sz.002384,2025-12-15 20:13:58.854189
-3.9100368,2021-06-09,2021-06-16,sz.002384,2025-12-15 20:13:58.854189
-3.9485161,2021-06-10,2021-06-17,sz.002384,2025-12-15 20:13:58.854189
-3.917197,2021-06-11,2021-06-18,sz.002384,2025-12-15 20:13:58.854189
-3.9847534,2021-06-15,2021-06-22,sz.002384,2025-12-15 20:13:58.854189
-3.9809492,2021-06-16,2021-06-23,sz.002384,2025-12-15 20:13:58.854189
-4.059422,2021-06-17,2021-06-24,sz.002384,2025-12-15 20:13:58.854189
-4.0539937,2021-06-18,2021-06-25,sz.002384,2025-12-15 20:13:58.854189
-4.136934,2021-06-21,2021-06-28,sz.002384,2025-12-15 20:13:58.854189
-4.0546846,2021-06-22,2021-06-29,sz.002384,2025-12-15 20:13:58.854189
-4.1688976,2021-06-23,2021-06-30,sz.002384,2025-12-15 20:13:58.854189
-4.2012744,2021-06-24,2021-07-01,sz.002384,2025-12-15 20:13:58.854189
-4.0657606,2021-06-25,2021-07-02,sz.002384,2025-12-15 20:13:58.854189
-4.2425795,2021-06-28,2021-07-05,sz.002384,2025-12-15 20:13:58.854189
-4.1616845,2021-06-29,2021-07-06,sz.002384,2025-12-15 20:13:58.854189
-4.1099353,2021-06-30,2021-07-07,sz.002384,2025-12-15 20:13:58.854189
-4.0568876,2021-07-01,2021-07-08,sz.002384,2025-12-15 20:13:58.854189
-3.9283025,2021-07-02,2021-07-09,sz.002384,2025-12-15 20:13:58.854189
-4.0851016,2021-07-05,2021-07-12,sz.002384,2025-12-15 20:13:58.854189
-4.035741,2021-07-06,2021-07-13,sz.002384,2025-12-15 20:13:58.854189
-4.0429597,2021-07-07,2021-07-14,sz.002384,2025-12-15 20:13:58.854189
-3.9747999,2021-07-08,2021-07-15,sz.002384,2025-12-15 20:13:58.854189
-3.886577,2021-07-09,2021-07-16,sz.002384,2025-12-15 20:13:58.854189
-3.9776528,2021-07-12,2021-07-19,sz.002384,2025-12-15 20:13:58.854189
-3.922992,2021-07-13,2021-07-20,sz.002384,2025-12-15 20:13:58.854189
-3.8225806,2021-07-14,2021-07-21,sz.002384,2025-12-15 20:13:58.854189
-3.9096768,2021-07-15,2021-07-22,sz.002384,2025-12-15 20:13:58.854189
-3.8823519,2021-07-16,2021-07-23,sz.002384,2025-12-15 20:13:58.854189
-3.8643634,2021-07-19,2021-07-26,sz.002384,2025-12-15 20:13:58.854189
-3.8244307,2021-07-20,2021-07-27,sz.002384,2025-12-15 20:13:58.854189
-3.7169507,2021-07-21,2021-07-28,sz.002384,2025-12-15 20:13:58.854189
-3.7012022,2021-07-22,2021-07-29,sz.002384,2025-12-15 20:13:58.854189
-3.6921217,2021-07-23,2021-07-30,sz.002384,2025-12-15 20:13:58.854189
-3.7811215,2021-07-26,2021-08-02,sz.002384,2025-12-15 20:13:58.854189
-3.6370947,2021-07-27,2021-08-03,sz.002384,2025-12-15 20:13:58.854189
-3.7598398,2021-07-28,2021-08-04,sz.002384,2025-12-15 20:13:58.854189
-3.7738278,2021-07-29,2021-08-05,sz.002384,2025-12-15 20:13:58.854189
-3.725906,2021-07-30,2021-08-06,sz.002384,2025-12-15 20:13:58.854189
-3.7397,2021-08-02,2021-08-09,sz.002384,2025-12-15 20:13:58.854189
-3.7440412,2021-08-03,2021-08-10,sz.002384,2025-12-15 20:13:58.854189
-3.7855642,2021-08-04,2021-08-11,sz.002384,2025-12-15 20:13:58.854189
-3.7473857,2021-08-05,2021-08-12,sz.002384,2025-12-15 20:13:58.854189
-3.8155916,2021-08-06,2021-08-13,sz.002384,2025-12-15 20:13:58.854189
-3.7467935,2021-08-09,2021-08-16,sz.002384,2025-12-15 20:13:58.854189
-3.7304156,2021-08-10,2021-08-17,sz.002384,2025-12-15 20:13:58.854189
-3.8048353,2021-08-11,2021-08-18,sz.002384,2025-12-15 20:13:58.854189
-3.7389548,2021-08-12,2021-08-19,sz.002384,2025-12-15 20:13:58.854189
-3.7878802,2021-08-13,2021-08-20,sz.002384,2025-12-15 20:13:58.854189
-3.847112,2021-08-16,2021-08-23,sz.002384,2025-12-15 20:13:58.854189
-3.6401303,2021-08-17,2021-08-24,sz.002384,2025-12-15 20:13:58.854189
-3.6173017,2021-08-18,2021-08-25,sz.002384,2025-12-15 20:13:58.854189
-3.7156656,2021-08-19,2021-08-26,sz.002384,2025-12-15 20:13:58.854189
-3.715076,2021-08-20,2021-08-27,sz.002384,2025-12-15 20:13:58.854189
-3.798648,2021-08-23,2021-08-30,sz.002384,2025-12-15 20:13:58.854189
-3.6545684,2021-08-24,2021-08-31,sz.002384,2025-12-15 20:13:58.854189
-3.6205256,2021-08-25,2021-09-01,sz.002384,2025-12-15 20:13:58.854189
-3.5735977,2021-08-26,2021-09-02,sz.002384,2025-12-15 20:13:58.854189
-3.5615094,2021-08-27,2021-09-03,sz.002384,2025-12-15 20:13:58.854189
-3.625062,2021-08-30,2021-09-06,sz.002384,2025-12-15 20:13:58.854189
-3.6054919,2021-08-31,2021-09-07,sz.002384,2025-12-15 20:13:58.854189
-3.586373,2021-09-01,2021-09-08,sz.002384,2025-12-15 20:13:58.854189
-3.4251513,2021-09-02,2021-09-09,sz.002384,2025-12-15 20:13:58.854189
-3.4353082,2021-09-03,2021-09-10,sz.002384,2025-12-15 20:13:58.854189
-3.599981,2021-09-06,2021-09-13,sz.002384,2025-12-15 20:13:58.854189
-3.6866183,2021-09-07,2021-09-14,sz.002384,2025-12-15 20:13:58.854189
-3.7351792,2021-09-08,2021-09-15,sz.002384,2025-12-15 20:13:58.854189
-3.6261134,2021-09-09,2021-09-16,sz.002384,2025-12-15 20:13:58.854189
-3.6793811,2021-09-10,2021-09-17,sz.002384,2025-12-15 20:13:58.854189
-3.631386,2021-09-13,2021-09-20,sz.002384,2025-12-15 20:13:58.854189
-3.6220484,2021-09-14,2021-09-21,sz.002384,2025-12-15 20:13:58.854189
-3.8927479,2021-09-15,2021-09-22,sz.002384,2025-12-15 20:13:58.854189
-3.6652703,2021-09-16,2021-09-23,sz.002384,2025-12-15 20:13:58.854189
-3.8095706,2021-09-17,2021-09-24,sz.002384,2025-12-15 20:13:58.854189
-3.6375203,2021-09-22,2021-09-29,sz.002384,2025-12-15 20:13:58.854189
-3.7269413,2021-09-23,2021-09-30,sz.002384,2025-12-15 20:13:58.854189
-3.340855,2021-09-24,2021-10-01,sz.002384,2025-12-15 20:13:58.854189
-3.8137238,2021-09-27,2021-10-04,sz.002384,2025-12-15 20:13:58.854189
-3.9315126,2021-09-28,2021-10-05,sz.002384,2025-12-15 20:13:58.854189
-3.5726612,2021-09-29,2021-10-06,sz.002384,2025-12-15 20:13:58.854189
-3.8475869,2021-09-30,2021-10-07,sz.002384,2025-12-15 20:13:58.854189
-3.6989577,2021-10-08,2021-10-15,sz.002384,2025-12-15 20:13:58.854189
-3.8982563,2021-10-11,2021-10-18,sz.002384,2025-12-15 20:13:58.854189
-3.7863102,2021-10-12,2021-10-19,sz.002384,2025-12-15 20:13:58.854189
-4.1151586,2021-10-13,2021-10-20,sz.002384,2025-12-15 20:13:58.854189
-3.938464,2021-10-14,2021-10-21,sz.002384,2025-12-15 20:13:58.854189
-4.287495,2021-10-15,2021-10-22,sz.002384,2025-12-15 20:13:58.854189
-4.1015406,2021-10-18,2021-10-25,sz.002384,2025-12-15 20:13:58.854189
-4.3285494,2021-10-19,2021-10-26,sz.002384,2025-12-15 20:13:58.854189
-4.226355,2021-10-20,2021-10-27,sz.002384,2025-12-15 20:13:58.854189
-4.046574,2021-10-21,2021-10-28,sz.002384,2025-12-15 20:13:58.854189
-4.135305,2021-10-22,2021-10-29,sz.002384,2025-12-15 20:13:58.854189
-4.136145,2021-10-25,2021-11-01,sz.002384,2025-12-15 20:13:58.854189
-4.169908,2021-10-26,2021-11-02,sz.002384,2025-12-15 20:13:58.854189
-3.886276,2021-10-27,2021-11-03,sz.002384,2025-12-15 20:13:58.854189
-3.9940388,2021-10-28,2021-11-04,sz.002384,2025-12-15 20:13:58.854189
-4.085533,2021-10-29,2021-11-05,sz.002384,2025-12-15 20:13:58.854189
-4.1509247,2021-11-01,2021-11-08,sz.002384,2025-12-15 20:13:58.854189
-4.089138,2021-11-02,2021-11-09,sz.002384,2025-12-15 20:13:58.854189
-4.1455684,2021-11-03,2021-11-10,sz.002384,2025-12-15 20:13:58.854189
-4.223605,2021-11-04,2021-11-11,sz.002384,2025-12-15 20:13:58.854189
-4.1590805,2021-11-05,2021-11-12,sz.002384,2025-12-15 20:13:58.854189
-4.156648,2021-11-08,2021-11-15,sz.002384,2025-12-15 20:13:58.854189
-4.1534715,2021-11-09,2021-11-16,sz.002384,2025-12-15 20:13:58.854189
-4.107776,2021-11-10,2021-11-17,sz.002384,2025-12-15 20:13:58.854189
-4.0670085,2021-11-11,2021-11-18,sz.002384,2025-12-15 20:13:58.854189
-4.10183,2021-11-12,2021-11-19,sz.002384,2025-12-15 20:13:58.854189
-4.094831,2021-11-15,2021-11-22,sz.002384,2025-12-15 20:13:58.854189
-3.9576929,2021-11-16,2021-11-23,sz.002384,2025-12-15 20:13:58.854189
-3.9581153,2021-11-17,2021-11-24,sz.002384,2025-12-15 20:13:58.854189
-3.8402982,2021-11-18,2021-11-25,sz.002384,2025-12-15 20:13:58.854189
-3.8590202,2021-11-19,2021-11-26,sz.002384,2025-12-15 20:13:58.854189
-3.9364383,2021-11-22,2021-11-29,sz.002384,2025-12-15 20:13:58.854189
-3.945141,2021-11-23,2021-11-30,sz.002384,2025-12-15 20:13:58.854189
-3.870148,2021-11-24,2021-12-01,sz.002384,2025-12-15 20:13:58.854189
-3.7936316,2021-11-25,2021-12-02,sz.002384,2025-12-15 20:13:58.854189
-3.6943338,2021-11-26,2021-12-03,sz.002384,2025-12-15 20:13:58.854189
-3.7668288,2021-11-29,2021-12-06,sz.002384,2025-12-15 20:13:58.854189
-3.7686706,2021-11-30,2021-12-07,sz.002384,2025-12-15 20:13:58.854189
-3.8356063,2021-12-01,2021-12-08,sz.002384,2025-12-15 20:13:58.854189
-3.7588613,2021-12-02,2021-12-09,sz.002384,2025-12-15 20:13:58.854189
-3.7382805,2021-12-03,2021-12-10,sz.002384,2025-12-15 20:13:58.854189
-3.6659763,2021-12-06,2021-12-13,sz.002384,2025-12-15 20:13:58.854189
-3.6572564,2021-12-07,2021-12-14,sz.002384,2025-12-15 20:13:58.854189
-3.681987,2021-12-08,2021-12-15,sz.002384,2025-12-15 20:13:58.854189
-3.7391584,2021-12-09,2021-12-16,sz.002384,2025-12-15 20:13:58.854189
-3.7902436,2021-12-10,2021-12-17,sz.002384,2025-12-15 20:13:58.854189
-3.7449472,2021-12-13,2021-12-20,sz.002384,2025-12-15 20:13:58.854189
-3.7350867,2021-12-14,2021-12-21,sz.002384,2025-12-15 20:13:58.854189
-3.6729825,2021-12-15,2021-12-22,sz.002384,2025-12-15 20:13:58.854189
-3.6063936,2021-12-16,2021-12-23,sz.002384,2025-12-15 20:13:58.854189
-3.5478375,2021-12-17,2021-12-24,sz.002384,2025-12-15 20:13:58.854189
-3.6861567,2021-12-20,2021-12-27,sz.002384,2025-12-15 20:13:58.854189
-3.6515388,2021-12-21,2021-12-28,sz.002384,2025-12-15 20:13:58.854189
-3.6640544,2021-12-22,2021-12-29,sz.002384,2025-12-15 20:13:58.854189
-3.6024055,2021-12-23,2021-12-30,sz.002384,2025-12-15 20:13:58.854189
-3.6681366,2021-12-24,2021-12-31,sz.002384,2025-12-15 20:13:58.854189
-3.4461179,2021-12-27,2022-01-03,sz.002384,2025-12-15 20:13:58.854189
-3.605358,2021-12-28,2022-01-04,sz.002384,2025-12-15 20:13:58.854189
-3.4681401,2021-12-29,2022-01-05,sz.002384,2025-12-15 20:13:58.854189
-3.6845272,2021-12-30,2022-01-06,sz.002384,2025-12-15 20:13:58.854189
-3.6643343,2021-12-31,2022-01-07,sz.002384,2025-12-15 20:13:58.854189
-3.635606,2022-01-04,2022-01-11,sz.002384,2025-12-15 20:13:58.854189
-3.3256586,2022-01-05,2022-01-12,sz.002384,2025-12-15 20:13:58.854189
-3.5734193,2022-01-06,2022-01-13,sz.002384,2025-12-15 20:13:58.854189
-3.6428864,2022-01-07,2022-01-14,sz.002384,2025-12-15 20:13:58.854189
-3.6447537,2022-01-10,2022-01-17,sz.002384,2025-12-15 20:13:58.854189
-3.4883616,2022-01-11,2022-01-18,sz.002384,2025-12-15 20:13:58.854189
-3.7566795,2022-01-12,2022-01-19,sz.002384,2025-12-15 20:13:58.854189
-3.645732,2022-01-13,2022-01-20,sz.002384,2025-12-15 20:13:58.854189
-3.7899663,2022-01-14,2022-01-21,sz.002384,2025-12-15 20:13:58.854189
-3.8837569,2022-01-17,2022-01-24,sz.002384,2025-12-15 20:13:58.854189
-3.610399,2022-01-18,2022-01-25,sz.002384,2025-12-15 20:13:58.854189
-3.6647804,2022-01-19,2022-01-26,sz.002384,2025-12-15 20:13:58.854189
-4.005998,2022-01-20,2022-01-27,sz.002384,2025-12-15 20:13:58.854189
-3.898019,2022-01-21,2022-01-28,sz.002384,2025-12-15 20:13:58.854189
-3.9508774,2022-01-24,2022-01-31,sz.002384,2025-12-15 20:13:58.854189
-3.6510706,2022-01-25,2022-02-01,sz.002384,2025-12-15 20:13:58.854189
-3.9439209,2022-01-26,2022-02-02,sz.002384,2025-12-15 20:13:58.854189
-3.7940204,2022-01-27,2022-02-03,sz.002384,2025-12-15 20:13:58.854189
-4.0426364,2022-01-28,2022-02-04,sz.002384,2025-12-15 20:13:58.854189
-3.7290013,2022-02-07,2022-02-14,sz.002384,2025-12-15 20:13:58.854189
-3.97638,2022-02-08,2022-02-15,sz.002384,2025-12-15 20:13:58.854189
-4.034926,2022-02-09,2022-02-16,sz.002384,2025-12-15 20:13:58.854189
-3.9500315,2022-02-10,2022-02-17,sz.002384,2025-12-15 20:13:58.854189
-3.8145616,2022-02-11,2022-02-18,sz.002384,2025-12-15 20:13:58.854189
-3.8896677,2022-02-14,2022-02-21,sz.002384,2025-12-15 20:13:58.854189
-3.9671848,2022-02-15,2022-02-22,sz.002384,2025-12-15 20:13:58.854189
-3.8257728,2022-02-16,2022-02-23,sz.002384,2025-12-15 20:13:58.854189
-4.0726867,2022-02-17,2022-02-24,sz.002384,2025-12-15 20:13:58.854189
-3.9086685,2022-02-18,2022-02-25,sz.002384,2025-12-15 20:13:58.854189
-3.7861698,2022-02-21,2022-02-28,sz.002384,2025-12-15 20:13:58.854189
-3.8989887,2022-02-22,2022-03-01,sz.002384,2025-12-15 20:13:58.854189
-3.8431451,2022-02-23,2022-03-02,sz.002384,2025-12-15 20:13:58.854189
-3.7236583,2022-02-24,2022-03-03,sz.002384,2025-12-15 20:13:58.854189
-3.7772577,2022-02-25,2022-03-04,sz.002384,2025-12-15 20:13:58.854189
-3.9036114,2022-02-28,2022-03-07,sz.002384,2025-12-15 20:13:58.854189
-3.7498064,2022-03-01,2022-03-08,sz.002384,2025-12-15 20:13:58.854189
-3.6103904,2022-03-02,2022-03-09,sz.002384,2025-12-15 20:13:58.854189
-3.4610286,2022-03-03,2022-03-10,sz.002384,2025-12-15 20:13:58.854189
-3.6076071,2022-03-04,2022-03-11,sz.002384,2025-12-15 20:13:58.854189
-3.602589,2022-03-07,2022-03-14,sz.002384,2025-12-15 20:13:58.854189
-3.63478,2022-03-08,2022-03-15,sz.002384,2025-12-15 20:13:58.854189
-3.6468298,2022-03-09,2022-03-16,sz.002384,2025-12-15 20:13:58.854189
-3.465249,2022-03-10,2022-03-17,sz.002384,2025-12-15 20:13:58.854189
-3.5044315,2022-03-11,2022-03-18,sz.002384,2025-12-15 20:13:58.854189
-3.365787,2022-03-14,2022-03-21,sz.002384,2025-12-15 20:13:58.854189
-3.1378965,2022-03-15,2022-03-22,sz.002384,2025-12-15 20:13:58.854189
-3.6769135,2022-03-16,2022-03-23,sz.002384,2025-12-15 20:13:58.854189
-3.7567647,2022-03-17,2022-03-24,sz.002384,2025-12-15 20:13:58.854189
-3.487005,2022-03-18,2022-03-25,sz.002384,2025-12-15 20:13:58.854189
-3.530525,2022-03-21,2022-03-28,sz.002384,2025-12-15 20:13:58.854189
-3.5043762,2022-03-22,2022-03-29,sz.002384,2025-12-15 20:13:58.854189
-3.7164428,2022-03-23,2022-03-30,sz.002384,2025-12-15 20:13:58.854189
-3.9097135,2022-03-24,2022-03-31,sz.002384,2025-12-15 20:13:58.854189
-3.8233955,2022-03-25,2022-04-01,sz.002384,2025-12-15 20:13:58.854189
-3.748996,2022-03-28,2022-04-04,sz.002384,2025-12-15 20:13:58.854189
-3.5501473,2022-03-29,2022-04-05,sz.002384,2025-12-15 20:13:58.854189
-3.559207,2022-03-30,2022-04-06,sz.002384,2025-12-15 20:13:58.854189
-3.688907,2022-03-31,2022-04-07,sz.002384,2025-12-15 20:13:58.854189
-3.8175902,2022-04-01,2022-04-08,sz.002384,2025-12-15 20:13:58.854189
-3.7808416,2022-04-06,2022-04-13,sz.002384,2025-12-15 20:13:58.854189
-3.7446477,2022-04-07,2022-04-14,sz.002384,2025-12-15 20:13:58.854189
-3.6909852,2022-04-08,2022-04-15,sz.002384,2025-12-15 20:13:58.854189
-3.254538,2022-04-11,2022-04-18,sz.002384,2025-12-15 20:13:58.854189
-3.6917503,2022-04-12,2022-04-19,sz.002384,2025-12-15 20:13:58.854189
-3.6618645,2022-04-13,2022-04-20,sz.002384,2025-12-15 20:13:58.854189
-3.6917756,2022-04-14,2022-04-21,sz.002384,2025-12-15 20:13:58.854189
-3.706373,2022-04-15,2022-04-22,sz.002384,2025-12-15 20:13:58.854189
-3.7214777,2022-04-18,2022-04-25,sz.002384,2025-12-15 20:13:58.854189
-3.7663167,2022-04-19,2022-04-26,sz.002384,2025-12-15 20:13:58.854189
-3.7193978,2022-04-20,2022-04-27,sz.002384,2025-12-15 20:13:58.854189
-3.7760963,2022-04-21,2022-04-28,sz.002384,2025-12-15 20:13:58.854189
-3.6389878,2022-04-22,2022-04-29,sz.002384,2025-12-15 20:13:58.854189
-3.4105232,2022-04-25,2022-05-02,sz.002384,2025-12-15 20:13:58.854189
-3.7279303,2022-04-26,2022-05-03,sz.002384,2025-12-15 20:13:58.854189
-3.7545373,2022-04-27,2022-05-04,sz.002384,2025-12-15 20:13:58.854189
-3.7190797,2022-04-28,2022-05-05,sz.002384,2025-12-15 20:13:58.854189
-3.7956116,2022-04-29,2022-05-06,sz.002384,2025-12-15 20:13:58.854189
-3.7738383,2022-05-05,2022-05-12,sz.002384,2025-12-15 20:13:58.854189
-3.7399676,2022-05-06,2022-05-13,sz.002384,2025-12-15 20:13:58.854189
-3.7839606,2022-05-09,2022-05-16,sz.002384,2025-12-15 20:13:58.854189
-3.8144128,2022-05-10,2022-05-17,sz.002384,2025-12-15 20:13:58.854189
-3.8000343,2022-05-11,2022-05-18,sz.002384,2025-12-15 20:13:58.854189
-3.861708,2022-05-12,2022-05-19,sz.002384,2025-12-15 20:13:58.854189
-3.860029,2022-05-13,2022-05-20,sz.002384,2025-12-15 20:13:58.854189
-3.8184643,2022-05-16,2022-05-23,sz.002384,2025-12-15 20:13:58.854189
-3.9695914,2022-05-17,2022-05-24,sz.002384,2025-12-15 20:13:58.854189
-3.8754685,2022-05-18,2022-05-25,sz.002384,2025-12-15 20:13:58.854189
-3.8693979,2022-05-19,2022-05-26,sz.002384,2025-12-15 20:13:58.854189
-3.9321687,2022-05-20,2022-05-27,sz.002384,2025-12-15 20:13:58.854189
-3.9830668,2022-05-23,2022-05-30,sz.002384,2025-12-15 20:13:58.854189
-3.8928816,2022-05-24,2022-05-31,sz.002384,2025-12-15 20:13:58.854189
-3.9910395,2022-05-25,2022-06-01,sz.002384,2025-12-15 20:13:58.854189
-3.9794633,2022-05-26,2022-06-02,sz.002384,2025-12-15 20:13:58.854189
-3.9997318,2022-05-27,2022-06-03,sz.002384,2025-12-15 20:13:58.854189
-4.0792413,2022-05-30,2022-06-06,sz.002384,2025-12-15 20:13:58.854189
-4.232925,2022-05-31,2022-06-07,sz.002384,2025-12-15 20:13:58.854189
-4.0762124,2022-06-01,2022-06-08,sz.002384,2025-12-15 20:13:58.854189
-4.3081536,2022-06-02,2022-06-09,sz.002384,2025-12-15 20:13:58.854189
-4.238216,2022-06-06,2022-06-13,sz.002384,2025-12-15 20:13:58.854189
-4.1678348,2022-06-07,2022-06-14,sz.002384,2025-12-15 20:13:58.854189
-4.192111,2022-06-08,2022-06-15,sz.002384,2025-12-15 20:13:58.854189
-4.148754,2022-06-09,2022-06-16,sz.002384,2025-12-15 20:13:58.854189
-4.285647,2022-06-10,2022-06-17,sz.002384,2025-12-15 20:13:58.854189
-4.333182,2022-06-13,2022-06-20,sz.002384,2025-12-15 20:13:58.854189
-4.461159,2022-06-14,2022-06-21,sz.002384,2025-12-15 20:13:58.854189
-4.2174067,2022-06-15,2022-06-22,sz.002384,2025-12-15 20:13:58.854189
-4.381946,2022-06-16,2022-06-23,sz.002384,2025-12-15 20:13:58.854189
-4.391553,2022-06-17,2022-06-24,sz.002384,2025-12-15 20:13:58.854189
-4.4820027,2022-06-20,2022-06-27,sz.002384,2025-12-15 20:13:58.854189
-4.4633207,2022-06-21,2022-06-28,sz.002384,2025-12-15 20:13:58.854189
-4.25526,2022-06-22,2022-06-29,sz.002384,2025-12-15 20:13:58.854189
-4.453647,2022-06-23,2022-06-30,sz.002384,2025-12-15 20:13:58.854189
-4.526197,2022-06-24,2022-07-01,sz.002384,2025-12-15 20:13:58.854189
-4.434528,2022-06-27,2022-07-04,sz.002384,2025-12-15 20:13:58.854189
-4.51097,2022-06-28,2022-07-05,sz.002384,2025-12-15 20:13:58.854189
-4.2370577,2022-06-29,2022-07-06,sz.002384,2025-12-15 20:13:58.854189
-4.4826107,2022-06-30,2022-07-07,sz.002384,2025-12-15 20:13:58.854189
-4.376678,2022-07-01,2022-07-08,sz.002384,2025-12-15 20:13:58.854189
-4.19855,2022-07-04,2022-07-11,sz.002384,2025-12-15 20:13:58.854189
-4.166336,2022-07-05,2022-07-12,sz.002384,2025-12-15 20:13:58.854189
-4.3941016,2022-07-06,2022-07-13,sz.002384,2025-12-15 20:13:58.854189
-4.4012322,2022-07-07,2022-07-14,sz.002384,2025-12-15 20:13:58.854189
-4.3188696,2022-07-08,2022-07-15,sz.002384,2025-12-15 20:13:58.854189
-4.2549534,2022-07-11,2022-07-18,sz.002384,2025-12-15 20:13:58.854189
-4.2495313,2022-07-12,2022-07-19,sz.002384,2025-12-15 20:13:58.854189
-4.2214146,2022-07-13,2022-07-20,sz.002384,2025-12-15 20:13:58.854189
-4.2850504,2022-07-14,2022-07-21,sz.002384,2025-12-15 20:13:58.854189
-4.2049546,2022-07-15,2022-07-22,sz.002384,2025-12-15 20:13:58.854189
-4.140762,2022-07-18,2022-07-25,sz.002384,2025-12-15 20:13:58.854189
-4.2164826,2022-07-19,2022-07-26,sz.002384,2025-12-15 20:13:58.854189
-4.281379,2022-07-20,2022-07-27,sz.002384,2025-12-15 20:13:58.854189
-4.031913,2022-07-21,2022-07-28,sz.002384,2025-12-15 20:13:58.854189
-4.1216865,2022-07-22,2022-07-29,sz.002384,2025-12-15 20:13:58.854189
-3.9400423,2022-07-25,2022-08-01,sz.002384,2025-12-15 20:13:58.854189
-4.0160336,2022-07-26,2022-08-02,sz.002384,2025-12-15 20:13:58.854189
-4.094912,2022-07-27,2022-08-03,sz.002384,2025-12-15 20:13:58.854189
-4.241567,2022-07-28,2022-08-04,sz.002384,2025-12-15 20:13:58.854189
-4.1330023,2022-07-29,2022-08-05,sz.002384,2025-12-15 20:13:58.854189
-4.1880884,2022-08-01,2022-08-08,sz.002384,2025-12-15 20:13:58.854189
-4.0690866,2022-08-02,2022-08-09,sz.002384,2025-12-15 20:13:58.854189
-3.7984705,2022-08-03,2022-08-10,sz.002384,2025-12-15 20:13:58.854189
-4.2389627,2022-08-04,2022-08-11,sz.002384,2025-12-15 20:13:58.854189
-4.091944,2022-08-05,2022-08-12,sz.002384,2025-12-15 20:13:58.854189
-4.2637067,2022-08-08,2022-08-15,sz.002384,2025-12-15 20:13:58.854189
-4.188803,2022-08-09,2022-08-16,sz.002384,2025-12-15 20:13:58.854189
-3.9973214,2022-08-10,2022-08-17,sz.002384,2025-12-15 20:13:58.854189
-4.152615,2022-08-11,2022-08-18,sz.002384,2025-12-15 20:13:58.854189
-4.0469694,2022-08-12,2022-08-19,sz.002384,2025-12-15 20:13:58.854189
-4.205714,2022-08-15,2022-08-22,sz.002384,2025-12-15 20:13:58.854189
-4.1288996,2022-08-16,2022-08-23,sz.002384,2025-12-15 20:13:58.854189
-4.3045325,2022-08-17,2022-08-24,sz.002384,2025-12-15 20:13:58.854189
-4.2378855,2022-08-18,2022-08-25,sz.002384,2025-12-15 20:13:58.854189
-4.2021365,2022-08-19,2022-08-26,sz.002384,2025-12-15 20:13:58.854189
-4.1131554,2022-08-22,2022-08-29,sz.002384,2025-12-15 20:13:58.854189
-4.18495,2022-08-23,2022-08-30,sz.002384,2025-12-15 20:13:58.854189
-4.0978827,2022-08-24,2022-08-31,sz.002384,2025-12-15 20:13:58.854189
-4.124581,2022-08-25,2022-09-01,sz.002384,2025-12-15 20:13:58.854189
-3.769596,2022-08-26,2022-09-02,sz.002384,2025-12-15 20:13:58.854189
-3.9565146,2022-08-29,2022-09-05,sz.002384,2025-12-15 20:13:58.854189
-3.9387405,2022-08-30,2022-09-06,sz.002384,2025-12-15 20:13:58.854189
-3.7528732,2022-08-31,2022-09-07,sz.002384,2025-12-15 20:13:58.854189
-3.9101188,2022-09-01,2022-09-08,sz.002384,2025-12-15 20:13:58.854189
-3.992708,2022-09-02,2022-09-09,sz.002384,2025-12-15 20:13:58.854189
-3.8313725,2022-09-05,2022-09-12,sz.002384,2025-12-15 20:13:58.854189
-3.879421,2022-09-06,2022-09-13,sz.002384,2025-12-15 20:13:58.854189
-3.921727,2022-09-07,2022-09-14,sz.002384,2025-12-15 20:13:58.854189
-3.7692873,2022-09-08,2022-09-15,sz.002384,2025-12-15 20:13:58.854189
-3.893087,2022-09-09,2022-09-16,sz.002384,2025-12-15 20:13:58.854189
-3.5965078,2022-09-13,2022-09-20,sz.002384,2025-12-15 20:13:58.854189
-3.6217792,2022-09-14,2022-09-21,sz.002384,2025-12-15 20:13:58.854189
-3.6529734,2022-09-15,2022-09-22,sz.002384,2025-12-15 20:13:58.854189
-3.5055501,2022-09-16,2022-09-23,sz.002384,2025-12-15 20:13:58.854189
-3.556867,2022-09-19,2022-09-26,sz.002384,2025-12-15 20:13:58.854189
-3.8174298,2022-09-20,2022-09-27,sz.002384,2025-12-15 20:13:58.854189
-3.6374743,2022-09-21,2022-09-28,sz.002384,2025-12-15 20:13:58.854189
-3.487242,2022-09-22,2022-09-29,sz.002384,2025-12-15 20:13:58.854189
-3.4952528,2022-09-23,2022-09-30,sz.002384,2025-12-15 20:13:58.854189
-3.646921,2022-09-26,2022-10-03,sz.002384,2025-12-15 20:13:58.854189
-3.7509832,2022-09-27,2022-10-04,sz.002384,2025-12-15 20:13:58.854189
-3.6375244,2022-09-28,2022-10-05,sz.002384,2025-12-15 20:13:58.854189
-3.7302902,2022-09-29,2022-10-06,sz.002384,2025-12-15 20:13:58.854189
-3.462869,2022-09-30,2022-10-07,sz.002384,2025-12-15 20:13:58.854189
-3.425978,2022-10-10,2022-10-17,sz.002384,2025-12-15 20:13:58.854189
-3.604942,2022-10-11,2022-10-18,sz.002384,2025-12-15 20:13:58.854189
-3.8718688,2022-10-12,2022-10-19,sz.002384,2025-12-15 20:13:58.854189
-3.7448547,2022-10-13,2022-10-20,sz.002384,2025-12-15 20:13:58.854189
-3.9385593,2022-10-14,2022-10-21,sz.002384,2025-12-15 20:13:58.854189
-3.9727657,2022-10-17,2022-10-24,sz.002384,2025-12-15 20:13:58.854189
-3.9032915,2022-10-18,2022-10-25,sz.002384,2025-12-15 20:13:58.854189
-3.9814298,2022-10-19,2022-10-26,sz.002384,2025-12-15 20:13:58.854189
-4.07476,2022-10-20,2022-10-27,sz.002384,2025-12-15 20:13:58.854189
-4.050709,2022-10-21,2022-10-28,sz.002384,2025-12-15 20:13:58.854189
-3.943649,2022-10-24,2022-10-31,sz.002384,2025-12-15 20:13:58.854189
-4.109161,2022-10-25,2022-11-01,sz.002384,2025-12-15 20:13:58.854189
-4.132816,2022-10-26,2022-11-02,sz.002384,2025-12-15 20:13:58.854189
-4.122295,2022-10-27,2022-11-03,sz.002384,2025-12-15 20:13:58.854189
-3.9016438,2022-10-28,2022-11-04,sz.002384,2025-12-15 20:13:58.854189
-4.191762,2022-10-31,2022-11-07,sz.002384,2025-12-15 20:13:58.854189
-4.2536216,2022-11-01,2022-11-08,sz.002384,2025-12-15 20:13:58.854189
-3.9282854,2022-11-02,2022-11-09,sz.002384,2025-12-15 20:13:58.854189
-4.1290627,2022-11-03,2022-11-10,sz.002384,2025-12-15 20:13:58.854189
-4.237721,2022-11-04,2022-11-11,sz.002384,2025-12-15 20:13:58.854189
-4.2024717,2022-11-07,2022-11-14,sz.002384,2025-12-15 20:13:58.854189
-4.2999835,2022-11-08,2022-11-15,sz.002384,2025-12-15 20:13:58.854189
-4.188881,2022-11-09,2022-11-16,sz.002384,2025-12-15 20:13:58.854189
-4.118879,2022-11-10,2022-11-17,sz.002384,2025-12-15 20:13:58.854189
-4.0427155,2022-11-11,2022-11-18,sz.002384,2025-12-15 20:13:58.854189
-4.1232667,2022-11-14,2022-11-21,sz.002384,2025-12-15 20:13:58.854189
-4.224502,2022-11-15,2022-11-22,sz.002384,2025-12-15 20:13:58.854189
-4.04441,2022-11-16,2022-11-23,sz.002384,2025-12-15 20:13:58.854189
-4.284327,2022-11-17,2022-11-24,sz.002384,2025-12-15 20:13:58.854189
-4.104554,2022-11-18,2022-11-25,sz.002384,2025-12-15 20:13:58.854189
-4.155019,2022-11-21,2022-11-28,sz.002384,2025-12-15 20:13:58.854189
-3.9115217,2022-11-22,2022-11-29,sz.002384,2025-12-15 20:13:58.854189
-4.079782,2022-11-23,2022-11-30,sz.002384,2025-12-15 20:13:58.854189
-3.881962,2022-11-24,2022-12-01,sz.002384,2025-12-15 20:13:58.854189
-3.971269,2022-11-25,2022-12-02,sz.002384,2025-12-15 20:13:58.854189
-3.9861605,2022-11-28,2022-12-05,sz.002384,2025-12-15 20:13:58.854189
-3.9747121,2022-11-29,2022-12-06,sz.002384,2025-12-15 20:13:58.854189
-3.9102647,2022-11-30,2022-12-07,sz.002384,2025-12-15 20:13:58.854189
-3.7753026,2022-12-01,2022-12-08,sz.002384,2025-12-15 20:13:58.854189
-3.7629993,2022-12-02,2022-12-09,sz.002384,2025-12-15 20:13:58.854189
-3.7910879,2022-12-05,2022-12-12,sz.002384,2025-12-15 20:13:58.854189
-3.8082688,2022-12-06,2022-12-13,sz.002384,2025-12-15 20:13:58.854189
-3.7914605,2022-12-07,2022-12-14,sz.002384,2025-12-15 20:13:58.854189
-3.6990902,2022-12-08,2022-12-15,sz.002384,2025-12-15 20:13:58.854189
-3.5616806,2022-12-09,2022-12-16,sz.002384,2025-12-15 20:13:58.854189
-3.6069553,2022-12-12,2022-12-19,sz.002384,2025-12-15 20:13:58.854189
-3.647652,2022-12-13,2022-12-20,sz.002384,2025-12-15 20:13:58.854189
-3.6533086,2022-12-14,2022-12-21,sz.002384,2025-12-15 20:13:58.854189
-3.823656,2022-12-15,2022-12-22,sz.002384,2025-12-15 20:13:58.854189
-3.712631,2022-12-16,2022-12-23,sz.002384,2025-12-15 20:13:58.854189
-3.5742047,2022-12-19,2022-12-26,sz.002384,2025-12-15 20:13:58.854189
-3.5540693,2022-12-20,2022-12-27,sz.002384,2025-12-15 20:13:58.854189
-3.5744126,2022-12-21,2022-12-28,sz.002384,2025-12-15 20:13:58.854189
-3.6976316,2022-12-22,2022-12-29,sz.002384,2025-12-15 20:13:58.854189
-3.8189733,2022-12-23,2022-12-30,sz.002384,2025-12-15 20:13:58.854189
-3.9769037,2022-12-26,2023-01-02,sz.002384,2025-12-15 20:13:58.854189
-3.9385812,2022-12-27,2023-01-03,sz.002384,2025-12-15 20:13:58.854189
-3.7716577,2022-12-28,2023-01-04,sz.002384,2025-12-15 20:13:58.854189
-3.7906969,2022-12-29,2023-01-05,sz.002384,2025-12-15 20:13:58.854189
-3.8609276,2022-12-30,2023-01-06,sz.002384,2025-12-15 20:13:58.854189
-4.1017585,2023-01-03,2023-01-10,sz.002384,2025-12-15 20:13:58.854189
-3.77904,2023-01-04,2023-01-11,sz.002384,2025-12-15 20:13:58.854189
-4.2005,2023-01-05,2023-01-12,sz.002384,2025-12-15 20:13:58.854189
-4.022258,2023-01-06,2023-01-13,sz.002384,2025-12-15 20:13:58.854189
-3.897921,2023-01-09,2023-01-16,sz.002384,2025-12-15 20:13:58.854189
-4.093556,2023-01-10,2023-01-17,sz.002384,2025-12-15 20:13:58.854189
-3.951699,2023-01-11,2023-01-18,sz.002384,2025-12-15 20:13:58.854189
-4.189655,2023-01-12,2023-01-19,sz.002384,2025-12-15 20:13:58.854189
-4.1287446,2023-01-13,2023-01-20,sz.002384,2025-12-15 20:13:58.854189
-4.0884767,2023-01-16,2023-01-23,sz.002384,2025-12-15 20:13:58.854189
-3.9744833,2023-01-17,2023-01-24,sz.002384,2025-12-15 20:13:58.854189
-4.12006,2023-01-18,2023-01-25,sz.002384,2025-12-15 20:13:58.854189
-4.0415874,2023-01-19,2023-01-26,sz.002384,2025-12-15 20:13:58.854189
-4.088227,2023-01-20,2023-01-27,sz.002384,2025-12-15 20:13:58.854189
-4.1963277,2023-01-30,2023-02-06,sz.002384,2025-12-15 20:13:58.854189
-3.9803188,2023-01-31,2023-02-07,sz.002384,2025-12-15 20:13:58.854189
-3.9473445,2023-02-01,2023-02-08,sz.002384,2025-12-15 20:13:58.854189
-3.8317568,2023-02-02,2023-02-09,sz.002384,2025-12-15 20:13:58.854189
-4.058824,2023-02-03,2023-02-10,sz.002384,2025-12-15 20:13:58.854189
-4.0548935,2023-02-06,2023-02-13,sz.002384,2025-12-15 20:13:58.854189
-4.1120825,2023-02-07,2023-02-14,sz.002384,2025-12-15 20:13:58.854189
-4.098632,2023-02-08,2023-02-15,sz.002384,2025-12-15 20:13:58.854189
-4.181522,2023-02-09,2023-02-16,sz.002384,2025-12-15 20:13:58.854189
-4.1327686,2023-02-10,2023-02-17,sz.002384,2025-12-15 20:13:58.854189
-4.1434765,2023-02-13,2023-02-20,sz.002384,2025-12-15 20:13:58.854189
-4.1657844,2023-02-14,2023-02-21,sz.002384,2025-12-15 20:13:58.854189
-4.2901235,2023-02-15,2023-02-22,sz.002384,2025-12-15 20:13:58.854189
-4.2414737,2023-02-16,2023-02-23,sz.002384,2025-12-15 20:13:58.854189
-3.9573958,2023-02-17,2023-02-24,sz.002384,2025-12-15 20:13:58.854189
-4.0903816,2023-02-20,2023-02-27,sz.002384,2025-12-15 20:13:58.854189
-4.0732975,2023-02-21,2023-02-28,sz.002384,2025-12-15 20:13:58.854189
-4.2164683,2023-02-22,2023-03-01,sz.002384,2025-12-15 20:13:58.854189
-4.1422877,2023-02-23,2023-03-02,sz.002384,2025-12-15 20:13:58.854189
-4.27925,2023-02-24,2023-03-03,sz.002384,2025-12-15 20:13:58.854189
-4.255855,2023-02-27,2023-03-06,sz.002384,2025-12-15 20:13:58.854189
-4.049495,2023-02-28,2023-03-07,sz.002384,2025-12-15 20:13:58.854189
-4.0594454,2023-03-01,2023-03-08,sz.002384,2025-12-15 20:13:58.854189
-4.0450587,2023-03-02,2023-03-09,sz.002384,2025-12-15 20:13:58.854189
-4.0992546,2023-03-03,2023-03-10,sz.002384,2025-12-15 20:13:58.854189
-4.26827,2023-03-06,2023-03-13,sz.002384,2025-12-15 20:13:58.854189
-4.0743723,2023-03-07,2023-03-14,sz.002384,2025-12-15 20:13:58.854189
-4.0742774,2023-03-08,2023-03-15,sz.002384,2025-12-15 20:13:58.854189
-4.0734034,2023-03-09,2023-03-16,sz.002384,2025-12-15 20:13:58.854189
-4.1109695,2023-03-10,2023-03-17,sz.002384,2025-12-15 20:13:58.854189
-4.151452,2023-03-13,2023-03-20,sz.002384,2025-12-15 20:13:58.854189
-4.120967,2023-03-14,2023-03-21,sz.002384,2025-12-15 20:13:58.854189
-4.070647,2023-03-15,2023-03-22,sz.002384,2025-12-15 20:13:58.854189
-3.9501245,2023-03-16,2023-03-23,sz.002384,2025-12-15 20:13:58.854189
-3.8902981,2023-03-17,2023-03-24,sz.002384,2025-12-15 20:13:58.854189
-4.0166383,2023-03-20,2023-03-27,sz.002384,2025-12-15 20:13:58.854189
-4.056217,2023-03-21,2023-03-28,sz.002384,2025-12-15 20:13:58.854189
-4.177322,2023-03-22,2023-03-29,sz.002384,2025-12-15 20:13:58.854189
-4.191029,2023-03-23,2023-03-30,sz.002384,2025-12-15 20:13:58.854189
-4.106678,2023-03-24,2023-03-31,sz.002384,2025-12-15 20:13:58.854189
-3.990001,2023-03-27,2023-04-03,sz.002384,2025-12-15 20:13:58.854189
-4.0198145,2023-03-28,2023-04-04,sz.002384,2025-12-15 20:13:58.854189
-4.190008,2023-03-29,2023-04-05,sz.002384,2025-12-15 20:13:58.854189
-4.1309347,2023-03-30,2023-04-06,sz.002384,2025-12-15 20:13:58.854189
-4.2042003,2023-03-31,2023-04-07,sz.002384,2025-12-15 20:13:58.854189
-3.8500826,2023-04-03,2023-04-10,sz.002384,2025-12-15 20:13:58.854189
-4.059193,2023-04-04,2023-04-11,sz.002384,2025-12-15 20:13:58.854189
-4.02253,2023-04-06,2023-04-13,sz.002384,2025-12-15 20:13:58.854189
-4.1423373,2023-04-07,2023-04-14,sz.002384,2025-12-15 20:13:58.854189
-3.859619,2023-04-10,2023-04-17,sz.002384,2025-12-15 20:13:58.854189
-3.994477,2023-04-11,2023-04-18,sz.002384,2025-12-15 20:13:58.854189
-4.016863,2023-04-12,2023-04-19,sz.002384,2025-12-15 20:13:58.854189
-3.7924988,2023-04-13,2023-04-20,sz.002384,2025-12-15 20:13:58.854189
-3.9023898,2023-04-14,2023-04-21,sz.002384,2025-12-15 20:13:58.854189
-3.9080448,2023-04-17,2023-04-24,sz.002384,2025-12-15 20:13:58.854189
-4.0140986,2023-04-18,2023-04-25,sz.002384,2025-12-15 20:13:58.854189
-3.8858893,2023-04-19,2023-04-26,sz.002384,2025-12-15 20:13:58.854189
-4.014793,2023-04-20,2023-04-27,sz.002384,2025-12-15 20:13:58.854189
-3.8413687,2023-04-21,2023-04-28,sz.002384,2025-12-15 20:13:58.854189
-3.832936,2023-04-24,2023-05-01,sz.002384,2025-12-15 20:13:58.854189
-3.9709184,2023-04-25,2023-05-02,sz.002384,2025-12-15 20:13:58.854189
-4.036812,2023-04-26,2023-05-03,sz.002384,2025-12-15 20:13:58.854189
-3.8450496,2023-04-27,2023-05-04,sz.002384,2025-12-15 20:13:58.854189
-3.896857,2023-04-28,2023-05-05,sz.002384,2025-12-15 20:13:58.854189
-3.9339945,2023-05-04,2023-05-11,sz.002384,2025-12-15 20:13:58.854189
-3.9789007,2023-05-05,2023-05-12,sz.002384,2025-12-15 20:13:58.854189
-4.0203905,2023-05-08,2023-05-15,sz.002384,2025-12-15 20:13:58.854189
-4.03394,2023-05-09,2023-05-16,sz.002384,2025-12-15 20:13:58.854189
-4.0001144,2023-05-10,2023-05-17,sz.002384,2025-12-15 20:13:58.854189
-3.9323204,2023-05-11,2023-05-18,sz.002384,2025-12-15 20:13:58.854189
-3.967343,2023-05-12,2023-05-19,sz.002384,2025-12-15 20:13:58.854189
-4.019788,2023-05-15,2023-05-22,sz.002384,2025-12-15 20:13:58.854189
-3.9956696,2023-05-16,2023-05-23,sz.002384,2025-12-15 20:13:58.854189
-3.984071,2023-05-17,2023-05-24,sz.002384,2025-12-15 20:13:58.854189
-3.8428953,2023-05-18,2023-05-25,sz.002384,2025-12-15 20:13:58.854189
-3.9288785,2023-05-19,2023-05-26,sz.002384,2025-12-15 20:13:58.854189
-3.8776915,2023-05-22,2023-05-29,sz.002384,2025-12-15 20:13:58.854189
-3.8834436,2023-05-23,2023-05-30,sz.002384,2025-12-15 20:13:58.854189
-3.849947,2023-05-24,2023-05-31,sz.002384,2025-12-15 20:13:58.854189
-3.840578,2023-05-25,2023-06-01,sz.002384,2025-12-15 20:13:58.854189
-3.8902242,2023-05-26,2023-06-02,sz.002384,2025-12-15 20:13:58.854189
-3.7898848,2023-05-29,2023-06-05,sz.002384,2025-12-15 20:13:58.854189
-3.831202,2023-05-30,2023-06-06,sz.002384,2025-12-15 20:13:58.854189
-3.67259,2023-05-31,2023-06-07,sz.002384,2025-12-15 20:13:58.854189
-3.7085173,2023-06-01,2023-06-08,sz.002384,2025-12-15 20:13:58.854189
-3.826876,2023-06-02,2023-06-09,sz.002384,2025-12-15 20:13:58.854189
-3.7561812,2023-06-05,2023-06-12,sz.002384,2025-12-15 20:13:58.854189
-3.7428343,2023-06-06,2023-06-13,sz.002384,2025-12-15 20:13:58.854189
-3.7350264,2023-06-07,2023-06-14,sz.002384,2025-12-15 20:13:58.854189
-3.7642477,2023-06-08,2023-06-15,sz.002384,2025-12-15 20:13:58.854189
-3.8671405,2023-06-09,2023-06-16,sz.002384,2025-12-15 20:13:58.854189
-3.8816385,2023-06-12,2023-06-19,sz.002384,2025-12-15 20:13:58.854189
-3.9504402,2023-06-13,2023-06-20,sz.002384,2025-12-15 20:13:58.854189
-3.8685036,2023-06-14,2023-06-21,sz.002384,2025-12-15 20:13:58.854189
-3.9338663,2023-06-15,2023-06-22,sz.002384,2025-12-15 20:13:58.854189
-4.058767,2023-06-16,2023-06-23,sz.002384,2025-12-15 20:13:58.854189
-3.9751794,2023-06-19,2023-06-26,sz.002384,2025-12-15 20:13:58.854189
-3.9452097,2023-06-20,2023-06-27,sz.002384,2025-12-15 20:13:58.854189
-3.870464,2023-06-21,2023-06-28,sz.002384,2025-12-15 20:13:58.854189
-3.9371784,2023-06-26,2023-07-03,sz.002384,2025-12-15 20:13:58.854189
-4.1856637,2023-06-27,2023-07-04,sz.002384,2025-12-15 20:13:58.854189
-4.0595737,2023-06-28,2023-07-05,sz.002384,2025-12-15 20:13:58.854189
-4.2978587,2023-06-29,2023-07-06,sz.002384,2025-12-15 20:13:58.854189
-4.394177,2023-06-30,2023-07-07,sz.002384,2025-12-15 20:13:58.854189
-4.2017503,2023-07-03,2023-07-10,sz.002384,2025-12-15 20:13:58.854189
-4.436731,2023-07-04,2023-07-11,sz.002384,2025-12-15 20:13:58.854189
-4.304501,2023-07-05,2023-07-12,sz.002384,2025-12-15 20:13:58.854189
-4.3545966,2023-07-06,2023-07-13,sz.002384,2025-12-15 20:13:58.854189
-4.1289406,2023-07-07,2023-07-14,sz.002384,2025-12-15 20:13:58.854189
-4.111487,2023-07-10,2023-07-17,sz.002384,2025-12-15 20:13:58.854189
-4.4488826,2023-07-11,2023-07-18,sz.002384,2025-12-15 20:13:58.854189
-4.1666293,2023-07-12,2023-07-19,sz.002384,2025-12-15 20:13:58.854189
-4.2603326,2023-07-13,2023-07-20,sz.002384,2025-12-15 20:13:58.854189
-4.1462836,2023-07-14,2023-07-21,sz.002384,2025-12-15 20:13:58.854189
-4.051989,2023-07-17,2023-07-24,sz.002384,2025-12-15 20:13:58.854189
-4.2550197,2023-07-18,2023-07-25,sz.002384,2025-12-15 20:13:58.854189
-4.1465154,2023-07-19,2023-07-26,sz.002384,2025-12-15 20:13:58.854189
-4.1221976,2023-07-20,2023-07-27,sz.002384,2025-12-15 20:13:58.854189
-4.1862893,2023-07-21,2023-07-28,sz.002384,2025-12-15 20:13:58.854189
-4.2341514,2023-07-24,2023-07-31,sz.002384,2025-12-15 20:13:58.854189
-4.2823405,2023-07-25,2023-08-01,sz.002384,2025-12-15 20:13:58.854189
-4.2234836,2023-07-26,2023-08-02,sz.002384,2025-12-15 20:13:58.854189
-4.1161337,2023-07-27,2023-08-03,sz.002384,2025-12-15 20:13:58.854189
-4.3452907,2023-07-28,2023-08-04,sz.002384,2025-12-15 20:13:58.854189
-4.224711,2023-07-31,2023-08-07,sz.002384,2025-12-15 20:13:58.854189
-4.3743873,2023-08-01,2023-08-08,sz.002384,2025-12-15 20:13:58.854189
-4.376004,2023-08-02,2023-08-09,sz.002384,2025-12-15 20:13:58.854189
-4.2619586,2023-08-03,2023-08-10,sz.002384,2025-12-15 20:13:58.854189
-4.3450336,2023-08-04,2023-08-11,sz.002384,2025-12-15 20:13:58.854189
-4.4201837,2023-08-07,2023-08-14,sz.002384,2025-12-15 20:13:58.854189
-4.265988,2023-08-08,2023-08-15,sz.002384,2025-12-15 20:13:58.854189
-4.360443,2023-08-09,2023-08-16,sz.002384,2025-12-15 20:13:58.854189
-4.225014,2023-08-10,2023-08-17,sz.002384,2025-12-15 20:13:58.854189
-3.8599799,2023-08-11,2023-08-18,sz.002384,2025-12-15 20:13:58.854189
-4.152762,2023-08-14,2023-08-21,sz.002384,2025-12-15 20:13:58.854189
-4.141146,2023-08-15,2023-08-22,sz.002384,2025-12-15 20:13:58.854189
-4.1482406,2023-08-16,2023-08-23,sz.002384,2025-12-15 20:13:58.854189
-4.2010503,2023-08-17,2023-08-24,sz.002384,2025-12-15 20:13:58.854189
-4.08369,2023-08-18,2023-08-25,sz.002384,2025-12-15 20:13:58.854189
-4.1282363,2023-08-21,2023-08-28,sz.002384,2025-12-15 20:13:58.854189
-4.1275587,2023-08-22,2023-08-29,sz.002384,2025-12-15 20:13:58.854189
-4.102306,2023-08-23,2023-08-30,sz.002384,2025-12-15 20:13:58.854189
-3.9943492,2023-08-24,2023-08-31,sz.002384,2025-12-15 20:13:58.854189
-4.031192,2023-08-25,2023-09-01,sz.002384,2025-12-15 20:13:58.854189
-3.951215,2023-08-28,2023-09-04,sz.002384,2025-12-15 20:13:58.854189
-4.0105276,2023-08-29,2023-09-05,sz.002384,2025-12-15 20:13:58.854189
-3.97801,2023-08-30,2023-09-06,sz.002384,2025-12-15 20:13:58.854189
-4.0150847,2023-08-31,2023-09-07,sz.002384,2025-12-15 20:13:58.854189
-3.956289,2023-09-01,2023-09-08,sz.002384,2025-12-15 20:13:58.854189
-3.9554374,2023-09-04,2023-09-11,sz.002384,2025-12-15 20:13:58.854189
-3.8675368,2023-09-05,2023-09-12,sz.002384,2025-12-15 20:13:58.854189
-3.9408424,2023-09-06,2023-09-13,sz.002384,2025-12-15 20:13:58.854189
-3.8652775,2023-09-07,2023-09-14,sz.002384,2025-12-15 20:13:58.854189
-4.0048985,2023-09-08,2023-09-15,sz.002384,2025-12-15 20:13:58.854189
-4.024045,2023-09-11,2023-09-18,sz.002384,2025-12-15 20:13:58.854189
-4.036944,2023-09-12,2023-09-19,sz.002384,2025-12-15 20:13:58.854189
-3.8047893,2023-09-13,2023-09-20,sz.002384,2025-12-15 20:13:58.854189
-3.907973,2023-09-14,2023-09-21,sz.002384,2025-12-15 20:13:58.854189
-3.9182441,2023-09-15,2023-09-22,sz.002384,2025-12-15 20:13:58.854189
-3.8878918,2023-09-18,2023-09-25,sz.002384,2025-12-15 20:13:58.854189
-3.8860204,2023-09-19,2023-09-26,sz.002384,2025-12-15 20:13:58.854189
-3.8746622,2023-09-20,2023-09-27,sz.002384,2025-12-15 20:13:58.854189
-3.8248734,2023-09-21,2023-09-28,sz.002384,2025-12-15 20:13:58.854189
-3.8766367,2023-09-22,2023-09-29,sz.002384,2025-12-15 20:13:58.854189
-3.7143426,2023-09-25,2023-10-02,sz.002384,2025-12-15 20:13:58.854189
-3.722677,2023-09-26,2023-10-03,sz.002384,2025-12-15 20:13:58.854189
-3.8205686,2023-09-27,2023-10-04,sz.002384,2025-12-15 20:13:58.854189
-3.842666,2023-09-28,2023-10-05,sz.002384,2025-12-15 20:13:58.854189
-3.7866213,2023-10-09,2023-10-16,sz.002384,2025-12-15 20:13:58.854189
-3.7716277,2023-10-10,2023-10-17,sz.002384,2025-12-15 20:13:58.854189
-3.693684,2023-10-11,2023-10-18,sz.002384,2025-12-15 20:13:58.854189
-3.7766707,2023-10-12,2023-10-19,sz.002384,2025-12-15 20:13:58.854189
-3.7629614,2023-10-13,2023-10-20,sz.002384,2025-12-15 20:13:58.854189
-3.6277776,2023-10-16,2023-10-23,sz.002384,2025-12-15 20:13:58.854189
-3.65922,2023-10-17,2023-10-24,sz.002384,2025-12-15 20:13:58.854189
-3.6731637,2023-10-18,2023-10-25,sz.002384,2025-12-15 20:13:58.854189
-3.592888,2023-10-19,2023-10-26,sz.002384,2025-12-15 20:13:58.854189
-3.5754812,2023-10-20,2023-10-27,sz.002384,2025-12-15 20:13:58.854189
-3.6154828,2023-10-23,2023-10-30,sz.002384,2025-12-15 20:13:58.854189
-3.6907575,2023-10-24,2023-10-31,sz.002384,2025-12-15 20:13:58.854189
-3.6615136,2023-10-25,2023-11-01,sz.002384,2025-12-15 20:13:58.854189
-3.7518985,2023-10-26,2023-11-02,sz.002384,2025-12-15 20:13:58.854189
-3.7690473,2023-10-27,2023-11-03,sz.002384,2025-12-15 20:13:58.854189
-3.769838,2023-10-30,2023-11-06,sz.002384,2025-12-15 20:13:58.854189
-3.7311523,2023-10-31,2023-11-07,sz.002384,2025-12-15 20:13:58.854189
-3.7565649,2023-11-01,2023-11-08,sz.002384,2025-12-15 20:13:58.854189
-3.7041976,2023-11-02,2023-11-09,sz.002384,2025-12-15 20:13:58.854189
-3.7095187,2023-11-03,2023-11-10,sz.002384,2025-12-15 20:13:58.854189
-3.6630118,2023-11-06,2023-11-13,sz.002384,2025-12-15 20:13:58.854189
-3.6336095,2023-11-07,2023-11-14,sz.002384,2025-12-15 20:13:58.854189
-3.4807105,2023-11-08,2023-11-15,sz.002384,2025-12-15 20:13:58.854189
-3.526693,2023-11-09,2023-11-16,sz.002384,2025-12-15 20:13:58.854189
-3.468961,2023-11-10,2023-11-17,sz.002384,2025-12-15 20:13:58.854189
-3.426558,2023-11-13,2023-11-20,sz.002384,2025-12-15 20:13:58.854189
-3.4204283,2023-11-14,2023-11-21,sz.002384,2025-12-15 20:13:58.854189
-3.503941,2023-11-15,2023-11-22,sz.002384,2025-12-15 20:13:58.854189
-3.3765852,2023-11-16,2023-11-23,sz.002384,2025-12-15 20:13:58.854189
-3.4715967,2023-11-17,2023-11-24,sz.002384,2025-12-15 20:13:58.854189
-3.6089675,2023-11-20,2023-11-27,sz.002384,2025-12-15 20:13:58.854189
-3.507776,2023-11-21,2023-11-28,sz.002384,2025-12-15 20:13:58.854189
-3.5289001,2023-11-22,2023-11-29,sz.002384,2025-12-15 20:13:58.854189
-3.723682,2023-11-23,2023-11-30,sz.002384,2025-12-15 20:13:58.854189
-3.6033616,2023-11-24,2023-12-01,sz.002384,2025-12-15 20:13:58.854189
-3.7587566,2023-11-27,2023-12-04,sz.002384,2025-12-15 20:13:58.854189
-3.7550766,2023-11-28,2023-12-05,sz.002384,2025-12-15 20:13:58.854189
-3.8063393,2023-11-29,2023-12-06,sz.002384,2025-12-15 20:13:58.854189
-3.8239903,2023-11-30,2023-12-07,sz.002384,2025-12-15 20:13:58.854189
-3.816289,2023-12-01,2023-12-08,sz.002384,2025-12-15 20:13:58.854189
-3.7055967,2023-12-04,2023-12-11,sz.002384,2025-12-15 20:13:58.854189
-3.7294333,2023-12-05,2023-12-12,sz.002384,2025-12-15 20:13:58.854189
-3.7647624,2023-12-06,2023-12-13,sz.002384,2025-12-15 20:13:58.854189
-3.8516614,2023-12-07,2023-12-14,sz.002384,2025-12-15 20:13:58.854189
-3.7840354,2023-12-08,2023-12-15,sz.002384,2025-12-15 20:13:58.854189
-3.9248583,2023-12-11,2023-12-18,sz.002384,2025-12-15 20:13:58.854189
-3.9472578,2023-12-12,2023-12-19,sz.002384,2025-12-15 20:13:58.854189
-3.9049687,2023-12-13,2023-12-20,sz.002384,2025-12-15 20:13:58.854189
-3.9615767,2023-12-14,2023-12-21,sz.002384,2025-12-15 20:13:58.854189
-3.968312,2023-12-15,2023-12-22,sz.002384,2025-12-15 20:13:58.854189
-3.9580796,2023-12-18,2023-12-25,sz.002384,2025-12-15 20:13:58.854189
-4.183512,2023-12-19,2023-12-26,sz.002384,2025-12-15 20:13:58.854189
-4.1682334,2023-12-20,2023-12-27,sz.002384,2025-12-15 20:13:58.854189
-4.2591968,2023-12-21,2023-12-28,sz.002384,2025-12-15 20:13:58.854189
-4.244805,2023-12-22,2023-12-29,sz.002384,2025-12-15 20:13:58.854189
-4.310474,2023-12-25,2024-01-01,sz.002384,2025-12-15 20:13:58.854189
-4.2632475,2023-12-26,2024-01-02,sz.002384,2025-12-15 20:13:58.854189
-4.31124,2023-12-27,2024-01-03,sz.002384,2025-12-15 20:13:58.854189
-4.2734194,2023-12-28,2024-01-04,sz.002384,2025-12-15 20:13:58.854189
-4.3493013,2023-12-29,2024-01-05,sz.002384,2025-12-15 20:13:58.854189
-4.3134894,2024-01-02,2024-01-09,sz.002384,2025-12-15 20:13:58.854189
-4.2546887,2024-01-03,2024-01-10,sz.002384,2025-12-15 20:13:58.854189
-4.4120564,2024-01-04,2024-01-11,sz.002384,2025-12-15 20:13:58.854189
-4.3284497,2024-01-05,2024-01-12,sz.002384,2025-12-15 20:13:58.854189
-4.3018537,2024-01-08,2024-01-15,sz.002384,2025-12-15 20:13:58.854189
-4.2717595,2024-01-09,2024-01-16,sz.002384,2025-12-15 20:13:58.854189
-4.340352,2024-01-10,2024-01-17,sz.002384,2025-12-15 20:13:58.854189
-4.3435388,2024-01-11,2024-01-18,sz.002384,2025-12-15 20:13:58.854189
-4.3243117,2024-01-12,2024-01-19,sz.002384,2025-12-15 20:13:58.854189
-4.2893863,2024-01-15,2024-01-22,sz.002384,2025-12-15 20:13:58.854189
-4.289947,2024-01-16,2024-01-23,sz.002384,2025-12-15 20:13:58.854189
-4.237237,2024-01-17,2024-01-24,sz.002384,2025-12-15 20:13:58.854189
-4.2871337,2024-01-18,2024-01-25,sz.002384,2025-12-15 20:13:58.854189
-4.197094,2024-01-19,2024-01-26,sz.002384,2025-12-15 20:13:58.854189
-4.2036777,2024-01-22,2024-01-29,sz.002384,2025-12-15 20:13:58.854189
-4.208597,2024-01-23,2024-01-30,sz.002384,2025-12-15 20:13:58.854189
-4.2283473,2024-01-24,2024-01-31,sz.002384,2025-12-15 20:13:58.854189
-4.220421,2024-01-25,2024-02-01,sz.002384,2025-12-15 20:13:58.854189
-4.137894,2024-01-26,2024-02-02,sz.002384,2025-12-15 20:13:58.854189
-4.005959,2024-01-29,2024-02-05,sz.002384,2025-12-15 20:13:58.854189
-4.0537953,2024-01-30,2024-02-06,sz.002384,2025-12-15 20:13:58.854189
-4.0170646,2024-01-31,2024-02-07,sz.002384,2025-12-15 20:13:58.854189
-4.0396185,2024-02-01,2024-02-08,sz.002384,2025-12-15 20:13:58.854189
-4.031253,2024-02-02,2024-02-09,sz.002384,2025-12-15 20:13:58.854189
-4.015797,2024-02-05,2024-02-12,sz.002384,2025-12-15 20:13:58.854189
-4.0248313,2024-02-06,2024-02-13,sz.002384,2025-12-15 20:13:58.854189
-4.0459676,2024-02-07,2024-02-14,sz.002384,2025-12-15 20:13:58.854189
-3.9051511,2024-02-08,2024-02-15,sz.002384,2025-12-15 20:13:58.854189
-3.9762366,2024-02-19,2024-02-26,sz.002384,2025-12-15 20:13:58.854189
-3.9302938,2024-02-20,2024-02-27,sz.002384,2025-12-15 20:13:58.854189
-3.796871,2024-02-21,2024-02-28,sz.002384,2025-12-15 20:13:58.854189
-3.8725247,2024-02-22,2024-02-29,sz.002384,2025-12-15 20:13:58.854189
-3.9012258,2024-02-23,2024-03-01,sz.002384,2025-12-15 20:13:58.854189
-3.8409283,2024-02-26,2024-03-04,sz.002384,2025-12-15 20:13:58.854189
-3.9304988,2024-02-27,2024-03-05,sz.002384,2025-12-15 20:13:58.854189
-3.7052076,2024-02-28,2024-03-06,sz.002384,2025-12-15 20:13:58.854189
-3.8396938,2024-02-29,2024-03-07,sz.002384,2025-12-15 20:13:58.854189
-3.8102148,2024-03-01,2024-03-08,sz.002384,2025-12-15 20:13:58.854189
-3.8905466,2024-03-04,2024-03-11,sz.002384,2025-12-15 20:13:58.854189
-3.8748367,2024-03-05,2024-03-12,sz.002384,2025-12-15 20:13:58.854189
-3.877416,2024-03-06,2024-03-13,sz.002384,2025-12-15 20:13:58.854189
-3.7855656,2024-03-07,2024-03-14,sz.002384,2025-12-15 20:13:58.854189
-3.8606007,2024-03-08,2024-03-15,sz.002384,2025-12-15 20:13:58.854189
-3.927727,2024-03-11,2024-03-18,sz.002384,2025-12-15 20:13:58.854189
-3.9044235,2024-03-12,2024-03-19,sz.002384,2025-12-15 20:13:58.854189
-3.8980138,2024-03-13,2024-03-20,sz.002384,2025-12-15 20:13:58.854189
-3.9547603,2024-03-14,2024-03-21,sz.002384,2025-12-15 20:13:58.854189
-3.9868925,2024-03-15,2024-03-22,sz.002384,2025-12-15 20:13:58.854189
-4.0179973,2024-03-18,2024-03-25,sz.002384,2025-12-15 20:13:58.854189
-3.905286,2024-03-19,2024-03-26,sz.002384,2025-12-15 20:13:58.854189
-4.0844097,2024-03-20,2024-03-27,sz.002384,2025-12-15 20:13:58.854189
-4.070888,2024-03-21,2024-03-28,sz.002384,2025-12-15 20:13:58.854189
-4.1173167,2024-03-22,2024-03-29,sz.002384,2025-12-15 20:13:58.854189
-3.968736,2024-03-25,2024-04-01,sz.002384,2025-12-15 20:13:58.854189
-3.9920623,2024-03-26,2024-04-02,sz.002384,2025-12-15 20:13:58.854189
-3.8402383,2024-03-27,2024-04-03,sz.002384,2025-12-15 20:13:58.854189
-3.9439685,2024-03-28,2024-04-04,sz.002384,2025-12-15 20:13:58.854189
-4.0419292,2024-03-29,2024-04-05,sz.002384,2025-12-15 20:13:58.854189
-4.0792994,2024-04-01,2024-04-08,sz.002384,2025-12-15 20:13:58.854189
-4.076141,2024-04-02,2024-04-09,sz.002384,2025-12-15 20:13:58.854189
-3.946296,2024-04-03,2024-04-10,sz.002384,2025-12-15 20:13:58.854189
-3.824508,2024-04-08,2024-04-15,sz.002384,2025-12-15 20:13:58.854189
-3.904327,2024-04-09,2024-04-16,sz.002384,2025-12-15 20:13:58.854189
-3.8437827,2024-04-10,2024-04-17,sz.002384,2025-12-15 20:13:58.854189
-3.8555562,2024-04-11,2024-04-18,sz.002384,2025-12-15 20:13:58.854189
-3.8431308,2024-04-12,2024-04-19,sz.002384,2025-12-15 20:13:58.854189
-3.8648121,2024-04-15,2024-04-22,sz.002384,2025-12-15 20:13:58.854189
-3.7595842,2024-04-16,2024-04-23,sz.002384,2025-12-15 20:13:58.854189
-3.7834957,2024-04-17,2024-04-24,sz.002384,2025-12-15 20:13:58.854189
-3.7387016,2024-04-18,2024-04-25,sz.002384,2025-12-15 20:13:58.854189
-3.829407,2024-04-19,2024-04-26,sz.002384,2025-12-15 20:13:58.854189
-3.804076,2024-04-22,2024-04-29,sz.002384,2025-12-15 20:13:58.854189
-3.8472588,2024-04-23,2024-04-30,sz.002384,2025-12-15 20:13:58.854189
-3.8807075,2024-04-24,2024-05-01,sz.002384,2025-12-15 20:13:58.854189
-3.924966,2024-04-25,2024-05-02,sz.002384,2025-12-15 20:13:58.854189
-3.8417904,2024-04-26,2024-05-03,sz.002384,2025-12-15 20:13:58.854189
-3.8800557,2024-04-29,2024-05-06,sz.002384,2025-12-15 20:13:58.854189
-3.8844922,2024-04-30,2024-05-07,sz.002384,2025-12-15 20:13:58.854189
-3.921116,2024-05-06,2024-05-13,sz.002384,2025-12-15 20:13:58.854189
-3.9484966,2024-05-07,2024-05-14,sz.002384,2025-12-15 20:13:58.854189
-4.001955,2024-05-08,2024-05-15,sz.002384,2025-12-15 20:13:58.854189
-3.9888537,2024-05-09,2024-05-16,sz.002384,2025-12-15 20:13:58.854189
-3.9531047,2024-05-10,2024-05-17,sz.002384,2025-12-15 20:13:58.854189
-3.896394,2024-05-13,2024-05-20,sz.002384,2025-12-15 20:13:58.854189
-3.8170862,2024-05-14,2024-05-21,sz.002384,2025-12-15 20:13:58.854189
-3.9356563,2024-05-15,2024-05-22,sz.002384,2025-12-15 20:13:58.854189
-4.1290584,2024-05-16,2024-05-23,sz.002384,2025-12-15 20:13:58.854189
-4.2594624,2024-05-17,2024-05-24,sz.002384,2025-12-15 20:13:58.854189
-4.1561074,2024-05-20,2024-05-27,sz.002384,2025-12-15 20:13:58.854189
-4.045452,2024-05-21,2024-05-28,sz.002384,2025-12-15 20:13:58.854189
-3.979334,2024-05-22,2024-05-29,sz.002384,2025-12-15 20:13:58.854189
-4.0350547,2024-05-23,2024-05-30,sz.002384,2025-12-15 20:13:58.854189
-4.217228,2024-05-24,2024-05-31,sz.002384,2025-12-15 20:13:58.854189
-4.4280186,2024-05-27,2024-06-03,sz.002384,2025-12-15 20:13:58.854189
-4.227458,2024-05-28,2024-06-04,sz.002384,2025-12-15 20:13:58.854189
-4.0465918,2024-05-29,2024-06-05,sz.002384,2025-12-15 20:13:58.854189
-4.00878,2024-05-30,2024-06-06,sz.002384,2025-12-15 20:13:58.854189
-3.9910529,2024-05-31,2024-06-07,sz.002384,2025-12-15 20:13:58.854189
-4.1856537,2024-06-03,2024-06-10,sz.002384,2025-12-15 20:13:58.854189
-4.3721747,2024-06-04,2024-06-11,sz.002384,2025-12-15 20:13:58.854189
-4.2652326,2024-06-05,2024-06-12,sz.002384,2025-12-15 20:13:58.854189
-4.0681906,2024-06-06,2024-06-13,sz.002384,2025-12-15 20:13:58.854189
-3.9677098,2024-06-07,2024-06-14,sz.002384,2025-12-15 20:13:58.854189
-4.007173,2024-06-11,2024-06-18,sz.002384,2025-12-15 20:13:58.854189
-4.0078273,2024-06-12,2024-06-19,sz.002384,2025-12-15 20:13:58.854189
-4.2024045,2024-06-13,2024-06-20,sz.002384,2025-12-15 20:13:58.854189
-4.2867236,2024-06-14,2024-06-21,sz.002384,2025-12-15 20:13:58.854189
-4.232248,2024-06-17,2024-06-24,sz.002384,2025-12-15 20:13:58.854189
-4.2000146,2024-06-18,2024-06-25,sz.002384,2025-12-15 20:13:58.854189
-4.116094,2024-06-19,2024-06-26,sz.002384,2025-12-15 20:13:58.854189
-4.0105815,2024-06-20,2024-06-27,sz.002384,2025-12-15 20:13:58.854189
-4.148504,2024-06-21,2024-06-28,sz.002384,2025-12-15 20:13:58.854189
-4.134263,2024-06-24,2024-07-01,sz.002384,2025-12-15 20:13:58.854189
-4.122372,2024-06-25,2024-07-02,sz.002384,2025-12-15 20:13:58.854189
-4.135451,2024-06-26,2024-07-03,sz.002384,2025-12-15 20:13:58.854189
-4.0888,2024-06-27,2024-07-04,sz.002384,2025-12-15 20:13:58.854189
-4.091537,2024-06-28,2024-07-05,sz.002384,2025-12-15 20:13:58.854189
-4.107016,2024-07-01,2024-07-08,sz.002384,2025-12-15 20:13:58.854189
-4.068885,2024-07-02,2024-07-09,sz.002384,2025-12-15 20:13:58.854189
-4.0390415,2024-07-03,2024-07-10,sz.002384,2025-12-15 20:13:58.854189
-4.0674157,2024-07-04,2024-07-11,sz.002384,2025-12-15 20:13:58.854189
-4.0429673,2024-07-05,2024-07-12,sz.002384,2025-12-15 20:13:58.854189
-4.054026,2024-07-08,2024-07-15,sz.002384,2025-12-15 20:13:58.854189
-4.1471553,2024-07-09,2024-07-16,sz.002384,2025-12-15 20:13:58.854189
-4.172558,2024-07-10,2024-07-17,sz.002384,2025-12-15 20:13:58.854189
-4.0985584,2024-07-11,2024-07-18,sz.002384,2025-12-15 20:13:58.854189
-4.11027,2024-07-12,2024-07-19,sz.002384,2025-12-15 20:13:58.854189
-4.181593,2024-07-15,2024-07-22,sz.002384,2025-12-15 20:13:58.854189
-4.2378573,2024-07-16,2024-07-23,sz.002384,2025-12-15 20:13:58.854189
-3.8597891,2024-07-17,2024-07-24,sz.002384,2025-12-15 20:13:58.854189
-4.0170765,2024-07-18,2024-07-25,sz.002384,2025-12-15 20:13:58.854189
-3.9990895,2024-07-19,2024-07-26,sz.002384,2025-12-15 20:13:58.854189
-4.045875,2024-07-22,2024-07-29,sz.002384,2025-12-15 20:13:58.854189
-3.9824703,2024-07-23,2024-07-30,sz.002384,2025-12-15 20:13:58.854189
-3.9556143,2024-07-24,2024-07-31,sz.002384,2025-12-15 20:13:58.854189
-3.9214876,2024-07-25,2024-08-01,sz.002384,2025-12-15 20:13:58.854189
-3.977908,2024-07-26,2024-08-02,sz.002384,2025-12-15 20:13:58.854189
-3.8598557,2024-07-29,2024-08-05,sz.002384,2025-12-15 20:13:58.854189
-3.931618,2024-07-30,2024-08-06,sz.002384,2025-12-15 20:13:58.854189
-3.9834268,2024-07-31,2024-08-07,sz.002384,2025-12-15 20:13:58.854189
-3.7594807,2024-08-01,2024-08-08,sz.002384,2025-12-15 20:13:58.854189
-3.8223655,2024-08-02,2024-08-09,sz.002384,2025-12-15 20:13:58.854189
-3.5651915,2024-08-05,2024-08-12,sz.002384,2025-12-15 20:13:58.854189
-3.7827199,2024-08-06,2024-08-13,sz.002384,2025-12-15 20:13:58.854189
-3.8342345,2024-08-07,2024-08-14,sz.002384,2025-12-15 20:13:58.854189
-3.8469493,2024-08-08,2024-08-15,sz.002384,2025-12-15 20:13:58.854189
-3.870951,2024-08-09,2024-08-16,sz.002384,2025-12-15 20:13:58.854189
-3.8201392,2024-08-12,2024-08-19,sz.002384,2025-12-15 20:13:58.854189
-3.8654635,2024-08-13,2024-08-20,sz.002384,2025-12-15 20:13:58.854189
-3.7519534,2024-08-14,2024-08-21,sz.002384,2025-12-15 20:13:58.854189
-3.737381,2024-08-15,2024-08-22,sz.002384,2025-12-15 20:13:58.854189
-3.8313081,2024-08-16,2024-08-23,sz.002384,2025-12-15 20:13:58.854189
-3.8181572,2024-08-19,2024-08-26,sz.002384,2025-12-15 20:13:58.854189
-3.6945267,2024-08-20,2024-08-27,sz.002384,2025-12-15 20:13:58.854189
-3.759001,2024-08-21,2024-08-28,sz.002384,2025-12-15 20:13:58.854189
-3.7958877,2024-08-22,2024-08-29,sz.002384,2025-12-15 20:13:58.854189
-3.6420543,2024-08-23,2024-08-30,sz.002384,2025-12-15 20:13:58.854189
-3.7231042,2024-08-26,2024-09-02,sz.002384,2025-12-15 20:13:58.854189
-3.7592826,2024-08-27,2024-09-03,sz.002384,2025-12-15 20:13:58.854189
-3.7353325,2024-08-28,2024-09-04,sz.002384,2025-12-15 20:13:58.854189
-3.8132792,2024-08-29,2024-09-05,sz.002384,2025-12-15 20:13:58.854189
-3.9342177,2024-08-30,2024-09-06,sz.002384,2025-12-15 20:13:58.854189
-3.762327,2024-09-02,2024-09-09,sz.002384,2025-12-15 20:13:58.854189
-3.700854,2024-09-03,2024-09-10,sz.002384,2025-12-15 20:13:58.854189
-3.8929384,2024-09-04,2024-09-11,sz.002384,2025-12-15 20:13:58.854189
-3.822035,2024-09-05,2024-09-12,sz.002384,2025-12-15 20:13:58.854189
-3.6818466,2024-09-06,2024-09-13,sz.002384,2025-12-15 20:13:58.854189
-3.607546,2024-09-09,2024-09-16,sz.002384,2025-12-15 20:13:58.854189
-3.655936,2024-09-10,2024-09-17,sz.002384,2025-12-15 20:13:58.854189
-3.584297,2024-09-11,2024-09-18,sz.002384,2025-12-15 20:13:58.854189
-3.5962658,2024-09-12,2024-09-19,sz.002384,2025-12-15 20:13:58.854189
-3.6140196,2024-09-13,2024-09-20,sz.002384,2025-12-15 20:13:58.854189
-3.6060758,2024-09-18,2024-09-25,sz.002384,2025-12-15 20:13:58.854189
-3.4630878,2024-09-19,2024-09-26,sz.002384,2025-12-15 20:13:58.854189
-3.4528868,2024-09-20,2024-09-27,sz.002384,2025-12-15 20:13:58.854189
-3.4945025,2024-09-23,2024-09-30,sz.002384,2025-12-15 20:13:58.854189
-3.718813,2024-09-24,2024-10-01,sz.002384,2025-12-15 20:13:58.854189
-3.4804394,2024-09-25,2024-10-02,sz.002384,2025-12-15 20:13:58.854189
-3.683902,2024-09-26,2024-10-03,sz.002384,2025-12-15 20:13:58.854189
-3.6300192,2024-09-27,2024-10-04,sz.002384,2025-12-15 20:13:58.854189
-3.8805904,2024-09-30,2024-10-07,sz.002384,2025-12-15 20:13:58.854189
-4.2776217,2024-10-08,2024-10-15,sz.002384,2025-12-15 20:13:58.854189
-3.8537128,2024-10-09,2024-10-16,sz.002384,2025-12-15 20:13:58.854189
-3.667956,2024-10-10,2024-10-17,sz.002384,2025-12-15 20:13:58.854189
-4.095347,2024-10-11,2024-10-18,sz.002384,2025-12-15 20:13:58.854189
-3.957671,2024-10-14,2024-10-21,sz.002384,2025-12-15 20:13:58.854189
-3.9831436,2024-10-15,2024-10-22,sz.002384,2025-12-15 20:13:58.854189
-4.1277313,2024-10-16,2024-10-23,sz.002384,2025-12-15 20:13:58.854189
-4.0680966,2024-10-17,2024-10-24,sz.002384,2025-12-15 20:13:58.854189
-4.4101253,2024-10-18,2024-10-25,sz.002384,2025-12-15 20:13:58.854189
-4.5211835,2024-10-21,2024-10-28,sz.002384,2025-12-15 20:13:58.854189
-4.933064,2024-10-22,2024-10-29,sz.002384,2025-12-15 20:13:58.854189
-4.512821,2024-10-23,2024-10-30,sz.002384,2025-12-15 20:13:58.854189
-4.6816874,2024-10-24,2024-10-31,sz.002384,2025-12-15 20:13:58.854189
-4.6919193,2024-10-25,2024-11-01,sz.002384,2025-12-15 20:13:58.854189
-4.697557,2024-10-28,2024-11-04,sz.002384,2025-12-15 20:13:58.854189
-5.017163,2024-10-29,2024-11-05,sz.002384,2025-12-15 20:13:58.854189
-5.0249743,2024-10-30,2024-11-06,sz.002384,2025-12-15 20:13:58.854189
-5.4464674,2024-10-31,2024-11-07,sz.002384,2025-12-15 20:13:58.854189
-4.8662057,2024-11-01,2024-11-08,sz.002384,2025-12-15 20:13:58.854189
-5.385987,2024-11-04,2024-11-11,sz.002384,2025-12-15 20:13:58.854189
-5.4804177,2024-11-05,2024-11-12,sz.002384,2025-12-15 20:13:58.854189
-4.8916287,2024-11-06,2024-11-13,sz.002384,2025-12-15 20:13:58.854189
-5.111419,2024-11-07,2024-11-14,sz.002384,2025-12-15 20:13:58.854189
-4.3211055,2024-11-08,2024-11-15,sz.002384,2025-12-15 20:13:58.854189
-4.766491,2024-11-11,2024-11-18,sz.002384,2025-12-15 20:13:58.854189
-4.5418854,2024-11-12,2024-11-19,sz.002384,2025-12-15 20:13:58.854189
-4.7839637,2024-11-13,2024-11-20,sz.002384,2025-12-15 20:13:58.854189
-4.7014527,2024-11-14,2024-11-21,sz.002384,2025-12-15 20:13:58.854189
-4.617745,2024-11-15,2024-11-22,sz.002384,2025-12-15 20:13:58.854189
-3.8058298,2024-11-18,2024-11-25,sz.002384,2025-12-15 20:13:58.854189
-3.9724853,2024-11-19,2024-11-26,sz.002384,2025-12-15 20:13:58.854189
-4.1640954,2024-11-20,2024-11-27,sz.002384,2025-12-15 20:13:58.854189
-4.123107,2024-11-21,2024-11-28,sz.002384,2025-12-15 20:13:58.854189
-3.4676688,2024-11-22,2024-11-29,sz.002384,2025-12-15 20:13:58.854189
-3.941563,2024-11-25,2024-12-02,sz.002384,2025-12-15 20:13:58.854189
-3.6720278,2024-11-26,2024-12-03,sz.002384,2025-12-15 20:13:58.854189
-3.9292796,2024-11-27,2024-12-04,sz.002384,2025-12-15 20:13:58.854189
-3.7149522,2024-11-28,2024-12-05,sz.002384,2025-12-15 20:13:58.854189
-3.7719028,2024-11-29,2024-12-06,sz.002384,2025-12-15 20:13:58.854189
-3.777037,2024-12-02,2024-12-09,sz.002384,2025-12-15 20:13:58.854189
-3.845437,2024-12-03,2024-12-10,sz.002384,2025-12-15 20:13:58.854189
-3.7401965,2024-12-04,2024-12-11,sz.002384,2025-12-15 20:13:58.854189
-3.7133768,2024-12-05,2024-12-12,sz.002384,2025-12-15 20:13:58.854189
-3.8498957,2024-12-06,2024-12-13,sz.002384,2025-12-15 20:13:58.854189
-3.7933686,2024-12-09,2024-12-16,sz.002384,2025-12-15 20:13:58.854189
-3.9435322,2024-12-10,2024-12-17,sz.002384,2025-12-15 20:13:58.854189
-4.0965304,2024-12-11,2024-12-18,sz.002384,2025-12-15 20:13:58.854189
-4.131033,2024-12-12,2024-12-19,sz.002384,2025-12-15 20:13:58.854189
-3.9040058,2024-12-13,2024-12-20,sz.002384,2025-12-15 20:13:58.854189
-3.7952795,2024-12-16,2024-12-23,sz.002384,2025-12-15 20:13:58.854189
-3.9728844,2024-12-17,2024-12-24,sz.002384,2025-12-15 20:13:58.854189
-4.063749,2024-12-18,2024-12-25,sz.002384,2025-12-15 20:13:58.854189
-4.161044,2024-12-19,2024-12-26,sz.002384,2025-12-15 20:13:58.854189
-4.2715454,2024-12-20,2024-12-27,sz.002384,2025-12-15 20:13:58.854189
-4.0073323,2024-12-23,2024-12-30,sz.002384,2025-12-15 20:13:58.854189
-4.328351,2024-12-24,2024-12-31,sz.002384,2025-12-15 20:13:58.854189
-4.067692,2024-12-25,2025-01-01,sz.002384,2025-12-15 20:13:58.854189
-4.430197,2024-12-26,2025-01-02,sz.002384,2025-12-15 20:13:58.854189
-3.8188977,2024-12-27,2025-01-03,sz.002384,2025-12-15 20:13:58.854189
-4.334171,2024-12-30,2025-01-06,sz.002384,2025-12-15 20:13:58.854189
-3.7328188,2024-12-31,2025-01-07,sz.002384,2025-12-15 20:13:58.854189
-4.2248893,2025-01-02,2025-01-09,sz.002384,2025-12-15 20:13:58.854189
-3.6293604,2025-01-03,2025-01-10,sz.002384,2025-12-15 20:13:58.854189
-4.160231,2025-01-06,2025-01-13,sz.002384,2025-12-15 20:13:58.854189
-4.350804,2025-01-07,2025-01-14,sz.002384,2025-12-15 20:13:58.854189
-4.06226,2025-01-08,2025-01-15,sz.002384,2025-12-15 20:13:58.854189
-4.233901,2025-01-09,2025-01-16,sz.002384,2025-12-15 20:13:58.854189
-3.940489,2025-01-10,2025-01-17,sz.002384,2025-12-15 20:13:58.854189
-4.136348,2025-01-13,2025-01-20,sz.002384,2025-12-15 20:13:58.854189
-4.3888874,2025-01-14,2025-01-21,sz.002384,2025-12-15 20:13:58.854189
-4.0101895,2025-01-15,2025-01-22,sz.002384,2025-12-15 20:13:58.854189
-3.8288379,2025-01-16,2025-01-23,sz.002384,2025-12-15 20:13:58.854189
-4.2085896,2025-01-17,2025-01-24,sz.002384,2025-12-15 20:13:58.854189
-4.2735596,2025-01-20,2025-01-27,sz.002384,2025-12-15 20:13:58.854189
-4.4563775,2025-01-21,2025-01-28,sz.002384,2025-12-15 20:13:58.854189
-4.549122,2025-01-22,2025-01-29,sz.002384,2025-12-15 20:13:58.854189
-4.063659,2025-01-23,2025-01-30,sz.002384,2025-12-15 20:13:58.854189
-4.4023285,2025-01-24,2025-01-31,sz.002384,2025-12-15 20:13:58.854189
-3.5724847,2025-01-27,2025-02-03,sz.002384,2025-12-15 20:13:58.854189
-3.517891,2025-02-05,2025-02-12,sz.002384,2025-12-15 20:13:58.854189
-4.35289,2025-02-06,2025-02-13,sz.002384,2025-12-15 20:13:58.854189
-4.130416,2025-02-07,2025-02-14,sz.002384,2025-12-15 20:13:58.854189
-4.4088182,2025-02-10,2025-02-17,sz.002384,2025-12-15 20:13:58.854189
-4.2649546,2025-02-11,2025-02-18,sz.002384,2025-12-15 20:13:58.854189
-4.3785977,2025-02-12,2025-02-19,sz.002384,2025-12-15 20:13:58.854189
-3.8953624,2025-02-13,2025-02-20,sz.002384,2025-12-15 20:13:58.854189
-4.205089,2025-02-14,2025-02-21,sz.002384,2025-12-15 20:13:58.854189
-4.3406,2025-02-17,2025-02-24,sz.002384,2025-12-15 20:13:58.854189
-4.1074667,2025-02-18,2025-02-25,sz.002384,2025-12-15 20:13:58.854189
-4.252158,2025-02-19,2025-02-26,sz.002384,2025-12-15 20:13:58.854189
-4.300879,2025-02-20,2025-02-27,sz.002384,2025-12-15 20:13:58.854189
-4.407538,2025-02-21,2025-02-28,sz.002384,2025-12-15 20:13:58.854189
-4.692381,2025-02-24,2025-03-03,sz.002384,2025-12-15 20:13:58.854189
-4.600542,2025-02-25,2025-03-04,sz.002384,2025-12-15 20:13:58.854189
-4.476134,2025-02-26,2025-03-05,sz.002384,2025-12-15 20:13:58.854189
-4.071108,2025-02-27,2025-03-06,sz.002384,2025-12-15 20:13:58.854189
-3.973066,2025-02-28,2025-03-07,sz.002384,2025-12-15 20:13:58.854189
-4.303421,2025-03-03,2025-03-10,sz.002384,2025-12-15 20:13:58.854189
-4.334351,2025-03-04,2025-03-11,sz.002384,2025-12-15 20:13:58.854189
-4.091148,2025-03-05,2025-03-12,sz.002384,2025-12-15 20:13:58.854189
-4.2018747,2025-03-06,2025-03-13,sz.002384,2025-12-15 20:13:58.854189
-4.0515027,2025-03-07,2025-03-14,sz.002384,2025-12-15 20:13:58.854189
-4.1899085,2025-03-10,2025-03-17,sz.002384,2025-12-15 20:13:58.854189
-4.319299,2025-03-11,2025-03-18,sz.002384,2025-12-15 20:13:58.854189
-4.5601716,2025-03-12,2025-03-19,sz.002384,2025-12-15 20:13:58.854189
-4.462713,2025-03-13,2025-03-20,sz.002384,2025-12-15 20:13:58.854189
-4.414984,2025-03-14,2025-03-21,sz.002384,2025-12-15 20:13:58.854189
-4.43205,2025-03-17,2025-03-24,sz.002384,2025-12-15 20:13:58.854189
-4.6084123,2025-03-18,2025-03-25,sz.002384,2025-12-15 20:13:58.854189
-4.965613,2025-03-19,2025-03-26,sz.002384,2025-12-15 20:13:58.854189
-5.096333,2025-03-20,2025-03-27,sz.002384,2025-12-15 20:13:58.854189
-4.7196393,2025-03-21,2025-03-28,sz.002384,2025-12-15 20:13:58.854189
-4.491137,2025-03-24,2025-03-31,sz.002384,2025-12-15 20:13:58.854189
-3.9967601,2025-03-25,2025-04-01,sz.002384,2025-12-15 20:13:58.854189
-4.1405625,2025-03-26,2025-04-02,sz.002384,2025-12-15 20:13:58.854189
-4.2884803,2025-03-27,2025-04-03,sz.002384,2025-12-15 20:13:58.854189
-4.357091,2025-03-28,2025-04-04,sz.002384,2025-12-15 20:13:58.854189
-4.3204727,2025-03-31,2025-04-07,sz.002384,2025-12-15 20:13:58.854189
-4.259002,2025-04-01,2025-04-08,sz.002384,2025-12-15 20:13:58.854189
-4.1313634,2025-04-02,2025-04-09,sz.002384,2025-12-15 20:13:58.854189
-3.5473087,2025-04-03,2025-04-10,sz.002384,2025-12-15 20:13:58.854189
-3.647162,2025-04-07,2025-04-14,sz.002384,2025-12-15 20:13:58.854189
-3.4174206,2025-04-08,2025-04-15,sz.002384,2025-12-15 20:13:58.854189
-3.4201477,2025-04-09,2025-04-16,sz.002384,2025-12-15 20:13:58.854189
-3.3981473,2025-04-10,2025-04-17,sz.002384,2025-12-15 20:13:58.854189
-3.5567505,2025-04-11,2025-04-18,sz.002384,2025-12-15 20:13:58.854189
-3.424958,2025-04-14,2025-04-21,sz.002384,2025-12-15 20:13:58.854189
-3.583842,2025-04-15,2025-04-22,sz.002384,2025-12-15 20:13:58.854189
-3.355273,2025-04-16,2025-04-23,sz.002384,2025-12-15 20:13:58.854189
-3.344977,2025-04-17,2025-04-24,sz.002384,2025-12-15 20:13:58.854189
-3.4873006,2025-04-18,2025-04-25,sz.002384,2025-12-15 20:13:58.854189
-3.6220405,2025-04-21,2025-04-28,sz.002384,2025-12-15 20:13:58.854189
-3.4174762,2025-04-22,2025-04-29,sz.002384,2025-12-15 20:13:58.854189
-3.5775893,2025-04-23,2025-04-30,sz.002384,2025-12-15 20:13:58.854189
-3.5450525,2025-04-24,2025-05-01,sz.002384,2025-12-15 20:13:58.854189
-3.5768483,2025-04-25,2025-05-02,sz.002384,2025-12-15 20:13:58.854189
-3.5508063,2025-04-28,2025-05-05,sz.002384,2025-12-15 20:13:58.854189
-3.5861142,2025-04-29,2025-05-06,sz.002384,2025-12-15 20:13:58.854189
-3.640292,2025-04-30,2025-05-07,sz.002384,2025-12-15 20:13:58.854189
-3.8161027,2025-05-06,2025-05-13,sz.002384,2025-12-15 20:13:58.854189
-3.7263377,2025-05-07,2025-05-14,sz.002384,2025-12-15 20:13:58.854189
-3.7944398,2025-05-08,2025-05-15,sz.002384,2025-12-15 20:13:58.854189
-3.7852328,2025-05-09,2025-05-16,sz.002384,2025-12-15 20:13:58.854189
-3.9806087,2025-05-12,2025-05-19,sz.002384,2025-12-15 20:13:58.854189
-3.8272038,2025-05-13,2025-05-20,sz.002384,2025-12-15 20:13:58.854189
-3.8345299,2025-05-14,2025-05-21,sz.002384,2025-12-15 20:13:58.854189
-3.8832567,2025-05-15,2025-05-22,sz.002384,2025-12-15 20:13:58.854189
-3.8840349,2025-05-16,2025-05-23,sz.002384,2025-12-15 20:13:58.854189
-3.9909313,2025-05-19,2025-05-26,sz.002384,2025-12-15 20:13:58.854189
-3.9871175,2025-05-20,2025-05-27,sz.002384,2025-12-15 20:13:58.854189
-4.077282,2025-05-21,2025-05-28,sz.002384,2025-12-15 20:13:58.854189
-3.962176,2025-05-22,2025-05-29,sz.002384,2025-12-15 20:13:58.854189
-4.0313926,2025-05-23,2025-05-30,sz.002384,2025-12-15 20:13:58.854189
-4.062614,2025-05-26,2025-06-02,sz.002384,2025-12-15 20:13:58.854189
-4.089385,2025-05-27,2025-06-03,sz.002384,2025-12-15 20:13:58.854189
-3.9997923,2025-05-28,2025-06-04,sz.002384,2025-12-15 20:13:58.854189
-4.019829,2025-05-29,2025-06-05,sz.002384,2025-12-15 20:13:58.854189
-4.0789266,2025-05-30,2025-06-06,sz.002384,2025-12-15 20:13:58.854189
-4.0713773,2025-06-03,2025-06-10,sz.002384,2025-12-15 20:13:58.854189
-4.1237435,2025-06-04,2025-06-11,sz.002384,2025-12-15 20:13:58.854189
-4.21505,2025-06-05,2025-06-12,sz.002384,2025-12-15 20:13:58.854189
-4.1880865,2025-06-06,2025-06-13,sz.002384,2025-12-15 20:13:58.854189
-4.191249,2025-06-09,2025-06-16,sz.002384,2025-12-15 20:13:58.854189
-4.075661,2025-06-10,2025-06-17,sz.002384,2025-12-15 20:13:58.854189
-4.092273,2025-06-11,2025-06-18,sz.002384,2025-12-15 20:13:58.854189
-4.202854,2025-06-12,2025-06-19,sz.002384,2025-12-15 20:13:58.854189
-4.1037827,2025-06-13,2025-06-20,sz.002384,2025-12-15 20:13:58.854189
-4.278946,2025-06-16,2025-06-23,sz.002384,2025-12-15 20:13:58.854189
-4.2511306,2025-06-17,2025-06-24,sz.002384,2025-12-15 20:13:58.854189
-4.297711,2025-06-18,2025-06-25,sz.002384,2025-12-15 20:13:58.854189
-4.1393695,2025-06-19,2025-06-26,sz.002384,2025-12-15 20:13:58.854189
-4.1362987,2025-06-20,2025-06-27,sz.002384,2025-12-15 20:13:58.854189
-4.284094,2025-06-23,2025-06-30,sz.002384,2025-12-15 20:13:58.854189
-4.106211,2025-06-24,2025-07-01,sz.002384,2025-12-15 20:13:58.854189
-4.133748,2025-06-25,2025-07-02,sz.002384,2025-12-15 20:13:58.854189
-4.151283,2025-06-26,2025-07-03,sz.002384,2025-12-15 20:13:58.854189
-4.1691175,2025-06-27,2025-07-04,sz.002384,2025-12-15 20:13:58.854189
-4.2920985,2025-06-30,2025-07-07,sz.002384,2025-12-15 20:13:58.854189
-4.3915725,2025-07-01,2025-07-08,sz.002384,2025-12-15 20:13:58.854189
-4.218057,2025-07-02,2025-07-09,sz.002384,2025-12-15 20:13:58.854189
-4.308432,2025-07-03,2025-07-10,sz.002384,2025-12-15 20:13:58.854189
-4.1706977,2025-07-04,2025-07-11,sz.002384,2025-12-15 20:13:58.854189
-3.9940999,2025-07-07,2025-07-14,sz.002384,2025-12-15 20:13:58.854189
-4.2817826,2025-07-08,2025-07-15,sz.002384,2025-12-15 20:13:58.854189
-4.320057,2025-07-09,2025-07-16,sz.002384,2025-12-15 20:13:58.854189
-4.3116703,2025-07-10,2025-07-17,sz.002384,2025-12-15 20:13:58.854189
-4.149514,2025-07-11,2025-07-18,sz.002384,2025-12-15 20:13:58.854189
-4.2445054,2025-07-14,2025-07-21,sz.002384,2025-12-15 20:13:58.854189
-4.29817,2025-07-15,2025-07-22,sz.002384,2025-12-15 20:13:58.854189
-4.2260222,2025-07-16,2025-07-23,sz.002384,2025-12-15 20:13:58.854189
-4.296325,2025-07-17,2025-07-24,sz.002384,2025-12-15 20:13:58.854189
-4.1099014,2025-07-18,2025-07-25,sz.002384,2025-12-15 20:13:58.854189
-4.220172,2025-07-21,2025-07-28,sz.002384,2025-12-15 20:13:58.854189
-3.5935936,2025-07-22,2025-07-29,sz.002384,2025-12-15 20:13:58.854189
-4.1429753,2025-07-23,2025-07-30,sz.002384,2025-12-15 20:13:58.854189
-4.2016263,2025-07-24,2025-07-31,sz.002384,2025-12-15 20:13:58.854189
-4.1399484,2025-07-25,2025-08-01,sz.002384,2025-12-15 20:13:58.854189
-4.159729,2025-07-28,2025-08-04,sz.002384,2025-12-15 20:13:58.854189
-3.9148614,2025-07-29,2025-08-05,sz.002384,2025-12-15 20:13:58.854189
-3.857461,2025-07-30,2025-08-06,sz.002384,2025-12-15 20:13:58.854189
-3.7293274,2025-07-31,2025-08-07,sz.002384,2025-12-15 20:13:58.854189
-3.9342391,2025-08-01,2025-08-08,sz.002384,2025-12-15 20:13:58.854189
-3.9380958,2025-08-04,2025-08-11,sz.002384,2025-12-15 20:13:58.854189
-3.992602,2025-08-05,2025-08-12,sz.002384,2025-12-15 20:13:58.854189
-3.7183704,2025-08-06,2025-08-13,sz.002384,2025-12-15 20:13:58.854189
-3.8100007,2025-08-07,2025-08-14,sz.002384,2025-12-15 20:13:58.854189
-3.8616498,2025-08-08,2025-08-15,sz.002384,2025-12-15 20:13:58.854189
-3.873305,2025-08-11,2025-08-18,sz.002384,2025-12-15 20:13:58.854189
-3.965593,2025-08-12,2025-08-19,sz.002384,2025-12-15 20:13:58.854189
-3.999036,2025-08-13,2025-08-20,sz.002384,2025-12-15 20:13:58.854189
-4.041266,2025-08-14,2025-08-21,sz.002384,2025-12-15 20:13:58.854189
-3.759307,2025-08-15,2025-08-22,sz.002384,2025-12-15 20:13:58.854189
-4.18596,2025-08-18,2025-08-25,sz.002384,2025-12-15 20:13:58.854189
-3.8472905,2025-08-19,2025-08-26,sz.002384,2025-12-15 20:13:58.854189
-4.078198,2025-08-20,2025-08-27,sz.002384,2025-12-15 20:13:58.854189
-3.8860931,2025-08-21,2025-08-28,sz.002384,2025-12-15 20:13:58.854189
-4.17389,2025-08-22,2025-08-29,sz.002384,2025-12-15 20:13:58.854189
-4.0206847,2025-08-25,2025-09-01,sz.002384,2025-12-15 20:13:58.854189
-3.7577775,2025-08-26,2025-09-02,sz.002384,2025-12-15 20:13:58.854189
-3.7662241,2025-08-27,2025-09-03,sz.002384,2025-12-15 20:13:58.854189
-4.1404805,2025-08-28,2025-09-04,sz.002384,2025-12-15 20:13:58.854189
-4.107178,2025-08-29,2025-09-05,sz.002384,2025-12-15 20:13:58.854189
-3.909498,2025-09-01,2025-09-08,sz.002384,2025-12-15 20:13:58.854189
-3.9827754,2025-09-02,2025-09-09,sz.002384,2025-12-15 20:13:58.854189
-3.9238546,2025-09-03,2025-09-10,sz.002384,2025-12-15 20:13:58.854189
-3.765177,2025-09-04,2025-09-11,sz.002384,2025-12-15 20:13:58.854189
-4.047866,2025-09-05,2025-09-12,sz.002384,2025-12-15 20:13:58.854189
-3.7992542,2025-09-08,2025-09-15,sz.002384,2025-12-15 20:13:58.854189
-3.8974,2025-09-09,2025-09-16,sz.002384,2025-12-15 20:13:58.854189
-4.0299463,2025-09-10,2025-09-17,sz.002384,2025-12-15 20:13:58.854189
-4.1049986,2025-09-11,2025-09-18,sz.002384,2025-12-15 20:13:58.854189
-4.1651053,2025-09-12,2025-09-19,sz.002384,2025-12-15 20:13:58.854189
-4.1664233,2025-09-15,2025-09-22,sz.002384,2025-12-15 20:13:58.854189
-4.065658,2025-09-16,2025-09-23,sz.002384,2025-12-15 20:13:58.854189
-4.0105605,2025-09-17,2025-09-24,sz.002384,2025-12-15 20:13:58.854189
-4.1216984,2025-09-18,2025-09-25,sz.002384,2025-12-15 20:13:58.854189
-4.3657403,2025-09-19,2025-09-26,sz.002384,2025-12-15 20:13:58.854189
-4.2806196,2025-09-22,2025-09-29,sz.002384,2025-12-15 20:13:58.854189
-3.9869692,2025-09-23,2025-09-30,sz.002384,2025-12-15 20:13:58.854189
-4.1385903,2025-09-24,2025-10-01,sz.002384,2025-12-15 20:13:58.854189
-3.997543,2025-09-25,2025-10-02,sz.002384,2025-12-15 20:13:58.854189
-3.8858426,2025-09-26,2025-10-03,sz.002384,2025-12-15 20:13:58.854189
-4.2416534,2025-09-29,2025-10-06,sz.002384,2025-12-15 20:13:58.854189
-4.4701686,2025-09-30,2025-10-07,sz.002384,2025-12-15 20:13:58.854189
-4.377957,2025-10-09,2025-10-16,sz.002384,2025-12-15 20:13:58.854189
-4.011331,2025-10-10,2025-10-17,sz.002384,2025-12-15 20:13:58.854189
-4.0425777,2025-10-13,2025-10-20,sz.002384,2025-12-15 20:13:58.854189
-3.7167447,2025-10-14,2025-10-21,sz.002384,2025-12-15 20:13:58.854189
-4.2920794,2025-10-15,2025-10-22,sz.002384,2025-12-15 20:13:58.854189
-4.272391,2025-10-16,2025-10-23,sz.002384,2025-12-15 20:13:58.854189
-4.0311737,2025-10-17,2025-10-24,sz.002384,2025-12-15 20:13:58.854189
-3.961867,2025-10-20,2025-10-27,sz.002384,2025-12-15 20:13:58.854189
-4.050181,2025-10-21,2025-10-28,sz.002384,2025-12-15 20:13:58.854189
-3.9090812,2025-10-22,2025-10-29,sz.002384,2025-12-15 20:13:58.854189
-4.0427136,2025-10-23,2025-10-30,sz.002384,2025-12-15 20:13:58.854189
-4.1495843,2025-10-24,2025-10-31,sz.002384,2025-12-15 20:13:58.854189
-4.127414,2025-10-27,2025-11-03,sz.002384,2025-12-15 20:13:58.854189
-4.001773,2025-10-28,2025-11-04,sz.002384,2025-12-15 20:13:58.854189
-3.774553,2025-10-29,2025-11-05,sz.002384,2025-12-15 20:13:58.854189
-3.8904498,2025-10-30,2025-11-06,sz.002384,2025-12-15 20:13:58.854189
-3.5784028,2025-10-31,2025-11-07,sz.002384,2025-12-15 20:13:58.854189
-3.9019587,2025-11-03,2025-11-10,sz.002384,2025-12-15 20:13:58.854189
-3.8617618,2025-11-04,2025-11-11,sz.002384,2025-12-15 20:13:58.854189
-3.7743623,2025-11-05,2025-11-12,sz.002384,2025-12-15 20:13:58.854189
-3.5889533,2025-11-06,2025-11-13,sz.002384,2025-12-15 20:13:58.854189
-3.696921,2025-11-07,2025-11-14,sz.002384,2025-12-15 20:13:58.854189
-3.736945,2025-11-10,2025-11-17,sz.002384,2025-12-15 20:13:58.854189
-3.6392486,2025-11-11,2025-11-18,sz.002384,2025-12-15 20:13:58.854189
-3.6586082,2025-11-12,2025-11-19,sz.002384,2025-12-15 20:13:58.854189
-3.6533477,2025-11-13,2025-11-20,sz.002384,2025-12-15 20:13:58.854189
-3.6693347,2025-11-14,2025-11-21,sz.002384,2025-12-15 20:13:58.854189
-3.5044863,2025-11-17,2025-11-24,sz.002384,2025-12-15 20:13:58.854189
-3.5625303,2025-11-18,2025-11-25,sz.002384,2025-12-15 20:13:58.854189
-3.801819,2025-11-19,2025-11-26,sz.002384,2025-12-15 20:13:58.854189
-3.7603867,2025-11-20,2025-11-27,sz.002384,2025-12-15 20:13:58.854189
-3.7677553,2025-11-21,2025-11-28,sz.002384,2025-12-15 20:13:58.854189
-3.9501789,2025-11-24,2025-12-01,sz.002384,2025-12-15 20:13:58.854189
-3.7778504,2025-11-25,2025-12-02,sz.002384,2025-12-15 20:13:58.854189
-3.9231832,2025-11-26,2025-12-03,sz.002384,2025-12-15 20:13:58.854189
-4.038463,2025-11-27,2025-12-04,sz.002384,2025-12-15 20:13:58.854189
-4.0958614,2025-11-28,2025-12-05,sz.002384,2025-12-15 20:13:58.854189
-4.0136595,2025-12-01,2025-12-08,sz.002384,2025-12-15 20:13:58.854189
-4.0756836,2025-12-02,2025-12-09,sz.002384,2025-12-15 20:13:58.854189
-4.0393186,2025-12-03,2025-12-10,sz.002384,2025-12-15 20:13:58.854189
-3.8631496,2025-12-04,2025-12-11,sz.002384,2025-12-15 20:13:58.854189
-4.143705,2025-12-05,2025-12-12,sz.002384,2025-12-15 20:13:58.854189
-4.0787673,2025-12-08,2025-12-15,sz.002384,2025-12-15 20:13:58.854189
-4.1014066,2025-12-09,2025-12-16,sz.002384,2025-12-15 20:13:58.854189
-4.148328,2025-12-10,2025-12-17,sz.002384,2025-12-15 20:13:58.854189
-4.1908445,2025-12-11,2025-12-18,sz.002384,2025-12-15 20:13:58.854189
-4.100226,2025-12-12,2025-12-19,sz.002384,2025-12-15 20:13:58.854189
-4.2105227,2025-12-15,2025-12-22,sz.002384,2025-12-15 20:13:58.854189
-3.7330306,2025-12-15,2025-12-22,sz.002415,2025-12-15 20:13:58.854189
-4.1010075,2025-12-15,2025-12-22,sz.002422,2025-12-15 20:13:58.854189
-4.476904,2025-12-15,2025-12-22,sz.002459,2025-12-15 20:13:58.854189
-3.9385498,2025-12-15,2025-12-22,sz.002460,2025-12-15 20:13:58.854189
-3.8580062,2025-12-15,2025-12-22,sz.002463,2025-12-15 20:13:58.854189
-4.09396,2025-12-15,2025-12-22,sz.002466,2025-12-15 20:13:58.854189
-3.933829,2025-12-15,2025-12-22,sz.002475,2025-12-15 20:13:58.854189
-3.4766111,2025-12-15,2025-12-22,sz.002493,2025-12-15 20:13:58.854189
-3.8221493,2025-12-15,2025-12-22,sz.002594,2025-12-15 20:13:58.854189
-4.0783014,2025-12-15,2025-12-22,sz.002600,2025-12-15 20:13:58.854189
-4.0134425,2025-12-15,2025-12-22,sz.002601,2025-12-15 20:13:58.854189
-4.075143,2019-12-25,2020-01-01,sz.002625,2025-12-15 20:13:58.854189
-4.169157,2019-12-26,2020-01-02,sz.002625,2025-12-15 20:13:58.854189
-4.2076926,2019-12-27,2020-01-03,sz.002625,2025-12-15 20:13:58.854189
-4.22657,2019-12-30,2020-01-06,sz.002625,2025-12-15 20:13:58.854189
-4.2318625,2019-12-31,2020-01-07,sz.002625,2025-12-15 20:13:58.854189
-4.1337147,2020-01-02,2020-01-09,sz.002625,2025-12-15 20:13:58.854189
-4.059823,2020-01-03,2020-01-10,sz.002625,2025-12-15 20:13:58.854189
-4.045678,2020-01-06,2020-01-13,sz.002625,2025-12-15 20:13:58.854189
-4.1818533,2020-01-07,2020-01-14,sz.002625,2025-12-15 20:13:58.854189
-4.29522,2020-01-08,2020-01-15,sz.002625,2025-12-15 20:13:58.854189
-4.2334056,2020-01-09,2020-01-16,sz.002625,2025-12-15 20:13:58.854189
-4.0735855,2020-01-10,2020-01-17,sz.002625,2025-12-15 20:13:58.854189
-4.0399876,2020-01-13,2020-01-20,sz.002625,2025-12-15 20:13:58.854189
-3.981065,2020-01-14,2020-01-21,sz.002625,2025-12-15 20:13:58.854189
-3.9509141,2020-01-15,2020-01-22,sz.002625,2025-12-15 20:13:58.854189
-4.182847,2020-01-16,2020-01-23,sz.002625,2025-12-15 20:13:58.854189
-4.099098,2020-01-17,2020-01-24,sz.002625,2025-12-15 20:13:58.854189
-4.031317,2020-01-20,2020-01-27,sz.002625,2025-12-15 20:13:58.854189
-3.941439,2020-01-21,2020-01-28,sz.002625,2025-12-15 20:13:58.854189
-4.0672336,2020-01-22,2020-01-29,sz.002625,2025-12-15 20:13:58.854189
-4.1521373,2020-01-23,2020-01-30,sz.002625,2025-12-15 20:13:58.854189
-4.051104,2020-02-03,2020-02-10,sz.002625,2025-12-15 20:13:58.854189
-4.0285325,2020-02-04,2020-02-11,sz.002625,2025-12-15 20:13:58.854189
-4.0196543,2020-02-05,2020-02-12,sz.002625,2025-12-15 20:13:58.854189
-4.0373874,2020-02-06,2020-02-13,sz.002625,2025-12-15 20:13:58.854189
-4.159347,2020-02-07,2020-02-14,sz.002625,2025-12-15 20:13:58.854189
-4.3827252,2020-02-10,2020-02-17,sz.002625,2025-12-15 20:13:58.854189
-4.31734,2020-02-11,2020-02-18,sz.002625,2025-12-15 20:13:58.854189
-4.2131305,2020-02-12,2020-02-19,sz.002625,2025-12-15 20:13:58.854189
-4.101004,2020-02-13,2020-02-20,sz.002625,2025-12-15 20:13:58.854189
-4.1251936,2020-02-14,2020-02-21,sz.002625,2025-12-15 20:13:58.854189
-4.1977277,2020-02-17,2020-02-24,sz.002625,2025-12-15 20:13:58.854189
-4.379595,2020-02-18,2020-02-25,sz.002625,2025-12-15 20:13:58.854189
-4.4929137,2020-02-19,2020-02-26,sz.002625,2025-12-15 20:13:58.854189
-4.3544946,2020-02-20,2020-02-27,sz.002625,2025-12-15 20:13:58.854189
-4.3093047,2020-02-21,2020-02-28,sz.002625,2025-12-15 20:13:58.854189
-4.306228,2020-02-24,2020-03-02,sz.002625,2025-12-15 20:13:58.854189
-4.263658,2020-02-25,2020-03-03,sz.002625,2025-12-15 20:13:58.854189
-4.343333,2020-02-26,2020-03-04,sz.002625,2025-12-15 20:13:58.854189
-4.4532275,2020-02-27,2020-03-05,sz.002625,2025-12-15 20:13:58.854189
-4.27325,2020-02-28,2020-03-06,sz.002625,2025-12-15 20:13:58.854189
-4.3568735,2020-03-02,2020-03-09,sz.002625,2025-12-15 20:13:58.854189
-4.3471007,2020-03-03,2020-03-10,sz.002625,2025-12-15 20:13:58.854189
-4.2858233,2020-03-04,2020-03-11,sz.002625,2025-12-15 20:13:58.854189
-4.389282,2020-03-05,2020-03-12,sz.002625,2025-12-15 20:13:58.854189
-4.408693,2020-03-06,2020-03-13,sz.002625,2025-12-15 20:13:58.854189
-4.25669,2020-03-09,2020-03-16,sz.002625,2025-12-15 20:13:58.854189
-4.313874,2020-03-10,2020-03-17,sz.002625,2025-12-15 20:13:58.854189
-4.2955136,2020-03-11,2020-03-18,sz.002625,2025-12-15 20:13:58.854189
-4.3110614,2020-03-12,2020-03-19,sz.002625,2025-12-15 20:13:58.854189
-4.3773737,2020-03-13,2020-03-20,sz.002625,2025-12-15 20:13:58.854189
-4.317265,2020-03-16,2020-03-23,sz.002625,2025-12-15 20:13:58.854189
-4.3449235,2020-03-17,2020-03-24,sz.002625,2025-12-15 20:13:58.854189
-4.1977196,2020-03-18,2020-03-25,sz.002625,2025-12-15 20:13:58.854189
-4.140722,2020-03-19,2020-03-26,sz.002625,2025-12-15 20:13:58.854189
-4.3262973,2020-03-20,2020-03-27,sz.002625,2025-12-15 20:13:58.854189
-4.3208804,2020-03-23,2020-03-30,sz.002625,2025-12-15 20:13:58.854189
-4.332375,2020-03-24,2020-03-31,sz.002625,2025-12-15 20:13:58.854189
-4.33536,2020-03-25,2020-04-01,sz.002625,2025-12-15 20:13:58.854189
-4.4664407,2020-03-26,2020-04-02,sz.002625,2025-12-15 20:13:58.854189
-4.3558173,2020-03-27,2020-04-03,sz.002625,2025-12-15 20:13:58.854189
-4.4126954,2020-03-30,2020-04-06,sz.002625,2025-12-15 20:13:58.854189
-4.2933173,2020-03-31,2020-04-07,sz.002625,2025-12-15 20:13:58.854189
-4.3480945,2020-04-01,2020-04-08,sz.002625,2025-12-15 20:13:58.854189
-4.3320875,2020-04-02,2020-04-09,sz.002625,2025-12-15 20:13:58.854189
-4.5738363,2020-04-03,2020-04-10,sz.002625,2025-12-15 20:13:58.854189
-4.592633,2020-04-07,2020-04-14,sz.002625,2025-12-15 20:13:58.854189
-4.4372225,2020-04-08,2020-04-15,sz.002625,2025-12-15 20:13:58.854189
-4.2897887,2020-04-09,2020-04-16,sz.002625,2025-12-15 20:13:58.854189
-4.318628,2020-04-10,2020-04-17,sz.002625,2025-12-15 20:13:58.854189
-4.3921633,2020-04-13,2020-04-20,sz.002625,2025-12-15 20:13:58.854189
-4.485816,2020-04-14,2020-04-21,sz.002625,2025-12-15 20:13:58.854189
-4.4184365,2020-04-15,2020-04-22,sz.002625,2025-12-15 20:13:58.854189
-4.3004518,2020-04-16,2020-04-23,sz.002625,2025-12-15 20:13:58.854189
-4.21415,2020-04-17,2020-04-24,sz.002625,2025-12-15 20:13:58.854189
-4.242472,2020-04-20,2020-04-27,sz.002625,2025-12-15 20:13:58.854189
-4.3279805,2020-04-21,2020-04-28,sz.002625,2025-12-15 20:13:58.854189
-4.3219314,2020-04-22,2020-04-29,sz.002625,2025-12-15 20:13:58.854189
-4.2474704,2020-04-23,2020-04-30,sz.002625,2025-12-15 20:13:58.854189
-4.2347493,2020-04-24,2020-05-01,sz.002625,2025-12-15 20:13:58.854189
-4.2087517,2020-04-27,2020-05-04,sz.002625,2025-12-15 20:13:58.854189
-4.136742,2020-04-28,2020-05-05,sz.002625,2025-12-15 20:13:58.854189
-4.2255435,2020-04-29,2020-05-06,sz.002625,2025-12-15 20:13:58.854189
-4.209897,2020-04-30,2020-05-07,sz.002625,2025-12-15 20:13:58.854189
-4.163977,2020-05-06,2020-05-13,sz.002625,2025-12-15 20:13:58.854189
-4.1342382,2020-05-07,2020-05-14,sz.002625,2025-12-15 20:13:58.854189
-4.192673,2020-05-08,2020-05-15,sz.002625,2025-12-15 20:13:58.854189
-4.1645455,2020-05-11,2020-05-18,sz.002625,2025-12-15 20:13:58.854189
-4.176659,2020-05-12,2020-05-19,sz.002625,2025-12-15 20:13:58.854189
-4.15649,2020-05-13,2020-05-20,sz.002625,2025-12-15 20:13:58.854189
-4.1102443,2020-05-14,2020-05-21,sz.002625,2025-12-15 20:13:58.854189
-4.0914307,2020-05-15,2020-05-22,sz.002625,2025-12-15 20:13:58.854189
-4.0502214,2020-05-18,2020-05-25,sz.002625,2025-12-15 20:13:58.854189
-4.048374,2020-05-19,2020-05-26,sz.002625,2025-12-15 20:13:58.854189
-4.0747824,2020-05-20,2020-05-27,sz.002625,2025-12-15 20:13:58.854189
-4.0902085,2020-05-21,2020-05-28,sz.002625,2025-12-15 20:13:58.854189
-4.069672,2020-05-22,2020-05-29,sz.002625,2025-12-15 20:13:58.854189
-4.0342693,2020-05-25,2020-06-01,sz.002625,2025-12-15 20:13:58.854189
-3.9748266,2020-05-26,2020-06-02,sz.002625,2025-12-15 20:13:58.854189
-3.9236019,2020-05-27,2020-06-03,sz.002625,2025-12-15 20:13:58.854189
-3.9716222,2020-05-28,2020-06-04,sz.002625,2025-12-15 20:13:58.854189
-4.0380545,2020-05-29,2020-06-05,sz.002625,2025-12-15 20:13:58.854189
-4.041186,2020-06-01,2020-06-08,sz.002625,2025-12-15 20:13:58.854189
-4.0144386,2020-06-02,2020-06-09,sz.002625,2025-12-15 20:13:58.854189
-3.956865,2020-06-03,2020-06-10,sz.002625,2025-12-15 20:13:58.854189
-3.8639739,2020-06-04,2020-06-11,sz.002625,2025-12-15 20:13:58.854189
-3.8858721,2020-06-05,2020-06-12,sz.002625,2025-12-15 20:13:58.854189
-3.9485347,2020-06-08,2020-06-15,sz.002625,2025-12-15 20:13:58.854189
-3.9673102,2020-06-09,2020-06-16,sz.002625,2025-12-15 20:13:58.854189
-3.9692662,2020-06-10,2020-06-17,sz.002625,2025-12-15 20:13:58.854189
-3.945423,2020-06-11,2020-06-18,sz.002625,2025-12-15 20:13:58.854189
-3.859053,2020-06-12,2020-06-19,sz.002625,2025-12-15 20:13:58.854189
-3.8421202,2020-06-15,2020-06-22,sz.002625,2025-12-15 20:13:58.854189
-3.8809955,2020-06-16,2020-06-23,sz.002625,2025-12-15 20:13:58.854189
-3.9243715,2020-06-17,2020-06-24,sz.002625,2025-12-15 20:13:58.854189
-3.9600818,2020-06-18,2020-06-25,sz.002625,2025-12-15 20:13:58.854189
-3.9911969,2020-06-19,2020-06-26,sz.002625,2025-12-15 20:13:58.854189
-3.9760263,2020-06-22,2020-06-29,sz.002625,2025-12-15 20:13:58.854189
-3.9832428,2020-06-23,2020-06-30,sz.002625,2025-12-15 20:13:58.854189
-3.9793289,2020-06-24,2020-07-01,sz.002625,2025-12-15 20:13:58.854189
-3.96584,2020-06-29,2020-07-06,sz.002625,2025-12-15 20:13:58.854189
-3.995815,2020-06-30,2020-07-07,sz.002625,2025-12-15 20:13:58.854189
-4.061532,2020-07-01,2020-07-08,sz.002625,2025-12-15 20:13:58.854189
-4.1076655,2020-07-02,2020-07-09,sz.002625,2025-12-15 20:13:58.854189
-4.1900926,2020-07-03,2020-07-10,sz.002625,2025-12-15 20:13:58.854189
-4.2183833,2020-07-06,2020-07-13,sz.002625,2025-12-15 20:13:58.854189
-4.2080407,2020-07-07,2020-07-14,sz.002625,2025-12-15 20:13:58.854189
-4.169007,2020-07-08,2020-07-15,sz.002625,2025-12-15 20:13:58.854189
-4.1996775,2020-07-09,2020-07-16,sz.002625,2025-12-15 20:13:58.854189
-4.3236036,2020-07-10,2020-07-17,sz.002625,2025-12-15 20:13:58.854189
-4.563706,2020-07-13,2020-07-20,sz.002625,2025-12-15 20:13:58.854189
-4.736542,2020-07-14,2020-07-21,sz.002625,2025-12-15 20:13:58.854189
-4.944452,2020-07-15,2020-07-22,sz.002625,2025-12-15 20:13:58.854189
-4.477431,2020-07-16,2020-07-23,sz.002625,2025-12-15 20:13:58.854189
-4.413075,2020-07-17,2020-07-24,sz.002625,2025-12-15 20:13:58.854189
-4.6232934,2020-07-20,2020-07-27,sz.002625,2025-12-15 20:13:58.854189
-4.8640795,2020-07-21,2020-07-28,sz.002625,2025-12-15 20:13:58.854189
-4.8066535,2020-07-22,2020-07-29,sz.002625,2025-12-15 20:13:58.854189
-4.8323703,2020-07-23,2020-07-30,sz.002625,2025-12-15 20:13:58.854189
-4.7290206,2020-07-24,2020-07-31,sz.002625,2025-12-15 20:13:58.854189
-4.754162,2020-07-27,2020-08-03,sz.002625,2025-12-15 20:13:58.854189
-5.044848,2020-07-28,2020-08-04,sz.002625,2025-12-15 20:13:58.854189
-5.2842755,2020-07-29,2020-08-05,sz.002625,2025-12-15 20:13:58.854189
-5.5372367,2020-07-30,2020-08-06,sz.002625,2025-12-15 20:13:58.854189
-5.442552,2020-07-31,2020-08-07,sz.002625,2025-12-15 20:13:58.854189
-5.0072803,2020-08-03,2020-08-10,sz.002625,2025-12-15 20:13:58.854189
-4.965959,2020-08-04,2020-08-11,sz.002625,2025-12-15 20:13:58.854189
-5.0226817,2020-08-05,2020-08-12,sz.002625,2025-12-15 20:13:58.854189
-5.9984126,2020-08-06,2020-08-13,sz.002625,2025-12-15 20:13:58.854189
-6.398662,2020-08-07,2020-08-14,sz.002625,2025-12-15 20:13:58.854189
-5.294244,2020-08-10,2020-08-17,sz.002625,2025-12-15 20:13:58.854189
-5.5596356,2020-08-11,2020-08-18,sz.002625,2025-12-15 20:13:58.854189
-5.2153087,2020-08-12,2020-08-19,sz.002625,2025-12-15 20:13:58.854189
-5.6395555,2020-08-13,2020-08-20,sz.002625,2025-12-15 20:13:58.854189
-6.33786,2020-08-14,2020-08-21,sz.002625,2025-12-15 20:13:58.854189
-5.6060214,2020-08-17,2020-08-24,sz.002625,2025-12-15 20:13:58.854189
-5.3331313,2020-08-18,2020-08-25,sz.002625,2025-12-15 20:13:58.854189
-5.3639455,2020-08-19,2020-08-26,sz.002625,2025-12-15 20:13:58.854189
-4.8184175,2020-08-20,2020-08-27,sz.002625,2025-12-15 20:13:58.854189
-5.1596837,2020-08-21,2020-08-28,sz.002625,2025-12-15 20:13:58.854189
-5.2820115,2020-08-24,2020-08-31,sz.002625,2025-12-15 20:13:58.854189
-5.01228,2020-08-25,2020-09-01,sz.002625,2025-12-15 20:13:58.854189
-4.650329,2020-08-26,2020-09-02,sz.002625,2025-12-15 20:13:58.854189
-4.555106,2020-08-27,2020-09-03,sz.002625,2025-12-15 20:13:58.854189
-4.573693,2020-08-28,2020-09-04,sz.002625,2025-12-15 20:13:58.854189
-4.6159487,2020-08-31,2020-09-07,sz.002625,2025-12-15 20:13:58.854189
-4.7705045,2020-09-01,2020-09-08,sz.002625,2025-12-15 20:13:58.854189
-4.778544,2020-09-02,2020-09-09,sz.002625,2025-12-15 20:13:58.854189
-4.5485845,2020-09-03,2020-09-10,sz.002625,2025-12-15 20:13:58.854189
-4.303533,2020-09-04,2020-09-11,sz.002625,2025-12-15 20:13:58.854189
-4.120967,2020-09-07,2020-09-14,sz.002625,2025-12-15 20:13:58.854189
-4.043608,2020-09-08,2020-09-15,sz.002625,2025-12-15 20:13:58.854189
-4.085653,2020-09-09,2020-09-16,sz.002625,2025-12-15 20:13:58.854189
-4.33869,2020-09-10,2020-09-17,sz.002625,2025-12-15 20:13:58.854189
-4.4484935,2020-09-11,2020-09-18,sz.002625,2025-12-15 20:13:58.854189
-4.1876264,2020-09-14,2020-09-21,sz.002625,2025-12-15 20:13:58.854189
-4.1932273,2020-09-15,2020-09-22,sz.002625,2025-12-15 20:13:58.854189
-4.094334,2020-09-16,2020-09-23,sz.002625,2025-12-15 20:13:58.854189
-4.2697425,2020-09-17,2020-09-24,sz.002625,2025-12-15 20:13:58.854189
-4.2376723,2020-09-18,2020-09-25,sz.002625,2025-12-15 20:13:58.854189
-4.4084706,2020-09-21,2020-09-28,sz.002625,2025-12-15 20:13:58.854189
-4.2624106,2020-09-22,2020-09-29,sz.002625,2025-12-15 20:13:58.854189
-4.213609,2020-09-23,2020-09-30,sz.002625,2025-12-15 20:13:58.854189
-4.2773337,2020-09-24,2020-10-01,sz.002625,2025-12-15 20:13:58.854189
-4.4819207,2020-09-25,2020-10-02,sz.002625,2025-12-15 20:13:58.854189
-4.3881326,2020-09-28,2020-10-05,sz.002625,2025-12-15 20:13:58.854189
-4.4262896,2020-09-29,2020-10-06,sz.002625,2025-12-15 20:13:58.854189
-4.3576665,2020-09-30,2020-10-07,sz.002625,2025-12-15 20:13:58.854189
-4.415464,2020-10-09,2020-10-16,sz.002625,2025-12-15 20:13:58.854189
-4.6050296,2020-10-12,2020-10-19,sz.002625,2025-12-15 20:13:58.854189
-4.6402516,2020-10-13,2020-10-20,sz.002625,2025-12-15 20:13:58.854189
-4.3526635,2020-10-14,2020-10-21,sz.002625,2025-12-15 20:13:58.854189
-4.3627524,2020-10-15,2020-10-22,sz.002625,2025-12-15 20:13:58.854189
-4.387974,2020-10-16,2020-10-23,sz.002625,2025-12-15 20:13:58.854189
-4.3703,2020-10-19,2020-10-26,sz.002625,2025-12-15 20:13:58.854189
-4.5744233,2020-10-20,2020-10-27,sz.002625,2025-12-15 20:13:58.854189
-4.175292,2020-10-21,2020-10-28,sz.002625,2025-12-15 20:13:58.854189
-4.4871745,2020-10-22,2020-10-29,sz.002625,2025-12-15 20:13:58.854189
-4.12882,2020-10-23,2020-10-30,sz.002625,2025-12-15 20:13:58.854189
-4.167208,2020-10-26,2020-11-02,sz.002625,2025-12-15 20:13:58.854189
-4.3246055,2020-10-27,2020-11-03,sz.002625,2025-12-15 20:13:58.854189
-4.5184445,2020-10-28,2020-11-04,sz.002625,2025-12-15 20:13:58.854189
-4.4026656,2020-10-29,2020-11-05,sz.002625,2025-12-15 20:13:58.854189
-3.817491,2020-10-30,2020-11-06,sz.002625,2025-12-15 20:13:58.854189
-4.0524898,2020-11-02,2020-11-09,sz.002625,2025-12-15 20:13:58.854189
-3.9755208,2020-11-03,2020-11-10,sz.002625,2025-12-15 20:13:58.854189
-4.1264963,2020-11-04,2020-11-11,sz.002625,2025-12-15 20:13:58.854189
-4.4208198,2020-11-05,2020-11-12,sz.002625,2025-12-15 20:13:58.854189
-4.20509,2020-11-06,2020-11-13,sz.002625,2025-12-15 20:13:58.854189
-4.2478485,2020-11-09,2020-11-16,sz.002625,2025-12-15 20:13:58.854189
-4.2353954,2020-11-10,2020-11-17,sz.002625,2025-12-15 20:13:58.854189
-4.1617146,2020-11-11,2020-11-18,sz.002625,2025-12-15 20:13:58.854189
-4.160805,2020-11-12,2020-11-19,sz.002625,2025-12-15 20:13:58.854189
-4.256411,2020-11-13,2020-11-20,sz.002625,2025-12-15 20:13:58.854189
-4.1597276,2020-11-16,2020-11-23,sz.002625,2025-12-15 20:13:58.854189
-3.9883087,2020-11-17,2020-11-24,sz.002625,2025-12-15 20:13:58.854189
-4.241298,2020-11-18,2020-11-25,sz.002625,2025-12-15 20:13:58.854189
-4.287172,2020-11-19,2020-11-26,sz.002625,2025-12-15 20:13:58.854189
-4.345017,2020-11-20,2020-11-27,sz.002625,2025-12-15 20:13:58.854189
-4.3752527,2020-11-23,2020-11-30,sz.002625,2025-12-15 20:13:58.854189
-4.1682043,2020-11-24,2020-12-01,sz.002625,2025-12-15 20:13:58.854189
-4.097276,2020-11-25,2020-12-02,sz.002625,2025-12-15 20:13:58.854189
-4.0664506,2020-11-26,2020-12-03,sz.002625,2025-12-15 20:13:58.854189
-4.328941,2020-11-27,2020-12-04,sz.002625,2025-12-15 20:13:58.854189
-4.4315124,2020-11-30,2020-12-07,sz.002625,2025-12-15 20:13:58.854189
-4.501383,2020-12-01,2020-12-08,sz.002625,2025-12-15 20:13:58.854189
-4.32095,2020-12-02,2020-12-09,sz.002625,2025-12-15 20:13:58.854189
-4.1741915,2020-12-03,2020-12-10,sz.002625,2025-12-15 20:13:58.854189
-4.163075,2020-12-04,2020-12-11,sz.002625,2025-12-15 20:13:58.854189
-4.341618,2020-12-07,2020-12-14,sz.002625,2025-12-15 20:13:58.854189
-4.472894,2020-12-08,2020-12-15,sz.002625,2025-12-15 20:13:58.854189
-4.3959947,2020-12-09,2020-12-16,sz.002625,2025-12-15 20:13:58.854189
-4.208756,2020-12-10,2020-12-17,sz.002625,2025-12-15 20:13:58.854189
-4.126388,2020-12-11,2020-12-18,sz.002625,2025-12-15 20:13:58.854189
-4.082609,2020-12-14,2020-12-21,sz.002625,2025-12-15 20:13:58.854189
-4.162181,2020-12-15,2020-12-22,sz.002625,2025-12-15 20:13:58.854189
-4.264631,2020-12-16,2020-12-23,sz.002625,2025-12-15 20:13:58.854189
-4.2287364,2020-12-17,2020-12-24,sz.002625,2025-12-15 20:13:58.854189
-4.226149,2020-12-18,2020-12-25,sz.002625,2025-12-15 20:13:58.854189
-3.9921076,2020-12-21,2020-12-28,sz.002625,2025-12-15 20:13:58.854189
-3.9725835,2020-12-22,2020-12-29,sz.002625,2025-12-15 20:13:58.854189
-3.937299,2020-12-23,2020-12-30,sz.002625,2025-12-15 20:13:58.854189
-4.066459,2020-12-24,2020-12-31,sz.002625,2025-12-15 20:13:58.854189
-4.220682,2020-12-25,2021-01-01,sz.002625,2025-12-15 20:13:58.854189
-4.0620494,2020-12-28,2021-01-04,sz.002625,2025-12-15 20:13:58.854189
-3.9782698,2020-12-29,2021-01-05,sz.002625,2025-12-15 20:13:58.854189
-3.9068651,2020-12-30,2021-01-06,sz.002625,2025-12-15 20:13:58.854189
-3.9815814,2020-12-31,2021-01-07,sz.002625,2025-12-15 20:13:58.854189
-4.145185,2021-01-04,2021-01-11,sz.002625,2025-12-15 20:13:58.854189
-4.4418964,2021-01-05,2021-01-12,sz.002625,2025-12-15 20:13:58.854189
-4.244415,2021-01-06,2021-01-13,sz.002625,2025-12-15 20:13:58.854189
-4.2281013,2021-01-07,2021-01-14,sz.002625,2025-12-15 20:13:58.854189
-4.111601,2021-01-08,2021-01-15,sz.002625,2025-12-15 20:13:58.854189
-4.0202646,2021-01-11,2021-01-18,sz.002625,2025-12-15 20:13:58.854189
-4.1449504,2021-01-12,2021-01-19,sz.002625,2025-12-15 20:13:58.854189
-4.236971,2021-01-13,2021-01-20,sz.002625,2025-12-15 20:13:58.854189
-4.3139043,2021-01-14,2021-01-21,sz.002625,2025-12-15 20:13:58.854189
-4.1117935,2021-01-15,2021-01-22,sz.002625,2025-12-15 20:13:58.854189
-4.1678843,2021-01-18,2021-01-25,sz.002625,2025-12-15 20:13:58.854189
-4.0032682,2021-01-19,2021-01-26,sz.002625,2025-12-15 20:13:58.854189
-4.0376854,2021-01-20,2021-01-27,sz.002625,2025-12-15 20:13:58.854189
-4.1231775,2021-01-21,2021-01-28,sz.002625,2025-12-15 20:13:58.854189
-4.2547994,2021-01-22,2021-01-29,sz.002625,2025-12-15 20:13:58.854189
-4.13419,2021-01-25,2021-02-01,sz.002625,2025-12-15 20:13:58.854189
-4.0722885,2021-01-26,2021-02-02,sz.002625,2025-12-15 20:13:58.854189
-3.9672105,2021-01-27,2021-02-03,sz.002625,2025-12-15 20:13:58.854189
-3.9761684,2021-01-28,2021-02-04,sz.002625,2025-12-15 20:13:58.854189
-4.120347,2021-01-29,2021-02-05,sz.002625,2025-12-15 20:13:58.854189
-4.1795683,2021-02-01,2021-02-08,sz.002625,2025-12-15 20:13:58.854189
-4.0565214,2021-02-02,2021-02-09,sz.002625,2025-12-15 20:13:58.854189
-4.0673733,2021-02-03,2021-02-10,sz.002625,2025-12-15 20:13:58.854189
-3.9383113,2021-02-04,2021-02-11,sz.002625,2025-12-15 20:13:58.854189
-4.044788,2021-02-05,2021-02-12,sz.002625,2025-12-15 20:13:58.854189
-4.100551,2021-02-08,2021-02-15,sz.002625,2025-12-15 20:13:58.854189
-4.225011,2021-02-09,2021-02-16,sz.002625,2025-12-15 20:13:58.854189
-4.1952147,2021-02-10,2021-02-17,sz.002625,2025-12-15 20:13:58.854189
-4.0708323,2021-02-18,2021-02-25,sz.002625,2025-12-15 20:13:58.854189
-4.0753694,2021-02-19,2021-02-26,sz.002625,2025-12-15 20:13:58.854189
-4.0095315,2021-02-22,2021-03-01,sz.002625,2025-12-15 20:13:58.854189
-3.8867805,2021-02-23,2021-03-02,sz.002625,2025-12-15 20:13:58.854189
-3.9932625,2021-02-24,2021-03-03,sz.002625,2025-12-15 20:13:58.854189
-4.1186633,2021-02-25,2021-03-04,sz.002625,2025-12-15 20:13:58.854189
-4.0439014,2021-02-26,2021-03-05,sz.002625,2025-12-15 20:13:58.854189
-3.8375018,2021-03-01,2021-03-08,sz.002625,2025-12-15 20:13:58.854189
-3.7610662,2021-03-02,2021-03-09,sz.002625,2025-12-15 20:13:58.854189
-3.9849136,2021-03-03,2021-03-10,sz.002625,2025-12-15 20:13:58.854189
-3.8593376,2021-03-04,2021-03-11,sz.002625,2025-12-15 20:13:58.854189
-3.8627856,2021-03-05,2021-03-12,sz.002625,2025-12-15 20:13:58.854189
-3.9498632,2021-03-08,2021-03-15,sz.002625,2025-12-15 20:13:58.854189
-3.9637768,2021-03-09,2021-03-16,sz.002625,2025-12-15 20:13:58.854189
-3.873175,2021-03-10,2021-03-17,sz.002625,2025-12-15 20:13:58.854189
-3.8559172,2021-03-11,2021-03-18,sz.002625,2025-12-15 20:13:58.854189
-4.003206,2021-03-12,2021-03-19,sz.002625,2025-12-15 20:13:58.854189
-3.9220226,2021-03-15,2021-03-22,sz.002625,2025-12-15 20:13:58.854189
-3.927594,2021-03-16,2021-03-23,sz.002625,2025-12-15 20:13:58.854189
-4.00127,2021-03-17,2021-03-24,sz.002625,2025-12-15 20:13:58.854189
-3.8684442,2021-03-18,2021-03-25,sz.002625,2025-12-15 20:13:58.854189
-3.9808128,2021-03-19,2021-03-26,sz.002625,2025-12-15 20:13:58.854189
-3.9630258,2021-03-22,2021-03-29,sz.002625,2025-12-15 20:13:58.854189
-4.18148,2021-03-23,2021-03-30,sz.002625,2025-12-15 20:13:58.854189
-4.1436143,2021-03-24,2021-03-31,sz.002625,2025-12-15 20:13:58.854189
-4.0901055,2021-03-25,2021-04-01,sz.002625,2025-12-15 20:13:58.854189
-4.1446004,2021-03-26,2021-04-02,sz.002625,2025-12-15 20:13:58.854189
-4.0303497,2021-03-29,2021-04-05,sz.002625,2025-12-15 20:13:58.854189
-4.0191293,2021-03-30,2021-04-06,sz.002625,2025-12-15 20:13:58.854189
-4.242628,2021-03-31,2021-04-07,sz.002625,2025-12-15 20:13:58.854189
-4.1072564,2021-04-01,2021-04-08,sz.002625,2025-12-15 20:13:58.854189
-4.099503,2021-04-02,2021-04-09,sz.002625,2025-12-15 20:13:58.854189
-4.0792108,2021-04-06,2021-04-13,sz.002625,2025-12-15 20:13:58.854189
-4.151933,2021-04-07,2021-04-14,sz.002625,2025-12-15 20:13:58.854189
-4.0732985,2021-04-08,2021-04-15,sz.002625,2025-12-15 20:13:58.854189
-4.035338,2021-04-09,2021-04-16,sz.002625,2025-12-15 20:13:58.854189
-4.2539706,2021-04-12,2021-04-19,sz.002625,2025-12-15 20:13:58.854189
-4.0930486,2021-04-13,2021-04-20,sz.002625,2025-12-15 20:13:58.854189
-4.0617466,2021-04-14,2021-04-21,sz.002625,2025-12-15 20:13:58.854189
-4.1844406,2021-04-15,2021-04-22,sz.002625,2025-12-15 20:13:58.854189
-4.0930514,2021-04-16,2021-04-23,sz.002625,2025-12-15 20:13:58.854189
-4.240982,2021-04-19,2021-04-26,sz.002625,2025-12-15 20:13:58.854189
-4.2018867,2021-04-20,2021-04-27,sz.002625,2025-12-15 20:13:58.854189
-4.2250004,2021-04-21,2021-04-28,sz.002625,2025-12-15 20:13:58.854189
-4.2279677,2021-04-22,2021-04-29,sz.002625,2025-12-15 20:13:58.854189
-4.174595,2021-04-23,2021-04-30,sz.002625,2025-12-15 20:13:58.854189
-4.192045,2021-04-26,2021-05-03,sz.002625,2025-12-15 20:13:58.854189
-4.1443524,2021-04-27,2021-05-04,sz.002625,2025-12-15 20:13:58.854189
-4.200485,2021-04-28,2021-05-05,sz.002625,2025-12-15 20:13:58.854189
-4.1216164,2021-04-29,2021-05-06,sz.002625,2025-12-15 20:13:58.854189
-4.2155185,2021-04-30,2021-05-07,sz.002625,2025-12-15 20:13:58.854189
-4.0919633,2021-05-06,2021-05-13,sz.002625,2025-12-15 20:13:58.854189
-4.1304207,2021-05-07,2021-05-14,sz.002625,2025-12-15 20:13:58.854189
-4.1454887,2021-05-10,2021-05-17,sz.002625,2025-12-15 20:13:58.854189
-4.0574374,2021-05-11,2021-05-18,sz.002625,2025-12-15 20:13:58.854189
-4.179392,2021-05-12,2021-05-19,sz.002625,2025-12-15 20:13:58.854189
-4.1394486,2021-05-13,2021-05-20,sz.002625,2025-12-15 20:13:58.854189
-4.0663686,2021-05-14,2021-05-21,sz.002625,2025-12-15 20:13:58.854189
-4.093362,2021-05-17,2021-05-24,sz.002625,2025-12-15 20:13:58.854189
-4.0275574,2021-05-18,2021-05-25,sz.002625,2025-12-15 20:13:58.854189
-4.0554595,2021-05-19,2021-05-26,sz.002625,2025-12-15 20:13:58.854189
-4.0603604,2021-05-20,2021-05-27,sz.002625,2025-12-15 20:13:58.854189
-4.1898427,2021-05-21,2021-05-28,sz.002625,2025-12-15 20:13:58.854189
-4.0968175,2021-05-24,2021-05-31,sz.002625,2025-12-15 20:13:58.854189
-4.0848007,2021-05-25,2021-06-01,sz.002625,2025-12-15 20:13:58.854189
-4.0420065,2021-05-26,2021-06-02,sz.002625,2025-12-15 20:13:58.854189
-4.1296763,2021-05-27,2021-06-03,sz.002625,2025-12-15 20:13:58.854189
-4.2027297,2021-05-28,2021-06-04,sz.002625,2025-12-15 20:13:58.854189
-4.0904703,2021-05-31,2021-06-07,sz.002625,2025-12-15 20:13:58.854189
-4.203879,2021-06-01,2021-06-08,sz.002625,2025-12-15 20:13:58.854189
-4.221346,2021-06-02,2021-06-09,sz.002625,2025-12-15 20:13:58.854189
-4.1280503,2021-06-03,2021-06-10,sz.002625,2025-12-15 20:13:58.854189
-4.1491847,2021-06-04,2021-06-11,sz.002625,2025-12-15 20:13:58.854189
-4.184817,2021-06-07,2021-06-14,sz.002625,2025-12-15 20:13:58.854189
-4.254411,2021-06-08,2021-06-15,sz.002625,2025-12-15 20:13:58.854189
-4.202726,2021-06-09,2021-06-16,sz.002625,2025-12-15 20:13:58.854189
-4.2473087,2021-06-10,2021-06-17,sz.002625,2025-12-15 20:13:58.854189
-4.24089,2021-06-11,2021-06-18,sz.002625,2025-12-15 20:13:58.854189
-4.3667274,2021-06-15,2021-06-22,sz.002625,2025-12-15 20:13:58.854189
-4.3802085,2021-06-16,2021-06-23,sz.002625,2025-12-15 20:13:58.854189
-4.3086615,2021-06-17,2021-06-24,sz.002625,2025-12-15 20:13:58.854189
-4.396189,2021-06-18,2021-06-25,sz.002625,2025-12-15 20:13:58.854189
-4.3647137,2021-06-21,2021-06-28,sz.002625,2025-12-15 20:13:58.854189
-4.2463846,2021-06-22,2021-06-29,sz.002625,2025-12-15 20:13:58.854189
-4.280936,2021-06-23,2021-06-30,sz.002625,2025-12-15 20:13:58.854189
-4.301721,2021-06-24,2021-07-01,sz.002625,2025-12-15 20:13:58.854189
-4.278807,2021-06-25,2021-07-02,sz.002625,2025-12-15 20:13:58.854189
-4.1936135,2021-06-28,2021-07-05,sz.002625,2025-12-15 20:13:58.854189
-4.2885084,2021-06-29,2021-07-06,sz.002625,2025-12-15 20:13:58.854189
-4.222543,2021-06-30,2021-07-07,sz.002625,2025-12-15 20:13:58.854189
-4.170282,2021-07-01,2021-07-08,sz.002625,2025-12-15 20:13:58.854189
-4.0378914,2021-07-02,2021-07-09,sz.002625,2025-12-15 20:13:58.854189
-4.113713,2021-07-05,2021-07-12,sz.002625,2025-12-15 20:13:58.854189
-4.053999,2021-07-06,2021-07-13,sz.002625,2025-12-15 20:13:58.854189
-4.1767163,2021-07-07,2021-07-14,sz.002625,2025-12-15 20:13:58.854189
-4.0406194,2021-07-08,2021-07-15,sz.002625,2025-12-15 20:13:58.854189
-4.0395036,2021-07-09,2021-07-16,sz.002625,2025-12-15 20:13:58.854189
-3.9505126,2021-07-12,2021-07-19,sz.002625,2025-12-15 20:13:58.854189
-3.9761536,2021-07-13,2021-07-20,sz.002625,2025-12-15 20:13:58.854189
-4.020055,2021-07-14,2021-07-21,sz.002625,2025-12-15 20:13:58.854189
-4.0352197,2021-07-15,2021-07-22,sz.002625,2025-12-15 20:13:58.854189
-4.020325,2021-07-16,2021-07-23,sz.002625,2025-12-15 20:13:58.854189
-4.0183964,2021-07-19,2021-07-26,sz.002625,2025-12-15 20:13:58.854189
-3.885167,2021-07-20,2021-07-27,sz.002625,2025-12-15 20:13:58.854189
-3.979171,2021-07-21,2021-07-28,sz.002625,2025-12-15 20:13:58.854189
-3.976034,2021-07-22,2021-07-29,sz.002625,2025-12-15 20:13:58.854189
-3.9528186,2021-07-23,2021-07-30,sz.002625,2025-12-15 20:13:58.854189
-3.9712374,2021-07-26,2021-08-02,sz.002625,2025-12-15 20:13:58.854189
-4.0528755,2021-07-27,2021-08-03,sz.002625,2025-12-15 20:13:58.854189
-4.0389,2021-07-28,2021-08-04,sz.002625,2025-12-15 20:13:58.854189
-3.8553736,2021-07-29,2021-08-05,sz.002625,2025-12-15 20:13:58.854189
-3.9248073,2021-07-30,2021-08-06,sz.002625,2025-12-15 20:13:58.854189
-3.8535187,2021-08-02,2021-08-09,sz.002625,2025-12-15 20:13:58.854189
-3.971749,2021-08-03,2021-08-10,sz.002625,2025-12-15 20:13:58.854189
-3.9404075,2021-08-04,2021-08-11,sz.002625,2025-12-15 20:13:58.854189
-3.95732,2021-08-05,2021-08-12,sz.002625,2025-12-15 20:13:58.854189
-4.1123137,2021-08-06,2021-08-13,sz.002625,2025-12-15 20:13:58.854189
-3.9891899,2021-08-09,2021-08-16,sz.002625,2025-12-15 20:13:58.854189
-4.2727923,2021-08-10,2021-08-17,sz.002625,2025-12-15 20:13:58.854189
-4.2671714,2021-08-11,2021-08-18,sz.002625,2025-12-15 20:13:58.854189
-4.165046,2021-08-12,2021-08-19,sz.002625,2025-12-15 20:13:58.854189
-4.0953703,2021-08-13,2021-08-20,sz.002625,2025-12-15 20:13:58.854189
-4.102115,2021-08-16,2021-08-23,sz.002625,2025-12-15 20:13:58.854189
-4.1397586,2021-08-17,2021-08-24,sz.002625,2025-12-15 20:13:58.854189
-4.353718,2021-08-18,2021-08-25,sz.002625,2025-12-15 20:13:58.854189
-4.394289,2021-08-19,2021-08-26,sz.002625,2025-12-15 20:13:58.854189
-4.4651456,2021-08-20,2021-08-27,sz.002625,2025-12-15 20:13:58.854189
-4.3701534,2021-08-23,2021-08-30,sz.002625,2025-12-15 20:13:58.854189
-4.3890715,2021-08-24,2021-08-31,sz.002625,2025-12-15 20:13:58.854189
-4.219629,2021-08-25,2021-09-01,sz.002625,2025-12-15 20:13:58.854189
-4.2763677,2021-08-26,2021-09-02,sz.002625,2025-12-15 20:13:58.854189
-4.3736854,2021-08-27,2021-09-03,sz.002625,2025-12-15 20:13:58.854189
-4.3829074,2021-08-30,2021-09-06,sz.002625,2025-12-15 20:13:58.854189
-4.191589,2021-08-31,2021-09-07,sz.002625,2025-12-15 20:13:58.854189
-4.076266,2021-09-01,2021-09-08,sz.002625,2025-12-15 20:13:58.854189
-4.189179,2021-09-02,2021-09-09,sz.002625,2025-12-15 20:13:58.854189
-4.037651,2021-09-03,2021-09-10,sz.002625,2025-12-15 20:13:58.854189
-4.0692506,2021-09-06,2021-09-13,sz.002625,2025-12-15 20:13:58.854189
-4.0476823,2021-09-07,2021-09-14,sz.002625,2025-12-15 20:13:58.854189
-4.028266,2021-09-08,2021-09-15,sz.002625,2025-12-15 20:13:58.854189
-4.0606666,2021-09-09,2021-09-16,sz.002625,2025-12-15 20:13:58.854189
-4.0427346,2021-09-10,2021-09-17,sz.002625,2025-12-15 20:13:58.854189
-4.0697103,2021-09-13,2021-09-20,sz.002625,2025-12-15 20:13:58.854189
-4.1014895,2021-09-14,2021-09-21,sz.002625,2025-12-15 20:13:58.854189
-4.190709,2021-09-15,2021-09-22,sz.002625,2025-12-15 20:13:58.854189
-4.0400815,2021-09-16,2021-09-23,sz.002625,2025-12-15 20:13:58.854189
-4.0636764,2021-09-17,2021-09-24,sz.002625,2025-12-15 20:13:58.854189
-3.9877012,2021-09-22,2021-09-29,sz.002625,2025-12-15 20:13:58.854189
-4.017816,2021-09-23,2021-09-30,sz.002625,2025-12-15 20:13:58.854189
-4.0221705,2021-09-24,2021-10-01,sz.002625,2025-12-15 20:13:58.854189
-4.061464,2021-09-27,2021-10-04,sz.002625,2025-12-15 20:13:58.854189
-3.9765995,2021-09-28,2021-10-05,sz.002625,2025-12-15 20:13:58.854189
-3.9347556,2021-09-29,2021-10-06,sz.002625,2025-12-15 20:13:58.854189
-4.0051556,2021-09-30,2021-10-07,sz.002625,2025-12-15 20:13:58.854189
-3.9454596,2021-10-08,2021-10-15,sz.002625,2025-12-15 20:13:58.854189
-4.0234737,2021-10-11,2021-10-18,sz.002625,2025-12-15 20:13:58.854189
-3.8920019,2021-10-12,2021-10-19,sz.002625,2025-12-15 20:13:58.854189
-3.8848326,2021-10-13,2021-10-20,sz.002625,2025-12-15 20:13:58.854189
-3.9725335,2021-10-14,2021-10-21,sz.002625,2025-12-15 20:13:58.854189
-3.963291,2021-10-15,2021-10-22,sz.002625,2025-12-15 20:13:58.854189
-3.9787753,2021-10-18,2021-10-25,sz.002625,2025-12-15 20:13:58.854189
-4.0055757,2021-10-19,2021-10-26,sz.002625,2025-12-15 20:13:58.854189
-3.966256,2021-10-20,2021-10-27,sz.002625,2025-12-15 20:13:58.854189
-3.876466,2021-10-21,2021-10-28,sz.002625,2025-12-15 20:13:58.854189
-3.9670389,2021-10-22,2021-10-29,sz.002625,2025-12-15 20:13:58.854189
-3.9418466,2021-10-25,2021-11-01,sz.002625,2025-12-15 20:13:58.854189
-3.9832523,2021-10-26,2021-11-02,sz.002625,2025-12-15 20:13:58.854189
-3.8981426,2021-10-27,2021-11-03,sz.002625,2025-12-15 20:13:58.854189
-3.947169,2021-10-28,2021-11-04,sz.002625,2025-12-15 20:13:58.854189
-3.8249786,2021-10-29,2021-11-05,sz.002625,2025-12-15 20:13:58.854189
-3.9316404,2021-11-01,2021-11-08,sz.002625,2025-12-15 20:13:58.854189
-3.9639008,2021-11-02,2021-11-09,sz.002625,2025-12-15 20:13:58.854189
-3.9069011,2021-11-03,2021-11-10,sz.002625,2025-12-15 20:13:58.854189
-3.824846,2021-11-04,2021-11-11,sz.002625,2025-12-15 20:13:58.854189
-3.8385873,2021-11-05,2021-11-12,sz.002625,2025-12-15 20:13:58.854189
-3.8244877,2021-11-08,2021-11-15,sz.002625,2025-12-15 20:13:58.854189
-3.8615925,2021-11-09,2021-11-16,sz.002625,2025-12-15 20:13:58.854189
-3.9103181,2021-11-10,2021-11-17,sz.002625,2025-12-15 20:13:58.854189
-3.8832862,2021-11-11,2021-11-18,sz.002625,2025-12-15 20:13:58.854189
-3.827544,2021-11-12,2021-11-19,sz.002625,2025-12-15 20:13:58.854189
-3.809068,2021-11-15,2021-11-22,sz.002625,2025-12-15 20:13:58.854189
-3.8847134,2021-11-16,2021-11-23,sz.002625,2025-12-15 20:13:58.854189
-3.8563755,2021-11-17,2021-11-24,sz.002625,2025-12-15 20:13:58.854189
-3.9779446,2021-11-18,2021-11-25,sz.002625,2025-12-15 20:13:58.854189
-3.9419768,2021-11-19,2021-11-26,sz.002625,2025-12-15 20:13:58.854189
-3.91551,2021-11-22,2021-11-29,sz.002625,2025-12-15 20:13:58.854189
-3.860759,2021-11-23,2021-11-30,sz.002625,2025-12-15 20:13:58.854189
-3.8541374,2021-11-24,2021-12-01,sz.002625,2025-12-15 20:13:58.854189
-3.9109733,2021-11-25,2021-12-02,sz.002625,2025-12-15 20:13:58.854189
-4.0097127,2021-11-26,2021-12-03,sz.002625,2025-12-15 20:13:58.854189
-3.9814818,2021-11-29,2021-12-06,sz.002625,2025-12-15 20:13:58.854189
-3.9763477,2021-11-30,2021-12-07,sz.002625,2025-12-15 20:13:58.854189
-3.9467123,2021-12-01,2021-12-08,sz.002625,2025-12-15 20:13:58.854189
-3.8944118,2021-12-02,2021-12-09,sz.002625,2025-12-15 20:13:58.854189
-3.9501283,2021-12-03,2021-12-10,sz.002625,2025-12-15 20:13:58.854189
-4.022919,2021-12-06,2021-12-13,sz.002625,2025-12-15 20:13:58.854189
-4.101684,2021-12-07,2021-12-14,sz.002625,2025-12-15 20:13:58.854189
-3.9387233,2021-12-08,2021-12-15,sz.002625,2025-12-15 20:13:58.854189
-4.04463,2021-12-09,2021-12-16,sz.002625,2025-12-15 20:13:58.854189
-3.9519603,2021-12-10,2021-12-17,sz.002625,2025-12-15 20:13:58.854189
-3.973018,2021-12-13,2021-12-20,sz.002625,2025-12-15 20:13:58.854189
-4.0237627,2021-12-14,2021-12-21,sz.002625,2025-12-15 20:13:58.854189
-3.9865043,2021-12-15,2021-12-22,sz.002625,2025-12-15 20:13:58.854189
-3.9564655,2021-12-16,2021-12-23,sz.002625,2025-12-15 20:13:58.854189
-3.943518,2021-12-17,2021-12-24,sz.002625,2025-12-15 20:13:58.854189
-3.9564674,2021-12-20,2021-12-27,sz.002625,2025-12-15 20:13:58.854189
-3.938286,2021-12-21,2021-12-28,sz.002625,2025-12-15 20:13:58.854189
-4.028192,2021-12-22,2021-12-29,sz.002625,2025-12-15 20:13:58.854189
-3.885924,2021-12-23,2021-12-30,sz.002625,2025-12-15 20:13:58.854189
-3.8590071,2021-12-24,2021-12-31,sz.002625,2025-12-15 20:13:58.854189
-3.8519037,2021-12-27,2022-01-03,sz.002625,2025-12-15 20:13:58.854189
-3.9072993,2021-12-28,2022-01-04,sz.002625,2025-12-15 20:13:58.854189
-3.8739045,2021-12-29,2022-01-05,sz.002625,2025-12-15 20:13:58.854189
-3.9833724,2021-12-30,2022-01-06,sz.002625,2025-12-15 20:13:58.854189
-3.96476,2021-12-31,2022-01-07,sz.002625,2025-12-15 20:13:58.854189
-4.029362,2022-01-04,2022-01-11,sz.002625,2025-12-15 20:13:58.854189
-4.0066032,2022-01-05,2022-01-12,sz.002625,2025-12-15 20:13:58.854189
-3.8758225,2022-01-06,2022-01-13,sz.002625,2025-12-15 20:13:58.854189
-3.9123123,2022-01-07,2022-01-14,sz.002625,2025-12-15 20:13:58.854189
-3.9632366,2022-01-10,2022-01-17,sz.002625,2025-12-15 20:13:58.854189
-3.9634283,2022-01-11,2022-01-18,sz.002625,2025-12-15 20:13:58.854189
-3.952545,2022-01-12,2022-01-19,sz.002625,2025-12-15 20:13:58.854189
-4.1253314,2022-01-13,2022-01-20,sz.002625,2025-12-15 20:13:58.854189
-4.1157103,2022-01-14,2022-01-21,sz.002625,2025-12-15 20:13:58.854189
-3.9979737,2022-01-17,2022-01-24,sz.002625,2025-12-15 20:13:58.854189
-4.05014,2022-01-18,2022-01-25,sz.002625,2025-12-15 20:13:58.854189
-4.1578937,2022-01-19,2022-01-26,sz.002625,2025-12-15 20:13:58.854189
-4.101344,2022-01-20,2022-01-27,sz.002625,2025-12-15 20:13:58.854189
-4.116986,2022-01-21,2022-01-28,sz.002625,2025-12-15 20:13:58.854189
-4.0654035,2022-01-24,2022-01-31,sz.002625,2025-12-15 20:13:58.854189
-4.0768685,2022-01-25,2022-02-01,sz.002625,2025-12-15 20:13:58.854189
-4.122275,2022-01-26,2022-02-02,sz.002625,2025-12-15 20:13:58.854189
-4.1742425,2022-01-27,2022-02-03,sz.002625,2025-12-15 20:13:58.854189
-4.128673,2022-01-28,2022-02-04,sz.002625,2025-12-15 20:13:58.854189
-4.135016,2022-02-07,2022-02-14,sz.002625,2025-12-15 20:13:58.854189
-4.1545157,2022-02-08,2022-02-15,sz.002625,2025-12-15 20:13:58.854189
-4.1103826,2022-02-09,2022-02-16,sz.002625,2025-12-15 20:13:58.854189
-4.048167,2022-02-10,2022-02-17,sz.002625,2025-12-15 20:13:58.854189
-4.0682855,2022-02-11,2022-02-18,sz.002625,2025-12-15 20:13:58.854189
-4.002921,2022-02-14,2022-02-21,sz.002625,2025-12-15 20:13:58.854189
-4.058161,2022-02-15,2022-02-22,sz.002625,2025-12-15 20:13:58.854189
-4.0705905,2022-02-16,2022-02-23,sz.002625,2025-12-15 20:13:58.854189
-3.98754,2022-02-17,2022-02-24,sz.002625,2025-12-15 20:13:58.854189
-3.9225504,2022-02-18,2022-02-25,sz.002625,2025-12-15 20:13:58.854189
-3.958584,2022-02-21,2022-02-28,sz.002625,2025-12-15 20:13:58.854189
-3.93142,2022-02-22,2022-03-01,sz.002625,2025-12-15 20:13:58.854189
-4.0012307,2022-02-23,2022-03-02,sz.002625,2025-12-15 20:13:58.854189
-3.994818,2022-02-24,2022-03-03,sz.002625,2025-12-15 20:13:58.854189
-4.0098777,2022-02-25,2022-03-04,sz.002625,2025-12-15 20:13:58.854189
-4.076586,2022-02-28,2022-03-07,sz.002625,2025-12-15 20:13:58.854189
-4.1531444,2022-03-01,2022-03-08,sz.002625,2025-12-15 20:13:58.854189
-4.208534,2022-03-02,2022-03-09,sz.002625,2025-12-15 20:13:58.854189
-4.2015753,2022-03-03,2022-03-10,sz.002625,2025-12-15 20:13:58.854189
-4.2305493,2022-03-04,2022-03-11,sz.002625,2025-12-15 20:13:58.854189
-4.1827745,2022-03-07,2022-03-14,sz.002625,2025-12-15 20:13:58.854189
-4.1862087,2022-03-08,2022-03-15,sz.002625,2025-12-15 20:13:58.854189
-4.1761165,2022-03-09,2022-03-16,sz.002625,2025-12-15 20:13:58.854189
-4.234857,2022-03-10,2022-03-17,sz.002625,2025-12-15 20:13:58.854189
-4.3401055,2022-03-11,2022-03-18,sz.002625,2025-12-15 20:13:58.854189
-4.153123,2022-03-14,2022-03-21,sz.002625,2025-12-15 20:13:58.854189
-4.0225673,2022-03-15,2022-03-22,sz.002625,2025-12-15 20:13:58.854189
-4.374616,2022-03-16,2022-03-23,sz.002625,2025-12-15 20:13:58.854189
-4.195152,2022-03-17,2022-03-24,sz.002625,2025-12-15 20:13:58.854189
-4.282472,2022-03-18,2022-03-25,sz.002625,2025-12-15 20:13:58.854189
-4.215888,2022-03-21,2022-03-28,sz.002625,2025-12-15 20:13:58.854189
-4.2053566,2022-03-22,2022-03-29,sz.002625,2025-12-15 20:13:58.854189
-4.255159,2022-03-23,2022-03-30,sz.002625,2025-12-15 20:13:58.854189
-4.2606235,2022-03-24,2022-03-31,sz.002625,2025-12-15 20:13:58.854189
-4.2695565,2022-03-25,2022-04-01,sz.002625,2025-12-15 20:13:58.854189
-4.317706,2022-03-28,2022-04-04,sz.002625,2025-12-15 20:13:58.854189
-4.2464576,2022-03-29,2022-04-05,sz.002625,2025-12-15 20:13:58.854189
-4.2656503,2022-03-30,2022-04-06,sz.002625,2025-12-15 20:13:58.854189
-4.18261,2022-03-31,2022-04-07,sz.002625,2025-12-15 20:13:58.854189
-4.2363505,2022-04-01,2022-04-08,sz.002625,2025-12-15 20:13:58.854189
-4.1768446,2022-04-06,2022-04-13,sz.002625,2025-12-15 20:13:58.854189
-4.056976,2022-04-07,2022-04-14,sz.002625,2025-12-15 20:13:58.854189
-3.8899634,2022-04-08,2022-04-15,sz.002625,2025-12-15 20:13:58.854189
-3.695,2022-04-11,2022-04-18,sz.002625,2025-12-15 20:13:58.854189
-3.985298,2022-04-12,2022-04-19,sz.002625,2025-12-15 20:13:58.854189
-4.0062604,2022-04-13,2022-04-20,sz.002625,2025-12-15 20:13:58.854189
-4.1745863,2022-04-14,2022-04-21,sz.002625,2025-12-15 20:13:58.854189
-4.042044,2022-04-15,2022-04-22,sz.002625,2025-12-15 20:13:58.854189
-4.0548453,2022-04-18,2022-04-25,sz.002625,2025-12-15 20:13:58.854189
-3.9097755,2022-04-19,2022-04-26,sz.002625,2025-12-15 20:13:58.854189
-3.749598,2022-04-20,2022-04-27,sz.002625,2025-12-15 20:13:58.854189
-3.8507535,2022-04-21,2022-04-28,sz.002625,2025-12-15 20:13:58.854189
-4.124046,2022-04-22,2022-04-29,sz.002625,2025-12-15 20:13:58.854189
-3.9548872,2022-04-25,2022-05-02,sz.002625,2025-12-15 20:13:58.854189
-3.9682214,2022-04-26,2022-05-03,sz.002625,2025-12-15 20:13:58.854189
-4.0290594,2022-04-27,2022-05-04,sz.002625,2025-12-15 20:13:58.854189
-3.9852054,2022-04-28,2022-05-05,sz.002625,2025-12-15 20:13:58.854189
-4.0588293,2022-04-29,2022-05-06,sz.002625,2025-12-15 20:13:58.854189
-4.1098557,2022-05-05,2022-05-12,sz.002625,2025-12-15 20:13:58.854189
-4.221166,2022-05-06,2022-05-13,sz.002625,2025-12-15 20:13:58.854189
-4.17026,2022-05-09,2022-05-16,sz.002625,2025-12-15 20:13:58.854189
-4.15896,2022-05-10,2022-05-17,sz.002625,2025-12-15 20:13:58.854189
-4.0336967,2022-05-11,2022-05-18,sz.002625,2025-12-15 20:13:58.854189
-4.1978974,2022-05-12,2022-05-19,sz.002625,2025-12-15 20:13:58.854189
-4.204561,2022-05-13,2022-05-20,sz.002625,2025-12-15 20:13:58.854189
-4.2413077,2022-05-16,2022-05-23,sz.002625,2025-12-15 20:13:58.854189
-4.2101336,2022-05-17,2022-05-24,sz.002625,2025-12-15 20:13:58.854189
-4.281983,2022-05-18,2022-05-25,sz.002625,2025-12-15 20:13:58.854189
-4.1959743,2022-05-19,2022-05-26,sz.002625,2025-12-15 20:13:58.854189
-4.1594267,2022-05-20,2022-05-27,sz.002625,2025-12-15 20:13:58.854189
-4.19716,2022-05-23,2022-05-30,sz.002625,2025-12-15 20:13:58.854189
-4.089597,2022-05-24,2022-05-31,sz.002625,2025-12-15 20:13:58.854189
-4.219176,2022-05-25,2022-06-01,sz.002625,2025-12-15 20:13:58.854189
-4.284303,2022-05-26,2022-06-02,sz.002625,2025-12-15 20:13:58.854189
-4.1031156,2022-05-27,2022-06-03,sz.002625,2025-12-15 20:13:58.854189
-4.137111,2022-05-30,2022-06-06,sz.002625,2025-12-15 20:13:58.854189
-4.190767,2022-05-31,2022-06-07,sz.002625,2025-12-15 20:13:58.854189
-4.1799836,2022-06-01,2022-06-08,sz.002625,2025-12-15 20:13:58.854189
-4.2214775,2022-06-02,2022-06-09,sz.002625,2025-12-15 20:13:58.854189
-4.244146,2022-06-06,2022-06-13,sz.002625,2025-12-15 20:13:58.854189
-4.1599774,2022-06-07,2022-06-14,sz.002625,2025-12-15 20:13:58.854189
-4.1153097,2022-06-08,2022-06-15,sz.002625,2025-12-15 20:13:58.854189
-4.1581464,2022-06-09,2022-06-16,sz.002625,2025-12-15 20:13:58.854189
-4.1574655,2022-06-10,2022-06-17,sz.002625,2025-12-15 20:13:58.854189
-4.1938653,2022-06-13,2022-06-20,sz.002625,2025-12-15 20:13:58.854189
-4.1719236,2022-06-14,2022-06-21,sz.002625,2025-12-15 20:13:58.854189
-4.2289824,2022-06-15,2022-06-22,sz.002625,2025-12-15 20:13:58.854189
-4.1106343,2022-06-16,2022-06-23,sz.002625,2025-12-15 20:13:58.854189
-4.150005,2022-06-17,2022-06-24,sz.002625,2025-12-15 20:13:58.854189
-4.126265,2022-06-20,2022-06-27,sz.002625,2025-12-15 20:13:58.854189
-4.138307,2022-06-21,2022-06-28,sz.002625,2025-12-15 20:13:58.854189
-3.9834611,2022-06-22,2022-06-29,sz.002625,2025-12-15 20:13:58.854189
-4.274052,2022-06-23,2022-06-30,sz.002625,2025-12-15 20:13:58.854189
-4.1978154,2022-06-24,2022-07-01,sz.002625,2025-12-15 20:13:58.854189
-4.2753196,2022-06-27,2022-07-04,sz.002625,2025-12-15 20:13:58.854189
-4.2405906,2022-06-28,2022-07-05,sz.002625,2025-12-15 20:13:58.854189
-3.9095418,2022-06-29,2022-07-06,sz.002625,2025-12-15 20:13:58.854189
-4.256255,2022-06-30,2022-07-07,sz.002625,2025-12-15 20:13:58.854189
-4.295071,2022-07-01,2022-07-08,sz.002625,2025-12-15 20:13:58.854189
-4.3745875,2022-07-04,2022-07-11,sz.002625,2025-12-15 20:13:58.854189
-4.402302,2022-07-05,2022-07-12,sz.002625,2025-12-15 20:13:58.854189
-4.2791247,2022-07-06,2022-07-13,sz.002625,2025-12-15 20:13:58.854189
-4.2958198,2022-07-07,2022-07-14,sz.002625,2025-12-15 20:13:58.854189
-4.262587,2022-07-08,2022-07-15,sz.002625,2025-12-15 20:13:58.854189
-4.36906,2022-07-11,2022-07-18,sz.002625,2025-12-15 20:13:58.854189
-4.0987024,2022-07-12,2022-07-19,sz.002625,2025-12-15 20:13:58.854189
-4.3652997,2022-07-13,2022-07-20,sz.002625,2025-12-15 20:13:58.854189
-4.2998576,2022-07-14,2022-07-21,sz.002625,2025-12-15 20:13:58.854189
-4.309635,2022-07-15,2022-07-22,sz.002625,2025-12-15 20:13:58.854189
-4.3477874,2022-07-18,2022-07-25,sz.002625,2025-12-15 20:13:58.854189
-4.289168,2022-07-19,2022-07-26,sz.002625,2025-12-15 20:13:58.854189
-4.346417,2022-07-20,2022-07-27,sz.002625,2025-12-15 20:13:58.854189
-4.267509,2022-07-21,2022-07-28,sz.002625,2025-12-15 20:13:58.854189
-4.1840076,2022-07-22,2022-07-29,sz.002625,2025-12-15 20:13:58.854189
-4.1697297,2022-07-25,2022-08-01,sz.002625,2025-12-15 20:13:58.854189
-4.3398485,2022-07-26,2022-08-02,sz.002625,2025-12-15 20:13:58.854189
-4.2226996,2022-07-27,2022-08-03,sz.002625,2025-12-15 20:13:58.854189
-4.2277207,2022-07-28,2022-08-04,sz.002625,2025-12-15 20:13:58.854189
-4.2610927,2022-07-29,2022-08-05,sz.002625,2025-12-15 20:13:58.854189
-4.014641,2022-08-01,2022-08-08,sz.002625,2025-12-15 20:13:58.854189
-3.9066455,2022-08-02,2022-08-09,sz.002625,2025-12-15 20:13:58.854189
-4.252255,2022-08-03,2022-08-10,sz.002625,2025-12-15 20:13:58.854189
-4.0790725,2022-08-04,2022-08-11,sz.002625,2025-12-15 20:13:58.854189
-4.236748,2022-08-05,2022-08-12,sz.002625,2025-12-15 20:13:58.854189
-4.2751055,2022-08-08,2022-08-15,sz.002625,2025-12-15 20:13:58.854189
-4.279135,2022-08-09,2022-08-16,sz.002625,2025-12-15 20:13:58.854189
-4.1986423,2022-08-10,2022-08-17,sz.002625,2025-12-15 20:13:58.854189
-4.290915,2022-08-11,2022-08-18,sz.002625,2025-12-15 20:13:58.854189
-4.225734,2022-08-12,2022-08-19,sz.002625,2025-12-15 20:13:58.854189
-4.2498245,2022-08-15,2022-08-22,sz.002625,2025-12-15 20:13:58.854189
-4.230231,2022-08-16,2022-08-23,sz.002625,2025-12-15 20:13:58.854189
-4.3017735,2022-08-17,2022-08-24,sz.002625,2025-12-15 20:13:58.854189
-4.288149,2022-08-18,2022-08-25,sz.002625,2025-12-15 20:13:58.854189
-4.1022,2022-08-19,2022-08-26,sz.002625,2025-12-15 20:13:58.854189
-4.2730904,2022-08-22,2022-08-29,sz.002625,2025-12-15 20:13:58.854189
-4.246554,2022-08-23,2022-08-30,sz.002625,2025-12-15 20:13:58.854189
-3.9049284,2022-08-24,2022-08-31,sz.002625,2025-12-15 20:13:58.854189
-4.168713,2022-08-25,2022-09-01,sz.002625,2025-12-15 20:13:58.854189
-4.20761,2022-08-26,2022-09-02,sz.002625,2025-12-15 20:13:58.854189
-4.2801795,2022-08-29,2022-09-05,sz.002625,2025-12-15 20:13:58.854189
-4.241545,2022-08-30,2022-09-06,sz.002625,2025-12-15 20:13:58.854189
-4.1115694,2022-08-31,2022-09-07,sz.002625,2025-12-15 20:13:58.854189
-4.1546416,2022-09-01,2022-09-08,sz.002625,2025-12-15 20:13:58.854189
-4.218077,2022-09-02,2022-09-09,sz.002625,2025-12-15 20:13:58.854189
-4.1243644,2022-09-05,2022-09-12,sz.002625,2025-12-15 20:13:58.854189
-4.201396,2022-09-06,2022-09-13,sz.002625,2025-12-15 20:13:58.854189
-4.1595116,2022-09-07,2022-09-14,sz.002625,2025-12-15 20:13:58.854189
-4.129791,2022-09-08,2022-09-15,sz.002625,2025-12-15 20:13:58.854189
-4.0924954,2022-09-09,2022-09-16,sz.002625,2025-12-15 20:13:58.854189
-4.1095037,2022-09-13,2022-09-20,sz.002625,2025-12-15 20:13:58.854189
-4.0797153,2022-09-14,2022-09-21,sz.002625,2025-12-15 20:13:58.854189
-3.6417766,2022-09-15,2022-09-22,sz.002625,2025-12-15 20:13:58.854189
-3.7415679,2022-09-16,2022-09-23,sz.002625,2025-12-15 20:13:58.854189
-3.632573,2022-09-19,2022-09-26,sz.002625,2025-12-15 20:13:58.854189
-3.8997571,2022-09-20,2022-09-27,sz.002625,2025-12-15 20:13:58.854189
-3.6745427,2022-09-21,2022-09-28,sz.002625,2025-12-15 20:13:58.854189
-3.8863776,2022-09-22,2022-09-29,sz.002625,2025-12-15 20:13:58.854189
-3.5014956,2022-09-23,2022-09-30,sz.002625,2025-12-15 20:13:58.854189
-3.6167703,2022-09-26,2022-10-03,sz.002625,2025-12-15 20:13:58.854189
-3.8315818,2022-09-27,2022-10-04,sz.002625,2025-12-15 20:13:58.854189
-3.5210927,2022-09-28,2022-10-05,sz.002625,2025-12-15 20:13:58.854189
-3.7936034,2022-09-29,2022-10-06,sz.002625,2025-12-15 20:13:58.854189
-3.570207,2022-09-30,2022-10-07,sz.002625,2025-12-15 20:13:58.854189
-3.4782689,2022-10-10,2022-10-17,sz.002625,2025-12-15 20:13:58.854189
-3.727423,2022-10-11,2022-10-18,sz.002625,2025-12-15 20:13:58.854189
-3.746589,2022-10-12,2022-10-19,sz.002625,2025-12-15 20:13:58.854189
-3.8505497,2022-10-13,2022-10-20,sz.002625,2025-12-15 20:13:58.854189
-3.9209187,2022-10-14,2022-10-21,sz.002625,2025-12-15 20:13:58.854189
-3.8627286,2022-10-17,2022-10-24,sz.002625,2025-12-15 20:13:58.854189
-3.5493238,2022-10-18,2022-10-25,sz.002625,2025-12-15 20:13:58.854189
-3.7238219,2022-10-19,2022-10-26,sz.002625,2025-12-15 20:13:58.854189
-3.7155998,2022-10-20,2022-10-27,sz.002625,2025-12-15 20:13:58.854189
-3.8216708,2022-10-21,2022-10-28,sz.002625,2025-12-15 20:13:58.854189
-3.8918307,2022-10-24,2022-10-31,sz.002625,2025-12-15 20:13:58.854189
-3.8974743,2022-10-25,2022-11-01,sz.002625,2025-12-15 20:13:58.854189
-3.8148344,2022-10-26,2022-11-02,sz.002625,2025-12-15 20:13:58.854189
-3.6357126,2022-10-27,2022-11-03,sz.002625,2025-12-15 20:13:58.854189
-3.6572528,2022-10-28,2022-11-04,sz.002625,2025-12-15 20:13:58.854189
-3.848605,2022-10-31,2022-11-07,sz.002625,2025-12-15 20:13:58.854189
-3.915714,2022-11-01,2022-11-08,sz.002625,2025-12-15 20:13:58.854189
-3.9288309,2022-11-02,2022-11-09,sz.002625,2025-12-15 20:13:58.854189
-3.8519866,2022-11-03,2022-11-10,sz.002625,2025-12-15 20:13:58.854189
-3.9377682,2022-11-04,2022-11-11,sz.002625,2025-12-15 20:13:58.854189
-3.9175193,2022-11-07,2022-11-14,sz.002625,2025-12-15 20:13:58.854189
-3.8235362,2022-11-08,2022-11-15,sz.002625,2025-12-15 20:13:58.854189
-3.9210918,2022-11-09,2022-11-16,sz.002625,2025-12-15 20:13:58.854189
-3.953944,2022-11-10,2022-11-17,sz.002625,2025-12-15 20:13:58.854189
-3.98675,2022-11-11,2022-11-18,sz.002625,2025-12-15 20:13:58.854189
-3.94816,2022-11-14,2022-11-21,sz.002625,2025-12-15 20:13:58.854189
-4.0571795,2022-11-15,2022-11-22,sz.002625,2025-12-15 20:13:58.854189
-4.1004596,2022-11-16,2022-11-23,sz.002625,2025-12-15 20:13:58.854189
-4.1418314,2022-11-17,2022-11-24,sz.002625,2025-12-15 20:13:58.854189
-4.0566974,2022-11-18,2022-11-25,sz.002625,2025-12-15 20:13:58.854189
-4.1019573,2022-11-21,2022-11-28,sz.002625,2025-12-15 20:13:58.854189
-4.0139117,2022-11-22,2022-11-29,sz.002625,2025-12-15 20:13:58.854189
-4.0883904,2022-11-23,2022-11-30,sz.002625,2025-12-15 20:13:58.854189
-4.0464373,2022-11-24,2022-12-01,sz.002625,2025-12-15 20:13:58.854189
-4.115991,2022-11-25,2022-12-02,sz.002625,2025-12-15 20:13:58.854189
-3.8910418,2022-11-28,2022-12-05,sz.002625,2025-12-15 20:13:58.854189
-4.0172486,2022-11-29,2022-12-06,sz.002625,2025-12-15 20:13:58.854189
-3.9705226,2022-11-30,2022-12-07,sz.002625,2025-12-15 20:13:58.854189
-4.038428,2022-12-01,2022-12-08,sz.002625,2025-12-15 20:13:58.854189
-3.9205353,2022-12-02,2022-12-09,sz.002625,2025-12-15 20:13:58.854189
-3.9382188,2022-12-05,2022-12-12,sz.002625,2025-12-15 20:13:58.854189
-3.9576967,2022-12-06,2022-12-13,sz.002625,2025-12-15 20:13:58.854189
-3.9316547,2022-12-07,2022-12-14,sz.002625,2025-12-15 20:13:58.854189
-3.874065,2022-12-08,2022-12-15,sz.002625,2025-12-15 20:13:58.854189
-3.8949974,2022-12-09,2022-12-16,sz.002625,2025-12-15 20:13:58.854189
-3.7396243,2022-12-12,2022-12-19,sz.002625,2025-12-15 20:13:58.854189
-3.849511,2022-12-13,2022-12-20,sz.002625,2025-12-15 20:13:58.854189
-3.7301824,2022-12-14,2022-12-21,sz.002625,2025-12-15 20:13:58.854189
-3.8971922,2022-12-15,2022-12-22,sz.002625,2025-12-15 20:13:58.854189
-3.755378,2022-12-16,2022-12-23,sz.002625,2025-12-15 20:13:58.854189
-3.7553947,2022-12-19,2022-12-26,sz.002625,2025-12-15 20:13:58.854189
-3.7920744,2022-12-20,2022-12-27,sz.002625,2025-12-15 20:13:58.854189
-3.7560508,2022-12-21,2022-12-28,sz.002625,2025-12-15 20:13:58.854189
-3.7453299,2022-12-22,2022-12-29,sz.002625,2025-12-15 20:13:58.854189
-3.849813,2022-12-23,2022-12-30,sz.002625,2025-12-15 20:13:58.854189
-3.9230196,2022-12-26,2023-01-02,sz.002625,2025-12-15 20:13:58.854189
-4.002267,2022-12-27,2023-01-03,sz.002625,2025-12-15 20:13:58.854189
-3.9474337,2022-12-28,2023-01-04,sz.002625,2025-12-15 20:13:58.854189
-4.051113,2022-12-29,2023-01-05,sz.002625,2025-12-15 20:13:58.854189
-4.041866,2022-12-30,2023-01-06,sz.002625,2025-12-15 20:13:58.854189
-4.157414,2023-01-03,2023-01-10,sz.002625,2025-12-15 20:13:58.854189
-4.2257886,2023-01-04,2023-01-11,sz.002625,2025-12-15 20:13:58.854189
-4.2727027,2023-01-05,2023-01-12,sz.002625,2025-12-15 20:13:58.854189
-4.246799,2023-01-06,2023-01-13,sz.002625,2025-12-15 20:13:58.854189
-4.196257,2023-01-09,2023-01-16,sz.002625,2025-12-15 20:13:58.854189
-4.237431,2023-01-10,2023-01-17,sz.002625,2025-12-15 20:13:58.854189
-4.159204,2023-01-11,2023-01-18,sz.002625,2025-12-15 20:13:58.854189
-4.0721946,2023-01-12,2023-01-19,sz.002625,2025-12-15 20:13:58.854189
-4.451262,2023-01-13,2023-01-20,sz.002625,2025-12-15 20:13:58.854189
-4.421906,2023-01-16,2023-01-23,sz.002625,2025-12-15 20:13:58.854189
-4.414711,2023-01-17,2023-01-24,sz.002625,2025-12-15 20:13:58.854189
-4.3768735,2023-01-18,2023-01-25,sz.002625,2025-12-15 20:13:58.854189
-4.3565855,2023-01-19,2023-01-26,sz.002625,2025-12-15 20:13:58.854189
-4.32576,2023-01-20,2023-01-27,sz.002625,2025-12-15 20:13:58.854189
-4.330042,2023-01-30,2023-02-06,sz.002625,2025-12-15 20:13:58.854189
-4.4292297,2023-01-31,2023-02-07,sz.002625,2025-12-15 20:13:58.854189
-4.387761,2023-02-01,2023-02-08,sz.002625,2025-12-15 20:13:58.854189
-4.161581,2023-02-02,2023-02-09,sz.002625,2025-12-15 20:13:58.854189
-4.3274407,2023-02-03,2023-02-10,sz.002625,2025-12-15 20:13:58.854189
-4.1122384,2023-02-06,2023-02-13,sz.002625,2025-12-15 20:13:58.854189
-4.1479707,2023-02-07,2023-02-14,sz.002625,2025-12-15 20:13:58.854189
-4.1233096,2023-02-08,2023-02-15,sz.002625,2025-12-15 20:13:58.854189
-4.3252864,2023-02-09,2023-02-16,sz.002625,2025-12-15 20:13:58.854189
-4.117619,2023-02-10,2023-02-17,sz.002625,2025-12-15 20:13:58.854189
-4.08916,2023-02-13,2023-02-20,sz.002625,2025-12-15 20:13:58.854189
-4.0096216,2023-02-14,2023-02-21,sz.002625,2025-12-15 20:13:58.854189
-4.0689607,2023-02-15,2023-02-22,sz.002625,2025-12-15 20:13:58.854189
-3.9039998,2023-02-16,2023-02-23,sz.002625,2025-12-15 20:13:58.854189
-4.0409427,2023-02-17,2023-02-24,sz.002625,2025-12-15 20:13:58.854189
-4.0975466,2023-02-20,2023-02-27,sz.002625,2025-12-15 20:13:58.854189
-3.997595,2023-02-21,2023-02-28,sz.002625,2025-12-15 20:13:58.854189
-3.9962418,2023-02-22,2023-03-01,sz.002625,2025-12-15 20:13:58.854189
-3.938133,2023-02-23,2023-03-02,sz.002625,2025-12-15 20:13:58.854189
-3.9552915,2023-02-24,2023-03-03,sz.002625,2025-12-15 20:13:58.854189
-4.0137086,2023-02-27,2023-03-06,sz.002625,2025-12-15 20:13:58.854189
-4.1224856,2023-02-28,2023-03-07,sz.002625,2025-12-15 20:13:58.854189
-4.118096,2023-03-01,2023-03-08,sz.002625,2025-12-15 20:13:58.854189
-3.9189136,2023-03-02,2023-03-09,sz.002625,2025-12-15 20:13:58.854189
-4.0621543,2023-03-03,2023-03-10,sz.002625,2025-12-15 20:13:58.854189
-4.06071,2023-03-06,2023-03-13,sz.002625,2025-12-15 20:13:58.854189
-3.9828455,2023-03-07,2023-03-14,sz.002625,2025-12-15 20:13:58.854189
-4.2017455,2023-03-08,2023-03-15,sz.002625,2025-12-15 20:13:58.854189
-3.9751575,2023-03-09,2023-03-16,sz.002625,2025-12-15 20:13:58.854189
-4.0466785,2023-03-10,2023-03-17,sz.002625,2025-12-15 20:13:58.854189
-4.143589,2023-03-13,2023-03-20,sz.002625,2025-12-15 20:13:58.854189
-4.112411,2023-03-14,2023-03-21,sz.002625,2025-12-15 20:13:58.854189
-4.078493,2023-03-15,2023-03-22,sz.002625,2025-12-15 20:13:58.854189
-4.018538,2023-03-16,2023-03-23,sz.002625,2025-12-15 20:13:58.854189
-4.041247,2023-03-17,2023-03-24,sz.002625,2025-12-15 20:13:58.854189
-4.065959,2023-03-20,2023-03-27,sz.002625,2025-12-15 20:13:58.854189
-4.060603,2023-03-21,2023-03-28,sz.002625,2025-12-15 20:13:58.854189
-4.0211577,2023-03-22,2023-03-29,sz.002625,2025-12-15 20:13:58.854189
-4.073248,2023-03-23,2023-03-30,sz.002625,2025-12-15 20:13:58.854189
-4.056599,2023-03-24,2023-03-31,sz.002625,2025-12-15 20:13:58.854189
-3.9981334,2023-03-27,2023-04-03,sz.002625,2025-12-15 20:13:58.854189
-3.9971874,2023-03-28,2023-04-04,sz.002625,2025-12-15 20:13:58.854189
-3.9507325,2023-03-29,2023-04-05,sz.002625,2025-12-15 20:13:58.854189
-3.9120483,2023-03-30,2023-04-06,sz.002625,2025-12-15 20:13:58.854189
-3.864103,2023-03-31,2023-04-07,sz.002625,2025-12-15 20:13:58.854189
-3.9281719,2023-04-03,2023-04-10,sz.002625,2025-12-15 20:13:58.854189
-3.9009383,2023-04-04,2023-04-11,sz.002625,2025-12-15 20:13:58.854189
-3.9762275,2023-04-06,2023-04-13,sz.002625,2025-12-15 20:13:58.854189
-3.8893003,2023-04-07,2023-04-14,sz.002625,2025-12-15 20:13:58.854189
-3.828067,2023-04-10,2023-04-17,sz.002625,2025-12-15 20:13:58.854189
-3.7842019,2023-04-11,2023-04-18,sz.002625,2025-12-15 20:13:58.854189
-3.8529232,2023-04-12,2023-04-19,sz.002625,2025-12-15 20:13:58.854189
-3.9030578,2023-04-13,2023-04-20,sz.002625,2025-12-15 20:13:58.854189
-3.8922517,2023-04-14,2023-04-21,sz.002625,2025-12-15 20:13:58.854189
-3.834757,2023-04-17,2023-04-24,sz.002625,2025-12-15 20:13:58.854189
-3.785199,2023-04-18,2023-04-25,sz.002625,2025-12-15 20:13:58.854189
-3.7846627,2023-04-19,2023-04-26,sz.002625,2025-12-15 20:13:58.854189
-3.8730967,2023-04-20,2023-04-27,sz.002625,2025-12-15 20:13:58.854189
-3.8662198,2023-04-21,2023-04-28,sz.002625,2025-12-15 20:13:58.854189
-3.9353597,2023-04-24,2023-05-01,sz.002625,2025-12-15 20:13:58.854189
-3.9721677,2023-04-25,2023-05-02,sz.002625,2025-12-15 20:13:58.854189
-3.7514658,2023-04-26,2023-05-03,sz.002625,2025-12-15 20:13:58.854189
-3.8617532,2023-04-27,2023-05-04,sz.002625,2025-12-15 20:13:58.854189
-3.8870897,2023-04-28,2023-05-05,sz.002625,2025-12-15 20:13:58.854189
-3.94688,2023-05-04,2023-05-11,sz.002625,2025-12-15 20:13:58.854189
-3.9663098,2023-05-05,2023-05-12,sz.002625,2025-12-15 20:13:58.854189
-3.920087,2023-05-08,2023-05-15,sz.002625,2025-12-15 20:13:58.854189
-3.8720167,2023-05-09,2023-05-16,sz.002625,2025-12-15 20:13:58.854189
-3.8143024,2023-05-10,2023-05-17,sz.002625,2025-12-15 20:13:58.854189
-3.8369017,2023-05-11,2023-05-18,sz.002625,2025-12-15 20:13:58.854189
-3.9402902,2023-05-12,2023-05-19,sz.002625,2025-12-15 20:13:58.854189
-3.9226406,2023-05-15,2023-05-22,sz.002625,2025-12-15 20:13:58.854189
-4.0090103,2023-05-16,2023-05-23,sz.002625,2025-12-15 20:13:58.854189
-3.8350637,2023-05-17,2023-05-24,sz.002625,2025-12-15 20:13:58.854189
-3.817016,2023-05-18,2023-05-25,sz.002625,2025-12-15 20:13:58.854189
-3.8233984,2023-05-19,2023-05-26,sz.002625,2025-12-15 20:13:58.854189
-3.9295347,2023-05-22,2023-05-29,sz.002625,2025-12-15 20:13:58.854189
-3.9379241,2023-05-23,2023-05-30,sz.002625,2025-12-15 20:13:58.854189
-3.917217,2023-05-24,2023-05-31,sz.002625,2025-12-15 20:13:58.854189
-3.8356473,2023-05-25,2023-06-01,sz.002625,2025-12-15 20:13:58.854189
-3.8872132,2023-05-26,2023-06-02,sz.002625,2025-12-15 20:13:58.854189
-3.7808063,2023-05-29,2023-06-05,sz.002625,2025-12-15 20:13:58.854189
-3.9056041,2023-05-30,2023-06-06,sz.002625,2025-12-15 20:13:58.854189
-3.9638202,2023-05-31,2023-06-07,sz.002625,2025-12-15 20:13:58.854189
-3.9877908,2023-06-01,2023-06-08,sz.002625,2025-12-15 20:13:58.854189
-3.9134953,2023-06-02,2023-06-09,sz.002625,2025-12-15 20:13:58.854189
-4.0243535,2023-06-05,2023-06-12,sz.002625,2025-12-15 20:13:58.854189
-3.8205845,2023-06-06,2023-06-13,sz.002625,2025-12-15 20:13:58.854189
-3.8994868,2023-06-07,2023-06-14,sz.002625,2025-12-15 20:13:58.854189
-4.0144343,2023-06-08,2023-06-15,sz.002625,2025-12-15 20:13:58.854189
-4.0378356,2023-06-09,2023-06-16,sz.002625,2025-12-15 20:13:58.854189
-4.0368543,2023-06-12,2023-06-19,sz.002625,2025-12-15 20:13:58.854189
-4.042361,2023-06-13,2023-06-20,sz.002625,2025-12-15 20:13:58.854189
-4.124432,2023-06-14,2023-06-21,sz.002625,2025-12-15 20:13:58.854189
-4.138119,2023-06-15,2023-06-22,sz.002625,2025-12-15 20:13:58.854189
-4.157233,2023-06-16,2023-06-23,sz.002625,2025-12-15 20:13:58.854189
-4.1707997,2023-06-19,2023-06-26,sz.002625,2025-12-15 20:13:58.854189
-4.191565,2023-06-20,2023-06-27,sz.002625,2025-12-15 20:13:58.854189
-4.248911,2023-06-21,2023-06-28,sz.002625,2025-12-15 20:13:58.854189
-4.279034,2023-06-26,2023-07-03,sz.002625,2025-12-15 20:13:58.854189
-4.2348595,2023-06-27,2023-07-04,sz.002625,2025-12-15 20:13:58.854189
-4.3126435,2023-06-28,2023-07-05,sz.002625,2025-12-15 20:13:58.854189
-4.2459435,2023-06-29,2023-07-06,sz.002625,2025-12-15 20:13:58.854189
-4.278511,2023-06-30,2023-07-07,sz.002625,2025-12-15 20:13:58.854189
-4.2414637,2023-07-03,2023-07-10,sz.002625,2025-12-15 20:13:58.854189
-4.3257065,2023-07-04,2023-07-11,sz.002625,2025-12-15 20:13:58.854189
-4.2790704,2023-07-05,2023-07-12,sz.002625,2025-12-15 20:13:58.854189
-4.210238,2023-07-06,2023-07-13,sz.002625,2025-12-15 20:13:58.854189
-4.195603,2023-07-07,2023-07-14,sz.002625,2025-12-15 20:13:58.854189
-4.2071404,2023-07-10,2023-07-17,sz.002625,2025-12-15 20:13:58.854189
-4.194923,2023-07-11,2023-07-18,sz.002625,2025-12-15 20:13:58.854189
-4.156937,2023-07-12,2023-07-19,sz.002625,2025-12-15 20:13:58.854189
-4.0648828,2023-07-13,2023-07-20,sz.002625,2025-12-15 20:13:58.854189
-4.049642,2023-07-14,2023-07-21,sz.002625,2025-12-15 20:13:58.854189
-4.0212283,2023-07-17,2023-07-24,sz.002625,2025-12-15 20:13:58.854189
-4.009873,2023-07-18,2023-07-25,sz.002625,2025-12-15 20:13:58.854189
-4.0375357,2023-07-19,2023-07-26,sz.002625,2025-12-15 20:13:58.854189
-3.8560743,2023-07-20,2023-07-27,sz.002625,2025-12-15 20:13:58.854189
-3.9681022,2023-07-21,2023-07-28,sz.002625,2025-12-15 20:13:58.854189
-3.826556,2023-07-24,2023-07-31,sz.002625,2025-12-15 20:13:58.854189
-3.9685123,2023-07-25,2023-08-01,sz.002625,2025-12-15 20:13:58.854189
-3.865321,2023-07-26,2023-08-02,sz.002625,2025-12-15 20:13:58.854189
-3.9000282,2023-07-27,2023-08-03,sz.002625,2025-12-15 20:13:58.854189
-3.8721597,2023-07-28,2023-08-04,sz.002625,2025-12-15 20:13:58.854189
-3.9758933,2023-07-31,2023-08-07,sz.002625,2025-12-15 20:13:58.854189
-3.8884504,2023-08-01,2023-08-08,sz.002625,2025-12-15 20:13:58.854189
-3.9654243,2023-08-02,2023-08-09,sz.002625,2025-12-15 20:13:58.854189
-3.998607,2023-08-03,2023-08-10,sz.002625,2025-12-15 20:13:58.854189
-3.9801037,2023-08-04,2023-08-11,sz.002625,2025-12-15 20:13:58.854189
-3.978525,2023-08-07,2023-08-14,sz.002625,2025-12-15 20:13:58.854189
-3.9484427,2023-08-08,2023-08-15,sz.002625,2025-12-15 20:13:58.854189
-4.006853,2023-08-09,2023-08-16,sz.002625,2025-12-15 20:13:58.854189
-4.01179,2023-08-10,2023-08-17,sz.002625,2025-12-15 20:13:58.854189
-3.8953815,2023-08-11,2023-08-18,sz.002625,2025-12-15 20:13:58.854189
-3.9594128,2023-08-14,2023-08-21,sz.002625,2025-12-15 20:13:58.854189
-3.9465573,2023-08-15,2023-08-22,sz.002625,2025-12-15 20:13:58.854189
-4.0412908,2023-08-16,2023-08-23,sz.002625,2025-12-15 20:13:58.854189
-4.0322337,2023-08-17,2023-08-24,sz.002625,2025-12-15 20:13:58.854189
-4.080066,2023-08-18,2023-08-25,sz.002625,2025-12-15 20:13:58.854189
-3.9684703,2023-08-21,2023-08-28,sz.002625,2025-12-15 20:13:58.854189
-4.0307517,2023-08-22,2023-08-29,sz.002625,2025-12-15 20:13:58.854189
-4.006561,2023-08-23,2023-08-30,sz.002625,2025-12-15 20:13:58.854189
-4.153123,2023-08-24,2023-08-31,sz.002625,2025-12-15 20:13:58.854189
-4.1123776,2023-08-25,2023-09-01,sz.002625,2025-12-15 20:13:58.854189
-4.132654,2023-08-28,2023-09-04,sz.002625,2025-12-15 20:13:58.854189
-4.2041564,2023-08-29,2023-09-05,sz.002625,2025-12-15 20:13:58.854189
-4.213705,2023-08-30,2023-09-06,sz.002625,2025-12-15 20:13:58.854189
-4.2280564,2023-08-31,2023-09-07,sz.002625,2025-12-15 20:13:58.854189
-4.2313404,2023-09-01,2023-09-08,sz.002625,2025-12-15 20:13:58.854189
-4.272269,2023-09-04,2023-09-11,sz.002625,2025-12-15 20:13:58.854189
-4.260176,2023-09-05,2023-09-12,sz.002625,2025-12-15 20:13:58.854189
-4.257232,2023-09-06,2023-09-13,sz.002625,2025-12-15 20:13:58.854189
-4.276559,2023-09-07,2023-09-14,sz.002625,2025-12-15 20:13:58.854189
-4.35976,2023-09-08,2023-09-15,sz.002625,2025-12-15 20:13:58.854189
-4.3501477,2023-09-11,2023-09-18,sz.002625,2025-12-15 20:13:58.854189
-4.3570466,2023-09-12,2023-09-19,sz.002625,2025-12-15 20:13:58.854189
-4.3403277,2023-09-13,2023-09-20,sz.002625,2025-12-15 20:13:58.854189
-4.2972245,2023-09-14,2023-09-21,sz.002625,2025-12-15 20:13:58.854189
-4.3207836,2023-09-15,2023-09-22,sz.002625,2025-12-15 20:13:58.854189
-4.320592,2023-09-18,2023-09-25,sz.002625,2025-12-15 20:13:58.854189
-4.350884,2023-09-19,2023-09-26,sz.002625,2025-12-15 20:13:58.854189
-4.328018,2023-09-20,2023-09-27,sz.002625,2025-12-15 20:13:58.854189
-4.313844,2023-09-21,2023-09-28,sz.002625,2025-12-15 20:13:58.854189
-4.255,2023-09-22,2023-09-29,sz.002625,2025-12-15 20:13:58.854189
-4.2634172,2023-09-25,2023-10-02,sz.002625,2025-12-15 20:13:58.854189
-4.288096,2023-09-26,2023-10-03,sz.002625,2025-12-15 20:13:58.854189
-4.3203096,2023-09-27,2023-10-04,sz.002625,2025-12-15 20:13:58.854189
-4.2844696,2023-09-28,2023-10-05,sz.002625,2025-12-15 20:13:58.854189
-4.2991233,2023-10-09,2023-10-16,sz.002625,2025-12-15 20:13:58.854189
-4.264522,2023-10-10,2023-10-17,sz.002625,2025-12-15 20:13:58.854189
-4.2142143,2023-10-11,2023-10-18,sz.002625,2025-12-15 20:13:58.854189
-4.2341027,2023-10-12,2023-10-19,sz.002625,2025-12-15 20:13:58.854189
-4.223354,2023-10-13,2023-10-20,sz.002625,2025-12-15 20:13:58.854189
-4.1962333,2023-10-16,2023-10-23,sz.002625,2025-12-15 20:13:58.854189
-4.256022,2023-10-17,2023-10-24,sz.002625,2025-12-15 20:13:58.854189
-4.2304854,2023-10-18,2023-10-25,sz.002625,2025-12-15 20:13:58.854189
-4.1524625,2023-10-19,2023-10-26,sz.002625,2025-12-15 20:13:58.854189
-4.157142,2023-10-20,2023-10-27,sz.002625,2025-12-15 20:13:58.854189
-4.1139264,2023-10-23,2023-10-30,sz.002625,2025-12-15 20:13:58.854189
-4.1719394,2023-10-24,2023-10-31,sz.002625,2025-12-15 20:13:58.854189
-4.186381,2023-10-25,2023-11-01,sz.002625,2025-12-15 20:13:58.854189
-4.2547626,2023-10-26,2023-11-02,sz.002625,2025-12-15 20:13:58.854189
-4.222656,2023-10-27,2023-11-03,sz.002625,2025-12-15 20:13:58.854189
-4.211701,2023-10-30,2023-11-06,sz.002625,2025-12-15 20:13:58.854189
-4.1817307,2023-10-31,2023-11-07,sz.002625,2025-12-15 20:13:58.854189
-4.2234845,2023-11-01,2023-11-08,sz.002625,2025-12-15 20:13:58.854189
-4.179622,2023-11-02,2023-11-09,sz.002625,2025-12-15 20:13:58.854189
-4.2421107,2023-11-03,2023-11-10,sz.002625,2025-12-15 20:13:58.854189
-4.2210016,2023-11-06,2023-11-13,sz.002625,2025-12-15 20:13:58.854189
-4.2174773,2023-11-07,2023-11-14,sz.002625,2025-12-15 20:13:58.854189
-4.184743,2023-11-08,2023-11-15,sz.002625,2025-12-15 20:13:58.854189
-4.1404114,2023-11-09,2023-11-16,sz.002625,2025-12-15 20:13:58.854189
-4.1810975,2023-11-10,2023-11-17,sz.002625,2025-12-15 20:13:58.854189
-4.21077,2023-11-13,2023-11-20,sz.002625,2025-12-15 20:13:58.854189
-4.1480565,2023-11-14,2023-11-21,sz.002625,2025-12-15 20:13:58.854189
-4.1106033,2023-11-15,2023-11-22,sz.002625,2025-12-15 20:13:58.854189
-4.074733,2023-11-16,2023-11-23,sz.002625,2025-12-15 20:13:58.854189
-4.1185727,2023-11-17,2023-11-24,sz.002625,2025-12-15 20:13:58.854189
-4.07276,2023-11-20,2023-11-27,sz.002625,2025-12-15 20:13:58.854189
-4.0235004,2023-11-21,2023-11-28,sz.002625,2025-12-15 20:13:58.854189
-4.003534,2023-11-22,2023-11-29,sz.002625,2025-12-15 20:13:58.854189
-4.050571,2023-11-23,2023-11-30,sz.002625,2025-12-15 20:13:58.854189
-3.9450357,2023-11-24,2023-12-01,sz.002625,2025-12-15 20:13:58.854189
-4.0323277,2023-11-27,2023-12-04,sz.002625,2025-12-15 20:13:58.854189
-4.0534396,2023-11-28,2023-12-05,sz.002625,2025-12-15 20:13:58.854189
-4.010139,2023-11-29,2023-12-06,sz.002625,2025-12-15 20:13:58.854189
-4.0187445,2023-11-30,2023-12-07,sz.002625,2025-12-15 20:13:58.854189
-4.0070596,2023-12-01,2023-12-08,sz.002625,2025-12-15 20:13:58.854189
-4.024242,2023-12-04,2023-12-11,sz.002625,2025-12-15 20:13:58.854189
-3.9765027,2023-12-05,2023-12-12,sz.002625,2025-12-15 20:13:58.854189
-4.0814576,2023-12-06,2023-12-13,sz.002625,2025-12-15 20:13:58.854189
-4.0316896,2023-12-07,2023-12-14,sz.002625,2025-12-15 20:13:58.854189
-4.0889606,2023-12-08,2023-12-15,sz.002625,2025-12-15 20:13:58.854189
-4.157938,2023-12-11,2023-12-18,sz.002625,2025-12-15 20:13:58.854189
-3.9816406,2023-12-12,2023-12-19,sz.002625,2025-12-15 20:13:58.854189
-4.0992427,2023-12-13,2023-12-20,sz.002625,2025-12-15 20:13:58.854189
-4.1616797,2023-12-14,2023-12-21,sz.002625,2025-12-15 20:13:58.854189
-4.030721,2023-12-15,2023-12-22,sz.002625,2025-12-15 20:13:58.854189
-4.043948,2023-12-18,2023-12-25,sz.002625,2025-12-15 20:13:58.854189
-4.1273503,2023-12-19,2023-12-26,sz.002625,2025-12-15 20:13:58.854189
-4.07272,2023-12-20,2023-12-27,sz.002625,2025-12-15 20:13:58.854189
-4.142401,2023-12-21,2023-12-28,sz.002625,2025-12-15 20:13:58.854189
-4.1489334,2023-12-22,2023-12-29,sz.002625,2025-12-15 20:13:58.854189
-4.078242,2023-12-25,2024-01-01,sz.002625,2025-12-15 20:13:58.854189
-4.089035,2023-12-26,2024-01-02,sz.002625,2025-12-15 20:13:58.854189
-4.0847564,2023-12-27,2024-01-03,sz.002625,2025-12-15 20:13:58.854189
-4.0982184,2023-12-28,2024-01-04,sz.002625,2025-12-15 20:13:58.854189
-4.1199193,2023-12-29,2024-01-05,sz.002625,2025-12-15 20:13:58.854189
-4.0960994,2024-01-02,2024-01-09,sz.002625,2025-12-15 20:13:58.854189
-4.1156383,2024-01-03,2024-01-10,sz.002625,2025-12-15 20:13:58.854189
-4.0819144,2024-01-04,2024-01-11,sz.002625,2025-12-15 20:13:58.854189
-4.077872,2024-01-05,2024-01-12,sz.002625,2025-12-15 20:13:58.854189
-4.070386,2024-01-08,2024-01-15,sz.002625,2025-12-15 20:13:58.854189
-4.1163654,2024-01-09,2024-01-16,sz.002625,2025-12-15 20:13:58.854189
-4.137898,2024-01-10,2024-01-17,sz.002625,2025-12-15 20:13:58.854189
-4.1823964,2024-01-11,2024-01-18,sz.002625,2025-12-15 20:13:58.854189
-4.177587,2024-01-12,2024-01-19,sz.002625,2025-12-15 20:13:58.854189
-4.1763783,2024-01-15,2024-01-22,sz.002625,2025-12-15 20:13:58.854189
-4.1747847,2024-01-16,2024-01-23,sz.002625,2025-12-15 20:13:58.854189
-4.149105,2024-01-17,2024-01-24,sz.002625,2025-12-15 20:13:58.854189
-4.185896,2024-01-18,2024-01-25,sz.002625,2025-12-15 20:13:58.854189
-4.199593,2024-01-19,2024-01-26,sz.002625,2025-12-15 20:13:58.854189
-4.197931,2024-01-22,2024-01-29,sz.002625,2025-12-15 20:13:58.854189
-4.290762,2024-01-23,2024-01-30,sz.002625,2025-12-15 20:13:58.854189
-4.2905188,2024-01-24,2024-01-31,sz.002625,2025-12-15 20:13:58.854189
-4.2906528,2024-01-25,2024-02-01,sz.002625,2025-12-15 20:13:58.854189
-4.2873626,2024-01-26,2024-02-02,sz.002625,2025-12-15 20:13:58.854189
-4.2873693,2024-01-29,2024-02-05,sz.002625,2025-12-15 20:13:58.854189
-4.297324,2024-01-30,2024-02-06,sz.002625,2025-12-15 20:13:58.854189
-4.2507634,2024-01-31,2024-02-07,sz.002625,2025-12-15 20:13:58.854189
-4.281728,2024-02-01,2024-02-08,sz.002625,2025-12-15 20:13:58.854189
-4.0872874,2024-02-02,2024-02-09,sz.002625,2025-12-15 20:13:58.854189
-4.0733275,2024-02-05,2024-02-12,sz.002625,2025-12-15 20:13:58.854189
-4.3717327,2024-02-06,2024-02-13,sz.002625,2025-12-15 20:13:58.854189
-4.4190154,2024-02-07,2024-02-14,sz.002625,2025-12-15 20:13:58.854189
-4.4469466,2024-02-08,2024-02-15,sz.002625,2025-12-15 20:13:58.854189
-4.310017,2024-02-19,2024-02-26,sz.002625,2025-12-15 20:13:58.854189
-4.3248367,2024-02-20,2024-02-27,sz.002625,2025-12-15 20:13:58.854189
-4.3576803,2024-02-21,2024-02-28,sz.002625,2025-12-15 20:13:58.854189
-4.3787303,2024-02-22,2024-02-29,sz.002625,2025-12-15 20:13:58.854189
-4.4027853,2024-02-23,2024-03-01,sz.002625,2025-12-15 20:13:58.854189
-4.3642473,2024-02-26,2024-03-04,sz.002625,2025-12-15 20:13:58.854189
-4.4109807,2024-02-27,2024-03-05,sz.002625,2025-12-15 20:13:58.854189
-4.3206954,2024-02-28,2024-03-06,sz.002625,2025-12-15 20:13:58.854189
-4.395403,2024-02-29,2024-03-07,sz.002625,2025-12-15 20:13:58.854189
-4.384826,2024-03-01,2024-03-08,sz.002625,2025-12-15 20:13:58.854189
-4.3983593,2024-03-04,2024-03-11,sz.002625,2025-12-15 20:13:58.854189
-4.3745036,2024-03-05,2024-03-12,sz.002625,2025-12-15 20:13:58.854189
-4.3711514,2024-03-06,2024-03-13,sz.002625,2025-12-15 20:13:58.854189
-4.2888756,2024-03-07,2024-03-14,sz.002625,2025-12-15 20:13:58.854189
-4.296021,2024-03-08,2024-03-15,sz.002625,2025-12-15 20:13:58.854189
-4.3114557,2024-03-11,2024-03-18,sz.002625,2025-12-15 20:13:58.854189
-4.3379793,2024-03-12,2024-03-19,sz.002625,2025-12-15 20:13:58.854189
-4.326192,2024-03-13,2024-03-20,sz.002625,2025-12-15 20:13:58.854189
-4.314427,2024-03-14,2024-03-21,sz.002625,2025-12-15 20:13:58.854189
-4.3073897,2024-03-15,2024-03-22,sz.002625,2025-12-15 20:13:58.854189
-4.3591533,2024-03-18,2024-03-25,sz.002625,2025-12-15 20:13:58.854189
-4.3709683,2024-03-19,2024-03-26,sz.002625,2025-12-15 20:13:58.854189
-4.422709,2024-03-20,2024-03-27,sz.002625,2025-12-15 20:13:58.854189
-4.366357,2024-03-21,2024-03-28,sz.002625,2025-12-15 20:13:58.854189
-4.4550414,2024-03-22,2024-03-29,sz.002625,2025-12-15 20:13:58.854189
-4.4061627,2024-03-25,2024-04-01,sz.002625,2025-12-15 20:13:58.854189
-4.4830995,2024-03-26,2024-04-02,sz.002625,2025-12-15 20:13:58.854189
-4.4170175,2024-03-27,2024-04-03,sz.002625,2025-12-15 20:13:58.854189
-4.4600163,2024-03-28,2024-04-04,sz.002625,2025-12-15 20:13:58.854189
-4.559235,2024-03-29,2024-04-05,sz.002625,2025-12-15 20:13:58.854189
-4.2787657,2024-04-01,2024-04-08,sz.002625,2025-12-15 20:13:58.854189
-4.1928296,2024-04-02,2024-04-09,sz.002625,2025-12-15 20:13:58.854189
-4.2409286,2024-04-03,2024-04-10,sz.002625,2025-12-15 20:13:58.854189
-4.120756,2024-04-08,2024-04-15,sz.002625,2025-12-15 20:13:58.854189
-4.246863,2024-04-09,2024-04-16,sz.002625,2025-12-15 20:13:58.854189
-4.3252516,2024-04-10,2024-04-17,sz.002625,2025-12-15 20:13:58.854189
-4.2574296,2024-04-11,2024-04-18,sz.002625,2025-12-15 20:13:58.854189
-4.296138,2024-04-12,2024-04-19,sz.002625,2025-12-15 20:13:58.854189
-4.2898903,2024-04-15,2024-04-22,sz.002625,2025-12-15 20:13:58.854189
-3.8222325,2024-04-16,2024-04-23,sz.002625,2025-12-15 20:13:58.854189
-4.173213,2024-04-17,2024-04-24,sz.002625,2025-12-15 20:13:58.854189
-4.0732837,2024-04-18,2024-04-25,sz.002625,2025-12-15 20:13:58.854189
-4.2048635,2024-04-19,2024-04-26,sz.002625,2025-12-15 20:13:58.854189
-3.8957274,2024-04-22,2024-04-29,sz.002625,2025-12-15 20:13:58.854189
-4.0047293,2024-04-23,2024-04-30,sz.002625,2025-12-15 20:13:58.854189
-4.0411334,2024-04-24,2024-05-01,sz.002625,2025-12-15 20:13:58.854189
-3.9279187,2024-04-25,2024-05-02,sz.002625,2025-12-15 20:13:58.854189
-3.9507082,2024-04-26,2024-05-03,sz.002625,2025-12-15 20:13:58.854189
-4.009275,2024-04-29,2024-05-06,sz.002625,2025-12-15 20:13:58.854189
-3.9162934,2024-04-30,2024-05-07,sz.002625,2025-12-15 20:13:58.854189
-3.9743712,2024-05-06,2024-05-13,sz.002625,2025-12-15 20:13:58.854189
-3.9472082,2024-05-07,2024-05-14,sz.002625,2025-12-15 20:13:58.854189
-3.7999272,2024-05-08,2024-05-15,sz.002625,2025-12-15 20:13:58.854189
-3.7655869,2024-05-09,2024-05-16,sz.002625,2025-12-15 20:13:58.854189
-3.6928816,2024-05-10,2024-05-17,sz.002625,2025-12-15 20:13:58.854189
-3.7111597,2024-05-13,2024-05-20,sz.002625,2025-12-15 20:13:58.854189
-3.7422583,2024-05-14,2024-05-21,sz.002625,2025-12-15 20:13:58.854189
-3.7287633,2024-05-15,2024-05-22,sz.002625,2025-12-15 20:13:58.854189
-3.6335611,2024-05-16,2024-05-23,sz.002625,2025-12-15 20:13:58.854189
-3.6336226,2024-05-17,2024-05-24,sz.002625,2025-12-15 20:13:58.854189
-3.509454,2024-05-20,2024-05-27,sz.002625,2025-12-15 20:13:58.854189
-3.5502496,2024-05-21,2024-05-28,sz.002625,2025-12-15 20:13:58.854189
-3.5822608,2024-05-22,2024-05-29,sz.002625,2025-12-15 20:13:58.854189
-3.6187637,2024-05-23,2024-05-30,sz.002625,2025-12-15 20:13:58.854189
-3.5165823,2024-05-24,2024-05-31,sz.002625,2025-12-15 20:13:58.854189
-3.5526514,2024-05-27,2024-06-03,sz.002625,2025-12-15 20:13:58.854189
-3.3890145,2024-05-28,2024-06-04,sz.002625,2025-12-15 20:13:58.854189
-3.4981246,2024-05-29,2024-06-05,sz.002625,2025-12-15 20:13:58.854189
-3.4789512,2024-05-30,2024-06-06,sz.002625,2025-12-15 20:13:58.854189
-3.565407,2024-05-31,2024-06-07,sz.002625,2025-12-15 20:13:58.854189
-3.5927308,2024-06-03,2024-06-10,sz.002625,2025-12-15 20:13:58.854189
-3.5652869,2024-06-04,2024-06-11,sz.002625,2025-12-15 20:13:58.854189
-3.4620461,2024-06-05,2024-06-12,sz.002625,2025-12-15 20:13:58.854189
-3.5587878,2024-06-06,2024-06-13,sz.002625,2025-12-15 20:13:58.854189
-3.551975,2024-06-07,2024-06-14,sz.002625,2025-12-15 20:13:58.854189
-3.810879,2024-06-11,2024-06-18,sz.002625,2025-12-15 20:13:58.854189
-3.8073115,2024-06-12,2024-06-19,sz.002625,2025-12-15 20:13:58.854189
-3.8627582,2024-06-13,2024-06-20,sz.002625,2025-12-15 20:13:58.854189
-4.002692,2024-06-14,2024-06-21,sz.002625,2025-12-15 20:13:58.854189
-3.8759358,2024-06-17,2024-06-24,sz.002625,2025-12-15 20:13:58.854189
-3.9611404,2024-06-18,2024-06-25,sz.002625,2025-12-15 20:13:58.854189
-4.187511,2024-06-19,2024-06-26,sz.002625,2025-12-15 20:13:58.854189
-4.1896405,2024-06-20,2024-06-27,sz.002625,2025-12-15 20:13:58.854189
-4.078364,2024-06-21,2024-06-28,sz.002625,2025-12-15 20:13:58.854189
-4.074946,2024-06-24,2024-07-01,sz.002625,2025-12-15 20:13:58.854189
-3.9988701,2024-06-25,2024-07-02,sz.002625,2025-12-15 20:13:58.854189
-4.053657,2024-06-26,2024-07-03,sz.002625,2025-12-15 20:13:58.854189
-4.003615,2024-06-27,2024-07-04,sz.002625,2025-12-15 20:13:58.854189
-3.9281566,2024-06-28,2024-07-05,sz.002625,2025-12-15 20:13:58.854189
-3.9661906,2024-07-01,2024-07-08,sz.002625,2025-12-15 20:13:58.854189
-3.9130347,2024-07-02,2024-07-09,sz.002625,2025-12-15 20:13:58.854189
-3.8579988,2024-07-03,2024-07-10,sz.002625,2025-12-15 20:13:58.854189
-3.9621723,2024-07-04,2024-07-11,sz.002625,2025-12-15 20:13:58.854189
-3.929065,2024-07-05,2024-07-12,sz.002625,2025-12-15 20:13:58.854189
-3.8508608,2024-07-08,2024-07-15,sz.002625,2025-12-15 20:13:58.854189
-3.7945507,2024-07-09,2024-07-16,sz.002625,2025-12-15 20:13:58.854189
-3.8119853,2024-07-10,2024-07-17,sz.002625,2025-12-15 20:13:58.854189
-3.873501,2024-07-11,2024-07-18,sz.002625,2025-12-15 20:13:58.854189
-4.0348907,2024-07-12,2024-07-19,sz.002625,2025-12-15 20:13:58.854189
-4.065576,2024-07-15,2024-07-22,sz.002625,2025-12-15 20:13:58.854189
-3.9705608,2024-07-16,2024-07-23,sz.002625,2025-12-15 20:13:58.854189
-3.934045,2024-07-17,2024-07-24,sz.002625,2025-12-15 20:13:58.854189
-3.9908507,2024-07-18,2024-07-25,sz.002625,2025-12-15 20:13:58.854189
-3.8738968,2024-07-19,2024-07-26,sz.002625,2025-12-15 20:13:58.854189
-4.021989,2024-07-22,2024-07-29,sz.002625,2025-12-15 20:13:58.854189
-4.117964,2024-07-23,2024-07-30,sz.002625,2025-12-15 20:13:58.854189
-4.01907,2024-07-24,2024-07-31,sz.002625,2025-12-15 20:13:58.854189
-3.8840458,2024-07-25,2024-08-01,sz.002625,2025-12-15 20:13:58.854189
-3.9125373,2024-07-26,2024-08-02,sz.002625,2025-12-15 20:13:58.854189
-3.8809423,2024-07-29,2024-08-05,sz.002625,2025-12-15 20:13:58.854189
-3.9667714,2024-07-30,2024-08-06,sz.002625,2025-12-15 20:13:58.854189
-3.9853408,2024-07-31,2024-08-07,sz.002625,2025-12-15 20:13:58.854189
-3.9526784,2024-08-01,2024-08-08,sz.002625,2025-12-15 20:13:58.854189
-3.8500116,2024-08-02,2024-08-09,sz.002625,2025-12-15 20:13:58.854189
-3.9942448,2024-08-05,2024-08-12,sz.002625,2025-12-15 20:13:58.854189
-3.7926643,2024-08-06,2024-08-13,sz.002625,2025-12-15 20:13:58.854189
-3.8427045,2024-08-07,2024-08-14,sz.002625,2025-12-15 20:13:58.854189
-3.9772604,2024-08-08,2024-08-15,sz.002625,2025-12-15 20:13:58.854189
-3.8882487,2024-08-09,2024-08-16,sz.002625,2025-12-15 20:13:58.854189
-3.8164072,2024-08-12,2024-08-19,sz.002625,2025-12-15 20:13:58.854189
-3.84328,2024-08-13,2024-08-20,sz.002625,2025-12-15 20:13:58.854189
-3.8058434,2024-08-14,2024-08-21,sz.002625,2025-12-15 20:13:58.854189
-3.7148595,2024-08-15,2024-08-22,sz.002625,2025-12-15 20:13:58.854189
-3.91621,2024-08-16,2024-08-23,sz.002625,2025-12-15 20:13:58.854189
-3.8194778,2024-08-19,2024-08-26,sz.002625,2025-12-15 20:13:58.854189
-3.842995,2024-08-20,2024-08-27,sz.002625,2025-12-15 20:13:58.854189
-3.783891,2024-08-21,2024-08-28,sz.002625,2025-12-15 20:13:58.854189
-3.885391,2024-08-22,2024-08-29,sz.002625,2025-12-15 20:13:58.854189
-3.775892,2024-08-23,2024-08-30,sz.002625,2025-12-15 20:13:58.854189
-3.8580506,2024-08-26,2024-09-02,sz.002625,2025-12-15 20:13:58.854189
-3.9122846,2024-08-27,2024-09-03,sz.002625,2025-12-15 20:13:58.854189
-3.9108856,2024-08-28,2024-09-04,sz.002625,2025-12-15 20:13:58.854189
-3.8560827,2024-08-29,2024-09-05,sz.002625,2025-12-15 20:13:58.854189
-3.9396632,2024-08-30,2024-09-06,sz.002625,2025-12-15 20:13:58.854189
-3.992778,2024-09-02,2024-09-09,sz.002625,2025-12-15 20:13:58.854189
-4.0564437,2024-09-03,2024-09-10,sz.002625,2025-12-15 20:13:58.854189
-4.142037,2024-09-04,2024-09-11,sz.002625,2025-12-15 20:13:58.854189
-4.2391405,2024-09-05,2024-09-12,sz.002625,2025-12-15 20:13:58.854189
-4.3283153,2024-09-06,2024-09-13,sz.002625,2025-12-15 20:13:58.854189
-4.381005,2024-09-09,2024-09-16,sz.002625,2025-12-15 20:13:58.854189
-4.4263554,2024-09-10,2024-09-17,sz.002625,2025-12-15 20:13:58.854189
-4.411372,2024-09-11,2024-09-18,sz.002625,2025-12-15 20:13:58.854189
-4.2270155,2024-09-12,2024-09-19,sz.002625,2025-12-15 20:13:58.854189
-4.1495123,2024-09-13,2024-09-20,sz.002625,2025-12-15 20:13:58.854189
-4.0792994,2024-09-18,2024-09-25,sz.002625,2025-12-15 20:13:58.854189
-3.9576666,2024-09-19,2024-09-26,sz.002625,2025-12-15 20:13:58.854189
-3.9463818,2024-09-20,2024-09-27,sz.002625,2025-12-15 20:13:58.854189
-3.9177754,2024-09-23,2024-09-30,sz.002625,2025-12-15 20:13:58.854189
-3.8919537,2024-09-24,2024-10-01,sz.002625,2025-12-15 20:13:58.854189
-3.8021164,2024-09-25,2024-10-02,sz.002625,2025-12-15 20:13:58.854189
-3.8051975,2024-09-26,2024-10-03,sz.002625,2025-12-15 20:13:58.854189
-3.6600451,2024-09-27,2024-10-04,sz.002625,2025-12-15 20:13:58.854189
-3.7313159,2024-09-30,2024-10-07,sz.002625,2025-12-15 20:13:58.854189
-3.6906354,2024-10-08,2024-10-15,sz.002625,2025-12-15 20:13:58.854189
-3.3669674,2024-10-09,2024-10-16,sz.002625,2025-12-15 20:13:58.854189
-3.458922,2024-10-10,2024-10-17,sz.002625,2025-12-15 20:13:58.854189
-3.483478,2024-10-11,2024-10-18,sz.002625,2025-12-15 20:13:58.854189
-3.5718343,2024-10-14,2024-10-21,sz.002625,2025-12-15 20:13:58.854189
-3.6522553,2024-10-15,2024-10-22,sz.002625,2025-12-15 20:13:58.854189
-3.7230585,2024-10-16,2024-10-23,sz.002625,2025-12-15 20:13:58.854189
-3.7389317,2024-10-17,2024-10-24,sz.002625,2025-12-15 20:13:58.854189
-3.7061112,2024-10-18,2024-10-25,sz.002625,2025-12-15 20:13:58.854189
-3.8095124,2024-10-21,2024-10-28,sz.002625,2025-12-15 20:13:58.854189
-4.1630974,2024-10-22,2024-10-29,sz.002625,2025-12-15 20:13:58.854189
-4.0141873,2024-10-23,2024-10-30,sz.002625,2025-12-15 20:13:58.854189
-4.2175574,2024-10-24,2024-10-31,sz.002625,2025-12-15 20:13:58.854189
-3.7164743,2024-10-25,2024-11-01,sz.002625,2025-12-15 20:13:58.854189
-4.1170144,2024-10-28,2024-11-04,sz.002625,2025-12-15 20:13:58.854189
-3.7639892,2024-10-29,2024-11-05,sz.002625,2025-12-15 20:13:58.854189
-3.9612162,2024-10-30,2024-11-06,sz.002625,2025-12-15 20:13:58.854189
-3.9413826,2024-10-31,2024-11-07,sz.002625,2025-12-15 20:13:58.854189
-3.9044201,2024-11-01,2024-11-08,sz.002625,2025-12-15 20:13:58.854189
-4.0411515,2024-11-04,2024-11-11,sz.002625,2025-12-15 20:13:58.854189
-4.4202995,2024-11-05,2024-11-12,sz.002625,2025-12-15 20:13:58.854189
-4.3485904,2024-11-06,2024-11-13,sz.002625,2025-12-15 20:13:58.854189
-4.2079525,2024-11-07,2024-11-14,sz.002625,2025-12-15 20:13:58.854189
-4.318488,2024-11-08,2024-11-15,sz.002625,2025-12-15 20:13:58.854189
-4.3515286,2024-11-11,2024-11-18,sz.002625,2025-12-15 20:13:58.854189
-4.2599826,2024-11-12,2024-11-19,sz.002625,2025-12-15 20:13:58.854189
-4.1794076,2024-11-13,2024-11-20,sz.002625,2025-12-15 20:13:58.854189
-4.1081495,2024-11-14,2024-11-21,sz.002625,2025-12-15 20:13:58.854189
-3.762662,2024-11-15,2024-11-22,sz.002625,2025-12-15 20:13:58.854189
-3.6920755,2024-11-18,2024-11-25,sz.002625,2025-12-15 20:13:58.854189
-4.420867,2024-11-19,2024-11-26,sz.002625,2025-12-15 20:13:58.854189
-4.4130855,2024-11-20,2024-11-27,sz.002625,2025-12-15 20:13:58.854189
-4.364434,2024-11-21,2024-11-28,sz.002625,2025-12-15 20:13:58.854189
-4.093067,2024-11-22,2024-11-29,sz.002625,2025-12-15 20:13:58.854189
-4.2892084,2024-11-25,2024-12-02,sz.002625,2025-12-15 20:13:58.854189
-4.020572,2024-11-26,2024-12-03,sz.002625,2025-12-15 20:13:58.854189
-4.2998605,2024-11-27,2024-12-04,sz.002625,2025-12-15 20:13:58.854189
-4.0554166,2024-11-28,2024-12-05,sz.002625,2025-12-15 20:13:58.854189
-4.238251,2024-11-29,2024-12-06,sz.002625,2025-12-15 20:13:58.854189
-4.1614394,2024-12-02,2024-12-09,sz.002625,2025-12-15 20:13:58.854189
-4.29028,2024-12-03,2024-12-10,sz.002625,2025-12-15 20:13:58.854189
-4.151199,2024-12-04,2024-12-11,sz.002625,2025-12-15 20:13:58.854189
-3.9904525,2024-12-05,2024-12-12,sz.002625,2025-12-15 20:13:58.854189
-3.9687712,2024-12-06,2024-12-13,sz.002625,2025-12-15 20:13:58.854189
-4.210099,2024-12-09,2024-12-16,sz.002625,2025-12-15 20:13:58.854189
-4.2246733,2024-12-10,2024-12-17,sz.002625,2025-12-15 20:13:58.854189
-4.040028,2024-12-11,2024-12-18,sz.002625,2025-12-15 20:13:58.854189
-4.0212116,2024-12-12,2024-12-19,sz.002625,2025-12-15 20:13:58.854189
-3.7864482,2024-12-13,2024-12-20,sz.002625,2025-12-15 20:13:58.854189
-3.7274082,2024-12-16,2024-12-23,sz.002625,2025-12-15 20:13:58.854189
-3.820944,2024-12-17,2024-12-24,sz.002625,2025-12-15 20:13:58.854189
-3.8981497,2024-12-18,2024-12-25,sz.002625,2025-12-15 20:13:58.854189
-3.917692,2024-12-19,2024-12-26,sz.002625,2025-12-15 20:13:58.854189
-3.8256843,2024-12-20,2024-12-27,sz.002625,2025-12-15 20:13:58.854189
-3.7473843,2024-12-23,2024-12-30,sz.002625,2025-12-15 20:13:58.854189
-3.986315,2024-12-24,2024-12-31,sz.002625,2025-12-15 20:13:58.854189
-4.066193,2024-12-25,2025-01-01,sz.002625,2025-12-15 20:13:58.854189
-4.0942373,2024-12-26,2025-01-02,sz.002625,2025-12-15 20:13:58.854189
-4.074775,2024-12-27,2025-01-03,sz.002625,2025-12-15 20:13:58.854189
-4.276751,2024-12-30,2025-01-06,sz.002625,2025-12-15 20:13:58.854189
-4.019296,2024-12-31,2025-01-07,sz.002625,2025-12-15 20:13:58.854189
-3.3567069,2025-01-02,2025-01-09,sz.002625,2025-12-15 20:13:58.854189
-3.8076406,2025-01-03,2025-01-10,sz.002625,2025-12-15 20:13:58.854189
-3.8471801,2025-01-06,2025-01-13,sz.002625,2025-12-15 20:13:58.854189
-4.072911,2025-01-07,2025-01-14,sz.002625,2025-12-15 20:13:58.854189
-4.0139236,2025-01-08,2025-01-15,sz.002625,2025-12-15 20:13:58.854189
-4.0449567,2025-01-09,2025-01-16,sz.002625,2025-12-15 20:13:58.854189
-3.9727523,2025-01-10,2025-01-17,sz.002625,2025-12-15 20:13:58.854189
-4.177982,2025-01-13,2025-01-20,sz.002625,2025-12-15 20:13:58.854189
-4.2282143,2025-01-14,2025-01-21,sz.002625,2025-12-15 20:13:58.854189
-3.9921844,2025-01-15,2025-01-22,sz.002625,2025-12-15 20:13:58.854189
-3.9878929,2025-01-16,2025-01-23,sz.002625,2025-12-15 20:13:58.854189
-4.1432376,2025-01-17,2025-01-24,sz.002625,2025-12-15 20:13:58.854189
-4.2352643,2025-01-20,2025-01-27,sz.002625,2025-12-15 20:13:58.854189
-4.372976,2025-01-21,2025-01-28,sz.002625,2025-12-15 20:13:58.854189
-4.2432275,2025-01-22,2025-01-29,sz.002625,2025-12-15 20:13:58.854189
-3.5515296,2025-01-23,2025-01-30,sz.002625,2025-12-15 20:13:58.854189
-4.0948114,2025-01-24,2025-01-31,sz.002625,2025-12-15 20:13:58.854189
-4.0516415,2025-01-27,2025-02-03,sz.002625,2025-12-15 20:13:58.854189
-4.2543607,2025-02-05,2025-02-12,sz.002625,2025-12-15 20:13:58.854189
-4.417915,2025-02-06,2025-02-13,sz.002625,2025-12-15 20:13:58.854189
-4.2590203,2025-02-07,2025-02-14,sz.002625,2025-12-15 20:13:58.854189
-4.23416,2025-02-10,2025-02-17,sz.002625,2025-12-15 20:13:58.854189
-4.1843276,2025-02-11,2025-02-18,sz.002625,2025-12-15 20:13:58.854189
-4.2786326,2025-02-12,2025-02-19,sz.002625,2025-12-15 20:13:58.854189
-4.0641665,2025-02-13,2025-02-20,sz.002625,2025-12-15 20:13:58.854189
-4.394007,2025-02-14,2025-02-21,sz.002625,2025-12-15 20:13:58.854189
-4.332174,2025-02-17,2025-02-24,sz.002625,2025-12-15 20:13:58.854189
-4.164585,2025-02-18,2025-02-25,sz.002625,2025-12-15 20:13:58.854189
-4.2931523,2025-02-19,2025-02-26,sz.002625,2025-12-15 20:13:58.854189
-4.338112,2025-02-20,2025-02-27,sz.002625,2025-12-15 20:13:58.854189
-4.384813,2025-02-21,2025-02-28,sz.002625,2025-12-15 20:13:58.854189
-4.416113,2025-02-24,2025-03-03,sz.002625,2025-12-15 20:13:58.854189
-4.431188,2025-02-25,2025-03-04,sz.002625,2025-12-15 20:13:58.854189
-4.525886,2025-02-26,2025-03-05,sz.002625,2025-12-15 20:13:58.854189
-4.782189,2025-02-27,2025-03-06,sz.002625,2025-12-15 20:13:58.854189
-4.5245533,2025-02-28,2025-03-07,sz.002625,2025-12-15 20:13:58.854189
-4.383986,2025-03-03,2025-03-10,sz.002625,2025-12-15 20:13:58.854189
-4.3165126,2025-03-04,2025-03-11,sz.002625,2025-12-15 20:13:58.854189
-4.4078794,2025-03-05,2025-03-12,sz.002625,2025-12-15 20:13:58.854189
-4.4520555,2025-03-06,2025-03-13,sz.002625,2025-12-15 20:13:58.854189
-4.616795,2025-03-07,2025-03-14,sz.002625,2025-12-15 20:13:58.854189
-4.492164,2025-03-10,2025-03-17,sz.002625,2025-12-15 20:13:58.854189
-4.4777446,2025-03-11,2025-03-18,sz.002625,2025-12-15 20:13:58.854189
-4.4137297,2025-03-12,2025-03-19,sz.002625,2025-12-15 20:13:58.854189
-4.375241,2025-03-13,2025-03-20,sz.002625,2025-12-15 20:13:58.854189
-4.3919096,2025-03-14,2025-03-21,sz.002625,2025-12-15 20:13:58.854189
-4.5037374,2025-03-17,2025-03-24,sz.002625,2025-12-15 20:13:58.854189
-4.4740195,2025-03-18,2025-03-25,sz.002625,2025-12-15 20:13:58.854189
-4.2534356,2025-03-19,2025-03-26,sz.002625,2025-12-15 20:13:58.854189
-4.322145,2025-03-20,2025-03-27,sz.002625,2025-12-15 20:13:58.854189
-4.3189874,2025-03-21,2025-03-28,sz.002625,2025-12-15 20:13:58.854189
-4.422235,2025-03-24,2025-03-31,sz.002625,2025-12-15 20:13:58.854189
-4.0868764,2025-03-25,2025-04-01,sz.002625,2025-12-15 20:13:58.854189
-4.343497,2025-03-26,2025-04-02,sz.002625,2025-12-15 20:13:58.854189
-4.280724,2025-03-27,2025-04-03,sz.002625,2025-12-15 20:13:58.854189
-4.225747,2025-03-28,2025-04-04,sz.002625,2025-12-15 20:13:58.854189
-4.130713,2025-03-31,2025-04-07,sz.002625,2025-12-15 20:13:58.854189
-3.6232488,2025-04-01,2025-04-08,sz.002625,2025-12-15 20:13:58.854189
-4.161229,2025-04-02,2025-04-09,sz.002625,2025-12-15 20:13:58.854189
-4.222873,2025-04-03,2025-04-10,sz.002625,2025-12-15 20:13:58.854189
-3.6581278,2025-04-07,2025-04-14,sz.002625,2025-12-15 20:13:58.854189
-4.007814,2025-04-08,2025-04-15,sz.002625,2025-12-15 20:13:58.854189
-4.098208,2025-04-09,2025-04-16,sz.002625,2025-12-15 20:13:58.854189
-4.302124,2025-04-10,2025-04-17,sz.002625,2025-12-15 20:13:58.854189
-4.274918,2025-04-11,2025-04-18,sz.002625,2025-12-15 20:13:58.854189
-4.3201203,2025-04-14,2025-04-21,sz.002625,2025-12-15 20:13:58.854189
-4.3090143,2025-04-15,2025-04-22,sz.002625,2025-12-15 20:13:58.854189
-4.2840714,2025-04-16,2025-04-23,sz.002625,2025-12-15 20:13:58.854189
-4.22395,2025-04-17,2025-04-24,sz.002625,2025-12-15 20:13:58.854189
-4.260709,2025-04-18,2025-04-25,sz.002625,2025-12-15 20:13:58.854189
-4.303077,2025-04-21,2025-04-28,sz.002625,2025-12-15 20:13:58.854189
-4.1239815,2025-04-22,2025-04-29,sz.002625,2025-12-15 20:13:58.854189
-4.290613,2025-04-23,2025-04-30,sz.002625,2025-12-15 20:13:58.854189
-4.2611113,2025-04-24,2025-05-01,sz.002625,2025-12-15 20:13:58.854189
-4.2607155,2025-04-25,2025-05-02,sz.002625,2025-12-15 20:13:58.854189
-4.0243206,2025-04-28,2025-05-05,sz.002625,2025-12-15 20:13:58.854189
-4.1534,2025-04-29,2025-05-06,sz.002625,2025-12-15 20:13:58.854189
-4.231464,2025-04-30,2025-05-07,sz.002625,2025-12-15 20:13:58.854189
-4.2480483,2025-05-06,2025-05-13,sz.002625,2025-12-15 20:13:58.854189
-4.2480884,2025-05-07,2025-05-14,sz.002625,2025-12-15 20:13:58.854189
-4.1876054,2025-05-08,2025-05-15,sz.002625,2025-12-15 20:13:58.854189
-4.1007543,2025-05-09,2025-05-16,sz.002625,2025-12-15 20:13:58.854189
-3.9035408,2025-05-12,2025-05-19,sz.002625,2025-12-15 20:13:58.854189
-4.0179486,2025-05-13,2025-05-20,sz.002625,2025-12-15 20:13:58.854189
-4.133138,2025-05-14,2025-05-21,sz.002625,2025-12-15 20:13:58.854189
-4.08251,2025-05-15,2025-05-22,sz.002625,2025-12-15 20:13:58.854189
-3.9838073,2025-05-16,2025-05-23,sz.002625,2025-12-15 20:13:58.854189
-4.051557,2025-05-19,2025-05-26,sz.002625,2025-12-15 20:13:58.854189
-3.9868238,2025-05-20,2025-05-27,sz.002625,2025-12-15 20:13:58.854189
-4.019482,2025-05-21,2025-05-28,sz.002625,2025-12-15 20:13:58.854189
-4.05806,2025-05-22,2025-05-29,sz.002625,2025-12-15 20:13:58.854189
-4.011316,2025-05-23,2025-05-30,sz.002625,2025-12-15 20:13:58.854189
-4.004238,2025-05-26,2025-06-02,sz.002625,2025-12-15 20:13:58.854189
-3.9879863,2025-05-27,2025-06-03,sz.002625,2025-12-15 20:13:58.854189
-4.031462,2025-05-28,2025-06-04,sz.002625,2025-12-15 20:13:58.854189
-4.0937247,2025-05-29,2025-06-05,sz.002625,2025-12-15 20:13:58.854189
-4.1005015,2025-05-30,2025-06-06,sz.002625,2025-12-15 20:13:58.854189
-3.7824485,2025-06-03,2025-06-10,sz.002625,2025-12-15 20:13:58.854189
-4.036408,2025-06-04,2025-06-11,sz.002625,2025-12-15 20:13:58.854189
-4.0592303,2025-06-05,2025-06-12,sz.002625,2025-12-15 20:13:58.854189
-4.037442,2025-06-06,2025-06-13,sz.002625,2025-12-15 20:13:58.854189
-4.0362587,2025-06-09,2025-06-16,sz.002625,2025-12-15 20:13:58.854189
-4.042295,2025-06-10,2025-06-17,sz.002625,2025-12-15 20:13:58.854189
-4.070599,2025-06-11,2025-06-18,sz.002625,2025-12-15 20:13:58.854189
-4.021502,2025-06-12,2025-06-19,sz.002625,2025-12-15 20:13:58.854189
-4.07046,2025-06-13,2025-06-20,sz.002625,2025-12-15 20:13:58.854189
-3.9130433,2025-06-16,2025-06-23,sz.002625,2025-12-15 20:13:58.854189
-4.063533,2025-06-17,2025-06-24,sz.002625,2025-12-15 20:13:58.854189
-4.131603,2025-06-18,2025-06-25,sz.002625,2025-12-15 20:13:58.854189
-4.0108466,2025-06-19,2025-06-26,sz.002625,2025-12-15 20:13:58.854189
-4.073667,2025-06-20,2025-06-27,sz.002625,2025-12-15 20:13:58.854189
-4.1094337,2025-06-23,2025-06-30,sz.002625,2025-12-15 20:13:58.854189
-4.107701,2025-06-24,2025-07-01,sz.002625,2025-12-15 20:13:58.854189
-4.140953,2025-06-25,2025-07-02,sz.002625,2025-12-15 20:13:58.854189
-4.0686355,2025-06-26,2025-07-03,sz.002625,2025-12-15 20:13:58.854189
-4.1222796,2025-06-27,2025-07-04,sz.002625,2025-12-15 20:13:58.854189
-4.1648846,2025-06-30,2025-07-07,sz.002625,2025-12-15 20:13:58.854189
-4.1220155,2025-07-01,2025-07-08,sz.002625,2025-12-15 20:13:58.854189
-4.107324,2025-07-02,2025-07-09,sz.002625,2025-12-15 20:13:58.854189
-4.157493,2025-07-03,2025-07-10,sz.002625,2025-12-15 20:13:58.854189
-4.0901475,2025-07-04,2025-07-11,sz.002625,2025-12-15 20:13:58.854189
-4.111111,2025-07-07,2025-07-14,sz.002625,2025-12-15 20:13:58.854189
-4.1642003,2025-07-08,2025-07-15,sz.002625,2025-12-15 20:13:58.854189
-4.1448493,2025-07-09,2025-07-16,sz.002625,2025-12-15 20:13:58.854189
-4.1878114,2025-07-10,2025-07-17,sz.002625,2025-12-15 20:13:58.854189
-4.1411285,2025-07-11,2025-07-18,sz.002625,2025-12-15 20:13:58.854189
-4.1051617,2025-07-14,2025-07-21,sz.002625,2025-12-15 20:13:58.854189
-4.140092,2025-07-15,2025-07-22,sz.002625,2025-12-15 20:13:58.854189
-4.173196,2025-07-16,2025-07-23,sz.002625,2025-12-15 20:13:58.854189
-4.2548366,2025-07-17,2025-07-24,sz.002625,2025-12-15 20:13:58.854189
-4.249625,2025-07-18,2025-07-25,sz.002625,2025-12-15 20:13:58.854189
-4.2309203,2025-07-21,2025-07-28,sz.002625,2025-12-15 20:13:58.854189
-4.2507167,2025-07-22,2025-07-29,sz.002625,2025-12-15 20:13:58.854189
-4.2223077,2025-07-23,2025-07-30,sz.002625,2025-12-15 20:13:58.854189
-4.2600465,2025-07-24,2025-07-31,sz.002625,2025-12-15 20:13:58.854189
-4.2829213,2025-07-25,2025-08-01,sz.002625,2025-12-15 20:13:58.854189
-4.3144774,2025-07-28,2025-08-04,sz.002625,2025-12-15 20:13:58.854189
-4.3378577,2025-07-29,2025-08-05,sz.002625,2025-12-15 20:13:58.854189
-4.3625607,2025-07-30,2025-08-06,sz.002625,2025-12-15 20:13:58.854189
-4.327808,2025-07-31,2025-08-07,sz.002625,2025-12-15 20:13:58.854189
-4.3589997,2025-08-01,2025-08-08,sz.002625,2025-12-15 20:13:58.854189
-4.329511,2025-08-04,2025-08-11,sz.002625,2025-12-15 20:13:58.854189
-4.3853574,2025-08-05,2025-08-12,sz.002625,2025-12-15 20:13:58.854189
-4.374992,2025-08-06,2025-08-13,sz.002625,2025-12-15 20:13:58.854189
-4.418441,2025-08-07,2025-08-14,sz.002625,2025-12-15 20:13:58.854189
-4.373818,2025-08-08,2025-08-15,sz.002625,2025-12-15 20:13:58.854189
-4.329539,2025-08-11,2025-08-18,sz.002625,2025-12-15 20:13:58.854189
-4.3519316,2025-08-12,2025-08-19,sz.002625,2025-12-15 20:13:58.854189
-4.2124286,2025-08-13,2025-08-20,sz.002625,2025-12-15 20:13:58.854189
-4.2347965,2025-08-14,2025-08-21,sz.002625,2025-12-15 20:13:58.854189
-4.2223277,2025-08-15,2025-08-22,sz.002625,2025-12-15 20:13:58.854189
-4.3344765,2025-08-18,2025-08-25,sz.002625,2025-12-15 20:13:58.854189
-4.319288,2025-08-19,2025-08-26,sz.002625,2025-12-15 20:13:58.854189
-4.385176,2025-08-20,2025-08-27,sz.002625,2025-12-15 20:13:58.854189
-4.275371,2025-08-21,2025-08-28,sz.002625,2025-12-15 20:13:58.854189
-4.3339686,2025-08-22,2025-08-29,sz.002625,2025-12-15 20:13:58.854189
-4.395373,2025-08-25,2025-09-01,sz.002625,2025-12-15 20:13:58.854189
-4.482183,2025-08-26,2025-09-02,sz.002625,2025-12-15 20:13:58.854189
-4.5958943,2025-08-27,2025-09-03,sz.002625,2025-12-15 20:13:58.854189
-4.4953437,2025-08-28,2025-09-04,sz.002625,2025-12-15 20:13:58.854189
-4.5108943,2025-08-29,2025-09-05,sz.002625,2025-12-15 20:13:58.854189
-4.3737235,2025-09-01,2025-09-08,sz.002625,2025-12-15 20:13:58.854189
-4.3660073,2025-09-02,2025-09-09,sz.002625,2025-12-15 20:13:58.854189
-4.1691475,2025-09-03,2025-09-10,sz.002625,2025-12-15 20:13:58.854189
-4.196385,2025-09-04,2025-09-11,sz.002625,2025-12-15 20:13:58.854189
-4.164898,2025-09-05,2025-09-12,sz.002625,2025-12-15 20:13:58.854189
-3.9697816,2025-09-08,2025-09-15,sz.002625,2025-12-15 20:13:58.854189
-3.803302,2025-09-09,2025-09-16,sz.002625,2025-12-15 20:13:58.854189
-4.107844,2025-09-10,2025-09-17,sz.002625,2025-12-15 20:13:58.854189
-4.1509223,2025-09-11,2025-09-18,sz.002625,2025-12-15 20:13:58.854189
-4.051378,2025-09-12,2025-09-19,sz.002625,2025-12-15 20:13:58.854189
-3.9857295,2025-09-15,2025-09-22,sz.002625,2025-12-15 20:13:58.854189
-4.0610523,2025-09-16,2025-09-23,sz.002625,2025-12-15 20:13:58.854189
-4.097938,2025-09-17,2025-09-24,sz.002625,2025-12-15 20:13:58.854189
-3.9118261,2025-09-18,2025-09-25,sz.002625,2025-12-15 20:13:58.854189
-3.9066222,2025-09-19,2025-09-26,sz.002625,2025-12-15 20:13:58.854189
-4.133631,2025-09-22,2025-09-29,sz.002625,2025-12-15 20:13:58.854189
-4.0812597,2025-09-23,2025-09-30,sz.002625,2025-12-15 20:13:58.854189
-4.0468664,2025-09-24,2025-10-01,sz.002625,2025-12-15 20:13:58.854189
-3.9907815,2025-09-25,2025-10-02,sz.002625,2025-12-15 20:13:58.854189
-4.089424,2025-09-26,2025-10-03,sz.002625,2025-12-15 20:13:58.854189
-4.1747007,2025-09-29,2025-10-06,sz.002625,2025-12-15 20:13:58.854189
-4.095492,2025-09-30,2025-10-07,sz.002625,2025-12-15 20:13:58.854189
-3.9292886,2025-10-09,2025-10-16,sz.002625,2025-12-15 20:13:58.854189
-4.138929,2025-10-10,2025-10-17,sz.002625,2025-12-15 20:13:58.854189
-4.064842,2025-10-13,2025-10-20,sz.002625,2025-12-15 20:13:58.854189
-3.9906404,2025-10-14,2025-10-21,sz.002625,2025-12-15 20:13:58.854189
-4.273323,2025-10-15,2025-10-22,sz.002625,2025-12-15 20:13:58.854189
-3.9720428,2025-10-16,2025-10-23,sz.002625,2025-12-15 20:13:58.854189
-3.7844088,2025-10-17,2025-10-24,sz.002625,2025-12-15 20:13:58.854189
-4.0256953,2025-10-20,2025-10-27,sz.002625,2025-12-15 20:13:58.854189
-4.0781813,2025-10-21,2025-10-28,sz.002625,2025-12-15 20:13:58.854189
-4.036367,2025-10-22,2025-10-29,sz.002625,2025-12-15 20:13:58.854189
-3.942722,2025-10-23,2025-10-30,sz.002625,2025-12-15 20:13:58.854189
-3.9839857,2025-10-24,2025-10-31,sz.002625,2025-12-15 20:13:58.854189
-3.9076931,2025-10-27,2025-11-03,sz.002625,2025-12-15 20:13:58.854189
-3.932831,2025-10-28,2025-11-04,sz.002625,2025-12-15 20:13:58.854189
-3.9382474,2025-10-29,2025-11-05,sz.002625,2025-12-15 20:13:58.854189
-3.8953989,2025-10-30,2025-11-06,sz.002625,2025-12-15 20:13:58.854189
-3.8228862,2025-10-31,2025-11-07,sz.002625,2025-12-15 20:13:58.854189
-3.9439862,2025-11-03,2025-11-10,sz.002625,2025-12-15 20:13:58.854189
-3.8336809,2025-11-04,2025-11-11,sz.002625,2025-12-15 20:13:58.854189
-3.8830187,2025-11-05,2025-11-12,sz.002625,2025-12-15 20:13:58.854189
-3.9011433,2025-11-06,2025-11-13,sz.002625,2025-12-15 20:13:58.854189
-3.916064,2025-11-07,2025-11-14,sz.002625,2025-12-15 20:13:58.854189
-3.9255617,2025-11-10,2025-11-17,sz.002625,2025-12-15 20:13:58.854189
-3.76334,2025-11-11,2025-11-18,sz.002625,2025-12-15 20:13:58.854189
-3.8879545,2025-11-12,2025-11-19,sz.002625,2025-12-15 20:13:58.854189
-3.8481739,2025-11-13,2025-11-20,sz.002625,2025-12-15 20:13:58.854189
-3.8406174,2025-11-14,2025-11-21,sz.002625,2025-12-15 20:13:58.854189
-3.8496478,2025-11-17,2025-11-24,sz.002625,2025-12-15 20:13:58.854189
-3.874047,2025-11-18,2025-11-25,sz.002625,2025-12-15 20:13:58.854189
-3.9076717,2025-11-19,2025-11-26,sz.002625,2025-12-15 20:13:58.854189
-3.8460805,2025-11-20,2025-11-27,sz.002625,2025-12-15 20:13:58.854189
-3.929846,2025-11-21,2025-11-28,sz.002625,2025-12-15 20:13:58.854189
-4.025509,2025-11-24,2025-12-01,sz.002625,2025-12-15 20:13:58.854189
-4.078898,2025-11-25,2025-12-02,sz.002625,2025-12-15 20:13:58.854189
-4.019348,2025-11-26,2025-12-03,sz.002625,2025-12-15 20:13:58.854189
-4.0327716,2025-11-27,2025-12-04,sz.002625,2025-12-15 20:13:58.854189
-4.154187,2025-11-28,2025-12-05,sz.002625,2025-12-15 20:13:58.854189
-4.4088902,2025-12-01,2025-12-08,sz.002625,2025-12-15 20:13:58.854189
-4.31965,2025-12-02,2025-12-09,sz.002625,2025-12-15 20:13:58.854189
-4.216237,2025-12-03,2025-12-10,sz.002625,2025-12-15 20:13:58.854189
-4.2121387,2025-12-04,2025-12-11,sz.002625,2025-12-15 20:13:58.854189
-4.134878,2025-12-05,2025-12-12,sz.002625,2025-12-15 20:13:58.854189
-4.2973104,2025-12-08,2025-12-15,sz.002625,2025-12-15 20:13:58.854189
-4.2275324,2025-12-09,2025-12-16,sz.002625,2025-12-15 20:13:58.854189
-4.2223825,2025-12-10,2025-12-17,sz.002625,2025-12-15 20:13:58.854189
-4.195136,2025-12-11,2025-12-18,sz.002625,2025-12-15 20:13:58.854189
-4.1911974,2025-12-12,2025-12-19,sz.002625,2025-12-15 20:13:58.854189
-4.172316,2025-12-15,2025-12-22,sz.002625,2025-12-15 20:13:58.854189
-3.7635462,2025-12-15,2025-12-22,sz.002648,2025-12-15 20:13:58.854189
-3.7890275,2025-12-15,2025-12-22,sz.002709,2025-12-15 20:13:58.854189
-3.875242,2025-12-15,2025-12-22,sz.002714,2025-12-15 20:13:58.854189
-3.9333923,2025-12-15,2025-12-22,sz.002736,2025-12-15 20:13:58.854189
-3.264056,2025-12-15,2025-12-22,sz.002916,2025-12-15 20:13:58.854189
-3.9148328,2025-12-15,2025-12-22,sz.002920,2025-12-15 20:13:58.854189
-4.077088,2025-12-15,2025-12-22,sz.002938,2025-12-15 20:13:58.854189
-3.9926126,2025-12-15,2025-12-22,sz.003816,2025-12-15 20:13:58.854189
-4.164185,2025-12-15,2025-12-22,sz.300014,2025-12-15 20:13:58.854189
-4.0648494,2025-12-15,2025-12-22,sz.300015,2025-12-15 20:13:58.854189
-4.1114087,2025-12-15,2025-12-22,sz.300033,2025-12-15 20:13:58.854189
-4.6087155,2025-12-15,2025-12-22,sz.300059,2025-12-15 20:13:58.854189
-4.225108,2025-12-15,2025-12-22,sz.300122,2025-12-15 20:13:58.854189
-4.2388115,2025-12-15,2025-12-22,sz.300124,2025-12-15 20:13:58.854189
-4.068593,2019-12-25,2020-01-01,sz.300251,2025-12-15 20:13:58.854189
-4.0765505,2019-12-26,2020-01-02,sz.300251,2025-12-15 20:13:58.854189
-4.027101,2019-12-27,2020-01-03,sz.300251,2025-12-15 20:13:58.854189
-4.0594354,2019-12-30,2020-01-06,sz.300251,2025-12-15 20:13:58.854189
-4.1126595,2019-12-31,2020-01-07,sz.300251,2025-12-15 20:13:58.854189
-4.0931506,2020-01-02,2020-01-09,sz.300251,2025-12-15 20:13:58.854189
-3.9764192,2020-01-03,2020-01-10,sz.300251,2025-12-15 20:13:58.854189
-4.025515,2020-01-06,2020-01-13,sz.300251,2025-12-15 20:13:58.854189
-4.0467205,2020-01-07,2020-01-14,sz.300251,2025-12-15 20:13:58.854189
-4.028673,2020-01-08,2020-01-15,sz.300251,2025-12-15 20:13:58.854189
-4.1314955,2020-01-09,2020-01-16,sz.300251,2025-12-15 20:13:58.854189
-4.04267,2020-01-10,2020-01-17,sz.300251,2025-12-15 20:13:58.854189
-4.0980515,2020-01-13,2020-01-20,sz.300251,2025-12-15 20:13:58.854189
-4.0188413,2020-01-14,2020-01-21,sz.300251,2025-12-15 20:13:58.854189
-4.062801,2020-01-15,2020-01-22,sz.300251,2025-12-15 20:13:58.854189
-3.9807622,2020-01-16,2020-01-23,sz.300251,2025-12-15 20:13:58.854189
-3.8769302,2020-01-17,2020-01-24,sz.300251,2025-12-15 20:13:58.854189
-3.7254047,2020-01-20,2020-01-27,sz.300251,2025-12-15 20:13:58.854189
-3.8074334,2020-01-21,2020-01-28,sz.300251,2025-12-15 20:13:58.854189
-3.9465873,2020-01-22,2020-01-29,sz.300251,2025-12-15 20:13:58.854189
-3.7466695,2020-01-23,2020-01-30,sz.300251,2025-12-15 20:13:58.854189
-3.9199502,2020-02-03,2020-02-10,sz.300251,2025-12-15 20:13:58.854189
-3.9906185,2020-02-04,2020-02-11,sz.300251,2025-12-15 20:13:58.854189
-4.037233,2020-02-05,2020-02-12,sz.300251,2025-12-15 20:13:58.854189
-4.01194,2020-02-06,2020-02-13,sz.300251,2025-12-15 20:13:58.854189
-3.8899465,2020-02-07,2020-02-14,sz.300251,2025-12-15 20:13:58.854189
-4.119596,2020-02-10,2020-02-17,sz.300251,2025-12-15 20:13:58.854189
-4.123688,2020-02-11,2020-02-18,sz.300251,2025-12-15 20:13:58.854189
-4.163863,2020-02-12,2020-02-19,sz.300251,2025-12-15 20:13:58.854189
-4.1625967,2020-02-13,2020-02-20,sz.300251,2025-12-15 20:13:58.854189
-4.0952196,2020-02-14,2020-02-21,sz.300251,2025-12-15 20:13:58.854189
-4.091022,2020-02-17,2020-02-24,sz.300251,2025-12-15 20:13:58.854189
-4.1596804,2020-02-18,2020-02-25,sz.300251,2025-12-15 20:13:58.854189
-4.134561,2020-02-19,2020-02-26,sz.300251,2025-12-15 20:13:58.854189
-4.376829,2020-02-20,2020-02-27,sz.300251,2025-12-15 20:13:58.854189
-4.389357,2020-02-21,2020-02-28,sz.300251,2025-12-15 20:13:58.854189
-4.3405166,2020-02-24,2020-03-02,sz.300251,2025-12-15 20:13:58.854189
-4.183417,2020-02-25,2020-03-03,sz.300251,2025-12-15 20:13:58.854189
-4.028898,2020-02-26,2020-03-04,sz.300251,2025-12-15 20:13:58.854189
-4.229408,2020-02-27,2020-03-05,sz.300251,2025-12-15 20:13:58.854189
-3.9737422,2020-02-28,2020-03-06,sz.300251,2025-12-15 20:13:58.854189
-4.0959477,2020-03-02,2020-03-09,sz.300251,2025-12-15 20:13:58.854189
-4.002174,2020-03-03,2020-03-10,sz.300251,2025-12-15 20:13:58.854189
-4.161202,2020-03-04,2020-03-11,sz.300251,2025-12-15 20:13:58.854189
-4.1231127,2020-03-05,2020-03-12,sz.300251,2025-12-15 20:13:58.854189
-4.0779924,2020-03-06,2020-03-13,sz.300251,2025-12-15 20:13:58.854189
-3.9450147,2020-03-09,2020-03-16,sz.300251,2025-12-15 20:13:58.854189
-4.1249495,2020-03-10,2020-03-17,sz.300251,2025-12-15 20:13:58.854189
-3.9290187,2020-03-11,2020-03-18,sz.300251,2025-12-15 20:13:58.854189
-3.9559705,2020-03-12,2020-03-19,sz.300251,2025-12-15 20:13:58.854189
-3.9971406,2020-03-13,2020-03-20,sz.300251,2025-12-15 20:13:58.854189
-3.798263,2020-03-16,2020-03-23,sz.300251,2025-12-15 20:13:58.854189
-3.927364,2020-03-17,2020-03-24,sz.300251,2025-12-15 20:13:58.854189
-3.934553,2020-03-18,2020-03-25,sz.300251,2025-12-15 20:13:58.854189
-3.956958,2020-03-19,2020-03-26,sz.300251,2025-12-15 20:13:58.854189
-4.020108,2020-03-20,2020-03-27,sz.300251,2025-12-15 20:13:58.854189
-3.96157,2020-03-23,2020-03-30,sz.300251,2025-12-15 20:13:58.854189
-4.073382,2020-03-24,2020-03-31,sz.300251,2025-12-15 20:13:58.854189
-4.101137,2020-03-25,2020-04-01,sz.300251,2025-12-15 20:13:58.854189
-4.054691,2020-03-26,2020-04-02,sz.300251,2025-12-15 20:13:58.854189
-4.1012726,2020-03-27,2020-04-03,sz.300251,2025-12-15 20:13:58.854189
-4.119398,2020-03-30,2020-04-06,sz.300251,2025-12-15 20:13:58.854189
-4.0446033,2020-03-31,2020-04-07,sz.300251,2025-12-15 20:13:58.854189
-3.9142487,2020-04-01,2020-04-08,sz.300251,2025-12-15 20:13:58.854189
-4.0176415,2020-04-02,2020-04-09,sz.300251,2025-12-15 20:13:58.854189
-4.0374403,2020-04-03,2020-04-10,sz.300251,2025-12-15 20:13:58.854189
-4.2669244,2020-04-07,2020-04-14,sz.300251,2025-12-15 20:13:58.854189
-4.1593037,2020-04-08,2020-04-15,sz.300251,2025-12-15 20:13:58.854189
-4.2180986,2020-04-09,2020-04-16,sz.300251,2025-12-15 20:13:58.854189
-4.118217,2020-04-10,2020-04-17,sz.300251,2025-12-15 20:13:58.854189
-4.10829,2020-04-13,2020-04-20,sz.300251,2025-12-15 20:13:58.854189
-4.269218,2020-04-14,2020-04-21,sz.300251,2025-12-15 20:13:58.854189
-4.3295684,2020-04-15,2020-04-22,sz.300251,2025-12-15 20:13:58.854189
-4.3209176,2020-04-16,2020-04-23,sz.300251,2025-12-15 20:13:58.854189
-4.280628,2020-04-17,2020-04-24,sz.300251,2025-12-15 20:13:58.854189
-4.089084,2020-04-20,2020-04-27,sz.300251,2025-12-15 20:13:58.854189
-3.9561598,2020-04-21,2020-04-28,sz.300251,2025-12-15 20:13:58.854189
-4.068143,2020-04-22,2020-04-29,sz.300251,2025-12-15 20:13:58.854189
-4.2001987,2020-04-23,2020-04-30,sz.300251,2025-12-15 20:13:58.854189
-4.237111,2020-04-24,2020-05-01,sz.300251,2025-12-15 20:13:58.854189
-4.04853,2020-04-27,2020-05-04,sz.300251,2025-12-15 20:13:58.854189
-3.9747627,2020-04-28,2020-05-05,sz.300251,2025-12-15 20:13:58.854189
-3.9271524,2020-04-29,2020-05-06,sz.300251,2025-12-15 20:13:58.854189
-3.9953392,2020-04-30,2020-05-07,sz.300251,2025-12-15 20:13:58.854189
-4.1166725,2020-05-06,2020-05-13,sz.300251,2025-12-15 20:13:58.854189
-4.0140314,2020-05-07,2020-05-14,sz.300251,2025-12-15 20:13:58.854189
-4.0501857,2020-05-08,2020-05-15,sz.300251,2025-12-15 20:13:58.854189
-3.8450632,2020-05-11,2020-05-18,sz.300251,2025-12-15 20:13:58.854189
-3.9898736,2020-05-12,2020-05-19,sz.300251,2025-12-15 20:13:58.854189
-4.0346565,2020-05-13,2020-05-20,sz.300251,2025-12-15 20:13:58.854189
-4.011139,2020-05-14,2020-05-21,sz.300251,2025-12-15 20:13:58.854189
-4.080244,2020-05-15,2020-05-22,sz.300251,2025-12-15 20:13:58.854189
-4.013502,2020-05-18,2020-05-25,sz.300251,2025-12-15 20:13:58.854189
-4.0599084,2020-05-19,2020-05-26,sz.300251,2025-12-15 20:13:58.854189
-3.9930637,2020-05-20,2020-05-27,sz.300251,2025-12-15 20:13:58.854189
-4.0534835,2020-05-21,2020-05-28,sz.300251,2025-12-15 20:13:58.854189
-4.0385466,2020-05-22,2020-05-29,sz.300251,2025-12-15 20:13:58.854189
-4.0952606,2020-05-25,2020-06-01,sz.300251,2025-12-15 20:13:58.854189
-4.0935845,2020-05-26,2020-06-02,sz.300251,2025-12-15 20:13:58.854189
-4.0561643,2020-05-27,2020-06-03,sz.300251,2025-12-15 20:13:58.854189
-4.1332097,2020-05-28,2020-06-04,sz.300251,2025-12-15 20:13:58.854189
-4.188417,2020-05-29,2020-06-05,sz.300251,2025-12-15 20:13:58.854189
-4.1903167,2020-06-01,2020-06-08,sz.300251,2025-12-15 20:13:58.854189
-4.0976105,2020-06-02,2020-06-09,sz.300251,2025-12-15 20:13:58.854189
-4.1048136,2020-06-03,2020-06-10,sz.300251,2025-12-15 20:13:58.854189
-4.0607514,2020-06-04,2020-06-11,sz.300251,2025-12-15 20:13:58.854189
-4.173902,2020-06-05,2020-06-12,sz.300251,2025-12-15 20:13:58.854189
-4.168594,2020-06-08,2020-06-15,sz.300251,2025-12-15 20:13:58.854189
-4.144378,2020-06-09,2020-06-16,sz.300251,2025-12-15 20:13:58.854189
-4.1755934,2020-06-10,2020-06-17,sz.300251,2025-12-15 20:13:58.854189
-4.004231,2020-06-11,2020-06-18,sz.300251,2025-12-15 20:13:58.854189
-4.075203,2020-06-12,2020-06-19,sz.300251,2025-12-15 20:13:58.854189
-4.0452647,2020-06-15,2020-06-22,sz.300251,2025-12-15 20:13:58.854189
-3.993315,2020-06-16,2020-06-23,sz.300251,2025-12-15 20:13:58.854189
-4.0767074,2020-06-17,2020-06-24,sz.300251,2025-12-15 20:13:58.854189
-4.035685,2020-06-18,2020-06-25,sz.300251,2025-12-15 20:13:58.854189
-4.0093927,2020-06-19,2020-06-26,sz.300251,2025-12-15 20:13:58.854189
-4.030434,2020-06-22,2020-06-29,sz.300251,2025-12-15 20:13:58.854189
-4.083099,2020-06-23,2020-06-30,sz.300251,2025-12-15 20:13:58.854189
-4.0739875,2020-06-24,2020-07-01,sz.300251,2025-12-15 20:13:58.854189
-3.9508445,2020-06-29,2020-07-06,sz.300251,2025-12-15 20:13:58.854189
-4.0053387,2020-06-30,2020-07-07,sz.300251,2025-12-15 20:13:58.854189
-4.031923,2020-07-01,2020-07-08,sz.300251,2025-12-15 20:13:58.854189
-4.0815306,2020-07-02,2020-07-09,sz.300251,2025-12-15 20:13:58.854189
-4.1459403,2020-07-03,2020-07-10,sz.300251,2025-12-15 20:13:58.854189
-4.2098207,2020-07-06,2020-07-13,sz.300251,2025-12-15 20:13:58.854189
-4.1341615,2020-07-07,2020-07-14,sz.300251,2025-12-15 20:13:58.854189
-4.1585674,2020-07-08,2020-07-15,sz.300251,2025-12-15 20:13:58.854189
-4.1534057,2020-07-09,2020-07-16,sz.300251,2025-12-15 20:13:58.854189
-4.3469434,2020-07-10,2020-07-17,sz.300251,2025-12-15 20:13:58.854189
-4.2623916,2020-07-13,2020-07-20,sz.300251,2025-12-15 20:13:58.854189
-4.191243,2020-07-14,2020-07-21,sz.300251,2025-12-15 20:13:58.854189
-4.0233703,2020-07-15,2020-07-22,sz.300251,2025-12-15 20:13:58.854189
-3.355653,2020-07-16,2020-07-23,sz.300251,2025-12-15 20:13:58.854189
-4.396252,2020-07-17,2020-07-24,sz.300251,2025-12-15 20:13:58.854189
-4.3221874,2020-07-20,2020-07-27,sz.300251,2025-12-15 20:13:58.854189
-4.3957634,2020-07-21,2020-07-28,sz.300251,2025-12-15 20:13:58.854189
-4.5016894,2020-07-22,2020-07-29,sz.300251,2025-12-15 20:13:58.854189
-4.4302726,2020-07-23,2020-07-30,sz.300251,2025-12-15 20:13:58.854189
-4.459519,2020-07-24,2020-07-31,sz.300251,2025-12-15 20:13:58.854189
-4.648195,2020-07-27,2020-08-03,sz.300251,2025-12-15 20:13:58.854189
-4.6956725,2020-07-28,2020-08-04,sz.300251,2025-12-15 20:13:58.854189
-4.7767572,2020-07-29,2020-08-05,sz.300251,2025-12-15 20:13:58.854189
-4.206614,2020-07-30,2020-08-06,sz.300251,2025-12-15 20:13:58.854189
-4.5456023,2020-07-31,2020-08-07,sz.300251,2025-12-15 20:13:58.854189
-4.835022,2020-08-03,2020-08-10,sz.300251,2025-12-15 20:13:58.854189
-4.657884,2020-08-04,2020-08-11,sz.300251,2025-12-15 20:13:58.854189
-4.9638205,2020-08-05,2020-08-12,sz.300251,2025-12-15 20:13:58.854189
-4.9229636,2020-08-06,2020-08-13,sz.300251,2025-12-15 20:13:58.854189
-4.767786,2020-08-07,2020-08-14,sz.300251,2025-12-15 20:13:58.854189
-4.9487844,2020-08-10,2020-08-17,sz.300251,2025-12-15 20:13:58.854189
-5.035354,2020-08-11,2020-08-18,sz.300251,2025-12-15 20:13:58.854189
-5.3604074,2020-08-12,2020-08-19,sz.300251,2025-12-15 20:13:58.854189
-5.3803344,2020-08-13,2020-08-20,sz.300251,2025-12-15 20:13:58.854189
-5.270559,2020-08-14,2020-08-21,sz.300251,2025-12-15 20:13:58.854189
-5.0162234,2020-08-17,2020-08-24,sz.300251,2025-12-15 20:13:58.854189
-5.348557,2020-08-18,2020-08-25,sz.300251,2025-12-15 20:13:58.854189
-5.6104403,2020-08-19,2020-08-26,sz.300251,2025-12-15 20:13:58.854189
-5.5852103,2020-08-20,2020-08-27,sz.300251,2025-12-15 20:13:58.854189
-5.5879664,2020-08-21,2020-08-28,sz.300251,2025-12-15 20:13:58.854189
-5.267567,2020-08-24,2020-08-31,sz.300251,2025-12-15 20:13:58.854189
-5.391602,2020-08-25,2020-09-01,sz.300251,2025-12-15 20:13:58.854189
-4.945497,2020-08-26,2020-09-02,sz.300251,2025-12-15 20:13:58.854189
-5.0070295,2020-08-27,2020-09-03,sz.300251,2025-12-15 20:13:58.854189
-5.2191367,2020-08-28,2020-09-04,sz.300251,2025-12-15 20:13:58.854189
-5.1961455,2020-08-31,2020-09-07,sz.300251,2025-12-15 20:13:58.854189
-5.0995803,2020-09-01,2020-09-08,sz.300251,2025-12-15 20:13:58.854189
-5.2119293,2020-09-02,2020-09-09,sz.300251,2025-12-15 20:13:58.854189
-5.067499,2020-09-03,2020-09-10,sz.300251,2025-12-15 20:13:58.854189
-4.9857144,2020-09-04,2020-09-11,sz.300251,2025-12-15 20:13:58.854189
-4.6375203,2020-09-07,2020-09-14,sz.300251,2025-12-15 20:13:58.854189
-4.972218,2020-09-08,2020-09-15,sz.300251,2025-12-15 20:13:58.854189
-4.7820487,2020-09-09,2020-09-16,sz.300251,2025-12-15 20:13:58.854189
-4.76445,2020-09-10,2020-09-17,sz.300251,2025-12-15 20:13:58.854189
-5.0424204,2020-09-11,2020-09-18,sz.300251,2025-12-15 20:13:58.854189
-4.832055,2020-09-14,2020-09-21,sz.300251,2025-12-15 20:13:58.854189
-4.6450095,2020-09-15,2020-09-22,sz.300251,2025-12-15 20:13:58.854189
-4.6942506,2020-09-16,2020-09-23,sz.300251,2025-12-15 20:13:58.854189
-4.524032,2020-09-17,2020-09-24,sz.300251,2025-12-15 20:13:58.854189
-4.7689357,2020-09-18,2020-09-25,sz.300251,2025-12-15 20:13:58.854189
-4.698706,2020-09-21,2020-09-28,sz.300251,2025-12-15 20:13:58.854189
-4.4981794,2020-09-22,2020-09-29,sz.300251,2025-12-15 20:13:58.854189
-4.4845557,2020-09-23,2020-09-30,sz.300251,2025-12-15 20:13:58.854189
-4.612282,2020-09-24,2020-10-01,sz.300251,2025-12-15 20:13:58.854189
-4.4841876,2020-09-25,2020-10-02,sz.300251,2025-12-15 20:13:58.854189
-4.5962825,2020-09-28,2020-10-05,sz.300251,2025-12-15 20:13:58.854189
-4.383057,2020-09-29,2020-10-06,sz.300251,2025-12-15 20:13:58.854189
-4.513719,2020-09-30,2020-10-07,sz.300251,2025-12-15 20:13:58.854189
-4.0994635,2020-10-09,2020-10-16,sz.300251,2025-12-15 20:13:58.854189
-4.4951963,2020-10-12,2020-10-19,sz.300251,2025-12-15 20:13:58.854189
-4.2115374,2020-10-13,2020-10-20,sz.300251,2025-12-15 20:13:58.854189
-4.323397,2020-10-14,2020-10-21,sz.300251,2025-12-15 20:13:58.854189
-4.2681136,2020-10-15,2020-10-22,sz.300251,2025-12-15 20:13:58.854189
-4.2650948,2020-10-16,2020-10-23,sz.300251,2025-12-15 20:13:58.854189
-4.2815757,2020-10-19,2020-10-26,sz.300251,2025-12-15 20:13:58.854189
-4.3361955,2020-10-20,2020-10-27,sz.300251,2025-12-15 20:13:58.854189
-4.363686,2020-10-21,2020-10-28,sz.300251,2025-12-15 20:13:58.854189
-4.248634,2020-10-22,2020-10-29,sz.300251,2025-12-15 20:13:58.854189
-4.22574,2020-10-23,2020-10-30,sz.300251,2025-12-15 20:13:58.854189
-4.0297484,2020-10-26,2020-11-02,sz.300251,2025-12-15 20:13:58.854189
-4.2374797,2020-10-27,2020-11-03,sz.300251,2025-12-15 20:13:58.854189
-4.2128377,2020-10-28,2020-11-04,sz.300251,2025-12-15 20:13:58.854189
-4.1956296,2020-10-29,2020-11-05,sz.300251,2025-12-15 20:13:58.854189
-4.165418,2020-10-30,2020-11-06,sz.300251,2025-12-15 20:13:58.854189
-4.0937676,2020-11-02,2020-11-09,sz.300251,2025-12-15 20:13:58.854189
-4.0526824,2020-11-03,2020-11-10,sz.300251,2025-12-15 20:13:58.854189
-3.9661672,2020-11-04,2020-11-11,sz.300251,2025-12-15 20:13:58.854189
-4.0702815,2020-11-05,2020-11-12,sz.300251,2025-12-15 20:13:58.854189
-3.8789823,2020-11-06,2020-11-13,sz.300251,2025-12-15 20:13:58.854189
-4.101155,2020-11-09,2020-11-16,sz.300251,2025-12-15 20:13:58.854189
-3.95516,2020-11-10,2020-11-17,sz.300251,2025-12-15 20:13:58.854189
-3.8774045,2020-11-11,2020-11-18,sz.300251,2025-12-15 20:13:58.854189
-4.0265956,2020-11-12,2020-11-19,sz.300251,2025-12-15 20:13:58.854189
-4.032231,2020-11-13,2020-11-20,sz.300251,2025-12-15 20:13:58.854189
-3.9967115,2020-11-16,2020-11-23,sz.300251,2025-12-15 20:13:58.854189
-3.9654791,2020-11-17,2020-11-24,sz.300251,2025-12-15 20:13:58.854189
-3.9913404,2020-11-18,2020-11-25,sz.300251,2025-12-15 20:13:58.854189
-4.030949,2020-11-19,2020-11-26,sz.300251,2025-12-15 20:13:58.854189
-4.0925937,2020-11-20,2020-11-27,sz.300251,2025-12-15 20:13:58.854189
-4.107898,2020-11-23,2020-11-30,sz.300251,2025-12-15 20:13:58.854189
-4.121246,2020-11-24,2020-12-01,sz.300251,2025-12-15 20:13:58.854189
-3.994305,2020-11-25,2020-12-02,sz.300251,2025-12-15 20:13:58.854189
-4.12266,2020-11-26,2020-12-03,sz.300251,2025-12-15 20:13:58.854189
-4.101288,2020-11-27,2020-12-04,sz.300251,2025-12-15 20:13:58.854189
-4.2318044,2020-11-30,2020-12-07,sz.300251,2025-12-15 20:13:58.854189
-4.214257,2020-12-01,2020-12-08,sz.300251,2025-12-15 20:13:58.854189
-4.2471766,2020-12-02,2020-12-09,sz.300251,2025-12-15 20:13:58.854189
-4.164536,2020-12-03,2020-12-10,sz.300251,2025-12-15 20:13:58.854189
-4.2258573,2020-12-04,2020-12-11,sz.300251,2025-12-15 20:13:58.854189
-4.2472916,2020-12-07,2020-12-14,sz.300251,2025-12-15 20:13:58.854189
-4.323097,2020-12-08,2020-12-15,sz.300251,2025-12-15 20:13:58.854189
-4.142175,2020-12-09,2020-12-16,sz.300251,2025-12-15 20:13:58.854189
-4.219556,2020-12-10,2020-12-17,sz.300251,2025-12-15 20:13:58.854189
-4.0533504,2020-12-11,2020-12-18,sz.300251,2025-12-15 20:13:58.854189
-4.1638227,2020-12-14,2020-12-21,sz.300251,2025-12-15 20:13:58.854189
-4.1665425,2020-12-15,2020-12-22,sz.300251,2025-12-15 20:13:58.854189
-4.396092,2020-12-16,2020-12-23,sz.300251,2025-12-15 20:13:58.854189
-4.3363366,2020-12-17,2020-12-24,sz.300251,2025-12-15 20:13:58.854189
-4.3757367,2020-12-18,2020-12-25,sz.300251,2025-12-15 20:13:58.854189
-4.3885474,2020-12-21,2020-12-28,sz.300251,2025-12-15 20:13:58.854189
-4.0611286,2020-12-22,2020-12-29,sz.300251,2025-12-15 20:13:58.854189
-4.213207,2020-12-23,2020-12-30,sz.300251,2025-12-15 20:13:58.854189
-4.278332,2020-12-24,2020-12-31,sz.300251,2025-12-15 20:13:58.854189
-4.2881355,2020-12-25,2021-01-01,sz.300251,2025-12-15 20:13:58.854189
-4.1173453,2020-12-28,2021-01-04,sz.300251,2025-12-15 20:13:58.854189
-4.130714,2020-12-29,2021-01-05,sz.300251,2025-12-15 20:13:58.854189
-4.328481,2020-12-30,2021-01-06,sz.300251,2025-12-15 20:13:58.854189
-4.331596,2020-12-31,2021-01-07,sz.300251,2025-12-15 20:13:58.854189
-4.4241605,2021-01-04,2021-01-11,sz.300251,2025-12-15 20:13:58.854189
-4.4766927,2021-01-05,2021-01-12,sz.300251,2025-12-15 20:13:58.854189
-4.2802024,2021-01-06,2021-01-13,sz.300251,2025-12-15 20:13:58.854189
-4.277872,2021-01-07,2021-01-14,sz.300251,2025-12-15 20:13:58.854189
-4.3424864,2021-01-08,2021-01-15,sz.300251,2025-12-15 20:13:58.854189
-4.415423,2021-01-11,2021-01-18,sz.300251,2025-12-15 20:13:58.854189
-4.310081,2021-01-12,2021-01-19,sz.300251,2025-12-15 20:13:58.854189
-4.450504,2021-01-13,2021-01-20,sz.300251,2025-12-15 20:13:58.854189
-4.195663,2021-01-14,2021-01-21,sz.300251,2025-12-15 20:13:58.854189
-4.189584,2021-01-15,2021-01-22,sz.300251,2025-12-15 20:13:58.854189
-4.2454257,2021-01-18,2021-01-25,sz.300251,2025-12-15 20:13:58.854189
-4.320573,2021-01-19,2021-01-26,sz.300251,2025-12-15 20:13:58.854189
-4.408117,2021-01-20,2021-01-27,sz.300251,2025-12-15 20:13:58.854189
-4.4084287,2021-01-21,2021-01-28,sz.300251,2025-12-15 20:13:58.854189
-4.28453,2021-01-22,2021-01-29,sz.300251,2025-12-15 20:13:58.854189
-4.084662,2021-01-25,2021-02-01,sz.300251,2025-12-15 20:13:58.854189
-4.1598625,2021-01-26,2021-02-02,sz.300251,2025-12-15 20:13:58.854189
-4.340279,2021-01-27,2021-02-03,sz.300251,2025-12-15 20:13:58.854189
-4.0984373,2021-01-28,2021-02-04,sz.300251,2025-12-15 20:13:58.854189
-4.3028173,2021-01-29,2021-02-05,sz.300251,2025-12-15 20:13:58.854189
-4.4547243,2021-02-01,2021-02-08,sz.300251,2025-12-15 20:13:58.854189
-4.3766217,2021-02-02,2021-02-09,sz.300251,2025-12-15 20:13:58.854189
-4.1603184,2021-02-03,2021-02-10,sz.300251,2025-12-15 20:13:58.854189
-4.3309073,2021-02-04,2021-02-11,sz.300251,2025-12-15 20:13:58.854189
-4.1148705,2021-02-05,2021-02-12,sz.300251,2025-12-15 20:13:58.854189
-4.298886,2021-02-08,2021-02-15,sz.300251,2025-12-15 20:13:58.854189
-4.501,2021-02-09,2021-02-16,sz.300251,2025-12-15 20:13:58.854189
-4.3933105,2021-02-10,2021-02-17,sz.300251,2025-12-15 20:13:58.854189
-4.4243617,2021-02-18,2021-02-25,sz.300251,2025-12-15 20:13:58.854189
-4.3604326,2021-02-19,2021-02-26,sz.300251,2025-12-15 20:13:58.854189
-4.3711324,2021-02-22,2021-03-01,sz.300251,2025-12-15 20:13:58.854189
-4.222838,2021-02-23,2021-03-02,sz.300251,2025-12-15 20:13:58.854189
-4.3666563,2021-02-24,2021-03-03,sz.300251,2025-12-15 20:13:58.854189
-4.338389,2021-02-25,2021-03-04,sz.300251,2025-12-15 20:13:58.854189
-4.3015995,2021-02-26,2021-03-05,sz.300251,2025-12-15 20:13:58.854189
-4.230442,2021-03-01,2021-03-08,sz.300251,2025-12-15 20:13:58.854189
-4.1057005,2021-03-02,2021-03-09,sz.300251,2025-12-15 20:13:58.854189
-4.2303247,2021-03-03,2021-03-10,sz.300251,2025-12-15 20:13:58.854189
-4.13658,2021-03-04,2021-03-11,sz.300251,2025-12-15 20:13:58.854189
-4.2695775,2021-03-05,2021-03-12,sz.300251,2025-12-15 20:13:58.854189
-4.0899076,2021-03-08,2021-03-15,sz.300251,2025-12-15 20:13:58.854189
-4.1112914,2021-03-09,2021-03-16,sz.300251,2025-12-15 20:13:58.854189
-4.0427427,2021-03-10,2021-03-17,sz.300251,2025-12-15 20:13:58.854189
-4.128506,2021-03-11,2021-03-18,sz.300251,2025-12-15 20:13:58.854189
-4.07326,2021-03-12,2021-03-19,sz.300251,2025-12-15 20:13:58.854189
-4.0891724,2021-03-15,2021-03-22,sz.300251,2025-12-15 20:13:58.854189
-4.2420697,2021-03-16,2021-03-23,sz.300251,2025-12-15 20:13:58.854189
-4.163264,2021-03-17,2021-03-24,sz.300251,2025-12-15 20:13:58.854189
-4.1482706,2021-03-18,2021-03-25,sz.300251,2025-12-15 20:13:58.854189
-4.2756343,2021-03-19,2021-03-26,sz.300251,2025-12-15 20:13:58.854189
-4.2791963,2021-03-22,2021-03-29,sz.300251,2025-12-15 20:13:58.854189
-4.3144855,2021-03-23,2021-03-30,sz.300251,2025-12-15 20:13:58.854189
-4.248731,2021-03-24,2021-03-31,sz.300251,2025-12-15 20:13:58.854189
-4.179524,2021-03-25,2021-04-01,sz.300251,2025-12-15 20:13:58.854189
-4.292662,2021-03-26,2021-04-02,sz.300251,2025-12-15 20:13:58.854189
-4.3272085,2021-03-29,2021-04-05,sz.300251,2025-12-15 20:13:58.854189
-4.321014,2021-03-30,2021-04-06,sz.300251,2025-12-15 20:13:58.854189
-4.3837323,2021-03-31,2021-04-07,sz.300251,2025-12-15 20:13:58.854189
-4.3585057,2021-04-01,2021-04-08,sz.300251,2025-12-15 20:13:58.854189
-4.3201485,2021-04-02,2021-04-09,sz.300251,2025-12-15 20:13:58.854189
-4.2816234,2021-04-06,2021-04-13,sz.300251,2025-12-15 20:13:58.854189
-4.3265004,2021-04-07,2021-04-14,sz.300251,2025-12-15 20:13:58.854189
-4.2927117,2021-04-08,2021-04-15,sz.300251,2025-12-15 20:13:58.854189
-4.4069734,2021-04-09,2021-04-16,sz.300251,2025-12-15 20:13:58.854189
-4.29954,2021-04-12,2021-04-19,sz.300251,2025-12-15 20:13:58.854189
-4.234171,2021-04-13,2021-04-20,sz.300251,2025-12-15 20:13:58.854189
-4.2719474,2021-04-14,2021-04-21,sz.300251,2025-12-15 20:13:58.854189
-4.3469114,2021-04-15,2021-04-22,sz.300251,2025-12-15 20:13:58.854189
-4.3468957,2021-04-16,2021-04-23,sz.300251,2025-12-15 20:13:58.854189
-4.288442,2021-04-19,2021-04-26,sz.300251,2025-12-15 20:13:58.854189
-4.2840495,2021-04-20,2021-04-27,sz.300251,2025-12-15 20:13:58.854189
-4.3149095,2021-04-21,2021-04-28,sz.300251,2025-12-15 20:13:58.854189
-4.281734,2021-04-22,2021-04-29,sz.300251,2025-12-15 20:13:58.854189
-4.27752,2021-04-23,2021-04-30,sz.300251,2025-12-15 20:13:58.854189
-3.8783019,2021-04-26,2021-05-03,sz.300251,2025-12-15 20:13:58.854189
-4.070062,2021-04-27,2021-05-04,sz.300251,2025-12-15 20:13:58.854189
-4.137138,2021-04-28,2021-05-05,sz.300251,2025-12-15 20:13:58.854189
-4.3147407,2021-04-29,2021-05-06,sz.300251,2025-12-15 20:13:58.854189
-4.2990594,2021-04-30,2021-05-07,sz.300251,2025-12-15 20:13:58.854189
-4.228552,2021-05-06,2021-05-13,sz.300251,2025-12-15 20:13:58.854189
-3.9138172,2021-05-07,2021-05-14,sz.300251,2025-12-15 20:13:58.854189
-3.9531815,2021-05-10,2021-05-17,sz.300251,2025-12-15 20:13:58.854189
-4.039513,2021-05-11,2021-05-18,sz.300251,2025-12-15 20:13:58.854189
-4.1092343,2021-05-12,2021-05-19,sz.300251,2025-12-15 20:13:58.854189
-4.1080647,2021-05-13,2021-05-20,sz.300251,2025-12-15 20:13:58.854189
-4.0411916,2021-05-14,2021-05-21,sz.300251,2025-12-15 20:13:58.854189
-4.060977,2021-05-17,2021-05-24,sz.300251,2025-12-15 20:13:58.854189
-4.1766105,2021-05-18,2021-05-25,sz.300251,2025-12-15 20:13:58.854189
-4.5625973,2021-05-19,2021-05-26,sz.300251,2025-12-15 20:13:58.854189
-4.539827,2021-05-20,2021-05-27,sz.300251,2025-12-15 20:13:58.854189
-4.389876,2021-05-21,2021-05-28,sz.300251,2025-12-15 20:13:58.854189
-4.3495293,2021-05-24,2021-05-31,sz.300251,2025-12-15 20:13:58.854189
-4.498421,2021-05-25,2021-06-01,sz.300251,2025-12-15 20:13:58.854189
-4.5055428,2021-05-26,2021-06-02,sz.300251,2025-12-15 20:13:58.854189
-4.493097,2021-05-27,2021-06-03,sz.300251,2025-12-15 20:13:58.854189
-4.5049257,2021-05-28,2021-06-04,sz.300251,2025-12-15 20:13:58.854189
-4.4793315,2021-05-31,2021-06-07,sz.300251,2025-12-15 20:13:58.854189
-4.472332,2021-06-01,2021-06-08,sz.300251,2025-12-15 20:13:58.854189
-4.3589406,2021-06-02,2021-06-09,sz.300251,2025-12-15 20:13:58.854189
-4.351771,2021-06-03,2021-06-10,sz.300251,2025-12-15 20:13:58.854189
-4.404363,2021-06-04,2021-06-11,sz.300251,2025-12-15 20:13:58.854189
-4.487142,2021-06-07,2021-06-14,sz.300251,2025-12-15 20:13:58.854189
-4.4120436,2021-06-08,2021-06-15,sz.300251,2025-12-15 20:13:58.854189
-4.293756,2021-06-09,2021-06-16,sz.300251,2025-12-15 20:13:58.854189
-4.0850787,2021-06-10,2021-06-17,sz.300251,2025-12-15 20:13:58.854189
-3.907997,2021-06-11,2021-06-18,sz.300251,2025-12-15 20:13:58.854189
-4.0437655,2021-06-15,2021-06-22,sz.300251,2025-12-15 20:13:58.854189
-4.1319823,2021-06-16,2021-06-23,sz.300251,2025-12-15 20:13:58.854189
-4.128256,2021-06-17,2021-06-24,sz.300251,2025-12-15 20:13:58.854189
-4.161799,2021-06-18,2021-06-25,sz.300251,2025-12-15 20:13:58.854189
-4.0100617,2021-06-21,2021-06-28,sz.300251,2025-12-15 20:13:58.854189
-3.9830215,2021-06-22,2021-06-29,sz.300251,2025-12-15 20:13:58.854189
-3.9290364,2021-06-23,2021-06-30,sz.300251,2025-12-15 20:13:58.854189
-3.8594162,2021-06-24,2021-07-01,sz.300251,2025-12-15 20:13:58.854189
-3.7956865,2021-06-25,2021-07-02,sz.300251,2025-12-15 20:13:58.854189
-3.7012167,2021-06-28,2021-07-05,sz.300251,2025-12-15 20:13:58.854189
-3.6896448,2021-06-29,2021-07-06,sz.300251,2025-12-15 20:13:58.854189
-3.8290417,2021-06-30,2021-07-07,sz.300251,2025-12-15 20:13:58.854189
-3.8721087,2021-07-01,2021-07-08,sz.300251,2025-12-15 20:13:58.854189
-3.6638324,2021-07-02,2021-07-09,sz.300251,2025-12-15 20:13:58.854189
-3.996864,2021-07-05,2021-07-12,sz.300251,2025-12-15 20:13:58.854189
-3.788703,2021-07-06,2021-07-13,sz.300251,2025-12-15 20:13:58.854189
-3.7039917,2021-07-07,2021-07-14,sz.300251,2025-12-15 20:13:58.854189
-3.7181761,2021-07-08,2021-07-15,sz.300251,2025-12-15 20:13:58.854189
-3.8290522,2021-07-09,2021-07-16,sz.300251,2025-12-15 20:13:58.854189
-3.8030288,2021-07-12,2021-07-19,sz.300251,2025-12-15 20:13:58.854189
-4.010929,2021-07-13,2021-07-20,sz.300251,2025-12-15 20:13:58.854189
-4.088224,2021-07-14,2021-07-21,sz.300251,2025-12-15 20:13:58.854189
-3.8127716,2021-07-15,2021-07-22,sz.300251,2025-12-15 20:13:58.854189
-3.9086182,2021-07-16,2021-07-23,sz.300251,2025-12-15 20:13:58.854189
-4.033288,2021-07-19,2021-07-26,sz.300251,2025-12-15 20:13:58.854189
-3.9836028,2021-07-20,2021-07-27,sz.300251,2025-12-15 20:13:58.854189
-3.995219,2021-07-21,2021-07-28,sz.300251,2025-12-15 20:13:58.854189
-3.909674,2021-07-22,2021-07-29,sz.300251,2025-12-15 20:13:58.854189
-3.7595446,2021-07-23,2021-07-30,sz.300251,2025-12-15 20:13:58.854189
-3.6934414,2021-07-26,2021-08-02,sz.300251,2025-12-15 20:13:58.854189
-3.8261483,2021-07-27,2021-08-03,sz.300251,2025-12-15 20:13:58.854189
-3.7367437,2021-07-28,2021-08-04,sz.300251,2025-12-15 20:13:58.854189
-3.8390634,2021-07-29,2021-08-05,sz.300251,2025-12-15 20:13:58.854189
-3.7932584,2021-07-30,2021-08-06,sz.300251,2025-12-15 20:13:58.854189
-3.8001359,2021-08-02,2021-08-09,sz.300251,2025-12-15 20:13:58.854189
-3.8730757,2021-08-03,2021-08-10,sz.300251,2025-12-15 20:13:58.854189
-3.8966312,2021-08-04,2021-08-11,sz.300251,2025-12-15 20:13:58.854189
-3.8900898,2021-08-05,2021-08-12,sz.300251,2025-12-15 20:13:58.854189
-3.9680512,2021-08-06,2021-08-13,sz.300251,2025-12-15 20:13:58.854189
-4.003752,2021-08-09,2021-08-16,sz.300251,2025-12-15 20:13:58.854189
-3.9882166,2021-08-10,2021-08-17,sz.300251,2025-12-15 20:13:58.854189
-3.9846437,2021-08-11,2021-08-18,sz.300251,2025-12-15 20:13:58.854189
-3.9836872,2021-08-12,2021-08-19,sz.300251,2025-12-15 20:13:58.854189
-4.0294414,2021-08-13,2021-08-20,sz.300251,2025-12-15 20:13:58.854189
-4.0816283,2021-08-16,2021-08-23,sz.300251,2025-12-15 20:13:58.854189
-4.069519,2021-08-17,2021-08-24,sz.300251,2025-12-15 20:13:58.854189
-4.113193,2021-08-18,2021-08-25,sz.300251,2025-12-15 20:13:58.854189
-4.142958,2021-08-19,2021-08-26,sz.300251,2025-12-15 20:13:58.854189
-4.1855087,2021-08-20,2021-08-27,sz.300251,2025-12-15 20:13:58.854189
-4.21723,2021-08-23,2021-08-30,sz.300251,2025-12-15 20:13:58.854189
-4.281398,2021-08-24,2021-08-31,sz.300251,2025-12-15 20:13:58.854189
-4.2333255,2021-08-25,2021-09-01,sz.300251,2025-12-15 20:13:58.854189
-4.0843725,2021-08-26,2021-09-02,sz.300251,2025-12-15 20:13:58.854189
-4.031491,2021-08-27,2021-09-03,sz.300251,2025-12-15 20:13:58.854189
-4.1271043,2021-08-30,2021-09-06,sz.300251,2025-12-15 20:13:58.854189
-4.300775,2021-08-31,2021-09-07,sz.300251,2025-12-15 20:13:58.854189
-4.1773453,2021-09-01,2021-09-08,sz.300251,2025-12-15 20:13:58.854189
-4.158771,2021-09-02,2021-09-09,sz.300251,2025-12-15 20:13:58.854189
-4.194199,2021-09-03,2021-09-10,sz.300251,2025-12-15 20:13:58.854189
-4.176912,2021-09-06,2021-09-13,sz.300251,2025-12-15 20:13:58.854189
-4.261623,2021-09-07,2021-09-14,sz.300251,2025-12-15 20:13:58.854189
-4.0314817,2021-09-08,2021-09-15,sz.300251,2025-12-15 20:13:58.854189
-4.1827316,2021-09-09,2021-09-16,sz.300251,2025-12-15 20:13:58.854189
-3.6336203,2021-09-10,2021-09-17,sz.300251,2025-12-15 20:13:58.854189
-3.8500605,2021-09-13,2021-09-20,sz.300251,2025-12-15 20:13:58.854189
-3.6769001,2021-09-14,2021-09-21,sz.300251,2025-12-15 20:13:58.854189
-3.9421089,2021-09-15,2021-09-22,sz.300251,2025-12-15 20:13:58.854189
-3.8315747,2021-09-16,2021-09-23,sz.300251,2025-12-15 20:13:58.854189
-3.952237,2021-09-17,2021-09-24,sz.300251,2025-12-15 20:13:58.854189
-3.6307209,2021-09-22,2021-09-29,sz.300251,2025-12-15 20:13:58.854189
-3.9725964,2021-09-23,2021-09-30,sz.300251,2025-12-15 20:13:58.854189
-4.0503383,2021-09-24,2021-10-01,sz.300251,2025-12-15 20:13:58.854189
-3.7860851,2021-09-27,2021-10-04,sz.300251,2025-12-15 20:13:58.854189
-3.7558477,2021-09-28,2021-10-05,sz.300251,2025-12-15 20:13:58.854189
-3.5400016,2021-09-29,2021-10-06,sz.300251,2025-12-15 20:13:58.854189
-3.8386793,2021-09-30,2021-10-07,sz.300251,2025-12-15 20:13:58.854189
-3.4596941,2021-10-08,2021-10-15,sz.300251,2025-12-15 20:13:58.854189
-3.5214298,2021-10-11,2021-10-18,sz.300251,2025-12-15 20:13:58.854189
-3.6160505,2021-10-12,2021-10-19,sz.300251,2025-12-15 20:13:58.854189
-3.7680197,2021-10-13,2021-10-20,sz.300251,2025-12-15 20:13:58.854189
-3.771219,2021-10-14,2021-10-21,sz.300251,2025-12-15 20:13:58.854189
-3.9494321,2021-10-15,2021-10-22,sz.300251,2025-12-15 20:13:58.854189
-3.8040483,2021-10-18,2021-10-25,sz.300251,2025-12-15 20:13:58.854189
-3.4999752,2021-10-19,2021-10-26,sz.300251,2025-12-15 20:13:58.854189
-3.7896144,2021-10-20,2021-10-27,sz.300251,2025-12-15 20:13:58.854189
-3.4739072,2021-10-21,2021-10-28,sz.300251,2025-12-15 20:13:58.854189
-3.4651666,2021-10-22,2021-10-29,sz.300251,2025-12-15 20:13:58.854189
-3.3117158,2021-10-25,2021-11-01,sz.300251,2025-12-15 20:13:58.854189
-3.4720829,2021-10-26,2021-11-02,sz.300251,2025-12-15 20:13:58.854189
-3.3422377,2021-10-27,2021-11-03,sz.300251,2025-12-15 20:13:58.854189
-3.355953,2021-10-28,2021-11-04,sz.300251,2025-12-15 20:13:58.854189
-3.4800127,2021-10-29,2021-11-05,sz.300251,2025-12-15 20:13:58.854189
-3.546213,2021-11-01,2021-11-08,sz.300251,2025-12-15 20:13:58.854189
-3.6948864,2021-11-02,2021-11-09,sz.300251,2025-12-15 20:13:58.854189
-3.786245,2021-11-03,2021-11-10,sz.300251,2025-12-15 20:13:58.854189
-3.7610157,2021-11-04,2021-11-11,sz.300251,2025-12-15 20:13:58.854189
-3.6805127,2021-11-05,2021-11-12,sz.300251,2025-12-15 20:13:58.854189
-3.6937492,2021-11-08,2021-11-15,sz.300251,2025-12-15 20:13:58.854189
-3.7413929,2021-11-09,2021-11-16,sz.300251,2025-12-15 20:13:58.854189
-3.839259,2021-11-10,2021-11-17,sz.300251,2025-12-15 20:13:58.854189
-3.835985,2021-11-11,2021-11-18,sz.300251,2025-12-15 20:13:58.854189
-3.9416273,2021-11-12,2021-11-19,sz.300251,2025-12-15 20:13:58.854189
-3.8494065,2021-11-15,2021-11-22,sz.300251,2025-12-15 20:13:58.854189
-3.6734574,2021-11-16,2021-11-23,sz.300251,2025-12-15 20:13:58.854189
-3.6839569,2021-11-17,2021-11-24,sz.300251,2025-12-15 20:13:58.854189
-3.778319,2021-11-18,2021-11-25,sz.300251,2025-12-15 20:13:58.854189
-3.777974,2021-11-19,2021-11-26,sz.300251,2025-12-15 20:13:58.854189
-4.0139017,2021-11-22,2021-11-29,sz.300251,2025-12-15 20:13:58.854189
-3.9823625,2021-11-23,2021-11-30,sz.300251,2025-12-15 20:13:58.854189
-3.851722,2021-11-24,2021-12-01,sz.300251,2025-12-15 20:13:58.854189
-3.8064787,2021-11-25,2021-12-02,sz.300251,2025-12-15 20:13:58.854189
-3.8543847,2021-11-26,2021-12-03,sz.300251,2025-12-15 20:13:58.854189
-3.926749,2021-11-29,2021-12-06,sz.300251,2025-12-15 20:13:58.854189
-3.9782684,2021-11-30,2021-12-07,sz.300251,2025-12-15 20:13:58.854189
-3.9582999,2021-12-01,2021-12-08,sz.300251,2025-12-15 20:13:58.854189
-3.806575,2021-12-02,2021-12-09,sz.300251,2025-12-15 20:13:58.854189
-3.9262445,2021-12-03,2021-12-10,sz.300251,2025-12-15 20:13:58.854189
-3.970137,2021-12-06,2021-12-13,sz.300251,2025-12-15 20:13:58.854189
-4.0089517,2021-12-07,2021-12-14,sz.300251,2025-12-15 20:13:58.854189
-3.9608886,2021-12-08,2021-12-15,sz.300251,2025-12-15 20:13:58.854189
-3.9560788,2021-12-09,2021-12-16,sz.300251,2025-12-15 20:13:58.854189
-3.999603,2021-12-10,2021-12-17,sz.300251,2025-12-15 20:13:58.854189
-4.090699,2021-12-13,2021-12-20,sz.300251,2025-12-15 20:13:58.854189
-4.006943,2021-12-14,2021-12-21,sz.300251,2025-12-15 20:13:58.854189
-4.014582,2021-12-15,2021-12-22,sz.300251,2025-12-15 20:13:58.854189
-3.99808,2021-12-16,2021-12-23,sz.300251,2025-12-15 20:13:58.854189
-3.9638612,2021-12-17,2021-12-24,sz.300251,2025-12-15 20:13:58.854189
-3.9283302,2021-12-20,2021-12-27,sz.300251,2025-12-15 20:13:58.854189
-4.075875,2021-12-21,2021-12-28,sz.300251,2025-12-15 20:13:58.854189
-4.0865455,2021-12-22,2021-12-29,sz.300251,2025-12-15 20:13:58.854189
-3.9826744,2021-12-23,2021-12-30,sz.300251,2025-12-15 20:13:58.854189
-4.0722494,2021-12-24,2021-12-31,sz.300251,2025-12-15 20:13:58.854189
-3.6414795,2021-12-27,2022-01-03,sz.300251,2025-12-15 20:13:58.854189
-3.7906125,2021-12-28,2022-01-04,sz.300251,2025-12-15 20:13:58.854189
-3.9795735,2021-12-29,2022-01-05,sz.300251,2025-12-15 20:13:58.854189
-4.1162086,2021-12-30,2022-01-06,sz.300251,2025-12-15 20:13:58.854189
-4.144628,2021-12-31,2022-01-07,sz.300251,2025-12-15 20:13:58.854189
-4.1202574,2022-01-04,2022-01-11,sz.300251,2025-12-15 20:13:58.854189
-3.8815415,2022-01-05,2022-01-12,sz.300251,2025-12-15 20:13:58.854189
-3.7646573,2022-01-06,2022-01-13,sz.300251,2025-12-15 20:13:58.854189
-3.8120635,2022-01-07,2022-01-14,sz.300251,2025-12-15 20:13:58.854189
-4.0065923,2022-01-10,2022-01-17,sz.300251,2025-12-15 20:13:58.854189
-4.0189795,2022-01-11,2022-01-18,sz.300251,2025-12-15 20:13:58.854189
-4.110407,2022-01-12,2022-01-19,sz.300251,2025-12-15 20:13:58.854189
-4.067926,2022-01-13,2022-01-20,sz.300251,2025-12-15 20:13:58.854189
-4.0831056,2022-01-14,2022-01-21,sz.300251,2025-12-15 20:13:58.854189
-4.130161,2022-01-17,2022-01-24,sz.300251,2025-12-15 20:13:58.854189
-4.060545,2022-01-18,2022-01-25,sz.300251,2025-12-15 20:13:58.854189
-3.9930093,2022-01-19,2022-01-26,sz.300251,2025-12-15 20:13:58.854189
-4.058981,2022-01-20,2022-01-27,sz.300251,2025-12-15 20:13:58.854189
-4.041282,2022-01-21,2022-01-28,sz.300251,2025-12-15 20:13:58.854189
-3.9027026,2022-01-24,2022-01-31,sz.300251,2025-12-15 20:13:58.854189
-3.91548,2022-01-25,2022-02-01,sz.300251,2025-12-15 20:13:58.854189
-3.8924615,2022-01-26,2022-02-02,sz.300251,2025-12-15 20:13:58.854189
-3.874235,2022-01-27,2022-02-03,sz.300251,2025-12-15 20:13:58.854189
-3.9091718,2022-01-28,2022-02-04,sz.300251,2025-12-15 20:13:58.854189
-3.7669685,2022-02-07,2022-02-14,sz.300251,2025-12-15 20:13:58.854189
-3.8389385,2022-02-08,2022-02-15,sz.300251,2025-12-15 20:13:58.854189
-3.881819,2022-02-09,2022-02-16,sz.300251,2025-12-15 20:13:58.854189
-3.8302016,2022-02-10,2022-02-17,sz.300251,2025-12-15 20:13:58.854189
-3.6459837,2022-02-11,2022-02-18,sz.300251,2025-12-15 20:13:58.854189
-3.710229,2022-02-14,2022-02-21,sz.300251,2025-12-15 20:13:58.854189
-3.7026799,2022-02-15,2022-02-22,sz.300251,2025-12-15 20:13:58.854189
-3.8108144,2022-02-16,2022-02-23,sz.300251,2025-12-15 20:13:58.854189
-3.8301294,2022-02-17,2022-02-24,sz.300251,2025-12-15 20:13:58.854189
-3.9078267,2022-02-18,2022-02-25,sz.300251,2025-12-15 20:13:58.854189
-3.9610212,2022-02-21,2022-02-28,sz.300251,2025-12-15 20:13:58.854189
-3.830815,2022-02-22,2022-03-01,sz.300251,2025-12-15 20:13:58.854189
-3.9466636,2022-02-23,2022-03-02,sz.300251,2025-12-15 20:13:58.854189
-3.677554,2022-02-24,2022-03-03,sz.300251,2025-12-15 20:13:58.854189
-3.9155939,2022-02-25,2022-03-04,sz.300251,2025-12-15 20:13:58.854189
-4.056735,2022-02-28,2022-03-07,sz.300251,2025-12-15 20:13:58.854189
-4.0467935,2022-03-01,2022-03-08,sz.300251,2025-12-15 20:13:58.854189
-4.0564866,2022-03-02,2022-03-09,sz.300251,2025-12-15 20:13:58.854189
-4.0629926,2022-03-03,2022-03-10,sz.300251,2025-12-15 20:13:58.854189
-4.005654,2022-03-04,2022-03-11,sz.300251,2025-12-15 20:13:58.854189
-3.7560499,2022-03-07,2022-03-14,sz.300251,2025-12-15 20:13:58.854189
-3.8825634,2022-03-08,2022-03-15,sz.300251,2025-12-15 20:13:58.854189
-3.85026,2022-03-09,2022-03-16,sz.300251,2025-12-15 20:13:58.854189
-3.822889,2022-03-10,2022-03-17,sz.300251,2025-12-15 20:13:58.854189
-3.945505,2022-03-11,2022-03-18,sz.300251,2025-12-15 20:13:58.854189
-3.438625,2022-03-14,2022-03-21,sz.300251,2025-12-15 20:13:58.854189
-3.1134143,2022-03-15,2022-03-22,sz.300251,2025-12-15 20:13:58.854189
-3.5293941,2022-03-16,2022-03-23,sz.300251,2025-12-15 20:13:58.854189
-3.722386,2022-03-17,2022-03-24,sz.300251,2025-12-15 20:13:58.854189
-3.8319657,2022-03-18,2022-03-25,sz.300251,2025-12-15 20:13:58.854189
-3.779654,2022-03-21,2022-03-28,sz.300251,2025-12-15 20:13:58.854189
-3.756986,2022-03-22,2022-03-29,sz.300251,2025-12-15 20:13:58.854189
-3.705603,2022-03-23,2022-03-30,sz.300251,2025-12-15 20:13:58.854189
-3.605046,2022-03-24,2022-03-31,sz.300251,2025-12-15 20:13:58.854189
-3.6257007,2022-03-25,2022-04-01,sz.300251,2025-12-15 20:13:58.854189
-3.6636949,2022-03-28,2022-04-04,sz.300251,2025-12-15 20:13:58.854189
-3.6782105,2022-03-29,2022-04-05,sz.300251,2025-12-15 20:13:58.854189
-3.7822926,2022-03-30,2022-04-06,sz.300251,2025-12-15 20:13:58.854189
-3.6760204,2022-03-31,2022-04-07,sz.300251,2025-12-15 20:13:58.854189
-3.685755,2022-04-01,2022-04-08,sz.300251,2025-12-15 20:13:58.854189
-3.5313919,2022-04-06,2022-04-13,sz.300251,2025-12-15 20:13:58.854189
-3.2005084,2022-04-07,2022-04-14,sz.300251,2025-12-15 20:13:58.854189
-3.432837,2022-04-08,2022-04-15,sz.300251,2025-12-15 20:13:58.854189
-3.180043,2022-04-11,2022-04-18,sz.300251,2025-12-15 20:13:58.854189
-3.5604792,2022-04-12,2022-04-19,sz.300251,2025-12-15 20:13:58.854189
-3.5473955,2022-04-13,2022-04-20,sz.300251,2025-12-15 20:13:58.854189
-3.5450027,2022-04-14,2022-04-21,sz.300251,2025-12-15 20:13:58.854189
-3.4372633,2022-04-15,2022-04-22,sz.300251,2025-12-15 20:13:58.854189
-3.5483873,2022-04-18,2022-04-25,sz.300251,2025-12-15 20:13:58.854189
-3.6739156,2022-04-19,2022-04-26,sz.300251,2025-12-15 20:13:58.854189
-3.637317,2022-04-20,2022-04-27,sz.300251,2025-12-15 20:13:58.854189
-3.1149461,2022-04-21,2022-04-28,sz.300251,2025-12-15 20:13:58.854189
-3.128317,2022-04-22,2022-04-29,sz.300251,2025-12-15 20:13:58.854189
-3.3405583,2022-04-25,2022-05-02,sz.300251,2025-12-15 20:13:58.854189
-3.5140388,2022-04-26,2022-05-03,sz.300251,2025-12-15 20:13:58.854189
-3.378752,2022-04-27,2022-05-04,sz.300251,2025-12-15 20:13:58.854189
-3.3580258,2022-04-28,2022-05-05,sz.300251,2025-12-15 20:13:58.854189
-3.6199896,2022-04-29,2022-05-06,sz.300251,2025-12-15 20:13:58.854189
-3.5466607,2022-05-05,2022-05-12,sz.300251,2025-12-15 20:13:58.854189
-3.6954496,2022-05-06,2022-05-13,sz.300251,2025-12-15 20:13:58.854189
-3.763654,2022-05-09,2022-05-16,sz.300251,2025-12-15 20:13:58.854189
-3.83411,2022-05-10,2022-05-17,sz.300251,2025-12-15 20:13:58.854189
-3.7335951,2022-05-11,2022-05-18,sz.300251,2025-12-15 20:13:58.854189
-3.5248435,2022-05-12,2022-05-19,sz.300251,2025-12-15 20:13:58.854189
-3.6022074,2022-05-13,2022-05-20,sz.300251,2025-12-15 20:13:58.854189
-3.5929925,2022-05-16,2022-05-23,sz.300251,2025-12-15 20:13:58.854189
-3.601466,2022-05-17,2022-05-24,sz.300251,2025-12-15 20:13:58.854189
-3.5560224,2022-05-18,2022-05-25,sz.300251,2025-12-15 20:13:58.854189
-3.5064404,2022-05-19,2022-05-26,sz.300251,2025-12-15 20:13:58.854189
-3.4725845,2022-05-20,2022-05-27,sz.300251,2025-12-15 20:13:58.854189
-3.519744,2022-05-23,2022-05-30,sz.300251,2025-12-15 20:13:58.854189
-3.310325,2022-05-24,2022-05-31,sz.300251,2025-12-15 20:13:58.854189
-3.6919248,2022-05-25,2022-06-01,sz.300251,2025-12-15 20:13:58.854189
-3.6670587,2022-05-26,2022-06-02,sz.300251,2025-12-15 20:13:58.854189
-3.630154,2022-05-27,2022-06-03,sz.300251,2025-12-15 20:13:58.854189
-3.5783648,2022-05-30,2022-06-06,sz.300251,2025-12-15 20:13:58.854189
-3.6472094,2022-05-31,2022-06-07,sz.300251,2025-12-15 20:13:58.854189
-3.9135015,2022-06-01,2022-06-08,sz.300251,2025-12-15 20:13:58.854189
-4.2292953,2022-06-02,2022-06-09,sz.300251,2025-12-15 20:13:58.854189
-4.3557906,2022-06-06,2022-06-13,sz.300251,2025-12-15 20:13:58.854189
-4.416564,2022-06-07,2022-06-14,sz.300251,2025-12-15 20:13:58.854189
-4.333332,2022-06-08,2022-06-15,sz.300251,2025-12-15 20:13:58.854189
-4.184522,2022-06-09,2022-06-16,sz.300251,2025-12-15 20:13:58.854189
-4.480857,2022-06-10,2022-06-17,sz.300251,2025-12-15 20:13:58.854189
-4.538016,2022-06-13,2022-06-20,sz.300251,2025-12-15 20:13:58.854189
-4.4130006,2022-06-14,2022-06-21,sz.300251,2025-12-15 20:13:58.854189
-4.5346003,2022-06-15,2022-06-22,sz.300251,2025-12-15 20:13:58.854189
-4.4856763,2022-06-16,2022-06-23,sz.300251,2025-12-15 20:13:58.854189
-4.301022,2022-06-17,2022-06-24,sz.300251,2025-12-15 20:13:58.854189
-4.2571034,2022-06-20,2022-06-27,sz.300251,2025-12-15 20:13:58.854189
-4.2776666,2022-06-21,2022-06-28,sz.300251,2025-12-15 20:13:58.854189
-4.35496,2022-06-22,2022-06-29,sz.300251,2025-12-15 20:13:58.854189
-4.4429584,2022-06-23,2022-06-30,sz.300251,2025-12-15 20:13:58.854189
-4.3465896,2022-06-24,2022-07-01,sz.300251,2025-12-15 20:13:58.854189
-4.069347,2022-06-27,2022-07-04,sz.300251,2025-12-15 20:13:58.854189
-4.2587323,2022-06-28,2022-07-05,sz.300251,2025-12-15 20:13:58.854189
-4.143427,2022-06-29,2022-07-06,sz.300251,2025-12-15 20:13:58.854189
-4.259621,2022-06-30,2022-07-07,sz.300251,2025-12-15 20:13:58.854189
-4.280432,2022-07-01,2022-07-08,sz.300251,2025-12-15 20:13:58.854189
-4.2638736,2022-07-04,2022-07-11,sz.300251,2025-12-15 20:13:58.854189
-4.2404895,2022-07-05,2022-07-12,sz.300251,2025-12-15 20:13:58.854189
-4.233887,2022-07-06,2022-07-13,sz.300251,2025-12-15 20:13:58.854189
-4.2013307,2022-07-07,2022-07-14,sz.300251,2025-12-15 20:13:58.854189
-4.1575108,2022-07-08,2022-07-15,sz.300251,2025-12-15 20:13:58.854189
-4.120061,2022-07-11,2022-07-18,sz.300251,2025-12-15 20:13:58.854189
-4.144117,2022-07-12,2022-07-19,sz.300251,2025-12-15 20:13:58.854189
-4.087339,2022-07-13,2022-07-20,sz.300251,2025-12-15 20:13:58.854189
-4.125467,2022-07-14,2022-07-21,sz.300251,2025-12-15 20:13:58.854189
-3.9226143,2022-07-15,2022-07-22,sz.300251,2025-12-15 20:13:58.854189
-4.022739,2022-07-18,2022-07-25,sz.300251,2025-12-15 20:13:58.854189
-4.107885,2022-07-19,2022-07-26,sz.300251,2025-12-15 20:13:58.854189
-4.0653186,2022-07-20,2022-07-27,sz.300251,2025-12-15 20:13:58.854189
-4.1156096,2022-07-21,2022-07-28,sz.300251,2025-12-15 20:13:58.854189
-4.018312,2022-07-22,2022-07-29,sz.300251,2025-12-15 20:13:58.854189
-3.9423978,2022-07-25,2022-08-01,sz.300251,2025-12-15 20:13:58.854189
-4.0087867,2022-07-26,2022-08-02,sz.300251,2025-12-15 20:13:58.854189
-4.0266204,2022-07-27,2022-08-03,sz.300251,2025-12-15 20:13:58.854189
-4.0198083,2022-07-28,2022-08-04,sz.300251,2025-12-15 20:13:58.854189
-3.8895135,2022-07-29,2022-08-05,sz.300251,2025-12-15 20:13:58.854189
-4.1078935,2022-08-01,2022-08-08,sz.300251,2025-12-15 20:13:58.854189
-3.7676418,2022-08-02,2022-08-09,sz.300251,2025-12-15 20:13:58.854189
-3.8409002,2022-08-03,2022-08-10,sz.300251,2025-12-15 20:13:58.854189
-3.969567,2022-08-04,2022-08-11,sz.300251,2025-12-15 20:13:58.854189
-4.02447,2022-08-05,2022-08-12,sz.300251,2025-12-15 20:13:58.854189
-4.0232553,2022-08-08,2022-08-15,sz.300251,2025-12-15 20:13:58.854189
-4.086365,2022-08-09,2022-08-16,sz.300251,2025-12-15 20:13:58.854189
-4.0535717,2022-08-10,2022-08-17,sz.300251,2025-12-15 20:13:58.854189
-4.065247,2022-08-11,2022-08-18,sz.300251,2025-12-15 20:13:58.854189
-4.0913897,2022-08-12,2022-08-19,sz.300251,2025-12-15 20:13:58.854189
-4.0937095,2022-08-15,2022-08-22,sz.300251,2025-12-15 20:13:58.854189
-4.0712404,2022-08-16,2022-08-23,sz.300251,2025-12-15 20:13:58.854189
-4.331034,2022-08-17,2022-08-24,sz.300251,2025-12-15 20:13:58.854189
-4.253355,2022-08-18,2022-08-25,sz.300251,2025-12-15 20:13:58.854189
-3.9760172,2022-08-19,2022-08-26,sz.300251,2025-12-15 20:13:58.854189
-4.1355057,2022-08-22,2022-08-29,sz.300251,2025-12-15 20:13:58.854189
-4.1950974,2022-08-23,2022-08-30,sz.300251,2025-12-15 20:13:58.854189
-3.9524,2022-08-24,2022-08-31,sz.300251,2025-12-15 20:13:58.854189
-4.1952915,2022-08-25,2022-09-01,sz.300251,2025-12-15 20:13:58.854189
-4.0958123,2022-08-26,2022-09-02,sz.300251,2025-12-15 20:13:58.854189
-4.2508564,2022-08-29,2022-09-05,sz.300251,2025-12-15 20:13:58.854189
-4.168725,2022-08-30,2022-09-06,sz.300251,2025-12-15 20:13:58.854189
-4.091457,2022-08-31,2022-09-07,sz.300251,2025-12-15 20:13:58.854189
-4.011243,2022-09-01,2022-09-08,sz.300251,2025-12-15 20:13:58.854189
-4.1299787,2022-09-02,2022-09-09,sz.300251,2025-12-15 20:13:58.854189
-4.1672153,2022-09-05,2022-09-12,sz.300251,2025-12-15 20:13:58.854189
-4.062199,2022-09-06,2022-09-13,sz.300251,2025-12-15 20:13:58.854189
-4.0441833,2022-09-07,2022-09-14,sz.300251,2025-12-15 20:13:58.854189
-3.9576213,2022-09-08,2022-09-15,sz.300251,2025-12-15 20:13:58.854189
-4.1025534,2022-09-09,2022-09-16,sz.300251,2025-12-15 20:13:58.854189
-3.9507558,2022-09-13,2022-09-20,sz.300251,2025-12-15 20:13:58.854189
-3.7968547,2022-09-14,2022-09-21,sz.300251,2025-12-15 20:13:58.854189
-3.824711,2022-09-15,2022-09-22,sz.300251,2025-12-15 20:13:58.854189
-3.8469484,2022-09-16,2022-09-23,sz.300251,2025-12-15 20:13:58.854189
-3.614453,2022-09-19,2022-09-26,sz.300251,2025-12-15 20:13:58.854189
-3.684141,2022-09-20,2022-09-27,sz.300251,2025-12-15 20:13:58.854189
-3.722213,2022-09-21,2022-09-28,sz.300251,2025-12-15 20:13:58.854189
-3.7514899,2022-09-22,2022-09-29,sz.300251,2025-12-15 20:13:58.854189
-3.6792371,2022-09-23,2022-09-30,sz.300251,2025-12-15 20:13:58.854189
-3.703541,2022-09-26,2022-10-03,sz.300251,2025-12-15 20:13:58.854189
-3.7214656,2022-09-27,2022-10-04,sz.300251,2025-12-15 20:13:58.854189
-3.653784,2022-09-28,2022-10-05,sz.300251,2025-12-15 20:13:58.854189
-3.6938808,2022-09-29,2022-10-06,sz.300251,2025-12-15 20:13:58.854189
-3.7216406,2022-09-30,2022-10-07,sz.300251,2025-12-15 20:13:58.854189
-3.5660932,2022-10-10,2022-10-17,sz.300251,2025-12-15 20:13:58.854189
-3.712643,2022-10-11,2022-10-18,sz.300251,2025-12-15 20:13:58.854189
-3.7598116,2022-10-12,2022-10-19,sz.300251,2025-12-15 20:13:58.854189
-3.7232683,2022-10-13,2022-10-20,sz.300251,2025-12-15 20:13:58.854189
-3.7696838,2022-10-14,2022-10-21,sz.300251,2025-12-15 20:13:58.854189
-3.7563384,2022-10-17,2022-10-24,sz.300251,2025-12-15 20:13:58.854189
-3.7095945,2022-10-18,2022-10-25,sz.300251,2025-12-15 20:13:58.854189
-3.7004805,2022-10-19,2022-10-26,sz.300251,2025-12-15 20:13:58.854189
-3.7685199,2022-10-20,2022-10-27,sz.300251,2025-12-15 20:13:58.854189
-3.758543,2022-10-21,2022-10-28,sz.300251,2025-12-15 20:13:58.854189
-3.5723536,2022-10-24,2022-10-31,sz.300251,2025-12-15 20:13:58.854189
-3.7304657,2022-10-25,2022-11-01,sz.300251,2025-12-15 20:13:58.854189
-3.7513034,2022-10-26,2022-11-02,sz.300251,2025-12-15 20:13:58.854189
-3.7794147,2022-10-27,2022-11-03,sz.300251,2025-12-15 20:13:58.854189
-3.6643493,2022-10-28,2022-11-04,sz.300251,2025-12-15 20:13:58.854189
-3.7481878,2022-10-31,2022-11-07,sz.300251,2025-12-15 20:13:58.854189
-3.9865081,2022-11-01,2022-11-08,sz.300251,2025-12-15 20:13:58.854189
-3.9078348,2022-11-02,2022-11-09,sz.300251,2025-12-15 20:13:58.854189
-3.75091,2022-11-03,2022-11-10,sz.300251,2025-12-15 20:13:58.854189
-4.020328,2022-11-04,2022-11-11,sz.300251,2025-12-15 20:13:58.854189
-4.0782723,2022-11-07,2022-11-14,sz.300251,2025-12-15 20:13:58.854189
-4.0626216,2022-11-08,2022-11-15,sz.300251,2025-12-15 20:13:58.854189
-3.9209049,2022-11-09,2022-11-16,sz.300251,2025-12-15 20:13:58.854189
-3.9443805,2022-11-10,2022-11-17,sz.300251,2025-12-15 20:13:58.854189
-3.7893941,2022-11-11,2022-11-18,sz.300251,2025-12-15 20:13:58.854189
-3.9812477,2022-11-14,2022-11-21,sz.300251,2025-12-15 20:13:58.854189
-4.152804,2022-11-15,2022-11-22,sz.300251,2025-12-15 20:13:58.854189
-4.1098847,2022-11-16,2022-11-23,sz.300251,2025-12-15 20:13:58.854189
-4.194896,2022-11-17,2022-11-24,sz.300251,2025-12-15 20:13:58.854189
-4.0677385,2022-11-18,2022-11-25,sz.300251,2025-12-15 20:13:58.854189
-3.5218418,2022-11-21,2022-11-28,sz.300251,2025-12-15 20:13:58.854189
-3.8790133,2022-11-22,2022-11-29,sz.300251,2025-12-15 20:13:58.854189
-4.0393558,2022-11-23,2022-11-30,sz.300251,2025-12-15 20:13:58.854189
-3.9461029,2022-11-24,2022-12-01,sz.300251,2025-12-15 20:13:58.854189
-3.9763181,2022-11-25,2022-12-02,sz.300251,2025-12-15 20:13:58.854189
-3.9728243,2022-11-28,2022-12-05,sz.300251,2025-12-15 20:13:58.854189
-3.9856231,2022-11-29,2022-12-06,sz.300251,2025-12-15 20:13:58.854189
-3.9639642,2022-11-30,2022-12-07,sz.300251,2025-12-15 20:13:58.854189
-4.047853,2022-12-01,2022-12-08,sz.300251,2025-12-15 20:13:58.854189
-3.8293848,2022-12-02,2022-12-09,sz.300251,2025-12-15 20:13:58.854189
-3.9383218,2022-12-05,2022-12-12,sz.300251,2025-12-15 20:13:58.854189
-3.9753988,2022-12-06,2022-12-13,sz.300251,2025-12-15 20:13:58.854189
-3.967911,2022-12-07,2022-12-14,sz.300251,2025-12-15 20:13:58.854189
-4.0029263,2022-12-08,2022-12-15,sz.300251,2025-12-15 20:13:58.854189
-4.0370297,2022-12-09,2022-12-16,sz.300251,2025-12-15 20:13:58.854189
-3.9678562,2022-12-12,2022-12-19,sz.300251,2025-12-15 20:13:58.854189
-4.0915637,2022-12-13,2022-12-20,sz.300251,2025-12-15 20:13:58.854189
-4.1313186,2022-12-14,2022-12-21,sz.300251,2025-12-15 20:13:58.854189
-3.967675,2022-12-15,2022-12-22,sz.300251,2025-12-15 20:13:58.854189
-3.9828842,2022-12-16,2022-12-23,sz.300251,2025-12-15 20:13:58.854189
-3.9406278,2022-12-19,2022-12-26,sz.300251,2025-12-15 20:13:58.854189
-3.859226,2022-12-20,2022-12-27,sz.300251,2025-12-15 20:13:58.854189
-4.0708632,2022-12-21,2022-12-28,sz.300251,2025-12-15 20:13:58.854189
-3.969569,2022-12-22,2022-12-29,sz.300251,2025-12-15 20:13:58.854189
-4.026851,2022-12-23,2022-12-30,sz.300251,2025-12-15 20:13:58.854189
-3.9769356,2022-12-26,2023-01-02,sz.300251,2025-12-15 20:13:58.854189
-4.0459313,2022-12-27,2023-01-03,sz.300251,2025-12-15 20:13:58.854189
-4.128671,2022-12-28,2023-01-04,sz.300251,2025-12-15 20:13:58.854189
-4.076967,2022-12-29,2023-01-05,sz.300251,2025-12-15 20:13:58.854189
-4.1601515,2022-12-30,2023-01-06,sz.300251,2025-12-15 20:13:58.854189
-4.332456,2023-01-03,2023-01-10,sz.300251,2025-12-15 20:13:58.854189
-4.2653203,2023-01-04,2023-01-11,sz.300251,2025-12-15 20:13:58.854189
-4.167979,2023-01-05,2023-01-12,sz.300251,2025-12-15 20:13:58.854189
-4.0956492,2023-01-06,2023-01-13,sz.300251,2025-12-15 20:13:58.854189
-4.240151,2023-01-09,2023-01-16,sz.300251,2025-12-15 20:13:58.854189
-4.385606,2023-01-10,2023-01-17,sz.300251,2025-12-15 20:13:58.854189
-4.3075624,2023-01-11,2023-01-18,sz.300251,2025-12-15 20:13:58.854189
-4.2378325,2023-01-12,2023-01-19,sz.300251,2025-12-15 20:13:58.854189
-4.3023214,2023-01-13,2023-01-20,sz.300251,2025-12-15 20:13:58.854189
-3.973354,2023-01-16,2023-01-23,sz.300251,2025-12-15 20:13:58.854189
-4.180511,2023-01-17,2023-01-24,sz.300251,2025-12-15 20:13:58.854189
-4.24605,2023-01-18,2023-01-25,sz.300251,2025-12-15 20:13:58.854189
-4.452123,2023-01-19,2023-01-26,sz.300251,2025-12-15 20:13:58.854189
-4.32138,2023-01-20,2023-01-27,sz.300251,2025-12-15 20:13:58.854189
-3.4357934,2023-01-30,2023-02-06,sz.300251,2025-12-15 20:13:58.854189
-4.0875916,2023-01-31,2023-02-07,sz.300251,2025-12-15 20:13:58.854189
-4.1511254,2023-02-01,2023-02-08,sz.300251,2025-12-15 20:13:58.854189
-4.125994,2023-02-02,2023-02-09,sz.300251,2025-12-15 20:13:58.854189
-4.081498,2023-02-03,2023-02-10,sz.300251,2025-12-15 20:13:58.854189
-4.075123,2023-02-06,2023-02-13,sz.300251,2025-12-15 20:13:58.854189
-4.0273557,2023-02-07,2023-02-14,sz.300251,2025-12-15 20:13:58.854189
-3.970713,2023-02-08,2023-02-15,sz.300251,2025-12-15 20:13:58.854189
-3.964494,2023-02-09,2023-02-16,sz.300251,2025-12-15 20:13:58.854189
-3.9985774,2023-02-10,2023-02-17,sz.300251,2025-12-15 20:13:58.854189
-3.9691637,2023-02-13,2023-02-20,sz.300251,2025-12-15 20:13:58.854189
-4.0374985,2023-02-14,2023-02-21,sz.300251,2025-12-15 20:13:58.854189
-4.0406027,2023-02-15,2023-02-22,sz.300251,2025-12-15 20:13:58.854189
-3.8636596,2023-02-16,2023-02-23,sz.300251,2025-12-15 20:13:58.854189
-3.8030467,2023-02-17,2023-02-24,sz.300251,2025-12-15 20:13:58.854189
-3.8694441,2023-02-20,2023-02-27,sz.300251,2025-12-15 20:13:58.854189
-3.814044,2023-02-21,2023-02-28,sz.300251,2025-12-15 20:13:58.854189
-3.9465463,2023-02-22,2023-03-01,sz.300251,2025-12-15 20:13:58.854189
-4.060687,2023-02-23,2023-03-02,sz.300251,2025-12-15 20:13:58.854189
-3.820112,2023-02-24,2023-03-03,sz.300251,2025-12-15 20:13:58.854189
-3.7088032,2023-02-27,2023-03-06,sz.300251,2025-12-15 20:13:58.854189
-3.7802048,2023-02-28,2023-03-07,sz.300251,2025-12-15 20:13:58.854189
-3.7749193,2023-03-01,2023-03-08,sz.300251,2025-12-15 20:13:58.854189
-3.870077,2023-03-02,2023-03-09,sz.300251,2025-12-15 20:13:58.854189
-3.943785,2023-03-03,2023-03-10,sz.300251,2025-12-15 20:13:58.854189
-3.830909,2023-03-06,2023-03-13,sz.300251,2025-12-15 20:13:58.854189
-3.584753,2023-03-07,2023-03-14,sz.300251,2025-12-15 20:13:58.854189
-3.7983668,2023-03-08,2023-03-15,sz.300251,2025-12-15 20:13:58.854189
-3.7404845,2023-03-09,2023-03-16,sz.300251,2025-12-15 20:13:58.854189
-3.6041667,2023-03-10,2023-03-17,sz.300251,2025-12-15 20:13:58.854189
-3.7855904,2023-03-13,2023-03-20,sz.300251,2025-12-15 20:13:58.854189
-3.5689268,2023-03-14,2023-03-21,sz.300251,2025-12-15 20:13:58.854189
-3.6135705,2023-03-15,2023-03-22,sz.300251,2025-12-15 20:13:58.854189
-3.7561285,2023-03-16,2023-03-23,sz.300251,2025-12-15 20:13:58.854189
-3.8345912,2023-03-17,2023-03-24,sz.300251,2025-12-15 20:13:58.854189
-4.1871433,2023-03-20,2023-03-27,sz.300251,2025-12-15 20:13:58.854189
-4.2067494,2023-03-21,2023-03-28,sz.300251,2025-12-15 20:13:58.854189
-4.27944,2023-03-22,2023-03-29,sz.300251,2025-12-15 20:13:58.854189
-4.262312,2023-03-23,2023-03-30,sz.300251,2025-12-15 20:13:58.854189
-4.0189466,2023-03-24,2023-03-31,sz.300251,2025-12-15 20:13:58.854189
-4.0633616,2023-03-27,2023-04-03,sz.300251,2025-12-15 20:13:58.854189
-3.8017328,2023-03-28,2023-04-04,sz.300251,2025-12-15 20:13:58.854189
-4.119471,2023-03-29,2023-04-05,sz.300251,2025-12-15 20:13:58.854189
-4.016884,2023-03-30,2023-04-06,sz.300251,2025-12-15 20:13:58.854189
-4.0655775,2023-03-31,2023-04-07,sz.300251,2025-12-15 20:13:58.854189
-4.0698276,2023-04-03,2023-04-10,sz.300251,2025-12-15 20:13:58.854189
-4.0159636,2023-04-04,2023-04-11,sz.300251,2025-12-15 20:13:58.854189
-3.774491,2023-04-06,2023-04-13,sz.300251,2025-12-15 20:13:58.854189
-3.9560072,2023-04-07,2023-04-14,sz.300251,2025-12-15 20:13:58.854189
-3.5839689,2023-04-10,2023-04-17,sz.300251,2025-12-15 20:13:58.854189
-4.0901895,2023-04-11,2023-04-18,sz.300251,2025-12-15 20:13:58.854189
-4.345741,2023-04-12,2023-04-19,sz.300251,2025-12-15 20:13:58.854189
-3.9670222,2023-04-13,2023-04-20,sz.300251,2025-12-15 20:13:58.854189
-4.0085273,2023-04-14,2023-04-21,sz.300251,2025-12-15 20:13:58.854189
-3.9243104,2023-04-17,2023-04-24,sz.300251,2025-12-15 20:13:58.854189
-4.132171,2023-04-18,2023-04-25,sz.300251,2025-12-15 20:13:58.854189
-4.067654,2023-04-19,2023-04-26,sz.300251,2025-12-15 20:13:58.854189
-4.157258,2023-04-20,2023-04-27,sz.300251,2025-12-15 20:13:58.854189
-3.6127856,2023-04-21,2023-04-28,sz.300251,2025-12-15 20:13:58.854189
-3.905413,2023-04-24,2023-05-01,sz.300251,2025-12-15 20:13:58.854189
-3.8591304,2023-04-25,2023-05-02,sz.300251,2025-12-15 20:13:58.854189
-3.5106065,2023-04-26,2023-05-03,sz.300251,2025-12-15 20:13:58.854189
-3.4656863,2023-04-27,2023-05-04,sz.300251,2025-12-15 20:13:58.854189
-3.7554376,2023-04-28,2023-05-05,sz.300251,2025-12-15 20:13:58.854189
-4.0770626,2023-05-04,2023-05-11,sz.300251,2025-12-15 20:13:58.854189
-3.878562,2023-05-05,2023-05-12,sz.300251,2025-12-15 20:13:58.854189
-3.478256,2023-05-08,2023-05-15,sz.300251,2025-12-15 20:13:58.854189
-3.255579,2023-05-09,2023-05-16,sz.300251,2025-12-15 20:13:58.854189
-3.415572,2023-05-10,2023-05-17,sz.300251,2025-12-15 20:13:58.854189
-3.4867306,2023-05-11,2023-05-18,sz.300251,2025-12-15 20:13:58.854189
-3.5113847,2023-05-12,2023-05-19,sz.300251,2025-12-15 20:13:58.854189
-3.558348,2023-05-15,2023-05-22,sz.300251,2025-12-15 20:13:58.854189
-3.1263025,2023-05-16,2023-05-23,sz.300251,2025-12-15 20:13:58.854189
-3.1796744,2023-05-17,2023-05-24,sz.300251,2025-12-15 20:13:58.854189
-3.3815174,2023-05-18,2023-05-25,sz.300251,2025-12-15 20:13:58.854189
-3.233353,2023-05-19,2023-05-26,sz.300251,2025-12-15 20:13:58.854189
-3.4333017,2023-05-22,2023-05-29,sz.300251,2025-12-15 20:13:58.854189
-3.3830793,2023-05-23,2023-05-30,sz.300251,2025-12-15 20:13:58.854189
-3.2461536,2023-05-24,2023-05-31,sz.300251,2025-12-15 20:13:58.854189
-3.401416,2023-05-25,2023-06-01,sz.300251,2025-12-15 20:13:58.854189
-3.5421069,2023-05-26,2023-06-02,sz.300251,2025-12-15 20:13:58.854189
-3.420635,2023-05-29,2023-06-05,sz.300251,2025-12-15 20:13:58.854189
-3.5111296,2023-05-30,2023-06-06,sz.300251,2025-12-15 20:13:58.854189
-3.5233219,2023-05-31,2023-06-07,sz.300251,2025-12-15 20:13:58.854189
-3.5238695,2023-06-01,2023-06-08,sz.300251,2025-12-15 20:13:58.854189
-3.5262172,2023-06-02,2023-06-09,sz.300251,2025-12-15 20:13:58.854189
-3.6791742,2023-06-05,2023-06-12,sz.300251,2025-12-15 20:13:58.854189
-3.4966195,2023-06-06,2023-06-13,sz.300251,2025-12-15 20:13:58.854189
-3.7217252,2023-06-07,2023-06-14,sz.300251,2025-12-15 20:13:58.854189
-3.7020733,2023-06-08,2023-06-15,sz.300251,2025-12-15 20:13:58.854189
-3.82117,2023-06-09,2023-06-16,sz.300251,2025-12-15 20:13:58.854189
-3.7595332,2023-06-12,2023-06-19,sz.300251,2025-12-15 20:13:58.854189
-4.0066557,2023-06-13,2023-06-20,sz.300251,2025-12-15 20:13:58.854189
-3.7426202,2023-06-14,2023-06-21,sz.300251,2025-12-15 20:13:58.854189
-3.7925708,2023-06-15,2023-06-22,sz.300251,2025-12-15 20:13:58.854189
-3.919275,2023-06-16,2023-06-23,sz.300251,2025-12-15 20:13:58.854189
-3.9590867,2023-06-19,2023-06-26,sz.300251,2025-12-15 20:13:58.854189
-4.104026,2023-06-20,2023-06-27,sz.300251,2025-12-15 20:13:58.854189
-3.908166,2023-06-21,2023-06-28,sz.300251,2025-12-15 20:13:58.854189
-3.6443157,2023-06-26,2023-07-03,sz.300251,2025-12-15 20:13:58.854189
-3.7001035,2023-06-27,2023-07-04,sz.300251,2025-12-15 20:13:58.854189
-3.7656078,2023-06-28,2023-07-05,sz.300251,2025-12-15 20:13:58.854189
-3.8802514,2023-06-29,2023-07-06,sz.300251,2025-12-15 20:13:58.854189
-3.894642,2023-06-30,2023-07-07,sz.300251,2025-12-15 20:13:58.854189
-3.8979661,2023-07-03,2023-07-10,sz.300251,2025-12-15 20:13:58.854189
-3.8001037,2023-07-04,2023-07-11,sz.300251,2025-12-15 20:13:58.854189
-3.69579,2023-07-05,2023-07-12,sz.300251,2025-12-15 20:13:58.854189
-3.6262248,2023-07-06,2023-07-13,sz.300251,2025-12-15 20:13:58.854189
-3.9340942,2023-07-07,2023-07-14,sz.300251,2025-12-15 20:13:58.854189
-3.9655015,2023-07-10,2023-07-17,sz.300251,2025-12-15 20:13:58.854189
-3.9776223,2023-07-11,2023-07-18,sz.300251,2025-12-15 20:13:58.854189
-3.8194435,2023-07-12,2023-07-19,sz.300251,2025-12-15 20:13:58.854189
-3.927655,2023-07-13,2023-07-20,sz.300251,2025-12-15 20:13:58.854189
-3.9039552,2023-07-14,2023-07-21,sz.300251,2025-12-15 20:13:58.854189
-4.0611415,2023-07-17,2023-07-24,sz.300251,2025-12-15 20:13:58.854189
-4.071121,2023-07-18,2023-07-25,sz.300251,2025-12-15 20:13:58.854189
-3.9988315,2023-07-19,2023-07-26,sz.300251,2025-12-15 20:13:58.854189
-3.9347417,2023-07-20,2023-07-27,sz.300251,2025-12-15 20:13:58.854189
-3.9511778,2023-07-21,2023-07-28,sz.300251,2025-12-15 20:13:58.854189
-3.9581048,2023-07-24,2023-07-31,sz.300251,2025-12-15 20:13:58.854189
-4.111318,2023-07-25,2023-08-01,sz.300251,2025-12-15 20:13:58.854189
-4.1485343,2023-07-26,2023-08-02,sz.300251,2025-12-15 20:13:58.854189
-4.1219416,2023-07-27,2023-08-03,sz.300251,2025-12-15 20:13:58.854189
-4.0702453,2023-07-28,2023-08-04,sz.300251,2025-12-15 20:13:58.854189
-4.087196,2023-07-31,2023-08-07,sz.300251,2025-12-15 20:13:58.854189
-4.142674,2023-08-01,2023-08-08,sz.300251,2025-12-15 20:13:58.854189
-4.2675323,2023-08-02,2023-08-09,sz.300251,2025-12-15 20:13:58.854189
-4.322643,2023-08-03,2023-08-10,sz.300251,2025-12-15 20:13:58.854189
-4.3340125,2023-08-04,2023-08-11,sz.300251,2025-12-15 20:13:58.854189
-4.3192887,2023-08-07,2023-08-14,sz.300251,2025-12-15 20:13:58.854189
-4.2925115,2023-08-08,2023-08-15,sz.300251,2025-12-15 20:13:58.854189
-4.276918,2023-08-09,2023-08-16,sz.300251,2025-12-15 20:13:58.854189
-4.3449817,2023-08-10,2023-08-17,sz.300251,2025-12-15 20:13:58.854189
-4.21027,2023-08-11,2023-08-18,sz.300251,2025-12-15 20:13:58.854189
-4.332957,2023-08-14,2023-08-21,sz.300251,2025-12-15 20:13:58.854189
-4.2068996,2023-08-15,2023-08-22,sz.300251,2025-12-15 20:13:58.854189
-4.1986146,2023-08-16,2023-08-23,sz.300251,2025-12-15 20:13:58.854189
-4.230907,2023-08-17,2023-08-24,sz.300251,2025-12-15 20:13:58.854189
-4.1083407,2023-08-18,2023-08-25,sz.300251,2025-12-15 20:13:58.854189
-4.075242,2023-08-21,2023-08-28,sz.300251,2025-12-15 20:13:58.854189
-4.247741,2023-08-22,2023-08-29,sz.300251,2025-12-15 20:13:58.854189
-4.049122,2023-08-23,2023-08-30,sz.300251,2025-12-15 20:13:58.854189
-4.1761346,2023-08-24,2023-08-31,sz.300251,2025-12-15 20:13:58.854189
-4.0575037,2023-08-25,2023-09-01,sz.300251,2025-12-15 20:13:58.854189
-4.0075526,2023-08-28,2023-09-04,sz.300251,2025-12-15 20:13:58.854189
-4.3030505,2023-08-29,2023-09-05,sz.300251,2025-12-15 20:13:58.854189
-4.2642612,2023-08-30,2023-09-06,sz.300251,2025-12-15 20:13:58.854189
-4.1062293,2023-08-31,2023-09-07,sz.300251,2025-12-15 20:13:58.854189
-4.046697,2023-09-01,2023-09-08,sz.300251,2025-12-15 20:13:58.854189
-4.0833707,2023-09-04,2023-09-11,sz.300251,2025-12-15 20:13:58.854189
-3.9904764,2023-09-05,2023-09-12,sz.300251,2025-12-15 20:13:58.854189
-4.075189,2023-09-06,2023-09-13,sz.300251,2025-12-15 20:13:58.854189
-3.8802345,2023-09-07,2023-09-14,sz.300251,2025-12-15 20:13:58.854189
-4.096203,2023-09-08,2023-09-15,sz.300251,2025-12-15 20:13:58.854189
-4.023117,2023-09-11,2023-09-18,sz.300251,2025-12-15 20:13:58.854189
-3.9549854,2023-09-12,2023-09-19,sz.300251,2025-12-15 20:13:58.854189
-3.8051956,2023-09-13,2023-09-20,sz.300251,2025-12-15 20:13:58.854189
-3.9573276,2023-09-14,2023-09-21,sz.300251,2025-12-15 20:13:58.854189
-4.0505238,2023-09-15,2023-09-22,sz.300251,2025-12-15 20:13:58.854189
-4.1434083,2023-09-18,2023-09-25,sz.300251,2025-12-15 20:13:58.854189
-3.9497478,2023-09-19,2023-09-26,sz.300251,2025-12-15 20:13:58.854189
-3.780693,2023-09-20,2023-09-27,sz.300251,2025-12-15 20:13:58.854189
-3.6434984,2023-09-21,2023-09-28,sz.300251,2025-12-15 20:13:58.854189
-3.8598826,2023-09-22,2023-09-29,sz.300251,2025-12-15 20:13:58.854189
-3.9576118,2023-09-25,2023-10-02,sz.300251,2025-12-15 20:13:58.854189
-3.9163764,2023-09-26,2023-10-03,sz.300251,2025-12-15 20:13:58.854189
-4.036755,2023-09-27,2023-10-04,sz.300251,2025-12-15 20:13:58.854189
-3.8624756,2023-09-28,2023-10-05,sz.300251,2025-12-15 20:13:58.854189
-3.5541933,2023-10-09,2023-10-16,sz.300251,2025-12-15 20:13:58.854189
-3.7085793,2023-10-10,2023-10-17,sz.300251,2025-12-15 20:13:58.854189
-3.8113015,2023-10-11,2023-10-18,sz.300251,2025-12-15 20:13:58.854189
-3.9112837,2023-10-12,2023-10-19,sz.300251,2025-12-15 20:13:58.854189
-3.9320977,2023-10-13,2023-10-20,sz.300251,2025-12-15 20:13:58.854189
-3.9096036,2023-10-16,2023-10-23,sz.300251,2025-12-15 20:13:58.854189
-3.802841,2023-10-17,2023-10-24,sz.300251,2025-12-15 20:13:58.854189
-3.6412194,2023-10-18,2023-10-25,sz.300251,2025-12-15 20:13:58.854189
-3.7471478,2023-10-19,2023-10-26,sz.300251,2025-12-15 20:13:58.854189
-3.6975944,2023-10-20,2023-10-27,sz.300251,2025-12-15 20:13:58.854189
-3.8090985,2023-10-23,2023-10-30,sz.300251,2025-12-15 20:13:58.854189
-3.874202,2023-10-24,2023-10-31,sz.300251,2025-12-15 20:13:58.854189
-3.7249825,2023-10-25,2023-11-01,sz.300251,2025-12-15 20:13:58.854189
-3.7384036,2023-10-26,2023-11-02,sz.300251,2025-12-15 20:13:58.854189
-3.6817982,2023-10-27,2023-11-03,sz.300251,2025-12-15 20:13:58.854189
-3.7474687,2023-10-30,2023-11-06,sz.300251,2025-12-15 20:13:58.854189
-3.8067443,2023-10-31,2023-11-07,sz.300251,2025-12-15 20:13:58.854189
-3.8500245,2023-11-01,2023-11-08,sz.300251,2025-12-15 20:13:58.854189
-3.7767284,2023-11-02,2023-11-09,sz.300251,2025-12-15 20:13:58.854189
-3.7358267,2023-11-03,2023-11-10,sz.300251,2025-12-15 20:13:58.854189
-3.7948658,2023-11-06,2023-11-13,sz.300251,2025-12-15 20:13:58.854189
-3.8399913,2023-11-07,2023-11-14,sz.300251,2025-12-15 20:13:58.854189
-3.8814514,2023-11-08,2023-11-15,sz.300251,2025-12-15 20:13:58.854189
-3.9128954,2023-11-09,2023-11-16,sz.300251,2025-12-15 20:13:58.854189
-3.8240378,2023-11-10,2023-11-17,sz.300251,2025-12-15 20:13:58.854189
-3.8500812,2023-11-13,2023-11-20,sz.300251,2025-12-15 20:13:58.854189
-3.8856764,2023-11-14,2023-11-21,sz.300251,2025-12-15 20:13:58.854189
-3.828841,2023-11-15,2023-11-22,sz.300251,2025-12-15 20:13:58.854189
-3.9358132,2023-11-16,2023-11-23,sz.300251,2025-12-15 20:13:58.854189
-3.9895227,2023-11-17,2023-11-24,sz.300251,2025-12-15 20:13:58.854189
-3.954192,2023-11-20,2023-11-27,sz.300251,2025-12-15 20:13:58.854189
-3.908086,2023-11-21,2023-11-28,sz.300251,2025-12-15 20:13:58.854189
-3.9139335,2023-11-22,2023-11-29,sz.300251,2025-12-15 20:13:58.854189
-3.8813283,2023-11-23,2023-11-30,sz.300251,2025-12-15 20:13:58.854189
-3.8321264,2023-11-24,2023-12-01,sz.300251,2025-12-15 20:13:58.854189
-3.9478018,2023-11-27,2023-12-04,sz.300251,2025-12-15 20:13:58.854189
-3.9926164,2023-11-28,2023-12-05,sz.300251,2025-12-15 20:13:58.854189
-3.942064,2023-11-29,2023-12-06,sz.300251,2025-12-15 20:13:58.854189
-3.9689147,2023-11-30,2023-12-07,sz.300251,2025-12-15 20:13:58.854189
-4.001893,2023-12-01,2023-12-08,sz.300251,2025-12-15 20:13:58.854189
-3.909374,2023-12-04,2023-12-11,sz.300251,2025-12-15 20:13:58.854189
-3.5799654,2023-12-05,2023-12-12,sz.300251,2025-12-15 20:13:58.854189
-4.0151434,2023-12-06,2023-12-13,sz.300251,2025-12-15 20:13:58.854189
-4.0245323,2023-12-07,2023-12-14,sz.300251,2025-12-15 20:13:58.854189
-3.962505,2023-12-08,2023-12-15,sz.300251,2025-12-15 20:13:58.854189
-4.0274053,2023-12-11,2023-12-18,sz.300251,2025-12-15 20:13:58.854189
-4.0684776,2023-12-12,2023-12-19,sz.300251,2025-12-15 20:13:58.854189
-3.9648917,2023-12-13,2023-12-20,sz.300251,2025-12-15 20:13:58.854189
-4.124022,2023-12-14,2023-12-21,sz.300251,2025-12-15 20:13:58.854189
-4.0692067,2023-12-15,2023-12-22,sz.300251,2025-12-15 20:13:58.854189
-4.017716,2023-12-18,2023-12-25,sz.300251,2025-12-15 20:13:58.854189
-4.158837,2023-12-19,2023-12-26,sz.300251,2025-12-15 20:13:58.854189
-4.1262546,2023-12-20,2023-12-27,sz.300251,2025-12-15 20:13:58.854189
-4.1837955,2023-12-21,2023-12-28,sz.300251,2025-12-15 20:13:58.854189
-4.089065,2023-12-22,2023-12-29,sz.300251,2025-12-15 20:13:58.854189
-4.253102,2023-12-25,2024-01-01,sz.300251,2025-12-15 20:13:58.854189
-4.1722264,2023-12-26,2024-01-02,sz.300251,2025-12-15 20:13:58.854189
-4.245196,2023-12-27,2024-01-03,sz.300251,2025-12-15 20:13:58.854189
-4.253606,2023-12-28,2024-01-04,sz.300251,2025-12-15 20:13:58.854189
-4.169331,2023-12-29,2024-01-05,sz.300251,2025-12-15 20:13:58.854189
-4.237288,2024-01-02,2024-01-09,sz.300251,2025-12-15 20:13:58.854189
-4.243207,2024-01-03,2024-01-10,sz.300251,2025-12-15 20:13:58.854189
-4.297113,2024-01-04,2024-01-11,sz.300251,2025-12-15 20:13:58.854189
-4.2516484,2024-01-05,2024-01-12,sz.300251,2025-12-15 20:13:58.854189
-4.172884,2024-01-08,2024-01-15,sz.300251,2025-12-15 20:13:58.854189
-4.1843166,2024-01-09,2024-01-16,sz.300251,2025-12-15 20:13:58.854189
-4.1756444,2024-01-10,2024-01-17,sz.300251,2025-12-15 20:13:58.854189
-4.193677,2024-01-11,2024-01-18,sz.300251,2025-12-15 20:13:58.854189
-4.170482,2024-01-12,2024-01-19,sz.300251,2025-12-15 20:13:58.854189
-4.2077107,2024-01-15,2024-01-22,sz.300251,2025-12-15 20:13:58.854189
-4.163029,2024-01-16,2024-01-23,sz.300251,2025-12-15 20:13:58.854189
-4.082869,2024-01-17,2024-01-24,sz.300251,2025-12-15 20:13:58.854189
-4.1623387,2024-01-18,2024-01-25,sz.300251,2025-12-15 20:13:58.854189
-4.101972,2024-01-19,2024-01-26,sz.300251,2025-12-15 20:13:58.854189
-4.0859914,2024-01-22,2024-01-29,sz.300251,2025-12-15 20:13:58.854189
-4.196552,2024-01-23,2024-01-30,sz.300251,2025-12-15 20:13:58.854189
-4.189704,2024-01-24,2024-01-31,sz.300251,2025-12-15 20:13:58.854189
-4.1459203,2024-01-25,2024-02-01,sz.300251,2025-12-15 20:13:58.854189
-4.061369,2024-01-26,2024-02-02,sz.300251,2025-12-15 20:13:58.854189
-4.0575895,2024-01-29,2024-02-05,sz.300251,2025-12-15 20:13:58.854189
-4.1018386,2024-01-30,2024-02-06,sz.300251,2025-12-15 20:13:58.854189
-4.083071,2024-01-31,2024-02-07,sz.300251,2025-12-15 20:13:58.854189
-4.0433936,2024-02-01,2024-02-08,sz.300251,2025-12-15 20:13:58.854189
-3.9956,2024-02-02,2024-02-09,sz.300251,2025-12-15 20:13:58.854189
-4.0257297,2024-02-05,2024-02-12,sz.300251,2025-12-15 20:13:58.854189
-3.9709108,2024-02-06,2024-02-13,sz.300251,2025-12-15 20:13:58.854189
-3.9629037,2024-02-07,2024-02-14,sz.300251,2025-12-15 20:13:58.854189
-3.841789,2024-02-08,2024-02-15,sz.300251,2025-12-15 20:13:58.854189
-3.842563,2024-02-19,2024-02-26,sz.300251,2025-12-15 20:13:58.854189
-3.8694627,2024-02-20,2024-02-27,sz.300251,2025-12-15 20:13:58.854189
-3.7398808,2024-02-21,2024-02-28,sz.300251,2025-12-15 20:13:58.854189
-3.8228767,2024-02-22,2024-02-29,sz.300251,2025-12-15 20:13:58.854189
-3.9786384,2024-02-23,2024-03-01,sz.300251,2025-12-15 20:13:58.854189
-3.987806,2024-02-26,2024-03-04,sz.300251,2025-12-15 20:13:58.854189
-4.052978,2024-02-27,2024-03-05,sz.300251,2025-12-15 20:13:58.854189
-3.8716054,2024-02-28,2024-03-06,sz.300251,2025-12-15 20:13:58.854189
-3.990423,2024-02-29,2024-03-07,sz.300251,2025-12-15 20:13:58.854189
-4.11564,2024-03-01,2024-03-08,sz.300251,2025-12-15 20:13:58.854189
-4.2214975,2024-03-04,2024-03-11,sz.300251,2025-12-15 20:13:58.854189
-4.205666,2024-03-05,2024-03-12,sz.300251,2025-12-15 20:13:58.854189
-4.192703,2024-03-06,2024-03-13,sz.300251,2025-12-15 20:13:58.854189
-4.0727987,2024-03-07,2024-03-14,sz.300251,2025-12-15 20:13:58.854189
-4.1408777,2024-03-08,2024-03-15,sz.300251,2025-12-15 20:13:58.854189
-4.1977234,2024-03-11,2024-03-18,sz.300251,2025-12-15 20:13:58.854189
-4.1615653,2024-03-12,2024-03-19,sz.300251,2025-12-15 20:13:58.854189
-4.2212467,2024-03-13,2024-03-20,sz.300251,2025-12-15 20:13:58.854189
-4.2123275,2024-03-14,2024-03-21,sz.300251,2025-12-15 20:13:58.854189
-4.209754,2024-03-15,2024-03-22,sz.300251,2025-12-15 20:13:58.854189
-4.2549953,2024-03-18,2024-03-25,sz.300251,2025-12-15 20:13:58.854189
-4.163073,2024-03-19,2024-03-26,sz.300251,2025-12-15 20:13:58.854189
-4.1940556,2024-03-20,2024-03-27,sz.300251,2025-12-15 20:13:58.854189
-4.1171737,2024-03-21,2024-03-28,sz.300251,2025-12-15 20:13:58.854189
-4.1880145,2024-03-22,2024-03-29,sz.300251,2025-12-15 20:13:58.854189
-4.1485,2024-03-25,2024-04-01,sz.300251,2025-12-15 20:13:58.854189
-4.1530137,2024-03-26,2024-04-02,sz.300251,2025-12-15 20:13:58.854189
-4.0845046,2024-03-27,2024-04-03,sz.300251,2025-12-15 20:13:58.854189
-4.0942245,2024-03-28,2024-04-04,sz.300251,2025-12-15 20:13:58.854189
-4.135022,2024-03-29,2024-04-05,sz.300251,2025-12-15 20:13:58.854189
-4.1275973,2024-04-01,2024-04-08,sz.300251,2025-12-15 20:13:58.854189
-3.9156654,2024-04-02,2024-04-09,sz.300251,2025-12-15 20:13:58.854189
-4.0791125,2024-04-03,2024-04-10,sz.300251,2025-12-15 20:13:58.854189
-3.9076269,2024-04-08,2024-04-15,sz.300251,2025-12-15 20:13:58.854189
-3.8936138,2024-04-09,2024-04-16,sz.300251,2025-12-15 20:13:58.854189
-3.751818,2024-04-10,2024-04-17,sz.300251,2025-12-15 20:13:58.854189
-3.9404738,2024-04-11,2024-04-18,sz.300251,2025-12-15 20:13:58.854189
-3.78591,2024-04-12,2024-04-19,sz.300251,2025-12-15 20:13:58.854189
-3.8378441,2024-04-15,2024-04-22,sz.300251,2025-12-15 20:13:58.854189
-3.5303824,2024-04-16,2024-04-23,sz.300251,2025-12-15 20:13:58.854189
-3.875377,2024-04-17,2024-04-24,sz.300251,2025-12-15 20:13:58.854189
-3.706271,2024-04-18,2024-04-25,sz.300251,2025-12-15 20:13:58.854189
-3.7785885,2024-04-19,2024-04-26,sz.300251,2025-12-15 20:13:58.854189
-3.5357158,2024-04-22,2024-04-29,sz.300251,2025-12-15 20:13:58.854189
-3.7982364,2024-04-23,2024-04-30,sz.300251,2025-12-15 20:13:58.854189
-3.5572498,2024-04-24,2024-05-01,sz.300251,2025-12-15 20:13:58.854189
-3.676614,2024-04-25,2024-05-02,sz.300251,2025-12-15 20:13:58.854189
-3.8230689,2024-04-26,2024-05-03,sz.300251,2025-12-15 20:13:58.854189
-3.935767,2024-04-29,2024-05-06,sz.300251,2025-12-15 20:13:58.854189
-3.802626,2024-04-30,2024-05-07,sz.300251,2025-12-15 20:13:58.854189
-3.9797332,2024-05-06,2024-05-13,sz.300251,2025-12-15 20:13:58.854189
-3.745974,2024-05-07,2024-05-14,sz.300251,2025-12-15 20:13:58.854189
-3.898558,2024-05-08,2024-05-15,sz.300251,2025-12-15 20:13:58.854189
-3.9054813,2024-05-09,2024-05-16,sz.300251,2025-12-15 20:13:58.854189
-3.8975,2024-05-10,2024-05-17,sz.300251,2025-12-15 20:13:58.854189
-3.9591663,2024-05-13,2024-05-20,sz.300251,2025-12-15 20:13:58.854189
-3.9487484,2024-05-14,2024-05-21,sz.300251,2025-12-15 20:13:58.854189
-3.8774736,2024-05-15,2024-05-22,sz.300251,2025-12-15 20:13:58.854189
-3.886462,2024-05-16,2024-05-23,sz.300251,2025-12-15 20:13:58.854189
-3.9714696,2024-05-17,2024-05-24,sz.300251,2025-12-15 20:13:58.854189
-4.0782943,2024-05-20,2024-05-27,sz.300251,2025-12-15 20:13:58.854189
-4.0017133,2024-05-21,2024-05-28,sz.300251,2025-12-15 20:13:58.854189
-4.034617,2024-05-22,2024-05-29,sz.300251,2025-12-15 20:13:58.854189
-4.128554,2024-05-23,2024-05-30,sz.300251,2025-12-15 20:13:58.854189
-4.058499,2024-05-24,2024-05-31,sz.300251,2025-12-15 20:13:58.854189
-4.2390485,2024-05-27,2024-06-03,sz.300251,2025-12-15 20:13:58.854189
-4.0835977,2024-05-28,2024-06-04,sz.300251,2025-12-15 20:13:58.854189
-4.115413,2024-05-29,2024-06-05,sz.300251,2025-12-15 20:13:58.854189
-4.1360507,2024-05-30,2024-06-06,sz.300251,2025-12-15 20:13:58.854189
-4.173774,2024-05-31,2024-06-07,sz.300251,2025-12-15 20:13:58.854189
-4.30763,2024-06-03,2024-06-10,sz.300251,2025-12-15 20:13:58.854189
-4.2730637,2024-06-04,2024-06-11,sz.300251,2025-12-15 20:13:58.854189
-4.1190314,2024-06-05,2024-06-12,sz.300251,2025-12-15 20:13:58.854189
-4.1240993,2024-06-06,2024-06-13,sz.300251,2025-12-15 20:13:58.854189
-4.0979505,2024-06-07,2024-06-14,sz.300251,2025-12-15 20:13:58.854189
-4.2258162,2024-06-11,2024-06-18,sz.300251,2025-12-15 20:13:58.854189
-4.2722344,2024-06-12,2024-06-19,sz.300251,2025-12-15 20:13:58.854189
-4.3477893,2024-06-13,2024-06-20,sz.300251,2025-12-15 20:13:58.854189
-4.193602,2024-06-14,2024-06-21,sz.300251,2025-12-15 20:13:58.854189
-4.2462707,2024-06-17,2024-06-24,sz.300251,2025-12-15 20:13:58.854189
-3.9510562,2024-06-18,2024-06-25,sz.300251,2025-12-15 20:13:58.854189
-4.1120977,2024-06-19,2024-06-26,sz.300251,2025-12-15 20:13:58.854189
-4.0666776,2024-06-20,2024-06-27,sz.300251,2025-12-15 20:13:58.854189
-4.0690155,2024-06-21,2024-06-28,sz.300251,2025-12-15 20:13:58.854189
-3.961774,2024-06-24,2024-07-01,sz.300251,2025-12-15 20:13:58.854189
-3.9773686,2024-06-25,2024-07-02,sz.300251,2025-12-15 20:13:58.854189
-3.9173024,2024-06-26,2024-07-03,sz.300251,2025-12-15 20:13:58.854189
-3.680383,2024-06-27,2024-07-04,sz.300251,2025-12-15 20:13:58.854189
-3.6315477,2024-06-28,2024-07-05,sz.300251,2025-12-15 20:13:58.854189
-3.8627582,2024-07-01,2024-07-08,sz.300251,2025-12-15 20:13:58.854189
-3.6385148,2024-07-02,2024-07-09,sz.300251,2025-12-15 20:13:58.854189
-3.656634,2024-07-03,2024-07-10,sz.300251,2025-12-15 20:13:58.854189
-3.5852628,2024-07-04,2024-07-11,sz.300251,2025-12-15 20:13:58.854189
-3.9526718,2024-07-05,2024-07-12,sz.300251,2025-12-15 20:13:58.854189
-3.8308313,2024-07-08,2024-07-15,sz.300251,2025-12-15 20:13:58.854189
-3.806329,2024-07-09,2024-07-16,sz.300251,2025-12-15 20:13:58.854189
-3.7466543,2024-07-10,2024-07-17,sz.300251,2025-12-15 20:13:58.854189
-3.6790645,2024-07-11,2024-07-18,sz.300251,2025-12-15 20:13:58.854189
-3.6862466,2024-07-12,2024-07-19,sz.300251,2025-12-15 20:13:58.854189
-3.8147945,2024-07-15,2024-07-22,sz.300251,2025-12-15 20:13:58.854189
-3.8498986,2024-07-16,2024-07-23,sz.300251,2025-12-15 20:13:58.854189
-3.765843,2024-07-17,2024-07-24,sz.300251,2025-12-15 20:13:58.854189
-3.7501152,2024-07-18,2024-07-25,sz.300251,2025-12-15 20:13:58.854189
-3.692735,2024-07-19,2024-07-26,sz.300251,2025-12-15 20:13:58.854189
-3.5778415,2024-07-22,2024-07-29,sz.300251,2025-12-15 20:13:58.854189
-3.737067,2024-07-23,2024-07-30,sz.300251,2025-12-15 20:13:58.854189
-3.8064396,2024-07-24,2024-07-31,sz.300251,2025-12-15 20:13:58.854189
-3.783069,2024-07-25,2024-08-01,sz.300251,2025-12-15 20:13:58.854189
-3.785844,2024-07-26,2024-08-02,sz.300251,2025-12-15 20:13:58.854189
-3.7386553,2024-07-29,2024-08-05,sz.300251,2025-12-15 20:13:58.854189
-3.6989021,2024-07-30,2024-08-06,sz.300251,2025-12-15 20:13:58.854189
-3.7877662,2024-07-31,2024-08-07,sz.300251,2025-12-15 20:13:58.854189
-3.8326814,2024-08-01,2024-08-08,sz.300251,2025-12-15 20:13:58.854189
-3.7811058,2024-08-02,2024-08-09,sz.300251,2025-12-15 20:13:58.854189
-3.7129054,2024-08-05,2024-08-12,sz.300251,2025-12-15 20:13:58.854189
-3.715305,2024-08-06,2024-08-13,sz.300251,2025-12-15 20:13:58.854189
-3.676108,2024-08-07,2024-08-14,sz.300251,2025-12-15 20:13:58.854189
-3.6624992,2024-08-08,2024-08-15,sz.300251,2025-12-15 20:13:58.854189
-3.6593838,2024-08-09,2024-08-16,sz.300251,2025-12-15 20:13:58.854189
-3.7480779,2024-08-12,2024-08-19,sz.300251,2025-12-15 20:13:58.854189
-3.6466434,2024-08-13,2024-08-20,sz.300251,2025-12-15 20:13:58.854189
-3.6488872,2024-08-14,2024-08-21,sz.300251,2025-12-15 20:13:58.854189
-3.595474,2024-08-15,2024-08-22,sz.300251,2025-12-15 20:13:58.854189
-3.4636328,2024-08-16,2024-08-23,sz.300251,2025-12-15 20:13:58.854189
-3.5607898,2024-08-19,2024-08-26,sz.300251,2025-12-15 20:13:58.854189
-3.581752,2024-08-20,2024-08-27,sz.300251,2025-12-15 20:13:58.854189
-3.4751947,2024-08-21,2024-08-28,sz.300251,2025-12-15 20:13:58.854189
-3.3998983,2024-08-22,2024-08-29,sz.300251,2025-12-15 20:13:58.854189
-3.4729002,2024-08-23,2024-08-30,sz.300251,2025-12-15 20:13:58.854189
-3.452583,2024-08-26,2024-09-02,sz.300251,2025-12-15 20:13:58.854189
-3.3429825,2024-08-27,2024-09-03,sz.300251,2025-12-15 20:13:58.854189
-3.5261695,2024-08-28,2024-09-04,sz.300251,2025-12-15 20:13:58.854189
-3.6036384,2024-08-29,2024-09-05,sz.300251,2025-12-15 20:13:58.854189
-3.6336834,2024-08-30,2024-09-06,sz.300251,2025-12-15 20:13:58.854189
-3.3819418,2024-09-02,2024-09-09,sz.300251,2025-12-15 20:13:58.854189
-3.5773194,2024-09-03,2024-09-10,sz.300251,2025-12-15 20:13:58.854189
-3.6306965,2024-09-04,2024-09-11,sz.300251,2025-12-15 20:13:58.854189
-3.7073746,2024-09-05,2024-09-12,sz.300251,2025-12-15 20:13:58.854189
-3.6505132,2024-09-06,2024-09-13,sz.300251,2025-12-15 20:13:58.854189
-3.7640154,2024-09-09,2024-09-16,sz.300251,2025-12-15 20:13:58.854189
-3.6906617,2024-09-10,2024-09-17,sz.300251,2025-12-15 20:13:58.854189
-3.6736875,2024-09-11,2024-09-18,sz.300251,2025-12-15 20:13:58.854189
-3.637712,2024-09-12,2024-09-19,sz.300251,2025-12-15 20:13:58.854189
-3.675442,2024-09-13,2024-09-20,sz.300251,2025-12-15 20:13:58.854189
-3.6975355,2024-09-18,2024-09-25,sz.300251,2025-12-15 20:13:58.854189
-3.7675946,2024-09-19,2024-09-26,sz.300251,2025-12-15 20:13:58.854189
-3.6900022,2024-09-20,2024-09-27,sz.300251,2025-12-15 20:13:58.854189
-3.5880973,2024-09-23,2024-09-30,sz.300251,2025-12-15 20:13:58.854189
-3.768869,2024-09-24,2024-10-01,sz.300251,2025-12-15 20:13:58.854189
-3.6466968,2024-09-25,2024-10-02,sz.300251,2025-12-15 20:13:58.854189
-3.929838,2024-09-26,2024-10-03,sz.300251,2025-12-15 20:13:58.854189
-3.9506,2024-09-27,2024-10-04,sz.300251,2025-12-15 20:13:58.854189
-4.0795608,2024-09-30,2024-10-07,sz.300251,2025-12-15 20:13:58.854189
-3.4041898,2024-10-08,2024-10-15,sz.300251,2025-12-15 20:13:58.854189
-3.829891,2024-10-09,2024-10-16,sz.300251,2025-12-15 20:13:58.854189
-3.8929155,2024-10-10,2024-10-17,sz.300251,2025-12-15 20:13:58.854189
-3.9047701,2024-10-11,2024-10-18,sz.300251,2025-12-15 20:13:58.854189
-4.025518,2024-10-14,2024-10-21,sz.300251,2025-12-15 20:13:58.854189
-3.6891596,2024-10-15,2024-10-22,sz.300251,2025-12-15 20:13:58.854189
-3.794398,2024-10-16,2024-10-23,sz.300251,2025-12-15 20:13:58.854189
-3.868912,2024-10-17,2024-10-24,sz.300251,2025-12-15 20:13:58.854189
-4.089685,2024-10-18,2024-10-25,sz.300251,2025-12-15 20:13:58.854189
-4.199495,2024-10-21,2024-10-28,sz.300251,2025-12-15 20:13:58.854189
-4.2292933,2024-10-22,2024-10-29,sz.300251,2025-12-15 20:13:58.854189
-4.2771416,2024-10-23,2024-10-30,sz.300251,2025-12-15 20:13:58.854189
-4.1284986,2024-10-24,2024-10-31,sz.300251,2025-12-15 20:13:58.854189
-4.1671004,2024-10-25,2024-11-01,sz.300251,2025-12-15 20:13:58.854189
-4.4011245,2024-10-28,2024-11-04,sz.300251,2025-12-15 20:13:58.854189
-4.3963556,2024-10-29,2024-11-05,sz.300251,2025-12-15 20:13:58.854189
-4.211535,2024-10-30,2024-11-06,sz.300251,2025-12-15 20:13:58.854189
-4.366015,2024-10-31,2024-11-07,sz.300251,2025-12-15 20:13:58.854189
-4.6024084,2024-11-01,2024-11-08,sz.300251,2025-12-15 20:13:58.854189
-4.125117,2024-11-04,2024-11-11,sz.300251,2025-12-15 20:13:58.854189
-4.317879,2024-11-05,2024-11-12,sz.300251,2025-12-15 20:13:58.854189
-4.4605374,2024-11-06,2024-11-13,sz.300251,2025-12-15 20:13:58.854189
-4.4726415,2024-11-07,2024-11-14,sz.300251,2025-12-15 20:13:58.854189
-4.4425106,2024-11-08,2024-11-15,sz.300251,2025-12-15 20:13:58.854189
-4.266069,2024-11-11,2024-11-18,sz.300251,2025-12-15 20:13:58.854189
-4.291532,2024-11-12,2024-11-19,sz.300251,2025-12-15 20:13:58.854189
-4.0619173,2024-11-13,2024-11-20,sz.300251,2025-12-15 20:13:58.854189
-4.173141,2024-11-14,2024-11-21,sz.300251,2025-12-15 20:13:58.854189
-4.134361,2024-11-15,2024-11-22,sz.300251,2025-12-15 20:13:58.854189
-3.8812618,2024-11-18,2024-11-25,sz.300251,2025-12-15 20:13:58.854189
-3.7740405,2024-11-19,2024-11-26,sz.300251,2025-12-15 20:13:58.854189
-3.5792263,2024-11-20,2024-11-27,sz.300251,2025-12-15 20:13:58.854189
-3.6681902,2024-11-21,2024-11-28,sz.300251,2025-12-15 20:13:58.854189
-3.5591354,2024-11-22,2024-11-29,sz.300251,2025-12-15 20:13:58.854189
-3.7635,2024-11-25,2024-12-02,sz.300251,2025-12-15 20:13:58.854189
-3.7776644,2024-11-26,2024-12-03,sz.300251,2025-12-15 20:13:58.854189
-3.8601975,2024-11-27,2024-12-04,sz.300251,2025-12-15 20:13:58.854189
-3.5854247,2024-11-28,2024-12-05,sz.300251,2025-12-15 20:13:58.854189
-3.7111516,2024-11-29,2024-12-06,sz.300251,2025-12-15 20:13:58.854189
-3.722636,2024-12-02,2024-12-09,sz.300251,2025-12-15 20:13:58.854189
-3.772829,2024-12-03,2024-12-10,sz.300251,2025-12-15 20:13:58.854189
-3.8871667,2024-12-04,2024-12-11,sz.300251,2025-12-15 20:13:58.854189
-4.0021605,2024-12-05,2024-12-12,sz.300251,2025-12-15 20:13:58.854189
-3.787816,2024-12-06,2024-12-13,sz.300251,2025-12-15 20:13:58.854189
-3.584623,2024-12-09,2024-12-16,sz.300251,2025-12-15 20:13:58.854189
-3.6354544,2024-12-10,2024-12-17,sz.300251,2025-12-15 20:13:58.854189
-3.741317,2024-12-11,2024-12-18,sz.300251,2025-12-15 20:13:58.854189
-3.8452122,2024-12-12,2024-12-19,sz.300251,2025-12-15 20:13:58.854189
-3.9451182,2024-12-13,2024-12-20,sz.300251,2025-12-15 20:13:58.854189
-3.7792542,2024-12-16,2024-12-23,sz.300251,2025-12-15 20:13:58.854189
-3.7484105,2024-12-17,2024-12-24,sz.300251,2025-12-15 20:13:58.854189
-3.7354274,2024-12-18,2024-12-25,sz.300251,2025-12-15 20:13:58.854189
-3.7686036,2024-12-19,2024-12-26,sz.300251,2025-12-15 20:13:58.854189
-3.813238,2024-12-20,2024-12-27,sz.300251,2025-12-15 20:13:58.854189
-3.7437937,2024-12-23,2024-12-30,sz.300251,2025-12-15 20:13:58.854189
-3.832024,2024-12-24,2024-12-31,sz.300251,2025-12-15 20:13:58.854189
-3.7842822,2024-12-25,2025-01-01,sz.300251,2025-12-15 20:13:58.854189
-3.7543328,2024-12-26,2025-01-02,sz.300251,2025-12-15 20:13:58.854189
-3.7835224,2024-12-27,2025-01-03,sz.300251,2025-12-15 20:13:58.854189
-3.8005683,2024-12-30,2025-01-06,sz.300251,2025-12-15 20:13:58.854189
-3.8567216,2024-12-31,2025-01-07,sz.300251,2025-12-15 20:13:58.854189
-3.8525732,2025-01-02,2025-01-09,sz.300251,2025-12-15 20:13:58.854189
-3.7007692,2025-01-03,2025-01-10,sz.300251,2025-12-15 20:13:58.854189
-3.6779807,2025-01-06,2025-01-13,sz.300251,2025-12-15 20:13:58.854189
-3.707716,2025-01-07,2025-01-14,sz.300251,2025-12-15 20:13:58.854189
-3.737631,2025-01-08,2025-01-15,sz.300251,2025-12-15 20:13:58.854189
-3.8100822,2025-01-09,2025-01-16,sz.300251,2025-12-15 20:13:58.854189
-3.852904,2025-01-10,2025-01-17,sz.300251,2025-12-15 20:13:58.854189
-3.9027817,2025-01-13,2025-01-20,sz.300251,2025-12-15 20:13:58.854189
-3.8279238,2025-01-14,2025-01-21,sz.300251,2025-12-15 20:13:58.854189
-3.7507555,2025-01-15,2025-01-22,sz.300251,2025-12-15 20:13:58.854189
-3.7619264,2025-01-16,2025-01-23,sz.300251,2025-12-15 20:13:58.854189
-3.8499067,2025-01-17,2025-01-24,sz.300251,2025-12-15 20:13:58.854189
-3.867352,2025-01-20,2025-01-27,sz.300251,2025-12-15 20:13:58.854189
-3.9514787,2025-01-21,2025-01-28,sz.300251,2025-12-15 20:13:58.854189
-3.7951362,2025-01-22,2025-01-29,sz.300251,2025-12-15 20:13:58.854189
-3.7443936,2025-01-23,2025-01-30,sz.300251,2025-12-15 20:13:58.854189
-3.7752135,2025-01-24,2025-01-31,sz.300251,2025-12-15 20:13:58.854189
-3.7664526,2025-01-27,2025-02-03,sz.300251,2025-12-15 20:13:58.854189
-3.9749515,2025-02-05,2025-02-12,sz.300251,2025-12-15 20:13:58.854189
-4.016892,2025-02-06,2025-02-13,sz.300251,2025-12-15 20:13:58.854189
-4.010805,2025-02-07,2025-02-14,sz.300251,2025-12-15 20:13:58.854189
-4.0632887,2025-02-10,2025-02-17,sz.300251,2025-12-15 20:13:58.854189
-4.2437234,2025-02-11,2025-02-18,sz.300251,2025-12-15 20:13:58.854189
-4.424501,2025-02-12,2025-02-19,sz.300251,2025-12-15 20:13:58.854189
-4.5408387,2025-02-13,2025-02-20,sz.300251,2025-12-15 20:13:58.854189
-5.122774,2025-02-14,2025-02-21,sz.300251,2025-12-15 20:13:58.854189
-2.6764657,2025-02-17,2025-02-24,sz.300251,2025-12-15 20:13:58.854189
-5.2248664,2025-02-18,2025-02-25,sz.300251,2025-12-15 20:13:58.854189
-5.7840643,2025-02-19,2025-02-26,sz.300251,2025-12-15 20:13:58.854189
-6.250945,2025-02-20,2025-02-27,sz.300251,2025-12-15 20:13:58.854189
-6.089461,2025-02-21,2025-02-28,sz.300251,2025-12-15 20:13:58.854189
-6.247659,2025-02-24,2025-03-03,sz.300251,2025-12-15 20:13:58.854189
-5.4436297,2025-02-25,2025-03-04,sz.300251,2025-12-15 20:13:58.854189
-4.94833,2025-02-26,2025-03-05,sz.300251,2025-12-15 20:13:58.854189
-5.976806,2025-02-27,2025-03-06,sz.300251,2025-12-15 20:13:58.854189
-5.506208,2025-02-28,2025-03-07,sz.300251,2025-12-15 20:13:58.854189
-5.5438914,2025-03-03,2025-03-10,sz.300251,2025-12-15 20:13:58.854189
-6.015634,2025-03-04,2025-03-11,sz.300251,2025-12-15 20:13:58.854189
-4.6001654,2025-03-05,2025-03-12,sz.300251,2025-12-15 20:13:58.854189
-3.5307066,2025-03-06,2025-03-13,sz.300251,2025-12-15 20:13:58.854189
-4.868549,2025-03-07,2025-03-14,sz.300251,2025-12-15 20:13:58.854189
-4.9767947,2025-03-10,2025-03-17,sz.300251,2025-12-15 20:13:58.854189
-4.987249,2025-03-11,2025-03-18,sz.300251,2025-12-15 20:13:58.854189
-5.45289,2025-03-12,2025-03-19,sz.300251,2025-12-15 20:13:58.854189
-4.3662667,2025-03-13,2025-03-20,sz.300251,2025-12-15 20:13:58.854189
-3.6539016,2025-03-14,2025-03-21,sz.300251,2025-12-15 20:13:58.854189
-5.4114976,2025-03-17,2025-03-24,sz.300251,2025-12-15 20:13:58.854189
-4.6225057,2025-03-18,2025-03-25,sz.300251,2025-12-15 20:13:58.854189
-4.874524,2025-03-19,2025-03-26,sz.300251,2025-12-15 20:13:58.854189
-5.3657365,2025-03-20,2025-03-27,sz.300251,2025-12-15 20:13:58.854189
-4.21769,2025-03-21,2025-03-28,sz.300251,2025-12-15 20:13:58.854189
-3.8030772,2025-03-24,2025-03-31,sz.300251,2025-12-15 20:13:58.854189
-5.357989,2025-03-25,2025-04-01,sz.300251,2025-12-15 20:13:58.854189
-4.866706,2025-03-26,2025-04-02,sz.300251,2025-12-15 20:13:58.854189
-4.857441,2025-03-27,2025-04-03,sz.300251,2025-12-15 20:13:58.854189
-5.3628535,2025-03-28,2025-04-04,sz.300251,2025-12-15 20:13:58.854189
-4.2793183,2025-03-31,2025-04-07,sz.300251,2025-12-15 20:13:58.854189
-3.7997608,2025-04-01,2025-04-08,sz.300251,2025-12-15 20:13:58.854189
-3.977451,2025-04-02,2025-04-09,sz.300251,2025-12-15 20:13:58.854189
-5.2692895,2025-04-03,2025-04-10,sz.300251,2025-12-15 20:13:58.854189
-5.8039103,2025-04-07,2025-04-14,sz.300251,2025-12-15 20:13:58.854189
-4.768741,2025-04-08,2025-04-15,sz.300251,2025-12-15 20:13:58.854189
-4.1026435,2025-04-09,2025-04-16,sz.300251,2025-12-15 20:13:58.854189
-3.6978304,2025-04-10,2025-04-17,sz.300251,2025-12-15 20:13:58.854189
-4.353656,2025-04-11,2025-04-18,sz.300251,2025-12-15 20:13:58.854189
-4.36902,2025-04-14,2025-04-21,sz.300251,2025-12-15 20:13:58.854189
-5.0350833,2025-04-15,2025-04-22,sz.300251,2025-12-15 20:13:58.854189
-4.9737167,2025-04-16,2025-04-23,sz.300251,2025-12-15 20:13:58.854189
-3.8464308,2025-04-17,2025-04-24,sz.300251,2025-12-15 20:13:58.854189
-3.4959743,2025-04-18,2025-04-25,sz.300251,2025-12-15 20:13:58.854189
-3.6989825,2025-04-21,2025-04-28,sz.300251,2025-12-15 20:13:58.854189
-3.744218,2025-04-22,2025-04-29,sz.300251,2025-12-15 20:13:58.854189
-5.1353374,2025-04-23,2025-04-30,sz.300251,2025-12-15 20:13:58.854189
-5.1490073,2025-04-24,2025-05-01,sz.300251,2025-12-15 20:13:58.854189
-4.0110497,2025-04-25,2025-05-02,sz.300251,2025-12-15 20:13:58.854189
-3.5954664,2025-04-28,2025-05-05,sz.300251,2025-12-15 20:13:58.854189
-3.2262337,2025-04-29,2025-05-06,sz.300251,2025-12-15 20:13:58.854189
-3.8517911,2025-04-30,2025-05-07,sz.300251,2025-12-15 20:13:58.854189
-4.3403354,2025-05-06,2025-05-13,sz.300251,2025-12-15 20:13:58.854189
-4.95723,2025-05-07,2025-05-14,sz.300251,2025-12-15 20:13:58.854189
-4.6584854,2025-05-08,2025-05-15,sz.300251,2025-12-15 20:13:58.854189
-3.709154,2025-05-09,2025-05-16,sz.300251,2025-12-15 20:13:58.854189
-3.161555,2025-05-12,2025-05-19,sz.300251,2025-12-15 20:13:58.854189
-3.6506305,2025-05-13,2025-05-20,sz.300251,2025-12-15 20:13:58.854189
-3.6599064,2025-05-14,2025-05-21,sz.300251,2025-12-15 20:13:58.854189
-4.4834967,2025-05-15,2025-05-22,sz.300251,2025-12-15 20:13:58.854189
-4.48138,2025-05-16,2025-05-23,sz.300251,2025-12-15 20:13:58.854189
-3.8377857,2025-05-19,2025-05-26,sz.300251,2025-12-15 20:13:58.854189
-3.210817,2025-05-20,2025-05-27,sz.300251,2025-12-15 20:13:58.854189
-3.2772539,2025-05-21,2025-05-28,sz.300251,2025-12-15 20:13:58.854189
-3.9930465,2025-05-22,2025-05-29,sz.300251,2025-12-15 20:13:58.854189
-4.021148,2025-05-23,2025-05-30,sz.300251,2025-12-15 20:13:58.854189
-4.10137,2025-05-26,2025-06-02,sz.300251,2025-12-15 20:13:58.854189
-3.729741,2025-05-27,2025-06-03,sz.300251,2025-12-15 20:13:58.854189
-3.4663782,2025-05-28,2025-06-04,sz.300251,2025-12-15 20:13:58.854189
-3.1485248,2025-05-29,2025-06-05,sz.300251,2025-12-15 20:13:58.854189
-4.0271087,2025-05-30,2025-06-06,sz.300251,2025-12-15 20:13:58.854189
-4.068149,2025-06-03,2025-06-10,sz.300251,2025-12-15 20:13:58.854189
-4.0616946,2025-06-04,2025-06-11,sz.300251,2025-12-15 20:13:58.854189
-4.1169796,2025-06-05,2025-06-12,sz.300251,2025-12-15 20:13:58.854189
-3.9513328,2025-06-06,2025-06-13,sz.300251,2025-12-15 20:13:58.854189
-3.1550446,2025-06-09,2025-06-16,sz.300251,2025-12-15 20:13:58.854189
-3.5605671,2025-06-10,2025-06-17,sz.300251,2025-12-15 20:13:58.854189
-3.8764255,2025-06-11,2025-06-18,sz.300251,2025-12-15 20:13:58.854189
-3.9737065,2025-06-12,2025-06-19,sz.300251,2025-12-15 20:13:58.854189
-3.9481828,2025-06-13,2025-06-20,sz.300251,2025-12-15 20:13:58.854189
-4.4077334,2025-06-16,2025-06-23,sz.300251,2025-12-15 20:13:58.854189
-3.7025468,2025-06-17,2025-06-24,sz.300251,2025-12-15 20:13:58.854189
-3.6124976,2025-06-18,2025-06-25,sz.300251,2025-12-15 20:13:58.854189
-4.316285,2025-06-19,2025-06-26,sz.300251,2025-12-15 20:13:58.854189
-3.5589936,2025-06-20,2025-06-27,sz.300251,2025-12-15 20:13:58.854189
-3.9603827,2025-06-23,2025-06-30,sz.300251,2025-12-15 20:13:58.854189
-4.026168,2025-06-24,2025-07-01,sz.300251,2025-12-15 20:13:58.854189
-3.7223785,2025-06-25,2025-07-02,sz.300251,2025-12-15 20:13:58.854189
-3.3078883,2025-06-26,2025-07-03,sz.300251,2025-12-15 20:13:58.854189
-4.3346906,2025-06-27,2025-07-04,sz.300251,2025-12-15 20:13:58.854189
-3.9320061,2025-06-30,2025-07-07,sz.300251,2025-12-15 20:13:58.854189
-3.7697527,2025-07-01,2025-07-08,sz.300251,2025-12-15 20:13:58.854189
-4.012319,2025-07-02,2025-07-09,sz.300251,2025-12-15 20:13:58.854189
-4.161633,2025-07-03,2025-07-10,sz.300251,2025-12-15 20:13:58.854189
-3.424165,2025-07-04,2025-07-11,sz.300251,2025-12-15 20:13:58.854189
-4.0302014,2025-07-07,2025-07-14,sz.300251,2025-12-15 20:13:58.854189
-3.9374607,2025-07-08,2025-07-15,sz.300251,2025-12-15 20:13:58.854189
-3.9027689,2025-07-09,2025-07-16,sz.300251,2025-12-15 20:13:58.854189
-3.9839208,2025-07-10,2025-07-17,sz.300251,2025-12-15 20:13:58.854189
-4.276103,2025-07-11,2025-07-18,sz.300251,2025-12-15 20:13:58.854189
-3.575719,2025-07-14,2025-07-21,sz.300251,2025-12-15 20:13:58.854189
-3.8412375,2025-07-15,2025-07-22,sz.300251,2025-12-15 20:13:58.854189
-4.1200714,2025-07-16,2025-07-23,sz.300251,2025-12-15 20:13:58.854189
-4.115673,2025-07-17,2025-07-24,sz.300251,2025-12-15 20:13:58.854189
-4.102486,2025-07-18,2025-07-25,sz.300251,2025-12-15 20:13:58.854189
-4.272103,2025-07-21,2025-07-28,sz.300251,2025-12-15 20:13:58.854189
-3.7807453,2025-07-22,2025-07-29,sz.300251,2025-12-15 20:13:58.854189
-3.672362,2025-07-23,2025-07-30,sz.300251,2025-12-15 20:13:58.854189
-4.2428417,2025-07-24,2025-07-31,sz.300251,2025-12-15 20:13:58.854189
-4.22203,2025-07-25,2025-08-01,sz.300251,2025-12-15 20:13:58.854189
-4.10589,2025-07-28,2025-08-04,sz.300251,2025-12-15 20:13:58.854189
-4.2983103,2025-07-29,2025-08-05,sz.300251,2025-12-15 20:13:58.854189
-4.2530165,2025-07-30,2025-08-06,sz.300251,2025-12-15 20:13:58.854189
-3.761162,2025-07-31,2025-08-07,sz.300251,2025-12-15 20:13:58.854189
-4.457045,2025-08-01,2025-08-08,sz.300251,2025-12-15 20:13:58.854189
-3.9926698,2025-08-04,2025-08-11,sz.300251,2025-12-15 20:13:58.854189
-4.1360946,2025-08-05,2025-08-12,sz.300251,2025-12-15 20:13:58.854189
-4.2392726,2025-08-06,2025-08-13,sz.300251,2025-12-15 20:13:58.854189
-4.419205,2025-08-07,2025-08-14,sz.300251,2025-12-15 20:13:58.854189
-3.9141119,2025-08-08,2025-08-15,sz.300251,2025-12-15 20:13:58.854189
-4.503159,2025-08-11,2025-08-18,sz.300251,2025-12-15 20:13:58.854189
-4.2527156,2025-08-12,2025-08-19,sz.300251,2025-12-15 20:13:58.854189
-4.1372347,2025-08-13,2025-08-20,sz.300251,2025-12-15 20:13:58.854189
-4.0972514,2025-08-14,2025-08-21,sz.300251,2025-12-15 20:13:58.854189
-4.2850204,2025-08-15,2025-08-22,sz.300251,2025-12-15 20:13:58.854189
-4.147698,2025-08-18,2025-08-25,sz.300251,2025-12-15 20:13:58.854189
-4.527776,2025-08-19,2025-08-26,sz.300251,2025-12-15 20:13:58.854189
-4.221472,2025-08-20,2025-08-27,sz.300251,2025-12-15 20:13:58.854189
-4.045694,2025-08-21,2025-08-28,sz.300251,2025-12-15 20:13:58.854189
-4.109357,2025-08-22,2025-08-29,sz.300251,2025-12-15 20:13:58.854189
-4.2344337,2025-08-25,2025-09-01,sz.300251,2025-12-15 20:13:58.854189
-4.4974837,2025-08-26,2025-09-02,sz.300251,2025-12-15 20:13:58.854189
-4.506161,2025-08-27,2025-09-03,sz.300251,2025-12-15 20:13:58.854189
-4.1246185,2025-08-28,2025-09-04,sz.300251,2025-12-15 20:13:58.854189
-3.9139745,2025-08-29,2025-09-05,sz.300251,2025-12-15 20:13:58.854189
-4.0063767,2025-09-01,2025-09-08,sz.300251,2025-12-15 20:13:58.854189
-3.772267,2025-09-02,2025-09-09,sz.300251,2025-12-15 20:13:58.854189
-4.1003337,2025-09-03,2025-09-10,sz.300251,2025-12-15 20:13:58.854189
-4.3263507,2025-09-04,2025-09-11,sz.300251,2025-12-15 20:13:58.854189
-4.11052,2025-09-05,2025-09-12,sz.300251,2025-12-15 20:13:58.854189
-4.053372,2025-09-08,2025-09-15,sz.300251,2025-12-15 20:13:58.854189
-3.9960463,2025-09-09,2025-09-16,sz.300251,2025-12-15 20:13:58.854189
-4.0652704,2025-09-10,2025-09-17,sz.300251,2025-12-15 20:13:58.854189
-4.115872,2025-09-11,2025-09-18,sz.300251,2025-12-15 20:13:58.854189
-4.337098,2025-09-12,2025-09-19,sz.300251,2025-12-15 20:13:58.854189
-4.196168,2025-09-15,2025-09-22,sz.300251,2025-12-15 20:13:58.854189
-4.135896,2025-09-16,2025-09-23,sz.300251,2025-12-15 20:13:58.854189
-4.111269,2025-09-17,2025-09-24,sz.300251,2025-12-15 20:13:58.854189
-3.9111788,2025-09-18,2025-09-25,sz.300251,2025-12-15 20:13:58.854189
-3.8474748,2025-09-19,2025-09-26,sz.300251,2025-12-15 20:13:58.854189
-4.201606,2025-09-22,2025-09-29,sz.300251,2025-12-15 20:13:58.854189
-4.2645316,2025-09-23,2025-09-30,sz.300251,2025-12-15 20:13:58.854189
-4.0255623,2025-09-24,2025-10-01,sz.300251,2025-12-15 20:13:58.854189
-4.0099936,2025-09-25,2025-10-02,sz.300251,2025-12-15 20:13:58.854189
-3.9141042,2025-09-26,2025-10-03,sz.300251,2025-12-15 20:13:58.854189
-3.9937203,2025-09-29,2025-10-06,sz.300251,2025-12-15 20:13:58.854189
-4.134593,2025-09-30,2025-10-07,sz.300251,2025-12-15 20:13:58.854189
-3.6314852,2025-10-09,2025-10-16,sz.300251,2025-12-15 20:13:58.854189
-3.9734018,2025-10-10,2025-10-17,sz.300251,2025-12-15 20:13:58.854189
-4.003859,2025-10-13,2025-10-20,sz.300251,2025-12-15 20:13:58.854189
-3.8101528,2025-10-14,2025-10-21,sz.300251,2025-12-15 20:13:58.854189
-4.0359454,2025-10-15,2025-10-22,sz.300251,2025-12-15 20:13:58.854189
-3.9670975,2025-10-16,2025-10-23,sz.300251,2025-12-15 20:13:58.854189
-3.9254138,2025-10-17,2025-10-24,sz.300251,2025-12-15 20:13:58.854189
-3.9858382,2025-10-20,2025-10-27,sz.300251,2025-12-15 20:13:58.854189
-3.8677306,2025-10-21,2025-10-28,sz.300251,2025-12-15 20:13:58.854189
-3.7938907,2025-10-22,2025-10-29,sz.300251,2025-12-15 20:13:58.854189
-3.8900793,2025-10-23,2025-10-30,sz.300251,2025-12-15 20:13:58.854189
-3.9019778,2025-10-24,2025-10-31,sz.300251,2025-12-15 20:13:58.854189
-3.9533994,2025-10-27,2025-11-03,sz.300251,2025-12-15 20:13:58.854189
-3.856438,2025-10-28,2025-11-04,sz.300251,2025-12-15 20:13:58.854189
-3.638953,2025-10-29,2025-11-05,sz.300251,2025-12-15 20:13:58.854189
-3.633011,2025-10-30,2025-11-06,sz.300251,2025-12-15 20:13:58.854189
-3.6811025,2025-10-31,2025-11-07,sz.300251,2025-12-15 20:13:58.854189
-3.7935617,2025-11-03,2025-11-10,sz.300251,2025-12-15 20:13:58.854189
-3.9274127,2025-11-04,2025-11-11,sz.300251,2025-12-15 20:13:58.854189
-4.036513,2025-11-05,2025-11-12,sz.300251,2025-12-15 20:13:58.854189
-4.023661,2025-11-06,2025-11-13,sz.300251,2025-12-15 20:13:58.854189
-3.958216,2025-11-07,2025-11-14,sz.300251,2025-12-15 20:13:58.854189
-4.0326576,2025-11-10,2025-11-17,sz.300251,2025-12-15 20:13:58.854189
-4.0334635,2025-11-11,2025-11-18,sz.300251,2025-12-15 20:13:58.854189
-4.054739,2025-11-12,2025-11-19,sz.300251,2025-12-15 20:13:58.854189
-4.1660705,2025-11-13,2025-11-20,sz.300251,2025-12-15 20:13:58.854189
-4.0811114,2025-11-14,2025-11-21,sz.300251,2025-12-15 20:13:58.854189
-4.1291223,2025-11-17,2025-11-24,sz.300251,2025-12-15 20:13:58.854189
-4.0956473,2025-11-18,2025-11-25,sz.300251,2025-12-15 20:13:58.854189
-4.028947,2025-11-19,2025-11-26,sz.300251,2025-12-15 20:13:58.854189
-4.04472,2025-11-20,2025-11-27,sz.300251,2025-12-15 20:13:58.854189
-4.010408,2025-11-21,2025-11-28,sz.300251,2025-12-15 20:13:58.854189
-4.126893,2025-11-24,2025-12-01,sz.300251,2025-12-15 20:13:58.854189
-4.125848,2025-11-25,2025-12-02,sz.300251,2025-12-15 20:13:58.854189
-4.056464,2025-11-26,2025-12-03,sz.300251,2025-12-15 20:13:58.854189
-4.108948,2025-11-27,2025-12-04,sz.300251,2025-12-15 20:13:58.854189
-4.2108946,2025-11-28,2025-12-05,sz.300251,2025-12-15 20:13:58.854189
-4.2219434,2025-12-01,2025-12-08,sz.300251,2025-12-15 20:13:58.854189
-4.176625,2025-12-02,2025-12-09,sz.300251,2025-12-15 20:13:58.854189
-4.10998,2025-12-03,2025-12-10,sz.300251,2025-12-15 20:13:58.854189
-4.174586,2025-12-04,2025-12-11,sz.300251,2025-12-15 20:13:58.854189
-4.2831874,2025-12-05,2025-12-12,sz.300251,2025-12-15 20:13:58.854189
-4.2867665,2025-12-08,2025-12-15,sz.300251,2025-12-15 20:13:58.854189
-4.233619,2025-12-09,2025-12-16,sz.300251,2025-12-15 20:13:58.854189
-4.3194976,2025-12-10,2025-12-17,sz.300251,2025-12-15 20:13:58.854189
-4.3010783,2025-12-11,2025-12-18,sz.300251,2025-12-15 20:13:58.854189
-4.1669106,2025-12-12,2025-12-19,sz.300251,2025-12-15 20:13:58.854189
-4.168509,2025-12-15,2025-12-22,sz.300251,2025-12-15 20:13:58.854189
-3.8957565,2025-12-15,2025-12-22,sz.300274,2025-12-15 20:13:58.854189
-4.639663,2025-12-15,2025-12-22,sz.300308,2025-12-15 20:13:58.854189
-3.7770224,2025-12-15,2025-12-22,sz.300316,2025-12-15 20:13:58.854189
-4.096339,2025-12-15,2025-12-22,sz.300347,2025-12-15 20:13:58.854189
-4.279024,2025-12-15,2025-12-22,sz.300394,2025-12-15 20:13:58.854189
-3.6321018,2025-12-15,2025-12-22,sz.300408,2025-12-15 20:13:58.854189
-3.951259,2025-12-15,2025-12-22,sz.300413,2025-12-15 20:13:58.854189
-3.513326,2025-12-15,2025-12-22,sz.300418,2025-12-15 20:13:58.854189
-4.7455487,2025-12-15,2025-12-22,sz.300433,2025-12-15 20:13:58.854189
-3.8785095,2025-12-15,2025-12-22,sz.300442,2025-12-15 20:13:58.854189
-3.890332,2021-06-10,2021-06-17,sz.300476,2025-12-15 20:13:58.854189
-3.792855,2021-06-11,2021-06-18,sz.300476,2025-12-15 20:13:58.854189
-3.9528844,2021-06-15,2021-06-22,sz.300476,2025-12-15 20:13:58.854189
-3.8488967,2021-06-16,2021-06-23,sz.300476,2025-12-15 20:13:58.854189
-3.9221723,2021-06-17,2021-06-24,sz.300476,2025-12-15 20:13:58.854189
-3.945217,2021-06-18,2021-06-25,sz.300476,2025-12-15 20:13:58.854189
-3.9420946,2021-06-21,2021-06-28,sz.300476,2025-12-15 20:13:58.854189
-3.8926132,2021-06-22,2021-06-29,sz.300476,2025-12-15 20:13:58.854189
-3.9157746,2021-06-23,2021-06-30,sz.300476,2025-12-15 20:13:58.854189
-3.9702923,2021-06-24,2021-07-01,sz.300476,2025-12-15 20:13:58.854189
-3.962774,2021-06-25,2021-07-02,sz.300476,2025-12-15 20:13:58.854189
-4.0400367,2021-06-28,2021-07-05,sz.300476,2025-12-15 20:13:58.854189
-3.6528187,2021-06-29,2021-07-06,sz.300476,2025-12-15 20:13:58.854189
-3.9532592,2021-06-30,2021-07-07,sz.300476,2025-12-15 20:13:58.854189
-3.911896,2021-07-01,2021-07-08,sz.300476,2025-12-15 20:13:58.854189
-4.0601206,2021-07-02,2021-07-09,sz.300476,2025-12-15 20:13:58.854189
-4.106807,2021-07-05,2021-07-12,sz.300476,2025-12-15 20:13:58.854189
-4.0092883,2021-07-06,2021-07-13,sz.300476,2025-12-15 20:13:58.854189
-4.0840025,2021-07-07,2021-07-14,sz.300476,2025-12-15 20:13:58.854189
-4.159038,2021-07-08,2021-07-15,sz.300476,2025-12-15 20:13:58.854189
-4.1044226,2021-07-09,2021-07-16,sz.300476,2025-12-15 20:13:58.854189
-4.1807733,2021-07-12,2021-07-19,sz.300476,2025-12-15 20:13:58.854189
-4.1398654,2021-07-13,2021-07-20,sz.300476,2025-12-15 20:13:58.854189
-4.0684395,2021-07-14,2021-07-21,sz.300476,2025-12-15 20:13:58.854189
-4.08664,2021-07-15,2021-07-22,sz.300476,2025-12-15 20:13:58.854189
-3.9455426,2021-07-16,2021-07-23,sz.300476,2025-12-15 20:13:58.854189
-4.0455413,2021-07-19,2021-07-26,sz.300476,2025-12-15 20:13:58.854189
-4.1397185,2021-07-20,2021-07-27,sz.300476,2025-12-15 20:13:58.854189
-4.1782384,2021-07-21,2021-07-28,sz.300476,2025-12-15 20:13:58.854189
-4.1600575,2021-07-22,2021-07-29,sz.300476,2025-12-15 20:13:58.854189
-3.9565709,2021-07-23,2021-07-30,sz.300476,2025-12-15 20:13:58.854189
-4.1146603,2021-07-26,2021-08-02,sz.300476,2025-12-15 20:13:58.854189
-4.009942,2021-07-27,2021-08-03,sz.300476,2025-12-15 20:13:58.854189
-4.094111,2021-07-28,2021-08-04,sz.300476,2025-12-15 20:13:58.854189
-4.054013,2021-07-29,2021-08-05,sz.300476,2025-12-15 20:13:58.854189
-3.9257996,2021-07-30,2021-08-06,sz.300476,2025-12-15 20:13:58.854189
-4.1120505,2021-08-02,2021-08-09,sz.300476,2025-12-15 20:13:58.854189
-3.9408567,2021-08-03,2021-08-10,sz.300476,2025-12-15 20:13:58.854189
-4.0007653,2021-08-04,2021-08-11,sz.300476,2025-12-15 20:13:58.854189
-3.9649246,2021-08-05,2021-08-12,sz.300476,2025-12-15 20:13:58.854189
-3.7620366,2021-08-06,2021-08-13,sz.300476,2025-12-15 20:13:58.854189
-4.0352464,2021-08-09,2021-08-16,sz.300476,2025-12-15 20:13:58.854189
-3.9924166,2021-08-10,2021-08-17,sz.300476,2025-12-15 20:13:58.854189
-3.9050417,2021-08-11,2021-08-18,sz.300476,2025-12-15 20:13:58.854189
-3.981197,2021-08-12,2021-08-19,sz.300476,2025-12-15 20:13:58.854189
-3.8962042,2021-08-13,2021-08-20,sz.300476,2025-12-15 20:13:58.854189
-3.6962495,2021-08-16,2021-08-23,sz.300476,2025-12-15 20:13:58.854189
-3.620588,2021-08-17,2021-08-24,sz.300476,2025-12-15 20:13:58.854189
-3.999843,2021-08-18,2021-08-25,sz.300476,2025-12-15 20:13:58.854189
-3.993912,2021-08-19,2021-08-26,sz.300476,2025-12-15 20:13:58.854189
-4.054747,2021-08-20,2021-08-27,sz.300476,2025-12-15 20:13:58.854189
-4.051306,2021-08-23,2021-08-30,sz.300476,2025-12-15 20:13:58.854189
-4.0471897,2021-08-24,2021-08-31,sz.300476,2025-12-15 20:13:58.854189
-4.051856,2021-08-25,2021-09-01,sz.300476,2025-12-15 20:13:58.854189
-3.837939,2021-08-26,2021-09-02,sz.300476,2025-12-15 20:13:58.854189
-4.0422063,2021-08-27,2021-09-03,sz.300476,2025-12-15 20:13:58.854189
-3.7004347,2021-08-30,2021-09-06,sz.300476,2025-12-15 20:13:58.854189
-3.8801816,2021-08-31,2021-09-07,sz.300476,2025-12-15 20:13:58.854189
-3.9750116,2021-09-01,2021-09-08,sz.300476,2025-12-15 20:13:58.854189
-4.0891833,2021-09-02,2021-09-09,sz.300476,2025-12-15 20:13:58.854189
-3.9368832,2021-09-03,2021-09-10,sz.300476,2025-12-15 20:13:58.854189
-4.15713,2021-09-06,2021-09-13,sz.300476,2025-12-15 20:13:58.854189
-4.006881,2021-09-07,2021-09-14,sz.300476,2025-12-15 20:13:58.854189
-3.8817804,2021-09-08,2021-09-15,sz.300476,2025-12-15 20:13:58.854189
-4.0097914,2021-09-09,2021-09-16,sz.300476,2025-12-15 20:13:58.854189
-4.1412854,2021-09-10,2021-09-17,sz.300476,2025-12-15 20:13:58.854189
-3.8471677,2021-09-13,2021-09-20,sz.300476,2025-12-15 20:13:58.854189
-3.9261196,2021-09-14,2021-09-21,sz.300476,2025-12-15 20:13:58.854189
-4.089993,2021-09-15,2021-09-22,sz.300476,2025-12-15 20:13:58.854189
-3.9913342,2021-09-16,2021-09-23,sz.300476,2025-12-15 20:13:58.854189
-3.7245538,2021-09-17,2021-09-24,sz.300476,2025-12-15 20:13:58.854189
-4.0382085,2021-09-22,2021-09-29,sz.300476,2025-12-15 20:13:58.854189
-4.052006,2021-09-23,2021-09-30,sz.300476,2025-12-15 20:13:58.854189
-3.9315784,2021-09-24,2021-10-01,sz.300476,2025-12-15 20:13:58.854189
-3.704314,2021-09-27,2021-10-04,sz.300476,2025-12-15 20:13:58.854189
-4.0415277,2021-09-28,2021-10-05,sz.300476,2025-12-15 20:13:58.854189
-4.0753503,2021-09-29,2021-10-06,sz.300476,2025-12-15 20:13:58.854189
-4.110664,2021-09-30,2021-10-07,sz.300476,2025-12-15 20:13:58.854189
-4.0853467,2021-10-08,2021-10-15,sz.300476,2025-12-15 20:13:58.854189
-3.8325713,2021-10-11,2021-10-18,sz.300476,2025-12-15 20:13:58.854189
-3.9375608,2021-10-12,2021-10-19,sz.300476,2025-12-15 20:13:58.854189
-4.014108,2021-10-13,2021-10-20,sz.300476,2025-12-15 20:13:58.854189
-4.1466784,2021-10-14,2021-10-21,sz.300476,2025-12-15 20:13:58.854189
-4.0850034,2021-10-15,2021-10-22,sz.300476,2025-12-15 20:13:58.854189
-4.0528173,2021-10-18,2021-10-25,sz.300476,2025-12-15 20:13:58.854189
-4.1697974,2021-10-19,2021-10-26,sz.300476,2025-12-15 20:13:58.854189
-4.014231,2021-10-20,2021-10-27,sz.300476,2025-12-15 20:13:58.854189
-4.253232,2021-10-21,2021-10-28,sz.300476,2025-12-15 20:13:58.854189
-4.060842,2021-10-22,2021-10-29,sz.300476,2025-12-15 20:13:58.854189
-4.303224,2021-10-25,2021-11-01,sz.300476,2025-12-15 20:13:58.854189
-4.0124745,2021-10-26,2021-11-02,sz.300476,2025-12-15 20:13:58.854189
-4.2221966,2021-10-27,2021-11-03,sz.300476,2025-12-15 20:13:58.854189
-4.105969,2021-10-28,2021-11-04,sz.300476,2025-12-15 20:13:58.854189
-4.0058937,2021-10-29,2021-11-05,sz.300476,2025-12-15 20:13:58.854189
-4.075124,2021-11-01,2021-11-08,sz.300476,2025-12-15 20:13:58.854189
-3.9305904,2021-11-02,2021-11-09,sz.300476,2025-12-15 20:13:58.854189
-3.9812276,2021-11-03,2021-11-10,sz.300476,2025-12-15 20:13:58.854189
-4.0943003,2021-11-04,2021-11-11,sz.300476,2025-12-15 20:13:58.854189
-3.9387958,2021-11-05,2021-11-12,sz.300476,2025-12-15 20:13:58.854189
-4.087233,2021-11-08,2021-11-15,sz.300476,2025-12-15 20:13:58.854189
-3.9779418,2021-11-09,2021-11-16,sz.300476,2025-12-15 20:13:58.854189
-3.7956052,2021-11-10,2021-11-17,sz.300476,2025-12-15 20:13:58.854189
-3.9436896,2021-11-11,2021-11-18,sz.300476,2025-12-15 20:13:58.854189
-3.888457,2021-11-12,2021-11-19,sz.300476,2025-12-15 20:13:58.854189
-3.7142189,2021-11-15,2021-11-22,sz.300476,2025-12-15 20:13:58.854189
-3.8253744,2021-11-16,2021-11-23,sz.300476,2025-12-15 20:13:58.854189
-3.914892,2021-11-17,2021-11-24,sz.300476,2025-12-15 20:13:58.854189
-3.6811125,2021-11-18,2021-11-25,sz.300476,2025-12-15 20:13:58.854189
-3.7883584,2021-11-19,2021-11-26,sz.300476,2025-12-15 20:13:58.854189
-3.9368498,2021-11-22,2021-11-29,sz.300476,2025-12-15 20:13:58.854189
-3.842687,2021-11-23,2021-11-30,sz.300476,2025-12-15 20:13:58.854189
-3.4426527,2021-11-24,2021-12-01,sz.300476,2025-12-15 20:13:58.854189
-3.7380168,2021-11-25,2021-12-02,sz.300476,2025-12-15 20:13:58.854189
-3.6318042,2021-11-26,2021-12-03,sz.300476,2025-12-15 20:13:58.854189
-3.7327688,2021-11-29,2021-12-06,sz.300476,2025-12-15 20:13:58.854189
-3.7882893,2021-11-30,2021-12-07,sz.300476,2025-12-15 20:13:58.854189
-3.8068323,2021-12-01,2021-12-08,sz.300476,2025-12-15 20:13:58.854189
-3.7259924,2021-12-02,2021-12-09,sz.300476,2025-12-15 20:13:58.854189
-3.7578733,2021-12-03,2021-12-10,sz.300476,2025-12-15 20:13:58.854189
-3.7676432,2021-12-06,2021-12-13,sz.300476,2025-12-15 20:13:58.854189
-3.4529665,2021-12-07,2021-12-14,sz.300476,2025-12-15 20:13:58.854189
-3.7748282,2021-12-08,2021-12-15,sz.300476,2025-12-15 20:13:58.854189
-3.859626,2021-12-09,2021-12-16,sz.300476,2025-12-15 20:13:58.854189
-3.8059251,2021-12-10,2021-12-17,sz.300476,2025-12-15 20:13:58.854189
-3.6279728,2021-12-13,2021-12-20,sz.300476,2025-12-15 20:13:58.854189
-3.7390344,2021-12-14,2021-12-21,sz.300476,2025-12-15 20:13:58.854189
-3.5907028,2021-12-15,2021-12-22,sz.300476,2025-12-15 20:13:58.854189
-3.6095853,2021-12-16,2021-12-23,sz.300476,2025-12-15 20:13:58.854189
-3.7673948,2021-12-17,2021-12-24,sz.300476,2025-12-15 20:13:58.854189
-3.6848385,2021-12-20,2021-12-27,sz.300476,2025-12-15 20:13:58.854189
-3.7066886,2021-12-21,2021-12-28,sz.300476,2025-12-15 20:13:58.854189
-3.7165987,2021-12-22,2021-12-29,sz.300476,2025-12-15 20:13:58.854189
-3.787194,2021-12-23,2021-12-30,sz.300476,2025-12-15 20:13:58.854189
-3.7396317,2021-12-24,2021-12-31,sz.300476,2025-12-15 20:13:58.854189
-3.7827475,2021-12-27,2022-01-03,sz.300476,2025-12-15 20:13:58.854189
-3.8295453,2021-12-28,2022-01-04,sz.300476,2025-12-15 20:13:58.854189
-3.7561572,2021-12-29,2022-01-05,sz.300476,2025-12-15 20:13:58.854189
-3.7596111,2021-12-30,2022-01-06,sz.300476,2025-12-15 20:13:58.854189
-3.8861911,2021-12-31,2022-01-07,sz.300476,2025-12-15 20:13:58.854189
-4.0730925,2022-01-04,2022-01-11,sz.300476,2025-12-15 20:13:58.854189
-3.7440705,2022-01-05,2022-01-12,sz.300476,2025-12-15 20:13:58.854189
-3.9753654,2022-01-06,2022-01-13,sz.300476,2025-12-15 20:13:58.854189
-3.8771355,2022-01-07,2022-01-14,sz.300476,2025-12-15 20:13:58.854189
-4.085545,2022-01-10,2022-01-17,sz.300476,2025-12-15 20:13:58.854189
-3.9959934,2022-01-11,2022-01-18,sz.300476,2025-12-15 20:13:58.854189
-3.9578693,2022-01-12,2022-01-19,sz.300476,2025-12-15 20:13:58.854189
-3.901421,2022-01-13,2022-01-20,sz.300476,2025-12-15 20:13:58.854189
-3.9896877,2022-01-14,2022-01-21,sz.300476,2025-12-15 20:13:58.854189
-4.033549,2022-01-17,2022-01-24,sz.300476,2025-12-15 20:13:58.854189
-4.0814667,2022-01-18,2022-01-25,sz.300476,2025-12-15 20:13:58.854189
-3.7319381,2022-01-19,2022-01-26,sz.300476,2025-12-15 20:13:58.854189
-4.1217456,2022-01-20,2022-01-27,sz.300476,2025-12-15 20:13:58.854189
-4.1029305,2022-01-21,2022-01-28,sz.300476,2025-12-15 20:13:58.854189
-4.1179547,2022-01-24,2022-01-31,sz.300476,2025-12-15 20:13:58.854189
-3.752174,2022-01-25,2022-02-01,sz.300476,2025-12-15 20:13:58.854189
-4.033632,2022-01-26,2022-02-02,sz.300476,2025-12-15 20:13:58.854189
-3.7125869,2022-01-27,2022-02-03,sz.300476,2025-12-15 20:13:58.854189
-3.8931353,2022-01-28,2022-02-04,sz.300476,2025-12-15 20:13:58.854189
-3.9925954,2022-02-07,2022-02-14,sz.300476,2025-12-15 20:13:58.854189
-3.9298513,2022-02-08,2022-02-15,sz.300476,2025-12-15 20:13:58.854189
-4.0003333,2022-02-09,2022-02-16,sz.300476,2025-12-15 20:13:58.854189
-3.9058175,2022-02-10,2022-02-17,sz.300476,2025-12-15 20:13:58.854189
-3.946265,2022-02-11,2022-02-18,sz.300476,2025-12-15 20:13:58.854189
-3.9661877,2022-02-14,2022-02-21,sz.300476,2025-12-15 20:13:58.854189
-4.0297923,2022-02-15,2022-02-22,sz.300476,2025-12-15 20:13:58.854189
-3.9582584,2022-02-16,2022-02-23,sz.300476,2025-12-15 20:13:58.854189
-3.8892286,2022-02-17,2022-02-24,sz.300476,2025-12-15 20:13:58.854189
-3.9241722,2022-02-18,2022-02-25,sz.300476,2025-12-15 20:13:58.854189
-3.9952767,2022-02-21,2022-02-28,sz.300476,2025-12-15 20:13:58.854189
-3.9711745,2022-02-22,2022-03-01,sz.300476,2025-12-15 20:13:58.854189
-4.034378,2022-02-23,2022-03-02,sz.300476,2025-12-15 20:13:58.854189
-4.00771,2022-02-24,2022-03-03,sz.300476,2025-12-15 20:13:58.854189
-3.9298313,2022-02-25,2022-03-04,sz.300476,2025-12-15 20:13:58.854189
-4.116542,2022-02-28,2022-03-07,sz.300476,2025-12-15 20:13:58.854189
-4.090139,2022-03-01,2022-03-08,sz.300476,2025-12-15 20:13:58.854189
-4.187366,2022-03-02,2022-03-09,sz.300476,2025-12-15 20:13:58.854189
-4.0057993,2022-03-03,2022-03-10,sz.300476,2025-12-15 20:13:58.854189
-4.060128,2022-03-04,2022-03-11,sz.300476,2025-12-15 20:13:58.854189
-3.8024504,2022-03-07,2022-03-14,sz.300476,2025-12-15 20:13:58.854189
-4.1066985,2022-03-08,2022-03-15,sz.300476,2025-12-15 20:13:58.854189
-4.06586,2022-03-09,2022-03-16,sz.300476,2025-12-15 20:13:58.854189
-4.3525934,2022-03-10,2022-03-17,sz.300476,2025-12-15 20:13:58.854189
-4.4019275,2022-03-11,2022-03-18,sz.300476,2025-12-15 20:13:58.854189
-4.0409102,2022-03-14,2022-03-21,sz.300476,2025-12-15 20:13:58.854189
-4.037774,2022-03-15,2022-03-22,sz.300476,2025-12-15 20:13:58.854189
-4.368281,2022-03-16,2022-03-23,sz.300476,2025-12-15 20:13:58.854189
-4.2105203,2022-03-17,2022-03-24,sz.300476,2025-12-15 20:13:58.854189
-4.2166047,2022-03-18,2022-03-25,sz.300476,2025-12-15 20:13:58.854189
-4.1890163,2022-03-21,2022-03-28,sz.300476,2025-12-15 20:13:58.854189
-4.209743,2022-03-22,2022-03-29,sz.300476,2025-12-15 20:13:58.854189
-4.1790895,2022-03-23,2022-03-30,sz.300476,2025-12-15 20:13:58.854189
-4.2123904,2022-03-24,2022-03-31,sz.300476,2025-12-15 20:13:58.854189
-3.9117687,2022-03-25,2022-04-01,sz.300476,2025-12-15 20:13:58.854189
-4.029511,2022-03-28,2022-04-04,sz.300476,2025-12-15 20:13:58.854189
-4.0413303,2022-03-29,2022-04-05,sz.300476,2025-12-15 20:13:58.854189
-4.1438675,2022-03-30,2022-04-06,sz.300476,2025-12-15 20:13:58.854189
-4.068263,2022-03-31,2022-04-07,sz.300476,2025-12-15 20:13:58.854189
-4.079164,2022-04-01,2022-04-08,sz.300476,2025-12-15 20:13:58.854189
-4.0168886,2022-04-06,2022-04-13,sz.300476,2025-12-15 20:13:58.854189
-3.755203,2022-04-07,2022-04-14,sz.300476,2025-12-15 20:13:58.854189
-3.7912586,2022-04-08,2022-04-15,sz.300476,2025-12-15 20:13:58.854189
-3.4585314,2022-04-11,2022-04-18,sz.300476,2025-12-15 20:13:58.854189
-4.017067,2022-04-12,2022-04-19,sz.300476,2025-12-15 20:13:58.854189
-3.6719913,2022-04-13,2022-04-20,sz.300476,2025-12-15 20:13:58.854189
-3.8066208,2022-04-14,2022-04-21,sz.300476,2025-12-15 20:13:58.854189
-3.806286,2022-04-15,2022-04-22,sz.300476,2025-12-15 20:13:58.854189
-3.7956111,2022-04-18,2022-04-25,sz.300476,2025-12-15 20:13:58.854189
-3.7917464,2022-04-19,2022-04-26,sz.300476,2025-12-15 20:13:58.854189
-3.8458307,2022-04-20,2022-04-27,sz.300476,2025-12-15 20:13:58.854189
-3.7038288,2022-04-21,2022-04-28,sz.300476,2025-12-15 20:13:58.854189
-3.7396266,2022-04-22,2022-04-29,sz.300476,2025-12-15 20:13:58.854189
-3.2906067,2022-04-25,2022-05-02,sz.300476,2025-12-15 20:13:58.854189
-3.3639169,2022-04-26,2022-05-03,sz.300476,2025-12-15 20:13:58.854189
-3.656475,2022-04-27,2022-05-04,sz.300476,2025-12-15 20:13:58.854189
-3.3937676,2022-04-28,2022-05-05,sz.300476,2025-12-15 20:13:58.854189
-3.8411992,2022-04-29,2022-05-06,sz.300476,2025-12-15 20:13:58.854189
-3.7479744,2022-05-05,2022-05-12,sz.300476,2025-12-15 20:13:58.854189
-3.6973467,2022-05-06,2022-05-13,sz.300476,2025-12-15 20:13:58.854189
-3.6141677,2022-05-09,2022-05-16,sz.300476,2025-12-15 20:13:58.854189
-3.7659528,2022-05-10,2022-05-17,sz.300476,2025-12-15 20:13:58.854189
-3.7810185,2022-05-11,2022-05-18,sz.300476,2025-12-15 20:13:58.854189
-3.9638946,2022-05-12,2022-05-19,sz.300476,2025-12-15 20:13:58.854189
-4.0416303,2022-05-13,2022-05-20,sz.300476,2025-12-15 20:13:58.854189
-3.9400146,2022-05-16,2022-05-23,sz.300476,2025-12-15 20:13:58.854189
-3.9384925,2022-05-17,2022-05-24,sz.300476,2025-12-15 20:13:58.854189
-3.9090476,2022-05-18,2022-05-25,sz.300476,2025-12-15 20:13:58.854189
-3.9432676,2022-05-19,2022-05-26,sz.300476,2025-12-15 20:13:58.854189
-4.049069,2022-05-20,2022-05-27,sz.300476,2025-12-15 20:13:58.854189
-4.1072536,2022-05-23,2022-05-30,sz.300476,2025-12-15 20:13:58.854189
-3.734347,2022-05-24,2022-05-31,sz.300476,2025-12-15 20:13:58.854189
-3.9389632,2022-05-25,2022-06-01,sz.300476,2025-12-15 20:13:58.854189
-4.013343,2022-05-26,2022-06-02,sz.300476,2025-12-15 20:13:58.854189
-3.863293,2022-05-27,2022-06-03,sz.300476,2025-12-15 20:13:58.854189
-3.970732,2022-05-30,2022-06-06,sz.300476,2025-12-15 20:13:58.854189
-4.1041884,2022-05-31,2022-06-07,sz.300476,2025-12-15 20:13:58.854189
-4.0527906,2022-06-01,2022-06-08,sz.300476,2025-12-15 20:13:58.854189
-3.9917815,2022-06-02,2022-06-09,sz.300476,2025-12-15 20:13:58.854189
-3.8971384,2022-06-06,2022-06-13,sz.300476,2025-12-15 20:13:58.854189
-3.9162657,2022-06-07,2022-06-14,sz.300476,2025-12-15 20:13:58.854189
-3.9732988,2022-06-08,2022-06-15,sz.300476,2025-12-15 20:13:58.854189
-4.0070133,2022-06-09,2022-06-16,sz.300476,2025-12-15 20:13:58.854189
-4.0251412,2022-06-10,2022-06-17,sz.300476,2025-12-15 20:13:58.854189
-3.9695466,2022-06-13,2022-06-20,sz.300476,2025-12-15 20:13:58.854189
-4.0172915,2022-06-14,2022-06-21,sz.300476,2025-12-15 20:13:58.854189
-3.8196335,2022-06-15,2022-06-22,sz.300476,2025-12-15 20:13:58.854189
-3.8531854,2022-06-16,2022-06-23,sz.300476,2025-12-15 20:13:58.854189
-4.0733347,2022-06-17,2022-06-24,sz.300476,2025-12-15 20:13:58.854189
-4.0052433,2022-06-20,2022-06-27,sz.300476,2025-12-15 20:13:58.854189
-4.1161475,2022-06-21,2022-06-28,sz.300476,2025-12-15 20:13:58.854189
-3.9969938,2022-06-22,2022-06-29,sz.300476,2025-12-15 20:13:58.854189
-4.14206,2022-06-23,2022-06-30,sz.300476,2025-12-15 20:13:58.854189
-4.1997323,2022-06-24,2022-07-01,sz.300476,2025-12-15 20:13:58.854189
-4.2811365,2022-06-27,2022-07-04,sz.300476,2025-12-15 20:13:58.854189
-4.3823214,2022-06-28,2022-07-05,sz.300476,2025-12-15 20:13:58.854189
-4.263516,2022-06-29,2022-07-06,sz.300476,2025-12-15 20:13:58.854189
-4.2898726,2022-06-30,2022-07-07,sz.300476,2025-12-15 20:13:58.854189
-4.171445,2022-07-01,2022-07-08,sz.300476,2025-12-15 20:13:58.854189
-4.2020173,2022-07-04,2022-07-11,sz.300476,2025-12-15 20:13:58.854189
-4.170221,2022-07-05,2022-07-12,sz.300476,2025-12-15 20:13:58.854189
-4.289847,2022-07-06,2022-07-13,sz.300476,2025-12-15 20:13:58.854189
-4.4011617,2022-07-07,2022-07-14,sz.300476,2025-12-15 20:13:58.854189
-4.2680616,2022-07-08,2022-07-15,sz.300476,2025-12-15 20:13:58.854189
-4.1578636,2022-07-11,2022-07-18,sz.300476,2025-12-15 20:13:58.854189
-4.090685,2022-07-12,2022-07-19,sz.300476,2025-12-15 20:13:58.854189
-4.099216,2022-07-13,2022-07-20,sz.300476,2025-12-15 20:13:58.854189
-4.0993686,2022-07-14,2022-07-21,sz.300476,2025-12-15 20:13:58.854189
-4.1212745,2022-07-15,2022-07-22,sz.300476,2025-12-15 20:13:58.854189
-4.206167,2022-07-18,2022-07-25,sz.300476,2025-12-15 20:13:58.854189
-4.130555,2022-07-19,2022-07-26,sz.300476,2025-12-15 20:13:58.854189
-3.980172,2022-07-20,2022-07-27,sz.300476,2025-12-15 20:13:58.854189
-3.906449,2022-07-21,2022-07-28,sz.300476,2025-12-15 20:13:58.854189
-3.9690502,2022-07-22,2022-07-29,sz.300476,2025-12-15 20:13:58.854189
-3.9646537,2022-07-25,2022-08-01,sz.300476,2025-12-15 20:13:58.854189
-3.8913567,2022-07-26,2022-08-02,sz.300476,2025-12-15 20:13:58.854189
-3.802163,2022-07-27,2022-08-03,sz.300476,2025-12-15 20:13:58.854189
-3.773386,2022-07-28,2022-08-04,sz.300476,2025-12-15 20:13:58.854189
-3.637503,2022-07-29,2022-08-05,sz.300476,2025-12-15 20:13:58.854189
-3.8574479,2022-08-01,2022-08-08,sz.300476,2025-12-15 20:13:58.854189
-3.8319075,2022-08-02,2022-08-09,sz.300476,2025-12-15 20:13:58.854189
-3.662067,2022-08-03,2022-08-10,sz.300476,2025-12-15 20:13:58.854189
-3.9164388,2022-08-04,2022-08-11,sz.300476,2025-12-15 20:13:58.854189
-3.9615867,2022-08-05,2022-08-12,sz.300476,2025-12-15 20:13:58.854189
-3.8826149,2022-08-08,2022-08-15,sz.300476,2025-12-15 20:13:58.854189
-3.8985422,2022-08-09,2022-08-16,sz.300476,2025-12-15 20:13:58.854189
-3.9259093,2022-08-10,2022-08-17,sz.300476,2025-12-15 20:13:58.854189
-4.076457,2022-08-11,2022-08-18,sz.300476,2025-12-15 20:13:58.854189
-4.066838,2022-08-12,2022-08-19,sz.300476,2025-12-15 20:13:58.854189
-4.1971364,2022-08-15,2022-08-22,sz.300476,2025-12-15 20:13:58.854189
-4.183904,2022-08-16,2022-08-23,sz.300476,2025-12-15 20:13:58.854189
-4.2679715,2022-08-17,2022-08-24,sz.300476,2025-12-15 20:13:58.854189
-4.280367,2022-08-18,2022-08-25,sz.300476,2025-12-15 20:13:58.854189
-4.0435767,2022-08-19,2022-08-26,sz.300476,2025-12-15 20:13:58.854189
-4.222339,2022-08-22,2022-08-29,sz.300476,2025-12-15 20:13:58.854189
-4.1460595,2022-08-23,2022-08-30,sz.300476,2025-12-15 20:13:58.854189
-3.8594897,2022-08-24,2022-08-31,sz.300476,2025-12-15 20:13:58.854189
-4.1706195,2022-08-25,2022-09-01,sz.300476,2025-12-15 20:13:58.854189
-4.17816,2022-08-26,2022-09-02,sz.300476,2025-12-15 20:13:58.854189
-4.1695065,2022-08-29,2022-09-05,sz.300476,2025-12-15 20:13:58.854189
-4.1915064,2022-08-30,2022-09-06,sz.300476,2025-12-15 20:13:58.854189
-4.189115,2022-08-31,2022-09-07,sz.300476,2025-12-15 20:13:58.854189
-4.2154465,2022-09-01,2022-09-08,sz.300476,2025-12-15 20:13:58.854189
-4.178123,2022-09-02,2022-09-09,sz.300476,2025-12-15 20:13:58.854189
-4.197868,2022-09-05,2022-09-12,sz.300476,2025-12-15 20:13:58.854189
-4.1998467,2022-09-06,2022-09-13,sz.300476,2025-12-15 20:13:58.854189
-4.215273,2022-09-07,2022-09-14,sz.300476,2025-12-15 20:13:58.854189
-4.170291,2022-09-08,2022-09-15,sz.300476,2025-12-15 20:13:58.854189
-4.1989017,2022-09-09,2022-09-16,sz.300476,2025-12-15 20:13:58.854189
-4.1693306,2022-09-13,2022-09-20,sz.300476,2025-12-15 20:13:58.854189
-4.135357,2022-09-14,2022-09-21,sz.300476,2025-12-15 20:13:58.854189
-4.1497903,2022-09-15,2022-09-22,sz.300476,2025-12-15 20:13:58.854189
-4.183742,2022-09-16,2022-09-23,sz.300476,2025-12-15 20:13:58.854189
-4.179997,2022-09-19,2022-09-26,sz.300476,2025-12-15 20:13:58.854189
-4.120422,2022-09-20,2022-09-27,sz.300476,2025-12-15 20:13:58.854189
-4.1611376,2022-09-21,2022-09-28,sz.300476,2025-12-15 20:13:58.854189
-4.087517,2022-09-22,2022-09-29,sz.300476,2025-12-15 20:13:58.854189
-4.1397676,2022-09-23,2022-09-30,sz.300476,2025-12-15 20:13:58.854189
-4.148925,2022-09-26,2022-10-03,sz.300476,2025-12-15 20:13:58.854189
-4.0857897,2022-09-27,2022-10-04,sz.300476,2025-12-15 20:13:58.854189
-4.063418,2022-09-28,2022-10-05,sz.300476,2025-12-15 20:13:58.854189
-4.086795,2022-09-29,2022-10-06,sz.300476,2025-12-15 20:13:58.854189
-4.046304,2022-09-30,2022-10-07,sz.300476,2025-12-15 20:13:58.854189
-3.950218,2022-10-10,2022-10-17,sz.300476,2025-12-15 20:13:58.854189
-4.0930624,2022-10-11,2022-10-18,sz.300476,2025-12-15 20:13:58.854189
-4.0707207,2022-10-12,2022-10-19,sz.300476,2025-12-15 20:13:58.854189
-4.0200915,2022-10-13,2022-10-20,sz.300476,2025-12-15 20:13:58.854189
-4.0211883,2022-10-14,2022-10-21,sz.300476,2025-12-15 20:13:58.854189
-4.015323,2022-10-17,2022-10-24,sz.300476,2025-12-15 20:13:58.854189
-4.038507,2022-10-18,2022-10-25,sz.300476,2025-12-15 20:13:58.854189
-3.981138,2022-10-19,2022-10-26,sz.300476,2025-12-15 20:13:58.854189
-4.008472,2022-10-20,2022-10-27,sz.300476,2025-12-15 20:13:58.854189
-3.9564826,2022-10-21,2022-10-28,sz.300476,2025-12-15 20:13:58.854189
-3.8683155,2022-10-24,2022-10-31,sz.300476,2025-12-15 20:13:58.854189
-3.951536,2022-10-25,2022-11-01,sz.300476,2025-12-15 20:13:58.854189
-3.9565213,2022-10-26,2022-11-02,sz.300476,2025-12-15 20:13:58.854189
-3.9468348,2022-10-27,2022-11-03,sz.300476,2025-12-15 20:13:58.854189
-3.6403666,2022-10-28,2022-11-04,sz.300476,2025-12-15 20:13:58.854189
-3.8545277,2022-10-31,2022-11-07,sz.300476,2025-12-15 20:13:58.854189
-3.952809,2022-11-01,2022-11-08,sz.300476,2025-12-15 20:13:58.854189
-3.9332845,2022-11-02,2022-11-09,sz.300476,2025-12-15 20:13:58.854189
-3.9595182,2022-11-03,2022-11-10,sz.300476,2025-12-15 20:13:58.854189
-3.9156845,2022-11-04,2022-11-11,sz.300476,2025-12-15 20:13:58.854189
-3.8932426,2022-11-07,2022-11-14,sz.300476,2025-12-15 20:13:58.854189
-3.9124334,2022-11-08,2022-11-15,sz.300476,2025-12-15 20:13:58.854189
-3.9394515,2022-11-09,2022-11-16,sz.300476,2025-12-15 20:13:58.854189
-3.9001818,2022-11-10,2022-11-17,sz.300476,2025-12-15 20:13:58.854189
-3.8918712,2022-11-11,2022-11-18,sz.300476,2025-12-15 20:13:58.854189
-3.8919384,2022-11-14,2022-11-21,sz.300476,2025-12-15 20:13:58.854189
-3.9657466,2022-11-15,2022-11-22,sz.300476,2025-12-15 20:13:58.854189
-3.9600618,2022-11-16,2022-11-23,sz.300476,2025-12-15 20:13:58.854189
-4.0277085,2022-11-17,2022-11-24,sz.300476,2025-12-15 20:13:58.854189
-3.9462783,2022-11-18,2022-11-25,sz.300476,2025-12-15 20:13:58.854189
-3.9407532,2022-11-21,2022-11-28,sz.300476,2025-12-15 20:13:58.854189
-3.9002037,2022-11-22,2022-11-29,sz.300476,2025-12-15 20:13:58.854189
-3.9466727,2022-11-23,2022-11-30,sz.300476,2025-12-15 20:13:58.854189
-3.9789307,2022-11-24,2022-12-01,sz.300476,2025-12-15 20:13:58.854189
-3.933852,2022-11-25,2022-12-02,sz.300476,2025-12-15 20:13:58.854189
-3.9056525,2022-11-28,2022-12-05,sz.300476,2025-12-15 20:13:58.854189
-3.8664703,2022-11-29,2022-12-06,sz.300476,2025-12-15 20:13:58.854189
-3.848673,2022-11-30,2022-12-07,sz.300476,2025-12-15 20:13:58.854189
-3.8377879,2022-12-01,2022-12-08,sz.300476,2025-12-15 20:13:58.854189
-3.8533118,2022-12-02,2022-12-09,sz.300476,2025-12-15 20:13:58.854189
-3.8509948,2022-12-05,2022-12-12,sz.300476,2025-12-15 20:13:58.854189
-3.803037,2022-12-06,2022-12-13,sz.300476,2025-12-15 20:13:58.854189
-3.7632987,2022-12-07,2022-12-14,sz.300476,2025-12-15 20:13:58.854189
-3.7183375,2022-12-08,2022-12-15,sz.300476,2025-12-15 20:13:58.854189
-3.706803,2022-12-09,2022-12-16,sz.300476,2025-12-15 20:13:58.854189
-3.7263088,2022-12-12,2022-12-19,sz.300476,2025-12-15 20:13:58.854189
-3.6434877,2022-12-13,2022-12-20,sz.300476,2025-12-15 20:13:58.854189
-3.6252067,2022-12-14,2022-12-21,sz.300476,2025-12-15 20:13:58.854189
-3.68939,2022-12-15,2022-12-22,sz.300476,2025-12-15 20:13:58.854189
-3.644646,2022-12-16,2022-12-23,sz.300476,2025-12-15 20:13:58.854189
-3.5693185,2022-12-19,2022-12-26,sz.300476,2025-12-15 20:13:58.854189
-3.6226494,2022-12-20,2022-12-27,sz.300476,2025-12-15 20:13:58.854189
-3.6312041,2022-12-21,2022-12-28,sz.300476,2025-12-15 20:13:58.854189
-3.6651115,2022-12-22,2022-12-29,sz.300476,2025-12-15 20:13:58.854189
-3.690859,2022-12-23,2022-12-30,sz.300476,2025-12-15 20:13:58.854189
-3.7330005,2022-12-26,2023-01-02,sz.300476,2025-12-15 20:13:58.854189
-3.7395146,2022-12-27,2023-01-03,sz.300476,2025-12-15 20:13:58.854189
-3.7174664,2022-12-28,2023-01-04,sz.300476,2025-12-15 20:13:58.854189
-3.7709985,2022-12-29,2023-01-05,sz.300476,2025-12-15 20:13:58.854189
-3.930322,2022-12-30,2023-01-06,sz.300476,2025-12-15 20:13:58.854189
-4.014263,2023-01-03,2023-01-10,sz.300476,2025-12-15 20:13:58.854189
-4.0131507,2023-01-04,2023-01-11,sz.300476,2025-12-15 20:13:58.854189
-3.9683979,2023-01-05,2023-01-12,sz.300476,2025-12-15 20:13:58.854189
-3.907728,2023-01-06,2023-01-13,sz.300476,2025-12-15 20:13:58.854189
-4.0064726,2023-01-09,2023-01-16,sz.300476,2025-12-15 20:13:58.854189
-4.067976,2023-01-10,2023-01-17,sz.300476,2025-12-15 20:13:58.854189
-4.1290555,2023-01-11,2023-01-18,sz.300476,2025-12-15 20:13:58.854189
-4.1492352,2023-01-12,2023-01-19,sz.300476,2025-12-15 20:13:58.854189
-4.1412425,2023-01-13,2023-01-20,sz.300476,2025-12-15 20:13:58.854189
-4.0701346,2023-01-16,2023-01-23,sz.300476,2025-12-15 20:13:58.854189
-4.0592704,2023-01-17,2023-01-24,sz.300476,2025-12-15 20:13:58.854189
-4.1023602,2023-01-18,2023-01-25,sz.300476,2025-12-15 20:13:58.854189
-4.194932,2023-01-19,2023-01-26,sz.300476,2025-12-15 20:13:58.854189
-4.180427,2023-01-20,2023-01-27,sz.300476,2025-12-15 20:13:58.854189
-4.0743504,2023-01-30,2023-02-06,sz.300476,2025-12-15 20:13:58.854189
-4.0852203,2023-01-31,2023-02-07,sz.300476,2025-12-15 20:13:58.854189
-4.0959573,2023-02-01,2023-02-08,sz.300476,2025-12-15 20:13:58.854189
-4.038844,2023-02-02,2023-02-09,sz.300476,2025-12-15 20:13:58.854189
-4.115114,2023-02-03,2023-02-10,sz.300476,2025-12-15 20:13:58.854189
-4.085359,2023-02-06,2023-02-13,sz.300476,2025-12-15 20:13:58.854189
-4.0378304,2023-02-07,2023-02-14,sz.300476,2025-12-15 20:13:58.854189
-3.9979665,2023-02-08,2023-02-15,sz.300476,2025-12-15 20:13:58.854189
-4.1798735,2023-02-09,2023-02-16,sz.300476,2025-12-15 20:13:58.854189
-4.114738,2023-02-10,2023-02-17,sz.300476,2025-12-15 20:13:58.854189
-4.166348,2023-02-13,2023-02-20,sz.300476,2025-12-15 20:13:58.854189
-3.9234536,2023-02-14,2023-02-21,sz.300476,2025-12-15 20:13:58.854189
-4.1336517,2023-02-15,2023-02-22,sz.300476,2025-12-15 20:13:58.854189
-3.8317297,2023-02-16,2023-02-23,sz.300476,2025-12-15 20:13:58.854189
-3.9411104,2023-02-17,2023-02-24,sz.300476,2025-12-15 20:13:58.854189
-4.170654,2023-02-20,2023-02-27,sz.300476,2025-12-15 20:13:58.854189
-4.108186,2023-02-21,2023-02-28,sz.300476,2025-12-15 20:13:58.854189
-4.153985,2023-02-22,2023-03-01,sz.300476,2025-12-15 20:13:58.854189
-4.047837,2023-02-23,2023-03-02,sz.300476,2025-12-15 20:13:58.854189
-4.1081023,2023-02-24,2023-03-03,sz.300476,2025-12-15 20:13:58.854189
-4.0212655,2023-02-27,2023-03-06,sz.300476,2025-12-15 20:13:58.854189
-4.2535954,2023-02-28,2023-03-07,sz.300476,2025-12-15 20:13:58.854189
-4.2223206,2023-03-01,2023-03-08,sz.300476,2025-12-15 20:13:58.854189
-4.1942225,2023-03-02,2023-03-09,sz.300476,2025-12-15 20:13:58.854189
-4.259216,2023-03-03,2023-03-10,sz.300476,2025-12-15 20:13:58.854189
-4.176474,2023-03-06,2023-03-13,sz.300476,2025-12-15 20:13:58.854189
-3.979015,2023-03-07,2023-03-14,sz.300476,2025-12-15 20:13:58.854189
-4.2758126,2023-03-08,2023-03-15,sz.300476,2025-12-15 20:13:58.854189
-4.242052,2023-03-09,2023-03-16,sz.300476,2025-12-15 20:13:58.854189
-4.1411023,2023-03-10,2023-03-17,sz.300476,2025-12-15 20:13:58.854189
-4.214814,2023-03-13,2023-03-20,sz.300476,2025-12-15 20:13:58.854189
-4.140576,2023-03-14,2023-03-21,sz.300476,2025-12-15 20:13:58.854189
-4.0840855,2023-03-15,2023-03-22,sz.300476,2025-12-15 20:13:58.854189
-4.068936,2023-03-16,2023-03-23,sz.300476,2025-12-15 20:13:58.854189
-4.12696,2023-03-17,2023-03-24,sz.300476,2025-12-15 20:13:58.854189
-4.2003894,2023-03-20,2023-03-27,sz.300476,2025-12-15 20:13:58.854189
-4.133044,2023-03-21,2023-03-28,sz.300476,2025-12-15 20:13:58.854189
-4.1630187,2023-03-22,2023-03-29,sz.300476,2025-12-15 20:13:58.854189
-4.1850595,2023-03-23,2023-03-30,sz.300476,2025-12-15 20:13:58.854189
-4.1695056,2023-03-24,2023-03-31,sz.300476,2025-12-15 20:13:58.854189
-3.9398153,2023-03-27,2023-04-03,sz.300476,2025-12-15 20:13:58.854189
-3.9144323,2023-03-28,2023-04-04,sz.300476,2025-12-15 20:13:58.854189
-4.065664,2023-03-29,2023-04-05,sz.300476,2025-12-15 20:13:58.854189
-4.026486,2023-03-30,2023-04-06,sz.300476,2025-12-15 20:13:58.854189
-4.0281444,2023-03-31,2023-04-07,sz.300476,2025-12-15 20:13:58.854189
-3.9899137,2023-04-03,2023-04-10,sz.300476,2025-12-15 20:13:58.854189
-4.0547023,2023-04-04,2023-04-11,sz.300476,2025-12-15 20:13:58.854189
-4.243845,2023-04-06,2023-04-13,sz.300476,2025-12-15 20:13:58.854189
-4.025178,2023-04-07,2023-04-14,sz.300476,2025-12-15 20:13:58.854189
-3.8669972,2023-04-10,2023-04-17,sz.300476,2025-12-15 20:13:58.854189
-3.931,2023-04-11,2023-04-18,sz.300476,2025-12-15 20:13:58.854189
-3.9804032,2023-04-12,2023-04-19,sz.300476,2025-12-15 20:13:58.854189
-3.841626,2023-04-13,2023-04-20,sz.300476,2025-12-15 20:13:58.854189
-4.010163,2023-04-14,2023-04-21,sz.300476,2025-12-15 20:13:58.854189
-3.9547698,2023-04-17,2023-04-24,sz.300476,2025-12-15 20:13:58.854189
-4.0438724,2023-04-18,2023-04-25,sz.300476,2025-12-15 20:13:58.854189
-3.9203737,2023-04-19,2023-04-26,sz.300476,2025-12-15 20:13:58.854189
-4.0059247,2023-04-20,2023-04-27,sz.300476,2025-12-15 20:13:58.854189
-3.9199836,2023-04-21,2023-04-28,sz.300476,2025-12-15 20:13:58.854189
-3.8983736,2023-04-24,2023-05-01,sz.300476,2025-12-15 20:13:58.854189
-3.8443756,2023-04-25,2023-05-02,sz.300476,2025-12-15 20:13:58.854189
-3.8233926,2023-04-26,2023-05-03,sz.300476,2025-12-15 20:13:58.854189
-3.8220785,2023-04-27,2023-05-04,sz.300476,2025-12-15 20:13:58.854189
-3.8820379,2023-04-28,2023-05-05,sz.300476,2025-12-15 20:13:58.854189
-3.7342975,2023-05-04,2023-05-11,sz.300476,2025-12-15 20:13:58.854189
-3.705591,2023-05-05,2023-05-12,sz.300476,2025-12-15 20:13:58.854189
-3.8319328,2023-05-08,2023-05-15,sz.300476,2025-12-15 20:13:58.854189
-3.797341,2023-05-09,2023-05-16,sz.300476,2025-12-15 20:13:58.854189
-3.9239428,2023-05-10,2023-05-17,sz.300476,2025-12-15 20:13:58.854189
-3.8262298,2023-05-11,2023-05-18,sz.300476,2025-12-15 20:13:58.854189
-3.7301214,2023-05-12,2023-05-19,sz.300476,2025-12-15 20:13:58.854189
-3.7377238,2023-05-15,2023-05-22,sz.300476,2025-12-15 20:13:58.854189
-3.7173622,2023-05-16,2023-05-23,sz.300476,2025-12-15 20:13:58.854189
-3.7925718,2023-05-17,2023-05-24,sz.300476,2025-12-15 20:13:58.854189
-3.9183586,2023-05-18,2023-05-25,sz.300476,2025-12-15 20:13:58.854189
-3.9712741,2023-05-19,2023-05-26,sz.300476,2025-12-15 20:13:58.854189
-3.8867757,2023-05-22,2023-05-29,sz.300476,2025-12-15 20:13:58.854189
-3.8738956,2023-05-23,2023-05-30,sz.300476,2025-12-15 20:13:58.854189
-3.9108965,2023-05-24,2023-05-31,sz.300476,2025-12-15 20:13:58.854189
-3.9691627,2023-05-25,2023-06-01,sz.300476,2025-12-15 20:13:58.854189
-4.1956406,2023-05-26,2023-06-02,sz.300476,2025-12-15 20:13:58.854189
-4.0561585,2023-05-29,2023-06-05,sz.300476,2025-12-15 20:13:58.854189
-4.276751,2023-05-30,2023-06-06,sz.300476,2025-12-15 20:13:58.854189
-4.1011176,2023-05-31,2023-06-07,sz.300476,2025-12-15 20:13:58.854189
-4.1754956,2023-06-01,2023-06-08,sz.300476,2025-12-15 20:13:58.854189
-3.909371,2023-06-02,2023-06-09,sz.300476,2025-12-15 20:13:58.854189
-4.1083217,2023-06-05,2023-06-12,sz.300476,2025-12-15 20:13:58.854189
-4.0463424,2023-06-06,2023-06-13,sz.300476,2025-12-15 20:13:58.854189
-4.151713,2023-06-07,2023-06-14,sz.300476,2025-12-15 20:13:58.854189
-4.1077876,2023-06-08,2023-06-15,sz.300476,2025-12-15 20:13:58.854189
-4.2305174,2023-06-09,2023-06-16,sz.300476,2025-12-15 20:13:58.854189
-4.09769,2023-06-12,2023-06-19,sz.300476,2025-12-15 20:13:58.854189
-4.1771965,2023-06-13,2023-06-20,sz.300476,2025-12-15 20:13:58.854189
-4.216746,2023-06-14,2023-06-21,sz.300476,2025-12-15 20:13:58.854189
-3.943937,2023-06-15,2023-06-22,sz.300476,2025-12-15 20:13:58.854189
-4.1427903,2023-06-16,2023-06-23,sz.300476,2025-12-15 20:13:58.854189
-4.271485,2023-06-19,2023-06-26,sz.300476,2025-12-15 20:13:58.854189
-4.196691,2023-06-20,2023-06-27,sz.300476,2025-12-15 20:13:58.854189
-3.9944131,2023-06-21,2023-06-28,sz.300476,2025-12-15 20:13:58.854189
-3.9324925,2023-06-26,2023-07-03,sz.300476,2025-12-15 20:13:58.854189
-4.0313497,2023-06-27,2023-07-04,sz.300476,2025-12-15 20:13:58.854189
-3.9650643,2023-06-28,2023-07-05,sz.300476,2025-12-15 20:13:58.854189
-3.9461668,2023-06-29,2023-07-06,sz.300476,2025-12-15 20:13:58.854189
-4.0370393,2023-06-30,2023-07-07,sz.300476,2025-12-15 20:13:58.854189
-4.0119233,2023-07-03,2023-07-10,sz.300476,2025-12-15 20:13:58.854189
-3.9536088,2023-07-04,2023-07-11,sz.300476,2025-12-15 20:13:58.854189
-3.8027885,2023-07-05,2023-07-12,sz.300476,2025-12-15 20:13:58.854189
-3.9355528,2023-07-06,2023-07-13,sz.300476,2025-12-15 20:13:58.854189
-3.8927567,2023-07-07,2023-07-14,sz.300476,2025-12-15 20:13:58.854189
-3.8866389,2023-07-10,2023-07-17,sz.300476,2025-12-15 20:13:58.854189
-3.8022106,2023-07-11,2023-07-18,sz.300476,2025-12-15 20:13:58.854189
-3.7625067,2023-07-12,2023-07-19,sz.300476,2025-12-15 20:13:58.854189
-3.9131072,2023-07-13,2023-07-20,sz.300476,2025-12-15 20:13:58.854189
-3.9755847,2023-07-14,2023-07-21,sz.300476,2025-12-15 20:13:58.854189
-4.0265393,2023-07-17,2023-07-24,sz.300476,2025-12-15 20:13:58.854189
-3.8296638,2023-07-18,2023-07-25,sz.300476,2025-12-15 20:13:58.854189
-3.9100096,2023-07-19,2023-07-26,sz.300476,2025-12-15 20:13:58.854189
-3.622663,2023-07-20,2023-07-27,sz.300476,2025-12-15 20:13:58.854189
-3.8772085,2023-07-21,2023-07-28,sz.300476,2025-12-15 20:13:58.854189
-3.8403368,2023-07-24,2023-07-31,sz.300476,2025-12-15 20:13:58.854189
-3.9956176,2023-07-25,2023-08-01,sz.300476,2025-12-15 20:13:58.854189
-3.9616754,2023-07-26,2023-08-02,sz.300476,2025-12-15 20:13:58.854189
-3.9142215,2023-07-27,2023-08-03,sz.300476,2025-12-15 20:13:58.854189
-3.9289072,2023-07-28,2023-08-04,sz.300476,2025-12-15 20:13:58.854189
-3.958523,2023-07-31,2023-08-07,sz.300476,2025-12-15 20:13:58.854189
-3.9570253,2023-08-01,2023-08-08,sz.300476,2025-12-15 20:13:58.854189
-3.8254383,2023-08-02,2023-08-09,sz.300476,2025-12-15 20:13:58.854189
-3.9917443,2023-08-03,2023-08-10,sz.300476,2025-12-15 20:13:58.854189
-3.9055421,2023-08-04,2023-08-11,sz.300476,2025-12-15 20:13:58.854189
-3.913532,2023-08-07,2023-08-14,sz.300476,2025-12-15 20:13:58.854189
-3.9651735,2023-08-08,2023-08-15,sz.300476,2025-12-15 20:13:58.854189
-3.897156,2023-08-09,2023-08-16,sz.300476,2025-12-15 20:13:58.854189
-3.9604514,2023-08-10,2023-08-17,sz.300476,2025-12-15 20:13:58.854189
-3.8929212,2023-08-11,2023-08-18,sz.300476,2025-12-15 20:13:58.854189
-3.9082158,2023-08-14,2023-08-21,sz.300476,2025-12-15 20:13:58.854189
-3.9513552,2023-08-15,2023-08-22,sz.300476,2025-12-15 20:13:58.854189
-3.818891,2023-08-16,2023-08-23,sz.300476,2025-12-15 20:13:58.854189
-3.9021878,2023-08-17,2023-08-24,sz.300476,2025-12-15 20:13:58.854189
-3.8457315,2023-08-18,2023-08-25,sz.300476,2025-12-15 20:13:58.854189
-3.7967298,2023-08-21,2023-08-28,sz.300476,2025-12-15 20:13:58.854189
-4.000196,2023-08-22,2023-08-29,sz.300476,2025-12-15 20:13:58.854189
-3.909496,2023-08-23,2023-08-30,sz.300476,2025-12-15 20:13:58.854189
-3.9620917,2023-08-24,2023-08-31,sz.300476,2025-12-15 20:13:58.854189
-3.8595889,2023-08-25,2023-09-01,sz.300476,2025-12-15 20:13:58.854189
-3.9034283,2023-08-28,2023-09-04,sz.300476,2025-12-15 20:13:58.854189
-3.9962513,2023-08-29,2023-09-05,sz.300476,2025-12-15 20:13:58.854189
-3.9263523,2023-08-30,2023-09-06,sz.300476,2025-12-15 20:13:58.854189
-3.9582484,2023-08-31,2023-09-07,sz.300476,2025-12-15 20:13:58.854189
-3.964955,2023-09-01,2023-09-08,sz.300476,2025-12-15 20:13:58.854189
-3.9080982,2023-09-04,2023-09-11,sz.300476,2025-12-15 20:13:58.854189
-4.0033736,2023-09-05,2023-09-12,sz.300476,2025-12-15 20:13:58.854189
-3.9723537,2023-09-06,2023-09-13,sz.300476,2025-12-15 20:13:58.854189
-4.053965,2023-09-07,2023-09-14,sz.300476,2025-12-15 20:13:58.854189
-3.9764736,2023-09-08,2023-09-15,sz.300476,2025-12-15 20:13:58.854189
-4.0190244,2023-09-11,2023-09-18,sz.300476,2025-12-15 20:13:58.854189
-4.0143704,2023-09-12,2023-09-19,sz.300476,2025-12-15 20:13:58.854189
-4.0183377,2023-09-13,2023-09-20,sz.300476,2025-12-15 20:13:58.854189
-4.08656,2023-09-14,2023-09-21,sz.300476,2025-12-15 20:13:58.854189
-4.0599465,2023-09-15,2023-09-22,sz.300476,2025-12-15 20:13:58.854189
-4.028318,2023-09-18,2023-09-25,sz.300476,2025-12-15 20:13:58.854189
-4.121317,2023-09-19,2023-09-26,sz.300476,2025-12-15 20:13:58.854189
-3.948984,2023-09-20,2023-09-27,sz.300476,2025-12-15 20:13:58.854189
-3.9220116,2023-09-21,2023-09-28,sz.300476,2025-12-15 20:13:58.854189
-4.119606,2023-09-22,2023-09-29,sz.300476,2025-12-15 20:13:58.854189
-4.087834,2023-09-25,2023-10-02,sz.300476,2025-12-15 20:13:58.854189
-4.0104556,2023-09-26,2023-10-03,sz.300476,2025-12-15 20:13:58.854189
-4.0384026,2023-09-27,2023-10-04,sz.300476,2025-12-15 20:13:58.854189
-3.9780705,2023-09-28,2023-10-05,sz.300476,2025-12-15 20:13:58.854189
-3.9403298,2023-10-09,2023-10-16,sz.300476,2025-12-15 20:13:58.854189
-3.945267,2023-10-10,2023-10-17,sz.300476,2025-12-15 20:13:58.854189
-3.929118,2023-10-11,2023-10-18,sz.300476,2025-12-15 20:13:58.854189
-3.9269607,2023-10-12,2023-10-19,sz.300476,2025-12-15 20:13:58.854189
-3.956926,2023-10-13,2023-10-20,sz.300476,2025-12-15 20:13:58.854189
-3.9437196,2023-10-16,2023-10-23,sz.300476,2025-12-15 20:13:58.854189
-3.9298122,2023-10-17,2023-10-24,sz.300476,2025-12-15 20:13:58.854189
-3.8349183,2023-10-18,2023-10-25,sz.300476,2025-12-15 20:13:58.854189
-3.8032753,2023-10-19,2023-10-26,sz.300476,2025-12-15 20:13:58.854189
-3.7095175,2023-10-20,2023-10-27,sz.300476,2025-12-15 20:13:58.854189
-3.7615845,2023-10-23,2023-10-30,sz.300476,2025-12-15 20:13:58.854189
-3.8145304,2023-10-24,2023-10-31,sz.300476,2025-12-15 20:13:58.854189
-3.8416178,2023-10-25,2023-11-01,sz.300476,2025-12-15 20:13:58.854189
-3.905674,2023-10-26,2023-11-02,sz.300476,2025-12-15 20:13:58.854189
-3.9235241,2023-10-27,2023-11-03,sz.300476,2025-12-15 20:13:58.854189
-3.970742,2023-10-30,2023-11-06,sz.300476,2025-12-15 20:13:58.854189
-4.068738,2023-10-31,2023-11-07,sz.300476,2025-12-15 20:13:58.854189
-4.0580416,2023-11-01,2023-11-08,sz.300476,2025-12-15 20:13:58.854189
-3.7366822,2023-11-02,2023-11-09,sz.300476,2025-12-15 20:13:58.854189
-3.9568193,2023-11-03,2023-11-10,sz.300476,2025-12-15 20:13:58.854189
-3.962117,2023-11-06,2023-11-13,sz.300476,2025-12-15 20:13:58.854189
-3.9399002,2023-11-07,2023-11-14,sz.300476,2025-12-15 20:13:58.854189
-3.8846436,2023-11-08,2023-11-15,sz.300476,2025-12-15 20:13:58.854189
-3.924569,2023-11-09,2023-11-16,sz.300476,2025-12-15 20:13:58.854189
-3.8379242,2023-11-10,2023-11-17,sz.300476,2025-12-15 20:13:58.854189
-3.889641,2023-11-13,2023-11-20,sz.300476,2025-12-15 20:13:58.854189
-3.8564847,2023-11-14,2023-11-21,sz.300476,2025-12-15 20:13:58.854189
-3.757826,2023-11-15,2023-11-22,sz.300476,2025-12-15 20:13:58.854189
-3.7323763,2023-11-16,2023-11-23,sz.300476,2025-12-15 20:13:58.854189
-3.8743165,2023-11-17,2023-11-24,sz.300476,2025-12-15 20:13:58.854189
-3.7768538,2023-11-20,2023-11-27,sz.300476,2025-12-15 20:13:58.854189
-3.7849658,2023-11-21,2023-11-28,sz.300476,2025-12-15 20:13:58.854189
-3.702194,2023-11-22,2023-11-29,sz.300476,2025-12-15 20:13:58.854189
-3.7673323,2023-11-23,2023-11-30,sz.300476,2025-12-15 20:13:58.854189
-3.6603296,2023-11-24,2023-12-01,sz.300476,2025-12-15 20:13:58.854189
-3.7209923,2023-11-27,2023-12-04,sz.300476,2025-12-15 20:13:58.854189
-3.8495162,2023-11-28,2023-12-05,sz.300476,2025-12-15 20:13:58.854189
-3.8005576,2023-11-29,2023-12-06,sz.300476,2025-12-15 20:13:58.854189
-3.7849872,2023-11-30,2023-12-07,sz.300476,2025-12-15 20:13:58.854189
-3.770191,2023-12-01,2023-12-08,sz.300476,2025-12-15 20:13:58.854189
-3.770641,2023-12-04,2023-12-11,sz.300476,2025-12-15 20:13:58.854189
-3.755192,2023-12-05,2023-12-12,sz.300476,2025-12-15 20:13:58.854189
-3.8289316,2023-12-06,2023-12-13,sz.300476,2025-12-15 20:13:58.854189
-3.8911788,2023-12-07,2023-12-14,sz.300476,2025-12-15 20:13:58.854189
-3.9259984,2023-12-08,2023-12-15,sz.300476,2025-12-15 20:13:58.854189
-4.0337095,2023-12-11,2023-12-18,sz.300476,2025-12-15 20:13:58.854189
-4.1255717,2023-12-12,2023-12-19,sz.300476,2025-12-15 20:13:58.854189
-4.2129555,2023-12-13,2023-12-20,sz.300476,2025-12-15 20:13:58.854189
-4.2901883,2023-12-14,2023-12-21,sz.300476,2025-12-15 20:13:58.854189
-4.448416,2023-12-15,2023-12-22,sz.300476,2025-12-15 20:13:58.854189
-4.4472203,2023-12-18,2023-12-25,sz.300476,2025-12-15 20:13:58.854189
-4.2524695,2023-12-19,2023-12-26,sz.300476,2025-12-15 20:13:58.854189
-4.0767837,2023-12-20,2023-12-27,sz.300476,2025-12-15 20:13:58.854189
-3.9836376,2023-12-21,2023-12-28,sz.300476,2025-12-15 20:13:58.854189
-3.8468182,2023-12-22,2023-12-29,sz.300476,2025-12-15 20:13:58.854189
-3.8092313,2023-12-25,2024-01-01,sz.300476,2025-12-15 20:13:58.854189
-3.8828132,2023-12-26,2024-01-02,sz.300476,2025-12-15 20:13:58.854189
-3.897294,2023-12-27,2024-01-03,sz.300476,2025-12-15 20:13:58.854189
-3.9996898,2023-12-28,2024-01-04,sz.300476,2025-12-15 20:13:58.854189
-3.8929708,2023-12-29,2024-01-05,sz.300476,2025-12-15 20:13:58.854189
-3.907665,2024-01-02,2024-01-09,sz.300476,2025-12-15 20:13:58.854189
-4.063922,2024-01-03,2024-01-10,sz.300476,2025-12-15 20:13:58.854189
-4.075778,2024-01-04,2024-01-11,sz.300476,2025-12-15 20:13:58.854189
-4.150423,2024-01-05,2024-01-12,sz.300476,2025-12-15 20:13:58.854189
-4.177224,2024-01-08,2024-01-15,sz.300476,2025-12-15 20:13:58.854189
-4.1362815,2024-01-09,2024-01-16,sz.300476,2025-12-15 20:13:58.854189
-4.1121163,2024-01-10,2024-01-17,sz.300476,2025-12-15 20:13:58.854189
-4.116739,2024-01-11,2024-01-18,sz.300476,2025-12-15 20:13:58.854189
-4.2145343,2024-01-12,2024-01-19,sz.300476,2025-12-15 20:13:58.854189
-4.222788,2024-01-15,2024-01-22,sz.300476,2025-12-15 20:13:58.854189
-4.3090553,2024-01-16,2024-01-23,sz.300476,2025-12-15 20:13:58.854189
-4.2983036,2024-01-17,2024-01-24,sz.300476,2025-12-15 20:13:58.854189
-4.2635922,2024-01-18,2024-01-25,sz.300476,2025-12-15 20:13:58.854189
-4.194919,2024-01-19,2024-01-26,sz.300476,2025-12-15 20:13:58.854189
-4.15634,2024-01-22,2024-01-29,sz.300476,2025-12-15 20:13:58.854189
-4.216316,2024-01-23,2024-01-30,sz.300476,2025-12-15 20:13:58.854189
-4.1995664,2024-01-24,2024-01-31,sz.300476,2025-12-15 20:13:58.854189
-4.335474,2024-01-25,2024-02-01,sz.300476,2025-12-15 20:13:58.854189
-4.2430406,2024-01-26,2024-02-02,sz.300476,2025-12-15 20:13:58.854189
-4.05365,2024-01-29,2024-02-05,sz.300476,2025-12-15 20:13:58.854189
-4.1809883,2024-01-30,2024-02-06,sz.300476,2025-12-15 20:13:58.854189
-4.159646,2024-01-31,2024-02-07,sz.300476,2025-12-15 20:13:58.854189
-4.1834855,2024-02-01,2024-02-08,sz.300476,2025-12-15 20:13:58.854189
-4.235268,2024-02-02,2024-02-09,sz.300476,2025-12-15 20:13:58.854189
-4.2143245,2024-02-05,2024-02-12,sz.300476,2025-12-15 20:13:58.854189
-4.1628914,2024-02-06,2024-02-13,sz.300476,2025-12-15 20:13:58.854189
-4.1080613,2024-02-07,2024-02-14,sz.300476,2025-12-15 20:13:58.854189
-4.066597,2024-02-08,2024-02-15,sz.300476,2025-12-15 20:13:58.854189
-4.090739,2024-02-19,2024-02-26,sz.300476,2025-12-15 20:13:58.854189
-4.182541,2024-02-20,2024-02-27,sz.300476,2025-12-15 20:13:58.854189
-4.2121816,2024-02-21,2024-02-28,sz.300476,2025-12-15 20:13:58.854189
-4.153427,2024-02-22,2024-02-29,sz.300476,2025-12-15 20:13:58.854189
-4.141219,2024-02-23,2024-03-01,sz.300476,2025-12-15 20:13:58.854189
-4.146864,2024-02-26,2024-03-04,sz.300476,2025-12-15 20:13:58.854189
-4.1897655,2024-02-27,2024-03-05,sz.300476,2025-12-15 20:13:58.854189
-4.1340957,2024-02-28,2024-03-06,sz.300476,2025-12-15 20:13:58.854189
-4.170506,2024-02-29,2024-03-07,sz.300476,2025-12-15 20:13:58.854189
-4.241757,2024-03-01,2024-03-08,sz.300476,2025-12-15 20:13:58.854189
-4.222527,2024-03-04,2024-03-11,sz.300476,2025-12-15 20:13:58.854189
-4.1796536,2024-03-05,2024-03-12,sz.300476,2025-12-15 20:13:58.854189
-4.2541823,2024-03-06,2024-03-13,sz.300476,2025-12-15 20:13:58.854189
-4.1529713,2024-03-07,2024-03-14,sz.300476,2025-12-15 20:13:58.854189
-4.3306394,2024-03-08,2024-03-15,sz.300476,2025-12-15 20:13:58.854189
-4.3320346,2024-03-11,2024-03-18,sz.300476,2025-12-15 20:13:58.854189
-4.264287,2024-03-12,2024-03-19,sz.300476,2025-12-15 20:13:58.854189
-4.2558856,2024-03-13,2024-03-20,sz.300476,2025-12-15 20:13:58.854189
-4.2427363,2024-03-14,2024-03-21,sz.300476,2025-12-15 20:13:58.854189
-4.3471394,2024-03-15,2024-03-22,sz.300476,2025-12-15 20:13:58.854189
-4.1947,2024-03-18,2024-03-25,sz.300476,2025-12-15 20:13:58.854189
-4.2878175,2024-03-19,2024-03-26,sz.300476,2025-12-15 20:13:58.854189
-4.1865807,2024-03-20,2024-03-27,sz.300476,2025-12-15 20:13:58.854189
-4.227258,2024-03-21,2024-03-28,sz.300476,2025-12-15 20:13:58.854189
-4.2490897,2024-03-22,2024-03-29,sz.300476,2025-12-15 20:13:58.854189
-4.099408,2024-03-25,2024-04-01,sz.300476,2025-12-15 20:13:58.854189
-4.0955577,2024-03-26,2024-04-02,sz.300476,2025-12-15 20:13:58.854189
-4.0687084,2024-03-27,2024-04-03,sz.300476,2025-12-15 20:13:58.854189
-4.067613,2024-03-28,2024-04-04,sz.300476,2025-12-15 20:13:58.854189
-4.207829,2024-03-29,2024-04-05,sz.300476,2025-12-15 20:13:58.854189
-4.254168,2024-04-01,2024-04-08,sz.300476,2025-12-15 20:13:58.854189
-4.0128217,2024-04-02,2024-04-09,sz.300476,2025-12-15 20:13:58.854189
-3.9994462,2024-04-03,2024-04-10,sz.300476,2025-12-15 20:13:58.854189
-3.8713944,2024-04-08,2024-04-15,sz.300476,2025-12-15 20:13:58.854189
-3.946286,2024-04-09,2024-04-16,sz.300476,2025-12-15 20:13:58.854189
-3.9020913,2024-04-10,2024-04-17,sz.300476,2025-12-15 20:13:58.854189
-3.8617423,2024-04-11,2024-04-18,sz.300476,2025-12-15 20:13:58.854189
-3.9033518,2024-04-12,2024-04-19,sz.300476,2025-12-15 20:13:58.854189
-3.9407446,2024-04-15,2024-04-22,sz.300476,2025-12-15 20:13:58.854189
-3.7673764,2024-04-16,2024-04-23,sz.300476,2025-12-15 20:13:58.854189
-3.8563473,2024-04-17,2024-04-24,sz.300476,2025-12-15 20:13:58.854189
-3.9023373,2024-04-18,2024-04-25,sz.300476,2025-12-15 20:13:58.854189
-3.8931444,2024-04-19,2024-04-26,sz.300476,2025-12-15 20:13:58.854189
-4.0676756,2024-04-22,2024-04-29,sz.300476,2025-12-15 20:13:58.854189
-3.8769321,2024-04-23,2024-04-30,sz.300476,2025-12-15 20:13:58.854189
-3.990669,2024-04-24,2024-05-01,sz.300476,2025-12-15 20:13:58.854189
-3.9676697,2024-04-25,2024-05-02,sz.300476,2025-12-15 20:13:58.854189
-4.001964,2024-04-26,2024-05-03,sz.300476,2025-12-15 20:13:58.854189
-4.0306287,2024-04-29,2024-05-06,sz.300476,2025-12-15 20:13:58.854189
-3.9856946,2024-04-30,2024-05-07,sz.300476,2025-12-15 20:13:58.854189
-3.9825618,2024-05-06,2024-05-13,sz.300476,2025-12-15 20:13:58.854189
-3.9215567,2024-05-07,2024-05-14,sz.300476,2025-12-15 20:13:58.854189
-3.9590151,2024-05-08,2024-05-15,sz.300476,2025-12-15 20:13:58.854189
-4.031137,2024-05-09,2024-05-16,sz.300476,2025-12-15 20:13:58.854189
-3.9877002,2024-05-10,2024-05-17,sz.300476,2025-12-15 20:13:58.854189
-4.070394,2024-05-13,2024-05-20,sz.300476,2025-12-15 20:13:58.854189
-3.9975803,2024-05-14,2024-05-21,sz.300476,2025-12-15 20:13:58.854189
-4.063744,2024-05-15,2024-05-22,sz.300476,2025-12-15 20:13:58.854189
-4.068476,2024-05-16,2024-05-23,sz.300476,2025-12-15 20:13:58.854189
-4.204224,2024-05-17,2024-05-24,sz.300476,2025-12-15 20:13:58.854189
-4.216089,2024-05-20,2024-05-27,sz.300476,2025-12-15 20:13:58.854189
-4.225785,2024-05-21,2024-05-28,sz.300476,2025-12-15 20:13:58.854189
-4.258151,2024-05-22,2024-05-29,sz.300476,2025-12-15 20:13:58.854189
-4.1636853,2024-05-23,2024-05-30,sz.300476,2025-12-15 20:13:58.854189
-4.058849,2024-05-24,2024-05-31,sz.300476,2025-12-15 20:13:58.854189
-4.4010663,2024-05-27,2024-06-03,sz.300476,2025-12-15 20:13:58.854189
-4.1670423,2024-05-28,2024-06-04,sz.300476,2025-12-15 20:13:58.854189
-4.332871,2024-05-29,2024-06-05,sz.300476,2025-12-15 20:13:58.854189
-4.4365506,2024-05-30,2024-06-06,sz.300476,2025-12-15 20:13:58.854189
-4.3427224,2024-05-31,2024-06-07,sz.300476,2025-12-15 20:13:58.854189
-4.4185557,2024-06-03,2024-06-10,sz.300476,2025-12-15 20:13:58.854189
-4.4700084,2024-06-04,2024-06-11,sz.300476,2025-12-15 20:13:58.854189
-4.198451,2024-06-05,2024-06-12,sz.300476,2025-12-15 20:13:58.854189
-4.193487,2024-06-06,2024-06-13,sz.300476,2025-12-15 20:13:58.854189
-4.251635,2024-06-07,2024-06-14,sz.300476,2025-12-15 20:13:58.854189
-4.4425726,2024-06-11,2024-06-18,sz.300476,2025-12-15 20:13:58.854189
-3.9485948,2024-06-12,2024-06-19,sz.300476,2025-12-15 20:13:58.854189
-4.3507094,2024-06-13,2024-06-20,sz.300476,2025-12-15 20:13:58.854189
-4.3473115,2024-06-14,2024-06-21,sz.300476,2025-12-15 20:13:58.854189
-4.3641367,2024-06-17,2024-06-24,sz.300476,2025-12-15 20:13:58.854189
-4.23928,2024-06-18,2024-06-25,sz.300476,2025-12-15 20:13:58.854189
-4.0604186,2024-06-19,2024-06-26,sz.300476,2025-12-15 20:13:58.854189
-4.1425996,2024-06-20,2024-06-27,sz.300476,2025-12-15 20:13:58.854189
-4.1641135,2024-06-21,2024-06-28,sz.300476,2025-12-15 20:13:58.854189
-3.9917629,2024-06-24,2024-07-01,sz.300476,2025-12-15 20:13:58.854189
-4.038602,2024-06-25,2024-07-02,sz.300476,2025-12-15 20:13:58.854189
-4.0101385,2024-06-26,2024-07-03,sz.300476,2025-12-15 20:13:58.854189
-3.8539593,2024-06-27,2024-07-04,sz.300476,2025-12-15 20:13:58.854189
-3.987583,2024-06-28,2024-07-05,sz.300476,2025-12-15 20:13:58.854189
-4.1973867,2024-07-01,2024-07-08,sz.300476,2025-12-15 20:13:58.854189
-3.9217994,2024-07-02,2024-07-09,sz.300476,2025-12-15 20:13:58.854189
-3.9053838,2024-07-03,2024-07-10,sz.300476,2025-12-15 20:13:58.854189
-3.8771613,2024-07-04,2024-07-11,sz.300476,2025-12-15 20:13:58.854189
-4.099724,2024-07-05,2024-07-12,sz.300476,2025-12-15 20:13:58.854189
-4.0099373,2024-07-08,2024-07-15,sz.300476,2025-12-15 20:13:58.854189
-4.245062,2024-07-09,2024-07-16,sz.300476,2025-12-15 20:13:58.854189
-4.1269674,2024-07-10,2024-07-17,sz.300476,2025-12-15 20:13:58.854189
-4.1193433,2024-07-11,2024-07-18,sz.300476,2025-12-15 20:13:58.854189
-3.9802887,2024-07-12,2024-07-19,sz.300476,2025-12-15 20:13:58.854189
-4.1760945,2024-07-15,2024-07-22,sz.300476,2025-12-15 20:13:58.854189
-4.1659293,2024-07-16,2024-07-23,sz.300476,2025-12-15 20:13:58.854189
-3.9200342,2024-07-17,2024-07-24,sz.300476,2025-12-15 20:13:58.854189
-4.205773,2024-07-18,2024-07-25,sz.300476,2025-12-15 20:13:58.854189
-4.090721,2024-07-19,2024-07-26,sz.300476,2025-12-15 20:13:58.854189
-4.093883,2024-07-22,2024-07-29,sz.300476,2025-12-15 20:13:58.854189
-3.8919973,2024-07-23,2024-07-30,sz.300476,2025-12-15 20:13:58.854189
-3.6411033,2024-07-24,2024-07-31,sz.300476,2025-12-15 20:13:58.854189
-3.7115347,2024-07-25,2024-08-01,sz.300476,2025-12-15 20:13:58.854189
-4.0143924,2024-07-26,2024-08-02,sz.300476,2025-12-15 20:13:58.854189
-3.9143393,2024-07-29,2024-08-05,sz.300476,2025-12-15 20:13:58.854189
-3.9340398,2024-07-30,2024-08-06,sz.300476,2025-12-15 20:13:58.854189
-4.0727067,2024-07-31,2024-08-07,sz.300476,2025-12-15 20:13:58.854189
-3.6598337,2024-08-01,2024-08-08,sz.300476,2025-12-15 20:13:58.854189
-3.6966121,2024-08-02,2024-08-09,sz.300476,2025-12-15 20:13:58.854189
-3.717991,2024-08-05,2024-08-12,sz.300476,2025-12-15 20:13:58.854189
-3.6151156,2024-08-06,2024-08-13,sz.300476,2025-12-15 20:13:58.854189
-3.597975,2024-08-07,2024-08-14,sz.300476,2025-12-15 20:13:58.854189
-3.6781828,2024-08-08,2024-08-15,sz.300476,2025-12-15 20:13:58.854189
-3.7010376,2024-08-09,2024-08-16,sz.300476,2025-12-15 20:13:58.854189
-3.775863,2024-08-12,2024-08-19,sz.300476,2025-12-15 20:13:58.854189
-3.7958965,2024-08-13,2024-08-20,sz.300476,2025-12-15 20:13:58.854189
-3.7350068,2024-08-14,2024-08-21,sz.300476,2025-12-15 20:13:58.854189
-3.7529724,2024-08-15,2024-08-22,sz.300476,2025-12-15 20:13:58.854189
-3.7545693,2024-08-16,2024-08-23,sz.300476,2025-12-15 20:13:58.854189
-3.7871504,2024-08-19,2024-08-26,sz.300476,2025-12-15 20:13:58.854189
-3.8165743,2024-08-20,2024-08-27,sz.300476,2025-12-15 20:13:58.854189
-3.872607,2024-08-21,2024-08-28,sz.300476,2025-12-15 20:13:58.854189
-4.0331697,2024-08-22,2024-08-29,sz.300476,2025-12-15 20:13:58.854189
-3.9265306,2024-08-23,2024-08-30,sz.300476,2025-12-15 20:13:58.854189
-3.9281614,2024-08-26,2024-09-02,sz.300476,2025-12-15 20:13:58.854189
-3.8569353,2024-08-27,2024-09-03,sz.300476,2025-12-15 20:13:58.854189
-3.869039,2024-08-28,2024-09-04,sz.300476,2025-12-15 20:13:58.854189
-4.132355,2024-08-29,2024-09-05,sz.300476,2025-12-15 20:13:58.854189
-3.9768903,2024-08-30,2024-09-06,sz.300476,2025-12-15 20:13:58.854189
-4.0829363,2024-09-02,2024-09-09,sz.300476,2025-12-15 20:13:58.854189
-3.9942343,2024-09-03,2024-09-10,sz.300476,2025-12-15 20:13:58.854189
-3.866779,2024-09-04,2024-09-11,sz.300476,2025-12-15 20:13:58.854189
-3.7844396,2024-09-05,2024-09-12,sz.300476,2025-12-15 20:13:58.854189
-3.739339,2024-09-06,2024-09-13,sz.300476,2025-12-15 20:13:58.854189
-3.8110468,2024-09-09,2024-09-16,sz.300476,2025-12-15 20:13:58.854189
-3.9150426,2024-09-10,2024-09-17,sz.300476,2025-12-15 20:13:58.854189
-3.8859909,2024-09-11,2024-09-18,sz.300476,2025-12-15 20:13:58.854189
-3.799912,2024-09-12,2024-09-19,sz.300476,2025-12-15 20:13:58.854189
-3.8195693,2024-09-13,2024-09-20,sz.300476,2025-12-15 20:13:58.854189
-3.8290637,2024-09-18,2024-09-25,sz.300476,2025-12-15 20:13:58.854189
-3.8624163,2024-09-19,2024-09-26,sz.300476,2025-12-15 20:13:58.854189
-3.8964074,2024-09-20,2024-09-27,sz.300476,2025-12-15 20:13:58.854189
-3.8893762,2024-09-23,2024-09-30,sz.300476,2025-12-15 20:13:58.854189
-3.9736993,2024-09-24,2024-10-01,sz.300476,2025-12-15 20:13:58.854189
-3.7997448,2024-09-25,2024-10-02,sz.300476,2025-12-15 20:13:58.854189
-4.044822,2024-09-26,2024-10-03,sz.300476,2025-12-15 20:13:58.854189
-3.9965007,2024-09-27,2024-10-04,sz.300476,2025-12-15 20:13:58.854189
-4.397786,2024-09-30,2024-10-07,sz.300476,2025-12-15 20:13:58.854189
-4.347816,2024-10-08,2024-10-15,sz.300476,2025-12-15 20:13:58.854189
-3.997327,2024-10-09,2024-10-16,sz.300476,2025-12-15 20:13:58.854189
-4.1793356,2024-10-10,2024-10-17,sz.300476,2025-12-15 20:13:58.854189
-4.2772374,2024-10-11,2024-10-18,sz.300476,2025-12-15 20:13:58.854189
-4.472329,2024-10-14,2024-10-21,sz.300476,2025-12-15 20:13:58.854189
-4.029792,2024-10-15,2024-10-22,sz.300476,2025-12-15 20:13:58.854189
-4.3182054,2024-10-16,2024-10-23,sz.300476,2025-12-15 20:13:58.854189
-4.4094806,2024-10-17,2024-10-24,sz.300476,2025-12-15 20:13:58.854189
-4.519654,2024-10-18,2024-10-25,sz.300476,2025-12-15 20:13:58.854189
-4.4304314,2024-10-21,2024-10-28,sz.300476,2025-12-15 20:13:58.854189
-4.2132707,2024-10-22,2024-10-29,sz.300476,2025-12-15 20:13:58.854189
-4.482464,2024-10-23,2024-10-30,sz.300476,2025-12-15 20:13:58.854189
-4.564362,2024-10-24,2024-10-31,sz.300476,2025-12-15 20:13:58.854189
-4.6409183,2024-10-25,2024-11-01,sz.300476,2025-12-15 20:13:58.854189
-4.513699,2024-10-28,2024-11-04,sz.300476,2025-12-15 20:13:58.854189
-4.4761243,2024-10-29,2024-11-05,sz.300476,2025-12-15 20:13:58.854189
-4.4132237,2024-10-30,2024-11-06,sz.300476,2025-12-15 20:13:58.854189
-4.4688883,2024-10-31,2024-11-07,sz.300476,2025-12-15 20:13:58.854189
-4.3055058,2024-11-01,2024-11-08,sz.300476,2025-12-15 20:13:58.854189
-4.3843236,2024-11-04,2024-11-11,sz.300476,2025-12-15 20:13:58.854189
-4.4144387,2024-11-05,2024-11-12,sz.300476,2025-12-15 20:13:58.854189
-4.1567974,2024-11-06,2024-11-13,sz.300476,2025-12-15 20:13:58.854189
-4.3222017,2024-11-07,2024-11-14,sz.300476,2025-12-15 20:13:58.854189
-4.079164,2024-11-08,2024-11-15,sz.300476,2025-12-15 20:13:58.854189
-4.0011406,2024-11-11,2024-11-18,sz.300476,2025-12-15 20:13:58.854189
-4.1590157,2024-11-12,2024-11-19,sz.300476,2025-12-15 20:13:58.854189
-4.295597,2024-11-13,2024-11-20,sz.300476,2025-12-15 20:13:58.854189
-3.949013,2024-11-14,2024-11-21,sz.300476,2025-12-15 20:13:58.854189
-3.7280552,2024-11-15,2024-11-22,sz.300476,2025-12-15 20:13:58.854189
-3.9340446,2024-11-18,2024-11-25,sz.300476,2025-12-15 20:13:58.854189
-4.10655,2024-11-19,2024-11-26,sz.300476,2025-12-15 20:13:58.854189
-3.9872515,2024-11-20,2024-11-27,sz.300476,2025-12-15 20:13:58.854189
-3.9368703,2024-11-21,2024-11-28,sz.300476,2025-12-15 20:13:58.854189
-3.6960804,2024-11-22,2024-11-29,sz.300476,2025-12-15 20:13:58.854189
-3.8699844,2024-11-25,2024-12-02,sz.300476,2025-12-15 20:13:58.854189
-3.8777962,2024-11-26,2024-12-03,sz.300476,2025-12-15 20:13:58.854189
-3.974963,2024-11-27,2024-12-04,sz.300476,2025-12-15 20:13:58.854189
-3.744305,2024-11-28,2024-12-05,sz.300476,2025-12-15 20:13:58.854189
-3.855452,2024-11-29,2024-12-06,sz.300476,2025-12-15 20:13:58.854189
-3.8882787,2024-12-02,2024-12-09,sz.300476,2025-12-15 20:13:58.854189
-3.909201,2024-12-03,2024-12-10,sz.300476,2025-12-15 20:13:58.854189
-3.8286393,2024-12-04,2024-12-11,sz.300476,2025-12-15 20:13:58.854189
-3.8807185,2024-12-05,2024-12-12,sz.300476,2025-12-15 20:13:58.854189
-3.854254,2024-12-06,2024-12-13,sz.300476,2025-12-15 20:13:58.854189
-3.8924432,2024-12-09,2024-12-16,sz.300476,2025-12-15 20:13:58.854189
-3.816399,2024-12-10,2024-12-17,sz.300476,2025-12-15 20:13:58.854189
-3.9156992,2024-12-11,2024-12-18,sz.300476,2025-12-15 20:13:58.854189
-3.8014085,2024-12-12,2024-12-19,sz.300476,2025-12-15 20:13:58.854189
-3.780534,2024-12-13,2024-12-20,sz.300476,2025-12-15 20:13:58.854189
-3.9656317,2024-12-16,2024-12-23,sz.300476,2025-12-15 20:13:58.854189
-3.9487317,2024-12-17,2024-12-24,sz.300476,2025-12-15 20:13:58.854189
-3.8693602,2024-12-18,2024-12-25,sz.300476,2025-12-15 20:13:58.854189
-3.9461806,2024-12-19,2024-12-26,sz.300476,2025-12-15 20:13:58.854189
-3.908025,2024-12-20,2024-12-27,sz.300476,2025-12-15 20:13:58.854189
-3.798997,2024-12-23,2024-12-30,sz.300476,2025-12-15 20:13:58.854189
-4.0130777,2024-12-24,2024-12-31,sz.300476,2025-12-15 20:13:58.854189
-3.8903303,2024-12-25,2025-01-01,sz.300476,2025-12-15 20:13:58.854189
-4.005891,2024-12-26,2025-01-02,sz.300476,2025-12-15 20:13:58.854189
-3.8490849,2024-12-27,2025-01-03,sz.300476,2025-12-15 20:13:58.854189
-3.7893882,2024-12-30,2025-01-06,sz.300476,2025-12-15 20:13:58.854189
-3.7459805,2024-12-31,2025-01-07,sz.300476,2025-12-15 20:13:58.854189
-3.746792,2025-01-02,2025-01-09,sz.300476,2025-12-15 20:13:58.854189
-3.8490183,2025-01-03,2025-01-10,sz.300476,2025-12-15 20:13:58.854189
-3.754175,2025-01-06,2025-01-13,sz.300476,2025-12-15 20:13:58.854189
-3.9496887,2025-01-07,2025-01-14,sz.300476,2025-12-15 20:13:58.854189
-3.839187,2025-01-08,2025-01-15,sz.300476,2025-12-15 20:13:58.854189
-3.7124531,2025-01-09,2025-01-16,sz.300476,2025-12-15 20:13:58.854189
-3.8492186,2025-01-10,2025-01-17,sz.300476,2025-12-15 20:13:58.854189
-3.8374636,2025-01-13,2025-01-20,sz.300476,2025-12-15 20:13:58.854189
-3.949567,2025-01-14,2025-01-21,sz.300476,2025-12-15 20:13:58.854189
-3.8683417,2025-01-15,2025-01-22,sz.300476,2025-12-15 20:13:58.854189
-3.819503,2025-01-16,2025-01-23,sz.300476,2025-12-15 20:13:58.854189
-3.7762773,2025-01-17,2025-01-24,sz.300476,2025-12-15 20:13:58.854189
-3.8262007,2025-01-20,2025-01-27,sz.300476,2025-12-15 20:13:58.854189
-4.01037,2025-01-21,2025-01-28,sz.300476,2025-12-15 20:13:58.854189
-3.7835977,2025-01-22,2025-01-29,sz.300476,2025-12-15 20:13:58.854189
-4.026147,2025-01-23,2025-01-30,sz.300476,2025-12-15 20:13:58.854189
-3.9038332,2025-01-24,2025-01-31,sz.300476,2025-12-15 20:13:58.854189
-3.8671267,2025-01-27,2025-02-03,sz.300476,2025-12-15 20:13:58.854189
-3.9290092,2025-02-05,2025-02-12,sz.300476,2025-12-15 20:13:58.854189
-3.926428,2025-02-06,2025-02-13,sz.300476,2025-12-15 20:13:58.854189
-3.7509773,2025-02-07,2025-02-14,sz.300476,2025-12-15 20:13:58.854189
-3.9741318,2025-02-10,2025-02-17,sz.300476,2025-12-15 20:13:58.854189
-3.7143757,2025-02-11,2025-02-18,sz.300476,2025-12-15 20:13:58.854189
-3.7997363,2025-02-12,2025-02-19,sz.300476,2025-12-15 20:13:58.854189
-3.8104045,2025-02-13,2025-02-20,sz.300476,2025-12-15 20:13:58.854189
-3.8443,2025-02-14,2025-02-21,sz.300476,2025-12-15 20:13:58.854189
-3.836706,2025-02-17,2025-02-24,sz.300476,2025-12-15 20:13:58.854189
-4.01176,2025-02-18,2025-02-25,sz.300476,2025-12-15 20:13:58.854189
-3.9708784,2025-02-19,2025-02-26,sz.300476,2025-12-15 20:13:58.854189
-3.9097102,2025-02-20,2025-02-27,sz.300476,2025-12-15 20:13:58.854189
-3.8985326,2025-02-21,2025-02-28,sz.300476,2025-12-15 20:13:58.854189
-4.0053954,2025-02-24,2025-03-03,sz.300476,2025-12-15 20:13:58.854189
-3.963287,2025-02-25,2025-03-04,sz.300476,2025-12-15 20:13:58.854189
-3.9501894,2025-02-26,2025-03-05,sz.300476,2025-12-15 20:13:58.854189
-4.273747,2025-02-27,2025-03-06,sz.300476,2025-12-15 20:13:58.854189
-3.990238,2025-02-28,2025-03-07,sz.300476,2025-12-15 20:13:58.854189
-4.158815,2025-03-03,2025-03-10,sz.300476,2025-12-15 20:13:58.854189
-4.01106,2025-03-04,2025-03-11,sz.300476,2025-12-15 20:13:58.854189
-3.932885,2025-03-05,2025-03-12,sz.300476,2025-12-15 20:13:58.854189
-4.180045,2025-03-06,2025-03-13,sz.300476,2025-12-15 20:13:58.854189
-4.0964127,2025-03-07,2025-03-14,sz.300476,2025-12-15 20:13:58.854189
-4.204161,2025-03-10,2025-03-17,sz.300476,2025-12-15 20:13:58.854189
-4.233044,2025-03-11,2025-03-18,sz.300476,2025-12-15 20:13:58.854189
-4.381168,2025-03-12,2025-03-19,sz.300476,2025-12-15 20:13:58.854189
-4.2717433,2025-03-13,2025-03-20,sz.300476,2025-12-15 20:13:58.854189
-4.358277,2025-03-14,2025-03-21,sz.300476,2025-12-15 20:13:58.854189
-4.381712,2025-03-17,2025-03-24,sz.300476,2025-12-15 20:13:58.854189
-4.28824,2025-03-18,2025-03-25,sz.300476,2025-12-15 20:13:58.854189
-4.2899876,2025-03-19,2025-03-26,sz.300476,2025-12-15 20:13:58.854189
-4.2270913,2025-03-20,2025-03-27,sz.300476,2025-12-15 20:13:58.854189
-4.1843467,2025-03-21,2025-03-28,sz.300476,2025-12-15 20:13:58.854189
-4.213346,2025-03-24,2025-03-31,sz.300476,2025-12-15 20:13:58.854189
-4.2083635,2025-03-25,2025-04-01,sz.300476,2025-12-15 20:13:58.854189
-4.156759,2025-03-26,2025-04-02,sz.300476,2025-12-15 20:13:58.854189
-4.2851257,2025-03-27,2025-04-03,sz.300476,2025-12-15 20:13:58.854189
-4.155802,2025-03-28,2025-04-04,sz.300476,2025-12-15 20:13:58.854189
-4.225871,2025-03-31,2025-04-07,sz.300476,2025-12-15 20:13:58.854189
-4.2018933,2025-04-01,2025-04-08,sz.300476,2025-12-15 20:13:58.854189
-4.2452617,2025-04-02,2025-04-09,sz.300476,2025-12-15 20:13:58.854189
-3.8400033,2025-04-03,2025-04-10,sz.300476,2025-12-15 20:13:58.854189
-4.1184354,2025-04-07,2025-04-14,sz.300476,2025-12-15 20:13:58.854189
-3.945583,2025-04-08,2025-04-15,sz.300476,2025-12-15 20:13:58.854189
-4.158464,2025-04-09,2025-04-16,sz.300476,2025-12-15 20:13:58.854189
-3.6718426,2025-04-10,2025-04-17,sz.300476,2025-12-15 20:13:58.854189
-4.329685,2025-04-11,2025-04-18,sz.300476,2025-12-15 20:13:58.854189
-4.232039,2025-04-14,2025-04-21,sz.300476,2025-12-15 20:13:58.854189
-4.3409715,2025-04-15,2025-04-22,sz.300476,2025-12-15 20:13:58.854189
-4.1250615,2025-04-16,2025-04-23,sz.300476,2025-12-15 20:13:58.854189
-4.1263556,2025-04-17,2025-04-24,sz.300476,2025-12-15 20:13:58.854189
-4.08842,2025-04-18,2025-04-25,sz.300476,2025-12-15 20:13:58.854189
-4.2307496,2025-04-21,2025-04-28,sz.300476,2025-12-15 20:13:58.854189
-4.219335,2025-04-22,2025-04-29,sz.300476,2025-12-15 20:13:58.854189
-4.589486,2025-04-23,2025-04-30,sz.300476,2025-12-15 20:13:58.854189
-4.729069,2025-04-24,2025-05-01,sz.300476,2025-12-15 20:13:58.854189
-4.317208,2025-04-25,2025-05-02,sz.300476,2025-12-15 20:13:58.854189
-4.258274,2025-04-28,2025-05-05,sz.300476,2025-12-15 20:13:58.854189
-4.177932,2025-04-29,2025-05-06,sz.300476,2025-12-15 20:13:58.854189
-4.122254,2025-04-30,2025-05-07,sz.300476,2025-12-15 20:13:58.854189
-4.190303,2025-05-06,2025-05-13,sz.300476,2025-12-15 20:13:58.854189
-4.8051496,2025-05-07,2025-05-14,sz.300476,2025-12-15 20:13:58.854189
-4.453303,2025-05-08,2025-05-15,sz.300476,2025-12-15 20:13:58.854189
-4.5341086,2025-05-09,2025-05-16,sz.300476,2025-12-15 20:13:58.854189
-4.344479,2025-05-12,2025-05-19,sz.300476,2025-12-15 20:13:58.854189
-4.3288713,2025-05-13,2025-05-20,sz.300476,2025-12-15 20:13:58.854189
-4.4454494,2025-05-14,2025-05-21,sz.300476,2025-12-15 20:13:58.854189
-4.2963805,2025-05-15,2025-05-22,sz.300476,2025-12-15 20:13:58.854189
-4.1996717,2025-05-16,2025-05-23,sz.300476,2025-12-15 20:13:58.854189
-4.3012757,2025-05-19,2025-05-26,sz.300476,2025-12-15 20:13:58.854189
-4.27588,2025-05-20,2025-05-27,sz.300476,2025-12-15 20:13:58.854189
-4.25602,2025-05-21,2025-05-28,sz.300476,2025-12-15 20:13:58.854189
-4.1786084,2025-05-22,2025-05-29,sz.300476,2025-12-15 20:13:58.854189
-4.069727,2025-05-23,2025-05-30,sz.300476,2025-12-15 20:13:58.854189
-4.1969323,2025-05-26,2025-06-02,sz.300476,2025-12-15 20:13:58.854189
-4.1540465,2025-05-27,2025-06-03,sz.300476,2025-12-15 20:13:58.854189
-4.1242495,2025-05-28,2025-06-04,sz.300476,2025-12-15 20:13:58.854189
-4.1715665,2025-05-29,2025-06-05,sz.300476,2025-12-15 20:13:58.854189
-4.1792464,2025-05-30,2025-06-06,sz.300476,2025-12-15 20:13:58.854189
-4.1444287,2025-06-03,2025-06-10,sz.300476,2025-12-15 20:13:58.854189
-3.9839256,2025-06-04,2025-06-11,sz.300476,2025-12-15 20:13:58.854189
-3.886616,2025-06-05,2025-06-12,sz.300476,2025-12-15 20:13:58.854189
-4.135322,2025-06-06,2025-06-13,sz.300476,2025-12-15 20:13:58.854189
-4.1595073,2025-06-09,2025-06-16,sz.300476,2025-12-15 20:13:58.854189
-4.147555,2025-06-10,2025-06-17,sz.300476,2025-12-15 20:13:58.854189
-4.160323,2025-06-11,2025-06-18,sz.300476,2025-12-15 20:13:58.854189
-4.090312,2025-06-12,2025-06-19,sz.300476,2025-12-15 20:13:58.854189
-4.1554403,2025-06-13,2025-06-20,sz.300476,2025-12-15 20:13:58.854189
-4.207277,2025-06-16,2025-06-23,sz.300476,2025-12-15 20:13:58.854189
-4.2271113,2025-06-17,2025-06-24,sz.300476,2025-12-15 20:13:58.854189
-4.140098,2025-06-18,2025-06-25,sz.300476,2025-12-15 20:13:58.854189
-4.1842203,2025-06-19,2025-06-26,sz.300476,2025-12-15 20:13:58.854189
-4.0797915,2025-06-20,2025-06-27,sz.300476,2025-12-15 20:13:58.854189
-4.1971946,2025-06-23,2025-06-30,sz.300476,2025-12-15 20:13:58.854189
-4.250587,2025-06-24,2025-07-01,sz.300476,2025-12-15 20:13:58.854189
-4.3476686,2025-06-25,2025-07-02,sz.300476,2025-12-15 20:13:58.854189
-4.2820773,2025-06-26,2025-07-03,sz.300476,2025-12-15 20:13:58.854189
-4.2634463,2025-06-27,2025-07-04,sz.300476,2025-12-15 20:13:58.854189
-4.242336,2025-06-30,2025-07-07,sz.300476,2025-12-15 20:13:58.854189
-4.2521706,2025-07-01,2025-07-08,sz.300476,2025-12-15 20:13:58.854189
-4.3776727,2025-07-02,2025-07-09,sz.300476,2025-12-15 20:13:58.854189
-4.2860737,2025-07-03,2025-07-10,sz.300476,2025-12-15 20:13:58.854189
-4.60436,2025-07-04,2025-07-11,sz.300476,2025-12-15 20:13:58.854189
-4.4120326,2025-07-07,2025-07-14,sz.300476,2025-12-15 20:13:58.854189
-4.026793,2025-07-08,2025-07-15,sz.300476,2025-12-15 20:13:58.854189
-4.486662,2025-07-09,2025-07-16,sz.300476,2025-12-15 20:13:58.854189
-3.8785958,2025-07-10,2025-07-17,sz.300476,2025-12-15 20:13:58.854189
-4.3605237,2025-07-11,2025-07-18,sz.300476,2025-12-15 20:13:58.854189
-4.4399524,2025-07-14,2025-07-21,sz.300476,2025-12-15 20:13:58.854189
-4.1164403,2025-07-15,2025-07-22,sz.300476,2025-12-15 20:13:58.854189
-4.542688,2025-07-16,2025-07-23,sz.300476,2025-12-15 20:13:58.854189
-3.9989502,2025-07-17,2025-07-24,sz.300476,2025-12-15 20:13:58.854189
-4.4961715,2025-07-18,2025-07-25,sz.300476,2025-12-15 20:13:58.854189
-4.5178065,2025-07-21,2025-07-28,sz.300476,2025-12-15 20:13:58.854189
-4.530331,2025-07-22,2025-07-29,sz.300476,2025-12-15 20:13:58.854189
-4.364303,2025-07-23,2025-07-30,sz.300476,2025-12-15 20:13:58.854189
-4.3610644,2025-07-24,2025-07-31,sz.300476,2025-12-15 20:13:58.854189
-4.1229167,2025-07-25,2025-08-01,sz.300476,2025-12-15 20:13:58.854189
-4.1417565,2025-07-28,2025-08-04,sz.300476,2025-12-15 20:13:58.854189
-4.13162,2025-07-29,2025-08-05,sz.300476,2025-12-15 20:13:58.854189
-4.351998,2025-07-30,2025-08-06,sz.300476,2025-12-15 20:13:58.854189
-4.584519,2025-07-31,2025-08-07,sz.300476,2025-12-15 20:13:58.854189
-4.4404783,2025-08-01,2025-08-08,sz.300476,2025-12-15 20:13:58.854189
-4.240108,2025-08-04,2025-08-11,sz.300476,2025-12-15 20:13:58.854189
-4.196619,2025-08-05,2025-08-12,sz.300476,2025-12-15 20:13:58.854189
-4.406613,2025-08-06,2025-08-13,sz.300476,2025-12-15 20:13:58.854189
-4.1057057,2025-08-07,2025-08-14,sz.300476,2025-12-15 20:13:58.854189
-4.2716002,2025-08-08,2025-08-15,sz.300476,2025-12-15 20:13:58.854189
-4.483381,2025-08-11,2025-08-18,sz.300476,2025-12-15 20:13:58.854189
-4.315793,2025-08-12,2025-08-19,sz.300476,2025-12-15 20:13:58.854189
-4.6015577,2025-08-13,2025-08-20,sz.300476,2025-12-15 20:13:58.854189
-4.5527205,2025-08-14,2025-08-21,sz.300476,2025-12-15 20:13:58.854189
-4.573631,2025-08-15,2025-08-22,sz.300476,2025-12-15 20:13:58.854189
-4.3594356,2025-08-18,2025-08-25,sz.300476,2025-12-15 20:13:58.854189
-4.6296744,2025-08-19,2025-08-26,sz.300476,2025-12-15 20:13:58.854189
-4.522584,2025-08-20,2025-08-27,sz.300476,2025-12-15 20:13:58.854189
-3.9526927,2025-08-21,2025-08-28,sz.300476,2025-12-15 20:13:58.854189
-4.460126,2025-08-22,2025-08-29,sz.300476,2025-12-15 20:13:58.854189
-3.8650932,2025-08-25,2025-09-01,sz.300476,2025-12-15 20:13:58.854189
-4.19352,2025-08-26,2025-09-02,sz.300476,2025-12-15 20:13:58.854189
-4.731014,2025-08-27,2025-09-03,sz.300476,2025-12-15 20:13:58.854189
-4.1568217,2025-08-28,2025-09-04,sz.300476,2025-12-15 20:13:58.854189
-4.3305516,2025-08-29,2025-09-05,sz.300476,2025-12-15 20:13:58.854189
-4.149853,2025-09-01,2025-09-08,sz.300476,2025-12-15 20:13:58.854189
-3.9003384,2025-09-02,2025-09-09,sz.300476,2025-12-15 20:13:58.854189
-4.4829154,2025-09-03,2025-09-10,sz.300476,2025-12-15 20:13:58.854189
-3.6614811,2025-09-04,2025-09-11,sz.300476,2025-12-15 20:13:58.854189
-4.7476296,2025-09-05,2025-09-12,sz.300476,2025-12-15 20:13:58.854189
-3.4096577,2025-09-08,2025-09-15,sz.300476,2025-12-15 20:13:58.854189
-5.2534385,2025-09-09,2025-09-16,sz.300476,2025-12-15 20:13:58.854189
-5.3554816,2025-09-10,2025-09-17,sz.300476,2025-12-15 20:13:58.854189
-5.655329,2025-09-11,2025-09-18,sz.300476,2025-12-15 20:13:58.854189
-5.266393,2025-09-12,2025-09-19,sz.300476,2025-12-15 20:13:58.854189
-4.9794545,2025-09-15,2025-09-22,sz.300476,2025-12-15 20:13:58.854189
-5.261539,2025-09-16,2025-09-23,sz.300476,2025-12-15 20:13:58.854189
-5.3021,2025-09-17,2025-09-24,sz.300476,2025-12-15 20:13:58.854189
-5.5190787,2025-09-18,2025-09-25,sz.300476,2025-12-15 20:13:58.854189
-5.418341,2025-09-19,2025-09-26,sz.300476,2025-12-15 20:13:58.854189
-5.447472,2025-09-22,2025-09-29,sz.300476,2025-12-15 20:13:58.854189
-3.5297396,2025-09-23,2025-09-30,sz.300476,2025-12-15 20:13:58.854189
-5.1243896,2025-09-24,2025-10-01,sz.300476,2025-12-15 20:13:58.854189
-5.2789645,2025-09-25,2025-10-02,sz.300476,2025-12-15 20:13:58.854189
-5.3705955,2025-09-26,2025-10-03,sz.300476,2025-12-15 20:13:58.854189
-4.8996634,2025-09-29,2025-10-06,sz.300476,2025-12-15 20:13:58.854189
-5.2473435,2025-09-30,2025-10-07,sz.300476,2025-12-15 20:13:58.854189
-5.0360346,2025-10-09,2025-10-16,sz.300476,2025-12-15 20:13:58.854189
-5.2081037,2025-10-10,2025-10-17,sz.300476,2025-12-15 20:13:58.854189
-4.508784,2025-10-13,2025-10-20,sz.300476,2025-12-15 20:13:58.854189
-5.2842646,2025-10-14,2025-10-21,sz.300476,2025-12-15 20:13:58.854189
-4.8702726,2025-10-15,2025-10-22,sz.300476,2025-12-15 20:13:58.854189
-4.23003,2025-10-16,2025-10-23,sz.300476,2025-12-15 20:13:58.854189
-4.8435764,2025-10-17,2025-10-24,sz.300476,2025-12-15 20:13:58.854189
-4.7033467,2025-10-20,2025-10-27,sz.300476,2025-12-15 20:13:58.854189
-4.864372,2025-10-21,2025-10-28,sz.300476,2025-12-15 20:13:58.854189
-4.122353,2025-10-22,2025-10-29,sz.300476,2025-12-15 20:13:58.854189
-4.3859873,2025-10-23,2025-10-30,sz.300476,2025-12-15 20:13:58.854189
-5.579872,2025-10-24,2025-10-31,sz.300476,2025-12-15 20:13:58.854189
-4.467727,2025-10-27,2025-11-03,sz.300476,2025-12-15 20:13:58.854189
-4.3375335,2025-10-28,2025-11-04,sz.300476,2025-12-15 20:13:58.854189
-4.693237,2025-10-29,2025-11-05,sz.300476,2025-12-15 20:13:58.854189
-4.82768,2025-10-30,2025-11-06,sz.300476,2025-12-15 20:13:58.854189
-4.253021,2025-10-31,2025-11-07,sz.300476,2025-12-15 20:13:58.854189
-4.6264167,2025-11-03,2025-11-10,sz.300476,2025-12-15 20:13:58.854189
-4.259395,2025-11-04,2025-11-11,sz.300476,2025-12-15 20:13:58.854189
-3.8498056,2025-11-05,2025-11-12,sz.300476,2025-12-15 20:13:58.854189
-4.0772943,2025-11-06,2025-11-13,sz.300476,2025-12-15 20:13:58.854189
-4.1472754,2025-11-07,2025-11-14,sz.300476,2025-12-15 20:13:58.854189
-2.8763978,2025-11-10,2025-11-17,sz.300476,2025-12-15 20:13:58.854189
-4.087157,2025-11-11,2025-11-18,sz.300476,2025-12-15 20:13:58.854189
-4.011509,2025-11-12,2025-11-19,sz.300476,2025-12-15 20:13:58.854189
-4.1732135,2025-11-13,2025-11-20,sz.300476,2025-12-15 20:13:58.854189
-4.1106973,2025-11-14,2025-11-21,sz.300476,2025-12-15 20:13:58.854189
-4.1581817,2025-11-17,2025-11-24,sz.300476,2025-12-15 20:13:58.854189
-4.3092384,2025-11-18,2025-11-25,sz.300476,2025-12-15 20:13:58.854189
-4.1848226,2025-11-19,2025-11-26,sz.300476,2025-12-15 20:13:58.854189
-3.94643,2025-11-20,2025-11-27,sz.300476,2025-12-15 20:13:58.854189
-4.0741696,2025-11-21,2025-11-28,sz.300476,2025-12-15 20:13:58.854189
-4.2101264,2025-11-24,2025-12-01,sz.300476,2025-12-15 20:13:58.854189
-4.0480137,2025-11-25,2025-12-02,sz.300476,2025-12-15 20:13:58.854189
-3.8015945,2025-11-26,2025-12-03,sz.300476,2025-12-15 20:13:58.854189
-4.6589246,2025-11-27,2025-12-04,sz.300476,2025-12-15 20:13:58.854189
-4.157493,2025-11-28,2025-12-05,sz.300476,2025-12-15 20:13:58.854189
-4.2094293,2025-12-01,2025-12-08,sz.300476,2025-12-15 20:13:58.854189
-3.9153154,2025-12-02,2025-12-09,sz.300476,2025-12-15 20:13:58.854189
-3.9401643,2025-12-03,2025-12-10,sz.300476,2025-12-15 20:13:58.854189
-3.965081,2025-12-04,2025-12-11,sz.300476,2025-12-15 20:13:58.854189
-3.8097157,2025-12-05,2025-12-12,sz.300476,2025-12-15 20:13:58.854189
-3.76682,2025-12-08,2025-12-15,sz.300476,2025-12-15 20:13:58.854189
-4.393297,2025-12-09,2025-12-16,sz.300476,2025-12-15 20:13:58.854189
-4.0570292,2025-12-10,2025-12-17,sz.300476,2025-12-15 20:13:58.854189
-3.839338,2025-12-11,2025-12-18,sz.300476,2025-12-15 20:13:58.854189
-4.240524,2025-12-12,2025-12-19,sz.300476,2025-12-15 20:13:58.854189
-3.8939738,2025-12-15,2025-12-22,sz.300476,2025-12-15 20:13:58.854189
-3.9587052,2025-12-15,2025-12-22,sz.300498,2025-12-15 20:13:58.854189
-3.986122,2025-12-15,2025-12-22,sz.300502,2025-12-15 20:13:58.854189
-3.7553122,2025-12-15,2025-12-22,sz.300628,2025-12-15 20:13:58.854189
-4.198978,2025-12-15,2025-12-22,sz.300661,2025-12-15 20:13:58.854189
-3.813422,2025-12-15,2025-12-22,sz.300750,2025-12-15 20:13:58.854189
-4.1320496,2025-12-15,2025-12-22,sz.300759,2025-12-15 20:13:58.854189
-3.8947897,2025-12-15,2025-12-22,sz.300760,2025-12-15 20:13:58.854189
-4.1891685,2025-12-15,2025-12-22,sz.300782,2025-12-15 20:13:58.854189
-4.0834336,2025-11-25,2025-12-02,sz.300803,2025-12-15 20:13:58.854189
-4.0537233,2025-11-26,2025-12-03,sz.300803,2025-12-15 20:13:58.854189
-4.0444446,2025-11-27,2025-12-04,sz.300803,2025-12-15 20:13:58.854189
-4.0332074,2025-11-28,2025-12-05,sz.300803,2025-12-15 20:13:58.854189
-4.135766,2025-12-01,2025-12-08,sz.300803,2025-12-15 20:13:58.854189
-4.149513,2025-12-02,2025-12-09,sz.300803,2025-12-15 20:13:58.854189
-4.0692286,2025-12-03,2025-12-10,sz.300803,2025-12-15 20:13:58.854189
-4.1995616,2025-12-04,2025-12-11,sz.300803,2025-12-15 20:13:58.854189
-4.1974425,2025-12-05,2025-12-12,sz.300803,2025-12-15 20:13:58.854189
-4.120625,2025-12-08,2025-12-15,sz.300803,2025-12-15 20:13:58.854189
-4.2407255,2025-12-09,2025-12-16,sz.300803,2025-12-15 20:13:58.854189
-4.2248335,2025-12-10,2025-12-17,sz.300803,2025-12-15 20:13:58.854189
-4.093112,2025-12-11,2025-12-18,sz.300803,2025-12-15 20:13:58.854189
-4.128934,2025-12-12,2025-12-19,sz.300803,2025-12-15 20:13:58.854189
-4.1606774,2025-12-15,2025-12-22,sz.300803,2025-12-15 20:13:58.854189
-4.2225575,2025-12-15,2025-12-22,sz.302132,2025-12-15 20:13:58.854189
